:020000040800F2
:1000000000040020B9010008BB010008BB01000882
:10001000BB010008BB010008BB010008BB010008D0
:10002000BB010008BB010008BB01000855FD00082A
:10003000BB010008BB010008BB010008AF110108AB
:10004000BB010008BB010008BB010008BB010008A0
:10005000BB010008BB010008A10E0108C90E010880
:10006000F10E0108190F0108410F0108BB0100083A
:10007000BB010008BB01000841180108BB010008D2
:10008000690F0108BB010008BB010008BB010008A3
:10009000BB010008BB010008BB010008BB01000850
:1000A000BB010008BB0100085514010869140108D0
:1000B000BB010008BB010008BB010008BB01000830
:1000C000CD110108CD0F0108BB010008BB010008DC
:1000D000BB010008BB010008BB010008BB01000810
:1000E00072B6264880F30888254880F30988254899
:1000F00025490860022080F31488BFF36F8F0FF04A
:100100005DFB0EF015FF4FF0553020491B4A914220
:100110003CBF41F8040BFAE71D49194A91423CBF24
:1001200041F8040BFAE71B491B4A1C4B9A423EBF9D
:1001300051F8040B42F8040BF8E700201849194A5B
:1001400091423CBF41F8040BFAE70FF03BFB0FF084
:1001500036FB154C154DAC4203DA54F8041B8847A6
:10016000F9E709F031FE124C124DAC4203DA54F8B3
:10017000041B8847F9E70FF023BB000000040020B0
:10018000000C00200000000808ED00E00000002046
:10019000000400206C2F0108000C00202015002016
:1001A0002015002090490020E0000008E000000831
:1001B000E0000008E000000892E700F000F8FEE729
:1001C0002DE9F04FC1F80CD0C3689D46BDE8F08F13
:1001D000002383F311882846A04700200FF0C0FCBD
:1001E000FEE70FF017FC00DFFEE7000053B94AB945
:1001F000002908BF00281CBF4FF0FF314FF0FF302F
:1002000000F09AB9ADF1080C6DE904CE00F01AF8CF
:10021000DDF804E0DDE9022304B07047430803F091
:100220005533C01A830803F0333300F033301844D9
:1002300000EB101000F00F3000EB002000EB00404E
:10024000000E70472DE9F047089D0F4604468E4684
:10025000002B48D18A42164661D9B2FA82F24AB1DD
:10026000C2F1200301FA02FE20FA03F3964043EAAA
:100270000E0E94404FEA164CBEFBFCF1B7B20CFBDD
:1002800011EE01FB07F0230C43EA0E43984209D913
:10029000F31801F1FF3E80F0ED80984240F2EA80D1
:1002A000023933441B1AB3FBFCF00CFB103300FB88
:1002B00007F7A4B244EA0344A74209D9341900F16C
:1002C000FF3380F0D980A74240F2D6803444023810
:1002D00040EA01400021E41B1DB10023D440C5E9E0
:1002E0000043BDE8F0878B4206D90DB1C5E9000196
:1002F00000210846BDE8F087B3FA83F1002947D111
:10030000BB4202D3824200F20481841A67EB0302EB
:1003100001209646002DE4D0C5E9004EE1E7002A11
:1003200000F09080B2FA82F2002A40F0A780881B89
:100330000121370C1FFA86FEB0FBF7FC07FB1C00FF
:10034000230C43EA00430EFB0CF0984207D9F31844
:100350000CF1FF3802D2984200F2E080C4461B1A2A
:10036000B3FBF7F007FB10330EFB00FEA4B244EA28
:100370000344A64507D9341900F1FF3302D2A6453C
:1003800000F2C9801846A4EB0E0440EA0C40A3E733
:10039000C1F120068B4022FA06FC4CEA030C27FA36
:1003A00006FA4FEA1C49BAFBF9F88F4020FA06F327
:1003B00009FB18AA1FFA8CFE3B4300FA01F708FB61
:1003C0000EF01C0C44EA0A44A04202FA01F20BD9D6
:1003D0001CEB040408F1FF3A80F09980A04240F23F
:1003E0009680A8F102086444241A98B2B4FBF9F389
:1003F00009FB134403FB0EFE40EA0444A64508D95A
:100400001CEB040403F1FF307FD2A6457DD9023BEB
:10041000644443EA0840A4EB0E04A0FB028E74453A
:100420004346F14661D35ED055B1FA1A64EB090434
:1004300004FA06F622FA01F31E43CC40C5E9006433
:1004400000214EE743084FEA510C43EAC1710A0C00
:1004500042EA0C428BB2C407B2FBF6F143EA024314
:10046000BCFBF6FCB646304637461F22181A41EA56
:100470000C4161E7714615E7184629E7C2F12003F0
:1004800021FA03F0964024FA03F397403B43370CDC
:10049000B0FBF7F807FB18001FFA86FE190C41EABB
:1004A000004108FB0EF0884204FA02F43AD97118B0
:1004B00008F1FF3C01D288421ED8091AB1FBF7F8B7
:1004C00008FB0EF007FB18119BB243EA014383427D
:1004D0002FD2F31808F1FF31C8D28342C6D2A8F157
:1004E00002013344C2E747459ED2B8EB02036EEBEC
:1004F0000C0E0138F14697E7301A0144A8F1020CBE
:10050000B1FBF7F808FB0EF0DCE7034681E7D046C5
:100510006AE70846FEE63444023834E7ACF1020CE0
:1005200033441CE7091AC446B1FBF7F808FB0EF088
:10053000C8E741469AE700BF704700BF38B5124B85
:1005400004461D682A6B1AB10023C2E9044338BD72
:10055000182000F039FA0246286378B100210B23F5
:1005600001209381C2E90401084B0949094DC2E900
:10057000011300231560C2E9044338BD4621064B30
:10058000064800F0FFF800BF000C0020ECDE05007C
:1005900034126DE60E33CDABA42E0108BC2E01083B
:1005A00038B5194B1C68226B8AB113691749546915
:1005B00003FB01F1164800FB0411A3FB00300133DB
:1005C00041EB0001C2E9043121F0004038BD1820A0
:1005D00000F0FAF90246206388B1012400250B23BC
:1005E0000A480C49C2E90445116001460A4D0B4C0A
:1005F00093810B4BC2E90154C2E9043138BD522149
:10060000084B094800F0BEF8000C00202DF45158AA
:100610002D7F954C0E33CDAB34126DE6ECDE05002C
:100620002E7F954CA42E0108BC2E010820F003015A
:1006300010F00300C0F1000051F8043B00F1040C7D
:100640004FEACC0C6FF000021CBF22FA0CF21343ED
:100650004FF0010C4CEA0C2C4CEA0C4CA3EB0C02B6
:1006600022EA030212EACC1204BF51F8043B043020
:10067000F4D0C2F1000102EA0102B2FA82F2C2F140
:100680001F0200EBD200704788420ED98B188342BC
:100690000BD900EB020C002A6DD0624613F801CD95
:1006A000994202F801CDF9D170470F2A0FD80346BD
:1006B00002F1FF3C002A5ED00CF1010C013B8C449E
:1006C00011F8012B614503F8012FF9D1704740EA79
:1006D00001039B0750D1A2F1100370B501F1200C6A
:1006E00023F00F0501F1100E00F11004AC441B09BA
:1006F0005EF8105C0EF1100E44F8105C5EF81C5CA5
:10070000103444F81C5C5EF8185C44F8185C5EF821
:10071000145CE64544F8145CEAD1013312F00C0F86
:1007200001EB031102F00F0400EB031328D08E46F7
:10073000043C24F003064FEA940C1E441C1F5EF890
:10074000045B44F8045FB442F9D10CF1010402F0F7
:10075000030203EB840301EB840102F1FF3C4AB185
:100760000CF1010C013B8C4411F8012B614503F89D
:10077000012FF9D170BD7047034602F1FF3C9BE7A2
:100780002246EAE7144600B51A460A4B0D461B6896
:1007900085B0DE6803464CB10749019130460749F0
:1007A0000294009500F02EF900F090F804490C46F0
:1007B000F3E700BF000C0020E82E0108F82E010826
:1007C000F42E010808B513460022FFF7DBFF00BF37
:1007D00070B5860747D0541E002A3ED00346CAB2E1
:1007E00001E0013C39D303F8012B9D07F9D1032C1B
:1007F0002CD9CDB205EB05250F2C1A4605EB054586
:1008000034D9A4F1100C2CF00F0603F1100EB644ED
:100810004FEA1C1CC2E90055C2E90255103272456C
:10082000F8D10CF1010214F00C0F03EB021204F0EA
:100830000F0C13D0ACF1040323F00303043313446F
:1008400042F8045B9342FBD10CF003042CB1C9B213
:100850001C4403F8011BA342FBD170BD6446134640
:10086000002CF4D1F9E703461446C0E7A446E1E7BB
:10087000032A30B415D941EA0004A40784460B4684
:1008800004D0541E0FE0043A032A08D919466046E2
:1008900053F8044B5CF8045BA542F4D0F1E76046E2
:1008A0001946541E7AB1431E0139021901E09A42D9
:1008B00009D013F8010F11F801CF6045F7D0A0EB74
:1008C0000C0030BC7047002030BC7047062008B5D3
:1008D00000F042F9012010F065F900BF844641EABA
:1008E000000313F0030349D1403A23D30B6803609C
:1008F0004B6843608B688360CB68C3600B6903619E
:100900004B6943618B698361CB69C3610B6A036285
:100910004B6A43628B6A8362CB6AC3620B6B03636D
:100920004B6B43638B6B8363CB6BC3634030403152
:10093000403ADBD230320BD30B6803604B68436024
:100940008B688360CB68C36010301031103AF3D2EB
:100950000C3205D351F8043B40F8043B043AF9D279
:10096000043208D0D2071CBF11F8013B00F8013B4C
:1009700001D30B8803806046704700BF082A13D359
:100980008B07B1D010F00303AED0C3F10403D21A29
:10099000DB071CBF11F8013B00F8013BA4D331F881
:1009A000023B20F8023B9FE7043AD9D3013A11F801
:1009B000013B00F8013BF9D20B7803704B78437090
:1009C0008B78837060467047024B0146186800F0D0
:1009D000FDBE00BF000C0020024B0146186800F06D
:1009E00075BF00BF000C00200CB400B583B004AB91
:1009F00053F8042B019300F087F903B05DF804EB82
:100A000002B070470EB400B5074A82B003AB01468E
:100A1000106853F8042B019300F076F902B05DF8EA
:100A200004EB03B0704700BF000C002038B5C46B66
:100A30000CB1002038BD8021054600F0C7FE0246FB
:100A4000E86330B1031F7C3243F8044F9342FBD17B
:100A5000EFE74FF0FF3038BD30B51F29054683B0B2
:100A600008D8C36B0C4653B153F8240043F8242034
:100A700003B030BD162303604FF0FF30F8E780214C
:100A8000019200F0A3FE019A0346E8630028F3D028
:100A9000011F00F17C05002041F8040FA942FBD1A1
:100AA000E2E700BF1F2938B505461ED8C26B0C46C9
:100AB0006AB152F8213053B1012B06D0591C10D025
:100AC0000021204642F824109847002038BD2846CF
:100AD00001F070FA224601462846BDE8384001F090
:100AE00055BA162301202B6038BD16234FF0FF3076
:100AF0002B6038BD1F292BD838B5C36B0C46054673
:100B0000A3B153F8242003EB84034AB1511C0BD04A
:100B1000012A07D0002520461D609047284638BD91
:100B2000012038BD032038BD022038BD802100F0EF
:100B30004DFE0346E86340B100201A1F03F17C011B
:100B400042F8040F8A42FBD1DBE74FF0FF3038BD9B
:100B50004FF0FF30704700BF38B5134B1F281D689A
:100B60001DD8EA6B044662B152F820304BB1012B1C
:100B700005D0591C0FD0002142F8201098470020C2
:100B800038BD284601F016FA224601462846BDE83F
:100B9000384001F0FBB9162301202B6038BD162325
:100BA0004FF0FF302B6038BD000C0020114B1F2888
:100BB00070B51E6808D8F36B04460D464BB153F868
:100BC000240043F8245070BD162333604FF0FF30EB
:100BD00070BD8021304600F0F9FD0346F063002827
:100BE000F4D00021021F7C3042F8041F8242FBD166
:100BF000E5E700BF000C002038B50B4B1D68EC6B1F
:100C00000CB1002038BD8021284600F0DFFDE863EC
:100C100038B1031F00F17C0243F8044F9342FBD12B
:100C2000EFE74FF0FF3038BD000C002038B5174B10
:100C30001F281D6826D80446E86BA0B150F8242070
:100C400000EB84034AB1511C0BD0012A07D00025C8
:100C500020461D609047284638BD012038BD03203E
:100C600038BD022038BD8021284600F0AFFDE86382
:100C700040B10021031F00F17C0243F8041F93429E
:100C8000FBD1DBE74FF0FF3038BD00BF000C002088
:100C90009368013B002B936005DAD2F818C06345D6
:100CA00007DB0A2905D01368581C10600846197024
:100CB000704700F069BE00BF9BB1F8B5134406460B
:100CC0000F46541E5D1E01E0AC4208D03A46304645
:100CD00014F8011FFFF7DCFF431CF5D1F8BD00201D
:100CE000F8BD0020704700BF936810B514461BB9CB
:100CF00018460023636010BD00F08CF90023A36048
:100D00000023636010BD00BF2DE9F04FA1B08B46FA
:100D100091461C46049018B1036A002B00F0138121
:100D2000BBF80C30180740F18E80DBF81030002B38
:100D300000F08980002343F220020D9399F80030DF
:100D40000127824E0794ADF83920002B73D04D4611
:100D500003E015F8013F002B7FD0252BF9D1B5EB2F
:100D6000090A7DD12B78002B65D000234FF0FF328C
:100D70000135CDE9092308930B938DF863301E9359
:100D800006E02546089B801B07FA00F00343089302
:100D90002C46052214F8011B304600F0EFF8A1465E
:100DA0000028EED1089BD90644BF20228DF863208D
:100DB0001A0748BF2B22297848BF8DF863202A29BB
:100DC00064D1079A1168043200290792C0F2968014
:100DD0000B9169782E296FD05D4C0322204600F0DC
:100DE000CDF838B14022089B001B8240134309F123
:100DF0000109089319F8011B062256488DF838108E
:100E000000F0BCF800287FD0534B002B69D007A915
:100E100000915A460498514B08A9AFF30080039003
:100E2000039B013307D00D9B039A13440D9399F84C
:100E30000030002B8BD1BBF80C305B060AD40D9828
:100E400021B0BDE8F08F5946049800F037FC002827
:100E50003FF470AF4FF0FF30F2E7B5EB090AEAD08C
:100E600009F1FF3805954546DDF8108001E0A245FF
:100E70003ED92C465A46404615F8011FFFF708FF99
:100E800002340130A4EB0904F1D1D4E7A1F130021E
:100E9000092A88BFA9469DD80B9B00E00134217820
:100EA00003EB830302EB4303A1F13002092AF5D9D6
:100EB0002E29A1460B938FD199F801102A292DD103
:100EC000079B09F102001A680433002A0793B8BF90
:100ED0004FF0FF3399F8021009928146B8BF099389
:100EE0007AE7079B073323F00703083307939AE752
:100EF0000D99059D51442B780D9134E7494243F0FB
:100F000002030B91089364E707A900915A460498DD
:100F1000124B08A900F06CFE039081E70023A1F1B9
:100F20003002092A09F1010909933FF655AF19F872
:100F3000011F03EB830302EB4303A1F13002092AF3
:100F4000F5D9099348E700F0C5FAE9E6282F01082A
:100F5000302F0108342F010800000000B90C0008F0
:100F60008C4600B586461346034A714610685DF804
:100F700004EB6246FFF7C8BE000C00205FFA81FC5C
:100F8000810744D00346511E22B909E09A0709D0CF
:100F9000013905D31846027801336245F6D170470E
:100FA00000207047184603290CD80029F8D00346C2
:100FB000014401E08B42F3D0184613F8012B62453F
:100FC000F8D1704710B50CEB0C24024604EB044436
:100FD00002E00439032915D9104652F8043B634056
:100FE000A3F1013E2EEA030313F0803FF1D0034644
:100FF000014401E08B4208D0184613F8012B6245EA
:10100000F8D110BD10460029F1D1002010BD1146C5
:10101000C9E700BF9368002B00F0F0802DE9F04F86
:10102000B1F90CC090461CF0080F81460C4683B005
:101030002BD00B694BB31CF00207D8F8006032D0FC
:101040004FF0000A5546D4F828B0216AAB4FC5B11D
:10105000BD422B46524628BF3B464846D84700284B
:1010600040F3C280D8F8083082441B1A2D1AC8F801
:101070000830002B00F0AE80D4F828B0216A002D93
:10108000E6D1D6E900A50836E1E72146484600F05A
:1010900015FB002840F0AD80B4F90CC0D8F8006012
:1010A0001CF00207CCD11CF0010A63D1574623681B
:1010B000A16818468B46002F58D01CF4007F00F022
:1010C000B180B9420A4600F2DD801CF4906F2FD047
:1010D000216962695D1A02EB420202EBD2726B1C5B
:1010E00052103B44934292BF93469B461A461CF4CF
:1010F000806F00F0E6801146484600F067FB00284C
:1011000000F0F5802A4621690190FFF7E7FBA289EC
:10111000019B22F4906242F08002A2815819C4F827
:1011200014B0ABEB05053A46BB462361A5602060D1
:101130003D46002751460192FFF7A6FAA1682368B1
:10114000019AA1EB0B011A44A1602260D8F8083083
:10115000AA445B1BC8F80830002B3BD02368A16869
:1011600018468B46B4F90CC0002FA6D1D6E900A7CB
:1011700008369EE73846BB463D46002D40D0002845
:1011800045D03A46D4E904C32068AA4228BF2A467B
:101190006045A16804D901EB030A524500F382803F
:1011A000934272DC5A464846216AD4F828C0E04788
:1011B000B0F1000A18DDB7EB0A070FD00120D8F80C
:1011C0000830D344A3EB0A03A5EB0A05C8F808309E
:1011D000002BD2D1002003B0BDE8F08F2146484655
:1011E00000F02AFA0028EAD0B4F90C3043F04003AA
:1011F000A3814FF0FF3003B0BDE8F08F00207047AF
:10120000756833460836002DFAD0D3F800B02A4668
:101210000A215846FFF7B2FE002865D00130A0EB46
:101220000B07AEE722699A4214D36569BD4211D813
:101230006FF00043BB4228BF3B4693FBF5F3524699
:1012400005FB03F34846A56A216AA847051ECBDDC6
:101250007F1B7BE7B94228BF39460D4618465146E9
:101260002A46FFF711FAA1682368491B2B44A160A5
:1012700023600029ECD12146484600F0DDF9002822
:10128000E6D0B1E7BB463A4652E759460192FFF72E
:10129000FBF9019AA36892469B1AA3602368134442
:1012A000236088E759465246FFF7EEF92368214646
:1012B00053444846236000F0BFF900283FF47BAF59
:1012C00092E7484600F0D0FB034600287FF426AFA3
:1012D0004846216900F0FAFA0C22B4F90C30C9F83A
:1012E000002023F0800381E76A1C17464AE70C229E
:1012F000B4F90C30C9F8002078E700BF00FCFF7F8C
:1013000000207047024A0349034800F08BBB00BF2E
:10131000500C002039160008040C00200C4B4168CA
:1013200010B59942044601D000F086F9A168094B36
:10133000994202D0204600F07FF9E168064B9942BD
:1013400004D02046BDE8104000F076B910BD00BFC3
:101350002015002088150020F0150020002070477F
:101360002DE9F84300250423294C2A490822C4F812
:10137000381104F15C002946DFF89C90DFF89C806E
:10138000274F284EC4E90335C4E90055C4E9055583
:10139000A5606566FFF71CFA234B0822294604F175
:1013A000C4006367C4E90849C4E90A87C4E91A5557
:1013B000C4E91E5526632567C4F8CC50C4F8805094
:1013C000FFF706FA194B2946C4F8DC30082204F16D
:1013D000680304F59670C4F88830C4E92398C4E91A
:1013E0002576C4E93455C4E93855C4F8D850C4F852
:1013F0003451C4F8E850FFF7EBF904F1D003C4E925
:101400003D98C4E93F76C4F8F030BDE8F88300BFEA
:101410002015002005130008B91F0008E11F00086F
:1014200021200008452000080900010012000200E8
:10143000F8B5254B0646D3F83831002B3CD0234F66
:10144000D7E90134013B04D51DE05A1C04F16804BE
:1014500019D0B4F90C50013B002DF6D11C4B0822D9
:101460002946C4E90155C4E90455E3606566256071
:10147000A56104F15C00FFF7ABF9C4E90D55C4E9BF
:1014800012552046F8BD3D680DB12F46D8E74FF400
:10149000D671304600F09AF9044680B10423056005
:1014A000294625460C304FF4D072A0606360FFF7E8
:1014B0008FF93C602F46C3E7FFF752FFBFE70C23CD
:1014C00038603360DDE700BF20150020500C00209D
:1014D0000100FFFF036A03B17047044B044AD3F8CD
:1014E00038310262002BF7D13AE700BF2015002007
:1014F0001D130008704700BF704700BF0020024A5C
:10150000024900F08FBA00BF500C00200113000800
:101510000020024A024900F085BA00BF500C0020AA
:101520005D130008F8B5B1F90C300C461E070746EC
:1015300039D44A68002A53DDE56A002D31D00022F3
:101540003E683A6013F48052216A55D1012338462F
:10155000A847451C024663D0B4F90C30E56A216AFD
:10156000580705D56368D21A636B0BB1236CD21A86
:1015700000233846A847421C40D0002223696260FD
:101580002360A389DB0400D56065616B3E6041B1D7
:1015900004F14403994202D0384600F097F9002341
:1015A00063630020F8BD0E69002EFAD09B0718BFB8
:1015B00000230D6808BF4B690E60AD1B8B600CE00B
:1015C0002B463246D4F828C03846216AE047B0F1AD
:1015D000000CA5EB0C05664406DD002DF0DCE0E711
:1015E0000A6C002AA8DCDCE7B4F90C3043F04003B5
:1015F0004FF0FF30A381F8BD626DB1E73968B4F9EF
:101600000C301D29F2D80B4ACA40D507EED500226E
:10161000626022692260DA04B7D50029B4D0B4E749
:101620003B68002B98D01D2B01D0162BDCD13E60DF
:10163000B7E700BF010040200B69B3B110B5044605
:1016400082B008B1036A5BB1B1F90C3013B9002064
:1016500002B010BD204602B0BDE81040FFF762BFE7
:101660000191FFF737FF0199EEE70020704700BFB7
:10167000B8B138B50D4A0369044615682BB10DB1F0
:101680002B6A53B1B4F90C300BB9002038BD214698
:101690002846BDE83840FFF745BF2846FFF71AFF48
:1016A000F0E7034A0349044800F0BCB9000C0020ED
:1016B000500C002039160008040C002038B52F4BC0
:1016C00005461B680C4613B11A6A002A4BD0B4F9C0
:1016D0000C3018071CD5226922B313F0010107D082
:1016E00000206169A0604942A1613AB1002038BD83
:1016F000980758BF6169A160002AF7D1190658BF41
:101700001046F4D543F04003A3814FF0FF3038BDBD
:10171000D9062CD55A0712D4226943F00803A381B5
:10172000002ADAD103F42071B1F5007FD5D021462B
:10173000284600F0A3FBB4F90C302269CDE7616BB9
:1017400051B104F14402914204D0284600F0BEF8A1
:10175000B4F90C30002262630021226923F02403D3
:10176000C4E90021D9E71846FFF7B4FEAFE7092224
:1017700043F040032A60A381C7E700BF000C0020AC
:1017800070B5114E054633680C46BBB1214628465C
:101790000FF0ECF9431C01460CD0C41C24F00304E8
:1017A000A04205D02846611A0FF0E0F9013001D0BF
:1017B000204670BD4FF0FF34204670BD19460FF033
:1017C000D5F93060E2E700BF5C1600202DE9F84350
:1017D000CD1C25F0030508350C2D38BF0C25002D38
:1017E000064618DBA94216D8DFF8DC8000F042FB81
:1017F000D8F80420A2B1144603E0636822467BB106
:101800001C4623685B1BF8D40B2B1FD894426368DB
:1018100054D053600CE00C2333600020BDE8F88303
:1018200029463046FFF7ACFF431C044619D005603B
:10183000304600F021FB04F10B00231D20F00700CF
:10184000C21A1CBF1B1AA350BDE8F8836119944249
:10185000256014BF5160C8F80410635163684B6081
:10186000E6E7D8F804701FB33C467F68002FFBD131
:1018700023683946304604EB03090FF077F98145B8
:1018800016D123683046ED1A2946FFF779FF01305B
:101890000ED02368D8F804202B442360536883B10A
:1018A000A34203D01A465B689C42FBD10023B0E7F9
:1018B0000C233046336000F0DFFAAEE7C8F804309E
:1018C000B6E7C8F80470B3E75C160020002950D0D2
:1018D00038B551F8043C0C1F002BB8BFE41805467E
:1018E00000F0C8FA274A13682BB1A3420CD921682B
:1018F000601883422CD0284663601460BDE83840ED
:1019000000F0BABAA3420FD81A465B68002BF9D18F
:1019100011685018844217D02CD363605460284655
:10192000BDE8384000F0A8BA11685018A04214D0A1
:1019300020D8216860188342EFD118685B6808449A
:10194000C4E900035460EAE723680B441360E6E748
:1019500018685B6808442060CDE72068014450188F
:1019600083421160DBD1D3E900040144C2E90014D1
:10197000D5E770470C2328462B60BDE8384000F0BF
:101980007BBA00BF60160020F8B506460D46144627
:1019900010B1036A002B37D0A269A389A2601A078D
:1019A00019D52369BBB122686169D31AEDB2994296
:1019B0002F4620DD0133A1680139A160511C21604F
:1019C000157062699A420DD0A389DB0701D50A2DF3
:1019D00008D03846F8BD21463046FFF76FFE38B9CB
:1019E0002369E0E721463046FFF726FE0028F0D0C5
:1019F0004FF0FF37EDE721463046FFF71DFE002888
:101A0000F6D101232268D6E7FFF764FDC4E700BFE3
:101A100003460A46024908681946FFF7B5BF00BFEA
:101A2000000C00202DE9F8434FF0000980460F46D6
:101A30001646D6E90154013D10D4A389012B08D9DB
:101A4000B4F90E30013304D021464046B84749EA84
:101A50000009013D6B1C04F16804EED13668002ECC
:101A6000E7D14846BDE8F8832DE9F041144641B37B
:101A70000AB306460D4600F0E9FA8442074602D84A
:101A8000B4EB500F13D821463046FFF79FFE804637
:101A900050B1BC422246294628BF3A46FEF71EFFF7
:101AA00029463046FFF712FF4046BDE8F081A846C0
:101AB0004046BDE8F081A046FFF708FF4046BDE87C
:101AC000F0811146BDE8F041FFF780BE2DE9F84FE7
:101AD00092461F460A698B680C469A42B8BF1A465E
:101AE000CAF8002091F843300646DDF8289013B17B
:101AF0000132CAF80020226891065FD5DAF800307A
:101B00000233CAF80030226812F0060F11461DD1C8
:101B1000E1689942D8BF114618DD4FF0000804F182
:101B2000190B05E0E568DAF80030ED1A45450CDDE3
:101B300001235A4639463046C847013008F10108AA
:101B4000F0D14FF0FF30BDE8F88F216894F84330B2
:101B5000003B18BF01238A060AD53021E21882F81B
:101B6000431094F845105A1C2244023382F8431063
:101B70003946304604F14302C8470130E1D0D4E988
:101B800002202368DAF8005003F00603042B2169D1
:101B90001BD08A4220DD4FF00008521A90440025E5
:101BA0001A3401E0454517DA01232246394630460A
:101BB000C847013005F10105F4D1C2E712F0060F64
:101BC0000DD0003B18BF0123D2E7401B8A4220EA18
:101BD000E078E2DC0028E2DC0020BDE8F88FE16874
:101BE000DAF800309942D8BF114696DCAEE700BF64
:101BF0002DE9F04717460A7E84B00C460646984603
:101C00000C9D01F1430C002A35D0A2F15803D9B242
:101C1000202969D8202B67D8DFE813F0E60066009A
:101C20006600660066006600660066006600660084
:101C30006600AC007000660066006600660070001A
:101C4000660066006600660021008300C60066002C
:101C50006600B6006600830066006600EC002B6834
:101C60002268181D6169286010061B6802D452069C
:101C700000F1E08019600023E14623613B462146E4
:101C80003046CDF8008003AAFFF720FF013020D0B6
:101C90004A46394630462369C047013019D0236887
:101CA000E0689B07DDF80C9018D5484516DD002547
:101CB00004F1190A04E0E068A0EB0903AB420DDD72
:101CC0000123524639463046C047013005F101052F
:101CD000F1D14FF0FF3004B0BDE8F0874845B8BF00
:101CE000484604B0BDE8F087012084F8422004F1A2
:101CF00042090023206184F84330BFE72A68236843
:101D0000111D1806296002D4590600F1958010684B
:101D1000014600286268C0F293804FF00A0E5348D3
:101D200015E020682B6810F0800F53F8041B02D1D7
:101D3000400648BF89B26F2A14BF4FF00A0E4FF019
:101D4000080E4A482B600023626884F84330002A5A
:101D5000A26051DB236823F00403236000294BD1E8
:101D6000002A7BD1E146BEF1080F56D0ACEB090347
:101D7000236183E72A680120116804322A6004F194
:101D8000420984F84210B4E72B6800211A1D2A602A
:101D9000D3F8009062684846FFF7F0F8002863D057
:101DA000A0EB09006060A4E7236843F020032360F0
:101DB00078222F4884F845202A6813F0800F52F8C3
:101DC000041B03D113F0400F18BF89B22A60DA0751
:101DD00044BF43F02003236019B9236823F0200394
:101DE00023604FF0100EAEE75823204884F84530AA
:101DF0002368E1E72368DBE77546E146B1FBF5F3CD
:101E00000A4605FB131A194610F80A30AA4209F8C7
:101E1000013DF3D2BEF1080FA8D12368DD07A5D597
:101E2000626823699A42A1DC302309F1FF3989F8FD
:101E300000309BE719801EE7B2F90010084668E7FA
:101E40002D20002AA26084F8430002DB23F0040363
:101E500023600A250548AE464942CEE7037804F1DF
:101E6000420984F842307EE7606842E73C2F01086F
:101E7000502F0108704700BF704700BF70B5B1F91F
:101E80000C300C46990796B007D5012204F14703A0
:101E9000C4E90432236016B070BDB4F90E100546D3
:101EA000002929DB6A460EF06EFE002822DB4FF483
:101EB00080612846019EFFF789FC88B3A38906F458
:101EC000704643F08003A3814FF48063B6F5005F52
:101ED000C4E904032060DED12846B4F90E100EF0E8
:101EE0005EFE0028D7D0A38923F0030343F001034B
:101EF000A381D0E7B4F90C3013F0800F14BF402653
:101F00004FF4806628463146FFF760FC40B1A38954
:101F1000C4E9040643F080032060A38116B070BDBD
:101F2000B4F90C309A05B6D4012123F0030304F16F
:101F3000470243F00203C4E90421A3812260AAE717
:101F400070B50C46B1F90E10154600291E4696B024
:101F50000FDB6A460EF017FE00280ADB019B4FF4E8
:101F6000806203F47043A3F50053B3FA83F35B0973
:101F700007E0A289002312F0800F14BF40224FF423
:101F80008062002033602A6016B070BD70B50026F4
:101F9000074D0446084611462E600EF00BFE431C0A
:101FA00000D070BD2B68002BFBD0236070BD00BF3C
:101FB000641600200EF006BE10B50C46B1F90E10E6
:101FC0000EF0C9FD002803DB636D0344636510BD9B
:101FD000A38923F48053A38110BD00BF0020704764
:101FE0002DE9F0410C46B1F90C101F46CB05054612
:101FF00016460BD421F48051A1813B463246284637
:10200000B4F90E10BDE8F0410EF0ACBDB4F90E10FD
:10201000022300220EF0A4FDB4F90C10EAE700BF81
:1020200010B50C46B1F90E100EF09AFDB4F90C3053
:10203000421C0EBF23F4805343F480536065A38198
:1020400010BD00BFB1F90E100EF08EBD51F8043C6A
:10205000181F002BBCBF0B58C0187047372875D805
:10206000032803D800207047042070470438332821
:10207000F8D801A353F820F04D22000831220008BF
:102080003D2200083D22000831220008652000089A
:1020900049210008312200084D22000831220008A1
:1020A0003122000831220008652000086520000860
:1020B0004D220008752200086520000865200008F0
:1020C0007D220008652000085922000851220008DE
:1020D00031220008612200083D2200086520000826
:1020E0004522000845220008452200084522000834
:1020F0004522000845220008452200084522000824
:102100004522000885220008652000086520000897
:10211000652000086520000865200008652000088B
:10212000652000086520000865200008652000087B
:10213000652000086520000865200008652000086B
:10214000652000085522000806207047A0F50170A0
:1021500083B2332B86D8332884D801A353F820F0D8
:102160004D22000831220008692200086D22000873
:10217000312200086520000835220008652000088B
:102180004D2200085D220008652000086520000837
:1021900065200008652000084D220008792200080B
:1021A0006520000865200008492200086520000815
:1021B000652000085122000831220008652200082D
:1021C00071220008392200086520000865200008F7
:1021D00065200008692000086520000881220008A9
:1021E00065200008652000086520000865200008BB
:1021F00065200008652000086520000865200008AB
:10220000652000086520000865200008652000089A
:10221000652000086520000865200008652000088A
:1022200065200008652000084122000841220008BE
:10223000012070470520704707207047082070472D
:10224000092070470A2070470C2070470D20704706
:102250000E2070470F2070471020704711207047E4
:1022600012207047132070471420704715207047C4
:1022700016207047172070471820704719207047A4
:102280000320704702207047A0F11E03092B01D9DB
:10229000FFF7E4BE0B20704708B5FFF7DFFE0038FC
:1022A00018BF012008BD0023036043608360838161
:1022B000704700680128B8BF0120704710B5094C6D
:1022C0002268FF2A0CDC084B1B6813445942C9B230
:1022D000DBB258BF4B420549013221F8130022609E
:1022E00010BD00BF74160020781600207C16002058
:1022F00030B40C4C226892B10B4D0C492B68013A5A
:1023000031F8130001335942C9B2DBB258BF4B4216
:102310002B60074B22601B680BB130BC184730BCE8
:10232000704700BF74160020781600207C1600202D
:1023300068160020014B1860704700BF6816002027
:102340000023034A1360034A1360034A1370704763
:1023500074160020781600206C160020FFF7AEBF20
:1023600038B50C460025A54200DB38BDFFF7A6FFB7
:102370000135F8E7074B1B685BB1074B074A197833
:1023800011B11168814204D0106001221A70FFF768
:10239000AFBF7047741600206C1600207016002026
:1023A0000129B8BF012170B50E460025441E0E2C30
:1023B0000CD8DFE804F0080F1113151518181515BF
:1023C0001B1B1D1F22005020FFF7C8FF0135AE4226
:1023D000EDD170BD5120F7E75220F5E74F20F3E72C
:1023E00040F24F10F0E74FF4A870EDE74A20EBE71A
:1023F0004D20E9E740F24D10E6E74FF4A570E3E722
:102400004B1EDBB20E2B10B5044608D8012AB8BF0C
:1024100001221146094A32F81300FFF7A1FF062CEA
:1024200005D140F21B10BDE81040FFF797BF072C05
:1024300040F21B1018BF4FF48370F4E76A1F0108C5
:10244000012938B50D46B8BF01251C280C464FF0B0
:102450004A000FD1FFF782FF4A20FFF77FFF40F2CB
:1024600051202946FFF77CFF4FF48370BDE83840C8
:10247000FFF774BFFFF772FF4A20FFF76FFF40F2CC
:102480004D20FFF76BFF012C04DD40F25120691E47
:10249000FFF766FF40F21B10FFF760FF2A20E5E719
:1024A0000B461146A3F10B02012A10B504460AD8C7
:1024B00040F22B2040F237239C4208BF2B20BDE87E
:1024C0001040FFF74BBF013BDBB20E2BF0D8044AA4
:1024D0000129B8BF012132F81300FFF741FFE7E7F8
:1024E0006A1F010838B50C4605464A20FFF736FF3B
:1024F0004A20FFF733FF012C04DD40F25120611E1A
:10250000FFF72EFF40F2372340F22B209D4208BFF9
:102510002B20BDE83840FFF721BF08B54A20FFF760
:102520001DFFBDE8084040F24D20FFF717BF40F205
:102530004A20FFF713BF00001A2810B5044630D810
:1025400004283BD92D4BC340DA0705D540F24D2076
:10255000FFF704FF272C13D80F2C2DD8042C2DD9CE
:10256000053C0A2C2AD8DFE804F039292933292927
:10257000422933394500224A22FA03F3D907E5D428
:1025800040F21A239C4223D019D840F20A239C42DD
:102590002AD013D840F205239C421FD0B4F5027F05
:1025A0000BE06FF40173C3189BB2152BE3D92728F6
:1025B000D0D140F24A200DE01A2C09D010BD40F2D3
:1025C00021239C420DD040F223239C42F1D0F5E719
:1025D00040F25120BDE81040FFF7C0BE40F252204B
:1025E000F8E740F24D20F5E740F24D30F2E74FF4C6
:1025F0001470EFE740F24F20ECE700BF20610004C9
:10260000090020001A2837D00DD8053883B20A2BCC
:1026100041D80A283FD8DFE800F0323E3E2F3E3E48
:10262000223E26292C0040F20A23984230D009D8B5
:1026300040F20523984222D0B0F5027F1CD0272813
:1026400020D0704740F2212398421ED040F223232D
:10265000984217D040F21A2398420DD070474FF499
:102660001470FFF77BBE40F25120FAE740F252208F
:10267000F7E740F24F20F4E740F24F30F1E74FF434
:102680005470EEE740F24A20EBE740F24D20E8E7D5
:1026900040F24D30E5E770474C20FFF75FBE2A203F
:1026A000FFF75CBE08B540F24F20FFF757FEBDE8CC
:1026B00008404C20FFF752BE08B540F24D20FFF70E
:1026C0004DFEBDE8084040F21B10FFF747BEFFF784
:1026D000F3BF08B540F24D20FFF740FEBDE80840CB
:1026E0004FF48370FFF73ABE08B510B15020FFF7E2
:1026F00035FEBDE8084040F21910FFF72FBE08B5BF
:102700004D20FFF72BFEBDE808404C20FFF726BE0A
:1027100040F21D10FFF722BE4FF48B70FFF71EBE74
:10272000B0F5017F08B51CD004D8042817D01228B2
:1027300019D008BDB0F5037F0CD040F212239842A7
:10274000F7D14A20FFF70AFE4FF40A70FFF706FEA2
:10275000522000E04A20BDE80840FFF7FFBD4F20AF
:10276000F9E74D20F7E74D20FFF7F8FD4FF40A7029
:10277000F1E727283CD015D80F280ED8042839D9DE
:1027800005380A2836D8DFE800F02F3535313535E1
:102790000635372B2D00012070471A2814BF002062
:1027A0000520704740F21A23984227D00DD8B0F583
:1027B000027F25D040F20A23984223D040F205231D
:1027C000C31A58425841C000704740F22123984232
:1027D0001AD040F2232398420CBF0C2000207047EF
:1027E0000320704704207047072070470920704776
:1027F0000B2070470020704702207047062070476A
:102800000A2070470E2070470D20704708B5054814
:10281000FFF749FD0023044A1370044A1370044A69
:10282000137008BDA8180020B81800207D180020DB
:102830007C18002010B50024074B1C70074B1C703F
:10284000FFF7E4FF064B1C60064B1C60064B1C7038
:10285000BDE81040FFF774BDBA180020B918002079
:1028600094180020801800207E180020FFF762BD19
:102870009A4B2DE9F0471B780446002B00F0688343
:10288000974E984F33785A1E022A00F26183023B1A
:10289000012B5FFA84F800F2B7802046FFF7DEFBD9
:1028A000B8F1290F0546904B08D101223270002261
:1028B0008E491A700A70FFF7A9FF2BE01A7862B1EF
:1028C00000221A70894B06281A70894B1A60F2D1BF
:1028D00040F24A30FFF742FDEDE702281CD1834B5E
:1028E0001B7803B381490A78012A13D880480A2546
:1028F00003680132632BA8BF6323272C08BF002481
:1029000005FB03F318BF1D3C2344632BA8BF6323BF
:102910000A70036000201CE30A28E3D0062802D1D5
:1029200001221A70F6E70023704F71483B70FFF7E1
:10293000C0FC1C2C8046327805D8122C0BD8062CF3
:1029400033D0072C22D0042D4FF0000341D8002DA6
:1029500055D13B70AFE7A4F11303092BF3D801A1C4
:1029600051F823F0CB29000847290008472900081F
:10297000BD29000847290008472900084729000801
:10298000472900088D2900089D290008032A01D144
:10299000FFF7CDFDFFF79BFE01230DE0032A01D1D8
:1029A000FFF7C5FDFFF795FEF6E7032A01D1FFF714
:1029B000BEFDFFF781FE002333707CE7032A01D1BF
:1029C000FFF7B5FDFFF76EFEF5E70020FFF78CFE81
:1029D000E2E7052DBDD1032A204612D1FFF7ACFD59
:1029E00008E033782046032B06D1FFF7A5FD01351B
:1029F000A845F6DC0023ACE7FFF704FEF7E71D4629
:102A0000F6E7FFF7FFFDF5E73A782046052A2AD8D2
:102A10002A23D340DA0726D5FFF736FCB8F1290F71
:102A200005463B7822D1002B00F08C82FFF7EEFEAA
:102A30000022304B1A603B7873B92E4D2C68002C65
:102A40000ADD2D4B1F783FB92C492D486200FDF758
:102A500045FF2C4B2F601C603378002B7FF45AAF5E
:102A6000244A136056E7FFF7F9FAD7E7072B00F27D
:102A70006981DFE813F00800E7003C018801CB0121
:102A800004024F026102431E182B00F25B82DFE852
:102A900013F06C006C006C006C00730067006A003F
:102AA0003B0060001900590276007D008100B900EA
:102AB0008C008C008C008C008C008C008C008C00B6
:102AC0008C008C000123272C3B7008BF0023084A90
:102AD00018BFA4F11D0313601CE000BFBA1800204A
:102AE000B9180020B81800207C1800207D1800209C
:102AF000A8180020941800207E18002098180020A4
:102B00008418002080180020022301223B70B84B5B
:102B10001C811A732046FFF7BFFB00288BD020468C
:102B2000FFF79CFA0138C0B2182884D8B14BC340D3
:102B3000DB0780D5B04B1B78002B7FF47CAFAF4A0E
:102B40001368072BDFBF591C1160AD4A22F81340F0
:102B500071E7042301223B70A54B5C815A73D9E7CE
:102B600006233B70D6E70723FBE72046FFF701FE6D
:102B70000121FFF715FCCDE701210E20F9E7012126
:102B80000620FFF75DFC00233370C3E72046FFF704
:102B9000C7FDF8E740F219239C4201D00223F3E776
:102BA00003233370FFF7B9FCB4E7A0F111054FF030
:102BB0000008082D23D8DFE805F01F0508101316BC
:102BC000191D0B00FFF768FDA4E7FFF768FDA1E7FB
:102BD000FFF768FD86F800809CE7FFF76DFDF9E7D9
:102BE000FFF775FD96E7FFF774FD93E70020FFF709
:102BF0007BFD8FE70120FAE7FFF781FD8AE7FFF70A
:102C000087FD87E7DFF8F0A19AF80050002D81D109
:102C1000DFF8F081D8F80030002B3FF47BAF0123C0
:102C2000DFF8E4918AF80030D8F800309D4203DBE9
:102C300000238AF800306DE739F8020BFFF718FE21
:102C40000135F1E76A48FFF734FB013D01460D2DE0
:102C500078D801A353F825F0AF2C0008AF2C00085A
:102C6000AF2C0008AF2C0008BB2C0008612B00081B
:102C7000672B0008092B0008532B0008452D00087E
:102C8000912C0008C12C0008CB2C0008D32C000884
:102C9000574A1368092B3FF73DAF0A21272C01FB48
:102CA00003F30CBF0021A4F11D010B4413E72046E0
:102CB000FFF75FFDFFF774FB16E001210E20F9E737
:102CC0000620FFF7BDFB002308E02046FFF728FDA4
:102CD000F9E740F219239C4202D00223337003E04B
:102CE00003233370FFF719FCFFF790FD12E740480C
:102CF000FFF7DFFA013D0246092D23D801A353F85F
:102D000025F000BF512D0008672D0008512D000847
:102D1000512D0008E72D0008612B0008452D000803
:102D20002D2D0008452D0008712D0008304D2B89F0
:102D30009C4207D101462046FFF782FB2B89062BD8
:102D4000D2D1C0E7FFF762FD00222C4B1A6099E553
:102D50002046FFF70EFD264D0146B5F80880404697
:102D6000FFF74EFBEAE701220B21214D2889F7E707
:102D70000323272C3B7008BF00231D4A18BFA4F172
:102D80001D035360C6E6451E0A2DDBD801A353F888
:102D900025F000BFC12D0008FF2E0008C12D00083E
:102DA000C12D0008E72D0008612B0008452D000803
:102DB000452D0008452D0008452D0008B92E0008B6
:102DC0002046FFF7D6FC0A4D80462846B5F8089005
:102DD000FFF76FFA6B68414603FB00F2632AA8BF56
:102DE00063224846BCE701220E21014DBEE700BF29
:102DF000A8180020FF0BFF017E1800209418002067
:102E00009818002080180020841800205248FFF7EE
:102E100050FA013D0246092D94D801A353F825F03C
:102E20005D2E0008712E00085D2E00085D2E000842
:102E30000F2F0008612B0008452D0008452D0008C4
:102E4000492E00087B2E0008434B5B899C427FF48F
:102E500079AF01462046FFF745FB45E73E4B20464C
:102E60005D89FFF786FC01462846FFF719FB3BE723
:102E700001220B21384B5889F7E7052379E7451ED6
:102E80000A2D3FF65FAF01A353F825F0D72E0008B7
:102E9000FF2E0008D72E0008D72E00080F2F00089D
:102EA000612B0008452D0008452D0008452D000820
:102EB000452D0008B92E0008274A5368092B3FF713
:102EC00029AE0A21272C01FB03F30CBF0021A4F13A
:102ED0001D010B4455E72046FFF74BFCDFF87890C7
:102EE00005464846B9F80A80FFF7E3F9D9F8042007
:102EF00029464243632AA8BF63224046B5E7164AE3
:102F00005368092B3FF706AE0A214B4339E70122EC
:102F10000E21AFE706287FF415AF0F4D2B7B13B1C1
:102F200001220F2122E76B7B1BB101220F2168894F
:102F30009BE701210F20BDE607287FF403AFFFF7D1
:102F4000EBFBD1E6054B1A68002A01DD00221A606E
:102F50000120BDE8F08700BFA818002094180020C9
:102F6000FFF708BA014B1878704700BFB918002066
:102F7000014B1878704700BFBA180020024B187830
:102F8000003818BF01207047B8180020034B1B7889
:102F900013B9034B18787047012070477D18002043
:102FA0007C18002008B5FFF731FC0022014B1A60A5
:102FB00008BD00BF9418002008B5044B1870FFF737
:102FC00025FC0022024B1A6008BD00BFB918002082
:102FD00094180020012208B5044B1A70FFF716FC64
:102FE0000023034A1360034A137008BDBA18002077
:102FF00094180020B918002010B50024044B1C7050
:10300000FFF704FC034B1C60BDE81040FFF798B9C4
:10301000BA1800209418002008B5FFF7F7FB00222B
:10302000014B1A6008BD00BF941800200D49F0B58F
:1030300000220D460C4C2378D6B2B34201D80020B2
:103040000CE031F8027B561C874208D10120013B7D
:10305000DBB2237035F8133025F81230F0BD32465C
:10306000EAE700BFBC180020BB18002070B5C5B24D
:10307000C4042A464FEA102321D503F00F03013B75
:10308000DBB2072B54D82F49CC5C502A46D0512AAA
:1030900046D0522A46D04F2A21D10326FCB92A4BCA
:1030A0009C5DE4B10022294C9A55A35D33B9284BAD
:1030B00013F8160005F0C0F90123A35570BD03F005
:1030C0000104980748BF44F00204590748BF44F080
:1030D00004041B07D9D5502D44F008042ED106F066
:1030E0005BF820EA04068443F6B202D0204605F0DD
:1030F00049FA16B1304605F04EFA284605F09CF91B
:10310000284605F0E1F916B1304605F03BFA002CEF
:10311000D4D02046BDE8704005F03DBA0026BDE79A
:103120000126BBE70226B9E70026B8E70126B6E785
:10313000502DF9D0512DF9D00024AAE7512DA8D156
:10314000CDE700BF881F0108E1180020DD1800202E
:10315000981F0108A0F1E002072A08B506D929281E
:1031600004D000F007FA00F0010008BD0120FAE7E2
:103170000E4970B500220D4604460D480378D6B2BC
:10318000B34206D8102B0AD05A1C027025F81340FF
:1031900004E031F8026B0132A642F0D170BD05495E
:1031A0001E22881EFDF770FAEC83F7E7BC1800209A
:1031B000BB180020BE18002010B5064C237843B978
:1031C000054B1B789B0704D4022005F0DBF9012393
:1031D000237010BDDC180020E5180020E03880B214
:1031E00007280BD8064B1B5C43B10648027811B187
:1031F00013430370704722EA03020270704700BF56
:10320000901F0108E5180020014B1878704700BF97
:10321000E51800202DE9F041002425460D4E0E4F03
:10322000DFF8388016F8013B2BB118F8140005F0D0
:103230004BF906F8015C0134042C07F8015BF1D16D
:10324000074C23781BB1022005F0A5F92570BDE8D5
:10325000F08100BFDD180020E1180020981F010850
:10326000DC180020FFF784BF08B5FFF7E3FA0D482C
:10327000FFF7FCFAFFF7AEFE0020FFF79DFE0023EC
:10328000094A0A4913700A4A0B701370094A4B70B5
:103290001370094A8B70137053709370CB70D37096
:1032A00008BD00BF6D300008E5180020E1180020BF
:1032B000BB180020DC180020DD180020FFF750BEEE
:1032C0000B282DE9F84304462AD00D282AD00E28D1
:1032D0002AD00F2814BF4FF0FF3503254E792EBB9F
:1032E000E52C06D1444F3B781BB1022005F053F981
:1032F0003E70681C0BD00027404B414E5F55735DFC
:103300002BB1404B13F8150005F0DEF87755204639
:10331000FFF78CFE80F00106F6B23046BDE8F88378
:103320000025DBE70125D9E70225D7E7FFF720FED7
:103330000028F2D0E52C04D12046FFF719FF002623
:10334000EBE7A4F1E003072BE7D92F4F3B7813F00D
:10335000DD0F26D0691C30D0FFF710FE68BBFFF7E9
:1033600001FE0128804628D12046254CFFF700FFAA
:10337000635D002BE3D1234B13F8150005F05CF8D7
:1033800004F80580DBE7FFF701FED0B93B789A0629
:10339000C3D52046FFF7DEFE0028BED1FFF70CFFA5
:1033A000BBE713F0220F0CBFA14644F40079484656
:1033B000FEF772FF40B9292C06D0FFF7DFFD002889
:1033C000E1D0FFF7EFFDE1E7FFF7D8FD8046484683
:1033D000FFF74EFA0028D9D12046FFF7C9FE6B1C33
:1033E000ADD0B8F1000FAAD1FFF7BCFD012804BF92
:1033F000024B5855A3E700BFDC180020E11800205D
:10340000DD180020981F0108E5180020044B1A68F9
:10341000044B11781878044B1B78184305F07ABBDD
:1034200020190020C0240020C124002070B50424ED
:1034300000260E4D35F8020B20B1C0B205F044F85D
:1034400025F8026C013CF5D1D12005F03DF8D220E1
:1034500005F03AF8064B1C70064B1C80064B18789A
:10346000FFF7AAFDBDE87040FFF7D4BE0C1900209D
:1034700014190020161900201E190020174B70B5D2
:103480001A7822B30024164E164D1C703278E3B21F
:103490009A421DD8144D154C2B7813F0010F05D00E
:1034A0002378D90702D4E02005F00EF82B789A078C
:1034B00005D523789B0702D4E42005F005F8002306
:1034C0000B4A2B7013700B4A23703370137070BD4E
:1034D00015F8130004F0F8FF0134D7E704190020B1
:1034E000EA180020EC180020E7180020E618002059
:1034F000E9180020E818002038B505460C4612B936
:103500000024204638BD90470028F9D06479002C6B
:10351000F6D0FFF733FD28B1FFF744FD2846FFF74B
:10352000A1FEEEE7FFF732FD0028F5D1F6E708B57A
:103530000BF042F9012838BF012080B208BD10B558
:103540000C4628B10BF03DF9A04234BF0020012009
:1035500010BD08B50BF0F8F8012838BF012008BDF0
:1035600010B50C4628B10BF033F9A04234BF00204F
:10357000012010BDA0F58043B3F5955F07D3A0F5FA
:10358000A54040381F288CBF002001207047012033
:10359000704738B5054605F0FFFD044605F018FEF6
:1035A000284604F0DFFD2046BDE8384005F00ABE9D
:1035B0004B20FFF7EEBF4E20FFF7EBBF40F20910A4
:1035C000FFF7E7BF08B55120FFF7E3FFBDE808406C
:1035D0004A20FFF7DEBF08B55220FFF7DAFFBDE84B
:1035E00008404A20FFF7D5BF4F20FFF7D2BF502039
:1035F000FFF7CFBF2DE9F84FA24F04460D46904686
:103600003A60FFF7AFFC10B100229F4B1A602046D2
:103610006979FFF7E3FD392C9C4E3ED195F805A062
:103620009B4BDFF87092BAF1000F2AD001221A707A
:10363000FFF7ECFE337880F0010089F800000BB151
:10364000FFF71CFF99F80030BBB133780BB1FFF7DF
:1036500015FF01233370FFF7D7FD00F0110000289C
:1036600016BF0122002203208B4B1A708B4B8C4A11
:103670001870002313708B4A13703920FFF7F2FD86
:10368000DEE099F800B01A7883F800A0BBF1000FD3
:1036900066D0FFF7F3FE89F800A03378002B00F026
:1036A0009D802046FFF766FF0646002840F0968082
:1036B000FF2C00F29380A4F11E039BB2102B6A79B9
:1036C00066D87949CE5C002A65D1002E14BF3046F9
:1036D00020467649002289468E46DFF8C8C19CF80C
:1036E00000305FFA82FA534578D939F802AB0132DB
:1036F0005045F6D100225FFA82F94B450ED931F8D8
:1037000002AB02F10109504540F0EF80013BDBB212
:103710008CF800303EF813302EF81230C0B204F0AE
:10372000D3FE002E5AD15E4A1378002B56D0013BAF
:10373000DBB21370002B51D15D4E3378DA074DD5D3
:10374000554B1B78002B49D1544B1B78002B45D18E
:10375000E02004F0B9FE337823F0010333703DE03C
:10376000002A9AD0FFF704FC474B80F00100C3F811
:1037700000B03B68C0B2DB6A1BB19847FFF74AFD57
:103780008BE710B1FFF726FCF8E7FFF735FCF5E70C
:10379000002A00F09380DFF80C9199F800300B2B91
:1037A00001D920466AE76EB1304604F045FE99F82B
:1037B00000300B2BF5D85A1C89F800203B4A22F820
:1037C0001360EEE7E02C344B3DD0E42C3DD10221D8
:1037D00001221A70314A13780B4313702946204690
:1037E000D8F81C20FFF788FE50BB2046FFF7C2FE2A
:1037F00070B9FFF70BFE58B13B685B6A002B76D0BF
:1038000020469847002872D03B689B6A002B7CD1E9
:1038100029462046D8F82020FFF76EFE064678B9E4
:103820003B6895F805805B88A34240F0A680214D57
:10383000214CB8F1000F73D0FFF779FE2670288075
:103840000020BDE8F88F0121C2E71B783BB9184D75
:103850002B7823B9E02004F0EFFD01232B70104AF0
:10386000E0B213780133137004F0E6FD99F80030EC
:103870000B2B96D85A1C89F800200C4A22F81340CA
:103880008FE700BF2019002008190020041900202C
:103890000519002006190020E8180020E61800206D
:1038A000E9180020EA180020A01F0108EC180020E9
:1038B000E71800201C1900201A190020E02C0ED057
:1038C000E42C0FD16FF002030021A44A1170A44927
:1038D0000A781A400A70A34A11780B407DE76FF00E
:1038E0000103F1E720461646F3E64A4603E76B7903
:1038F000002B8DD0FFF742FB10B1FFF753FB50E7D1
:10390000FFF744FB0028F8D14BE720466979984738
:1039100000283FF47DAF6B79002B3FF479AF40E78F
:1039200023785BB1904E308810B1C0B204F0CCFD6A
:103930000023338000232B80237081E72B88002B0A
:10394000F8D0FFF70FFB042802D1FFF76FFDF1E776
:103950003B68DB686BB9FFF70BFB0028EAD0FFF789
:1039600001FB824B1870FFF755FC0420FFF724FB86
:10397000E0E798470028EED1DCE7FFF7F3FA0428E8
:103980000DD1A4F1E003072B2DD8B8F1000F06D01C
:1039900024F00403E12B3FF404AFFFF747FDFFF7EA
:1039A000E7FA002800F0D0803B689B7C002B00F0F9
:1039B000CB80292C40F0CA806B79002B00F0C680A8
:1039C000FFF7D0FA002840F01481FFF71DFC10F03B
:1039D000DD0F40F00E81830740F1AF8040F23520CB
:1039E000FFF7D7FDDDE6FFF70FFCB8F1000F46D07B
:1039F0000F2C15D80A2CD0D9A4F10B0300F022000B
:103A0000042BCAD801A252F823F000BF333A0008B1
:103A10009B390008413A0008553A0008693A000805
:103A2000282C28D02C2CB8D1FFF781FD504B1880C2
:103A3000B7E6CF204F4B188004F0FEFC0B201DE6AC
:103A400000280CBFCE20DA204A4B588004F0F4FC4A
:103A50000D2013E600280CBFCD20D920454B9880BF
:103A600004F0EAFC0E2009E6D020424BD88004F096
:103A7000E3FC0F2002E6D22004F0DEFC91E60F2CDE
:103A800012D80A2C8BD9A4F10B03042B87D801A2DE
:103A900052F823F0CD3A00089F390008E33A0008B5
:103AA000F93A00080F3B0008282C42D02C2C7FF458
:103AB00076AFDFF8C4902E4E99F80030002B31D04D
:103AC000D12004F001FD89F8008007E0294E3088FC
:103AD00000283FF464AFC0B204F0F6FC002333804A
:103AE0005DE7244E708800283FF459AFC0B204F05F
:103AF000EBFC0023738052E71E4EB08800283FF491
:103B00004EAFC0B204F0E0FC0023B38047E7194E8B
:103B1000F08800283FF443AFC0B204F0D5FC002386
:103B2000F3803CE73388002BD8D0D12004F022FD6D
:103B3000D4E7D22004F0C8FC31E7002859D0352062
:103B4000FFF727FD292099E5292C52D06B7953BB2B
:103B500029462046BDE8F84FFFF7B2BBE818002021
:103B6000E6180020E7180020181900201E19002070
:103B7000161900200C190020141900202C4E306852
:103B800038B900233360FFF747FA0120FFF714FA32
:103B9000D8E740F6B831FFF7E3FC0028F1D1FFF792
:103BA000D8FC3060D2E7FFF7E3F90028D0D0FFF768
:103BB000D9F90128CCD13B681B6B002BC8D0FFF78B
:103BC00023FB3B681E6B3788002FC1D0BC420ED14F
:103BD000F378B278034032B94BB9FFF71DFA736836
:103BE000984738464AE5134201D09343F5D008364A
:103BF000E9E76B79002BA9D0FFF7BAF90028A5D027
:103C0000FFF702FB10F0DD0FA0D1FFF7ABF9831E29
:103C1000DBB2012B9AD90128B0D1FFF7AFF9002808
:103C200094D1FFF7C9F9FFF794FC014B18608DE7B9
:103C3000081900200023134A1360134A1370134A13
:103C40001380134A1370134A1380134A1380134AC4
:103C50001370134A138053809380D380114A1370DA
:103C6000114A1370114A1370114A1370114A1370DC
:103C7000114A1370114A1370114A1370114A1360DC
:103C8000FFF7F2BA201900201E1900201C1900208D
:103C90001A190020181900201619002014190020E4
:103CA0000C19002006190020051900200419002015
:103CB000EA180020E9180020E8180020E718002082
:103CC000E61800200819002038B51C4CFFF7F6FA5A
:103CD0002368002B30D01A4A1088A0B1194D2A78D9
:103CE0008AB9198AFFF72BFC68B101232B7023686E
:103CF0009B68F3B19847E0B12368D888124B1880CD
:103D0000C0B204F099FBFFF72DF9042814D10F4B32
:103D1000188888B10E4D2B7873B92368198AFFF77C
:103D20000EFC48B10123D1202B70BDE8384004F0CF
:103D300083BB23689888E1E738BD00BF20190020C5
:103D40001C1900201A19002018190020161900202B
:103D500014190020024B186800B1808A704700BF18
:103D60002019002083B990B1022913D0032915D05E
:103D7000012915D1BAB91046FF2300990A70019A9A
:103D80001070029A137070470022FF20F4E7FF22A0
:103D90000346F2E7802218468023EEE7FF22FAE787
:103DA0001A46FF20E9E7FF221046E6E708B5FFF7CD
:103DB000DFF808B9002008BDFFF7D4F80028F9D1D2
:103DC000054B18680028F6D040F6B831FFF7C8FB5D
:103DD00080F00100C0B2EEE708190020F8B50746F0
:103DE0000E461546FFF7E2FF70B10A4B1C6864B13E
:103DF000A36963B10FB11B0C3B7016B1A3691B0A19
:103E000033700DB1A3692B70F8BD2046FCE718464E
:103E1000FAE700BF20190020032806D8B422504337
:103E200000F12401014806F037B87047241900203A
:103E3000032838B50FD80A4C2378012B4FF0000324
:103E400009D16578A84208D1237009B9012038BD8D
:103E5000FFF7E2FFFAE70020F9E71846F7E700BFAF
:103E60005C0C0020F7B504460D4608F097FD2B4E7C
:103E70002B4F7080E0B285424ED90021294A0FE0D5
:103E80001CF801EBBEF1FF0F01D0864518D00133BD
:103E9000DBB20F2BF4D10131062902F10F0239D028
:103EA00094460023ECE7012906D1012B04D100221E
:103EB0007388ADF8002015E07388ADF8000011E0BC
:103EC0003A683AB31E2000FB012232F8131032F890
:103ED0001300090A12F8133040BAE4D1002BEBD1D9
:103EE000ADF800308DF80230009806F053FBC0F3B7
:103EF00007238DF80400C0F307408DF805308DF8D6
:103F000006009DF8063020469DF804209DF8051017
:103F100007F048F80134ADE703B0F0BD5C0C0020B9
:103F2000D8190020EE0D00202DE9F04105460E467F
:103F30001746002400F12408B44201D1BDE8F08105
:103F40002B19B3F5347F06D208EB040005F056FFB9
:103F500038550134F0E70020FAE72DE9F041054635
:103F60000E461746002400F12408B44201D1BDE8F2
:103F7000F0812B19B3F5347F04D2395D08EB0400CE
:103F800005F0A4FF0134F0E741EA020370B40D46E6
:103F900050EA030104D170BCB4220A48FCF718BCF3
:103FA00000241E260F2306FB04F10648013B13F0F4
:103FB000FF03057042700844F8D10134062CF1D19A
:103FC00070BC704724190020032806D8B42250433F
:103FD00000F12401014805F0A7BF70472419002013
:103FE000074B084A10B51A600023074C2370607015
:103FF00008F0D4FC60806078BDE81040FFF7E4BFB3
:10400000D8190020241900205C0C0020032808B5D2
:104010000CD8074A5070FFF7D7FF08F055FC2D2841
:1040200002D02D2008F04DFC012008BD0020FCE747
:104030005C0C0020032808B511D80A4A117871B920
:10404000012150701170FFF7BFFF08F03DFC2D28D3
:1040500001D1012008BD2D2008F033FCF9E7002034
:10406000F8E700BF5C0C0020024B1878431E584252
:10407000584170475C0C002070B5114B1B78012B28
:104080001CD1104A126892B11E244878097804FBAA
:1040900000220D4832F81140054630F8026BA64266
:1040A00007D103F0070335F8133022F8113001204F
:1040B00070BD0133092BF0D10023F6E70020F7E7AC
:1040C0005C0C0020D8190020882001084FF43472BD
:1040D0002421014805F0E0BE2422010838B500245F
:1040E000064D08F0F1FB15F8013B984204D001346D
:1040F000192CF6D1002038BDE0B2FCE76F20010892
:1041000008B5FFF7EBFF00F53E7005F077FE0828D5
:1041100028BF002008BD000038B50446FFF7DEFFC9
:10412000104B1B78012B07D01922431CDBB2B3FBC9
:10413000F2F102FB1133D8B20B4B185C207008F07F
:10414000C0FBFFF7DDFF094B13F8104003EB400302
:104150005D7808F023FC294602462046BDE8384039
:1041600008F0F5BB5C0C00206F2001085A20010804
:10417000032810B504460AD8FFF726FF2046012180
:10418000FFF756FE2046BDE81040FFF73FBF10BDC9
:10419000B4235843C1EB01111144243000EB41001A
:1041A0007047032838B510D805290ED80E2A0CD828
:1041B000FFF7EEFF054605F021FE0446681C05F0FA
:1041C0001DFE44EA002080B238BD0020FCE7032831
:1041D00070B51C460FD805290DD80E2A0BD8FFF74D
:1041E000D7FF0546E1B205F071FE210A681CBDE863
:1041F000704005F06BBE70BD08B54FF43E7005F021
:10420000FDFD082828BF002008BD000070B508F09B
:104210005BFB0723144A12F8011B814221D0013BAA
:1042200013F0FF03F7D10724FFF7E6FF0130C0B218
:10423000B0FBF4F304FB13000C4BC4B213F81050A2
:1042400003EB40035E7808F0A9FB3146024628469E
:1042500008F07DFB21464FF43E7005F0FAFD204644
:1042600070BD0624E0E700BF682001085A2001085D
:1042700070B5FFF745FF044607281CBF0B4B1C5CBD
:104280000B4B13F8145003EB44035E7808F086FBE5
:1042900031460246284608F05AFBFFF71FFF214629
:1042A000BDE8704000F53E7005F0D3BD5320010815
:1042B0005A20010870B5FFF723FF044607281CBFEA
:1042C0000B4B1C5C0B4B13F8145003EB44035E7850
:1042D00008F064FB31460246284608F038FBFFF739
:1042E000FDFE2146BDE8704000F53E7005F0B1BD11
:1042F0004C2001085A2001087FB51E4B1B78002B6B
:1043000033D000221146104606F0B8FE00250A26DA
:1043100001AC0A22184901A8FCF7E0FA01F09AF969
:104320000378EAB2B3FBF6F3934200D8FDB901F08B
:1043300091F90378312B04D900239622194620786D
:104340000CE001F087F903461B7820781D2B4FF015
:10435000000387BF962219461A469621013506F0BA
:1043600021FE0A2D04F10104D3D104B070BD002355
:104370001A46E3E73C440020F41F01082DE9F0430E
:104380000D46144689B00C2848D8DFE810F00D001F
:104390004A008100C100460151015F016D017801B1
:1043A0008301A501B301BF01C04FC14E38680AF0B7
:1043B0000FFA0E2805D90AF0C7F93388386003339D
:1043C000338004EB84042C446FF007084725FF2753
:1043D000E4B208FB05F3328803F596631344B3FB9C
:1043E000F7F213448DF804308DF805708DF806400F
:1043F000019806F0CFF8C0F30721C0F307438DF80A
:1044000008008DF809108DF80A30C2B2DBB22846D8
:10441000C9B2013506F0C6FD972DDAD109B0BDE865
:10442000F083A44FA44E38680AF0D2F90E2805D9BB
:104430000AF08AF9338838600333338004EB84044C
:104440002C44FF270025E4B233888DF8057003EB78
:10445000C503B3FBF7F213448DF804308DF8064022
:10446000019806F097F8C0F30721C0F307438DF8D1
:1044700008008DF809108DF80A30C2B2DBB205F1E0
:104480004700C9B2013506F08DFD502DDCD1C5E7DE
:104490008A4F8B4E38680AF09BF90E2805D90AF02E
:1044A00053F9338838600333338004EB84042C449D
:1044B0004FF00C080025FF27E4B2282DEBB28CBF8B
:1044C000283BC3F128033288DBB208FB0323B3FB8C
:1044D000F7F213448DF804308DF805708DF806401E
:1044E000019806F057F8C0F30721C0F307438DF891
:1044F00008008DF809108DF80A30C2B2DBB205F160
:104500004700C9B2013506F04DFD502DD5D185E7E4
:1045100005220023B1FBF2F2032C8DF809308DF84F
:104520000A308DF80D30ADF810308DF813308DF85D
:1045300014308DF817308DF818308DF81B30614F1E
:104540004FEA51038DF80C208DF81D30A1EB440289
:104550008DF81E308DF81F3098BF5B4BD2B2386893
:104560008CBF0F241C5D8DF808108DF80B108DF892
:104570000E208DF80F208DF812108DF815208DF873
:1045800016208DF819108DF81A208DF81C200AF0CD
:104590001FF9A0424D4E4E4C0FD30AF0D5F84D4AAC
:1045A00023781178386069B30133DBB2AB4201D2B2
:1045B000237002E00023257013704FF04709337811
:1045C00003EB430320336B4413F8186C13F8177C88
:1045D00013F8168C2178484601FB08F301FB07F21B
:1045E0007143B3FBF5F3B2FBF5F2B1FBF5F1DBB2CE
:1045F000D2B2C9B209F1010906F0D4FCB9F1970FA2
:10460000E8D10BE70BB1013BD2E701213378117000
:104610000B4403F007033370CFE747240023204601
:104620001A462946013406F0BDFC972CF6D1F5E672
:1046300005264724B1FBF6F62046002332462946DC
:10464000013406F0AFFC972CF6D1E7E64725A1EB45
:104650008204E4B22846002322462146013506F0B2
:10466000A1FC972DF6D1D9E64724002320462A46FF
:104670001946013406F096FC972CF6D1CEE6472475
:1046800020462B462A460021013406F08BFC972C4D
:10469000F6D1C3E64724002220462B4611460134BA
:1046A00006F080FC972CF6D1B8E600BFF819002080
:1046B000F4190020F0190020EC190020E81900205E
:1046C000E4190020E019002098200108DC190020DE
:1046D000DD190020600C00204725A1EB8204E4B224
:1046E0002846234600222146013506F05BFC972D23
:1046F000F6D193E647254C08284623462246214614
:10470000013506F04FFC972DF6D187E647240023AC
:1047100020461A461946013406F044FC972CF6D17F
:104720007CE600BF38B50C460D4D78B10AF00CF8A8
:104730000C4B28601B7883B100F0C2FA58B100F02E
:10474000BFFA0022114600F001FA04E028680AF0DE
:104750003FF83228EAD8002038BD2370FBE700BFBD
:10476000001A002068240020014B1860704700BF29
:10477000041A002070B500F069FF454C02782378D8
:104780009A4206D000F062FF002203782370414B6A
:104790001A6001F04FFD0138C0B2062896BF3E4BAB
:1047A000002653F8206000F051FF0378032B06D851
:1047B000DFE803F0024C33070022364B1A60012079
:1047C00070BD344D2C6894B909F0BEFF334B28609E
:1047D0001A78002AF3D01C7000F072FA054600F037
:1047E0006FFA22460146284602F058F8E7E72046CD
:1047F00047F22F5609F0ECFFB042E0D9FFF734FC46
:104800000028DCD109F0A0FF2860112001F0D4F8C5
:1048100044F620600BF0A9F914E001251D4C1F4B54
:1048200020681D7018B909F08FFF2060C7E709F0F4
:10483000CFFFB042C3D3FFF717FC0028BFD109F068
:1048400083FF2060012000F073FCB8E7114C23685F
:10485000002BE8D000F034FA062809D000F030FA36
:10486000012805D000F02CFA022801D000F028FA27
:10487000206809F0ADFF47F22F5398429FD9FFF708
:10488000F3FB00289BD109F05FFF2060BDE700BF6C
:10489000FD190020041A00209C200108FC190020AA
:1048A00007B58DF807100DF10701FFF73BFFFFF784
:1048B00061FF002003B05DF804FB00002B4B2DE9E5
:1048C000F0411B78BBB10F254FF00108284E56F878
:1048D000041B4B1C0BD021F00F0701F00F0108FA4D
:1048E00001F40122214638460CF0F0FBBC61013D89
:1048F00015F0FF05EBD1002280214FF080400CF035
:10490000E5FB00BF00BF00BF00BF00BF00BF00BF8E
:1049100000BF00BF00BF00BF00BF00BF00BF00BF9F
:1049200000BF00BF00BF00BF00BF00BF00BF00BF8F
:1049300000BF302585F31188012207214FF0804008
:104940000CF0E4FB002484F3118885F31188012224
:104950000C214FF080400CF0D9FB84F31188BDE8A6
:10496000F041062123200CF030B900BF672400205D
:10497000B8200108072804D0122804D1042000F030
:10498000B7BB0320FBE7704708B54FF080724FF0CC
:1049900080439A614FF0007240219A610F480022D3
:1049A0000CF094FB002280210C480CF08FFB4FF49C
:1049B00080030A4A93610022094B1A70094B1B7845
:1049C0005BB1112000F0F8FF44F620600BF0CDF849
:1049D000BDE80840022000F08BBB08BD0004004089
:1049E000512400206724002010B5084C237863B1BF
:1049F00000F084FB033801289DBF002303202370AF
:104A00000220BDE8104000F065BB10BD6724002007
:104A100010B5044609F098FE3B4B186023780A2B2A
:104A200066D006D8072B36D0082B10D0FF23237072
:104A300018E0212BFAD16278344B002A5FD0A1789C
:104A40001A78002958D042F080021A700AE0A37840
:104A5000013B032BEAD8DFE803F00206091201F05C
:104A6000E9FBE07010BD0423E370FBE76279217974
:104A7000E078FFF796FBA071000AE071F2E7E078BA
:104A80002379617940EA032040BAA21D80B2BDE8D3
:104A90001040FFF749BAA378013B032BC6D8DFE8E3
:104AA00003F0020B101BE0780728DBD801F0CAFBEB
:104AB000BDE8104001F0CEBAE078BDE81040FFF745
:104AC00057BBE279A3792179E07843EA022362793E
:104AD000BDE81040FFF77BBBE0782379617940EABD
:104AE000032040BAA21D80B2BDE81040FFF735BADE
:104AF000BDE8104002F062BA61F3C712A5E71B7867
:104B0000C3F3C013A370ADE7041A00205E44002075
:104B100010B5044609F018FE044B186023780A2BE0
:104B200001D102F04BFA002010BD00BF041A002092
:104B300008B500F08BFD0378022B03D100F08EFD49
:104B4000007808BD0020FCE700F070BDF8B5154600
:104B5000B0FA80F3B1FA81F25B0952099A42064633
:104B60000C4605D000290CBF0120022000F03EFABF
:104B70000F4F3B78A34200D13DB100F067FD032306
:104B8000037000F06BFD002303703C7004F0F6FC32
:104B90002946204600F0D6FF2A462146304601F03D
:104BA0007DFE2A462146304603F0D8F8F8BD00BF06
:104BB0001B1A002037B5044600F048FD0378012B8E
:104BC0000DD00025CDE9005500F040FD0378022B03
:104BD00007D0094B2A4619780846FFF7B7FF03B0FC
:104BE00030BD24B1082221466846FBF777FE6846AF
:104BF00000F04AFEF3E700BF1B1A002037B5044659
:104C000000F024FD0378012B0ED0002500958DF8CF
:104C1000045000F01BFD0378022B07D00D4B2A46F1
:104C200019780846FFF792FF03B030BD74B163787E
:104C30008DF80030A3788DF80130E3788DF80230DC
:104C400063798DF8033023798DF80430684600F0DD
:104C500077FEE9E71B1A002037B5044600F0F6FCA2
:104C60000378012B0DD00025ADF8065000F0EEFCC6
:104C70000378022B07D0114B2A4619780846FFF714
:104C800065FF03B030BD002CFBD0A278637843EA07
:104C90000223ADF80630813B022B09D801220DF129
:104CA000060002FA03F3ADF8063000F035FEE8E73F
:104CB0000DF1060000F01AFEE3E700BF1B1A00200A
:104CC000014B1878704700BF1B1A002010B5174C15
:104CD00000232278032A26D8DFE802F0020C151EF2
:104CE0000A2213490846CB708A7009F065FB01233C
:104CF000237010BD0E4A9370F6231046D37009F04E
:104D00005BFB0223F4E7F62209490846CB708A7060
:104D100009F052FB0323EBE7054A93700A23104680
:104D2000D37009F049FB0023E2E700BF121A00200C
:104D30000C1A00207047000010B5FFF7FBFF00F0D1
:104D4000BBFA00F095FC01F057FB00F06BF901286D
:104D500003D1BDE8104000F06BB900F0B5F968B9B7
:104D6000074C206809F034FD40F6B733984205D966
:104D700000F04EFF10B109F0E7FC206010BD00BF4D
:104D8000081A00202DE9F04F8FB00E220021814635
:104D900002A8FBF71DFD00F059FC0378012B0AD097
:104DA00000F054FC0378022B08D05C4B00221978E9
:104DB0000846FFF7CBFE0FB0BDE8F08FB9F1000F4A
:104DC00000F0A3804FF01E0800262022494606A8C6
:104DD000FBF784FD524F9DF819300DF119043B701B
:104DE00014F8010FFBF71AFA08F1FF38304418F0F5
:104DF000FF08C6B2F4D14B4D4FF0060BAA461AF885
:104E0000013F93B300242246D3B29E420BD89AF8B6
:104E10000030A34218BF8AF8008021E001331E2B26
:104E200004D11C4607E000230DF1190111F8010F10
:104E30000028F3D0DCB238336B4413F81E0C019217
:104E400003F085FA40EAC404E4B2214606A809F05A
:104E50007CFB9AF80030019AA34202F10102D3D1FF
:104E60000BF1FF3B1BF0FF0BC9D14946202206A8DE
:104E7000FBF734FD4FF000084FF001095FFA88F3AB
:104E80009E420FD800F0D8FA002844D1244809F0F7
:104E900081FA02A800F011FD8DE701331E2B04D129
:104EA0001C4607E000230DF1190212F8011F00292A
:104EB000F3D0DCB238336B4413F81E0C03F047FA1E
:104EC00040EAC404E4B2214606A809F03EFB2A46A3
:104ED000002312F8011FA14202D021B93B449C706B
:104EE00008F10108CAE70133062BF2D16F2CF7D87D
:104EF0000EAB03EBD40313F8302C04F0070409FACB
:104F000004F4144303F8304CEAE708224946044805
:104F1000FBF75EFCB6E7FFF70FFFB3E71B1A0020B5
:104F2000131A0020141A002008B5064B1B7823B969
:104F3000054B1B780BB1FFF7C9FEBDE80840FFF732
:104F4000FBBE00BF1B1A00203D44002070B5044684
:104F500058B109F00DFA0C4B834205D0184609F000
:104F600001FA0122094B1A7070BD00F06FFB037843
:104F7000022BF9D1044D20466B6898472046AB6858
:104F8000BDE87040184700BF640C002038100020B6
:104F900038B5044688B109F0EBF9114C84421ED0B3
:104FA0000122104B1A7001F0A1F90F4809F03CFFE3
:104FB0002046BDE8384009F0D5B90B4B1B78042BCF
:104FC00005D1074D6B6898472046AB68984706485F
:104FD0000BF037FB04480BF043FF01F08FF938BDAD
:104FE0003C100020824000203C49002010B50C4BB2
:104FF00004461A78824204D00128187002D0022890
:1050000007D010BD0020FFF7A1FF2046FFF7C0FF2B
:10501000F7E70020FFF7BCFF0120FFF797FFF0E75D
:10502000780C0020014B1878704700BF780C0020E6
:1050300010B50E4B0E4C1B78052B13D1206810B900
:1050400009F082FB206009F0C3FB41F65733984218
:105050000AD9002301202360064BBDE810401870D8
:1050600000F066B80023236010BD00BF3C4900205B
:105070001C1A00203E44002010B50B4C2378052B51
:1050800010D1B4F84C309B0708D509F00DFB28B1BE
:1050900020460BF061FB05480AF067FDBDE81040B3
:1050A00009F024BB10BD00BF3C490020A0860100D0
:1050B00008B5044B1B78012B01D1FFF7DDFF012060
:1050C00008BD00BF780C0020014B1878704700BF66
:1050D000281A0020014B1870704700BF281A0020C2
:1050E00008B509F031FB014B186008BD241A0020F7
:1050F000014B1870704700BF221A0020014B18782E
:10510000704700BF221A0020302310B583F31188A6
:1051100000F0AEFD002484F3118872B600F0DEFECC
:1051200000F034FE04F062FD84F3118862B610BD15
:10513000014B1870704700BF211A002010B5074CB2
:10514000237828B11BB1FFF7CBFF0323237010BDD9
:10515000002BFCD10122024B1A70F8E7281A00201C
:10516000211A00200F4B70B51E6801F01FF90E4D7B
:10517000044618B900232B7000240AE0FFF7A0FDB5
:1051800018B90A4B1B78042BF4D02B781BB10023E1
:105190002B70204670BD002EEED004F0E9F9B0422D
:1051A000EAD3F4E77C0C0020211A00203C490020BF
:1051B00008B501F00DF938B1044B186809F008FB87
:1051C000C72894BF0020012008BD00BF241A00207A
:1051D0000120704708B5FFF7FBFF38B1044B186892
:1051E00009F0F6FAC72894BF0020012008BD00BFCF
:1051F000241A002070B5FFF763FD044668B9084E15
:105200003578012D09D101F071F8304609F00CFE16
:10521000224621462846FFF799FC012070BD00BFB9
:105220003C49002008B5FFF7E5FF38B1044B18688A
:1052300009F0CEFAC72894BF0020012008BD00BFA6
:10524000241A00207047000008B507F011FB003851
:1052500018BF0120044B187007F0FAFA09F03DFA64
:10526000FFF7F0FF08BD00BF201A0020002310B593
:10527000074C2370FFF788FBFFF746FF2378054AAA
:10528000022B18BF03231370FFF7AEFB10BD00BF46
:10529000221A0020281A002008B5064B1B780BB1F3
:1052A00007F0C4FA09F022FA01F02EFDBDE808402B
:1052B00004F064B9201A002010B5154C2378032B94
:1052C0001BD8DFE803F0020A131BFFF74BFFA0B166
:1052D000FFF706FF012323700FE0FFF769FF60B1BE
:1052E000FFF7B2FFFFF7FCFE0223F4E7FFF772FFC0
:1052F00018B1FFF7F5FEFFF7B9FF10BDFFF792FFFA
:105300000028FAD0FFF7C8FFFFF7EAFE0023E2E724
:10531000281A0020202938B505460C4610D1FFF781
:1053200081FE012806D122462946BDE838400220E8
:1053300009F0C2BD21462846BDE8384000F0E2BB76
:1053400038BD08F02EBF0000054A064B06495A60DA
:10535000116051609A60DA60002219611A7070471A
:10536000102200202C1A0020401A00202DE9F041C4
:10537000174C0E466768A56807F59C784545E368B5
:1053800004D19F4206D10020BDE8F08105F108025A
:105390009342F7E70F4B22699A1A312A9CBFA3F276
:1053A000CF732361322EEED8236901463246184668
:1053B000FBF794FA034645453344286023616B604C
:1053C00002D1A7600120DFE70835A560FAE700BF3A
:1053D0002C1A00200F220020074A10B5D3689268CB
:1053E000934207D0D3E90014641A2246FBF776FAF9
:1053F000204610BD0024FBE72C1A0020074BDA687A
:1054000099688A4208D0596801F59C70824201D19E
:10541000D96070470832DA60704700BF2C1A00204C
:10542000014B1878704700BF2C1A0020014B1870F0
:10543000704700BF2C1A0020034BD8689B68C01A25
:1054400018BF0120704700BF2C1A0020104900230C
:105450000A4610B50C7C844212D11C2159435018C5
:10546000806850B1FF28515808D048434000411C83
:105470001C2000FB03220120516010BD0131F7E721
:1054800001330A2B01F11C01E4D10020F5E700BF34
:10549000D00C0020F0B50A4E00253446377C8742F8
:1054A00007D11C2000FB054041760276837601205F
:1054B000F0BD01350A2D06F11C06EFD10020F7E7FB
:1054C000D00C0020094A30B500231446157C8542D3
:1054D00005D11C22012002FB0344A16030BD013331
:1054E0000A2B02F11C02F1D10020F7E7D00C0020BA
:1054F000094A30B500231446157C854205D11C228B
:10550000012002FB0344616030BD01330A2B02F12C
:105510001C02F1D10020F7E7D00C002070B50B4C35
:1055200000232546267C864209D11C204343E818E7
:10553000E95000238260C3604374012070BD0133D1
:105540000A2B04F11C04EDD10020F7E7D00C002059
:1055500070B500252E462B4C6368002B4FD0E068B9
:1055600008BB637CB3FA83F35B09637409F0ECF85E
:10557000D4E900239342E0602BD266606674E66053
:1055800063690BB1207C9847207CFF2824D100223E
:105590001146104605F072FD0735462D04F11C0436
:1055A000DAD1012070BD09F013F923689842D8D2EE
:1055B0006368002BE4D0204600F01EFD0028EBD0ED
:1055C000637C207CB3B1FF280CD1A27E217E607E5B
:1055D000E0E79B1A6360EBE79628DDD800231A46C4
:1055E000194604E09628D7D8A37E227E617E05F076
:1055F000D9FCD1E7FF28CAD09628CDD8EFE763744D
:10560000E360C9E7D00C00200246002330B50C1837
:1056100012F8015B2B44A242DBB2F9D1435430BDF6
:105620000120704708B5FFF7FBFF08BD08B54FF430
:10563000E13009F0D7F9FFF787FEBDE808402422E2
:1056400000210148FBF7C4B8A4230020004870479C
:10565000800C002000487047830C002000487047F1
:10566000810C002018B111B189B209F0EBB9704773
:1056700073B5FFF7D5FE03280FD8DFE800F040022E
:105680002D3B774B186809F0A3F80A2805D90022AA
:105690000220744B1A70FFF7C9FE734D734C09F06A
:1056A000DBF9002856D009F0C3F92A68012A38D05E
:1056B000022A3ED0002A5BD161282FD85F2804D867
:1056C000A0F15A03DBB2032BE9D8012302222B609D
:1056D000674B20701A70E2E7624A13780133DBB23D
:1056E000282B02D813700020D5E700231370FFF792
:1056F00085FEF8E7FFF782FE0020FFF797FE5D4882
:10570000FFF76AFE01460028C7D05A48FFF7AAFFF4
:1057100009F01AF8524B18600120BCE7AF28BED13F
:10572000D3E70223524A2B6013786070013B137059
:10573000B5E72378612B0FD163780D2B18D10A2898
:1057400016D1FFF76DFE012802D10320FFF76EFE90
:1057500000232B6002B070BDAF2B09D16378602BA2
:1057600006D103232B60424BA0700130187096E7DE
:105770003F49531C2B600B78A054013BDBB20B70EC
:10578000002B8CD11946394810F8016B0131334494
:105790008A42DBB2F8D8A25C9A422AD10322364967
:1057A00001A8FBF79BF8032101A809F04BF920465B
:1057B0002978FFF737FF0028CCD02378602B0AD850
:1057C000592B16D95A3B062B13D8DFE803F01519CD
:1057D0003A3E12124200AF2B0BD1A678202E08D1F0
:1057E000264932462648FBF779F831462448FFF728
:1057F000A8FD00232B6052E76278224B5A70F8E72D
:105800006378313B052BF4D801A252F823F000BF96
:10581000295800083158000837580008F357000885
:10582000F35700083D5800080122164B1A70E0E7B4
:105830000222144BFAE70322124BF7E70422114B22
:10584000F4E762780F4BDA70D3E762780D4B9A7009
:10585000CFE76078431E58425841FFF76FFCC8E716
:105860005C230020582300205423002080230020A4
:1058700050230020A4230020FF1F010883230020C1
:1058800060230020800C00201FB5002301930293A9
:10589000ADF80C30A123082201460DF105008DF86A
:1058A0000430FBF71BF801A80921FFF7ADFE0A2120
:1058B000FFF75CFD05B05DF804FB1FB50446102240
:1058C00000216846FAF784FFA2230E2221460DF13B
:1058D00001008DF80030FBF701F868460F21FFF753
:1058E00093FE1021FFF742FD04B010BD002307B561
:1058F0000193A323022201460DF105008DF8043027
:10590000FAF7ECFF01A80321FFF77EFE0421FFF761
:105910002DFD03B05DF804FB002307B58DF80630BC
:10592000A4238DF804300378022101A88DF80530F6
:10593000FFF76AFE0321FFF719FD03B05DF804FBD2
:10594000002307B50093ADF804308DF80630A82386
:10595000052201460DF101008DF80030FAF7BEFF77
:1059600068460621FFF750FE0721FFF7FFFC03B052
:105970005DF804FB30B5054687B015220021684666
:10598000FAF726FF2846FAF751FEC4B2122C11D8B6
:10599000A923224629460DF102008DF800308DF82A
:1059A0000140FAF79BFFA11C6846FFF72DFE152169
:1059B000FFF7DCFC07B030BD002307B58DF80630DB
:1059C000A6238DF80500022101A88DF80430FFF709
:1059D0001BFE0321FFF7CAFC03B05DF804FB0023A4
:1059E00007B58DF80630A7238DF80500022101A820
:1059F0008DF80430FFF708FE0321FFF7B7FC03B072
:105A00005DF804FBB32307B58DF803209A1A8DF8CF
:105A1000010010448DF802108DF80400052168463D
:105A20008DF80030FFF7A2FC03B05DF804FB000026
:105A300007B50322054901A8FAF750FF032101A881
:105A4000FFF794FC03B05DF804FB00BFD81D01080C
:105A500030B50C468FB005463122002101A8FAF777
:105A6000B7FE2E2C11D8AB23224629460DF1060095
:105A70008DF804308DF80540FAF730FFA11C01A81D
:105A8000FFF7C2FDE11CFFF771FC0FB030BD30B570
:105A90000C468FB005463122002101A8FAF798FE86
:105AA0002E2C11D8AC23224629460DF106008DF884
:105AB00004308DF80540FAF711FFA11C01A8FFF78B
:105AC000A3FDE11CFFF752FC0FB030BD1FB5002352
:105AD00004220293ADF80C30AD2340EA014001905E
:105AE0000DEB02010DF109008DF80830FAF7F6FE12
:105AF00002A80521FFF788FD0621FFF737FC05B056
:105B00005DF804FB30B50C468BB00546242200211D
:105B100001A8FAF75DFE202C12D146F2AF132246FF
:105B200029460DF10700ADF804308DF80640FAF76C
:105B3000D5FE232101A8FFF767FD2421FFF716FCFE
:105B40000BB030BD10B50C46062851D8DFE800F088
:105B500004212C353E4709001120BDE81040FFF715
:105B60002BBF3020FFF728FF002C41D00A2121480D
:105B7000FFF76EFF28212048FFF789FF43F22D40F1
:105B80004EF21A51FFF7A2FF5220FFF715FF5120E6
:105B9000E3E73120FFF710FF54B35220FFF70CFF6B
:105BA0001648FFF7E7FEF2E73220FFF705FFFCB1EA
:105BB0005220FFF701FF1248F3E73320FFF7FCFE06
:105BC000B4B15220FFF7F8FE0E48EAE73420FFF7A1
:105BD000F3FE6CB15220FFF7EFFE0B48E1E73520F2
:105BE000FFF7EAFE24B15220FFF7E6FE0748D8E7A8
:105BF00010BD00BFF4200108FE20010803200108A9
:105C00000D20010817200108212001082B20010880
:105C100008B5FFF711FC20B95320FFF7CDFE012096
:105C200008BD0020FCE7000010B5C4B20B2C0CBF6F
:105C300002200120FFF75CFA2046FEF79BFE0BF0E6
:105C40001EFA4FF0FF32014B5A6110BD00180040A0
:105C50000023054A0549C2E900130133102B02F164
:105C60000802F8D1704700BFF8460020295C000800
:105C70002DE9F041FFF7ECFF00254FF001083F4E02
:105C800056F8041B4A1C0CD021F00F0701F00F013D
:105C900008FA01F421460522384624040BF016FACE
:105CA000BC610135EDB20F2DEAD106240126302763
:105CB000334D55F8040B431C2ED000F00F01202269
:105CC00006FA01F120F00F000BF000FA00BF00BF50
:105CD00000BF00BF00BF00BF00BF00BF00BF00BFCC
:105CE00000BF00BF00BF00BF00BF00BF00BF00BFBC
:105CF00000BF00BF00BF00BF00BF00BF87F3118817
:105D000055F8040C022200F00F0120F00F000BF0F8
:105D1000FDF9002383F31188013C14F0FF04C8D17E
:105D200022464FF4006117480BF0D0F900BF00BFC6
:105D300000BF00BF00BF00BF00BF00BF00BF00BF6B
:105D400000BF00BF00BF00BF00BF00BF00BF00BF5B
:105D500000BF00BF00BF00BF00BF00BF302383F300
:105D6000118803220B2107480BF0D0F984F3118826
:105D7000FEF7A4FDBDE8F0410BF062B984210108F3
:105D8000C0210108000800407047000008B509F074
:105D9000CFF80322214B22499A620C22DA62D1F811
:105DA0009020204822F01802C1F8902000229A6228
:105DB000DA62D3F8402C03F5406342F480721A642F
:105DC0001A6C4FF4006142F002021A6401225A6315
:105DD000DA67DA6608225A615A695A615A6942F0EA
:105DE00001025A619A6C42F4C0629A649A6CDA6C4D
:105DF00042F00802DA64DA6C9A6C42F480529A64D7
:105E00009A6CDA6C42F01002DA6440F28232DB6C97
:105E10000BF05CF9FFF7B8FF08BD00BF00000140C0
:105E200000040140000800404FF0E022136910B563
:105E300023F001031361234A234B01245A610022FA
:105E40000021930003F1604303F56143D3F800019F
:105E5000012994BF002000F0010008B1C3F880417F
:105E600001312029F2D10132082AE9D1174C6368A7
:105E700043F000736360164B1A6802F009021A605F
:105E80001A6842F46C3242F004021A6040F2B332F3
:105E90001A62104B43F001039847236943F004034F
:105EA000236130BF0C4B43F0010398474FF0E022D1
:105EB000236923F004032361136943F00103136191
:105EC00010BD00BFFFFF07000018004000ED00E01C
:105ED000000001405C21010828210108FFF7A4BF50
:105EE0007047000038B51A4D04462B78042B1BD898
:105EF000DFE803F003280E1F280000231A46194686
:105F0000FFF7C8FAFF2232212046FFF707FB0BE01C
:105F1000FF231A461946FFF7BDFA0322FA2120464D
:105F2000FFF7FCFA01232B702046BDE83840FFF74D
:105F30008DBAFF231A461946FFF7ACFA01224FF437
:105F4000FA71E1E700232B70FFF7CCFFECE700BF0D
:105F500052240020FF2810B504461CD10E4BD3F864
:105F6000143123F07F43B3F5405F0DD1002230237D
:105F70001146FFF78FFA20460121FFF7A3FA2046CA
:105F8000BDE81040FFF762BAB3F5401F03D100230C
:105F900030221946EDE710BDD00C002070B51D462B
:105FA0000C4B0E465B781446DB060DD50A4B187871
:105FB00002F0CDF9022808BF3446E0B26B792BB16C
:105FC000BDE8704002F038BAC0B2F7E7BDE87040F3
:105FD00002F07ABA44440020C124002008B5054BE1
:105FE00000211870FB20FFF783FABDE80840FB2072
:105FF000FFF778BF5224002008B5037CFA2B13D09A
:10600000FB2B16D1104B1B78012B0FD0033B012B20
:106010000AD80E4B1B783BB1437C2BB1837E027EAA
:10602000417E502004F0BEFF002008BDFEF71CF8A2
:10603000FAE7074B1B78002BF6D1FEF715F880F036
:106040000100C0B2F1E700BF52240020404400200C
:106050006C240020014B186803F010BA444400205F
:106060000B8813B5A3F5FC430A2B28D8DFE803F00F
:10607000062A435C27272727A9277400684B01209D
:106080001A780DF10701C2F3420352098DF8073067
:10609000FEF748FB9DF80720042A10D81523D340AB
:1060A000D9070CD5FEF70CFE01221146FEF74EFD76
:1060B00001225C4B1A7008F047FBFEF755FB0020ED
:1060C00002B010BD564B01201A780DF10701C2F342
:1060D000420352098DF80730FEF724FB9DF8072094
:1060E000042AECD81523D340DA07E8D5FEF7E8FDFB
:1060F00001220221DAE74A4B01201A780DF107014B
:10610000C2F3420352098DF80730FEF70BFB9DF8EE
:106110000720042AD3D81523D340DB07CFD5FEF7B9
:10612000CFFD01220321C1E73D4B01201A780DF17B
:106130000701C2F3420352098DF80730FEF7F2FA65
:106140009DF80730DA1E012A01D9002BB7D1FEF7DE
:10615000B7FD01220621A9E7334B187802F0F7F8C2
:1061600002280CBF01220022304B1A701BD10020E4
:1061700002F04FF8002002F0D6FC0022FF23114667
:106180001A20FFF787F98120FFF729FC00211A2048
:10619000FFF7AEF90322FA211A20FFF7BFF91A2000
:1061A000FFF754F98BE7022002F033F8002002F0E9
:1061B000BAFCFF231A201A461946FFF76BF9802014
:1061C000E2E7174A5178C1F3C00383F0010363F398
:1061D000C30111F00804164B517016D001221A8029
:1061E0000023FF211A462420FFF754F90021242020
:1061F000FFF77EF90322FA212420FFF78FF92420EC
:10620000FFF724F9FFF726FF59E708221A80FF233A
:10621000242019461A46FFF73DF92146E7E700BF5B
:106220004444002051240020C12400206A2400207E
:10623000EC0D0020024B587800F00700704700BFBB
:1062400044440020024B5A7860F302025A707047AF
:10625000444400200022174B10B51A700122164C3E
:10626000164B1A702368164A1A40164B13432360C4
:10627000FF232371FEF724FD237860F3430323708B
:10628000FDF724FFFFF7E6FE0F4B187870B10228E8
:106290000CD0002002F047FCBDE810400B4B1A78F0
:1062A00042F080021A70188803F0E1B801F0B1FFE3
:1062B000EFE700BF6524002044440020EA0D0020E1
:1062C0000E80E0F031270400662400205E440020A8
:1062D00008B503F0D0F8044B186018B9BDE80840C1
:1062E000FFF7B8BF08BD00BF444400204FF40032A0
:1062F000014B9A61704700BF000400400222014B2D
:106300009A617047000400404FF080434FF0807264
:106310009A6108F0C7B900004FF080434FF48072D3
:1063200010B59A614FF4007280219A6117480122DA
:106330000AF0CCFE4FF40003144C0122A36140216B
:1063400020460AF0C3FE124B5B7813F0400316D0D0
:1063500040230022A3610F4B1A70FEF7B1FC0446E4
:10636000FEF7AEFC002201462046FEF7EFFB08F0E8
:106370009AF908F0E9F9BDE81040FEF7F5B94FF4D5
:10638000800202498A61044A1370E6E70004004073
:1063900044440020EA0D002065240020024B1878B8
:1063A000031F5842584170473C49002010B5FEF782
:1063B00087FC044638B9054B1B78042B03D0FEF745
:1063C000B7FE204610BD0120FCE700BF3C4900207D
:1063D00010B5FEF775FC044650B9064B1B78042B2C
:1063E00006D0FEF7A5FE2046FEF774FE204610BD3F
:1063F0000120FCE73C49002038B5134D134C2868B8
:10640000C8B108F0E5F9632815D97020FFF7D4FA70
:106410005520FFF7D1FA5720FFF7CEFA2178002256
:1064200001F00E00B0FA80F0C1F342014009FEF71E
:106430008DFB00232B6021780020BDE838404A09FD
:10644000C1F34201FEF72CBA7C2400204444002012
:106450008C4B73B51880A0F5FC400C460A2800F25E
:106460000E81DFE810F0340072009300B300D70013
:106470000C010C010C0114000C011400824C20785A
:1064800006F0C4FE00232370002002B070BD4B79DB
:10649000002BF3D0FEF714FC0446FEF711FC8442F7
:1064A00009D0FEF70DFC0446FEF70AFC0022014667
:1064B0002046FEF74BFB744C2378002BE4D140F6CA
:1064C000B830704A714906F093FE2070DCE7704BDB
:1064D00001201A780DF10701C2F3420352098DF829
:1064E0000730FEF71FF99DF80720042A26D8152348
:1064F000D340D90722D56679634D002E00F0858000
:10650000FEF7DEFB012805D0FEF7DAFB00220121B1
:10651000FEF71CFB2B7833B940F6B830594A5B497B
:1065200006F066FE2870637943B108F0DFF80022B8
:10653000584B1A7008F008F9FEF716F9FF20FFF71C
:106540003BFA0022544B1A709EE7514B01201A78F7
:106550000DF10701C2F3420352098DF80730FEF72F
:10656000E1F89DF80720042AE8D81523D340DA077C
:10657000E4D56679444D002E47D0FEF7A1FB0228F2
:10658000C8D0FEF79DFB00220221C1E7404B01204D
:106590001A780DF10701C2F3420352098DF8073052
:1065A000FEF7C0F89DF80720042AC7D81523D3406A
:1065B000DB07C3D56679344D3EB3FEF781FB032874
:1065C000A8D0FEF77DFB00220321A1E7304B01207C
:1065D0001A780DF10701C2F3420352098DF8073012
:1065E000FEF7A0F89DF80730DA1E012A01D9002B2A
:1065F000A4D16679244D46B1FEF762FB062889D006
:10660000FEF75EFB0022062182E7287806F0FEFDF9
:106610002E7088E71E4B01201A780DF10701C2F396
:10662000420352098DF80730FEF77CF89DF80730D9
:10663000DA1E012A01D9002B83D16579124CCDB124
:10664000FEF73EFB28B1FEF73BFB00221146FEF7AA
:106650007DFA237833B940F6B8300A4A0B4906F080
:10666000C7FD207000220B4B1A7008F06DF8FEF782
:106670007BF866E7207806F0C9FD2570F2E7012077
:1066800003E700BFE0230020DF2300206160000853
:10669000444400205124002058240020F8B504462A
:1066A0000D46FEF7D3FF0378022B03D108F04CF818
:1066B000FEF75AF847F621039C4220D01AD8A4F5D9
:1066C000A443213B9BB2042B04D8152222FA03F3E6
:1066D000DB0728D4FDF7C8FC88B1A4F5A443203B10
:1066E0001F2B0CD96B7953B129462046FDF7C4FC0A
:1066F0000020F8BDA4F5FC43123B032BEAD8FDF7BC
:10670000B3FC70B345F225239C421ED845F22023EA
:106710009C42EDD91520A4F5A444213CA4B2E0404C
:1067200000F00100E5E76F79002FE8D1FDF79CFC50
:106730000028E4D00C4E337823B129462046377028
:10674000FDF79AFC01233370D9E747F621039C42F9
:10675000CFD0A4F5FC44123C032C8CBF00200120B8
:10676000C7E70120C5E700BF404400201E3808B538
:106770000B4627286DD8DFE800F0141B1F23272BBA
:106780002F33373B6C6C6C6C6C3F436C6C6C6C6C7B
:106790006C6C6C6C6C6C474B4E5154575A5D60631B
:1067A00066693A22BE211E20FFF7F8FB002008BDD3
:1067B0003B22BD211F20F7E73C22C1212020F3E727
:1067C0003D22C2212120EFE73E2222201146EBE7A5
:1067D0003F2223201146E7E74022AC212420E3E7B3
:1067E0004122AE212520DFE74222AB212620DBE734
:1067F0004322A8212720D7E74422AA212D20D3E72E
:106800004522A9212E20CFE7B3223A210846CBE723
:10681000B5223B21FAE7B1223C21F7E7B2223D2124
:10682000F4E7AF223E21F1E7AD223F21EEE7AC22B3
:106830004021EBE7AE224121E8E7AB224221E5E728
:10684000A8224321E2E7AA224421DFE7A922452129
:10685000DCE70120ABE7000073B5154606461C4691
:10686000019107F071FF084B03221860074B640089
:106870001E60074B01A91D60064B07481C60FAF714
:106880002DF802B070BD00BF4C2400204024002031
:1068900048240020442400203C240020F7B5474B26
:1068A000474E0D46377814461A70FEF709FAC7F3BB
:1068B0004207874213D0FEF703FA337800F007004F
:1068C00060F343033370DAB203F00E032BB10328F5
:1068D0009EBF134660F347133370FFF7BBFB062DD3
:1068E00069D8DFE805F057041C3068684400FF23CE
:1068F0006CB100228DF80630ADF804200123C822C7
:106900000420019903B0BDE8F040FFF7A5BF8DF862
:1069100006304FF4FA720123ADF80440F0E7FF238C
:106920004CB100228DF80630ADF804200123C822B6
:1069300003200199E6E78DF806304FF4FA7201233F
:10694000ADF80440F4E7FF234CB100228DF8063087
:10695000ADF804200123C82202200199D2E78DF866
:1069600006304FF4FA720123ADF80440F4E74FF417
:106970007F43ADF804303CB10023C8228DF80630C7
:10698000012318460199BDE701234FF4FA728DF8EF
:106990000640F6E74FF6FF73ADF804308DF8063089
:1069A00001231CB1C82200200199ABE74FF4FA7211
:1069B00020460199A6E703B0F0BD00BF5024002097
:1069C0004444002010B5FEF741FE0378022B13D09B
:1069D000FEF776F918B90A4B1B78042B0AD0FEF79C
:1069E0006FF90446FEF76CF9064B01461A7820460B
:1069F000FFF754FF012010BD01F0CFFC0020FAE7A3
:106A00003C4900205024002070B5164C2068D0B1BD
:106A100007F0DEFE144B154D1B68984208D2144B4C
:106A200018682B6813F0010313D11A46194614E0B5
:106A300007F08AFE2B68206033B900232360FFF73C
:106A4000C1FF0028EBD170BD013B2B60002BE6D1CC
:106A5000F3E708498B784A780978BDE8704004F07C
:106A6000A1BA00BF4C240020482400204424002068
:106A7000402400203C24002008B53023FF201A4683
:106A80001946FEF707FD0322FA21FF20FEF746FD17
:106A9000FF20FEF7DBFC012008BD0000204B2DE9A4
:106AA000F0411B7813B30025DFF8788047460024B7
:106AB0002846E1B203F054F8064660B13B7853B97A
:106AC0004DB9012C14D16020FEF776FF2246052136
:106AD0002846FEF797FF01340F2C07F8016BE7D12A
:106AE0000135EDB2062D08F10F08DFD1BDE8F081C8
:106AF000022C06D16020FEF75FFF01220521132042
:106B0000E7E7032C06D16020FEF756FF012205219E
:106B10002720DEE7042CDED1FEF78AFFDBE700BF8B
:106B200068240020E2230020F8B54FF080431A6962
:106B30004F4C1B69C2F3C0114E48217003F4004151
:106B4000C3F3C0330370130640F1858000290CBFE6
:106B500064256625484E306800287ED107F0F4FD94
:106B600030602846FEF728FF5320FEF725FF434EEE
:106B7000FFF794FF307801F0EAFB002874D0022878
:106B800072D03F4F3B7873B13E4D286807F020FE2E
:106B90004F2808D94FF400023B4B9A6100233B7009
:106BA00007F0D2FD2860394F3B7873B1384D286823
:106BB00007F00EFEC72808D94FF40002324B9A6145
:106BC00000233B7007F0C0FD2860324D2B7853B98D
:106BD000307801F0BCFB02280CBF80208120FEF73A
:106BE000FEFE01232B70FEF76BF82B4D2B788342B2
:106BF00007D0FEF765F82870FEF762F8FF20FEF771
:106C0000DBFE23789BBBFEF725FD03787BBB234C83
:106C1000206810B907F098FD206007F0D9FD46F212
:106C2000A813984223D901F0E9FE206807F0D0FDAF
:106C300046F2905398421AD901F0E0FE00232360F7
:106C40000124174B11201C70FEF7B6FE2046BDE84C
:106C5000F840FEF76DBA65257CE707F0B9FDB0F5A1
:106C60007A7F3FF67BAF82E70E4B187089E7F8BD5D
:106C70007924002078240020D8230020C12400207B
:106C8000642400206024002000040040E90D00205E
:106C90005C240020D4230020860C0020D023002078
:106CA00067240020662400202DE9F3410026FF27F9
:106CB000144D054400EB80004400E4B28DF8004020
:106CC0008DF801708DF80270009815F8018B03F0B3
:106CD00061FCC0F30721C0F307438DF804008DF871
:106CE00005108DF80630C2B2DBB24046C9B201369B
:106CF00004F058F90A34052EE4B2DFD102B0BDE841
:106D0000F08100BF870C002038B5FDF7D9FF04469D
:106D100070B924480578012D0AD14FF40032224B76
:106D20009A6108F081F8224621462846FDF70EFFB9
:106D30001E4C002021781C4D4A09C1F34201FDF789
:106D4000AFFD4FF080434FF480729A614FF40072B0
:106D500040219A61144820220AF0B8F920228021AB
:106D600011480AF0B3F9012280210F480AF0AEF968
:106D70004FF400030122AB61402128460AF0A6F936
:106D8000637813F0400305D040230022AB61084B29
:106D90001A7038BD4FF4800203498A61054A1370A6
:106DA000F7E700BF3C4900200004004044440020B5
:106DB000EA0D002065240020F8B5002401270A4EC2
:106DC00000252046E9B202F0CBFE28B1052C03D104
:106DD00015B901253770F4E701350F2DF1D10134D4
:106DE000E4B2062CECD1F8BD682400201A4B07B59C
:106DF0001B7873B3194B1B78032B17D8DFE803F00C
:106E0000022124274FF47F43ADF80430A0238DF8EE
:106E10000630019803F0BEFBC0F307238DF8000095
:106E2000C0F307408DF801308DF802009DF8022074
:106E30009DF800109DF8010003B05DF804EB04F02C
:106E40001DB94FF65573DFE74FF6AA73DCE7002351
:106E5000DAE703B05DF804FB6C2400206B2400200B
:106E60000A4B9B7803F00703032B0BD8DFE803F0F2
:106E70000C0206081123064A137070471E23FAE716
:106E80002A23F8E73723F6E70823F4E744440020F1
:106E90005924002038B5FFF71BFA01224FF4807106
:106EA0004FF080400AF012F94FF080444FF48073A5
:106EB000A3614FF400333B4D0122AB612846022110
:106EC0000AF004F92046002280210AF0FFF820464B
:106ED00020224FF400410AF0F9F8284620224021F0
:106EE0000AF0F4F82846202280210AF0EFF8204624
:106EF00001224FF400710AF0E9F84FF40073A36126
:106F0000294CFDF721FE21780022C1F34201012026
:106F1000FDF71CFE07F018FC244BFF221860C82167
:106F2000FA20FEF7FBFAFA20FEF790FAFF22C821BA
:106F3000FB20FEF7F3FAFB20FEF788FAFDF7C0FE10
:106F4000FF20FEF739FD00F0EBFEA078C0F3C10092
:106F5000FDF746F82846012280210AF0B7F84FF4E1
:106F6000000301222846AB6140210AF0AFF86378A4
:106F700013F0400115BF40224FF480020021094860
:106F800015BFAA6182610A4A0A4A13F0080F1170FC
:106F90000CBF01220822084B1A80BDE83840FFF7D9
:106FA0005FBF00BF00040040444400207C24002058
:106FB000EA0D002065240020EC0D002008B502F049
:106FC000B9FA03F0BDFF02F04FFA044B1880FFF747
:106FD00053FDBDE80840FFF75DBF00BF5E440020E1
:106FE0002DE9F04106460C46FFF758FB002800F05B
:106FF00015812146304600F0C3FE002800F00E81C6
:1070000021463046FFF7B2FB002800F007812146F9
:107010003046FFF71DFA0746002800F0FF80B74B07
:107020001B7823B147F60E639E4240F0F780DFF8ED
:10703000D08298F8003053B1637943B12C2E06D03A
:1070400000221146104688F8002004F017F8AD4DD4
:107050002B7813F00E0F40F0D380B6F5F84F00F008
:10706000808100F2AB8045F202239E4200F0EA826A
:107070007BD87E2E4DD87A2E40D82C2E00F08281DF
:107080003846BDE8F081A6F5FC46053E182EF7D837
:1070900001A353F826F000BF2D7600089172000876
:1070A000B1740008817000087573000881700008D1
:1070B0005B7700081F74000865740008A972000857
:1070C0005373000821720008557200080B770008FE
:1070D00099760008D1760008F176000881700008E2
:1070E000817000088170000881700008A973000891
:1070F000CF730008ED730008DF7200087C3EE020CB
:107100006379022E00F2F180DFE816F00801110128
:107110001A01E72E16D8E02EB2D9E13E062EAFD8DE
:1071200001A353F826F000BF97780008817000088B
:10713000297800088170000897780008817000089D
:107140005B780008B6F5A44F9AD16379002B65D01F
:107150006D4B187801F0FBF802285FD1002001F098
:1071600058F8002001F0DFFC58E047F213039E427C
:1071700000F0A380A6F5F046203EB3B20A2B3FF6FE
:107180007FAF0A2E3FF67CAF01A353F826F000BF75
:107190000B7400089D77000881700008FD770008D7
:1071A000817000080B760008E97500083975000841
:1071B00081750008C9740008FD74000847F61D6356
:1071C0009E423FF65DAF47F604639E423FF65BAFDB
:1071D00047F603439E4200F0308247F616439E4234
:1071E0007FF44EAF6279494B002A49D0484A127861
:1071F000002A0CBF292035201A7000F077FF0DE01F
:10720000FEF724FA0378032B7FF427AF331FA02B5C
:1072100004D9A6F1E003072B3FF61FAF00272FE7A5
:10722000EB7803F00F030C2BF8D06379002BF5D02B
:10723000AB7803F00702032A08D8013262F3020395
:10724000AB70FFF70DFEFEF705FFE7E7042AF8D065
:107250000422F3E7EB7803F00F030C2BDED0637905
:10726000002BDBD0AB785E0703D1AB7823F00703AC
:10727000E6E7DA1D62F302035C07AB70E1D1F4E7E5
:107280001B78002B0CBF2920352000F045FFC5E7F7
:107290006379002BC2D06B78C3F3001282F0010235
:1072A00062F304136B70CEE763791A4C002B00F085
:1072B000C78107F049FA2060B0E76379002B3FF4FB
:1072C000DFAE002330211A46FF20FEF7E3F801214C
:1072D000FF20FEF7F7F8FF20FEF7B8F8D0E6627956
:1072E0000D4B02B101221A7098E71BB100F0FEFEAF
:1072F0001B2082E700F010FF1B20C6E76824002057
:107300006C24002044440020C1240020DE230020FF
:1073100069240020702400203D4400201BB100F0AF
:10732000E5FE062069E700F0F7FE0620ADE71BB199
:1073300000F0DCFE192060E700F0EEFE1920A4E763
:107340001BB100F0D3FE092057E700F0E5FE09204D
:107350009BE76379002B3FF493AE6220FEF72CFB92
:107360008EE66379002B3FF48BAE02F05AF807F0FB
:1073700047FA85E66379002B3FF450AF012388F884
:1073800000304BE798F80030002B3FF479AE63797A
:10739000002B3FF443AFB24A13780133DBB2032B27
:1073A00088BF0023137039E763794BB1FCF75CFEAB
:1073B00030B9E22001F040F82B2001F03DF85FE603
:1073C000E22001F081F82B2001F07EF858E6637985
:1073D0003BB1FCF749FE20B9E32001F02DF80B206A
:1073E000EBE7E32001F070F80B20EDE763793BB1A8
:1073F000FCF73AFE20B9E32001F01EF80720DCE795
:10740000E32001F061F80720DEE76379002B3FF409
:1074100005AF2B78DA4362F300032B7013E763792F
:10742000904CEBB12178D9B96B78402243F04003FE
:107430006B7001258C4B1D708C4B9A618C4A1078B7
:1074400028B11170FEF706FE01232370E6E68022C4
:107450009A6107F079F9874B1860874B1D70F1E747
:107460000023F2E76379854EFBB13578EDB98022D0
:1074700001247E4B9A61824B1C7007F065F9814BA9
:107480001860FF2346201A461946FEF703F82946DE
:107490004620FEF72DF80322FA214620FEF73EF89B
:1074A0004620FDF7D3FF3470B8E600233370B5E60D
:1074B0006379002B3FF4B2AE2B78C3F3001282F055
:1074C000010262F30413A8E7FCF7CEFD054600288D
:1074D0007FF4A4AE6379002B3FF4D2AD05F0E4FA5B
:1074E000D6287FF6CDAD29461120FEF701F80322FC
:1074F000FA211320FEF712F81320EDE6FCF7B4FD95
:1075000000287FF48BAE6479002C7FF4B9AD05F0D0
:10751000CBFA5F283FF6B4AD21461320FDF7E8FF14
:107520000322FA211120FDF7F9FF1120FDF78EFF4C
:10753000372005F0B1FA71E6FCF796FD0546002804
:107540007FF46CAE6379002B3FF49AAD05F026FA18
:1075500010F0800F4C4C0ED029461220FDF7C8FFCA
:107560000322FA211520FDF7D9FF1520FDF76EFF44
:10757000A023A37084E505F011FA2030A0707FE508
:10758000FCF772FD054600287FF448AE6379002BB6
:107590003FF476AD05F002FA20281FD829461520C1
:1075A000FDF7A6FF0322FA211220FDF7B7FF1220F4
:1075B000FDF74CFF06F0EAFEC0F34004800703D558
:1075C0000022314B9A705BE5002320461A4619468B
:1075D000013403F0E7FC972CF6D1F1E705F0DEF972
:1075E000294B203898704BE56379002B3FF416AE99
:1075F00005F06AF9022805D16B7823F020036B703F
:10760000FEF728FDFCF756FE08E66379002B3FF4F1
:1076100005AE05F059F9022805D16B7823F0200357
:107620006B70FEF717FDFCF723FEF7E52B78174A82
:1076300013F00E0318BF6379B4E66379144C35E692
:107640002360EBE56379002B3FF4E8AD114B18782C
:1076500000F07DFE02283FF4E1AD02207FE500BF8F
:107660006B240020DD23002065240020000400405E
:10767000EA0D00206024002064240020DC23002088
:10768000E90D00205C240020414400203C440020FF
:1076900074240020C12400206379002B3FF4BEAD88
:1076A000A8780021C0F3C100FCF7C2FB0020AB7832
:1076B00023F01803AB70FCF787FCFEF7CBFCA8782F
:1076C000C0F3C100FCF7A2FC0020FEF787FCA5E593
:1076D0006379002B3FF4A2ADA8780021C0F3C1006C
:1076E000FCF7A6FB0120AB7860F3C403AB70E2E7C4
:1076F0006379002B3FF492ADA8780021C0F3C1005C
:10770000FCF796FB0220AB78EEE76379002B3FF4A1
:1077100085AD05F0D9F82D287FF480ADFCF7A4FCE9
:107720000446A8785E4DC0F3C1007CB9FCF782FC2A
:107730005C4B1C7007F008F8224628602146204662
:10774000FCF722FC0320FEF749FC7CE50024012124
:107750002C60FCF76DFB2046F5E76379002B3FF4C6
:107760005DAD01226B7823F040036B704E4B1A70B5
:107770004FF480024D4B9A614D4B197811B10022A4
:107780001A7060E5EB785A1C02F00F020C2A94BFC5
:1077900062F3030361F30303EB7054E56379002B99
:1077A0003FF43CAD05F090F82D28424C22D1FCF777
:1077B0005BFC68B1A878C0F3C100FCF705FCA878B1
:1077C0000021C0F3C100FCF733FB0022354B1A70D7
:1077D0002879FF2808BF212005F073F8FEF73AFC4E
:1077E00005F0B8F8C0F307232070C0F307406370BA
:1077F000A07013E53048FCF78FFCEFE76379002BAE
:107800003FF40CAD0120FCF701FD6B7843F0200341
:107810006B7005F09FF8274BC0F307221870C0F378
:1078200007405A7098700EE5244B187800F08FFDD1
:107830000228234B2BD16179224A1B781170D9067B
:107840007FF51EACFCF710FC00287FF419ACE32098
:107850006379C3B100F04AFC12E4184B187800F0C9
:1078600076FD0228164B12D1164A61791B781170E9
:10787000DA067FF505ACFCF7F7FB00287FF400ACD7
:10788000E7206379E5E700F047FCFFF7F9BB1B78D9
:10789000DB063FF5F5AB62790A4B1A70FFF7F0BBD8
:1078A0004C44002040440020EA0D00200004004029
:1078B000652400204144002048440020C1240020C9
:1078C0005E4400206924002010B5FDF7F9F958B195
:1078D000FDF7BCFE03780D4C022B06D1012323706B
:1078E00006F032FF0A4B186010BD2278094B5AB1DE
:1078F00001221A70064B186806F06AFFB0F5FA6F9D
:10790000F2D900232370EFE71A70EDE75824002026
:1079100054240020532400202DE9F043DFF81C827A
:10792000064698F800500F46A5B0CDB1844C237898
:10793000412B00F2FF800022824D1046114603F0D9
:107940009DFB286806F044FF322805D906F0FCFEAE
:1079500023782860013323702078FFF7A5F9E1E050
:107960008A22794901A8F8F7B9FFDFF8E09101AC64
:107970002278607802EB420209EB02018B7819F859
:1079800002204978013503F00DFB452D04F1020476
:10799000EED16F4C206848B106F01AFF40F6B833BC
:1079A000984203D9FFF70AFB00232360694D6A4C14
:1079B000286858B106F00CFF42F21073984205D9BE
:1079C000237883F00103237000232B60634B1B7823
:1079D000002B40F08880FCF747FB58BB604B1B78BE
:1079E000042B22D106F0D2FC5E4DC0F340002B7870
:1079F00098420FD006F0CAFCC0F34000287006F091
:107A0000C5FC8107C0F3400304D41A46194606207A
:107A100003F0C8FA06F0BAFC82070BD5FF23062054
:107A20001A46194603F0BEFA04E0FDF70FFE03788C
:107A3000022BD7D04C4DDFF83491287800F087FC2A
:107A400002280ED04A4A99F800301078C3F300118A
:107A500088420B4605D0117019B90A46082003F078
:107A6000A1FA99F80030DB060AD5287800F06FFCFF
:107A7000022805D0FF2308201A46194603F092FA7F
:107A800004F022FF1F282ED004F01EFF2C282AD03D
:107A900004F01AFF242826D004F016FF252822D04F
:107AA00004F012FF26281ED004F00EFF27281AD05B
:107AB00004F00AFF282816D004F006FF292812D067
:107AC00004F002FF2A280ED004F0FEFE2B280AD074
:107AD000284B9A78D878284B02F00702197800F0E2
:107AE0000F00FCF74BFC23782BB1FF2309201A462B
:107AF000194603F057FAFFF7E7FEFDF7E1F810B17A
:107B00001E4B1B780BB9FEF77FFF39463046FDF759
:107B10001FFDFFF76BF9FCF7EFFB98F80030002B27
:107B20007FF404AF3946304600F0CEF9012025B08D
:107B3000BDE8F083002388F80030F3E7E80D00206B
:107B4000CC230020C8230020DB1D0108AD44002009
:107B50007424002070240020682400203C4400206D
:107B60003C490020850C0020C12400205E440020F8
:107B7000840C002044440020592400205324002079
:107B800010B50124044B1C7000F038FF2046BDE8FE
:107B90001040FDF79FBA00BF8624002008B5FDF70E
:107BA0008FF830B1FDF752FD0078831E58425841DE
:107BB00008BD0120FCE7000008B5044B187800F070
:107BC000C6FB831E5842584108BD00BFC124002097
:107BD000A0F139030C2B16D9A0F1A903012B12D95E
:107BE000292810D047F6034398420CD047F6056386
:107BF000984208D0A0F5FC430F2818BF042B94BF6F
:107C0000012000207047012070470F2808B509D1D6
:107C100031B14FF080431B691B0601D4FFF7B0FF61
:107C2000012008BD0020FCE747F60343984237B522
:107C30000C4616D1052000F05FFF90B1FBF7E4FA87
:107C400083060ED563794BB100F0D8FE41F288303F
:107C500007F08BFF01F0E5FB06F0D2FD012003B039
:107C600030BD294D28780028F9D0022221460DF197
:107C70000600F8F733FE627940F20B41BDF806309A
:107C8000002A32D08B42214A4FF001011CD11170E1
:107C90001F49087820B3002313701E4A2B701370FD
:107CA0001D4A0B70137004F0C1FD06F01FFD032088
:107CB000FDF710FAFDF704F802460028CED1174B65
:107CC0001978FCF743FFC9E70E2B04BF1048017079
:107CD00011780029DCD10E2BC0D0FFF751FFBDE792
:107CE00040F20B429342F6D1B8E78B4206D1074BE4
:107CF0001A70074B1B78002BB0D1EEE70E2BADD1DD
:107D0000034B1A70014BF5E78624002085240020E0
:107D10008424002090240020872400200E100020BE
:107D200008B5FBF787FFFBF755F90020FBF744F98F
:107D3000502208210848F8F74BFD0822064B07207F
:107D400003F83D2C03F83C2C03F83A2C03F8392CAB
:107D5000BDE8084004F0CCBEBD0F002031B938B1F9
:107D60000122044B1870044B1A707047034B1970B2
:107D7000704700BF0D100020902400200E1000203E
:107D8000014AFBF737BC00BFD82101082DE9F041BB
:107D9000444C237883BBFEF701FB4FF0804306463B
:107DA0001D69002848D1C5F3C015A8463E4B3F4C7D
:107DB0001A783F4FAA4206D01D7006F0C5FC85F028
:107DC000010520603D70B8F1000F3BD000233B70EF
:107DD000FCF776FF054698B3206810B906F0B4FCAE
:107DE000206006F0F5FC4F281ED9002228461146D7
:107DF0002260FCF7ABFE17E0FCF762FF20B14FF00A
:107E000080431B691B060CD500232A4A237013707C
:107E1000294A137004F00AFD06F068FC0320FDF700
:107E200059F92378002BB6D0FEF77EFE06F0C4FC8D
:107E3000BDE8F041FBF748BF05464FF00108B5E744
:107E40002060F1E7FCF73CFF3B7805463BB31B4B5A
:107E50001B78CBB11A4B93F80080A8451BD0206843
:107E6000A0B906F071FC0022206041462846FCF7CC
:107E70006DFE002DD8D1002ED6D13046FDF758F931
:107E80003046FDF727F9CFE70E4BE4E706F0A0FCFC
:107E90003B28E6D8EDE7002323603B70E9E7C4F810
:107EA0000080E6E786240020882400208C2400201F
:107EB0008724002085240020842400209024002092
:107EC0000D1000200E10002000232DE9F04387B094
:107ED0008DF815308DF816308DF81730FBF748F80F
:107EE0000446FBF73FF80546FBF748F80646FBF764
:107EF00039F8021F20463C2453420DF116080DF1BB
:107F000015070DF11709534129463246CDF8048073
:107F10000097CDF80890FBF725FF384664274146C7
:107F20004A46FBF75BFFFBF715FF9DF817309DF8FE
:107F300016209DF81510634362436143B3FBF7F3CA
:107F4000B2FBF7F2B1FBF7F1DBB2D2B2C9B203F088
:107F500029F806239DF815409DF816509DF81760E6
:107F60005C435D435E43B4FBF7F4B5FBF7F5B6FB4A
:107F7000F7F6DFF8C480314FB8F80000E4B2EDB294
:107F8000F6B2C8B906F018FCA8F80000FCF798FE95
:107F900000284BD0FDF75EFB0078642828BF6420E2
:107FA000502358436423B0FBF3F0254B1870C0F105
:107FB00050004010387003E006F003FCF928E1D8C7
:107FC0004FF00008DFF878903A785FFA88F39A4229
:107FD00008F147002CD899F800301344434527DDB9
:107FE00033462A46214608F1010802F0DBFFB8F1CA
:107FF000500FE9D100230A201A46194602F0D2FF99
:1080000000230B201A46194602F0CCFF00230D2056
:108010001A46194602F0C6FF00230E201A461946DA
:1080200002F0C0FF012007B0BDE8F0836420B7E78D
:1080300000231A461946D6E7822400208024002017
:108040008124002005280DD805290BD80E2A09D82F
:108050005A23C1EB011103FB0010034B024433F818
:108060001200704701207047F4240108052808D841
:1080700039B9054B82F0010202EB400033F81000E1
:1080800070470120704700BF0C220108A0F58072E4
:10809000B2F5F85F03461FD213F4805F00F400715D
:1080A00003F48062C0F3002003F400630AD00001EF
:1080B00009B140F020000AB140F040006BB140F03F
:1080C0008000704709B140F002000AB140F004009E
:1080D0001BB140F0080070470020704710B50C46F7
:1080E000FFF7D4FF2346BDE810401847A0F1E00396
:1080F000072B10B5044600D940B920460449FFF7C4
:10810000EDFFE0B2BDE8104000F096B90149F6E796
:1081100085850008A989000810B50446C0B200F0A2
:10812000D3F9A4F1E003072B00D92CB90349204669
:10813000BDE81040FFF7D2BF0149F8E79785000876
:10814000BB89000838B505460C46FFF7CFFF1CB9C0
:108150002846FFF7E1FF38BD6420013C07F005FD2C
:10816000A4B2F4E708B539280CBF50210021FFF76D
:10817000E9FF08BD0120704708B5FFF7FBFF08BD08
:10818000704708B5FFF7FCFF08BD000013B502AB50
:1081900003E903000F4B1B78B3B99DF8053073B1A9
:1081A0006AB100F06BFD04460146009800F028FD1E
:1081B0002046009902B0BDE8104001F0AFBB009826
:1081C00000F03EFD0446F3E7009800F057FD0099EB
:1081D000F0E700BF98240020034610B400885C88B4
:1081E0000A4640EA0440998810BCFFF7CFBF10B59B
:1081F00004460121FFF7F0FF2146FFF7BDFF10BD48
:1082000010B504460021FFF7E7FF2146FFF7B9FF4D
:1082100010BD10B501248440E4B2204601F020F9DD
:108220002046BDE8104000F03ABC0120704708B578
:10823000FFF7FBFF08BD10B5044600F0DFFB20464A
:10824000FFF7F5FFBDE8104046F2A81007F08DBC1F
:1082500008B50120FFF7EFFFBDE8084006F0D0BAEF
:1082600008B50020FFF7E7FFBDE8084006F0EEBACA
:1082700038B501210546FFF7AFFF2946044605F052
:108280000DFF002840D029462046FEF7A9FED8B3AE
:108290002946204605F00CFEB0B32946204605F0DD
:1082A00069F988B32946204605F03EF960B32946AE
:1082B000204604F06FFC38B32946204605F046FE00
:1082C00010B36B797BB147F65A439C4223D00ED84A
:1082D00047F601439C421BD047F603439C4215D00E
:1082E000B4F5F84F0ED02846FCF7E2FE0DE047F655
:1082F0005B439C4212D047F65C439C42F3D101F0B1
:108300007DF8F0E7FFF7A4FF002038BD01F089F801
:10831000FFF7A6FFF8E701F07DF8E4E701F07DF84C
:10832000E1E708B5FDF7F0FF03F0B8FE00F030F824
:10833000BDE80840012004F063BA08B500F02DF84C
:10834000002004F05DFABDE80840FDF7E5BF020932
:1083500006BF13460246042391081EBF0A46023395
:10836000DBB203EB5200C0B2704701207047704788
:1083700038B50546FFF7F9FF044610B12846FFF768
:10838000F6FF204638BD704708B5FFF7F1FF08BD7E
:1083900008B50020FFF7F8FF08BD08B505F0EEFFAF
:1083A000FFF7F2FF08BD000010B505F0E7FF074B2F
:1083B00004461A78824207D0187006F0C5F9044BBB
:1083C00018602046FFF7E0FF10BD00BF9124002099
:1083D000942400201FB5CDE900019DF805306C46BE
:1083E0000BB100F00BFF0023ADF80E3094E8030052
:1083F000ADF80C10C9B2029002AC29B994E80300A0
:1084000000F054FE04B010BD2046FFF7F0FE002837
:10841000F4D1F7E70379012B02D1008800F04EBCBC
:10842000704708B529B105F00BFABDE8084005F022
:10843000E5BA05F057FAF8E710B50446002840D031
:10844000031FDBB2A02B0ED806F01EF820B1204689
:1084500006F0A4F800F06AFF204606F085F8BDE8B3
:10846000104000F063BF00F12003DBB2072B07D8F8
:1084700000F007040120A040C0B200F093FEEEE738
:1084800000F15B03DBB2022B05D8BDE810402438B5
:1084900080B205F09BBF00F15803DBB21A2B06D85F
:1084A000BDE81040074A32F8130005F0ABBF333483
:1084B000E4B2122C05D805F0C3F9BDE8104005F070
:1084C0009DBA10BD2C29010808B50346A0B3021FB0
:1084D000D2B2A02A05D806F061F8BDE8084000F045
:1084E00025BF00F12002D2B2072A07D800F0070307
:1084F00001209840C0B200F05DFEEEE700F15B02A3
:10850000D2B2022A04D8BDE80840002005F05EBFC0
:1085100000F15802D2B21A2A04D8BDE8084000205F
:1085200005F070BF3333DBB2122B05D805F0DAF952
:10853000BDE8084005F062BA08BD000038B50C4639
:108540000546FFF779FF8CB140F2E7300021DFF8F4
:1085500020C04FF47A720023E4FB0C01F7F746FECB
:1085600007F003FB2846FFF7AFFF38BD0120F7E710
:10857000A086010008B539280CBF50210021FFF763
:10858000DDFF08BD08B528B100F00CFEBDE80840CD
:1085900000F0CCBE08BD08B528B100F00BFEBDE868
:1085A000084000F0C3BE08BD2DE9F8438779814635
:1085B0000C46457900F0E6FD3F09064608B32E4615
:1085C000FDB1C4F3072303F0F002402A0CD0E1B25E
:1085D00001F12002D2B2072A25D903F0E003202BB3
:1085E00002D101291FD907B3A44B5E7816F0040607
:1085F00007D0022000F0D2FE00F0C4FD80F001069A
:10860000F6B2C4F303330B2B3DD8DFE813F01000B0
:10861000100054005400AE00C5003C003C00CA00ED
:108620002C01400140010026EBE73E46E9E7C4F398
:108630000723C4F303270F2B88BF3F01E4B285B1A2
:1086400057B104F12003DBB2072B384600D92CB90F
:1086500000F0A8FD00F06AFE20464CE000F0BEFDF0
:10866000F8E72046FFF730FF6FB104F12003DBB2DB
:10867000072B384600D914B900F09CFD01E000F04A
:10868000B5FD00F053FE002E00F0598100F072FDA0
:1086900010F0010040F0538189F8050000F064FDFE
:1086A00000F048FA484600F061F900F05DFDBDE8D1
:1086B000F84300F049BAC4F3072303F0F003C4F30E
:1086C0000328202BE4B218BF4FEA08182CB1012C64
:1086D00034D0002D3CD0DFB1BEE7684B5B78590742
:1086E00014D45DB1B8F1000F04D0404600F05AFD3B
:1086F00000F01CFE0020FFF79FFEC4E72846FFF7AE
:10870000E3FEB8F1000FBED04046B5E755B11FB942
:108710004046FFF737FFB6E7012FB4D1404600F0DF
:108720008DFDB0E7002FAED14046FFF734FF404645
:1087300000F092FD404600F06DFDA4E715B1052F55
:10874000A1D8E5E7042F9ED84046FFF724FF9AE71B
:10875000002FF9D0392C0CBF4FF4FA50012007F04C
:1087600004FA2046FFF7B0FE8DE714F4406FC4F31F
:10877000812307D0012B86D165B1C4F3090005F030
:1087800041FE80E725B1C4F3090005F01FFE7AE73A
:108790002846FAE72846F2E72946E0B2FFF741FE0D
:1087A00071E714F4407F2DD1F5B914F0100018BF13
:1087B0000F20C4F342134FEA8303DBB21CBF98407F
:1087C000C04304F00F0202FA03F2C4F3812418BF7D
:1087D000C0B2D2B2022C40EA02000DD0032C0ED05F
:1087E000012C06D000F066F905F0C8FDFFF7CCFDBE
:1087F00049E700F057F9F7E700F064F9F4E700F013
:108800004EF9F1E7C4F301220DB3D207ECD514F011
:10881000100318BF0F20C4F342124FEA8202D2B2F3
:108820001CBF9040C04304F00F0101FA02F1C4F3F1
:10883000812418BFC3B2C9B2022C43EA01000CD094
:10884000032C0DD0012C05D000F09AF9CCE7012AB9
:10885000CAD9DCE700F08CF9C6E700F099F9C3E764
:1088600000F03EF9C0E7E7B2C4F3032445B1204667
:1088700000F060F93846FFF785FEB5E75E4400205A
:108880003846FFF788FE204600F05EF9ACE75FFA55
:1088900084F8A8F1F003042B38D8DFE803F00321B3
:1088A0000D141D0035B1042F9ED8C4F3042000F030
:1088B00055F999E7052FF7E7C4F30420002DE3D11C
:1088C00000F038F990E725B1C4F3042000F02BF94B
:1088D0008AE700F00DF987E71A4B5B785B0704D451
:1088E000C4F30420002DCFD0EAE72DB10321C4F357
:1088F000042000F031FD77E7012000F04FFD012F4B
:108900007FF672AF022000F049FD6DE73DB11FB167
:108910004046FFF791FD67E7C4F30420D0E75FB15D
:10892000B8F1390F0CBF4FF4FA50012007F01DF9D0
:108930004046FFF7C9FD57E7C4F30420A4E7BDE8AC
:10894000F88300BF5E44002038B5018804464079B2
:1089500000F0C0F9054600F023F900F09FF8294621
:108960002046BDE83840FFF71FBE0000037910B570
:108970000446B3B1FFF77CFC68B900F003FC80B19A
:10898000637973B1074B5B785B070AD5BDE810408C
:10899000022000F003BD2046FFF7D6FF2046FFF778
:1089A0002FFC10BD5E44002008B528B100F016FC75
:1089B000BDE8084000F0BABC08BD08B528B100F019
:1089C00015FCBDE8084000F0B1BC08BD08B50020AA
:1089D00005F0FCFC002005F015FD00F00FFC00F098
:1089E000A5FC05F027F8BDE8084005F007B808B574
:1089F00005F0EEFDBDE80840FFF7E8BF08B500F060
:108A0000E7FBBDE80840FFF7F2BFC0F30333062BD6
:108A1000C2B213D094BF0E33063303F00F03012B01
:108A200013D8F02A13D004D8E72A8CBF00200120E5
:108A30007047A2F1F403584258417047F12A18BF19
:108A4000E72A94BF012000207047002070470120D2
:108A5000704708B50346007930B1188800F02EF948
:108A6000BDE80840FFF7D1BF08BD82B002AB03E903
:108A7000030002B0704782B002AB03E9030002B00A
:108A80007047704708B5FFF7FCFF08BD08B5FFF752
:108A9000F9FF014B187008BDC12400207047FFF793
:108AA000F5BF0000024B1B781843FFF7EFBF00BF74
:108AB000C1240020024B1B781840FFF7E7BF00BF1E
:108AC000C1240020024B1B785840FFF7DFBF00BFD6
:108AD000C1240020704708B5FFF7FCFF08BD000067
:108AE00008B5FFF7F8FF014B187008BDC02400203F
:108AF0000020FFF7F5BF0000054B1B781BB9B0FA4B
:108B000080F04009704743FA00F000F00100704720
:108B1000C024002018B9B1FA81F04009704708411B
:108B200000F001007047012303FA00F0C0B2FFF724
:108B3000D7BF00000123034A834010781843C0B216
:108B4000FFF7CEBFC02400200123034A83401078E2
:108B500020EA0300FFF7C4BFC02400200123034A1A
:108B6000834010785840C0B2FFF7BABFC02400203D
:108B7000024B1B781843FFF7B3BF00BFC02400208F
:108B8000024B1B781840FFF7ABBF00BFC02400208A
:108B9000024B1B785840FFF7A3BF00BFC024002042
:108BA000704701F00703C90830B501EB410101240A
:108BB00001390A4400219C40E4B212F8015F20FA16
:108BC00001F343F300036B40234001315D4003296F
:108BD0001570F2D130BD002210B500F00704C008B6
:108BE00000EB4000014410468B5CE34003F00103BE
:108BF000934001321843032AC0B2F5D110BD0000E2
:108C000017B40C46C1B2C0F3072005280BD80E29B3
:108C10000FD8C0EB00100144074A89B2204603B0C8
:108C200010BCFFF7BEBF031DDBB2012B01D8034A06
:108C3000F4E703B010BC70479C2400209924002066
:108C4000C3B2C0F30720052882B009D80E2B0ED876
:108C5000C0EB00101844074980B202B0FFF7BBBF59
:108C60000430C0B2012802D818460349F5E70020B5
:108C700002B070479C2400209924002073B505247D
:108C80000C4BADF804001E780B4B1B781E4346FAC4
:108C900004F3DB0705D4013CF9D20025284602B0D5
:108CA00070BDE5B22846019900F055FE80B201285A
:108CB000F1D0F3E7C0240020C124002007B5ADF8AF
:108CC00004000198FFF7DAFF019903B05DF804EBA7
:108CD00000F041BE13B5104BADF804101B782BB15A
:108CE000019802B0BDE81040FFF7E8BF70B10198ED
:108CF000FFF7C4FF044601460198FFF781FF2046B5
:108D0000019902B0BDE8104000F025BE0198FFF7C0
:108D100097FF0446F3E700BF9824002010B5012414
:108D200004FA02F204FA01F11143CAB2014091427D
:108D300004FA03F406BF2043C0B2A04310BD0000F4
:108D400008B513460A46014603480078FFF7E6FFD8
:108D5000BDE80840FFF7C4BEC0240020F8B50C4BA6
:108D60000C4E1C780C4D3378A34200D1F8BD05EBB6
:108D7000C40335F834005F889A88D98840EA0740F0
:108D800042EA01410134FFF776FE04F00704EAE706
:108D9000C2240020C3240020C4240020064B10B4A9
:108DA00018885C889A88D98840EA044042EA0141E0
:108DB00010BCFFF760BE00BF04250020194AF8B5BB
:108DC00093790F2B0AD8537943B1174B17491B7866
:108DD0000D7816885788164CAB4200D1F8BD04EBCD
:108DE000C3010879D0B134F83300B04216D14879C4
:108DF000A0B94888C01B80B2C7280FD8012093793A
:108E000060F3071393718B7960F3071305488B7137
:108E1000FFF7ACFDBDE8F840FFF7A0BF013303F05A
:108E20000703D9E704250020C2240020C324002022
:108E3000C4240020F0B50D4B0D4C1B7826780D4C4A
:108E4000B34201D10020F0BD04EBC3056F788F421F
:108E500006D114F83370874202D16D79954203D15F
:108E6000013303F00703EBE70120ECE7C224002005
:108E7000C3240020C42400202DE9F043044685B01B
:108E8000894D062201466846F7F728FD2B79677958
:108E90002279C3B9002A00F0CC80002F00F0FB80BB
:108EA0002046FFF7D6FD002800F0F5800822214675
:108EB0002846F7F713FD2846FFF7ACFAFFF77EFFC9
:108EC000FFF76CFFB5E0B4F802906B886E79A9EB00
:108ED00003039BB2002E00F0AE80C72B00F2878008
:108EE000002A00F0A680AB792A880F2B218851D860
:108EF000914211D1002F48D1012262F30713AB71C7
:108F0000FFF74CFF2846FFF731FDAB79A371002531
:108F1000284605B0BDE8F083002F36D125783A46C3
:108F200028466178FFF786FF2846FFF783FF05464E
:108F30000028ECD10098FFF7C1FEC0F30332032AEA
:108F4000C3B208D8012A10D910F4706F12D0A279D8
:108F50000F2A0FD8DCE7063202F00F02012A0ED9E1
:108F60002046FFF703FD3546D2E710F4706F01D0BD
:108F7000002BCDD02033DBB2072BC9D9F0E7EF2B84
:108F8000C6D90F33DBB2022BF7E7AB7943F001030D
:108F9000AB71BCE791420AD14FB92046A371FFF7EC
:108FA000E5FC082221462846F7F798FC88E720468A
:108FB000FFF74FFD00286ED0002F6CD0AB791F2B30
:108FC0000FD92A8802A8ADF808202A79ADF80A90AE
:108FD0008DF80C2000228DF80E308DF80D20FFF753
:108FE000C5FC082221463048F7F778FC66E7AB79E4
:108FF0000F2B0ED8DDE90001FFF737FD2846FFF7FC
:10900000B5FC082200212846F7F7E2FBFFF7C6FE71
:109010007DE772B1298822889142C8D1002FC6D13C
:109020002046A371FFF7A2FC082239462846F7F72D
:10903000CFFB01256CE7C72B31D8002AF9D057B3F5
:109040002A8823889A421DD1AB79DA0714D40F2BD2
:1090500012D9A37103F0F003F02B06D0A379C3F368
:109060000312013262F30713A3712046FFF77EFC5F
:10907000082221460C4897E7082221460A48F7F7BC
:109080002DFCD6E72046FFF7E4FC0028A9D1AB79F8
:1090900043F00103AB712046FFF768FCC9E7DDE947
:1090A0000001FFF7E2FCACE704250020F0B585B035
:1090B000CDE900016846FFF7DFFE274F06469DF821
:1090C0000420264D58B11AB1DDE90001FFF7D3FCA9
:1090D000234C28783B78834224D105B0F0BD02AB05
:1090E000DDE9000183E80300002AF1D038782A780E
:1090F000441C04F0070494420AD01946184B082275
:1091000003EBC000F7F7EAFB3C70FFF727FEDFE751
:10911000FFF774FC0822314612483E702E70F7F7B4
:1091200057FBD5E704EBC000FFF7A6FE0028D4D01C
:109130002B7834F8330004EBC3035E889A88D9880F
:1091400040EA064042EA0141FFF795FC2B780133E3
:1091500003F007032B70BCE7C3240020C2240020C7
:10916000C424002004250020014B1878C008704753
:1091700034250020024B187800F00700704700BF2C
:1091800034250020034B187810F0070018BF012089
:10919000704700BF34250020014B1878704700BF8E
:1091A00060250020024B1A7810431870704700BFEA
:1091B00060250020024A137823EA000313707047E9
:1091C00060250020014B1870704700BF602500200B
:1091D0000022014B1A70704760250020024B1A785C
:1091E00010431870704700BF5F250020024A1378B3
:1091F00023EA0003137070475F2500200022014B13
:109200001A7070475F250020704708B5FFF7FCFF14
:1092100008BD000008B5054A1378034204D023EACC
:1092200000001070FFF7F1FF08BD00BF35250020DA
:10923000704708B5FFF7FCFF08BD000010B50549F1
:109240000B7830EA030403D003430B70FFF7F1FF00
:1092500010BD00BF3625002008B5054A137803422B
:1092600004D023EA00001070FFF7E3FF08BD00BF41
:109270003625002008B5044B1A781AB10020187062
:10928000FFF7D7FF08BD00BF3625002010B5084BFB
:109290001C78084B1B781C43074B1B782BB11C43D5
:1092A00005F0CCF808B1FFF7E5FF204610BD00BF80
:1092B000602500205F2500203625002038B50B4CA6
:1092C0002568FFF7E3FF2870246808222046084934
:1092D000F7F7CEFA48B1214608220548F7F7FEFA1B
:1092E0002046BDE8384005F055B838BD14100020C0
:1092F0002C25002038B50B4C2568FFF7C7FF687098
:109300002468202220460849F7F7B2FA48B12146DE
:1093100020220548F7F7E2FA2046BDE8384005F07C
:1093200041B838BD101000200C250020054B1B78DB
:1093300033B1054B93F90030002B01DAFFF7DABFA8
:10934000FFF7BCBF381000205E440020704708B50E
:10935000FFF7FCFF08BD0000094A10B5527852071C
:109360000AD5084C41EAC0012170FFF7E3FB2078E1
:10937000C008FFF7ECFF10BDBDE81040FFF7DABBF7
:109380005E44002034250020002008B5024B1870F0
:10939000FFF7DDFF08BD00BF3425002008B50A4AED
:1093A000137823EA0000107042070CD198420AD0CB
:1093B000064B5B785B0706D5C008FFF7C5FBBDE829
:1093C0000840FFF7E1BF08BD342500205E440020BF
:1093D000094A08B55378C3F3800181420AD060F38B
:1093E00082035370108800F042F8BDE80840022064
:1093F000FFF7D4BF08BD00BF5E440020044B58787F
:10940000C0F3800080F0010000F00100FFF7E0BF32
:109410005E4400200120FFF7DBBF0020FFF7D8BF2C
:10942000704708B5002000F07DFDBDE808404FF60C
:10943000FF71002000F058BD08B5002000F0EDFCE1
:109440004FF6E563984203D1BDE8084004F0BEBD85
:10945000002008BD022000F0D1BC032000F0CEBCEB
:109460000146032000F032BD042000F0D6BC0146C6
:10947000042000F039BD0F2000F0DEBC01460F20B3
:1094800000F040BD08B50020FFF7F8FFFFF7C8FF68
:1094900008BD01460E2000F019BD000007B50020F0
:1094A00000F040FD4FF6E561002000F01DFD0021B9
:1094B000022000F00BFD01211D4B0320197000F06C
:1094C00005FD4FF4A051042000F00EFD0021062000
:1094D00000F0FCFC0021072000F0F8FC002108202F
:1094E00000F010FD0021232000F0F0FC00210C20F2
:1094F00000F0ECFC00210D2000F0E8FC002300222D
:109500006846CDE900231721082200F0C5FC0021A0
:109510001F2000F0F7FCFAF7D9FD002004F06EFDE3
:1095200004F09BFDFFF7AEFF03B05DF804FB00BF46
:10953000C1240020FFF7B2BF73B505F03DF90B4D14
:1095400004462B8883420ED00026ADF8006005F05B
:1095500033F9ADF80460ADF8020002AB13E9030083
:10956000FEF738FF2C8002B070BD00BF62250020DE
:10957000014B186805F02CB96C25002008B505F0E2
:10958000E3F8024B1860024B186008BD6C25002000
:109590006825002008B505F0D7F8024B1860024B8B
:1095A000186008BD6C2500206425002070477047B6
:1095B00008B5FFF7FCFF08BD0120704708B5054856
:1095C00000F0BEFA00F0ACFCFFF7F0FFFFF7F0FF91
:1095D00008BD00BF399B00080120704708B5FFF7A0
:1095E000FBFF08BD08B5FBF79FFCFEF7CFFB08BDEE
:1095F00008B5FFF721FF08B9FFF79CFFFFF72AFF27
:10960000084B1870FFF730FF074B188003F062FD1E
:10961000FFF723FFFFF743FA044B1878BDE8084033
:10962000FFF759BA702500205E440020C0240020B6
:1096300008B505F087F804F020FD03F045FB00F0C5
:1096400043FBFFF7D5FFFEF79EFE03F0B3F8054B93
:109650001A7842F080021A701888FFF708FFFDF7A9
:1096600019FC08BD5E4400202DE9F04F85B0FFF7DE
:10967000A3FF78B9FFF760FF02F010FD03F07AFB5B
:1096800008B1FFF787FF04F0FDF905B0BDE8F04F22
:10969000FEF78ABEDFF8C08000F02EFB46460024AD
:1096A000E0B236F8025B00F067FA052C50D0854234
:1096B00004F10104F4D0294B1B789B0701D500F07D
:1096C00061FAFFF78BFF002701905FFA87FA504697
:1096D00000F052FA38F8026B0546B04232D000244E
:1096E0004FF0010B4640B6B216EA0B0F20D005EA48
:1096F0000B09019BB9F1000918BF4FF0010993B1A3
:109700008DF808408DF809A005F056F84FF00103D8
:10971000ADF80A008DF80C308DF80D9002AB93E88F
:109720000300FEF757FE4A462146504601F062FD0F
:109730000134E4B24FEA4B030F2C1FFA83FBD3D161
:1097400028F8025C0137062FBFD1FFF717FF93E718
:109750008542B0D18EE700BF524400207025002022
:1097600038B500F003F9B0F5A44F044643D2B0F584
:10977000A04F80F0AE80DF2816D8CC2800F28C8075
:10978000A7280AD8A42879D8012804D0031F9BB29F
:10979000A12B28BF0024204638BDA0F1A8039BB20E
:1097A0001A2B71D90024F6E7B0F5804F19D2B0F525
:1097B000005F80F0A080E728EDD9A0F580739BB210
:1097C000B3F5F85FEED2C0F3072000F053F9054679
:1097D000E0B200F0CBF82D0205F4F85540EA05049C
:1097E00050E0C0B200F0C2F804F47064204340F4CA
:1097F000204084B2CFE7B0F5A54F22D245F25F23D7
:10980000984253D845F23F2398420FD845F21F2380
:10981000984244D8012300F00304C0F38502A3401A
:1098200043EA421343F40D439CB2B4E7012300F032
:109830000304C0F38202A34043EA421343F40C43FF
:10984000F2E745F2BF2398420AD845F29F23984297
:1098500000F01F0035D84AF2F40343EA00249AE7E7
:10986000A0F5A543403B9BB21F2B9BD8040204F4F8
:10987000F85444F4204444F0F0048CE7A0F12404AC
:1098800044F48044A4B286E7234B5834E4B233F85E
:10989000144044F488447EE740F4A044F2E74AF2DE
:1098A000F10300F01F0443EA042474E7012300F0ED
:1098B0000304C0F38202A34043EA421343F40A4381
:1098C000B2E700F0D7F8040204F4F85444F400546A
:1098D00061E700F01F0000F0CDF803B2C20648BFF8
:1098E0001B01C4F343144FEA042448BF1BB21C43BA
:1098F00044F41044C6E7C0F3042000F0BBF805466A
:10990000E0B200F033F82D0205F4F855054345F4B4
:109910000055ACB23FE700BF62290108CBB2C1F3EA
:109920000721052982B005D80E2B11D81A4602B09E
:1099300003F04FBDFD2905D153B90122194602B0EC
:1099400003F054BDFC2903D113B91A461946F6E7B2
:10995000002002B0704707B5ADF804100199FFF779
:10996000DDFF03B05DF804EBFFF7FABEE7284FD840
:10997000DF2807D8312864D00ED8292857D02A28C4
:1099800066D07047A0F1E003072B41D8DFE803F071
:109990001540232831403C41392804D0822802D088
:1099A00035283FD07047324B1A7892071FD15B7829
:1099B00013F0080F18BF292070472D4A1378D907D4
:1099C0004DD4527812F0010F22D013F0100F14BFB3
:1099D0000020E3207047264B1B7813F0040FF3E7B9
:1099E000234A137859073CD45278D207EDD5E020AA
:1099F00070471F4B5A7891070AD51B7813F0100F48
:109A000014BF0020E7207047194B1B781A07F5D4C4
:109A10007047174A1378190725D452789107EDD566
:109A2000E4207047124B1B7813F0200FC2E7104B55
:109A30001A78920619D45B7813F0080F18BF3920F2
:109A400070470B4B1B7813F0400F18BF2A2070474C
:109A5000074B1B7813F0400F18BF31207047392097
:109A60007047E2207047E62070473520D0E700BFFE
:109A70005E44002010B52F4C21784B0713D500F021
:109A80001402A2F1040C00F01803DCF1000242EB16
:109A90000C02A3F1080CDCF1000343EB0C039A4227
:109AA00018BF80F00C000B0713D500F01402A2F1D0
:109AB000140C00F01803DCF1000242EB0C02A3F1DD
:109AC000180CDCF1000343EB0C039A4218BF80F042
:109AD0000C006478E30713D500F0110202F1FF3C9B
:109AE00000F01803DCF1000242EB0C02A3F1080CB9
:109AF000DCF1000343EB0C039A4218BF80F009002D
:109B0000A30711D500F0110200F01803A2F111040F
:109B10006242A3F1180C6241DCF1000343EB0C0339
:109B20009A4218BF80F00900CB0648BF00F0E7005A
:109B300010BD00BF5E440020002070470020704729
:109B4000014B1860704700BF1810002008B5FDF7E2
:109B500033F908BD704708B5FFF7FCFF08BD0000EA
:109B6000044B33F8100001238B401840003818BF15
:109B7000012070476C440020014B33F810007047FF
:109B80006C44002070474FF4346005F067BE00BF9E
:109B900000BF00BF00BF00BF00BF00BF00BF00BFCD
:109BA00000BF00BF00BF00BF00BF00BF00BF00BFBD
:109BB00000BF00BF00BF00BF00BF00BF00BF7047B5
:109BC00008B5FFF7E0FF08BD08B5302383F311881F
:109BD000012100F00F039940202220F00F0007F030
:109BE00075FA002383F3118808BD000038B50F24EF
:109BF0000B4D55F8040B421C01D0FFF7E5FF013C6B
:109C000014F0FF04F5D10624064D55F8040B431C4F
:109C100001D0FFF7D9FF013C14F0FF04F5D138BDA6
:109C200098290108D42901082DE9F843DFF890802C
:109C3000054658F821300E465C1C17463ED03022AF
:109C400082F31188012223F00F0903F00F0302FAB7
:109C500003F421464846240407F038FAC9F81840AE
:109C6000002484F31188FFF792FF6FEA070EDFF8F4
:109C700054C0A91E0A355CF8042B31F8023F501C71
:109C800019D022F00F00006902F00F0220FA02F250
:109C9000D20710D401243B438D420B80EBD158F8FE
:109CA0002600431C01D0FFF78FFF21463046BDE858
:109CB000F843FFF785BF03EA0E03EDE7BDE8F8833D
:109CC00098290108D429010808B5FFF78FFF0C2255
:109CD00000210748F6F77CFD0C2200210548F6F725
:109CE00077FD062000F038F8BDE80840FFF72EBFEA
:109CF0006C4400206044002030B50024012585B06C
:109D00000194029403942A46E1B201A80134FFF7BA
:109D10008BFF6D000F2CADB2F5D10C220C4801A9C0
:109D2000F6F7A6FD002814BF0124002404D00C225D
:109D3000074801A9F6F7D2FD234606220549044843
:109D400000F00CF80446FFF706FF204605B030BDD2
:109D5000604400206C440020704700002DE9F84367
:109D600007460E4615461C46DFF850804BB10123CE
:109D700088F8003004F0E8FC114B18600020BDE8C2
:109D8000F88398F80090B9F1000FF7D00C4B1868E1
:109D900004F01EFD0728F1D96D002A4639463046E9
:109DA000F6F766FD28B12A4639463046F6F796FDA5
:109DB0004C460023204688F80030E0E77825002054
:109DC00074250020FFF750BC08B504F07FFC05F0B7
:109DD000BDF8FFF7F3FB05F0BBF8FFF729FC05F032
:109DE000CDF805F0D1F8FFF7EDFF05F0CFF805F05D
:109DF00087F803F013FAFFF7F5FBF2E7002307B546
:109E0000014601220DF107008DF8073000F08CF8B3
:109E10009DF8070003B05DF804FB002307B5014679
:109E200002220DF10600ADF8063000F07DF8BDF815
:109E3000060003B05DF804FB07B5042200230146C9
:109E40000DEB0200019300F06FF8019803B05DF88C
:109E500004FB07B501228DF8071001460DF107003C
:109E600000F067F803B05DF804FB07B50222ADF817
:109E7000061001460DF1060000F05BF803B05DF836
:109E800004FB07B50422019101460DEB020000F02E
:109E900050F803B05DF804FBF8B505461446D31D31
:109EA00023F0070300AFADEB030D68460E4600F04C
:109EB0003BF8224669462846F6F7DAFC20B12246EE
:109EC0003146284600F035F8BD46F8BD38B50C4699
:109ED0000546FFF793FFA04205D021462846BDE87E
:109EE0003840FFF7B6BF38BD38B50C460546FFF71A
:109EF00094FFA04205D021462846BDE83840FFF730
:109F0000B4BF38BD38B50C460546FFF795FFA042F3
:109F100005D021462846BDE83840FFF7B2BF38BD1E
:109F200000F00EB900F038B80B460146184600F0B4
:109F30004DB80B460146184600F09AB84FF48052CF
:109F400008B500210448F6F743FC41F20802024B31
:109F500003F580531A6008BD8025002010B5054C1C
:109F600023792BB900F067F908B10120207110BDE9
:109F70000220FCE78035002010B5064C237933B170
:109F800000F063F910B100230120237110BD0220FD
:109F9000FCE700BF8035002038B5FFF7DFFF04463F
:109FA00018B9FFF7E9FF204638BD00F046F905462D
:109FB000FFF7C4FF012C06D1FFF7DEFF00280CBF1E
:109FC000002505F001052C46EDE7000008B5034625
:109FD00008469918B1F5805F05D804491944F6F789
:109FE0007DFC012008BD0020FCE700BF802500208B
:109FF00038B500F022F9044610B3FFF7AFFF4FF475
:10A00000007205461249002000F03CF9044678B180
:10A010000DA3D3E900234FF480510D4802F01AFE3E
:10A0200002460B464FF4805000F064F94400E4B25D
:10A03000012D01D1FFF7A0FF41F20802054B1A6084
:10A04000204638BDAFF3008025232284E49CF2CB68
:10A050008025002080350020044B1B68B3F5005F8D
:10A0600001D3FFF7C5BF0120704700BF8035002036
:10A070002DE9F04F8318B3F5805F04460E46154670
:10A0800085B01DD82D4F00EB070841463046F6F746
:10A09000EFFB00284FD02A4631464046F6F71EFC1B
:10A0A000FFF75CFF834648B14FF000084FF000090E
:10A0B00007F580574DB9FFF7CFFF24E0FFF75CFFAE
:10A0C0000023184605B0BDE8F08F052DAA4628BF2D
:10A0D0004FF0050AC4F3024343EACA03CDE90289FB
:10A0E00052468DF808303146230A0DF10B008DF8E9
:10A0F00009308DF80A40F6F7F1FBDDE902233868F4
:10A1000000F0F8F850B90346BBF1010FD9D1019323
:10A11000FFF732FF0028D3D0019BD2E73B6808331A
:10A120003B60FFF799FF01280346EDD1A5EB0A0537
:10A1300054445644BEE70123C3E700BF80250020F6
:10A140007FB5FFF7FBFE00F071F828B9FFF7F6FEC8
:10A150000024204604B070BD4FF400720020304946
:10A1600000F075F82E4EA8B32BA3D3E900234FF4CB
:10A170008051304602F06EFD05460C464FF480508B
:10A1800002A900F07CF8DDE902239C4208BF954259
:10A1900001D0FFF7D3FE41F20805224C694628465C
:10A1A00000F06DF878B3DDE9003253EA020129D0FE
:10A1B00013F0C00FCDE9023205F10805D9B20CD079
:10A1C000194B1D60FFF714FF04460028C1D1FFF7AB
:10A1D000B5FEBEE7FFF7B2FEB8E708041BBA00F40D
:10A1E000E020234040EA3320CA0800EBD101B1F55A
:10A1F000805FE5D80DF10B013044F6F76FFBB5F544
:10A20000005FCBD10120084B1D600028DAD0FFF79A
:10A2100023FFD9E7AFF3008025232284E49CF2CB0F
:10A220008025002000FFFF008035002008B500F0E9
:10A23000E1F8012008BD0120704708B5002000F0BA
:10A24000DBF8B0FA80F0400908BD0120704738B54E
:10A25000D5002A460C4600F0F0F818B921462544EE
:10A26000A94203D1B0FA80F0400938BDD1E90023FA
:10A27000D243DB4341F8082B41F8043CF0E70122CC
:10A28000FFF7E5BF2DE9F04306468846154600274F
:10A29000C1B0202DAC4628BF4FF0200C6B466C4659
:10A2A00008EBC702674408EBC70E724511D10024C2
:10A2B000644513D14FEAC4094A466946304600F066
:10A2C000DAF8A8B92D1B4E44E3D1012041B0BDE816
:10A2D000F083F2E80201E4E80201E6E7D3E90012C4
:10A2E000C943D24343F8081B43F8042C0134DFE789
:10A2F0000020EBE707B5CDE9002369460122FFF70F
:10A30000C1FF03B05DF804FB002208231146014899
:10A3100004F0DABA0C08004008B5FFF7F5FF30B1D9
:10A32000062004F011FB04F047FB002008BD4FF0AD
:10A33000FF30FBE7F7B51F464BBA090C064615463A
:10A340008DF80400ADF806308DF80510FFF7DCFF3E
:10A35000E8B104210DEB010004F01AFB044648B9F2
:10A3600045B1022E0BD0032E0ED12846B9B204F00F
:10A3700019FB044604F020FB204603B0F0BD28463C
:10A38000B9B204F005FBF4E74FF0FF34F2E74FF009
:10A39000FF34F1E710B5FFF7B7FF88B1052004F0EF
:10A3A000D3FA04F0E3FA044604F006FB002C05DBC4
:10A3B00014F0010F0CBF00246FF00304204610BD01
:10A3C0004FF0FF34FAE710B5044604F0BDF94FF43E
:10A3D0007A7303FB040404F0B7F9A04204D2FFF738
:10A3E000D9FF031DF7D010BD6FF00100FBE701207E
:10A3F000FFF7E9BF04F02EBA00F58033B3F5002F64
:10A4000010B5044602D34FF0FF3010BD83B2002BCD
:10A41000F9D1FFF7ECFF0028F7D1FFF77DFF0346E6
:10A420000028F0D102462146D820FFF783FF0028FC
:10A43000EBD1BDE81040FFF7DABF2DE9F041074648
:10A440000D461646FFF7D3FF0446804638B1324624
:10A4500000212846F6F7BCF92046BDE8F0813346D6
:10A460002A4639460320FFF765FF04460028F3D04B
:10A4700032464146EDE72DE9F0410746884616464B
:10A4800066B9FFF7B4FF0446B8B9FFF73DFF90B1D6
:10A49000042004F059FA04F08FFA0EE0FDB2C5F57D
:10A4A0008075B54228BF3546FFF7A1FF044620B9A5
:10A4B000FFF732FF20B14FF0FF342046BDE8F081B6
:10A4C0002B46424639460220FFF734FF0446002857
:10A4D000F3D1A8442F44761BD2E7000030B510F426
:10A4E0007F4F85B00190C0F30725C0F307420DD11F
:10A4F00009B1274B9A5C13461446002063F307000A
:10A5000064F30F2062F3174005B030BD9DF804409E
:10A5100009B11F4B9A5C0620FF236043591BB0FB17
:10A52000F3F06FF05403434303EB440303EB4303A3
:10A53000DBB203FB05F4C3F1FF036B4324121B12D0
:10A54000C4F1FF04C3F1FF03514354435343C1F328
:10A550000721C4F30724C3F30723062813D8DFE831
:10A5600000F004060B090E12040014461A461346A6
:10A570000A46C2E7134622460C461946F7E71C4630
:10A5800013460A46F9E713460A4621461C46EEE7FB
:10A59000042A0108012184B004B0FFF79FBF0128FD
:10A5A00030B501D8C0B230BDB0F5F75F88BFFF222B
:10A5B0004FF001049EBF42090832D2B2A3185910CD
:10A5C000C3F34705C3F34F035B439BB2984206D2E4
:10A5D000013DEAB29442F1D9013CE0B2E3E7FF2940
:10A5E00002D00135ECB2F5E70846DCE7074B1888E6
:10A5F00000EB402200EB820000F55850193080B289
:10A60000188000EB1020C0B2704700BF221000205D
:10A6100041064CBFC343024610B548BFDAB20D4CE9
:10A62000C2F3011204EB420148BF03F00F03497863
:10A6300054BF00F00F030133594314F812300206DF
:10A6400003EB2113DBB244BF5B42DBB283F080003B
:10A6500010BD00BFEC290108144B84B003EB41038B
:10A66000E421019093F85A30C0F307204B43C2EB2A
:10A6700013231C33002BB8BF5B42A0EBC3031BB2F8
:10A6800023EAE373434300201B128DF80530019B3E
:10A69000DAB262F30700C3F3072262F30F20C3F3B9
:10A6A000074363F3174004B0704700BFEE0D00206E
:10A6B000144B84B003EB4103E421019093F85A302A
:10A6C000C0F307404B43C2EB13231C33002BB8BF2E
:10A6D0005B42A0EBC3031BB223EAE37343430020B6
:10A6E0001B128DF80630019BDAB262F30700C3F348
:10A6F000072262F30F20C3F3074363F3174004B04C
:10A70000704700BFEE0D002084B0019000208DF84E
:10A710000420019BDAB262F30700C3F3072262F35D
:10A720000F20C3F3074363F3174004B070470000E2
:10A7300084B0019000200B4B03EB410393F85A3097
:10A740009B1A8DF80430019BDAB262F30700C3F361
:10A75000072262F30F20C3F3074363F3174004B0EB
:10A76000704700BFEE0D002084B0019000200B4B1D
:10A7700003EB410393F85B309B1A8DF80430019B87
:10A78000DAB262F30700C3F3072262F30F20C3F3C8
:10A79000074363F3174004B0704700BFEE0D00207D
:10A7A00030B5134B85B02C31019003EB4104E578B3
:10A7B00003EB4103A5F1200464B29B78002CBCBFDD
:10A7C000C5F120056CB29A1A2244C0B210448DF82B
:10A7D00004000020019BDAB262F30700C3F30722F2
:10A7E00062F30F20C3F3074363F3174005B030BD96
:10A7F000EE0D002084B0019000209DF8102003EBA6
:10A80000430302EB53038DF80430019BDAB262F389
:10A810000700C3F3072262F30F20C3F3074363F378
:10A82000174004B070471FB592B2019048B200289B
:10A8300002FB02F2BCBF494248B2C0F1380000FB43
:10A84000002080B21C46FFF7AAFE00EB4000044443
:10A8500000208DF80440019BDAB262F30700C3F3D5
:10A86000072262F30F20C3F3074363F3174004B0DA
:10A8700010BD000084B0019003F12C00104B03EBDD
:10A880004003D8789B782038703B4B4302FB003262
:10A8900000209DF80430002AB8BF7F3203EBE2139A
:10A8A0008DF80430019BDAB262F30700C3F307228C
:10A8B00062F30F20C3F3074363F3174004B07047FC
:10A8C000EE0D002084B0019003F12C00104B03EB3F
:10A8D0004003D8789B782038703B4B4302FB003212
:10A8E00000209DF80430002AB8BF3F3203EBA213CA
:10A8F0008DF80430019BDAB262F30700C3F307223C
:10A9000062F30F20C3F3074363F3174004B07047AB
:10A91000EE0D00201FB5164C2C33019004EB4304C0
:10A92000E378A478203B5343A4F1700252B2002A8A
:10A93000BCBFC4F1700462B2C2F1380201FB023143
:10A9400011EB410148BF7F31C0B200EBE1108DF83F
:10A9500004000020019BDAB262F30700C3F3072270
:10A9600062F30F20C3F3074363F3174004B010BD35
:10A97000EE0D002030B50D4685B00190C4B21046F2
:10A98000FFF746FE124901EB450191F85A300344A6
:10A99000DBB2D90983F0800204BFC3F18003DAB2CD
:10A9A0000C2300205200D2B25A4304EB12248DF83B
:10A9B0000440019BDAB262F30700C3F3072262F39B
:10A9C0000F20C3F3074363F3174005B030BD00BF4A
:10A9D000EE0D00201FB5114B019003EB410393F8DE
:10A9E0005A10C0B28C1AE3B2240644BF521AD3B232
:10A9F0001822534300EB23208DF804000020019B14
:10AA0000DAB262F30700C3F3072262F30F20C3F345
:10AA1000074363F3174004B010BD00BFEE0D0020E4
:10AA2000C94384B00190C9B2C0F30740414300203C
:10AA300009128DF80610019BDAB262F30700C3F326
:10AA4000072262F30F20C3F3074363F3174004B0F8
:10AA50007047C94384B0C1F38501019001440020CF
:10AA60008DF80410019BDAB262F30700C3F30722EA
:10AA700062F30F20C3F3074363F3174004B070473A
:10AA800084B003EB8302BDF81030019013449BB2F5
:10AA9000FF2B28BFFF23DB43C0F30740DBB2034497
:10AAA000FF2B28BFFF2300208DF80630019BDAB270
:10AAB00062F30700C3F3072262F30F20C3F30743D7
:10AAC00063F3174004B0704700291FB5B8BF49426F
:10AAD000002AB8BF524209B2090112B2FF294FEA57
:10AAE0000212A8BFFF21FF2AA8BFFF22BDF818400D
:10AAF00009B2234412B29BB29142D4BF5B189B1897
:10AB00009BB2FF2B28BFFF23DB430190DBB2C0F3D6
:10AB100007400344FF2B28BFFF2300208DF8063099
:10AB2000019BDAB262F30700C3F3072262F30F203E
:10AB3000C3F3074363F3174004B010BD1FB5482BA0
:10AB40000190C0F3074030D8BDF81840E31A9BB21B
:10AB5000FF2B28BFFF23083189B2102905D902F144
:10AB6000080189B2112928BFFF23DB43DBB2184457
:10AB7000002AB8BF0332FF2828BFFF208DF8060047
:10AB800000200B49497801EBA2028DF80420019BBB
:10AB9000DAB262F30700C3F3072262F30F20C3F3B4
:10ABA000074363F3174004B010BDFF23D3E700BF92
:10ABB0007844002084B0BDF81020C0F30741D31AB8
:10ABC0009BB2FF2B28BFFF23DBB2DA43D2B2114482
:10ABD000FF2928BFFF210190034400208DF8043095
:10ABE0008DF80610019BDAB262F30700C3F3072267
:10ABF00062F30F20C3F3074363F3174004B07047B9
:10AC000084B0BDF810200190D31A9BB2FF2B28BF4F
:10AC1000FF23DB43C0F30740DBB20344FF2B28BF15
:10AC2000FF2300208DF80630019BDAB262F30700A3
:10AC3000C3F3072262F30F20C3F3074363F3174004
:10AC400004B07047024B1A7810431870704700BF69
:10AC50008A370020012310B5044C0822172104482C
:10AC60002370FFF761F90023237010BD8A3700209D
:10AC70007844002010B5044610B9C90FC80110BDB2
:10AC800080EAE072A2EBE07212B2002902EB01034B
:10AC90000BDB891A490191FBF3F1C1F12001C8B224
:10ACA000002CBCBF4042C0B2E9E75B01521A93FBE3
:10ACB000F2F3C3F16003D8B2F2E730B5C0F3072571
:10ACC00085B0EB1A01901046DCB2FFF7D3FFC0EB62
:10ACD000801300EB830004440020E4B26C43241290
:10ACE0008DF80540019BDAB262F30700C3F3072237
:10ACF00062F30F20C3F3074363F3174005B030BD81
:10AD000030B5C0F3074585B0EB1A01901046DCB2B0
:10AD1000FFF7B0FFC0EB801300EB8300044400207A
:10AD2000E4B26C4324128DF80640019BDAB262F360
:10AD30000700C3F3072262F30F20C3F3074363F353
:10AD4000174005B030BD30B585B0C0F30725019080
:10AD50009DF820001C1A1046FFF78CFF2C44E4B22B
:10AD6000241A0020E4B26C4324128DF80540019BA4
:10AD7000DAB262F30700C3F3072262F30F20C3F3D2
:10AD8000074363F3174005B030BD30B585B0C0F35D
:10AD9000074501909DF820001C1A1046FFF76AFF36
:10ADA0002C44E4B2241A0020E4B26C4324128DF83F
:10ADB0000640019BDAB262F30700C3F3072262F395
:10ADC0000F20C3F3074363F3174005B030BD1FB531
:10ADD000019010461C46FFF74DFF031900208DF827
:10ADE0000430019BDAB262F30700C3F3072262F377
:10ADF0000F20C3F3074363F3174004B010BD1FB522
:10AE000001909DF818001C1A1046FFF733FFE4B2BA
:10AE1000241A00208DF80440019BDAB262F3070087
:10AE2000C3F3072262F30F20C3F3074363F3174012
:10AE300004B010BD082208B517210348FFF72CF80D
:10AE40000022024B1A7008BD784400208A37002087
:10AE500084B004B0FFF79EBB2DE9F74FDFF8D4A014
:10AE6000C0EB00180AEB08035B5C0746FF2B0E469D
:10AE70002BD00025304A90444FF0000BC5EB051451
:10AE800003F12C090AEB04010AEB4909144411F8F7
:10AE900001EBBEF1FF0F0ED0E8B2874218D15FFA86
:10AEA0008BF0864214D118F806002030FF2828BF06
:10AEB000FF2008F806000BF1010BBBF10F0F04F1A6
:10AEC0000104E4D10135062DD6D103B0BDE8F08FE1
:10AED0000EF12C0E0AEB4E0E9EF802C099F80200FD
:10AEE0009EF803E0A0EB0C0099F803C00191ACEBD5
:10AEF0000E0C1FFA8CFC0CFB0CFC00FB00C080B29B
:10AF00000093FFF74CFB2828009B01990A4AD2D8EE
:10AF100094F800C0C0F1280080B2102894BF844487
:10AF20000CF1100C1FFA8CF0FF2828BFFF202070B6
:10AF3000C1E700BFEE0D0020B8370020FFF77ABF51
:10AF400010B5084C85232046032200F8013B064932
:10AF5000F5F7C4FC4FF62673A380BDE81040FFF759
:10AF600069BF00BF78440020651E010800207047BB
:10AF700070B504460E461546FFF7F8FF054BC4EBC7
:10AF8000041423449B5DFF2B1EBF2B540130C0B221
:10AF900070BD00BFEE0D0020014BDB68184700BFFD
:10AFA000F429010810B4024C6468A44610BC604740
:10AFB000F429010837B5194B0446034493F8883146
:10AFC000194229D0164B9A7859788DF80120DA78F1
:10AFD0008DF80220FFF70AFB4FF4B47201F1B403BD
:10AFE000B3FBF2F502FB15335B1A48BF03339B102A
:10AFF00000F0030003FB00118DF800100098FFF72C
:10B0000027FFC0F30743C2B2C0F30721204603B0B5
:10B01000BDE83040FFF7C6BF03B030BDEE0D0020E5
:10B020007844002013B5134B0446034493F8883149
:10B0300019421CD0FFF7DAFA8DF80000FFF7D6FAB4
:10B0400040F357037F338DF801300B4BDB788DF8DD
:10B0500002300098FFF7FCFEC0F30743C2B2C0F312
:10B060000721204602B0BDE81040FFF79BBF02B0A9
:10B0700010BD00BFEE0D002078440020014B9B68FE
:10B08000184700BFF42901082DE9F04F534B87B052
:10B09000DC78534E04EB44034FEAA30B9B08019367
:10B0A000FF23B3FBF4F3009383785BB100221146D6
:10B0B0001046FFF7E3FF5A2200214A48F5F788FBC4
:10B0C000002333700025484FDFF818A13B78013387
:10B0D0003B70A4EB0B030293D0464FF0000932788B
:10B0E0005FFA89F31A4362D10393F5F759FA3F4B9C
:10B0F0009842039B5BDC8AF800402946184604AA64
:10B10000FFF736FF90B198F80020019B9DF81000E2
:10B110009A425BD9A2EB0B030BFB03F3029A93FB5E
:10B12000F2F32246DBB21946FFF73CFF09F10109B1
:10B13000B9F1060F08F10F08D1D10135EDB20F2D8D
:10B140000AF1010AC8D13B78009A934204BF002358
:10B150003B7033780133DBB21C2B3DD90023244DE7
:10B1600033702E460523671E284631460F22052BD5
:10B1700004D190F800C0644508BF077011F80FCCE7
:10B18000013AA44524BF01F80F7C0C7012F0FF02B5
:10B1900001F1010100F10100E9D1013B13F0FF03CE
:10B1A000A6F10F06E0D1002007B0BDE8F08F98F8B7
:10B1B0000020002AA1D094429FD93978009881427A
:10B1C00004BF02F1FF3288F8002096E76243B2FB29
:10B1D000FBF20023D2B2A6E73370E4E77844002004
:10B1E00089370020B837002088370020545555058E
:10B1F000033800202DE9F04F85B0074688461546F4
:10B20000FEF7EAF9814600284ED0002D4FD0414686
:10B21000384602AAFFF7ACFE0446344E33781A19BA
:10B22000082A24DDC4F108039A46611C1A463144F9
:10B23000701CF5F753FB04F109015246314406F145
:10B240000900F5F74BFB06EB44014FEA4A021931BE
:10B2500006F11900F5F742FB04F1110152463144A1
:10B2600006F11100F5F73AFB5FFA8AF3337002AA90
:10B270000192002211469646DFF870C0D0B200EB72
:10B28000030A84425FFA8AFB13D811B11C44174B9E
:10B290001C704DB1164B1B7803F0FC037C2B03D1C3
:10B2A00041463846FFF7D8FD05B0BDE8F08F2C4683
:10B2B000B3E701990F4E11F801AB0CEB0B000191B4
:10B2C0000AF12C0106EB41018E78C9784670417273
:10B2D0000BF10C010CEB410181F801E081F802E077
:10B2E00080F811A049460132C8E700BF8B37002023
:10B2F00078440020EE0D00200120704708B5FFF7CC
:10B30000FBFF08BDC0EB4010C3B2002003F11F02D9
:10B31000D2B2972A63F30700134628BF972382B05F
:10B3200063F30F2002B070472DE9F04F074689B054
:10B3300000780291FFF7E6FFDFF8CC80334BC4B210
:10B340001D8898F80430ADF814005B085D43304B5D
:10B35000C0F3072BC5F3072503EB440603F5C479B7
:10B36000E3B29B4507D8BBF1960F8CBF00200120AC
:10B3700009B0BDE8F08F19F804207B781A4240D05C
:10B3800096F85A1096F85B2070391FFA81FA0AFB7A
:10B390000AF0203A92B202FB020080B20392FFF759
:10B3A000FEF80095034698F801C098F8020098F856
:10B3B00003E0039A4CEA002012B20FFA8AF1DDF89A
:10B3C00008C040EA0E40E047C0F307238DF81C0098
:10B3D000C0F307408DF81D308DF81E000798FFF769
:10B3E00037FDC0F30721C0F307438DF818008DF82F
:10B3F00019108DF81A30C2B2DBB22046C9B2FFF77D
:10B40000D1FD02360134ABE77844002080440020AF
:10B41000EE0D00200149FFF787BF00BF47AD0008D0
:10B420000149FFF781BF00BF8BAD00080149FFF75D
:10B430007BBF00BFF5A700080149FFF775BF00BF3C
:10B44000FFAD00082DE9F04F074685B00078FFF703
:10B4500059FF8A46DFF8A8802A4B98F804501B88C9
:10B460006D085D43284BC4B2ADF80400C0F3072B50
:10B47000C5F3072503EB440603F5C479E3B29B4506
:10B4800007D8BBF1960F8CBF0020012005B0BDE8A6
:10B49000F08F19F804207B781A422ED098F80230E9
:10B4A00098F8010098F803C096F85B2096F85A10B7
:10B4B00040EA0320203A70392B4640EA0C40D0473E
:10B4C000C0F307238DF80C00C0F307408DF80D3052
:10B4D0008DF80E000398FFF7BBFCC0F30721C0F303
:10B4E00007438DF808008DF809108DF80A30C2B2B4
:10B4F000DBB22046C9B2FFF755FD02360134BDE785
:10B500007844002080440020EE0D00200149FFF720
:10B5100099BF00BFBBAC00080149FFF793BF00BF54
:10B5200001AD00080149FFF78DBF00BF27A8000843
:10B530000149FFF787BF00BFCFAD00082DE9FF47E6
:10B5400006460078FFF7DEFE8846244F244A3B7902
:10B5500015889B0803FB0555DFF888A0ADF80400AB
:10B56000C0F30729C5F30725C4B2E1B2894507D85E
:10B57000B9F1960F8CBF0020012004B0BDE8F08720
:10B580001AF8042073781A4225D0BA787B78F878B4
:10B5900043EA022343EA00402A46C047C0F3072398
:10B5A0008DF80C00C0F307408DF80D308DF80E00BB
:10B5B0000398FFF74DFCC0F30721C0F307438DF854
:10B5C00008008DF809108DF80A30C2B2DBB22046AF
:10B5D000C9B2FFF7E7FC0134C7E700BF7844002099
:10B5E00080440020760F00200149FFF7A7BF00BF6D
:10B5F00059A600080149FFF7A1BF00BFB1A6000886
:10B600000149FFF79BBF00BF09A700080149FFF7E9
:10B6100095BF00BF31A700080149FFF78FBF00BFEA
:10B6200069A700080149FFF789BF00BFA1A700086B
:10B630000149FFF783BF00BF75A900080149FFF763
:10B640007DBF00BFD5A900082DE9F04F804689B025
:10B650000078FFF757FEDFF8B8902E4B99F80440BA
:10B660001B88A4085C43C4F30724ADF81400C6B2D9
:10B67000C0F3072504F14000C0B28A46FEF7C8FFB8
:10B68000803843B220460393FEF7C2FFDFF888B04C
:10B69000A0F180077FB2F3B29D4206D8962D8CBFF1
:10B6A0000020012009B0BDE8F08F1BF8061098F8C3
:10B6B000012011422AD0009499F8022099F8010043
:10B6C00099F803C040EA022003993A4640EA0C4048
:10B6D000D047C0F307238DF81C00C0F307408DF856
:10B6E0001D308DF81E000798FFF7B2FBC0F307214D
:10B6F000C0F307438DF818008DF819108DF81A3033
:10B70000C2B2DBB23046C9B2FFF74CFC0136C2E729
:10B710007844002080440020760F00200149FFF784
:10B7200093BF00BF75A800080149FFF78DBF00BF98
:10B73000C5A800080149FFF787BF00BF15A9000889
:10B740002DE9F04F374D85B007460078FFF7DAFD59
:10B750002B794FF6FF760133FF2B28BFFF23884656
:10B76000B6FBF3F6DFF8C0B0DFF8C0A0ADF8040018
:10B77000C0F30729C4B2E1B2894507D8B9F1960FE1
:10B780008CBF0020012005B0BDE8F08F1BF804201D
:10B790007B781A4234D09AF800302548013B5BB2DE
:10B7A0001A062FD5324629796B780131FF2928BF37
:10B7B000FF215143AA78E87843EA0223C1F30F211D
:10B7C00043EA0040C047C0F307238DF80C00C0F3E4
:10B7D00007408DF80D308DF80E000398FFF738FB09
:10B7E000C0F30721C0F307438DF808008DF8091056
:10B7F0008DF80A30C2B2DBB22046C9B2FFF7D2FBE5
:10B800000134B8E7C25C8A420AD103F10C020AEBA8
:10B81000420292F801C092784CEA0222B242C2D3AC
:10B82000013BBDE778440020760F002084440020CF
:10B83000954400200149FFF783BF00BF21AA0008FB
:10B840000149FFF77DBF00BF53AA00082DE9F04F63
:10B8500082468DB008780492FFF754FD8B46474B23
:10B86000C4B21B78ADF824000393454BC0F30729FD
:10B8700003EB440603F5C4730593E3B2994507D877
:10B88000B9F1960F8CBF002001200DB0BDE8F08FFC
:10B89000059B1A5D9BF801301A4226D057460025B9
:10B8A000032238490AA8F5F719F8344B0AEB0308C4
:10B8B000039AFBB29A421BD8334BDB786B431B12C3
:10B8C0008DF82A300A98FFF7C3FAC0F30721C0F3B6
:10B8D00007438DF82C008DF82D108DF82E30C2B254
:10B8E000DBB22046C9B2FFF75DFB01340236C4E784
:10B8F00018F8013F96F85A1096F85B20C91A98F884
:10B90000083089B2D21A92B202FB02F001FB0100A8
:10B9100080B207920691FEF742FE1B4B07F10C0E18
:10B9200093F804C0154B0CF1010CBCF1FF0F28BFBC
:10B930004FF0FF0C03EB4E0E9EF801309EF802E034
:10B94000079A43EA0E2303FB0CFC0699CCF30F2362
:10B950008DF82A500093049D034612B20A9809B24A
:10B96000A847C0F307238DF82800C0F307408DF8DF
:10B9700029308DF82A00C5B2013799E784440020A8
:10B98000EE0D00207944002078440020044B01464D
:10B990001B78044A013B23EAE373D8B2FFF756BF92
:10B9A0008444002081AA00080146024A0020FFF7D3
:10B9B0004DBF00BF81AA0008044B01461B78044A12
:10B9C000013B23EAE373D8B2FFF740BF8444002071
:10B9D000C9AA00080146024A0020FFF737BF00BF8E
:10B9E000C9AA0008044B01461B78044A013B23EA1C
:10B9F000E373D8B2FFF72ABF844400203DAB0008B0
:10BA00000146024A0020FFF721BF00BF3DAB0008FE
:10BA1000044B01461B78044A013B23EAE373D8B286
:10BA2000FFF714BF84440020B5AB00080146024A6A
:10BA30000020FFF70BBF00BFB5AB0008044B014669
:10BA40001B78044A013B23EAE373D8B2FFF7FEBE3A
:10BA50008444002001AC00080146024A0020FFF7A0
:10BA6000F5BE00BF01AC0008F7B506460078FFF749
:10BA700049FC194AADF8000053789178C4B2C0F37C
:10BA80000725D07843EA012343EA0040FFF7E0F9B5
:10BA9000C0F307238DF80530104FC0F307438DF82E
:10BAA00004008DF80630E3B29D4205D8962D8CBF78
:10BAB0000020012003B0F0BD3A5D73781A4208D02F
:10BAC00020469DF806309DF804209DF80510FFF7EC
:10BAD00069FA0134E7E700BF78440020760F0020C0
:10BAE0002DE9FF4106460078FFF70CFCDFF8A08047
:10BAF000032208F10101ADF80000C5B2C0F307242C
:10BB000001A8F4F7EBFE019898F80170FFF7A0F98F
:10BB1000C0F307238DF8093098F804308DF8080039
:10BB20001F448DF80470C0F307408DF80A00019897
:10BB3000FFF78EF9C0F307238DF80D30154FC0F3D2
:10BB400007438DF80C008DF80E30EBB29C4206D8FE
:10BB5000962C8CBF0020012004B0BDE8F0817B5DF5
:10BB60007278134211D0DB07284643BF9DF80E3090
:10BB70009DF80C209DF80D109DF80A305CBF9DF8D3
:10BB800008209DF80910FFF70DFA0135DDE700BF29
:10BB900078440020760F00202DE9FF470646007804
:10BBA000FFF7B0FBDFF88480ADF804000322C5B2D4
:10BBB000C0F3072408F1010102A8F4F78FFE6FF427
:10BBC000967398F80470DFF86890BF0809EB030AD1
:10BBD000EBB29C4206D8962C8CBF0020012004B00A
:10BBE000BDE8F08719F8052073781A421BD01AF8BF
:10BBF000152098F80130120902FB07338DF8083040
:10BC00000298FFF725F9C0F30721C0F307438DF829
:10BC10000C008DF80D108DF80E30C2B2DBB2284644
:10BC2000C9B2FFF7BFF90135D2E700BF7844002061
:10BC3000760F00202DE9FF4706460078FFF762FBEC
:10BC4000DFF88080ADF804000322C5B2C0F30724FA
:10BC500008F1010102A8F4F741FEDFF86C9098F8B2
:10BC60000470A9F5977ABF08EBB29C4206D8962CCF
:10BC70008CBF0020012004B0BDE8F08719F8052032
:10BC800073781A421BD01AF8152098F801307A43BD
:10BC900003EB52138DF808300298FFF7D9F8C0F380
:10BCA0000721C0F307438DF80C008DF80D108DF8B7
:10BCB0000E30C2B2DBB22846C9B2FFF773F90135C4
:10BCC000D2E700BF78440020760F00202DE9FF4125
:10BCD00006460078FFF716FBDFF89880032208F18C
:10BCE0000101ADF80400C5B2C0F3072402A8F4F7BF
:10BCF000F5FD214B98F80370188898F80430DB089C
:10BD00005843C0F30720FEF783FCA0F18002D3B2B2
:10BD1000120644BFC0F18000C3B25B00DBB27B43BC
:10BD20001B128DF80A300298FFF792F8134FC0F3F8
:10BD300007238DF80C00C0F307408DF80D308DF807
:10BD40000E00EBB29C4206D8962C8CBF002001203E
:10BD500004B0BDE8F0817A5D73781A4208D02846B5
:10BD60009DF80E309DF80C209DF80D10FFF71AF984
:10BD70000135E6E77844002080440020760F00205B
:10BD800073B505460078FFF7BDFAAB78ADF804004F
:10BD9000C0F30724FBB9154B154A1B7912881033E1
:10BDA000FF2B28BFFF2353430A22C3F30F23B3FB08
:10BDB000F2F102FB11339BB23BB9FEF717FC97235C
:10BDC000584369780012FFF7F5F8962C8CBF0020D5
:10BDD000012002B070BD9DF80460B442F5DD30462C
:10BDE0006978FFF7E7F80136F7E700BF78440020ED
:10BDF0008044002073B505460078FFF783FAAB78DE
:10BE0000ADF80400C0F3072403BB154B154A1B799A
:10BE100012881033FF2B28BFFF2353430522C3F39F
:10BE20000F23B3FBF2F202EB82029B1A9BB23BB9E7
:10BE3000FEF7DCFB9723584369780012FFF7F2F80E
:10BE4000962C8CBF0020012002B070BD9DF80460CC
:10BE5000B442F5DD30466978FFF7E4F80136F7E7DC
:10BE600078440020804400202DE9FF4106460078F8
:10BE7000FFF748FADFF8A080032208F10101ADF8CE
:10BE80000400C5B2C0F3072402A8F4F727FD234B32
:10BE900098F80170188898F80430DB085843C0F30C
:10BEA0000720FEF7B5FBA0F18002D3B212064FF0D7
:10BEB0000C0244BFC0F18000C3B25B00DBB253434D
:10BEC00007EB13278DF808700298FEF763FB144FF9
:10BED000C0F307238DF80C00C0F307408DF80D3038
:10BEE0008DF80E00EBB29C4206D8962C8CBF002039
:10BEF000012004B0BDE8F0817A5D73781A4208D061
:10BF000028469DF80E309DF80C209DF80D10FFF787
:10BF100049F80135E6E700BF78440020804400205E
:10BF2000760F00202DE9F04F074687B00078FFF725
:10BF3000E9F9C3B20193BB78ADF80C00C0F3072454
:10BF40004BB1002211461046FFF798F85A22002103
:10BF50003E48F4F73DFC3B786BB93D4D288802F034
:10BF600030FC18288CBF012200223A4B1A7002D9EB
:10BF700002F022FC28800026B0464FF00F0B364B13
:10BF800006EB030A314B06EB03091AF8013B019A51
:10BF900093420CD3A3420AD22F4A134493F8882128
:10BFA0007B781A4218D108F101085FFA88F80BF182
:10BFB000FF3313F0FF0B09F10109E6D14B2E04D03A
:10BFC000B8F11E0F06F10F06D7D9962C8CBF0020B2
:10BFD000012007B0BDE8F08F99F800501F4AA5F185
:10BFE000550323EAE373C3F1AA038DF81030937865
:10BFF000D2788DF8113005F1AA03FF2B28BFFF235B
:10C0000003EB43030233DBB253431B128DF81230B0
:10C010000498FEF71DFFC0F30721C0F307438DF816
:10C0200014008DF815108DF81630C2B2DBB21AF874
:10C03000010CC9B2FEF7B6FF064B1B78002BB2D03D
:10C04000013D25EAE57589F80050ACE7B8370020D6
:10C050001438002012380020EE0D00207844002013
:10C0600013B50078FFF74EF9C0F307242146C0B29C
:10C07000F7F7F8FE962C8CBF0020012002B010BD0F
:10C0800007B500780138C0B2FFF73CF9C0F30721CB
:10C09000C0B2FBF741FC03B05DF804FB2DE9F04FA3
:10C0A000964C8FB0206802F093FB054602F04CFBE3
:10C0B00020600024924EA44696F800E0C5F57F4724
:10C0C0007146FF37E3B29E4517D8BCF1000F00D090
:10C0D00031708C4D8C4C2B7813F0030218BF9B08E9
:10C0E000019218BF01932378032B00F22483DFE829
:10C0F00013F01C0029002E033A0304F10C0206EB96
:10C100004202537892F80280013443EA08239F42A6
:10C1100029BF5B1901F1FF315370C3F307233ABF05
:10C120004FF0010CC9B29370CCE70022774B7449F1
:10C130001A70774B292218607648F4F7CFFB012359
:10C140002370F8E2744B019A1B78934246D1734AEC
:10C150002B78127803F003039B1A18BF01236B4E50
:10C160007278B3706B799A4205D00022114610465E
:10C170007370FEF783FF019A2D2A38D8DFE812F09A
:10C180003000390056005A005E00620066006A0006
:10C190006E00720076007A007E00820086008A00BF
:10C1A0008E00920096009A009E00A200A600AA00AF
:10C1B000AE00B200B600BA00D0002901E6019D022F
:10C1C000A102A502A902AD02B102B502B902BD02E7
:10C1D000C102C502C902CD02D102D5020123BEE7C8
:10C1E000B37823B1002211461046FEF747FF002026
:10C1F00002E04648FFF738FC444B1A7801321A70C7
:10C20000002840F09B8202213F4A9B781170002B4E
:10C2100040F0B682019B002B00F08B82FFF76EF896
:10C220003A480FB0BDE8F04FFFF72ABF3748FFF795
:10C2300057FCE1E73548FFF7AFFCDDE73348FFF790
:10C24000F9FCD9E73148FFF741FDD5E72F48FFF763
:10C25000CBF9D1E72D48FFF7CDF9CDE72B48FFF714
:10C2600055F9C9E72948FFF757F9C5E72748FFF708
:10C27000D1F8C1E72548FFF7D3F8BDE72348FFF71A
:10C28000BFF9B9E72148FFF7C1F9B5E71F48FFF744
:10C29000C3F9B1E71D48FFF7C5F9ADE71B48FFF744
:10C2A000C5F8A9E71948FFF73DF9A5E71748FFF7D3
:10C2B0003FF9A1E71548FFF7BFF89DE71348FFF7DF
:10C2C0002DFA99E71148FFF72FFA95E70F48FFF786
:10C2D00031FA91E70D48FFF753FD8DE70B48FFF763
:10C2E00089FD89E70948FFF7BFFD85E70748FFF7A4
:10C2F0009FF981E70548FFF7A1F97DE7B4370020F2
:10C300008B370020784400201C1000201D100020D6
:10C3100080440020844400202010002021100020B0
:10C320003078FEF7EFFFDFF80882824FD8F8002060
:10C330003B68ADF82C009A42C0F3072437D9FEF7CA
:10C3400055F9972358437C4B4FEA202903EB2023D0
:10C3500093F8882173781A4229D0FEF747F98207AB
:10C360002AD50023ADF830308DF832300C98FEF726
:10C370006FFDC0F30721C0F30743C2B28DF834004C
:10C380008DF835108DF836304846DBB2C9B2FEF76D
:10C3900009FE2B794FF4FA721033FF2B28BFFF23CD
:10C3A0001B09B2FBF3F3D8F8002013443B60962C32
:10C3B0008CBF002001201FE7FEF718F98DF8300030
:10C3C000FEF714F940F357007F30EB788DF8310019
:10C3D000CAE7DFF86891DFF858A1D9F80020DAF849
:10C3E00000309A423FF603AFB378554FBBBB30786D
:10C3F000FEF788FFADF83000C0F30724C0B200EBB1
:10C400004008DFF840B1B844C3B29C425FD8962CD4
:10C41000CDD94D4904EB4402033AC81EF4F734F970
:10C42000FEF7E4F804F1FF3810F0020F4FEA480677
:10C4300060D000234644BA19BB55537093702B79D2
:10C4400040F6B8321033FF2B28BFFF231B09B2FB85
:10C45000F3F3DAF800201344C9F80030A7E700220C
:10C46000002411461046FEF709FEB846A346FEF723
:10C47000BDF883070BD588F800B088F801B088F8BC
:10C4800002B00134972C08F10308F0D1AFE7FEF7B2
:10C49000ADF88DF83400FEF7A9F8EB7840F35700BB
:10C4A0007F3004EB44028DF836308DF83500BB1830
:10C4B0000D9803920293FEF76DF8039A029BB8540D
:10C4C000C0F30722C0F307405A709870D9E71BF8F1
:10C4D000002073781A4209D098F8023098F80020AA
:10C4E00098F801100290FEF75DFD029808F103082C
:10C4F000013089E7FEF77AF88DF83400FEF776F818
:10C50000EB7840F357007F308DF836308DF83500EA
:10C510000D98FEF73FF84644B85507EB0608C0F300
:10C520000723C0F3074088F8013088F8020086E747
:10C530008044002084370020EE0D0020803700204A
:10C54000B8350020760F0020BB350020B37823B12A
:10C55000002211461046FEF791FD3078FEF7D2FE1C
:10C56000C0F307230893884BADF830001A68874B57
:10C570001B689A4240F29880AA786B78E87843EA80
:10C58000022343EA0040FEF763FC814DC0F307221B
:10C59000AB46C0F307438DF835208DF83630C1B275
:10C5A000D2B2DBB27B4FDFF8F0918DF8340003910B
:10C5B00004920593AA46B84600260F35CDF818A078
:10C5C000079518F8014B002C71D003A91AC90293E2
:10C5D000069B13F8010B06930BEB000393F88821DD
:10C5E00099F801301A4205D02346029A0991FEF7C4
:10C5F000D9FC0999079B13F8010D07930BEB000376
:10C6000093F8882199F801301A4203D02346029A00
:10C61000FEF7C8FC013698F80030F6B2062E08F88E
:10C62000013CCED1BC79002C44D0059C039EDDF8A2
:10C6300010809AF806000BEB000393F8882199F814
:10C6400001301A4204D0234642463146FEF7AAFC86
:10C650009AF808000BEB000393F8882199F8013051
:10C660001A4204D0234642463146FEF79BFCFDF7B2
:10C67000BDFF00F00300B0FA80F0484B40099D4236
:10C68000B87107F1070795D1454B40F6B8321B79D1
:10C690001033FF2B28BFFF231B09B2FBF3F33A4AE9
:10C6A00012681344394A1360089B962B80E6214692
:10C6B00002948DE72646A046BBE73748FFF732FCD9
:10C6C0009AE53548FEF7E0FC91E53348FFF7B2F80C
:10C6D00092E53148FFF7B4F88EE52F48FFF756F999
:10C6E0008AE52D48FFF760F986E52B48FFF764F9E6
:10C6F00082E52948FFF76EF97EE52748FFF772F9D2
:10C700007AE52548FFF77CF976E52348FFF780F9BD
:10C7100072E52148FFF78AF96EE51F48FFF78EF9A9
:10C720006AE51D48FFF798F966E51B48FFF798FC96
:10C7300062E5032313700FB0BDE8F08F019B002B5F
:10C74000F9D0184B1B78022B7FF46AAD66E5019A8D
:10C75000154B1A702B78154AC3F301031370FEF7BB
:10C760001BFC0323ECE4124B1B780BB1FEF762FBBE
:10C77000054B186802F02CF80F28DCD90023DFE401
:10C78000019B002BD7D049E580440020B435002020
:10C79000EE0D0020883500201D100020480E0020DE
:10C7A000784400201C1000202010002021100020C0
:10C7B0008A37002010B500240D4B1B6898470D48A0
:10C7C0001022FF2100F8194BF4F702F80A48102252
:10C7D000FF2100F8194BF3F7FBFFFEF73BFA074B7D
:10C7E0001B78032B03D8BDE81040FEF7A9BB10BD92
:10C7F000F4290108844400208B370020784400206D
:10C8000070470000044A137883F00103137000227C
:10C81000024B1A70FEF716BA784400201C10002054
:10C820000020FFF7EFBF0120FFF7ECBF064A1378A7
:10C8300013F0030304BF05490B700121137861F362
:10C8400001031370704700BF784400201C100020C3
:10C85000054B1A7892071EBF0021044A11701A78FE
:10C8600022F003021A707047784400201C10002048
:10C87000024B187800F00300704700BF7844002096
:10C880000C4A034608461178890711D063B12D2B55
:10C890000CD803F03F03117863F387011170002275
:10C8A000054B1A70FEF7CEB90123F4E72D23F2E70A
:10C8B000704700BF784400201C1000200021FFF7C3
:10C8C000DFBF0121FFF7DCBF014B187880087047FC
:10C8D00078440020054B01461B789B0801332E2B22
:10C8E00034BF18460120FFF7CBBF00BF78440020BB
:10C8F0000120FFF7EFBF0000064B01461B78C3F392
:10C900008503013B13F0FF0314BF18462D20FFF7EA
:10C91000B7BF00BF784400200120FFF7EDBF000043
:10C9200030B4084C0546184623789B0708D0A02A47
:10C9300028BFA0226570A170E27030BCFEF782B9FA
:10C9400030BC7047784400200023FFF7E9BF012383
:10C95000FFF7E6BF07B50322094901A8F3F7BEFFB9
:10C9600000209DF8043063F307009DF8053063F361
:10C970000F209DF8063063F3174003B05DF804FB09
:10C9800079440020014B5878704700BF784400205C
:10C99000014B9878704700BF78440020014BD8784D
:10C9A000704700BF78440020034903464878CA789E
:10C9B00008308978FFF7B4BF784400200120FFF7E2
:10C9C000F3BF0000054910B44C780346083CCA7810
:10C9D000A0B2897810BCFFF7A3BF00BF7844002045
:10C9E0000120FFF7EFBF000010B4064C0346A1780A
:10C9F000E2781031FF2928BFFF216078C9B210BC4E
:10CA0000FFF78EBF784400200120FFF7EDBF000044
:10CA100010B4064C0346A178E278103921EAE1719E
:10CA20006078C9B210BCFFF77BBF00BF784400201C
:10CA30000120FFF7EDBF000010B4064C0346E2787A
:10CA4000A1782032FF2A28BFFF226078D2B210BC22
:10CA5000FFF766BF784400200120FFF7EDBF00001C
:10CA600010B4064C0346E278A178203A22EAE2723A
:10CA70006078D2B210BCFFF753BF00BF78440020EB
:10CA80000120FFF7EDBF0000024B18710020FEF7F8
:10CA9000D9B800BF78440020024B18710120FEF77E
:10CAA000D1B800BF78440020014B1879704700BF0F
:10CAB00078440020044A13792833FF2B28BFFF2332
:10CAC0001371FEF7BFB800BF784400200120FFF7C4
:10CAD000F1BF0000034A1379283B23EAE373137183
:10CAE000FEF7B0B8784400200120FFF7F3BF000044
:10CAF000024B58710020FEF7A5B800BF7844002013
:10CB0000F0B50C4D00EB4007EE1996F801C044005B
:10CB10008C4505D1EF5D974202D1B6789E4207D091
:10CB200001272044044E2C18377061702A54A370DA
:10CB3000F0BD00BFAD4400201638002070B513468C
:10CB400005460E4600242046324629460134FFF7AA
:10CB5000D7FF972CF7D170BD08B500F02BFA002253
:10CB6000014B1A7008BD00BF1638002010B5054CE7
:10CB700023782BB19721044800F036FA0023237064
:10CB800010BD00BF16380020AD44002000B1104792
:10CB90000847000038B54D790446002D43D1FCF715
:10CBA000FBFAA4F5F043203B00F02200142B3AD806
:10CBB000DFE803F00B0F14171A1D202326292C2F52
:10CBC0003335370D0D0D0D0D0D00FFF72CFE2846EA
:10CBD00038BD164A1649FFF7D9FFF8E7144A13493A
:10CBE000F9E7144A1449F6E7134A1249F3E7134ADE
:10CBF0001349F0E7124A1149EDE7124A1249EAE7F0
:10CC0000114A1049E7E7114A1149E4E7104A0F4970
:10CC1000E1E70120FFF755FED9E70520FAE70D20EF
:10CC2000F8E71220F6E70125D1E700BF19C900088F
:10CC3000F1C80008E1C90008BDC9000831CA0008F0
:10CC400009CA000881CA000859CA0008E9CA0008D0
:10CC5000CDCA00082DE9F0414FF0120C46180546E8
:10CC6000194610460027B54201D3BDE8F08115F8FA
:10CC7000013B83EA0002A2FB0C830CFB0133480159
:10CC8000540114EB080440EAD26043EB00034FEA7E
:10CC9000C218A4184FEAC11041EB03034FEA022E59
:10CCA00040EA526014EB08044FEA012143EB000311
:10CCB00041EA126114EB0E0443EB01030EEB030196
:10CCC0003819D0E7FCF788BC08B5082200210348D2
:10CCD000F3F77EFDBDE8084000F004B918380020E5
:10CCE0008378C078013303F003031B1A584258417C
:10CCF000704710B50446FFF7F3FF78B9A37801F049
:10CD00007F01E01841EAC21202710120013303F0F1
:10CD10000303A37023780133237010BD0020FCE7C8
:10CD200010B5C37884789C4211D003441B79C3F3B7
:10CD3000C014C3F306030B701470C378013303F0FF
:10CD40000303C370437801334370012010BD0020FA
:10CD5000FCE700000A4601460148FFF7CABF00BFD2
:10CD6000183800200A4601460148FFF7D9BF00BF26
:10CD7000183800202DE9F0412D4B86B01A7832B1D9
:10CD800000221A702B4B9A78DA701A785A7000F0D9
:10CD9000E3F8FFF797FF044600283CD00024FC2668
:10CDA00030E09DF806409DF807808DF81040B8F1FE
:10CDB000000F34D0FD2302278DF8113001F0FCFC68
:10CDC0000123ADF812008DF815308DF8147006AB04
:10CDD00013E90300FBF7FEFA8DF80840B8F1000FE5
:10CDE00023D0FD238DF8093001F0E6FC0023ADF8D7
:10CDF0000A008DF80C708DF80D30DDE90201FBF7AB
:10CE0000E9FA2C460DF107010DF10600FFF7AAFF24
:10CE100005460028C5D1204606B0BDE8F0818DF852
:10CE20001160032701F0C8FCCAE78DF80960DBE751
:10CE300017380020183800204FF4165002F00EBDAD
:10CE4000012301F1804101F2064101F00F0120228E
:10CE5000024803FA01F104F039B900BF00040040B0
:10CE6000054B01F18041186901F2064101F00F0103
:10CE7000C84000F001007047000400407047000007
:10CE80002DE9F0410025154F3B78ECB2A3420CD8B8
:10CE9000FFF7D2FF0026DFF848803B78F5B2AB42BF
:10CEA0000DD8FFF7EBFFBDE8F08100212046FFF72A
:10CEB000C7FF01212046FFF7C3FF0135E4E700214A
:10CEC0002846FFF7CDFF012104462846FFF7C8FF9B
:10CED00044EA400408F805400136DEE72038002027
:10CEE000223800200122024B1A70FFF7C9BF00BF91
:10CEF0002038002038B541EA4203144ADBB2115C05
:10CF0000044601F00305AB421FD043EA8103DBB2C4
:10CF10000F4D13540F4A03F00F03D35C2A5C1344E4
:10CF20005BB2012B2B5402DD0021FFF713FF2B57BF
:10CF3000013303DA01212046FFF70CFF2B57002BAA
:10CF400003F00103B8BF5B422B5538BD22380020E7
:10CF500021380020042B0108F8B500250A4F3B7842
:10CF6000ECB2A34200D8F8BD00212046FFF778FFBD
:10CF7000012106462046FFF773FF31460246204650
:10CF8000FFF7B8FF0135EAE720380020C1F10301BF
:10CF9000490040FA01F3022213F0010F14BF0E23DF
:10CFA00008238A4002421ABFA3F12000C0B243F016
:10CFB0008000704708B540F282224FF400410748D4
:10CFC00004F084F8064803F015FB0649044803F012
:10CFD0009BFABDE80840024803F0B2BA00040040E2
:10CFE00008490020142B01082DE9F04F05460E4694
:10CFF00000244FF00C08274F85B0E3B2B34208D3AA
:10D000004FF4F161234A244805B0BDE8F04F03F026
:10D01000B2BA4FF0000A03EB43016A1808FB03F9A8
:10D02000695C0291517892780391019209F10302AF
:10D0300002EB070B51460298FFF7A8FF0AF1010A1D
:10D04000BAF1040F0BF8010FF4D14FF0000B09F106
:10D05000070207EB020A59460398FFF797FF0BF107
:10D06000010BBBF1040F0AF8010FF4D14FF0000BD4
:10D0700009F10B0307EB030A59460198FFF786FFF6
:10D080000BF1010BBBF1040F0AF8010FF4D10134CD
:10D09000B3E700BF2338002008490020FCF7C1B9DE
:10D0A00008B50420FCF768FDC0F3C00008BD08B552
:10D0B000FCF722FE4FF4C86002F057FDFCF71CFE9F
:10D0C000FFF7EEFF28B1FFF7E9FFBDE8084001F0E8
:10D0D00097BB08BD08B5FFF7EAFF08BD2DE9F84387
:10D0E0009046994610B90020BDE8F8830029FAD08F
:10D0F000002AF8D0002BF6D0054600232F783FBB3E
:10D10000164E3278541CE4B23470BCB100234FEA9E
:10D11000031C10F80CC0A44510D001338B42F6D18B
:10D1200007B1347033782B7001F00EFB089B40443C
:10D130006860C5F808903078EB60D5E7631CA242C0
:10D140004FF00107DBB201D13370CCE71C46DCE7BE
:10D1500001338B4205F11005D0D1C4E730400020E7
:10D16000034610B510468BB191B14AB100221C782C
:10D17000844206D1002201201A705A609A60DA6057
:10D1800010BD01328A4203F11003F0D10020F7E70D
:10D190000846F5E72DE9F041154604460E4601F034
:10D1A000D3FA2B680746C31A002B03DD286000253D
:10D1B000B54201D1BDE8F08194F80080B8F1000FCC
:10D1C0000DD06068C31B002B09DCA368E168984799
:10D1D0002378434503D128B1636803446360013574
:10D1E0001034E5E720706060A060E060F7E70000C1
:10D1F00007B50B460092082102460348FFF76EFF71
:10D2000003B05DF804FB00BFAC3F002002460821DC
:10D210000148FFF7A5BF00BFAC3F00200821024A2C
:10D220000248FFF7B7BF00BF2C400020AC3F0020F2
:10D23000062070471E23520003FB0122B42303FB88
:10D24000002000F216307047052838B510D805299F
:10D250000ED80E2A0CD8FFF7EDFF0546FCF7CEFDE1
:10D260000402681CFCF7CAFDA4B2204380B238BD9A
:10D270000020FCE7052870B51C460FD805290DD8FD
:10D280000E2A0BD8FFF7D6FF0546210AFCF71EFE33
:10D29000E1B2681CBDE87040FCF718BE70BD0528FF
:10D2A00070B5164616D8A9B9800000F24E7482F007
:10D2B000010004EB4000FCF7A1FD002E4FEA002521
:10D2C0000CBF032001202044FCF798FDADB2284399
:10D2D00080B270BD0020FCE7052870B516461D46DB
:10D2E00014D899B9800000F24E7482F0010004EB6A
:10D2F0004000190AFCF7EAFD002E0CBF03200120B4
:10D30000E9B22044BDE87040FCF7E0BD70BD2DE9F6
:10D31000F84300250026ECB212E05FFA87F94A468E
:10D3200041462046FAF78EFE013703464A464146FB
:10D330002046FFF79FFF0F2FEFD10136062E03D0B7
:10D3400000275FFA86F8E8E7012200212046FAF775
:10D350008DFE0122034600212046FFF7BDFF00227B
:10D3600020461146FAF782FE002203461146204667
:10D370000135FFF7B1FF062DCCD1BDE8F88370B5BC
:10D38000144600F216355618B44200D170BDA5F20D
:10D390001633B3F5876F06DA2846FCF72FFD04F83D
:10D3A000010B0135F0E70020F9E770B5144600F2F3
:10D3B00016355618B44200D170BDA5F21633B3F538
:10D3C000876F03DA28462178FCF780FD01340135A8
:10D3D000F0E7052810B406D8052904D80E2A02D88B
:10D3E00010BCFFF731BF002010BC7047052802D8E1
:10D3F00009B9FFF754BF002070472020704740F65E
:10D400009A007047F8B51446054640F69907561835
:10D41000B44200D1F8BDBD4207DC05F26670FCF7EE
:10D42000EDFC04F8010B0135F2E70020F9E7F8B54F
:10D430001446054640F699075618B44200D1F8BD87
:10D44000BD4204DC217805F26670FCF73FFD013433
:10D450000135F2E710B540F2667420460021013430
:10D46000FCF734FDB4F5805FF7D110BD1F282DE91E
:10D47000F341054655D840F6FF70FCF7BFFC002885
:10D480004FD140F266744DBB6F4600950195204622
:10D49000FCF7B4FC04F101088DF800008DF8015090
:10D4A00000283ED0012813D14046FCF7A7FCA61C5B
:10D4B0008DF80100A8B3431E022B1BD83046FCF7A1
:10D4C0009DFC04F103088DF8020050B38DF8035061
:10D4D0000021384600F032FC4446D8E7B4F5805FBE
:10D4E0001FD02046FCF78AFC01340028F6D1013D0C
:10D4F000EDB2C8E704280FD102243046FCF77EFCC9
:10D500000136385568B17C2808D104F108030DEBC9
:10D510000304002304F8073CB046D9E70134072C84
:10D52000EBD102B0BDE8F08147F61643984210B542
:10D530000C461BD1FBF730FE62790D4B72B100F047
:10D54000AA00002813BF01220022292035201A70CA
:10D5500001F00AF8FBF7EAFE002010BD1B78002B53
:10D560000CBF2920352001F019F8F3E70120F4E77A
:10D570003140002038B505464879002800F0DC80AD
:10D58000A5F5E045ABB2222B00F2BB80FBF76CFFA8
:10D590006A4C013D2080212D12D8DFE805F04DBDF9
:10D5A000551B1F59235D692FB5336D3771973B7537
:10D5B0009F417B8327612B65477F8EA9B31651C599
:10D5C000237843F00103237095E0637843F0080368
:10D5D000637090E0237843F00203F4E7237843F08C
:10D5E0000403F0E7237843F00803ECE7637843F0A3
:10D5F0000103EDE7637843F00203E9E7237843F0A2
:10D600001003E0E7237843F02003DCE7237843F0BE
:10D610004003D8E7FBF7F2F9237843F08003D2E721
:10D62000237823F00C0343F00C03CCE7637823F05A
:10D63000030343F00303CBE7237823F00103C2E79E
:10D64000637823F00803C3E7237823F00203BAE7E3
:10D65000237823F00403B6E7237823F00803B2E726
:10D66000637823F00103B3E7637823F00203AFE7A5
:10D67000237823F01003A6E7237823F02003A2E702
:10D68000237823F040039EE7FBF7B8F9237823F0D3
:10D69000800398E7237823F00C0394E7637823F062
:10D6A000030395E72378C3F3800282F00102D2B22C
:10D6B00062F3820362F3C30385E76378DA4302F01F
:10D6C000010262F3000362F3410381E72378C3F3AD
:10D6D000801282F0010262F3861374E7FBF78EF981
:10D6E0002378C3F3C01282F0010262F3C7136AE722
:10D6F0000120FBF7CEFE2088FBF7B9FEFBF77EF991
:10D70000002038BD0020F4E72378C3F3001282F034
:10D71000010262F3041356E72378C3F3000282F098
:10D72000010262F300034EE76378C3F3C00282F0A4
:10D73000010262F3C3034BE70120E2E75E440020ED
:10D7400000EB4003C3EB031300EB830083B200B292
:10D75000002807DA803800B20028B8BFFF30001276
:10D7600040B2704703F18000C0F30720F8E70000E3
:10D77000164B1B78D90707D5154B187840007F2822
:10D780001FD800B3C0B270479A0703D5104B187862
:10D790008000F4E75B0703D50D4B1878C000EEE777
:10D7A0000C4B1B785BB10C4A0949127808789342FC
:10D7B000F4D25843C000B0FBF2F080B2DFE708209B
:10D7C000E0E77F2070470120704700BF384000200D
:10D7D000291000203740002028100020144B1B780F
:10D7E000D90705D5134B18788008F0B1C0B270473F
:10D7F0009A0703D50F4B18784008F6E75B0705D565
:10D800000C4B18787F28F0D97F2070470A4B1B7883
:10D810004BB10A4A07491278087893423CBF5843F3
:10D82000B0FBF2F0EEE70120E0E70120704700BF17
:10D830003840002025100020364000202410002011
:10D8400008B5A0F1CD03122B10D8DFE803F00A10C1
:10D8500013192E2E2E2E2E2E2E2E1C21252B363C2D
:10D860004100FFF785FF40421C4BD87008BDFFF711
:10D870007FFFF9E7FFF77CFF4042184B9870F5E710
:10D88000FFF776FFF9E7FFF7A9FF144B1871EDE7F3
:10D89000FFF7A4FF4042F8E7FFF7A0FF40420F4B1D
:10D8A0005871E3E7FFF79AFFF9E701230B4AD138F4
:10D8B000517883400B435370D8E7094A137843F0FB
:10D8C00001031370D2E7064A137843F00203F8E726
:10D8D000034A137843F00403F3E700BF3940002004
:10D8E00038400020414BCD2893F9032012D1002A63
:10D8F00001DA0022DA70D9789A780A4351B20AB96B
:10D900003B4A11701A795B7913435AB20BB9394B00
:10D910001A707047CE2802D1002AEADCEBE7CF2844
:10D9200093F9022004D1002AE5DA00229A70E2E796
:10D93000D02802D1002AF8DCDDE7D92893F90420A9
:10D9400004D1002AD7DD00221A71D4E7DA2802D1E7
:10D95000002AD0DAF7E7DB2893F9052004D1002A62
:10D96000C9DA00225A71C6E7DC2802D1002AF8DCA5
:10D97000C1E7D1380E28BED801A252F820F000BF6E
:10D98000BDD90008BDD90008BDD90008BDD900081F
:10D99000BDD90008BDD90008BDD90008BDD900080F
:10D9A000F7D80008F7D80008F7D80008F7D800081B
:10D9B000CBD90008D7D90008E1D9000801215A784D
:10D9C000814022EA01025A7095E70B490A7822F059
:10D9D00001020A708FE708490A7822F00202F8E78C
:10D9E00005490A7822F00402F3E700BF394000201D
:10D9F00037400020364000203840002008B500F0B5
:10DA0000DBFE094B9A78D9780A431CBF074A10807D
:10DA10001A795B791A431CBF054B18800248BDE890
:10DA2000084000F0C9BC00BF39400020344000204D
:10DA300032400020062208B500210548F2F7C8FE52
:10DA40000023044A1370044A1370044A137008BD7B
:10DA50003940002037400020364000203840002068
:10DA600090F902305BB990F9033043B990F9043072
:10DA70002BB990F90500003818BF0120704701202C
:10DA80007047000037B5514C062221466846F2F730
:10DA900025FF00239DF80320A370E37023716371B9
:10DAA0009DF8023013430AD0494B188800F089FED4
:10DAB00048490B783BB3484A127890422CDC9DF8D9
:10DAC00004309DF8052013430BD0444B188800F018
:10DAD00078FE43490B78002B46D0424A1278904298
:10DAE0004BDC6946394800F08FFD18B93748FFF71D
:10DAF000B7FF08B1FFF782FF062269463348F2F705
:10DB0000EDFE03B030BD0A25374A12786A439042D1
:10DB1000D5DD01330B7001E0FF2BFAD19DF90250E6
:10DB20003DB1FFF725FE002DD4BFFF23012358434D
:10DB3000A0709DF903503DB1FFF71AFE002DD4BF30
:10DB4000FF2301235843E07094F902000028B6D067
:10DB500094F90320002AB2D0FFF7F2FDA07010461E
:10DB6000FFF7EEFDE070AAE70A25204A12786A4323
:10DB70009042B6DD01330B7001E0FF2BFAD19DF925
:10DB800004503DB1FFF72AFE002DD4BFFF2301232F
:10DB9000584320719DF905503DB1FFF71FFE002D40
:10DBA000D4BFFF2301235843607194F90400002877
:10DBB00097D094F90520002A93D0FFF7C1FD20717A
:10DBC0001046FFF7BDFD60718BE700BF39400020B4
:10DBD00034400020374000202A100020324000202E
:10DBE00036400020261000202B1000202710002097
:10DBF0004D4B2DE9F0410C464C49C2081F5C4C4B83
:10DC00008E5C4C499B5C00F0070011F802800341D8
:10DC1000064148FA00F813F0010506F0010608F085
:10DC2000010812D0E120FAF707FC002C6ED040F278
:10DC3000E7300021DFF800C14FF47A720023E4FBE3
:10DC40000C01F2F7D3FA01F090FF96B1E620FAF753
:10DC5000F3FB002C5CD040F2E7300021DFF8D8C0A5
:10DC60004FF47A720023E4FB0C01F2F7BFFA01F0E3
:10DC70007CFF21463846FAF761FC002C4AD040F27E
:10DC8000E73000212C4F4FF47A720023E4FB0701A8
:10DC9000F2F7ACFA01F069FF86B1E620FAF714FC5E
:10DCA000D4B340F2E7300021234E4FF47A720023C0
:10DCB000E4FB0601F2F79AFA01F057FF85B1E12083
:10DCC000FAF702FC54B340F2E73000211A4D4FF44A
:10DCD0007A720023E4FB0501F2F788FA01F045FFB0
:10DCE000B8F1000F1ED02C20FAF744FCC4B140F26A
:10DCF000E7300021104D4FF47A720023E4FB050158
:10DD0000F2F774FABDE8F04101F02FBF01209AE765
:10DD10000120ACE70120BDE70120CDE70120DDE7D0
:10DD20000120EFE7BDE8F081282B0108B82B01089E
:10DD3000C82B0108A82B0108A0860100F8B50D46E4
:10DD40000446002140F2E730294E4FF47A72002356
:10DD5000E5FB0601F2F74AFA07462078002846D08C
:10DD6000012840D16378013B032B03D8DFE803F09F
:10DD7000090F14190134A5B3384601F0F6FE013439
:10DD8000EBE7A078A61CFAF7F5FB3446F3E7A0789A
:10DD9000A61CFAF751FBF8E7A078A61CFAF794FB4B
:10DDA000F3E700260A2014F8023F124AD15C11F072
:10DDB00004010ED19EB140F2E730DFF834C04FF4D9
:10DDC0007A720023C6FB0C01F2F710FA01F0CDFEC7
:10DDD000D1E7303B00FB063614F8013FE6E70120AF
:10DDE000F4E70120C9E72946FFF702FFC7E7F8BDBE
:10DDF000A0860100691E0108F8B5144642791D4647
:10DE00009DF81870284B92B11C7000F0D5FC274B80
:10DE1000188004F12003DBB2072B44D8012004F062
:10DE20000704A040C0B2BDE8F840FAF7ABBB1E78CB
:10DE3000A6422ED11D4B188800F0C3FCC72828D855
:10DE4000AE4205F1200415D006F12003DBB2072B0A
:10DE500006D8012006F00706B040C0B2FAF79BFBD7
:10DE6000E3B2072B06D8012005F007039840C0B2A3
:10DE7000FAF788FB3846E4B2FAF77CFB072C12D895
:10DE8000012005F00705A840C0B2BDE8F840FAF748
:10DE900082BB04F12003DBB2072B04D8012004F07D
:10DEA0000704A040F0E7F8BD4240002040400020B9
:10DEB0000346A3F5F843183B07B50846062B3BD8A5
:10DEC000DFE803F0171E0410252C330026230093EF
:10DED000E12347F61A411A46FFF78EFF002003B0F0
:10DEE0005DF804FB27230093E52347F61B411A4600
:10DEF000F2E72623E022009347F61841E123EBE7FF
:10DF00002723E422009347F61941E523E4E726237B
:10DF1000E222009347F61C41E123DDE72723E622B6
:10DF2000009347F61D41E523D6E72823E522009319
:10DF300047F61E410123CFE74B7913B10022024B74
:10DF40001A700120CBE700BF4240002038B547F6E9
:10DF50007743984205D047F6784398421BD001207A
:10DF600038BD4B7993B100F01FF8FAF7E3FD00F0EC
:10DF70001BF8044600F01EF8054600F021F829467B
:10DF800002462046FAF7DCFE0020E9E700F00CF834
:10DF9000FAF7DAFDEBE74B7913B100F00BF8E4E7A1
:10DFA00000F008F8F4E70000014B1878704700BF54
:10DFB0002E100020014B1878704700BF2D10002054
:10DFC000014B1878704700BF2C10002040F212302F
:10DFD00008B5FBF713FF262801D0002008BD40F24A
:10DFE0001330FBF70BFF0928F7D14FF44570FBF70F
:10DFF00005FFA0F1270358425841EFE710B5041E72
:10E000000CBFFF21262140F21230FBF75FFF002CEE
:10E010000CBFFF21092140F21330FBF757FF002C02
:10E0200008BFFF21BDE8104018BF27214FF44570FD
:10E03000FBF74CBF704708B540F21530FBF7DEFE2A
:10E0400008BD704710B50446FFF7FBFFE1B240F290
:10E050001530BDE81040FBF739BF08B50020FFF7C9
:10E06000CDFF0020FFF7EEFFFFF751F9FFF7F2F9C0
:10E07000BDE808400120FFF7C1BF08B5FFF7DAFF90
:10E08000FFF7D9FFFFF7DDFFFFF7A0FF18B9BDE8E5
:10E090000840FFF7E2BF08BDFEF7C2BB08B5034664
:10E0A000487940B1A3F5EE427F2A03D8D8B2FFF7F2
:10E0B000DDF9002008BD0120FCE710B50378044617
:10E0C000013B032B0BD8DFE803F0020B1215FEF720
:10E0D00065FCA023C0EB0020B0FBF3F0607010BD26
:10E0E000FEF7C6FB0028F9D0FEF7EEFBF6E7FEF7D9
:10E0F000DBFCF3E7FEF746FC6070FEF749FCA0701E
:10E10000EDE738B503780446013B032B2BD8DFE855
:10E1100003F002111E23FEF735FC0546FEF738FC1E
:10E12000A023014662785A43120A2846BDE83840C7
:10E13000FEF70ABC43781BB9BDE83840FEF788BB40
:10E14000FEF774FB6078BDE83840FEF7B7BB407857
:10E15000BDE83840FEF798BC84784578FEF71EFC91
:10E1600021460246E1E738BD034610F8022B082A93
:10E1700005D0092A05D0072A05D1FFF7C2BFFFF74E
:10E180009CBFFCF7DBBEFF221A70704708B54378CE
:10E19000032B03D1BDE80840FFF7E6BFF6F738FCD4
:10E1A00008BDF8B504460D46F6F7B2FC002840F06D
:10E1B000D7802378013B142B49D8DFE803F00B15F7
:10E1C000435D636F72727277487D8187929DA0A3D1
:10E1D000AEB9C200002363700C23A3702946204609
:10E1E000BDE8F840F7F796B86378013B032B2ED8CB
:10E1F000DFE803F0020A122200F0A6FA030EA37071
:10E20000030CE370030A04E0FFF715FF0023A3707B
:10E21000E37023716071E1E7A678E71C052E07F132
:10E220000207DBDCF0B2FBF7A7FC030A07F8023CAD
:10E2300007F8010C0136F1E70023A370E3702371A6
:10E240006371CBE76378022B04D0052B10D0FF233A
:10E250002370C3E7E378A07840EA0320237940EAFB
:10E260000340637940EA036000BAFFF7EBFEB5E7CD
:10E27000A078FFF711FFB1E7E278A1786078FEF7A8
:10E28000E3FFBFE762792379A17843EA02235BBA0F
:10E29000E27860789BB2FEF7EDFF9FE7FFF737F873
:10E2A0009CE729462046FFF771FF97E70020FFF71C
:10E2B000A5FEFFF7D2FE91E7FFF79FF860708DE7AC
:10E2C000FFF79DF8030A6370A07087E76078A37872
:10E2D000E17840EA032040BA221D80B2FFF792F8AD
:10E2E0007CE76078A378E17840EA032040BA221DF9
:10E2F00080B2FFF79CF871E7FFF7ACF86EE7FEF726
:10E3000097FFDBE76078A378E17840EA032040BA22
:10E31000221D80B2FFF733F860E76078A378E178D8
:10E3200040EA032040BA221D80B2FFF73EF855E7CD
:10E33000E278A178003A18BF01226078FEF7AFFFBB
:10E3400060E762792379A17843EA0223E2785BBA35
:10E35000003A18BF012260789BB2FEF7BDFF3DE78F
:10E36000F8BD0000014B1860704700BF4840002016
:10E37000014B1868704700BF48400020024B1868E6
:10E3800008B10368184770474840002008B5FFF7F8
:10E39000F5FF08BD024B1B680BB15B68184770475F
:10E3A00048400020034A12681AB1062101709368A0
:10E3B0001847704748400020034A12681AB10221EA
:10E3C0000170D36818477047484000200B4B07B5D1
:10E3D0001A8882420ED01880094B1B6853B1032261
:10E3E0008DF80500000A8DF806001B698DF80420E1
:10E3F00001A8984703B05DF804FB00BF4640002029
:10E40000484000200B4B07B51A8882420FD0188075
:10E41000094B1B685BB104228DF80500000A8DF8DA
:10E4200006001B698DF804200DEB0200984703B02D
:10E430005DF804FB44400020484000200E4B0F4A8A
:10E440001B68127802336AB10D4A92F90020002A43
:10E4500008DA1E220B4B1B68023300201A44934239
:10E4600002D170470622F8E713F8011B0029F6D005
:10E470000130C0B2F3E700BF1410002038100020B4
:10E480005E4400201010002030B3144B1B785BB9A1
:10E49000134B1B685A1C073312F8011F81421AD014
:10E4A0009A42F9D1002070470E4B93F90030002BAF
:10E4B000EEDAEF284FEAD002F4D80B4B00F0070059
:10E4C0001B68134401229B7802FA00F018400038C0
:10E4D00018BF012070470120704700BF381000208E
:10E4E000141000205E4400201010002000224FF085
:10E4F000FF3330B5441C14F8015F8D420BD0B3F1EB
:10E50000FF3F01D105B953B20132062AF3D15A1C9B
:10E5100001D01844817030BD002210B5431C073073
:10E5200013F8014F8C4208BF1A708342F8D110BD16
:10E53000EF294FEAD10307D818440123827801F06C
:10E5400007018B40134383707047EF294FEAD103D3
:10E5500008D801221844837801F007018A4023EA91
:10E560000203837070470000084B01461B7843B1DB
:10E57000074B93F90030002B03DA064B1868FFF7BE
:10E58000D7BF054B1868FFF7B1BF00BF3810002098
:10E590005E4400201010002014100020084B01469B
:10E5A0001B7843B1074B93F90030002B03DA064B7D
:10E5B0001868FFF7CABF054B1868FFF7ADBF00BF6B
:10E5C000381000205E44002010100020141000209D
:10E5D000094B1B785BB1094B93F90030002B06DA2D
:10E5E0001E22074B186800210230F2F7F1B8054BE4
:10E5F00006221868F7E700BF381000205E440020AC
:10E60000101000201410002042784B789A421DD13F
:10E6100090F902301BB191F902209A4216D190F97B
:10E6200003301BB191F903209A420FD190F90530C4
:10E630001BB191F905209A4208D190F9040030B13C
:10E6400091F90430181A18BF012070470120704753
:10E65000704708B5FFF7FCFF08BD000008B50130A2
:10E66000024BC0B21870FFF7F4FF08BD4C40002009
:10E67000032008B5024B1870FFF7EBFF08BD00BF81
:10E680004C400020FFF7EABF012008B5024B18708C
:10E69000FFF7DFFF08BD00BF4C400020FFF7F4BFCD
:10E6A000704770477047704710B5FFF7F9FF0024B7
:10E6B000FBF722FBFFF7F5FFE0B2FBF75DFA18B9B5
:10E6C0000134062CF8D110BD0120FCE708B501F09B
:10E6D000BDFBBDE8084001F09BB808B5F9F721FE85
:10E6E000BDE8084040F2A46001F03FBA08B5FAF76F
:10E6F0006FFDFAF783FDFFF76BFFFFF79BF9002033
:10E70000FFF764FE0020FFF77DFEBDE80840F9F743
:10E7100014BE0000302383F31188064BDA69064BE0
:10E720001A600023054A1360054A136083F31188B9
:10E73000704700BF90460020584000205440002001
:10E7400050400020FFF7E6BF38B5302383F311882F
:10E75000124B134C1349D86923680A68C01A8242C5
:10E76000114A0AD9A3F58333E03B156823600F4BA8
:10E7700000F583302B44E0301360086015680021F9
:10E7800081F311884FF47A7C094C0023E0FB0C41A3
:10E79000084A2046F1F72AFD284438BD904600205B
:10E7A00058400020544000205040002088598F02DB
:10E7B0009F860100A086010008B5FFF7C5FF80B263
:10E7C00008BD10B50446FFF7BFFF001B80B210BDA7
:10E7D00010B50446FFF7B8FF001B10BDBFF34F8F05
:10E7E0000549064BCA6802F4E0621343CB60BFF3ED
:10E7F0004F8F00BFFDE700BF00ED00E00400FA0509
:10E8000008B5024A024B1A60FFF7E8FFEFBEADDE23
:10E81000FC6F00200A4A08B552F8041C094B9942C3
:10E820000CD1002342F8043C83F31488064B1A6889
:10E8300082F3088862B65B689847FEE708BD00BFB0
:10E8400000700020EFBEADDE00E0FF1F08B5FFF74F
:10E85000C5FF0000184B10B51C785CBB01220821D5
:10E860001A701648224602F031FC22462021134835
:10E8700002F02CFC22461021104802F027FC4FF435
:10E880007A7001F072F941F6822208210B4802F0F9
:10E890001DFC40F282222021084802F017FC40F2C1
:10E8A00082221021054802F011FC054801F03AFED1
:10E8B000044B1C7010BD00BF5C40002000040040F1
:10E8C000D448002074400020F8B505461A481C467C
:10E8D000174601F08FFE194B187850BB6A1C20D0E8
:10E8E000FCB1174EA4003482032F05D8DFE807F0EF
:10E8F000021A1D1F0022F260012405F00F012246BA
:10E9000025F00F00B16004FA01F11C70706002F094
:10E91000DDFB0B49084801F0F7FD074801F010FE48
:10E920002046F8BD4FF48002E5E78022E3E7054A80
:10E93000E1E70020F5E700BFD44800207440002044
:10E9400060400020800040001FB501218DF80700C5
:10E950000DF10F0304480DF1070201F018FE9DF8B8
:10E960000F0005B05DF804FBD4480020002307B574
:10E97000012106480DF107028DF8073001F029FE4C
:10E980009DF8070003B05DF804FB00BFD4480020E9
:10E9900008B50246024801F00BFE002008BD00BF8A
:10E9A000D448002008B50246024801F012FE0020BB
:10E9B00008BD00BFD448002010B5084C23783BB1F7
:10E9C000074801F0CBFD064801F0ACFD00232370A1
:10E9D0000348BDE8104001F010BE00BF74400020A5
:10E9E000D44800200E4B10B51A78BAB901220D4C4C
:10E9F0001A70206040F282324FF480610A4802F0BF
:10EA000065FB4FF40061084840F2823202F05EFB81
:10EA10002146BDE81040054801F036BD10BD00BFDD
:10EA2000754000203010002000080040784700208A
:10EA30004FF0FF3108B5024801F006FCC0B208BD36
:10EA4000844700200A464FF0FF330146014801F099
:10EA5000A0BC00BFA847002008B5034801F039FD5D
:10EA600080F00100C0B208BD7847002070B590F872
:10EA70004420044602F07F03212B4CD112F0800F7A
:10EA800090F845301BD0022B15D0032B05D0012B5D
:10EA900015D1BDE8704000F015BD90F8483090F8F1
:10EAA000491053EA012336D1314A82630122E263DD
:10EAB0002364012070BDBDE8704000F031BE0A2B18
:10EAC00020D00B2B0FD0092B25D194F8483094F887
:10EAD000491043EA012323F00203E3B9254B022244
:10EAE000A363254BE3E794F8492094F8483053EAB0
:10EAF000022302BF94F846201D4B1A700022A26325
:10EB00000023D4E794F847201C4B20461A70BDE838
:10EB1000704000F02DBE02F09F02812A18D194F8B7
:10EB20004530062B14D194F84920616894F8483098
:10EB30004D6843EA0223204694F8472094F8461093
:10EB4000A84708B90020B5E743680268A363D7E780
:10EB500003250B4ED6F89C3023B9013D06F1A806DB
:10EB6000F8D1EFE7204698470028F6D0A1E700BF8C
:10EB70003810002080400020C9EB000884400020AD
:10EB8000D8100020F8B50F4C0022234643F8042F7C
:10EB900090F84B7090F8496090F8465090F84A20F1
:10EBA00090F8481090F8470042EA072241EA06210F
:10EBB00045EA002000F0ECF920606068002818BFEA
:10EBC0002046F8BD7840002090F84A2090F84B008D
:10EBD000084942EA0022022A0B7807D1012B01D012
:10EBE000062B05D14A78044B1A707047024A1370FD
:10EBF000704700BF804000208340002010B5064AC7
:10EC0000064C117824784B1C03F00F039C421EBF66
:10EC1000034C1370605410BD8246002083460020D0
:10EC200072460020084608B5052935D8DFE801F00E
:10EC3000203403202035302383F31188214800F04D
:10EC4000CCFA214800F0C9FA204800F0C6FA204862
:10EC500000F0D3FA002383F311881E4B1B7813B105
:10EC60000520FFF7CBFF0220BDE80840FFF7C6BF35
:10EC7000FFF7C4FF302383F31188124800F086FAAF
:10EC8000114800F083FA114800F080FA104800F0B3
:10EC900091FA002383F3118808BD302383F3118890
:10ECA000084800F094FA084800F091FA074800F08C
:10ECB0008EFA074800F08EFA002383F311880520AE
:10ECC000D2E700BFD81000208011002028120020B9
:10ECD0005010002082400020102208B50021044876
:10ECE000F1F776FD0023034A1370034A137008BD41
:10ECF000724600208246002083460020F8B5284D49
:10ED0000284C00222E782378B3422FD102B12370F1
:10ED1000F8BD2370244B1870244B93F84F10081E35
:10ED200018BF0120FFF7A4FCEBE7002223701E4B65
:10ED30001A70FFF7DBFC1D4B93F84F10081E18BF2D
:10ED40000120FFF79FFCDCE72370184B93F84F106E
:10ED5000081E18BF0120FFF781FCD2E700212370B5
:10ED60000846F8E72370FFF78FFCCAE7194601222F
:10ED70000F480133415C03F00F0310460529C3D847
:10ED800001A757F821F000BF65ED000809ED000864
:10ED900049ED00085DED000813ED00082BED0008BB
:10EDA0008246002083460020824000203C4900200B
:10EDB0007246002013B50446174800F061F9164862
:10EDC00000F08EF9154800F05BF9144800F088F95E
:10EDD000114B03F5A8731846019300F051F90198FF
:10EDE00000F07EF90E4800F067F90D4800F088F950
:10EDF000204602F035F8204601F023FC41F288302D
:10EE000000F0B3FE2046074901F008FC204602B09E
:10EE1000BDE8104002F002B8D81000208011002098
:10EE200050100020D82B010810B5044602F018F845
:10EE3000204601F006FC184800F071F9174800F070
:10EE40006EF9174800F06BF9164800F08BF941F2A3
:10EE5000883000F08AFE104800F012F90E4800F0E9
:10EE60003FF90E4800F00CF90C4800F039F90C4855
:10EE700000F006F90A4800F033F90A4800F01CF9DE
:10EE8000084800F03DF92046074901F0C7FB20463D
:10EE9000BDE8104001F0C2BFD81000208011002052
:10EEA0002812002050100020D82B0108014B1878A0
:10EEB000704700BF8340002037B50023A825054CCC
:10EEC000009305FB004042F2107300F00DFA03B00E
:10EED00030BD00BFD8100020014608220120FFF7F6
:10EEE000EBBF014620220020FFF7E6BF01460622C5
:10EEF0000020FFF7E1BF014603220020FFF7DCBF3F
:10EF000000B589B0002320226946064800F055FA72
:10EF100010B909B05DF804FB20216846FFF741F9FC
:10EF2000F0E700BF50100020FFF774BC7047704737
:10EF300008B5FFF7F9FF01F0F1FDFFF7F7FF08BD96
:10EF400008B501F007FEFFF7F2FF08BDFFF7A6BB0B
:10EF500008B5FFF7C1FE0648FFF72CFF054B064A30
:10EF600041F288301A60BDE8084000F0FEBD00BFE5
:10EF70003C490020884000203C100020014B1868CC
:10EF8000FFF7F0B988400020FFF7B8BE00F04EBB95
:10EF9000020A032A0FD007D8012A23D0022A07D158
:10EFA0005B20124A1A607047212A0DD0222A12D003
:10EFB00000200246F6E7C0B20228F9D80C4A0D49F3
:10EFC00052F82020405CEDE70229F1D80A4A0920D6
:10EFD00052F82120E6E70229EAD8084A084852F800
:10EFE0002120EFE71220074ADCE700BF322C01089E
:10EFF000082C0108042C0108F82B0108EC2B01084F
:10F00000E82B01088D2C010813B5446BD4F8882037
:10F010001378042B13D1012394F88C1012898B40A0
:10F0200013420CD1204601A900F0EEFF024630B198
:10F03000019B94F88C10D4F8880001F07BFB02B09F
:10F0400010BD10B5026F04461378042B13D10123B1
:10F0500090F8741052898B4013420CD100F02BFFB2
:10F06000024640B1E36994F87410206F043BBDE898
:10F07000104001F04DBB10BD406BFFF7E2BF000038
:10F080001FB500F15C03C36490F8843013B100F144
:10F0900070030365074B01210193D0F89030D0F83D
:10F0A000982000930290D0F8943000F08AFF05B0C9
:10F0B0005DF804FB09F000081FB500F15C0303656F
:10F0C000064B01210193836FD0F8802000930290BA
:10F0D000C36F00F0CEFE05B05DF804FB79F00008C8
:10F0E000302383F31188D0F8883090F88C2003EB1C
:10F0F00082039861002380F8A03083F31188704761
:10F10000302383F3118890F87430026F093342F88A
:10F110002300002380F8843083F31188704710B5F2
:10F120003023044683F3118890F88C20D0F888307F
:10F13000053203EB820300225A6001236FF00101C4
:10F14000037200F052FD204600F052FFD4F8A430C4
:10F1500013B1DA681868904700F070FC002383F35D
:10F16000118810BD10B53023044683F311880123A4
:10F170006FF00101037200F038FD204600F090FEB0
:10F1800000F05CFC002383F3118810BD012310B54F
:10F19000044603726FF0010100F027FD204600F0E5
:10F1A00027FFD4F8A43023B1BDE81040DA6818680E
:10F1B000104710BD012310B5044603726FF0010122
:10F1C00000F013FD2046BDE8104000F069BE0023AA
:10F1D0000372704700230372704710B5044690F81D
:10F1E0008C1000F13802D0F8880001F053FA204664
:10F1F00000F0FEFE0023237210BD10B5044600F09F
:10F200004FFE002320462372BDE81040FFF719BFD0
:10F2100000EB8103F7B59C6905460E4684B33023A5
:10F2200083F311880023226984F8A03063699A422D
:10F2300001D1E368B3B905EB8603DB685B691B6842
:10F2400083B1D4F8A43053B101A9204600F0DCFE0C
:10F25000D4F8A43001469F68019A1868B847204640
:10F2600000F0E0FE204601A900F0CEFE024648B1C3
:10F27000019B3146284601F05DFA002383F3118893
:10F2800003B0F0BD05EB8603DB681A68022AF4D1EF
:10F290005A691268002AF0D01B8A013B1340ECD156
:10F2A00005F14402E5E701F1090210B550F82240EA
:10F2B000CCB1302282F3118800EB8103DB689B69BB
:10F2C0005B6853B1236F94F87420204603EB8203EC
:10F2D000DB689B69596800F0F8FD2046FFF7B1FE36
:10F2E000002383F3118810BD2DE9F8431D46044621
:10F2F0000F46164630239DF8208083F31188D0F8FE
:10F30000883000201B78042B03D080F31188BDE8DF
:10F31000F88394F8A03023B101354FF0FF3518BFC2
:10F32000002580F311882B4632463946204600F0EE
:10F33000B4FE86421DD9302383F3118894F8A0309F
:10F340004FF00009002808BF43F0010384F8A03003
:10F3500001236FF001012372204600F046FC204695
:10F3600000F046FE84F8089000F068FB89F31188ED
:10F37000D9E7B8F1000F01D00120C8E7204600F01E
:10F38000CFFEF9E70346302282F311880169426912
:10F39000914210D1C06850B10120D3F8882093F871
:10F3A0008C30984013891840B0FA80F0400900234F
:10F3B00083F3118870470020F9E738B515460446F5
:10F3C000302282F31188026F00201278042A02D0C2
:10F3D00080F3118838BD94F8842022B101334FF0B6
:10F3E000FF3318BF002380F311882A46204600F01F
:10F3F000A7FDB0FA80F35B0984F884302B1A5842D9
:10F400005841E7E7006810B440B1054C8264E469F4
:10F41000083040F8044C10BCF1F760BA10BC7047DB
:10F42000904600200168134631B18A6C03F1080050
:10F430009A640831F1F752BA704710B50446006873
:10F4400040B1826C00210830F1F7C2F90022236834
:10F450001A605A6010BD000010B40C78082C0BD84C
:10F4600050F8240040B1054C8264E469083040F84B
:10F47000044C10BCF1F732BA10BC70479046002023
:10F480000829134609D850F8211031B18A6C03F1CC
:10F4900008009A640831F1F721BA704770B5002668
:10F4A000051F00F1200455F8040F38B1826C0021CB
:10F4B0000830F1F78DF92B681E605E60A542F2D12D
:10F4C00070BD000038B590F848300446022B1CD8B7
:10F4D00090F84610082918D80D4AD25C022A14D890
:10F4E000A8200C4B00FB0233D3F8A40060B10A4DF6
:10F4F00043682A460068984705F10803A363AB6C8C
:10F500000120E3630023236438BD0020FCE700BF33
:10F5100018150020D8100020BC420020036843B119
:10F520009100196003490B78002A18BF43F00103CA
:10F530000B70704708430020006810B10068C0F3EA
:10F540008700704738B503680BB9002038BD3023F9
:10F5500083F31188036800211C685B6881F31188BC
:10F56000002CF2D04FF47A7C074A084DD069084A43
:10F57000C01AE0FB0C5100232846F0F737FE844206
:10F580008CBF00200120E1E7904600209F8601000B
:10F59000A08601004B1E072B0BD850F8213043B139
:10F5A0009100196003490B78002A18BF43F001034A
:10F5B0000B70704708430020082906D850F8210036
:10F5C00020B10068C0F3870070470020704700003A
:10F5D000082938B501D9002038BD50F82130002B5A
:10F5E000F9D0302383F3118850F8213000211C68B2
:10F5F0005B6881F31188002CEDD04FF47A7C084AC7
:10F60000084DD069084AC01AE0FB0C510023284677
:10F61000F0F7ECFD84428CBF00200120DCE700BF46
:10F62000904600209F860100A08601002DE9F84F3A
:10F63000384B1B78002B40D000254FF030082E4669
:10F64000A946354FD7F8A440002C2FD0002D36D135
:10F650004FF0010A88F311885FFA8AFB5946636903
:10F6600020689847002818BF46F0010689F31188E2
:10F670002948FFF787FEA0B15946A369206898473B
:10F6800078B188F31188254A5946636820689847FD
:10F6900089F31188214B00209A6C03F10801FFF7D0
:10F6A0000BFC0AF1010ABAF1090FD3D10135032D80
:10F6B00007F1A807C6D1174B1E70BDE8F88F88F375
:10F6C00011880021636920689847002818BF46F018
:10F6D000010689F311883846FFF754FE0028E5D06B
:10F6E0000021A369206898470028DFD088F311889B
:10F6F000DFF828A00021524663682068984789F304
:10F700001188DAF848200AF10801E8B2FFF7D4FBC3
:10F71000CCE700BF08430020D81000207042002032
:10F7200010B590F848300446022B19D890F84610CE
:10F73000082915D80B4AD25C022A11D8A8200A4BF6
:10F7400000FB0233D3F8A40048B14369006898472E
:10F75000064B1870A36301200023E063236410BDEF
:10F760000020FCE718150020D81000206C42002073
:10F7700010B590F848300446022B19D890F846107E
:10F78000082915D80B4AD25C022A11D8A8200A4BA6
:10F7900000FB0233D3F8A40048B1036994F8472072
:10F7A0000068984700230120A363E363236410BD2E
:10F7B0000020FCE718150020D81000207047704783
:10F7C000FEE70000F0B508200026104A51681368D3
:10F7D0000D469468043BAC4210D8E31C5B1ACD1E66
:10F7E00023F00303AC4238BF00230B44D168994295
:10F7F00009D8013802F11002E8D1F0BD53F8047FB6
:10F8000045F8047BE7E743F8046BF0E7BC2D0108FB
:10F8100038B501230025074C2370656000F0EAFA33
:10F820000549064800F018F90223237085F3118872
:10F8300038BD00BF884600203C2E010890460020BD
:10F8400072B60322024BD865024B1A70FEE700BF66
:10F85000904600208846002000F03CB8034A5168DA
:10F8600053685B1A9842FBD8704700BF001000E055
:10F8700010B50A4C23699A6891420CD85A68816085
:10F880000360426010609A685860521A9A604FF0A4
:10F89000FF33A36110BD1B68891AECE79046002076
:10F8A00010B40361002310BCC2604361FFF7E0BFE6
:10F8B000036881689A680A449A60426813605A60D3
:10F8C00000234FF0FF320360014B9A61704700BF85
:10F8D0009046002070B5124D2A46EB690133EB616A
:10F8E00052F8103F934206D030269A68013A9A6047
:10F8F0002C69A36803B170BD226861680A60516019
:10F90000236083F311882046E3682169984786F3D2
:10F91000118861690029EBD02046FFF7A9FFE7E7CE
:10F920009046002000238268037503691B6899686C
:10F930009142FBD25A680360426010605860704781
:10F9400000238268037503691B6899689142FBD89C
:10F950005A680360426010605860704708B50846F6
:10F96000302383F311880A7D0023052A06D8DFE8B7
:10F9700002F00B050503120E826913604FF0FF338E
:10F980008361FFF7CFFF002383F3118808BD8269ED
:10F990009368013393604268036813605A60EDE72F
:10F9A000FFF7C0BF054BD968087518680268536037
:10F9B0001A6001220275D860F0F702BC9046002060
:10F9C00030B50C4B0446DD684B1C87B00FD02B467E
:10F9D0006846094AFFF764FF2046FFF7E3FF009BF4
:10F9E00013B16846FFF764FFA86907B030BDFFF7A1
:10F9F000D9FFF9E7904600205DF90008044B1A682A
:10FA0000DB6890689B68984294BF00200120704793
:10FA100090460020084B10B51C68D86822685360D7
:10FA20001A6001222275DC60FFF78AFF014620463A
:10FA3000BDE81040F0F7C4BB90460020044B1A68A4
:10FA4000DB6892689B689A4201D9FFF7E3BF704771
:10FA50009046002030BFFDE770B5002504461A4BE4
:10FA600086B0856201630E46586000F07DF904F1AE
:10FA70001003236163614FF0FF33A361134BE56112
:10FA8000D9692B460A462046C4E9082304F134010B
:10FA900080230F4A24606460A560E562E56500F09C
:10FAA0001DF801230B4AE0600375009272686846F6
:10FAB0000192B268CDE90223074BCDE9043500F08D
:10FAC0003FF806B070BD00BF884600209046002079
:10FAD000382001083D20010855FA000802228B60F9
:10FAE0004B62002308618A8208460B62CB61704733
:10FAF0008368C168A3F14C0243F81C2C026943F8E7
:10FB00004C2C42690C4843F8482C0C4A43F8180C1A
:10FB100043F82C2C022203F8142C002243F8201C5A
:10FB200003F8132C43F8041C43F8082C43F80C2C5E
:10FB3000A3F12800704700BF90460020D1010008C3
:10FB400008B5FFF7D5FFBDE80840FFF729BF000063
:10FB5000024BDB6898610F20FFF724BF904600201E
:10FB6000302383F31188FFF7F3BF08B50146302334
:10FB700083F311880820FFF723FF002383F3118804
:10FB800008BD0000054BDB6821B1036098610320CC
:10FB9000FFF716BF4FF0FF30704700BF90460020C0
:10FBA0000346006820B100221A608161FFF7F8BEA9
:10FBB00070470000064BDB6839B1426818605A6034
:10FBC000136043600420FFF7FBBE4FF0FF30704727
:10FBD0009046002003460068834205D002681A6000
:10FBE00053608161FFF7DCBE704738B504460D46AF
:10FBF0002068844200D138BD036823605C60856161
:10FC0000FFF7CEFEF4E7034610B51B68984203D019
:10FC10009C688A689442F8D25A680B604A60116006
:10FC2000596010BD00230060406083607047000091
:10FC300038B58168164B0446DD6891B92B6A85603A
:10FC4000C360286238BD8B600B7D7BB1062B14D15D
:10FC50000B684A68886913605A60FFF7D4FF8B69A4
:10FC60009968AB688A689A42EDD306E04A680B68E7
:10FC7000084613605A60FFF793FE20462946FFF7B7
:10FC8000C2FFAC610620BDE83840FFF78BBE00BF65
:10FC90009046002008B5302383F31188FFF7C8FF92
:10FCA000002383F3118808BD154A0346D16810B5B7
:10FCB000302282F31188C26800680A6298421BD021
:10FCC000486A82B98860186802681A605360026ADC
:10FCD0009860DA600362FFF763FEFFF7AFFE002370
:10FCE00083F3118810BD1468A24203D0A468A04217
:10FCF00038BF2046D268E4E700238360EFE700BF07
:10FD000090460020C3691943037DC1610A2B03D1CA
:10FD10008369194205D170470B2B06D183698B4348
:10FD200003D100238361FFF73BBE704770B50646E1
:10FD30000D460468B44200D170BDE3682B43E36014
:10FD400015B123691D4203D0A1686068FFF7DAFF8F
:10FD50002468EFE7EFF30983203383F30988002356
:10FD600083F3118870470000302080F3118862B659
:10FD70000C4B0D4AD96821F4E0610904090C0A43CF
:10FD8000DA60D3F8FC20094942F08072C3F8FC2005
:10FD90000A6842F001020A602022DA7783F8220022
:10FDA000704700BF00ED00E00003FA05001000E01E
:10FDB000302310B583F311880B4B5B6813F4006399
:10FDC0000FD0EFF309844FF08073203CE36184F39C
:10FDD0000988FFF713FE10B1044BA36110BD044B5B
:10FDE000FBE783F31188F9E700ED00E0E301000889
:10FDF000E6010008024B034A1A60034A5A60704742
:10FE0000F04600209049002000700020094B30B5DA
:10FE10001C684D1E224449422A440A405968104435
:10FE2000884204D8A04202D31860104630BD002298
:10FE3000FBE700BFF046002008B5302383F31188AC
:10FE4000FFF7E4FF002383F3118808BD08B500F035
:10FE50002FFF01F02DF900F0F4FA00F049FB00F05B
:10FE6000CFFBFFF76DF8BDE8084000F000B801F0E7
:10FE700087B930B501720021039C043304FB0325CC
:10FE8000C361049B00600363059B4060C1604261E5
:10FE900002618561046242628162C162436330BD76
:10FEA0000022416AC2604161016182626FF001011A
:10FEB000C262FFF79ABE03694269934201D1C268E8
:10FEC0000AB9181D70470020704703691960C2689D
:10FED00000210132C260C269134482690361934206
:10FEE00024BF436A0361FFF775BE38B504460D466B
:10FEF000E3683BB162690020131D1268A3621344DA
:10FF0000E36207E0237A33B929462046FFF752FE21
:10FF10000028EDDA38BD6FF00100FBE7C368C26965
:10FF2000013BC3604369134482694361934224BF28
:10FF3000436A436100238362036B03B11847704730
:10FF40002DE9F84F04460F4691469A464FF0300887
:10FF500088F311880026B346A56A4DB9514620465C
:10FF6000FFF7C3FF20B185F311883046BDE8F88F55
:10FF7000A16AE56AA9EB06036D1A9D4228BF1D46DA
:10FF8000402D15D938464022F0F7A8FCA36A403727
:10FF900040334036E26AA3629A4202D82046FFF715
:10FFA000BDFF8BF311884E45DFD288F31188D3E76C
:10FFB00038462A46F0F792FCA36A2F442B442E447D
:10FFC000E8E710B5029C04330172C36103FB04210E
:10FFD00000238362C362039B00600363049B406051
:10FFE000C46042610261816104624262436310BD88
:10FFF000026A6FF00101C260426A4261026100223E
:020000040801F1
:100000008262C262FFF7F1BD034640691A6982420B
:1000100001D1DB681BB950F8043B0B60704700232B
:100020001846FAE7C368C2690133C3604369002117
:10003000134482694361934224BF436A4361FFF7DB
:10004000C9BD38B504460D46E3683BB123690020BD
:100050001A1DA262E2691344E36207E0237A33B90E
:1000600029462046FFF7A6FD0028EDDA38BD6FF0DF
:100070000100FBE703691960C268013AC260C26906
:10008000134482690361934224BF436A03610023DE
:100090008362036B03B1184770472DE9F84F04469C
:1000A0000F4691469A464FF0300888F31188002693
:1000B000B346A56A4DB951462046FFF7C2FF20B1AD
:1000C00085F311883046BDE8F88FA06AE56AA9EB90
:1000D00006032D1A9D4228BF1D46402D17D93946CB
:1000E0004022F0F7FBFBA36A403740334036E26A18
:1000F000A3629A4204D8E16920460439FFF7BAFFA7
:100100008BF311884E45DDD288F31188D1E739464B
:100110002A46F0F7E3FBA36A2F442B442E44E6E77C
:10012000302208B582F31188816A29B10369043944
:10013000C91A01D0FFF79EFF002383F3118808BD81
:10014000F8B5154682680B46AA428169066938BF30
:100150008568761AB54204460BD22A461846F0F74F
:10016000BDFBA2692A44A36828465B1BA261A36069
:10017000F8BD0CD918463246F0F7B0FBAF1B3A4633
:10018000E1683044F0F7AAFBE368DA19EBE72A46A6
:100190001846F0F7A3FBE268E5E72DE9F0410446D5
:1001A000154683682769934238BF856840690E46C3
:1001B0003F1ABD420BD22A46F0F790FB62692A44EF
:1001C000A36828465B1B6261A360BDE8F0810DD97E
:1001D0003A46A5EB0708F0F781FB4246E068F119C3
:1001E000F0F77CFBE36803EB0802E9E72A46F0F747
:1001F00075FBE268E4E710B50024C361029BC160AF
:10020000816141611144006040608460016103626A
:1002100010BD08B582694369934201D1826882B9F1
:100220008268013282605A1C426119700369426916
:1002300000219A4224BFC3684361FFF7CBFC002032
:1002400008BD4FF0FF30FBE770B5302304460D4684
:1002500083F31188A668A6B1A368A269013BA360D5
:10026000531CA36115782269934224BFE368A361FC
:10027000E3690BB120469847002383F31188284691
:1002800007E029462046FFF795FC0028E2DA86F3CE
:10029000118870BD2DE9F74F05460F461446994663
:1002A000D0F81CA04FF0300888F311884FF0000BF5
:1002B000164666B1324639462846FFF741FF0346E7
:1002C00060B949462846FFF775FC0028F2D00023A4
:1002D00083F31188A01B03B0BDE8F08FBAF1000FC3
:1002E00003D001902846D047019B8BF31188F61A62
:1002F0001F4488F31188DCE7C361009BC160816102
:100300004161114400604060826001610362704796
:10031000F8B504460D461646302383F31188A768C6
:10032000A7B1A368013BA36063695A1C62611D7099
:10033000236962699A4224BFE3686361E3690BB190
:1003400020469847002080F3118807E03146204678
:10035000FFF730FC0028E2DA87F31188F8BD8369E3
:10036000426910B59A4201D182687AB98268002147
:10037000013282605A1C82611C7803699A4224BF50
:10038000C3688361FFF726FC204610BD4FF0FF30A5
:10039000FBE72DE9F74F05460F4614469946D0F87E
:1003A0001CA04FF0300888F311884FF0000B164660
:1003B00066B1324639462846FFF7EFFE034660B97C
:1003C00049462846FFF7F6FB0028F2D0002383F3C6
:1003D0001188A01B03B0BDE8F08FBAF1000F03D065
:1003E00001902846D047019B8BF31188F61A1F44D1
:1003F00088F31188DCE70C30FFF74CBF4FF0FF3378
:100400000C30FFF747BF3030FFF7C3BF4FF0FF336B
:100410003030FFF7BEBF0C30FFF716BF4FF0FF3193
:100420000C30FFF711BF3030FFF772BF4FF0FF32D3
:100430003030FFF76DBF012914BF6FF013000020AB
:10044000704700F035BF000037B5154602460B4631
:100450000C49044642F8041B4260012200F1540199
:100460000272009080220C30FFF7C5FE2B468022DE
:10047000009404F1D40104F13000FFF73DFF03B014
:1004800030BD00BF482E010810B53023044683F369
:10049000118800F01FFF02230020237280F31188CF
:1004A00010BD38B5436904460D461BB90421084404
:1004B000FFF73CFC294604F10C00FFF7AAFE0028D8
:1004C00006DA201D4FF40061BDE83840FFF72EBC6E
:1004D00038BD302383F311880023406983F31188EA
:1004E000B0FA80F0400970474FF0FF31FFF74ABB88
:1004F00000F0C4BF0123037000230C3040F8083C17
:1005000040F8043CFFF78EBB10B53023044683F35C
:100510001188416000F0C8FF02230020237080F39F
:10052000118810BD10B53023044683F3118801F003
:100530002FF8002301226360227083F3118810BD1D
:10054000302383F31188436899685A684FF48033E5
:100550008B409361002383F311887047302383F32A
:100560001188436899685A6801238B40936100237E
:1005700083F31188704710B5302484F31188032465
:10058000047001F046F8002383F3118810BD38B5DC
:100590000446302585F31188032504F8085B01F033
:1005A00023F82046FFF7A0FF002383F3118838BD0E
:1005B00010B53023044683F31188032304F8083B65
:1005C00001F027F82046FFF78FFF002383F31188FF
:1005D00010BD10B53023044683F31188032304F8BB
:1005E000083B01F02CF82046FFF77EFF002383F341
:1005F000118810BD0C30FFF74DBB0C30FFF754BB1A
:1006000001F034BA012303700023C36183620362E3
:10061000C3624362036343608360704738B5044636
:10062000302383F3118800254160C5600561456171
:10063000856101F021FA0223237085F31188284691
:1006400038BDF8B50446302383F31188002601F045
:100650002BFA254601233746666005F8083B183417
:1006600055F8043F73B1586920B16FF001010C30A7
:10067000FFF796FA2B68986920B16FF001010C30F2
:10068000FFF78EFAA5422E60EAD1FFF7D7F987F37C
:100690001188F8BD70B500EB8103054650690E4620
:1006A0001446DA6018B114220021F0F791F8A0691D
:1006B00018B114220021F0F78BF831462846BDE826
:1006C000704001F00FBAF8B504460027836800F1C6
:1006D0000C0503F00113836000F1180655F8043F80
:1006E00073B1586920B16FF001010C30FFF758FA6F
:1006F0002B68986920B16FF001010C30FFF750FAB8
:10070000B5422F60EAD12046BDE8F84001F074BA46
:10071000F0B4012500EB8104E4684789A4698D40A9
:100720003D43458123600023A2606360E360F0BC29
:1007300001F0D0BAF0B4012500EB8104E468078928
:1007400064698D403D43058123600023A26063609E
:10075000E360F0BC01F0DCBA10B50378052B0FD1D3
:10076000084CC820E37A43F00803E372637843F04F
:1007700004036370FFF7F9F9637803F0FB03637018
:1007800010BD00BF004001402DE9F04700260223C4
:10079000054604464FF03008B1460370C66400F1C8
:1007A000180745F8086F55F8043F9BB188F3118886
:1007B0002B68586920B16FF001010C30FFF7F0F998
:1007C0002B68986920B16FF001010C30FFF7E8F950
:1007D00089F31188BD422E60E5D1204684F834604B
:1007E00001F0ECF963681B6823B12046BDE8F047CF
:1007F00000211847BDE8F087F8B503780446052BBB
:1008000027D080F850300523037043681B680BB174
:100810000421984725460026302745F8086F1834EC
:1008200055F8043F9BB187F311882B68586920B1B4
:100830006FF001010C30FFF7B3F92B68986920B114
:100840006FF001010C30FFF7ABF986F31188A54278
:10085000E6D1F8BD0178052906D190F8502043680B
:1008600002701B6803B1184770470000F8B590F894
:10087000343004460E4613B1002380F8343031463C
:10088000204604F1440201F009FA63689B68B3B999
:1008900094F8443013F0600538D00021204601F070
:1008A00077FA0021204601F065FA63681B6813B1EE
:1008B000062120469847062384F83430F8BD2046A8
:1008C00098470028E4D094F84B2094F84A3043EA43
:1008D0000223E26B9A4284BF1A46E36394F94430E0
:1008E000002B80F20481002A00F0F880092384F8AC
:1008F0003430302383F3118800212046E36BA26B50
:10090000FFF718FF002383F31188D7E794F84520F9
:1009100003F07F0343EA022340F20232934200F0E5
:10092000CA8021D8B3F5807F4DD00DD8012B44D09B
:10093000022B00F09880002BAFD104F14C02A2638F
:100940000222E2632364BEE7B3F5817F00F0A0805A
:10095000B3F5407FA1D194F84630012B9DD1B4F876
:100960004C3043F0020337E0B3F5006F52D01CD88F
:10097000B3F5A06F36D0A3F5C063012B8DD894F8E2
:100980004920616894F848304F6843EA02232046C2
:1009900094F8462094F84710B84700283FF47DAFFC
:1009A0004368A3630368E3631AE0B3F5106F36D0BE
:1009B00040F6024293427FF470AF554BA36302238B
:1009C000E3630023BEE794F84630012B7FF465AF64
:1009D000B4F84C3023F00203A4F84C30A563E5636F
:1009E000256470E7B4F84430B3F5A06F0ED194F8E5
:1009F0004630204684F84E3001F06CF863681B687E
:100A000013B1012120469847032323700023A363D9
:100A1000E36397E704F14F03A3630123C3E723785C
:100A2000042B10D1302383F311882046FFF74BFEAF
:100A300085F311880321636884F84F5021701B6887
:100A40000BB12046984794F84630002BDED084F84E
:100A50004F300423237063681B68002BD6D002211B
:100A600020469847D2E794F8483020461D0603F008
:100A70000F010AD501F0F8F8012804D002287FF40C
:100A80000CAF244B9AE7244B98E701F0D3F8F3E737
:100A900094F84630002B7FF400AF94F8483013F000
:100AA0000F01B3D01A06204602D501F089F9ADE74F
:100AB00001F07AF9AAE794F84630002B7FF4EDAE06
:100AC00094F8483013F00F01A0D01B06204602D541
:100AD00001F05EF99AE701F04DF997E7142384F8E5
:100AE000343031462046BDE8F84001F0E7B862B145
:100AF000152384F83430302383F3118800212046F5
:100B0000E36BA26BFFF704FEFCE60B23E7E700BFF5
:100B1000742E0108722E0108702E010808B500F02D
:100B2000C9F80B4B9A6C42F020029A649A6C9A6C4A
:100B300042F040029A649A6C9A6C42F080029A6485
:100B40009A6C9A6C42F480729A649B6C08BD00BFE8
:100B5000000C01407047162303604FF0FF307047D0
:100B600000207047184670470020704710B50022DB
:100B7000044608460121FFF75FF918B90C234FF02E
:100B8000FF30236010BD08B51346002158221846D7
:100B9000EFF71EFE4FF400524260002008BD012016
:100BA0007047000008B50248FEF74AFEEFF78EFED8
:100BB0004220010808B50248FEF742FEEFF786FE24
:100BC000472001080120704770470122090100F108
:100BD000604303F56143C9B283F8001300F01F03BB
:100BE0009A4043099B0003F1604303F56143C3F856
:100BF00080211A607047012200F01F039A404309C8
:100C00009B0003F1604303F56143C3F88020C3F800
:100C10008021002300F1604000F5614080F800333E
:100C20007047090100F16040C9B200F56D400176DE
:100C30007047000017498A68022A12D0032A26D07A
:100C4000154B1649012A18BF0B46124A926902F049
:100C50007F02013252080132B3FBF2F3104A1360F3
:100C60007047104A0B68526F49686FEA9212012967
:100C70000CBF09490C4902F0030203324A4303F056
:100C80001F0301335B080133B2FBF3F3DDE7074BCE
:100C9000DBE700BF000C0140006CDC0200127A00B0
:100CA0001C150020000401400048E801001BB700AB
:100CB000FFF7C0BF13B50C20032440F2BE71314BC7
:100CC000314A9C62D862C2F8941000219962D962BC
:100CD0009C62D8628020C3F81C0CD3F81C0CC3F8AB
:100CE0001C0C009101914FF40141C3F8481C4FF6D0
:100CF000FC71A3F5744319630F2119600223136576
:100D000001234BF68031D364936D03F0010301930B
:100D1000009B01330093019B13B9009B8B42F3D1DD
:100D2000019B03B9FEE7194B19498024C3F800144D
:100D30000021A3F5884399611C62196A0120196298
:100D400020215860196019681960196801431960F9
:100D500054679067D16F0329FCD102229A60012267
:100D60000021DA60074A9162D1629A6C42F4004233
:100D70009A649A6CDA6C42F40062DA64DB6C02B05A
:100D800010BD00BF000001400004014000500140C0
:100D900013000003134B834223D1134B02201A6C20
:100DA000124942F480721A641A6C42F002021A6408
:100DB000D3F8882042F00202C3F88820D3F88820B4
:100DC00022F00202C3F8882001225A63DA6708641D
:100DD000DA6608225A615A695A615A6942F0010278
:100DE0005A6170473C490020000C0140004C014012
:100DF000084B83420CD1084B5A6902F008025A6131
:100E000000225A61DA66DA671A6C22F002021A646A
:100E1000704700BF3C490020000C01400F4A936C12
:100E200043F4004343F0200393644FF080436FF496
:100E3000C0521A634FF07072DA624FF020721A607B
:100E400000225A609A60DA604FF44C325A620122F2
:100E500003F5A0335A700722DA727047000C014084
:100E60000E4A6FF48051936C43F4004343F0200327
:100E700093644FF080436FF4C0521A6300221A60EB
:100E80009A60DA6019634FF0807119604FF48051F5
:100E900059605A624FF080529A617047000C0140CD
:100EA00010B5074C6369DB0704D5064A13680BB11C
:100EB0005068984701236361BDE81040FEF778BF92
:100EC00000180040F846002010B5074C63699B07E6
:100ED00004D5064A93680BB1D06898470223636132
:100EE000BDE81040FEF764BF00180040F84600203F
:100EF00010B5074C63695B0704D5064A13690BB14B
:100F00005069984704236361BDE81040FEF750BF65
:100F100000180040F846002010B5074C63691B0715
:100F200004D5064A93690BB1D069984708236361D9
:100F3000BDE81040FEF73CBF00180040F846002016
:100F400010B5074C6369DB0604D5064A136A0BB17A
:100F5000506A984710236361BDE81040FEF728BF30
:100F600000180040F8460020164B10B55C69A30637
:100F700004D5154A936A0BB1D06A9847600604D528
:100F8000114A136B0BB1506B9847210604D50E4ADA
:100F9000936B0BB1D06B9847E20504D50A4A136CEA
:100FA0000BB1506C9847A30504D5074A936C0BB15D
:100FB000D06C9847BDE810404FF47872014B5A61ED
:100FC000FEF7F6BE00180040F84600201A4B10B598
:100FD0005C69620504D5194A136D0BB1506D9847D1
:100FE000230504D5154A936D0BB1D06D9847E004E5
:100FF00004D5124A136E0BB1506E9847A10404D564
:101000000E4A936E0BB1D06E9847620404D50B4A1A
:10101000136F0BB1506F9847230404D5074A936FA1
:101020000BB1D06F9847BDE810404FF47C42024BA3
:101030005A61FEF7BDBE00BF00180040F846002010
:10104000062108B50846FFF7C0FD06210720FFF777
:10105000BCFD06210820FFF7B8FD06210920FFF797
:10106000B4FD06210A20FFF7B0FD06211020FFF78E
:10107000ACFDBDE8084006212120FFF7A6BD08B55C
:101080000620FFF7B8FD0720FFF7B5FD0820FFF7A2
:10109000B2FD0920FFF7AFFD0A20FFF7ACFD1020DD
:1010A000FFF7A9FDBDE808402120FFF7A4BD00001F
:1010B00000231946044A0133102B1160516002F1DC
:1010C0000802F8D1704700BFF8460020C9434FF02E
:1010D0005533016302F003015943016042F380017B
:1010E0004160C2F3C10159438160C2F341115943C8
:1010F000C160C2F3C1214B43C3624FF01133C2F34D
:10110000C3125A4302624262704700001A4B70B524
:101110009C6C0F2644F4C0649C649B6C012301F01A
:1011200003048B4021F0030101F1804101F5A0513E
:101130008D68A400C0F38320A04006FA04F425EAD9
:10114000040528438860D8430C4912F0010F8C68CD
:1011500014BF1C4304408C6012F0020FCA6814BF15
:101160001A430240CA60054A536111680B43136079
:1011700053680340536070BD000C014000180040EC
:101180004FF0E02340F2BF325A6100229A610722F9
:1011900008210B201A61FFF744BD08B5302383F303
:1011A0001188FEF759FB002383F3118808BD08B5A9
:1011B000FFF7F3FFBDE80840FEF7FABD024A5368A7
:1011C00043F00203536070470084004070B5354E11
:1011D000D6F854516B69D906DCB20AD5302383F3B3
:1011E00011884FF48061301DFEF7A0FD002383F3CA
:1011F0001188302383F3118814F00F0332D183F365
:1012000011886B68980714D5A10612D5302383F393
:1012100011882548FFF7A3F8002840DA0821234861
:10122000FEF784FD6B6823F002036B60002383F3F9
:1012300011886B689A0711D563060FD5302383F3A5
:101240001188726CB36C9A4205D1B36B1BB110213B
:101250001648FEF76BFD002383F31188BDE870404C
:10126000FEF7A6BDC4F340010902620748BF41F082
:101270002001230748BF41F0400104F001040B485E
:1012800041EAC411FEF752FD2B682CB196F85811B3
:1012900004481940FFF705F96C69E4B2ACE728602F
:1012A000C4E700BF78470020A84700207C47002003
:1012B00008B5054A00210548FFF7C6F8044B034A64
:1012C000C2F8543108BD00BFBD11010878470020A5
:1012D0000084004038B52A4B0446002914BF0D464F
:1012E0001D46037A012B1AD1264B984217D1264B63
:1012F0000821DA6C202042F00802DA64DA6CD3F8B4
:10130000942042F00802C3F89420D3F8942022F0ED
:101310000802C3F89420D3F89430FFF756FCD4F8B1
:101320005431E9791A6902F050020A4329681A61B6
:101330004A0802F1B76202F55842B2FBF1F202F03C
:101340000F01C3F8C0108021D960C2F307111960E2
:101350000021C2F307325A60D96068792A790243C2
:10136000A8790243DA600122C3F89C10C3F89820E0
:101370005A6842F005025A60FF2384F8583138BD9C
:10138000782E010878470020000C014070B5044613
:10139000C5692E6BC26A6B6A9A4234BFC36A6B6AB4
:1013A000013B35D2E36A002B3ED1EB6263681B68D8
:1013B00033B104222046227098472378042B01D1B0
:1013C00002232370302383F31188002104F10800E5
:1013D000FEF7E6FB002383F31188F30717D5286A8D
:1013E000228E666AE36A616AD31A3344121A934200
:1013F00028BF134699424FF6FF7138BF636A013B1D
:101400001BD2636A1BB9EB6A23F00103EB6270BD68
:10141000296EE26A013AE262A26A002AC0D0117023
:10142000A26A0132A262BBE7E26AEB699A429EBFFE
:10143000E36A03F1FF33EB61CFE7626A013A62626C
:10144000226A0AB92966DAE712F8010B28662262D5
:10145000D5E7000008B50348FFF798FFBDE808404E
:10146000FEF7A6BCD448002008B50348FFF78EFF5E
:10147000BDE80840FEF79CBC0849002008B50648B6
:10148000FFF738F8054B044A0548D361FFF732F8F7
:10149000044B034AD36108BDD4480020003000400B
:1014A000084900200090004010B503780446012B45
:1014B00045D1344B98421FD1334B0A219A6C1A20E4
:1014C00042F480529A649A6CD3F8902042F480528D
:1014D000C3F89020D3F8902022F48052C3F89020D3
:1014E000D3F89030FFF771FB6268E369128A5A61A2
:1014F0001A6942F001021A61244B9C421FD1224B0F
:101500000921DA6C1B2042F01002DA64DA6CD3F89D
:10151000942042F01002C3F89420D3F8942022F0D3
:101520001002C3F89420D3F89430FFF74EFB6268A2
:10153000E369128A5A611A6942F001021A6161680C
:10154000E269CB8989890B4343F007039BB213609F
:10155000238E4BB901239361916999420DD10133D7
:10156000B3F5807FF7D1238600239361D361D36ADB
:1015700023F0FF03D362936C10BD012B08BF00233F
:10158000F1E700BFD4480020000C014008490020CA
:1015900010B503780446022B1FD10022C3699A605C
:1015A000DA6A22F0FF02DA629B6C0C4B984208D197
:1015B0001A20FFF720FB0A4B9A6C22F480529A649F
:1015C0009B6C084B9C4208D11B20FFF714FB044B7B
:1015D000DA6C22F01002DA64DB6C10BDD448002013
:1015E000000C01400849002091B18362038E026221
:1015F0005B088B4228BF0B46C2694162C16293619E
:10160000013BD361D36A43F01103D362012393609A
:10161000704799B100238362038E02625B088B429C
:1016200028BF0B46C2694162C1629361013BD3612D
:10163000D36A43F01103D36201239360704799B1D9
:1016400000230362038E82625B088B4228BF0B4635
:10165000C2694162C1629361013BD361D36A43F0C5
:101660001103D362012393607047000000216022C0
:10167000074B10B599735A7499735A7443680446AA
:101680001B680BB106219847062384F8343010BD3F
:101690000040014090F8343010B5152B04460CD8AA
:1016A000012208499A400A4208D1152B05D1036C42
:1016B00003B19847002384F8343010BDBDE81040D2
:1016C000FFF7D4BF410E100090F8343010B5152B41
:1016D00004460CD8012208499A400A4208D1092B35
:1016E00005D1036C03B19847002384F8343010BD52
:1016F000BDE81040FFF7BABF410C3000F8B5294CE7
:10170000851C04EB85035E68274AB3699073014624
:10171000107DC00739D59868917392F817C0927DF3
:10172000224F42EA0C2207EB810700EB020C6045D6
:101730002CD1986810449860586810445860186814
:10174000801A1860188A013880B21882738A93420E
:1017500000D800BB012263898A4023EA0203638127
:1017600004EB85035B68DB680BB10E4898473023B8
:1017700083F3118804EB85046368986941680C3031
:10178000FEF70EFA002383F31188F8BD97F800E006
:1017900000F801EBCBE7044A137D03F0FE03137559
:1017A000F3E700BF3C4900200040014020400140D9
:1017B000F8B5204C861C04EB86035D6801466A6917
:1017C000D2E90003834218D3012223898A4023EA05
:1017D00002032381AB680BB120469847302383F383
:1017E000118804EB86046368002158690C30FEF709
:1017F000D7F9002383F3118817E00F4FB9731769E6
:101800003B445360C31ADFD0288A984228BF184649
:10181000936810613B449360084A184402EB8102CC
:10182000984203D10122044B5A74F8BD13F8011BEE
:101830001170F5E73C490020004001402040014084
:101840002DE9F041874B9B799D07DFB202D5864891
:10185000FFF700F87C0702D58348FEF795FF3807AD
:1018600013D5814C6368DB6823B97E4AD37A03F0D1
:10187000F703D3722378052B02D17B48FEF7EAFFEA
:101880006368DB680BB178489847764B9A781D7986
:1018900002F0FF06EDB252B9002D39D1FB0702D597
:1018A0007148FEF7A9FFBDE8F041FEF781BAF107E4
:1018B00029D500216C4CE068997393F811C01CF095
:1018C000040F5FFA8CF21CBF597484F8341012F0C4
:1018D00010010CD08021634B5974002384F83430FC
:1018E000D20710D5436800215F4898470BE094F871
:1018F0003430152B74D006D8092B23D003D8002BF5
:10190000EED0062BECD0B20702D50120FFF750FF36
:10191000730702D50220FFF74BFF340702D50320DF
:10192000FFF746FFA80702D50120FFF7E7FE69078A
:1019300002D50220FFF7E2FE2A07AFD50320FFF70A
:10194000DDFEABE7DFF81CC19CF8113013F002029A
:10195000D9B2D8D101F01103112BD4D043698CF83E
:101960000E205A68D3F810E0D3F800800EEB020185
:101970005960B8EB0101028A16D08A4228BF0A4694
:1019800099681A61714499608B18994207D1038A4A
:101990009A4234BF0A2202228CF81120B3E711F8D0
:1019A000014B8CF82040F0E7964504D10A228CF8D0
:1019B00011201961A7E7238923F00103238183689C
:1019C0000BB129489847302383F311880021E3683D
:1019D00058690C30FEF7E4F8002383F3118892E78E
:1019E000DFF880E09EF81130DB078CD583699A68B8
:1019F0008EF80E109EF816C05FFA8CF19444944550
:101A000027D19A680A449A605A680A445A601A6848
:101A1000521A1A601A8A013A92B21A82438A8B4287
:101A20004FF000010F4B997300D8BAB948225A748D
:101A3000638923F001036381E368DB6813B100214C
:101A400009489847302383F31188E368986941680F
:101A5000BFE79EF8208002F8018BD0E740225A743D
:101A600051E700BF004001403C4900200148FEF71B
:101A7000C9BD00BF3C49002010B50478012C0ED12F
:101A8000074AC260FFF786F90022064B0D21DA7281
:101A9000DC715A720E20BDE81040FFF796B810BDF9
:101AA000802E01080040014010B503780446012B48
:101AB0000CD00E20FFF79FF80022054B2046DA726B
:101AC000DA715A72BDE81040FFF792B910BD00BF3D
:101AD0000040014090F84E20014B1A70704700BF43
:101AE0000040014000EB8100334BC26801F00F0160
:101AF00010B59973106800F00300002955D0022832
:101B00002AD0032828D0012825D153690BB993691D
:101B10000BB3E020284B9874108AC0F3C7001874E8
:101B2000402058740820587458740120DC7900FA59
:101B300001F1C9B244EA0100D871C0205875528A37
:101B4000C2F3C702DA7480221A7510221A751A7548
:101B50005A7A0A435A7210BD506980B100209874B5
:101B6000108A0124C0F3C70018744020587408205C
:101B700058745874D8798C402043C0B2D871936996
:101B8000002BE8D000200C4B5875528A0120C2F37C
:101B9000C702DA7480221A7510221A751A755A7AD9
:101BA00000FA01F10A43D2B2D4E70028D3D1DA799E
:101BB00042F00102DA71CEE700400140002208B590
:101BC0000B4BDA715A724268D2681AB1DA7A42F073
:101BD0000802DA72074B0021C360FFF783FF01227E
:101BE000034B5A70DA7A42F00102DA7208BD00BF84
:101BF00000400140802E010870B50D4B0021DA79BC
:101C0000402602F00102DA7108240122802510200A
:101C100059729A730132D2B2042A99745E745C7458
:101C20005C7459751D7518751875F2D170BD00BFBB
:101C3000004001400B4B01F00F029A7339B95A7CF6
:101C400050070DD4D879400000F002007047197D8C
:101C5000890605D4587A104100F001004000704711
:101C600001207047004001400B4B01F00F029A73B6
:101C700039B95A7C50070DD4D879400000F00200E1
:101C80007047597CC90605D4D879104100F001008D
:101C9000400070470120704700400140064B01F0B2
:101CA0000F0103EB810302F10801187802F8010B20
:101CB0009142FAD1704700BF204001404822044BB6
:101CC00001F00F0199735A74002380F83430704783
:101CD0000040014000EB8100C06801F00F02816903
:101CE0000B6873B1408A0344013BB3FBF0F39BB232
:101CF0000B82064B9A7332B11A7D02F0FE021A75FE
:101D000070470123F4E740225A74704700400140B5
:101D100000EB810311F00F0170B508BF4025DB68AF
:101D200008BF124C5A6908BFA1731B8A08BF6574AB
:101D30001468A34228BF23460D4C1361926804EB3C
:101D40008104D518954205D1084A917331B1012318
:101D5000537470BD12F8016B2670F3E7517CC168B3
:101D6000098A8B4234BF0A230223F1E70040014075
:101D700020400140054B01F00F01997311B1202261
:101D80001A75704760225A74704700BF00400140C6
:101D9000044B01F00F01997311B110225A7470476E
:101DA0006022FBE700400140044B01F00F019973F2
:101DB00011B180221A757047597470470040014074
:101DC000044B01F00F01997311B140225A7470470E
:081DD000597470470040014006
:101DD800B400B40C0A0C0B0C0D0C0E4748474947CD
:101DE8004A474B474C4D4E4D4F4D504D514D525318
:101DF800545355535653575358595A595B595C596C
:101E08005D595E5F605F615F625F635F64656665C1
:101E180067656865696A6B6A6C6A6D6A6E6F706F10
:101E2800716F726F737475747674777478797A7960
:101E38007B797C797D7E7F7E807E817E82838483B0
:101E480085838683878889888A888B888C8D8E8D00
:101E58008F8D908D919293929492959296D5B199F7
:101E68000020202020202020202028282828282062
:101E7800202020202020202020202020202020205A
:101E880020881010101010101010101010101010C2
:101E980010040404040404040404041010101010B2
:101EA800101041414141414101010101010101017C
:101EB80001010101010101010101010110101010CE
:101EC800101042424242424202020202020202024E
:101ED80002020202020202020202020210101010A2
:101EE80020000000000000000000000000000000CA
:101EF80000000000000000000000000000000000DA
:101F080000000000000000000000000000000000C9
:101F180000000000000000000000000000000000B9
:101F280000000000000000000000000000000000A9
:101F38000000000000000000000000000000000099
:101F48000000000000000000000000000000000089
:101F58000000000000000000000000000000000079
:101F680000005002510252024F024F034F03500328
:101F780050034F034F034A024A024D024D034A03DE
:101F8800102000400000008001020408102040805A
:101F98005000510052004F003A3B3C3D3E3F40410B
:101FA8004243000000000044450000002A0000DD14
:101FB800EF3500082C0000DDE93500082D0000FF92
:101FC800D73500082E0022FFC5350008380000FF6D
:101FD800BD350008090011DDB7350008050011DD21
:101FE800B13500080000000000000000393A3B3C11
:101FF8003D3E3F40414200610D0A004E5554363582
:1020080020425431004E5554363520425432004E49
:102018005554363520425433004E555436352042F7
:102028005434004E55543635204254350063300040
:102038006D61696E0069646C650065786974006B30
:10204800696C6C0001020304050606000001020326
:10205800040500FF55FFAAFF2BFFBFFF80FF00000C
:10206800060D0F10191A220D0E0F10111213141548
:102078001617181D202125290204050607090B0C2F
:102088000000FF00FF55FFAAFF2BFFBFFF6A0101F9
:102098002D141D1460EA000020BF0200E093040024
:1020A800C0270900804F120040771B00E09304000E
:1020B80000080040010800400208004003080040F2
:1020C800060000400A0400400B0400400C040040D5
:1020D8000D0400400E0400400A00004006080040BD
:1020E8000708004008080040090800404C00450067
:1020F8004B00550000004E005500540036003500D6
:10210800200032002E0034004700200057006900EC
:10211800720065006C006500730073000000000029
:102128000948032181620C21C162084890F8100314
:10213800074900F00F000A68824200D008600020BA
:10214800401C2328FCDB70470000014000F0FF1F03
:10215800040401400748032181620C21C16206483A
:10216800016801F00F01082901D90821016000BFA9
:1021780000BF70470000014004040140000800400F
:102188000108004002080040030800400600004023
:102198000A0400400B0400400C0400400D040040F9
:1021A8000E0400400A0000400608004007080040EE
:1021B80008080040090800400100004002000040F3
:1021C80003000040040000400D080040FFFFFFFF2F
:1021D8000500407EE600E700B97B00089D7B00080B
:1021E800C8000100380000000080FF00297C0008BA
:1021F80000000000D17B00080B7C000800000000F4
:10220800B41F0108187E197E0100010001000100B9
:10221800010001000100010001000100FF5500005C
:1022280000000000000000000000000000000000A6
:102238000000000000000000000000000000FF5542
:102248000000000000000000000000000000000086
:1022580000000000000000000000FF55FF55FF557A
:102268000000000000000000000000000000000066
:102278000000000000000000000000000000000056
:102288000000000000000000000000000000000046
:10229800FF550000000000000000000000000000E2
:1022A800000000000000000000000000FF55FF557E
:1022B800FF550000000000000000000000000000C2
:1022C8000000000000000000000000000000000006
:1022D800FF550000000000000000000000000000A2
:1022E80000000000000000000000000000000000E6
:1022F8000000FF5500000000000000000000000082
:102308000000000000000000000000000000FF5571
:10231800FF55FF550000000000000000000000000D
:1023280000000000000000000000000000000000A5
:102338000000000000000000000000000000000095
:1023480000000000FF550000000000000000000031
:102358000000000000000000000000000000000075
:10236800FF55FF55FF550000000000000000000069
:102378000000000000000000000000000000000055
:1023880000000000FF5500000000000000000000F1
:102398000000000000000000000000000000000035
:1023A800000000000000FF550000000000000000D1
:1023B8000000000000000000000000000000000015
:1023C8000000FF55FF55FF55000000000000000009
:1023D80000000000000000000000000000000000F5
:1023E80000000000000000000000000000000000E5
:1023F8000000000000000000FF5500000000000081
:1024080000000000000000000000000000000000C4
:1024180000000000FF55FF55FF55000000000000B8
:1024280000000000000000000000000000000000A4
:102438000000000000000000000000000000000094
:102448000000000000000000000000000000000084
:102458000000000000000000000000000000000074
:102468000000000000000000000000000000000064
:102478000000000000000000000000000000000054
:102488000000000000000000000000000000000044
:102498000000000000000000000000000000000034
:1024A8000000000000000000000000000000000024
:1024B8000000000000000000000000000000000014
:1024C8000000000000000000000000000000000004
:1024D80000000000000000000000000000000000F4
:1024E80000000000000000000000000029001E009D
:1024F8001F002000210022002300240025002600C0
:1025080027002D002E002A004C002B0014001A0072
:102518000800150017001C0018000C00120013001A
:102528002F0030003100B700390004001600070002
:1025380009000A000B000D000E000F0033003400E4
:1025480000002800B600E10000001D001B00060086
:102558001900050011001000360037003800E500AA
:1025680052004D00E000E300E200000000002C00F3
:102578000000000000000000407E2552500051007D
:102588004F000000000000000000000000000000F4
:102598000000000000000000000000000000000033
:1025A800037C3A003B003C003D003E003F004000F9
:1025B800410042004300AA00A9000B7E0D7E3500B1
:1025C800007E017E027E037E047E01000100010080
:1025D800010001000100010021780C7E01000100CA
:1025E8000100087E01000100470048004A004D0034
:1025F8000100010000002378107E010000000100A6
:10260800010001000100010013700A7E01000100B1
:10261800010024522778117E077E0B700E7E000081
:102628000000057E0000000000000000067E01009A
:102638002A782878297800000000000000000000AF
:102648000000000000000000000000000000000082
:102658000000000029001E001F00200021002200A9
:10266800230024002500260027002D002E002A0024
:1026780049002B0014001A000800150017001C0060
:1026880018000C00120013002F00300031004C001D
:10269800390004001600070009000A000B000D00AD
:1026A8000E000F0033003400000028004B00E1004A
:1026B80000001D001B000600190005001100100095
:1026C800360037003800E50052004E00E000E20016
:1026D800E300000000002C000000000000000000E3
:1026E800407E2552500051004F00000000000000BD
:1026F80000000000000000000000000000000000D2
:102708000000000000000000037C3A003B003C0091
:102718003D003E003F0040004100420043004400AD
:1027280045000B7E0D7E3500007E017E027E037E15
:10273800047E010001000100010001000100010008
:1027480021780C7E010001000100087E01000100D3
:10275800470048004A004D000100010000002378AE
:10276800107E0100000001000100010001000100CD
:1027780013700A7E01000100010024522778117E9F
:10278800077E01000E7E00000000057E00000000AC
:1027980000000000067E01002A78287829780000C9
:1027A8000000000000000000000000000000000021
:1027B800000000000000000000000000007C010094
:1027C80001000100010001000100010001000100F9
:1027D80001000100010001000100010001000F7E5D
:1027E80001000100010001000100010001000100D9
:1027F80001000100010001000100010001000100C9
:1028080001000100010001000100097E0100010032
:1028180000000100010001000000010001000100AA
:102828000100010001000100010001000100010098
:10283800010001000100010001000000000001008A
:10284800000000000000000001000100010001007C
:10285800010000000000000000000000000000006F
:102868000000000000000000000000000000000060
:10287800037C3A003B003C003D003E003F00400026
:1028880041004200430044004500010001000100EE
:10289800007E017E027E037E047E010001000100AD
:1028A80001000100AA00A9000100010001000100C7
:1028B8000100010001000100010001000100010008
:1028C80001000100000001000100010000000100FA
:1028D80001000100010001000100010001000100E8
:1028E80001000100010001000100010001000000D9
:1028F8000000057E0000000000000000010001004B
:1029080001000100010000000000000000000000BC
:1029180000000000000000000000000000000000AF
:1029280000000000E200E900EA00B500B600B700C8
:10293800CD008301CC008A01920194012102230277
:1029480024022502260227022A02B300B4006F00DF
:1029580070009F01CB019F02A002E200E900EA009B
:10296800B500B600B700CD008301CC008A01920102
:1029780094012102230224022502260227022A02A8
:10298800B300B4006F0070009F01CB019F02A0024A
:102998000008004001080040020800400308004009
:1029A800060000400A0400400B0400400C040040EC
:1029B8000D0400400E0400400A00004006080040D4
:1029C80007080040080800400908004001000040CE
:1029D8000200004003000040040000400D080040D1
:1029E800FFFFFFFF003131295A1B750A59CB000838
:1029F80001CB00083DCB00086DCB000800010101A8
:102A080001010101010102020202020202020203A3
:102A18000303030303030304040404040404050573
:102A28000505050606060606070707070708080836
:102A380008090909090A0A0A0B0B0B0C0C0C0D0DE5
:102A48000D0E0E0E0F0F0F1010111111121213137D
:102A58001414151516161717181819191A1A1B1BF6
:102A68001C1D1D1E1E1F2020212222232424252652
:102A780026272829292A2B2C2D2D2E2F303132328A
:102A8800333435363738393A3B3C3D3E3F40414296
:102A9800434445464748494A4C4D4E4F505153547C
:102AA800555658595A5B5D5E5F6162646566686930
:102AB8006B6C6D6F7072737577787A7B7D7E8082B0
:102AC800838587888A8C8E8F91939596989A9C9EF9
:102AD800A0A2A3A5A7A9ABADAFB1B3B5B7BABCBE09
:102AE800C0C2C4C6C9CBCDCFD1D4D6D8DBDDDFE2D6
:102AF800E4E7E9EBEEF0F3F5F8FAFDFF00FF01007B
:102B0800010000FFFF0000010001FF0000000000BD
:102B1800000400400F00000000000000200000003A
:102B280000000000000000002A2B28000000000020
:102B38000000000000000000000000290000000064
:102B48002C1E3420212224342627252E362D3738D2
:102B5800271E1F202122232425263333362E3738DB
:102B68001F0405060708090A0B0C0D0E0F10111299
:102B7800131415161718191A1B1C1D2F3130232D65
:102B8800350405060708090A0B0C0D0E0F10111263
:102B9800131415161718191A1B1C1D2F3130354C14
:102BA800000000000000000000000000000000001D
:102BB800000000000000000000000000000000000D
:102BC800000000007E0F00D4FFFFFFC70000007860
:102BD80025EC000885EB00086DEA000800000000FD
:102BE8004422B600772D01089F2C0108C12C01084A
:102BF800442C01085D2C01087D2C0108040A0C00F6
:102C08002E2C0108222C0108142C01080C034E005C
:102C1800550054003600350000000A034C004500FA
:102C28004B00550000000403090409025B0003017E
:102C380000A0FA09040000010301010009211101A3
:102C4800000122440007058103080001090401006E
:102C580002030000000921110100012222000705DA
:102C68008203200001070502032000010904020075
:102C7800010300000009211101000122B600070527
:102C8800830320000112010002000000402D341AC5
:102C9800E51800010200010660FF0961A10109624F
:102CA800150026FF00952075088102096315002686
:102CB800FF00952075089102C005010902A1018550
:102CC800020901A100050919012908150025019526
:102CD80008750181020501093009311581257F95A3
:102CE800027508810609381581257F9501750881C7
:102CF80006050C0A38021581257F9501750881069D
:102D0800C0C005010980A101850319012AB7001572
:102D18000126B700950175108100C0050C0901A1B5
:102D280001850419012AA002150126A00295017542
:102D3800108100C005010906A1018506050719E0F3
:102D480029E7150025019508750181020507190075
:102D580029EF1500250195F0750181020508190173
:102D68002905950575019102950175039101C00525
:102D7800010906A101050719E029E71500250195B4
:102D88000875018102950175088101050719002957
:102D9800FF150026FF009506750881000508190132
:102DA8002905150025019505750191029501750301
:102DB8009101C0008C3801089049002090490020FA
:102DC800904900208C380108000000000000000035
:102DD800000000008C38010800000000000000001E
:102DE800000000008C38010800000000000000000E
:102DF800000000008C3801080000000000000000FE
:102E0800000000008C3801080000000000000000ED
:102E1800000000008C3801080000000000000000DD
:102E2800000000008C3801080000000000000000CD
:102E38000000000035200108104300202044002035
:102E4800000000000D040108FD0301082D0401081D
:102E58001D040108270401081704010807040108D4
:102E6800F703010837040108010000000000000012
:102E78000096000003000000000000006D08010833
:102E8800C916010895160108400040002844002092
:102E98002844002001000000204400205245454EEF
:102EA80054206D616C6C6F63207375636365656432
:102EB800656400002E2E2F2E2E2F2E2E2F2E2E2F15
:102EC8002E2E2F2E2E2F6E65776C69622F6C6962FD
:102ED800632F7374646C69622F72616E642E630071
:102EE8002C2066756E6374696F6E3A2000000000CE
:102EF800617373657274696F6E2022257322206670
:102F080061696C65643A2066696C652022257322C4
:102F18002C206C696E65202564257325730A0000D2
:102F2800232D302B20000000686C4C006566674537
:102F3800464700003031323334353637383941426C
:102F480043444546000000003031323334353637CB
:0C2F5800383961626364656600000000A7
:082F6400E0D2FE7F0100000035
:102F6C00040C002000000000201500208815002013
:102F7C00F015002000000000000000000000000020
:102F8C000000000000000000000000000000000035
:102F9C000000000000000000000000000000000025
:102FAC000000000000000000000000000000000015
:102FBC000000000003000000201500200000FF00AE
:102FCC0001000000314B0008B54B0008854D00088E
:102FDC00FD4B0008594C000801000000E093040070
:102FEC0000000064FFFFFF38393A3B3C3D3E3F4058
:102FFC00414243444546050403020100373635344B
:10300C00333231302F0622232425262728292A2B38
:10301C002C2D2E21201F1E1D1C1B1A1918171615BE
:10302C00140708090C0F1011121300000000000007
:10303C00FA00000000000000010000000000000089
:10304C001500000000000000FFFFFF00FA00000068
:10305C000000000001000000000000001200000051
:10306C0000000000FFFFFF00FA000000000000005D
:10307C000100000000000000130000000000000030
:10308C00FFFFFF00FA00000000000000010000003C
:10309C00000000001100000000000000FFFFFF0016
:1030AC00FA00000000000000010000000000000019
:1030BC001A00000000000000FFFFFF00FA000000F3
:1030CC0000000000010000000000000024000000CF
:1030DC0000000000FFFFFF00FA00000000000000ED
:1030EC00010000000000000046000000000000008D
:1030FC00FFFFFF00FA0000000000000003000000CA
:10310C0000000000FA000000E15E00080000000072
:10311C00FA000000000000000300000000000000A6
:10312C00FB000000E55E000800000000FA00000053
:10313C00000000000300000000000000FF00000081
:10314C00555F00080030000001010100080038390B
:10315C003A3B3C3D3E3F4041424344454605040317
:10316C0002010037363534333231302F0622232416
:10317C0025262728292A2B2CFF2D2E21FF201F1E28
:10318C001D1C1B1A19181716151407080996FF0C85
:10319C00FFFFFFFF0F10111213474D53595F656A64
:1031AC006F74797E83888D92500D400D300D200DFB
:1031BC00100D000D001A00331033203300000000F6
:1031CC00503300000000A033B033C033D033E033B1
:1031DC00E026D026C026B026A02690268026702673
:1031EC00602650264026302620260026101A201A4B
:1031FC00301A401A501A601A701A801A901AA01AB3
:10320C00B01AD01AE01AE00DD00DC00DB00DA00D03
:10321C00900D800D700D600D00001000200030002E
:10322C00400050006000700080009000A000B000D2
:10323C00C000D000E00000400000000000000000D2
:10324C0000001040000000000000000000002040C2
:10325C0000000000000000000000304000000000F2
:10326C0000000000000040400000000000000000D2
:10327C000000504000000000000000006040000012
:10328C000000000000007040000000000000000082
:10329C008040000000000000000090400000000092
:1032AC0000000000A0400000000000000000B04042
:1032BC000000000000000000C04000000000000002
:1032CC000000D0400000000000000000E0400000C2
:1032DC0000000000000004040404040404040404BA
:1032EC000404040404040404040404040404040492
:1032FC000404040404040404040404040404040482
:10330C000404040404040404040404040404040471
:10331C000404040404040404040404040404040461
:10332C000404040404040404040404040404040451
:10333C000404040404040404040404040404040441
:10334C000404040404040404040404040404040431
:10335C000404040404040404040404040404040421
:10336C000404040404040404040404040406060011
:10337C0037250020572500203D9B00080300FF0047
:10338C00FFFF3905280850011E0A14010302010031
:10339C00009600000300000001000000ADEE0008E4
:1033AC00D9EE0008E3EE0008EDEE0008F7EE000899
:1033BC000000000000000000000000000000000001
:1033CC0000000000000000000000000000000000F1
:1033DC0000000000000000000000000000000000E1
:1033EC0000000000000000000000000000000000D1
:1033FC0000000000000000000000000000000000C1
:10340C0000000000000000000000000000000000B0
:10341C0000000000000000000000000000000000A0
:10342C003C490020020000000400000020000000C5
:10343C008C40002000000000000000000000000094
:10344C000000000000000000000000000000000070
:10345C000000000000000000000000000000000060
:10346C000000000000000000000000000000000050
:10347C00030000000000000011F200080000000032
:10348C00200000000000000000000000020000000E
:10349C000000000000000000000000000000000020
:1034AC000000000000000000000000000000000010
:1034BC000000000000000000000000000000000000
:1034CC003C49002003000000040000002000000024
:1034DC00DC4100200000000000000000A8130020C8
:1034EC0000000000000000000000000000000000D0
:1034FC0000000000000000000000000000000000C0
:10350C0000000000000000000000000000000000AF
:10351C00000000000000000003000000000000009C
:10352C0011F200080000000008000000000000007C
:10353C00000000000200000000000000000000007D
:10354C00000000000000000000000000000000006F
:10355C00000000000000000000000000000000005F
:10356C0000000000000000003C49002001000000A9
:10357C000400000008000000AC4100200000000026
:10358C00000000003C1300200000000000000000C0
:10359C00000000000000000000000000000000001F
:1035AC00000000000000000000000000000000000F
:1035BC0000000000000000000000000000000000FF
:1035CC00030000000000000011F20008A7F2000840
:1035DC00200020000000000000000000020000009D
:1035EC0000000000000000000000000000000000CF
:1035FC0000000000000000000000000000000000BF
:10360C0000000000000000000000000001000000AD
:10361C003C490020020000000400000020000000D3
:10362C001C4100200000000000000000D01200200F
:10363C00EC12002025F4000805F400083BF4000807
:10364C001DF5000839F5000845F50008F0120020BA
:10365C00000000000000000000000000000000005E
:10366C00000000000000000000000000000000004E
:10367C00000000000000000000000000000000003E
:10368C00000000000000000000000000000000002E
:10369C000000000000000000200000005813002073
:1036AC0025F4000805F400083BF400081DF500089B
:1036BC0039F5000845F500085C13002000000000F7
:1036CC0000000000000000000000000000000000EE
:1036DC0000000000000000000000000000000000DE
:1036EC0000000000000000000000000000000000CE
:1036FC0000000000000000000000000000000000BE
:10370C000000000008000000C413002081F4000831
:10371C0059F400089DF4000895F50008B9F5000867
:10372C00D1F500080000000000000000CC140020BF
:10373C00801400203414002000000000E813002046
:10374C00000000000000000000000000000000006D
:10375C000600000000000000000000000000000057
:10376C00000000000000000000000000000000004D
:10377C00000000000000000000000000000000003D
:10378C00000000000000000000000000000000002D
:10379C0020000000000000000000000004000000F9
:1037AC00000000000000000000000000000000000D
:1037BC0000000000000000000000000000000000FD
:1037CC0000000000000000000000000000000000ED
:1037DC0000000000000000000000000003000000DA
:1037EC0000000000000000000300000000000000CA
:1037FC0000000000000000000000000000000000BD
:10380C0000000000000000000000000000000000AC
:10381C00000000000000000000000000000000009C
:10382C000000000000000000030000000000000089
:10383C00000000000200000000000000000000007A
:10384C00000000000000000000000000000000006C
:10385C00000000000000000000000000000000005C
:10386C00000000000000000000000000000000004C
:10387C0000000000060000000102000000D8B8059E
:04000005080001B935
:00000001FF
