:020000040800F2
:1000000000040020B9010008BB010008BB01000882
:10001000BB010008BB010008BB010008BB010008D0
:10002000BB010008BB010008BB01000845FF000838
:10003000BB010008BB010008BB0100089F130108B9
:10004000BB010008BB010008BB010008BB010008A0
:10005000BB010008BB01000891100108B91001089C
:10006000E11001080911010831110108BB01000864
:10007000BB010008BB010008311A0108BB010008E0
:1000800059110108BB010008BB010008BB010008B1
:10009000BB010008BB010008BB010008BB01000850
:1000A000BB010008BB0100084516010859160108EC
:1000B000BB010008BB010008BB010008BB01000830
:1000C000BD130108BD110108BB010008BB010008F8
:1000D000BB010008BB010008BB010008BB01000810
:1000E00072B6264880F30888254880F30988254899
:1000F00025490860022080F31488BFF36F8F0FF04A
:1001000055FC0FF00DF84FF0553020491B4A914235
:100110003CBF41F8040BFAE71D49194A91423CBF24
:1001200041F8040BFAE71B491B4A1C4B9A423EBF9D
:1001300051F8040B42F8040BF8E700201849194A5B
:1001400091423CBF41F8040BFAE70FF033FC0FF08B
:100150002EFC154C154DAC4203DA54F8041B8847AD
:10016000F9E709F029FF124C124DAC4203DA54F8BA
:10017000041B8847F9E70FF01BBC000000040020B7
:10018000000C00200000000808ED00E00000002046
:10019000000400205C310108000C00202015002024
:1001A0002015002098490020E0000008E000000829
:1001B000E0000008E000000892E700F000F8FEE729
:1001C0002DE9F04FC1F80CD0C3689D46BDE8F08F13
:1001D000002383F311882846A04700200FF0B8FDC4
:1001E000FEE70FF00FFD00DFFEE7000053B94AB94C
:1001F000002908BF00281CBF4FF0FF314FF0FF302F
:1002000000F09AB9ADF1080C6DE904CE00F01AF8CF
:10021000DDF804E0DDE9022304B07047430803F091
:100220005533C01A830803F0333300F033301844D9
:1002300000EB101000F00F3000EB002000EB00404E
:10024000000E70472DE9F047089D0F4604468E4684
:10025000002B48D18A42164661D9B2FA82F24AB1DD
:10026000C2F1200301FA02FE20FA03F3964043EAAA
:100270000E0E94404FEA164CBEFBFCF1B7B20CFBDD
:1002800011EE01FB07F0230C43EA0E43984209D913
:10029000F31801F1FF3E80F0ED80984240F2EA80D1
:1002A000023933441B1AB3FBFCF00CFB103300FB88
:1002B00007F7A4B244EA0344A74209D9341900F16C
:1002C000FF3380F0D980A74240F2D6803444023810
:1002D00040EA01400021E41B1DB10023D440C5E9E0
:1002E0000043BDE8F0878B4206D90DB1C5E9000196
:1002F00000210846BDE8F087B3FA83F1002947D111
:10030000BB4202D3824200F20481841A67EB0302EB
:1003100001209646002DE4D0C5E9004EE1E7002A11
:1003200000F09080B2FA82F2002A40F0A780881B89
:100330000121370C1FFA86FEB0FBF7FC07FB1C00FF
:10034000230C43EA00430EFB0CF0984207D9F31844
:100350000CF1FF3802D2984200F2E080C4461B1A2A
:10036000B3FBF7F007FB10330EFB00FEA4B244EA28
:100370000344A64507D9341900F1FF3302D2A6453C
:1003800000F2C9801846A4EB0E0440EA0C40A3E733
:10039000C1F120068B4022FA06FC4CEA030C27FA36
:1003A00006FA4FEA1C49BAFBF9F88F4020FA06F327
:1003B00009FB18AA1FFA8CFE3B4300FA01F708FB61
:1003C0000EF01C0C44EA0A44A04202FA01F20BD9D6
:1003D0001CEB040408F1FF3A80F09980A04240F23F
:1003E0009680A8F102086444241A98B2B4FBF9F389
:1003F00009FB134403FB0EFE40EA0444A64508D95A
:100400001CEB040403F1FF307FD2A6457DD9023BEB
:10041000644443EA0840A4EB0E04A0FB028E74453A
:100420004346F14661D35ED055B1FA1A64EB090434
:1004300004FA06F622FA01F31E43CC40C5E9006433
:1004400000214EE743084FEA510C43EAC1710A0C00
:1004500042EA0C428BB2C407B2FBF6F143EA024314
:10046000BCFBF6FCB646304637461F22181A41EA56
:100470000C4161E7714615E7184629E7C2F12003F0
:1004800021FA03F0964024FA03F397403B43370CDC
:10049000B0FBF7F807FB18001FFA86FE190C41EABB
:1004A000004108FB0EF0884204FA02F43AD97118B0
:1004B00008F1FF3C01D288421ED8091AB1FBF7F8B7
:1004C00008FB0EF007FB18119BB243EA014383427D
:1004D0002FD2F31808F1FF31C8D28342C6D2A8F157
:1004E00002013344C2E747459ED2B8EB02036EEBEC
:1004F0000C0E0138F14697E7301A0144A8F1020CBE
:10050000B1FBF7F808FB0EF0DCE7034681E7D046C5
:100510006AE70846FEE63444023834E7ACF1020CE0
:1005200033441CE7091AC446B1FBF7F808FB0EF088
:10053000C8E741469AE700BF704700BF38B5124B85
:1005400004461D682A6B1AB10023C2E9044338BD72
:10055000182000F039FA0246286378B100210B23F5
:1005600001209381C2E90401084B0949094DC2E900
:10057000011300231560C2E9044338BD4621064B30
:10058000064800F0FFF800BF000C0020ECDE05007C
:1005900034126DE60E33CDAB94300108AC30010857
:1005A00038B5194B1C68226B8AB113691749546915
:1005B00003FB01F1164800FB0411A3FB00300133DB
:1005C00041EB0001C2E9043121F0004038BD1820A0
:1005D00000F0FAF90246206388B1012400250B23BC
:1005E0000A480C49C2E90445116001460A4D0B4C0A
:1005F00093810B4BC2E90154C2E9043138BD522149
:10060000084B094800F0BEF8000C00202DF45158AA
:100610002D7F954C0E33CDAB34126DE6ECDE05002C
:100620002E7F954C94300108AC30010820F0030176
:1006300010F00300C0F1000051F8043B00F1040C7D
:100640004FEACC0C6FF000021CBF22FA0CF21343ED
:100650004FF0010C4CEA0C2C4CEA0C4CA3EB0C02B6
:1006600022EA030212EACC1204BF51F8043B043020
:10067000F4D0C2F1000102EA0102B2FA82F2C2F140
:100680001F0200EBD200704788420ED98B188342BC
:100690000BD900EB020C002A6DD0624613F801CD95
:1006A000994202F801CDF9D170470F2A0FD80346BD
:1006B00002F1FF3C002A5ED00CF1010C013B8C449E
:1006C00011F8012B614503F8012FF9D1704740EA79
:1006D00001039B0750D1A2F1100370B501F1200C6A
:1006E00023F00F0501F1100E00F11004AC441B09BA
:1006F0005EF8105C0EF1100E44F8105C5EF81C5CA5
:10070000103444F81C5C5EF8185C44F8185C5EF821
:10071000145CE64544F8145CEAD1013312F00C0F86
:1007200001EB031102F00F0400EB031328D08E46F7
:10073000043C24F003064FEA940C1E441C1F5EF890
:10074000045B44F8045FB442F9D10CF1010402F0F7
:10075000030203EB840301EB840102F1FF3C4AB185
:100760000CF1010C013B8C4411F8012B614503F89D
:10077000012FF9D170BD7047034602F1FF3C9BE7A2
:100780002246EAE7144600B51A460A4B0D461B6896
:1007900085B0DE6803464CB10749019130460749F0
:1007A0000294009500F02EF900F090F804490C46F0
:1007B000F3E700BF000C0020D8300108E830010842
:1007C000E430010808B513460022FFF7DBFF00BF45
:1007D00070B5860747D0541E002A3ED00346CAB2E1
:1007E00001E0013C39D303F8012B9D07F9D1032C1B
:1007F0002CD9CDB205EB05250F2C1A4605EB054586
:1008000034D9A4F1100C2CF00F0603F1100EB644ED
:100810004FEA1C1CC2E90055C2E90255103272456C
:10082000F8D10CF1010214F00C0F03EB021204F0EA
:100830000F0C13D0ACF1040323F00303043313446F
:1008400042F8045B9342FBD10CF003042CB1C9B213
:100850001C4403F8011BA342FBD170BD6446134640
:10086000002CF4D1F9E703461446C0E7A446E1E7BB
:10087000032A30B415D941EA0004A40784460B4684
:1008800004D0541E0FE0043A032A08D919466046E2
:1008900053F8044B5CF8045BA542F4D0F1E76046E2
:1008A0001946541E7AB1431E0139021901E09A42D9
:1008B00009D013F8010F11F801CF6045F7D0A0EB74
:1008C0000C0030BC7047002030BC7047062008B5D3
:1008D00000F042F9012010F05DFA00BF844641EAC1
:1008E000000313F0030349D1403A23D30B6803609C
:1008F0004B6843608B688360CB68C3600B6903619E
:100900004B6943618B698361CB69C3610B6A036285
:100910004B6A43628B6A8362CB6AC3620B6B03636D
:100920004B6B43638B6B8363CB6BC3634030403152
:10093000403ADBD230320BD30B6803604B68436024
:100940008B688360CB68C36010301031103AF3D2EB
:100950000C3205D351F8043B40F8043B043AF9D279
:10096000043208D0D2071CBF11F8013B00F8013B4C
:1009700001D30B8803806046704700BF082A13D359
:100980008B07B1D010F00303AED0C3F10403D21A29
:10099000DB071CBF11F8013B00F8013BA4D331F881
:1009A000023B20F8023B9FE7043AD9D3013A11F801
:1009B000013B00F8013BF9D20B7803704B78437090
:1009C0008B78837060467047024B0146186800F0D0
:1009D000FDBE00BF000C0020024B0146186800F06D
:1009E00075BF00BF000C00200CB400B583B004AB91
:1009F00053F8042B019300F087F903B05DF804EB82
:100A000002B070470EB400B5074A82B003AB01468E
:100A1000106853F8042B019300F076F902B05DF8EA
:100A200004EB03B0704700BF000C002038B5C46B66
:100A30000CB1002038BD8021054600F0C7FE0246FB
:100A4000E86330B1031F7C3243F8044F9342FBD17B
:100A5000EFE74FF0FF3038BD30B51F29054683B0B2
:100A600008D8C36B0C4653B153F8240043F8242034
:100A700003B030BD162303604FF0FF30F8E780214C
:100A8000019200F0A3FE019A0346E8630028F3D028
:100A9000011F00F17C05002041F8040FA942FBD1A1
:100AA000E2E700BF1F2938B505461ED8C26B0C46C9
:100AB0006AB152F8213053B1012B06D0591C10D025
:100AC0000021204642F824109847002038BD2846CF
:100AD00001F070FA224601462846BDE8384001F090
:100AE00055BA162301202B6038BD16234FF0FF3076
:100AF0002B6038BD1F292BD838B5C36B0C46054673
:100B0000A3B153F8242003EB84034AB1511C0BD04A
:100B1000012A07D0002520461D609047284638BD91
:100B2000012038BD032038BD022038BD802100F0EF
:100B30004DFE0346E86340B100201A1F03F17C011B
:100B400042F8040F8A42FBD1DBE74FF0FF3038BD9B
:100B50004FF0FF30704700BF38B5134B1F281D689A
:100B60001DD8EA6B044662B152F820304BB1012B1C
:100B700005D0591C0FD0002142F8201098470020C2
:100B800038BD284601F016FA224601462846BDE83F
:100B9000384001F0FBB9162301202B6038BD162325
:100BA0004FF0FF302B6038BD000C0020114B1F2888
:100BB00070B51E6808D8F36B04460D464BB153F868
:100BC000240043F8245070BD162333604FF0FF30EB
:100BD00070BD8021304600F0F9FD0346F063002827
:100BE000F4D00021021F7C3042F8041F8242FBD166
:100BF000E5E700BF000C002038B50B4B1D68EC6B1F
:100C00000CB1002038BD8021284600F0DFFDE863EC
:100C100038B1031F00F17C0243F8044F9342FBD12B
:100C2000EFE74FF0FF3038BD000C002038B5174B10
:100C30001F281D6826D80446E86BA0B150F8242070
:100C400000EB84034AB1511C0BD0012A07D00025C8
:100C500020461D609047284638BD012038BD03203E
:100C600038BD022038BD8021284600F0AFFDE86382
:100C700040B10021031F00F17C0243F8041F93429E
:100C8000FBD1DBE74FF0FF3038BD00BF000C002088
:100C90009368013B002B936005DAD2F818C06345D6
:100CA00007DB0A2905D01368581C10600846197024
:100CB000704700F069BE00BF9BB1F8B5134406460B
:100CC0000F46541E5D1E01E0AC4208D03A46304645
:100CD00014F8011FFFF7DCFF431CF5D1F8BD00201D
:100CE000F8BD0020704700BF936810B514461BB9CB
:100CF00018460023636010BD00F08CF90023A36048
:100D00000023636010BD00BF2DE9F04FA1B08B46FA
:100D100091461C46049018B1036A002B00F0138121
:100D2000BBF80C30180740F18E80DBF81030002B38
:100D300000F08980002343F220020D9399F80030DF
:100D40000127824E0794ADF83920002B73D04D4611
:100D500003E015F8013F002B7FD0252BF9D1B5EB2F
:100D6000090A7DD12B78002B65D000234FF0FF328C
:100D70000135CDE9092308930B938DF863301E9359
:100D800006E02546089B801B07FA00F00343089302
:100D90002C46052214F8011B304600F0EFF8A1465E
:100DA0000028EED1089BD90644BF20228DF863208D
:100DB0001A0748BF2B22297848BF8DF863202A29BB
:100DC00064D1079A1168043200290792C0F2968014
:100DD0000B9169782E296FD05D4C0322204600F0DC
:100DE000CDF838B14022089B001B8240134309F123
:100DF0000109089319F8011B062256488DF838108E
:100E000000F0BCF800287FD0534B002B69D007A915
:100E100000915A460498514B08A9AFF30080039003
:100E2000039B013307D00D9B039A13440D9399F84C
:100E30000030002B8BD1BBF80C305B060AD40D9828
:100E400021B0BDE8F08F5946049800F037FC002827
:100E50003FF470AF4FF0FF30F2E7B5EB090AEAD08C
:100E600009F1FF3805954546DDF8108001E0A245FF
:100E70003ED92C465A46404615F8011FFFF708FF99
:100E800002340130A4EB0904F1D1D4E7A1F130021E
:100E9000092A88BFA9469DD80B9B00E00134217820
:100EA00003EB830302EB4303A1F13002092AF5D9D6
:100EB0002E29A1460B938FD199F801102A292DD103
:100EC000079B09F102001A680433002A0793B8BF90
:100ED0004FF0FF3399F8021009928146B8BF099389
:100EE0007AE7079B073323F00703083307939AE752
:100EF0000D99059D51442B780D9134E7494243F0FB
:100F000002030B91089364E707A900915A460498DD
:100F1000124B08A900F06CFE039081E70023A1F1B9
:100F20003002092A09F1010909933FF655AF19F872
:100F3000011F03EB830302EB4303A1F13002092AF3
:100F4000F5D9099348E700F0C5FAE9E61831010838
:100F5000203101082431010800000000B90C00080C
:100F60008C4600B586461346034A714610685DF804
:100F700004EB6246FFF7C8BE000C00205FFA81FC5C
:100F8000810744D00346511E22B909E09A0709D0CF
:100F9000013905D31846027801336245F6D170470E
:100FA00000207047184603290CD80029F8D00346C2
:100FB000014401E08B42F3D0184613F8012B62453F
:100FC000F8D1704710B50CEB0C24024604EB044436
:100FD00002E00439032915D9104652F8043B634056
:100FE000A3F1013E2EEA030313F0803FF1D0034644
:100FF000014401E08B4208D0184613F8012B6245EA
:10100000F8D110BD10460029F1D1002010BD1146C5
:10101000C9E700BF9368002B00F0F0802DE9F04F86
:10102000B1F90CC090461CF0080F81460C4683B005
:101030002BD00B694BB31CF00207D8F8006032D0FC
:101040004FF0000A5546D4F828B0216AAB4FC5B11D
:10105000BD422B46524628BF3B464846D84700284B
:1010600040F3C280D8F8083082441B1A2D1AC8F801
:101070000830002B00F0AE80D4F828B0216A002D93
:10108000E6D1D6E900A50836E1E72146484600F05A
:1010900015FB002840F0AD80B4F90CC0D8F8006012
:1010A0001CF00207CCD11CF0010A63D1574623681B
:1010B000A16818468B46002F58D01CF4007F00F022
:1010C000B180B9420A4600F2DD801CF4906F2FD047
:1010D000216962695D1A02EB420202EBD2726B1C5B
:1010E00052103B44934292BF93469B461A461CF4CF
:1010F000806F00F0E6801146484600F067FB00284C
:1011000000F0F5802A4621690190FFF7E7FBA289EC
:10111000019B22F4906242F08002A2815819C4F827
:1011200014B0ABEB05053A46BB462361A5602060D1
:101130003D46002751460192FFF7A6FAA1682368B1
:10114000019AA1EB0B011A44A1602260D8F8083083
:10115000AA445B1BC8F80830002B3BD02368A16869
:1011600018468B46B4F90CC0002FA6D1D6E900A7CB
:1011700008369EE73846BB463D46002D40D0002845
:1011800045D03A46D4E904C32068AA4228BF2A467B
:101190006045A16804D901EB030A524500F382803F
:1011A000934272DC5A464846216AD4F828C0E04788
:1011B000B0F1000A18DDB7EB0A070FD00120D8F80C
:1011C0000830D344A3EB0A03A5EB0A05C8F808309E
:1011D000002BD2D1002003B0BDE8F08F2146484655
:1011E00000F02AFA0028EAD0B4F90C3043F04003AA
:1011F000A3814FF0FF3003B0BDE8F08F00207047AF
:10120000756833460836002DFAD0D3F800B02A4668
:101210000A215846FFF7B2FE002865D00130A0EB46
:101220000B07AEE722699A4214D36569BD4211D813
:101230006FF00043BB4228BF3B4693FBF5F3524699
:1012400005FB03F34846A56A216AA847051ECBDDC6
:101250007F1B7BE7B94228BF39460D4618465146E9
:101260002A46FFF711FAA1682368491B2B44A160A5
:1012700023600029ECD12146484600F0DDF9002822
:10128000E6D0B1E7BB463A4652E759460192FFF72E
:10129000FBF9019AA36892469B1AA3602368134442
:1012A000236088E759465246FFF7EEF92368214646
:1012B00053444846236000F0BFF900283FF47BAF59
:1012C00092E7484600F0D0FB034600287FF426AFA3
:1012D0004846216900F0FAFA0C22B4F90C30C9F83A
:1012E000002023F0800381E76A1C17464AE70C229E
:1012F000B4F90C30C9F8002078E700BF00FCFF7F8C
:1013000000207047024A0349034800F08BBB00BF2E
:10131000500C002039160008040C00200C4B4168CA
:1013200010B59942044601D000F086F9A168094B36
:10133000994202D0204600F07FF9E168064B9942BD
:1013400004D02046BDE8104000F076B910BD00BFC3
:101350002015002088150020F0150020002070477F
:101360002DE9F84300250423294C2A490822C4F812
:10137000381104F15C002946DFF89C90DFF89C806E
:10138000274F284EC4E90335C4E90055C4E9055583
:10139000A5606566FFF71CFA234B0822294604F175
:1013A000C4006367C4E90849C4E90A87C4E91A5557
:1013B000C4E91E5526632567C4F8CC50C4F8805094
:1013C000FFF706FA194B2946C4F8DC30082204F16D
:1013D000680304F59670C4F88830C4E92398C4E91A
:1013E0002576C4E93455C4E93855C4F8D850C4F852
:1013F0003451C4F8E850FFF7EBF904F1D003C4E925
:101400003D98C4E93F76C4F8F030BDE8F88300BFEA
:101410002015002005130008B91F0008E11F00086F
:1014200021200008452000080900010012000200E8
:10143000F8B5254B0646D3F83831002B3CD0234F66
:10144000D7E90134013B04D51DE05A1C04F16804BE
:1014500019D0B4F90C50013B002DF6D11C4B0822D9
:101460002946C4E90155C4E90455E3606566256071
:10147000A56104F15C00FFF7ABF9C4E90D55C4E9BF
:1014800012552046F8BD3D680DB12F46D8E74FF400
:10149000D671304600F09AF9044680B10423056005
:1014A000294625460C304FF4D072A0606360FFF7E8
:1014B0008FF93C602F46C3E7FFF752FFBFE70C23CD
:1014C00038603360DDE700BF20150020500C00209D
:1014D0000100FFFF036A03B17047044B044AD3F8CD
:1014E00038310262002BF7D13AE700BF2015002007
:1014F0001D130008704700BF704700BF0020024A5C
:10150000024900F08FBA00BF500C00200113000800
:101510000020024A024900F085BA00BF500C0020AA
:101520005D130008F8B5B1F90C300C461E070746EC
:1015300039D44A68002A53DDE56A002D31D00022F3
:101540003E683A6013F48052216A55D1012338462F
:10155000A847451C024663D0B4F90C30E56A216AFD
:10156000580705D56368D21A636B0BB1236CD21A86
:1015700000233846A847421C40D0002223696260FD
:101580002360A389DB0400D56065616B3E6041B1D7
:1015900004F14403994202D0384600F097F9002341
:1015A00063630020F8BD0E69002EFAD09B0718BFB8
:1015B00000230D6808BF4B690E60AD1B8B600CE00B
:1015C0002B463246D4F828C03846216AE047B0F1AD
:1015D000000CA5EB0C05664406DD002DF0DCE0E711
:1015E0000A6C002AA8DCDCE7B4F90C3043F04003B5
:1015F0004FF0FF30A381F8BD626DB1E73968B4F9EF
:101600000C301D29F2D80B4ACA40D507EED500226E
:10161000626022692260DA04B7D50029B4D0B4E749
:101620003B68002B98D01D2B01D0162BDCD13E60DF
:10163000B7E700BF010040200B69B3B110B5044605
:1016400082B008B1036A5BB1B1F90C3013B9002064
:1016500002B010BD204602B0BDE81040FFF762BFE7
:101660000191FFF737FF0199EEE70020704700BFB7
:10167000B8B138B50D4A0369044615682BB10DB1F0
:101680002B6A53B1B4F90C300BB9002038BD214698
:101690002846BDE83840FFF745BF2846FFF71AFF48
:1016A000F0E7034A0349044800F0BCB9000C0020ED
:1016B000500C002039160008040C002038B52F4BC0
:1016C00005461B680C4613B11A6A002A4BD0B4F9C0
:1016D0000C3018071CD5226922B313F0010107D082
:1016E00000206169A0604942A1613AB1002038BD83
:1016F000980758BF6169A160002AF7D1190658BF41
:101700001046F4D543F04003A3814FF0FF3038BDBD
:10171000D9062CD55A0712D4226943F00803A381B5
:10172000002ADAD103F42071B1F5007FD5D021462B
:10173000284600F0A3FBB4F90C302269CDE7616BB9
:1017400051B104F14402914204D0284600F0BEF8A1
:10175000B4F90C30002262630021226923F02403D3
:10176000C4E90021D9E71846FFF7B4FEAFE7092224
:1017700043F040032A60A381C7E700BF000C0020AC
:1017800070B5114E054633680C46BBB1214628465C
:101790000FF0E4FA431C01460CD0C41C24F00304EF
:1017A000A04205D02846611A0FF0D8FA013001D0C6
:1017B000204670BD4FF0FF34204670BD19460FF033
:1017C000CDFA3060E2E700BF5C1600202DE9F84357
:1017D000CD1C25F0030508350C2D38BF0C25002D38
:1017E000064618DBA94216D8DFF8DC8000F042FB81
:1017F000D8F80420A2B1144603E0636822467BB106
:101800001C4623685B1BF8D40B2B1FD894426368DB
:1018100054D053600CE00C2333600020BDE8F88303
:1018200029463046FFF7ACFF431C044619D005603B
:10183000304600F021FB04F10B00231D20F00700CF
:10184000C21A1CBF1B1AA350BDE8F8836119944249
:10185000256014BF5160C8F80410635163684B6081
:10186000E6E7D8F804701FB33C467F68002FFBD131
:1018700023683946304604EB03090FF06FFA8145BF
:1018800016D123683046ED1A2946FFF779FF01305B
:101890000ED02368D8F804202B442360536883B10A
:1018A000A34203D01A465B689C42FBD10023B0E7F9
:1018B0000C233046336000F0DFFAAEE7C8F804309E
:1018C000B6E7C8F80470B3E75C160020002950D0D2
:1018D00038B551F8043C0C1F002BB8BFE41805467E
:1018E00000F0C8FA274A13682BB1A3420CD921682B
:1018F000601883422CD0284663601460BDE83840ED
:1019000000F0BABAA3420FD81A465B68002BF9D18F
:1019100011685018844217D02CD363605460284655
:10192000BDE8384000F0A8BA11685018A04214D0A1
:1019300020D8216860188342EFD118685B6808449A
:10194000C4E900035460EAE723680B441360E6E748
:1019500018685B6808442060CDE72068014450188F
:1019600083421160DBD1D3E900040144C2E90014D1
:10197000D5E770470C2328462B60BDE8384000F0BF
:101980007BBA00BF60160020F8B506460D46144627
:1019900010B1036A002B37D0A269A389A2601A078D
:1019A00019D52369BBB122686169D31AEDB2994296
:1019B0002F4620DD0133A1680139A160511C21604F
:1019C000157062699A420DD0A389DB0701D50A2DF3
:1019D00008D03846F8BD21463046FFF76FFE38B9CB
:1019E0002369E0E721463046FFF726FE0028F0D0C5
:1019F0004FF0FF37EDE721463046FFF71DFE002888
:101A0000F6D101232268D6E7FFF764FDC4E700BFE3
:101A100003460A46024908681946FFF7B5BF00BFEA
:101A2000000C00202DE9F8434FF0000980460F46D6
:101A30001646D6E90154013D10D4A389012B08D9DB
:101A4000B4F90E30013304D021464046B84749EA84
:101A50000009013D6B1C04F16804EED13668002ECC
:101A6000E7D14846BDE8F8832DE9F041144641B37B
:101A70000AB306460D4600F0E9FA8442074602D84A
:101A8000B4EB500F13D821463046FFF79FFE804637
:101A900050B1BC422246294628BF3A46FEF71EFFF7
:101AA00029463046FFF712FF4046BDE8F081A846C0
:101AB0004046BDE8F081A046FFF708FF4046BDE87C
:101AC000F0811146BDE8F041FFF780BE2DE9F84FE7
:101AD00092461F460A698B680C469A42B8BF1A465E
:101AE000CAF8002091F843300646DDF8289013B17B
:101AF0000132CAF80020226891065FD5DAF800307A
:101B00000233CAF80030226812F0060F11461DD1C8
:101B1000E1689942D8BF114618DD4FF0000804F182
:101B2000190B05E0E568DAF80030ED1A45450CDDE3
:101B300001235A4639463046C847013008F10108AA
:101B4000F0D14FF0FF30BDE8F88F216894F84330B2
:101B5000003B18BF01238A060AD53021E21882F81B
:101B6000431094F845105A1C2244023382F8431063
:101B70003946304604F14302C8470130E1D0D4E988
:101B800002202368DAF8005003F00603042B2169D1
:101B90001BD08A4220DD4FF00008521A90440025E5
:101BA0001A3401E0454517DA01232246394630460A
:101BB000C847013005F10105F4D1C2E712F0060F64
:101BC0000DD0003B18BF0123D2E7401B8A4220EA18
:101BD000E078E2DC0028E2DC0020BDE8F88FE16874
:101BE000DAF800309942D8BF114696DCAEE700BF64
:101BF0002DE9F04717460A7E84B00C460646984603
:101C00000C9D01F1430C002A35D0A2F15803D9B242
:101C1000202969D8202B67D8DFE813F0E60066009A
:101C20006600660066006600660066006600660084
:101C30006600AC007000660066006600660070001A
:101C4000660066006600660021008300C60066002C
:101C50006600B6006600830066006600EC002B6834
:101C60002268181D6169286010061B6802D452069C
:101C700000F1E08019600023E14623613B462146E4
:101C80003046CDF8008003AAFFF720FF013020D0B6
:101C90004A46394630462369C047013019D0236887
:101CA000E0689B07DDF80C9018D5484516DD002547
:101CB00004F1190A04E0E068A0EB0903AB420DDD72
:101CC0000123524639463046C047013005F101052F
:101CD000F1D14FF0FF3004B0BDE8F0874845B8BF00
:101CE000484604B0BDE8F087012084F8422004F1A2
:101CF00042090023206184F84330BFE72A68236843
:101D0000111D1806296002D4590600F1958010684B
:101D1000014600286268C0F293804FF00A0E5348D3
:101D200015E020682B6810F0800F53F8041B02D1D7
:101D3000400648BF89B26F2A14BF4FF00A0E4FF019
:101D4000080E4A482B600023626884F84330002A5A
:101D5000A26051DB236823F00403236000294BD1E8
:101D6000002A7BD1E146BEF1080F56D0ACEB090347
:101D7000236183E72A680120116804322A6004F194
:101D8000420984F84210B4E72B6800211A1D2A602A
:101D9000D3F8009062684846FFF7F0F8002863D057
:101DA000A0EB09006060A4E7236843F020032360F0
:101DB00078222F4884F845202A6813F0800F52F8C3
:101DC000041B03D113F0400F18BF89B22A60DA0751
:101DD00044BF43F02003236019B9236823F0200394
:101DE00023604FF0100EAEE75823204884F84530AA
:101DF0002368E1E72368DBE77546E146B1FBF5F3CD
:101E00000A4605FB131A194610F80A30AA4209F8C7
:101E1000013DF3D2BEF1080FA8D12368DD07A5D597
:101E2000626823699A42A1DC302309F1FF3989F8FD
:101E300000309BE719801EE7B2F90010084668E7FA
:101E40002D20002AA26084F8430002DB23F0040363
:101E500023600A250548AE464942CEE7037804F1DF
:101E6000420984F842307EE7606842E72C3101087D
:101E700040310108704700BF704700BF70B5B1F92D
:101E80000C300C46990796B007D5012204F14703A0
:101E9000C4E90432236016B070BDB4F90E100546D3
:101EA000002929DB6A460EF066FF002822DB4FF48A
:101EB00080612846019EFFF789FC88B3A38906F458
:101EC000704643F08003A3814FF48063B6F5005F52
:101ED000C4E904032060DED12846B4F90E100EF0E8
:101EE00056FF0028D7D0A38923F0030343F0010352
:101EF000A381D0E7B4F90C3013F0800F14BF402653
:101F00004FF4806628463146FFF760FC40B1A38954
:101F1000C4E9040643F080032060A38116B070BDBD
:101F2000B4F90C309A05B6D4012123F0030304F16F
:101F3000470243F00203C4E90421A3812260AAE717
:101F400070B50C46B1F90E10154600291E4696B024
:101F50000FDB6A460EF00FFF00280ADB019B4FF4EF
:101F6000806203F47043A3F50053B3FA83F35B0973
:101F700007E0A289002312F0800F14BF40224FF423
:101F80008062002033602A6016B070BD70B50026F4
:101F9000074D0446084611462E600EF003FF431C11
:101FA00000D070BD2B68002BFBD0236070BD00BF3C
:101FB000641600200EF0FEBE10B50C46B1F90E10EE
:101FC0000EF0C1FE002803DB636D0344636510BDA2
:101FD000A38923F48053A38110BD00BF0020704764
:101FE0002DE9F0410C46B1F90C101F46CB05054612
:101FF00016460BD421F48051A1813B463246284637
:10200000B4F90E10BDE8F0410EF0A4BEB4F90E1004
:10201000022300220EF09CFEB4F90C10EAE700BF88
:1020200010B50C46B1F90E100EF092FEB4F90C305A
:10203000421C0EBF23F4805343F480536065A38198
:1020400010BD00BFB1F90E100EF086BE51F8043C71
:10205000181F002BBCBF0B58C0187047372875D805
:10206000032803D800207047042070470438332821
:10207000F8D801A353F820F04D22000831220008BF
:102080003D2200083D22000831220008652000089A
:1020900049210008312200084D22000831220008A1
:1020A0003122000831220008652000086520000860
:1020B0004D220008752200086520000865200008F0
:1020C0007D220008652000085922000851220008DE
:1020D00031220008612200083D2200086520000826
:1020E0004522000845220008452200084522000834
:1020F0004522000845220008452200084522000824
:102100004522000885220008652000086520000897
:10211000652000086520000865200008652000088B
:10212000652000086520000865200008652000087B
:10213000652000086520000865200008652000086B
:10214000652000085522000806207047A0F50170A0
:1021500083B2332B86D8332884D801A353F820F0D8
:102160004D22000831220008692200086D22000873
:10217000312200086520000835220008652000088B
:102180004D2200085D220008652000086520000837
:1021900065200008652000084D220008792200080B
:1021A0006520000865200008492200086520000815
:1021B000652000085122000831220008652200082D
:1021C00071220008392200086520000865200008F7
:1021D00065200008692000086520000881220008A9
:1021E00065200008652000086520000865200008BB
:1021F00065200008652000086520000865200008AB
:10220000652000086520000865200008652000089A
:10221000652000086520000865200008652000088A
:1022200065200008652000084122000841220008BE
:10223000012070470520704707207047082070472D
:10224000092070470A2070470C2070470D20704706
:102250000E2070470F2070471020704711207047E4
:1022600012207047132070471420704715207047C4
:1022700016207047172070471820704719207047A4
:102280000320704702207047A0F11E03092B01D9DB
:10229000FFF7E4BE0B20704708B5FFF7DFFE0038FC
:1022A00018BF012008BD0023036043608360838161
:1022B000704700680128B8BF0120704710B5094C6D
:1022C0002268FF2A0CDC084B1B6813445942C9B230
:1022D000DBB258BF4B420549013221F8130022609E
:1022E00010BD00BF74160020781600207C16002058
:1022F00030B40C4C226892B10B4D0C492B68013A5A
:1023000031F8130001335942C9B2DBB258BF4B4216
:102310002B60074B22601B680BB130BC184730BCE8
:10232000704700BF74160020781600207C1600202D
:1023300068160020014B1860704700BF6816002027
:102340000023034A1360034A1360034A1370704763
:1023500074160020781600206C160020FFF7AEBF20
:1023600038B50C460025A54200DB38BDFFF7A6FFB7
:102370000135F8E7074B1B685BB1074B074A197833
:1023800011B11168814204D0106001221A70FFF768
:10239000AFBF7047741600206C1600207016002026
:1023A0000129B8BF012170B50E460025441E0E2C30
:1023B0000CD8DFE804F0080F1113151518181515BF
:1023C0001B1B1D1F22005020FFF7C8FF0135AE4226
:1023D000EDD170BD5120F7E75220F5E74F20F3E72C
:1023E00040F24F10F0E74FF4A870EDE74A20EBE71A
:1023F0004D20E9E740F24D10E6E74FF4A570E3E722
:102400004B1EDBB20E2B10B5044608D8012AB8BF0C
:1024100001221146094A32F81300FFF7A1FF062CEA
:1024200005D140F21B10BDE81040FFF797BF072C05
:1024300040F21B1018BF4FF48370F4E75A210108D3
:10244000012938B50D46B8BF01251C280C464FF0B0
:102450004A000FD1FFF782FF4A20FFF77FFF40F2CB
:1024600051202946FFF77CFF4FF48370BDE83840C8
:10247000FFF774BFFFF772FF4A20FFF76FFF40F2CC
:102480004D20FFF76BFF012C04DD40F25120691E47
:10249000FFF766FF40F21B10FFF760FF2A20E5E719
:1024A0000B461146A3F10B02012A10B504460AD8C7
:1024B00040F22B2040F237239C4208BF2B20BDE87E
:1024C0001040FFF74BBF013BDBB20E2BF0D8044AA4
:1024D0000129B8BF012132F81300FFF741FFE7E7F8
:1024E0005A21010838B50C4605464A20FFF736FF49
:1024F0004A20FFF733FF012C04DD40F25120611E1A
:10250000FFF72EFF40F2372340F22B209D4208BFF9
:102510002B20BDE83840FFF721BF08B54A20FFF760
:102520001DFFBDE8084040F24D20FFF717BF01290D
:10253000B8BF012100F25120FFF712BF40F24D2039
:10254000FFF70CBF10B51446A8B101290EDD5220CB
:102550000139FFF705FF4A20FFF700FFC4F1010131
:1025600040F25220BDE81040FFF7FABEF3D05120F0
:10257000C1F10101EDE7002903DA51204942FFF7DB
:10258000EFFE4A20FFF7EAFE002C04DD214640F270
:102590005120FFF7E5FEBDE8104040F24D20FFF767
:1025A000DDBE08B540B901290CDD52200139FFF725
:1025B000D7FE4A20FFF7D2FEBDE8084040F24A307D
:1025C000FFF7CCBEF5D05120C1F10101EFE710B506
:1025D0000C4658B14D20FFF7C1FE002C03DA512004
:1025E0006142FFF7BDFE4A20FFF7B8FEBDE810408C
:1025F00040F24D30FFF7B2BE10B5044619B940F2B3
:102600004F20FFF7ABFE132C1AD004D8062C10D0A5
:10261000072C08D010BD1C2CFCD14FF48370FFF7A1
:102620009DFE292001E040F21B10BDE81040FFF79D
:1026300095BE40F21B10FFF791FE4FF40A70F4E7CD
:1026400040F21910EBE71A2837D00DD8053883B2BD
:102650000A2B41D80A283FD8DFE800F0323E3E2F4F
:102660003E3E223E26292C0040F20A23984230D0DA
:1026700009D840F20523984222D0B0F5027F1CD041
:10268000272820D0704740F2212398421ED040F2E4
:102690002323984217D040F21A2398420DD0704756
:1026A0004FF41470FFF75ABE40F25120FAE740F29F
:1026B0005220F7E740F24F20F4E740F24F30F1E7C5
:1026C0004FF45470EEE740F24A20EBE740F24D2021
:1026D000E8E740F24D30E5E770474C20FFF73EBE9B
:1026E0002A20FFF73BBE08B540F24F20FFF736FE29
:1026F000BDE808404C20FFF731BE08B540F24D2040
:10270000FFF72CFEBDE8084040F21B10FFF726BE85
:10271000FFF7F3BF08B540F24D20FFF71FFEBDE8FD
:1027200008404FF48370FFF719BE08B510B1502070
:10273000FFF714FEBDE8084040F21910FFF70EBE87
:1027400008B54D20FFF70AFEBDE808404C20FFF712
:1027500005BE40F21D10FFF701BE4FF48B70FFF76E
:10276000FDBDB0F5017F08B51CD004D8042817D0F2
:10277000122819D008BDB0F5037F0CD040F2122307
:102780009842F7D14A20FFF7E9FD4FF40A70FFF7AE
:10279000E5FD522000E04A20BDE80840FFF7DEBD1D
:1027A0004F20F9E74D20F7E74D20FFF7D7FD4FF415
:1027B0000A70F1E70023034A1360034A1370034AC7
:1027C00013707047801800207D1800207C180020AE
:1027D00027283CD015D80F280ED8042839D9053819
:1027E0000A2836D8DFE800F02F3535313535063583
:1027F000372B2D00012070471A2814BF0020052018
:10280000704740F21A23984227D00DD8B0F5027FC6
:1028100025D040F20A23984223D040F20523C31A60
:1028200058425841C000704740F2212398421AD0C4
:1028300040F2232398420CBF0C2000207047032055
:1028400070470420704707207047092070470B200D
:1028500070470020704702207047062070470A200A
:1028600070470E2070470D207047000008B50548DE
:10287000FFF719FD0023044A1370044A1370044A39
:10288000137008BDB0180020C01800208518002063
:10289000841800206329F8B50B46A8BF632322499A
:1028A000012B0978B8BF012331B11946FFF73FFE6C
:1028B000BDE8F840FFF742BE00B15B426FF0630431
:1028C0001A4F3D682B449C42B8BF1C46642CA8BFDD
:1028D0006424611B00291AD0154E307805DB40B9FD
:1028E000FFF725FEFFF72AFE10E0291B80B101202B
:1028F0000AE0002B07DD224629460020FFF722FED2
:102900000023337002E00020FFF711FE3C60F8BDA9
:10291000002B01DB0120E3E7224629460120FFF7D7
:1029200011FE0123EDE700BF7C1800208018002075
:102930007D18002010B50024084B1C70084B1C703B
:10294000FFF738FFFFF792FF064B1C60064B1C6039
:10295000064B1C70BDE81040FFF7F2BCC218002007
:10296000C11800209C18002088180020861800201C
:10297000FFF7E0BC9C4B2DE9F0471B780446002B89
:1029800000F0DA83994E9A4F33785A1E022A00F2E9
:10299000D383023B012B5FFA84F900F23981204690
:1029A000FFF75CFBB9F1290F80463578914F1FFA8C
:1029B00089F00CD1032D01D1FFF7D0FC0123337036
:1029C00000238D4A3B701370FFF7F4FE1BE097F86D
:1029D00000A0BAF1000F1ED00023874AB8F1060FFD
:1029E0001370864A3B7013600DD1032D0ED1844CB9
:1029F000844D207800B92878834B1968FFF7D1FD02
:102A000001232B702370FFF731FF22E040F24A30A0
:102A1000FFF7A4FCF7E7B8F1020F1CD1764B1B7847
:102A200013B375490A78012A13D874480A25036834
:102A30000132632BA8BF6323272C08BF002405FBAA
:102A400003F318BF1D3C2344632BA8BF63230A7004
:102A50000360002071E3B8F10A0FE2D0B8F1060F6D
:102A600002D101233B70F4E70023634F63483B70BE
:102A7000FFF71FFC1C2C814605D8122C11D8062C00
:102A800040D0072C28D0B8F10E0F61D1032D54D1BE
:102A9000192C03D102233370FFF78CFE00233B7007
:102AA000B1E7A4F11303092BEDD801A252F823F0EA
:102AB000272B0008872A0008872A00081D2B0008FA
:102AC000872A0008872A0008872A0008872A000822
:102AD000D92A0008F32A0008032D05D10720494B05
:102AE0001978FFF789FD01E0FFF712FE012333702B
:102AF0006AE7032D03D1434B1C201978F1E7FFF758
:102B000009FEF3E7032D06D13E4B06201978FFF7A7
:102B100073FD0023EBE7FFF7F0FDFAE7032DF3D099
:102B2000FFF7E1FDF5E7032D03D1364B13201978AC
:102B3000D7E70020FFF7F9FDD8E740F219239C42C0
:102B4000ACD103233370FFF735FEFFF7E6FCA5E7B2
:102B5000B8F1040F14D8B8F1000F9FD0032D3CD169
:102B60001A2C22D8042C99D90123284AA3401A40B0
:102B70003ABB44F22002134290D04946012022E0A1
:102B8000B8F1050F8AD1032D29D11D4C1D4D237895
:102B90000BB995F800A01C4B50461968FFF717FDBC
:102BA00000232B700123237078E7B4F5027F08D04F
:102BB00040F21A239C4204D040F205239C42DCD010
:102BC0006CE749460020FFF765FE67E72046FFF700
:102BD0003AFD0135A945F9DC60E70025FAE7204612
:102BE000FFF731FD5AE700BFC2180020C1180020CE
:102BF000C01800208418002085180020B01800207C
:102C00007C1800207D18002080180020002100047E
:102C10003A782046052A2AD82A23D340DA0726D52F
:102C2000FFF732FBB9F1290F05463B7822D1002B83
:102C300000F07C82FFF71AFE0022A74B1A603B7857
:102C400073B9A54D2C68002C0ADDA44B1F783FB941
:102C5000A349A4486200FDF741FEA34B2F601C600E
:102C60003378002B7FF4F5AE9B4A1360F1E6FFF753
:102C7000F5F9D7E7072B00F26781DFE813F00800CA
:102C8000D3003B018601BA01F3013F025102431E0A
:102C9000182B00F24B82DFE813F05400540054006C
:102CA00054005B004F005200240048001900490204
:102CB0005E0065006900A400770077007700770068
:102CC0007700770077007700770077000123272CC3
:102CD0003B7008BF0023854A18BFA4F11D03136091
:102CE00005E0022301223B70804B1C811A732046B1
:102CF000FFF7D2FA0028A2D02046FFF7AFF901383B
:102D0000C0B218289BD87A4BC340DB0797D5734BCA
:102D10001B78002B93D1704A1368072BDFBF591C17
:102D200011606F4A22F8134089E7042301223B70A7
:102D30006E4B5C815A73DAE706233B70D7E70723B3
:102D4000FBE72046FFF744FD0121FFF729FBCEE713
:102D500001210E20F9E701210620FFF771FB002376
:102D60003370C4E72046FFF7FCFCF8E740F2192176
:102D70008C4214BF022103213170FFF71BFD032990
:102D8000B5D1FFF7CAFBB2E7A0F111054FF000087B
:102D9000082D23D8DFE805F01F0508101316191DAC
:102DA0000B00FFF79AFCA2E7FFF79AFC9FE7FFF7FB
:102DB0009AFC86F800809AE7FFF79FFCF9E7FFF797
:102DC000A7FC94E7FFF7A6FC91E70020FFF7ADFC16
:102DD0008DE70120FAE7FFF7B3FC88E7FFF7B9FCBE
:102DE00085E7DFF8F8A09AF80050002D7FF47FAF58
:102DF000DFF8F480D8F80030002B3FF478AF0123DF
:102E0000DFF8E0908AF80030D8F800309D4203DB0C
:102E100000238AF800306AE739F8020BFFF7AAFDB1
:102E20000135F1E73148FFF744FA013D01460D2D28
:102E300000F28A8001A353F825F000BF932E00080A
:102E4000932E0008932E0008932E00089F2E000852
:102E5000392D00083F2D0008E32C00082B2D000819
:102E6000492F0008752E0008A52E0008B52E000871
:102E7000BD2E00081D4A1368092B3FF738AF0A2101
:102E8000272C01FB03F30CBF0021A4F11D010B440F
:102E900025E72046FFF79CFCFFF782FA07E00121B7
:102EA0000E20F9E70620FFF7CBFA00233370FFF777
:102EB000DDFC1CE72046FFF754FCF6E740F2192141
:102EC0008C4214BF022103213170FFF773FC0329E8
:102ED000EDD1FFF722FBEAE79C18002086180020BE
:102EE000A01800208C18002088180020B01800209E
:102EF000FF0BFF019248FFF7DCF9013D0246092D67
:102F000022D801A353F825F0552F00086B2F000895
:102F1000552F0008552F0008EB2F0008392D000809
:102F2000492F0008312F0008492F0008752F00088D
:102F3000834D2B899C4207D101462046FFF780FA3A
:102F40002B89062BB3D1B0E7FFF790FC00227D4B15
:102F50001A6019E52046FFF73BFC794D0146B5F8AC
:102F600008804046FFF74CFAEAE701220B21744D36
:102F70002889F7E70323272C3B7008BF0023704AFA
:102F800018BFA4F11D035360B1E6451E0A2DDBD81E
:102F900001A353F825F000BFC52F0008E730000853
:102FA000C52F0008C52F0008EB2F0008392D000899
:102FB000492F0008492F0008492F0008492F000811
:102FC000A13000082046FFF703FC5D4D80462846EF
:102FD000B5F80890FFF76DF96B68414603FB00F206
:102FE000632AA8BF63224846BCE701220E21544D44
:102FF000BEE75348FFF75DF9013D0246092DA3D80E
:1030000001A353F825F000BF4330000857300008F3
:103010004330000843300008F7300008392D00081D
:10302000492F0008492F000831300008613000089E
:10303000434B5B899C4287D101462046FFF752FAF9
:1030400035E73F4B20465D89FFF7C2FB0146284626
:10305000FFF726FA2BE701220B21394B5889F7E7B6
:10306000052388E7451E0A2D3FF66EAF01A353F8EE
:1030700025F000BFBF300008E7300008BF3000086F
:10308000BF300008F7300008392D0008492F00082C
:10309000492F0008492F0008492F0008A1300008D7
:1030A000274A5368092B3FF722AE0A21272C01FB40
:1030B00003F30CBF0021A4F11D010B4463E720467C
:1030C000FFF786FBDFF8789005464846B9F80A8096
:1030D000FFF7EFF8D9F8042029464243632AA8BF36
:1030E00063224046B4E7164A5368092B3FF7FFAD09
:1030F0000A214B4347E701220E21AEE706287FF461
:1031000023AF0F4D2B7B13B101220F2130E76B7BD7
:103110001BB101220F2168899AE701210F20BBE62C
:1031200007287FF411AFFFF718FBC0E6054B1A68BC
:10313000002A01DD00221A600120BDE8F08700BFEF
:10314000B01800209C180020FFF714B9014B187824
:10315000704700BFC1180020014B1878704700BFAE
:10316000C2180020024B1878003818BF01207047A1
:10317000C0180020034B1B7813B9034B1878704715
:1031800001207047851800208418002008B5FFF73B
:103190006DFB0022014B1A6008BD00BF9C18002087
:1031A00008B5054B1870FFF705FBFFF75FFB002222
:1031B000024B1A6008BD00BFC11800209C180020F7
:1031C000012208B5054B1A70FFF7F4FAFFF74EFB22
:1031D0000023034A1360034A137008BDC21800207D
:1031E0009C180020C118002010B50024044B1C704E
:1031F000FFF73CFB034B1C60BDE81040FFF7A0B895
:10320000C21800209C18002008B5FFF72FFB0022F1
:10321000014B1A6008BD00BF9C1800200D49F0B595
:1032200000220D460C4C2378D6B2B34201D80020C0
:103230000CE031F8027B561C874208D10120013B8B
:10324000DBB2237035F8133025F81230F0BD32466A
:10325000EAE700BFC4180020C318002070B5C5B24B
:10326000C4042A464FEA102321D503F00F03013B83
:10327000DBB2072B54D82F49CC5C502A46D0512AB8
:1032800046D0522A46D04F2A21D10326FCB92A4BD8
:103290009C5DE4B10022294C9A55A35D33B9284BBB
:1032A00013F8160005F0C0F90123A35570BD03F013
:1032B0000104980748BF44F00204590748BF44F08E
:1032C00004041B07D9D5502D44F008042ED106F074
:1032D0005BF820EA04068443F6B202D0204605F0EB
:1032E00049FA16B1304605F04EFA284605F09CF929
:1032F000284605F0E1F916B1304605F03BFA002CFE
:10330000D4D02046BDE8704005F03DBA0026BDE7A8
:103310000126BBE70226B9E70026B8E70126B6E793
:10332000502DF9D0512DF9D00024AAE7512DA8D164
:10333000CDE700BF78210108E9180020E51800203A
:1033400088210108A0F1E002072A08B506D929283A
:1033500004D000F007FA00F0010008BD0120FAE7F0
:103360000E4970B500220D4604460D480378D6B2CA
:10337000B34206D8102B0AD05A1C027025F813400D
:1033800004E031F8026B0132A642F0D170BD05496C
:103390001E22881EFDF778F9EC83F7E7C418002099
:1033A000C3180020C618002010B5064C237843B976
:1033B000054B1B789B0704D4022005F0DBF90123A1
:1033C000237010BDE4180020ED180020E03880B212
:1033D00007280BD8064B1B5C43B10648027811B195
:1033E00013430370704722EA03020270704700BF64
:1033F00080210108ED180020014B1878704700BFAC
:10340000ED1800202DE9F041002425460D4E0E4F09
:10341000DFF8388016F8013B2BB118F8140005F0DE
:103420004BF906F8015C0134042C07F8015BF1D17B
:10343000074C23781BB1022005F0A5F92570BDE8E3
:10344000F08100BFE5180020E9180020882101085C
:10345000E4180020FFF784BF08B5FFF76BFA0D48AA
:10346000FFF786FAFFF7ACFE0020FFF799FE002376
:10347000094A0A4913700A4A0B701370094A4B70C3
:103480001370094A8B70137053709370CB70D370A4
:1034900008BD00BF5D320008ED180020E9180020CB
:1034A000C3180020E4180020E5180020FFF74CBEE8
:1034B0000B282DE9F84304462AD00D282AD00E28DF
:1034C0002AD00F2814BF4FF0FF3503254E792EBBAD
:1034D000E52C06D1444F3B781BB1022005F053F98F
:1034E0003E70681C0BD00027404B414E5F55735D0A
:1034F0002BB1404B13F8150005F0DEF87755204648
:10350000FFF78CFE80F00106F6B23046BDE8F88386
:103510000025DBE70125D9E70225D7E7FFF71CFEE9
:103520000028F2D0E52C04D12046FFF719FF002631
:10353000EBE7A4F1E003072BE7D92F4F3B7813F01B
:10354000DD0F26D0691C30D0FFF70CFE68BBFFF7FB
:10355000FDFD0128804628D12046254CFFF700FFBD
:10356000635D002BE3D1234B13F8150005F05CF8E5
:1035700004F80580DBE7FFF7FDFDD0B93B789A063C
:10358000C3D52046FFF7DEFE0028BED1FFF70CFFB3
:10359000BBE713F0220F0CBFA14644F40079484664
:1035A000FEF77AFE40B9292C06D0FFF7DBFD002894
:1035B000E1D0FFF7EBFDE1E7FFF7D4FD8046484699
:1035C000FFF7D8F90028D9D12046FFF7C9FE6B1CB8
:1035D000ADD0B8F1000FAAD1FFF7B8FD012804BFA4
:1035E000024B5855A3E700BFE4180020E91800205B
:1035F000E518002088210108ED180020044B1A6806
:10360000044B11781878044B1B78184305F07ABBEB
:1036100028190020C8240020C924002070B50424E3
:1036200000260E4D35F8020B20B1C0B205F044F86B
:1036300025F8026C013CF5D1D12005F03DF8D220EF
:1036400005F03AF8064B1C70064B1C80064B1878A8
:10365000FFF7A6FDBDE87040FFF7D4BE14190020A7
:103660001C1900201E19002026190020174B70B5C8
:103670001A7822B30024164E164D1C703278E3B22D
:103680009A421DD8144D154C2B7813F0010F05D01C
:103690002378D90702D4E02005F00EF82B789A079A
:1036A00005D523789B0702D4E42005F005F8002314
:1036B0000B4A2B7013700B4A23703370137070BD5C
:1036C00015F8130004F0F8FF0134D7E70C190020B7
:1036D000F2180020F4180020EF180020EE18002047
:1036E000F1180020F018002038B505460C4612B934
:1036F0000024204638BD90470028F9D06479002C7A
:10370000F6D0FFF72FFD28B1FFF740FD2846FFF761
:10371000A1FEEEE7FFF72EFD0028F5D1F6E708B58C
:103720000BF042F9012838BF012080B208BD10B566
:103730000C4628B10BF03DF9A04234BF0020012017
:1037400010BD08B50BF0F8F8012838BF012008BDFE
:1037500010B50C4628B10BF033F9A04234BF00205D
:10376000012010BDA0F58043B3F5955F07D3A0F508
:10377000A54040381F288CBF002001207047012041
:10378000704738B5054605F0FFFD044605F018FE04
:10379000284604F0DFFD2046BDE8384005F00ABEAB
:1037A0004B20FFF7EEBF4E20FFF7EBBF40F20910B2
:1037B000FFF7E7BF08B55120FFF7E3FFBDE808407A
:1037C0004A20FFF7DEBF08B55220FFF7DAFFBDE859
:1037D00008404A20FFF7D5BF4F20FFF7D2BF502047
:1037E000FFF7CFBF2DE9F84FA24F04460D46904694
:1037F0003A60FFF7ABFC10B100229F4B1A602046E5
:103800006979FFF7E3FD392C9C4E3ED195F805A070
:103810009B4BDFF87092BAF1000F2AD001221A7088
:10382000FFF7ECFE337880F0010089F800000BB15F
:10383000FFF71CFF99F80030BBB133780BB1FFF7ED
:1038400015FF01233370FFF7D7FD00F011000028AA
:1038500016BF0122002203208B4B1A708B4B8C4A1F
:103860001870002313708B4A13703920FFF7F2FD94
:10387000DEE099F800B01A7883F800A0BBF1000FE1
:1038800066D0FFF7F3FE89F800A03378002B00F034
:103890009D802046FFF766FF0646002840F0968090
:1038A000FF2C00F29380A4F11E039BB2102B6A79C7
:1038B00066D87949CE5C002A65D1002E14BF304607
:1038C00020467649002289468E46DFF8C8C19CF81A
:1038D00000305FFA82FA534578D939F802AB0132E9
:1038E0005045F6D100225FFA82F94B450ED931F8E6
:1038F00002AB02F10109504540F0EF80013BDBB221
:103900008CF800303EF813302EF81230C0B204F0BC
:10391000D3FE002E5AD15E4A1378002B56D0013BBD
:10392000DBB21370002B51D15D4E3378DA074DD5E1
:10393000554B1B78002B49D1544B1B78002B45D19C
:10394000E02004F0B9FE337823F0010333703DE04A
:10395000002A9AD0FFF700FC474B80F00100C3F823
:1039600000B03B68C0B2DB6A1BB19847FFF74AFD65
:103970008BE710B1FFF724FCF8E7FFF735FCF5E71C
:10398000002A00F09380DFF80C9199F800300B2B9F
:1039900001D920466AE76EB1304604F045FE99F839
:1039A00000300B2BF5D85A1C89F800203B4A22F82E
:1039B0001360EEE7E02C344B3DD0E42C3DD10221E6
:1039C00001221A70314A13780B431370294620469E
:1039D000D8F81C20FFF788FE50BB2046FFF7C2FE38
:1039E00070B9FFF70BFE58B13B685B6A002B76D0CD
:1039F00020469847002872D03B689B6A002B7CD1F8
:103A000029462046D8F82020FFF76EFE064678B9F2
:103A10003B6895F805805B88A34240F0A680214D65
:103A2000214CB8F1000F73D0FFF779FE2670288083
:103A30000020BDE8F88F0121C2E71B783BB9184D83
:103A40002B7823B9E02004F0EFFD01232B70104AFE
:103A5000E0B213780133137004F0E6FD99F80030FA
:103A60000B2B96D85A1C89F800200C4A22F81340D8
:103A70008FE700BF28190020101900200C19002022
:103A80000D1900200E190020F0180020EE1800205B
:103A9000F1180020F218002090210108F4180020ED
:103AA000EF1800202419002022190020E02C0ED04D
:103AB000E42C0FD16FF002030021A44A1170A44935
:103AC0000A781A400A70A34A11780B407DE76FF01C
:103AD0000103F1E720461646F3E64A4603E76B7911
:103AE000002B8DD0FFF73EFB10B1FFF74FFB50E7E7
:103AF000FFF740FB0028F8D14BE72046697998474B
:103B000000283FF47DAF6B79002B3FF479AF40E79D
:103B100023785BB1904E308810B1C0B204F0CCFD78
:103B20000023338000232B80237081E72B88002B18
:103B3000F8D0FFF70BFB042802D1FFF76FFDF1E788
:103B40003B68DB686BB9FFF707FB0028EAD0FFF79B
:103B5000FDFA824B1870FFF755FC0420FFF720FB9D
:103B6000E0E798470028EED1DCE7FFF7EFFA0428FA
:103B70000DD1A4F1E003072B2DD8B8F1000F06D02A
:103B800024F00403E12B3FF404AFFFF747FDFFF7F8
:103B9000E3FA002800F0D0803B689B7C002B00F00B
:103BA000CB80292C40F0CA806B79002B00F0C680B6
:103BB000FFF7CCFA002840F01481FFF71DFC10F04D
:103BC000DD0F40F00E81830740F1AF8040F23520D9
:103BD000FFF7D7FDDDE6FFF70FFCB8F1000F46D089
:103BE0000F2C15D80A2CD0D9A4F10B0300F0220019
:103BF000042BCAD801A252F823F000BF233C0008CE
:103C00008B3B0008313C0008453C0008593C00084B
:103C1000282C28D02C2CB8D1FFF781FD504B1880D0
:103C2000B7E6CF204F4B188004F0FEFC0B201DE6BA
:103C300000280CBFCE20DA204A4B588004F0F4FC58
:103C40000D2013E600280CBFCD20D920454B9880CD
:103C500004F0EAFC0E2009E6D020424BD88004F0A4
:103C6000E3FC0F2002E6D22004F0DEFC91E60F2CEC
:103C700012D80A2C8BD9A4F10B03042B87D801A2EC
:103C800052F823F0BD3C00088F3B0008D33C0008ED
:103C9000E93C0008FF3C0008282C42D02C2C7FF483
:103CA00076AFDFF8C4902E4E99F80030002B31D05B
:103CB000D12004F001FD89F8008007E0294E30880A
:103CC00000283FF464AFC0B204F0F6FC0023338058
:103CD0005DE7244E708800283FF459AFC0B204F06D
:103CE000EBFC0023738052E71E4EB08800283FF49F
:103CF0004EAFC0B204F0E0FC0023B38047E7194E9A
:103D0000F08800283FF443AFC0B204F0D5FC002394
:103D1000F3803CE73388002BD8D0D12004F022FD7B
:103D2000D4E7D22004F0C8FC31E7002859D0352070
:103D3000FFF727FD292099E5292C52D06B7953BB39
:103D400029462046BDE8F84FFFF7B2BBF018002027
:103D5000EE180020EF18002020190020261900205E
:103D60001E190020141900201C1900202C4E306848
:103D700038B900233360FFF747FA0120FFF710FA44
:103D8000D8E740F6B831FFF7E3FC0028F1D1FFF7A0
:103D9000D8FC3060D2E7FFF7DFF90028D0D0FFF77A
:103DA000D5F90128CCD13B681B6B002BC8D0FFF79D
:103DB00023FB3B681E6B3788002FC1D0BC420ED15D
:103DC000F378B278034032B94BB9FFF71DFA736844
:103DD000984738464AE5134201D09343F5D0083658
:103DE000E9E76B79002BA9D0FFF7B6F90028A5D039
:103DF000FFF702FB10F0DD0FA0D1FFF7A7F9831E3C
:103E0000DBB2012B9AD90128B0D1FFF7ABF900281A
:103E100094D1FFF7C5F9FFF794FC014B18608DE7CB
:103E2000101900200023134A1360134A1370134A19
:103E30001380134A1370134A1380134A1380134AD2
:103E40001370134A138053809380D380114A1370E8
:103E5000114A1370114A1370114A1370114A1370EA
:103E6000114A1370114A1370114A1370114A1360EA
:103E7000FFF7F2BA28190020261900202419002083
:103E800022190020201900201E1900201C190020D2
:103E9000141900200E1900200D1900200C19002003
:103EA000F2180020F1180020F0180020EF18002070
:103EB000EE1800201019002038B51C4CFFF7F6FA58
:103EC0002368002B30D01A4A1088A0B1194D2A78E7
:103ED0008AB9198AFFF72BFC68B101232B7023687C
:103EE0009B68F3B19847E0B12368D888124B1880DB
:103EF000C0B204F099FBFFF729F9042814D10F4B45
:103F0000188888B10E4D2B7873B92368198AFFF78A
:103F10000EFC48B10123D1202B70BDE8384004F0DD
:103F200083BB23689888E1E738BD00BF28190020CB
:103F30002419002022190020201900201E19002019
:103F40001C190020024B186800B1808A704700BF1E
:103F50002819002083B990B1022913D0032915D064
:103F6000012915D1BAB91046FF2300990A70019AA8
:103F70001070029A137070470022FF20F4E7FF22AE
:103F80000346F2E7802218468023EEE7FF22FAE795
:103F90001A46FF20E9E7FF221046E6E708B5FFF7DB
:103FA000DBF808B9002008BDFFF7D0F80028F9D1E8
:103FB000054B18680028F6D040F6B831FFF7C8FB6B
:103FC00080F00100C0B2EEE710190020F8B50746F6
:103FD0000E461546FFF7E2FF70B10A4B1C6864B14C
:103FE000A36963B10FB11B0C3B7016B1A3691B0A27
:103FF00033700DB1A3692B70F8BD2046FCE718465D
:10400000FAE700BF28190020032806D8B42250433D
:1040100000F12401014806F037B870472C19002040
:10402000032838B50FD80A4C2378012B4FF0000332
:1040300009D16578A84208D1237009B9012038BD9B
:10404000FFF7E2FFFAE70020F9E71846F7E700BFBD
:104050005C0C0020F7B504460D4608F097FD2B4E8A
:104060002B4F7080E0B285424ED90021294A0FE0E3
:104070001CF801EBBEF1FF0F01D0864518D00133CB
:10408000DBB20F2BF4D10131062902F10F0239D036
:1040900094460023ECE7012906D1012B04D100222C
:1040A0007388ADF8002015E07388ADF8000011E0CA
:1040B0003A683AB31E2000FB012232F8131032F89E
:1040C0001300090A12F8133040BAE4D1002BEBD1E7
:1040D000ADF800308DF80230009806F053FBC0F3C5
:1040E00007238DF80400C0F307408DF805308DF8E4
:1040F00006009DF8063020469DF804209DF8051026
:1041000007F048F80134ADE703B0F0BD5C0C0020C7
:10411000E0190020EE0D00202DE9F04105460E4685
:104120001746002400F12408B44201D1BDE8F08113
:104130002B19B3F5347F06D208EB040005F056FFC7
:1041400038550134F0E70020FAE72DE9F041054643
:104150000E461746002400F12408B44201D1BDE800
:10416000F0812B19B3F5347F04D2395D08EB0400DC
:1041700005F0A4FF0134F0E741EA020370B40D46F4
:1041800050EA030104D170BCB4220A48FCF720BBFA
:1041900000241E260F2306FB04F10648013B13F002
:1041A000FF03057042700844F8D10134062CF1D1A8
:1041B00070BC70472C190020032806D8B422504345
:1041C00000F12401014805F0A7BF70472C19002019
:1041D000074B084A10B51A600023074C2370607023
:1041E00008F0D4FC60806078BDE81040FFF7E4BFC1
:1041F000E01900202C1900205C0C0020032808B5D1
:104200000CD8074A5070FFF7D7FF08F055FC2D284F
:1042100002D02D2008F04DFC012008BD0020FCE755
:104220005C0C0020032808B511D80A4A117871B92E
:10423000012150701170FFF7BFFF08F03DFC2D28E1
:1042400001D1012008BD2D2008F033FCF9E7002042
:10425000F8E700BF5C0C0020024B1878431E584260
:10426000584170475C0C002070B5114B1B78012B36
:104270001CD1104A126892B11E244878097804FBB8
:1042800000220D4832F81140054630F8026BA64274
:1042900007D103F0070335F8133022F8113001205D
:1042A00070BD0133092BF0D10023F6E70020F7E7BA
:1042B0005C0C0020E0190020782201084FF43472D1
:1042C0002421014805F0E0BE1424010838B500247B
:1042D000064D08F0F1FB15F8013B984204D001347B
:1042E000192CF6D1002038BDE0B2FCE75F220108AE
:1042F00008B5FFF7EBFF00F53E7005F077FE0828E4
:1043000028BF002008BD000038B50446FFF7DEFFD7
:10431000104B1B78012B07D01922431CDBB2B3FBD7
:10432000F2F102FB1133D8B20B4B185C207008F08D
:10433000C0FBFFF7DDFF094B13F8104003EB400310
:104340005D7808F023FC294602462046BDE8384047
:1043500008F0F5BB5C0C00205F2201084A2201082E
:10436000032810B504460AD8FFF726FF204601218E
:10437000FFF756FE2046BDE81040FFF73FBF10BDD7
:10438000B4235843C1EB01111144243000EB410028
:104390007047032838B510D805290ED80E2A0CD836
:1043A000FFF7EEFF054605F021FE0446681C05F008
:1043B0001DFE44EA002080B238BD0020FCE703283F
:1043C00070B51C460FD805290DD80E2A0BD8FFF75B
:1043D000D7FF0546E1B205F071FE210A681CBDE871
:1043E000704005F06BBE70BD08B54FF43E7005F02F
:1043F000FDFD082828BF002008BD000070B508F0AA
:104400005BFB0723144A12F8011B814221D0013BB8
:1044100013F0FF03F7D10724FFF7E6FF0130C0B226
:10442000B0FBF4F304FB13000C4BC4B213F81050B0
:1044300003EB40035E7808F0A9FB314602462846AC
:1044400008F07DFB21464FF43E7005F0FAFD204652
:1044500070BD0624E0E700BF582201084A22010887
:1044600070B5FFF745FF044607281CBF0B4B1C5CCB
:104470000B4B13F8145003EB44035E7808F086FBF3
:1044800031460246284608F05AFBFFF71FFF214637
:10449000BDE8704000F53E7005F0D3BD4322010831
:1044A0004A22010870B5FFF723FF044607281CBF06
:1044B0000B4B1C5C0B4B13F8145003EB44035E785E
:1044C00008F064FB31460246284608F038FBFFF747
:1044D000FDFE2146BDE8704000F53E7005F0B1BD1F
:1044E0003C2201084A2201087FB51E4B1B78002B95
:1044F00033D000221146104606F0B8FE00250A26E9
:1045000001AC0A22184901A8FCF7E8F901F09AF970
:104510000378EAB2B3FBF6F3934200D8FDB901F099
:1045200091F90378312B04D900239622194620787B
:104530000CE001F087F903461B7820781D2B4FF023
:10454000000387BF962219461A469621013506F0C8
:1045500021FE0A2D04F10104D3D104B070BD002363
:104560001A46E3E744440020E42101082DE9F04322
:104570000D46144689B00C2848D8DFE810F00D002D
:104580004A008100C100460151015F016D017801BF
:104590008301A501B301BF01C04FC14E38680AF0C5
:1045A0000FFA0E2805D90AF0C7F9338838600333AB
:1045B000338004EB84042C446FF007084725FF2761
:1045C000E4B208FB05F3328803F596631344B3FBAA
:1045D000F7F213448DF804308DF805708DF806401D
:1045E000019806F0CFF8C0F30721C0F307438DF818
:1045F00008008DF809108DF80A30C2B2DBB22846E7
:10460000C9B2013506F0C6FD972DDAD109B0BDE873
:10461000F083A44FA44E38680AF0D2F90E2805D9C9
:104620000AF08AF9338838600333338004EB84045A
:104630002C44FF270025E4B233888DF8057003EB86
:10464000C503B3FBF7F213448DF804308DF8064030
:10465000019806F097F8C0F30721C0F307438DF8DF
:1046600008008DF809108DF80A30C2B2DBB205F1EE
:104670004700C9B2013506F08DFD502DDCD1C5E7EC
:104680008A4F8B4E38680AF09BF90E2805D90AF03C
:1046900053F9338838600333338004EB84042C44AB
:1046A0004FF00C080025FF27E4B2282DEBB28CBF99
:1046B000283BC3F128033288DBB208FB0323B3FB9A
:1046C000F7F213448DF804308DF805708DF806402C
:1046D000019806F057F8C0F30721C0F307438DF89F
:1046E00008008DF809108DF80A30C2B2DBB205F16E
:1046F0004700C9B2013506F04DFD502DD5D185E7F3
:1047000005220023B1FBF2F2032C8DF809308DF85D
:104710000A308DF80D30ADF810308DF813308DF86B
:1047200014308DF817308DF818308DF81B30614F2C
:104730004FEA51038DF80C208DF81D30A1EB440297
:104740008DF81E308DF81F3098BF5B4BD2B23868A1
:104750008CBF0F241C5D8DF808108DF80B108DF8A0
:104760000E208DF80F208DF812108DF815208DF881
:1047700016208DF819108DF81A208DF81C200AF0DB
:104780001FF9A0424D4E4E4C0FD30AF0D5F84D4ABA
:1047900023781178386069B30133DBB2AB4201D2C0
:1047A000237002E00023257013704FF0470933781F
:1047B00003EB430320336B4413F8186C13F8177C96
:1047C00013F8168C2178484601FB08F301FB07F229
:1047D0007143B3FBF5F3B2FBF5F2B1FBF5F1DBB2DC
:1047E000D2B2C9B209F1010906F0D4FCB9F1970FB0
:1047F000E8D10BE70BB1013BD2E70121337811700F
:104800000B4403F007033370CFE74724002320460F
:104810001A462946013406F0BDFC972CF6D1F5E680
:1048200005264724B1FBF6F62046002332462946EA
:10483000013406F0AFFC972CF6D1E7E64725A1EB53
:104840008204E4B22846002322462146013506F0C0
:10485000A1FC972DF6D1D9E64724002320462A460D
:104860001946013406F096FC972CF6D1CEE6472483
:1048700020462B462A460021013406F08BFC972C5B
:10488000F6D1C3E64724002220462B4611460134C8
:1048900006F080FC972CF6D1B8E600BF001A002085
:1048A000FC190020F8190020F4190020F01900204C
:1048B000EC190020E819002088220108E4190020E2
:1048C000E5190020600C00204725A1EB8204E4B22A
:1048D0002846234600222146013506F05BFC972D31
:1048E000F6D193E647254C08284623462246214622
:1048F000013506F04FFC972DF6D187E647240023BB
:1049000020461A461946013406F044FC972CF6D18D
:104910007CE600BF38B50C460D4D78B10AF00CF8B6
:104920000C4B28601B7883B100F0C2FA58B100F03C
:10493000BFFA0022114600F001FA04E028680AF0EC
:104940003FF83228EAD8002038BD2370FBE700BFCB
:10495000081A002070240020014B1860704700BF27
:104960000C1A002070B500F069FF454C02782378DE
:104970009A4206D000F062FF002203782370414B78
:104980001A6001F04FFD0138C0B2062896BF3E4BB9
:10499000002653F8206000F051FF0378032B06D85F
:1049A000DFE803F0024C33070022364B1A60012087
:1049B00070BD344D2C6894B909F0BEFF334B2860AC
:1049C0001A78002AF3D01C7000F072FA054600F045
:1049D0006FFA22460146284602F058F8E7E72046DB
:1049E00047F22F5609F0ECFFB042E0D9FFF734FC54
:1049F0000028DCD109F0A0FF2860112001F0D4F8D4
:104A000044F620600BF0A9F914E001251D4C1F4B62
:104A100020681D7018B909F08FFF2060C7E709F002
:104A2000CFFFB042C3D3FFF717FC0028BFD109F076
:104A300083FF2060012000F073FCB8E7114C23686D
:104A4000002BE8D000F034FA062809D000F030FA44
:104A5000012805D000F02CFA022801D000F028FA35
:104A6000206809F0ADFF47F22F5398429FD9FFF716
:104A7000F3FB00289BD109F05FFF2060BDE700BF7A
:104A8000051A00200C1A00208C220108041A0020AC
:104A900007B58DF807100DF10701FFF73BFFFFF792
:104AA00061FF002003B05DF804FB00002B4B2DE9F3
:104AB000F0411B78BBB10F254FF00108284E56F886
:104AC000041B4B1C0BD021F00F0701F00F0108FA5B
:104AD00001F40122214638460CF0F0FBBC61013D97
:104AE00015F0FF05EBD1002280214FF080400CF043
:104AF000E5FB00BF00BF00BF00BF00BF00BF00BF9D
:104B000000BF00BF00BF00BF00BF00BF00BF00BFAD
:104B100000BF00BF00BF00BF00BF00BF00BF00BF9D
:104B200000BF302585F31188012207214FF0804016
:104B30000CF0E4FB002484F3118885F31188012232
:104B40000C214FF080400CF0D9FB84F31188BDE8B4
:104B5000F041062123200CF030B900BF6F24002063
:104B6000A8220108072804D0122804D1042000F04C
:104B7000B7BB0320FBE7704708B54FF080724FF0DA
:104B800080439A614FF0007240219A610F480022E1
:104B90000CF094FB002280210C480CF08FFB4FF4AA
:104BA00080030A4A93610022094B1A70094B1B7853
:104BB0005BB1112000F0F8FF44F620600BF0CDF857
:104BC000BDE80840022000F08BBB08BD0004004097
:104BD000592400206F24002010B5084C237863B1BD
:104BE00000F084FB033801289DBF002303202370BD
:104BF0000220BDE8104000F065BB10BD6F2400200E
:104C000010B5044609F098FE3B4B186023780A2B38
:104C100066D006D8072B36D0082B10D0FF23237080
:104C200018E0212BFAD16278344B002A5FD0A178AA
:104C30001A78002958D042F080021A700AE0A3784E
:104C4000013B032BEAD8DFE803F00206091201F06A
:104C5000E9FBE07010BD0423E370FBE76279217982
:104C6000E078FFF796FBA071000AE071F2E7E078C8
:104C70002379617940EA032040BAA21D80B2BDE8E1
:104C80001040FFF749BAA378013B032BC6D8DFE8F1
:104C900003F0020B101BE0780728DBD801F0CAFBF9
:104CA000BDE8104001F0CEBAE078BDE81040FFF753
:104CB00057BBE279A3792179E07843EA022362794C
:104CC000BDE81040FFF77BBBE0782379617940EACB
:104CD000032040BAA21D80B2BDE81040FFF735BAEC
:104CE000BDE8104002F062BA61F3C712A5E71B7875
:104CF000C3F3C013A370ADE70C1A00206644002074
:104D000010B5044609F018FE044B186023780A2BEE
:104D100001D102F04BFA002010BD00BF0C1A002098
:104D200008B500F08BFD0378022B03D100F08EFD57
:104D3000007808BD0020FCE700F070BDF8B515460E
:104D4000B0FA80F3B1FA81F25B0952099A42064641
:104D50000C4605D000290CBF0120022000F03EFACD
:104D60000F4F3B78A34200D13DB100F067FD032314
:104D7000037000F06BFD002303703C7004F0F6FC40
:104D80002946204600F0D6FF2A462146304601F04B
:104D90007DFE2A462146304603F0D8F8F8BD00BF14
:104DA000231A002037B5044600F048FD0378012B94
:104DB0000DD00025CDE9005500F040FD0378022B11
:104DC00007D0094B2A4619780846FFF7B7FF03B00A
:104DD00030BD24B1082221466846FBF77FFD6846B6
:104DE00000F04AFEF3E700BF231A002037B504465F
:104DF00000F024FD0378012B0ED0002500958DF8DE
:104E0000045000F01BFD0378022B07D00D4B2A46FF
:104E100019780846FFF792FF03B030BD74B163788C
:104E20008DF80030A3788DF80130E3788DF80230EA
:104E300063798DF8033023798DF80430684600F0EB
:104E400077FEE9E7231A002037B5044600F0F6FCA8
:104E50000378012B0DD00025ADF8065000F0EEFCD4
:104E60000378022B07D0114B2A4619780846FFF722
:104E700065FF03B030BD002CFBD0A278637843EA15
:104E80000223ADF80630813B022B09D801220DF137
:104E9000060002FA03F3ADF8063000F035FEE8E74D
:104EA0000DF1060000F01AFEE3E700BF231A002010
:104EB000014B1878704700BF231A002010B5174C1B
:104EC00000232278032A26D8DFE802F0020C151E00
:104ED0000A2213490846CB708A7009F065FB01234A
:104EE000237010BD0E4A9370F6231046D37009F05C
:104EF0005BFB0223F4E7F62209490846CB708A706F
:104F000009F052FB0323EBE7054A93700A2310468E
:104F1000D37009F049FB0023E2E700BF1A1A002012
:104F2000141A00207047000010B5FFF7FBFF00F0D7
:104F3000BBFA00F095FC01F057FB00F06BF901287B
:104F400003D1BDE8104000F06BB900F0B5F968B9C5
:104F5000074C206809F034FD40F6B733984205D974
:104F600000F04EFF10B109F0E7FC206010BD00BF5B
:104F7000101A00202DE9F04F8FB00E22002181463B
:104F800002A8FBF725FC00F059FC0378012B0AD09E
:104F900000F054FC0378022B08D05C4B00221978F7
:104FA0000846FFF7CBFE0FB0BDE8F08FB9F1000F58
:104FB00000F0A3804FF01E0800262022494606A8D4
:104FC000FBF78CFC524F9DF819300DF119043B7022
:104FD00014F8010FFBF722F908F1FF38304418F0FC
:104FE000FF08C6B2F4D14B4D4FF0060BAA461AF893
:104FF000013F93B300242246D3B29E420BD89AF8C5
:105000000030A34218BF8AF8008021E001331E2B34
:1050100004D11C4607E000230DF1190111F8010F1E
:105020000028F3D0DCB238336B4413F81E0C019225
:1050300003F085FA40EAC404E4B2214606A809F068
:105040007CFB9AF80030019AA34202F10102D3D10D
:105050000BF1FF3B1BF0FF0BC9D14946202206A8EC
:10506000FBF73CFC4FF000084FF001095FFA88F3B2
:105070009E420FD800F0D8FA002844D1244809F005
:1050800081FA02A800F011FD8DE701331E2B04D137
:105090001C4607E000230DF1190212F8011F002938
:1050A000F3D0DCB238336B4413F81E0C03F047FA2C
:1050B00040EAC404E4B2214606A809F03EFB2A46B1
:1050C000002312F8011FA14202D021B93B449C7079
:1050D00008F10108CAE70133062BF2D16F2CF7D88B
:1050E0000EAB03EBD40313F8302C04F0070409FAD9
:1050F00004F4144303F8304CEAE708224946044814
:10510000FBF766FBB6E7FFF70FFFB3E7231A0020B4
:105110001B1A00201C1A002008B5064B1B7823B967
:10512000054B1B780BB1FFF7C9FEBDE80840FFF740
:10513000FBBE00BF231A00204544002070B5044682
:1051400058B109F00DFA0C4B834205D0184609F00E
:1051500001FA0122094B1A7070BD00F06FFB037851
:10516000022BF9D1044D20466B6898472046AB6866
:10517000BDE87040184700BF640C002038100020C4
:1051800038B5044688B109F0EBF9114C84421ED0C1
:105190000122104B1A7001F0A1F90F4809F03CFFF1
:1051A0002046BDE8384009F0D5B90B4B1B78042BDD
:1051B00005D1074D6B6898472046AB68984706486D
:1051C0000BF037FB04480BF043FF01F08FF938BDBB
:1051D0003C1000208A4000204449002010B50C4BB0
:1051E00004461A78824204D00128187002D002289E
:1051F00007D010BD0020FFF7A1FF2046FFF7C0FF3A
:10520000F7E70020FFF7BCFF0120FFF797FFF0E76B
:10521000780C0020014B1878704700BF780C0020F4
:1052200010B50E4B0E4C1B78052B13D1206810B90E
:1052300009F082FB206009F0C3FB41F65733984226
:105240000AD9002301202360064BBDE810401870E6
:1052500000F066B80023236010BD00BF4449002061
:10526000241A00204644002010B50B4C2378052B4F
:1052700010D1B4F84C309B0708D509F00DFB28B1CC
:1052800020460BF061FB05480AF067FDBDE81040C1
:1052900009F024BB10BD00BF44490020A0860100D6
:1052A00008B5044B1B78012B01D1FFF7DDFF01206E
:1052B00008BD00BF780C0020014B1878704700BF74
:1052C000301A0020014B1870704700BF301A0020C0
:1052D00008B509F031FB014B186008BD2C1A0020FD
:1052E000014B1870704700BF2A1A0020014B187834
:1052F000704700BF2A1A0020302310B583F31188AD
:1053000000F0AEFD002484F3118872B600F0DEFEDA
:1053100000F034FE04F062FD84F3118862B610BD23
:10532000014B1870704700BF291A002010B5074CB8
:10533000237828B11BB1FFF7CBFF0323237010BDE7
:10534000002BFCD10122024B1A70F8E7301A002022
:10535000291A00200F4B70B51E6801F01FF90E4D81
:10536000044618B900232B7000240AE0FFF7A0FDC3
:1053700018B90A4B1B78042BF4D02B781BB10023EF
:105380002B70204670BD002EEED004F0E9F9B0423B
:10539000EAD3F4E77C0C0020291A002044490020BD
:1053A00008B501F00DF938B1044B186809F008FB95
:1053B000C72894BF0020012008BD00BF2C1A002080
:1053C0000120704708B5FFF7FBFF38B1044B1868A0
:1053D00009F0F6FAC72894BF0020012008BD00BFDD
:1053E0002C1A002070B5FFF763FD044668B9084E1B
:1053F0003578012D09D101F071F8304609F00CFE25
:10540000224621462846FFF799FC012070BD00BFC7
:105410004449002008B5FFF7E5FF38B1044B186890
:1054200009F0CEFAC72894BF0020012008BD00BFB4
:105430002C1A00207047000008B507F011FB003857
:1054400018BF0120044B187007F0FAFA09F03DFA72
:10545000FFF7F0FF08BD00BF281A0020002310B599
:10546000074C2370FFF788FBFFF746FF2378054AB8
:10547000022B18BF03231370FFF7AEFB10BD00BF54
:105480002A1A0020301A002008B5064B1B780BB1F1
:1054900007F0C4FA09F022FA01F02EFDBDE8084039
:1054A00004F064B9281A002010B5154C2378032B9A
:1054B0001BD8DFE803F0020A131BFFF74BFFA0B174
:1054C000FFF706FF012323700FE0FFF769FF60B1CC
:1054D000FFF7B2FFFFF7FCFE0223F4E7FFF772FFCE
:1054E00018B1FFF7F5FEFFF7B9FF10BDFFF792FF08
:1054F0000028FAD0FFF7C8FFFFF7EAFE0023E2E733
:10550000301A0020202938B505460C4610D1FFF787
:1055100081FE012806D122462946BDE838400220F6
:1055200009F0C2BD21462846BDE8384000F0E2BB84
:1055300038BD08F02EBF0000054A064B06495A60E8
:10554000116051609A60DA60002219611A70704728
:1055500018220020341A0020481A00202DE9F041BA
:10556000174C0E466768A56807F59C784545E368C3
:1055700004D19F4206D10020BDE8F08105F1080268
:105580009342F7E70F4B22699A1A312A9CBFA3F284
:10559000CF732361322EEED8236901463246184676
:1055A000FBF79CF9034645453344286023616B6053
:1055B00002D1A7600120DFE70835A560FAE700BF48
:1055C000341A002017220020074A10B5D3689268C9
:1055D000934207D0D3E90014641A2246FBF77EF900
:1055E000204610BD0024FBE7341A0020074BDA6880
:1055F00099688A4208D0596801F59C70824201D1AD
:10560000D96070470832DA60704700BF341A002052
:10561000014B1878704700BF341A0020014B1870F6
:10562000704700BF341A0020034BD8689B68C01A2B
:1056300018BF0120704700BF341A00201049002312
:105640000A4610B50C7C844212D11C2159435018D3
:10565000806850B1FF28515808D048434000411C91
:105660001C2000FB03220120516010BD0131F7E72F
:1056700001330A2B01F11C01E4D10020F5E700BF42
:10568000D00C0020F0B50A4E00253446377C874206
:1056900007D11C2000FB054041760276837601206D
:1056A000F0BD01350A2D06F11C06EFD10020F7E709
:1056B000D00C0020094A30B500231446157C8542E1
:1056C00005D11C22012002FB0344A16030BD01333F
:1056D0000A2B02F11C02F1D10020F7E7D00C0020C8
:1056E000094A30B500231446157C854205D11C2299
:1056F000012002FB0344616030BD01330A2B02F13B
:105700001C02F1D10020F7E7D00C002070B50B4C43
:1057100000232546267C864209D11C204343E818F5
:10572000E95000238260C3604374012070BD0133DF
:105730000A2B04F11C04EDD10020F7E7D00C002067
:1057400070B500252E462B4C6368002B4FD0E068C7
:1057500008BB637CB3FA83F35B09637409F0ECF86C
:10576000D4E900239342E0602BD266606674E66061
:1057700063690BB1207C9847207CFF2824D100224C
:105780001146104605F072FD0735462D04F11C0444
:10579000DAD1012070BD09F013F923689842D8D2FC
:1057A0006368002BE4D0204600F01EFD0028EBD0FB
:1057B000637C207CB3B1FF280CD1A27E217E607E69
:1057C000E0E79B1A6360EBE79628DDD800231A46D2
:1057D000194604E09628D7D8A37E227E617E05F084
:1057E000D9FCD1E7FF28CAD09628CDD8EFE763745B
:1057F000E360C9E7D00C00200246002330B50C1846
:1058000012F8015B2B44A242DBB2F9D1435430BD04
:105810000120704708B5FFF7FBFF08BD08B54FF43E
:10582000E13009F0D7F9FFF787FEBDE808402422F0
:1058300000210148FAF7CCBFAC2300200048704794
:10584000800C002000487047830C002000487047FF
:10585000810C002018B111B189B209F0EBB9704781
:1058600073B5FFF7D5FE03280FD8DFE800F040023C
:105870002D3B774B186809F0A3F80A2805D90022B8
:105880000220744B1A70FFF7C9FE734D734C09F078
:10589000DBF9002856D009F0C3F92A68012A38D06C
:1058A000022A3ED0002A5BD161282FD85F2804D875
:1058B000A0F15A03DBB2032BE9D8012302222B60AB
:1058C000674B20701A70E2E7624A13780133DBB24B
:1058D000282B02D813700020D5E700231370FFF7A0
:1058E00085FEF8E7FFF782FE0020FFF797FE5D4890
:1058F000FFF76AFE01460028C7D05A48FFF7AAFF03
:1059000009F01AF8524B18600120BCE7AF28BED14D
:10591000D3E70223524A2B6013786070013B137067
:10592000B5E72378612B0FD163780D2B18D10A28A6
:1059300016D1FFF76DFE012802D10320FFF76EFE9E
:1059400000232B6002B070BDAF2B09D16378602BB0
:1059500006D103232B60424BA0700130187096E7EC
:105960003F49531C2B600B78A054013BDBB20B70FA
:10597000002B8CD11946394810F8016B01313344A2
:105980008A42DBB2F8D8A25C9A422AD10322364975
:1059900001A8FAF7A3FF032101A809F04BF920465B
:1059A0002978FFF737FF0028CCD02378602B0AD85E
:1059B000592B16D95A3B062B13D8DFE803F01519DB
:1059C0003A3E12124200AF2B0BD1A678202E08D1FE
:1059D000264932462648FAF781FF31462448FFF728
:1059E000A8FD00232B6052E76278224B5A70F8E73B
:1059F0006378313B052BF4D801A252F823F000BFA5
:105A0000195A0008215A0008275A0008E3590008CB
:105A1000E35900082D5A00080122164B1A70E0E7DE
:105A20000222144BFAE70322124BF7E70422114B30
:105A3000F4E762780F4BDA70D3E762780D4B9A7017
:105A4000CFE76078431E58425841FFF76FFCC8E724
:105A500064230020602300205C2300208823002092
:105A600058230020AC230020EF2101088B230020C5
:105A700068230020800C00201FB5002301930293AF
:105A8000ADF80C30A123082201460DF105008DF878
:105A90000430FAF723FF01A80921FFF7ADFE0A2120
:105AA000FFF75CFD05B05DF804FB1FB5044610224E
:105AB00000216846FAF78CFEA2230E2221460DF142
:105AC00001008DF80030FAF709FF68460F21FFF753
:105AD00093FE1021FFF742FD04B010BD002307B56F
:105AE0000193A323022201460DF105008DF8043035
:105AF000FAF7F4FE01A80321FFF77EFE0421FFF769
:105B00002DFD03B05DF804FB002307B58DF80630CA
:105B1000A4238DF804300378022101A88DF8053004
:105B2000FFF76AFE0321FFF719FD03B05DF804FBE0
:105B3000002307B50093ADF804308DF80630A82394
:105B4000052201460DF101008DF80030FAF7C6FE7E
:105B500068460621FFF750FE0721FFF7FFFC03B060
:105B60005DF804FB30B5054687B015220021684674
:105B7000FAF72EFE2846FAF759FDC4B2122C11D8B6
:105B8000A923224629460DF102008DF800308DF838
:105B90000140FAF7A3FEA11C6846FFF72DFE152170
:105BA000FFF7DCFC07B030BD002307B58DF80630E9
:105BB000A6238DF80500022101A88DF80430FFF717
:105BC0001BFE0321FFF7CAFC03B05DF804FB0023B2
:105BD00007B58DF80630A7238DF80500022101A82E
:105BE0008DF80430FFF708FE0321FFF7B7FC03B080
:105BF0005DF804FBB32307B58DF803209A1A8DF8DE
:105C0000010010448DF802108DF80400052168464B
:105C10008DF80030FFF7A2FC03B05DF804FB000034
:105C200007B50322054901A8FAF758FE032101A888
:105C3000FFF794FC03B05DF804FB00BFC81F010828
:105C400030B50C468FB005463122002101A8FAF785
:105C5000BFFD2E2C11D8AB23224629460DF106009C
:105C60008DF804308DF80540FAF738FEA11C01A824
:105C7000FFF7C2FDE11CFFF771FC0FB030BD30B57E
:105C80000C468FB005463122002101A8FAF7A0FD8D
:105C90002E2C11D8AC23224629460DF106008DF892
:105CA00004308DF80540FAF719FEA11C01A8FFF792
:105CB000A3FDE11CFFF752FC0FB030BD1FB5002360
:105CC00004220293ADF80C30AD2340EA014001906C
:105CD0000DEB02010DF109008DF80830FAF7FEFD19
:105CE00002A80521FFF788FD0621FFF737FC05B064
:105CF0005DF804FB30B50C468BB00546242200212C
:105D000001A8FAF765FD202C12D146F2AF13224606
:105D100029460DF10700ADF804308DF80640FAF77A
:105D2000DDFD232101A8FFF767FD2421FFF716FC05
:105D30000BB030BD10B50C46062851D8DFE800F096
:105D400004212C353E4709001120BDE81040FFF723
:105D50002BBF3020FFF728FF002C41D00A2121481B
:105D6000FFF76EFF28212048FFF789FF43F22D40FF
:105D70004EF21A51FFF7A2FF5220FFF715FF5120F4
:105D8000E3E73120FFF710FF54B35220FFF70CFF79
:105D90001648FFF7E7FEF2E73220FFF705FFFCB1F8
:105DA0005220FFF701FF1248F3E73320FFF7FCFE14
:105DB000B4B15220FFF7F8FE0E48EAE73420FFF7AF
:105DC000F3FE6CB15220FFF7EFFE0B48E1E7352000
:105DD000FFF7EAFE24B15220FFF7E6FE0748D8E7B6
:105DE00010BD00BFE4220108EE220108F3210108E2
:105DF000FD21010807220108112201081B220108C8
:105E000008B5FFF711FC20B95320FFF7CDFE0120A4
:105E100008BD0020FCE7000010B5C4B20B2C0CBF7D
:105E200002200120FFF75CFA2046FEF79BFE0BF0F4
:105E30001EFA4FF0FF32014B5A6110BD00180040AE
:105E40000023054A0549C2E900130133102B02F172
:105E50000802F8D1704700BF00470020195E000813
:105E60002DE9F041FFF7ECFF00254FF001083F4E10
:105E700056F8041B4A1C0CD021F00F0701F00F014B
:105E800008FA01F421460522384624040BF016FADC
:105E9000BC610135EDB20F2DEAD106240126302771
:105EA000334D55F8040B431C2ED000F00F01202277
:105EB00006FA01F120F00F000BF000FA00BF00BF5E
:105EC00000BF00BF00BF00BF00BF00BF00BF00BFDA
:105ED00000BF00BF00BF00BF00BF00BF00BF00BFCA
:105EE00000BF00BF00BF00BF00BF00BF87F3118825
:105EF00055F8040C022200F00F0120F00F000BF007
:105F0000FDF9002383F31188013C14F0FF04C8D18C
:105F100022464FF4006117480BF0D0F900BF00BFD4
:105F200000BF00BF00BF00BF00BF00BF00BF00BF79
:105F300000BF00BF00BF00BF00BF00BF00BF00BF69
:105F400000BF00BF00BF00BF00BF00BF302383F30E
:105F5000118803220B2107480BF0D0F984F3118834
:105F6000FEF7A4FDBDE8F0410BF062B9742301080F
:105F7000B0230108000800407047000008B509F090
:105F8000CFF80322214B22499A620C22DA62D1F81F
:105F90009020204822F01802C1F8902000229A6236
:105FA000DA62D3F8402C03F5406342F480721A643D
:105FB0001A6C4FF4006142F002021A6401225A6323
:105FC000DA67DA6608225A615A695A615A6942F0F8
:105FD00001025A619A6C42F4C0629A649A6CDA6C5B
:105FE00042F00802DA64DA6C9A6C42F480529A64E5
:105FF0009A6CDA6C42F01002DA6440F28232DB6CA6
:106000000BF05CF9FFF7B8FF08BD00BF00000140CE
:1060100000040140000800404FF0E022136910B571
:1060200023F001031361234A234B01245A61002208
:106030000021930003F1604303F56143D3F80001AD
:10604000012994BF002000F0010008B1C3F880418D
:1060500001312029F2D10132082AE9D1174C6368B5
:1060600043F000736360164B1A6802F009021A606D
:106070001A6842F46C3242F004021A6040F2B33201
:106080001A62104B43F001039847236943F004035D
:10609000236130BF0C4B43F0010398474FF0E022DF
:1060A000236923F004032361136943F0010313619F
:1060B00010BD00BFFFFF07000018004000ED00E02A
:1060C000000001404C23010818230108FFF7A4BF7A
:1060D0007047000038B51A4D04462B78042B1BD8A6
:1060E000DFE803F003280E1F280000231A46194694
:1060F000FFF7C8FAFF2232212046FFF707FB0BE02B
:10610000FF231A461946FFF7BDFA0322FA2120465B
:10611000FFF7FCFA01232B702046BDE83840FFF75B
:106120008DBAFF231A461946FFF7ACFA01224FF445
:10613000FA71E1E700232B70FFF7CCFFECE700BF1B
:106140005A240020FF2810B504461CD10E4BD3F86A
:10615000143123F07F43B3F5405F0DD1002230238B
:106160001146FFF78FFA20460121FFF7A3FA2046D8
:10617000BDE81040FFF762BAB3F5401F03D100231A
:1061800030221946EDE710BDD00C002070B51D4639
:106190000C4B0E465B781446DB060DD50A4B18787F
:1061A00002F0CDF9022808BF3446E0B26B792BB17A
:1061B000BDE8704002F038BAC0B2F7E7BDE8704001
:1061C00002F07ABA4C440020C924002008B5054BDF
:1061D00000211870FB20FFF783FABDE80840FB2080
:1061E000FFF778BF5A24002008B5037CFA2B13D0A0
:1061F000FB2B16D1104B1B78012B0FD0033B012B2F
:106200000AD80E4B1B783BB1437C2BB1837E027EB8
:10621000417E502004F0BEFF002008BDFEF71CF8B0
:10622000FAE7074B1B78002BF6D1FEF715F880F044
:106230000100C0B2F1E700BF5A240020484400200A
:1062400074240020014B186803F010BA4C4400205D
:106250000B8813B5A3F5FC430A2B28D8DFE803F01D
:10626000062A435C27272727A9277400684B0120AB
:106270001A780DF10701C2F3420352098DF8073075
:10628000FEF748FB9DF80720042A10D81523D340B9
:10629000D9070CD5FEF70CFE01221146FEF74EFD84
:1062A00001225C4B1A7008F047FBFEF755FB0020FB
:1062B00002B010BD564B01201A780DF10701C2F350
:1062C000420352098DF80730FEF724FB9DF80720A2
:1062D000042AECD81523D340DA07E8D5FEF7E8FD09
:1062E00001220221DAE74A4B01201A780DF1070159
:1062F000C2F3420352098DF80730FEF70BFB9DF8FD
:106300000720042AD3D81523D340DB07CFD5FEF7C7
:10631000CFFD01220321C1E73D4B01201A780DF189
:106320000701C2F3420352098DF80730FEF7F2FA73
:106330009DF80730DA1E012A01D9002BB7D1FEF7EC
:10634000B7FD01220621A9E7334B187802F0F7F8D0
:1063500002280CBF01220022304B1A701BD10020F2
:1063600002F04FF8002002F0D6FC0022FF23114675
:106370001A20FFF787F98120FFF729FC00211A2056
:10638000FFF7AEF90322FA211A20FFF7BFF91A200E
:10639000FFF754F98BE7022002F033F8002002F0F7
:1063A000BAFCFF231A201A461946FFF76BF9802022
:1063B000E2E7174A5178C1F3C00383F0010363F3A6
:1063C000C30111F00804164B517016D001221A8037
:1063D0000023FF211A462420FFF754F9002124202E
:1063E000FFF77EF90322FA212420FFF78FF92420FA
:1063F000FFF724F9FFF726FF59E708221A80FF2349
:10640000242019461A46FFF73DF92146E7E700BF69
:106410004C44002059240020C9240020722400206C
:10642000EC0D0020024B587800F00700704700BFC9
:106430004C440020024B5A7860F302025A707047B5
:106440004C4400200022174B10B51A700122164C44
:10645000164B1A702368164A1A40164B13432360D2
:10646000FF232371FEF724FD237860F34303237099
:10647000FDF724FFFFF7E6FE0F4B187870B10228F6
:106480000CD0002002F047FCBDE810400B4B1A78FE
:1064900042F080021A70188803F0E1B801F0B1FFF1
:1064A000EFE700BF6D2400204C440020EA0D0020DF
:1064B0000E80E0F0312704006E24002066440020A6
:1064C00008B503F0D0F8044B186018B9BDE80840CF
:1064D000FFF7B8BF08BD00BF4C4400204FF40032A6
:1064E000014B9A61704700BF000400400222014B3B
:1064F0009A617047000400404FF080434FF0807273
:106500009A6108F0C7B900004FF080434FF48072E1
:1065100010B59A614FF4007280219A6117480122E8
:106520000AF0CCFE4FF40003144C0122A361402179
:1065300020460AF0C3FE124B5B7813F0400316D0DE
:1065400040230022A3610F4B1A70FEF7B1FC0446F2
:10655000FEF7AEFC002201462046FEF7EFFB08F0F6
:106560009AF908F0E9F9BDE81040FEF7F5B94FF4E3
:10657000800202498A61044A1370E6E70004004081
:106580004C440020EA0D00206D240020024B1878B6
:10659000031F5842584170474449002010B5FEF788
:1065A00087FC044638B9054B1B78042B03D0FEF753
:1065B000B7FE204610BD0120FCE700BF4449002083
:1065C00010B5FEF775FC044650B9064B1B78042B3A
:1065D00006D0FEF7A5FE2046FEF774FE204610BD4D
:1065E0000120FCE74449002038B5134D134C2868BE
:1065F000C8B108F0E5F9632815D97020FFF7D4FA7F
:106600005520FFF7D1FA5720FFF7CEFA2178002264
:1066100001F00E00B0FA80F0C1F342014009FEF72C
:106620008DFB00232B6021780020BDE838404A090B
:10663000C1F34201FEF72CBA842400204C44002010
:106640008C4B73B51880A0F5FC400C460A2800F26C
:106650000E81DFE810F0340072009300B300D70021
:106660000C010C010C0114000C011400824C207868
:1066700006F0C4FE00232370002002B070BD4B79E9
:10668000002BF3D0FEF714FC0446FEF711FC844205
:1066900009D0FEF70DFC0446FEF70AFC0022014675
:1066A0002046FEF74BFB744C2378002BE4D140F6D8
:1066B000B830704A714906F093FE2070DCE7704BE9
:1066C00001201A780DF10701C2F3420352098DF837
:1066D0000730FEF71FF99DF80720042A26D8152356
:1066E000D340D90722D56679634D002E00F085800E
:1066F000FEF7DEFB012805D0FEF7DAFB00220121C0
:10670000FEF71CFB2B7833B940F6B830594A5B4989
:1067100006F066FE2870637943B108F0DFF80022C6
:10672000584B1A7008F008F9FEF716F9FF20FFF72A
:106730003BFA0022544B1A709EE7514B01201A7805
:106740000DF10701C2F3420352098DF80730FEF73D
:10675000E1F89DF80720042AE8D81523D340DA078A
:10676000E4D56679444D002E47D0FEF7A1FB022800
:10677000C8D0FEF79DFB00220221C1E7404B01205B
:106780001A780DF10701C2F3420352098DF8073060
:10679000FEF7C0F89DF80720042AC7D81523D34078
:1067A000DB07C3D56679344D3EB3FEF781FB032882
:1067B000A8D0FEF77DFB00220321A1E7304B01208A
:1067C0001A780DF10701C2F3420352098DF8073020
:1067D000FEF7A0F89DF80730DA1E012A01D9002B38
:1067E000A4D16679244D46B1FEF762FB062889D014
:1067F000FEF75EFB0022062182E7287806F0FEFD08
:106800002E7088E71E4B01201A780DF10701C2F3A4
:10681000420352098DF80730FEF77CF89DF80730E7
:10682000DA1E012A01D9002B83D16579124CCDB132
:10683000FEF73EFB28B1FEF73BFB00221146FEF7B8
:106840007DFA237833B940F6B8300A4A0B4906F08E
:10685000C7FD207000220B4B1A7008F06DF8FEF790
:106860007BF866E7207806F0C9FD2570F2E7012085
:1068700003E700BFE8230020E7230020516200085F
:106880004C4400205924002060240020F8B5044620
:106890000D46FEF7D3FF0378022B03D108F04CF826
:1068A000FEF75AF847F621039C4220D01AD8A4F5E7
:1068B000A443213B9BB2042B04D8152222FA03F3F4
:1068C000DB0728D4FDF7C8FC88B1A4F5A443203B1E
:1068D0001F2B0CD96B7953B129462046FDF7C4FC18
:1068E0000020F8BDA4F5FC43123B032BEAD8FDF7CA
:1068F000B3FC70B345F225239C421ED845F22023F9
:106900009C42EDD91520A4F5A444213CA4B2E0405A
:1069100000F00100E5E76F79002FE8D1FDF79CFC5E
:106920000028E4D00C4E337823B129462046377036
:10693000FDF79AFC01233370D9E747F621039C4207
:10694000CFD0A4F5FC44123C032C8CBF00200120C6
:10695000C7E70120C5E700BF484400201E3808B53E
:106960000B4627286DD8DFE800F0141B1F23272BC8
:106970002F33373B6C6C6C6C6C3F436C6C6C6C6C89
:106980006C6C6C6C6C6C474B4E5154575A5D606329
:1069900066693A22BE211E20FFF7F8FB002008BDE1
:1069A0003B22BD211F20F7E73C22C1212020F3E735
:1069B0003D22C2212120EFE73E2222201146EBE7B3
:1069C0003F2223201146E7E74022AC212420E3E7C1
:1069D0004122AE212520DFE74222AB212620DBE742
:1069E0004322A8212720D7E74422AA212D20D3E73C
:1069F0004522A9212E20CFE7B3223A210846CBE732
:106A0000B5223B21FAE7B1223C21F7E7B2223D2132
:106A1000F4E7AF223E21F1E7AD223F21EEE7AC22C1
:106A20004021EBE7AE224121E8E7AB224221E5E736
:106A3000A8224321E2E7AA224421DFE7A922452137
:106A4000DCE70120ABE7000073B5154606461C469F
:106A5000019107F071FF084B03221860074B640097
:106A60001E60074B01A91D60064B07481C60F9F723
:106A700035FF02B070BD00BF542400204824002020
:106A8000502400204C24002044240020F7B5474B1C
:106A9000474E0D46377814461A70FEF709FAC7F3C9
:106AA0004207874213D0FEF703FA337800F007005D
:106AB00060F343033370DAB203F00E032BB1032803
:106AC0009EBF134660F347133370FFF7BBFB062DE1
:106AD00069D8DFE805F057041C3068684400FF23DC
:106AE0006CB100228DF80630ADF804200123C822D5
:106AF0000420019903B0BDE8F040FFF7A5BF8DF871
:106B000006304FF4FA720123ADF80440F0E7FF239A
:106B10004CB100228DF80630ADF804200123C822C4
:106B200003200199E6E78DF806304FF4FA7201234D
:106B3000ADF80440F4E7FF234CB100228DF8063095
:106B4000ADF804200123C82202200199D2E78DF874
:106B500006304FF4FA720123ADF80440F4E74FF425
:106B60007F43ADF804303CB10023C8228DF80630D5
:106B7000012318460199BDE701234FF4FA728DF8FD
:106B80000640F6E74FF6FF73ADF804308DF8063097
:106B900001231CB1C82200200199ABE74FF4FA721F
:106BA00020460199A6E703B0F0BD00BF582400209D
:106BB0004C44002010B5FEF741FE0378022B13D0A1
:106BC000FEF776F918B90A4B1B78042B0AD0FEF7AA
:106BD0006FF90446FEF76CF9064B01461A78204619
:106BE000FFF754FF012010BD01F0CFFC0020FAE7B1
:106BF000444900205824002070B5164C2068D0B1BC
:106C000007F0DEFE144B154D1B68984208D2144B5A
:106C100018682B6813F0010313D11A46194614E0C3
:106C200007F08AFE2B68206033B900232360FFF74A
:106C3000C1FF0028EBD170BD013B2B60002BE6D1DA
:106C4000F3E708498B784A780978BDE8704004F08A
:106C5000A1BA00BF54240020502400204C2400205E
:106C6000482400204424002008B53023FF201A4681
:106C70001946FEF707FD0322FA21FF20FEF746FD25
:106C8000FF20FEF7DBFC012008BD0000204B2DE9B2
:106C9000F0411B7813B30025DFF8788047460024C5
:106CA0002846E1B203F054F8064660B13B7853B988
:106CB0004DB9012C14D16020FEF776FF2246052144
:106CC0002846FEF797FF01340F2C07F8016BE7D138
:106CD0000135EDB2062D08F10F08DFD1BDE8F081D6
:106CE000022C06D16020FEF75FFF01220521132050
:106CF000E7E7032C06D16020FEF756FF01220521AD
:106D00002720DEE7042CDED1FEF78AFFDBE700BF99
:106D100070240020EA230020F8B54FF080431A6960
:106D20004F4C1B69C2F3C0114E48217003F400415F
:106D3000C3F3C0330370130640F1858000290CBFF4
:106D400064256625484E306800287ED107F0F4FDA2
:106D500030602846FEF728FF5320FEF725FF434EFC
:106D6000FFF794FF307801F0EAFB002874D0022886
:106D700072D03F4F3B7873B13E4D286807F020FE3C
:106D80004F2808D94FF400023B4B9A6100233B7017
:106D900007F0D2FD2860394F3B7873B1384D286831
:106DA00007F00EFEC72808D94FF40002324B9A6153
:106DB00000233B7007F0C0FD2860324D2B7853B99B
:106DC000307801F0BCFB02280CBF80208120FEF748
:106DD000FEFE01232B70FEF76BF82B4D2B788342C0
:106DE00007D0FEF765F82870FEF762F8FF20FEF77F
:106DF000DBFE23789BBBFEF725FD03787BBB234C92
:106E0000206810B907F098FD206007F0D9FD46F220
:106E1000A813984223D901F0E9FE206807F0D0FDBD
:106E200046F2905398421AD901F0E0FE0023236005
:106E30000124174B11201C70FEF7B6FE2046BDE85A
:106E4000F840FEF76DBA65257CE707F0B9FDB0F5AF
:106E50007A7F3FF67BAF82E70E4B187089E7F8BD6B
:106E60008124002080240020E0230020C924002069
:106E70006C2400206824002000040040E90D00205C
:106E800064240020DC230020860C0020D82300206E
:106E90006F2400206E2400202DE9F3410026FF27F7
:106EA000144D054400EB80004400E4B28DF800402E
:106EB0008DF801708DF80270009815F8018B03F0C1
:106EC00061FCC0F30721C0F307438DF804008DF87F
:106ED00005108DF80630C2B2DBB24046C9B20136A9
:106EE00004F058F90A34052EE4B2DFD102B0BDE84F
:106EF000F08100BF870C002038B5FDF7D9FF0446AC
:106F000070B924480578012D0AD14FF40032224B84
:106F10009A6108F081F8224621462846FDF70EFFC7
:106F20001E4C002021781C4D4A09C1F34201FDF797
:106F3000AFFD4FF080434FF480729A614FF40072BE
:106F400040219A61144820220AF0B8F920228021B9
:106F500011480AF0B3F9012280210F480AF0AEF976
:106F60004FF400030122AB61402128460AF0A6F944
:106F7000637813F0400305D040230022AB61084B37
:106F80001A7038BD4FF4800203498A61054A1370B4
:106F9000F7E700BF44490020000400404C440020B3
:106FA000EA0D00206D240020F8B5002401270A4EC8
:106FB00000252046E9B202F0CBFE28B1052C03D112
:106FC00015B901253770F4E701350F2DF1D10134E2
:106FD000E4B2062CECD1F8BD702400201A4B07B5A2
:106FE0001B7873B3194B1B78032B17D8DFE803F01A
:106FF000022124274FF47F43ADF80430A0238DF8FD
:107000000630019803F0BEFBC0F307238DF80000A3
:10701000C0F307408DF801308DF802009DF8022082
:107020009DF800109DF8010003B05DF804EB04F03A
:107030001DB94FF65573DFE74FF6AA73DCE700235F
:10704000DAE703B05DF804FB742400207324002009
:107050000A4B9B7803F00703032B0BD8DFE803F000
:107060000C0206081123064A137070471E23FAE724
:107070002A23F8E73723F6E70823F4E74C440020F7
:107080006124002038B5FFF71BFA01224FF480710C
:107090004FF080400AF012F94FF080444FF48073B3
:1070A000A3614FF400333B4D0122AB61284602211E
:1070B0000AF004F92046002280210AF0FFF8204659
:1070C00020224FF400410AF0F9F8284620224021FE
:1070D0000AF0F4F82846202280210AF0EFF8204632
:1070E00001224FF400710AF0E9F84FF40073A36134
:1070F000294CFDF721FE21780022C1F34201012035
:10710000FDF71CFE07F018FC244BFF221860C82175
:10711000FA20FEF7FBFAFA20FEF790FAFF22C821C8
:10712000FB20FEF7F3FAFB20FEF788FAFDF7C0FE1E
:10713000FF20FEF739FD00F0EBFEA078C0F3C100A0
:10714000FDF746F82846012280210AF0B7F84FF4EF
:10715000000301222846AB6140210AF0AFF86378B2
:1071600013F0400115BF40224FF48002002109486E
:1071700015BFAA6182610A4A0A4A13F0080F11700A
:107180000CBF01220822084B1A80BDE83840FFF7E7
:107190005FBF00BF000400404C4400208424002056
:1071A000EA0D00206D240020EC0D002008B502F04F
:1071B000B9FA03F0BDFF02F04FFA044B1880FFF755
:1071C00053FDBDE80840FFF75DBF00BF66440020E7
:1071D0002DE9F04106460C46FFF758FB002800F069
:1071E00015812146304600F0C3FE002800F00E81D4
:1071F00021463046FFF7B2FB002800F00781214608
:107200003046FFF71DFA0746002800F0FF80B74B15
:107210001B7823B147F60E639E4240F0F780DFF8FB
:10722000D08298F8003053B1637943B12C2E06D048
:1072300000221146104688F8002004F017F8AD4DE2
:107240002B7813F00E0F40F0D380B6F5F84F00F016
:10725000808100F2AB8045F202239E4200F0EA8278
:107260007BD87E2E4DD87A2E40D82C2E00F08281ED
:107270003846BDE8F081A6F5FC46053E182EF7D845
:1072800001A353F826F000BF1D78000881740008A0
:10729000A176000871720008657500087172000817
:1072A0004B7900080F76000855760008997400089D
:1072B000437500081174000845740008FB78000845
:1072C00089780008C1780008E17800087172000828
:1072D00071720008717200087172000899750008D7
:1072E000BF750008DD750008CF7400087C3EE02003
:1072F0006379022E00F2F180DFE816F00801110137
:107300001A01E72E16D8E02EB2D9E13E062EAFD8EC
:1073100001A353F826F000BF877A000871720008B5
:10732000197A000871720008877A000871720008E3
:107330004B7A0008B6F5A44F9AD16379002B65D03B
:107340006D4B187801F0FBF802285FD1002001F0A6
:1073500058F8002001F0DFFC58E047F213039E428A
:1073600000F0A380A6F5F046203EB3B20A2B3FF60C
:107370007FAF0A2E3FF67CAF01A353F826F000BF83
:10738000FB7500088D79000871720008ED7900081E
:1073900071720008FB770008D97700082977000888
:1073A00071770008B9760008ED76000847F61D638E
:1073B0009E423FF65DAF47F604639E423FF65BAFE9
:1073C00047F603439E4200F0308247F616439E4242
:1073D0007FF44EAF6279494B002A49D0484A12786F
:1073E000002A0CBF292035201A7000F077FF0DE02D
:1073F000FEF724FA0378032B7FF427AF331FA02B6B
:1074000004D9A6F1E003072B3FF61FAF00272FE7B3
:10741000EB7803F00F030C2BF8D06379002BF5D039
:10742000AB7803F00702032A08D8013262F30203A3
:10743000AB70FFF70DFEFEF705FFE7E7042AF8D073
:107440000422F3E7EB7803F00F030C2BDED0637913
:10745000002BDBD0AB785E0703D1AB7823F00703BA
:10746000E6E7DA1D62F302035C07AB70E1D1F4E7F3
:107470001B78002B0CBF2920352000F045FFC5E705
:107480006379002BC2D06B78C3F3001282F0010243
:1074900062F304136B70CEE763791A4C002B00F093
:1074A000C78107F049FA2060B0E76379002B3FF409
:1074B000DFAE002330211A46FF20FEF7E3F801215A
:1074C000FF20FEF7F7F8FF20FEF7B8F8D0E6627964
:1074D0000D4B02B101221A7098E71BB100F0FEFEBD
:1074E0001B2082E700F010FF1B20C6E7702400205D
:1074F000742400204C440020C9240020E6230020EE
:107500007124002078240020454400201BB100F0A5
:10751000E5FE062069E700F0F7FE0620ADE71BB1A7
:1075200000F0DCFE192060E700F0EEFE1920A4E771
:107530001BB100F0D3FE092057E700F0E5FE09205B
:107540009BE76379002B3FF493AE6220FEF72CFBA0
:107550008EE66379002B3FF48BAE02F05AF807F009
:1075600047FA85E66379002B3FF450AF012388F892
:1075700000304BE798F80030002B3FF479AE637988
:10758000002B3FF443AFB24A13780133DBB2032B35
:1075900088BF0023137039E763794BB1FCF75CFEB9
:1075A00030B9E22001F040F82B2001F03DF85FE611
:1075B000E22001F081F82B2001F07EF858E6637993
:1075C0003BB1FCF749FE20B9E32001F02DF80B2078
:1075D000EBE7E32001F070F80B20EDE763793BB1B6
:1075E000FCF73AFE20B9E32001F01EF80720DCE7A3
:1075F000E32001F061F80720DEE76379002B3FF418
:1076000005AF2B78DA4362F300032B7013E763793D
:10761000904CEBB12178D9B96B78402243F040030C
:107620006B7001258C4B1D708C4B9A618C4A1078C5
:1076300028B11170FEF706FE01232370E6E68022D2
:107640009A6107F079F9874B1860874B1D70F1E755
:107650000023F2E76379854EFBB13578EDB98022DE
:1076600001247E4B9A61824B1C7007F065F9814BB7
:107670001860FF2346201A461946FEF703F82946EC
:107680004620FEF72DF80322FA214620FEF73EF8A9
:107690004620FDF7D3FF3470B8E600233370B5E61B
:1076A0006379002B3FF4B2AE2B78C3F3001282F063
:1076B000010262F30413A8E7FCF7CEFD054600289B
:1076C0007FF4A4AE6379002B3FF4D2AD05F0E4FA69
:1076D000D6287FF6CDAD29461120FEF701F803220A
:1076E000FA211320FEF712F81320EDE6FCF7B4FDA3
:1076F00000287FF48BAE6479002C7FF4B9AD05F0DF
:10770000CBFA5F283FF6B4AD21461320FDF7E8FF22
:107710000322FA211120FDF7F9FF1120FDF78EFF5A
:10772000372005F0B1FA71E6FCF796FD0546002812
:107730007FF46CAE6379002B3FF49AAD05F026FA26
:1077400010F0800F4C4C0ED029461220FDF7C8FFD8
:107750000322FA211520FDF7D9FF1520FDF76EFF52
:10776000A023A37084E505F011FA2030A0707FE516
:10777000FCF772FD054600287FF448AE6379002BC4
:107780003FF476AD05F002FA20281FD829461520CF
:10779000FDF7A6FF0322FA211220FDF7B7FF122002
:1077A000FDF74CFF06F0EAFEC0F34004800703D566
:1077B0000022314B9A705BE5002320461A46194699
:1077C000013403F0E7FC972CF6D1F1E705F0DEF980
:1077D000294B203898704BE56379002B3FF416AEA7
:1077E00005F06AF9022805D16B7823F020036B704D
:1077F000FEF728FDFCF756FE08E66379002B3FF400
:1078000005AE05F059F9022805D16B7823F0200365
:107810006B70FEF717FDFCF723FEF7E52B78174A90
:1078200013F00E0318BF6379B4E66379144C35E6A0
:107830002360EBE56379002B3FF4E8AD114B18783A
:1078400000F07DFE02283FF4E1AD02207FE500BF9D
:1078500073240020E52300206D2400200004004054
:10786000EA0D0020682400206C240020E42300207E
:10787000E90D0020642400204944002044440020F5
:107880007C240020C92400206379002B3FF4BEAD86
:10789000A8780021C0F3C100FCF7C2FB0020AB7840
:1078A00023F01803AB70FCF787FCFEF7CBFCA8783D
:1078B000C0F3C100FCF7A2FC0020FEF787FCA5E5A1
:1078C0006379002B3FF4A2ADA8780021C0F3C1007A
:1078D000FCF7A6FB0120AB7860F3C403AB70E2E7D2
:1078E0006379002B3FF492ADA8780021C0F3C1006A
:1078F000FCF796FB0220AB78EEE76379002B3FF4B0
:1079000085AD05F0D9F82D287FF480ADFCF7A4FCF7
:107910000446A8785E4DC0F3C1007CB9FCF782FC38
:107920005C4B1C7007F008F8224628602146204670
:10793000FCF722FC0320FEF749FC7CE50024012132
:107940002C60FCF76DFB2046F5E76379002B3FF4D4
:107950005DAD01226B7823F040036B704E4B1A70C3
:107960004FF480024D4B9A614D4B197811B10022B2
:107970001A7060E5EB785A1C02F00F020C2A94BFD3
:1079800062F3030361F30303EB7054E56379002BA7
:107990003FF43CAD05F090F82D28424C22D1FCF785
:1079A0005BFC68B1A878C0F3C100FCF705FCA878BF
:1079B0000021C0F3C100FCF733FB0022354B1A70E5
:1079C0002879FF2808BF212005F073F8FEF73AFC5C
:1079D00005F0B8F8C0F307232070C0F307406370C8
:1079E000A07013E53048FCF78FFCEFE76379002BBC
:1079F0003FF40CAD0120FCF701FD6B7843F0200350
:107A00006B7005F09FF8274BC0F307221870C0F386
:107A100007405A7098700EE5244B187800F08FFDDF
:107A20000228234B2BD16179224A1B781170D90689
:107A30007FF51EACFCF710FC00287FF419ACE320A6
:107A40006379C3B100F04AFC12E4184B187800F0D7
:107A500076FD0228164B12D1164A61791B781170F7
:107A6000DA067FF505ACFCF7F7FB00287FF400ACE5
:107A7000E7206379E5E700F047FCFFF7F9BB1B78E7
:107A8000DB063FF5F5AB62790A4B1A70FFF7F0BBE6
:107A90005444002048440020EA0D00200004004027
:107AA0006D2400204944002050440020C9240020B7
:107AB000664400207124002010B5FDF7F9F958B193
:107AC000FDF7BCFE03780D4C022B06D10123237079
:107AD00006F032FF0A4B186010BD2278094B5AB1EC
:107AE00001221A70064B186806F06AFFB0F5FA6FAB
:107AF000F2D900232370EFE71A70EDE7602400202D
:107B00005C2400205B2400202DE9F043DFF81C8278
:107B1000064698F800500F46A5B0CDB1844C2378A6
:107B2000412B00F2FF800022824D1046114603F0E7
:107B30009DFB286806F044FF322805D906F0FCFEBC
:107B400023782860013323702078FFF7A5F9E1E05E
:107B50008A22794901A8F8F7C1FEDFF8E09101AC6B
:107B60002278607802EB420209EB02018B7819F867
:107B700002204978013503F00DFB452D04F1020484
:107B8000EED16F4C206848B106F01AFF40F6B833CA
:107B9000984203D9FFF70AFB00232360694D6A4C22
:107BA000286858B106F00CFF42F21073984205D9CC
:107BB000237883F00103237000232B60634B1B7831
:107BC000002B40F08880FCF747FB58BB604B1B78CC
:107BD000042B22D106F0D2FC5E4DC0F340002B787E
:107BE00098420FD006F0CAFCC0F34000287006F09F
:107BF000C5FC8107C0F3400304D41A461946062089
:107C000003F0C8FA06F0BAFC82070BD5FF23062062
:107C10001A46194603F0BEFA04E0FDF70FFE03789A
:107C2000022BD7D04C4DDFF83491287800F087FC38
:107C300002280ED04A4A99F800301078C3F3001198
:107C400088420B4605D0117019B90A46082003F086
:107C5000A1FA99F80030DB060AD5287800F06FFC0D
:107C6000022805D0FF2308201A46194603F092FA8D
:107C700004F022FF1F282ED004F01EFF2C282AD04B
:107C800004F01AFF242826D004F016FF252822D05D
:107C900004F012FF26281ED004F00EFF27281AD069
:107CA00004F00AFF282816D004F006FF292812D075
:107CB00004F002FF2A280ED004F0FEFE2B280AD082
:107CC000284B9A78D878284B02F00702197800F0F0
:107CD0000F00FCF74BFC23782BB1FF2309201A4639
:107CE000194603F057FAFFF7E7FEFDF7E1F810B188
:107CF0001E4B1B780BB9FEF77FFF39463046FDF768
:107D00001FFDFFF76BF9FCF7EFFB98F80030002B35
:107D10007FF404AF3946304600F0CEF9012025B09B
:107D2000BDE8F083002388F80030F3E7E80D002079
:107D3000D4230020D0230020CB1F0108B54400200D
:107D40007C2400207824002070240020444400205B
:107D500044490020850C0020C924002066440020EE
:107D6000840C00204C440020612400205B2400206F
:107D700010B50124044B1C7000F038FF2046BDE80C
:107D80001040FDF79FBA00BF8E24002008B5FDF714
:107D90008FF830B1FDF752FD0078831E58425841EC
:107DA00008BD0120FCE7000008B5044B187800F07E
:107DB000C6FB831E5842584108BD00BFC92400209D
:107DC000A0F139030C2B16D9A0F1A903012B12D96C
:107DD000292810D047F6034398420CD047F6056394
:107DE000984208D0A0F5FC430F2818BF042B94BF7D
:107DF000012000207047012070470F2808B509D1E5
:107E000031B14FF080431B691B0601D4FFF7B0FF6F
:107E1000012008BD0020FCE747F60343984237B530
:107E20000C4616D1052000F05FFF90B1FBF7E4FA95
:107E300083060ED563794BB100F0D8FE41F288304D
:107E400007F08BFF01F0E5FB06F0D2FD012003B047
:107E500030BD294D28780028F9D0022221460DF1A5
:107E60000600F8F73BFD627940F20B41BDF80630A1
:107E7000002A32D08B42214A4FF001011CD11170EF
:107E80001F49087820B3002313701E4A2B7013700B
:107E90001D4A0B70137004F0C1FD06F01FFD032096
:107EA000FDF710FAFDF704F802460028CED1174B73
:107EB0001978FCF743FFC9E70E2B04BF1048017087
:107EC00011780029DCD10E2BC0D0FFF751FFBDE7A0
:107ED00040F20B429342F6D1B8E78B4206D1074BF2
:107EE0001A70074B1B78002BB0D1EEE70E2BADD1EB
:107EF000034B1A70014BF5E78E2400208D240020DF
:107F00008C240020982400208F2400200E100020B4
:107F100008B5FBF787FFFBF753F90020FBF740F9A3
:107F2000502208210848F8F753FC0822064B072086
:107F300003F83D2C03F83C2C03F83A2C03F8392CB9
:107F4000BDE8084004F0CCBEBD0F002031B938B107
:107F50000122044B1870044B1A707047034B1970C0
:107F6000704700BF0D100020982400200E10002044
:107F7000014AFBF737BC00BFC82301082DE9F041D7
:107F8000444C237883BBFEF701FB4FF08043064649
:107F90001D69002848D1C5F3C015A8463E4B3F4C8B
:107FA0001A783F4FAA4206D01D7006F0C5FC85F036
:107FB000010520603D70B8F1000F3BD000233B70FD
:107FC000FCF776FF054698B3206810B906F0B4FCBC
:107FD000206006F0F5FC4F281ED9002228461146E5
:107FE0002260FCF7ABFE17E0FCF762FF20B14FF018
:107FF00080431B691B060CD500232A4A237013708B
:10800000294A137004F00AFD06F068FC0320FDF70E
:1080100059F92378002BB6D0FEF77EFE06F0C4FC9B
:10802000BDE8F041FBF748BF05464FF00108B5E752
:108030002060F1E7FCF73CFF3B7805463BB31B4B68
:108040001B78CBB11A4B93F80080A8451BD0206851
:10805000A0B906F071FC0022206041462846FCF7DA
:108060006DFE002DD8D1002ED6D13046FDF758F93F
:108070003046FDF727F9CFE70E4BE4E706F0A0FC0A
:108080003B28E6D8EDE7002323603B70E9E7C4F81E
:108090000080E6E78E240020902400209424002015
:1080A0008F2400208D2400208C2400209824002080
:1080B0000D1000200E10002000232DE9F04387B0A2
:1080C0008DF815308DF816308DF81730FBF744F821
:1080D0000446FBF73BF80546FBF744F80646FBF77A
:1080E00035F8021F20463C2453420DF116080DF1CD
:1080F00015070DF11709534129463246CDF8048082
:108100000097CDF80890FBF725FF384664274146D5
:108110004A46FBF75BFFFBF715FF9DF817309DF80C
:1081200016209DF81510634362436143B3FBF7F3D8
:10813000B2FBF7F2B1FBF7F1DBB2D2B2C9B203F096
:1081400029F806239DF815409DF816509DF81760F4
:108150005C435D435E43B4FBF7F4B5FBF7F5B6FB58
:10816000F7F6DFF8C480314FB8F80000E4B2EDB2A2
:10817000F6B2C8B906F018FCA8F80000FCF798FEA3
:1081800000284BD0FDF75EFB0078642828BF6420F0
:10819000502358436423B0FBF3F0254B1870C0F113
:1081A00050004010387003E006F003FCF928E1D8D5
:1081B0004FF00008DFF878903A785FFA88F39A4237
:1081C00008F147002CD899F800301344434527DDC7
:1081D00033462A46214608F1010802F0DBFFB8F1D8
:1081E000500FE9D100230A201A46194602F0D2FFA7
:1081F00000230B201A46194602F0CCFF00230D2065
:108200001A46194602F0C6FF00230E201A461946E8
:1082100002F0C0FF012007B0BDE8F0836420B7E79B
:1082200000231A461946D6E78A2400208824002015
:108230008924002005280DD805290BD80E2A09D835
:108240005A23C1EB011103FB0010034B024433F826
:108250001200704701207047E4260108052808D85D
:1082600039B9054B82F0010202EB400033F81000EF
:1082700070470120704700BFFC230108A0F5807201
:10828000B2F5F85F03461FD213F4805F00F400716B
:1082900003F48062C0F3002003F400630AD00001FD
:1082A00009B140F020000AB140F040006BB140F04D
:1082B0008000704709B140F002000AB140F00400AC
:1082C0001BB140F0080070470020704710B50C4605
:1082D000FFF7D4FF2346BDE810401847A0F1E003A4
:1082E000072B10B5044600D940B920460449FFF7D2
:1082F000EDFFE0B2BDE8104000F096B90149F6E7A5
:1083000075870008998B000810B50446C0B200F0CC
:10831000D3F9A4F1E003072B00D92CB90349204677
:10832000BDE81040FFF7D2BF0149F8E78787000892
:10833000AB8B000838B505460C46FFF7CFFF1CB9DC
:108340002846FFF7E1FF38BD6420013C07F005FD3A
:10835000A4B2F4E708B539280CBF50210021FFF77B
:10836000E9FF08BD0120704708B5FFF7FBFF08BD16
:10837000704708B5FFF7FCFF08BD000013B502AB5E
:1083800003E903000F4B1B78B3B99DF8053073B1B7
:108390006AB100F06BFD04460146009800F028FD2C
:1083A0002046009902B0BDE8104001F0AFBB009834
:1083B00000F03EFD0446F3E7009800F057FD0099F9
:1083C000F0E700BFA0240020034610B400885C88BA
:1083D0000A4640EA0440998810BCFFF7CFBF10B5A9
:1083E00004460121FFF7F0FF2146FFF7BDFF10BD56
:1083F00010B504460021FFF7E7FF2146FFF7B9FF5C
:1084000010BD10B501248440E4B2204601F020F9EB
:108410002046BDE8104000F03ABC0120704708B586
:10842000FFF7FBFF08BD10B5044600F0DFFB204658
:10843000FFF7F5FFBDE8104046F2A81007F08DBC2D
:1084400008B50120FFF7EFFFBDE8084006F0D0BAFD
:1084500008B50020FFF7E7FFBDE8084006F0EEBAD8
:1084600038B501210546FFF7AFFF2946044605F060
:108470000DFF002840D029462046FEF7A9FED8B3BC
:108480002946204605F00CFEB0B32946204605F0EB
:1084900069F988B32946204605F03EF960B32946BC
:1084A000204604F06FFC38B32946204605F046FE0E
:1084B00010B36B797BB147F65A439C4223D00ED858
:1084C00047F601439C421BD047F603439C4215D01C
:1084D000B4F5F84F0ED02846FCF7E2FE0DE047F663
:1084E0005B439C4212D047F65C439C42F3D101F0BF
:1084F0007DF8F0E7FFF7A4FF002038BD01F089F810
:10850000FFF7A6FFF8E701F07DF8E4E701F07DF85A
:10851000E1E708B5FDF7F0FF03F0B8FE00F030F832
:10852000BDE80840012004F063BA08B500F02DF85A
:10853000002004F05DFABDE80840FDF7E5BF020940
:1085400006BF13460246042391081EBF0A460233A3
:10855000DBB203EB5200C0B2704701207047704796
:1085600038B50546FFF7F9FF044610B12846FFF776
:10857000F6FF204638BD704708B5FFF7F1FF08BD8C
:1085800008B50020FFF7F8FF08BD08B505F0EEFFBD
:10859000FFF7F2FF08BD000010B505F0E7FF074B3D
:1085A00004461A78824207D0187006F0C5F9044BC9
:1085B00018602046FFF7E0FF10BD00BF992400209F
:1085C0009C2400201FB5CDE900019DF805306C46C4
:1085D0000BB100F00BFF0023ADF80E3094E8030060
:1085E000ADF80C10C9B2029002AC29B994E80300AE
:1085F00000F054FE04B010BD2046FFF7F0FE002846
:10860000F4D1F7E70379012B02D1008800F04EBCCA
:10861000704708B529B105F00BFABDE8084005F030
:10862000E5BA05F057FAF8E710B50446002840D03F
:10863000031FDBB2A02B0ED806F01EF820B1204697
:1086400006F0A4F800F06AFF204606F085F8BDE8C1
:10865000104000F063BF00F12003DBB2072B07D806
:1086600000F007040120A040C0B200F093FEEEE746
:1086700000F15B03DBB2022B05D8BDE810402438C3
:1086800080B205F09BBF00F15803DBB21A2B06D86D
:10869000BDE81040074A32F8130005F0ABBF333491
:1086A000E4B2122C05D805F0C3F9BDE8104005F07E
:1086B0009DBA10BD1C2B010808B50346A0B3021FCC
:1086C000D2B2A02A05D806F061F8BDE8084000F053
:1086D00025BF00F12002D2B2072A07D800F0070315
:1086E00001209840C0B200F05DFEEEE700F15B02B1
:1086F000D2B2022A04D8BDE80840002005F05EBFCF
:1087000000F15802D2B21A2A04D8BDE8084000206D
:1087100005F070BF3333DBB2122B05D805F0DAF960
:10872000BDE8084005F062BA08BD000038B50C4647
:108730000546FFF779FF8CB140F2E7300021DFF802
:1087400020C04FF47A720023E4FB0C01F7F74EFDD2
:1087500007F003FB2846FFF7AFFF38BD0120F7E71E
:10876000A086010008B539280CBF50210021FFF771
:10877000DDFF08BD08B528B100F00CFEBDE80840DB
:1087800000F0CCBE08BD08B528B100F00BFEBDE876
:10879000084000F0C3BE08BD2DE9F8438779814643
:1087A0000C46457900F0E6FD3F09064608B32E4623
:1087B000FDB1C4F3072303F0F002402A0CD0E1B26C
:1087C00001F12002D2B2072A25D903F0E003202BC1
:1087D00002D101291FD907B3A44B5E7816F0040615
:1087E00007D0022000F0D2FE00F0C4FD80F00106A8
:1087F000F6B2C4F303330B2B3DD8DFE813F01000BF
:10880000100054005400AE00C5003C003C00CA00FB
:108810002C01400140010026EBE73E46E9E7C4F3A6
:108820000723C4F303270F2B88BF3F01E4B285B1B0
:1088300057B104F12003DBB2072B384600D92CB91D
:1088400000F0A8FD00F06AFE20464CE000F0BEFDFE
:10885000F8E72046FFF730FF6FB104F12003DBB2E9
:10886000072B384600D914B900F09CFD01E000F058
:10887000B5FD00F053FE002E00F0598100F072FDAE
:1088800010F0010040F0538189F8050000F064FD0C
:1088900000F048FA484600F061F900F05DFDBDE8DF
:1088A000F84300F049BAC4F3072303F0F003C4F31C
:1088B0000328202BE4B218BF4FEA08182CB1012C72
:1088C00034D0002D3CD0DFB1BEE7684B5B78590750
:1088D00014D45DB1B8F1000F04D0404600F05AFD49
:1088E00000F01CFE0020FFF79FFEC4E72846FFF7BC
:1088F000E3FEB8F1000FBED04046B5E755B11FB951
:108900004046FFF737FFB6E7012FB4D1404600F0ED
:108910008DFDB0E7002FAED14046FFF734FF404653
:1089200000F092FD404600F06DFDA4E715B1052F63
:10893000A1D8E5E7042F9ED84046FFF724FF9AE729
:10894000002FF9D0392C0CBF4FF4FA50012007F05A
:1089500004FA2046FFF7B0FE8DE714F4406FC4F32D
:10896000812307D0012B86D165B1C4F3090005F03E
:1089700041FE80E725B1C4F3090005F01FFE7AE748
:108980002846FAE72846F2E72946E0B2FFF741FE1B
:1089900071E714F4407F2DD1F5B914F0100018BF21
:1089A0000F20C4F342134FEA8303DBB21CBF98408D
:1089B000C04304F00F0202FA03F2C4F3812418BF8B
:1089C000C0B2D2B2022C40EA02000DD0032C0ED06D
:1089D000012C06D000F066F905F0C8FDFFF7CCFDCC
:1089E00049E700F057F9F7E700F064F9F4E700F021
:1089F0004EF9F1E7C4F301220DB3D207ECD514F020
:108A0000100318BF0F20C4F342124FEA8202D2B201
:108A10001CBF9040C04304F00F0101FA02F1C4F3FF
:108A2000812418BFC3B2C9B2022C43EA01000CD0A2
:108A3000032C0DD0012C05D000F09AF9CCE7012AC7
:108A4000CAD9DCE700F08CF9C6E700F099F9C3E772
:108A500000F03EF9C0E7E7B2C4F3032445B1204675
:108A600000F060F93846FFF785FEB5E76644002060
:108A70003846FFF788FE204600F05EF9ACE75FFA63
:108A800084F8A8F1F003042B38D8DFE803F00321C1
:108A90000D141D0035B1042F9ED8C4F3042000F03E
:108AA00055F999E7052FF7E7C4F30420002DE3D12A
:108AB00000F038F990E725B1C4F3042000F02BF959
:108AC0008AE700F00DF987E71A4B5B785B0704D45F
:108AD000C4F30420002DCFD0EAE72DB10321C4F365
:108AE000042000F031FD77E7012000F04FFD012F59
:108AF0007FF672AF022000F049FD6DE73DB11FB176
:108B00004046FFF791FD67E7C4F30420D0E75FB16B
:108B1000B8F1390F0CBF4FF4FA50012007F01DF9DE
:108B20004046FFF7C9FD57E7C4F30420A4E7BDE8BA
:108B3000F88300BF6644002038B5018804464079B8
:108B400000F0C0F9054600F023F900F09FF829462F
:108B50002046BDE83840FFF71FBE0000037910B57E
:108B60000446B3B1FFF77CFC68B900F003FC80B1A8
:108B7000637973B1074B5B785B070AD5BDE810409A
:108B8000022000F003BD2046FFF7D6FF2046FFF786
:108B90002FFC10BD6644002008B528B100F016FC7B
:108BA000BDE8084000F0BABC08BD08B528B100F027
:108BB00015FCBDE8084000F0B1BC08BD08B50020B8
:108BC00005F0FCFC002005F015FD00F00FFC00F0A6
:108BD000A5FC05F027F8BDE8084005F007B808B582
:108BE00005F0EEFDBDE80840FFF7E8BF08B500F06E
:108BF000E7FBBDE80840FFF7F2BFC0F30333062BE5
:108C0000C2B213D094BF0E33063303F00F03012B0F
:108C100013D8F02A13D004D8E72A8CBF00200120F3
:108C20007047A2F1F403584258417047F12A18BF27
:108C3000E72A94BF012000207047002070470120E0
:108C4000704708B50346007930B1188800F02EF956
:108C5000BDE80840FFF7D1BF08BD82B002AB03E911
:108C6000030002B0704782B002AB03E9030002B018
:108C70007047704708B5FFF7FCFF08BD08B5FFF760
:108C8000F9FF014B187008BDC92400207047FFF799
:108C9000F5BF0000024B1B781843FFF7EFBF00BF82
:108CA000C9240020024B1B781840FFF7E7BF00BF24
:108CB000C9240020024B1B785840FFF7DFBF00BFDC
:108CC000C9240020704708B5FFF7FCFF08BD00006D
:108CD00008B5FFF7F8FF014B187008BDC824002045
:108CE0000020FFF7F5BF0000054B1B781BB9B0FA59
:108CF00080F04009704743FA00F000F0010070472F
:108D0000C824002018B9B1FA81F040097047084121
:108D100000F001007047012303FA00F0C0B2FFF732
:108D2000D7BF00000123034A834010781843C0B224
:108D3000FFF7CEBFC82400200123034A83401078E8
:108D400020EA0300FFF7C4BFC82400200123034A20
:108D5000834010785840C0B2FFF7BABFC824002043
:108D6000024B1B781843FFF7B3BF00BFC824002095
:108D7000024B1B781840FFF7ABBF00BFC824002090
:108D8000024B1B785840FFF7A3BF00BFC824002048
:108D9000704701F00703C90830B501EB4101012418
:108DA00001390A4400219C40E4B212F8015F20FA24
:108DB00001F343F300036B40234001315D4003297D
:108DC0001570F2D130BD002210B500F00704C008C4
:108DD00000EB4000014410468B5CE34003F00103CC
:108DE000934001321843032AC0B2F5D110BD0000F0
:108DF00017B40C46C1B2C0F3072005280BD80E29C2
:108E00000FD8C0EB00100144074A89B2204603B0D6
:108E100010BCFFF7BEBF031DDBB2012B01D8034A14
:108E2000F4E703B010BC7047A4240020A124002064
:108E3000C3B2C0F30720052882B009D80E2B0ED884
:108E4000C0EB00101844074980B202B0FFF7BBBF67
:108E50000430C0B2012802D818460349F5E70020C3
:108E600002B07047A4240020A124002073B505247B
:108E70000C4BADF804001E780B4B1B781E4346FAD2
:108E800004F3DB0705D4013CF9D20025284602B0E3
:108E900070BDE5B22846019900F055FE80B2012868
:108EA000F1D0F3E7C8240020C924002007B5ADF8AD
:108EB00004000198FFF7DAFF019903B05DF804EBB5
:108EC00000F041BE13B5104BADF804101B782BB168
:108ED000019802B0BDE81040FFF7E8BF70B10198FB
:108EE000FFF7C4FF044601460198FFF781FF2046C3
:108EF000019902B0BDE8104000F025BE0198FFF7CF
:108F000097FF0446F3E700BFA024002010B501241A
:108F100004FA02F204FA01F11143CAB2014091428B
:108F200004FA03F406BF2043C0B2A04310BD000002
:108F300008B513460A46014603480078FFF7E6FFE6
:108F4000BDE80840FFF7C4BEC8240020F8B50C4BAC
:108F50000C4E1C780C4D3378A34200D1F8BD05EBC4
:108F6000C40335F834005F889A88D98840EA0740FE
:108F700042EA01410134FFF776FE04F00704EAE714
:108F8000CA240020CB240020CC240020064B10B49F
:108F900018885C889A88D98840EA044042EA0141EE
:108FA00010BCFFF760BE00BF0C250020194AF8B5C1
:108FB00093790F2B0AD8537943B1174B17491B7874
:108FC0000D7816885788164CAB4200D1F8BD04EBDB
:108FD000C3010879D0B134F83300B04216D14879D2
:108FE000A0B94888C01B80B2C7280FD80120937948
:108FF00060F3071393718B7960F3071305488B7146
:10900000FFF7ACFDBDE8F840FFF7A0BF013303F068
:109010000703D9E70C250020CA240020CB24002018
:10902000CC240020F0B50D4B0D4C1B7826780D4C50
:10903000B34201D10020F0BD04EBC3056F788F422D
:1090400006D114F83370874202D16D79954203D16D
:10905000013303F00703EBE70120ECE7CA2400200B
:10906000CB240020CC2400202DE9F043044685B019
:10907000894D062201466846F7F730FC2B7967795F
:109080002279C3B9002A00F0CC80002F00F0FB80C9
:109090002046FFF7D6FD002800F0F5800822214683
:1090A0002846F7F71BFC2846FFF7ACFAFFF77EFFD0
:1090B000FFF76CFFB5E0B4F802906B886E79A9EB0E
:1090C00003039BB2002E00F0AE80C72B00F2878016
:1090D000002A00F0A680AB792A880F2B218851D86E
:1090E000914211D1002F48D1012262F30713AB71D5
:1090F000FFF74CFF2846FFF731FDAB79A371002540
:10910000284605B0BDE8F083002F36D125783A46D1
:1091100028466178FFF786FF2846FFF783FF05465C
:109120000028ECD10098FFF7C1FEC0F30332032AF8
:10913000C3B208D8012A10D910F4706F12D0A279E6
:109140000F2A0FD8DCE7063202F00F02012A0ED9EF
:109150002046FFF703FD3546D2E710F4706F01D0CB
:10916000002BCDD02033DBB2072BC9D9F0E7EF2B92
:10917000C6D90F33DBB2022BF7E7AB7943F001031B
:10918000AB71BCE791420AD14FB92046A371FFF7FA
:10919000E5FC082221462846F7F7A0FB88E7204691
:1091A000FFF74FFD00286ED0002F6CD0AB791F2B3E
:1091B0000FD92A8802A8ADF808202A79ADF80A90BC
:1091C0008DF80C2000228DF80E308DF80D20FFF761
:1091D000C5FC082221463048F7F780FB66E7AB79EB
:1091E0000F2B0ED8DDE90001FFF737FD2846FFF70A
:1091F000B5FC082200212846F7F7EAFAFFF7C6FE79
:109200007DE772B1298822889142C8D1002FC6D14A
:109210002046A371FFF7A2FC082239462846F7F73B
:10922000D7FA01256CE7C72B31D8002AF9D057B3FC
:109230002A8823889A421DD1AB79DA0714D40F2BE0
:1092400012D9A37103F0F003F02B06D0A379C3F376
:109250000312013262F30713A3712046FFF77EFC6D
:10926000082221460C4897E7082221460A48F7F7CA
:1092700035FBD6E72046FFF7E4FC0028A9D1AB79FF
:1092800043F00103AB712046FFF768FCC9E7DDE955
:109290000001FFF7E2FCACE70C250020F0B585B03B
:1092A000CDE900016846FFF7DFFE274F06469DF82F
:1092B0000420264D58B11AB1DDE90001FFF7D3FCB7
:1092C000234C28783B78834224D105B0F0BD02AB13
:1092D000DDE9000183E80300002AF1D038782A781C
:1092E000441C04F0070494420AD01946184B082283
:1092F00003EBC000F7F7F2FA3C70FFF727FEDFE759
:10930000FFF774FC0822314612483E702E70F7F7C2
:109310005FFAD5E704EBC000FFF7A6FE0028D4D023
:109320002B7834F8330004EBC3035E889A88D9881D
:1093300040EA064042EA0141FFF795FC2B780133F1
:1093400003F007032B70BCE7CB240020CA240020C5
:10935000CC2400200C250020014B1878C008704751
:109360003C250020024B187800F00700704700BF32
:109370003C250020034B187810F0070018BF01208F
:10938000704700BF3C250020014B1878704700BF94
:1093900068250020024B1A7810431870704700BFF0
:1093A00068250020024A137823EA000313707047EF
:1093B00068250020014B1870704700BF6825002009
:1093C0000022014B1A70704768250020024B1A7862
:1093D00010431870704700BF67250020024A1378B9
:1093E00023EA000313707047672500200022014B19
:1093F0001A70704767250020704708B5FFF7FCFF1B
:1094000008BD000008B5054A1378034204D023EADA
:1094100000001070FFF7F1FF08BD00BF3D250020E0
:10942000704708B5FFF7FCFF08BD000010B50549FF
:109430000B7830EA030403D003430B70FFF7F1FF0E
:1094400010BD00BF3E25002008B5054A1378034231
:1094500004D023EA00001070FFF7E3FF08BD00BF4F
:109460003E25002008B5044B1A781AB10020187068
:10947000FFF7D7FF08BD00BF3E25002010B5084B01
:109480001C78084B1B781C43074B1B782BB11C43E3
:1094900005F0CCF808B1FFF7E5FF204610BD00BF8E
:1094A00068250020672500203E25002038B50B4C9C
:1094B0002568FFF7E3FF2870246808222046084942
:1094C000F7F7D6F948B1214608220548F7F706FA1A
:1094D0002046BDE8384005F055B838BD14100020CE
:1094E0003425002038B50B4C2568FFF7C7FF68709E
:1094F0002468202220460849F7F7BAF948B12146E6
:1095000020220548F7F7EAF92046BDE8384005F083
:1095100041B838BD1010002014250020054B1B78E1
:1095200033B1054B93F90030002B01DAFFF7DABFB6
:10953000FFF7BCBF3810002066440020704708B514
:10954000FFF7FCFF08BD0000094A10B5527852072A
:109550000AD5084C41EAC0012170FFF7E3FB2078EF
:10956000C008FFF7ECFF10BDBDE81040FFF7DABB05
:10957000664400203C250020002008B5024B1870EE
:10958000FFF7DDFF08BD00BF3C25002008B50A4AF3
:10959000137823EA0000107042070CD198420AD0D9
:1095A000064B5B785B0706D5C008FFF7C5FBBDE837
:1095B0000840FFF7E1BF08BD3C25002066440020BD
:1095C000094A08B55378C3F3800181420AD060F399
:1095D00082035370108800F042F8BDE80840022072
:1095E000FFF7D4BF08BD00BF66440020044B587885
:1095F000C0F3800080F0010000F00100FFF7E0BF41
:10960000664400200120FFF7DBBF0020FFF7D8BF32
:10961000704708B5002000F07DFDBDE808404FF61A
:10962000FF71002000F058BD08B5002000F0EDFCEF
:109630004FF6E563984203D1BDE8084004F0BEBD93
:10964000002008BD022000F0D1BC032000F0CEBCF9
:109650000146032000F032BD042000F0D6BC0146D4
:10966000042000F039BD0F2000F0DEBC01460F20C1
:1096700000F040BD08B50020FFF7F8FFFFF7C8FF76
:1096800008BD01460E2000F019BD000007B50020FE
:1096900000F040FD4FF6E561002000F01DFD0021C7
:1096A000022000F00BFD01211D4B0320197000F07A
:1096B00005FD4FF4A051042000F00EFD002106200E
:1096C00000F0FCFC0021072000F0F8FC002108203D
:1096D00000F010FD0021232000F0F0FC00210C2000
:1096E00000F0ECFC00210D2000F0E8FC002300223B
:1096F0006846CDE900231721082200F0C5FC0021AF
:109700001F2000F0F7FCFAF7D9FD002004F06EFDF1
:1097100004F09BFDFFF7AEFF03B05DF804FB00BF54
:10972000C9240020FFF7B2BF73B505F03DF90B4D1A
:1097300004462B8883420ED00026ADF8006005F069
:1097400033F9ADF80460ADF8020002AB13E9030091
:10975000FEF738FF2C8002B070BD00BF6A250020E4
:10976000014B186805F02CB97425002008B505F0E8
:10977000E3F8024B1860024B186008BD7425002006
:109780007025002008B505F0D7F8024B1860024B91
:10979000186008BD742500206C25002070477047B4
:1097A00008B5FFF7FCFF08BD0120704708B5054864
:1097B00000F0BEFA00F0ACFCFFF7F0FFFFF7F0FF9F
:1097C00008BD00BF299D00080120704708B5FFF7BC
:1097D000FBFF08BD08B5FBF79FFCFEF7CFFB08BDFC
:1097E00008B5FFF721FF08B9FFF79CFFFFF72AFF35
:1097F000084B1870FFF730FF074B188003F062FD2D
:10980000FFF723FFFFF743FA044B1878BDE8084041
:10981000FFF759BA7825002066440020C8240020AC
:1098200008B505F087F804F020FD03F045FB00F0D3
:1098300043FBFFF7D5FFFEF79EFE03F0B3F8054BA1
:109840001A7842F080021A701888FFF708FFFDF7B7
:1098500019FC08BD664400202DE9F04F85B0FFF7E4
:10986000A3FF78B9FFF760FF02F010FD03F07AFB69
:1098700008B1FFF787FF04F0FDF905B0BDE8F04F30
:10988000FEF78ABEDFF8C08000F02EFB46460024BB
:10989000E0B236F8025B00F067FA052C50D0854242
:1098A00004F10104F4D0294B1B789B0701D500F08B
:1098B00061FAFFF78BFF002701905FFA87FA5046A5
:1098C00000F052FA38F8026B0546B04232D000245C
:1098D0004FF0010B4640B6B216EA0B0F20D005EA56
:1098E0000B09019BB9F1000918BF4FF0010993B1B1
:1098F0008DF808408DF809A005F056F84FF00103E7
:10990000ADF80A008DF80C308DF80D9002AB93E89D
:109910000300FEF757FE4A462146504601F062FD1D
:109920000134E4B24FEA4B030F2C1FFA83FBD3D16F
:1099300028F8025C0137062FBFD1FFF717FF93E726
:109940008542B0D18EE700BF5A4400207825002020
:1099500038B500F003F9B0F5A44F044643D2B0F592
:10996000A04F80F0AE80DF2816D8CC2800F28C8083
:10997000A7280AD8A42879D8012804D0031F9BB2AD
:10998000A12B28BF0024204638BDA0F1A8039BB21C
:109990001A2B71D90024F6E7B0F5804F19D2B0F533
:1099A000005F80F0A080E728EDD9A0F580739BB21E
:1099B000B3F5F85FEED2C0F3072000F053F9054687
:1099C000E0B200F0CBF82D0205F4F85540EA0504AA
:1099D00050E0C0B200F0C2F804F47064204340F4D8
:1099E000204084B2CFE7B0F5A54F22D245F25F23E5
:1099F000984253D845F23F2398420FD845F21F238F
:109A0000984244D8012300F00304C0F38502A34028
:109A100043EA421343F40D439CB2B4E7012300F040
:109A20000304C0F38202A34043EA421343F40C430D
:109A3000F2E745F2BF2398420AD845F29F239842A5
:109A400000F01F0035D84AF2F40343EA00249AE7F5
:109A5000A0F5A543403B9BB21F2B9BD8040204F406
:109A6000F85444F4204444F0F0048CE7A0F12404BA
:109A700044F48044A4B286E7234B5834E4B233F86C
:109A8000144044F488447EE740F4A044F2E74AF2EC
:109A9000F10300F01F0443EA042474E7012300F0FB
:109AA0000304C0F38202A34043EA421343F40A438F
:109AB000B2E700F0D7F8040204F4F85444F4005478
:109AC00061E700F01F0000F0CDF803B2C20648BF06
:109AD0001B01C4F343144FEA042448BF1BB21C43C8
:109AE00044F41044C6E7C0F3042000F0BBF8054678
:109AF000E0B200F033F82D0205F4F855054345F4C3
:109B00000055ACB23FE700BF522B0108CBB2C1F306
:109B10000721052982B005D80E2B11D81A4602B0AC
:109B200003F04FBDFD2905D153B90122194602B0FA
:109B300003F054BDFC2903D113B91A461946F6E7C0
:109B4000002002B0704707B5ADF804100199FFF787
:109B5000DDFF03B05DF804EBFFF7FABEE7284FD84E
:109B6000DF2807D8312864D00ED8292857D02A28D2
:109B700066D07047A0F1E003072B41D8DFE803F07F
:109B80001540232831403C41392804D0822802D096
:109B900035283FD07047324B1A7892071FD15B7837
:109BA00013F0080F18BF292070472D4A1378D907E2
:109BB0004DD4527812F0010F22D013F0100F14BFC1
:109BC0000020E3207047264B1B7813F0040FF3E7C7
:109BD000234A137859073CD45278D207EDD5E020B8
:109BE00070471F4B5A7891070AD51B7813F0100F56
:109BF00014BF0020E7207047194B1B781A07F5D4D3
:109C00007047174A1378190725D452789107EDD574
:109C1000E4207047124B1B7813F0200FC2E7104B63
:109C20001A78920619D45B7813F0080F18BF392000
:109C300070470B4B1B7813F0400F18BF2A2070475A
:109C4000074B1B7813F0400F18BF312070473920A5
:109C50007047E2207047E62070473520D0E700BF0C
:109C60006644002010B52F4C21784B0713D500F027
:109C70001402A2F1040C00F01803DCF1000242EB24
:109C80000C02A3F1080CDCF1000343EB0C039A4235
:109C900018BF80F00C000B0713D500F01402A2F1DE
:109CA000140C00F01803DCF1000242EB0C02A3F1EB
:109CB000180CDCF1000343EB0C039A4218BF80F050
:109CC0000C006478E30713D500F0110202F1FF3CA9
:109CD00000F01803DCF1000242EB0C02A3F1080CC7
:109CE000DCF1000343EB0C039A4218BF80F009003B
:109CF000A30711D500F0110200F01803A2F111041E
:109D00006242A3F1180C6241DCF1000343EB0C0347
:109D10009A4218BF80F00900CB0648BF00F0E70068
:109D200010BD00BF6644002000207047002070472F
:109D3000014B1860704700BF1810002008B5FDF7F0
:109D400033F908BD704708B5FFF7FCFF08BD0000F8
:109D5000044B33F8100001238B401840003818BF23
:109D60000120704774440020014B33F81000704705
:109D70007444002070474FF4346005F067BE00BFA4
:109D800000BF00BF00BF00BF00BF00BF00BF00BFDB
:109D900000BF00BF00BF00BF00BF00BF00BF00BFCB
:109DA00000BF00BF00BF00BF00BF00BF00BF7047C3
:109DB00008B5FFF7E0FF08BD08B5302383F311882D
:109DC000012100F00F039940202220F00F0007F03E
:109DD00075FA002383F3118808BD000038B50F24FD
:109DE0000B4D55F8040B421C01D0FFF7E5FF013C79
:109DF00014F0FF04F5D10624064D55F8040B431C5E
:109E000001D0FFF7D9FF013C14F0FF04F5D138BDB4
:109E1000882B0108C42B01082DE9F843DFF8908056
:109E2000054658F821300E465C1C17463ED03022BD
:109E300082F31188012223F00F0903F00F0302FAC5
:109E400003F421464846240407F038FAC9F81840BC
:109E5000002484F31188FFF792FF6FEA070EDFF802
:109E600054C0A91E0A355CF8042B31F8023F501C7F
:109E700019D022F00F00006902F00F0220FA02F25E
:109E8000D20710D401243B438D420B80EBD158F80C
:109E90002600431C01D0FFF78FFF21463046BDE866
:109EA000F843FFF785BF03EA0E03EDE7BDE8F8834B
:109EB000882B0108C42B010808B5FFF78FFF0C227F
:109EC00000210748F6F784FC0C2200210548F6F72C
:109ED0007FFC062000F038F8BDE80840FFF72EBFF1
:109EE000744400206844002030B50024012585B06A
:109EF0000194029403942A46E1B201A80134FFF7C9
:109F00008BFF6D000F2CADB2F5D10C220C4801A9CE
:109F1000F6F7AEFC002814BF0124002404D00C2264
:109F2000074801A9F6F7DAFC23460622054904484A
:109F300000F00CF80446FFF706FF204605B030BDE0
:109F40006844002074440020704700002DE9F84365
:109F500007460E4615461C46DFF850804BB10123DC
:109F600088F8003004F0E8FC114B18600020BDE8D0
:109F7000F88398F80090B9F1000FF7D00C4B1868EF
:109F800004F01EFD0728F1D96D002A4639463046F7
:109F9000F6F76EFC28B12A4639463046F6F79EFCA5
:109FA0004C460023204688F80030E0E7802500205A
:109FB0007C250020FFF750BC08B504F07FFC05F0BD
:109FC000BDF8FFF7F3FB05F0BBF8FFF729FC05F040
:109FD000CDF805F0D1F8FFF7EDFF05F0CFF805F06B
:109FE00087F803F013FAFFF7F5FBF2E7002307B554
:109FF000014601220DF107008DF8073000F08CF8C2
:10A000009DF8070003B05DF804FB002307B5014687
:10A0100002220DF10600ADF8063000F07DF8BDF823
:10A02000060003B05DF804FB07B5042200230146D7
:10A030000DEB0200019300F06FF8019803B05DF89A
:10A0400004FB07B501228DF8071001460DF107004A
:10A0500000F067F803B05DF804FB07B50222ADF825
:10A06000061001460DF1060000F05BF803B05DF844
:10A0700004FB07B50422019101460DEB020000F03C
:10A0800050F803B05DF804FBF8B505461446D31D3F
:10A0900023F0070300AFADEB030D68460E4600F05A
:10A0A0003BF8224669462846F6F7E2FB20B12246F5
:10A0B0003146284600F035F8BD46F8BD38B50C46A7
:10A0C0000546FFF793FFA04205D021462846BDE88C
:10A0D0003840FFF7B6BF38BD38B50C460546FFF728
:10A0E00094FFA04205D021462846BDE83840FFF73E
:10A0F000B4BF38BD38B50C460546FFF795FFA04202
:10A1000005D021462846BDE83840FFF7B2BF38BD2C
:10A1100000F00EB900F038B80B460146184600F0C2
:10A120004DB80B460146184600F09AB84FF48052DD
:10A1300008B500210448F6F74BFB41F20802024B38
:10A1400003F580531A6008BD8825002010B5054C22
:10A1500023792BB900F067F908B10120207110BDF7
:10A160000220FCE78835002010B5064C237933B176
:10A1700000F063F910B100230120237110BD02200B
:10A18000FCE700BF8835002038B5FFF7DFFF044645
:10A1900018B9FFF7E9FF204638BD00F046F905463B
:10A1A000FFF7C4FF012C06D1FFF7DEFF00280CBF2C
:10A1B000002505F001052C46EDE7000008B5034633
:10A1C00008469918B1F5805F05D804491944F6F797
:10A1D00085FB012008BD0020FCE700BF882500208A
:10A1E00038B500F022F9044610B3FFF7AFFF4FF483
:10A1F000007205461249002000F03CF9044678B18F
:10A200000DA3D3E900234FF480510D4802F01AFE4C
:10A2100002460B464FF4805000F064F94400E4B26B
:10A22000012D01D1FFF7A0FF41F20802054B1A6092
:10A23000204638BDAFF3008025232284E49CF2CB76
:10A240008825002088350020044B1B68B3F5005F8B
:10A2500001D3FFF7C5BF0120704700BF883500203C
:10A260002DE9F04F8318B3F5805F04460E4615467E
:10A2700085B01DD82D4F00EB070841463046F6F754
:10A28000F7FA00284FD02A4631464046F6F726FB1B
:10A29000FFF75CFF834648B14FF000084FF000091C
:10A2A00007F580574DB9FFF7CFFF24E0FFF75CFFBC
:10A2B0000023184605B0BDE8F08F052DAA4628BF3B
:10A2C0004FF0050AC4F3024343EACA03CDE9028909
:10A2D00052468DF808303146230A0DF10B008DF8F7
:10A2E00009308DF80A40F6F7F9FADDE902233868FB
:10A2F00000F0F8F850B90346BBF1010FD9D1019332
:10A30000FFF732FF0028D3D0019BD2E73B68083328
:10A310003B60FFF799FF01280346EDD1A5EB0A0545
:10A3200054445644BEE70123C3E700BF88250020FC
:10A330007FB5FFF7FBFE00F071F828B9FFF7F6FED6
:10A340000024204604B070BD4FF400720020304954
:10A3500000F075F82E4EA8B32BA3D3E900234FF4D9
:10A360008051304602F06EFD05460C464FF4805099
:10A3700002A900F07CF8DDE902239C4208BF954267
:10A3800001D0FFF7D3FE41F20805224C694628466A
:10A3900000F06DF878B3DDE9003253EA020129D00C
:10A3A00013F0C00FCDE9023205F10805D9B20CD087
:10A3B000194B1D60FFF714FF04460028C1D1FFF7B9
:10A3C000B5FEBEE7FFF7B2FEB8E708041BBA00F41B
:10A3D000E020234040EA3320CA0800EBD101B1F568
:10A3E000805FE5D80DF10B013044F6F777FAB5F54B
:10A3F000005FCBD10120084B1D600028DAD0FFF7A9
:10A4000023FFD9E7AFF3008025232284E49CF2CB1D
:10A410008825002000FFFF008835002008B500F0E7
:10A42000E1F8012008BD0120704708B5002000F0C8
:10A43000DBF8B0FA80F0400908BD0120704738B55C
:10A44000D5002A460C4600F0F0F818B921462544FC
:10A45000A94203D1B0FA80F0400938BDD1E9002308
:10A46000D243DB4341F8082B41F8043CF0E70122DA
:10A47000FFF7E5BF2DE9F04306468846154600275D
:10A48000C1B0202DAC4628BF4FF0200C6B466C4667
:10A4900008EBC702674408EBC70E724511D10024D0
:10A4A000644513D14FEAC4094A466946304600F074
:10A4B000DAF8A8B92D1B4E44E3D1012041B0BDE824
:10A4C000F083F2E80201E4E80201E6E7D3E90012D2
:10A4D000C943D24343F8081B43F8042C0134DFE797
:10A4E0000020EBE707B5CDE9002369460122FFF71D
:10A4F000C1FF03B05DF804FB0022082311460148A8
:10A5000004F0DABA0C08004008B5FFF7F5FF30B1E7
:10A51000062004F011FB04F047FB002008BD4FF0BB
:10A52000FF30FBE7F7B51F464BBA090C0646154648
:10A530008DF80400ADF806308DF80510FFF7DCFF4C
:10A54000E8B104210DEB010004F01AFB044648B900
:10A5500045B1022E0BD0032E0ED12846B9B204F01D
:10A5600019FB044604F020FB204603B0F0BD28464A
:10A57000B9B204F005FBF4E74FF0FF34F2E74FF017
:10A58000FF34F1E710B5FFF7B7FF88B1052004F0FD
:10A59000D3FA04F0E3FA044604F006FB002C05DBD2
:10A5A00014F0010F0CBF00246FF00304204610BD0F
:10A5B0004FF0FF34FAE710B5044604F0BDF94FF44C
:10A5C0007A7303FB040404F0B7F9A04204D2FFF746
:10A5D000D9FF031DF7D010BD6FF00100FBE701208C
:10A5E000FFF7E9BF04F02EBA00F58033B3F5002F72
:10A5F00010B5044602D34FF0FF3010BD83B2002BDC
:10A60000F9D1FFF7ECFF0028F7D1FFF77DFF0346F4
:10A610000028F0D102462146D820FFF783FF00280A
:10A62000EBD1BDE81040FFF7DABF2DE9F041074656
:10A630000D461646FFF7D3FF0446804638B1324632
:10A6400000212846F6F7C4F82046BDE8F0813346DD
:10A650002A4639460320FFF765FF04460028F3D059
:10A6600032464146EDE72DE9F04107468846164659
:10A6700066B9FFF7B4FF0446B8B9FFF73DFF90B1E4
:10A68000042004F059FA04F08FFA0EE0FDB2C5F58B
:10A690008075B54228BF3546FFF7A1FF044620B9B3
:10A6A000FFF732FF20B14FF0FF342046BDE8F081C4
:10A6B0002B46424639460220FFF734FF0446002865
:10A6C000F3D1A8442F44761BD2E7000030B510F434
:10A6D0007F4F85B00190C0F30725C0F307420DD12D
:10A6E00009B1274B9A5C13461446002063F3070018
:10A6F00064F30F2062F3174005B030BD9DF80440AD
:10A7000009B11F4B9A5C0620FF236043591BB0FB25
:10A71000F3F06FF05403434303EB440303EB4303B1
:10A72000DBB203FB05F4C3F1FF036B4324121B12DE
:10A73000C4F1FF04C3F1FF03514354435343C1F336
:10A740000721C4F30724C3F30723062813D8DFE83F
:10A7500000F004060B090E12040014461A461346B4
:10A760000A46C2E7134622460C461946F7E71C463E
:10A7700013460A46F9E713460A4621461C46EEE709
:10A78000F42B0108012184B004B0FFF79FBF01281A
:10A7900030B501D8C0B230BDB0F5F75F88BFFF2239
:10A7A0004FF001049EBF42090832D2B2A3185910DB
:10A7B000C3F34705C3F34F035B439BB2984206D2F2
:10A7C000013DEAB29442F1D9013CE0B2E3E7FF294E
:10A7D00002D00135ECB2F5E70846DCE7074B1888F4
:10A7E00000EB402200EB820000F55850193080B297
:10A7F000188000EB1020C0B2704700BF221000206C
:10A8000041064CBFC343024610B548BFDAB20D4CF7
:10A81000C2F3011204EB420148BF03F00F03497871
:10A8200054BF00F00F030133594314F812300206ED
:10A8300003EB2113DBB244BF5B42DBB283F0800049
:10A8400010BD00BFDC2B0108144B84B003EB4103A7
:10A85000E421019093F85A30C0F307204B43C2EB38
:10A8600013231C33002BB8BF5B42A0EBC3031BB206
:10A8700023EAE373434300201B128DF80530019B4C
:10A88000DAB262F30700C3F3072262F30F20C3F3C7
:10A89000074363F3174004B0704700BFEE0D00207C
:10A8A000144B84B003EB4103E421019093F85A3038
:10A8B000C0F307404B43C2EB13231C33002BB8BF3C
:10A8C0005B42A0EBC3031BB223EAE37343430020C4
:10A8D0001B128DF80630019BDAB262F30700C3F356
:10A8E000072262F30F20C3F3074363F3174004B05A
:10A8F000704700BFEE0D002084B0019000208DF85D
:10A900000420019BDAB262F30700C3F3072262F36B
:10A910000F20C3F3074363F3174004B070470000F0
:10A9200084B0019000200B4B03EB410393F85A30A5
:10A930009B1A8DF80430019BDAB262F30700C3F36F
:10A94000072262F30F20C3F3074363F3174004B0F9
:10A95000704700BFEE0D002084B0019000200B4B2B
:10A9600003EB410393F85B309B1A8DF80430019B95
:10A97000DAB262F30700C3F3072262F30F20C3F3D6
:10A98000074363F3174004B0704700BFEE0D00208B
:10A9900030B5134B85B02C31019003EB4104E578C1
:10A9A00003EB4103A5F1200464B29B78002CBCBFEB
:10A9B000C5F120056CB29A1A2244C0B210448DF839
:10A9C00004000020019BDAB262F30700C3F3072200
:10A9D00062F30F20C3F3074363F3174005B030BDA4
:10A9E000EE0D002084B0019000209DF8102003EBB4
:10A9F000430302EB53038DF80430019BDAB262F398
:10AA00000700C3F3072262F30F20C3F3074363F386
:10AA1000174004B070471FB592B2019048B20028A9
:10AA200002FB02F2BCBF494248B2C0F1380000FB51
:10AA3000002080B21C46FFF7AAFE00EB4000044451
:10AA400000208DF80440019BDAB262F30700C3F3E3
:10AA5000072262F30F20C3F3074363F3174004B0E8
:10AA600010BD000084B0019003F12C00104B03EBEB
:10AA70004003D8789B782038703B4B4302FB003270
:10AA800000209DF80430002AB8BF7F3203EBE213A8
:10AA90008DF80430019BDAB262F30700C3F307229A
:10AAA00062F30F20C3F3074363F3174004B070470A
:10AAB000EE0D002084B0019003F12C00104B03EB4D
:10AAC0004003D8789B782038703B4B4302FB003220
:10AAD00000209DF80430002AB8BF3F3203EBA213D8
:10AAE0008DF80430019BDAB262F30700C3F307224A
:10AAF00062F30F20C3F3074363F3174004B07047BA
:10AB0000EE0D00201FB5164C2C33019004EB4304CE
:10AB1000E378A478203B5343A4F1700252B2002A98
:10AB2000BCBFC4F1700462B2C2F1380201FB023151
:10AB300011EB410148BF7F31C0B200EBE1108DF84D
:10AB400004000020019BDAB262F30700C3F307227E
:10AB500062F30F20C3F3074363F3174004B010BD43
:10AB6000EE0D002030B50D4685B00190C4B2104600
:10AB7000FFF746FE124901EB450191F85A300344B4
:10AB8000DBB2D90983F0800204BFC3F18003DAB2DB
:10AB90000C2300205200D2B25A4304EB12248DF849
:10ABA0000440019BDAB262F30700C3F3072262F3A9
:10ABB0000F20C3F3074363F3174005B030BD00BF58
:10ABC000EE0D00201FB5114B019003EB410393F8EC
:10ABD0005A10C0B28C1AE3B2240644BF521AD3B240
:10ABE0001822534300EB23208DF804000020019B22
:10ABF000DAB262F30700C3F3072262F30F20C3F354
:10AC0000074363F3174004B010BD00BFEE0D0020F2
:10AC1000C94384B00190C9B2C0F30740414300204A
:10AC200009128DF80610019BDAB262F30700C3F334
:10AC3000072262F30F20C3F3074363F3174004B006
:10AC40007047C94384B0C1F38501019001440020DD
:10AC50008DF80410019BDAB262F30700C3F30722F8
:10AC600062F30F20C3F3074363F3174004B0704748
:10AC700084B003EB8302BDF81030019013449BB203
:10AC8000FF2B28BFFF23DB43C0F30740DBB20344A5
:10AC9000FF2B28BFFF2300208DF80630019BDAB27E
:10ACA00062F30700C3F3072262F30F20C3F30743E5
:10ACB00063F3174004B0704700291FB5B8BF49427D
:10ACC000002AB8BF524209B2090112B2FF294FEA65
:10ACD0000212A8BFFF21FF2AA8BFFF22BDF818401B
:10ACE00009B2234412B29BB29142D4BF5B189B18A5
:10ACF0009BB2FF2B28BFFF23DB430190DBB2C0F3E5
:10AD000007400344FF2B28BFFF2300208DF80630A7
:10AD1000019BDAB262F30700C3F3072262F30F204C
:10AD2000C3F3074363F3174004B010BD1FB5482BAE
:10AD30000190C0F3074030D8BDF81840E31A9BB229
:10AD4000FF2B28BFFF23083189B2102905D902F152
:10AD5000080189B2112928BFFF23DB43DBB2184465
:10AD6000002AB8BF0332FF2828BFFF208DF8060055
:10AD700000200B49497801EBA2028DF80420019BC9
:10AD8000DAB262F30700C3F3072262F30F20C3F3C2
:10AD9000074363F3174004B010BDFF23D3E700BFA0
:10ADA0008044002084B0BDF81020C0F30741D31ABE
:10ADB0009BB2FF2B28BFFF23DBB2DA43D2B2114490
:10ADC000FF2928BFFF210190034400208DF80430A3
:10ADD0008DF80610019BDAB262F30700C3F3072275
:10ADE00062F30F20C3F3074363F3174004B07047C7
:10ADF00084B0BDF810200190D31A9BB2FF2B28BF5E
:10AE0000FF23DB43C0F30740DBB20344FF2B28BF23
:10AE1000FF2300208DF80630019BDAB262F30700B1
:10AE2000C3F3072262F30F20C3F3074363F3174012
:10AE300004B07047024B1A7810431870704700BF77
:10AE400092370020012310B5044C08221721044832
:10AE50002370FFF761F90023237010BD92370020A3
:10AE60008044002010B5044610B9C90FC80110BDB8
:10AE700080EAE072A2EBE07212B2002902EB010359
:10AE80000BDB891A490191FBF3F1C1F12001C8B232
:10AE9000002CBCBF4042C0B2E9E75B01521A93FBF1
:10AEA000F2F3C3F16003D8B2F2E730B5C0F307257F
:10AEB00085B0EB1A01901046DCB2FFF7D3FFC0EB70
:10AEC000801300EB830004440020E4B26C4324129E
:10AED0008DF80540019BDAB262F30700C3F3072245
:10AEE00062F30F20C3F3074363F3174005B030BD8F
:10AEF00030B5C0F3074585B0EB1A01901046DCB2BF
:10AF0000FFF7B0FFC0EB801300EB83000444002088
:10AF1000E4B26C4324128DF80640019BDAB262F36E
:10AF20000700C3F3072262F30F20C3F3074363F361
:10AF3000174005B030BD30B585B0C0F3072501908E
:10AF40009DF820001C1A1046FFF78CFF2C44E4B239
:10AF5000241A0020E4B26C4324128DF80540019BB2
:10AF6000DAB262F30700C3F3072262F30F20C3F3E0
:10AF7000074363F3174005B030BD30B585B0C0F36B
:10AF8000074501909DF820001C1A1046FFF76AFF44
:10AF90002C44E4B2241A0020E4B26C4324128DF84D
:10AFA0000640019BDAB262F30700C3F3072262F3A3
:10AFB0000F20C3F3074363F3174005B030BD1FB53F
:10AFC000019010461C46FFF74DFF031900208DF835
:10AFD0000430019BDAB262F30700C3F3072262F385
:10AFE0000F20C3F3074363F3174004B010BD1FB530
:10AFF00001909DF818001C1A1046FFF733FFE4B2C9
:10B00000241A00208DF80440019BDAB262F3070095
:10B01000C3F3072262F30F20C3F3074363F3174020
:10B0200004B010BD082208B517210348FFF72CF81B
:10B030000022024B1A7008BD804400209237002085
:10B0400084B004B0FFF79EBB2DE9F74FDFF8D4A022
:10B05000C0EB00180AEB08035B5C0746FF2B0E46AB
:10B060002BD00025304A90444FF0000BC5EB05145F
:10B0700003F12C090AEB04010AEB4909144411F805
:10B0800001EBBEF1FF0F0ED0E8B2874218D15FFA94
:10B090008BF0864214D118F806002030FF2828BF14
:10B0A000FF2008F806000BF1010BBBF10F0F04F1B4
:10B0B0000104E4D10135062DD6D103B0BDE8F08FEF
:10B0C0000EF12C0E0AEB4E0E9EF802C099F802000B
:10B0D0009EF803E0A0EB0C0099F803C00191ACEBE3
:10B0E0000E0C1FFA8CFC0CFB0CFC00FB00C080B2A9
:10B0F0000093FFF74CFB2828009B01990A4AD2D8FD
:10B1000094F800C0C0F1280080B2102894BF844495
:10B110000CF1100C1FFA8CF0FF2828BFFF202070C4
:10B12000C1E700BFEE0D0020C0370020FFF77ABF57
:10B1300010B5084C85232046032200F8013B064940
:10B14000F5F7CCFB4FF62673A380BDE81040FFF760
:10B1500069BF00BF804400205520010800207047CF
:10B1600070B504460E461546FFF7F8FF054BC4EBD5
:10B17000041423449B5DFF2B1EBF2B540130C0B22F
:10B1800070BD00BFEE0D0020014BDB68184700BF0B
:10B19000E42B010810B4024C6468A44610BC60475C
:10B1A000E42B010837B5194B0446034493F8883162
:10B1B000194229D0164B9A7859788DF80120DA78FF
:10B1C0008DF80220FFF70AFB4FF4B47201F1B403CB
:10B1D000B3FBF2F502FB15335B1A48BF03339B1038
:10B1E00000F0030003FB00118DF800100098FFF73A
:10B1F00027FFC0F30743C2B2C0F30721204603B0C4
:10B20000BDE83040FFF7C6BF03B030BDEE0D0020F3
:10B210008044002013B5134B0446034493F888314F
:10B2200019421CD0FFF7DAFA8DF80000FFF7D6FAC2
:10B2300040F357037F338DF801300B4BDB788DF8EB
:10B2400002300098FFF7FCFEC0F30743C2B2C0F320
:10B250000721204602B0BDE81040FFF79BBF02B0B7
:10B2600010BD00BFEE0D002080440020014B9B6804
:10B27000184700BFE42B01082DE9F04F534B87B06E
:10B28000DC78534E04EB44034FEAA30B9B08019375
:10B29000FF23B3FBF4F3009383785BB100221146E4
:10B2A0001046FFF7E3FF5A2200214A48F5F790FACB
:10B2B000002333700025484FDFF818A13B78013395
:10B2C0003B70A4EB0B030293D0464FF00009327899
:10B2D0005FFA89F31A4362D10393F5F761F93F4BA3
:10B2E0009842039B5BDC8AF800402946184604AA72
:10B2F000FFF736FF90B198F80020019B9DF81000F1
:10B300009A425BD9A2EB0B030BFB03F3029A93FB6C
:10B31000F2F32246DBB21946FFF73CFF09F10109BF
:10B32000B9F1060F08F10F08D1D10135EDB20F2D9B
:10B330000AF1010AC8D13B78009A934204BF002366
:10B340003B7033780133DBB21C2B3DD90023244DF5
:10B3500033702E460523671E284631460F22052BE3
:10B3600004D190F800C0644508BF077011F80FCCF5
:10B37000013AA44524BF01F80F7C0C7012F0FF02C3
:10B3800001F1010100F10100E9D1013B13F0FF03DC
:10B39000A6F10F06E0D1002007B0BDE8F08F98F8C5
:10B3A0000020002AA1D094429FD939780098814288
:10B3B00004BF02F1FF3288F8002096E76243B2FB37
:10B3C000FBF20023D2B2A6E73370E4E7804400200A
:10B3D00091370020C0370020903700205455550584
:10B3E0000B3800202DE9F04F85B0074688461546FA
:10B3F000FEF7EAF9814600284ED0002D4FD0414695
:10B40000384602AAFFF7ACFE0446344E33781A19C8
:10B41000082A24DDC4F108039A46611C1A46314407
:10B42000701CF5F75BFA04F109015246314406F14C
:10B430000900F5F753FA06EB44014FEA4A021931C5
:10B4400006F11900F5F74AFA04F1110152463144A8
:10B4500006F11100F5F742FA5FFA8AF3337002AA97
:10B460000192002211469646DFF870C0D0B200EB80
:10B47000030A84425FFA8AFB13D811B11C44174BAC
:10B480001C704DB1164B1B7803F0FC037C2B03D1D1
:10B4900041463846FFF7D8FD05B0BDE8F08F2C4691
:10B4A000B3E701990F4E11F801AB0CEB0B000191C2
:10B4B0000AF12C0106EB41018E78C9784670417281
:10B4C0000BF10C010CEB410181F801E081F802E085
:10B4D00080F811A049460132C8E700BF9337002029
:10B4E00080440020EE0D00200120704708B5FFF7D2
:10B4F000FBFF08BDC0EB4010C3B2002003F11F02E8
:10B50000D2B2972A63F30700134628BF972382B06D
:10B5100063F30F2002B070472DE9F04F074689B062
:10B5200000780291FFF7E6FFDFF8CC80334BC4B21E
:10B530001D8898F80430ADF814005B085D43304B6B
:10B54000C0F3072BC5F3072503EB440603F5C479C5
:10B55000E3B29B4507D8BBF1960F8CBF00200120BA
:10B5600009B0BDE8F08F19F804207B781A4240D06A
:10B5700096F85A1096F85B2070391FFA81FA0AFB88
:10B580000AF0203A92B202FB020080B20392FFF767
:10B59000FEF80095034698F801C098F8020098F864
:10B5A00003E0039A4CEA002012B20FFA8AF1DDF8A8
:10B5B00008C040EA0E40E047C0F307238DF81C00A6
:10B5C000C0F307408DF81D308DF81E000798FFF777
:10B5D00037FDC0F30721C0F307438DF818008DF83D
:10B5E00019108DF81A30C2B2DBB22046C9B2FFF78B
:10B5F000D1FD02360134ABE78044002088440020AE
:10B60000EE0D00200149FFF787BF00BF37AF0008EC
:10B610000149FFF781BF00BF7BAF00080149FFF779
:10B620007BBF00BFE5A900080149FFF775BF00BF58
:10B63000EFAF00082DE9F04F074685B00078FFF71F
:10B6400059FF8A46DFF8A8802A4B98F804501B88D7
:10B650006D085D43284BC4B2ADF80400C0F3072B5E
:10B66000C5F3072503EB440603F5C479E3B29B4514
:10B6700007D8BBF1960F8CBF0020012005B0BDE8B4
:10B68000F08F19F804207B781A422ED098F80230F7
:10B6900098F8010098F803C096F85B2096F85A10C5
:10B6A00040EA0320203A70392B4640EA0C40D0474C
:10B6B000C0F307238DF80C00C0F307408DF80D3060
:10B6C0008DF80E000398FFF7BBFCC0F30721C0F311
:10B6D00007438DF808008DF809108DF80A30C2B2C2
:10B6E000DBB22046C9B2FFF755FD02360134BDE793
:10B6F0008044002088440020EE0D00200149FFF71F
:10B7000099BF00BFABAE00080149FFF793BF00BF70
:10B71000F1AE00080149FFF78DBF00BF17AA00086E
:10B720000149FFF787BF00BFBFAF00082DE9FF4702
:10B7300006460078FFF7DEFE8846244F244A3B7910
:10B7400015889B0803FB0555DFF888A0ADF80400B9
:10B75000C0F30729C5F30725C4B2E1B2894507D86C
:10B76000B9F1960F8CBF0020012004B0BDE8F0872E
:10B770001AF8042073781A4225D0BA787B78F878C2
:10B7800043EA022343EA00402A46C047C0F30723A6
:10B790008DF80C00C0F307408DF80D308DF80E00C9
:10B7A0000398FFF74DFCC0F30721C0F307438DF862
:10B7B00008008DF809108DF80A30C2B2DBB22046BD
:10B7C000C9B2FFF7E7FC0134C7E700BF804400209F
:10B7D00088440020760F00200149FFF7A7BF00BF73
:10B7E00049A800080149FFF7A1BF00BFA1A80008B0
:10B7F0000149FFF79BBF00BFF9A800080149FFF707
:10B8000095BF00BF21A900080149FFF78FBF00BF06
:10B8100059A900080149FFF789BF00BF91A9000895
:10B820000149FFF783BF00BF65AB00080149FFF77F
:10B830007DBF00BFC5AB00082DE9F04F804689B041
:10B840000078FFF757FEDFF8B8902E4B99F80440C8
:10B850001B88A4085C43C4F30724ADF81400C6B2E7
:10B86000C0F3072504F14000C0B28A46FEF7C8FFC6
:10B87000803843B220460393FEF7C2FFDFF888B05A
:10B88000A0F180077FB2F3B29D4206D8962D8CBFFF
:10B890000020012009B0BDE8F08F1BF8061098F8D1
:10B8A000012011422AD0009499F8022099F8010051
:10B8B00099F803C040EA022003993A4640EA0C4056
:10B8C000D047C0F307238DF81C00C0F307408DF864
:10B8D0001D308DF81E000798FFF7B2FBC0F307215B
:10B8E000C0F307438DF818008DF819108DF81A3041
:10B8F000C2B2DBB23046C9B2FFF74CFC0136C2E738
:10B900008044002088440020760F00200149FFF782
:10B9100093BF00BF65AA00080149FFF78DBF00BFB4
:10B92000B5AA00080149FFF787BF00BF05AB0008B3
:10B930002DE9F04F374D85B007460078FFF7DAFD67
:10B940002B794FF6FF760133FF2B28BFFF23884664
:10B95000B6FBF3F6DFF8C0B0DFF8C0A0ADF8040026
:10B96000C0F30729C4B2E1B2894507D8B9F1960FEF
:10B970008CBF0020012005B0BDE8F08F1BF804202B
:10B980007B781A4234D09AF800302548013B5BB2EC
:10B990001A062FD5324629796B780131FF2928BF45
:10B9A000FF215143AA78E87843EA0223C1F30F212B
:10B9B00043EA0040C047C0F307238DF80C00C0F3F2
:10B9C00007408DF80D308DF80E000398FFF738FB17
:10B9D000C0F30721C0F307438DF808008DF8091064
:10B9E0008DF80A30C2B2DBB22046C9B2FFF7D2FBF3
:10B9F0000134B8E7C25C8A420AD103F10C020AEBB7
:10BA0000420292F801C092784CEA0222B242C2D3BA
:10BA1000013BBDE780440020760F00208C440020CD
:10BA20009D4400200149FFF783BF00BF11AC00080F
:10BA30000149FFF77DBF00BF43AC00082DE9F04F7F
:10BA400082468DB008780492FFF754FD8B46474B31
:10BA5000C4B21B78ADF824000393454BC0F307290B
:10BA600003EB440603F5C4730593E3B2994507D885
:10BA7000B9F1960F8CBF002001200DB0BDE8F08F0A
:10BA8000059B1A5D9BF801301A4226D057460025C7
:10BA9000032238490AA8F4F721FF344B0AEB0308C4
:10BAA000039AFBB29A421BD8334BDB786B431B12D1
:10BAB0008DF82A300A98FFF7C3FAC0F30721C0F3C4
:10BAC00007438DF82C008DF82D108DF82E30C2B262
:10BAD000DBB22046C9B2FFF75DFB01340236C4E792
:10BAE00018F8013F96F85A1096F85B20C91A98F892
:10BAF000083089B2D21A92B202FB02F001FB0100B7
:10BB000080B207920691FEF742FE1B4B07F10C0E26
:10BB100093F804C0154B0CF1010CBCF1FF0F28BFCA
:10BB20004FF0FF0C03EB4E0E9EF801309EF802E042
:10BB3000079A43EA0E2303FB0CFC0699CCF30F2370
:10BB40008DF82A500093049D034612B20A9809B258
:10BB5000A847C0F307238DF82800C0F307408DF8ED
:10BB600029308DF82A00C5B2013799E78C440020AE
:10BB7000EE0D00208144002080440020044B01464B
:10BB80001B78044A013B23EAE373D8B2FFF756BFA0
:10BB90008C44002071AC00080146024A0020FFF7E7
:10BBA0004DBF00BF71AC0008044B01461B78044A2E
:10BBB000013B23EAE373D8B2FFF740BF8C44002077
:10BBC000B9AC00080146024A0020FFF737BF00BFAA
:10BBD000B9AC0008044B01461B78044A013B23EA38
:10BBE000E373D8B2FFF72ABF8C4400202DAD0008C4
:10BBF0000146024A0020FFF721BF00BF2DAD00081B
:10BC0000044B01461B78044A013B23EAE373D8B294
:10BC1000FFF714BF8C440020A5AD00080146024A7E
:10BC20000020FFF70BBF00BFA5AD0008044B014685
:10BC30001B78044A013B23EAE373D8B2FFF7FEBE48
:10BC40008C440020F1AD00080146024A0020FFF7B5
:10BC5000F5BE00BFF1AD0008F7B506460078FFF766
:10BC600049FC194AADF8000053789178C4B2C0F38A
:10BC70000725D07843EA012343EA0040FFF7E0F9C3
:10BC8000C0F307238DF80530104FC0F307438DF83C
:10BC900004008DF80630E3B29D4205D8962D8CBF86
:10BCA0000020012003B0F0BD3A5D73781A4208D03D
:10BCB00020469DF806309DF804209DF80510FFF7FA
:10BCC00069FA0134E7E700BF80440020760F0020C6
:10BCD0002DE9FF4106460078FFF70CFCDFF8A08055
:10BCE000032208F10101ADF80000C5B2C0F307243A
:10BCF00001A8F4F7F3FD019898F80170FFF7A0F997
:10BD0000C0F307238DF8093098F804308DF8080047
:10BD10001F448DF80470C0F307408DF80A000198A5
:10BD2000FFF78EF9C0F307238DF80D30154FC0F3E0
:10BD300007438DF80C008DF80E30EBB29C4206D80C
:10BD4000962C8CBF0020012004B0BDE8F0817B5D03
:10BD50007278134211D0DB07284643BF9DF80E309E
:10BD60009DF80C209DF80D109DF80A305CBF9DF8E1
:10BD700008209DF80910FFF70DFA0135DDE700BF37
:10BD800080440020760F00202DE9FF47064600780A
:10BD9000FFF7B0FBDFF88480ADF804000322C5B2E2
:10BDA000C0F3072408F1010102A8F4F797FD6FF42E
:10BDB000967398F80470DFF86890BF0809EB030ADF
:10BDC000EBB29C4206D8962C8CBF0020012004B018
:10BDD000BDE8F08719F8052073781A421BD01AF8CD
:10BDE000152098F80130120902FB07338DF808304E
:10BDF0000298FFF725F9C0F30721C0F307438DF838
:10BE00000C008DF80D108DF80E30C2B2DBB2284652
:10BE1000C9B2FFF7BFF90135D2E700BF8044002067
:10BE2000760F00202DE9FF4706460078FFF762FBFA
:10BE3000DFF88080ADF804000322C5B2C0F3072408
:10BE400008F1010102A8F4F749FDDFF86C9098F8B9
:10BE50000470A9F5977ABF08EBB29C4206D8962CDD
:10BE60008CBF0020012004B0BDE8F08719F8052040
:10BE700073781A421BD01AF8152098F801307A43CB
:10BE800003EB52138DF808300298FFF7D9F8C0F38E
:10BE90000721C0F307438DF80C008DF80D108DF8C5
:10BEA0000E30C2B2DBB22846C9B2FFF773F90135D2
:10BEB000D2E700BF80440020760F00202DE9FF412B
:10BEC00006460078FFF716FBDFF89880032208F19A
:10BED0000101ADF80400C5B2C0F3072402A8F4F7CD
:10BEE000FDFC214B98F80370188898F80430DB08A3
:10BEF0005843C0F30720FEF783FCA0F18002D3B2C1
:10BF0000120644BFC0F18000C3B25B00DBB27B43CA
:10BF10001B128DF80A300298FFF792F8134FC0F306
:10BF200007238DF80C00C0F307408DF80D308DF815
:10BF30000E00EBB29C4206D8962C8CBF002001204C
:10BF400004B0BDE8F0817A5D73781A4208D02846C3
:10BF50009DF80E309DF80C209DF80D10FFF71AF992
:10BF60000135E6E78044002088440020760F002059
:10BF700073B505460078FFF7BDFAAB78ADF804005D
:10BF8000C0F30724FBB9154B154A1B7912881033EF
:10BF9000FF2B28BFFF2353430A22C3F30F23B3FB16
:10BFA000F2F102FB11339BB23BB9FEF717FC97236A
:10BFB000584369780012FFF7F5F8962C8CBF0020E3
:10BFC000012002B070BD9DF80460B442F5DD30463A
:10BFD0006978FFF7E7F80136F7E700BF80440020F3
:10BFE0008844002073B505460078FFF783FAAB78E4
:10BFF000ADF80400C0F3072403BB154B154A1B79A9
:10C0000012881033FF2B28BFFF2353430522C3F3AD
:10C010000F23B3FBF2F202EB82029B1A9BB23BB9F5
:10C02000FEF7DCFB9723584369780012FFF7F2F81C
:10C03000962C8CBF0020012002B070BD9DF80460DA
:10C04000B442F5DD30466978FFF7E4F80136F7E7EA
:10C0500080440020884400202DE9FF4106460078F6
:10C06000FFF748FADFF8A080032208F10101ADF8DC
:10C070000400C5B2C0F3072402A8F4F72FFC234B39
:10C0800098F80170188898F80430DB085843C0F31A
:10C090000720FEF7B5FBA0F18002D3B212064FF0E5
:10C0A0000C0244BFC0F18000C3B25B00DBB253435B
:10C0B00007EB13278DF808700298FEF763FB144F07
:10C0C000C0F307238DF80C00C0F307408DF80D3046
:10C0D0008DF80E00EBB29C4206D8962C8CBF002047
:10C0E000012004B0BDE8F0817A5D73781A4208D06F
:10C0F00028469DF80E309DF80C209DF80D10FFF796
:10C1000049F80135E6E700BF80440020884400205C
:10C11000760F00202DE9F04F074687B00078FFF733
:10C12000E9F9C3B20193BB78ADF80C00C0F3072462
:10C130004BB1002211461046FFF798F85A22002111
:10C140003E48F4F745FB3B786BB93D4D288802F03B
:10C1500030FC18288CBF012200223A4B1A7002D9F9
:10C1600002F022FC28800026B0464FF00F0B364B21
:10C1700006EB030A314B06EB03091AF8013B019A5F
:10C1800093420CD3A3420AD22F4A134493F8882136
:10C190007B781A4218D108F101085FFA88F80BF190
:10C1A000FF3313F0FF0B09F10109E6D14B2E04D048
:10C1B000B8F11E0F06F10F06D7D9962C8CBF0020C0
:10C1C000012007B0BDE8F08F99F800501F4AA5F193
:10C1D000550323EAE373C3F1AA038DF81030937873
:10C1E000D2788DF8113005F1AA03FF2B28BFFF2369
:10C1F00003EB43030233DBB253431B128DF81230BF
:10C200000498FEF71DFFC0F30721C0F307438DF824
:10C2100014008DF815108DF81630C2B2DBB21AF882
:10C22000010CC9B2FEF7B6FF064B1B78002BB2D04B
:10C23000013D25EAE57589F80050ACE7C0370020DC
:10C240001C3800201A380020EE0D00208044002009
:10C2500013B50078FFF74EF9C0F307242146C0B2AA
:10C26000F7F7F8FE962C8CBF0020012002B010BD1D
:10C2700007B500780138C0B2FFF73CF9C0F30721D9
:10C28000C0B2FBF741FC03B05DF804FB2DE9F04FB1
:10C29000964C8FB0206802F093FB054602F04CFBF1
:10C2A00020600024924EA44696F800E0C5F57F4732
:10C2B0007146FF37E3B29E4517D8BCF1000F00D09E
:10C2C00031708C4D8C4C2B7813F0030218BF9B08F7
:10C2D000019218BF01932378032B00F22483DFE837
:10C2E00013F01C0029002E033A0304F10C0206EBA4
:10C2F0004202537892F80280013443EA08239F42B5
:10C3000029BF5B1901F1FF315370C3F307233ABF13
:10C310004FF0010CC9B29370CCE70022774B7449FF
:10C320001A70774B292218607648F4F7D7FA012360
:10C330002370F8E2744B019A1B78934246D1734AFA
:10C340002B78127803F003039B1A18BF01236B4E5E
:10C350007278B3706B799A4205D00022114610466C
:10C360007370FEF783FF019A2D2A38D8DFE812F0A8
:10C370003000390056005A005E00620066006A0014
:10C380006E00720076007A007E00820086008A00CD
:10C390008E00920096009A009E00A200A600AA00BD
:10C3A000AE00B200B600BA00D0002901E6019D023D
:10C3B000A102A502A902AD02B102B502B902BD02F5
:10C3C000C102C502C902CD02D102D5020123BEE7D6
:10C3D000B37823B1002211461046FEF747FF002034
:10C3E00002E04648FFF738FC444B1A7801321A70D5
:10C3F000002840F09B8202213F4A9B781170002B5D
:10C4000040F0B682019B002B00F08B82FFF76EF8A4
:10C410003A480FB0BDE8F04FFFF72ABF3748FFF7A3
:10C4200057FCE1E73548FFF7AFFCDDE73348FFF79E
:10C43000F9FCD9E73148FFF741FDD5E72F48FFF771
:10C44000CBF9D1E72D48FFF7CDF9CDE72B48FFF722
:10C4500055F9C9E72948FFF757F9C5E72748FFF716
:10C46000D1F8C1E72548FFF7D3F8BDE72348FFF728
:10C47000BFF9B9E72148FFF7C1F9B5E71F48FFF752
:10C48000C3F9B1E71D48FFF7C5F9ADE71B48FFF752
:10C49000C5F8A9E71948FFF73DF9A5E71748FFF7E1
:10C4A0003FF9A1E71548FFF7BFF89DE71348FFF7ED
:10C4B0002DFA99E71148FFF72FFA95E70F48FFF794
:10C4C00031FA91E70D48FFF753FD8DE70B48FFF771
:10C4D00089FD89E70948FFF7BFFD85E70748FFF7B2
:10C4E0009FF981E70548FFF7A1F97DE7BC370020F8
:10C4F00093370020804400201C1000201D100020D5
:10C50000884400208C4400202010002021100020AE
:10C510003078FEF7EFFFDFF80882824FD8F800206E
:10C520003B68ADF82C009A42C0F3072437D9FEF7D8
:10C5300055F9972358437C4B4FEA202903EB2023DE
:10C5400093F8882173781A4229D0FEF747F98207B9
:10C550002AD50023ADF830308DF832300C98FEF734
:10C560006FFDC0F30721C0F30743C2B28DF834005A
:10C570008DF835108DF836304846DBB2C9B2FEF77B
:10C5800009FE2B794FF4FA721033FF2B28BFFF23DB
:10C590001B09B2FBF3F3D8F8002013443B60962C40
:10C5A0008CBF002001201FE7FEF718F98DF830003E
:10C5B000FEF714F940F357007F30EB788DF8310027
:10C5C000CAE7DFF86891DFF858A1D9F80020DAF857
:10C5D00000309A423FF603AFB378554FBBBB30787B
:10C5E000FEF788FFADF83000C0F30724C0B200EBBF
:10C5F0004008DFF840B1B844C3B29C425FD8962CE3
:10C60000CDD94D4904EB4402033AC81EF4F73CF877
:10C61000FEF7E4F804F1FF3810F0020F4FEA480685
:10C6200060D000234644BA19BB55537093702B79E0
:10C6300040F6B8321033FF2B28BFFF231B09B2FB93
:10C64000F3F3DAF800201344C9F80030A7E700221A
:10C65000002411461046FEF709FEB846A346FEF731
:10C66000BDF883070BD588F800B088F801B088F8CA
:10C6700002B00134972C08F10308F0D1AFE7FEF7C0
:10C68000ADF88DF83400FEF7A9F8EB7840F35700C9
:10C690007F3004EB44028DF836308DF83500BB183E
:10C6A0000D9803920293FEF76DF8039A029BB8541B
:10C6B000C0F30722C0F307405A709870D9E71BF8FF
:10C6C000002073781A4209D098F8023098F80020B8
:10C6D00098F801100290FEF75DFD029808F103083A
:10C6E000013089E7FEF77AF88DF83400FEF776F826
:10C6F000EB7840F357007F308DF836308DF83500F9
:10C700000D98FEF73FF84644B85507EB0608C0F30E
:10C710000723C0F3074088F8013088F8020086E755
:10C72000884400208C370020EE0D00208837002040
:10C73000C0350020760F0020C3350020B37823B128
:10C74000002211461046FEF791FD3078FEF7D2FE2A
:10C75000C0F307230893884BADF830001A68874B65
:10C760001B689A4240F29880AA786B78E87843EA8E
:10C77000022343EA0040FEF763FC814DC0F3072229
:10C78000AB46C0F307438DF835208DF83630C1B283
:10C79000D2B2DBB27B4FDFF8F0918DF83400039119
:10C7A00004920593AA46B84600260F35CDF818A086
:10C7B000079518F8014B002C71D003A91AC90293F0
:10C7C000069B13F8010B06930BEB000393F88821EB
:10C7D00099F801301A4205D02346029A0991FEF7D2
:10C7E000D9FC0999079B13F8010D07930BEB000384
:10C7F00093F8882199F801301A4203D02346029A0F
:10C80000FEF7C8FC013698F80030F6B2062E08F89C
:10C81000013CCED1BC79002C44D0059C039EDDF8B0
:10C8200010809AF806000BEB000393F8882199F822
:10C8300001301A4204D0234642463146FEF7AAFC94
:10C840009AF808000BEB000393F8882199F801305F
:10C850001A4204D0234642463146FEF79BFCFDF7C0
:10C86000BDFF00F00300B0FA80F0484B40099D4244
:10C87000B87107F1070795D1454B40F6B8321B79DF
:10C880001033FF2B28BFFF231B09B2FBF3F33A4AF7
:10C8900012681344394A1360089B962B80E62146A0
:10C8A00002948DE72646A046BBE73748FFF732FCE7
:10C8B0009AE53548FEF7E0FC91E53348FFF7B2F81A
:10C8C00092E53148FFF7B4F88EE52F48FFF756F9A7
:10C8D0008AE52D48FFF760F986E52B48FFF764F9F4
:10C8E00082E52948FFF76EF97EE52748FFF772F9E0
:10C8F0007AE52548FFF77CF976E52348FFF780F9CC
:10C9000072E52148FFF78AF96EE51F48FFF78EF9B7
:10C910006AE51D48FFF798F966E51B48FFF798FCA4
:10C9200062E5032313700FB0BDE8F08F019B002B6D
:10C93000F9D0184B1B78022B7FF46AAD66E5019A9B
:10C94000154B1A702B78154AC3F301031370FEF7C9
:10C950001BFC0323ECE4124B1B780BB1FEF762FBCC
:10C96000054B186802F02CF80F28DCD90023DFE40F
:10C97000019B002BD7D049E588440020BC3500201E
:10C98000EE0D0020903500201D100020480E0020E4
:10C99000804400201C1000202010002021100020C6
:10C9A0009237002010B500240D4B1B6898470D48A6
:10C9B0001022FF2100F8194BF3F70AFF0A48102252
:10C9C000FF2100F8194BF3F703FFFEF73BFA074B83
:10C9D0001B78032B03D8BDE81040FEF7A9BB10BDA0
:10C9E000E42B01088C440020933700208044002071
:10C9F00070470000044A137883F00103137000228B
:10CA0000024B1A70FEF716BA804400201C1000205A
:10CA10000020FFF7EFBF0120FFF7ECBF064A1378B5
:10CA200013F0030304BF05490B700121137861F370
:10CA300001031370704700BF804400201C100020C9
:10CA4000054B1A7892071EBF0021044A11701A780C
:10CA500022F003021A707047804400201C1000204E
:10CA6000024B187800F00300704700BF804400209C
:10CA70000C4A034608461178890711D063B12D2B63
:10CA80000CD803F03F03117863F387011170002283
:10CA9000054B1A70FEF7CEB90123F4E72D23F2E718
:10CAA000704700BF804400201C1000200021FFF7C9
:10CAB000DFBF0121FFF7DCBF014B1878800870470A
:10CAC00080440020054B01461B789B0801332E2B28
:10CAD00034BF18460120FFF7CBBF00BF80440020C1
:10CAE0000120FFF7EFBF0000064B01461B78C3F3A0
:10CAF0008503013B13F0FF0314BF18462D20FFF7F9
:10CB0000B7BF00BF804400200120FFF7EDBF000049
:10CB100030B4084C0546184623789B0708D0A02A55
:10CB200028BFA0226570A170E27030BCFEF782B908
:10CB300030BC7047804400200023FFF7E9BF012389
:10CB4000FFF7E6BF07B50322094901A8F3F7C6FEC0
:10CB500000209DF8043063F307009DF8053063F36F
:10CB60000F209DF8063063F3174003B05DF804FB17
:10CB700081440020014B5878704700BF804400205A
:10CB8000014B9878704700BF80440020014BD87853
:10CB9000704700BF80440020034903464878CA78A4
:10CBA00008308978FFF7B4BF804400200120FFF7E8
:10CBB000F3BF0000054910B44C780346083CCA781E
:10CBC000A0B2897810BCFFF7A3BF00BF804400204B
:10CBD0000120FFF7EFBF000010B4064C0346A17818
:10CBE000E2781031FF2928BFFF216078C9B210BC5C
:10CBF000FFF78EBF804400200120FFF7EDBF00004B
:10CC000010B4064C0346A178E278103921EAE171AC
:10CC10006078C9B210BCFFF77BBF00BF8044002022
:10CC20000120FFF7EDBF000010B4064C0346E27888
:10CC3000A1782032FF2A28BFFF226078D2B210BC30
:10CC4000FFF766BF804400200120FFF7EDBF000022
:10CC500010B4064C0346E278A178203A22EAE27248
:10CC60006078D2B210BCFFF753BF00BF80440020F1
:10CC70000120FFF7EDBF0000024B18710020FEF706
:10CC8000D9B800BF80440020024B18710120FEF784
:10CC9000D1B800BF80440020014B1879704700BF15
:10CCA00080440020044A13792833FF2B28BFFF2338
:10CCB0001371FEF7BFB800BF804400200120FFF7CA
:10CCC000F1BF0000034A1379283B23EAE373137191
:10CCD000FEF7B0B8804400200120FFF7F3BF00004A
:10CCE000024B58710020FEF7A5B800BF8044002019
:10CCF000F0B50C4D00EB4007EE1996F801C044006A
:10CD00008C4505D1EF5D974202D1B6789E4207D09F
:10CD100001272044044E2C18377061702A54A370E8
:10CD2000F0BD00BFB54400201E38002070B513468A
:10CD300005460E4600242046324629460134FFF7B8
:10CD4000D7FF972CF7D170BD08B500F02BFA002261
:10CD5000014B1A7008BD00BF1E38002010B5054CED
:10CD600023782BB19721044800F036FA0023237072
:10CD700010BD00BF1E380020B544002000B1104790
:10CD80000847000038B54D790446002D43D1FCF723
:10CD9000FBFAA4F5F043203B00F02200142B3AD814
:10CDA000DFE803F00B0F14171A1D202326292C2F60
:10CDB0003335370D0D0D0D0D0D00FFF72CFE2846F8
:10CDC00038BD164A1649FFF7D9FFF8E7144A134948
:10CDD000F9E7144A1449F6E7134A1249F3E7134AEC
:10CDE0001349F0E7124A1149EDE7124A1249EAE7FE
:10CDF000114A1049E7E7114A1149E4E7104A0F497F
:10CE0000E1E70120FFF755FED9E70520FAE70D20FD
:10CE1000F8E71220F6E70125D1E700BF09CB0008AB
:10CE2000E1CA0008D1CB0008ADCB000821CC000836
:10CE3000F9CB000871CC000849CC0008D9CC000817
:10CE4000BDCC00082DE9F0414FF0120C4618054604
:10CE5000194610460027B54201D3BDE8F08115F808
:10CE6000013B83EA0002A2FB0C830CFB0133480167
:10CE7000540114EB080440EAD26043EB00034FEA8C
:10CE8000C218A4184FEAC11041EB03034FEA022E67
:10CE900040EA526014EB08044FEA012143EB00031F
:10CEA00041EA126114EB0E0443EB01030EEB0301A4
:10CEB0003819D0E7FCF788BC08B5082200210348E0
:10CEC000F3F786FCBDE8084000F004B920380020E4
:10CED0008378C078013303F003031B1A584258418A
:10CEE000704710B50446FFF7F3FF78B9A37801F057
:10CEF0007F01E01841EAC21202710120013303F000
:10CF00000303A37023780133237010BD0020FCE7D6
:10CF100010B5C37884789C4211D003441B79C3F3C5
:10CF2000C014C3F306030B701470C378013303F00D
:10CF30000303C370437801334370012010BD002008
:10CF4000FCE700000A4601460148FFF7CABF00BFE0
:10CF5000203800200A4601460148FFF7D9BF00BF2C
:10CF6000203800202DE9F0412D4B86B01A7832B1DF
:10CF700000221A702B4B9A78DA701A785A7000F0E7
:10CF8000E3F8FFF797FF044600283CD00024FC2676
:10CF900030E09DF806409DF807808DF81040B8F10C
:10CFA000000F34D0FD2302278DF8113001F0FCFC76
:10CFB0000123ADF812008DF815308DF8147006AB12
:10CFC00013E90300FBF7FEFA8DF80840B8F1000FF3
:10CFD00023D0FD238DF8093001F0E6FC0023ADF8E5
:10CFE0000A008DF80C708DF80D30DDE90201FBF7B9
:10CFF000E9FA2C460DF107010DF10600FFF7AAFF33
:10D0000005460028C5D1204606B0BDE8F0818DF860
:10D010001160032701F0C8FCCAE78DF80960DBE75F
:10D020001F380020203800204FF4165002F00EBDAB
:10D03000012301F1804101F2064101F00F0120229C
:10D04000024803FA01F104F039B900BF00040040BE
:10D05000054B01F18041186901F2064101F00F0111
:10D06000C84000F001007047000400407047000015
:10D070002DE9F0410025154F3B78ECB2A3420CD8C6
:10D08000FFF7D2FF0026DFF848803B78F5B2AB42CD
:10D090000DD8FFF7EBFFBDE8F08100212046FFF738
:10D0A000C7FF01212046FFF7C3FF0135E4E7002158
:10D0B0002846FFF7CDFF012104462846FFF7C8FFA9
:10D0C00044EA400408F805400136DEE7283800202D
:10D0D0002A3800200122024B1A70FFF7C9BF00BF97
:10D0E0002838002038B541EA4203144ADBB2115C0B
:10D0F000044601F00305AB421FD043EA8103DBB2D3
:10D100000F4D13540F4A03F00F03D35C2A5C1344F2
:10D110005BB2012B2B5402DD0021FFF713FF2B57CD
:10D12000013303DA01212046FFF70CFF2B57002BB8
:10D1300003F00103B8BF5B422B5538BD2A380020ED
:10D1400029380020F42C0108F8B500250A4F3B7857
:10D15000ECB2A34200D8F8BD00212046FFF778FFCB
:10D16000012106462046FFF773FF3146024620465E
:10D17000FFF7B8FF0135EAE728380020C1F10301C5
:10D18000490040FA01F3022213F0010F14BF0E23ED
:10D1900008238A4002421ABFA3F12000C0B243F024
:10D1A0008000704708B540F282224FF400410748E2
:10D1B00004F084F8064803F015FB0649044803F020
:10D1C0009BFABDE80840024803F0B2BA00040040F0
:10D1D00010490020042D01082DE9F04F05460E46A8
:10D1E00000244FF00C08274F85B0E3B2B34208D3B8
:10D1F0004FF4F161234A244805B0BDE8F04F03F035
:10D20000B2BA4FF0000A03EB43016A1808FB03F9B6
:10D21000695C0291517892780391019209F10302BD
:10D2200002EB070B51460298FFF7A8FF0AF1010A2B
:10D23000BAF1040F0BF8010FF4D14FF0000B09F114
:10D24000070207EB020A59460398FFF797FF0BF115
:10D25000010BBBF1040F0AF8010FF4D14FF0000BE2
:10D2600009F10B0307EB030A59460198FFF786FF04
:10D270000BF1010BBBF1040F0AF8010FF4D10134DB
:10D28000B3E700BF2B38002010490020FCF7C1B9DC
:10D2900008B50420FCF768FDC0F3C00008BD08B560
:10D2A000FCF722FE4FF4C86002F057FDFCF71CFEAD
:10D2B000FFF7EEFF28B1FFF7E9FFBDE8084001F0F6
:10D2C00097BB08BD08B5FFF7EAFF08BD2DE9F84395
:10D2D0009046994610B90020BDE8F8830029FAD09D
:10D2E000002AF8D0002BF6D0054600232F783FBB4C
:10D2F000164E3278541CE4B23470BCB100234FEAAD
:10D30000031C10F80CC0A44510D001338B42F6D199
:10D3100007B1347033782B7001F00EFB089B40444A
:10D320006860C5F808903078EB60D5E7631CA242CE
:10D330004FF00107DBB201D13370CCE71C46DCE7CC
:10D3400001338B4205F11005D0D1C4E738400020ED
:10D35000034610B510468BB191B14AB100221C783A
:10D36000844206D1002201201A705A609A60DA6065
:10D3700010BD01328A4203F11003F0D10020F7E71B
:10D380000846F5E72DE9F041154604460E4601F042
:10D39000D3FA2B680746C31A002B03DD286000254B
:10D3A000B54201D1BDE8F08194F80080B8F1000FDA
:10D3B0000DD06068C31B002B09DCA368E1689847A7
:10D3C0002378434503D128B1636803446360013582
:10D3D0001034E5E720706060A060E060F7E70000CF
:10D3E00007B50B460092082102460348FFF76EFF7F
:10D3F00003B05DF804FB00BFB43F002002460821E3
:10D400000148FFF7A5BF00BFB43F00200821024A32
:10D410000248FFF7B7BF00BF34400020B43F0020F0
:10D42000062070471E23520003FB0122B42303FB96
:10D43000002000F216307047052838B510D80529AD
:10D440000ED80E2A0CD8FFF7EDFF0546FCF7CEFDEF
:10D450000402681CFCF7CAFDA4B2204380B238BDA8
:10D460000020FCE7052870B51C460FD805290DD80B
:10D470000E2A0BD8FFF7D6FF0546210AFCF71EFE41
:10D48000E1B2681CBDE87040FCF718BE70BD05280D
:10D4900070B5164616D8A9B9800000F24E7482F015
:10D4A000010004EB4000FCF7A1FD002E4FEA00252F
:10D4B0000CBF032001202044FCF798FDADB22843A7
:10D4C00080B270BD0020FCE7052870B516461D46E9
:10D4D00014D899B9800000F24E7482F0010004EB78
:10D4E0004000190AFCF7EAFD002E0CBF03200120C2
:10D4F000E9B22044BDE87040FCF7E0BD70BD2DE905
:10D50000F84300250026ECB212E05FFA87F94A469C
:10D5100041462046FAF78EFE013703464A46414609
:10D520002046FFF79FFF0F2FEFD10136062E03D0C5
:10D5300000275FFA86F8E8E7012200212046FAF783
:10D540008DFE0122034600212046FFF7BDFF002289
:10D5500020461146FAF782FE002203461146204675
:10D560000135FFF7B1FF062DCCD1BDE8F88370B5CA
:10D57000144600F216355618B44200D170BDA5F21B
:10D580001633B3F5876F06DA2846FCF72FFD04F84B
:10D59000010B0135F0E70020F9E770B5144600F201
:10D5A00016355618B44200D170BDA5F21633B3F546
:10D5B000876F03DA28462178FCF780FD01340135B6
:10D5C000F0E7052810B406D8052904D80E2A02D899
:10D5D00010BCFFF731BF002010BC7047052802D8EF
:10D5E00009B9FFF754BF002070472020704740F66C
:10D5F0009A007047F8B51446054640F69907561844
:10D60000B44200D1F8BDBD4207DC05F26670FCF7FC
:10D61000EDFC04F8010B0135F2E70020F9E7F8B55D
:10D620001446054640F699075618B44200D1F8BD95
:10D63000BD4204DC217805F26670FCF73FFD013441
:10D640000135F2E710B540F266742046002101343E
:10D65000FCF734FDB4F5805FF7D110BD1F282DE92C
:10D66000F341054655D840F6FF70FCF7BFFC002893
:10D670004FD140F266744DBB6F4600950195204630
:10D68000FCF7B4FC04F101088DF800008DF801509E
:10D6900000283ED0012813D14046FCF7A7FCA61C69
:10D6A0008DF80100A8B3431E022B1BD83046FCF7AF
:10D6B0009DFC04F103088DF8020050B38DF803506F
:10D6C0000021384600F032FC4446D8E7B4F5805FCC
:10D6D0001FD02046FCF78AFC01340028F6D1013D1A
:10D6E000EDB2C8E704280FD102243046FCF77EFCD7
:10D6F0000136385568B17C2808D104F108030DEBD8
:10D700000304002304F8073CB046D9E70134072C92
:10D71000EBD102B0BDE8F08147F61643984210B550
:10D720000C461BD1FBF730FE62790D4B72B100F055
:10D73000AA00002813BF01220022292035201A70D8
:10D7400001F00AF8FBF7EAFE002010BD1B78002B61
:10D750000CBF2920352001F019F8F3E70120F4E788
:10D760003940002038B505464879002800F0DC80B3
:10D77000A5F5E045ABB2222B00F2BB80FBF76CFFB6
:10D780006A4C013D2080212D12D8DFE805F04DBD07
:10D79000551B1F59235D692FB5336D3771973B7545
:10D7A0009F417B8327612B65477F8EA9B31651C5A7
:10D7B000237843F00103237095E0637843F0080376
:10D7C000637090E0237843F00203F4E7237843F09A
:10D7D0000403F0E7237843F00803ECE7637843F0B1
:10D7E0000103EDE7637843F00203E9E7237843F0B0
:10D7F0001003E0E7237843F02003DCE7237843F0CD
:10D800004003D8E7FBF7F2F9237843F08003D2E72F
:10D81000237823F00C0343F00C03CCE7637823F068
:10D82000030343F00303CBE7237823F00103C2E7AC
:10D83000637823F00803C3E7237823F00203BAE7F1
:10D84000237823F00403B6E7237823F00803B2E734
:10D85000637823F00103B3E7637823F00203AFE7B3
:10D86000237823F01003A6E7237823F02003A2E710
:10D87000237823F040039EE7FBF7B8F9237823F0E1
:10D88000800398E7237823F00C0394E7637823F070
:10D89000030395E72378C3F3800282F00102D2B23A
:10D8A00062F3820362F3C30385E76378DA4302F02D
:10D8B000010262F3000362F3410381E72378C3F3BB
:10D8C000801282F0010262F3861374E7FBF78EF98F
:10D8D0002378C3F3C01282F0010262F3C7136AE730
:10D8E0000120FBF7CEFE2088FBF7B9FEFBF77EF99F
:10D8F000002038BD0020F4E72378C3F3001282F043
:10D90000010262F3041356E72378C3F3000282F0A6
:10D91000010262F300034EE76378C3F3C00282F0B2
:10D92000010262F3C3034BE70120E2E766440020F3
:10D9300000EB4003C3EB031300EB830083B200B2A0
:10D94000002807DA803800B20028B8BFFF30001284
:10D9500040B2704703F18000C0F30720F8E70000F1
:10D96000164B1B78D90707D5154B187840007F2830
:10D970001FD800B3C0B270479A0703D5104B187870
:10D980008000F4E75B0703D50D4B1878C000EEE785
:10D990000C4B1B785BB10C4A09491278087893420A
:10D9A000F4D25843C000B0FBF2F080B2DFE70820A9
:10D9B000E0E77F2070470120704700BF4040002013
:10D9C000291000203F40002028100020144B1B7815
:10D9D000D90705D5134B18788008F0B1C0B270474D
:10D9E0009A0703D50F4B18784008F6E75B0705D573
:10D9F0000C4B18787F28F0D97F2070470A4B1B7892
:10DA00004BB10A4A07491278087893423CBF584301
:10DA1000B0FBF2F0EEE70120E0E70120704700BF25
:10DA200040400020251000203E400020241000200F
:10DA300008B5A0F1CD03122B10D8DFE803F00A10CF
:10DA400013192E2E2E2E2E2E2E2E1C21252B363C3B
:10DA50004100FFF785FF40421C4BD87008BDFFF71F
:10DA60007FFFF9E7FFF77CFF4042184B9870F5E71E
:10DA7000FFF776FFF9E7FFF7A9FF144B1871EDE701
:10DA8000FFF7A4FF4042F8E7FFF7A0FF40420F4B2B
:10DA90005871E3E7FFF79AFFF9E701230B4AD13802
:10DAA000517883400B435370D8E7094A137843F009
:10DAB00001031370D2E7064A137843F00203F8E734
:10DAC000034A137843F00403F3E700BF414000200A
:10DAD00040400020414BCD2893F9032012D1002A69
:10DAE00001DA0022DA70D9789A780A4351B20AB979
:10DAF0003B4A11701A795B7913435AB20BB9394B0F
:10DB00001A707047CE2802D1002AEADCEBE7CF2852
:10DB100093F9022004D1002AE5DA00229A70E2E7A4
:10DB2000D02802D1002AF8DCDDE7D92893F90420B7
:10DB300004D1002AD7DD00221A71D4E7DA2802D1F5
:10DB4000002AD0DAF7E7DB2893F9052004D1002A70
:10DB5000C9DA00225A71C6E7DC2802D1002AF8DCB3
:10DB6000C1E7D1380E28BED801A252F820F000BF7C
:10DB7000ADDB0008ADDB0008ADDB0008ADDB000865
:10DB8000ADDB0008ADDB0008ADDB0008ADDB000855
:10DB9000E7DA0008E7DA0008E7DA0008E7DA000861
:10DBA000BBDB0008C7DB0008D1DB000801215A7885
:10DBB000814022EA01025A7095E70B490A7822F067
:10DBC00001020A708FE708490A7822F00202F8E79A
:10DBD00005490A7822F00402F3E700BF4140002023
:10DBE0003F4000203E4000204040002008B500F0AB
:10DBF000DBFE094B9A78D9780A431CBF074A10808C
:10DC00001A795B791A431CBF054B18800248BDE89E
:10DC1000084000F0C9BC00BF414000203C4000204B
:10DC20003A400020062208B500210548F2F7D0FD51
:10DC30000023044A1370044A1370044A137008BD89
:10DC4000414000203F4000203E4000204040002056
:10DC500090F902305BB990F9033043B990F9043080
:10DC60002BB990F90500003818BF0120704701203A
:10DC70007047000037B5514C062221466846F2F73E
:10DC80002DFE00239DF80320A370E37023716371C0
:10DC90009DF8023013430AD0494B188800F089FEE2
:10DCA00048490B783BB3484A127890422CDC9DF8E7
:10DCB00004309DF8052013430BD0444B188800F026
:10DCC00078FE43490B78002B46D0424A12789042A6
:10DCD0004BDC6946394800F08FFD18B93748FFF72B
:10DCE000B7FF08B1FFF782FF062269463348F2F713
:10DCF000F5FD03B030BD0A25374A12786A439042D9
:10DD0000D5DD01330B7001E0FF2BFAD19DF90250F4
:10DD10003DB1FFF725FE002DD4BFFF23012358435B
:10DD2000A0709DF903503DB1FFF71AFE002DD4BF3E
:10DD3000FF2301235843E07094F902000028B6D075
:10DD400094F90320002AB2D0FFF7F2FDA07010462C
:10DD5000FFF7EEFDE070AAE70A25204A12786A4331
:10DD60009042B6DD01330B7001E0FF2BFAD19DF933
:10DD700004503DB1FFF72AFE002DD4BFFF2301233D
:10DD8000584320719DF905503DB1FFF71FFE002D4E
:10DD9000D4BFFF2301235843607194F90400002885
:10DDA00097D094F90520002A93D0FFF7C1FD207188
:10DDB0001046FFF7BDFD60718BE700BF41400020BA
:10DDC0003C4000203F4000202A1000203A40002024
:10DDD0003E400020261000202B100020271000209D
:10DDE0004D4B2DE9F0410C464C49C2081F5C4C4B91
:10DDF0008E5C4C499B5C00F0070011F802800341E7
:10DE0000064148FA00F813F0010506F0010608F093
:10DE1000010812D0E120FAF707FC002C6ED040F286
:10DE2000E7300021DFF800C14FF47A720023E4FBF1
:10DE30000C01F2F7DBF901F090FF96B1E620FAF75A
:10DE4000F3FB002C5CD040F2E7300021DFF8D8C0B3
:10DE50004FF47A720023E4FB0C01F2F7C7F901F0EA
:10DE60007CFF21463846FAF761FC002C4AD040F28C
:10DE7000E73000212C4F4FF47A720023E4FB0701B6
:10DE8000F2F7B4F901F069FF86B1E620FAF714FC65
:10DE9000D4B340F2E7300021234E4FF47A720023CE
:10DEA000E4FB0601F2F7A2F901F057FF85B1E1208A
:10DEB000FAF702FC54B340F2E73000211A4D4FF458
:10DEC0007A720023E4FB0501F2F790F901F045FFB7
:10DED000B8F1000F1ED02C20FAF744FCC4B140F278
:10DEE000E7300021104D4FF47A720023E4FB050166
:10DEF000F2F77CF9BDE8F04101F02FBF01209AE76D
:10DF00000120ACE70120BDE70120CDE70120DDE7DE
:10DF10000120EFE7BDE8F081182D0108A82D0108C8
:10DF2000B82D0108982D0108A0860100F8B50D460E
:10DF30000446002140F2E730294E4FF47A72002364
:10DF4000E5FB0601F2F752F907462078002846D093
:10DF5000012840D16378013B032B03D8DFE803F0AD
:10DF6000090F14190134A5B3384601F0F6FE013447
:10DF7000EBE7A078A61CFAF7F5FB3446F3E7A078A8
:10DF8000A61CFAF751FBF8E7A078A61CFAF794FB59
:10DF9000F3E700260A2014F8023F124AD15C11F080
:10DFA00004010ED19EB140F2E730DFF834C04FF4E7
:10DFB0007A720023C6FB0C01F2F718F901F0CDFECE
:10DFC000D1E7303B00FB063614F8013FE6E70120BD
:10DFD000F4E70120C9E72946FFF702FFC7E7F8BDCC
:10DFE000A086010059200108F8B5144642791D4663
:10DFF0009DF81870284B92B11C7000F0D5FC274B8F
:10E00000188004F12003DBB2072B44D8012004F070
:10E010000704A040C0B2BDE8F840FAF7ABBB1E78D9
:10E02000A6422ED11D4B188800F0C3FCC72828D863
:10E03000AE4205F1200415D006F12003DBB2072B18
:10E0400006D8012006F00706B040C0B2FAF79BFBE5
:10E05000E3B2072B06D8012005F007039840C0B2B1
:10E06000FAF788FB3846E4B2FAF77CFB072C12D8A3
:10E07000012005F00705A840C0B2BDE8F840FAF756
:10E0800082BB04F12003DBB2072B04D8012004F08B
:10E090000704A040F0E7F8BD4A40002048400020B7
:10E0A0000346A3F5F843183B07B50846062B3BD8B3
:10E0B000DFE803F0171E0410252C330026230093FD
:10E0C000E12347F61A411A46FFF78EFF002003B0FE
:10E0D0005DF804FB27230093E52347F61B411A460E
:10E0E000F2E72623E022009347F61841E123EBE70D
:10E0F0002723E422009347F61941E523E4E726238A
:10E10000E222009347F61C41E123DDE72723E622C4
:10E11000009347F61D41E523D6E72823E522009327
:10E1200047F61E410123CFE74B7913B10022024B82
:10E130001A700120CBE700BF4A40002038B547F6EF
:10E140007743984205D047F6784398421BD0012088
:10E1500038BD4B7993B100F01FF8FAF7E3FD00F0FA
:10E160001BF8044600F01EF8054600F021F8294689
:10E1700002462046FAF7DCFE0020E9E700F00CF842
:10E18000FAF7DAFDEBE74B7913B100F00BF8E4E7AF
:10E1900000F008F8F4E70000014B1878704700BF62
:10E1A0002E100020014B1878704700BF2D10002062
:10E1B000014B1878704700BF2C10002040F212303D
:10E1C00008B5FBF713FF262801D0002008BD40F258
:10E1D0001330FBF70BFF0928F7D14FF44570FBF71D
:10E1E00005FFA0F1280358425841EFE710B5041E7F
:10E1F0000CBFFF21262140F21230FBF75FFF002CFD
:10E200000CBFFF21092140F21330FBF757FF002C10
:10E2100008BFFF21BDE8104018BF28214FF445700A
:10E22000FBF74CBF704708B540F21530FBF7DEFE38
:10E2300008BD704710B50446FFF7FBFFE1B240F29E
:10E240001530BDE81040FBF739BF08B50020FFF7D7
:10E25000CDFF0020FFF7EEFFFFF751F9FFF7F2F9CE
:10E26000BDE808400120FFF7C1BF08B5FFF7DAFF9E
:10E27000FFF7D9FFFFF7DDFFFFF7A0FF18B9BDE8F3
:10E280000840FFF7E2BF08BDFEF7C2BB08B5034672
:10E29000487940B1A3F5EE427F2A03D8D8B2FFF700
:10E2A000DDF9002008BD0120FCE710B50378044625
:10E2B000013B032B0BD8DFE803F0020B1215FEF72E
:10E2C00065FCA023C0EB0020B0FBF3F0607010BD34
:10E2D000FEF7C6FB0028F9D0FEF7EEFBF6E7FEF7E7
:10E2E000DBFCF3E7FEF746FC6070FEF749FCA0702C
:10E2F000EDE738B503780446013B032B2BD8DFE864
:10E3000003F002111E23FEF735FC0546FEF738FC2C
:10E31000A023014662785A43120A2846BDE83840D5
:10E32000FEF70ABC43781BB9BDE83840FEF788BB4E
:10E33000FEF774FB6078BDE83840FEF7B7BB407865
:10E34000BDE83840FEF798BC84784578FEF71EFC9F
:10E3500021460246E1E738BD034610F8022B082AA1
:10E3600005D0092A05D0072A05D1FFF7C2BFFFF75C
:10E370009CBFFCF7DBBEFF221A70704708B54378DC
:10E38000032B03D1BDE80840FFF7E6BFF6F738FCE2
:10E3900008BDF8B504460D46F6F7B2FC002840F07B
:10E3A000D7802378013B142B49D8DFE803F00B1505
:10E3B000435D636F72727277487D8187929DA0A3DF
:10E3C000AEB9C200002363700C23A3702946204617
:10E3D000BDE8F840F7F796B86378013B032B2ED8D9
:10E3E000DFE803F0020A122200F0A6FA030EA3707F
:10E3F000030CE370030A04E0FFF715FF0023A3708A
:10E40000E37023716071E1E7A678E71C052E07F140
:10E410000207DBDCF0B2FBF7A7FC030A07F8023CBB
:10E4200007F8010C0136F1E70023A370E3702371B4
:10E430006371CBE76378022B04D0052B10D0FF2348
:10E440002370C3E7E378A07840EA0320237940EA09
:10E450000340637940EA036000BAFFF7EBFEB5E7DB
:10E46000A078FFF711FFB1E7E278A1786078FEF7B6
:10E47000E3FFBFE762792379A17843EA02235BBA1D
:10E48000E27860789BB2FEF7EDFF9FE7FFF737F881
:10E490009CE729462046FFF771FF97E70020FFF72A
:10E4A000A5FEFFF7D2FE91E7FFF79FF860708DE7BA
:10E4B000FFF79DF8030A6370A07087E76078A37880
:10E4C000E17840EA032040BA221D80B2FFF792F8BB
:10E4D0007CE76078A378E17840EA032040BA221D07
:10E4E00080B2FFF79CF871E7FFF7ACF86EE7FEF734
:10E4F00097FFDBE76078A378E17840EA032040BA31
:10E50000221D80B2FFF733F860E76078A378E178E6
:10E5100040EA032040BA221D80B2FFF73EF855E7DB
:10E52000E278A178003A18BF01226078FEF7AFFFC9
:10E5300060E762792379A17843EA0223E2785BBA43
:10E54000003A18BF012260789BB2FEF7BDFF3DE79D
:10E55000F8BD0000014B1860704700BF504000201C
:10E56000014B1868704700BF50400020024B1868EC
:10E5700008B10368184770475040002008B5FFF7FE
:10E58000F5FF08BD024B1B680BB15B68184770476D
:10E5900050400020034A12681AB1062101709368A6
:10E5A0001847704750400020034A12681AB10221F0
:10E5B0000170D36818477047504000200B4B07B5D7
:10E5C0001A8882420ED01880094B1B6853B103226F
:10E5D0008DF80500000A8DF806001B698DF80420EF
:10E5E00001A8984703B05DF804FB00BF4E4000202F
:10E5F000504000200B4B07B51A8882420FD018807C
:10E60000094B1B685BB104228DF80500000A8DF8E8
:10E6100006001B698DF804200DEB0200984703B03B
:10E620005DF804FB4C400020504000200E4B0F4A88
:10E630001B68127802336AB10D4A92F90020002A51
:10E6400008DA1E220B4B1B68023300201A44934247
:10E6500002D170470622F8E713F8011B0029F6D013
:10E660000130C0B2F3E700BF1410002038100020C2
:10E67000664400201010002030B3144B1B785BB9A7
:10E68000134B1B685A1C073312F8011F81421AD022
:10E690009A42F9D1002070470E4B93F90030002BBD
:10E6A000EEDAEF284FEAD002F4D80B4B00F0070067
:10E6B0001B68134401229B7802FA00F018400038CE
:10E6C00018BF012070470120704700BF381000209C
:10E6D00014100020664400201010002000224FF08B
:10E6E000FF3330B5441C14F8015F8D420BD0B3F1F9
:10E6F000FF3F01D105B953B20132062AF3D15A1CAA
:10E7000001D01844817030BD002210B5431C073081
:10E7100013F8014F8C4208BF1A708342F8D110BD24
:10E72000EF294FEAD10307D818440123827801F07A
:10E7300007018B40134383707047EF294FEAD103E1
:10E7400008D801221844837801F007018A4023EA9F
:10E750000203837070470000084B01461B7843B1E9
:10E76000074B93F90030002B03DA064B1868FFF7CC
:10E77000D7BF054B1868FFF7B1BF00BF38100020A6
:10E78000664400201010002014100020084B0146A1
:10E790001B7843B1074B93F90030002B03DA064B8B
:10E7A0001868FFF7CABF054B1868FFF7ADBF00BF79
:10E7B00038100020664400201010002014100020A3
:10E7C000094B1B785BB1094B93F90030002B06DA3B
:10E7D0001E22074B186800210230F1F7F9BF054BE4
:10E7E00006221868F7E700BF3810002066440020B2
:10E7F000101000201410002042784B789A421DD14E
:10E8000090F902301BB191F902209A4216D190F989
:10E8100003301BB191F903209A420FD190F90530D2
:10E820001BB191F905209A4208D190F9040030B14A
:10E8300091F90430181A18BF012070470120704761
:10E84000704708B5FFF7FCFF08BD000008B50130B0
:10E85000024BC0B21870FFF7F4FF08BD544000200F
:10E86000032008B5024B1870FFF7EBFF08BD00BF8F
:10E8700054400020FFF7EABF012008B5024B187092
:10E88000FFF7DFFF08BD00BF54400020FFF7F4BFD3
:10E89000704770477047704710B5FFF7F9FF0024C5
:10E8A000FBF722FBFFF7F5FFE0B2FBF75DFA18B9C3
:10E8B0000134062CF8D110BD0120FCE708B501F0A9
:10E8C000BDFBBDE8084001F09BB808B5F9F721FE93
:10E8D000BDE8084040F2A46001F03FBA08B5FAF77D
:10E8E0006FFDFAF783FDFFF76BFFFFF79BF9002041
:10E8F000FFF764FE0020FFF77DFEBDE80840F9F752
:10E9000014BE0000302383F31188064BDA69064BEE
:10E910001A600023054A1360054A136083F31188C7
:10E92000704700BF98460020604000205C400020F7
:10E9300058400020FFF7E6BF38B5302383F3118835
:10E94000124B134C1349D86923680A68C01A8242D3
:10E95000114A0AD9A3F58333E03B156823600F4BB6
:10E9600000F583302B44E030136008601568002107
:10E9700081F311884FF47A7C094C0023E0FB0C41B1
:10E98000084A2046F1F732FC284438BD984600205A
:10E99000604000205C4000205840002088598F02D1
:10E9A0009F860100A086010008B5FFF7C5FF80B271
:10E9B00008BD10B50446FFF7BFFF001B80B210BDB5
:10E9C00010B50446FFF7B8FF001B10BDBFF34F8F13
:10E9D0000549064BCA6802F4E0621343CB60BFF3FB
:10E9E0004F8F00BFFDE700BF00ED00E00400FA0517
:10E9F00008B5024A024B1A60FFF7E8FFEFBEADDE32
:10EA0000FC6F00200A4A08B552F8041C094B9942D1
:10EA10000CD1002342F8043C83F31488064B1A6897
:10EA200082F3088862B65B689847FEE708BD00BFBE
:10EA300000700020EFBEADDE00E0FF1F08B5FFF75D
:10EA4000C5FF0000184B10B51C785CBB01220821E3
:10EA50001A701648224602F031FC22462021134843
:10EA600002F02CFC22461021104802F027FC4FF443
:10EA70007A7001F072F941F6822208210B4802F007
:10EA80001DFC40F282222021084802F017FC40F2CF
:10EA900082221021054802F011FC054801F03AFEDF
:10EAA000044B1C7010BD00BF6440002000040040F7
:10EAB000DC4800207C400020F8B505461A481C467A
:10EAC000174601F08FFE194B187850BB6A1C20D0F6
:10EAD000FCB1174EA4003482032F05D8DFE807F0FD
:10EAE000021A1D1F0022F260012405F00F012246C8
:10EAF00025F00F00B16004FA01F11C70706002F0A3
:10EB0000DDFB0B49084801F0F7FD074801F010FE56
:10EB10002046F8BD4FF48002E5E78022E3E7054A8E
:10EB2000E1E70020F5E700BFDC4800207C40002042
:10EB300068400020800040001FB501218DF80700CB
:10EB40000DF10F0304480DF1070201F018FE9DF8C6
:10EB50000F0005B05DF804FBDC480020002307B57A
:10EB6000012106480DF107028DF8073001F029FE5A
:10EB70009DF8070003B05DF804FB00BFDC480020EF
:10EB800008B50246024801F00BFE002008BD00BF98
:10EB9000DC48002008B50246024801F012FE0020C1
:10EBA00008BD00BFDC48002010B5084C23783BB1FD
:10EBB000074801F0CBFD064801F0ACFD00232370AF
:10EBC0000348BDE8104001F010BE00BF7C400020AB
:10EBD000DC4800200E4B10B51A78BAB901220D4C52
:10EBE0001A70206040F282324FF480610A4802F0CD
:10EBF00065FB4FF40061084840F2823202F05EFB90
:10EC00002146BDE81040054801F036BD10BD00BFEB
:10EC10007D40002030100020000800408047002088
:10EC20004FF0FF3108B5024801F006FCC0B208BD44
:10EC30008C4700200A464FF0FF330146014801F09F
:10EC4000A0BC00BFB047002008B5034801F039FD63
:10EC500080F00100C0B208BD8047002070B590F878
:10EC60004420044602F07F03212B4CD112F0800F88
:10EC700090F845301BD0022B15D0032B05D0012B6B
:10EC800015D1BDE8704000F015BD90F8483090F8FF
:10EC9000491053EA012336D1314A82630122E263EB
:10ECA0002364012070BDBDE8704000F031BE0A2B26
:10ECB00020D00B2B0FD0092B25D194F8483094F895
:10ECC000491043EA012323F00203E3B9254B022252
:10ECD000A363254BE3E794F8492094F8483053EABE
:10ECE000022302BF94F846201D4B1A700022A26333
:10ECF0000023D4E794F847201C4B20461A70BDE847
:10ED0000704000F02DBE02F09F02812A18D194F8C5
:10ED10004530062B14D194F84920616894F84830A6
:10ED20004D6843EA0223204694F8472094F84610A1
:10ED3000A84708B90020B5E743680268A363D7E78E
:10ED400003250B4ED6F89C3023B9013D06F1A806E9
:10ED5000F8D1EFE7204698470028F6D0A1E700BF9A
:10ED60003810002088400020B9ED00088C400020B9
:10ED7000D8100020F8B50F4C0022234643F8042F8A
:10ED800090F84B7090F8496090F8465090F84A20FF
:10ED900090F8481090F8470042EA072241EA06211D
:10EDA00045EA002000F0ECF920606068002818BFF8
:10EDB0002046F8BD8040002090F84A2090F84B0093
:10EDC000084942EA0022022A0B7807D1012B01D020
:10EDD000062B05D14A78044B1A707047024A13700B
:10EDE000704700BF884000208B40002010B5064AC5
:10EDF000064C117824784B1C03F00F039C421EBF75
:10EE0000034C1370605410BD8A4600208B460020CE
:10EE10007A460020084608B5052935D8DFE801F014
:10EE2000203403202035302383F31188214800F05B
:10EE3000CCFA214800F0C9FA204800F0C6FA204870
:10EE400000F0D3FA002383F311881E4B1B7813B113
:10EE50000520FFF7CBFF0220BDE80840FFF7C6BF43
:10EE6000FFF7C4FF302383F31188124800F086FABD
:10EE7000114800F083FA114800F080FA104800F0C1
:10EE800091FA002383F3118808BD302383F311889E
:10EE9000084800F094FA084800F091FA074800F09A
:10EEA0008EFA074800F08EFA002383F311880520BC
:10EEB000D2E700BFD81000208011002028120020C7
:10EEC000501000208A400020102208B5002104487C
:10EED000F1F77EFC0023034A1370034A137008BD48
:10EEE0007A4600208A4600208B460020F8B5284D3F
:10EEF000284C00222E782378B3422FD102B1237000
:10EF0000F8BD2370244B1870244B93F84F10081E43
:10EF100018BF0120FFF7A4FCEBE7002223701E4B73
:10EF20001A70FFF7DBFC1D4B93F84F10081E18BF3B
:10EF30000120FFF79FFCDCE72370184B93F84F107C
:10EF4000081E18BF0120FFF781FCD2E700212370C3
:10EF50000846F8E72370FFF78FFCCAE7194601223D
:10EF60000F480133415C03F00F0310460529C3D855
:10EF700001A757F821F000BF55EF0008F9EE00088F
:10EF800039EF00084DEF000803EF00081BEF000801
:10EF90008A4600208B4600208A40002044490020F9
:10EFA0007A46002013B50446174800F061F9164868
:10EFB00000F08EF9154800F05BF9144800F088F96C
:10EFC000114B03F5A8731846019300F051F901980D
:10EFD00000F07EF90E4800F067F90D4800F088F95E
:10EFE000204602F035F8204601F023FC41F288303B
:10EFF00000F0B3FE2046074901F008FC204602B0AD
:10F00000BDE8104002F002B8D810002080110020A6
:10F0100050100020C82D010810B5044602F018F861
:10F02000204601F006FC184800F071F9174800F07E
:10F030006EF9174800F06BF9164800F08BF941F2B1
:10F04000883000F08AFE104800F012F90E4800F0F7
:10F050003FF90E4800F00CF90C4800F039F90C4863
:10F0600000F006F90A4800F033F90A4800F01CF9EC
:10F07000084800F03DF92046074901F0C7FB20464B
:10F08000BDE8104001F0C2BFD81000208011002060
:10F090002812002050100020C82D0108014B1878BC
:10F0A000704700BF8B40002037B50023A825054CD2
:10F0B000009305FB004042F2107300F00DFA03B01C
:10F0C00030BD00BFD8100020014608220120FFF704
:10F0D000EBBF014620220020FFF7E6BF01460622D3
:10F0E0000020FFF7E1BF014603220020FFF7DCBF4D
:10F0F00000B589B0002320226946064800F055FA81
:10F1000010B909B05DF804FB20216846FFF741F90A
:10F11000F0E700BF50100020FFF774BC7047704745
:10F1200008B5FFF7F9FF01F0F1FDFFF7F7FF08BDA4
:10F1300008B501F007FEFFF7F2FF08BDFFF7A6BB19
:10F1400008B5FFF7C1FE0648FFF72CFF054B064A3E
:10F1500041F288301A60BDE8084000F0FEBD00BFF3
:10F1600044490020904000203C100020014B1868CA
:10F17000FFF7F0B990400020FFF7B8BE00F04EBB9B
:10F18000020A032A0FD007D8012A23D0022A07D166
:10F190005B20124A1A607047212A0DD0222A12D011
:10F1A00000200246F6E7C0B20228F9D80C4A0D4901
:10F1B00052F82020405CEDE70229F1D80A4A0920E4
:10F1C00052F82120E6E70229EAD8084A084852F80E
:10F1D0002120EFE71220074ADCE700BF222E0108BA
:10F1E000F82D0108F42D0108E82D0108DC2D010897
:10F1F000D82D01087D2E010813B5446BD4F8882062
:10F200001378042B13D1012394F88C1012898B40AE
:10F2100013420CD1204601A900F0EEFF024630B1A6
:10F22000019B94F88C10D4F8880001F07BFB02B0AD
:10F2300010BD10B5026F04461378042B13D10123BF
:10F2400090F8741052898B4013420CD100F02BFFC0
:10F25000024640B1E36994F87410206F043BBDE8A6
:10F26000104001F04DBB10BD406BFFF7E2BF000046
:10F270001FB500F15C03C36490F8843013B100F152
:10F2800070030365074B01210193D0F89030D0F84B
:10F29000982000930290D0F8943000F08AFF05B0D7
:10F2A0005DF804FBF9F100081FB500F15C0303658C
:10F2B000064B01210193836FD0F8802000930290C8
:10F2C000C36F00F0CEFE05B05DF804FB69F20008E4
:10F2D000302383F31188D0F8883090F88C2003EB2A
:10F2E00082039861002380F8A03083F3118870476F
:10F2F000302383F3118890F87430026F093342F899
:10F300002300002380F8843083F31188704710B500
:10F310003023044683F3118890F88C20D0F888308D
:10F32000053203EB820300225A6001236FF00101D2
:10F33000037200F052FD204600F052FFD4F8A430D2
:10F3400013B1DA681868904700F070FC002383F36B
:10F35000118810BD10B53023044683F311880123B2
:10F360006FF00101037200F038FD204600F090FEBE
:10F3700000F05CFC002383F3118810BD012310B55D
:10F38000044603726FF0010100F027FD204600F0F3
:10F3900027FFD4F8A43023B1BDE81040DA6818681C
:10F3A000104710BD012310B5044603726FF0010130
:10F3B00000F013FD2046BDE8104000F069BE0023B8
:10F3C0000372704700230372704710B5044690F82B
:10F3D0008C1000F13802D0F8880001F053FA204672
:10F3E00000F0FEFE0023237210BD10B5044600F0AD
:10F3F0004FFE002320462372BDE81040FFF719BFDF
:10F4000000EB8103F7B59C6905460E4684B33023B3
:10F4100083F311880023226984F8A03063699A423B
:10F4200001D1E368B3B905EB8603DB685B691B6850
:10F4300083B1D4F8A43053B101A9204600F0DCFE1A
:10F44000D4F8A43001469F68019A1868B84720464E
:10F4500000F0E0FE204601A900F0CEFE024648B1D1
:10F46000019B3146284601F05DFA002383F31188A1
:10F4700003B0F0BD05EB8603DB681A68022AF4D1FD
:10F480005A691268002AF0D01B8A013B1340ECD164
:10F4900005F14402E5E701F1090210B550F82240F8
:10F4A000CCB1302282F3118800EB8103DB689B69C9
:10F4B0005B6853B1236F94F87420204603EB8203FA
:10F4C000DB689B69596800F0F8FD2046FFF7B1FE44
:10F4D000002383F3118810BD2DE9F8431D4604462F
:10F4E0000F46164630239DF8208083F31188D0F80C
:10F4F000883000201B78042B03D080F31188BDE8EE
:10F50000F88394F8A03023B101354FF0FF3518BFD0
:10F51000002580F311882B4632463946204600F0FC
:10F52000B4FE86421DD9302383F3118894F8A030AD
:10F530004FF00009002808BF43F0010384F8A03011
:10F5400001236FF001012372204600F046FC2046A3
:10F5500000F046FE84F8089000F068FB89F31188FB
:10F56000D9E7B8F1000F01D00120C8E7204600F02C
:10F57000CFFEF9E70346302282F311880169426920
:10F58000914210D1C06850B10120D3F8882093F87F
:10F590008C30984013891840B0FA80F0400900235D
:10F5A00083F3118870470020F9E738B51546044603
:10F5B000302282F31188026F00201278042A02D0D0
:10F5C00080F3118838BD94F8842022B101334FF0C4
:10F5D000FF3318BF002380F311882A46204600F02D
:10F5E000A7FDB0FA80F35B0984F884302B1A5842E7
:10F5F0005841E7E7006810B440B1054C8264E46903
:10F60000083040F8044C10BCF1F768B910BC7047E2
:10F61000984600200168134631B18A6C03F1080056
:10F620009A640831F1F75AB9704710B5044600687A
:10F6300040B1826C00210830F1F7CAF8002223683B
:10F640001A605A6010BD000010B40C78082C0BD85A
:10F6500050F8240040B1054C8264E469083040F859
:10F66000044C10BCF1F73AB910BC70479846002022
:10F670000829134609D850F8211031B18A6C03F1DA
:10F6800008009A640831F1F729B9704770B500266F
:10F69000051F00F1200455F8040F38B1826C0021D9
:10F6A0000830F1F795F82B681E605E60A542F2D134
:10F6B00070BD000038B590F848300446022B1CD8C5
:10F6C00090F84610082918D80D4AD25C022A14D89E
:10F6D000A8200C4B00FB0233D3F8A40060B10A4D04
:10F6E00043682A460068984705F10803A363AB6C9A
:10F6F0000120E3630023236438BD0020FCE700BF42
:10F7000018150020D8100020C4420020036843B11F
:10F710009100196003490B78002A18BF43F00103D8
:10F720000B70704710430020006810B10068C0F3F0
:10F730008700704738B503680BB9002038BD302307
:10F7400083F31188036800211C685B6881F31188CA
:10F75000002CF2D04FF47A7C074A084DD069084A51
:10F76000C01AE0FB0C5100232846F0F73FFD84420D
:10F770008CBF00200120E1E7984600209F86010011
:10F78000A08601004B1E072B0BD850F8213043B147
:10F790009100196003490B78002A18BF43F0010358
:10F7A0000B70704710430020082906D850F821003C
:10F7B00020B10068C0F38700704700207047000048
:10F7C000082938B501D9002038BD50F82130002B68
:10F7D000F9D0302383F3118850F8213000211C68C0
:10F7E0005B6881F31188002CEDD04FF47A7C084AD5
:10F7F000084DD069084AC01AE0FB0C510023284686
:10F80000F0F7F4FC84428CBF00200120DCE700BF4D
:10F81000984600209F860100A08601002DE9F84F40
:10F82000384B1B78002B40D000254FF030082E4677
:10F83000A946354FD7F8A440002C2FD0002D36D143
:10F840004FF0010A88F311885FFA8AFB5946636911
:10F8500020689847002818BF46F0010689F31188F0
:10F860002948FFF787FEA0B15946A3692068984749
:10F8700078B188F31188254A59466368206898470B
:10F8800089F31188214B00209A6C03F10801FFF7DE
:10F890000BFC0AF1010ABAF1090FD3D10135032D8E
:10F8A00007F1A807C6D1174B1E70BDE8F88F88F383
:10F8B00011880021636920689847002818BF46F026
:10F8C000010689F311883846FFF754FE0028E5D079
:10F8D0000021A369206898470028DFD088F31188A9
:10F8E000DFF828A00021524663682068984789F312
:10F8F0001188DAF848200AF10801E8B2FFF7D4FBD2
:10F90000CCE700BF10430020D81000207842002030
:10F9100010B590F848300446022B19D890F84610DC
:10F92000082915D80B4AD25C022A11D8A8200A4B04
:10F9300000FB0233D3F8A40048B14369006898473C
:10F94000064B1870A36301200023E063236410BDFD
:10F950000020FCE718150020D81000207442002079
:10F9600010B590F848300446022B19D890F846108C
:10F97000082915D80B4AD25C022A11D8A8200A4BB4
:10F9800000FB0233D3F8A40048B1036994F8472080
:10F990000068984700230120A363E363236410BD3C
:10F9A0000020FCE718150020D81000207047704791
:10F9B000FEE70000F0B508200026104A51681368E1
:10F9C0000D469468043BAC4210D8E31C5B1ACD1E74
:10F9D00023F00303AC4238BF00230B44D1689942A3
:10F9E00009D8013802F11002E8D1F0BD53F8047FC4
:10F9F00045F8047BE7E743F8046BF0E7AC2F010818
:10FA000038B501230025074C2370656000F0EAFA41
:10FA10000549064800F018F90223237085F3118880
:10FA200038BD00BF904600202C30010898460020C9
:10FA300072B60322024BD865024B1A70FEE700BF74
:10FA4000984600209046002000F03CB8034A5168D8
:10FA500053685B1A9842FBD8704700BF001000E063
:10FA600010B50A4C23699A6891420CD85A68816093
:10FA70000360426010609A685860521A9A604FF0B2
:10FA8000FF33A36110BD1B68891AECE7984600207C
:10FA900010B40361002310BCC2604361FFF7E0BFF4
:10FAA000036881689A680A449A60426813605A60E1
:10FAB00000234FF0FF320360014B9A61704700BF93
:10FAC0009846002070B5124D2A46EB690133EB6170
:10FAD00052F8103F934206D030269A68013A9A6055
:10FAE0002C69A36803B170BD226861680A60516027
:10FAF000236083F311882046E3682169984786F3E1
:10FB0000118861690029EBD02046FFF7A9FFE7E7DC
:10FB10009846002000238268037503691B68996872
:10FB20009142FBD25A68036042601060586070478F
:10FB300000238268037503691B6899689142FBD8AA
:10FB40005A680360426010605860704708B5084604
:10FB5000302383F311880A7D0023052A06D8DFE8C5
:10FB600002F00B050503120E826913604FF0FF339C
:10FB70008361FFF7CFFF002383F3118808BD8269FB
:10FB80009368013393604268036813605A60EDE73D
:10FB9000FFF7C0BF054BD968087518680268536045
:10FBA0001A6001220275D860F0F70ABB984600205F
:10FBB00030B50C4B0446DD684B1C87B00FD02B468C
:10FBC0006846094AFFF764FF2046FFF7E3FF009B02
:10FBD00013B16846FFF764FFA86907B030BDFFF7AF
:10FBE000D9FFF9E7984600204DFB0008044B1A683E
:10FBF000DB6890689B68984294BF002001207047A2
:10FC000098460020084B10B51C68D86822685360DD
:10FC10001A6001222275DC60FFF78AFF0146204648
:10FC2000BDE81040F0F7CCBA98460020044B1A68A3
:10FC3000DB6892689B689A4201D9FFF7E3BF70477F
:10FC40009846002030BFFDE770B5002504461A4BEA
:10FC500086B0856201630E46586000F07DF904F1BC
:10FC60001003236163614FF0FF33A361134BE56120
:10FC7000D9692B460A462046C4E9082304F1340119
:10FC800080230F4A24606460A560E562E56500F0AA
:10FC90001DF801230B4AE060037500927268684604
:10FCA0000192B268CDE90223074BCDE9043500F09B
:10FCB0003FF806B070BD00BF904600209846002077
:10FCC000282201082D22010845FC000802228B6031
:10FCD0004B62002308618A8208460B62CB61704741
:10FCE0008368C168A3F14C0243F81C2C026943F8F5
:10FCF0004C2C42690C4843F8482C0C4A43F8180C29
:10FD000043F82C2C022203F8142C002243F8201C68
:10FD100003F8132C43F8041C43F8082C43F80C2C6C
:10FD2000A3F12800704700BF98460020D1010008C9
:10FD300008B5FFF7D5FFBDE80840FFF729BF000071
:10FD4000024BDB6898610F20FFF724BF9846002024
:10FD5000302383F31188FFF7F3BF08B50146302342
:10FD600083F311880820FFF723FF002383F3118812
:10FD700008BD0000054BDB6821B1036098610320DA
:10FD8000FFF716BF4FF0FF30704700BF98460020C6
:10FD90000346006820B100221A608161FFF7F8BEB7
:10FDA00070470000064BDB6839B1426818605A6042
:10FDB000136043600420FFF7FBBE4FF0FF30704735
:10FDC0009846002003460068834205D002681A6006
:10FDD00053608161FFF7DCBE704738B504460D46BD
:10FDE0002068844200D138BD036823605C6085616F
:10FDF000FFF7CEFEF4E7034610B51B68984203D028
:10FE00009C688A689442F8D25A680B604A60116014
:10FE1000596010BD0023006040608360704700009F
:10FE200038B58168164B0446DD6891B92B6A856048
:10FE3000C360286238BD8B600B7D7BB1062B14D16B
:10FE40000B684A68886913605A60FFF7D4FF8B69B2
:10FE50009968AB688A689A42EDD306E04A680B68F5
:10FE6000084613605A60FFF793FE20462946FFF7C5
:10FE7000C2FFAC610620BDE83840FFF78BBE00BF73
:10FE80009846002008B5302383F31188FFF7C8FF98
:10FE9000002383F3118808BD154A0346D16810B5C5
:10FEA000302282F31188C26800680A6298421BD02F
:10FEB000486A82B98860186802681A605360026AEA
:10FEC0009860DA600362FFF763FEFFF7AFFE00237E
:10FED00083F3118810BD1468A24203D0A468A04225
:10FEE00038BF2046D268E4E700238360EFE700BF15
:10FEF00098460020C3691943037DC1610A2B03D1D1
:10FF00008369194205D170470B2B06D183698B4356
:10FF100003D100238361FFF73BBE704770B50646EF
:10FF20000D460468B44200D170BDE3682B43E36022
:10FF300015B123691D4203D0A1686068FFF7DAFF9D
:10FF40002468EFE7EFF30983203383F30988002364
:10FF500083F3118870470000302080F3118862B667
:10FF60000C4B0D4AD96821F4E0610904090C0A43DD
:10FF7000DA60D3F8FC20094942F08072C3F8FC2013
:10FF80000A6842F001020A602022DA7783F8220030
:10FF9000704700BF00ED00E00003FA05001000E02C
:10FFA000302310B583F311880B4B5B6813F40063A7
:10FFB0000FD0EFF309844FF08073203CE36184F3AA
:10FFC0000988FFF713FE10B1044BA36110BD044B69
:10FFD000FBE783F31188F9E700ED00E0E301000897
:10FFE000E6010008024B034A1A60034A5A60704750
:10FFF000F84600209849002000700020094B30B5D9
:020000040801F1
:100000001C684D1E224449422A440A405968104443
:10001000884204D8A04202D31860104630BD0022A6
:10002000FBE700BFF846002008B5302383F31188B2
:10003000FFF7E4FF002383F3118808BD08B500F043
:100040002FFF01F02DF900F0F4FA00F049FB00F069
:10005000CFFBFFF76DF8BDE8084000F000B801F0F5
:1000600087B930B501720021039C043304FB0325DA
:10007000C361049B00600363059B4060C1604261F3
:1000800002618561046242628162C162436330BD84
:100090000022416AC2604161016182626FF0010128
:1000A000C262FFF79ABE03694269934201D1C268F6
:1000B0000AB9181D70470020704703691960C268AB
:1000C00000210132C260C269134482690361934214
:1000D00024BF436A0361FFF775BE38B504460D4679
:1000E000E3683BB162690020131D1268A3621344E8
:1000F000E36207E0237A33B929462046FFF752FE30
:100100000028EDDA38BD6FF00100FBE7C368C26973
:10011000013BC3604369134482694361934224BF36
:10012000436A436100238362036B03B1184770473E
:100130002DE9F84F04460F4691469A464FF0300895
:1001400088F311880026B346A56A4DB9514620466A
:10015000FFF7C3FF20B185F311883046BDE8F88F63
:10016000A16AE56AA9EB06036D1A9D4228BF1D46E8
:10017000402D15D938464022F0F7B0FBA36A40372E
:1001800040334036E26AA3629A4202D82046FFF723
:10019000BDFF8BF311884E45DFD288F31188D3E77A
:1001A00038462A46F0F79AFBA36A2F442B442E4484
:1001B000E8E710B5029C04330172C36103FB04211C
:1001C00000238362C362039B00600363049B40605F
:1001D000C46042610261816104624262436310BD96
:1001E000026A6FF00101C260426A4261026100224C
:1001F0008262C262FFF7F1BD034640691A6982421A
:1002000001D1DB681BB950F8043B0B607047002339
:100210001846FAE7C368C2690133C3604369002125
:10022000134482694361934224BF436A4361FFF7E9
:10023000C9BD38B504460D46E3683BB123690020CB
:100240001A1DA262E2691344E36207E0237A33B91C
:1002500029462046FFF7A6FD0028EDDA38BD6FF0ED
:100260000100FBE703691960C268013AC260C26914
:10027000134482690361934224BF436A03610023EC
:100280008362036B03B1184770472DE9F84F0446AA
:100290000F4691469A464FF0300888F311880026A1
:1002A000B346A56A4DB951462046FFF7C2FF20B1BB
:1002B00085F311883046BDE8F88FA06AE56AA9EB9E
:1002C00006032D1A9D4228BF1D46402D17D93946D9
:1002D0004022F0F703FBA36A403740334036E26A1E
:1002E000A3629A4204D8E16920460439FFF7BAFFB5
:1002F0008BF311884E45DDD288F31188D1E739465A
:100300002A46F0F7EBFAA36A2F442B442E44E6E783
:10031000302208B582F31188816A29B10369043952
:10032000C91A01D0FFF79EFF002383F3118808BD8F
:10033000F8B5154682680B46AA428169066938BF3E
:100340008568761AB54204460BD22A461846F0F75D
:10035000C5FAA2692A44A36828465B1BA261A36070
:10036000F8BD0CD918463246F0F7B8FAAF1B3A463A
:10037000E1683044F0F7B2FAE368DA19EBE72A46AD
:100380001846F0F7ABFAE268E5E72DE9F0410446DC
:10039000154683682769934238BF856840690E46D1
:1003A0003F1ABD420BD22A46F0F798FA62692A44F6
:1003B000A36828465B1B6261A360BDE8F0810DD98C
:1003C0003A46A5EB0708F0F789FA4246E068F119CA
:1003D000F0F784FAE36803EB0802E9E72A46F0F74E
:1003E0007DFAE268E4E710B50024C361029BC160B6
:1003F0008161416111440060406084600161036279
:1004000010BD08B582694369934201D1826882B9FF
:100410008268013282605A1C426119700369426924
:1004200000219A4224BFC3684361FFF7CBFC002040
:1004300008BD4FF0FF30FBE770B5302304460D4692
:1004400083F31188A668A6B1A368A269013BA360E3
:10045000531CA36115782269934224BFE368A3610A
:10046000E3690BB120469847002383F3118828469F
:1004700007E029462046FFF795FC0028E2DA86F3DC
:10048000118870BD2DE9F74F05460F461446994671
:10049000D0F81CA04FF0300888F311884FF0000B03
:1004A000164666B1324639462846FFF741FF0346F5
:1004B00060B949462846FFF775FC0028F2D00023B2
:1004C00083F31188A01B03B0BDE8F08FBAF1000FD1
:1004D00003D001902846D047019B8BF31188F61A70
:1004E0001F4488F31188DCE7C361009BC160816110
:1004F00041611144006040608260016103627047A5
:10050000F8B504460D461646302383F31188A768D4
:10051000A7B1A368013BA36063695A1C62611D70A7
:10052000236962699A4224BFE3686361E3690BB19E
:1005300020469847002080F3118807E03146204686
:10054000FFF730FC0028E2DA87F31188F8BD8369F1
:10055000426910B59A4201D182687AB98268002155
:10056000013282605A1C82611C7803699A4224BF5E
:10057000C3688361FFF726FC204610BD4FF0FF30B3
:10058000FBE72DE9F74F05460F4614469946D0F88C
:100590001CA04FF0300888F311884FF0000B16466E
:1005A00066B1324639462846FFF7EFFE034660B98A
:1005B00049462846FFF7F6FB0028F2D0002383F3D4
:1005C0001188A01B03B0BDE8F08FBAF1000F03D073
:1005D00001902846D047019B8BF31188F61A1F44DF
:1005E00088F31188DCE70C30FFF74CBF4FF0FF3386
:1005F0000C30FFF747BF3030FFF7C3BF4FF0FF337A
:100600003030FFF7BEBF0C30FFF716BF4FF0FF31A1
:100610000C30FFF711BF3030FFF772BF4FF0FF32E1
:100620003030FFF76DBF012914BF6FF013000020B9
:10063000704700F035BF000037B5154602460B463F
:100640000C49044642F8041B4260012200F15401A7
:100650000272009080220C30FFF7C5FE2B468022EC
:10066000009404F1D40104F13000FFF73DFF03B022
:1006700030BD00BF3830010810B53023044683F385
:10068000118800F01FFF02230020237280F31188DD
:1006900010BD38B5436904460D461BB90421084412
:1006A000FFF73CFC294604F10C00FFF7AAFE0028E6
:1006B00006DA201D4FF40061BDE83840FFF72EBC7C
:1006C00038BD302383F311880023406983F31188F8
:1006D000B0FA80F0400970474FF0FF31FFF74ABB96
:1006E00000F0C4BF0123037000230C3040F8083C25
:1006F00040F8043CFFF78EBB10B53023044683F36B
:100700001188416000F0C8FF02230020237080F3AD
:10071000118810BD10B53023044683F3118801F011
:100720002FF8002301226360227083F3118810BD2B
:10073000302383F31188436899685A684FF48033F3
:100740008B409361002383F311887047302383F338
:100750001188436899685A6801238B40936100238C
:1007600083F31188704710B5302484F31188032473
:10077000047001F046F8002383F3118810BD38B5EA
:100780000446302585F31188032504F8085B01F041
:1007900023F82046FFF7A0FF002383F3118838BD1C
:1007A00010B53023044683F31188032304F8083B73
:1007B00001F027F82046FFF78FFF002383F311880D
:1007C00010BD10B53023044683F31188032304F8C9
:1007D000083B01F02CF82046FFF77EFF002383F34F
:1007E000118810BD0C30FFF74DBB0C30FFF754BB28
:1007F00001F034BA012303700023C36183620362F2
:10080000C3624362036343608360704738B5044644
:10081000302383F3118800254160C560056145617F
:10082000856101F021FA0223237085F3118828469F
:1008300038BDF8B50446302383F31188002601F053
:100840002BFA254601233746666005F8083B183425
:1008500055F8043F73B1586920B16FF001010C30B5
:10086000FFF796FA2B68986920B16FF001010C3000
:10087000FFF78EFAA5422E60EAD1FFF7D7F987F38A
:100880001188F8BD70B500EB8103054650690E462E
:100890001446DA6018B114220021EFF799FFA0691D
:1008A00018B114220021EFF793FF31462846BDE826
:1008B000704001F00FBAF8B504460027836800F1D4
:1008C0000C0503F00113836000F1180655F8043F8E
:1008D00073B1586920B16FF001010C30FFF758FA7D
:1008E0002B68986920B16FF001010C30FFF750FAC6
:1008F000B5422F60EAD12046BDE8F84001F074BA55
:10090000F0B4012500EB8104E4684789A4698D40B7
:100910003D43458123600023A2606360E360F0BC37
:1009200001F0D0BAF0B4012500EB8104E468078936
:1009300064698D403D43058123600023A2606360AC
:10094000E360F0BC01F0DCBA10B50378052B0FD1E1
:10095000084CC820E37A43F00803E372637843F05D
:1009600004036370FFF7F9F9637803F0FB03637026
:1009700010BD00BF004001402DE9F04700260223D2
:10098000054604464FF03008B1460370C66400F1D6
:10099000180745F8086F55F8043F9BB188F3118894
:1009A0002B68586920B16FF001010C30FFF7F0F9A6
:1009B0002B68986920B16FF001010C30FFF7E8F95E
:1009C00089F31188BD422E60E5D1204684F8346059
:1009D00001F0ECF963681B6823B12046BDE8F047DD
:1009E00000211847BDE8F087F8B503780446052BC9
:1009F00027D080F850300523037043681B680BB183
:100A00000421984725460026302745F8086F1834FA
:100A100055F8043F9BB187F311882B68586920B1C2
:100A20006FF001010C30FFF7B3F92B68986920B122
:100A30006FF001010C30FFF7ABF986F31188A54286
:100A4000E6D1F8BD0178052906D190F85020436819
:100A500002701B6803B1184770470000F8B590F8A2
:100A6000343004460E4613B1002380F8343031464A
:100A7000204604F1440201F009FA63689B68B3B9A7
:100A800094F8443013F0600538D00021204601F07E
:100A900077FA0021204601F065FA63681B6813B1FC
:100AA000062120469847062384F83430F8BD2046B6
:100AB00098470028E4D094F84B2094F84A3043EA51
:100AC0000223E26B9A4284BF1A46E36394F94430EE
:100AD000002B80F20481002A00F0F880092384F8BA
:100AE0003430302383F3118800212046E36BA26B5E
:100AF000FFF718FF002383F31188D7E794F8452008
:100B000003F07F0343EA022340F20232934200F0F3
:100B1000CA8021D8B3F5807F4DD00DD8012B44D0A9
:100B2000022B00F09880002BAFD104F14C02A2639D
:100B30000222E2632364BEE7B3F5817F00F0A08068
:100B4000B3F5407FA1D194F84630012B9DD1B4F884
:100B50004C3043F0020337E0B3F5006F52D01CD89D
:100B6000B3F5A06F36D0A3F5C063012B8DD894F8F0
:100B70004920616894F848304F6843EA02232046D0
:100B800094F8462094F84710B84700283FF47DAF0A
:100B90004368A3630368E3631AE0B3F5106F36D0CC
:100BA00040F6024293427FF470AF554BA363022399
:100BB000E3630023BEE794F84630012B7FF465AF72
:100BC000B4F84C3023F00203A4F84C30A563E5637D
:100BD000256470E7B4F84430B3F5A06F0ED194F8F3
:100BE0004630204684F84E3001F06CF863681B688C
:100BF00013B1012120469847032323700023A363E8
:100C0000E36397E704F14F03A3630123C3E723786A
:100C1000042B10D1302383F311882046FFF74BFEBD
:100C200085F311880321636884F84F5021701B6895
:100C30000BB12046984794F84630002BDED084F85C
:100C40004F300423237063681B68002BD6D0022129
:100C500020469847D2E794F8483020461D0603F016
:100C60000F010AD501F0F8F8012804D002287FF41A
:100C70000CAF244B9AE7244B98E701F0D3F8F3E745
:100C800094F84630002B7FF400AF94F8483013F00E
:100C90000F01B3D01A06204602D501F089F9ADE75D
:100CA00001F07AF9AAE794F84630002B7FF4EDAE14
:100CB00094F8483013F00F01A0D01B06204602D54F
:100CC00001F05EF99AE701F04DF997E7142384F8F3
:100CD000343031462046BDE8F84001F0E7B862B153
:100CE000152384F83430302383F311880021204603
:100CF000E36BA26BFFF704FEFCE60B23E7E700BF04
:100D000064300108623001086030010808B500F065
:100D1000C9F80B4B9A6C42F020029A649A6C9A6C58
:100D200042F040029A649A6C9A6C42F080029A6493
:100D30009A6C9A6C42F480729A649B6C08BD00BFF6
:100D4000000C01407047162303604FF0FF307047DE
:100D500000207047184670470020704710B50022E9
:100D6000044608460121FFF75FF918B90C234FF03C
:100D7000FF30236010BD08B51346002158221846E5
:100D8000EFF726FD4FF400524260002008BD01201D
:100D90007047000008B50248FEF74AFEEFF796FDDF
:100DA0003222010808B50248FEF742FEEFF78EFD39
:100DB000372201080120704770470122090100F124
:100DC000604303F56143C9B283F8001300F01F03C9
:100DD0009A4043099B0003F1604303F56143C3F864
:100DE00080211A607047012200F01F039A404309D6
:100DF0009B0003F1604303F56143C3F88020C3F80F
:100E00008021002300F1604000F5614080F800334C
:100E10007047090100F16040C9B200F56D400176EC
:100E20007047000017498A68022A12D0032A26D088
:100E3000154B1649012A18BF0B46124A926902F057
:100E40007F02013252080132B3FBF2F3104A136001
:100E50007047104A0B68526F49686FEA9212012975
:100E60000CBF09490C4902F0030203324A4303F064
:100E70001F0301335B080133B2FBF3F3DDE7074BDC
:100E8000DBE700BF000C0140006CDC0200127A00BE
:100E90001C150020000401400048E801001BB700B9
:100EA000FFF7C0BF13B50C20032440F2BE71314BD5
:100EB000314A9C62D862C2F8941000219962D962CA
:100EC0009C62D8628020C3F81C0CD3F81C0CC3F8B9
:100ED0001C0C009101914FF40141C3F8481C4FF6DE
:100EE000FC71A3F5744319630F2119600223136584
:100EF00001234BF68031D364936D03F0010301931A
:100F0000009B01330093019B13B9009B8B42F3D1EB
:100F1000019B03B9FEE7194B19498024C3F800145B
:100F20000021A3F5884399611C62196A01201962A6
:100F30002021586019601968196019680143196007
:100F400054679067D16F0329FCD102229A60012275
:100F50000021DA60074A9162D1629A6C42F4004241
:100F60009A649A6CDA6C42F40062DA64DB6C02B068
:100F700010BD00BF000001400004014000500140CE
:100F800013000003134B834223D1134B02201A6C2E
:100F9000124942F480721A641A6C42F002021A6416
:100FA000D3F8882042F00202C3F88820D3F88820C2
:100FB00022F00202C3F8882001225A63DA6708642B
:100FC000DA6608225A615A695A615A6942F0010286
:100FD0005A61704744490020000C0140004C014018
:100FE000084B83420CD1084B5A6902F008025A613F
:100FF00000225A61DA66DA671A6C22F002021A6479
:10100000704700BF44490020000C01400F4A936C18
:1010100043F4004343F0200393644FF080436FF4A4
:10102000C0521A634FF07072DA624FF020721A6089
:1010300000225A609A60DA604FF44C325A62012200
:1010400003F5A0335A700722DA727047000C014092
:101050000E4A6FF48051936C43F4004343F0200335
:1010600093644FF080436FF4C0521A6300221A60F9
:101070009A60DA6019634FF0807119604FF4805103
:1010800059605A624FF080529A617047000C0140DB
:1010900010B5074C6369DB0704D5064A13680BB12A
:1010A0005068984701236361BDE81040FEF778BFA0
:1010B000001800400047002010B5074C63699B07EB
:1010C00004D5064A93680BB1D06898470223636140
:1010D000BDE81040FEF764BF001800400047002044
:1010E00010B5074C63695B0704D5064A13690BB159
:1010F0005069984704236361BDE81040FEF750BF74
:10110000001800400047002010B5074C63691B071A
:1011100004D5064A93690BB1D069984708236361E7
:10112000BDE81040FEF73CBF00180040004700201B
:1011300010B5074C6369DB0604D5064A136A0BB188
:10114000506A984710236361BDE81040FEF728BF3E
:101150000018004000470020164B10B55C69A3063C
:1011600004D5154A936A0BB1D06A9847600604D536
:10117000114A136B0BB1506B9847210604D50E4AE8
:10118000936B0BB1D06B9847E20504D50A4A136CF8
:101190000BB1506C9847A30504D5074A936C0BB16B
:1011A000D06C9847BDE810404FF47872014B5A61FB
:1011B000FEF7F6BE00180040004700201A4B10B59D
:1011C0005C69620504D5194A136D0BB1506D9847DF
:1011D000230504D5154A936D0BB1D06D9847E004F3
:1011E00004D5124A136E0BB1506E9847A10404D572
:1011F0000E4A936E0BB1D06E9847620404D50B4A29
:10120000136F0BB1506F9847230404D5074A936FAF
:101210000BB1D06F9847BDE810404FF47C42024BB1
:101220005A61FEF7BDBE00BF001800400047002015
:10123000062108B50846FFF7C0FD06210720FFF785
:10124000BCFD06210820FFF7B8FD06210920FFF7A5
:10125000B4FD06210A20FFF7B0FD06211020FFF79C
:10126000ACFDBDE8084006212120FFF7A6BD08B56A
:101270000620FFF7B8FD0720FFF7B5FD0820FFF7B0
:10128000B2FD0920FFF7AFFD0A20FFF7ACFD1020EB
:10129000FFF7A9FDBDE808402120FFF7A4BD00002D
:1012A00000231946044A0133102B1160516002F1EA
:1012B0000802F8D1704700BF00470020C9434FF033
:1012C0005533016302F003015943016042F3800189
:1012D0004160C2F3C10159438160C2F341115943D6
:1012E000C160C2F3C1214B43C3624FF01133C2F35B
:1012F000C3125A4302624262704700001A4B70B533
:101300009C6C0F2644F4C0649C649B6C012301F028
:1013100003048B4021F0030101F1804101F5A0514C
:101320008D68A400C0F38320A04006FA04F425EAE7
:10133000040528438860D8430C4912F0010F8C68DB
:1013400014BF1C4304408C6012F0020FCA6814BF23
:101350001A430240CA60054A536111680B43136087
:1013600053680340536070BD000C014000180040FA
:101370004FF0E02340F2BF325A6100229A61072207
:1013800008210B201A61FFF744BD08B5302383F311
:101390001188FEF759FB002383F3118808BD08B5B7
:1013A000FFF7F3FFBDE80840FEF7FABD024A5368B5
:1013B00043F00203536070470084004070B5354E1F
:1013C000D6F854516B69D906DCB20AD5302383F3C1
:1013D00011884FF48061301DFEF7A0FD002383F3D8
:1013E0001188302383F3118814F00F0332D183F373
:1013F00011886B68980714D5A10612D5302383F3A2
:1014000011882548FFF7A3F8002840DA082123486F
:10141000FEF784FD6B6823F002036B60002383F307
:1014200011886B689A0711D563060FD5302383F3B3
:101430001188726CB36C9A4205D1B36B1BB1102149
:101440001648FEF76BFD002383F31188BDE870405A
:10145000FEF7A6BDC4F340010902620748BF41F090
:101460002001230748BF41F0400104F001040B486C
:1014700041EAC411FEF752FD2B682CB196F85811C1
:1014800004481940FFF705F96C69E4B2ACE728603D
:10149000C4E700BF80470020B047002084470020F9
:1014A00008B5054A00210548FFF7C6F8044B034A72
:1014B000C2F8543108BD00BFAD13010880470020B9
:1014C0000084004038B52A4B0446002914BF0D465D
:1014D0001D46037A012B1AD1264B984217D1264B71
:1014E0000821DA6C202042F00802DA64DA6CD3F8C2
:1014F000942042F00802C3F89420D3F8942022F0FC
:101500000802C3F89420D3F89430FFF756FCD4F8BF
:101510005431E9791A6902F050020A4329681A61C4
:101520004A0802F1B76202F55842B2FBF1F202F04A
:101530000F01C3F8C0108021D960C2F307111960F0
:101540000021C2F307325A60D96068792A790243D0
:10155000A8790243DA600122C3F89C10C3F89820EE
:101560005A6842F005025A60FF2384F8583138BDAA
:101570006830010880470020000C014070B5044627
:10158000C5692E6BC26A6B6A9A4234BFC36A6B6AC2
:10159000013B35D2E36A002B3ED1EB6263681B68E6
:1015A00033B104222046227098472378042B01D1BE
:1015B00002232370302383F31188002104F10800F3
:1015C000FEF7E6FB002383F31188F30717D5286A9B
:1015D000228E666AE36A616AD31A3344121A93420E
:1015E00028BF134699424FF6FF7138BF636A013B2B
:1015F0001BD2636A1BB9EB6A23F00103EB6270BD77
:10160000296EE26A013AE262A26A002AC0D0117031
:10161000A26A0132A262BBE7E26AEB699A429EBF0C
:10162000E36A03F1FF33EB61CFE7626A013A62627A
:10163000226A0AB92966DAE712F8010B28662262E3
:10164000D5E7000008B50348FFF798FFBDE808405C
:10165000FEF7A6BCDC48002008B50348FFF78EFF64
:10166000BDE80840FEF79CBC1049002008B50648BC
:10167000FFF738F8054B044A0548D361FFF732F805
:10168000044B034AD36108BDDC4800200030004011
:10169000104900200090004010B503780446012B4B
:1016A00045D1344B98421FD1334B0A219A6C1A20F2
:1016B00042F480529A649A6CD3F8902042F480529B
:1016C000C3F89020D3F8902022F48052C3F89020E1
:1016D000D3F89030FFF771FB6268E369128A5A61B0
:1016E0001A6942F001021A61244B9C421FD1224B1D
:1016F0000921DA6C1B2042F01002DA64DA6CD3F8AC
:10170000942042F01002C3F89420D3F8942022F0E1
:101710001002C3F89420D3F89430FFF74EFB6268B0
:10172000E369128A5A611A6942F001021A6161681A
:10173000E269CB8989890B4343F007039BB21360AD
:10174000238E4BB901239361916999420DD10133E5
:10175000B3F5807FF7D1238600239361D361D36AE9
:1017600023F0FF03D362936C10BD012B08BF00234D
:10177000F1E700BFDC480020000C014010490020C8
:1017800010B503780446022B1FD10022C3699A606A
:10179000DA6A22F0FF02DA629B6C0C4B984208D1A5
:1017A0001A20FFF720FB0A4B9A6C22F480529A64AD
:1017B0009B6C084B9C4208D11B20FFF714FB044B89
:1017C000DA6C22F01002DA64DB6C10BDDC48002019
:1017D000000C01401049002091B18362038E026227
:1017E0005B088B4228BF0B46C2694162C1629361AC
:1017F000013BD361D36A43F01103D36201239360A9
:10180000704799B100238362038E02625B088B42AA
:1018100028BF0B46C2694162C1629361013BD3613B
:10182000D36A43F01103D36201239360704799B1E7
:1018300000230362038E82625B088B4228BF0B4643
:10184000C2694162C1629361013BD361D36A43F0D3
:101850001103D362012393607047000000216022CE
:10186000074B10B599735A7499735A7443680446B8
:101870001B680BB106219847062384F8343010BD4D
:101880000040014090F8343010B5152B04460CD8B8
:10189000012208499A400A4208D1152B05D1036C50
:1018A00003B19847002384F8343010BDBDE81040E0
:1018B000FFF7D4BF410E100090F8343010B5152B4F
:1018C00004460CD8012208499A400A4208D1092B43
:1018D00005D1036C03B19847002384F8343010BD60
:1018E000BDE81040FFF7BABF410C3000F8B5294CF5
:1018F000851C04EB85035E68274AB3699073014633
:10190000107DC00739D59868917392F817C0927D01
:10191000224F42EA0C2207EB810700EB020C6045E4
:101920002CD1986810449860586810445860186822
:10193000801A1860188A013880B21882738A93421C
:1019400000D800BB012263898A4023EA0203638135
:1019500004EB85035B68DB680BB10E4898473023C6
:1019600083F3118804EB85046368986941680C303F
:10197000FEF70EFA002383F31188F8BD97F800E014
:1019800000F801EBCBE7044A137D03F0FE03137567
:10199000F3E700BF444900200040014020400140DF
:1019A000F8B5204C861C04EB86035D6801466A6925
:1019B000D2E90003834218D3012223898A4023EA13
:1019C00002032381AB680BB120469847302383F391
:1019D000118804EB86046368002158690C30FEF717
:1019E000D7F9002383F3118817E00F4FB9731769F4
:1019F0003B445360C31ADFD0288A984228BF184658
:101A0000936810613B449360084A184402EB8102DA
:101A1000984203D10122044B5A74F8BD13F8011BFC
:101A20001170F5E74449002000400140204001408A
:101A30002DE9F041874B9B799D07DFB202D586489F
:101A4000FFF700F87C0702D58348FEF795FF3807BB
:101A500013D5814C6368DB6823B97E4AD37A03F0DF
:101A6000F703D3722378052B02D17B48FEF7EAFFF8
:101A70006368DB680BB178489847764B9A781D7994
:101A800002F0FF06EDB252B9002D39D1FB0702D5A5
:101A90007148FEF7A9FFBDE8F041FEF781BAF107F2
:101AA00029D500216C4CE068997393F811C01CF0A3
:101AB000040F5FFA8CF21CBF597484F8341012F0D2
:101AC00010010CD08021634B5974002384F834300A
:101AD000D20710D5436800215F4898470BE094F87F
:101AE0003430152B74D006D8092B23D003D8002B03
:101AF000EED0062BECD0B20702D50120FFF750FF45
:101B0000730702D50220FFF74BFF340702D50320ED
:101B1000FFF746FFA80702D50120FFF7E7FE690798
:101B200002D50220FFF7E2FE2A07AFD50320FFF718
:101B3000DDFEABE7DFF81CC19CF8113013F00202A8
:101B4000D9B2D8D101F01103112BD4D043698CF84C
:101B50000E205A68D3F810E0D3F800800EEB020193
:101B60005960B8EB0101028A16D08A4228BF0A46A2
:101B700099681A61714499608B18994207D1038A58
:101B80009A4234BF0A2202228CF81120B3E711F8DE
:101B9000014B8CF82040F0E7964504D10A228CF8DE
:101BA00011201961A7E7238923F0010323818368AA
:101BB0000BB129489847302383F311880021E3684B
:101BC00058690C30FEF7E4F8002383F3118892E79C
:101BD000DFF880E09EF81130DB078CD583699A68C6
:101BE0008EF80E109EF816C05FFA8CF1944494455E
:101BF00027D19A680A449A605A680A445A601A6857
:101C0000521A1A601A8A013A92B21A82438A8B4295
:101C10004FF000010F4B997300D8BAB948225A749B
:101C2000638923F001036381E368DB6813B100215A
:101C300009489847302383F31188E368986941681D
:101C4000BFE79EF8208002F8018BD0E740225A744B
:101C500051E700BF00400140444900200148FEF721
:101C6000C9BD00BF4449002010B50478012C0ED135
:101C7000074AC260FFF786F90022064B0D21DA728F
:101C8000DC715A720E20BDE81040FFF796B810BD07
:101C9000703001080040014010B503780446012B64
:101CA0000CD00E20FFF79FF80022054B2046DA7279
:101CB000DA715A72BDE81040FFF792B910BD00BF4B
:101CC0000040014090F84E20014B1A70704700BF51
:101CD0000040014000EB8100334BC26801F00F016E
:101CE00010B59973106800F00300002955D0022840
:101CF0002AD0032828D0012825D153690BB993692C
:101D00000BB3E020284B9874108AC0F3C7001874F6
:101D1000402058740820587458740120DC7900FA67
:101D200001F1C9B244EA0100D871C0205875528A45
:101D3000C2F3C702DA7480221A7510221A751A7556
:101D40005A7A0A435A7210BD506980B100209874C3
:101D5000108A0124C0F3C70018744020587408206A
:101D600058745874D8798C402043C0B2D8719369A4
:101D7000002BE8D000200C4B5875528A0120C2F38A
:101D8000C702DA7480221A7510221A751A755A7AE7
:101D900000FA01F10A43D2B2D4E70028D3D1DA79AC
:101DA00042F00102DA71CEE700400140002208B59E
:101DB0000B4BDA715A724268D2681AB1DA7A42F081
:101DC0000802DA72074B0021C360FFF783FF01228C
:101DD000034B5A70DA7A42F00102DA7208BD00BF92
:101DE000004001407030010870B50D4B0021DA79D8
:101DF000402602F00102DA71082401228025102019
:101E000059729A730132D2B2042A99745E745C7466
:101E10005C7459751D7518751875F2D170BD00BFC9
:101E2000004001400B4B01F00F029A7339B95A7C04
:101E300050070DD4D879400000F002007047197D9A
:101E4000890605D4587A104100F00100400070471F
:101E500001207047004001400B4B01F00F029A73C4
:101E600039B95A7C50070DD4D879400000F00200EF
:101E70007047597CC90605D4D879104100F001009B
:101E8000400070470120704700400140064B01F0C0
:101E90000F0103EB810302F10801187802F8010B2E
:101EA0009142FAD1704700BF204001404822044BC4
:101EB00001F00F0199735A74002380F83430704791
:101EC0000040014000EB8100C06801F00F02816911
:101ED0000B6873B1408A0344013BB3FBF0F39BB240
:101EE0000B82064B9A7332B11A7D02F0FE021A750C
:101EF00070470123F4E740225A74704700400140C4
:101F000000EB810311F00F0170B508BF4025DB68BD
:101F100008BF124C5A6908BFA1731B8A08BF6574B9
:101F20001468A34228BF23460D4C1361926804EB4A
:101F30008104D518954205D1084A917331B1012326
:101F4000537470BD12F8016B2670F3E7517CC168C1
:101F5000098A8B4234BF0A230223F1E70040014083
:101F600020400140054B01F00F01997311B120226F
:101F70001A75704760225A74704700BF00400140D4
:101F8000044B01F00F01997311B110225A7470477C
:101F90006022FBE700400140044B01F00F01997300
:101FA00011B180221A757047597470470040014082
:101FB000044B01F00F01997311B140225A7470471C
:081FC000597470470040014014
:101FC800B400B40C0A0C0B0C0D0C0E4748474947DB
:101FD8004A474B474C4D4E4D4F4D504D514D525326
:101FE800545355535653575358595A595B595C597A
:101FF8005D595E5F605F615F625F635F64656665D0
:1020080067656865696A6B6A6C6A6D6A6E6F706F1E
:10201800716F726F737475747674777478797A796E
:102028007B797C797D7E7F7E807E817E82838483BE
:1020380085838683878889888A888B888C8D8E8D0E
:102048008F8D908D919293929492959296D5B19905
:102058000020202020202020202028282828282070
:102068002020202020202020202020202020202068
:1020780020881010101010101010101010101010D0
:1020880010040404040404040404041010101010C0
:10209800101041414141414101010101010101018A
:1020A80001010101010101010101010110101010DC
:1020B800101042424242424202020202020202025C
:1020C80002020202020202020202020210101010B0
:1020D80020000000000000000000000000000000D8
:1020E80000000000000000000000000000000000E8
:1020F80000000000000000000000000000000000D8
:1021080000000000000000000000000000000000C7
:1021180000000000000000000000000000000000B7
:1021280000000000000000000000000000000000A7
:102138000000000000000000000000000000000097
:102148000000000000000000000000000000000087
:1021580000005002510252024F024F034F03500336
:1021680050034F034F034A024A024D024D034A03EC
:102178001020004000000080010204081020408068
:102188005000510052004F003A3B3C3D3E3F404119
:102198004243000000000044450000002A0000DD22
:1021A800DF3700082C0000DDD93700082D0000FFBC
:1021B800C73700082E0022FFB5370008380000FF97
:1021C800AD370008090011DDA7370008050011DD4B
:1021D800A13700080000000000000000393A3B3C2D
:1021E8003D3E3F40414200610D0A004E5554363590
:1021F80020425431004E5554363520425432004E58
:102208005554363520425433004E55543635204205
:102218005434004E5554363520425435006330004E
:102228006D61696E0069646C650065786974006B3E
:10223800696C6C0001020304050606000001020334
:10224800040500FF55FFAAFF2BFFBFFF80FF00001A
:10225800060D0F10191A220D0E0F10111213141556
:102268001617181D202125290204050607090B0C3D
:102278000000FF00FF55FFAAFF2BFFBFFF6A010107
:102288002D141D1460EA000020BF0200E093040032
:10229800C0270900804F120040771B00E09304001C
:1022A8000008004001080040020800400308004000
:1022B800060000400A0400400B0400400C040040E3
:1022C8000D0400400E0400400A00004006080040CB
:1022D8000708004008080040090800404C00450075
:1022E8004B00550000004E005500540036003500E4
:1022F800200032002E0034004700200057006900FB
:10230800720065006C006500730073000000000037
:102318000948032181620C21C162084890F8100322
:10232800074900F00F000A68824200D008600020C8
:10233800401C2328FCDB70470000014000F0FF1F11
:10234800040401400748032181620C21C162064848
:10235800016801F00F01082901D90821016000BFB7
:1023680000BF70470000014004040140000800401D
:102378000108004002080040030800400600004031
:102388000A0400400B0400400C0400400D04004007
:102398000E0400400A0000400608004007080040FC
:1023A8000808004009080040010000400200004001
:1023B80003000040040000400D080040FFFFFFFF3D
:1023C8000500407EE600E700A97D00088D7D000835
:1023D800C8000100380000000080FF00197E0008D6
:1023E80000000000C17D0008FB7D0008000000001F
:1023F800A4210108187E197E0100010001000100D6
:10240800010001000100010001000100FF5500006A
:1024180000000000000000000000000000000000B4
:102428000000000000000000000000000000FF5550
:102438000000000000000000000000000000000094
:1024480000000000000000000000FF55FF55FF5588
:102458000000000000000000000000000000000074
:102468000000000000000000000000000000000064
:102478000000000000000000000000000000000054
:10248800FF550000000000000000000000000000F0
:10249800000000000000000000000000FF55FF558C
:1024A800FF550000000000000000000000000000D0
:1024B8000000000000000000000000000000000014
:1024C800FF550000000000000000000000000000B0
:1024D80000000000000000000000000000000000F4
:1024E8000000FF5500000000000000000000000090
:1024F8000000000000000000000000000000FF5580
:10250800FF55FF550000000000000000000000001B
:1025180000000000000000000000000000000000B3
:1025280000000000000000000000000000000000A3
:1025380000000000FF55000000000000000000003F
:102548000000000000000000000000000000000083
:10255800FF55FF55FF550000000000000000000077
:102568000000000000000000000000000000000063
:1025780000000000FF5500000000000000000000FF
:102588000000000000000000000000000000000043
:10259800000000000000FF550000000000000000DF
:1025A8000000000000000000000000000000000023
:1025B8000000FF55FF55FF55000000000000000017
:1025C8000000000000000000000000000000000003
:1025D80000000000000000000000000000000000F3
:1025E8000000000000000000FF550000000000008F
:1025F80000000000000000000000000000000000D3
:1026080000000000FF55FF55FF55000000000000C6
:1026180000000000000000000000000000000000B2
:1026280000000000000000000000000000000000A2
:102638000000000000000000000000000000000092
:102648000000000000000000000000000000000082
:102658000000000000000000000000000000000072
:102668000000000000000000000000000000000062
:102678000000000000000000000000000000000052
:102688000000000000000000000000000000000042
:102698000000000000000000000000000000000032
:1026A8000000000000000000000000000000000022
:1026B8000000000000000000000000000000000012
:1026C8000000000000000000000000000000000002
:1026D80000000000000000000000000029001E00AB
:1026E8001F002000210022002300240025002600CE
:1026F80027002D002E002A004C002B0014001A0081
:102708000800150017001C0018000C001200130028
:102718002F0030003100B700390004001600070010
:1027280009000A000B000D000E000F0033003400F2
:1027380000002800B600E10000001D001B00060094
:102748001900050011001000360037003800E500B8
:1027580052004D00E000E300E200000000002C0001
:102768000000000000000000407E2552500051008B
:102778004F00000000000000000000000000000002
:102788000000000000000000000000000000000041
:10279800037C3A003B003C003D003E003F00400007
:1027A800410042004300AA00A9000B7E0D7E3500BF
:1027B800007E017E027E037E047E0100010001008E
:1027C800010001000100010021780C7E01000100D8
:1027D8000100087E01000100470048004A004D0042
:1027E8000100010000002378107E010000000100B4
:1027F800010001000100010013700A7E01000100C0
:10280800010024522778117E077E0B700E7E00008F
:102818000000057E0000000000000000067E0100A8
:102828002A782878297800000000000000000000BD
:102838000000000000000000000000000000000090
:102848000000000029001E001F00200021002200B7
:10285800230024002500260027002D002E002A0032
:1028680049002B0014001A000800150017001C006E
:1028780018000C00120013002F00300031004C002B
:10288800390004001600070009000A000B000D00BB
:102898000E000F0033003400000028004B00E10058
:1028A80000001D001B0006001900050011001000A3
:1028B800360037003800E50052004E00E000E20024
:1028C800E300000000002C000000000000000000F1
:1028D800407E2552500051004F00000000000000CB
:1028E80000000000000000000000000000000000E0
:1028F8000000000000000000037C3A003B003C00A0
:102908003D003E003F0040004100420043004400BB
:1029180045000B7E0D7E3500007E017E027E037E23
:10292800047E010001000100010001000100010016
:1029380021780C7E010001000100087E01000100E1
:10294800470048004A004D000100010000002378BC
:10295800107E0100000001000100010001000100DB
:1029680013700A7E01000100010024522778117EAD
:10297800077E01000E7E00000000057E00000000BA
:1029880000000000067E01002A78287829780000D7
:10299800000000000000000000000000000000002F
:1029A800000000000000000000000000007C0100A2
:1029B8000100010001000100010001000100010007
:1029C80001000100010001000100010001000F7E6B
:1029D80001000100010001000100010001000100E7
:1029E80001000100010001000100010001000100D7
:1029F80001000100010001000100097E0100010041
:102A080000000100010001000000010001000100B8
:102A180001000100010001000100010001000100A6
:102A28000100010001000100010000000000010098
:102A3800000000000000000001000100010001008A
:102A4800010000000000000000000000000000007D
:102A5800000000000000000000000000000000006E
:102A6800037C3A003B003C003D003E003F00400034
:102A780041004200430044004500010001000100FC
:102A8800007E017E027E037E047E010001000100BB
:102A980001000100AA00A9000100010001000100D5
:102AA8000100010001000100010001000100010016
:102AB8000100010000000100010001000000010008
:102AC80001000100010001000100010001000100F6
:102AD80001000100010001000100010001000000E7
:102AE8000000057E00000000000000000100010059
:102AF80001000100010000000000000000000000CB
:102B080000000000000000000000000000000000BD
:102B180000000000E200E900EA00B500B600B700D6
:102B2800CD008301CC008A01920194012102230285
:102B380024022502260227022A02B300B4006F00ED
:102B480070009F01CB019F02A002E200E900EA00A9
:102B5800B500B600B700CD008301CC008A01920110
:102B680094012102230224022502260227022A02B6
:102B7800B300B4006F0070009F01CB019F02A00258
:102B88000008004001080040020800400308004017
:102B9800060000400A0400400B0400400C040040FA
:102BA8000D0400400E0400400A00004006080040E2
:102BB80007080040080800400908004001000040DC
:102BC8000200004003000040040000400D080040DF
:102BD800FFFFFFFF003131295A1B750A49CD000854
:102BE800F1CC00082DCD00085DCD000800010101E1
:102BF80001010101010102020202020202020203B2
:102C08000303030303030304040404040404050581
:102C18000505050606060606070707070708080844
:102C280008090909090A0A0A0B0B0B0C0C0C0D0DF3
:102C38000D0E0E0E0F0F0F1010111111121213138B
:102C48001414151516161717181819191A1A1B1B04
:102C58001C1D1D1E1E1F2020212222232424252660
:102C680026272829292A2B2C2D2D2E2F3031323298
:102C7800333435363738393A3B3C3D3E3F404142A4
:102C8800434445464748494A4C4D4E4F505153548A
:102C9800555658595A5B5D5E5F616264656668693E
:102CA8006B6C6D6F7072737577787A7B7D7E8082BE
:102CB800838587888A8C8E8F91939596989A9C9E07
:102CC800A0A2A3A5A7A9ABADAFB1B3B5B7BABCBE17
:102CD800C0C2C4C6C9CBCDCFD1D4D6D8DBDDDFE2E4
:102CE800E4E7E9EBEEF0F3F5F8FAFDFF00FF010089
:102CF800010000FFFF0000010001FF0000000000CC
:102D0800000400400F000000000000002000000048
:102D180000000000000000002A2B2800000000002E
:102D28000000000000000000000000290000000072
:102D38002C1E3420212224342627252E362D3738E0
:102D4800271E1F202122232425263333362E3738E9
:102D58001F0405060708090A0B0C0D0E0F101112A7
:102D6800131415161718191A1B1C1D2F3130232D73
:102D7800350405060708090A0B0C0D0E0F10111271
:102D8800131415161718191A1B1C1D2F3130354C22
:102D9800000000000000000000000000000000002B
:102DA800000000000000000000000000000000001B
:102DB800000000007E0F00D4FFFFFFC7000000786E
:102DC80015EE000875ED00085DEC00080000000035
:102DD8004422B600672F01088F2E0108B12E010882
:102DE800342E01084D2E01086D2E0108040A0C002E
:102DF8001E2E0108122E0108042E01080C034E0095
:102E0800550054003600350000000A034C00450008
:102E18004B00550000000403090409025B0003018C
:102E280000A0FA09040000010301010009211101B1
:102E3800000122440007058103080001090401007C
:102E480002030000000921110100012222000705E8
:102E58008203200001070502032000010904020083
:102E6800010300000009211101000122B600070535
:102E7800830320000112010002000000402D341AD3
:102E8800E51800010200010660FF0961A10109625D
:102E9800150026FF00952075088102096315002694
:102EA800FF00952075089102C005010902A101855E
:102EB800020901A100050919012908150025019534
:102EC80008750181020501093009311581257F95B1
:102ED800027508810609381581257F9501750881D5
:102EE80006050C0A38021581257F950175088106AB
:102EF800C0C005010980A101850319012AB7001581
:102F08000126B700950175108100C0050C0901A1C3
:102F180001850419012AA002150126A00295017550
:102F2800108100C005010906A1018506050719E001
:102F380029E7150025019508750181020507190083
:102F480029EF1500250195F0750181020508190181
:102F58002905950575019102950175039101C00533
:102F6800010906A101050719E029E71500250195C2
:102F78000875018102950175088101050719002965
:102F8800FF150026FF009506750881000508190140
:102F9800290515002501950575019102950175030F
:102FA8009101C0007C3A0108984900209849002006
:102FB800984900207C3A0108000000000000000049
:102FC800000000007C3A010800000000000000003A
:102FD800000000007C3A010800000000000000002A
:102FE800000000007C3A010800000000000000001A
:102FF800000000007C3A010800000000000000000A
:10300800000000007C3A01080000000000000000F9
:10301800000000007C3A01080000000000000000E9
:103028000000000025220108184300202844002041
:1030380000000000FD050108ED0501081D06010856
:103048000D0601081706010807060108F70501081B
:10305800E70501082706010801000000000000003C
:103068000096000003000000000000005D0A01084F
:10307800B9180108851801084000400030440020B4
:103088003044002001000000284400205245454EED
:1030980054206D616C6C6F63207375636365656440
:1030A800656400002E2E2F2E2E2F2E2E2F2E2E2F23
:1030B8002E2E2F2E2E2F6E65776C69622F6C69620B
:1030C800632F7374646C69622F72616E642E63007F
:1030D8002C2066756E6374696F6E3A2000000000DC
:1030E800617373657274696F6E202225732220667E
:1030F80061696C65643A2066696C652022257322D3
:103108002C206C696E65202564257325730A0000E0
:10311800232D302B20000000686C4C006566674545
:10312800464700003031323334353637383941427A
:1031380043444546000000003031323334353637D9
:0C314800383961626364656600000000B5
:08315400F0D0FE7F0100000035
:10315C00040C002000000000201500208815002021
:10316C00F01500200000000000000000000000002E
:10317C000000000000000000000000000000000043
:10318C000000000000000000000000000000000033
:10319C000000000000000000000000000000000023
:1031AC000000000003000000201500200000FF00BC
:1031BC0001000000214D0008A54D0008754F0008C6
:1031CC00ED4D0008494E000801000000E09304009A
:1031DC0000000064FFFFFF38393A3B3C3D3E3F4066
:1031EC004142434445460504030201003736353459
:1031FC00333231302F0622232425262728292A2B47
:10320C002C2D2E21201F1E1D1C1B1A1918171615CC
:10321C00140708090C0F1011121300000000000015
:10322C00FA00000000000000010000000000000097
:10323C001500000000000000FFFFFF00FA00000076
:10324C00000000000100000000000000120000005F
:10325C0000000000FFFFFF00FA000000000000006B
:10326C00010000000000000013000000000000003E
:10327C00FFFFFF00FA00000000000000010000004A
:10328C00000000001100000000000000FFFFFF0024
:10329C00FA00000000000000010000000000000027
:1032AC001A00000000000000FFFFFF00FA00000001
:1032BC0000000000010000000000000024000000DD
:1032CC0000000000FFFFFF00FA00000000000000FB
:1032DC00010000000000000046000000000000009B
:1032EC00FFFFFF00FA0000000000000003000000D8
:1032FC0000000000FA000000D1600008000000008F
:10330C00FA000000000000000300000000000000B4
:10331C00FB000000D560000800000000FA0000006F
:10332C00000000000300000000000000FF0000008F
:10333C004561000800300000010101000800383927
:10334C003A3B3C3D3E3F4041424344454605040325
:10335C0002010037363534333231302F0622232424
:10336C0025262728292A2B2CFF2D2E21FF201F1E36
:10337C001D1C1B1A19181716151407080996FF0C93
:10338C00FFFFFFFF0F10111213474D53595F656A72
:10339C006F74797E83888D92500D400D300D200D09
:1033AC00100D000D001A0033103320330000000004
:1033BC00503300000000A033B033C033D033E033BF
:1033CC00E026D026C026B026A02690268026702681
:1033DC00602650264026302620260026101A201A59
:1033EC00301A401A501A601A701A801A901AA01AC1
:1033FC00B01AD01AE01AE00DD00DC00DB00DA00D12
:10340C00900D800D700D600D00001000200030003C
:10341C00400050006000700080009000A000B000E0
:10342C00C000D000E00000400000000000000000E0
:10343C0000001040000000000000000000002040D0
:10344C000000000000000000000030400000000000
:10345C0000000000000040400000000000000000E0
:10346C000000504000000000000000006040000020
:10347C000000000000007040000000000000000090
:10348C0080400000000000000000904000000000A0
:10349C0000000000A0400000000000000000B04050
:1034AC000000000000000000C04000000000000010
:1034BC000000D0400000000000000000E0400000D0
:1034CC0000000000000004040404040404040404C8
:1034DC0004040404040404040404040404040404A0
:1034EC000404040404040404040404040404040490
:1034FC000404040404040404040404040404040480
:10350C00040404040404040404040404040404046F
:10351C00040404040404040404040404040404045F
:10352C00040404040404040404040404040404044F
:10353C00040404040404040404040404040404043F
:10354C00040404040404040404040404040404042F
:10355C00040404040404040404040404040606001F
:10356C003F2500205F2500202D9D00080300FF0053
:10357C00FFFF3905280850011E0A1401030201003F
:10358C000096000003000000010000009DF0000800
:10359C00C9F00008D3F00008DDF00008E7F00008DF
:1035AC00000000000000000000000000000000000F
:1035BC0000000000000000000000000000000000FF
:1035CC0000000000000000000000000000000000EF
:1035DC0000000000000000000000000000000000DF
:1035EC0000000000000000000000000000000000CF
:1035FC0000000000000000000000000000000000BF
:10360C0000000000000000000000000000000000AE
:10361C0044490020020000000400000020000000CB
:10362C00944000200000000000000000000000009A
:10363C00000000000000000000000000000000007E
:10364C00000000000000000000000000000000006E
:10365C00000000000000000000000000000000005E
:10366C00030000000000000001F40008000000004E
:10367C00200000000000000000000000020000001C
:10368C00000000000000000000000000000000002E
:10369C00000000000000000000000000000000001E
:1036AC00000000000000000000000000000000000E
:1036BC00444900200300000004000000200000002A
:1036CC00E44100200000000000000000A8130020CE
:1036DC0000000000000000000000000000000000DE
:1036EC0000000000000000000000000000000000CE
:1036FC0000000000000000000000000000000000BE
:10370C0000000000000000000300000000000000AA
:10371C0001F4000800000000080000000000000098
:10372C00000000000200000000000000000000008B
:10373C00000000000000000000000000000000007D
:10374C00000000000000000000000000000000006D
:10375C0000000000000000004449002001000000AF
:10376C000400000008000000B4410020000000002C
:10377C00000000003C1300200000000000000000CE
:10378C00000000000000000000000000000000002D
:10379C00000000000000000000000000000000001D
:1037AC00000000000000000000000000000000000D
:1037BC00030000000000000001F4000897F400086A
:1037CC0020002000000000000000000002000000AB
:1037DC0000000000000000000000000000000000DD
:1037EC0000000000000000000000000000000000CD
:1037FC0000000000000000000000000001000000BC
:10380C0044490020020000000400000020000000D9
:10381C00244100200000000000000000D012002015
:10382C00EC12002015F60008F5F500082BF6000840
:10383C000DF7000829F7000835F70008F0120020F2
:10384C00000000000000000000000000000000006C
:10385C00000000000000000000000000000000005C
:10386C00000000000000000000000000000000004C
:10387C00000000000000000000000000000000003C
:10388C000000000000000000200000005813002081
:10389C0015F60008F5F500082BF600080DF70008E2
:1038AC0029F7000835F700085C1300200000000021
:1038BC0000000000000000000000000000000000FC
:1038CC0000000000000000000000000000000000EC
:1038DC0000000000000000000000000000000000DC
:1038EC0000000000000000000000000000000000CC
:1038FC000000000008000000C413002071F600084E
:10390C0049F600088DF6000885F70008A9F70008AD
:10391C00C1F700080000000000000000CC140020DB
:10392C00801400203414002000000000E813002054
:10393C00000000000000000000000000000000007B
:10394C000600000000000000000000000000000065
:10395C00000000000000000000000000000000005B
:10396C00000000000000000000000000000000004B
:10397C00000000000000000000000000000000003B
:10398C002000000000000000000000000400000007
:10399C00000000000000000000000000000000001B
:1039AC00000000000000000000000000000000000B
:1039BC0000000000000000000000000000000000FB
:1039CC0000000000000000000000000003000000E8
:1039DC0000000000000000000300000000000000D8
:1039EC0000000000000000000000000000000000CB
:1039FC0000000000000000000000000000000000BB
:103A0C0000000000000000000000000000000000AA
:103A1C000000000000000000030000000000000097
:103A2C000000000002000000000000000000000088
:103A3C00000000000000000000000000000000007A
:103A4C00000000000000000000000000000000006A
:103A5C00000000000000000000000000000000005A
:103A6C0000000000060000000102000000D8B805AC
:04000005080001B935
:00000001FF
