:020000040800F2
:1000000000040020B9010008BB010008BB01000882
:10001000BB010008BB010008BB010008BB010008D0
:10002000BB010008BB010008BB01000881080108F2
:10003000BB010008BB010008BB010008DB1C010874
:10004000BB010008BB010008BB010008BB010008A0
:10005000BB010008BB010008CD190108F519010812
:100060001D1A0108451A01086D1A0108BB01000894
:10007000BB010008BB0100086D230108BB0100089B
:10008000951A0108BB010008BB010008BB0100086C
:10009000BB010008BB010008BB010008BB01000850
:1000A000BB010008BB010008811F0108951F010862
:1000B000BB010008BB010008BB010008BB01000830
:1000C000F91C0108F91A0108BB010008BB0100086E
:1000D000BB010008BB010008BB010008BB01000810
:1000E00072B6264880F30888254880F30988254899
:1000F00025490860022080F31488BFF36F8F10F049
:10010000F3F80FF0ABFC4FF0553020491B4A9142F9
:100110003CBF41F8040BFAE71D49194A91423CBF24
:1001200041F8040BFAE71B491B4A1C4B9A423EBF9D
:1001300051F8040B42F8040BF8E700201849194A5B
:1001400091423CBF41F8040BFAE710F0D1F810F0EF
:10015000CCF8154C154DAC4203DA54F8041B884713
:10016000F9E70AF0C7FB124C124DAC4203DA54F81F
:10017000041B8847F9E710F0B9B80000000400201C
:10018000000C00200000000808ED00E00000002046
:1001900000040020783A0108000C002020150020FF
:1001A00020150020A8490020E0000008E000000819
:1001B000E0000008E000000892E700F000F8FEE729
:1001C0002DE9F04FC1F80CD0C3689D46BDE8F08F13
:1001D000002383F311882846A047002010F056FA28
:1001E000FEE710F0ADF900DFFEE7000053B94AB9B1
:1001F000002908BF00281CBF4FF0FF314FF0FF302F
:1002000000F09AB9ADF1080C6DE904CE00F01AF8CF
:10021000DDF804E0DDE9022304B07047430803F091
:100220005533C01A830803F0333300F033301844D9
:1002300000EB101000F00F3000EB002000EB00404E
:10024000000E70472DE9F047089D0F4604468E4684
:10025000002B48D18A42164661D9B2FA82F24AB1DD
:10026000C2F1200301FA02FE20FA03F3964043EAAA
:100270000E0E94404FEA164CBEFBFCF1B7B20CFBDD
:1002800011EE01FB07F0230C43EA0E43984209D913
:10029000F31801F1FF3E80F0ED80984240F2EA80D1
:1002A000023933441B1AB3FBFCF00CFB103300FB88
:1002B00007F7A4B244EA0344A74209D9341900F16C
:1002C000FF3380F0D980A74240F2D6803444023810
:1002D00040EA01400021E41B1DB10023D440C5E9E0
:1002E0000043BDE8F0878B4206D90DB1C5E9000196
:1002F00000210846BDE8F087B3FA83F1002947D111
:10030000BB4202D3824200F20481841A67EB0302EB
:1003100001209646002DE4D0C5E9004EE1E7002A11
:1003200000F09080B2FA82F2002A40F0A780881B89
:100330000121370C1FFA86FEB0FBF7FC07FB1C00FF
:10034000230C43EA00430EFB0CF0984207D9F31844
:100350000CF1FF3802D2984200F2E080C4461B1A2A
:10036000B3FBF7F007FB10330EFB00FEA4B244EA28
:100370000344A64507D9341900F1FF3302D2A6453C
:1003800000F2C9801846A4EB0E0440EA0C40A3E733
:10039000C1F120068B4022FA06FC4CEA030C27FA36
:1003A00006FA4FEA1C49BAFBF9F88F4020FA06F327
:1003B00009FB18AA1FFA8CFE3B4300FA01F708FB61
:1003C0000EF01C0C44EA0A44A04202FA01F20BD9D6
:1003D0001CEB040408F1FF3A80F09980A04240F23F
:1003E0009680A8F102086444241A98B2B4FBF9F389
:1003F00009FB134403FB0EFE40EA0444A64508D95A
:100400001CEB040403F1FF307FD2A6457DD9023BEB
:10041000644443EA0840A4EB0E04A0FB028E74453A
:100420004346F14661D35ED055B1FA1A64EB090434
:1004300004FA06F622FA01F31E43CC40C5E9006433
:1004400000214EE743084FEA510C43EAC1710A0C00
:1004500042EA0C428BB2C407B2FBF6F143EA024314
:10046000BCFBF6FCB646304637461F22181A41EA56
:100470000C4161E7714615E7184629E7C2F12003F0
:1004800021FA03F0964024FA03F397403B43370CDC
:10049000B0FBF7F807FB18001FFA86FE190C41EABB
:1004A000004108FB0EF0884204FA02F43AD97118B0
:1004B00008F1FF3C01D288421ED8091AB1FBF7F8B7
:1004C00008FB0EF007FB18119BB243EA014383427D
:1004D0002FD2F31808F1FF31C8D28342C6D2A8F157
:1004E00002013344C2E747459ED2B8EB02036EEBEC
:1004F0000C0E0138F14697E7301A0144A8F1020CBE
:10050000B1FBF7F808FB0EF0DCE7034681E7D046C5
:100510006AE70846FEE63444023834E7ACF1020CE0
:1005200033441CE7091AC446B1FBF7F808FB0EF088
:10053000C8E741469AE700BF704700BF38B5124B85
:1005400004461D682A6B1AB10023C2E9044338BD72
:10055000182000F039FA0246286378B100210B23F5
:1005600001209381C2E90401084B0949094DC2E900
:10057000011300231560C2E9044338BD4621064B30
:10058000064800F0FFF800BF000C0020ECDE05007C
:1005900034126DE60E33CDABB0390108C83901080D
:1005A00038B5194B1C68226B8AB113691749546915
:1005B00003FB01F1164800FB0411A3FB00300133DB
:1005C00041EB0001C2E9043121F0004038BD1820A0
:1005D00000F0FAF90246206388B1012400250B23BC
:1005E0000A480C49C2E90445116001460A4D0B4C0A
:1005F00093810B4BC2E90154C2E9043138BD522149
:10060000084B094800F0BEF8000C00202DF45158AA
:100610002D7F954C0E33CDAB34126DE6ECDE05002C
:100620002E7F954CB0390108C839010820F003012C
:1006300010F00300C0F1000051F8043B00F1040C7D
:100640004FEACC0C6FF000021CBF22FA0CF21343ED
:100650004FF0010C4CEA0C2C4CEA0C4CA3EB0C02B6
:1006600022EA030212EACC1204BF51F8043B043020
:10067000F4D0C2F1000102EA0102B2FA82F2C2F140
:100680001F0200EBD200704788420ED98B188342BC
:100690000BD900EB020C002A6DD0624613F801CD95
:1006A000994202F801CDF9D170470F2A0FD80346BD
:1006B00002F1FF3C002A5ED00CF1010C013B8C449E
:1006C00011F8012B614503F8012FF9D1704740EA79
:1006D00001039B0750D1A2F1100370B501F1200C6A
:1006E00023F00F0501F1100E00F11004AC441B09BA
:1006F0005EF8105C0EF1100E44F8105C5EF81C5CA5
:10070000103444F81C5C5EF8185C44F8185C5EF821
:10071000145CE64544F8145CEAD1013312F00C0F86
:1007200001EB031102F00F0400EB031328D08E46F7
:10073000043C24F003064FEA940C1E441C1F5EF890
:10074000045B44F8045FB442F9D10CF1010402F0F7
:10075000030203EB840301EB840102F1FF3C4AB185
:100760000CF1010C013B8C4411F8012B614503F89D
:10077000012FF9D170BD7047034602F1FF3C9BE7A2
:100780002246EAE7144600B51A460A4B0D461B6896
:1007900085B0DE6803464CB10749019130460749F0
:1007A0000294009500F02EF900F090F804490C46F0
:1007B000F3E700BF000C0020F4390108043A0108F7
:1007C000003A010808B513460022FFF7DBFF00BF1F
:1007D00070B5860747D0541E002A3ED00346CAB2E1
:1007E00001E0013C39D303F8012B9D07F9D1032C1B
:1007F0002CD9CDB205EB05250F2C1A4605EB054586
:1008000034D9A4F1100C2CF00F0603F1100EB644ED
:100810004FEA1C1CC2E90055C2E90255103272456C
:10082000F8D10CF1010214F00C0F03EB021204F0EA
:100830000F0C13D0ACF1040323F00303043313446F
:1008400042F8045B9342FBD10CF003042CB1C9B213
:100850001C4403F8011BA342FBD170BD6446134640
:10086000002CF4D1F9E703461446C0E7A446E1E7BB
:10087000032A30B415D941EA0004A40784460B4684
:1008800004D0541E0FE0043A032A08D919466046E2
:1008900053F8044B5CF8045BA542F4D0F1E76046E2
:1008A0001946541E7AB1431E0139021901E09A42D9
:1008B00009D013F8010F11F801CF6045F7D0A0EB74
:1008C0000C0030BC7047002030BC7047062008B5D3
:1008D00000F042F9012010F0FBFE00BF844641EA1F
:1008E000000313F0030349D1403A23D30B6803609C
:1008F0004B6843608B688360CB68C3600B6903619E
:100900004B6943618B698361CB69C3610B6A036285
:100910004B6A43628B6A8362CB6AC3620B6B03636D
:100920004B6B43638B6B8363CB6BC3634030403152
:10093000403ADBD230320BD30B6803604B68436024
:100940008B688360CB68C36010301031103AF3D2EB
:100950000C3205D351F8043B40F8043B043AF9D279
:10096000043208D0D2071CBF11F8013B00F8013B4C
:1009700001D30B8803806046704700BF082A13D359
:100980008B07B1D010F00303AED0C3F10403D21A29
:10099000DB071CBF11F8013B00F8013BA4D331F881
:1009A000023B20F8023B9FE7043AD9D3013A11F801
:1009B000013B00F8013BF9D20B7803704B78437090
:1009C0008B78837060467047024B0146186800F0D0
:1009D000FDBE00BF000C0020024B0146186800F06D
:1009E00075BF00BF000C00200CB400B583B004AB91
:1009F00053F8042B019300F087F903B05DF804EB82
:100A000002B070470EB400B5074A82B003AB01468E
:100A1000106853F8042B019300F076F902B05DF8EA
:100A200004EB03B0704700BF000C002038B5C46B66
:100A30000CB1002038BD8021054600F0C7FE0246FB
:100A4000E86330B1031F7C3243F8044F9342FBD17B
:100A5000EFE74FF0FF3038BD30B51F29054683B0B2
:100A600008D8C36B0C4653B153F8240043F8242034
:100A700003B030BD162303604FF0FF30F8E780214C
:100A8000019200F0A3FE019A0346E8630028F3D028
:100A9000011F00F17C05002041F8040FA942FBD1A1
:100AA000E2E700BF1F2938B505461ED8C26B0C46C9
:100AB0006AB152F8213053B1012B06D0591C10D025
:100AC0000021204642F824109847002038BD2846CF
:100AD00001F070FA224601462846BDE8384001F090
:100AE00055BA162301202B6038BD16234FF0FF3076
:100AF0002B6038BD1F292BD838B5C36B0C46054673
:100B0000A3B153F8242003EB84034AB1511C0BD04A
:100B1000012A07D0002520461D609047284638BD91
:100B2000012038BD032038BD022038BD802100F0EF
:100B30004DFE0346E86340B100201A1F03F17C011B
:100B400042F8040F8A42FBD1DBE74FF0FF3038BD9B
:100B50004FF0FF30704700BF38B5134B1F281D689A
:100B60001DD8EA6B044662B152F820304BB1012B1C
:100B700005D0591C0FD0002142F8201098470020C2
:100B800038BD284601F016FA224601462846BDE83F
:100B9000384001F0FBB9162301202B6038BD162325
:100BA0004FF0FF302B6038BD000C0020114B1F2888
:100BB00070B51E6808D8F36B04460D464BB153F868
:100BC000240043F8245070BD162333604FF0FF30EB
:100BD00070BD8021304600F0F9FD0346F063002827
:100BE000F4D00021021F7C3042F8041F8242FBD166
:100BF000E5E700BF000C002038B50B4B1D68EC6B1F
:100C00000CB1002038BD8021284600F0DFFDE863EC
:100C100038B1031F00F17C0243F8044F9342FBD12B
:100C2000EFE74FF0FF3038BD000C002038B5174B10
:100C30001F281D6826D80446E86BA0B150F8242070
:100C400000EB84034AB1511C0BD0012A07D00025C8
:100C500020461D609047284638BD012038BD03203E
:100C600038BD022038BD8021284600F0AFFDE86382
:100C700040B10021031F00F17C0243F8041F93429E
:100C8000FBD1DBE74FF0FF3038BD00BF000C002088
:100C90009368013B002B936005DAD2F818C06345D6
:100CA00007DB0A2905D01368581C10600846197024
:100CB000704700F069BE00BF9BB1F8B5134406460B
:100CC0000F46541E5D1E01E0AC4208D03A46304645
:100CD00014F8011FFFF7DCFF431CF5D1F8BD00201D
:100CE000F8BD0020704700BF936810B514461BB9CB
:100CF00018460023636010BD00F08CF90023A36048
:100D00000023636010BD00BF2DE9F04FA1B08B46FA
:100D100091461C46049018B1036A002B00F0138121
:100D2000BBF80C30180740F18E80DBF81030002B38
:100D300000F08980002343F220020D9399F80030DF
:100D40000127824E0794ADF83920002B73D04D4611
:100D500003E015F8013F002B7FD0252BF9D1B5EB2F
:100D6000090A7DD12B78002B65D000234FF0FF328C
:100D70000135CDE9092308930B938DF863301E9359
:100D800006E02546089B801B07FA00F00343089302
:100D90002C46052214F8011B304600F0EFF8A1465E
:100DA0000028EED1089BD90644BF20228DF863208D
:100DB0001A0748BF2B22297848BF8DF863202A29BB
:100DC00064D1079A1168043200290792C0F2968014
:100DD0000B9169782E296FD05D4C0322204600F0DC
:100DE000CDF838B14022089B001B8240134309F123
:100DF0000109089319F8011B062256488DF838108E
:100E000000F0BCF800287FD0534B002B69D007A915
:100E100000915A460498514B08A9AFF30080039003
:100E2000039B013307D00D9B039A13440D9399F84C
:100E30000030002B8BD1BBF80C305B060AD40D9828
:100E400021B0BDE8F08F5946049800F037FC002827
:100E50003FF470AF4FF0FF30F2E7B5EB090AEAD08C
:100E600009F1FF3805954546DDF8108001E0A245FF
:100E70003ED92C465A46404615F8011FFFF708FF99
:100E800002340130A4EB0904F1D1D4E7A1F130021E
:100E9000092A88BFA9469DD80B9B00E00134217820
:100EA00003EB830302EB4303A1F13002092AF5D9D6
:100EB0002E29A1460B938FD199F801102A292DD103
:100EC000079B09F102001A680433002A0793B8BF90
:100ED0004FF0FF3399F8021009928146B8BF099389
:100EE0007AE7079B073323F00703083307939AE752
:100EF0000D99059D51442B780D9134E7494243F0FB
:100F000002030B91089364E707A900915A460498DD
:100F1000124B08A900F06CFE039081E70023A1F1B9
:100F20003002092A09F1010909933FF655AF19F872
:100F3000011F03EB830302EB4303A1F13002092AF3
:100F4000F5D9099348E700F0C5FAE9E6343A010813
:100F50003C3A0108403A010800000000B90C0008C2
:100F60008C4600B586461346034A714610685DF804
:100F700004EB6246FFF7C8BE000C00205FFA81FC5C
:100F8000810744D00346511E22B909E09A0709D0CF
:100F9000013905D31846027801336245F6D170470E
:100FA00000207047184603290CD80029F8D00346C2
:100FB000014401E08B42F3D0184613F8012B62453F
:100FC000F8D1704710B50CEB0C24024604EB044436
:100FD00002E00439032915D9104652F8043B634056
:100FE000A3F1013E2EEA030313F0803FF1D0034644
:100FF000014401E08B4208D0184613F8012B6245EA
:10100000F8D110BD10460029F1D1002010BD1146C5
:10101000C9E700BF9368002B00F0F0802DE9F04F86
:10102000B1F90CC090461CF0080F81460C4683B005
:101030002BD00B694BB31CF00207D8F8006032D0FC
:101040004FF0000A5546D4F828B0216AAB4FC5B11D
:10105000BD422B46524628BF3B464846D84700284B
:1010600040F3C280D8F8083082441B1A2D1AC8F801
:101070000830002B00F0AE80D4F828B0216A002D93
:10108000E6D1D6E900A50836E1E72146484600F05A
:1010900015FB002840F0AD80B4F90CC0D8F8006012
:1010A0001CF00207CCD11CF0010A63D1574623681B
:1010B000A16818468B46002F58D01CF4007F00F022
:1010C000B180B9420A4600F2DD801CF4906F2FD047
:1010D000216962695D1A02EB420202EBD2726B1C5B
:1010E00052103B44934292BF93469B461A461CF4CF
:1010F000806F00F0E6801146484600F067FB00284C
:1011000000F0F5802A4621690190FFF7E7FBA289EC
:10111000019B22F4906242F08002A2815819C4F827
:1011200014B0ABEB05053A46BB462361A5602060D1
:101130003D46002751460192FFF7A6FAA1682368B1
:10114000019AA1EB0B011A44A1602260D8F8083083
:10115000AA445B1BC8F80830002B3BD02368A16869
:1011600018468B46B4F90CC0002FA6D1D6E900A7CB
:1011700008369EE73846BB463D46002D40D0002845
:1011800045D03A46D4E904C32068AA4228BF2A467B
:101190006045A16804D901EB030A524500F382803F
:1011A000934272DC5A464846216AD4F828C0E04788
:1011B000B0F1000A18DDB7EB0A070FD00120D8F80C
:1011C0000830D344A3EB0A03A5EB0A05C8F808309E
:1011D000002BD2D1002003B0BDE8F08F2146484655
:1011E00000F02AFA0028EAD0B4F90C3043F04003AA
:1011F000A3814FF0FF3003B0BDE8F08F00207047AF
:10120000756833460836002DFAD0D3F800B02A4668
:101210000A215846FFF7B2FE002865D00130A0EB46
:101220000B07AEE722699A4214D36569BD4211D813
:101230006FF00043BB4228BF3B4693FBF5F3524699
:1012400005FB03F34846A56A216AA847051ECBDDC6
:101250007F1B7BE7B94228BF39460D4618465146E9
:101260002A46FFF711FAA1682368491B2B44A160A5
:1012700023600029ECD12146484600F0DDF9002822
:10128000E6D0B1E7BB463A4652E759460192FFF72E
:10129000FBF9019AA36892469B1AA3602368134442
:1012A000236088E759465246FFF7EEF92368214646
:1012B00053444846236000F0BFF900283FF47BAF59
:1012C00092E7484600F0D0FB034600287FF426AFA3
:1012D0004846216900F0FAFA0C22B4F90C30C9F83A
:1012E000002023F0800381E76A1C17464AE70C229E
:1012F000B4F90C30C9F8002078E700BF00FCFF7F8C
:1013000000207047024A0349034800F08BBB00BF2E
:10131000500C002039160008040C00200C4B4168CA
:1013200010B59942044601D000F086F9A168094B36
:10133000994202D0204600F07FF9E168064B9942BD
:1013400004D02046BDE8104000F076B910BD00BFC3
:101350002015002088150020F0150020002070477F
:101360002DE9F84300250423294C2A490822C4F812
:10137000381104F15C002946DFF89C90DFF89C806E
:10138000274F284EC4E90335C4E90055C4E9055583
:10139000A5606566FFF71CFA234B0822294604F175
:1013A000C4006367C4E90849C4E90A87C4E91A5557
:1013B000C4E91E5526632567C4F8CC50C4F8805094
:1013C000FFF706FA194B2946C4F8DC30082204F16D
:1013D000680304F59670C4F88830C4E92398C4E91A
:1013E0002576C4E93455C4E93855C4F8D850C4F852
:1013F0003451C4F8E850FFF7EBF904F1D003C4E925
:101400003D98C4E93F76C4F8F030BDE8F88300BFEA
:101410002015002005130008B91F0008E11F00086F
:1014200021200008452000080900010012000200E8
:10143000F8B5254B0646D3F83831002B3CD0234F66
:10144000D7E90134013B04D51DE05A1C04F16804BE
:1014500019D0B4F90C50013B002DF6D11C4B0822D9
:101460002946C4E90155C4E90455E3606566256071
:10147000A56104F15C00FFF7ABF9C4E90D55C4E9BF
:1014800012552046F8BD3D680DB12F46D8E74FF400
:10149000D671304600F09AF9044680B10423056005
:1014A000294625460C304FF4D072A0606360FFF7E8
:1014B0008FF93C602F46C3E7FFF752FFBFE70C23CD
:1014C00038603360DDE700BF20150020500C00209D
:1014D0000100FFFF036A03B17047044B044AD3F8CD
:1014E00038310262002BF7D13AE700BF2015002007
:1014F0001D130008704700BF704700BF0020024A5C
:10150000024900F08FBA00BF500C00200113000800
:101510000020024A024900F085BA00BF500C0020AA
:101520005D130008F8B5B1F90C300C461E070746EC
:1015300039D44A68002A53DDE56A002D31D00022F3
:101540003E683A6013F48052216A55D1012338462F
:10155000A847451C024663D0B4F90C30E56A216AFD
:10156000580705D56368D21A636B0BB1236CD21A86
:1015700000233846A847421C40D0002223696260FD
:101580002360A389DB0400D56065616B3E6041B1D7
:1015900004F14403994202D0384600F097F9002341
:1015A00063630020F8BD0E69002EFAD09B0718BFB8
:1015B00000230D6808BF4B690E60AD1B8B600CE00B
:1015C0002B463246D4F828C03846216AE047B0F1AD
:1015D000000CA5EB0C05664406DD002DF0DCE0E711
:1015E0000A6C002AA8DCDCE7B4F90C3043F04003B5
:1015F0004FF0FF30A381F8BD626DB1E73968B4F9EF
:101600000C301D29F2D80B4ACA40D507EED500226E
:10161000626022692260DA04B7D50029B4D0B4E749
:101620003B68002B98D01D2B01D0162BDCD13E60DF
:10163000B7E700BF010040200B69B3B110B5044605
:1016400082B008B1036A5BB1B1F90C3013B9002064
:1016500002B010BD204602B0BDE81040FFF762BFE7
:101660000191FFF737FF0199EEE70020704700BFB7
:10167000B8B138B50D4A0369044615682BB10DB1F0
:101680002B6A53B1B4F90C300BB9002038BD214698
:101690002846BDE83840FFF745BF2846FFF71AFF48
:1016A000F0E7034A0349044800F0BCB9000C0020ED
:1016B000500C002039160008040C002038B52F4BC0
:1016C00005461B680C4613B11A6A002A4BD0B4F9C0
:1016D0000C3018071CD5226922B313F0010107D082
:1016E00000206169A0604942A1613AB1002038BD83
:1016F000980758BF6169A160002AF7D1190658BF41
:101700001046F4D543F04003A3814FF0FF3038BDBD
:10171000D9062CD55A0712D4226943F00803A381B5
:10172000002ADAD103F42071B1F5007FD5D021462B
:10173000284600F0A3FBB4F90C302269CDE7616BB9
:1017400051B104F14402914204D0284600F0BEF8A1
:10175000B4F90C30002262630021226923F02403D3
:10176000C4E90021D9E71846FFF7B4FEAFE7092224
:1017700043F040032A60A381C7E700BF000C0020AC
:1017800070B5114E054633680C46BBB1214628465C
:101790000FF082FF431C01460CD0C41C24F003044C
:1017A000A04205D02846611A0FF076FF013001D023
:1017B000204670BD4FF0FF34204670BD19460FF033
:1017C0006BFF3060E2E700BF5C1600202DE9F843B4
:1017D000CD1C25F0030508350C2D38BF0C25002D38
:1017E000064618DBA94216D8DFF8DC8000F042FB81
:1017F000D8F80420A2B1144603E0636822467BB106
:101800001C4623685B1BF8D40B2B1FD894426368DB
:1018100054D053600CE00C2333600020BDE8F88303
:1018200029463046FFF7ACFF431C044619D005603B
:10183000304600F021FB04F10B00231D20F00700CF
:10184000C21A1CBF1B1AA350BDE8F8836119944249
:10185000256014BF5160C8F80410635163684B6081
:10186000E6E7D8F804701FB33C467F68002FFBD131
:1018700023683946304604EB03090FF00DFF81451C
:1018800016D123683046ED1A2946FFF779FF01305B
:101890000ED02368D8F804202B442360536883B10A
:1018A000A34203D01A465B689C42FBD10023B0E7F9
:1018B0000C233046336000F0DFFAAEE7C8F804309E
:1018C000B6E7C8F80470B3E75C160020002950D0D2
:1018D00038B551F8043C0C1F002BB8BFE41805467E
:1018E00000F0C8FA274A13682BB1A3420CD921682B
:1018F000601883422CD0284663601460BDE83840ED
:1019000000F0BABAA3420FD81A465B68002BF9D18F
:1019100011685018844217D02CD363605460284655
:10192000BDE8384000F0A8BA11685018A04214D0A1
:1019300020D8216860188342EFD118685B6808449A
:10194000C4E900035460EAE723680B441360E6E748
:1019500018685B6808442060CDE72068014450188F
:1019600083421160DBD1D3E900040144C2E90014D1
:10197000D5E770470C2328462B60BDE8384000F0BF
:101980007BBA00BF60160020F8B506460D46144627
:1019900010B1036A002B37D0A269A389A2601A078D
:1019A00019D52369BBB122686169D31AEDB2994296
:1019B0002F4620DD0133A1680139A160511C21604F
:1019C000157062699A420DD0A389DB0701D50A2DF3
:1019D00008D03846F8BD21463046FFF76FFE38B9CB
:1019E0002369E0E721463046FFF726FE0028F0D0C5
:1019F0004FF0FF37EDE721463046FFF71DFE002888
:101A0000F6D101232268D6E7FFF764FDC4E700BFE3
:101A100003460A46024908681946FFF7B5BF00BFEA
:101A2000000C00202DE9F8434FF0000980460F46D6
:101A30001646D6E90154013D10D4A389012B08D9DB
:101A4000B4F90E30013304D021464046B84749EA84
:101A50000009013D6B1C04F16804EED13668002ECC
:101A6000E7D14846BDE8F8832DE9F041144641B37B
:101A70000AB306460D4600F0E9FA8442074602D84A
:101A8000B4EB500F13D821463046FFF79FFE804637
:101A900050B1BC422246294628BF3A46FEF71EFFF7
:101AA00029463046FFF712FF4046BDE8F081A846C0
:101AB0004046BDE8F081A046FFF708FF4046BDE87C
:101AC000F0811146BDE8F041FFF780BE2DE9F84FE7
:101AD00092461F460A698B680C469A42B8BF1A465E
:101AE000CAF8002091F843300646DDF8289013B17B
:101AF0000132CAF80020226891065FD5DAF800307A
:101B00000233CAF80030226812F0060F11461DD1C8
:101B1000E1689942D8BF114618DD4FF0000804F182
:101B2000190B05E0E568DAF80030ED1A45450CDDE3
:101B300001235A4639463046C847013008F10108AA
:101B4000F0D14FF0FF30BDE8F88F216894F84330B2
:101B5000003B18BF01238A060AD53021E21882F81B
:101B6000431094F845105A1C2244023382F8431063
:101B70003946304604F14302C8470130E1D0D4E988
:101B800002202368DAF8005003F00603042B2169D1
:101B90001BD08A4220DD4FF00008521A90440025E5
:101BA0001A3401E0454517DA01232246394630460A
:101BB000C847013005F10105F4D1C2E712F0060F64
:101BC0000DD0003B18BF0123D2E7401B8A4220EA18
:101BD000E078E2DC0028E2DC0020BDE8F88FE16874
:101BE000DAF800309942D8BF114696DCAEE700BF64
:101BF0002DE9F04717460A7E84B00C460646984603
:101C00000C9D01F1430C002A35D0A2F15803D9B242
:101C1000202969D8202B67D8DFE813F0E60066009A
:101C20006600660066006600660066006600660084
:101C30006600AC007000660066006600660070001A
:101C4000660066006600660021008300C60066002C
:101C50006600B6006600830066006600EC002B6834
:101C60002268181D6169286010061B6802D452069C
:101C700000F1E08019600023E14623613B462146E4
:101C80003046CDF8008003AAFFF720FF013020D0B6
:101C90004A46394630462369C047013019D0236887
:101CA000E0689B07DDF80C9018D5484516DD002547
:101CB00004F1190A04E0E068A0EB0903AB420DDD72
:101CC0000123524639463046C047013005F101052F
:101CD000F1D14FF0FF3004B0BDE8F0874845B8BF00
:101CE000484604B0BDE8F087012084F8422004F1A2
:101CF00042090023206184F84330BFE72A68236843
:101D0000111D1806296002D4590600F1958010684B
:101D1000014600286268C0F293804FF00A0E5348D3
:101D200015E020682B6810F0800F53F8041B02D1D7
:101D3000400648BF89B26F2A14BF4FF00A0E4FF019
:101D4000080E4A482B600023626884F84330002A5A
:101D5000A26051DB236823F00403236000294BD1E8
:101D6000002A7BD1E146BEF1080F56D0ACEB090347
:101D7000236183E72A680120116804322A6004F194
:101D8000420984F84210B4E72B6800211A1D2A602A
:101D9000D3F8009062684846FFF7F0F8002863D057
:101DA000A0EB09006060A4E7236843F020032360F0
:101DB00078222F4884F845202A6813F0800F52F8C3
:101DC000041B03D113F0400F18BF89B22A60DA0751
:101DD00044BF43F02003236019B9236823F0200394
:101DE00023604FF0100EAEE75823204884F84530AA
:101DF0002368E1E72368DBE77546E146B1FBF5F3CD
:101E00000A4605FB131A194610F80A30AA4209F8C7
:101E1000013DF3D2BEF1080FA8D12368DD07A5D597
:101E2000626823699A42A1DC302309F1FF3989F8FD
:101E300000309BE719801EE7B2F90010084668E7FA
:101E40002D20002AA26084F8430002DB23F0040363
:101E500023600A250548AE464942CEE7037804F1DF
:101E6000420984F842307EE7606842E7483A010858
:101E70005C3A0108704700BF704700BF70B5B1F908
:101E80000C300C46990796B007D5012204F14703A0
:101E9000C4E90432236016B070BDB4F90E100546D3
:101EA000002929DB6A460FF004FC002822DB4FF4EE
:101EB00080612846019EFFF789FC88B3A38906F458
:101EC000704643F08003A3814FF48063B6F5005F52
:101ED000C4E904032060DED12846B4F90E100FF0E7
:101EE000F4FB0028D7D0A38923F0030343F00103B8
:101EF000A381D0E7B4F90C3013F0800F14BF402653
:101F00004FF4806628463146FFF760FC40B1A38954
:101F1000C4E9040643F080032060A38116B070BDBD
:101F2000B4F90C309A05B6D4012123F0030304F16F
:101F3000470243F00203C4E90421A3812260AAE717
:101F400070B50C46B1F90E10154600291E4696B024
:101F50000FDB6A460FF0ADFB00280ADB019B4FF454
:101F6000806203F47043A3F50053B3FA83F35B0973
:101F700007E0A289002312F0800F14BF40224FF423
:101F80008062002033602A6016B070BD70B50026F4
:101F9000074D0446084611462E600FF0A1FB431C76
:101FA00000D070BD2B68002BFBD0236070BD00BF3C
:101FB000641600200FF09CBB10B50C46B1F90E1052
:101FC0000FF05FFB002803DB636D0344636510BD06
:101FD000A38923F48053A38110BD00BF0020704764
:101FE0002DE9F0410C46B1F90C101F46CB05054612
:101FF00016460BD421F48051A1813B463246284637
:10200000B4F90E10BDE8F0410FF042BBB4F90E1068
:10201000022300220FF03AFBB4F90C10EAE700BFEC
:1020200010B50C46B1F90E100FF030FBB4F90C30BE
:10203000421C0EBF23F4805343F480536065A38198
:1020400010BD00BFB1F90E100FF024BB51F8043CD5
:10205000181F002BBCBF0B58C0187047372875D805
:10206000032803D800207047042070470438332821
:10207000F8D801A353F820F04D22000831220008BF
:102080003D2200083D22000831220008652000089A
:1020900049210008312200084D22000831220008A1
:1020A0003122000831220008652000086520000860
:1020B0004D220008752200086520000865200008F0
:1020C0007D220008652000085922000851220008DE
:1020D00031220008612200083D2200086520000826
:1020E0004522000845220008452200084522000834
:1020F0004522000845220008452200084522000824
:102100004522000885220008652000086520000897
:10211000652000086520000865200008652000088B
:10212000652000086520000865200008652000087B
:10213000652000086520000865200008652000086B
:10214000652000085522000806207047A0F50170A0
:1021500083B2332B86D8332884D801A353F820F0D8
:102160004D22000831220008692200086D22000873
:10217000312200086520000835220008652000088B
:102180004D2200085D220008652000086520000837
:1021900065200008652000084D220008792200080B
:1021A0006520000865200008492200086520000815
:1021B000652000085122000831220008652200082D
:1021C00071220008392200086520000865200008F7
:1021D00065200008692000086520000881220008A9
:1021E00065200008652000086520000865200008BB
:1021F00065200008652000086520000865200008AB
:10220000652000086520000865200008652000089A
:10221000652000086520000865200008652000088A
:1022200065200008652000084122000841220008BE
:10223000012070470520704707207047082070472D
:10224000092070470A2070470C2070470D20704706
:102250000E2070470F2070471020704711207047E4
:1022600012207047132070471420704715207047C4
:1022700016207047172070471820704719207047A4
:102280000320704702207047A0F11E03092B01D9DB
:10229000FFF7E4BE0B20704708B5FFF7DFFE0038FC
:1022A00018BF012008BD0023036043608360838161
:1022B000704700680128B8BF0120704710B5094C6D
:1022C0002268FF2A0CDC084B1B6813445942C9B230
:1022D000DBB258BF4B420549013221F8130022609E
:1022E00010BD00BF74160020781600207C16002058
:1022F00030B40C4C226892B10B4D0C492B68013A5A
:1023000031F8130001335942C9B2DBB258BF4B4216
:102310002B60074B22601B680BB130BC184730BCE8
:10232000704700BF74160020781600207C1600202D
:1023300068160020014B1860704700BF6816002027
:102340000023034A1360034A1360034A1370704763
:1023500074160020781600206C160020FFF7AEBF20
:1023600038B50C460025A54200DB38BDFFF7A6FFB7
:102370000135F8E7074B1B685BB1074B074A197833
:1023800011B11168814204D0106001221A70FFF768
:10239000AFBF7047741600206C1600207016002026
:1023A000014B1868704700BF74160020013810B543
:1023B0000C460E2845D8DFE800F03B0C163E080816
:1023C0004141080823232629320040F24F3021469C
:1023D00005E04A20FFF7C2FF40F25120611CBDE832
:1023E0001040FFF7BDBF4A20FFF7B8FF4D20FFF7B1
:1023F000B5FF4F20FFF7B2FF40F25220611CEEE71D
:1024000040F24A20E3E740F24D20E0E74A20FFF7A0
:10241000A5FF40F24D30BDE81040FFF79FBF4D20B3
:10242000FFF79CFF4F20FFF799FF40F24A30F2E799
:102430004FF41470CBE740F24F20C8E74FF45470CC
:10244000C5E710BD0022014B1A7070477C180020B0
:102450000129B8BF012170B50E460025441E0E2C7F
:102460000CD8DFE804F0080F11131515181815150E
:102470001B1B1D1F22005020FFF770FF0135AE42CD
:10248000EDD170BD5120F7E75220F5E74F20F3E77B
:1024900040F24F10F0E74FF4A870EDE74A20EBE769
:1024A0004D20E9E740F24D10E6E74FF4A570E3E771
:1024B000012AB8BF01222DE9F0418F1E5FFA87F88B
:1024C000B8F1010F06460C46154620D9A1F10E03BE
:1024D000012B8CBF00230123214A2946204613707B
:1024E000FFF764FF062E14D140F21B10FFF736FFF2
:1024F000B8F1010F02D90E3C012C2ED84FF40A700E
:10250000FFF72CFF5020BDE8F041FFF727BF012364
:10251000E2E71C2E1ED14FF48370FFF71FFF292026
:10252000FFF71CFF0B2F18D8DFE807F01111060C7E
:102530000C17170C0C17170F29465020BDE8F04157
:10254000FFF70EBF4FF4A870DDE74A20DBE752200B
:10255000691CF3E740F21B10D5E7BDE8F08100BF2E
:102560007C18002070B5044601220129224B0E463A
:10257000B8BF01261C2C0D464FF04A001A7016D128
:10258000FFF7ECFE4A20FFF7E9FE314640F251200A
:10259000FFF7E6FE4FF48370FFF7E0FE2920FFF718
:1025A000DDFE3146BDE870405220FFF7D9BEFFF78F
:1025B000D5FE4A20FFF7D2FE40F24D20FFF7CEFEB7
:1025C00040F24F20FFF7CAFE012D04DD40F25120FA
:1025D000711EFFF7C5FE40F21B10FFF7BFFE062C71
:1025E00008D14FF40A70FFF7B9FEBDE870405020E3
:1025F000FFF7B4BE70BD00BF7C180020F8B540F2F4
:10260000372640F22B2501290F46B8BF0127B042DB
:1026100008BF2B25012904464FF04A0006DCFFF7CE
:102620009DFE2846BDE8F840FFF798BEFFF796FEEE
:102630004A20FFF793FE394640F25120FFF790FE03
:102640002846FFF78BFE2920FFF788FE39465220E7
:10265000FFF786FE4A20FFF781FEB44201D14F20EA
:10266000E0E7F8BD012AB8BF012238B5154640F2AF
:102670002B2440F23722904208BF2B244A1E0B46DF
:102680000E2A39D8DFE802F0080F11083838383838
:10269000383808080D3227000121BDE83840FFF71F
:1026A000ADBF2946F9E7691CF7E74A20FFF756FE58
:1026B0004D20FFF753FE4F20FFF750FE40F252200F
:1026C000691CFFF74DFE2046FFF748FEBDE8384085
:1026D0002920FFF743BE4D20FFF740FE4F20FFF7B4
:1026E0003DFE40F24A30FFF739FEECE74A20FFF7A3
:1026F00035FE40F24D30F6E729461846FFF756FE04
:10270000E1E708B54A20FFF729FEBDE8084040F29E
:102710004D20FFF723BE0129B8BF012100F251204F
:10272000FFF71EBE40F24D20FFF718BE40F24A20D0
:10273000FFF714BE10B51446A8B101290EDD5220D2
:102740000139FFF70DFE4A20FFF708FEC4F1010131
:1027500040F25220BDE81040FFF702BEF3D05120F6
:10276000C1F10101EDE7002903DA51204942FFF7E9
:10277000F7FD4A20FFF7F2FD002C04DD214640F270
:102780005120FFF7EDFDBDE8104040F24D20FFF76E
:10279000E5BD08B540B901290CDD52200139FFF72C
:1027A000DFFD4A20FFF7DAFDBDE8084040F24A307D
:1027B000FFF7D4BDF5D05120C1F10101EFE710B50D
:1027C0000C4658B14D20FFF7C9FD002C03DA51200B
:1027D0006142FFF7C5FD4A20FFF7C0FDBDE810408C
:1027E00040F24D30FFF7BABD1C2810B5044602D0A8
:1027F000831F012B08D80122154B1A7041B940F2F2
:102800004F20FFF7ABFD01E00029F8D0132C1BD0BF
:10281000132C04D8062C10D0072C08D010BD1C2C6B
:10282000FCD14FF48370FFF799FD292001E040F2BD
:102830001B10BDE81040FFF791BD40F21B10FFF7E1
:102840008DFD4FF40A70F4E740F21910EBE700BF7A
:102850007C1800201A2808B529D00DD8053883B275
:102860000A2B17D80A2815D8DFE800F030141421F5
:10287000141424142A2D3A0040F20A23984232D02C
:1028800009D840F20523984220D0B0F5027F0ED03F
:1028900027281ED008BD40F2212398421CD040F2C8
:1028A0002323984215D040F21A239842F2D140F2E5
:1028B0004F3001E04FF41470BDE80840FFF74EBD03
:1028C00040F25120F8E740F25220F5E74FF45470FF
:1028D000F2E740F24A20EFE740F24D20FFF73EFDDD
:1028E00040F24F20E8E740F24D30E5E738B50546C5
:1028F0000C462920FFF732FD691E5020FFF730FDFE
:10290000611B4FF41470BDE838400231FFF728BD59
:1029100038B505460C462920FFF720FD691E4F20DB
:10292000FFF71EFD611B40F24F20BDE83840023129
:10293000FFF716BD10B504462920FFF70FFD502004
:10294000611EFFF70DFDBDE8104040F24A20FFF781
:1029500005BD10B504462920FFF700FD611E4F207C
:10296000BDE81040FFF7FCBC08B54FF41470FFF74A
:10297000F5FC40F24F30FFF7F1FCBDE8084040F2B3
:102980004F20FFF7EBBC10B504462920FFF7E6FC0B
:102990004FF41470FFF7E2FC012C2146BDE8104013
:1029A000B8BF01214FF45470FFF7DABC002208B51C
:1029B0000128074B014640F24F20B8BF01211A7091
:1029C000FFF7CEFCBDE8084040F21B10FFF7C6BC85
:1029D0007C1800200120FFF7E9BF0000002208B5A5
:1029E0000128094B0146B8BF01214FF414701A7039
:1029F000FFF7B6FC4FF48370FFF7B0FCBDE808406A
:102A00002A20FFF7ABBC00BF7C1800200120FFF795
:102A1000E5BFFFF7CBBFFFF7DDBF0000002208B521
:102A2000054B40F24D201A70FFF798FCBDE80840B6
:102A300040F21B10FFF792BC7C180020FFF7EEBF9E
:102A400010B5002204460B4B40F24D201A70FFF7E0
:102A500085FC012C08DD40F25120611EFFF780FC4F
:102A600040F24D20FFF77AFCBDE8104040F21B1009
:102A7000FFF774BC7C180020FFF7E2BF40F24F2044
:102A8000FFF76CBC0022034B40F21B101A70FFF7DB
:102A900065BC00BF7C180020002208B5054B4FF430
:102AA00083701A70FFF75AFCBDE808402920FFF731
:102AB00055BC00BF7C180020FFF7E4BF08B540F20A
:102AC0001910FFF74BFCBDE808402920FFF746BC72
:102AD0000129B8BF012110B50C4640B9074B1B783E
:102AE00013B14D20FFF73AFC4F20FFF737FC21468A
:102AF000BDE8104040F21910FFF732BC7C180020EE
:102B00000121FFF7E5BF08B54D20FFF727FC2C207A
:102B1000FFF724FC4C20FFF721FCBDE808405020C3
:102B2000FFF71CBC0228B8BF022038B5441EFFF7CF
:102B300037FCC0F1FA03032BD4BF01239B109C4246
:102B4000A8BF1C4600250135FFF7DDFFAC42FAD1D6
:102B500038BD40F21D10FFF701BC4FF48B70FFF73A
:102B6000FDBBB0F5017F08B51CD004D8042817D0F0
:102B7000122819D008BDB0F5037F0CD040F2122303
:102B80009842F7D14A20FFF7E9FB4FF40A70FFF7AC
:102B9000E5FB522000E04A20BDE80840FFF7DEBB1D
:102BA0004F20F9E74D20F7E74D20FFF7D7FB4FF413
:102BB0000A70F1E70022074B07491A6001230B60F6
:102BC00006490B7006490A70064A1370064A1370CC
:102BD000704700BF8818002084180020801800204B
:102BE0007F1800207E1800207D18002000230A4A4C
:102BF0000A4913600A4A13700A4A13700A4A13609A
:102C00000A4A136001220A7009490A70094A1370BE
:102C1000094A1370704700BF9018002080180020E8
:102C20008D1800208C18002088180020841800209F
:102C30007F1800207E1800207D18002027283CD017
:102C400015D80F280ED8042839D905380A2836D8BF
:102C5000DFE800F02F35353135350635372B2D00BF
:102C6000012070471A2814BF00200520704740F249
:102C70001A23984227D00DD8B0F5027F25D040F214
:102C80000A23984223D040F20523C31A58425841E0
:102C9000C000704740F2212398421AD040F223230B
:102CA00098420CBF0C20002070470320704704207E
:102CB000704707207047092070470B20704700209D
:102CC000704702207047062070470A2070470E2088
:102CD00070470D20704700000023024A1360024A2B
:102CE00013707047B0180020AC18002008B50548D4
:102CF000FFF7D9FA0023044A1370044A1370044AF8
:102D0000137008BDC4180020D418002095180020A6
:102D1000941800206329F8B50B46A8BF6323254902
:102D2000012B0978B8BF012369B11946FFF7F3FCFD
:102D3000214B1B781BB1BDE8F840FFF7F7BCBDE89D
:102D4000F840FFF7EFBC00B15B426FF063041B4F2C
:102D50003D682B449C42B8BF1C46642CA8BF642429
:102D6000611B00291AD0144E307805DB40B9FFF7FB
:102D7000D2FCFFF7D7FC10E0291B80B101200AE04C
:102D8000002B07DD224629460020FFF7D3FC002355
:102D9000337002E00020FFF7BEFC3C60F8BD002B62
:102DA00001DB0120E3E7224629460120FFF7C2FCB0
:102DB0000123EDE78C1800208D18002090180020CA
:102DC0002DE9F84F00246329A8BF63213C4B01295A
:102DD0001C703C4B89461A788246B8BF4FF00109F7
:102DE0005AB1A04214BF0F250B2528460134FFF726
:102DF00031FDA145F9D1BDE8F88F334EDFF8CC8025
:102E00003468D8F80050324F281B3B78BAF1000FD5
:102E100029D07BB14D44642DEDDC14460F200134E4
:102E2000FFF718FDA145F9D1C8F800503A78294BB1
:102E30001A70E0E74C44AC4208DA1D460F20013519
:102E4000FFF708FDA945F9D13460EFE70134642CA0
:102E5000D1DC4946FFF75CFD0123013D3560C8F830
:102E600000403B70E2E763B9A4EB090414F1640F7E
:102E7000C1DB1D460B200135FFF7ECFCA945F9D15C
:102E8000E2E7A5EB090BA34509DD0B200AF1010AD6
:102E9000FFF7E0FCD145F8D1C8F800B0C6E7013D26
:102EA000A5EB090515F1640FA5DB49460134FFF7D1
:102EB0001DFDC8F80040356087F800A0B6E700BFE8
:102EC0007D1800207F18002088180020841800201A
:102ED000801800207E18002010B50024094B1C70BB
:102EE000094B1C70FFF782FEFFF700FFFFF7F4FEAF
:102EF000064B1C60064B1C70FFF722FABDE8104021
:102F0000FFF7A0BAD6180020D51800209818002086
:102F100096180020FFF70EBAA74B2DE9F0471B7853
:102F20000446002B00F07985A44EDFF894823378B4
:102F30005A1E022A00F27185023B012BE7B200F211
:102F40003C822046FFF78AF8292F814696F80080B8
:102F50009C4DB8B22AD1FFF701FAB8F1030F18D18E
:102F6000994B1B7863B9994B1B7833B9984B196807
:102F7000002902DD5220FFF7F3F94A20FFF7EEF9AE
:102F8000012333700023934A2B701370FFF72EFE3A
:102F900029E0914B1B783BB9904B1B78002BEFD16C
:102FA0008F4B1B78002BEBD05020E7E795F800A063
:102FB000BAF1000F24D00024864BB9F1060F1C7023
:102FC000884B2C701C600ED1B8F1030F0ED17E4CD3
:102FD0007E4D207800B928787D4B1968FFF7D9FB22
:102FE00001232B702370FFF781FE27E040F24A3067
:102FF000FFF7B4F90122794B1A707B4B1C70F2E792
:10300000B9F1020F1DD1734B1B781BB371490A78BC
:10301000012A13D873480A2503680132632BA8BF1D
:103020006323272C08BF002405FB03F318BF1D3CB6
:103030002344632BA8BF63230A700360002000F0C1
:10304000EDBCB9F10A0FE1D0B9F1060F02D10123AD
:103050002B70F3E700235F4F62483B70FFF729F9BD
:103060001C2C054634D8122C16D8062C63D0072CFD
:1030700039D0B9F10E0F79D1B8F1030F6BD1192CFA
:1030800007D102233370FFF7B1FDFFF7F7FCFFF71D
:1030900091FD00233B70A6E7A4F11303092BE8D8A8
:1030A00001A252F823F000BFD930000873300008A5
:1030B000733000083731000873300008733000089F
:1030C0007330000873300008E7300008033100084F
:1030D00040F213239C42CCD1B8F1030F38D13B4BC3
:1030E0001320197805E0B8F1030F05D10720374BFD
:1030F0001978FFF779FB01E0FFF7C4FC0123337077
:1031000044E7B8F1030F03D1304B1C201978F0E7E6
:10311000FFF7C2FC314B1B78002BEFD1304B1B78F3
:10312000002BEBD0314B50201968314B1B68C91A6A
:10313000FFF716F9E2E7B8F1030F06D1234B06209B
:103140001978FFF751FB0023D9E7FFF7B5FCFAE741
:10315000FFF7B4FCD2E740F219239C4299D1032334
:103160003370FFF743FDFFF7CCFA92E7B9F1040F94
:1031700017D8B9F1000F8CD0B8F1030F4DD11A2C2C
:103180003AD8042C85D901231A4AA3401A40002AB0
:103190003ED144F2200213423FF47BAF2946012086
:1031A00038E0B9F1050F7FF474AFB8F1030F00F008
:1031B000F48040F20A20AFE0D6180020D518002095
:1031C000D4180020941800208C1800208D1800209E
:1031D00090180020951800207D1800207F180020EE
:1031E00080180020C41800207E18002084180020B9
:1031F0008818002000210004B4F5027F08D040F2B6
:103200001A239C4204D040F205239C42C6D040E7DA
:1032100029460020FFF77EFD3BE70F2C0CD8042C3D
:1032200033D9631F0A2B30D8DFE803F0562F2F4124
:103230002F2F392FAE903E0040F21A239C4236D0F9
:1032400025D840F205239C4246D01BD81A2C2ED0FC
:10325000272C1AD1934B1B78002B5CD1924B1B78F7
:10326000002B58D0914B1868914B1B68C01AFFF780
:1032700061FB01228B4B1A7000238E4A13708E4A19
:10328000137006E7B4F5027F11D0002682E040F209
:1032900021239C4243D040F223239C42D9E7294674
:1032A0000020FFF78DFDF4E629460120F9E7814B68
:1032B0001E787EB9B54209DD2046FFF7CBFA01360C
:1032C000F8E7FFF751FB0134A542FADC0122754B08
:1032D0001A70DEE60024F7E7724B93F80090B9F11C
:1032E000000F16D1DFF8C08198F8006076B128464B
:1032F000FFF749FB88F8009001226A4B1A70002200
:103300006C4BE5E72046FFF7A5FA0136B542F9DC3C
:10331000F2E70026FAE72046FFF79CFAA9E7614C9E
:1033200023784BB9604B1B7833B9604B1868604BFE
:103330001B68C01AFFF70DFB40F22120FFF78AFA45
:10334000012300215B4A2370117098E7554B1C78CC
:103350005CB9554B1B7843B12920FEF7FFFF4FF4B2
:103360001470FEF7FBFF544B1C700024A542C3DD14
:103370000E20FFF76FFA0134F8E70D20FFF76AFA25
:103380000134A542F9DCB7E70024FAE72046FFF74D
:1033900061FA0136B542F9DC6BE7484C484D2378B9
:1033A0000BB995F800A0474B50461968FFF707FA8C
:1033B00000232B70012323706BE698F80020204631
:1033C000052A33D82A23D340DA072FD5FEF75CFF2E
:1033D000292F054698F800302BD1002B00F01783D9
:1033E000FFF784FCFFF778FC98F80030BBB9DFF8F2
:1033F000D880D8F80050002D11DD344F3B78002BD9
:1034000000F00283324B1C784CB9324932486A00D2
:10341000FDF764FA314BC8F800401D603C7033780A
:10342000002B7FF40BAEFFF757FC07E6FEF716FE06
:10343000CEE7072B00F2F681DFE813F00800F50075
:10344000BA01150249028202CE02E002431E182B85
:1034500000F2DD82DFE813F08F008F008F008F0015
:10346000960089008D00460081001900DB0299005A
:10347000A000A400E400B700B700B700B700B70091
:10348000B700B700B700B700B7000123272C88F8B2
:10349000003008BF0023124A18BFA4F11D031360B7
:1034A00027E000BF7F18002080180020841800202B
:1034B000881800207E1800207D1800208C1800201D
:1034C0008D18002090180020B0180020AC180020A3
:1034D00096180020B41800209C180020981800208E
:1034E000C41800200223012288F80030BF4B1C8141
:1034F0001A732046FEF7D0FE00283FF475AF204631
:10350000FEF7ACFD0138C0B218283FF66DAFB84BDE
:10351000C340DB077FF568AF2046FEF79FFD192803
:103520000CD80123B34A8340134204D1082805D1A3
:10353000A31F012B02D80122AF4B1A70AF4B1B788F
:10354000002B7FF451AFAE4A1368072BDFBF591C25
:103550001160AC4A22F8134046E70423012288F8A0
:103560000030A24B5C815A73C3E7062388F8003011
:10357000BFE70723FAE72046FFF760FB0121FEF7CC
:1035800067FFB6E701210E20F9E701210620FEF7CB
:10359000E9FF00233370ACE72046FFF7E2FAF8E7D3
:1035A00040F21920844214BF022003203070FFF73C
:1035B0001DFB032802D1FFF7A4F89AE7FFF75EFA94
:1035C000FFF7F8FA95E7A0F111050027082D24D898
:1035D000DFE805F02005080F12151A1E0B00FFF793
:1035E000F9F986E7FFF712FA83E7FFF714FA377065
:1035F0007FE7FFF713FAFAE7FFF720FA79E70121EF
:103600001C20FEF7AFFF74E70020FFF779FA70E7A0
:103610000120FAE7FFF777FA6BE7FFF79AFA68E716
:1036200000F002FA65E77148FEF743FE013D0746E8
:10363000182D00F2F78001A353F825F0BF360008DB
:10364000BF360008BF360008BF360008CD36000878
:103650006B35000873350008E53400085B35000859
:1036600025380008A136000879370008833700089C
:103670008B370008D33600085F3700084D37000845
:10368000233700082D370008693700086337000822
:103690006F3700083D370008473700083337000808
:1036A000524A1368092B3FF724AF0A21272C01FB4C
:1036B00003F30CBF0021A4F11D010B44EFE62046EB
:1036C000FFF7BCFA3946FEF7C3FE2CE001210E20BD
:1036D000F9E7FFF70BFB4C4B1B68002B7FF709AF9B
:1036E000002F7FF706AFFEF75BFE054600F09CF962
:1036F000FEF756FE401B00287FF7FBAE632595FBC7
:10370000F0F5012DB8BF01254FF001094F453FF4F9
:10371000F0AE4D453FF4EDAE00F086F909F1010938
:10372000F4E7FFF743F9FFF7E1FAE2E6FFF756F9AE
:10373000F9E7FFF76EF900233370F4E70146002044
:10374000FFF7C6F9EFE701460120F9E7FFF7EAF9CD
:10375000E9E7FFF7FEF90135AF42FADCE3E70025C0
:10376000FAE7FFF76DF9DEE7FFF786F9E3E70146D1
:103770001C20FEF7F7FED6E701460620FEF7F2FE14
:10378000D9E72046FFF7EDF9D5E740F2192084424A
:1037900014BF022003203070FFF728FA032802D15B
:1037A000FEF7AFFFBFE7FFF769F9FFF703FABAE7E4
:1037B0000E48FEF77EFD013D0246092D32D801A3D9
:1037C00053F825F031380008453800083138000832
:1037D00031380008C73800086B3500082538000864
:1037E0000D380008253800084F380008C41800209C
:1037F000FF0BFF010012BE03AC180020961800203A
:10380000B0180020B418002098180020844D2B898F
:103810009C4207D101462046FEF7A4FE2B89062BC9
:1038200081D188E7FFF762FAFFF756FAFFF77FBB0F
:103830002046FFF703FA7A4D01462F893846FEF7F6
:1038400037FEEBE701220B21754D2889F7E70323AB
:10385000272C88F8003008BF0023714A18BFA4F154
:103860001D03536045E6451E0A2DDBD801A353F81E
:1038700025F000BFA1380008C3390008A1380008AE
:10388000A1380008C73800086B3500082538000843
:103890002538000825380008253800087D3900083B
:1038A0002046FFF7CBF95E4D07462846B5F808904D
:1038B000FEF7FFFC6B68394603FB00F2632AA8BFE2
:1038C00063224846BBE701220E21554DBDE754480F
:1038D000FEF7EFFC013D0246092DA3D801A353F8E2
:1038E00025F000BF1F390008333900081F390008D0
:1038F0001F390008D33900086B3500082538000847
:10390000253800080D3900083D390008444B5B8913
:103910009C4287D101462046FEF770FE03E7404BEC
:1039200020465D89FFF78AF901462846FEF79AFE90
:10393000F9E601220B213A4B5889F7E7052387E77F
:10394000451E0A2D3FF66EAF01A353F825F000BFC8
:103950009B390008C33900089B3900089B390008CF
:10396000D33900086B3500082538000825380008D1
:1039700025380008253800087D390008284A536892
:10398000092B3FF7B6AD0A21272C01FB03F30CBF2F
:103990000021A4F11D010B4463E72046FFF74EF917
:1039A000DFF87C9005464846B9F80A70FEF781FCBE
:1039B000D9F8042029464243632AA8BF6322384627
:1039C000B4E7174A5368092B3FF793AD0A214B43DD
:1039D00047E701220E21AEE706287FF423AF104D02
:1039E0002B7B13B101220F212FE76B7B1BB101222F
:1039F0000F2168899AE701210F2064E607287FF4E8
:103A000011AFFFF7AAF88EE6FFF766F907E5054B59
:103A10001B68002B01DDFFF75FF90120BDE8F0878F
:103A2000C4180020B0180020F8B50C4D2C7874B9DB
:103A30000B4E33685BB101230A4F2B7033689C42F5
:103A400006DB0023084A2B701360084A1370F8BD88
:103A500037F8020BFFF760FA0134EFE79618002001
:103A6000981800209C180020B0180020AC180020E6
:103A7000FEF780BC014B1878704700BFD5180020B6
:103A8000014B1878704700BFD6180020024B1878F9
:103A9000003818BF01207047D4180020034B1B7852
:103AA00013B9034B18787047012070479518002010
:103AB0009418002008B5FFF719F9BDE80840FFF792
:103AC0000BB9000008B5054B1870FFF78FF8FFF72A
:103AD0000DF9BDE80840FFF7FFB800BFD51800207A
:103AE000012208B5054B1A70FFF780F8FFF7FEF8C2
:103AF000FFF7F2F80022024B1A7008BDD61800201A
:103B0000D5180020002208B5044B1A70FFF7EEF814
:103B1000FFF7E2F8BDE80840FEF712BCD618002017
:103B200008B5FFF7E3F8BDE80840FFF7D5B8000097
:103B30000D49F0B500220D460C4C2378D6B2B342A5
:103B400001D800200CE031F8027B561C874208D1D6
:103B50000120013BDBB2237035F8133025F8123019
:103B6000F0BD3246EAE700BFD8180020D718002081
:103B700070B5C5B2C4042A464FEA102321D503F01C
:103B80000F03013BDBB2072B54D82F49CC5C502AE2
:103B900046D0512A46D0522A46D04F2A21D1032658
:103BA000FCB92A4B9C5DE4B10022294C9A55A35DD7
:103BB00033B9284B13F8160005F0D4F90123A355A7
:103BC00070BD03F00104980748BF44F00204590790
:103BD00048BF44F004041B07D9D5502D44F0080415
:103BE0002ED106F06FF820EA04068443F6B202D024
:103BF000204605F05DFA16B1304605F062FA284617
:103C000005F0B0F9284605F0F5F916B1304605F093
:103C10004FFA002CD4D02046BDE8704005F051BAD0
:103C20000026BDE70126BBE70226B9E70026B8E774
:103C30000126B6E7502DF9D0512DF9D00024AAE77E
:103C4000512DA8D1CDE700BF952A0108FD1800200D
:103C5000F9180020A62A0108A0F1E002072A08B5F9
:103C600006D9292804D000F015FA00F0010008BD9B
:103C70000120FAE70E4970B500220D4604460D48B2
:103C80000378D6B2B34206D8102B0AD05A1C027061
:103C900025F8134004E031F8026B0132A642F0D15E
:103CA00070BD05491E22881EFCF7EEFCEC83F7E789
:103CB000D8180020D7180020DA18002008B506F020
:103CC00001F8064B1B781843830705D4022005F042
:103CD000EFF90122024B1A7008BD00BF0119002044
:103CE000F8180020E03880B207280BD8064B1B5C80
:103CF00043B10648027811B113430370704722EABA
:103D000003020270704700BF9D2A010801190020BC
:103D1000014B1878704700BF011900202DE9F041D0
:103D2000002427460F4D104EDFF8408015F8013B68
:103D30002BB118F8140005F05DF905F8017C013489
:103D4000042C06F8017BF1D1094C237843B1094BCF
:103D50001B789B0702D4022005F0B3F900232370DF
:103D6000BDE8F081F9180020FD180020A62A0108FE
:103D7000F818002001190020FFF77CBFFFF7D8BE1C
:103D800008B5FFF7A9F80D48FFF7C4F8FFF7A8FE3C
:103D90000020FFF797FE0023094A0A4913700A4AD8
:103DA0000B701370094A4B701370094A8B701370B3
:103DB00053709370CB70D37008BD00BF713B000887
:103DC00001190020FD180020D7180020F818002045
:103DD000F9180020FFF74CBE0B282DE9F8430446E4
:103DE0002FD00D282FD00E282FD00F2814BF4FF022
:103DF000FF3503254E7956BBE52C0BD1464E337863
:103E000043B1464B1B789F0702D4022005F059F9B5
:103E100000233370681C0BD00027414B414E5F5587
:103E2000735D2BB1404B13F8150005F0E3F877559F
:103E30002046FFF77DFE80F00106F6B23046BDE871
:103E4000F8830025D6E70125D4E70225D2E7FFF75E
:103E500017FE0028F2D0E52C04D12046FFF70AFF18
:103E60000026EBE7A4F1E003072BE7D92B4F3B78C3
:103E700013F0DD0F26D0691C30D0FFF707FE68BBBA
:103E8000FFF7F8FD0128804628D12046254CFFF792
:103E9000F1FE635D002BE3D1234B13F8150005F011
:103EA00061F804F80580DBE7FFF7F8FDD0B93B784F
:103EB0009A06C3D52046FFF7CFFE0028BED1FFF7F4
:103EC000FDFEBBE713F0220F0CBFA14644F40079BE
:103ED0004846FEF7E1F940B9292C06D0FFF7D6FD98
:103EE0000028E1D0FFF7E6FDE1E7FFF7CFFD8046D0
:103EF0004846FFF711F80028D9D12046FFF7BAFE4F
:103F00006B1CADD0B8F1000FAAD1FFF7B3FD0128AB
:103F100004BF034B5855A3E7F818002001190020EF
:103F2000FD180020F9180020A62A0108044B1A6881
:103F3000044B11781878044B1B78184305F080BBAC
:103F40003C190020DC240020DD24002070B504246E
:103F500000260E4D35F8020B20B1C0B205F04AF82C
:103F600025F8026C013CF5D1D12005F043F8D220B0
:103F700005F040F8064B1C70064B1C80064B187869
:103F8000FFF7A0FDBDE87040FFF7C8BE281900206C
:103F900030190020321900203A190020174B70B553
:103FA0001A7822B30024164E164D1C703278E3B2F4
:103FB0009A421DD8144D154C2B7813F0010F05D0E3
:103FC0002378D90702D4E02005F014F82B789A075B
:103FD00005D523789B0702D4E42005F00BF80023D5
:103FE0000B4A2B7013700B4A23703370137070BD23
:103FF00015F8130004F0FEFF0134D7E72019002064
:1040000006190020081900200319002002190020B9
:10401000051900200419002038B505460C4612B9D0
:104020000024204638BD90470028F9D06479002C40
:10403000F6D0FFF72BFD28B1FFF73CFD2846FFF730
:104040009BFEEEE7FFF72AFD0028F5D1F6E708B55D
:104050000BF048F9012838BF012080B208BD10B527
:104060000C4628B10BF043F9A04234BF00200120D8
:1040700010BD08B50BF0FEF8012838BF012008BDBF
:1040800010B50C4628B10BF039F9A04234BF00201E
:10409000012010BDA0F58043B3F5955F07D3A0F5CF
:1040A000A54040381F288CBF002001207047012008
:1040B000704738B5054605F005FE044605F01EFEBE
:1040C000284604F0E5FD2046BDE8384005F010BE66
:1040D0004B20FFF7EEBF4E20FFF7EBBF40F2091079
:1040E000FFF7E7BF08B55120FFF7E3FFBDE8084041
:1040F0004A20FFF7DEBF08B55220FFF7DAFFBDE820
:1041000008404A20FFF7D5BF4F20FFF7D2BF50200D
:10411000FFF7CFBF2DE9F84FA34F04460D46904659
:104120003A60FFF7A7FC10B10022A04B1A602046AE
:104130006979FFF7D7FD392C9D4E44D195F805A03C
:104140009C4BDFF87492BAF1000F30D001221A7044
:10415000FFF7ECFE337880F0010089F800000BB126
:10416000FFF71CFF99F80030EBB133780BB1FFF784
:1041700015FF01233370FFF7CBFD00F01103003B67
:1041800018BF01238D4A13708D4B00F00102C00649
:104190001A7042BFD2B242F002021A700023894A5A
:1041A0001370894A13703920FFF7E6FDDBE099F8B8
:1041B00000B01A7883F800A0BBF1000F62D0FFF7BF
:1041C000EDFE89F800A03378002B00F0998020469E
:1041D000FFF760FF0646002840F09280FF2C00F2B7
:1041E0008F80A4F11E039BB2102B6A7962D87749A5
:1041F000CE5C002A61D1002E14BF3046204674499F
:10420000002289468E46DFF8C0C19CF800305FFA74
:1042100082FA534574D939F802AB01325045F6D1D0
:1042200000225FFA82F94B450ED931F802AB02F158
:104230000109504540F0F080013BDBB28CF80030C2
:104240003EF813302EF81230C0B204F0D3FE002E28
:1042500056D15C4A1378002B52D0013BDBB213706D
:10426000002B4DD15B4E3378D90749D5544B1B7881
:10427000DA0745D4E02004F0BDFE337823F00103D3
:1042800033703DE0002A9ED0FFF7FAFB474B80F0E9
:104290000100C3F800B03B68C0B2DB6A1BB19847AD
:1042A000FFF73CFD8FE710B1FFF71AFCF8E7FFF7C7
:1042B00029FCF5E7002A00F09380DFF80C9199F8CB
:1042C00000300B2B01D920466EE76EB1304604F06A
:1042D00049FE99F800300B2BF5D85A1C89F80020BC
:1042E0003B4A22F81360EEE7E02C344B3ED0E42C3E
:1042F0003ED1022101221A70314A13780B43137008
:1043000029462046D8F81C20FFF786FE58BB2046D9
:10431000FFF7C0FE78B9FFF709FE60B13B685B6A42
:10432000002B7BD020469847002877D03B689B6ABB
:10433000002B40F0818029462046D8F82020FFF746
:104340006BFE064678B93B6895F805805B88A3420A
:1043500040F0AA80204D214CB8F1000F77D0FFF734
:1043600076FE267028800020BDE8F88F0121C1E785
:104370001B783BB9174D2B7823B9E02004F0F2FDF0
:1043800001232B700F4AE0B213780133137004F04D
:10439000E9FD99F800300B2B95D85A1C89F80020BC
:1043A0000B4A22F813408EE73C1900202419002004
:1043B00020190020211900202219002004190020B2
:1043C000021900200519002006190020AE2A010854
:1043D0000819002003190020381900203619002080
:1043E000E02C13D0E42C14D16FF002030021A64A74
:1043F000DEB21170A54A204611780B401370FFF70A
:10440000BDFCA34B1A7816401E7079E76FF00103CC
:10441000ECE720461646F2E64A4602E76B79002BA7
:1044200089D0FFF733FB10B1FFF744FB4BE7FFF7F1
:1044300035FB0028F8D146E72046697998470028DF
:104440003FF479AF6B79002B3FF475AF3BE72378EE
:104450005BB1904E308810B1C0B204F0CBFD0023A8
:10446000338000232B8023707DE72B88002BF8D02E
:10447000FFF700FB042802D1FFF768FDF1E73B6876
:10448000DB686BB9FFF7FCFA0028EAD0FFF7F2FA15
:10449000814B1870FFF742FC0420FFF713FBE0E7A5
:1044A00098470028EED1DCE7FFF7E4FA04280DD1A5
:1044B000A4F1E003072B2DD8B8F1000F06D024F0AB
:1044C0000403E12B3FF4FFAEFFF740FDFFF7D8FAFE
:1044D000002800F0CF803B689B7C002B00F0CA8056
:1044E000292C40F0C9806B79002B00F0C580FFF7C4
:1044F000C1FA002840F01381FFF70AFC10F0DD0F2D
:1045000040F00D81830740F1AE8040F23520FFF787
:10451000D0FDD8E6FFF7FCFBB8F1000F45D00F2C1B
:1045200014D80A2CD0D9A4F10B0300F02200042BDC
:10453000CAD801A252F823F05F450008C944000818
:104540006D4500088145000895450008282C28D0B5
:104550002C2CB9D1FFF77BFD504B1880B3E6CF2050
:104560004F4B188004F0FEFC0B201DE600280CBF0A
:10457000CE20DA204A4B588004F0F4FC0D2013E6DC
:1045800000280CBFCD20D920454B988004F0EAFCD0
:104590000E2009E6D020424BD88004F0E3FC0F2027
:1045A00002E6D22004F0DEFC8DE60F2C12D80A2C95
:1045B0008CD9A4F10B03042B88D801A252F823F064
:1045C000F9450008CD4400080F46000825460008BC
:1045D0003B460008282C42D02C2C7FF477AFDFF824
:1045E000C4902E4E99F80030002B31D0D12004F029
:1045F00001FD89F8008007E0294E308800283FF44B
:1046000065AFC0B204F0F6FC002333805EE7244EB1
:10461000708800283FF45AAFC0B204F0EBFC0023CE
:10462000738053E71E4EB08800283FF44FAFC0B2EE
:1046300004F0E0FC0023B38048E7194EF08800281E
:104640003FF444AFC0B204F0D5FC0023F3803DE753
:104650003388002BD8D0D12004F022FDD4E7D2201B
:1046600004F0C8FC32E7002859D03520FFF721FDBF
:10467000292099E5292C52D06B7953BB2946204635
:10468000BDE8F84FFFF7A8BB04190020021900206D
:1046900003190020341900203A1900203219002093
:1046A00028190020301900202C4E306838B900231A
:1046B0003360FFF735FA0120FFF704FAD8E740F638
:1046C000B831FFF7DDFC0028F1D1FFF7D2FC3060F4
:1046D000D2E7FFF7D5F90028D0D0FFF7CBF90128B2
:1046E000CCD13B681B6B002BC8D0FFF711FB3B689C
:1046F0001E6B3788002FC1D0BC420ED1F378B27840
:10470000034032B94BB9FFF70BFA73689847384644
:104710004AE5134201D09343F5D00836E9E76B79B7
:10472000002BA9D0FFF7ACF90028A5D0FFF7F0FACD
:1047300010F0DD0FA0D1FFF79DF9831EDBB2012B36
:104740009AD90128B0D1FFF7A1F9002894D1FFF739
:10475000B9F9FFF78EFC014B18608DE72419002092
:104760000023134A1360134A1370134A1380134A29
:104770001370134A1380134A1380134A1370134A99
:10478000138053809380D380114A1370114A1370A1
:10479000114A1370114A1370114A1370114A1370A1
:1047A000114A1370114A1370114A1360FFF7E8BAE7
:1047B0003C1900203A190020381900203619002031
:1047C0003419002032190020301900202819002047
:1047D000221900202119002020190020061900208C
:1047E00005190020041900200319002002190020D7
:1047F0002419002038B51C4CFFF7ECFA2368002B75
:1048000030D01A4A1088A0B1194D2A788AB9198A6D
:10481000FFF725FC68B101232B7023689B68F3B177
:104820009847E0B12368D888124B1880C0B204F0D2
:1048300099FBFFF71FF9042814D10F4B188888B192
:104840000E4D2B7873B92368198AFFF708FC48B11D
:104850000123D1202B70BDE8384004F083BB2368CE
:104860009888E1E738BD00BF3C19002038190020C6
:104870003619002034190020321900203019002088
:10488000024B186800B1808A704700BF3C190020B5
:1048900083B990B1022913D0032915D0012915D16C
:1048A000BAB91046FF2300990A70019A1070029A53
:1048B000137070470022FF20F4E7FF220346F2E75F
:1048C000802218468023EEE7FF22FAE71A46FF20EF
:1048D000E9E7FF221046E6E708B5FFF7D1F808B987
:1048E000002008BDFFF7C6F80028F9D1054B18686D
:1048F0000028F6D040F6B831FFF7C2FB80F0010087
:10490000C0B2EEE724190020F8B507460E4615465A
:10491000FFF7E2FF70B10A4B1C6864B1A36963B191
:104920000FB11B0C3B7016B1A3691B0A33700DB19C
:10493000A3692B70F8BD2046FCE71846FAE700BFD4
:104940003C190020032806D8B422504300F124016A
:10495000014806F037B8704740190020032838B5E1
:104960000FD80A4C2378012B4FF0000309D165784A
:10497000A84208D1237009B9012038BDFFF7E2FF32
:10498000FAE70020F9E71846F7E700BF5C0C0020C3
:10499000F7B504460D4608F099FD2B4E2B4F70805D
:1049A000E0B285424ED90021294A0FE01CF801EB04
:1049B000BEF1FF0F01D0864518D00133DBB20F2BBB
:1049C000F4D10131062902F10F0239D094460023B7
:1049D000ECE7012906D1012B04D100227388ADF840
:1049E000002015E07388ADF8000011E03A683AB392
:1049F0001E2000FB012232F8131032F81300090ABE
:104A000012F8133040BAE4D1002BEBD1ADF80030EE
:104A10008DF80230009806F055FBC0F307238DF89F
:104A20000400C0F307408DF805308DF806009DF8AE
:104A3000063020469DF804209DF8051007F04AF83E
:104A40000134ADE703B0F0BD5C0C0020F419002088
:104A5000EE0D00202DE9F04105460E4617460024D4
:104A600000F12408B44201D1BDE8F0812B19B3F55F
:104A7000347F06D208EB040005F056FF38550134A8
:104A8000F0E70020FAE72DE9F04105460E4617460B
:104A9000002400F12408B44201D1BDE8F0812B19B3
:104AA000B3F5347F04D2395D08EB040005F0A4FFB0
:104AB0000134F0E741EA020370B40D4650EA030105
:104AC00004D170BCB4220A48FBF782BE00241E2623
:104AD0000F2306FB04F10648013B13F0FF030570AA
:104AE00042700844F8D10134062CF1D170BC7047F3
:104AF00040190020032806D8B422504300F12401B5
:104B0000014805F0A7BF704740190020074B084A2D
:104B100010B51A600023074C2370607008F0D6FCB3
:104B200060806078BDE81040FFF7E4BFF419002012
:104B3000401900205C0C0020032808B50CD8074A57
:104B40005070FFF7D7FF08F057FC2D2802D02D201A
:104B500008F04FFC012008BD0020FCE75C0C0020A1
:104B6000032808B511D80A4A117871B9012150708B
:104B70001170FFF7BFFF08F03FFC2D2801D1012085
:104B800008BD2D2008F035FCF9E70020F8E700BF4C
:104B90005C0C0020024B1878431E58425841704765
:104BA0005C0C002070B5114B1B78012B1CD1104AF6
:104BB000126892B11E244878097804FB00220D483F
:104BC00032F81140054630F8026BA64207D103F0D7
:104BD000070335F8133022F81130012070BD01337E
:104BE000092BF0D10023F6E70020F7E75C0C00204A
:104BF000F4190020942B01084FF434722421014849
:104C000005F0E0BE302D010838B50024064D08F04F
:104C1000F3FB15F8013B984204D00134192CF6D16E
:104C2000002038BDE0B2FCE77B2B010808B5FFF798
:104C3000EBFF00F53E7005F077FE082828BF002046
:104C400008BD000038B50446FFF7DEFF104B1B78A7
:104C5000012B07D01922431CDBB2B3FBF2F102FB9C
:104C60001133D8B20B4B185C207008F0C2FBFFF771
:104C7000DDFF094B13F8104003EB40035D7808F0AB
:104C800025FC294602462046BDE8384008F0F7BB1F
:104C90005C0C00207B2B0108662B0108032810B553
:104CA00004460AD8FFF726FF20460121FFF756FEEB
:104CB0002046BDE81040FFF73FBF10BDB423584366
:104CC000C1EB01111144243000EB4100704703286F
:104CD00038B510D805290ED80E2A0CD8FFF7EEFFEC
:104CE000054605F021FE0446681C05F01DFE44EA59
:104CF000002080B238BD0020FCE7032870B51C46B8
:104D00000FD805290DD80E2A0BD8FFF7D7FF054677
:104D1000E1B205F071FE210A681CBDE8704005F0A3
:104D20006BBE70BD08B54FF43E7005F0FDFD082860
:104D300028BF002008BD000070B508F05DFB072308
:104D4000144A12F8011B814221D0013B13F0FF03EA
:104D5000F7D10724FFF7E6FF0130C0B2B0FBF4F350
:104D600004FB13000C4BC4B213F8105003EB4003C8
:104D70005E7808F0ABFB31460246284608F07FFB20
:104D800021464FF43E7005F0FAFD204670BD062422
:104D9000E0E700BF742B0108662B010870B5FFF730
:104DA00045FF044607281CBF0B4B1C5C0B4B13F83C
:104DB000145003EB44035E7808F088FB314602464A
:104DC000284608F05CFBFFF71FFF2146BDE8704056
:104DD00000F53E7005F0D3BD5F2B0108662B01087E
:104DE00070B5FFF723FF044607281CBF0B4B1C5C64
:104DF0000B4B13F8145003EB44035E7808F066FB8A
:104E000031460246284608F03AFBFFF7FDFE2146F0
:104E1000BDE8704000F53E7005F0B1BD582B0108AB
:104E2000662B01087FB51E4B1B78002B33D0002268
:104E30001146104606F0BAFE00250A2601AC0A22E9
:104E4000184901A8FBF74AFD01F09AF90378EAB284
:104E5000B3FBF6F3934200D8FDB901F091F9037862
:104E6000312B04D900239622194620780CE001F05A
:104E700087F903461B7820781D2B4FF0000387BF6E
:104E8000962219461A469621013506F023FE0A2D70
:104E900004F10104D3D104B070BD00231A46E3E746
:104EA00054440020002B01082DE9F0430D46144620
:104EB00089B00C2848D8DFE810F00D004A008100C6
:104EC000C100460151015F016D0178018301A50117
:104ED000B301BF01C04FC14E38680AF00FFA0E2867
:104EE00005D90AF0C7F9338838600333338004EBFF
:104EF00084042C446FF007084725FF27E4B208FB21
:104F000005F3328803F596631344B3FBF7F21344B9
:104F10008DF804308DF805708DF80640019806F084
:104F2000D1F8C0F30721C0F307438DF808008DF8CE
:104F300009108DF80A30C2B2DBB22846C9B2013579
:104F400006F0C8FD972DDAD109B0BDE8F083A44F73
:104F5000A44E38680AF0D2F90E2805D90AF08AF969
:104F6000338838600333338004EB84042C44FF27F8
:104F70000025E4B233888DF8057003EBC503B3FB5D
:104F8000F7F213448DF804308DF80640019806F0CE
:104F900099F8C0F30721C0F307438DF808008DF896
:104FA00009108DF80A30C2B2DBB205F14700C9B270
:104FB000013506F08FFD502DDCD1C5E78A4F8B4EB1
:104FC00038680AF09BF90E2805D90AF053F933889E
:104FD00038600333338004EB84042C444FF00C0816
:104FE0000025FF27E4B2282DEBB28CBF283BC3F18C
:104FF00028033288DBB208FB0323B3FBF7F2134428
:105000008DF804308DF805708DF80640019806F093
:1050100059F8C0F30721C0F307438DF808008DF855
:1050200009108DF80A30C2B2DBB205F14700C9B2EF
:10503000013506F04FFD502DD5D185E7052200231F
:10504000B1FBF2F2032C8DF809308DF80A308DF89F
:105050000D30ADF810308DF813308DF814308DF818
:1050600017308DF818308DF81B30614F4FEA51031F
:105070008DF80C208DF81D30A1EB44028DF81E3008
:105080008DF81F3098BF5B4BD2B238688CBF0F24AD
:105090001C5D8DF808108DF80B108DF80E208DF822
:1050A0000F208DF812108DF815208DF816208DF830
:1050B00019108DF81A208DF81C200AF01FF9A04253
:1050C0004D4E4E4C0FD30AF0D5F84D4A2378117847
:1050D000386069B30133DBB2AB4201D2237002E026
:1050E0000023257013704FF04709337803EB430317
:1050F00020336B4413F8186C13F8177C13F8168CD4
:105100002178484601FB08F301FB07F27143B3FB2A
:10511000F5F3B2FBF5F2B1FBF5F1DBB2D2B2C9B2F5
:1051200009F1010906F0D6FCB9F1970FE8D10BE7B8
:105130000BB1013BD2E70121337811700B4403F02E
:1051400007033370CFE74724002320461A46294639
:10515000013406F0BFFC972CF6D1F5E6052647246E
:10516000B1FBF6F62046002332462946013406F00C
:10517000B1FC972CF6D1E7E64725A1EB8204E4B217
:105180002846002322462146013506F0A3FC972D30
:10519000F6D1D9E64724002320462A461946013491
:1051A00006F098FC972CF6D1CEE6472420462B46F5
:1051B0002A460021013406F08DFC972CF6D1C3E677
:1051C0004724002220462B461146013406F082FC7B
:1051D000972CF6D1B8E600BF141A0020101A002050
:1051E0000C1A0020081A0020041A0020001A0020BF
:1051F000FC190020A42B0108F8190020F91900203F
:10520000600C00204725A1EB8204E4B22846234627
:1052100000222146013506F05DFC972DF6D193E67C
:1052200047254C082846234622462146013506F0EC
:1052300051FC972DF6D187E64724002320461A46D5
:105240001946013406F046FC972CF6D17CE600BFE7
:1052500038B50C460D4D78B10AF00CF80C4B2860AF
:105260001B7883B100F0C2FA58B100F0BFFA0022F7
:10527000114600F001FA04E028680AF03FF83228ED
:10528000EAD8002038BD2370FBE700BF1C1A0020BD
:1052900084240020014B1860704700BF201A0020B2
:1052A00070B500F069FF454C027823789A4206D029
:1052B00000F062FF002203782370414B1A6001F076
:1052C0004FFD0138C0B2062896BF3E4B002653F86A
:1052D000206000F051FF0378032B06D8DFE803F0CD
:1052E000024C33070022364B1A60012070BD344D4A
:1052F0002C6894B909F0BEFF334B28601A78002A55
:10530000F3D01C7000F072FA054600F06FFA2246E6
:105310000146284602F058F8E7E7204647F22F56A4
:1053200009F0ECFFB042E0D9FFF734FC0028DCD1F3
:1053300009F0A0FF2860112001F0D4F844F62060A5
:105340000BF0A9F914E001251D4C1F4B20681D70BE
:1053500018B909F08FFF2060C7E709F0CFFFB0420E
:10536000C3D3FFF717FC0028BFD109F083FF2060EB
:10537000012000F073FCB8E7114C2368002BE8D043
:1053800000F034FA062809D000F030FA012805D0E0
:1053900000F02CFA022801D000F028FA206809F069
:1053A000ADFF47F22F5398429FD9FFF7F3FB002838
:1053B0009BD109F05FFF2060BDE700BF191A0020F4
:1053C000201A0020A82B0108181A002007B58DF814
:1053D00007100DF10701FFF73BFFFFF761FF00200A
:1053E00003B05DF804FB00002B4B2DE9F0411B7866
:1053F000BBB10F254FF00108284E56F8041B4B1C7B
:105400000BD021F00F0701F00F0108FA01F401227F
:10541000214638460CF0F0FBBC61013D15F0FF055C
:10542000EBD1002280214FF080400CF0E5FB00BF63
:1054300000BF00BF00BF00BF00BF00BF00BF00BF74
:1054400000BF00BF00BF00BF00BF00BF00BF00BF64
:1054500000BF00BF00BF00BF00BF00BF00BF3025BE
:1054600085F31188012207214FF080400CF0E4FB06
:10547000002484F3118885F3118801220C214FF058
:1054800080400CF0D9FB84F31188BDE8F04106217F
:1054900023200CF030B900BF83240020C42B010866
:1054A000072804D0122804D1042000F0B7BB032041
:1054B000FBE7704708B54FF080724FF080439A6168
:1054C0004FF0007240219A610F4800220CF094FBCB
:1054D000002280210C480CF08FFB4FF480030A4A15
:1054E00093610022094B1A70094B1B785BB11120A4
:1054F00000F0F8FF44F620600BF0CDF8BDE808405E
:10550000022000F08BBB08BD000400406D24002089
:105510008324002010B5084C237863B100F084FB8D
:10552000033801289DBF0023032023700220BDE81B
:10553000104000F065BB10BD8324002010B5044668
:1055400009F098FE3B4B186023780A2B66D006D8EA
:10555000072B36D0082B10D0FF23237018E0212B07
:10556000FAD16278344B002A5FD0A1781A780029EA
:1055700058D042F080021A700AE0A378013B032B56
:10558000EAD8DFE803F00206091201F0E9FBE07057
:1055900010BD0423E370FBE762792179E078FFF71F
:1055A00096FBA071000AE071F2E7E0782379617957
:1055B00040EA032040BAA21D80B2BDE81040FFF7C8
:1055C00049BAA378013B032BC6D8DFE803F0020BEE
:1055D000101BE0780728DBD801F0CAFBBDE81040BB
:1055E00001F0CEBAE078BDE81040FFF757BBE27992
:1055F000A3792179E07843EA02236279BDE810407B
:10560000FFF77BBBE0782379617940EA032040BA59
:10561000A21D80B2BDE81040FFF735BABDE81040CA
:1056200002F062BA61F3C712A5E71B78C3F3C01397
:10563000A370ADE7201A00207644002010B5044680
:1056400009F018FE044B186023780A2B01D102F0F0
:105650004BFA002010BD00BF201A002008B500F052
:105660008BFD0378022B03D100F08EFD007808BD7E
:105670000020FCE700F070BDF8B51546B0FA80F3E5
:10568000B1FA81F25B0952099A4206460C4605D0EE
:1056900000290CBF0120022000F03EFA0F4F3B789A
:1056A000A34200D13DB100F067FD0323037000F079
:1056B0006BFD002303703C7004F0F6FC2946204685
:1056C00000F0D6FF2A462146304601F07DFE2A46EC
:1056D0002146304603F0D8F8F8BD00BF371A002045
:1056E00037B5044600F048FD0378012B0DD00025A6
:1056F000CDE9005500F040FD0378022B07D0094B9F
:105700002A4619780846FFF7B7FF03B030BD24B129
:10571000082221466846FBF7E1F8684600F04AFE99
:10572000F3E700BF371A002037B5044600F024FD28
:105730000378012B0ED0002500958DF8045000F061
:105740001BFD0378022B07D00D4B2A46197808461B
:10575000FFF792FF03B030BD74B163788DF800306D
:10576000A3788DF80130E3788DF8023063798DF8F5
:10577000033023798DF80430684600F077FEE9E7BE
:10578000371A002037B5044600F0F6FC0378012BE9
:105790000DD00025ADF8065000F0EEFC0378022B8A
:1057A00007D0114B2A4619780846FFF765FF03B06A
:1057B00030BD002CFBD0A278637843EA0223ADF819
:1057C0000630813B022B09D801220DF1060002FAB6
:1057D00003F3ADF8063000F035FEE8E70DF1060002
:1057E00000F01AFEE3E700BF371A0020014B1878DB
:1057F000704700BF371A002010B5174C00232278DD
:10580000032A26D8DFE802F0020C151E0A221349EB
:105810000846CB708A7009F065FB0123237010BD28
:105820000E4A9370F6231046D37009F05BFB0223F7
:10583000F4E7F62209490846CB708A7009F052FB5A
:105840000323EBE7054A93700A231046D37009F04F
:1058500049FB0023E2E700BF2E1A0020281A00208F
:105860007047000010B5FFF7FBFF00F0BBFA00F037
:1058700095FC01F057FB00F06BF9012803D1BDE85E
:10588000104000F06BB900F0B5F968B9074C20681A
:1058900009F034FD40F6B733984205D900F04EFFC9
:1058A00010B109F0E7FC206010BD00BF241A0020F1
:1058B0002DE9F04F8FB00E220021814602A8FAF7A1
:1058C00087FF00F059FC0378012B0AD000F054FC4C
:1058D0000378022B08D05C4B002219780846FFF7AA
:1058E000CBFE0FB0BDE8F08FB9F1000F00F0A38040
:1058F0004FF01E0800262022494606A8FAF7EEFFC0
:10590000524F9DF819300DF119043B7014F8010F36
:10591000FAF784FC08F1FF38304418F0FF08C6B2EB
:10592000F4D14B4D4FF0060BAA461AF8013F93B342
:1059300000242246D3B29E420BD89AF80030A342EC
:1059400018BF8AF8008021E001331E2B04D11C46C9
:1059500007E000230DF1190111F8010F0028F3D021
:10596000DCB238336B4413F81E0C019203F085FA55
:1059700040EAC404E4B2214606A809F07CFB9AF888
:105980000030019AA34202F10102D3D10BF1FF3B97
:105990001BF0FF0BC9D14946202206A8FAF79EFF4B
:1059A0004FF000084FF001095FFA88F39E420FD8CC
:1059B00000F0D8FA002844D1244809F081FA02A85E
:1059C00000F011FD8DE701331E2B04D11C4607E0CA
:1059D00000230DF1190212F8011F0029F3D0DCB2E7
:1059E00038336B4413F81E0C03F047FA40EAC40442
:1059F000E4B2214606A809F03EFB2A46002312F82D
:105A0000011FA14202D021B93B449C7008F101085A
:105A1000CAE70133062BF2D16F2CF7D80EAB03EB9C
:105A2000D40313F8302C04F0070409FA04F41443E7
:105A300003F8304CEAE7082249460448FAF7C8FE62
:105A4000B6E7FFF70FFFB3E7371A00202F1A002041
:105A5000301A002008B5064B1B7823B9054B1B787C
:105A60000BB1FFF7C9FEBDE80840FFF7FBBE00BF62
:105A7000371A00205544002070B5044658B109F08B
:105A80000DFA0C4B834205D0184609F001FA0122A9
:105A9000094B1A7070BD00F06FFB0378022BF9D12F
:105AA000044D20466B6898472046AB68BDE87040BF
:105AB000184700BF640C00203810002038B5044699
:105AC00088B109F0EBF9114C84421ED00122104B31
:105AD0001A7001F0A1F90F4809F03CFF2046BDE81B
:105AE000384009F0D5B90B4B1B78042B05D1074D75
:105AF0006B6898472046AB68984706480BF037FB21
:105B000004480BF043FF01F08FF938BD3C10002032
:105B10009A4000205449002010B50C4B04461A78D6
:105B2000824204D00128187002D0022807D010BD8C
:105B30000020FFF7A1FF2046FFF7C0FFF7E7002096
:105B4000FFF7BCFF0120FFF797FFF0E7780C00207C
:105B5000014B1878704700BF780C002010B50E4B31
:105B60000E4C1B78052B13D1206810B909F082FB6D
:105B7000206009F0C3FB41F6573398420AD900234D
:105B800001202360064BBDE81040187000F066B895
:105B90000023236010BD00BF54490020381A0020A4
:105BA0005644002010B50B4C2378052B10D1B4F8C7
:105BB0004C309B0708D509F00DFB28B120460BF0AF
:105BC00061FB05480AF067FDBDE8104009F024BB01
:105BD00010BD00BF54490020A086010008B5044B49
:105BE0001B78012B01D1FFF7DDFF012008BD00BFAD
:105BF000780C0020014B1878704700BF441A002031
:105C0000014B1870704700BF441A002008B509F016
:105C100031FB014B186008BD401A0020014B187081
:105C2000704700BF3E1A0020014B1878704700BF34
:105C30003E1A0020302310B583F3118800F0AEFD2A
:105C4000002484F3118872B600F0DEFE00F034FE0A
:105C500004F062FD84F3118862B610BD014B187028
:105C6000704700BF3D1A002010B5074C237828B1BB
:105C70001BB1FFF7CBFF0323237010BD002BFCD11A
:105C80000122024B1A70F8E7441A00203D1A002046
:105C90000F4B70B51E6801F01FF90E4D044618B980
:105CA00000232B7000240AE0FFF7A0FD18B90A4B6F
:105CB0001B78042BF4D02B781BB100232B702046CB
:105CC00070BD002EEED004F0E9F9B042EAD3F4E75B
:105CD0007C0C00203D1A00205449002008B501F03A
:105CE0000DF938B1044B186809F008FBC72894BFB8
:105CF0000020012008BD00BF401A0020012070478D
:105D000008B5FFF7FBFF38B1044B186809F0F6FA45
:105D1000C72894BF0020012008BD00BF401A002002
:105D200070B5FFF763FD044668B9084E3578012D5C
:105D300009D101F071F8304609F00CFE22462146E7
:105D40002846FFF799FC012070BD00BF5449002090
:105D500008B5FFF7E5FF38B1044B186809F0CEFA33
:105D6000C72894BF0020012008BD00BF401A0020B2
:105D70007047000008B507F013FB003818BF01207A
:105D8000044B187007F0FCFA09F03DFAFFF7F0FF3A
:105D900008BD00BF3C1A0020002310B5074C23703B
:105DA000FFF788FBFFF746FF2378054A022B18BF51
:105DB00003231370FFF7AEFB10BD00BF3E1A002097
:105DC000441A002008B5064B1B780BB107F0C6FA41
:105DD00009F022FA01F02EFDBDE8084004F064B994
:105DE0003C1A002010B5154C2378032B1BD8DFE894
:105DF00003F0020A131BFFF74BFFA0B1FFF706FFEA
:105E0000012323700FE0FFF769FF60B1FFF7B2FFD6
:105E1000FFF7FCFE0223F4E7FFF772FF18B1FFF76C
:105E2000F5FEFFF7B9FF10BDFFF792FF0028FAD08B
:105E3000FFF7C8FFFFF7EAFE0023E2E7441A00205D
:105E4000202938B505460C4610D1FFF781FE012800
:105E500006D122462946BDE83840022009F0C2BDDD
:105E600021462846BDE8384000F0E2BB38BD08F0C6
:105E70002FBF0000054A064B06495A601160516069
:105E80009A60DA60002219611A7070472C22002093
:105E9000481A00205C1A00202DE9F041174C0E46EC
:105EA0006768A56807F59C784545E36804D19F427B
:105EB00006D10020BDE8F08105F108029342F7E722
:105EC0000F4B22699A1A312A9CBFA3F2CF73236128
:105ED000322EEED82369014632461846FAF7FEFC08
:105EE000034645453344286023616B6002D1A760B7
:105EF0000120DFE70835A560FAE700BF481A002057
:105F00002B220020074A10B5D3689268934207D02D
:105F1000D3E90014641A2246FAF7E0FC204610BDCB
:105F20000024FBE7481A0020074BDA6899688A4288
:105F300008D0596801F59C70824201D1D960704740
:105F40000832DA60704700BF481A0020014B187809
:105F5000704700BF481A0020014B1870704700BFFF
:105F6000481A0020034BD8689B68C01A18BF01204C
:105F7000704700BF481A0020104900230A4610B598
:105F80000C7C844212D11C2159435018806850B1B6
:105F9000FF28515808D048434000411C1C2000FBFA
:105FA00003220120516010BD0131F7E701330A2BB4
:105FB00001F11C01E4D10020F5E700BFD00C002066
:105FC000F0B50A4E00253446377C874207D11C20A5
:105FD00000FB05404176027683760120F0BD013555
:105FE0000A2D06F11C06EFD10020F7E7D00C0020A7
:105FF000094A30B500231446157C854205D11C2280
:10600000012002FB0344A16030BD01330A2B02F1E1
:106010001C02F1D10020F7E7D00C0020094A30B56E
:1060200000231446157C854205D11C22012002FB69
:106030000344616030BD01330A2B02F11C02F1D12F
:106040000020F7E7D00C002070B50B4C002325464C
:10605000267C864209D11C204343E818E9500023DE
:106060008260C3604374012070BD01330A2B04F1C8
:106070001C04EDD10020F7E7D00C002070B50025FE
:106080002E462B4C6368002B4FD0E06808BB637C26
:10609000B3FA83F35B09637409F0ECF8D4E90023E5
:1060A0009342E0602BD266606674E66063690BB170
:1060B000207C9847207CFF2824D1002211461046DE
:1060C00005F074FD0735462D04F11C04DAD10120DA
:1060D00070BD09F013F923689842D8D26368002B89
:1060E000E4D0204600F01EFD0028EBD0637C207C2D
:1060F000B3B1FF280CD1A27E217E607EE0E79B1A1F
:106100006360EBE79628DDD800231A46194604E0C1
:106110009628D7D8A37E227E617E05F0DBFCD1E7EE
:10612000FF28CAD09628CDD8EFE76374E360C9E7AB
:10613000D00C00200246002330B50C1812F8015B89
:106140002B44A242DBB2F9D1435430BD0120704749
:1061500008B5FFF7FBFF08BD08B54FF4E13009F0C3
:10616000D7F9FFF787FEBDE8084024220021014847
:10617000FAF72EBBC023002000487047800C002097
:1061800000487047830C002000487047810C0020B5
:1061900018B111B189B209F0EBB9704773B5FFF7C7
:1061A000D5FE03280FD8DFE800F040022D3B774BE7
:1061B000186809F0A3F80A2805D900220220744BB8
:1061C0001A70FFF7C9FE734D734C09F0DBF9002814
:1061D00056D009F0C3F92A68012A38D0022A3ED0E5
:1061E000002A5BD161282FD85F2804D8A0F15A0378
:1061F000DBB2032BE9D8012302222B60674B20700E
:106200001A70E2E7624A13780133DBB2282B02D816
:1062100013700020D5E700231370FFF785FEF8E721
:10622000FFF782FE0020FFF797FE5D48FFF76AFE4A
:1062300001460028C7D05A48FFF7AAFF09F01AF80C
:10624000524B18600120BCE7AF28BED1D3E7022330
:10625000524A2B6013786070013B1370B5E72378C6
:10626000612B0FD163780D2B18D10A2816D1FFF7B7
:106270006DFE012802D10320FFF76EFE00232B6084
:1062800002B070BDAF2B09D16378602B06D1032318
:106290002B60424BA0700130187096E73F49531CA9
:1062A0002B600B78A054013BDBB20B70002B8CD120
:1062B0001946394810F8016B013133448A42DBB288
:1062C000F8D8A25C9A422AD10322364901A8FAF7EB
:1062D00005FB032101A809F04BF920462978FFF7B7
:1062E00037FF0028CCD02378602B0AD8592B16D939
:1062F0005A3B062B13D8DFE803F015193A3E121269
:106300004200AF2B0BD1A678202E08D12649324669
:106310002648FAF7E3FA31462448FFF7A8FD0023A0
:106320002B6052E76278224B5A70F8E76378313B72
:10633000052BF4D801A252F823F000BF55630008E2
:106340005D630008636300081F6300081F630008A3
:10635000696300080122164B1A70E0E70222144B11
:10636000FAE70322124BF7E70422114BF4E76278B5
:106370000F4BDA70D3E762780D4B9A70CFE76078F5
:10638000431E58425841FFF76FFCC8E778230020AE
:1063900074230020702300209C2300206C23002005
:1063A000C02300200B2B01089F2300207C2300200A
:1063B000800C00201FB5002301930293ADF80C3030
:1063C000A123082201460DF105008DF80430FAF7EB
:1063D00085FA01A80921FFF7ADFE0A21FFF75CFD50
:1063E00005B05DF804FB1FB5044610220021684685
:1063F000FAF7EEF9A2230E2221460DF101008DF8E5
:106400000030FAF76BFA68460F21FFF793FE102170
:10641000FFF742FD04B010BD002307B50193A3238D
:10642000022201460DF105008DF80430FAF756FA04
:1064300001A80321FFF77EFE0421FFF72DFD03B025
:106440005DF804FB002307B58DF80630A4238DF812
:1064500004300378022101A88DF80530FFF76AFEA9
:106460000321FFF719FD03B05DF804FB002307B516
:106470000093ADF804308DF80630A82305220146BC
:106480000DF101008DF80030FAF728FA6846062170
:10649000FFF750FE0721FFF7FFFC03B05DF804FB98
:1064A00030B5054687B0152200216846FAF790F905
:1064B0002846FAF7BBF8C4B2122C11D8A9232246F9
:1064C00029460DF102008DF800308DF80140FAF7F1
:1064D00005FAA11C6846FFF72DFE1521FFF7DCFC2D
:1064E00007B030BD002307B58DF80630A6238DF820
:1064F0000500022101A88DF80430FFF71BFE0321DF
:10650000FFF7CAFC03B05DF804FB002307B58DF864
:106510000630A7238DF80500022101A88DF804306C
:10652000FFF708FE0321FFF7B7FC03B05DF804FB9B
:10653000B32307B58DF803209A1A8DF80100104493
:106540008DF802108DF80400052168468DF80030A2
:10655000FFF7A2FC03B05DF804FB000007B50322BF
:10656000054901A8FAF7BAF9032101A8FFF794FC3D
:1065700003B05DF804FB00BF0429010830B50C46E8
:106580008FB005463122002101A8FAF721F92E2CFF
:1065900011D8AB23224629460DF106008DF80430B0
:1065A0008DF80540FAF79AF9A11C01A8FFF7C2FD82
:1065B000E11CFFF771FC0FB030BD30B50C468FB059
:1065C00005463122002101A8FAF702F92E2C11D834
:1065D000AC23224629460DF106008DF804308DF8D3
:1065E0000540FAF77BF9A11C01A8FFF7A3FDE11C08
:1065F000FFF752FC0FB030BD1FB5002304220293F9
:10660000ADF80C30AD2340EA014001900DEB0201E2
:106610000DF109008DF80830FAF760F902A805219C
:10662000FFF788FD0621FFF737FC05B05DF804FB96
:1066300030B50C468BB005462422002101A8FAF79C
:10664000C7F8202C12D146F2AF13224629460DF18D
:106650000700ADF804308DF80640FAF73FF9232122
:1066600001A8FFF767FD2421FFF716FC0BB030BD32
:1066700010B50C46062851D8DFE800F004212C356F
:106680003E4709001120BDE81040FFF72BBF302026
:10669000FFF728FF002C41D00A212148FFF76EFFA9
:1066A00028212048FFF789FF43F22D404EF21A516E
:1066B000FFF7A2FF5220FFF715FF5120E3E731203B
:1066C000FFF710FF54B35220FFF70CFF1648FFF7F7
:1066D000E7FEF2E73220FFF705FFFCB15220FFF79B
:1066E00001FF1248F3E73320FFF7FCFEB4B152205C
:1066F000FFF7F8FE0E48EAE73420FFF7F3FE6CB12F
:106700005220FFF7EFFE0B48E1E73520FFF7EAFEE6
:1067100024B15220FFF7E6FE0748D8E710BD00BFBE
:10672000002C01080A2C01080F2B0108192B010865
:10673000232B01082D2B0108372B010808B5FFF783
:1067400011FC20B95320FFF7CDFE012008BD002029
:10675000FCE7000010B5C4B20B2C0CBF02200120D6
:10676000FFF75CFA2046FEF79BFE0BF01EFA4FF097
:10677000FF32014B5A6110BD001800400023054A4A
:106780000549C2E900130133102B02F10802F8D1C8
:10679000704700BF10470020556700082DE9F04101
:1067A000FFF7ECFF00254FF001083F4E56F8041BA1
:1067B0004A1C0CD021F00F0701F00F0108FA01F478
:1067C00021460522384624040BF016FABC61013537
:1067D000EDB20F2DEAD1062401263027334D55F8AE
:1067E000040B431C2ED000F00F01202206FA01F109
:1067F00020F00F000BF000FA00BF00BF00BF00BF89
:1068000000BF00BF00BF00BF00BF00BF00BF00BF90
:1068100000BF00BF00BF00BF00BF00BF00BF00BF80
:1068200000BF00BF00BF00BF87F3118855F8040CFC
:10683000022200F00F0120F00F000BF0FDF9002301
:1068400083F31188013C14F0FF04C8D122464FF4B1
:10685000006117480BF0D0F900BF00BF00BF00BFB8
:1068600000BF00BF00BF00BF00BF00BF00BF00BF30
:1068700000BF00BF00BF00BF00BF00BF00BF00BF20
:1068800000BF00BF00BF00BF302383F31188032285
:106890000B2107480BF0D0F984F31188FEF7A4FD13
:1068A000BDE8F0410BF062B9902C0108CC2C010836
:1068B000000800407047000008B509F0CFF8032237
:1068C000214B22499A620C22DA62D1F890202048AA
:1068D00022F01802C1F8902000229A62DA62D3F8FE
:1068E000402C03F5406342F480721A641A6C4FF432
:1068F000006142F002021A6401225A63DA67DA6622
:1069000008225A615A695A615A6942F001025A6171
:106910009A6C42F4C0629A649A6CDA6C42F0080293
:10692000DA64DA6C9A6C42F480529A649A6CDA6C8B
:1069300042F01002DA6440F28232DB6C0BF05CF958
:10694000FFF7B8FF08BD00BF000001400004014090
:10695000000800404FF0E022136910B523F0010356
:106960001361234A234B01245A6100220021930022
:1069700003F1604303F56143D3F80001012994BF9B
:10698000002000F0010008B1C3F880410131202946
:10699000F2D10132082AE9D1174C636843F0007341
:1069A0006360164B1A6802F009021A601A6842F412
:1069B0006C3242F004021A6040F2B3321A62104B99
:1069C00043F001039847236943F00403236130BF78
:1069D0000C4B43F0010398474FF0E022236923F06A
:1069E00004032361136943F00103136110BD00BF69
:1069F000FFFF07000018004000ED00E0000001402C
:106A0000682C0108342C0108FFF7A4BF7047000070
:106A100038B51A4D04462B78042B1BD8DFE803F059
:106A200003280E1F280000231A461946FFF7C8FA4C
:106A3000FF2232212046FFF707FB0BE0FF231A4617
:106A40001946FFF7BDFA0322FA212046FFF7FCFAA8
:106A500001232B702046BDE83840FFF78DBAFF2395
:106A60001A461946FFF7ACFA01224FF4FA71E1E732
:106A700000232B70FFF7CCFFECE700BF6E24002053
:106A8000FF2810B504461CD10E4BD3F8143123F067
:106A90007F43B3F5405F0DD1002230231146FFF74D
:106AA0008FFA20460121FFF7A3FA2046BDE81040E7
:106AB000FFF762BAB3F5401F03D100233022194615
:106AC000EDE710BDD00C002070B51D460C4B0E46F6
:106AD0005B781446DB060DD50A4B187802F0CDF929
:106AE000022808BF3446E0B26B792BB1BDE8704094
:106AF00002F038BAC0B2F7E7BDE8704002F07ABAE7
:106B00005C440020DD24002008B5054B00211870EE
:106B1000FB20FFF783FABDE80840FB20FFF778BFB2
:106B20006E24002008B5037CFA2B13D0FB2B16D162
:106B3000104B1B78012B0FD0033B012B0AD80E4BB7
:106B40001B783BB1437C2BB1837E027E417E50207B
:106B500004F0C0FF002008BDFEF71CF8FAE7074B61
:106B60001B78002BF6D1FEF715F880F00100C0B2BB
:106B7000F1E700BF6E240020584400208824002044
:106B8000014B186803F010BA5C4400200B8813B561
:106B9000A3F5FC430A2B28D8DFE803F0062A435C60
:106BA00027272727A9277400684B01201A780DF1A1
:106BB0000701C2F3420352098DF80730FEF748FB84
:106BC0009DF80720042A10D81523D340D9070CD5E7
:106BD000FEF70CFE01221146FEF74EFD01225C4B32
:106BE0001A7008F047FBFEF755FB002002B010BDFD
:106BF000564B01201A780DF10701C2F342035209E6
:106C00008DF80730FEF724FB9DF80720042AECD806
:106C10001523D340DA07E8D5FEF7E8FD012202216B
:106C2000DAE74A4B01201A780DF10701C2F342035B
:106C300052098DF80730FEF70BFB9DF80720042A58
:106C4000D3D81523D340DB07CFD5FEF7CFFD0122E4
:106C50000321C1E73D4B01201A780DF10701C2F372
:106C6000420352098DF80730FEF7F2FA9DF807301B
:106C7000DA1E012A01D9002BB7D1FEF7B7FD012298
:106C80000621A9E7334B187802F0F7F802280CBF69
:106C900001220022304B1A701BD1002002F04FF865
:106CA000002002F0D6FC0022FF2311461A20FFF735
:106CB00087F98120FFF729FC00211A20FFF7AEF9A0
:106CC0000322FA211A20FFF7BFF91A20FFF754F91F
:106CD0008BE7022002F033F8002002F0BAFCFF2319
:106CE0001A201A461946FFF76BF98020E2E7174A87
:106CF0005178C1F3C00383F0010363F3C30111F0C2
:106D00000804164B517016D001221A800023FF216F
:106D10001A462420FFF754F900212420FFF77EF9BA
:106D20000322FA212420FFF78FF92420FFF724F90A
:106D3000FFF726FF59E708221A80FF23242019466F
:106D40001A46FFF73DF92146E7E700BF5C44002003
:106D50006D240020DD24002086240020EC0D00207E
:106D6000024B587800F00700704700BF5C440020D9
:106D7000024B5A7860F302025A7070475C4400205C
:106D80000022174B10B51A700122164C164B1A70C0
:106D90002368164A1A40164B13432360FF232371BE
:106DA000FEF724FD237860F343032370FDF724FFEF
:106DB000FFF7E6FE0F4B187870B102280CD00020C8
:106DC00002F047FCBDE810400B4B1A7842F08002FD
:106DD0001A70188803F0E1B801F0B1FFEFE700BFC7
:106DE000812400205C440020EA0D00200E80E0F0A9
:106DF00031270400822400207644002008B503F0E7
:106E0000D0F8044B186018B9BDE80840FFF7B8BFC8
:106E100008BD00BF5C4400204FF40032014B9A6172
:106E2000704700BF000400400222014B9A61704786
:106E3000000400404FF080434FF080729A6108F0E8
:106E4000C7B900004FF080434FF4807210B59A61CB
:106E50004FF4007280219A61174801220AF0CCFE9B
:106E60004FF40003144C0122A361402120460AF094
:106E7000C3FE124B5B7813F0400316D04023002270
:106E8000A3610F4B1A70FEF7B1FC0446FEF7AEFC8F
:106E9000002201462046FEF7EFFB08F09AF908F0C1
:106EA000E9F9BDE81040FEF7F5B94FF48002024958
:106EB0008A61044A1370E6E7000400405C44002045
:106EC000EA0D002081240020024B1878031F58424D
:106ED000584170475449002010B5FEF787FC04461E
:106EE00038B9054B1B78042B03D0FEF7B7FE2046BC
:106EF00010BD0120FCE700BF5449002010B5FEF78B
:106F000075FC044650B9064B1B78042B06D0FEF7DF
:106F1000A5FE2046FEF774FE204610BD0120FCE7CA
:106F20005449002038B5134D134C2868C8B108F0F7
:106F3000E5F9632815D97020FFF7D4FA5520FFF73B
:106F4000D1FA5720FFF7CEFA2178002201F00E0087
:106F5000B0FA80F0C1F342014009FEF78DFB002337
:106F60002B6021780020BDE838404A09C1F3420176
:106F7000FEF72CBA982400205C4400208C4B73B59B
:106F80001880A0F5FC400C460A2800F20E81DFE8CC
:106F900010F0340072009300B300D7000C010C0114
:106FA0000C0114000C011400824C207806F0C6FE7F
:106FB00000232370002002B070BD4B79002BF3D06A
:106FC000FEF714FC0446FEF711FC844209D0FEF7DC
:106FD0000DFC0446FEF70AFC002201462046FEF79F
:106FE0004BFB744C2378002BE4D140F6B830704A48
:106FF000714906F095FE2070DCE7704B01201A788D
:107000000DF10701C2F3420352098DF80730FEF774
:107010001FF99DF80720042A26D81523D340D90745
:1070200022D56679634D002E00F08580FEF7DEFBE9
:10703000012805D0FEF7DAFB00220121FEF71CFB38
:107040002B7833B940F6B830594A5B4906F068FEF0
:107050002870637943B108F0DFF80022584B1A70AA
:1070600008F008F9FEF716F9FF20FFF73BFA0022B7
:10707000544B1A709EE7514B01201A780DF107010D
:10708000C2F3420352098DF80730FEF7E1F89DF88C
:107090000720042AE8D81523D340DA07E4D5667917
:1070A000444D002E47D0FEF7A1FB0228C8D0FEF7C2
:1070B0009DFB00220221C1E7404B01201A780DF10F
:1070C0000701C2F3420352098DF80730FEF7C0F8FA
:1070D0009DF80720042AC7D81523D340DB07C3D562
:1070E0006679344D3EB3FEF781FB0328A8D0FEF746
:1070F0007DFB00220321A1E7304B01201A780DF11E
:107100000701C2F3420352098DF80730FEF7A0F8D9
:107110009DF80730DA1E012A01D9002BA4D1667927
:10712000244D46B1FEF762FB062889D0FEF75EFBD0
:107130000022062182E7287806F000FE2E7088E7FC
:107140001E4B01201A780DF10701C2F342035209C8
:107150008DF80730FEF77CF89DF80730DA1E012A1B
:1071600001D9002B83D16579124CCDB1FEF73EFBDE
:1071700028B1FEF73BFB00221146FEF77DFA23788B
:1071800033B940F6B8300A4A0B4906F0C9FD207001
:1071900000220B4B1A7008F06DF8FEF77BF866E7DB
:1071A000207806F0CBFD2570F2E7012003E700BF51
:1071B000FC230020FB2300208D6B00085C44002092
:1071C0006D24002074240020F8B504460D46FEF717
:1071D000D3FF0378022B03D108F04CF8FEF75AF8DE
:1071E00047F621039C4220D01AD8A4F5A443213BA2
:1071F0009BB2042B04D8152222FA03F3DB0728D410
:10720000FDF7C8FC88B1A4F5A443203B1F2B0CD983
:107210006B7953B129462046FDF7C4FC0020F8BD28
:10722000A4F5FC43123B032BEAD8FDF7B3FC70B383
:1072300045F225239C421ED845F220239C42EDD9DD
:107240001520A4F5A444213CA4B2E04000F00100C4
:10725000E5E76F79002FE8D1FDF79CFC0028E4D02A
:107260000C4E337823B1294620463770FDF79AFC3F
:1072700001233370D9E747F621039C42CFD0A4F510
:10728000FC44123C032C8CBF00200120C7E70120E6
:10729000C5E700BF584400201E3808B50B46272814
:1072A0006DD8DFE800F0141B1F23272B2F33373B4B
:1072B0006C6C6C6C6C3F436C6C6C6C6C6C6C6C6C64
:1072C0006C6C474B4E5154575A5D606366693A2265
:1072D000BE211E20FFF7F8FB002008BD3B22BD2188
:1072E0001F20F7E73C22C1212020F3E73D22C221E5
:1072F0002120EFE73E2222201146EBE73F22232008
:107300001146E7E74022AC212420E3E74122AE21E9
:107310002520DFE74222AB212620DBE74322A821FC
:107320002720D7E74422AA212D20D3E74522A921EF
:107330002E20CFE7B3223A210846CBE7B5223B21E6
:10734000FAE7B1223C21F7E7B2223D21F4E7AF2270
:107350003E21F1E7AD223F21EEE7AC224021EBE7F1
:10736000AE224121E8E7AB224221E5E7A8224321F2
:10737000E2E7AA224421DFE7A9224521DCE7012038
:10738000ABE7000073B5154606461C46019107F0B1
:1073900071FF084B03221860074B64001E60074B07
:1073A00001A91D60064B07481C60F9F797FA02B067
:1073B00070BD00BF682400205C24002064240020ED
:1073C0006024002058240020F7B5474B474E0D4657
:1073D000377814461A70FEF709FAC7F34207874256
:1073E00013D0FEF703FA337800F0070060F343038D
:1073F0003370DAB203F00E032BB103289EBF13469D
:1074000060F347133370FFF7BBFB062D69D8DFE845
:1074100005F057041C3068684400FF236CB100225B
:107420008DF80630ADF804200123C822042001990C
:1074300003B0BDE8F040FFF7A5BF8DF806304FF46C
:10744000FA720123ADF80440F0E7FF234CB10022AB
:107450008DF80630ADF804200123C82203200199DD
:10746000E6E78DF806304FF4FA720123ADF80440D8
:10747000F4E7FF234CB100228DF80630ADF804206C
:107480000123C82202200199D2E78DF806304FF47B
:10749000FA720123ADF80440F4E74FF47F43ADF8EE
:1074A00004303CB10023C8228DF806300123184671
:1074B0000199BDE701234FF4FA728DF80640F6E713
:1074C0004FF6FF73ADF804308DF8063001231CB180
:1074D000C82200200199ABE74FF4FA7220460199C7
:1074E000A6E703B0F0BD00BF6C2400205C44002080
:1074F00010B5FEF741FE0378022B13D0FEF776F9A4
:1075000018B90A4B1B78042B0AD0FEF76FF9044612
:10751000FEF76CF9064B01461A782046FFF754FF38
:10752000012010BD01F0CFFC0020FAE754490020F3
:107530006C24002070B5164C2068D0B107F0DEFE38
:10754000144B154D1B68984208D2144B18682B68D1
:1075500013F0010313D11A46194614E007F08AFE0E
:107560002B68206033B900232360FFF7C1FF002898
:10757000EBD170BD013B2B60002BE6D1F3E708494E
:107580008B784A780978BDE8704004F0A3BA00BF50
:107590006824002064240020602400205C24002053
:1075A0005824002008B53023FF201A461946FEF75C
:1075B00007FD0322FA21FF20FEF746FDFF20FEF71C
:1075C000DBFC012008BD0000204B2DE9F0411B78B9
:1075D00013B30025DFF87880474600242846E1B23F
:1075E00003F054F8064660B13B7853B94DB9012C0D
:1075F00014D16020FEF776FF224605212846FEF7CB
:1076000097FF01340F2C07F8016BE7D10135EDB27C
:10761000062D08F10F08DFD1BDE8F081022C06D15C
:107620006020FEF75FFF012205211320E7E7032C0E
:1076300006D16020FEF756FF012205212720DEE754
:10764000042CDED1FEF78AFFDBE700BF8424002094
:10765000FE230020F8B54FF080431A694F4C1B6998
:10766000C2F3C0114E48217003F40041C3F3C0338C
:107670000370130640F1858000290CBF6425662540
:10768000484E306800287ED107F0F4FD306028466F
:10769000FEF728FF5320FEF725FF434EFFF794FF28
:1076A000307801F0EAFB002874D0022872D03F4FF6
:1076B0003B7873B13E4D286807F020FE4F2808D96B
:1076C0004FF400023B4B9A6100233B7007F0D2FD60
:1076D0002860394F3B7873B1384D286807F00EFEAB
:1076E000C72808D94FF40002324B9A6100233B703F
:1076F00007F0C0FD2860324D2B7853B9307801F087
:10770000BCFB02280CBF80208120FEF7FEFE012377
:107710002B70FEF76BF82B4D2B78834207D0FEF7CA
:1077200065F82870FEF762F8FF20FEF7DBFE23788D
:107730009BBBFEF725FD03787BBB234C206810B96B
:1077400007F098FD206007F0D9FD46F2A813984293
:1077500023D901F0E9FE206807F0D0FD46F29053EE
:1077600098421AD901F0E0FE002323600124174B50
:1077700011201C70FEF7B6FE2046BDE8F840FEF76B
:107780006DBA65257CE707F0B9FDB0F57A7F3FF665
:107790007BAF82E70E4B187089E7F8BD9524002077
:1077A00094240020F4230020DD24002080240020E5
:1077B0007C24002000040040E90D002078240020F3
:1077C000F0230020860C0020EC23002083240020DE
:1077D000822400202DE9F3410026FF27144D0544A3
:1077E00000EB80004400E4B28DF800408DF8017099
:1077F0008DF80270009815F8018B03F063FCC0F35C
:107800000721C0F307438DF804008DF805108DF8AB
:107810000630C2B2DBB24046C9B2013604F05AF9B2
:107820000A34052EE4B2DFD102B0BDE8F08100BF1A
:10783000870C002038B5FDF7D9FF044670B92448FD
:107840000578012D0AD14FF40032224B9A6108F0DD
:1078500081F8224621462846FDF70EFF1E4C0020E7
:1078600021781C4D4A09C1F34201FDF7AFFD4FF0ED
:1078700080434FF480729A614FF4007240219A6104
:10788000144820220AF0B8F92022802111480AF079
:10789000B3F9012280210F480AF0AEF94FF400033A
:1078A0000122AB61402128460AF0A6F9637813F063
:1078B000400305D040230022AB61084B1A7038BD4D
:1078C0004FF4800203498A61054A1370F7E700BF4D
:1078D00054490020000400405C440020EA0D0020D0
:1078E00081240020F8B5002401270A4E00252046F7
:1078F000E9B202F0CBFE28B1052C03D115B9012560
:107900003770F4E701350F2DF1D10134E4B2062CC4
:10791000ECD1F8BD842400201A4B07B51B7873B353
:10792000194B1B78032B17D8DFE803F0022124271B
:107930004FF47F43ADF80430A0238DF80630019852
:1079400003F0C0FBC0F307238DF80000C0F307402D
:107950008DF801308DF802009DF802209DF800108E
:107960009DF8010003B05DF804EB04F01FB94FF679
:107970005573DFE74FF6AA73DCE70023DAE703B0BD
:107980005DF804FB88240020872400200A4B9B78A4
:1079900003F00703032B0BD8DFE803F00C02060803
:1079A0001123064A137070471E23FAE72A23F8E7CB
:1079B0003723F6E70823F4E75C4400207524002011
:1079C00038B5FFF71BFA01224FF480714FF0804069
:1079D0000AF012F94FF080444FF48073A3614FF422
:1079E00000333B4D0122AB61284602210AF004F925
:1079F0002046002280210AF0FFF8204620224FF482
:107A000000410AF0F9F82846202240210AF0F4F853
:107A10002846202280210AF0EFF8204601224FF468
:107A200000710AF0E9F84FF40073A361294CFDF7E7
:107A300021FE21780022C1F342010120FDF71CFE46
:107A400007F018FC244BFF221860C821FA20FEF72B
:107A5000FBFAFA20FEF790FAFF22C821FB20FEF77E
:107A6000F3FAFB20FEF788FAFDF7C0FEFF20FEF7D1
:107A700039FD00F0EBFEA078C0F3C100FDF746F839
:107A80002846012280210AF0B7F84FF400030122B2
:107A90002846AB6140210AF0AFF8637813F040014B
:107AA00015BF40224FF480020021094815BFAA618A
:107AB00082610A4A0A4A13F0080F11700CBF0122B2
:107AC0000822084B1A80BDE83840FFF75FBF00BFAF
:107AD000000400405C44002098240020EA0D0020AF
:107AE00081240020EC0D002008B502F0B9FA03F063
:107AF000BFFF02F04FFA044B1880FFF753FDBDE8BB
:107B00000840FFF75DBF00BF764400202DE9F0413B
:107B100006460C46FFF758FB002800F01581214669
:107B2000304600F0C3FE002800F00E8121463046AA
:107B3000FFF7B2FB002800F0078121463046FFF72F
:107B40001DFA0746002800F0FF80B74B1B7823B1D1
:107B500047F60E639E4240F0F780DFF8D08298F837
:107B6000003053B1637943B12C2E06D00022114668
:107B7000104688F8002004F019F8AD4D2B7813F06A
:107B80000E0F40F0D380B6F5F84F00F0808100F280
:107B9000AB8045F202239E4200F0EA827BD87E2E23
:107BA0004DD87A2E40D82C2E00F082813846BDE880
:107BB000F081A6F5FC46053E182EF7D801A353F830
:107BC00026F000BF59810008BD7D0008DD7F000858
:107BD000AD7B0008A17E0008AD7B0008878200080D
:107BE0004B7F0008917F0008D57D00087F7E00084C
:107BF0004D7D0008817D000837820008C58100089E
:107C0000FD8100081D820008AD7B0008AD7B0008E7
:107C1000AD7B0008AD7B0008D57E0008FB7E000828
:107C2000197F00080B7E00087C3EE0206379022E5D
:107C300000F2F180DFE816F0080111011A01E72EC9
:107C400016D8E02EB2D9E13E062EAFD801A353F8E4
:107C500026F000BFC3830008AD7B000855830008F1
:107C6000AD7B0008C3830008AD7B00088783000854
:107C7000B6F5A44F9AD16379002B65D06D4B187877
:107C800001F0FBF802285FD1002001F058F8002035
:107C900001F0DFFC58E047F213039E4200F0A3809E
:107CA000A6F5F046203EB3B20A2B3FF67FAF0A2E70
:107CB0003FF67CAF01A353F826F000BF377F0008E2
:107CC000C9820008AD7B000829830008AD7B00084D
:107CD000378100081581000865800008AD80000824
:107CE000F57F00082980000847F61D639E423FF695
:107CF0005DAF47F604639E423FF65BAF47F6034332
:107D00009E4200F0308247F616439E427FF44EAF0B
:107D10006279494B002A49D0484A1278002A0CBFA0
:107D2000292035201A7000F077FF0DE0FEF724FAC5
:107D30000378032B7FF427AF331FA02B04D9A6F1C0
:107D4000E003072B3FF61FAF00272FE7EB7803F088
:107D50000F030C2BF8D06379002BF5D0AB7803F030
:107D60000702032A08D8013262F30203AB70FFF75F
:107D70000DFEFEF705FFE7E7042AF8D00422F3E73B
:107D8000EB7803F00F030C2BDED06379002BDBD0F4
:107D9000AB785E0703D1AB7823F00703E6E7DA1D83
:107DA00062F302035C07AB70E1D1F4E71B78002BB0
:107DB0000CBF2920352000F045FFC5E76379002B73
:107DC000C2D06B78C3F3001282F0010262F3041395
:107DD0006B70CEE763791A4C002B00F0C78107F077
:107DE00049FA2060B0E76379002B3FF4DFAE00234F
:107DF00030211A46FF20FEF7E3F80121FF20FEF7AD
:107E0000F7F8FF20FEF7B8F8D0E662790D4B02B123
:107E100001221A7098E71BB100F0FEFE1B2082E7DA
:107E200000F010FF1B20C6E78424002088240020D7
:107E30005C440020DD240020FA230020852400205B
:107E40008C240020554400201BB100F0E5FE0620E4
:107E500069E700F0F7FE0620ADE71BB100F0DCFE9D
:107E6000192060E700F0EEFE1920A4E71BB100F036
:107E7000D3FE092057E700F0E5FE09209BE7637970
:107E8000002B3FF493AE6220FEF72CFB8EE6637965
:107E9000002B3FF48BAE02F05AF807F047FA85E664
:107EA0006379002B3FF450AF012388F800304BE793
:107EB00098F80030002B3FF479AE6379002B3FF443
:107EC00043AFB24A13780133DBB2032B88BF0023E0
:107ED000137039E763794BB1FCF75CFE30B9E220EF
:107EE00001F040F82B2001F03DF85FE6E22001F0C0
:107EF00081F82B2001F07EF858E663793BB1FCF75E
:107F000049FE20B9E32001F02DF80B20EBE7E32038
:107F100001F070F80B20EDE763793BB1FCF73AFE16
:107F200020B9E32001F01EF80720DCE7E32001F090
:107F300061F80720DEE76379002B3FF405AF2B786B
:107F4000DA4362F300032B7013E76379904CEBB1D3
:107F50002178D9B96B78402243F040036B7001253A
:107F60008C4B1D708C4B9A618C4A107828B1117023
:107F7000FEF706FE01232370E6E680229A6107F0F1
:107F800079F9874B1860874B1D70F1E70023F2E702
:107F90006379854EFBB13578EDB9802201247E4BA3
:107FA0009A61824B1C7007F065F9814B1860FF23C2
:107FB00046201A461946FEF703F829464620FEF7E2
:107FC0002DF80322FA214620FEF73EF84620FDF761
:107FD000D3FF3470B8E600233370B5E66379002B25
:107FE0003FF4B2AE2B78C3F3001282F0010262F3C9
:107FF0000413A8E7FCF7CEFD054600287FF4A4AEE5
:108000006379002B3FF4D2AD05F0E6FAD6287FF66F
:10801000CDAD29461120FEF701F80322FA211320E5
:10802000FEF712F81320EDE6FCF7B4FD00287FF40C
:108030008BAE6479002C7FF4B9AD05F0CDFA5F28E2
:108040003FF6B4AD21461320FDF7E8FF0322FA21E5
:108050001120FDF7F9FF1120FDF78EFF372005F005
:10806000B3FA71E6FCF796FD054600287FF46CAE86
:108070006379002B3FF49AAD05F028FA10F0800FD9
:108080004C4C0ED029461220FDF7C8FF0322FA21DE
:108090001520FDF7D9FF1520FDF76EFFA023A37073
:1080A00084E505F013FA2030A0707FE5FCF772FD3F
:1080B000054600287FF448AE6379002B3FF476AD87
:1080C00005F004FA20281FD829461520FDF7A6FF41
:1080D0000322FA211220FDF7B7FF1220FDF74CFF13
:1080E00006F0EAFEC0F34004800703D50022314BBE
:1080F0009A705BE5002320461A461946013403F0C6
:10810000E9FC972CF6D1F1E705F0E0F9294B20388E
:1081100098704BE56379002B3FF416AE05F06CF9CF
:10812000022805D16B7823F020036B70FEF728FD41
:10813000FCF756FE08E66379002B3FF405AE05F028
:108140005BF9022805D16B7823F020036B70FEF7F2
:1081500017FDFCF723FEF7E52B78174A13F00E0303
:1081600018BF6379B4E66379144C35E62360EBE518
:108170006379002B3FF4E8AD114B187800F07DFED9
:1081800002283FF4E1AD02207FE500BF87240020F4
:10819000F92300208124002000040040EA0D002083
:1081A0007C24002080240020F8230020E90D0020FA
:1081B00078240020594400205444002090240020BA
:1081C000DD2400206379002B3FF4BEADA8780021A8
:1081D000C0F3C100FCF7C2FB0020AB7823F018030A
:1081E000AB70FCF787FCFEF7CBFCA878C0F3C100AE
:1081F000FCF7A2FC0020FEF787FCA5E56379002BC5
:108200003FF4A2ADA8780021C0F3C100FCF7A6FBA3
:108210000120AB7860F3C403AB70E2E76379002B15
:108220003FF492ADA8780021C0F3C100FCF796FBA3
:108230000220AB78EEE76379002B3FF485AD05F0C3
:10824000DBF82D287FF480ADFCF7A4FC0446A87869
:108250005E4DC0F3C1007CB9FCF782FC5C4B1C7026
:1082600007F008F82246286021462046FCF722FC49
:108270000320FEF749FC7CE5002401212C60FCF77B
:108280006DFB2046F5E76379002B3FF45DAD0122DD
:108290006B7823F040036B704E4B1A704FF48002E2
:1082A0004D4B9A614D4B197811B100221A7060E55F
:1082B000EB785A1C02F00F020C2A94BF62F30303FE
:1082C00061F30303EB7054E56379002B3FF43CAD9D
:1082D00005F092F82D28424C22D1FCF75BFC68B1E6
:1082E000A878C0F3C100FCF705FCA8780021C0F312
:1082F000C100FCF733FB0022354B1A702879FF28A8
:1083000008BF212005F075F8FEF73AFC05F0BAF831
:10831000C0F307232070C0F307406370A07013E51B
:108320003048FCF78FFCEFE76379002B3FF40CAD8E
:108330000120FCF701FD6B7843F020036B7005F022
:10834000A1F8274BC0F307221870C0F307405A70FA
:1083500098700EE5244B187800F08FFD0228234B0F
:108360002BD16179224A1B781170D9067FF51EAC9A
:10837000FCF710FC00287FF419ACE3206379C3B14B
:1083800000F04AFC12E4184B187800F076FD022841
:10839000164B12D1164A61791B781170DA067FF5F7
:1083A00005ACFCF7F7FB00287FF400ACE72063790D
:1083B000E5E700F047FCFFF7F9BB1B78DB063FF56C
:1083C000F5AB62790A4B1A70FFF7F0BB64440020EA
:1083D00058440020EA0D00200004004081240020C1
:1083E0005944002060440020DD2400207644002011
:1083F0008524002010B5FDF7F9F958B1FDF7BCFE52
:1084000003780D4C022B06D10123237006F032FFB6
:108410000A4B186010BD2278094B5AB101221A701C
:10842000064B186806F06AFFB0F5FA6FF2D9002320
:108430002370EFE71A70EDE7742400207024002009
:108440006F2400202DE9F043DFF81C82064698F8DF
:1084500000500F46A5B0CDB1844C2378412B00F2DB
:10846000FF800022824D1046114603F09FFB2868D2
:1084700006F044FF322805D906F0FCFE2378286078
:10848000013323702078FFF7A5F9E1E08A227949CA
:1084900001A8F8F723FADFF8E09101AC22786078C0
:1084A00002EB420209EB02018B7819F802204978AD
:1084B000013503F00FFB452D04F10204EED16F4CA2
:1084C000206848B106F01AFF40F6B833984203D945
:1084D000FFF70AFB00232360694D6A4C286858B1F6
:1084E00006F00CFF42F21073984205D9237883F00E
:1084F0000103237000232B60634B1B78002B40F09B
:108500008880FCF747FB58BB604B1B78042B22D1BB
:1085100006F0D2FC5E4DC0F340002B7898420FD09D
:1085200006F0CAFCC0F34000287006F0C5FC8107C5
:10853000C0F3400304D41A461946062003F0CAFAD1
:1085400006F0BAFC82070BD5FF2306201A4619460F
:1085500003F0C0FA04E0FDF70FFE0378022BD7D03A
:108560004C4DDFF83491287800F087FC02280ED0BB
:108570004A4A99F800301078C3F3001188420B463C
:1085800005D0117019B90A46082003F0A3FA99F82A
:108590000030DB060AD5287800F06FFC022805D0F1
:1085A000FF2308201A46194603F094FA04F024FF2A
:1085B0001F282ED004F020FF2C282AD004F01CFF06
:1085C000242826D004F018FF252822D004F014FF18
:1085D00026281ED004F010FF27281AD004F00CFF24
:1085E000282816D004F008FF292812D004F004FF30
:1085F0002A280ED004F000FF2B280AD0284B9A78A6
:10860000D878284B02F00702197800F00F00FCF729
:108610004BFC23782BB1FF2309201A46194603F09F
:1086200059FAFFF7E7FEFDF7E1F810B11E4B1B7892
:108630000BB9FEF77FFF39463046FDF71FFDFFF708
:108640006BF9FCF7EFFB98F80030002B7FF404AFD8
:108650003946304600F0CEF9012025B0BDE8F08360
:10866000002388F80030F3E7E80D0020E82300201D
:10867000E423002007290108C5440020902400209D
:108680008C240020842400205444002054490020DD
:10869000850C0020DD24002076440020840C00207E
:1086A0005C440020752400206F24002010B50124B4
:1086B000044B1C7000F038FF2046BDE81040FDF769
:1086C0009FBA00BFA224002008B5FDF78FF830B193
:1086D000FDF752FD0078831E5842584108BD012025
:1086E000FCE7000008B5044B187800F0C6FB831EB9
:1086F0005842584108BD00BFDD240020A0F13903D5
:108700000C2B16D9A0F1A903012B12D9292810D0BE
:1087100047F6034398420CD047F60563984208D0C9
:10872000A0F5FC430F2818BF042B94BF01200020A4
:108730007047012070470F2808B509D131B14FF0BB
:1087400080431B691B0601D4FFF7B0FF012008BD61
:108750000020FCE747F60343984237B50C4616D194
:10876000052000F05FFF90B1FBF7D2FA83060ED52B
:1087700063794BB100F0D8FE41F2883007F08BFFEF
:1087800001F0E5FB06F0D2FD012003B030BD294D1C
:1087900028780028F9D0022221460DF10600F8F7CA
:1087A0009DF8627940F20B41BDF80630002A32D0C4
:1087B0008B42214A4FF001011CD111701F490878EA
:1087C00020B3002313701E4A2B7013701D4A0B70C8
:1087D000137004F0C3FD06F01FFD0320FDF710FA2F
:1087E000FDF704F802460028CED1174B1978FCF7A4
:1087F00043FFC9E70E2B04BF104801701178002910
:10880000DCD10E2BC0D0FFF751FFBDE740F20B4289
:108810009342F6D1B8E78B4206D1074B1A70074B4B
:108820001B78002BB0D1EEE70E2BADD1034B1A70A5
:10883000014BF5E7A2240020A1240020A024002061
:10884000AC240020A32400200E10002008B5FBF764
:1088500087FFFBF745F90020FBF734F95022082188
:108860000848F7F7B5FF0822064B072003F83D2C10
:1088700003F83C2C03F83A2C03F8392CBDE80840E7
:1088800004F0CEBEBD0F002031B938B10122044B37
:108890001870044B1A707047034B1970704700BF73
:1088A0000D100020AC2400200E100020014AFBF720
:1088B00031BC00BFE42C01082DE9F041444C237881
:1088C00083BBFEF701FB4FF0804306461D6900287D
:1088D00048D1C5F3C015A8463E4B3F4C1A783F4FD0
:1088E000AA4206D01D7006F0C5FC85F00105206087
:1088F0003D70B8F1000F3BD000233B70FCF776FFD2
:10890000054698B3206810B906F0B4FC206006F064
:10891000F5FC4F281ED90022284611462260FCF79C
:10892000ABFE17E0FCF762FF20B14FF080431B69FC
:108930001B060CD500232A4A23701370294A137092
:1089400004F00CFD06F068FC0320FDF759F92378CC
:10895000002BB6D0FEF77EFE06F08CFCBDE8F041A1
:10896000FBF748BF05464FF00108B5E72060F1E787
:10897000FCF73CFF3B7805463BB31B4B1B78CBB168
:108980001A4B93F80080A8451BD02068A0B906F0C8
:1089900071FC0022206041462846FCF76DFE002D48
:1089A000D8D1002ED6D13046FDF758F93046FDF724
:1089B00027F9CFE70E4BE4E706F0A0FC3B28E6D80A
:1089C000EDE7002323603B70E9E7C4F80080E6E7A9
:1089D000A2240020A4240020A8240020A3240020F6
:1089E000A1240020A0240020AC2400200D10002091
:1089F0000E10002000232DE9F04387B08DF81530CC
:108A00008DF816308DF81730FBF73AF80446FBF76F
:108A100031F80546FBF73AF80646FBF72BF8021F3C
:108A200020463C2453420DF116080DF115070DF1B7
:108A30001709534129463246CDF804800097CDF8F6
:108A40000890FBF725FF3846642741464A46FBF766
:108A50005BFFFBF715FF9DF817309DF816209DF87A
:108A60001510634362436143B3FBF7F3B2FBF7F2C4
:108A7000B1FBF7F1DBB2D2B2C9B203F02BF8062397
:108A80009DF815409DF816509DF817605C435D43B6
:108A90005E43B4FBF7F4B5FBF7F5B6FBF7F6DFF88A
:108AA000C480314FB8F80000E4B2EDB2F6B2C8B9F4
:108AB00006F018FCA8F80000FCF798FE00284BD040
:108AC000FDF75EFB0078642828BF642050235843DC
:108AD0006423B0FBF3F0254B1870C0F15000401038
:108AE000387003E006F003FCF928E1D84FF00008E5
:108AF000DFF878903A785FFA88F39A4208F14700F5
:108B00002CD899F800301344434527DD33462A46D4
:108B1000214608F1010802F0DDFFB8F1500FE9D15C
:108B200000230A201A46194602F0D4FF00230B2026
:108B30001A46194602F0CEFF00230D201A461946A8
:108B400002F0C8FF00230E201A46194602F0C2FFA9
:108B5000012007B0BDE8F0836420B7E700231A4680
:108B60001946D6E79E2400209C2400209D24002046
:108B700005280DD805290BD80E2A09D85A23C1EB90
:108B8000011103FB0010034B024433F8120070473D
:108B90000120704700300108052808D839B9054B75
:108BA00082F0010202EB400033F810007047012010
:108BB000704700BF182D0108A0F58072B2F5F85F6C
:108BC00003461FD213F4805F00F4007103F4806247
:108BD000C0F3002003F400630AD0000109B140F0A3
:108BE00020000AB140F040006BB140F080007047B7
:108BF00009B140F002000AB140F004001BB140F09E
:108C0000080070470020704710B50C46FFF7D4FFEE
:108C10002346BDE810401847A0F1E003072B10B52C
:108C2000044600D940B920460449FFF7EDFFE0B201
:108C3000BDE8104000F096B90149F6E7B190000890
:108C4000D594000810B50446C0B200F0D3F9A4F1E1
:108C5000E003072B00D92CB903492046BDE810409A
:108C6000FFF7D2BF0149F8E7C3900008E794000876
:108C700038B505460C46FFF7CFFF1CB92846FFF76D
:108C8000E1FF38BD6420013C07F005FDA4B2F4E724
:108C900008B539280CBF50210021FFF7E9FF08BDB6
:108CA0000120704708B5FFF7FBFF08BD704708B506
:108CB000FFF7FCFF08BD000013B502AB03E903009A
:108CC0000F4B1B78B3B99DF8053073B16AB100F052
:108CD0006BFD04460146009800F028FD20460099EF
:108CE00002B0BDE8104001F0AFBB009800F03EFDBF
:108CF0000446F3E7009800F057FD0099F0E700BF45
:108D0000B4240020034610B400885C880A4640EA78
:108D10000440998810BCFFF7CFBF10B5044601216D
:108D2000FFF7F0FF2146FFF7BDFF10BD10B5044669
:108D30000021FFF7E7FF2146FFF7B9FF10BD10B58F
:108D400001248440E4B2204601F020F92046BDE829
:108D5000104000F03ABC0120704708B5FFF7FBFF58
:108D600008BD10B5044600F0DFFB2046FFF7F5FF15
:108D7000BDE8104046F2A81007F08DBC08B50120F0
:108D8000FFF7EFFFBDE8084006F0D0BA08B50020B5
:108D9000FFF7E7FFBDE8084006F0EEBA38B501215D
:108DA0000546FFF7AFFF2946044605F00EFF0028F1
:108DB00040D029462046FEF7A9FED8B329462046D2
:108DC00005F00EFEB0B32946204605F06BF988B3D6
:108DD0002946204605F040F960B32946204604F0B4
:108DE00071FC38B32946204605F048FE10B36B7974
:108DF0007BB147F65A439C4223D00ED847F6014335
:108E00009C421BD047F603439C4215D0B4F5F84F63
:108E10000ED02846FCF7E2FE0DE047F65B439C428D
:108E200012D047F65C439C42F3D101F07DF8F0E7A5
:108E3000FFF7A4FF002038BD01F089F8FFF7A6FF77
:108E4000F8E701F07DF8E4E701F07DF8E1E708B527
:108E5000FDF7F0FF03F0BAFE00F030F8BDE808407F
:108E6000012004F065BA08B500F02DF8002004F0E8
:108E70005FFABDE80840FDF7E5BF020906BF1346EB
:108E80000246042391081EBF0A460233DBB203EBFD
:108E90005200C0B2704701207047704738B5054690
:108EA000FFF7F9FF044610B12846FFF7F6FF20460A
:108EB00038BD704708B5FFF7F1FF08BD08B50020C1
:108EC000FFF7F8FF08BD08B505F0EEFFFFF7F2FF6A
:108ED00008BD000010B505F0E7FF074B04461A78FF
:108EE000824207D0187006F0C5F9044B186020467E
:108EF000FFF7E0FF10BD00BFAD240020B02400202C
:108F00001FB5CDE900019DF805306C460BB100F0AE
:108F10000BFF0023ADF80E3094E80300ADF80C1001
:108F2000C9B2029002AC29B994E8030000F054FEE3
:108F300004B010BD2046FFF7F0FE0028F4D1F7E79B
:108F40000379012B02D1008800F04EBC704708B5B0
:108F500029B105F00DFABDE8084005F0E7BA05F0C3
:108F600059FAF8E710B50446002840D0031FDBB2D9
:108F7000A02B0ED806F01EF820B1204606F0A4F86B
:108F800000F06AFF204606F085F8BDE8104000F0CA
:108F900063BF00F12003DBB2072B07D800F0070402
:108FA0000120A040C0B200F093FEEEE700F15B03A9
:108FB000DBB2022B05D8BDE81040243880B205F0A2
:108FC0009BBF00F15803DBB21A2B06D8BDE8104056
:108FD000074A32F8130005F0ABBF3334E4B2122C69
:108FE00005D805F0C5F9BDE8104005F09FBA10BDE1
:108FF0003834010808B50346A0B3021FD2B2A02A34
:1090000005D806F061F8BDE8084000F025BF00F182
:109010002002D2B2072A07D800F0070301209840A7
:10902000C0B200F05DFEEEE700F15B02D2B2022AB0
:1090300004D8BDE80840002005F05EBF00F15802EA
:10904000D2B21A2A04D8BDE80840002005F070BF4B
:109050003333DBB2122B05D805F0DCF9BDE808404C
:1090600005F064BA08BD000038B50C460546FFF7A8
:1090700079FF8CB140F2E7300021DFF820C04FF4D7
:109080007A720023E4FB0C01F7F7B0F807F003FB5A
:109090002846FFF7AFFF38BD0120F7E7A0860100A3
:1090A00008B539280CBF50210021FFF7DDFF08BDAE
:1090B00008B528B100F00CFEBDE8084000F0CCBEB9
:1090C00008BD08B528B100F00BFEBDE8084000F06F
:1090D000C3BE08BD2DE9F843877981460C46457922
:1090E00000F0E6FD3F09064608B32E46FDB1C4F385
:1090F000072303F0F002402A0CD0E1B201F1200274
:10910000D2B2072A25D903F0E003202B02D101298E
:109110001FD907B3A44B5E7816F0040607D00220CF
:1091200000F0D2FE00F0C4FD80F00106F6B2C4F3F8
:1091300003330B2B3DD8DFE813F010001000540070
:109140005400AE00C5003C003C00CA002C014001A8
:1091500040010026EBE73E46E9E7C4F30723C4F3EA
:1091600003270F2B88BF3F01E4B285B157B104F14B
:109170002003DBB2072B384600D92CB900F0A8FD3C
:1091800000F06AFE20464CE000F0BEFDF8E7204605
:10919000FFF730FF6FB104F12003DBB2072B384635
:1091A00000D914B900F09CFD01E000F0B5FD00F01D
:1091B00053FE002E00F0598100F072FD10F0010006
:1091C00040F0538189F8050000F064FD00F048FA92
:1091D000484600F061F900F05DFDBDE8F84300F09D
:1091E00049BAC4F3072303F0F003C4F30328202B88
:1091F000E4B218BF4FEA08182CB1012C34D0002D6E
:109200003CD0DFB1BEE7684B5B78590714D45DB141
:10921000B8F1000F04D0404600F05AFD00F01CFEEB
:109220000020FFF79FFEC4E72846FFF7E3FEB8F1F2
:10923000000FBED04046B5E755B11FB94046FFF715
:1092400037FFB6E7012FB4D1404600F08DFDB0E7FF
:10925000002FAED14046FFF734FF404600F092FDAC
:10926000404600F06DFDA4E715B1052FA1D8E5E754
:10927000042F9ED84046FFF724FF9AE7002FF9D02D
:10928000392C0CBF4FF4FA50012007F004FA2046A5
:10929000FFF7B0FE8DE714F4406FC4F3812307D0CD
:1092A000012B86D165B1C4F3090005F041FE80E7CA
:1092B00025B1C4F3090005F01FFE7AE72846FAE756
:1092C0002846F2E72946E0B2FFF741FE71E714F4C1
:1092D000407F2DD1F5B914F0100018BF0F20C4F352
:1092E00042134FEA8303DBB21CBF9840C04304F033
:1092F0000F0202FA03F2C4F3812418BFC0B2D2B243
:10930000022C40EA02000DD0032C0ED0012C06D016
:1093100000F066F905F0C8FDFFF7CCFD49E700F065
:1093200057F9F7E700F064F9F4E700F04EF9F1E7D8
:10933000C4F301220DB3D207ECD514F0100318BF0B
:109340000F20C4F342124FEA8202D2B21CBF9040F7
:10935000C04304F00F0101FA02F1C4F3812418BFE5
:10936000C3B2C9B2022C43EA01000CD0032C0DD0C9
:10937000012C05D000F09AF9CCE7012ACAD9DCE724
:1093800000F08CF9C6E700F099F9C3E700F03EF968
:10939000C0E7E7B2C4F3032445B1204600F060F90A
:1093A0003846FFF785FEB5E7764400203846FFF7DC
:1093B00088FE204600F05EF9ACE75FFA84F8A8F179
:1093C000F003042B38D8DFE803F003210D141D004F
:1093D00035B1042F9ED8C4F3042000F055F999E765
:1093E000052FF7E7C4F30420002DE3D100F038F98E
:1093F00090E725B1C4F3042000F02BF98AE700F0D0
:109400000DF987E71A4B5B785B0704D4C4F304209B
:10941000002DCFD0EAE72DB10321C4F3042000F0E2
:1094200031FD77E7012000F04FFD012F7FF672AF8D
:10943000022000F049FD6DE73DB11FB14046FFF746
:1094400091FD67E7C4F30420D0E75FB1B8F1390FAD
:109450000CBF4FF4FA50012007F01DF94046FFF70A
:10946000C9FD57E7C4F30420A4E7BDE8F88300BFB3
:109470007644002038B501880446407900F0C0F9F0
:10948000054600F023F900F09FF829462046BDE884
:109490003840FFF71FBE0000037910B50446B3B192
:1094A000FFF77CFC68B900F003FC80B1637973B10D
:1094B000074B5B785B070AD5BDE81040022000F03F
:1094C00003BD2046FFF7D6FF2046FFF72FFC10BD57
:1094D0007644002008B528B100F016FCBDE808402D
:1094E00000F0BABC08BD08B528B100F015FCBDE815
:1094F000084000F0B1BC08BD08B5002005F0FCFC38
:10950000002005F015FD00F00FFC00F0A5FC05F0B3
:1095100029F8BDE8084005F009B808B505F0EEFDEA
:10952000BDE80840FFF7E8BF08B500F0E7FBBDE87D
:109530000840FFF7F2BFC0F30333062BC2B213D0CB
:1095400094BF0E33063303F00F03012B13D8F02A18
:1095500013D004D8E72A8CBF002001207047A2F165
:10956000F403584258417047F12A18BFE72A94BFC4
:10957000012000207047002070470120704708B587
:109580000346007930B1188800F02EF9BDE8084094
:10959000FFF7D1BF08BD82B002AB03E9030002B000
:1095A000704782B002AB03E9030002B07047704716
:1095B00008B5FFF7FCFF08BD08B5FFF7F9FF014B41
:1095C000187008BDDD2400207047FFF7F5BF0000CC
:1095D000024B1B781843FFF7EFBF00BFDD240020CC
:1095E000024B1B781840FFF7E7BF00BFDD240020C7
:1095F000024B1B785840FFF7DFBF00BFDD2400207F
:10960000704708B5FFF7FCFF08BD000008B5FFF77D
:10961000F8FF014B187008BDDC2400200020FFF784
:10962000F5BF0000054B1B781BB9B0FA80F040096C
:10963000704743FA00F000F001007047DC2400207E
:1096400018B9B1FA81F040097047084100F00100F3
:109650007047012303FA00F0C0B2FFF7D7BF000044
:109660000123034A834010781843C0B2FFF7CEBFEE
:10967000DC2400200123034A8340107820EA030001
:10968000FFF7C4BFDC2400200123034A8340107885
:109690005840C0B2FFF7BABFDC240020024B1B7851
:1096A0001843FFF7B3BF00BFDC240020024B1B7838
:1096B0001840FFF7ABBF00BFDC240020024B1B7833
:1096C0005840FFF7A3BF00BFDC240020704701F023
:1096D0000703C90830B501EB4101012401390A44EF
:1096E00000219C40E4B212F8015F20FA01F343F339
:1096F00000036B40234001315D4003291570F2D116
:1097000030BD002210B500F00704C00800EB400097
:10971000014410468B5CE34003F0010393400132A7
:109720001843032AC0B2F5D110BD000017B40C468F
:10973000C1B2C0F3072005280BD80E290FD8C0EB03
:1097400000100144074A89B2204603B010BCFFF75D
:10975000BEBF031DDBB2012B01D8034AF4E703B0FF
:1097600010BC7047B8240020B5240020C3B2C0F359
:109770000720052882B009D80E2B0ED8C0EB0010A8
:109780001844074980B202B0FFF7BBBF0430C0B233
:10979000012802D818460349F5E7002002B07047B7
:1097A000B8240020B524002073B505240C4BADF877
:1097B00004001E780B4B1B781E4346FA04F3DB07AC
:1097C00005D4013CF9D20025284602B070BDE5B2AF
:1097D0002846019900F055FE80B20128F1D0F3E748
:1097E000DC240020DD24002007B5ADF8040001983A
:1097F000FFF7DAFF019903B05DF804EB00F041BE1A
:1098000013B5104BADF804101B782BB1019802B0C2
:10981000BDE81040FFF7E8BF70B10198FFF7C4FF43
:10982000044601460198FFF781FF2046019902B0E6
:10983000BDE8104000F025BE0198FFF797FF0446F1
:10984000F3E700BFB424002010B5012404FA02F2AB
:1098500004FA01F11143CAB20140914204FA03F43F
:1098600006BF2043C0B2A04310BD000008B5134698
:109870000A46014603480078FFF7E6FFBDE80840C6
:10988000FFF7C4BEDC240020F8B50C4B0C4E1C784E
:109890000C4D3378A34200D1F8BD05EBC40335F875
:1098A00034005F889A88D98840EA074042EA01413B
:1098B0000134FFF776FE04F00704EAE7DE24002017
:1098C000DF240020E0240020064B10B418885C88B8
:1098D0009A88D98840EA044042EA014110BCFFF767
:1098E00060BE00BF20250020194AF8B593790F2BE0
:1098F0000AD8537943B1174B17491B780D7816884E
:109900005788164CAB4200D1F8BD04EBC30108796F
:10991000D0B134F83300B04216D14879A0B94888A4
:10992000C01B80B2C7280FD80120937960F30713BA
:1099300093718B7960F3071305488B71FFF7ACFDCA
:10994000BDE8F840FFF7A0BF013303F00703D9E7F4
:1099500020250020DE240020DF240020E024002039
:10996000F0B50D4B0D4C1B7826780D4CB34201D150
:109970000020F0BD04EBC3056F788F4206D114F8C8
:109980003370874202D16D79954203D1013303F0E0
:109990000703EBE70120ECE7DE240020DF240020B2
:1099A000E02400202DE9F043044685B0894D0622CD
:1099B00001466846F6F792FF2B7967792279C3B999
:1099C000002A00F0CC80002F00F0FB802046FFF73B
:1099D000D6FD002800F0F580082221462846F6F73B
:1099E0007DFF2846FFF7ACFAFFF77EFFFFF76CFF1D
:1099F000B5E0B4F802906B886E79A9EB03039BB2D3
:109A0000002E00F0AE80C72B00F28780002A00F005
:109A1000A680AB792A880F2B218851D8914211D189
:109A2000002F48D1012262F30713AB71FFF74CFFFF
:109A30002846FFF731FDAB79A3710025284605B014
:109A4000BDE8F083002F36D125783A462846617864
:109A5000FFF786FF2846FFF783FF05460028ECD175
:109A60000098FFF7C1FEC0F30332032AC3B208D83F
:109A7000012A10D910F4706F12D0A2790F2A0FD8D2
:109A8000DCE7063202F00F02012A0ED92046FFF76A
:109A900003FD3546D2E710F4706F01D0002BCDD016
:109AA0002033DBB2072BC9D9F0E7EF2BC6D90F3330
:109AB000DBB2022BF7E7AB7943F00103AB71BCE7F4
:109AC00091420AD14FB92046A371FFF7E5FC082265
:109AD00021462846F6F702FF88E72046FFF74FFDAC
:109AE00000286ED0002F6CD0AB791F2B0FD92A889D
:109AF00002A8ADF808202A79ADF80A908DF80C205C
:109B000000228DF80E308DF80D20FFF7C5FC0822DD
:109B100021463048F6F7E2FE66E7AB790F2B0ED808
:109B2000DDE90001FFF737FD2846FFF7B5FC082205
:109B300000212846F6F74CFEFFF7C6FE7DE772B11E
:109B4000298822889142C8D1002FC6D12046A3710E
:109B5000FFF7A2FC082239462846F6F739FE012510
:109B60006CE7C72B31D8002AF9D057B32A8823884D
:109B70009A421DD1AB79DA0714D40F2B12D9A371F5
:109B800003F0F003F02B06D0A379C3F303120132E4
:109B900062F30713A3712046FFF77EFC08222146DB
:109BA0000C4897E7082221460A48F6F797FED6E7C1
:109BB0002046FFF7E4FC0028A9D1AB7943F001036C
:109BC000AB712046FFF768FCC9E7DDE90001FFF74C
:109BD000E2FCACE720250020F0B585B0CDE900011E
:109BE0006846FFF7DFFE274F06469DF80420264D06
:109BF00058B11AB1DDE90001FFF7D3FC234C2878F6
:109C00003B78834224D105B0F0BD02ABDDE9000111
:109C100083E80300002AF1D038782A78441C04F045
:109C2000070494420AD01946184B082203EBC000DF
:109C3000F6F754FE3C70FFF727FEDFE7FFF774FCF2
:109C40000822314612483E702E70F6F7C1FDD5E766
:109C500004EBC000FFF7A6FE0028D4D02B7834F820
:109C6000330004EBC3035E889A88D98840EA064033
:109C700042EA0141FFF795FC2B78013303F007031B
:109C80002B70BCE7DF240020DE240020E02400202D
:109C900020250020014B1878C0087047502500206F
:109CA000024B187800F00700704700BF50250020D5
:109CB000034B187810F0070018BF0120704700BF51
:109CC00050250020014B1878704700BF7C250020EC
:109CD000024B1A7810431870704700BF7C25002093
:109CE000024A137823EA0003137070477C25002092
:109CF000014B1870704700BF7C2500200022014BEB
:109D00001A7070477C250020024B1A781043187097
:109D1000704700BF7B250020024A137823EA000326
:109D2000137070477B2500200022014B1A7070478A
:109D30007B250020704708B5FFF7FCFF08BD000039
:109D400008B5054A1378034204D023EA00001070D6
:109D5000FFF7F1FF08BD00BF51250020704708B58F
:109D6000FFF7FCFF08BD000010B505490B7830EA8D
:109D7000030403D003430B70FFF7F1FF10BD00BFD6
:109D80005225002008B5054A1378034204D023EA7F
:109D900000001070FFF7E3FF08BD00BF5225002050
:109DA00008B5044B1A781AB100201870FFF7D7FFD6
:109DB00008BD00BF5225002010B5084B1C78084B89
:109DC0001B781C43074B1B782BB11C4305F0CCF8C8
:109DD00008B1FFF7E5FF204610BD00BF7C2500203D
:109DE0007B2500205225002038B50B4C2568FFF755
:109DF000E3FF28702468082220460849F6F738FD5A
:109E000048B1214608220548F6F768FD2046BDE81E
:109E1000384005F055B838BD141000204825002002
:109E200038B50B4C2568FFF7C7FF687024682022FF
:109E300020460849F6F71CFD48B121462022054876
:109E4000F6F74CFD2046BDE8384005F041B838BD76
:109E50001010002028250020054B1B7833B1054B3E
:109E600093F90030002B01DAFFF7DABFFFF7BCBF30
:109E70003810002076440020704708B5FFF7FCFF3B
:109E800008BD0000094A10B5527852070AD5084C9F
:109E900041EAC0012170FFF7E3FB2078C008FFF71B
:109EA000ECFF10BDBDE81040FFF7DABB76440020A0
:109EB00050250020002008B5024B1870FFF7DDFF89
:109EC00008BD00BF5025002008B50A4A137823EAD0
:109ED0000000107042070CD198420AD0064B5B7804
:109EE0005B0706D5C008FFF7C5FBBDE80840FFF7D4
:109EF000E1BF08BD5025002076440020094A08B57E
:109F00005378C3F3800181420AD060F38203537017
:109F1000108800F042F8BDE808400220FFF7D4BFE7
:109F200008BD00BF76440020044B5878C0F3800081
:109F300080F0010000F00100FFF7E0BF7644002050
:109F40000120FFF7DBBF0020FFF7D8BF704708B53F
:109F5000002000F07DFDBDE808404FF6FF710020B5
:109F600000F058BD08B5002000F0EDFC4FF6E563A9
:109F7000984203D1BDE8084004F0C0BD002008BDF0
:109F8000022000F0D1BC032000F0CEBC014603202B
:109F900000F032BD042000F0D6BC0146042000F0E1
:109FA00039BD0F2000F0DEBC01460F2000F040BD9F
:109FB00008B50020FFF7F8FFFFF7C8FF08BD01460E
:109FC0000E2000F019BD000007B5002000F040FD94
:109FD0004FF6E561002000F01DFD0021022000F099
:109FE0000BFD01211D4B0320197000F005FD4FF4FE
:109FF000A051042000F00EFD0021062000F0FCFC22
:10A000000021072000F0F8FC0021082000F010FDDE
:10A010000021232000F0F0FC00210C2000F0ECFCDB
:10A0200000210D2000F0E8FC002300226846CDE965
:10A0300000231721082200F0C5FC00211F2000F09A
:10A04000F7FCFAF7D9FD002004F06FFD04F09CFD49
:10A05000FFF7AEFF03B05DF804FB00BFDD24002076
:10A06000FFF7B2BF73B505F03DF90B4D04462B88E1
:10A0700083420ED00026ADF8006005F033F9ADF84C
:10A080000460ADF8020002AB13E90300FEF738FFED
:10A090002C8002B070BD00BF7E250020014B1868E7
:10A0A00005F02CB98825002008B505F0E3F8024B2F
:10A0B0001860024B186008BD882500208425002008
:10A0C00008B505F0D7F8024B1860024B186008BDC0
:10A0D00088250020802500207047704708B5FFF7CD
:10A0E000FCFF08BD0120704708B5054800F0BEFA26
:10A0F00000F0ACFCFFF7F0FFFFF7F0FF08BD00BF7A
:10A1000065A600080120704708B5FFF7FBFF08BDF2
:10A1100008B5FBF79FFCFEF7CFFB08BD08B5FFF7BE
:10A1200021FF08B9FFF79CFFFFF72AFF084B1870C3
:10A13000FFF730FF074B188003F064FDFFF723FFA4
:10A14000FFF743FA044B1878BDE80840FFF759BA07
:10A150008C25002076440020DC24002008B505F082
:10A1600087F804F021FD03F047FB00F043FBFFF705
:10A17000D5FFFEF79EFE03F0B5F8054B1A7842F0C6
:10A1800080021A701888FFF708FFFDF719FC08BD58
:10A19000764400202DE9F04F85B0FFF7A3FF78B992
:10A1A000FFF760FF02F012FD03F07CFB08B1FFF740
:10A1B00087FF04F0FFF905B0BDE8F04FFEF78ABE57
:10A1C000DFF8C08000F02EFB46460024E0B236F8EF
:10A1D000025B00F067FA052C50D0854204F10104BF
:10A1E000F4D0294B1B789B0701D500F061FAFFF7EB
:10A1F0008BFF002701905FFA87FA504600F052FA71
:10A2000038F8026B0546B04232D000244FF0010B03
:10A210004640B6B216EA0B0F20D005EA0B09019BA7
:10A22000B9F1000918BF4FF0010993B18DF808404A
:10A230008DF809A005F056F84FF00103ADF80A00BB
:10A240008DF80C308DF80D9002AB93E80300FEF70B
:10A2500057FE4A462146504601F064FD0134E4B2FF
:10A260004FEA4B030F2C1FFA83FBD3D128F8025C73
:10A270000137062FBFD1FFF717FF93E78542B0D113
:10A280008EE700BF6A4400208C25002038B500F01E
:10A2900003F9B0F5A44F044643D2B0F5A04F80F0C7
:10A2A000AE80DF2816D8CC2800F28C80A7280AD8E8
:10A2B000A42879D8012804D0031F9BB2A12B28BF62
:10A2C0000024204638BDA0F1A8039BB21A2B71D9F7
:10A2D0000024F6E7B0F5804F19D2B0F5005F80F0AA
:10A2E000A080E728EDD9A0F580739BB2B3F5F85FA5
:10A2F000EED2C0F3072000F053F90546E0B200F0BB
:10A30000CBF82D0205F4F85540EA050450E0C0B240
:10A3100000F0C2F804F47064204340F4204084B29A
:10A32000CFE7B0F5A54F22D245F25F23984253D82C
:10A3300045F23F2398420FD845F21F23984244D854
:10A34000012300F00304C0F38502A34043EA421353
:10A3500043F40D439CB2B4E7012300F00304C0F3BF
:10A360008202A34043EA421343F40C43F2E745F26E
:10A37000BF2398420AD845F29F23984200F01F005D
:10A3800035D84AF2F40343EA00249AE7A0F5A5433E
:10A39000403B9BB21F2B9BD8040204F4F85444F4B6
:10A3A000204444F0F0048CE7A0F1240444F48044F9
:10A3B000A4B286E7234B5834E4B233F8144044F493
:10A3C00088447EE740F4A044F2E74AF2F10300F04B
:10A3D0001F0443EA042474E7012300F00304C0F3DC
:10A3E0008202A34043EA421343F40A43B2E700F077
:10A3F000D7F8040204F4F85444F4005461E700F080
:10A400001F0000F0CDF803B2C20648BF1B01C4F321
:10A4100043144FEA042448BF1BB21C4344F41044C5
:10A42000C6E7C0F3042000F0BBF80546E0B200F038
:10A4300033F82D0205F4F855054345F40055ACB248
:10A440003FE700BF6E340108CBB2C1F307210529F5
:10A4500082B005D80E2B11D81A4602B003F051BDB8
:10A46000FD2905D153B90122194602B003F056BDAA
:10A47000FC2903D113B91A461946F6E7002002B0A9
:10A48000704707B5ADF804100199FFF7DDFF03B081
:10A490005DF804EBFFF7FABEE7284FD8DF2807D8AE
:10A4A000312864D00ED8292857D02A2866D0704782
:10A4B000A0F1E003072B41D8DFE803F01540232883
:10A4C00031403C41392804D0822802D035283FD081
:10A4D0007047324B1A7892071FD15B7813F0080F40
:10A4E00018BF292070472D4A1378D9074DD45278C8
:10A4F00012F0010F22D013F0100F14BF0020E32040
:10A500007047264B1B7813F0040FF3E7234A1378A8
:10A5100059073CD45278D207EDD5E02070471F4B45
:10A520005A7891070AD51B7813F0100F14BF00203A
:10A53000E7207047194B1B781A07F5D47047174A64
:10A540001378190725D452789107EDD5E420704788
:10A55000124B1B7813F0200FC2E7104B1A789206AB
:10A5600019D45B7813F0080F18BF392070470B4BD4
:10A570001B7813F0400F18BF2A207047074B1B7839
:10A5800013F0400F18BF3120704739207047E22088
:10A590007047E62070473520D0E700BF76440020A2
:10A5A00010B52F4C21784B0713D500F01402A2F1FF
:10A5B000040C00F01803DCF1000242EB0C02A3F1E2
:10A5C000080CDCF1000343EB0C039A4218BF80F047
:10A5D0000C000B0713D500F01402A2F1140C00F0CC
:10A5E0001803DCF1000242EB0C02A3F1180CDCF1C1
:10A5F000000343EB0C039A4218BF80F00C00647810
:10A60000E30713D500F0110202F1FF3C00F018033C
:10A61000DCF1000242EB0C02A3F1080CDCF10003B8
:10A6200043EB0C039A4218BF80F00900A30711D531
:10A6300000F0110200F01803A2F111046242A3F12C
:10A64000180C6241DCF1000343EB0C039A4218BF83
:10A6500080F00900CB0648BF00F0E70010BD00BF46
:10A66000764400200020704700207047014B18609E
:10A67000704700BF1810002008B5FDF733F908BD7A
:10A68000704708B5FFF7FCFF08BD0000044B33F826
:10A69000100001238B401840003818BF012070477C
:10A6A00084440020014B33F810007047844400209C
:10A6B00070474FF4346005F067BE00BF00BF00BFB5
:10A6C00000BF00BF00BF00BF00BF00BF00BF00BF92
:10A6D00000BF00BF00BF00BF00BF00BF00BF00BF82
:10A6E00000BF00BF00BF00BF00BF704708B5FFF745
:10A6F000E0FF08BD08B5302383F31188012100F085
:10A700000F039940202220F00F0007F075FA002374
:10A7100083F3118808BD000038B50F240B4D55F8A0
:10A72000040B421C01D0FFF7E5FF013C14F0FF04CD
:10A73000F5D10624064D55F8040B431C01D0FFF754
:10A74000D9FF013C14F0FF04F5D138BDA434010851
:10A75000E03401082DE9F843DFF89080054658F809
:10A7600021300E465C1C17463ED0302282F3118801
:10A77000012223F00F0903F00F0302FA03F421462C
:10A780004846240407F038FAC9F81840002484F336
:10A790001188FFF792FF6FEA070EDFF854C0A91E79
:10A7A0000A355CF8042B31F8023F501C19D022F016
:10A7B0000F00006902F00F0220FA02F2D20710D453
:10A7C00001243B438D420B80EBD158F82600431CFB
:10A7D00001D0FFF78FFF21463046BDE8F843FFF771
:10A7E00085BF03EA0E03EDE7BDE8F883A434010852
:10A7F000E034010808B5FFF78FFF0C22002107485D
:10A80000F5F7E6FF0C2200210548F5F7E1FF0620E9
:10A8100000F038F8BDE80840FFF72EBF8444002060
:10A820007844002030B50024012585B001940294BD
:10A8300003942A46E1B201A80134FFF78BFF6D00B3
:10A840000F2CADB2F5D10C220C4801A9F6F710F887
:10A85000002814BF0124002404D00C22074801A9B9
:10A86000F6F73CF8234606220549044800F00CF8A8
:10A870000446FFF706FF204605B030BD78440020AF
:10A8800084440020704700002DE9F84307460E4637
:10A8900015461C46DFF850804BB1012388F8003084
:10A8A00004F0E8FC114B18600020BDE8F88398F82C
:10A8B0000090B9F1000FF7D00C4B186804F01EFDA2
:10A8C0000728F1D96D002A4639463046F5F7D0FF02
:10A8D00028B12A4639463046F6F700F84C460023A0
:10A8E000204688F80030E0E79425002090250020DD
:10A8F000FFF750BC08B504F07FFC05F0BDF8FFF78A
:10A90000F3FB05F0BBF8FFF729FC05F0CDF805F0E7
:10A91000D1F8FFF7EDFF05F0CFF805F087F803F069
:10A9200015FAFFF7F5FBF2E7002307B50146012210
:10A930000DF107008DF8073000F08CF89DF8070046
:10A9400003B05DF804FB002307B5014602220DF1B8
:10A950000600ADF8063000F07DF8BDF8060003B043
:10A960005DF804FB07B50422002301460DEB02004D
:10A97000019300F06FF8019803B05DF804FB07B590
:10A9800001228DF8071001460DF1070000F067F86D
:10A9900003B05DF804FB07B50222ADF806100146CE
:10A9A0000DF1060000F05BF803B05DF804FB07B59D
:10A9B0000422019101460DEB020000F050F803B0B3
:10A9C0005DF804FBF8B505461446D31D23F00703D4
:10A9D00000AFADEB030D68460E4600F03BF8224693
:10A9E00069462846F5F744FF20B1224631462846FD
:10A9F00000F035F8BD46F8BD38B50C460546FFF702
:10AA000093FFA04205D021462846BDE83840FFF715
:10AA1000B6BF38BD38B50C460546FFF794FFA042D7
:10AA200005D021462846BDE83840FFF7B4BF38BD01
:10AA300038B50C460546FFF795FFA04205D02146E4
:10AA40002846BDE83840FFF7B2BF38BD00F010B966
:10AA500000F038B80B460146184600F04DB80B46DA
:10AA60000146184600F09CB84FF4805208B500210A
:10AA70000448F5F7ADFE41F20802024B03F580539E
:10AA80001A6008BD9825002010B5054C23792BB914
:10AA900000F069F908B10120207110BD0220FCE727
:10AAA0009835002010B5064C237933B100F065F9D4
:10AAB00010B100230120237110BD0220FCE700BF6C
:10AAC0009835002038B5FFF7DFFF044618B9FFF7C7
:10AAD000E9FF204638BD00F048F90546FFF7C4FFFE
:10AAE000012C06D1FFF7DEFF00280CBF002505F082
:10AAF00001052C46EDE7000008B503460846991805
:10AB0000B1F5805F05D804491944F5F7E7FE012047
:10AB100008BD0020FCE700BF9825002000000000D1
:10AB200038B500F022F9044610B3FFF7ADFF4FF43B
:10AB3000007205461249002000F03CF9044678B145
:10AB40000DA3D3E900234FF480510D4802F01AFE03
:10AB500002460B464FF4805000F064F94400E4B222
:10AB6000012D01D1FFF79EFF41F20802054B1A604B
:10AB7000204638BDAFF3008025232284E49CF2CB2D
:10AB80009825002098350020044B1B68B3F5005F22
:10AB900001D3FFF7C5BF0120704700BF98350020E3
:10ABA0002DE9F04F8318B3F5805F04460E46154635
:10ABB00085B01DD82D4F00EB070841463046F5F70C
:10ABC00057FE00284FD02A4631464046F5F786FE0C
:10ABD000FFF75AFF834648B14FF000084FF00009D5
:10ABE00007F580574DB9FFF7CFFF24E0FFF75AFF75
:10ABF0000023184605B0BDE8F08F052DAA4628BFF2
:10AC00004FF0050AC4F3024343EACA03CDE90289BF
:10AC100052468DF808303146230A0DF10B008DF8AD
:10AC200009308DF80A40F5F759FEDDE9022338684E
:10AC300000F0F8F850B90346BBF1010FD9D10193E8
:10AC4000FFF730FF0028D3D0019BD2E73B680833E1
:10AC50003B60FFF799FF01280346EDD1A5EB0A05FC
:10AC600054445644BEE70123C3E700BF98250020A3
:10AC70007FB5FFF7F9FE00F071F828B9FFF7F4FE91
:10AC80000024204604B070BD4FF40072002030490B
:10AC900000F075F82E4EA8B32BA3D3E900234FF490
:10ACA0008051304602F06EFD05460C464FF4805050
:10ACB00002A900F07CF8DDE902239C4208BF95421E
:10ACC00001D0FFF7D1FE41F20805224C6946284623
:10ACD00000F06DF878B3DDE9003253EA020129D0C3
:10ACE00013F0C00FCDE9023205F10805D9B20CD03E
:10ACF000194B1D60FFF714FF04460028C1D1FFF770
:10AD0000B3FEBEE7FFF7B0FEB8E708041BBA00F4D5
:10AD1000E020234040EA3320CA0800EBD101B1F51E
:10AD2000805FE5D80DF10B013044F5F7D7FDB5F59F
:10AD3000005FCBD10120084B1D600028DAD0FFF75F
:10AD400023FFD9E7AFF3008025232284E49CF2CBD4
:10AD50009825002000FFFF009835002008B500F07E
:10AD6000E1F8012008BD0120704708B5002000F07F
:10AD7000DBF8B0FA80F0400908BD0120704738B513
:10AD8000D5002A460C4600F0F0F818B921462544B3
:10AD9000A94203D1B0FA80F0400938BDD1E90023BF
:10ADA000D243DB4341F8082B41F8043CF0E7012291
:10ADB000FFF7E5BF2DE9F043064688461546002714
:10ADC000C1B0202DAC4628BF4FF0200C6B466C461E
:10ADD00008EBC702674408EBC70E724511D1002487
:10ADE000644513D14FEAC4094A466946304600F02B
:10ADF000DAF8A8B92D1B4E44E3D1012041B0BDE8DB
:10AE0000F083F2E80201E4E80201E6E7D3E9001288
:10AE1000C943D24343F8081B43F8042C0134DFE74D
:10AE20000020EBE707B5CDE9002369460122FFF7D3
:10AE3000C1FF03B05DF804FB00220823114601485E
:10AE400004F0D8BA0C08004008B5FFF7F5FF30B1A0
:10AE5000062004F00FFB04F045FB002008BD4FF076
:10AE6000FF30FBE7F7B51F464BBA090C06461546FF
:10AE70008DF80400ADF806308DF80510FFF7DCFF03
:10AE8000E8B104210DEB010004F018FB044648B9B9
:10AE900045B1022E0BD0032E0ED12846B9B204F0D4
:10AEA00017FB044604F01EFB204603B0F0BD284605
:10AEB000B9B204F003FBF4E74FF0FF34F2E74FF0D0
:10AEC000FF34F1E710B5FFF7B7FF88B1052004F0B4
:10AED000D1FA04F0E1FA044604F004FB002C05DB8F
:10AEE00014F0010F0CBF00246FF00304204610BDC6
:10AEF0004FF0FF34FAE710B5044604F0BBF94FF405
:10AF00007A7303FB040404F0B5F9A04204D2FFF7FE
:10AF1000D9FF031DF7D010BD6FF00100FBE7012042
:10AF2000FFF7E9BF04F02CBA00F58033B3F5002F2A
:10AF300010B5044602D34FF0FF3010BD83B2002B92
:10AF4000F9D1FFF7ECFF0028F7D1FFF77DFF0346AB
:10AF50000028F0D102462146D820FFF783FF0028C1
:10AF6000EBD1BDE81040FFF7DABF2DE9F04107460D
:10AF70000D461646FFF7D3FF0446804638B13246E9
:10AF800000212846F5F724FC2046BDE8F081334631
:10AF90002A4639460320FFF765FF04460028F3D010
:10AFA00032464146EDE72DE9F04107468846164610
:10AFB00066B9FFF7B4FF0446B8B9FFF73DFF90B19B
:10AFC000042004F057FA04F08DFA0EE0FDB2C5F546
:10AFD0008075B54228BF3546FFF7A1FF044620B96A
:10AFE000FFF732FF20B14FF0FF342046BDE8F0817B
:10AFF0002B46424639460220FFF734FF044600281C
:10B00000F3D1A8442F44761BD2E7000030B510F4EA
:10B010007F4F85B00190C0F30725C0F307420DD1E3
:10B0200009B1274B9A5C13461446002063F30700CE
:10B0300064F30F2062F3174005B030BD9DF8044063
:10B0400009B11F4B9A5C0620FF236043591BB0FBDC
:10B05000F3F06FF05403434303EB440303EB430368
:10B06000DBB203FB05F4C3F1FF036B4324121B1295
:10B07000C4F1FF04C3F1FF03514354435343C1F3ED
:10B080000721C4F30724C3F30723062813D8DFE8F6
:10B0900000F004060B090E12040014461A4613466B
:10B0A0000A46C2E7134622460C461946F7E71C46F5
:10B0B00013460A46F9E713460A4621461C46EEE7C0
:10B0C00010350108012184B004B0FFF79FBF0128AB
:10B0D00030B501D8C0B230BDB0F5F75F88BFFF22F0
:10B0E0004FF001049EBF42090832D2B2A318591092
:10B0F000C3F34705C3F34F035B439BB2984206D2A9
:10B10000013DEAB29442F1D9013CE0B2E3E7FF2904
:10B1100002D00135ECB2F5E70846DCE7074B1888AA
:10B1200000EB402200EB820000F55850193080B24D
:10B13000188000EB1020C0B2704700BF2210002022
:10B1400041064CBFC343024610B548BFDAB20D4CAE
:10B15000C2F3011204EB420148BF03F00F03497828
:10B1600054BF00F00F030133594314F812300206A4
:10B1700003EB2113DBB244BF5B42DBB283F0800000
:10B1800010BD00BFF8340108144B84B003EB410339
:10B19000E421019093F85A30C0F307204B43C2EBEF
:10B1A00013231C33002BB8BF5B42A0EBC3031BB2BD
:10B1B00023EAE373434300201B128DF80530019B03
:10B1C000DAB262F30700C3F3072262F30F20C3F37E
:10B1D000074363F3174004B0704700BFEE0D002033
:10B1E000144B84B003EB4103E421019093F85A30EF
:10B1F000C0F307404B43C2EB13231C33002BB8BFF3
:10B200005B42A0EBC3031BB223EAE373434300207A
:10B210001B128DF80630019BDAB262F30700C3F30C
:10B22000072262F30F20C3F3074363F3174004B010
:10B23000704700BFEE0D002084B0019000208DF813
:10B240000420019BDAB262F30700C3F3072262F322
:10B250000F20C3F3074363F3174004B070470000A7
:10B2600084B0019000200B4B03EB410393F85A305C
:10B270009B1A8DF80430019BDAB262F30700C3F326
:10B28000072262F30F20C3F3074363F3174004B0B0
:10B29000704700BFEE0D002084B0019000200B4BE2
:10B2A00003EB410393F85B309B1A8DF80430019B4C
:10B2B000DAB262F30700C3F3072262F30F20C3F38D
:10B2C000074363F3174004B0704700BFEE0D002042
:10B2D00030B5134B85B02C31019003EB4104E57878
:10B2E00003EB4103A5F1200464B29B78002CBCBFA2
:10B2F000C5F120056CB29A1A2244C0B210448DF8F0
:10B3000004000020019BDAB262F30700C3F30722B6
:10B3100062F30F20C3F3074363F3174005B030BD5A
:10B32000EE0D002084B0019000209DF8102003EB6A
:10B33000430302EB53038DF80430019BDAB262F34E
:10B340000700C3F3072262F30F20C3F3074363F33D
:10B35000174004B070471FB592B2019048B2002860
:10B3600002FB02F2BCBF494248B2C0F1380000FB08
:10B37000002080B21C46FFF7AAFE00EB4000044408
:10B3800000208DF80440019BDAB262F30700C3F39A
:10B39000072262F30F20C3F3074363F3174004B09F
:10B3A00010BD000084B0019003F12C00104B03EBA2
:10B3B0004003D8789B782038703B4B4302FB003227
:10B3C00000209DF80430002AB8BF7F3203EBE2135F
:10B3D0008DF80430019BDAB262F30700C3F3072251
:10B3E00062F30F20C3F3074363F3174004B07047C1
:10B3F000EE0D002084B0019003F12C00104B03EB04
:10B400004003D8789B782038703B4B4302FB0032D6
:10B4100000209DF80430002AB8BF3F3203EBA2138E
:10B420008DF80430019BDAB262F30700C3F3072200
:10B4300062F30F20C3F3074363F3174004B0704770
:10B44000EE0D00201FB5164C2C33019004EB430485
:10B45000E378A478203B5343A4F1700252B2002A4F
:10B46000BCBFC4F1700462B2C2F1380201FB023108
:10B4700011EB410148BF7F31C0B200EBE1108DF804
:10B4800004000020019BDAB262F30700C3F3072235
:10B4900062F30F20C3F3074363F3174004B010BDFA
:10B4A000EE0D002030B50D4685B00190C4B21046B7
:10B4B000FFF746FE124901EB450191F85A3003446B
:10B4C000DBB2D90983F0800204BFC3F18003DAB292
:10B4D0000C2300205200D2B25A4304EB12248DF800
:10B4E0000440019BDAB262F30700C3F3072262F360
:10B4F0000F20C3F3074363F3174005B030BD00BF0F
:10B50000EE0D00201FB5114B019003EB410393F8A2
:10B510005A10C0B28C1AE3B2240644BF521AD3B2F6
:10B520001822534300EB23208DF804000020019BD8
:10B53000DAB262F30700C3F3072262F30F20C3F30A
:10B54000074363F3174004B010BD00BFEE0D0020A9
:10B55000C94384B00190C9B2C0F307404143002001
:10B5600009128DF80610019BDAB262F30700C3F3EB
:10B57000072262F30F20C3F3074363F3174004B0BD
:10B580007047C94384B0C1F3850101900144002094
:10B590008DF80410019BDAB262F30700C3F30722AF
:10B5A00062F30F20C3F3074363F3174004B07047FF
:10B5B00084B003EB8302BDF81030019013449BB2BA
:10B5C000FF2B28BFFF23DB43C0F30740DBB203445C
:10B5D000FF2B28BFFF2300208DF80630019BDAB235
:10B5E00062F30700C3F3072262F30F20C3F307439C
:10B5F00063F3174004B0704700291FB5B8BF494234
:10B60000002AB8BF524209B2090112B2FF294FEA1B
:10B610000212A8BFFF21FF2AA8BFFF22BDF81840D1
:10B6200009B2234412B29BB29142D4BF5B189B185B
:10B630009BB2FF2B28BFFF23DB430190DBB2C0F39B
:10B6400007400344FF2B28BFFF2300208DF806305E
:10B65000019BDAB262F30700C3F3072262F30F2003
:10B66000C3F3074363F3174004B010BD1FB5482B65
:10B670000190C0F3074030D8BDF81840E31A9BB2E0
:10B68000FF2B28BFFF23083189B2102905D902F109
:10B69000080189B2112928BFFF23DB43DBB218441C
:10B6A000002AB8BF0332FF2828BFFF208DF806000C
:10B6B00000200B49497801EBA2028DF80420019B80
:10B6C000DAB262F30700C3F3072262F30F20C3F379
:10B6D000074363F3174004B010BDFF23D3E700BF57
:10B6E0009044002084B0BDF81020C0F30741D31A65
:10B6F0009BB2FF2B28BFFF23DBB2DA43D2B2114447
:10B70000FF2928BFFF210190034400208DF8043059
:10B710008DF80610019BDAB262F30700C3F307222B
:10B7200062F30F20C3F3074363F3174004B070477D
:10B7300084B0BDF810200190D31A9BB2FF2B28BF14
:10B74000FF23DB43C0F30740DBB20344FF2B28BFDA
:10B75000FF2300208DF80630019BDAB262F3070068
:10B76000C3F3072262F30F20C3F3074363F31740C9
:10B7700004B07047024B1A7810431870704700BF2E
:10B78000A2370020012310B5044C082217210448D9
:10B790002370FFF75FF90023237010BDA23700204C
:10B7A0009044002010B5044610B9C90FC80110BD5F
:10B7B00080EAE072A2EBE07212B2002902EB010310
:10B7C0000BDB891A490191FBF3F1C1F12001C8B2E9
:10B7D000002CBCBF4042C0B2E9E75B01521A93FBA8
:10B7E000F2F3C3F16003D8B2F2E730B5C0F3072536
:10B7F00085B0EB1A01901046DCB2FFF7D3FFC0EB27
:10B80000801300EB830004440020E4B26C43241254
:10B810008DF80540019BDAB262F30700C3F30722FB
:10B8200062F30F20C3F3074363F3174005B030BD45
:10B8300030B5C0F3074585B0EB1A01901046DCB275
:10B84000FFF7B0FFC0EB801300EB8300044400203F
:10B85000E4B26C4324128DF80640019BDAB262F325
:10B860000700C3F3072262F30F20C3F3074363F318
:10B87000174005B030BD30B585B0C0F30725019045
:10B880009DF820001C1A1046FFF78CFF2C44E4B2F0
:10B89000241A0020E4B26C4324128DF80540019B69
:10B8A000DAB262F30700C3F3072262F30F20C3F397
:10B8B000074363F3174005B030BD30B585B0C0F322
:10B8C000074501909DF820001C1A1046FFF76AFFFB
:10B8D0002C44E4B2241A0020E4B26C4324128DF804
:10B8E0000640019BDAB262F30700C3F3072262F35A
:10B8F0000F20C3F3074363F3174005B030BD1FB5F6
:10B90000019010461C46FFF74DFF031900208DF8EB
:10B910000430019BDAB262F30700C3F3072262F33B
:10B920000F20C3F3074363F3174004B010BD1FB5E6
:10B9300001909DF818001C1A1046FFF733FFE4B27F
:10B94000241A00208DF80440019BDAB262F307004C
:10B95000C3F3072262F30F20C3F3074363F31740D7
:10B9600004B010BD082208B517210348FFF72AF8D4
:10B970000022024B1A7008BD90440020A23700201C
:10B9800084B004B0FFF79EBB2DE9F74FDFF8D4A0D9
:10B99000C0EB00180AEB08035B5C0746FF2B0E4662
:10B9A0002BD00025304A90444FF0000BC5EB051416
:10B9B00003F12C090AEB04010AEB4909144411F8BC
:10B9C00001EBBEF1FF0F0ED0E8B2874218D15FFA4B
:10B9D0008BF0864214D118F806002030FF2828BFCB
:10B9E000FF2008F806000BF1010BBBF10F0F04F16B
:10B9F0000104E4D10135062DD6D103B0BDE8F08FA6
:10BA00000EF12C0E0AEB4E0E9EF802C099F80200C1
:10BA10009EF803E0A0EB0C0099F803C00191ACEB99
:10BA20000E0C1FFA8CFC0CFB0CFC00FB00C080B25F
:10BA30000093FFF74CFB2828009B01990A4AD2D8B3
:10BA400094F800C0C0F1280080B2102894BF84444C
:10BA50000CF1100C1FFA8CF0FF2828BFFF2020707B
:10BA6000C1E700BFEE0D0020D0370020FFF77ABFFE
:10BA700010B5084C85232046032200F8013B0649F7
:10BA8000F4F72CFF4FF62673A380BDE81040FFF7B4
:10BA900069BF00BF90440020912901080020704731
:10BAA00070B504460E461546FFF7F8FF054BC4EB8C
:10BAB000041423449B5DFF2B1EBF2B540130C0B2E6
:10BAC00070BD00BFEE0D0020014BDB68184700BFC2
:10BAD0000035010810B4024C6468A44610BC6047ED
:10BAE0000035010837B5194B0446034493F88831F3
:10BAF000194229D0164B9A7859788DF80120DA78B6
:10BB00008DF80220FFF70AFB4FF4B47201F1B40381
:10BB1000B3FBF2F502FB15335B1A48BF03339B10EE
:10BB200000F0030003FB00118DF800100098FFF7F0
:10BB300027FFC0F30743C2B2C0F30721204603B07A
:10BB4000BDE83040FFF7C6BF03B030BDEE0D0020AA
:10BB50009044002013B5134B0446034493F88831F6
:10BB600019421CD0FFF7DAFA8DF80000FFF7D6FA79
:10BB700040F357037F338DF801300B4BDB788DF8A2
:10BB800002300098FFF7FCFEC0F30743C2B2C0F3D7
:10BB90000721204602B0BDE81040FFF79BBF02B06E
:10BBA00010BD00BFEE0D002090440020014B9B68AB
:10BBB000184700BF003501082DE9F04F534B87B0FF
:10BBC000DC78534E04EB44034FEAA30B9B0801932C
:10BBD000FF23B3FBF4F3009383785BB1002211469B
:10BBE0001046FFF7E3FF5A2200214A48F4F7F0FD20
:10BBF000002333700025484FDFF818A13B7801334C
:10BC00003B70A4EB0B030293D0464FF0000932784F
:10BC10005FFA89F31A4362D10393F4F7C1FC3F4BF7
:10BC20009842039B5BDC8AF800402946184604AA28
:10BC3000FFF736FF90B198F80020019B9DF81000A7
:10BC40009A425BD9A2EB0B030BFB03F3029A93FB23
:10BC5000F2F32246DBB21946FFF73CFF09F1010976
:10BC6000B9F1060F08F10F08D1D10135EDB20F2D52
:10BC70000AF1010AC8D13B78009A934204BF00231D
:10BC80003B7033780133DBB21C2B3DD90023244DAC
:10BC900033702E460523671E284631460F22052B9A
:10BCA00004D190F800C0644508BF077011F80FCCAC
:10BCB000013AA44524BF01F80F7C0C7012F0FF027A
:10BCC00001F1010100F10100E9D1013B13F0FF0393
:10BCD000A6F10F06E0D1002007B0BDE8F08F98F87C
:10BCE0000020002AA1D094429FD93978009881423F
:10BCF00004BF02F1FF3288F8002096E76243B2FBEE
:10BD0000FBF20023D2B2A6E73370E4E790440020B0
:10BD1000A1370020D0370020A0370020545555050A
:10BD20001B3800202DE9F04F85B0074688461546A0
:10BD3000FEF7E8F9814600284ED0002D4FD041464D
:10BD4000384602AAFFF7ACFE0446344E33781A197F
:10BD5000082A24DDC4F108039A46611C1A463144BE
:10BD6000701CF4F7BBFD04F109015246314406F1A1
:10BD70000900F4F7B3FD06EB44014FEA4A0219311A
:10BD800006F11900F4F7AAFD04F1110152463144FD
:10BD900006F11100F4F7A2FD5FFA8AF3337002AAEC
:10BDA0000192002211469646DFF870C0D0B200EB37
:10BDB000030A84425FFA8AFB13D811B11C44174B63
:10BDC0001C704DB1164B1B7803F0FC037C2B03D188
:10BDD00041463846FFF7D8FD05B0BDE8F08F2C4648
:10BDE000B3E701990F4E11F801AB0CEB0B00019179
:10BDF0000AF12C0106EB41018E78C9784670417238
:10BE00000BF10C010CEB410181F801E081F802E03B
:10BE100080F811A049460132C8E700BFA3370020CF
:10BE200090440020EE0D00200120704708B5FFF778
:10BE3000FBFF08BDC0EB4010C3B2002003F11F029E
:10BE4000D2B2972A63F30700134628BF972382B024
:10BE500063F30F2002B070472DE9F04F074689B019
:10BE600000780291FFF7E6FFDFF8CC80334BC4B2D5
:10BE70001D8898F80430ADF814005B085D43304B22
:10BE8000C0F3072BC5F3072503EB440603F5C4797C
:10BE9000E3B29B4507D8BBF1960F8CBF0020012071
:10BEA00009B0BDE8F08F19F804207B781A4240D021
:10BEB00096F85A1096F85B2070391FFA81FA0AFB3F
:10BEC0000AF0203A92B202FB020080B20392FFF71E
:10BED000FEF80095034698F801C098F8020098F81B
:10BEE00003E0039A4CEA002012B20FFA8AF1DDF85F
:10BEF00008C040EA0E40E047C0F307238DF81C005D
:10BF0000C0F307408DF81D308DF81E000798FFF72D
:10BF100037FDC0F30721C0F307438DF818008DF8F3
:10BF200019108DF81A30C2B2DBB22046C9B2FFF741
:10BF3000D1FD02360134ABE7904400209844002044
:10BF4000EE0D00200149FFF787BF00BF77B800085A
:10BF50000149FFF781BF00BFBBB800080149FFF7E7
:10BF60007BBF00BF25B300080149FFF775BF00BFC5
:10BF70002FB900082DE9F04F074685B00078FFF78C
:10BF800059FF8A46DFF8A8802A4B98F804501B888E
:10BF90006D085D43284BC4B2ADF80400C0F3072B15
:10BFA000C5F3072503EB440603F5C479E3B29B45CB
:10BFB00007D8BBF1960F8CBF0020012005B0BDE86B
:10BFC000F08F19F804207B781A422ED098F80230AE
:10BFD00098F8010098F803C096F85B2096F85A107C
:10BFE00040EA0320203A70392B4640EA0C40D04703
:10BFF000C0F307238DF80C00C0F307408DF80D3017
:10C000008DF80E000398FFF7BBFCC0F30721C0F3C7
:10C0100007438DF808008DF809108DF80A30C2B278
:10C02000DBB22046C9B2FFF755FD02360134BDE749
:10C030009044002098440020EE0D00200149FFF7B5
:10C0400099BF00BFEBB700080149FFF793BF00BFDE
:10C0500031B800080149FFF78DBF00BF57B3000892
:10C060000149FFF787BF00BFFFB800082DE9FF4770
:10C0700006460078FFF7DEFE8846244F244A3B79C7
:10C0800015889B0803FB0555DFF888A0ADF8040070
:10C09000C0F30729C5F30725C4B2E1B2894507D823
:10C0A000B9F1960F8CBF0020012004B0BDE8F087E5
:10C0B0001AF8042073781A4225D0BA787B78F87879
:10C0C00043EA022343EA00402A46C047C0F307235D
:10C0D0008DF80C00C0F307408DF80D308DF80E0080
:10C0E0000398FFF74DFCC0F30721C0F307438DF819
:10C0F00008008DF809108DF80A30C2B2DBB2204674
:10C10000C9B2FFF7E7FC0134C7E700BF9044002045
:10C1100098440020760F00200149FFF7A7BF00BF19
:10C1200089B100080149FFF7A1BF00BFE1B10008D4
:10C130000149FFF79BBF00BF39B200080149FFF773
:10C1400095BF00BF61B200080149FFF78FBF00BF74
:10C1500099B200080149FFF789BF00BFD1B20008BA
:10C160000149FFF783BF00BFA5B400080149FFF7ED
:10C170007DBF00BF05B500082DE9F04F804689B0AE
:10C180000078FFF757FEDFF8B8902E4B99F804407F
:10C190001B88A4085C43C4F30724ADF81400C6B29E
:10C1A000C0F3072504F14000C0B28A46FEF7C8FF7D
:10C1B000803843B220460393FEF7C2FFDFF888B011
:10C1C000A0F180077FB2F3B29D4206D8962D8CBFB6
:10C1D0000020012009B0BDE8F08F1BF8061098F888
:10C1E000012011422AD0009499F8022099F8010008
:10C1F00099F803C040EA022003993A4640EA0C400D
:10C20000D047C0F307238DF81C00C0F307408DF81A
:10C210001D308DF81E000798FFF7B2FBC0F3072111
:10C22000C0F307438DF818008DF819108DF81A30F7
:10C23000C2B2DBB23046C9B2FFF74CFC0136C2E7EE
:10C240009044002098440020760F00200149FFF719
:10C2500093BF00BFA5B300080149FFF78DBF00BF22
:10C26000F5B300080149FFF787BF00BF45B40008D8
:10C270002DE9F04F374D85B007460078FFF7DAFD1E
:10C280002B794FF6FF760133FF2B28BFFF2388461B
:10C29000B6FBF3F6DFF8C0B0DFF8C0A0ADF80400DD
:10C2A000C0F30729C4B2E1B2894507D8B9F1960FA6
:10C2B0008CBF0020012005B0BDE8F08F1BF80420E2
:10C2C0007B781A4234D09AF800302548013B5BB2A3
:10C2D0001A062FD5324629796B780131FF2928BFFC
:10C2E000FF215143AA78E87843EA0223C1F30F21E2
:10C2F00043EA0040C047C0F307238DF80C00C0F3A9
:10C3000007408DF80D308DF80E000398FFF738FBCD
:10C31000C0F30721C0F307438DF808008DF809101A
:10C320008DF80A30C2B2DBB22046C9B2FFF7D2FBA9
:10C330000134B8E7C25C8A420AD103F10C020AEB6D
:10C34000420292F801C092784CEA0222B242C2D371
:10C35000013BBDE790440020760F00209C44002064
:10C36000AD4400200149FFF783BF00BF51B500086D
:10C370000149FFF77DBF00BF83B500082DE9F04FED
:10C3800082468DB008780492FFF754FD8B46474BE8
:10C39000C4B21B78ADF824000393454BC0F30729C2
:10C3A00003EB440603F5C4730593E3B2994507D83C
:10C3B000B9F1960F8CBF002001200DB0BDE8F08FC1
:10C3C000059B1A5D9BF801301A4226D0574600257E
:10C3D000032238490AA8F4F781FA344B0AEB030820
:10C3E000039AFBB29A421BD8334BDB786B431B1288
:10C3F0008DF82A300A98FFF7C3FAC0F30721C0F37B
:10C4000007438DF82C008DF82D108DF82E30C2B218
:10C41000DBB22046C9B2FFF75DFB01340236C4E748
:10C4200018F8013F96F85A1096F85B20C91A98F848
:10C43000083089B2D21A92B202FB02F001FB01006D
:10C4400080B207920691FEF742FE1B4B07F10C0EDD
:10C4500093F804C0154B0CF1010CBCF1FF0F28BF81
:10C460004FF0FF0C03EB4E0E9EF801309EF802E0F9
:10C47000079A43EA0E2303FB0CFC0699CCF30F2327
:10C480008DF82A500093049D034612B20A9809B20F
:10C49000A847C0F307238DF82800C0F307408DF8A4
:10C4A00029308DF82A00C5B2013799E79C44002055
:10C4B000EE0D00209144002090440020044B0146E2
:10C4C0001B78044A013B23EAE373D8B2FFF756BF57
:10C4D0009C440020B1B500080146024A0020FFF745
:10C4E0004DBF00BFB1B50008044B01461B78044A9C
:10C4F000013B23EAE373D8B2FFF740BF9C4400201E
:10C50000F9B500080146024A0020FFF737BF00BF17
:10C51000F9B50008044B01461B78044A013B23EAA5
:10C52000E373D8B2FFF72ABF9C4400206DB6000821
:10C530000146024A0020FFF721BF00BF6DB6000888
:10C54000044B01461B78044A013B23EAE373D8B24B
:10C55000FFF714BF9C440020E5B600080146024ADC
:10C560000020FFF70BBF00BFE5B60008044B0146F3
:10C570001B78044A013B23EAE373D8B2FFF7FEBEFF
:10C580009C44002031B700080146024A0020FFF712
:10C59000F5BE00BF31B70008F7B506460078FFF7D3
:10C5A00049FC194AADF8000053789178C4B2C0F341
:10C5B0000725D07843EA012343EA0040FFF7E0F97A
:10C5C000C0F307238DF80530104FC0F307438DF8F3
:10C5D00004008DF80630E3B29D4205D8962D8CBF3D
:10C5E0000020012003B0F0BD3A5D73781A4208D0F4
:10C5F00020469DF806309DF804209DF80510FFF7B1
:10C6000069FA0134E7E700BF90440020760F00206C
:10C610002DE9FF4106460078FFF70CFCDFF8A0800B
:10C62000032208F10101ADF80000C5B2C0F30724F0
:10C6300001A8F4F753F9019898F80170FFF7A0F9F1
:10C64000C0F307238DF8093098F804308DF80800FE
:10C650001F448DF80470C0F307408DF80A0001985C
:10C66000FFF78EF9C0F307238DF80D30154FC0F397
:10C6700007438DF80C008DF80E30EBB29C4206D8C3
:10C68000962C8CBF0020012004B0BDE8F0817B5DBA
:10C690007278134211D0DB07284643BF9DF80E3055
:10C6A0009DF80C209DF80D109DF80A305CBF9DF898
:10C6B00008209DF80910FFF70DFA0135DDE700BFEE
:10C6C00090440020760F00202DE9FF4706460078B1
:10C6D000FFF7B0FBDFF88480ADF804000322C5B299
:10C6E000C0F3072408F1010102A8F4F7F7F86FF48A
:10C6F000967398F80470DFF86890BF0809EB030A96
:10C70000EBB29C4206D8962C8CBF0020012004B0CE
:10C71000BDE8F08719F8052073781A421BD01AF883
:10C72000152098F80130120902FB07338DF8083004
:10C730000298FFF725F9C0F30721C0F307438DF8EE
:10C740000C008DF80D108DF80E30C2B2DBB2284609
:10C75000C9B2FFF7BFF90135D2E700BF904400200E
:10C76000760F00202DE9FF4706460078FFF762FBB1
:10C77000DFF88080ADF804000322C5B2C0F30724BF
:10C7800008F1010102A8F4F7A9F8DFF86C9098F815
:10C790000470A9F5977ABF08EBB29C4206D8962C94
:10C7A0008CBF0020012004B0BDE8F08719F80520F7
:10C7B00073781A421BD01AF8152098F801307A4382
:10C7C00003EB52138DF808300298FFF7D9F8C0F345
:10C7D0000721C0F307438DF80C008DF80D108DF87C
:10C7E0000E30C2B2DBB22846C9B2FFF773F9013589
:10C7F000D2E700BF90440020760F00202DE9FF41D2
:10C8000006460078FFF716FBDFF89880032208F150
:10C810000101ADF80400C5B2C0F3072402A8F4F783
:10C820005DF8214B98F80370188898F80430DB08FD
:10C830005843C0F30720FEF783FCA0F18002D3B277
:10C84000120644BFC0F18000C3B25B00DBB27B4381
:10C850001B128DF80A300298FFF792F8134FC0F3BD
:10C8600007238DF80C00C0F307408DF80D308DF8CC
:10C870000E00EBB29C4206D8962C8CBF0020012003
:10C8800004B0BDE8F0817A5D73781A4208D028467A
:10C890009DF80E309DF80C209DF80D10FFF71AF949
:10C8A0000135E6E79044002098440020760F0020F0
:10C8B00073B505460078FFF7BDFAAB78ADF8040014
:10C8C000C0F30724FBB9154B154A1B7912881033A6
:10C8D000FF2B28BFFF2353430A22C3F30F23B3FBCD
:10C8E000F2F102FB11339BB23BB9FEF717FC972321
:10C8F000584369780012FFF7F5F8962C8CBF00209A
:10C90000012002B070BD9DF80460B442F5DD3046F0
:10C910006978FFF7E7F80136F7E700BF9044002099
:10C920009844002073B505460078FFF783FAAB788A
:10C93000ADF80400C0F3072403BB154B154A1B795F
:10C9400012881033FF2B28BFFF2353430522C3F364
:10C950000F23B3FBF2F202EB82029B1A9BB23BB9AC
:10C96000FEF7DCFB9723584369780012FFF7F2F8D3
:10C97000962C8CBF0020012002B070BD9DF8046091
:10C98000B442F5DD30466978FFF7E4F80136F7E7A1
:10C9900090440020984400202DE9FF41064600788D
:10C9A000FFF748FADFF8A080032208F10101ADF893
:10C9B0000400C5B2C0F3072402A8F3F78FFF234B8E
:10C9C00098F80170188898F80430DB085843C0F3D1
:10C9D0000720FEF7B5FBA0F18002D3B212064FF09C
:10C9E0000C0244BFC0F18000C3B25B00DBB2534312
:10C9F00007EB13278DF808700298FEF763FB144FBE
:10CA0000C0F307238DF80C00C0F307408DF80D30FC
:10CA10008DF80E00EBB29C4206D8962C8CBF0020FD
:10CA2000012004B0BDE8F0817A5D73781A4208D025
:10CA300028469DF80E309DF80C209DF80D10FFF74C
:10CA400049F80135E6E700BF9044002098440020F3
:10CA5000760F00202DE9F04F074687B00078FFF7EA
:10CA6000E9F9C3B20193BB78ADF80C00C0F3072419
:10CA70004BB1002211461046FFF798F85A220021C8
:10CA80003E48F3F7A5FE3B786BB93D4D288802F090
:10CA90002EFC18288CBF012200223A4B1A7002D9B2
:10CAA00002F020FC28800026B0464FF00F0B364BDA
:10CAB00006EB030A314B06EB03091AF8013B019A16
:10CAC00093420CD3A3420AD22F4A134493F88821ED
:10CAD0007B781A4218D108F101085FFA88F80BF147
:10CAE000FF3313F0FF0B09F10109E6D14B2E04D0FF
:10CAF000B8F11E0F06F10F06D7D9962C8CBF002077
:10CB0000012007B0BDE8F08F99F800501F4AA5F149
:10CB1000550323EAE373C3F1AA038DF81030937829
:10CB2000D2788DF8113005F1AA03FF2B28BFFF231F
:10CB300003EB43030233DBB253431B128DF8123075
:10CB40000498FEF71DFFC0F30721C0F307438DF8DB
:10CB500014008DF815108DF81630C2B2DBB21AF839
:10CB6000010CC9B2FEF7B6FF064B1B78002BB2D002
:10CB7000013D25EAE57589F80050ACE7D037002083
:10CB80002C3800202A380020EE0D00209044002090
:10CB900013B50078FFF74EF9C0F307242146C0B261
:10CBA000F7F7F6FE962C8CBF0020012002B010BDD6
:10CBB00007B500780138C0B2FFF73CF9C0F3072190
:10CBC000C0B2FBF73FFC03B05DF804FB2DE9F04F6A
:10CBD000964C8FB0206802F091FB054602F04AFBAC
:10CBE00020600024924EA44696F800E0C5F57F47E9
:10CBF0007146FF37E3B29E4517D8BCF1000F00D055
:10CC000031708C4D8C4C2B7813F0030218BF9B08AD
:10CC1000019218BF01932378032B00F22483DFE8ED
:10CC200013F01C0029002E033A0304F10C0206EB5A
:10CC30004202537892F80280013443EA08239F426B
:10CC400029BF5B1901F1FF315370C3F307233ABFCA
:10CC50004FF0010CC9B29370CCE70022774B7449B6
:10CC60001A70774B292218607648F3F737FE0123B4
:10CC70002370F8E2744B019A1B78934246D1734AB1
:10CC80002B78127803F003039B1A18BF01236B4E15
:10CC90007278B3706B799A4205D000221146104623
:10CCA0007370FEF783FF019A2D2A38D8DFE812F05F
:10CCB0003000390056005A005E00620066006A00CB
:10CCC0006E00720076007A007E00820086008A0084
:10CCD0008E00920096009A009E00A200A600AA0074
:10CCE000AE00B200B600BA00D0002901E6019D02F4
:10CCF000A102A502A902AD02B102B502B902BD02AC
:10CD0000C102C502C902CD02D102D5020123BEE78C
:10CD1000B37823B1002211461046FEF747FF0020EA
:10CD200002E04648FFF738FC444B1A7801321A708B
:10CD3000002840F09B8202213F4A9B781170002B13
:10CD400040F0B682019B002B00F08B82FFF76EF85B
:10CD50003A480FB0BDE8F04FFFF72ABF3748FFF75A
:10CD600057FCE1E73548FFF7AFFCDDE73348FFF755
:10CD7000F9FCD9E73148FFF741FDD5E72F48FFF728
:10CD8000CBF9D1E72D48FFF7CDF9CDE72B48FFF7D9
:10CD900055F9C9E72948FFF757F9C5E72748FFF7CD
:10CDA000D1F8C1E72548FFF7D3F8BDE72348FFF7DF
:10CDB000BFF9B9E72148FFF7C1F9B5E71F48FFF709
:10CDC000C3F9B1E71D48FFF7C5F9ADE71B48FFF709
:10CDD000C5F8A9E71948FFF73DF9A5E71748FFF798
:10CDE0003FF9A1E71548FFF7BFF89DE71348FFF7A4
:10CDF0002DFA99E71148FFF72FFA95E70F48FFF74B
:10CE000031FA91E70D48FFF753FD8DE70B48FFF727
:10CE100089FD89E70948FFF7BFFD85E70748FFF768
:10CE20009FF981E70548FFF7A1F97DE7CC3700209E
:10CE3000A3370020904400201C1000201D1000206B
:10CE4000984400209C440020201000202110002045
:10CE50003078FEF7EFFFDFF80882824FD8F8002025
:10CE60003B68ADF82C009A42C0F3072437D9FEF78F
:10CE700055F9972358437C4B4FEA202903EB202395
:10CE800093F8882173781A4229D0FEF747F9820770
:10CE90002AD50023ADF830308DF832300C98FEF7EB
:10CEA0006FFDC0F30721C0F30743C2B28DF8340011
:10CEB0008DF835108DF836304846DBB2C9B2FEF732
:10CEC00009FE2B794FF4FA721033FF2B28BFFF2392
:10CED0001B09B2FBF3F3D8F8002013443B60962CF7
:10CEE0008CBF002001201FE7FEF718F98DF83000F5
:10CEF000FEF714F940F357007F30EB788DF83100DE
:10CF0000CAE7DFF86891DFF858A1D9F80020DAF80D
:10CF100000309A423FF603AFB378554FBBBB307831
:10CF2000FEF788FFADF83000C0F30724C0B200EB75
:10CF30004008DFF840B1B844C3B29C425FD8962C99
:10CF4000CDD94D4904EB4402033AC81EF3F79CFBCC
:10CF5000FEF7E4F804F1FF3810F0020F4FEA48063C
:10CF600060D000234644BA19BB55537093702B7997
:10CF700040F6B8321033FF2B28BFFF231B09B2FB4A
:10CF8000F3F3DAF800201344C9F80030A7E70022D1
:10CF9000002411461046FEF709FEB846A346FEF7E8
:10CFA000BDF883070BD588F800B088F801B088F881
:10CFB00002B00134972C08F10308F0D1AFE7FEF777
:10CFC000ADF88DF83400FEF7A9F8EB7840F3570080
:10CFD0007F3004EB44028DF836308DF83500BB18F5
:10CFE0000D9803920293FEF76DF8039A029BB854D2
:10CFF000C0F30722C0F307405A709870D9E71BF8B6
:10D00000002073781A4209D098F8023098F800206E
:10D0100098F801100290FEF75DFD029808F10308F0
:10D02000013089E7FEF77AF88DF83400FEF776F8DC
:10D03000EB7840F357007F308DF836308DF83500AF
:10D040000D98FEF73FF84644B85507EB0608C0F3C5
:10D050000723C0F3074088F8013088F8020086E70C
:10D06000984400209C370020EE0D002098370020C7
:10D07000D0350020760F0020D3350020B37823B1BF
:10D08000002211461046FEF791FD3078FEF7D2FEE1
:10D09000C0F307230893884BADF830001A68874B1C
:10D0A0001B689A4240F29880AA786B78E87843EA45
:10D0B000022343EA0040FEF763FC814DC0F30722E0
:10D0C000AB46C0F307438DF835208DF83630C1B23A
:10D0D000D2B2DBB27B4FDFF8F0918DF834000391D0
:10D0E00004920593AA46B84600260F35CDF818A03D
:10D0F000079518F8014B002C71D003A91AC90293A7
:10D10000069B13F8010B06930BEB000393F88821A1
:10D1100099F801301A4205D02346029A0991FEF788
:10D12000D9FC0999079B13F8010D07930BEB00033A
:10D1300093F8882199F801301A4203D02346029AC5
:10D14000FEF7C8FC013698F80030F6B2062E08F853
:10D15000013CCED1BC79002C44D0059C039EDDF867
:10D1600010809AF806000BEB000393F8882199F8D9
:10D1700001301A4204D0234642463146FEF7AAFC4B
:10D180009AF808000BEB000393F8882199F8013016
:10D190001A4204D0234642463146FEF79BFCFDF777
:10D1A000BDFF00F00300B0FA80F0484B40099D42FB
:10D1B000B87107F1070795D1454B40F6B8321B7996
:10D1C0001033FF2B28BFFF231B09B2FBF3F33A4AAE
:10D1D00012681344394A1360089B962B80E6214657
:10D1E00002948DE72646A046BBE73748FFF732FC9E
:10D1F0009AE53548FEF7E0FC91E53348FFF7B2F8D1
:10D2000092E53148FFF7B4F88EE52F48FFF756F95D
:10D210008AE52D48FFF760F986E52B48FFF764F9AA
:10D2200082E52948FFF76EF97EE52748FFF772F996
:10D230007AE52548FFF77CF976E52348FFF780F982
:10D2400072E52148FFF78AF96EE51F48FFF78EF96E
:10D250006AE51D48FFF798F966E51B48FFF798FC5B
:10D2600062E5032313700FB0BDE8F08F019B002B24
:10D27000F9D0184B1B78022B7FF46AAD66E5019A52
:10D28000154B1A702B78154AC3F301031370FEF780
:10D290001BFC0323ECE4124B1B780BB1FEF762FB83
:10D2A000054B186802F02AF80F28DCD90023DFE4C8
:10D2B000019B002BD7D049E598440020CC350020B5
:10D2C000EE0D0020A03500201D100020480E00208B
:10D2D000904400201C10002020100020211000206D
:10D2E000A237002010B500240D4B1B6898470D484D
:10D2F0001022FF2100F8194BF3F76AFA0A481022AE
:10D30000FF2100F8194BF3F763FAFEF73BFA074BDE
:10D310001B78032B03D8BDE81040FEF7A9BB10BD56
:10D32000003501089C440020A337002090440020D1
:10D3300070470000044A137883F001031370002241
:10D34000024B1A70FEF716BA904400201C10002001
:10D350000020FFF7EFBF0120FFF7ECBF064A13786C
:10D3600013F0030304BF05490B700121137861F327
:10D3700001031370704700BF904400201C10002070
:10D38000054B1A7892071EBF0021044A11701A78C3
:10D3900022F003021A707047904400201C100020F5
:10D3A000024B187800F00300704700BF9044002043
:10D3B0000C4A034608461178890711D063B12D2B1A
:10D3C0000CD803F03F03117863F38701117000223A
:10D3D000054B1A70FEF7CEB90123F4E72D23F2E7CF
:10D3E000704700BF904400201C1000200021FFF770
:10D3F000DFBF0121FFF7DCBF014B187880087047C1
:10D4000090440020054B01461B789B0801332E2BCE
:10D4100034BF18460120FFF7CBBF00BF9044002067
:10D420000120FFF7EFBF0000064B01461B78C3F356
:10D430008503013B13F0FF0314BF18462D20FFF7AF
:10D44000B7BF00BF904400200120FFF7EDBF0000F0
:10D4500030B4084C0546184623789B0708D0A02A0C
:10D4600028BFA0226570A170E27030BCFEF782B9BF
:10D4700030BC7047904400200023FFF7E9BF012330
:10D48000FFF7E6BF07B50322094901A8F3F726FA1B
:10D4900000209DF8043063F307009DF8053063F326
:10D4A0000F209DF8063063F3174003B05DF804FBCE
:10D4B00091440020014B5878704700BF90440020F1
:10D4C000014B9878704700BF90440020014BD878FA
:10D4D000704700BF90440020034903464878CA784B
:10D4E00008308978FFF7B4BF904400200120FFF78F
:10D4F000F3BF0000054910B44C780346083CCA78D5
:10D50000A0B2897810BCFFF7A3BF00BF90440020F1
:10D510000120FFF7EFBF000010B4064C0346A178CE
:10D52000E2781031FF2928BFFF216078C9B210BC12
:10D53000FFF78EBF904400200120FFF7EDBF0000F1
:10D5400010B4064C0346A178E278103921EAE17163
:10D550006078C9B210BCFFF77BBF00BF90440020C9
:10D560000120FFF7EDBF000010B4064C0346E2783F
:10D57000A1782032FF2A28BFFF226078D2B210BCE7
:10D58000FFF766BF904400200120FFF7EDBF0000C9
:10D5900010B4064C0346E278A178203A22EAE272FF
:10D5A0006078D2B210BCFFF753BF00BF9044002098
:10D5B0000120FFF7EDBF0000024B18710020FEF7BD
:10D5C000D9B800BF90440020024B18710120FEF72B
:10D5D000D1B800BF90440020014B1879704700BFBC
:10D5E00090440020044A13792833FF2B28BFFF23DF
:10D5F0001371FEF7BFB800BF904400200120FFF771
:10D60000F1BF0000034A1379283B23EAE373137147
:10D61000FEF7B0B8904400200120FFF7F3BF0000F0
:10D62000024B58710020FEF7A5B800BF90440020BF
:10D63000F0B50C4D00EB4007EE1996F801C0440020
:10D640008C4505D1EF5D974202D1B6789E4207D056
:10D6500001272044044E2C18377061702A54A3709F
:10D66000F0BD00BFC54400202E38002070B5134621
:10D6700005460E4600242046324629460134FFF76F
:10D68000D7FF972CF7D170BD08B500F02BFA002218
:10D69000014B1A7008BD00BF2E38002010B5054C94
:10D6A00023782BB19721044800F036FA0023237029
:10D6B00010BD00BF2E380020C544002000B1104727
:10D6C0000847000038B54D790446002D43D1FCF7DA
:10D6D000F9FAA4F5F043203B00F02200142B3AD8CD
:10D6E000DFE803F00B0F14171A1D202326292C2F17
:10D6F0003335370D0D0D0D0D0D00FFF72CFE2846AF
:10D7000038BD164A1649FFF7D9FFF8E7144A1349FE
:10D71000F9E7144A1449F6E7134A1249F3E7134AA2
:10D720001349F0E7124A1149EDE7124A1249EAE7B4
:10D73000114A1049E7E7114A1149E4E7104A0F4935
:10D74000E1E70120FFF755FED9E70520FAE70D20B4
:10D75000F8E71220F6E70125D1E700BF49D4000819
:10D7600021D4000811D50008EDD4000861D50008C7
:10D7700039D50008B1D5000889D5000819D60008A8
:10D78000FDD500082DE9F0414FF0120C4618054672
:10D79000194610460027B54201D3BDE8F08115F8BF
:10D7A000013B83EA0002A2FB0C830CFB013348011E
:10D7B000540114EB080440EAD26043EB00034FEA43
:10D7C000C218A4184FEAC11041EB03034FEA022E1E
:10D7D00040EA526014EB08044FEA012143EB0003D6
:10D7E00041EA126114EB0E0443EB01030EEB03015B
:10D7F0003819D0E7FCF786BC08B508220021034899
:10D80000F2F7E6FFBDE8084000F004B93038002028
:10D810008378C078013303F003031B1A5842584140
:10D82000704710B50446FFF7F3FF78B9A37801F00D
:10D830007F01E01841EAC21202710120013303F0B6
:10D840000303A37023780133237010BD0020FCE78D
:10D8500010B5C37884789C4211D003441B79C3F37C
:10D86000C014C3F306030B701470C378013303F0C4
:10D870000303C370437801334370012010BD0020BF
:10D88000FCE700000A4601460148FFF7CABF00BF97
:10D89000303800200A4601460148FFF7D9BF00BFD3
:10D8A000303800202DE9F0412D4B86B01A7832B186
:10D8B00000221A702B4B9A78DA701A785A7000F09E
:10D8C000E3F8FFF797FF044600283CD00024FC262D
:10D8D00030E09DF806409DF807808DF81040B8F1C3
:10D8E000000F34D0FD2302278DF8113001F0FAFC2F
:10D8F0000123ADF812008DF815308DF8147006ABC9
:10D9000013E90300FBF7FCFA8DF80840B8F1000FAB
:10D9100023D0FD238DF8093001F0E4FC0023ADF89D
:10D920000A008DF80C708DF80D30DDE90201FBF76F
:10D93000E7FA2C460DF107010DF10600FFF7AAFFEB
:10D9400005460028C5D1204606B0BDE8F0818DF817
:10D950001160032701F0C6FCCAE78DF80960DBE718
:10D960002F380020303800204FF4165002F00CBD44
:10D97000012301F1804101F2064101F00F01202253
:10D98000024803FA01F104F037B900BF0004004077
:10D99000054B01F18041186901F2064101F00F01C8
:10D9A000C84000F0010070470004004070470000CC
:10D9B0002DE9F0410025154F3B78ECB2A3420CD87D
:10D9C000FFF7D2FF0026DFF848803B78F5B2AB4284
:10D9D0000DD8FFF7EBFFBDE8F08100212046FFF7EF
:10D9E000C7FF01212046FFF7C3FF0135E4E700210F
:10D9F0002846FFF7CDFF012104462846FFF7C8FF60
:10DA000044EA400408F805400136DEE738380020D3
:10DA10003A3800200122024B1A70FFF7C9BF00BF3D
:10DA20003838002038B541EA4203144ADBB2115CB1
:10DA3000044601F00305AB421FD043EA8103DBB289
:10DA40000F4D13540F4A03F00F03D35C2A5C1344A9
:10DA50005BB2012B2B5402DD0021FFF713FF2B5784
:10DA6000013303DA01212046FFF70CFF2B57002B6F
:10DA700003F00103B8BF5B422B5538BD3A38002094
:10DA80003938002010360108F8B500250A4F3B78D8
:10DA9000ECB2A34200D8F8BD00212046FFF778FF82
:10DAA000012106462046FFF773FF31460246204615
:10DAB000FFF7B8FF0135EAE738380020C1F103016C
:10DAC000490040FA01F3022213F0010F14BF0E23A4
:10DAD00008238A4002421ABFA3F12000C0B243F0DB
:10DAE0008000704708B540F282224FF40041074899
:10DAF00004F082F8064803F013FB0649044803F0DB
:10DB000099FABDE80840024803F0B0BA00040040AA
:10DB100020490020203601082DE9F04F05460E4629
:10DB200000244FF00C08274F85B0E3B2B34208D36E
:10DB30004FF4F161234A244805B0BDE8F04F03F0EB
:10DB4000B0BA4FF0000A03EB43016A1808FB03F96F
:10DB5000695C0291517892780391019209F1030274
:10DB600002EB070B51460298FFF7A8FF0AF1010AE2
:10DB7000BAF1040F0BF8010FF4D14FF0000B09F1CB
:10DB8000070207EB020A59460398FFF797FF0BF1CC
:10DB9000010BBBF1040F0AF8010FF4D14FF0000B99
:10DBA00009F10B0307EB030A59460198FFF786FFBB
:10DBB0000BF1010BBBF1040F0AF8010FF4D1013492
:10DBC000B3E700BF3B38002020490020FCF7BFB975
:10DBD00008B50420FCF766FDC0F3C00008BD08B519
:10DBE000FCF720FE4FF4C86002F055FDFCF71AFE6A
:10DBF000FFF7EEFF28B1FFF7E9FFBDE8084001F0AD
:10DC000095BB08BD08B5FFF7EAFF08BD2DE9F8434D
:10DC10009046994610B90020BDE8F8830029FAD053
:10DC2000002AF8D0002BF6D0054600232F783FBB02
:10DC3000164E3278541CE4B23470BCB100234FEA63
:10DC4000031C10F80CC0A44510D001338B42F6D150
:10DC500007B1347033782B7001F00CFB089B404403
:10DC60006860C5F808903078EB60D5E7631CA24285
:10DC70004FF00107DBB201D13370CCE71C46DCE783
:10DC800001338B4205F11005D0D1C4E74840002094
:10DC9000034610B510468BB191B14AB100221C78F1
:10DCA000844206D1002201201A705A609A60DA601C
:10DCB00010BD01328A4203F11003F0D10020F7E7D2
:10DCC0000846F5E72DE9F041154604460E4601F0F9
:10DCD000D1FA2B680746C31A002B03DD2860002504
:10DCE000B54201D1BDE8F08194F80080B8F1000F91
:10DCF0000DD06068C31B002B09DCA368E16898475E
:10DD00002378434503D128B1636803446360013538
:10DD10001034E5E720706060A060E060F7E7000085
:10DD200007B50B460092082102460348FFF76EFF35
:10DD300003B05DF804FB00BFC43F00200246082189
:10DD40000148FFF7A5BF00BFC43F00200821024AD9
:10DD50000248FFF7B7BF00BF44400020C43F002087
:10DD6000062070471E23520003FB0122B42303FB4D
:10DD7000002000F216307047052838B510D8052964
:10DD80000ED80E2A0CD8FFF7EDFF0546FCF7CCFDA8
:10DD90000402681CFCF7C8FDA4B2204380B238BD61
:10DDA0000020FCE7052870B51C460FD805290DD8C2
:10DDB0000E2A0BD8FFF7D6FF0546210AFCF71CFEFA
:10DDC000E1B2681CBDE87040FCF716BE70BD0528C6
:10DDD00070B5164616D8A9B9800000F24E7482F0CC
:10DDE000010004EB4000FCF79FFD002E4FEA0025E8
:10DDF0000CBF032001202044FCF796FDADB2284360
:10DE000080B270BD0020FCE7052870B516461D469F
:10DE100014D899B9800000F24E7482F0010004EB2E
:10DE20004000190AFCF7E8FD002E0CBF032001207A
:10DE3000E9B22044BDE87040FCF7DEBD70BD2DE9BD
:10DE4000F84300250026ECB212E05FFA87F94A4653
:10DE500041462046FAF78CFE013703464A464146C2
:10DE60002046FFF79FFF0F2FEFD10136062E03D07C
:10DE700000275FFA86F8E8E7012200212046FAF73A
:10DE80008BFE0122034600212046FFF7BDFF002242
:10DE900020461146FAF780FE00220346114620462E
:10DEA0000135FFF7B1FF062DCCD1BDE8F88370B581
:10DEB000144600F216355618B44200D170BDA5F2D2
:10DEC0001633B3F5876F06DA2846FCF72DFD04F804
:10DED000010B0135F0E70020F9E770B5144600F2B8
:10DEE00016355618B44200D170BDA5F21633B3F5FD
:10DEF000876F03DA28462178FCF77EFD013401356F
:10DF0000F0E7052810B406D8052904D80E2A02D84F
:10DF100010BCFFF731BF002010BC7047052802D8A5
:10DF200009B9FFF754BF002070472020704740F622
:10DF30009A007047F8B51446054640F699075618FA
:10DF4000B44200D1F8BDBD4207DC05F26670FCF7B3
:10DF5000EBFC04F8010B0135F2E70020F9E7F8B516
:10DF60001446054640F699075618B44200D1F8BD4C
:10DF7000BD4204DC217805F26670FCF73DFD0134FA
:10DF80000135F2E710B540F26674204600210134F5
:10DF9000FCF732FDB4F5805FF7D110BD1F282DE9E5
:10DFA000F341054655D840F6FF70FCF7BDFC00284C
:10DFB0004FD140F266744DBB6F46009501952046E7
:10DFC000FCF7B2FC04F101088DF800008DF8015057
:10DFD00000283ED0012813D14046FCF7A5FCA61C22
:10DFE0008DF80100A8B3431E022B1BD83046FCF766
:10DFF0009BFC04F103088DF8020050B38DF8035028
:10E000000021384600F032FC4446D8E7B4F5805F82
:10E010001FD02046FCF788FC01340028F6D1013DD2
:10E02000EDB2C8E704280FD102243046FCF77CFC8F
:10E030000136385568B17C2808D104F108030DEB8E
:10E040000304002304F8073CB046D9E70134072C49
:10E05000EBD102B0BDE8F08147F61643984210B507
:10E060000C461BD1FBF72EFE62790D4B72B100F00E
:10E07000AA00002813BF01220022292035201A708F
:10E0800001F008F8FBF7E8FE002010BD1B78002B1C
:10E090000CBF2920352001F017F8F3E70120F4E741
:10E0A0004940002038B505464879002800F0DC805A
:10E0B000A5F5E045ABB2222B00F2BB80FBF76AFF6F
:10E0C0006A4C013D2080212D12D8DFE805F04DBDBE
:10E0D000551B1F59235D692FB5336D3771973B75FC
:10E0E0009F417B8327612B65477F8EA9B31651C55E
:10E0F000237843F00103237095E0637843F008032D
:10E10000637090E0237843F00203F4E7237843F050
:10E110000403F0E7237843F00803ECE7637843F067
:10E120000103EDE7637843F00203E9E7237843F066
:10E130001003E0E7237843F02003DCE7237843F083
:10E140004003D8E7FBF7F0F9237843F08003D2E7E8
:10E15000237823F00C0343F00C03CCE7637823F01F
:10E16000030343F00303CBE7237823F00103C2E763
:10E17000637823F00803C3E7237823F00203BAE7A8
:10E18000237823F00403B6E7237823F00803B2E7EB
:10E19000637823F00103B3E7637823F00203AFE76A
:10E1A000237823F01003A6E7237823F02003A2E7C7
:10E1B000237823F040039EE7FBF7B6F9237823F09A
:10E1C000800398E7237823F00C0394E7637823F027
:10E1D000030395E72378C3F3800282F00102D2B2F1
:10E1E00062F3820362F3C30385E76378DA4302F0E4
:10E1F000010262F3000362F3410381E72378C3F372
:10E20000801282F0010262F3861374E7FBF78CF947
:10E210002378C3F3C01282F0010262F3C7136AE7E6
:10E220000120FBF7CCFE2088FBF7B7FEFBF77CF95B
:10E23000002038BD0020F4E72378C3F3001282F0F9
:10E24000010262F3041356E72378C3F3000282F05D
:10E25000010262F300034EE76378C3F3C00282F069
:10E26000010262F3C3034BE70120E2E7764400209A
:10E2700000EB4003C3EB031300EB830083B200B257
:10E28000002807DA803800B20028B8BFFF3000123B
:10E2900040B2704703F18000C0F30720F8E70000A8
:10E2A000164B1B78D90707D5154B187840007F28E7
:10E2B0001FD800B3C0B270479A0703D5104B187827
:10E2C0008000F4E75B0703D50D4B1878C000EEE73C
:10E2D0000C4B1B785BB10C4A0949127808789342C1
:10E2E000F4D25843C000B0FBF2F080B2DFE7082060
:10E2F000E0E77F2070470120704700BF50400020BA
:10E30000291000204F40002028100020144B1B78BB
:10E31000D90705D5134B18788008F0B1C0B2704703
:10E320009A0703D50F4B18784008F6E75B0705D529
:10E330000C4B18787F28F0D97F2070470A4B1B7848
:10E340004BB10A4A07491278087893423CBF5843B8
:10E35000B0FBF2F0EEE70120E0E70120704700BFDC
:10E3600050400020251000204E40002024100020A6
:10E3700008B5A0F1CD03122B10D8DFE803F00A1086
:10E3800013192E2E2E2E2E2E2E2E1C21252B363CF2
:10E390004100FFF785FF40421C4BD87008BDFFF7D6
:10E3A0007FFFF9E7FFF77CFF4042184B9870F5E7D5
:10E3B000FFF776FFF9E7FFF7A9FF144B1871EDE7B8
:10E3C000FFF7A4FF4042F8E7FFF7A0FF40420F4BE2
:10E3D0005871E3E7FFF79AFFF9E701230B4AD138B9
:10E3E000517883400B435370D8E7094A137843F0C0
:10E3F00001031370D2E7064A137843F00203F8E7EB
:10E40000034A137843F00403F3E700BF51400020B0
:10E4100050400020414BCD2893F9032012D1002A0F
:10E4200001DA0022DA70D9789A780A4351B20AB92F
:10E430003B4A11701A795B7913435AB20BB9394BC5
:10E440001A707047CE2802D1002AEADCEBE7CF2809
:10E4500093F9022004D1002AE5DA00229A70E2E75B
:10E46000D02802D1002AF8DCDDE7D92893F904206E
:10E4700004D1002AD7DD00221A71D4E7DA2802D1AC
:10E48000002AD0DAF7E7DB2893F9052004D1002A27
:10E49000C9DA00225A71C6E7DC2802D1002AF8DC6A
:10E4A000C1E7D1380E28BED801A252F820F000BF33
:10E4B000EDE40008EDE40008EDE40008EDE40008F8
:10E4C000EDE40008EDE40008EDE40008EDE40008E8
:10E4D00027E4000827E4000827E4000827E40008F0
:10E4E000FBE4000807E5000811E5000801215A785F
:10E4F000814022EA01025A7095E70B490A7822F01E
:10E5000001020A708FE708490A7822F00202F8E750
:10E5100005490A7822F00402F3E700BF51400020C9
:10E520004F4000204E4000205040002008B500F031
:10E53000D9FE094B9A78D9780A431CBF074A108044
:10E540001A795B791A431CBF054B18800248BDE855
:10E55000084000F0C7BC00BF514000204C400020E4
:10E560004A400020062208B500210548F2F730F99C
:10E570000023044A1370044A1370044A137008BD40
:10E58000514000204F4000204E40002050400020CD
:10E5900090F902305BB990F9033043B990F9043037
:10E5A0002BB990F90500003818BF012070470120F1
:10E5B0007047000037B5514C062221466846F2F7F5
:10E5C0008DF900239DF80320A370E370237163711C
:10E5D0009DF8023013430AD0494B188800F087FE9B
:10E5E00048490B783BB3484A127890422CDC9DF89E
:10E5F00004309DF8052013430BD0444B188800F0DD
:10E6000076FE43490B78002B46D0424A127890425E
:10E610004BDC6946394800F08DFD18B93748FFF7E3
:10E62000B7FF08B1FFF782FF062269463348F2F7C9
:10E6300055F903B030BD0A25374A12786A43904233
:10E64000D5DD01330B7001E0FF2BFAD19DF90250AB
:10E650003DB1FFF725FE002DD4BFFF230123584312
:10E66000A0709DF903503DB1FFF71AFE002DD4BFF5
:10E67000FF2301235843E07094F902000028B6D02C
:10E6800094F90320002AB2D0FFF7F2FDA0701046E3
:10E69000FFF7EEFDE070AAE70A25204A12786A43E8
:10E6A0009042B6DD01330B7001E0FF2BFAD19DF9EA
:10E6B00004503DB1FFF72AFE002DD4BFFF230123F4
:10E6C000584320719DF905503DB1FFF71FFE002D05
:10E6D000D4BFFF2301235843607194F9040000283C
:10E6E00097D094F90520002A93D0FFF7C1FD20713F
:10E6F0001046FFF7BDFD60718BE700BF5140002061
:10E700004C4000204F4000202A1000204A400020AA
:10E710004E400020261000202B1000202710002043
:10E720004D4B2DE9F0410C464C49C2081F5C4C4B47
:10E730008E5C4C499B5C00F0070011F8028003419D
:10E74000064148FA00F813F0010506F0010608F04A
:10E75000010812D0E120FAF705FC002C6ED040F23F
:10E76000E7300021DFF800C14FF47A720023E4FBA8
:10E770000C01F1F73BFD01F08EFF96B1E620FAF7B0
:10E78000F1FB002C5CD040F2E7300021DFF8D8C06C
:10E790004FF47A720023E4FB0C01F1F727FD01F03E
:10E7A0007AFF21463846FAF75FFC002C4AD040F247
:10E7B000E73000212C4F4FF47A720023E4FB07016D
:10E7C000F1F714FD01F067FF86B1E620FAF712FCBD
:10E7D000D4B340F2E7300021234E4FF47A72002385
:10E7E000E4FB0601F1F702FD01F055FF85B1E120E0
:10E7F000FAF700FC54B340F2E73000211A4D4FF411
:10E800007A720023E4FB0501F1F7F0FC01F043FF0D
:10E81000B8F1000F1ED02C20FAF742FCC4B140F230
:10E82000E7300021104D4FF47A720023E4FB05011C
:10E83000F1F7DCFCBDE8F04101F02DBF01209AE7C3
:10E840000120ACE70120BDE70120CDE70120DDE795
:10E850000120EFE7BDE8F08134360108C436010835
:10E86000D4360108B4360108A0860100F8B50D467B
:10E870000446002140F2E730294E4FF47A7200231B
:10E88000E5FB0601F1F7B2FC07462078002846D0E8
:10E89000012840D16378013B032B03D8DFE803F064
:10E8A000090F14190134A5B3384601F0F4FE013400
:10E8B000EBE7A078A61CFAF7F3FB3446F3E7A07861
:10E8C000A61CFAF74FFBF8E7A078A61CFAF792FB14
:10E8D000F3E700260A2014F8023F124AD15C11F037
:10E8E00004010ED19EB140F2E730DFF834C04FF49E
:10E8F0007A720023C6FB0C01F1F778FC01F0CBFE25
:10E90000D1E7303B00FB063614F8013FE6E7012073
:10E91000F4E70120C9E72946FFF702FFC7E7F8BD82
:10E92000A086010095290108F8B5144642791D46D4
:10E930009DF81870284B92B11C7000F0D3FC274B47
:10E94000188004F12003DBB2072B44D8012004F027
:10E950000704A040C0B2BDE8F840FAF7A9BB1E7892
:10E96000A6422ED11D4B188800F0C1FCC72828D81C
:10E97000AE4205F1200415D006F12003DBB2072BCF
:10E9800006D8012006F00706B040C0B2FAF799FB9E
:10E99000E3B2072B06D8012005F007039840C0B268
:10E9A000FAF786FB3846E4B2FAF77AFB072C12D85E
:10E9B000012005F00705A840C0B2BDE8F840FAF70D
:10E9C00080BB04F12003DBB2072B04D8012004F044
:10E9D0000704A040F0E7F8BD5A400020584000204E
:10E9E0000346A3F5F843183B07B50846062B3BD86A
:10E9F000DFE803F0171E0410252C330026230093B4
:10EA0000E12347F61A411A46FFF78EFF002003B0B4
:10EA10005DF804FB27230093E52347F61B411A46C4
:10EA2000F2E72623E022009347F61841E123EBE7C3
:10EA30002723E422009347F61941E523E4E7262340
:10EA4000E222009347F61C41E123DDE72723E6227B
:10EA5000009347F61D41E523D6E72823E5220093DE
:10EA600047F61E410123CFE74B7913B10022024B39
:10EA70001A700120CBE700BF5A40002038B547F696
:10EA80007743984205D047F6784398421BD001203F
:10EA900038BD4B7993B100F01FF8FAF7E1FD00F0B3
:10EAA0001BF8044600F01EF8054600F021F8294640
:10EAB00002462046FAF7DAFE0020E9E700F00CF8FB
:10EAC000FAF7D8FDEBE74B7913B100F00BF8E4E768
:10EAD00000F008F8F4E70000014B1878704700BF19
:10EAE0002E100020014B1878704700BF2D10002019
:10EAF000014B1878704700BF2C10002040F21230F4
:10EB000008B5FBF711FF262801D0002008BD40F210
:10EB10001330FBF709FF1028F7D14FF44570FBF7CE
:10EB200003FF431E58425841F0E710B5041E0CBFC6
:10EB3000FF21262140F21230FBF75EFF002C0CBFB4
:10EB4000FF21102140F21330FBF756FF002C08BFC5
:10EB5000FF21BDE8104018BF01214FF44570FBF7BD
:10EB60004BBF704708B540F21530FBF7DDFE08BD1E
:10EB7000704710B50446FFF7FBFFE1B240F21530D5
:10EB8000BDE81040FBF738BF08B50020FFF7CDFF08
:10EB90000020FFF7EEFFFFF752F9FFF7F3F9BDE8AA
:10EBA00008400120FFF7C1BF08B5FFF7DAFFFFF704
:10EBB000D9FFFFF7DDFFFFF7A1FF18B9BDE8084057
:10EBC000FFF7E2BF08BDFEF7C3BB08B503464879AF
:10EBD00040B1A3F5EE427F2A03D8D8B2FFF7DEF9A1
:10EBE000002008BD0120FCE710B503780446013B76
:10EBF000032B0BD8DFE803F0020B1215FEF766FCBF
:10EC0000A023C0EB0020B0FBF3F0607010BDFEF756
:10EC1000C7FB0028F9D0FEF7EFFBF6E7FEF7DCFCB8
:10EC2000F3E7FEF747FC6070FEF74AFCA070EDE7E3
:10EC300038B503780446013B032B2BD8DFE803F0FB
:10EC400002111E23FEF736FC0546FEF739FCA02311
:10EC5000014662785A43120A2846BDE83840FEF75A
:10EC60000BBC43781BB9BDE83840FEF789BBFEF703
:10EC700075FB6078BDE83840FEF7B8BB4078BDE86A
:10EC80003840FEF799BC84784578FEF71FFC214692
:10EC90000246E1E738BD034610F8022B082A05D0EA
:10ECA000092A05D0072A05D1FFF7C2BFFFF79CBF8D
:10ECB000FCF7DCBEFF221A70704708B54378032BBF
:10ECC00003D1BDE80840FFF7E6BFF6F737FC08BD03
:10ECD000F8B504460D46F6F7B1FC002840F0D780A1
:10ECE0002378013B142B49D8DFE803F00B15435D73
:10ECF000636F72727277487D8187929DA0A3AEB9CF
:10ED0000C200002363700C23A37029462046BDE88F
:10ED1000F840F7F795B86378013B032B2ED8DFE86E
:10ED200003F0020A122200F0A5FA030EA370030CEE
:10ED3000E370030A04E0FFF715FF0023A370E370FC
:10ED400023716071E1E7A678E71C052E07F1020741
:10ED5000DBDCF0B2FBF7A6FC030A07F8023C07F87D
:10ED6000010C0136F1E70023A370E3702371637196
:10ED7000CBE76378022B04D0052B10D0FF23237040
:10ED8000C3E7E378A07840EA0320237940EA034010
:10ED9000637940EA036000BAFFF7EBFEB5E7A078BD
:10EDA000FFF711FFB1E7E278A1786078FEF7E4FFA2
:10EDB000BFE762792379A17843EA02235BBAE2785C
:10EDC00060789BB2FEF7EEFF9FE7FFF738F89CE70D
:10EDD00029462046FFF771FF97E70020FFF7A5FEC1
:10EDE000FFF7D2FE91E7FFF7A0F860708DE7FFF71D
:10EDF0009EF8030A6370A07087E76078A378E178D3
:10EE000040EA032040BA221D80B2FFF793F87CE766
:10EE10006078A378E17840EA032040BA221D80B2EE
:10EE2000FFF79DF871E7FFF7ADF86EE7FEF798FF83
:10EE3000DBE76078A378E17840EA032040BA221D3E
:10EE400080B2FFF734F860E76078A378E17840EAB1
:10EE5000032040BA221D80B2FFF73FF855E7E27861
:10EE6000A178003A18BF01226078FEF7B0FF60E792
:10EE700062792379A17843EA0223E2785BBA003A07
:10EE800018BF012260789BB2FEF7BEFF3DE7F8BDD8
:10EE9000014B1860704700BF60400020014B1868AC
:10EEA000704700BF60400020024B186808B103683B
:10EEB000184770476040002008B5FFF7F5FF08BD10
:10EEC000024B1B680BB15B6818477047604000201D
:10EED000034A12681AB106210170936818477047F7
:10EEE00060400020034A12681AB102210170D36801
:10EEF00018477047604000200B4B07B51A888242C4
:10EF00000ED01880094B1B6853B103228DF8050001
:10EF1000000A8DF806001B698DF8042001A89847A7
:10EF200003B05DF804FB00BF5E400020604000209D
:10EF30000B4B07B51A8882420FD01880094B1B680B
:10EF40005BB104228DF80500000A8DF806001B69EC
:10EF50008DF804200DEB0200984703B05DF804FB28
:10EF60005C400020604000200E4B0F4A1B68127866
:10EF700002336AB10D4A92F90020002A08DA1E22F3
:10EF80000B4B1B68023300201A44934202D1704796
:10EF90000622F8E713F8011B0029F6D00130C0B2B1
:10EFA000F3E700BF14100020381000207644002042
:10EFB0001010002030B3144B1B785BB9134B1B6847
:10EFC0005A1C073312F8011F81421AD09A42F9D114
:10EFD000002070470E4B93F90030002BEEDAEF283B
:10EFE0004FEAD002F4D80B4B00F007001B68134423
:10EFF00001229B7802FA00F01840003818BF012067
:10F0000070470120704700BF381000201410002006
:10F01000764400201010002000224FF0FF3330B55E
:10F02000441C14F8015F8D420BD0B3F1FF3F01D1B6
:10F0300005B953B20132062AF3D15A1C01D0184443
:10F04000817030BD002210B5431C073013F8014F0A
:10F050008C4208BF1A708342F8D110BDEF294FEAE5
:10F06000D10307D818440123827801F007018B40AF
:10F07000134383707047EF294FEAD10308D8012268
:10F080001844837801F007018A4023EA0203837061
:10F0900070470000084B01461B7843B1074B93F9BA
:10F0A0000030002B03DA064B1868FFF7D7BF054B7B
:10F0B0001868FFF7B1BF00BF381000207644002069
:10F0C0001010002014100020084B01461B7843B19B
:10F0D000074B93F90030002B03DA064B1868FFF753
:10F0E000CABF054B1868FFF7ADBF00BF381000203E
:10F0F000764400201010002014100020094B1B78CB
:10F100005BB1094B93F90030002B06DA1E22074B46
:10F11000186800210230F1F75BBB054B0622186826
:10F12000F7E700BF381000207644002010100020C0
:10F130001410002042784B789A421DD190F9023089
:10F140001BB191F902209A4216D190F903301BB1FC
:10F1500091F903209A420FD190F905301BB191F932
:10F1600005209A4208D190F9040030B191F9043099
:10F17000181A18BF0120704701207047704708B562
:10F18000FFF7FCFF08BD000008B50130024BC0B21C
:10F190001870FFF7F4FF08BD64400020032008B595
:10F1A000024B1870FFF7EBFF08BD00BF6440002062
:10F1B000FFF7EABF012008B5024B1870FFF7DFFF29
:10F1C00008BD00BF64400020FFF7F4BF70477047E0
:10F1D0007047704710B5FFF7F9FF0024FBF722FBDB
:10F1E000FFF7F5FFE0B2FBF75DFA18B90134062C22
:10F1F000F8D110BD0120FCE708B501F0BDFBBDE86A
:10F20000084001F09BB808B5F9F721FEBDE80840B9
:10F2100040F2A46001F03FBA08B5FAF76FFDFAF7C3
:10F2200083FDFFF76BFFFFF79DF90020FFF764FEFA
:10F230000020FFF77DFEBDE80840F9F714BE00008E
:10F24000302383F31188064BDA69064B1A600023DA
:10F25000054A1360054A136083F31188704700BFA5
:10F26000A8460020704000206C400020684000202C
:10F27000FFF7E6BF38B5302383F31188124B134CE8
:10F280001349D86923680A68C01A8242114A0AD908
:10F29000A3F58333E03B156823600F4B00F5833003
:10F2A0002B44E030136008601568002181F3118859
:10F2B0004FF47A7C094C0023E0FB0C41084A2046BD
:10F2C000F0F794FF284438BDA84600207040002085
:10F2D0006C4000206840002088598F029F86010002
:10F2E000A086010008B5FFF7C5FF80B208BD10B5C4
:10F2F0000446FFF7BFFF001B80B210BD10B50446E7
:10F30000FFF7B8FF001B10BDBFF34F8F0549064B39
:10F31000CA6802F4E0621343CB60BFF34F8F00BFB3
:10F32000FDE700BF00ED00E00400FA0508B5024A61
:10F33000024B1A60FFF7E8FFEFBEADDEFC6F002066
:10F340000A4A08B552F8041C094B99420CD1002313
:10F3500042F8043C83F31488064B1A6882F3088849
:10F3600062B65B689847FEE708BD00BF00700020EA
:10F37000EFBEADDE00E0FF1F08B5FFF7C5FF0000E0
:10F38000184B10B51C785CBB012208211A70164876
:10F39000224602F031FC22462021134802F02CFCC8
:10F3A00022461021104802F027FC4FF47A7001F039
:10F3B00072F941F6822208210B4802F01DFC40F24E
:10F3C00082222021084802F017FC40F282221021FC
:10F3D000054802F011FC054801F03AFE044B1C7090
:10F3E00010BD00BF7440002000040040EC48002025
:10F3F0008C400020F8B505461A481C46174601F017
:10F400008FFE194B187850BB6A1C20D0FCB1174EE8
:10F41000A4003482032F05D8DFE807F0021A1D1F6D
:10F420000022F260012405F00F01224625F00F00B2
:10F43000B16004FA01F11C70706002F0DDFB0B4951
:10F44000084801F0F7FD074801F010FE2046F8BD1E
:10F450004FF48002E5E78022E3E7054AE1E7002078
:10F46000F5E700BFEC4800208C40002078400020E9
:10F47000800040001FB501218DF807000DF10F033A
:10F4800004480DF1070201F018FE9DF80F0005B0C9
:10F490005DF804FBEC480020002307B50121064875
:10F4A0000DF107028DF8073001F029FE9DF80700E5
:10F4B00003B05DF804FB00BFEC48002008B502462D
:10F4C000024801F00BFE002008BD00BFEC48002000
:10F4D00008B50246024801F012FE002008BD00BF38
:10F4E000EC48002010B5084C23783BB1074801F0E8
:10F4F000CBFD064801F0ACFD002323700348BDE8B6
:10F50000104001F010BE00BF8C400020EC480020ED
:10F510000E4B10B51A78BAB901220D4C1A70206042
:10F5200040F282324FF480610A4802F065FB4FF4EA
:10F530000061084840F2823202F05EFB2146BDE8DD
:10F540001040054801F036BD10BD00BF8D400020C1
:10F550003010002000080040904700204FF0FF319D
:10F5600008B5024801F006FCC0B208BD9C47002067
:10F570000A464FF0FF330146014801F0A0BC00BF2E
:10F58000C047002008B5034801F039FD80F00100B4
:10F59000C0B208BD9047002070B590F844200446E2
:10F5A00002F07F03212B4CD112F0800F90F84530F0
:10F5B0001BD0022B15D0032B05D0012B15D1BDE894
:10F5C000704000F015BD90F8483090F8491053EAAB
:10F5D000012336D1314A82630122E2632364012090
:10F5E00070BDBDE8704000F031BE0A2B20D00B2B5F
:10F5F0000FD0092B25D194F8483094F8491043EAEC
:10F60000012323F00203E3B9254B0222A363254B18
:10F61000E3E794F8492094F8483053EA022302BF04
:10F6200094F846201D4B1A700022A2630023D4E7F1
:10F6300094F847201C4B20461A70BDE8704000F03B
:10F640002DBE02F09F02812A18D194F84530062B76
:10F6500014D194F84920616894F848304D6843EA21
:10F660000223204694F8472094F84610A84708B98A
:10F670000020B5E743680268A363D7E703250B4E74
:10F68000D6F89C3023B9013D06F1A806F8D1EFE782
:10F69000204698470028F6D0A1E700BF3810002088
:10F6A00098400020F5F600089C400020D81000206B
:10F6B000F8B50F4C0022234643F8042F90F84B7006
:10F6C00090F8496090F8465090F84A2090F8481019
:10F6D00090F8470042EA072241EA062145EA002065
:10F6E00000F0ECF920606068002818BF2046F8BDE3
:10F6F0009040002090F84A2090F84B00084942EAD8
:10F700000022022A0B7807D1012B01D0062B05D14C
:10F710004A78044B1A707047024A1370704700BF52
:10F72000984000209B40002010B5064A064C1178F6
:10F7300024784B1C03F00F039C421EBF034C137034
:10F74000605410BD9A4600209B4600208A46002047
:10F75000084608B5052935D8DFE801F02034032034
:10F760002035302383F31188214800F0CCFA21485A
:10F7700000F0C9FA204800F0C6FA204800F0D3FA99
:10F78000002383F311881E4B1B7813B10520FFF76C
:10F79000CBFF0220BDE80840FFF7C6BFFFF7C4FF5C
:10F7A000302383F31188124800F086FA114800F0E4
:10F7B00083FA114800F080FA104800F091FA002313
:10F7C00083F3118808BD302383F31188084800F0C3
:10F7D00094FA084800F091FA074800F08EFA0748BA
:10F7E00000F08EFA002383F311880520D2E700BFD2
:10F7F000D810002080110020281200205010002076
:10F800009A400020102208B500210448F0F7E0FFDC
:10F810000023034A1370034A137008BD8A46002070
:10F820009A4600209B460020F8B5284D284C00221F
:10F830002E782378B3422FD102B12370F8BD237004
:10F84000244B1870244B93F84F10081E18BF01204A
:10F85000FFF7A4FCEBE7002223701E4B1A70FFF7A2
:10F86000DBFC1D4B93F84F10081E18BF0120FFF75B
:10F870009FFCDCE72370184B93F84F10081E18BF4D
:10F880000120FFF781FCD2E7002123700846F8E74A
:10F890002370FFF78FFCCAE7194601220F48013396
:10F8A000415C03F00F0310460529C3D801A757F8A0
:10F8B00021F000BF91F8000835F8000875F800083D
:10F8C00089F800083FF8000857F800089A46002019
:10F8D0009B4600209A400020544900208A46002080
:10F8E00013B50446174800F061F9164800F08EF988
:10F8F000154800F05BF9144800F088F9114B03F546
:10F90000A8731846019300F051F9019800F07EF9B0
:10F910000E4800F067F90D4800F088F9204602F023
:10F9200035F8204601F023FC41F2883000F0B3FEA8
:10F930002046074901F008FC204602B0BDE810400F
:10F9400002F002B8D81000208011002050100020D2
:10F95000E436010810B5044602F018F8204601F01C
:10F9600006FC184800F071F9174800F06EF91748C6
:10F9700000F06BF9164800F08BF941F2883000F086
:10F980008AFE104800F012F90E4800F03FF90E48C8
:10F9900000F00CF90C4800F039F90C4800F006F9B9
:10F9A0000A4800F033F90A4800F01CF9084800F052
:10F9B0003DF92046074901F0C7FB2046BDE810404D
:10F9C00001F0C2BFD81000208011002028120020B2
:10F9D00050100020E4360108014B1878704700BF32
:10F9E0009B40002037B50023A825054C009305FB5C
:10F9F000004042F2107300F00DFA03B030BD00BFBA
:10FA0000D8100020014608220120FFF7EBBF014675
:10FA100020220020FFF7E6BF014606220020FFF764
:10FA2000E1BF014603220020FFF7DCBF00B589B02B
:10FA3000002320226946064800F055FA10B909B0A3
:10FA40005DF804FB20216846FFF742F9F0E700BFAC
:10FA500050100020FFF774BC7047704708B5FFF7DF
:10FA6000F9FF01F0F1FDFFF7F7FF08BD08B501F060
:10FA700007FEFFF7F2FF08BDFFF7A6BB08B5FFF7CB
:10FA8000C1FE0648FFF72CFF054B064A41F28830BD
:10FA90001A60BDE8084000F0FEBD00BF54490020D8
:10FAA000A04000203C100020014B1868FFF7F0B97F
:10FAB000A0400020FFF7B8BE00F04EBB020A032AA8
:10FAC0000FD007D8012A23D0022A07D15B20124A7F
:10FAD0001A607047212A0DD0222A12D00020024637
:10FAE000F6E7C0B20228F9D80C4A0D4952F8202096
:10FAF000405CEDE70229F1D80A4A092052F821209A
:10FB0000E6E70229EAD8084A084852F82120EFE738
:10FB10001220074ADCE700BF3E370108143701080E
:10FB20001037010804370108F8360108F4360108D7
:10FB30009937010813B5446BD4F888201378042B47
:10FB400013D1012394F88C1012898B4013420CD1ED
:10FB5000204601A900F0EEFF024630B1019B94F867
:10FB60008C10D4F8880001F07BFB02B010BD10B5FA
:10FB7000026F04461378042B13D1012390F87410FC
:10FB800052898B4013420CD100F02BFF024640B14A
:10FB9000E36994F87410206F043BBDE8104001F055
:10FBA0004DBB10BD406BFFF7E2BF00001FB500F179
:10FBB0005C03C36490F8843013B100F170030365F3
:10FBC000074B01210193D0F89030D0F89820009392
:10FBD0000290D0F8943000F08AFF05B05DF804FB85
:10FBE00035FB00081FB500F15C030365064B0121DE
:10FBF0000193836FD0F8802000930290C36F00F0D0
:10FC0000CEFE05B05DF804FBA5FB0008302383F3AE
:10FC10001188D0F8883090F88C2003EB820398612B
:10FC2000002380F8A03083F311887047302383F3DA
:10FC3000118890F87430026F093342F823000023D2
:10FC400080F8843083F31188704710B53023044660
:10FC500083F3118890F88C20D0F88830053203EBBC
:10FC6000820300225A6001236FF00101037200F049
:10FC700052FD204600F052FFD4F8A43013B1DA68E8
:10FC80001868904700F070FC002383F3118810BDC2
:10FC900010B53023044683F3118801236FF001016E
:10FCA000037200F038FD204600F090FE00F05CFC8E
:10FCB000002383F3118810BD012310B5044603729D
:10FCC0006FF0010100F027FD204600F027FFD4F877
:10FCD000A43023B1BDE81040DA681868104710BDA1
:10FCE000012310B5044603726FF0010100F013FD0B
:10FCF0002046BDE8104000F069BE00230372704743
:10FD000000230372704710B5044690F88C1000F180
:10FD10003802D0F8880001F053FA204600F0FEFEC9
:10FD20000023237210BD10B5044600F04FFE0023DF
:10FD300020462372BDE81040FFF719BF00EB810396
:10FD4000F7B59C6905460E4684B3302383F31188CA
:10FD50000023226984F8A03063699A4201D1E368E4
:10FD6000B3B905EB8603DB685B691B6883B1D4F824
:10FD7000A43053B101A9204600F0DCFED4F8A43031
:10FD800001469F68019A1868B847204600F0E0FED7
:10FD9000204601A900F0CEFE024648B1019B314643
:10FDA000284601F05DFA002383F3118803B0F0BD0B
:10FDB00005EB8603DB681A68022AF4D15A691268D7
:10FDC000002AF0D01B8A013B1340ECD105F144021C
:10FDD000E5E701F1090210B550F82240CCB130221C
:10FDE00082F3118800EB8103DB689B695B6853B188
:10FDF000236F94F87420204603EB8203DB689B6931
:10FE0000596800F0F8FD2046FFF7B1FE002383F3A8
:10FE1000118810BD2DE9F8431D4604460F461646CD
:10FE200030239DF8208083F31188D0F8883000209B
:10FE30001B78042B03D080F31188BDE8F88394F875
:10FE4000A03023B101354FF0FF3518BF002580F3F6
:10FE500011882B4632463946204600F0B4FE8642D1
:10FE60001DD9302383F3118894F8A0304FF0000996
:10FE7000002808BF43F0010384F8A03001236FF08D
:10FE800001012372204600F046FC204600F046FEA9
:10FE900084F8089000F068FB89F31188D9E7B8F17D
:10FEA000000F01D00120C8E7204600F0CFFEF9E79F
:10FEB0000346302282F3118801694269914210D1D0
:10FEC000C06850B10120D3F8882093F88C30984056
:10FED00013891840B0FA80F04009002383F3118899
:10FEE00070470020F9E738B515460446302282F302
:10FEF0001188026F00201278042A02D080F3118842
:10FF000038BD94F8842022B101334FF0FF3318BF7D
:10FF1000002380F311882A46204600F0A7FDB0FA9E
:10FF200080F35B0984F884302B1A58425841E7E784
:10FF3000006810B440B1054C8264E469083040F8B0
:10FF4000044C10BCF0F7CABC10BC7047A846002097
:10FF50000168134631B18A6C03F108009A640831D4
:10FF6000F0F7BCBC704710B50446006840B1826C25
:10FF700000210830F0F72CFC002223681A605A6038
:10FF800010BD000010B40C78082C0BD850F82400D9
:10FF900040B1054C8264E469083040F8044C10BC60
:10FFA000F0F79CBC10BC7047A846002008291346F7
:10FFB00009D850F8211031B18A6C03F108009A6415
:10FFC0000831F0F78BBC704770B50026051F00F1B3
:10FFD000200455F8040F38B1826C00210830F0F786
:10FFE000F7FB2B681E605E60A542F2D170BD000079
:10FFF00038B590F848300446022B1CD890F84610CB
:020000040801F1
:10000000082918D80D4AD25C022A14D8A8200C4B13
:1000100000FB0233D3F8A40060B10A4D43682A46BE
:100020000068984705F10803A363AB6C0120E36304
:100030000023236438BD0020FCE700BF1815002012
:10004000D8100020D4420020036843B19100196009
:1000500003490B78002A18BF43F001030B70704767
:1000600020430020006810B10068C0F3870070478B
:1000700038B503680BB9002038BD302383F31188ED
:10008000036800211C685B6881F31188002CF2D0A2
:100090004FF47A7C074A084DD069084AC01AE0FB41
:1000A0000C5100232846F0F7A1F884428CBF0020B1
:1000B0000120E1E7A84600209F860100A0860100FC
:1000C0004B1E072B0BD850F8213043B1910019601B
:1000D00003490B78002A18BF43F001030B707047E7
:1000E00020430020082906D850F8210020B10068DC
:1000F000C0F387007047002070470000082938B51A
:1001000001D9002038BD50F82130002BF9D0302320
:1001100083F3118850F8213000211C685B6881F35B
:100120001188002CEDD04FF47A7C084A084DD06934
:10013000084AC01AE0FB0C5100232846F0F756F895
:1001400084428CBF00200120DCE700BFA8460020CD
:100150009F860100A08601002DE9F84F384B1B78DF
:10016000002B40D000254FF030082E46A946354FD1
:10017000D7F8A440002C2FD0002D36D14FF0010A23
:1001800088F311885FFA8AFB5946636920689847AB
:10019000002818BF46F0010689F311882948FFF7A7
:1001A00087FEA0B15946A3692068984778B188F3C3
:1001B0001188254A594663682068984789F3118851
:1001C000214B00209A6C03F10801FFF70BFC0AF1A8
:1001D000010ABAF1090FD3D10135032D07F1A807A0
:1001E000C6D1174B1E70BDE8F88F88F31188002127
:1001F000636920689847002818BF46F0010689F314
:1002000011883846FFF754FE0028E5D00021A36985
:10021000206898470028DFD088F31188DFF828A0ED
:100220000021524663682068984789F31188DAF8FC
:1002300048200AF10801E8B2FFF7D4FBCCE700BF81
:1002400020430020D81000208842002010B590F8EC
:1002500048300446022B19D890F84610082915D8C2
:100260000B4AD25C022A11D8A8200A4B00FB0233A9
:10027000D3F8A40048B1436900689847064B18704A
:10028000A36301200023E063236410BD0020FCE78A
:1002900018150020D81000208442002010B590F8D6
:1002A00048300446022B19D890F84610082915D872
:1002B0000B4AD25C022A11D8A8200A4B00FB023359
:1002C000D3F8A40048B1036994F847200068984720
:1002D00000230120A363E363236410BD0020FCE737
:1002E00018150020D810002070477047FEE7000066
:1002F000F0B508200026104A516813680D4694682E
:10030000043BAC4210D8E31C5B1ACD1E23F0030360
:10031000AC4238BF00230B44D168994209D8013858
:1003200002F11002E8D1F0BD53F8047F45F8047BD8
:10033000E7E743F8046BF0E7C838010838B5012354
:100340000025074C2370656000F0EAFA054906486D
:1003500000F018F90223237085F3118838BD00BF1F
:10036000A046002048390108A846002072B60322A2
:10037000024BD865024B1A70FEE700BFA84600206A
:10038000A046002000F03CB8034A516853685B1A4D
:100390009842FBD8704700BF001000E010B50A4C2F
:1003A00023699A6891420CD85A6881600360426060
:1003B00010609A685860521A9A604FF0FF33A36138
:1003C00010BD1B68891AECE7A846002010B4036131
:1003D000002310BCC2604361FFF7E0BF036881687F
:1003E0009A680A449A60426813605A6000234FF08A
:1003F000FF320360014B9A61704700BFA84600209E
:1004000070B5124D2A46EB690133EB6152F8103F8B
:10041000934206D030269A68013A9A602C69A36804
:1004200003B170BD226861680A605160236083F384
:1004300011882046E3682169984786F3118861692D
:100440000029EBD02046FFF7A9FFE7E7A8460020E8
:1004500000238268037503691B6899689142FBD287
:100460005A680360426010605860704700238268D9
:10047000037503691B6899689142FBD85A68036049
:10048000426010605860704708B50846302383F317
:1004900011880A7D0023052A06D8DFE802F00B0543
:1004A0000503120E826913604FF0FF338361FFF77B
:1004B000CFFF002383F3118808BD8269936801335D
:1004C00093604268036813605A60EDE7FFF7C0BFAE
:1004D000054BD96808751868026853601A600122D4
:1004E0000275D860EFF76CBEA846002030B50C4B03
:1004F0000446DD684B1C87B00FD02B466846094A7E
:10050000FFF764FF2046FFF7E3FF009B13B1684647
:10051000FFF764FFA86907B030BDFFF7D9FFF9E71F
:10052000A846002089040108044B1A68DB6890681B
:100530009B68984294BF002001207047A846002085
:10054000084B10B51C68D868226853601A600122F5
:100550002275DC60FFF78AFF01462046BDE81040A7
:10056000EFF72EBEA8460020044B1A68DB6892689D
:100570009B689A4201D9FFF7E3BF7047A846002065
:1005800030BFFDE770B5002504461A4B86B0856282
:1005900001630E46586000F07DF904F110032361F9
:1005A00063614FF0FF33A361134BE561D9692B46BB
:1005B0000A462046C4E9082304F1340180230F4A87
:1005C00024606460A560E562E56500F01DF8012324
:1005D0000B4AE06003750092726868460192B26847
:1005E000CDE90223074BCDE9043500F03FF806B012
:1005F00070BD00BFA0460020A8460020442B010883
:10060000492B01088105010802228B604B620023FF
:1006100008618A8208460B62CB6170478368C168B3
:10062000A3F14C0243F81C2C026943F84C2C42699C
:100630000C4843F8482C0C4A43F8180C43F82C2C6F
:10064000022203F8142C002243F8201C03F8132C78
:1006500043F8041C43F8082C43F80C2CA3F12800A1
:10066000704700BFA8460020D101000808B5FFF779
:10067000D5FFBDE80840FFF729BF0000024BDB684B
:1006800098610F20FFF724BFA8460020302383F392
:100690001188FFF7F3BF08B50146302383F31188B3
:1006A0000820FFF723FF002383F3118808BD000013
:1006B000054BDB6821B1036098610320FFF716BF8B
:1006C0004FF0FF30704700BFA84600200346006887
:1006D00020B100221A608161FFF7F8BE7047000068
:1006E000064BDB6839B1426818605A60136043609A
:1006F0000420FFF7FBBE4FF0FF307047A8460020F4
:1007000003460068834205D002681A605360816125
:10071000FFF7DCBE704738B504460D4620688442BA
:1007200000D138BD036823605C608561FFF7CEFEB1
:10073000F4E7034610B51B68984203D09C688A68AA
:100740009442F8D25A680B604A601160596010BD3B
:1007500000230060406083607047000038B5816806
:10076000164B0446DD6891B92B6A8560C360286228
:1007700038BD8B600B7D7BB1062B14D10B684A68AA
:10078000886913605A60FFF7D4FF8B699968AB687A
:100790008A689A42EDD306E04A680B6808461360FF
:1007A0005A60FFF793FE20462946FFF7C2FFAC616F
:1007B0000620BDE83840FFF78BBE00BFA8460020EA
:1007C00008B5302383F31188FFF7C8FF002383F3B4
:1007D000118808BD154A0346D16810B5302282F34E
:1007E0001188C26800680A6298421BD0486A82B9C0
:1007F0008860186802681A605360026A9860DA605C
:100800000362FFF763FEFFF7AFFE002383F3118857
:1008100010BD1468A24203D0A468A04238BF20468D
:10082000D268E4E700238360EFE700BFA84600201A
:10083000C3691943037DC1610A2B03D1836919423E
:1008400005D170470B2B06D183698B4303D100235D
:100850008361FFF73BBE704770B506460D460468DE
:10086000B44200D170BDE3682B43E36015B1236946
:100870001D4203D0A1686068FFF7DAFF2468EFE744
:10088000EFF30983203383F30988002383F311886E
:1008900070470000302080F3118862B60C4B0D4A7F
:1008A000D96821F4E0610904090C0A43DA60D3F83D
:1008B000FC20094942F08072C3F8FC200A6842F02B
:1008C00001020A602022DA7783F82200704700BF15
:1008D00000ED00E00003FA05001000E0302310B541
:1008E00083F311880B4B5B6813F400630FD0EFF3B5
:1008F00009844FF08073203CE36184F30988FFF79B
:1009000013FE10B1044BA36110BD044BFBE783F34E
:100910001188F9E700ED00E0E3010008E6010008B6
:10092000024B034A1A60034A5A6070470847002086
:10093000A849002000700020094B30B51C684D1EEE
:10094000224449422A440A4059681044884204D843
:10095000A04202D31860104630BD0022FBE700BF62
:100960000847002008B5302383F31188FFF7E4FF20
:10097000002383F3118808BD08B500F02FFF01F0B4
:100980002DF900F0F4FA00F049FB00F0CFFBFFF77F
:100990006DF8BDE8084000F000B801F087B930B547
:1009A00001720021039C043304FB0325C361049BF3
:1009B00000600363059B4060C16042610261856124
:1009C000046242628162C162436330BD0022416AB7
:1009D000C2604161016182626FF00101C262FFF792
:1009E0009ABE03694269934201D1C2680AB9181DCF
:1009F00070470020704703691960C2680021013206
:100A0000C260C269134482690361934224BF436A8E
:100A10000361FFF775BE38B504460D46E3683BB188
:100A200062690020131D1268A3621344E36207E0A9
:100A3000237A33B929462046FFF752FE0028EDDA23
:100A400038BD6FF00100FBE7C368C269013BC360BA
:100A50004369134482694361934224BF436A4361FB
:100A600000238362036B03B1184770472DE9F84FE9
:100A700004460F4691469A464FF0300888F3118895
:100A80000026B346A56A4DB951462046FFF7C3FF7D
:100A900020B185F311883046BDE8F88FA16AE56A78
:100AA000A9EB06036D1A9D4228BF1D46402D15D99E
:100AB00038464022EFF712FFA36A403740334036F2
:100AC000E26AA3629A4202D82046FFF7BDFF8BF389
:100AD00011884E45DFD288F31188D3E738462A467D
:100AE000EFF7FCFEA36A2F442B442E44E8E710B531
:100AF000029C04330172C36103FB0421002383625F
:100B0000C362039B00600363049B4060C460426156
:100B10000261816104624262436310BD026A6FF048
:100B20000101C260426A4261026100228262C262C5
:100B3000FFF7F1BD034640691A69824201D1DB68C3
:100B40001BB950F8043B0B60704700231846FAE7C6
:100B5000C368C2690133C3604369002113448269D9
:100B60004361934224BF436A4361FFF7C9BD38B56F
:100B700004460D46E3683BB1236900201A1DA262BA
:100B8000E2691344E36207E0237A33B92946204639
:100B9000FFF7A6FD0028EDDA38BD6FF00100FBE796
:100BA00003691960C268013AC260C269134482696C
:100BB0000361934224BF436A036100238362036B92
:100BC00003B1184770472DE9F84F04460F46914688
:100BD0009A464FF0300888F311880026B346A56A7C
:100BE0004DB951462046FFF7C2FF20B185F3118869
:100BF0003046BDE8F88FA06AE56AA9EB06032D1A16
:100C00009D4228BF1D46402D17D939464022EFF797
:100C100065FEA36A403740334036E26AA3629A42D7
:100C200004D8E16920460439FFF7BAFF8BF3118835
:100C30004E45DDD288F31188D1E739462A46EFF7D1
:100C40004DFEA36A2F442B442E44E6E7302208B51C
:100C500082F31188816A29B103690439C91A01D064
:100C6000FFF79EFF002383F3118808BDF8B51546F2
:100C700082680B46AA428169066938BF8568761A80
:100C8000B54204460BD22A461846EFF727FEA26962
:100C90002A44A36828465B1BA261A360F8BD0CD957
:100CA00018463246EFF71AFEAF1B3A46E168304469
:100CB000EFF714FEE368DA19EBE72A461846EFF778
:100CC0000DFEE268E5E72DE9F0410446154683682C
:100CD0002769934238BF856840690E463F1ABD4276
:100CE0000BD22A46EFF7FAFD62692A44A368284628
:100CF0005B1B6261A360BDE8F0810DD93A46A5EBAC
:100D00000708EFF7EBFD4246E068F119EFF7E6FD63
:100D1000E36803EB0802E9E72A46EFF7DFFDE26844
:100D2000E4E710B50024C361029BC16081614161A9
:100D300011440060406084600161036210BD08B529
:100D400082694369934201D1826882B98268013223
:100D500082605A1C426119700369426900219A42FB
:100D600024BFC3684361FFF7CBFC002008BD4FF0F0
:100D7000FF30FBE770B5302304460D4683F311883E
:100D8000A668A6B1A368A269013BA360531CA36136
:100D900015782269934224BFE368A361E3690BB12C
:100DA00020469847002383F31188284607E0294608
:100DB0002046FFF795FC0028E2DA86F3118870BD23
:100DC0002DE9F74F05460F4614469946D0F81CA06A
:100DD0004FF0300888F311884FF0000B164666B1CB
:100DE000324639462846FFF741FF034660B9494677
:100DF0002846FFF775FC0028F2D0002383F3118802
:100E0000A01B03B0BDE8F08FBAF1000F03D0019032
:100E10002846D047019B8BF31188F61A1F4488F3AC
:100E20001188DCE7C361009BC160816141611144AD
:100E3000006040608260016103627047F8B504465B
:100E40000D461646302383F31188A768A7B1A3681F
:100E5000013BA36063695A1C62611D70236962696A
:100E60009A4224BFE3686361E3690BB12046984767
:100E7000002080F3118807E031462046FFF730FC60
:100E80000028E2DA87F31188F8BD8369426910B55A
:100E90009A4201D182687AB9826800210132826067
:100EA0005A1C82611C7803699A4224BFC36883611B
:100EB000FFF726FC204610BD4FF0FF30FBE72DE981
:100EC000F74F05460F4614469946D0F81CA04FF040
:100ED000300888F311884FF0000B164666B1324691
:100EE00039462846FFF7EFFE034660B949462846D3
:100EF000FFF7F6FB0028F2D0002383F31188A01B34
:100F000003B0BDE8F08FBAF1000F03D0019028467E
:100F1000D047019B8BF31188F61A1F4488F3118880
:100F2000DCE70C30FFF74CBF4FF0FF330C30FFF71E
:100F300047BF3030FFF7C3BF4FF0FF333030FFF70C
:100F4000BEBF0C30FFF716BF4FF0FF310C30FFF77C
:100F500011BF3030FFF772BF4FF0FF323030FFF774
:100F60006DBF012914BF6FF013000020704700F01F
:100F700035BF000037B5154602460B460C490446FE
:100F800042F8041B4260012200F1540102720090F9
:100F900080220C30FFF7C5FE2B468022009404F11E
:100FA000D40104F13000FFF73DFF03B030BD00BFB6
:100FB0005439010810B53023044683F3118800F03A
:100FC0001FFF02230020237280F3118810BD38B563
:100FD000436904460D461BB904210844FFF73CFC55
:100FE000294604F10C00FFF7AAFE002806DA201DAE
:100FF0004FF40061BDE83840FFF72EBC38BD302308
:1010000083F311880023406983F31188B0FA80F0DC
:10101000400970474FF0FF31FFF74ABB00F0C4BFF3
:101020000123037000230C3040F8083C40F8043CD6
:10103000FFF78EBB10B53023044683F3118841605F
:1010400000F0C8FF02230020237080F3118810BD38
:1010500010B53023044683F3118801F02FF80023E4
:1010600001226360227083F3118810BD302383F363
:101070001188436899685A684FF480338B409361B4
:10108000002383F311887047302383F3118843686A
:1010900099685A6801238B409361002383F3118878
:1010A000704710B5302484F311880324047001F0D4
:1010B00046F8002383F3118810BD38B50446302567
:1010C00085F31188032504F8085B01F023F8204616
:1010D000FFF7A0FF002383F3118838BD10B530233C
:1010E000044683F31188032304F8083B01F027F832
:1010F0002046FFF78FFF002383F3118810BD10B542
:101100003023044683F31188032304F8083B01F0DD
:101110002CF82046FFF77EFF002383F3118810BDD3
:101120000C30FFF74DBB0C30FFF754BB01F034BA65
:10113000012303700023C36183620362C3624362BD
:10114000036343608360704738B50446302383F3FC
:10115000118800254160C56005614561856101F028
:1011600021FA0223237085F31188284638BDF8B58B
:101170000446302383F31188002601F02BFA25461C
:1011800001233746666005F8083B183455F8043FDC
:1011900073B1586920B16FF001010C30FFF796FA76
:1011A0002B68986920B16FF001010C30FFF78EFABF
:1011B000A5422E60EAD1FFF7D7F987F31188F8BD71
:1011C00070B500EB8103054650690E461446DA609F
:1011D00018B114220021EFF7FBFAA06918B114220C
:1011E0000021EFF7F5FA31462846BDE8704001F0DE
:1011F0000FBAF8B504460027836800F10C0503F028
:101200000113836000F1180655F8043F73B1586963
:1012100020B16FF001010C30FFF758FA2B68986984
:1012200020B16FF001010C30FFF750FAB5422F608A
:10123000EAD12046BDE8F84001F074BAF0B40125C7
:1012400000EB8104E4684789A4698D403D434581F2
:1012500023600023A2606360E360F0BC01F0D0BAB9
:10126000F0B4012500EB8104E468078964698D40CE
:101270003D43058123600023A2606360E360F0BC0E
:1012800001F0DCBA10B50378052B0FD1084CC8204B
:10129000E37A43F00803E372637843F00403637076
:1012A000FFF7F9F9637803F0FB03637010BD00BF2B
:1012B000004001402DE9F047002602230546044680
:1012C0004FF03008B1460370C66400F1180745F8C6
:1012D000086F55F8043F9BB188F311882B68586953
:1012E00020B16FF001010C30FFF7F0F92B6898691D
:1012F00020B16FF001010C30FFF7E8F989F3118894
:10130000BD422E60E5D1204684F8346001F0ECF94E
:1013100063681B6823B12046BDE8F04700211847E9
:10132000BDE8F087F8B503780446052B27D080F890
:1013300050300523037043681B680BB104219847A4
:1013400025460026302745F8086F183455F8043F25
:101350009BB187F311882B68586920B16FF00101A8
:101360000C30FFF7B3F92B68986920B16FF00101D9
:101370000C30FFF7ABF986F31188A542E6D1F8BD32
:101380000178052906D190F85020436802701B6847
:1013900003B1184770470000F8B590F834300446A0
:1013A0000E4613B1002380F834303146204604F154
:1013B000440201F009FA63689B68B3B994F84430B9
:1013C00013F0600538D00021204601F077FA0021A3
:1013D000204601F065FA63681B6813B106212046B8
:1013E0009847062384F83430F8BD204698470028F3
:1013F000E4D094F84B2094F84A3043EA0223E26B9D
:101400009A4284BF1A46E36394F94430002B80F279
:101410000481002A00F0F880092384F83430302356
:1014200083F3118800212046E36BA26BFFF718FFBE
:10143000002383F31188D7E794F8452003F07F0356
:1014400043EA022340F20232934200F0CA8021D8DC
:10145000B3F5807F4DD00DD8012B44D0022B00F086
:101460009880002BAFD104F14C02A2630222E26308
:101470002364BEE7B3F5817F00F0A080B3F5407F21
:10148000A1D194F84630012B9DD1B4F84C3043F0F3
:10149000020337E0B3F5006F52D01CD8B3F5A06F4C
:1014A00036D0A3F5C063012B8DD894F8492061682C
:1014B00094F848304F6843EA0223204694F84620C7
:1014C00094F84710B84700283FF47DAF4368A36302
:1014D0000368E3631AE0B3F5106F36D040F60242BA
:1014E00093427FF470AF554BA3630223E363002361
:1014F000BEE794F84630012B7FF465AFB4F84C306A
:1015000023F00203A4F84C30A563E563256470E77B
:10151000B4F84430B3F5A06F0ED194F846302046AD
:1015200084F84E3001F06CF863681B6813B1012138
:1015300020469847032323700023A363E36397E7C0
:1015400004F14F03A3630123C3E72378042B10D1D5
:10155000302383F311882046FFF74BFE85F3118873
:101560000321636884F84F5021701B680BB120463B
:10157000984794F84630002BDED084F84F3004238F
:10158000237063681B68002BD6D002212046984741
:10159000D2E794F8483020461D0603F00F010AD523
:1015A00001F0F8F8012804D002287FF40CAF244B96
:1015B0009AE7244B98E701F0D3F8F3E794F8463024
:1015C000002B7FF400AF94F8483013F00F01B3D034
:1015D0001A06204602D501F089F9ADE701F07AF943
:1015E000AAE794F84630002B7FF4EDAE94F848302B
:1015F00013F00F01A0D01B06204602D501F05EF9C2
:101600009AE701F04DF997E7142384F83430314616
:101610002046BDE8F84001F0E7B862B1152384F830
:101620003430302383F3118800212046E36BA26B12
:10163000FFF704FEFCE60B23E7E700BF8039010853
:101640007E3901087C39010808B500F0C9F80B4B58
:101650009A6C42F020029A649A6C9A6C42F04002B2
:101660009A649A6C9A6C42F080029A649A6C9A6CB2
:1016700042F480729A649B6C08BD00BF000C01406C
:101680007047162303604FF0FF307047002070470B
:10169000184670470020704710B5002204460846DF
:1016A0000121FFF75FF918B90C234FF0FF302360D9
:1016B00010BD08B51346002158221846EFF788F8E8
:1016C0004FF400524260002008BD01207047000026
:1016D00008B50248FEF74AFEEFF7F8F84E2B01086E
:1016E00008B50248FEF742FEEFF7F0F8532B010869
:1016F0000120704770470122090100F1604303F5A2
:101700006143C9B283F8001300F01F039A404309F4
:101710009B0003F1604303F56143C3F880211A6025
:101720007047012200F01F039A4043099B0003F118
:10173000604303F56143C3F88020C3F88021002390
:1017400000F1604000F5614080F800337047090106
:1017500000F16040C9B200F56D40017670470000AD
:1017600017498A68022A12D0032A26D0154B164937
:10177000012A18BF0B46124A926902F07F02013219
:1017800052080132B3FBF2F3104A13607047104A5B
:101790000B68526F49686FEA921201290CBF094920
:1017A0000C4902F0030203324A4303F01F030133E2
:1017B0005B080133B2FBF3F3DDE7074BDBE700BF68
:1017C000000C0140006CDC0200127A001C150020A5
:1017D000000401400048E801001BB700FFF7C0BF4C
:1017E00013B50C20032440F2BE71314B314A9C6288
:1017F000D862C2F8941000219962D9629C62D862C2
:101800008020C3F81C0CD3F81C0CC3F81C0C0091EE
:1018100001914FF40141C3F8481C4FF6FC71A3F548
:10182000744319630F2119600223136501234BF6DA
:101830008031D364936D03F001030193009B013366
:101840000093019B13B9009B8B42F3D1019B03B919
:10185000FEE7194B19498024C3F800140021A3F5B1
:10186000884399611C62196A01201962202158601D
:101870001960196819601968014319605467906705
:10188000D16F0329FCD102229A6001220021DA6083
:10189000074A9162D1629A6C42F400429A649A6C4F
:1018A000DA6C42F40062DA64DB6C02B010BD00BF97
:1018B00000000140000401400050014013000003FB
:1018C000134B834223D1134B02201A6C124942F46A
:1018D00080721A641A6C42F002021A64D3F88820EB
:1018E00042F00202C3F88820D3F8882022F00202D6
:1018F000C3F8882001225A63DA670864DA6608228E
:101900005A615A695A615A6942F001025A61704734
:1019100054490020000C0140004C0140084B834218
:101920000CD1084B5A6902F008025A6100225A6130
:10193000DA66DA671A6C22F002021A64704700BF96
:1019400054490020000C01400F4A936C43F40043BB
:1019500043F0200393644FF080436FF4C0521A6346
:101960004FF07072DA624FF020721A6000225A60F3
:101970009A60DA604FF44C325A62012203F5A033C8
:101980005A700722DA727047000C01400E4A6FF459
:101990008051936C43F4004343F0200393644FF071
:1019A00080436FF4C0521A6300221A609A60DA60B2
:1019B00019634FF0807119604FF4805159605A6279
:1019C0004FF080529A617047000C014010B5074CEF
:1019D0006369DB0704D5064A13680BB15068984762
:1019E00001236361BDE81040FEF778BF0018004096
:1019F0001047002010B5074C63699B0704D5064AC1
:101A000093680BB1D068984702236361BDE810402A
:101A1000FEF764BF001800401047002010B5074CC7
:101A200063695B0704D5064A13690BB1506998478F
:101A300004236361BDE81040FEF750BF001800406A
:101A40001047002010B5074C63691B0704D5064AF0
:101A500093690BB1D069984708236361BDE81040D2
:101A6000FEF73CBF001800401047002010B5074C9F
:101A70006369DB0604D5064A136A0BB1506A9847BE
:101A800010236361BDE81040FEF728BF0018004036
:101A900010470020164B10B55C69A30604D5154A03
:101AA000936A0BB1D06A9847600604D5114A136B4C
:101AB0000BB1506B9847210604D50E4A936B0BB1BE
:101AC000D06B9847E20504D50A4A136C0BB1506CF1
:101AD0009847A30504D5074A936C0BB1D06C98477F
:101AE000BDE810404FF47872014B5A61FEF7F6BE24
:101AF00000180040104700201A4B10B55C696205C1
:101B000004D5194A136D0BB1506D9847230504D5C0
:101B1000154A936D0BB1D06D9847E00404D5124A75
:101B2000136E0BB1506E9847A10404D50E4A936E04
:101B30000BB1D06E9847620404D50B4A136F0BB1FA
:101B4000506F9847230404D5074A936F0BB1D06FA9
:101B50009847BDE810404FF47C42024B5A61FEF7B3
:101B6000BDBE00BF0018004010470020062108B588
:101B70000846FFF7C0FD06210720FFF7BCFD062140
:101B80000820FFF7B8FD06210920FFF7B4FD062164
:101B90000A20FFF7B0FD06211020FFF7ACFDBDE8DD
:101BA000084006212120FFF7A6BD08B50620FFF753
:101BB000B8FD0720FFF7B5FD0820FFF7B2FD0920AB
:101BC000FFF7AFFD0A20FFF7ACFD1020FFF7A9FDDE
:101BD000BDE808402120FFF7A4BD000000231946FE
:101BE000044A0133102B1160516002F10802F8D150
:101BF000704700BF10470020C9434FF055330163C1
:101C000002F003015943016042F380014160C2F3D5
:101C1000C10159438160C2F341115943C160C2F30C
:101C2000C1214B43C3624FF01133C2F3C3125A4375
:101C300002624262704700001A4B70B59C6C0F261E
:101C400044F4C0649C649B6C012301F003048B404A
:101C500021F0030101F1804101F5A0518D68A4003C
:101C6000C0F38320A04006FA04F425EA04052843C3
:101C70008860D8430C4912F0010F8C6814BF1C43D4
:101C800004408C6012F0020FCA6814BF1A4302406D
:101C9000CA60054A536111680B43136053680340DF
:101CA000536070BD000C0140001800404FF0E0236D
:101CB00040F2BF325A6100229A61072208210B20AC
:101CC0001A61FFF744BD08B5302383F31188FEF78E
:101CD00059FB002383F3118808BD08B5FFF7F3FF14
:101CE000BDE80840FEF7FABD024A536843F002031C
:101CF000536070470084004070B5354ED6F854519B
:101D00006B69D906DCB20AD5302383F311884FF40E
:101D10008061301DFEF7A0FD002383F3118830237E
:101D200083F3118814F00F0332D183F311886B68A9
:101D3000980714D5A10612D5302383F311882548BE
:101D4000FFF7A3F8002840DA08212348FEF784FDB6
:101D50006B6823F002036B60002383F311886B68C8
:101D60009A0711D563060FD5302383F31188726C5F
:101D7000B36C9A4205D1B36B1BB110211648FEF724
:101D80006BFD002383F31188BDE87040FEF7A6BD0C
:101D9000C4F340010902620748BF41F02001230754
:101DA00048BF41F0400104F001040B4841EAC4116E
:101DB000FEF752FD2B682CB196F8581104481940D3
:101DC000FFF705F96C69E4B2ACE72860C4E700BF2F
:101DD00090470020C04700209447002008B5054ADE
:101DE00000210548FFF7C6F8044B034AC2F85431F6
:101DF00008BD00BFE91C0108904700200084004096
:101E000038B52A4B0446002914BF0D461D46037AF7
:101E1000012B1AD1264B984217D1264B0821DA6C98
:101E2000202042F00802DA64DA6CD3F8942042F001
:101E30000802C3F89420D3F8942022F00802C3F8D3
:101E40009420D3F89430FFF756FCD4F85431E97954
:101E50001A6902F050020A4329681A614A0802F11D
:101E6000B76202F55842B2FBF1F202F00F01C3F87B
:101E7000C0108021D960C2F3071119600021C2F39C
:101E800007325A60D96068792A790243A8790243F7
:101E9000DA600122C3F89C10C3F898205A6842F017
:101EA00005025A60FF2384F8583138BD843901088F
:101EB00090470020000C014070B50446C5692E6BA8
:101EC000C26A6B6A9A4234BFC36A6B6A013B35D2FD
:101ED000E36A002B3ED1EB6263681B6833B10422D6
:101EE0002046227098472378042B01D102232370C7
:101EF000302383F31188002104F10800FEF7E6FB8C
:101F0000002383F31188F30717D5286A228E666AA7
:101F1000E36A616AD31A3344121A934228BF134604
:101F200099424FF6FF7138BF636A013B1BD2636A67
:101F30001BB9EB6A23F00103EB6270BD296EE26A04
:101F4000013AE262A26A002AC0D01170A26A01328C
:101F5000A262BBE7E26AEB699A429EBFE36A03F1C1
:101F6000FF33EB61CFE7626A013A6262226A0AB923
:101F70002966DAE712F8010B28662262D5E700002D
:101F800008B50348FFF798FFBDE80840FEF7A6BC78
:101F9000EC48002008B50348FFF78EFFBDE8084075
:101FA000FEF79CBC2049002008B50648FFF738F82A
:101FB000054B044A0548D361FFF732F8044B034A46
:101FC000D36108BDEC4800200030004020490020CB
:101FD0000090004010B503780446012B45D1344BE6
:101FE00098421FD1334B0A219A6C1A2042F4805236
:101FF0009A649A6CD3F8902042F48052C3F89020EF
:10200000D3F8902022F48052C3F89020D3F8903077
:10201000FFF771FB6268E369128A5A611A6942F03C
:1020200001021A61244B9C421FD1224B0921DA6C18
:102030001B2042F01002DA64DA6CD3F8942042F0EC
:102040001002C3F89420D3F8942022F01002C3F8B1
:102050009420D3F89430FFF74EFB6268E369128A4C
:102060005A611A6942F001021A616168E269CB891A
:1020700089890B4343F007039BB21360238E4BB94E
:1020800001239361916999420DD10133B3F5807FAA
:10209000F7D1238600239361D361D36A23F0FF0332
:1020A000D362936C10BD012B08BF0023F1E700BF82
:1020B000EC480020000C01402049002010B50378B6
:1020C0000446022B1FD10022C3699A60DA6A22F00B
:1020D000FF02DA629B6C0C4B984208D11A20FFF782
:1020E00020FB0A4B9A6C22F480529A649B6C084B3A
:1020F0009C4208D11B20FFF714FB044BDA6C22F042
:102100001002DA64DB6C10BDEC480020000C0140CA
:102110002049002091B18362038E02625B088B42EA
:1021200028BF0B46C2694162C1629361013BD36122
:10213000D36A43F01103D36201239360704799B1CE
:1021400000238362038E02625B088B4228BF0B462A
:10215000C2694162C1629361013BD361D36A43F0BA
:102160001103D36201239360704799B10023036286
:10217000038E82625B088B4228BF0B46C2694162B4
:10218000C1629361013BD361D36A43F01103D3620F
:10219000012393607047000000216022074B10B5B7
:1021A00099735A7499735A74436804461B680BB147
:1021B00006219847062384F8343010BD00400140C2
:1021C00090F8343010B5152B04460CD8012208497C
:1021D0009A400A4208D1152B05D1036C03B19847E8
:1021E000002384F8343010BDBDE81040FFF7D4BFA1
:1021F000410E100090F8343010B5152B04460CD861
:10220000012208499A400A4208D1092B05D1036CE2
:1022100003B19847002384F8343010BDBDE8104066
:10222000FFF7BABF410C3000F8B5294C851C04EB10
:1022300085035E68274AB36990730146107DC00725
:1022400039D59868917392F817C0927D224F42EA6F
:102250000C2207EB810700EB020C60452CD198683B
:10226000104498605868104458601868801A1860C4
:10227000188A013880B21882738A934200D800BB52
:10228000012263898A4023EA0203638104EB850308
:102290005B68DB680BB10E489847302383F31188E5
:1022A00004EB85046368986941680C30FEF70EFA08
:1022B000002383F31188F8BD97F800E000F801EBE4
:1022C000CBE7044A137D03F0FE031375F3E700BF69
:1022D000544900200040014020400140F8B5204C06
:1022E000861C04EB86035D6801466A69D2E9000337
:1022F000834218D3012223898A4023EA02032381DF
:10230000AB680BB120469847302383F3118804EB68
:1023100086046368002158690C30FEF7D7F9002362
:1023200083F3118817E00F4FB97317693B4453606B
:10233000C31ADFD0288A984228BF184693681061D4
:102340003B449360084A184402EB8102984203D14F
:102350000122044B5A74F8BD13F8011B1170F5E704
:102360005449002000400140204001402DE9F04147
:10237000874B9B799D07DFB202D58648FFF700F8AF
:102380007C0702D58348FEF795FF380713D5814CAB
:102390006368DB6823B97E4AD37A03F0F703D3720C
:1023A0002378052B02D17B48FEF7EAFF6368DB68E0
:1023B0000BB178489847764B9A781D7902F0FF0662
:1023C000EDB252B9002D39D1FB0702D57148FEF7A5
:1023D000A9FFBDE8F041FEF781BAF10729D5002138
:1023E0006C4CE068997393F811C01CF0040F5FFA0D
:1023F0008CF21CBF597484F8341012F010010CD008
:102400008021634B5974002384F83430D20710D5EF
:10241000436800215F4898470BE094F83430152B4F
:1024200074D006D8092B23D003D8002BEED0062B6E
:10243000ECD0B20702D50120FFF750FF730702D599
:102440000220FFF74BFF340702D50320FFF746FFBA
:10245000A80702D50120FFF7E7FE690702D5022091
:10246000FFF7E2FE2A07AFD50320FFF7DDFEABE75B
:10247000DFF81CC19CF8113013F00202D9B2D8D198
:1024800001F01103112BD4D043698CF80E205A6847
:10249000D3F810E0D3F800800EEB02015960B8EBDE
:1024A0000101028A16D08A4228BF0A4699681A6139
:1024B000714499608B18994207D1038A9A4234BFBC
:1024C0000A2202228CF81120B3E711F8014B8CF894
:1024D0002040F0E7964504D10A228CF811201961BA
:1024E000A7E7238923F00103238183680BB12948DF
:1024F0009847302383F311880021E36858690C3032
:10250000FEF7E4F8002383F3118892E7DFF880E018
:102510009EF81130DB078CD583699A688EF80E100F
:102520009EF816C05FFA8CF19444944527D19A68BE
:102530000A449A605A680A445A601A68521A1A6021
:102540001A8A013A92B21A82438A8B424FF00001F2
:102550000F4B997300D8BAB948225A74638923F093
:1025600001036381E368DB6813B1002109489847E0
:10257000302383F31188E36898694168BFE79EF8C8
:10258000208002F8018BD0E740225A7451E700BF47
:1025900000400140544900200148FEF7C9BD00BF7A
:1025A0005449002010B50478012C0ED1074AC260AE
:1025B000FFF786F90022064B0D21DA72DC715A72A0
:1025C0000E20BDE81040FFF796B810BD8C39010809
:1025D0000040014010B503780446012B0CD00E20BA
:1025E000FFF79FF80022054B2046DA72DA715A7223
:1025F000BDE81040FFF792B910BD00BF0040014098
:1026000090F84E20014B1A70704700BF0040014007
:1026100000EB8100334BC26801F00F0110B59973D4
:10262000106800F00300002955D002282AD00328A2
:1026300028D0012825D153690BB993690BB3E02049
:10264000284B9874108AC0F3C7001874402058743F
:102650000820587458740120DC7900FA01F1C9B2DD
:1026600044EA0100D871C0205875528AC2F3C702EB
:10267000DA7480221A7510221A751A755A7A0A436A
:102680005A7210BD506980B100209874108A0124DC
:10269000C0F3C70018744020587408205874587448
:1026A000D8798C402043C0B2D8719369002BE8D010
:1026B00000200C4B5875528A0120C2F3C702DA740D
:1026C00080221A7510221A751A755A7A00FA01F1C9
:1026D0000A43D2B2D4E70028D3D1DA7942F001021A
:1026E000DA71CEE700400140002208B50B4BDA71E9
:1026F0005A724268D2681AB1DA7A42F00802DA7283
:10270000074B0021C360FFF783FF0122034B5A7080
:10271000DA7A42F00102DA7208BD00BF00400140DF
:102720008C39010870B50D4B0021DA79402602F092
:102730000102DA71082401228025102059729A734F
:102740000132D2B2042A99745E745C745C74597557
:102750001D7518751875F2D170BD00BF004001409D
:102760000B4B01F00F029A7339B95A7C50070DD404
:10277000D879400000F002007047197D890605D421
:10278000587A104100F00100400070470120704766
:10279000004001400B4B01F00F029A7339B95A7C8B
:1027A00050070DD4D879400000F002007047597CE2
:1027B000C90605D4D879104100F0010040007047E7
:1027C0000120704700400140064B01F00F0103EB70
:1027D000810302F10801187802F8010B9142FAD145
:1027E000704700BF204001404822044B01F00F0118
:1027F00099735A74002380F83430704700400140C8
:1028000000EB8100C06801F00F0281690B6873B1B1
:10281000408A0344013BB3FBF0F39BB20B82064BAF
:102820009A7332B11A7D02F0FE021A7570470123C5
:10283000F4E740225A7470470040014000EB8103E6
:1028400011F00F0170B508BF4025DB6808BF124CBE
:102850005A6908BFA1731B8A08BF65741468A34234
:1028600028BF23460D4C1361926804EB8104D518F0
:10287000954205D1084A917331B10123537470BD5B
:1028800012F8016B2670F3E7517CC168098A8B420C
:1028900034BF0A230223F1E70040014020400140F9
:1028A000054B01F00F01997311B120221A75704781
:1028B00060225A74704700BF00400140044B01F091
:1028C0000F01997311B110225A7470476022FBE70F
:1028D00000400140044B01F00F01997311B18022B7
:1028E0001A7570475974704700400140044B01F05D
:1028F0000F01997311B140225A747047597470478F
:042900000040014052
:10290400B400B40C0A0C0B0C0D0C0E474847494795
:102914004A474B474C4D4E4D4F4D504D514D5253E0
:10292400545355535653575358595A595B595C5934
:102934005D595E5F605F615F625F635F646566658A
:1029440067656865696A6B6A6C6A6D6A6E6F706FD9
:10295400716F726F737475747674777478797A7929
:102964007B797C797D7E7F7E807E817E8283848379
:1029740085838683878889888A888B888C8D8E8DC9
:102984008F8D908D919293929492959296D5B199C0
:10299400002020202020202020202828282828202B
:1029A4002020202020202020202020202020202023
:1029B400208810101010101010101010101010108B
:1029C400100404040404040404040410101010107B
:1029D4001010414141414141010101010101010145
:1029E4000101010101010101010101011010101097
:1029F4001010424242424242020202020202020217
:102A0400020202020202020202020202101010106A
:102A14002000000000000000000000000000000092
:102A240000000000000000000000000000000000A2
:102A34000000000000000000000000000000000092
:102A44000000000000000000000000000000000082
:102A54000000000000000000000000000000000072
:102A64000000000000000000000000000000000062
:102A74000000000000000000000000000000000052
:102A84000000000000000000000000000000000042
:102A940000102000400000008001020408102040C3
:102AA40080005000510052004F003A3B3C3D3E3FF5
:102AB4004041424300000000004445002A0000DD7C
:102AC4000F4100082C0000DD094100082D0000FF23
:102AD400F74000082E0022FFE5400008380000FF00
:102AE400DD400008090011DDD7400008050011DDB4
:102AF400D14000080000000000000000393A3B3CCF
:102B04003D3E3F40414200610D0A004E555436356A
:102B140020425431004E5554363520425432004E32
:102B24005554363520425433004E555436352042E0
:102B34005434004E55543635204254350063300029
:102B44006D61696E0069646C650065786974006B19
:102B5400696C6C000102030405060600000102030F
:102B6400040500FF55FFAAFF2BFFBFFF80FF0000F5
:102B7400060D0F10191A220D0E0F10111213141531
:102B84001617181D202125290204050607090B0C18
:102B94000000FF00FF55FFAAFF2BFFBFFF6A0101E2
:102BA4002D141D1460EA000020BF0200E09304000D
:102BB400C0270900804F120040771B00E0930400F7
:102BC40000080040010800400208004003080040DB
:102BD400060000400A0400400B0400400C040040BE
:102BE4000D0400400E0400400A00004006080040A6
:102BF4000708004008080040090800404C00450050
:102C04004B00550000004E005500540036003500BE
:102C1400200032002E0034004700200057006900D5
:102C2400720065006C006500730073000000000012
:102C34000948032181620C21C162084890F81003FD
:102C4400074900F00F000A68824200D008600020A3
:102C5400401C2328FCDB70470000014000F0FF1FEC
:102C6400040401400748032181620C21C162064823
:102C7400016801F00F01082901D90821016000BF92
:102C840000BF7047000001400404014000080040F8
:102C9400010800400208004003080040060000400C
:102CA4000A0400400B0400400C0400400D040040E2
:102CB4000E0400400A0000400608004007080040D7
:102CC40008080040090800400100004002000040DC
:102CD40003000040040000400D080040FFFFFFFF18
:102CE4000500407EE600E700E5860008C986000886
:102CF400C8000100380000000080FF00558700086C
:102D040000000000FD86000837870008000000006E
:102D1400C02A0108187E197E01000100010001008B
:102D2400010001000100010001000100FF55000045
:102D3400000000000000000000000000000000008F
:102D44000000000000000000000000000000FF552B
:102D5400000000000000000000000000000000006F
:102D640000000000000000000000FF55FF55FF5563
:102D7400000000000000000000000000000000004F
:102D8400000000000000000000000000000000003F
:102D9400000000000000000000000000000000002F
:102DA400FF550000000000000000000000000000CB
:102DB400000000000000000000000000FF55FF5567
:102DC400FF550000000000000000000000000000AB
:102DD40000000000000000000000000000000000EF
:102DE400FF5500000000000000000000000000008B
:102DF40000000000000000000000000000000000CF
:102E04000000FF550000000000000000000000006A
:102E14000000000000000000000000000000FF555A
:102E2400FF55FF55000000000000000000000000F6
:102E3400000000000000000000000000000000008E
:102E4400000000000000000000000000000000007E
:102E540000000000FF55000000000000000000001A
:102E6400000000000000000000000000000000005E
:102E7400FF55FF55FF550000000000000000000052
:102E8400000000000000000000000000000000003E
:102E940000000000FF5500000000000000000000DA
:102EA400000000000000000000000000000000001E
:102EB400000000000000FF550000000000000000BA
:102EC40000000000000000000000000000000000FE
:102ED4000000FF55FF55FF550000000000000000F2
:102EE40000000000000000000000000000000000DE
:102EF40000000000000000000000000000000000CE
:102F04000000000000000000FF5500000000000069
:102F140000000000000000000000000000000000AD
:102F240000000000FF55FF55FF55000000000000A1
:102F3400000000000000000000000000000000008D
:102F4400000000000000000000000000000000007D
:102F5400000000000000000000000000000000006D
:102F6400000000000000000000000000000000005D
:102F7400000000000000000000000000000000004D
:102F8400000000000000000000000000000000003D
:102F9400000000000000000000000000000000002D
:102FA400000000000000000000000000000000001D
:102FB400000000000000000000000000000000000D
:102FC40000000000000000000000000000000000FD
:102FD40000000000000000000000000000000000ED
:102FE40000000000000000000000000000000000DD
:102FF40000000000000000000000000029001E0086
:103004001F002000210022002300240025002600A8
:1030140027002D002E002A004C002B0014001A005B
:103024000800150017001C0018000C001200130003
:103034002F0030003100B7003900040016000700EB
:1030440009000A000B000D000E000F0033003400CD
:1030540000002800B600E10000001D001B0006006F
:103064001900050011001000360037003800E50093
:1030740052004D00E000E300E200000000002C00DC
:103084000000000000000000407E25525000510066
:103094004F000000000000000000000000000000DD
:1030A400000000000000000000000000000000001C
:1030B400037C3A003B003C003D003E003F004000E2
:1030C400410042004300AA00A9000B7E0D7E35009A
:1030D400007E017E027E037E047E01000100010069
:1030E400010001000100010021780C7E01000100B3
:1030F4000100087E01000100470048004A004D001D
:103104000100010000002378107E0100000001008E
:10311400010001000100010013700A7E010001009A
:10312400010024522778117E077E0B700E7E00006A
:103134000000057E0000000000000000067E010083
:103144002A78287829780000000000000000000098
:10315400000000000000000000000000000000006B
:103164000000000029001E001F0020002100220092
:10317400230024002500260027002D002E002A000D
:1031840049002B0014001A000800150017001C0049
:1031940018000C00120013002F00300031004C0006
:1031A400390004001600070009000A000B000D0096
:1031B4000E000F0033003400000028004B00E10033
:1031C40000001D001B00060019000500110010007E
:1031D400360037003800E50052004E00E000E200FF
:1031E400E300000000002C000000000000000000CC
:1031F400407E2552500051004F00000000000000A6
:1032040000000000000000000000000000000000BA
:103214000000000000000000037C3A003B003C007A
:103224003D003E003F004000410042004300440096
:1032340045000B7E0D7E3500007E017E027E037EFE
:10324400047E0100010001000100010001000100F1
:1032540021780C7E010001000100087E01000100BC
:10326400470048004A004D00010001000000237897
:10327400107E0100000001000100010001000100B6
:1032840013700A7E01000100010024522778117E88
:10329400077E01000E7E00000000057E0000000095
:1032A40000000000067E01002A78287829780000B2
:1032B400000000000000000000000000000000000A
:1032C400000000000000000000000000007C01007D
:1032D40001000100010001000100010001000100E2
:1032E40001000100010001000100010001000F7E46
:1032F40001000100010001000100010001000100C2
:1033040001000100010001000100010001000100B1
:1033140001000100010001000100097E010001001B
:103324000000010001000100000001000100010093
:103334000100010001000100010001000100010081
:103344000100010001000100010000000000010073
:103354000000000000000000010001000100010065
:103364000100000000000000000000000000000058
:103374000000000000000000000000000000000049
:10338400037C3A003B003C003D003E003F0040000F
:1033940041004200430044004500010001000100D7
:1033A400007E017E027E037E047E01000100010096
:1033B40001000100AA00A9000100010001000100B0
:1033C40001000100010001000100010001000100F1
:1033D40001000100000001000100010000000100E3
:1033E40001000100010001000100010001000100D1
:1033F40001000100010001000100010001000000C2
:103404000000057E00000000000000000100010033
:1034140001000100010000000000000000000000A5
:103424000000000000000000000000000000000098
:1034340000000000E200E900EA00B500B600B700B1
:10344400CD008301CC008A01920194012102230260
:1034540024022502260227022A02B300B4006F00C8
:1034640070009F01CB019F02A002E200E900EA0084
:10347400B500B600B700CD008301CC008A019201EB
:1034840094012102230224022502260227022A0291
:10349400B300B4006F0070009F01CB019F02A00233
:1034A40000080040010800400208004003080040F2
:1034B400060000400A0400400B0400400C040040D5
:1034C4000D0400400E0400400A00004006080040BD
:1034D40007080040080800400908004001000040B7
:1034E4000200004003000040040000400D080040BA
:1034F400FFFFFFFF003131295A1B750A89D60008E6
:1035040031D600086DD600089DD6000800010101DF
:10351400010101010101020202020202020202038C
:10352400030303030303030404040404040405055C
:10353400050505060606060607070707070808081F
:1035440008090909090A0A0A0B0B0B0C0C0C0D0DCE
:103554000D0E0E0E0F0F0F10101111111212131366
:103564001414151516161717181819191A1A1B1BDF
:103574001C1D1D1E1E1F202021222223242425263B
:1035840026272829292A2B2C2D2D2E2F3031323273
:10359400333435363738393A3B3C3D3E3F4041427F
:1035A400434445464748494A4C4D4E4F5051535465
:1035B400555658595A5B5D5E5F6162646566686919
:1035C4006B6C6D6F7072737577787A7B7D7E808299
:1035D400838587888A8C8E8F91939596989A9C9EE2
:1035E400A0A2A3A5A7A9ABADAFB1B3B5B7BABCBEF2
:1035F400C0C2C4C6C9CBCDCFD1D4D6D8DBDDDFE2BF
:10360400E4E7E9EBEEF0F3F5F8FAFDFF00FF010063
:10361400010000FFFF0000010001FF0000000000A6
:10362400000400400F000000000000002000000023
:1036340000000000000000002A2B28000000000009
:10364400000000000000000000000029000000004D
:103654002C1E3420212224342627252E362D3738BB
:10366400271E1F202122232425263333362E3738C4
:103674001F0405060708090A0B0C0D0E0F10111282
:10368400131415161718191A1B1C1D2F3130232D4E
:10369400350405060708090A0B0C0D0E0F1011124C
:1036A400131415161718191A1B1C1D2F3130354CFD
:1036B4000000000000000000000000000000000006
:1036C40000000000000000000000000000000000F6
:1036D400000000007E0F00D4FFFFFFC70000007849
:1036E40051F70008B1F6000899F500080000000041
:1036F4004422B60083380108AB370108CD370108EE
:10370400503701086937010889370108040A0C0099
:103714003A3701082E370108203701080C034E0000
:10372400550054003600350000000A034C004500E3
:103734004B00550000000403090409025B00030167
:1037440000A0FA090400000103010100092111018C
:103754000001224400070581030800010904010057
:1037640002030000000921110100012222000705C3
:10377400820320000107050203200001090402005E
:10378400010300000009211101000122B600070510
:10379400830320000112010002000000402D341AAE
:1037A400E51800010200010660FF0961A101096238
:1037B400150026FF0095207508810209631500266F
:1037C400FF00952075089102C005010902A1018539
:1037D400020901A10005091901290815002501950F
:1037E40008750181020501093009311581257F958C
:1037F400027508810609381581257F9501750881B0
:1038040006050C0A38021581257F95017508810685
:10381400C0C005010980A101850319012AB700155B
:103824000126B700950175108100C0050C0901A19E
:1038340001850419012AA002150126A0029501752B
:10384400108100C005010906A1018506050719E0DC
:1038540029E715002501950875018102050719005E
:1038640029EF1500250195F075018102050819015C
:103874002905950575019102950175039101C0050E
:10388400010906A101050719E029E715002501959D
:103894000875018102950175088101050719002940
:1038A400FF150026FF00950675088100050819011B
:1038B40029051500250195057501910295017503EA
:1038C4009101C00098430108A8490020A84900209C
:1038D400A8490020984301080000000000000000EF
:1038E40000000000984301080000000000000000F0
:1038F40000000000984301080000000000000000E0
:1039040000000000984301080000000000000000CF
:1039140000000000984301080000000000000000BF
:1039240000000000984301080000000000000000AF
:10393400000000009843010800000000000000009F
:1039440000000000412B01082843002038440020D7
:1039540000000000390F0108290F0108590F010860
:10396400490F0108530F0108430F0108330F0108E1
:10397400230F0108630F010801000000000000008C
:1039840000960000030000000000000099130108E5
:10399400F5210108C12101084000400040440020F5
:1039A4004044002001000000384400205245454EA8
:1039B40054206D616C6C6F6320737563636565641B
:1039C400656400002E2E2F2E2E2F2E2E2F2E2E2FFE
:1039D4002E2E2F2E2E2F6E65776C69622F6C6962E6
:1039E400632F7374646C69622F72616E642E63005A
:1039F4002C2066756E6374696F6E3A2000000000B7
:103A0400617373657274696F6E2022257322206658
:103A140061696C65643A2066696C652022257322AD
:103A24002C206C696E65202564257325730A0000BB
:103A3400232D302B20000000686C4C006566674520
:103A44004647000030313233343536373839414255
:103A540043444546000000003031323334353637B4
:0C3A640038396162636465660000000090
:083A7000D4C7FE7F0100000035
:103A7800040C0020000000002015002088150020FC
:103A8800F015002000000000000000000000000009
:103A9800000000000000000000000000000000001E
:103AA800000000000000000000000000000000000E
:103AB80000000000000000000000000000000000FE
:103AC8000000000003000000201500200000FF0097
:103AD800010000005D560008E1560008B1580008D2
:103AE800295700088557000801000000E0930400EA
:103AF80000000064FFFFFF38393A3B3C3D3E3F4041
:103B08004142434445460504030201003736353433
:103B1800333231302F0622232425262728292A2B21
:103B28002C2D2E21201F1E1D1C1B1A1918171615A7
:103B3800140708090C0F10111213000000000000F0
:103B4800FA00000000000000010000000000000072
:103B58001500000000000000FFFFFF00FA00000051
:103B6800000000000100000000000000120000003A
:103B780000000000FFFFFF00FA0000000000000046
:103B88000100000000000000130000000000000019
:103B9800FFFFFF00FA000000000000000100000025
:103BA800000000001100000000000000FFFFFF00FF
:103BB800FA00000000000000010000000000000002
:103BC8001A00000000000000FFFFFF00FA000000DC
:103BD80000000000010000000000000024000000B8
:103BE80000000000FFFFFF00FA00000000000000D6
:103BF8000100000000000000460000000000000076
:103C0800FFFFFF00FA0000000000000003000000B2
:103C180000000000FA0000000D6A00080000000023
:103C2800FA0000000000000003000000000000008F
:103C3800FB000000116A000800000000FA00000004
:103C4800000000000300000000000000FF0000006A
:103C5800816A0008003000000101010008003839BD
:103C68003A3B3C3D3E3F4041424344454605040300
:103C780002010037363534333231302F06222324FF
:103C880025262728292A2B2CFF2D2E21FF201F1E11
:103C98001D1C1B1A19181716151407080996FF0C6E
:103CA800FFFFFFFF0F10111213474D53595F656A4D
:103CB8006F74797E83888D92500D400D300D200DE4
:103CC800100D000D001A00331033203300000000DF
:103CD800503300000000A033B033C033D033E0339A
:103CE800E026D026C026B026A0269026802670265C
:103CF800602650264026302620260026101A201A34
:103D0800301A401A501A601A701A801A901AA01A9B
:103D1800B01AD01AE01AE00DD00DC00DB00DA00DEC
:103D2800900D800D700D600D000010002000300017
:103D3800400050006000700080009000A000B000BB
:103D4800C000D000E00000400000000000000000BB
:103D580000001040000000000000000000002040AB
:103D680000000000000000000000304000000000DB
:103D780000000000000040400000000000000000BB
:103D880000005040000000000000000060400000FB
:103D9800000000000000704000000000000000006B
:103DA800804000000000000000009040000000007B
:103DB80000000000A0400000000000000000B0402B
:103DC8000000000000000000C040000000000000EB
:103DD8000000D0400000000000000000E0400000AB
:103DE80000000000000004040404040404040404A3
:103DF800040404040404040404040404040404047B
:103E0800040404040404040404040404040404046A
:103E1800040404040404040404040404040404045A
:103E2800040404040404040404040404040404044A
:103E3800040404040404040404040404040404043A
:103E4800040404040404040404040404040404042A
:103E5800040404040404040404040404040404041A
:103E6800040404040404040404040404040404040A
:103E780004040404040404040404040404060600FA
:103E8800532500207325002069A600080300FF00C1
:103E9800FFFF3905280850011E0A1401030201001A
:103EA800009600000300000001000000D9F9000896
:103EB80005FA00080FFA000819FA000823FA0008A2
:103EC80000000000000000000000000000000000EA
:103ED80000000000000000000000000000000000DA
:103EE80000000000000000000000000000000000CA
:103EF80000000000000000000000000000000000BA
:103F080000000000000000000000000000000000A9
:103F18000000000000000000000000000000000099
:103F28000000000000000000000000000000000089
:103F38005449002002000000040000002000000096
:103F4800A440002000000000000000000000000065
:103F58000000000000000000000000000000000059
:103F68000000000000000000000000000000000049
:103F78000000000000000000000000000000000039
:103F880003000000000000003DFD000800000000E4
:103F980020000000000000000000000002000000F7
:103FA8000000000000000000000000000000000009
:103FB80000000000000000000000000000000000F9
:103FC80000000000000000000000000000000000E9
:103FD80054490020030000000400000020000000F5
:103FE800F44100200000000000000000A813002099
:103FF80000000000000000000000000000000000B9
:1040080000000000000000000000000000000000A8
:104018000000000000000000000000000000000098
:104028000000000000000000030000000000000085
:104038003DFD00080000000008000000000000002E
:104048000000000002000000000000000000000066
:104058000000000000000000000000000000000058
:104068000000000000000000000000000000000048
:10407800000000000000000054490020010000007A
:104088000400000008000000C441002000000000F7
:10409800000000003C1300200000000000000000A9
:1040A8000000000000000000000000000000000008
:1040B80000000000000000000000000000000000F8
:1040C80000000000000000000000000000000000E8
:1040D80003000000000000003DFD0008D3FD0008BB
:1040E8002000200000000000000000000200000086
:1040F80000000000000000000000000000000000B8
:1041080000000000000000000000000000000000A7
:104118000000000000000000000000000100000096
:1041280054490020020000000400000020000000A4
:10413800344100200000000000000000D0120020E0
:10414800EC12002051FF000831FF000867FF00084B
:10415800490001086500010871000108F0120020FB
:104168000000000000000000000000000000000047
:104178000000000000000000000000000000000037
:104188000000000000000000000000000000000027
:104198000000000000000000000000000000000017
:1041A800000000000000000020000000581300205C
:1041B80051FF000831FF000867FF000849000108A7
:1041C80065000108710001085C1300200000000070
:1041D80000000000000000000000000000000000D7
:1041E80000000000000000000000000000000000C7
:1041F80000000000000000000000000000000000B7
:1042080000000000000000000000000000000000A6
:104218000000000008000000C4130020ADFF0008E3
:1042280085FF0008C9FF0008C1000108E500010872
:10423800FD0001080000000000000000CC14002070
:10424800801400203414002000000000E81300202F
:104258000000000000000000000000000000000056
:104268000600000000000000000000000000000040
:104278000000000000000000000000000000000036
:104288000000000000000000000000000000000026
:104298000000000000000000000000000000000016
:1042A80020000000000000000000000004000000E2
:1042B80000000000000000000000000000000000F6
:1042C80000000000000000000000000000000000E6
:1042D80000000000000000000000000000000000D6
:1042E80000000000000000000000000003000000C3
:1042F80000000000000000000300000000000000B3
:1043080000000000000000000000000000000000A5
:104318000000000000000000000000000000000095
:104328000000000000000000000000000000000085
:104338000000000000000000030000000000000072
:104348000000000002000000000000000000000063
:104358000000000000000000000000000000000055
:104368000000000000000000000000000000000045
:104378000000000000000000000000000000000035
:1043880000000000060000000102000000D8B80587
:04000005080001B935
:00000001FF
