:020000040800F2
:1000000000040020B9010008BB010008BB01000882
:10001000BB010008BB010008BB010008BB010008D0
:10002000BB010008BB010008BB010008E501010895
:10003000BB010008BB010008BB0100083F16010816
:10004000BB010008BB010008BB010008BB010008A0
:10005000BB010008BB010008311301085913010856
:1000600081130108A9130108D1130108BB0100087D
:10007000BB010008BB010008D11C0108BB0100083E
:10008000F9130108BB010008BB010008BB0100080F
:10009000BB010008BB010008BB010008BB01000850
:1000A000BB010008BB010008E5180108F9180108A8
:1000B000BB010008BB010008BB010008BB01000830
:1000C0005D1601085D140108BB010008BB010008B2
:1000D000BB010008BB010008BB010008BB01000810
:1000E00072B6264880F30888254880F30988254899
:1000F00025490860022080F31488BFF36F8F0FF04A
:10010000A5FD0FF05DF94FF0553020491B4A914293
:100110003CBF41F8040BFAE71D49194A91423CBF24
:1001200041F8040BFAE71B491B4A1C4B9A423EBF9D
:1001300051F8040B42F8040BF8E700201849194A5B
:1001400091423CBF41F8040BFAE70FF083FD0FF03A
:100150007EFD154C154DAC4203DA54F8041B88475C
:10016000F9E70AF077F8124C124DAC4203DA54F872
:10017000041B8847F9E70FF06BBD00000004002066
:10018000000C00200000000808ED00E00000002046
:1001900000040020DC330108000C002020150020A2
:1001A0002015002098490020E0000008E000000829
:1001B000E0000008E000000892E700F000F8FEE729
:1001C0002DE9F04FC1F80CD0C3689D46BDE8F08F13
:1001D000002383F311882846A04700200FF008FF72
:1001E000FEE70FF05FFE00DFFEE7000053B94AB9FB
:1001F000002908BF00281CBF4FF0FF314FF0FF302F
:1002000000F09AB9ADF1080C6DE904CE00F01AF8CF
:10021000DDF804E0DDE9022304B07047430803F091
:100220005533C01A830803F0333300F033301844D9
:1002300000EB101000F00F3000EB002000EB00404E
:10024000000E70472DE9F047089D0F4604468E4684
:10025000002B48D18A42164661D9B2FA82F24AB1DD
:10026000C2F1200301FA02FE20FA03F3964043EAAA
:100270000E0E94404FEA164CBEFBFCF1B7B20CFBDD
:1002800011EE01FB07F0230C43EA0E43984209D913
:10029000F31801F1FF3E80F0ED80984240F2EA80D1
:1002A000023933441B1AB3FBFCF00CFB103300FB88
:1002B00007F7A4B244EA0344A74209D9341900F16C
:1002C000FF3380F0D980A74240F2D6803444023810
:1002D00040EA01400021E41B1DB10023D440C5E9E0
:1002E0000043BDE8F0878B4206D90DB1C5E9000196
:1002F00000210846BDE8F087B3FA83F1002947D111
:10030000BB4202D3824200F20481841A67EB0302EB
:1003100001209646002DE4D0C5E9004EE1E7002A11
:1003200000F09080B2FA82F2002A40F0A780881B89
:100330000121370C1FFA86FEB0FBF7FC07FB1C00FF
:10034000230C43EA00430EFB0CF0984207D9F31844
:100350000CF1FF3802D2984200F2E080C4461B1A2A
:10036000B3FBF7F007FB10330EFB00FEA4B244EA28
:100370000344A64507D9341900F1FF3302D2A6453C
:1003800000F2C9801846A4EB0E0440EA0C40A3E733
:10039000C1F120068B4022FA06FC4CEA030C27FA36
:1003A00006FA4FEA1C49BAFBF9F88F4020FA06F327
:1003B00009FB18AA1FFA8CFE3B4300FA01F708FB61
:1003C0000EF01C0C44EA0A44A04202FA01F20BD9D6
:1003D0001CEB040408F1FF3A80F09980A04240F23F
:1003E0009680A8F102086444241A98B2B4FBF9F389
:1003F00009FB134403FB0EFE40EA0444A64508D95A
:100400001CEB040403F1FF307FD2A6457DD9023BEB
:10041000644443EA0840A4EB0E04A0FB028E74453A
:100420004346F14661D35ED055B1FA1A64EB090434
:1004300004FA06F622FA01F31E43CC40C5E9006433
:1004400000214EE743084FEA510C43EAC1710A0C00
:1004500042EA0C428BB2C407B2FBF6F143EA024314
:10046000BCFBF6FCB646304637461F22181A41EA56
:100470000C4161E7714615E7184629E7C2F12003F0
:1004800021FA03F0964024FA03F397403B43370CDC
:10049000B0FBF7F807FB18001FFA86FE190C41EABB
:1004A000004108FB0EF0884204FA02F43AD97118B0
:1004B00008F1FF3C01D288421ED8091AB1FBF7F8B7
:1004C00008FB0EF007FB18119BB243EA014383427D
:1004D0002FD2F31808F1FF31C8D28342C6D2A8F157
:1004E00002013344C2E747459ED2B8EB02036EEBEC
:1004F0000C0E0138F14697E7301A0144A8F1020CBE
:10050000B1FBF7F808FB0EF0DCE7034681E7D046C5
:100510006AE70846FEE63444023834E7ACF1020CE0
:1005200033441CE7091AC446B1FBF7F808FB0EF088
:10053000C8E741469AE700BF704700BF38B5124B85
:1005400004461D682A6B1AB10023C2E9044338BD72
:10055000182000F039FA0246286378B100210B23F5
:1005600001209381C2E90401084B0949094DC2E900
:10057000011300231560C2E9044338BD4621064B30
:10058000064800F0FFF800BF000C0020ECDE05007C
:1005900034126DE60E33CDAB143301082C33010851
:1005A00038B5194B1C68226B8AB113691749546915
:1005B00003FB01F1164800FB0411A3FB00300133DB
:1005C00041EB0001C2E9043121F0004038BD1820A0
:1005D00000F0FAF90246206388B1012400250B23BC
:1005E0000A480C49C2E90445116001460A4D0B4C0A
:1005F00093810B4BC2E90154C2E9043138BD522149
:10060000084B094800F0BEF8000C00202DF45158AA
:100610002D7F954C0E33CDAB34126DE6ECDE05002C
:100620002E7F954C143301082C33010820F0030170
:1006300010F00300C0F1000051F8043B00F1040C7D
:100640004FEACC0C6FF000021CBF22FA0CF21343ED
:100650004FF0010C4CEA0C2C4CEA0C4CA3EB0C02B6
:1006600022EA030212EACC1204BF51F8043B043020
:10067000F4D0C2F1000102EA0102B2FA82F2C2F140
:100680001F0200EBD200704788420ED98B188342BC
:100690000BD900EB020C002A6DD0624613F801CD95
:1006A000994202F801CDF9D170470F2A0FD80346BD
:1006B00002F1FF3C002A5ED00CF1010C013B8C449E
:1006C00011F8012B614503F8012FF9D1704740EA79
:1006D00001039B0750D1A2F1100370B501F1200C6A
:1006E00023F00F0501F1100E00F11004AC441B09BA
:1006F0005EF8105C0EF1100E44F8105C5EF81C5CA5
:10070000103444F81C5C5EF8185C44F8185C5EF821
:10071000145CE64544F8145CEAD1013312F00C0F86
:1007200001EB031102F00F0400EB031328D08E46F7
:10073000043C24F003064FEA940C1E441C1F5EF890
:10074000045B44F8045FB442F9D10CF1010402F0F7
:10075000030203EB840301EB840102F1FF3C4AB185
:100760000CF1010C013B8C4411F8012B614503F89D
:10077000012FF9D170BD7047034602F1FF3C9BE7A2
:100780002246EAE7144600B51A460A4B0D461B6896
:1007900085B0DE6803464CB10749019130460749F0
:1007A0000294009500F02EF900F090F804490C46F0
:1007B000F3E700BF000C002058330108683301083C
:1007C0006433010808B513460022FFF7DBFF00BFC2
:1007D00070B5860747D0541E002A3ED00346CAB2E1
:1007E00001E0013C39D303F8012B9D07F9D1032C1B
:1007F0002CD9CDB205EB05250F2C1A4605EB054586
:1008000034D9A4F1100C2CF00F0603F1100EB644ED
:100810004FEA1C1CC2E90055C2E90255103272456C
:10082000F8D10CF1010214F00C0F03EB021204F0EA
:100830000F0C13D0ACF1040323F00303043313446F
:1008400042F8045B9342FBD10CF003042CB1C9B213
:100850001C4403F8011BA342FBD170BD6446134640
:10086000002CF4D1F9E703461446C0E7A446E1E7BB
:10087000032A30B415D941EA0004A40784460B4684
:1008800004D0541E0FE0043A032A08D919466046E2
:1008900053F8044B5CF8045BA542F4D0F1E76046E2
:1008A0001946541E7AB1431E0139021901E09A42D9
:1008B00009D013F8010F11F801CF6045F7D0A0EB74
:1008C0000C0030BC7047002030BC7047062008B5D3
:1008D00000F042F9012010F0ADFB00BF844641EA70
:1008E000000313F0030349D1403A23D30B6803609C
:1008F0004B6843608B688360CB68C3600B6903619E
:100900004B6943618B698361CB69C3610B6A036285
:100910004B6A43628B6A8362CB6AC3620B6B03636D
:100920004B6B43638B6B8363CB6BC3634030403152
:10093000403ADBD230320BD30B6803604B68436024
:100940008B688360CB68C36010301031103AF3D2EB
:100950000C3205D351F8043B40F8043B043AF9D279
:10096000043208D0D2071CBF11F8013B00F8013B4C
:1009700001D30B8803806046704700BF082A13D359
:100980008B07B1D010F00303AED0C3F10403D21A29
:10099000DB071CBF11F8013B00F8013BA4D331F881
:1009A000023B20F8023B9FE7043AD9D3013A11F801
:1009B000013B00F8013BF9D20B7803704B78437090
:1009C0008B78837060467047024B0146186800F0D0
:1009D000FDBE00BF000C0020024B0146186800F06D
:1009E00075BF00BF000C00200CB400B583B004AB91
:1009F00053F8042B019300F087F903B05DF804EB82
:100A000002B070470EB400B5074A82B003AB01468E
:100A1000106853F8042B019300F076F902B05DF8EA
:100A200004EB03B0704700BF000C002038B5C46B66
:100A30000CB1002038BD8021054600F0C7FE0246FB
:100A4000E86330B1031F7C3243F8044F9342FBD17B
:100A5000EFE74FF0FF3038BD30B51F29054683B0B2
:100A600008D8C36B0C4653B153F8240043F8242034
:100A700003B030BD162303604FF0FF30F8E780214C
:100A8000019200F0A3FE019A0346E8630028F3D028
:100A9000011F00F17C05002041F8040FA942FBD1A1
:100AA000E2E700BF1F2938B505461ED8C26B0C46C9
:100AB0006AB152F8213053B1012B06D0591C10D025
:100AC0000021204642F824109847002038BD2846CF
:100AD00001F070FA224601462846BDE8384001F090
:100AE00055BA162301202B6038BD16234FF0FF3076
:100AF0002B6038BD1F292BD838B5C36B0C46054673
:100B0000A3B153F8242003EB84034AB1511C0BD04A
:100B1000012A07D0002520461D609047284638BD91
:100B2000012038BD032038BD022038BD802100F0EF
:100B30004DFE0346E86340B100201A1F03F17C011B
:100B400042F8040F8A42FBD1DBE74FF0FF3038BD9B
:100B50004FF0FF30704700BF38B5134B1F281D689A
:100B60001DD8EA6B044662B152F820304BB1012B1C
:100B700005D0591C0FD0002142F8201098470020C2
:100B800038BD284601F016FA224601462846BDE83F
:100B9000384001F0FBB9162301202B6038BD162325
:100BA0004FF0FF302B6038BD000C0020114B1F2888
:100BB00070B51E6808D8F36B04460D464BB153F868
:100BC000240043F8245070BD162333604FF0FF30EB
:100BD00070BD8021304600F0F9FD0346F063002827
:100BE000F4D00021021F7C3042F8041F8242FBD166
:100BF000E5E700BF000C002038B50B4B1D68EC6B1F
:100C00000CB1002038BD8021284600F0DFFDE863EC
:100C100038B1031F00F17C0243F8044F9342FBD12B
:100C2000EFE74FF0FF3038BD000C002038B5174B10
:100C30001F281D6826D80446E86BA0B150F8242070
:100C400000EB84034AB1511C0BD0012A07D00025C8
:100C500020461D609047284638BD012038BD03203E
:100C600038BD022038BD8021284600F0AFFDE86382
:100C700040B10021031F00F17C0243F8041F93429E
:100C8000FBD1DBE74FF0FF3038BD00BF000C002088
:100C90009368013B002B936005DAD2F818C06345D6
:100CA00007DB0A2905D01368581C10600846197024
:100CB000704700F069BE00BF9BB1F8B5134406460B
:100CC0000F46541E5D1E01E0AC4208D03A46304645
:100CD00014F8011FFFF7DCFF431CF5D1F8BD00201D
:100CE000F8BD0020704700BF936810B514461BB9CB
:100CF00018460023636010BD00F08CF90023A36048
:100D00000023636010BD00BF2DE9F04FA1B08B46FA
:100D100091461C46049018B1036A002B00F0138121
:100D2000BBF80C30180740F18E80DBF81030002B38
:100D300000F08980002343F220020D9399F80030DF
:100D40000127824E0794ADF83920002B73D04D4611
:100D500003E015F8013F002B7FD0252BF9D1B5EB2F
:100D6000090A7DD12B78002B65D000234FF0FF328C
:100D70000135CDE9092308930B938DF863301E9359
:100D800006E02546089B801B07FA00F00343089302
:100D90002C46052214F8011B304600F0EFF8A1465E
:100DA0000028EED1089BD90644BF20228DF863208D
:100DB0001A0748BF2B22297848BF8DF863202A29BB
:100DC00064D1079A1168043200290792C0F2968014
:100DD0000B9169782E296FD05D4C0322204600F0DC
:100DE000CDF838B14022089B001B8240134309F123
:100DF0000109089319F8011B062256488DF838108E
:100E000000F0BCF800287FD0534B002B69D007A915
:100E100000915A460498514B08A9AFF30080039003
:100E2000039B013307D00D9B039A13440D9399F84C
:100E30000030002B8BD1BBF80C305B060AD40D9828
:100E400021B0BDE8F08F5946049800F037FC002827
:100E50003FF470AF4FF0FF30F2E7B5EB090AEAD08C
:100E600009F1FF3805954546DDF8108001E0A245FF
:100E70003ED92C465A46404615F8011FFFF708FF99
:100E800002340130A4EB0904F1D1D4E7A1F130021E
:100E9000092A88BFA9469DD80B9B00E00134217820
:100EA00003EB830302EB4303A1F13002092AF5D9D6
:100EB0002E29A1460B938FD199F801102A292DD103
:100EC000079B09F102001A680433002A0793B8BF90
:100ED0004FF0FF3399F8021009928146B8BF099389
:100EE0007AE7079B073323F00703083307939AE752
:100EF0000D99059D51442B780D9134E7494243F0FB
:100F000002030B91089364E707A900915A460498DD
:100F1000124B08A900F06CFE039081E70023A1F1B9
:100F20003002092A09F1010909933FF655AF19F872
:100F3000011F03EB830302EB4303A1F13002092AF3
:100F4000F5D9099348E700F0C5FAE9E698330108B6
:100F5000A0330108A433010800000000B90C000808
:100F60008C4600B586461346034A714610685DF804
:100F700004EB6246FFF7C8BE000C00205FFA81FC5C
:100F8000810744D00346511E22B909E09A0709D0CF
:100F9000013905D31846027801336245F6D170470E
:100FA00000207047184603290CD80029F8D00346C2
:100FB000014401E08B42F3D0184613F8012B62453F
:100FC000F8D1704710B50CEB0C24024604EB044436
:100FD00002E00439032915D9104652F8043B634056
:100FE000A3F1013E2EEA030313F0803FF1D0034644
:100FF000014401E08B4208D0184613F8012B6245EA
:10100000F8D110BD10460029F1D1002010BD1146C5
:10101000C9E700BF9368002B00F0F0802DE9F04F86
:10102000B1F90CC090461CF0080F81460C4683B005
:101030002BD00B694BB31CF00207D8F8006032D0FC
:101040004FF0000A5546D4F828B0216AAB4FC5B11D
:10105000BD422B46524628BF3B464846D84700284B
:1010600040F3C280D8F8083082441B1A2D1AC8F801
:101070000830002B00F0AE80D4F828B0216A002D93
:10108000E6D1D6E900A50836E1E72146484600F05A
:1010900015FB002840F0AD80B4F90CC0D8F8006012
:1010A0001CF00207CCD11CF0010A63D1574623681B
:1010B000A16818468B46002F58D01CF4007F00F022
:1010C000B180B9420A4600F2DD801CF4906F2FD047
:1010D000216962695D1A02EB420202EBD2726B1C5B
:1010E00052103B44934292BF93469B461A461CF4CF
:1010F000806F00F0E6801146484600F067FB00284C
:1011000000F0F5802A4621690190FFF7E7FBA289EC
:10111000019B22F4906242F08002A2815819C4F827
:1011200014B0ABEB05053A46BB462361A5602060D1
:101130003D46002751460192FFF7A6FAA1682368B1
:10114000019AA1EB0B011A44A1602260D8F8083083
:10115000AA445B1BC8F80830002B3BD02368A16869
:1011600018468B46B4F90CC0002FA6D1D6E900A7CB
:1011700008369EE73846BB463D46002D40D0002845
:1011800045D03A46D4E904C32068AA4228BF2A467B
:101190006045A16804D901EB030A524500F382803F
:1011A000934272DC5A464846216AD4F828C0E04788
:1011B000B0F1000A18DDB7EB0A070FD00120D8F80C
:1011C0000830D344A3EB0A03A5EB0A05C8F808309E
:1011D000002BD2D1002003B0BDE8F08F2146484655
:1011E00000F02AFA0028EAD0B4F90C3043F04003AA
:1011F000A3814FF0FF3003B0BDE8F08F00207047AF
:10120000756833460836002DFAD0D3F800B02A4668
:101210000A215846FFF7B2FE002865D00130A0EB46
:101220000B07AEE722699A4214D36569BD4211D813
:101230006FF00043BB4228BF3B4693FBF5F3524699
:1012400005FB03F34846A56A216AA847051ECBDDC6
:101250007F1B7BE7B94228BF39460D4618465146E9
:101260002A46FFF711FAA1682368491B2B44A160A5
:1012700023600029ECD12146484600F0DDF9002822
:10128000E6D0B1E7BB463A4652E759460192FFF72E
:10129000FBF9019AA36892469B1AA3602368134442
:1012A000236088E759465246FFF7EEF92368214646
:1012B00053444846236000F0BFF900283FF47BAF59
:1012C00092E7484600F0D0FB034600287FF426AFA3
:1012D0004846216900F0FAFA0C22B4F90C30C9F83A
:1012E000002023F0800381E76A1C17464AE70C229E
:1012F000B4F90C30C9F8002078E700BF00FCFF7F8C
:1013000000207047024A0349034800F08BBB00BF2E
:10131000500C002039160008040C00200C4B4168CA
:1013200010B59942044601D000F086F9A168094B36
:10133000994202D0204600F07FF9E168064B9942BD
:1013400004D02046BDE8104000F076B910BD00BFC3
:101350002015002088150020F0150020002070477F
:101360002DE9F84300250423294C2A490822C4F812
:10137000381104F15C002946DFF89C90DFF89C806E
:10138000274F284EC4E90335C4E90055C4E9055583
:10139000A5606566FFF71CFA234B0822294604F175
:1013A000C4006367C4E90849C4E90A87C4E91A5557
:1013B000C4E91E5526632567C4F8CC50C4F8805094
:1013C000FFF706FA194B2946C4F8DC30082204F16D
:1013D000680304F59670C4F88830C4E92398C4E91A
:1013E0002576C4E93455C4E93855C4F8D850C4F852
:1013F0003451C4F8E850FFF7EBF904F1D003C4E925
:101400003D98C4E93F76C4F8F030BDE8F88300BFEA
:101410002015002005130008B91F0008E11F00086F
:1014200021200008452000080900010012000200E8
:10143000F8B5254B0646D3F83831002B3CD0234F66
:10144000D7E90134013B04D51DE05A1C04F16804BE
:1014500019D0B4F90C50013B002DF6D11C4B0822D9
:101460002946C4E90155C4E90455E3606566256071
:10147000A56104F15C00FFF7ABF9C4E90D55C4E9BF
:1014800012552046F8BD3D680DB12F46D8E74FF400
:10149000D671304600F09AF9044680B10423056005
:1014A000294625460C304FF4D072A0606360FFF7E8
:1014B0008FF93C602F46C3E7FFF752FFBFE70C23CD
:1014C00038603360DDE700BF20150020500C00209D
:1014D0000100FFFF036A03B17047044B044AD3F8CD
:1014E00038310262002BF7D13AE700BF2015002007
:1014F0001D130008704700BF704700BF0020024A5C
:10150000024900F08FBA00BF500C00200113000800
:101510000020024A024900F085BA00BF500C0020AA
:101520005D130008F8B5B1F90C300C461E070746EC
:1015300039D44A68002A53DDE56A002D31D00022F3
:101540003E683A6013F48052216A55D1012338462F
:10155000A847451C024663D0B4F90C30E56A216AFD
:10156000580705D56368D21A636B0BB1236CD21A86
:1015700000233846A847421C40D0002223696260FD
:101580002360A389DB0400D56065616B3E6041B1D7
:1015900004F14403994202D0384600F097F9002341
:1015A00063630020F8BD0E69002EFAD09B0718BFB8
:1015B00000230D6808BF4B690E60AD1B8B600CE00B
:1015C0002B463246D4F828C03846216AE047B0F1AD
:1015D000000CA5EB0C05664406DD002DF0DCE0E711
:1015E0000A6C002AA8DCDCE7B4F90C3043F04003B5
:1015F0004FF0FF30A381F8BD626DB1E73968B4F9EF
:101600000C301D29F2D80B4ACA40D507EED500226E
:10161000626022692260DA04B7D50029B4D0B4E749
:101620003B68002B98D01D2B01D0162BDCD13E60DF
:10163000B7E700BF010040200B69B3B110B5044605
:1016400082B008B1036A5BB1B1F90C3013B9002064
:1016500002B010BD204602B0BDE81040FFF762BFE7
:101660000191FFF737FF0199EEE70020704700BFB7
:10167000B8B138B50D4A0369044615682BB10DB1F0
:101680002B6A53B1B4F90C300BB9002038BD214698
:101690002846BDE83840FFF745BF2846FFF71AFF48
:1016A000F0E7034A0349044800F0BCB9000C0020ED
:1016B000500C002039160008040C002038B52F4BC0
:1016C00005461B680C4613B11A6A002A4BD0B4F9C0
:1016D0000C3018071CD5226922B313F0010107D082
:1016E00000206169A0604942A1613AB1002038BD83
:1016F000980758BF6169A160002AF7D1190658BF41
:101700001046F4D543F04003A3814FF0FF3038BDBD
:10171000D9062CD55A0712D4226943F00803A381B5
:10172000002ADAD103F42071B1F5007FD5D021462B
:10173000284600F0A3FBB4F90C302269CDE7616BB9
:1017400051B104F14402914204D0284600F0BEF8A1
:10175000B4F90C30002262630021226923F02403D3
:10176000C4E90021D9E71846FFF7B4FEAFE7092224
:1017700043F040032A60A381C7E700BF000C0020AC
:1017800070B5114E054633680C46BBB1214628465C
:101790000FF034FC431C01460CD0C41C24F003049D
:1017A000A04205D02846611A0FF028FC013001D074
:1017B000204670BD4FF0FF34204670BD19460FF033
:1017C0001DFC3060E2E700BF5C1600202DE9F84305
:1017D000CD1C25F0030508350C2D38BF0C25002D38
:1017E000064618DBA94216D8DFF8DC8000F042FB81
:1017F000D8F80420A2B1144603E0636822467BB106
:101800001C4623685B1BF8D40B2B1FD894426368DB
:1018100054D053600CE00C2333600020BDE8F88303
:1018200029463046FFF7ACFF431C044619D005603B
:10183000304600F021FB04F10B00231D20F00700CF
:10184000C21A1CBF1B1AA350BDE8F8836119944249
:10185000256014BF5160C8F80410635163684B6081
:10186000E6E7D8F804701FB33C467F68002FFBD131
:1018700023683946304604EB03090FF0BFFB81456E
:1018800016D123683046ED1A2946FFF779FF01305B
:101890000ED02368D8F804202B442360536883B10A
:1018A000A34203D01A465B689C42FBD10023B0E7F9
:1018B0000C233046336000F0DFFAAEE7C8F804309E
:1018C000B6E7C8F80470B3E75C160020002950D0D2
:1018D00038B551F8043C0C1F002BB8BFE41805467E
:1018E00000F0C8FA274A13682BB1A3420CD921682B
:1018F000601883422CD0284663601460BDE83840ED
:1019000000F0BABAA3420FD81A465B68002BF9D18F
:1019100011685018844217D02CD363605460284655
:10192000BDE8384000F0A8BA11685018A04214D0A1
:1019300020D8216860188342EFD118685B6808449A
:10194000C4E900035460EAE723680B441360E6E748
:1019500018685B6808442060CDE72068014450188F
:1019600083421160DBD1D3E900040144C2E90014D1
:10197000D5E770470C2328462B60BDE8384000F0BF
:101980007BBA00BF60160020F8B506460D46144627
:1019900010B1036A002B37D0A269A389A2601A078D
:1019A00019D52369BBB122686169D31AEDB2994296
:1019B0002F4620DD0133A1680139A160511C21604F
:1019C000157062699A420DD0A389DB0701D50A2DF3
:1019D00008D03846F8BD21463046FFF76FFE38B9CB
:1019E0002369E0E721463046FFF726FE0028F0D0C5
:1019F0004FF0FF37EDE721463046FFF71DFE002888
:101A0000F6D101232268D6E7FFF764FDC4E700BFE3
:101A100003460A46024908681946FFF7B5BF00BFEA
:101A2000000C00202DE9F8434FF0000980460F46D6
:101A30001646D6E90154013D10D4A389012B08D9DB
:101A4000B4F90E30013304D021464046B84749EA84
:101A50000009013D6B1C04F16804EED13668002ECC
:101A6000E7D14846BDE8F8832DE9F041144641B37B
:101A70000AB306460D4600F0E9FA8442074602D84A
:101A8000B4EB500F13D821463046FFF79FFE804637
:101A900050B1BC422246294628BF3A46FEF71EFFF7
:101AA00029463046FFF712FF4046BDE8F081A846C0
:101AB0004046BDE8F081A046FFF708FF4046BDE87C
:101AC000F0811146BDE8F041FFF780BE2DE9F84FE7
:101AD00092461F460A698B680C469A42B8BF1A465E
:101AE000CAF8002091F843300646DDF8289013B17B
:101AF0000132CAF80020226891065FD5DAF800307A
:101B00000233CAF80030226812F0060F11461DD1C8
:101B1000E1689942D8BF114618DD4FF0000804F182
:101B2000190B05E0E568DAF80030ED1A45450CDDE3
:101B300001235A4639463046C847013008F10108AA
:101B4000F0D14FF0FF30BDE8F88F216894F84330B2
:101B5000003B18BF01238A060AD53021E21882F81B
:101B6000431094F845105A1C2244023382F8431063
:101B70003946304604F14302C8470130E1D0D4E988
:101B800002202368DAF8005003F00603042B2169D1
:101B90001BD08A4220DD4FF00008521A90440025E5
:101BA0001A3401E0454517DA01232246394630460A
:101BB000C847013005F10105F4D1C2E712F0060F64
:101BC0000DD0003B18BF0123D2E7401B8A4220EA18
:101BD000E078E2DC0028E2DC0020BDE8F88FE16874
:101BE000DAF800309942D8BF114696DCAEE700BF64
:101BF0002DE9F04717460A7E84B00C460646984603
:101C00000C9D01F1430C002A35D0A2F15803D9B242
:101C1000202969D8202B67D8DFE813F0E60066009A
:101C20006600660066006600660066006600660084
:101C30006600AC007000660066006600660070001A
:101C4000660066006600660021008300C60066002C
:101C50006600B6006600830066006600EC002B6834
:101C60002268181D6169286010061B6802D452069C
:101C700000F1E08019600023E14623613B462146E4
:101C80003046CDF8008003AAFFF720FF013020D0B6
:101C90004A46394630462369C047013019D0236887
:101CA000E0689B07DDF80C9018D5484516DD002547
:101CB00004F1190A04E0E068A0EB0903AB420DDD72
:101CC0000123524639463046C047013005F101052F
:101CD000F1D14FF0FF3004B0BDE8F0874845B8BF00
:101CE000484604B0BDE8F087012084F8422004F1A2
:101CF00042090023206184F84330BFE72A68236843
:101D0000111D1806296002D4590600F1958010684B
:101D1000014600286268C0F293804FF00A0E5348D3
:101D200015E020682B6810F0800F53F8041B02D1D7
:101D3000400648BF89B26F2A14BF4FF00A0E4FF019
:101D4000080E4A482B600023626884F84330002A5A
:101D5000A26051DB236823F00403236000294BD1E8
:101D6000002A7BD1E146BEF1080F56D0ACEB090347
:101D7000236183E72A680120116804322A6004F194
:101D8000420984F84210B4E72B6800211A1D2A602A
:101D9000D3F8009062684846FFF7F0F8002863D057
:101DA000A0EB09006060A4E7236843F020032360F0
:101DB00078222F4884F845202A6813F0800F52F8C3
:101DC000041B03D113F0400F18BF89B22A60DA0751
:101DD00044BF43F02003236019B9236823F0200394
:101DE00023604FF0100EAEE75823204884F84530AA
:101DF0002368E1E72368DBE77546E146B1FBF5F3CD
:101E00000A4605FB131A194610F80A30AA4209F8C7
:101E1000013DF3D2BEF1080FA8D12368DD07A5D597
:101E2000626823699A42A1DC302309F1FF3989F8FD
:101E300000309BE719801EE7B2F90010084668E7FA
:101E40002D20002AA26084F8430002DB23F0040363
:101E500023600A250548AE464942CEE7037804F1DF
:101E6000420984F842307EE7606842E7AC330108FB
:101E7000C0330108704700BF704700BF70B5B1F9AB
:101E80000C300C46990796B007D5012204F14703A0
:101E9000C4E90432236016B070BDB4F90E100546D3
:101EA000002929DB6A460FF0B6F8002822DB4FF440
:101EB00080612846019EFFF789FC88B3A38906F458
:101EC000704643F08003A3814FF48063B6F5005F52
:101ED000C4E904032060DED12846B4F90E100FF0E7
:101EE000A6F80028D7D0A38923F0030343F0010309
:101EF000A381D0E7B4F90C3013F0800F14BF402653
:101F00004FF4806628463146FFF760FC40B1A38954
:101F1000C4E9040643F080032060A38116B070BDBD
:101F2000B4F90C309A05B6D4012123F0030304F16F
:101F3000470243F00203C4E90421A3812260AAE717
:101F400070B50C46B1F90E10154600291E4696B024
:101F50000FDB6A460FF05FF800280ADB019B4FF4A5
:101F6000806203F47043A3F50053B3FA83F35B0973
:101F700007E0A289002312F0800F14BF40224FF423
:101F80008062002033602A6016B070BD70B50026F4
:101F9000074D0446084611462E600FF053F8431CC7
:101FA00000D070BD2B68002BFBD0236070BD00BF3C
:101FB000641600200FF04EB810B50C46B1F90E10A3
:101FC0000FF011F8002803DB636D0344636510BD57
:101FD000A38923F48053A38110BD00BF0020704764
:101FE0002DE9F0410C46B1F90C101F46CB05054612
:101FF00016460BD421F48051A1813B463246284637
:10200000B4F90E10BDE8F0410EF0F4BFB4F90E10B3
:10201000022300220EF0ECFFB4F90C10EAE700BF37
:1020200010B50C46B1F90E100EF0E2FFB4F90C3009
:10203000421C0EBF23F4805343F480536065A38198
:1020400010BD00BFB1F90E100EF0D6BF51F8043C20
:10205000181F002BBCBF0B58C0187047372875D805
:10206000032803D800207047042070470438332821
:10207000F8D801A353F820F04D22000831220008BF
:102080003D2200083D22000831220008652000089A
:1020900049210008312200084D22000831220008A1
:1020A0003122000831220008652000086520000860
:1020B0004D220008752200086520000865200008F0
:1020C0007D220008652000085922000851220008DE
:1020D00031220008612200083D2200086520000826
:1020E0004522000845220008452200084522000834
:1020F0004522000845220008452200084522000824
:102100004522000885220008652000086520000897
:10211000652000086520000865200008652000088B
:10212000652000086520000865200008652000087B
:10213000652000086520000865200008652000086B
:10214000652000085522000806207047A0F50170A0
:1021500083B2332B86D8332884D801A353F820F0D8
:102160004D22000831220008692200086D22000873
:10217000312200086520000835220008652000088B
:102180004D2200085D220008652000086520000837
:1021900065200008652000084D220008792200080B
:1021A0006520000865200008492200086520000815
:1021B000652000085122000831220008652200082D
:1021C00071220008392200086520000865200008F7
:1021D00065200008692000086520000881220008A9
:1021E00065200008652000086520000865200008BB
:1021F00065200008652000086520000865200008AB
:10220000652000086520000865200008652000089A
:10221000652000086520000865200008652000088A
:1022200065200008652000084122000841220008BE
:10223000012070470520704707207047082070472D
:10224000092070470A2070470C2070470D20704706
:102250000E2070470F2070471020704711207047E4
:1022600012207047132070471420704715207047C4
:1022700016207047172070471820704719207047A4
:102280000320704702207047A0F11E03092B01D9DB
:10229000FFF7E4BE0B20704708B5FFF7DFFE0038FC
:1022A00018BF012008BD0023036043608360838161
:1022B000704700680128B8BF0120704710B5094C6D
:1022C0002268FF2A0CDC084B1B6813445942C9B230
:1022D000DBB258BF4B420549013221F8130022609E
:1022E00010BD00BF74160020781600207C16002058
:1022F00030B40C4C226892B10B4D0C492B68013A5A
:1023000031F8130001335942C9B2DBB258BF4B4216
:102310002B60074B22601B680BB130BC184730BCE8
:10232000704700BF74160020781600207C1600202D
:1023300068160020014B1860704700BF6816002027
:102340000023034A1360034A1360034A1370704763
:1023500074160020781600206C160020FFF7AEBF20
:1023600038B50C460025A54200DB38BDFFF7A6FFB7
:102370000135F8E7074B1B685BB1074B074A197833
:1023800011B11168814204D0106001221A70FFF768
:10239000AFBF7047741600206C1600207016002026
:1023A000014B1868704700BF74160020013838B51B
:1023B0000C460E2835D8DFE800F0200C172E3131FE
:1023C000080831311A1A1D232B004FF4547021468E
:1023D00006E040F251254A20FFF7C0FF2846611C65
:1023E000BDE83840FFF7BCBF40F25225F3E740F2AA
:1023F0004A20ECE740F24D20E9E74FF41470E6E79D
:1024000040F24D344A20FFF7A9FF01212046E7E7BB
:1024100040F24A34F6E740F24F20D8E740F24F301E
:10242000D5E738BD10B5044640F24D20FFF796FFC2
:10243000012C0ADD40F25120611EFFF791FFBDE83B
:10244000104040F24D20FFF789BF10BD0129B8BFF1
:10245000012170B50E460025441E0E2C0CD8DFE875
:1024600004F0080F11131515181815151B1B1D1F47
:1024700022005020FFF772FF0135AE42EDD170BD52
:102480005120F7E75220F5E74F20F3E740F24F10D5
:10249000F0E74FF4A870EDE74A20EBE74D20E9E7BD
:1024A00040F24D10E6E74FF4A570E3E7012AB8BF0C
:1024B000012210B5044608461146FFF777FF1C2C91
:1024C00005D040F21B10BDE81040FFF747BF4FF4A6
:1024D0008370FFF743FF2920F5E770B50446012913
:1024E0000E46B8BF01261C2C0D464FF04A0012D1F3
:1024F000FFF734FF4A20FFF731FF314640F2512009
:10250000FFF72EFF4FF48370FFF728FF2920BDE867
:102510007040FFF723BFFFF721FF4A20FFF71EFFA0
:1025200040F24D20FFF71AFF012D04DD40F251204B
:10253000711EFFF715FF40F21B10FFF70FFF062C6F
:1025400001D02A20E3E770BD10B504460846A0F18B
:102550000B03012B11460AD840F22B2040F23723FF
:102560009C4208BF2B20BDE81040FFF7F7BE012AB0
:10257000B8BF0121FFF71AFFEEE738B50C46054654
:102580004A20FFF7EBFE4A20FFF7E8FE012C04DDAE
:1025900040F25120611EFFF7E3FE40F2372340F284
:1025A0002B209D4208BF2B20BDE83840FFF7D6BE48
:1025B00008B54A20FFF7D2FEBDE8084040F24D20A2
:1025C000FFF7CCBE0129B8BF012100F25120FFF76F
:1025D000C7BE40F24D20FFF7C1BE40F24A20FFF7D0
:1025E000BDBE10B51446A8B101290EDD5220013937
:1025F000FFF7B6FE4A20FFF7B1FEC4F1010140F239
:102600005220BDE81040FFF7ABBEF3D05120C1F11E
:102610000101EDE7002903DA51204942FFF7A0FE4E
:102620004A20FFF79BFE002C04DD214640F251209A
:10263000FFF796FEBDE8104040F24D20FFF78EBE3A
:1026400008B540B901290CDD52200139FFF788FE99
:102650004A20FFF783FEBDE8084040F24A30FFF70A
:102660007DBEF5D05120C1F10101EFE710B50C4658
:1026700058B14D20FFF772FE002C03DA5120614261
:10268000FFF76EFE4A20FFF769FEBDE8104040F2FA
:102690004D30FFF763BE10B5044619B940F24F2024
:1026A000FFF75CFE132C1AD004D8062C10D0072C90
:1026B00008D010BD1C2CFCD14FF48370FFF74EFEE8
:1026C000292001E040F21B10BDE81040FFF746BE94
:1026D00040F21B10FFF742FE4FF40A70F4E740F29D
:1026E0001910EBE71A2837D00DD8053883B20A2B1A
:1026F00041D80A283FD8DFE800F0323E3E2F3E3E68
:10270000223E26292C0040F20A23984230D009D8D4
:1027100040F20523984222D0B0F5027F1CD0272832
:1027200020D0704740F2212398421ED040F223234C
:10273000984217D040F21A2398420DD070474FF4B8
:102740001470FFF70BBE40F25120FAE740F252201E
:10275000F7E740F24F20F4E740F24F30F1E74FF453
:102760005470EEE740F24A20EBE740F24D20E8E7F4
:1027700040F24D30E5E770474C20FFF7EFBD2A20CF
:10278000FFF7ECBD08B540F24F20FFF7E7FDBDE8CD
:1027900008404C20FFF7E2BD08B540F24D20FFF79E
:1027A000DDFDBDE8084040F21B10FFF7D7BDFFF785
:1027B000F3BF08B540F24D20FFF7D0FD4FF4837012
:1027C000FFF7CCFDBDE808402920FFF7C7BD08B5DD
:1027D0000128B8BF0120FFF725FEBDE8084040F200
:1027E0001B10FFF7BBBDFFF7F2BF08B50128B8BF4C
:1027F0000120FFF717FE4FF48370FFF7AFFDBDE830
:1028000008402920FFF7AABD40F21B10FFF7A6BD24
:1028100008B54FF48370FFF7A1FDBDE808402920FB
:10282000FFF79CBDFFF7F0BF08B540F21910FFF7A6
:1028300095FDBDE808402920FFF790BD08B510B10F
:102840005020FFF78BFDBDE8084040F21910FFF75C
:1028500085BD08B54D20FFF781FD2C20FFF77EFDDB
:10286000BDE808404C20FFF779BD40F21D10FFF78E
:1028700075BD4FF48B70FFF771BDB0F5017F08B5E2
:102880001CD004D8042817D0122819D008BDB0F5E0
:10289000037F0CD040F212239842F7D14A20FFF771
:1028A0005DFD4FF40A70FFF759FD522000E04A2009
:1028B000BDE80840FFF752BD4F20F9E74D20F7E78C
:1028C0004D20FFF74BFD4FF40A70F1E70023034A58
:1028D0001360034A1370034A137070478018002076
:1028E0007D1800207C18002027283CD015D80F2800
:1028F0000ED8042839D905380A2836D8DFE800F080
:102900002F35353135350635372B2D0001207047F1
:102910001A2814BF00200520704740F21A2398425D
:1029200027D00DD8B0F5027F25D040F20A23984277
:1029300023D040F20523C31A58425841C0007047C3
:1029400040F2212398421AD040F2232398420CBF30
:102950000C20002070470320704704207047072098
:102960007047092070470B207047002070470220F5
:102970007047062070470A2070470E2070470D20D0
:10298000704700000023024A1360024A1370704728
:10299000A01800209C18002008B50548FFF783FC0C
:1029A0000023044A1370044A1370044A137008BDCC
:1029B000B4180020C41800208518002084180020B6
:1029C0006329F8B50B46A8BF63232549012B097875
:1029D000B8BF012369B11946FFF7F4FD214B1B78FD
:1029E0001BB1BDE8F840FFF7F8BDBDE8F840FFF7C0
:1029F000F0BD00B15B426FF063041B4F3D682B4498
:102A00009C42B8BF1C46642CA8BF6424611B0029EB
:102A10001AD0144E307805DB40B9FFF7D3FDFFF72D
:102A2000D8FD10E0291B80B101200AE0002B07DD52
:102A3000224629460020FFF7D4FD0023337002E030
:102A40000020FFF7BFFD3C60F8BD002B01DB01203B
:102A5000E3E7224629460120FFF7C3FD0123EDE706
:102A60007C1800207D1800208018002010B500245C
:102A7000084B1C70084B1C70FFF728FFFFF78CFFFA
:102A8000FFF780FF054B1C60054B1C70BDE8104034
:102A9000FFF756BCC6180020C51800208818002073
:102AA00086180020FFF746BC984B2DE9F0471B78AD
:102AB0000446002B00F06184954EDFF8588233788D
:102AC0005A1E022A00F25984023B012BE7B200F29F
:102AD00031812046FFF7C2FA292F80463578B8B2F7
:102AE0008D4F0CD1032D01D1FFF738FC012333703A
:102AF00000238A4A3B701370FFF7E8FE1BE097F84B
:102B000000A0BAF1000F1ED00023844AB8F1060FCE
:102B10001370834A3B7013600DD1032D0ED1814C8D
:102B2000814D207800B92878804B1968FFF788FD1F
:102B300001232B702370FFF72FFF22E040F24A3071
:102B4000FFF70CFCF7E7B8F1020F1CD1734B1B78B1
:102B500013B372490A78012A13D871480A25036809
:102B60000132632BA8BF6323272C08BF002405FB79
:102B700003F318BF1D3C2344632BA8BF63230A70D3
:102B800003600020FAE3B8F10A0FE2D0B8F1060FB3
:102B900002D101233B70F4E70023604F60483B7093
:102BA000FFF787FB1C2C814605D8122C11D8062C68
:102BB00040D0072C28D0B8F10E0F5BD1032D4ED199
:102BC000192C03D102233370FFF780FE00233B70E2
:102BD000B1E7A4F11303092BEDD801A252F823F0B9
:102BE0004D2C0008B72B0008B72B0008352C000827
:102BF000B72B0008B72B0008B72B0008B72B00082D
:102C0000092C0008232C0008032D05D10720464B72
:102C10001978FFF740FD01E0FFF7F6FD012333705F
:102C20006AE7032D03D1404B1C201978F1E7FFF729
:102C3000EFFDF3E7032D06D13B4B06201978FFF794
:102C40002AFD0023EBE7FFF7EDFDFAE7032D03D1A3
:102C5000354B13201978DCE7FFF7E6FDDEE740F29D
:102C600019239C42B2D103233370FFF72FFEFFF7E5
:102C70009FFCABE7B8F1040F14D8B8F1000FA5D052
:102C8000032D3CD11A2C22D8042C9FD90123284A89
:102C9000A3401A403ABB44F22002134296D0494660
:102CA000012022E0B8F1050F90D1032D29D11D4C50
:102CB0001D4D23780BB995F800A01C4B50461968A0
:102CC000FFF7D4FC00232B70012323707EE7B4F5BB
:102CD000027F08D040F21A239C4204D040F2052320
:102CE0009C42DCD072E749460020FFF769FE6DE7A1
:102CF0002046FFF7F7FC0135A945F9DC66E700251A
:102D0000FAE72046FFF7EEFC60E700BFC618002098
:102D1000C5180020C4180020841800208518002041
:102D2000B41800207C1800207D1800208018002096
:102D30000021000498F800202046052A33D82A23D1
:102D4000D340DA072FD5FFF79FFA292F054698F8C9
:102D500000302BD1002B00F00A83FFF71DFEFFF798
:102D600011FE98F80030BBB9DFF88C82D8F800501B
:102D7000002D11DDA14F3B78002B00F0F582A04B18
:102D80001C784CB99F49A0486A00FDF7A7FD9F4BEE
:102D9000C8F800401D603C703378002B7FF4F1AE22
:102DA000FFF7F0FDEDE6FFF759F9CEE7072B00F24C
:102DB000E681DFE813F00800CA00B9010402380216
:102DC0007102C102D302431E182B00F2D082DFE849
:102DD00013F06B006B006B006B0072006500690004
:102DE00025005D001900CE0275007C008000B9004E
:102DF0008E008E008E008E008E008E008E008E0063
:102E00008E008E000123272C88F8003008BF002395
:102E10007F4A18BFA4F11D03136006E002230122BC
:102E200088F800307A4B1C811A732046FFF734FA79
:102E3000002896D02046FFF711F90138C0B21828B3
:102E40008FD8744BC340DB078BD52046FFF706F9BC
:102E500019280CD80123704A8340134204D1082852
:102E600005D1A31F012B02D80122644B1A70644BB9
:102E70001B78002B7FF475AF5F4A1368072BDFBF09
:102E8000591C11605F4A22F813406AE704230122AB
:102E900088F800305E4B5C815A73C6E7062388F8D9
:102EA0000030C2E70723FAE72046FFF71DFD0121A6
:102EB000FFF7CCFAB9E701210E20F9E7012106203E
:102EC000FFF70BFB00233370AFE72046FFF7D5FC7D
:102ED000F8E740F219218C4214BF0221032131701E
:102EE000FFF7F4FC0329A0D1FFF762FB9DE7A0F1F7
:102EF00011050027082D22D8DFE805F01E05080F70
:102F00001215181C0B00FFF737FC8EE7FFF737FC94
:102F10008BE7FFF737FC377087E7FFF73DFCFAE7F1
:102F2000FFF745FC81E7FFF744FC7EE70020FFF751
:102F300085FC7AE70120FAE7FFF78BFC75E7FFF7DE
:102F400094FC72E700F020FA6FE73148FFF7B1F91F
:102F5000013D0746182D00F2128101A353F825F018
:102F6000E32F0008E32F0008E32F0008E32F0008F9
:102F7000F12F00089D2E0008A52E00081D2E000828
:102F80008D2E00087F310008C52F0008FB30000897
:102F9000053100080D3100081D300008E53000083B
:102FA000D53000087D3000088D300008EF30000873
:102FB000E9300008F5300008B3300008C5300008DB
:102FC000A1300008124A1368092B3FF72EAF0A21DF
:102FD000272C01FB03F30CBF0021A4F11D010B44BE
:102FE0001AE72046FFF780FC3946FFF72FFA42E048
:102FF00001210E20F9E700BFA01800209C18002036
:1030000086180020A41800208C18002088180020A2
:10301000B4180020FF0BFF010012BE03FFF7BCFC39
:10302000C34B1B68002B7FF700AF002F7FF7FDAE6F
:10303000FFF7B6F9054600F0A7F9FFF7B1F9401B15
:1030400000287FF7F2AE632595FBF0F5012DB8BFA0
:1030500001254FF001094F453FF4E7AE4D453FF4E0
:10306000E4AE00F091F909F10109F4E7FFF784FB00
:103070000135AF42FADCFFF78FFCD6E60025F8E712
:10308000FFF77DFB0135AF42FADCF4E70025FAE7F4
:10309000FFF778FB0135AF42FADC00233370EAE733
:1030A0000025F8E70020FFF7C9FB0135AF42F9DC46
:1030B000E1E70025FAE70120FFF7C0FB0135AF4249
:1030C000F9DCD8E70025FAE7FFF7C3FB0135AF428B
:1030D000FADCD0E70025FAE7FFF7C7FB0135AF427E
:1030E000FADCC8E70025FAE7FFF771FBC3E7FFF753
:1030F0007AFBD2E7FFF779FBBDE701460620FFF731
:10310000ECF9CAE72046FFF7B8FBC6E740F2192101
:103110008C4214BF022103213170FFF7D7FB032932
:10312000A9D1FFF745FAA6E78248FFF7C2F8013DAB
:103130000246092D23D801A353F825F08931000850
:103140009D31000889310008893100081F320008CC
:103150009D2E00087F310008653100087F3100088E
:10316000A7310008734D2B899C4208D101462046A7
:10317000FFF7B3F92B89062B7FF47DAF8DE7FFF7BF
:103180000BFCFFF7FFFB9AE42046FFF7ADFB694D10
:1031900001462F893846FFF789F9EBE701220B2119
:1031A000644D2889F7E70323272C88F8003008BFEF
:1031B0000023604A18BFA4F11D03536035E6451E85
:1031C0000A2DDCD801A353F825F000BFF93100081F
:1031D0001B330008F9310008F93100081F320008DC
:1031E0009D2E00087F3100087F3100087F310008E4
:1031F0007F310008D53200082046FFF775FB4D4DA2
:1032000007462846B5F80890FFF753F86B6839462B
:1032100003FB00F2632AA8BF63224846BBE70122F2
:103220000E21444DBDE74348FFF743F8013D0246F8
:10323000092DA4D801A353F825F000BF7732000868
:103240008B32000877320008773200082B330008F1
:103250009D2E00087F3100087F310008653200088C
:1032600095320008334B5B899C4288D10146204649
:10327000FFF783F9FFE62F4B20465D89FFF734FB0C
:1032800001462846FFF760F9F5E601220B21294B9C
:103290005889F7E7052387E7451E0A2D3FF66FAFEC
:1032A00001A353F825F000BFF33200081B330008D8
:1032B000F3320008F33200082B3300089D2E00087B
:1032C0007F3100087F3100087F3100087F3100081E
:1032D000D5320008174A5368092B3FF7A6AD0A21DB
:1032E000272C01FB03F30CBF0021A4F11D010B44AB
:1032F00063E72046FFF7F8FADFF8389005464846BE
:10330000B9F80A70FEF7D5FFD9F8042029464243E0
:10331000632AA8BF63223846B4E7064A5368092BDC
:103320003FF783AD0A214B4347E701220E21AEE769
:1033300088180020B418002006287FF420AF104D14
:103340002B7B13B101220F212BE76B7B1BB10122D9
:103350000F21688996E701210F2046E607287FF4B0
:103360000EAFFFF786FA86E6FFF70CFB14E5054B78
:103370001B68002B01DDFFF705FB0120BDE8F0878E
:10338000B4180020A0180020F8B50C4D2C7874B9A2
:103390000B4E33685BB101230A4F2B7033689C429C
:1033A00006DB0023084A2B701360084A1370F8BD2F
:1033B00037F8020BFFF778FB0134EFE7861800209F
:1033C000881800208C180020A01800209C180020CD
:1033D000FEF7D0BF014B1878704700BFC51800201A
:1033E000014B1878704700BFC6180020024B1878B0
:1033F000003818BF01207047C4180020034B1B7809
:1034000013B9034B187870470120704785180020C6
:103410008418002008B5FFF7BFFABDE80840FFF7A1
:10342000B1BA000008B5054B1870FFF74FFAFFF767
:10343000B3FABDE80840FFF7A5BA00BFC5180020E1
:10344000012208B5054B1A70FFF740FAFFF7A4FAFE
:10345000FFF798FA0022024B1A7008BDC618002028
:10346000C5180020002208B5044B1A70FFF794FA23
:10347000FFF788FABDE80840FEF762BFC6180020D3
:1034800008B5FFF789FABDE80840FFF77BBA0000EE
:103490000D49F0B500220D460C4C2378D6B2B3424C
:1034A00001D800200CE031F8027B561C874208D17D
:1034B0000120013BDBB2237035F8133025F81230C0
:1034C000F0BD3246EAE700BFC8180020C718002048
:1034D00070B5C5B2C4042A464FEA102321D503F0C3
:1034E0000F03013BDBB2072B54D82F49CC5C502A89
:1034F00046D0512A46D0522A46D04F2A21D10326FF
:10350000FCB92A4B9C5DE4B10022294C9A55A35D7D
:1035100033B9284B13F8160005F0D4F90123A3554D
:1035200070BD03F00104980748BF44F00204590736
:1035300048BF44F004041B07D9D5502D44F00804BB
:103540002ED106F06FF820EA04068443F6B202D0CA
:10355000204605F05DFA16B1304605F062FA2846BD
:1035600005F0B0F9284605F0F5F916B1304605F03A
:103570004FFA002CD4D02046BDE8704005F051BA77
:103580000026BDE70126BBE70226B9E70026B8E71B
:103590000126B6E7502DF9D0512DF9D00024AAE725
:1035A000512DA8D1CDE700BFF9230108ED18002067
:1035B000E91800200A240108A0F1E002072A08B552
:1035C00006D9292804D000F015FA00F0010008BD42
:1035D0000120FAE70E4970B500220D4604460D4859
:1035E0000378D6B2B34206D8102B0AD05A1C027008
:1035F00025F8134004E031F8026B0132A642F0D105
:1036000070BD05491E22881EFDF73EF8EC83F7E7E2
:10361000C8180020C7180020CA18002008B506F0F6
:1036200001F8064B1B781843830705D4022005F0E8
:10363000EFF90122024B1A7008BD00BFF1180020FB
:10364000E8180020E03880B207280BD8064B1B5C36
:1036500043B10648027811B113430370704722EA60
:1036600003020270704700BF01240108F118002016
:10367000014B1878704700BFF11800202DE9F04188
:10368000002427460F4D104EDFF8408015F8013B0F
:103690002BB118F8140005F05DF905F8017C013430
:1036A000042C06F8017BF1D1094C237843B1094B76
:1036B0001B789B0702D4022005F0B3F90023237086
:1036C000BDE8F081E9180020ED1800200A24010867
:1036D000E8180020F1180020FFF77CBFFFF7D8BEE4
:1036E00008B5FFF7C3F90D48FFF7DCF9FFF7A8FEAF
:1036F0000020FFF797FE0023094A0A4913700A4A7F
:103700000B701370094A4B701370094A8B70137059
:1037100053709370CB70D37008BD00BFD1340008D4
:10372000F1180020ED180020C7180020E81800202C
:10373000E9180020FFF74CBE0B282DE9F84304469A
:103740002FD00D282FD00E282FD00F2814BF4FF0C8
:10375000FF3503254E7956BBE52C0BD1464E337809
:1037600043B1464B1B789F0702D4022005F059F95C
:1037700000233370681C0BD00027414B414E5F552E
:10378000735D2BB1404B13F8150005F0E3F8775546
:103790002046FFF77DFE80F00106F6B23046BDE818
:1037A000F8830025D6E70125D4E70225D2E7FFF705
:1037B00017FE0028F2D0E52C04D12046FFF70AFFBF
:1037C0000026EBE7A4F1E003072BE7D92B4F3B786A
:1037D00013F0DD0F26D0691C30D0FFF707FE68BB61
:1037E000FFF7F8FD0128804628D12046254CFFF739
:1037F000F1FE635D002BE3D1234B13F8150005F0B8
:1038000061F804F80580DBE7FFF7F8FDD0B93B78F5
:103810009A06C3D52046FFF7CFFE0028BED1FFF79A
:10382000FDFEBBE713F0220F0CBFA14644F4007964
:103830004846FEF731FD40B9292C06D0FFF7D6FDEA
:103840000028E1D0FFF7E6FDE1E7FFF7CFFD804676
:103850004846FFF729F90028D9D12046FFF7BAFEDC
:103860006B1CADD0B8F1000FAAD1FFF7B3FD012852
:1038700004BF034B5855A3E7E8180020F1180020B7
:10388000ED180020E91800200A240108044B1A68EA
:10389000044B11781878044B1B78184305F080BB53
:1038A0002C190020CC240020CD24002070B5042445
:1038B00000260E4D35F8020B20B1C0B205F04AF8D3
:1038C00025F8026C013CF5D1D12005F043F8D22057
:1038D00005F040F8064B1C70064B1C80064B187810
:1038E000FFF7A0FDBDE87040FFF7C8BE1819002023
:1038F00020190020221900202A190020174B70B52A
:103900001A7822B30024164E164D1C703278E3B29A
:103910009A421DD8144D154C2B7813F0010F05D089
:103920002378D90702D4E02005F014F82B789A0701
:1039300005D523789B0702D4E42005F00BF800237B
:103940000B4A2B7013700B4A23703370137070BDC9
:1039500015F8130004F0FEFF0134D7E7101900201A
:10396000F6180020F8180020F3180020F2180020A4
:10397000F5180020F418002038B505460C4612B999
:103980000024204638BD90470028F9D06479002CE7
:10399000F6D0FFF72BFD28B1FFF73CFD2846FFF7D7
:1039A0009BFEEEE7FFF72AFD0028F5D1F6E708B504
:1039B0000BF04AF9012838BF012080B208BD10B5CC
:1039C0000C4628B10BF045F9A04234BF002001207D
:1039D00010BD08B50BF000F9012838BF012008BD63
:1039E00010B50C4628B10BF03BF9A04234BF0020C3
:1039F000012010BDA0F58043B3F5955F07D3A0F576
:103A0000A54040381F288CBF0020012070470120AE
:103A1000704738B5054605F005FE044605F01EFE64
:103A2000284604F0E5FD2046BDE8384005F010BE0C
:103A30004B20FFF7EEBF4E20FFF7EBBF40F209101F
:103A4000FFF7E7BF08B55120FFF7E3FFBDE80840E7
:103A50004A20FFF7DEBF08B55220FFF7DAFFBDE8C6
:103A600008404A20FFF7D5BF4F20FFF7D2BF5020B4
:103A7000FFF7CFBF2DE9F84FA34F04460D46904600
:103A80003A60FFF7A7FC10B10022A04B1A60204655
:103A90006979FFF7D7FD392C9D4E44D195F805A0E3
:103AA0009C4BDFF87492BAF1000F30D001221A70EB
:103AB000FFF7ECFE337880F0010089F800000BB1CD
:103AC000FFF71CFF99F80030EBB133780BB1FFF72B
:103AD00015FF01233370FFF7CBFD00F01103003B0E
:103AE00018BF01238D4A13708D4B00F00102C006F0
:103AF0001A7042BFD2B242F002021A700023894A01
:103B00001370894A13703920FFF7E6FDDBE099F85E
:103B100000B01A7883F800A0BBF1000F62D0FFF765
:103B2000EDFE89F800A03378002B00F09980204644
:103B3000FFF760FF0646002840F09280FF2C00F25D
:103B40008F80A4F11E039BB2102B6A7962D877494B
:103B5000CE5C002A61D1002E14BF30462046744945
:103B6000002289468E46DFF8C0C19CF800305FFA1B
:103B700082FA534574D939F802AB01325045F6D177
:103B800000225FFA82F94B450ED931F802AB02F1FF
:103B90000109504540F0F080013BDBB28CF8003069
:103BA0003EF813302EF81230C0B204F0D3FE002ECF
:103BB00056D15C4A1378002B52D0013BDBB2137014
:103BC000002B4DD15B4E3378D90749D5544B1B7828
:103BD000DA0745D4E02004F0BDFE337823F001037A
:103BE00033703DE0002A9ED0FFF7FAFB474B80F090
:103BF0000100C3F800B03B68C0B2DB6A1BB1984754
:103C0000FFF73CFD8FE710B1FFF71AFCF8E7FFF76D
:103C100029FCF5E7002A00F09380DFF80C9199F871
:103C200000300B2B01D920466EE76EB1304604F010
:103C300049FE99F800300B2BF5D85A1C89F8002062
:103C40003B4A22F81360EEE7E02C344B3ED0E42CE4
:103C50003ED1022101221A70314A13780B431370AE
:103C600029462046D8F81C20FFF786FE58BB204680
:103C7000FFF7C0FE78B9FFF709FE60B13B685B6AE9
:103C8000002B7BD020469847002877D03B689B6A62
:103C9000002B40F0818029462046D8F82020FFF7ED
:103CA0006BFE064678B93B6895F805805B88A342B1
:103CB00040F0AA80204D214CB8F1000F77D0FFF7DB
:103CC00076FE267028800020BDE8F88F0121C1E72C
:103CD0001B783BB9174D2B7823B9E02004F0F2FD97
:103CE00001232B700F4AE0B213780133137004F0F4
:103CF000E9FD99F800300B2B95D85A1C89F8002063
:103D00000B4A22F813408EE72C19002014190020CA
:103D1000101900201119002012190020F418002099
:103D2000F2180020F5180020F618002012240108CF
:103D3000F8180020F3180020281900202619002068
:103D4000E02C13D0E42C14D16FF002030021A64A1A
:103D5000DEB21170A54A204611780B401370FFF7B0
:103D6000BDFCA34B1A7816401E7079E76FF0010373
:103D7000ECE720461646F2E64A4602E76B79002B4E
:103D800089D0FFF733FB10B1FFF744FB4BE7FFF798
:103D900035FB0028F8D146E7204669799847002886
:103DA0003FF479AF6B79002B3FF475AF3BE7237895
:103DB0005BB1904E308810B1C0B204F0CBFD00234F
:103DC000338000232B8023707DE72B88002BF8D0D5
:103DD000FFF700FB042802D1FFF768FDF1E73B681D
:103DE000DB686BB9FFF7FCFA0028EAD0FFF7F2FABC
:103DF000814B1870FFF742FC0420FFF713FBE0E74C
:103E000098470028EED1DCE7FFF7E4FA04280DD14B
:103E1000A4F1E003072B2DD8B8F1000F06D024F051
:103E20000403E12B3FF4FFAEFFF740FDFFF7D8FAA4
:103E3000002800F0CF803B689B7C002B00F0CA80FC
:103E4000292C40F0C9806B79002B00F0C580FFF76A
:103E5000C1FA002840F01381FFF70AFC10F0DD0FD3
:103E600040F00D81830740F1AE8040F23520FFF72E
:103E7000D0FDD8E6FFF7FCFBB8F1000F45D00F2CC2
:103E800014D80A2CD0D9A4F10B0300F02200042B83
:103E9000CAD801A252F823F0BF3E0008293E00080C
:103EA000CD3E0008E13E0008F53E0008282C28D051
:103EB0002C2CB9D1FFF77BFD504B1880B3E6CF20F7
:103EC0004F4B188004F0FEFC0B201DE600280CBFB1
:103ED000CE20DA204A4B588004F0F4FC0D2013E683
:103EE00000280CBFCD20D920454B988004F0EAFC77
:103EF0000E2009E6D020424BD88004F0E3FC0F20CE
:103F000002E6D22004F0DEFC8DE60F2C12D80A2C3B
:103F10008CD9A4F10B03042B88D801A252F823F00A
:103F2000593F00082D3E00086F3F0008853F0008FC
:103F30009B3F0008282C42D02C2C7FF477AFDFF871
:103F4000C4902E4E99F80030002B31D0D12004F0CF
:103F500001FD89F8008007E0294E308800283FF4F1
:103F600065AFC0B204F0F6FC002333805EE7244E58
:103F7000708800283FF45AAFC0B204F0EBFC002375
:103F8000738053E71E4EB08800283FF44FAFC0B295
:103F900004F0E0FC0023B38048E7194EF0880028C5
:103FA0003FF444AFC0B204F0D5FC0023F3803DE7FA
:103FB0003388002BD8D0D12004F022FDD4E7D220C2
:103FC00004F0C8FC32E7002859D03520FFF721FD66
:103FD000292099E5292C52D06B7953BB29462046DC
:103FE000BDE8F84FFFF7A8BBF4180020F218002036
:103FF000F3180020241900202A190020221900207B
:1040000018190020201900202C4E306838B90023E0
:104010003360FFF735FA0120FFF704FAD8E740F6DE
:10402000B831FFF7DDFC0028F1D1FFF7D2FC30609A
:10403000D2E7FFF7D5F90028D0D0FFF7CBF9012858
:10404000CCD13B681B6B002BC8D0FFF711FB3B6842
:104050001E6B3788002FC1D0BC420ED1F378B278E6
:10406000034032B94BB9FFF70BFA736898473846EB
:104070004AE5134201D09343F5D00836E9E76B795E
:10408000002BA9D0FFF7ACF90028A5D0FFF7F0FA74
:1040900010F0DD0FA0D1FFF79DF9831EDBB2012BDD
:1040A0009AD90128B0D1FFF7A1F9002894D1FFF7E0
:1040B000B9F9FFF78EFC014B18608DE71419002049
:1040C0000023134A1360134A1370134A1380134AD0
:1040D0001370134A1380134A1380134A1370134A40
:1040E000138053809380D380114A1370114A137048
:1040F000114A1370114A1370114A1370114A137048
:10410000114A1370114A1370114A1360FFF7E8BA8D
:104110002C1900202A190020281900202619002017
:10412000241900202219002020190020181900202D
:10413000121900201119002010190020F618002073
:10414000F5180020F4180020F3180020F2180020C1
:104150001419002038B51C4CFFF7ECFA2368002B2B
:1041600030D01A4A1088A0B1194D2A788AB9198A14
:10417000FFF725FC68B101232B7023689B68F3B11E
:104180009847E0B12368D888124B1880C0B204F079
:1041900099FBFFF71FF9042814D10F4B188888B139
:1041A0000E4D2B7873B92368198AFFF708FC48B1C4
:1041B0000123D1202B70BDE8384004F083BB236875
:1041C0009888E1E738BD00BF2C190020281900208D
:1041D000261900202419002022190020201900206F
:1041E000024B186800B1808A704700BF2C1900206C
:1041F00083B990B1022913D0032915D0012915D113
:10420000BAB91046FF2300990A70019A1070029AF9
:10421000137070470022FF20F4E7FF220346F2E705
:10422000802218468023EEE7FF22FAE71A46FF2095
:10423000E9E7FF221046E6E708B5FFF7D1F808B92D
:10424000002008BDFFF7C6F80028F9D1054B186813
:104250000028F6D040F6B831FFF7C2FB80F001002D
:10426000C0B2EEE714190020F8B507460E46154611
:10427000FFF7E2FF70B10A4B1C6864B1A36963B138
:104280000FB11B0C3B7016B1A3691B0A33700DB143
:10429000A3692B70F8BD2046FCE71846FAE700BF7B
:1042A0002C190020032806D8B422504300F1240121
:1042B000014806F037B8704730190020032838B598
:1042C0000FD80A4C2378012B4FF0000309D16578F1
:1042D000A84208D1237009B9012038BDFFF7E2FFD9
:1042E000FAE70020F9E71846F7E700BF5C0C00206A
:1042F000F7B504460D4608F099FD2B4E2B4F708004
:10430000E0B285424ED90021294A0FE01CF801EBAA
:10431000BEF1FF0F01D0864518D00133DBB20F2B61
:10432000F4D10131062902F10F0239D0944600235D
:10433000ECE7012906D1012B04D100227388ADF8E6
:10434000002015E07388ADF8000011E03A683AB338
:104350001E2000FB012232F8131032F81300090A64
:1043600012F8133040BAE4D1002BEBD1ADF8003095
:104370008DF80230009806F055FBC0F307238DF846
:104380000400C0F307408DF805308DF806009DF855
:10439000063020469DF804209DF8051007F04AF8E5
:1043A0000134ADE703B0F0BD5C0C0020E41900203F
:1043B000EE0D00202DE9F04105460E46174600247B
:1043C00000F12408B44201D1BDE8F0812B19B3F506
:1043D000347F06D208EB040005F056FF385501344F
:1043E000F0E70020FAE72DE9F04105460E461746B2
:1043F000002400F12408B44201D1BDE8F0812B195A
:10440000B3F5347F04D2395D08EB040005F0A4FF56
:104410000134F0E741EA020370B40D4650EA0301AB
:1044200004D170BCB4220A48FCF7D2B900241E267D
:104430000F2306FB04F10648013B13F0FF03057050
:1044400042700844F8D10134062CF1D170BC704799
:1044500030190020032806D8B422504300F124016B
:10446000014805F0A7BF704730190020074B084AE4
:1044700010B51A600023074C2370607008F0D6FC5A
:1044800060806078BDE81040FFF7E4BFE4190020C9
:10449000301900205C0C0020032808B50CD8074A0E
:1044A0005070FFF7D7FF08F057FC2D2802D02D20C1
:1044B00008F04FFC012008BD0020FCE75C0C002048
:1044C000032808B511D80A4A117871B90121507032
:1044D0001170FFF7BFFF08F03FFC2D2801D101202C
:1044E00008BD2D2008F035FCF9E70020F8E700BFF3
:1044F0005C0C0020024B1878431E5842584170470C
:104500005C0C002070B5114B1B78012B1CD1104A9C
:10451000126892B11E244878097804FB00220D48E5
:1045200032F81140054630F8026BA64207D103F07D
:10453000070335F8133022F81130012070BD013324
:10454000092BF0D10023F6E70020F7E75C0C0020F0
:10455000E4190020F82401084FF4347224210148A2
:1045600005F0E0BE9426010838B50024064D08F099
:10457000F3FB15F8013B984204D00134192CF6D115
:10458000002038BDE0B2FCE7DF24010808B5FFF7E2
:10459000EBFF00F53E7005F077FE082828BF0020ED
:1045A00008BD000038B50446FFF7DEFF104B1B784E
:1045B000012B07D01922431CDBB2B3FBF2F102FB43
:1045C0001133D8B20B4B185C207008F0C2FBFFF718
:1045D000DDFF094B13F8104003EB40035D7808F052
:1045E00025FC294602462046BDE8384008F0F7BBC6
:1045F0005C0C0020DF240108CA240108032810B540
:1046000004460AD8FFF726FF20460121FFF756FE91
:104610002046BDE81040FFF73FBF10BDB42358430C
:10462000C1EB01111144243000EB41007047032815
:1046300038B510D805290ED80E2A0CD8FFF7EEFF92
:10464000054605F021FE0446681C05F01DFE44EAFF
:10465000002080B238BD0020FCE7032870B51C465E
:104660000FD805290DD80E2A0BD8FFF7D7FF05461E
:10467000E1B205F071FE210A681CBDE8704005F04A
:104680006BBE70BD08B54FF43E7005F0FDFD082807
:1046900028BF002008BD000070B508F05DFB0723AF
:1046A000144A12F8011B814221D0013B13F0FF0391
:1046B000F7D10724FFF7E6FF0130C0B2B0FBF4F3F7
:1046C00004FB13000C4BC4B213F8105003EB40036F
:1046D0005E7808F0ABFB31460246284608F07FFBC7
:1046E00021464FF43E7005F0FAFD204670BD0624C9
:1046F000E0E700BFD8240108CA24010870B5FFF71D
:1047000045FF044607281CBF0B4B1C5C0B4B13F8E2
:10471000145003EB44035E7808F088FB31460246F0
:10472000284608F05CFBFFF71FFF2146BDE87040FC
:1047300000F53E7005F0D3BDC3240108CA2401086A
:1047400070B5FFF723FF044607281CBF0B4B1C5C0A
:104750000B4B13F8145003EB44035E7808F066FB30
:1047600031460246284608F03AFBFFF7FDFE214697
:10477000BDE8704000F53E7005F0B1BDBC240108F5
:10478000CA2401087FB51E4B1B78002B33D00022B2
:104790001146104606F0BAFE00250A2601AC0A2290
:1047A000184901A8FCF79AF801F09AF90378EAB2DF
:1047B000B3FBF6F3934200D8FDB901F091F9037809
:1047C000312B04D900239622194620780CE001F001
:1047D00087F903461B7820781D2B4FF0000387BF15
:1047E000962219461A469621013506F023FE0A2D17
:1047F00004F10104D3D104B070BD00231A46E3E7ED
:1048000044440020642401082DE9F0430D46144679
:1048100089B00C2848D8DFE810F00D004A0081006C
:10482000C100460151015F016D0178018301A501BD
:10483000B301BF01C04FC14E38680AF011FA0E280B
:1048400005D90AF0C9F9338838600333338004EBA3
:1048500084042C446FF007084725FF27E4B208FBC7
:1048600005F3328803F596631344B3FBF7F2134460
:104870008DF804308DF805708DF80640019806F02B
:10488000D1F8C0F30721C0F307438DF808008DF875
:1048900009108DF80A30C2B2DBB22846C9B2013520
:1048A00006F0C8FD972DDAD109B0BDE8F083A44F1A
:1048B000A44E38680AF0D4F90E2805D90AF08CF90C
:1048C000338838600333338004EB84042C44FF279F
:1048D0000025E4B233888DF8057003EBC503B3FB04
:1048E000F7F213448DF804308DF80640019806F075
:1048F00099F8C0F30721C0F307438DF808008DF83D
:1049000009108DF80A30C2B2DBB205F14700C9B216
:10491000013506F08FFD502DDCD1C5E78A4F8B4E57
:1049200038680AF09DF90E2805D90AF055F9338840
:1049300038600333338004EB84042C444FF00C08BC
:104940000025FF27E4B2282DEBB28CBF283BC3F132
:1049500028033288DBB208FB0323B3FBF7F21344CE
:104960008DF804308DF805708DF80640019806F03A
:1049700059F8C0F30721C0F307438DF808008DF8FC
:1049800009108DF80A30C2B2DBB205F14700C9B296
:10499000013506F04FFD502DD5D185E705220023C6
:1049A000B1FBF2F2032C8DF809308DF80A308DF846
:1049B0000D30ADF810308DF813308DF814308DF8BF
:1049C00017308DF818308DF81B30614F4FEA5103C6
:1049D0008DF80C208DF81D30A1EB44028DF81E30AF
:1049E0008DF81F3098BF5B4BD2B238688CBF0F2454
:1049F0001C5D8DF808108DF80B108DF80E208DF8C9
:104A00000F208DF812108DF815208DF816208DF8D6
:104A100019108DF81A208DF81C200AF021F9A042F7
:104A20004D4E4E4C0FD30AF0D7F84D4A23781178EB
:104A3000386069B30133DBB2AB4201D2237002E0CC
:104A40000023257013704FF04709337803EB4303BD
:104A500020336B4413F8186C13F8177C13F8168C7A
:104A60002178484601FB08F301FB07F27143B3FBD1
:104A7000F5F3B2FBF5F2B1FBF5F1DBB2D2B2C9B29C
:104A800009F1010906F0D6FCB9F1970FE8D10BE75F
:104A90000BB1013BD2E70121337811700B4403F0D5
:104AA00007033370CFE74724002320461A462946E0
:104AB000013406F0BFFC972CF6D1F5E60526472415
:104AC000B1FBF6F62046002332462946013406F0B3
:104AD000B1FC972CF6D1E7E64725A1EB8204E4B2BE
:104AE0002846002322462146013506F0A3FC972DD7
:104AF000F6D1D9E64724002320462A461946013438
:104B000006F098FC972CF6D1CEE6472420462B469B
:104B10002A460021013406F08DFC972CF6D1C3E61D
:104B20004724002220462B461146013406F082FC21
:104B3000972CF6D1B8E600BF041A0020001A002016
:104B4000FC190020F8190020F4190020F0190020A9
:104B5000EC19002008250108E8190020E9190020B7
:104B6000600C00204725A1EB8204E4B228462346CE
:104B700000222146013506F05DFC972DF6D193E623
:104B800047254C082846234622462146013506F093
:104B900051FC972DF6D187E64724002320461A467C
:104BA0001946013406F046FC972CF6D17CE600BF8E
:104BB00038B50C460D4D78B10AF00EF80C4B286054
:104BC0001B7883B100F0C2FA58B100F0BFFA00229E
:104BD000114600F001FA04E028680AF041F8322892
:104BE000EAD8002038BD2370FBE700BF0C1A002074
:104BF00074240020014B1860704700BF101A002079
:104C000070B500F069FF454C027823789A4206D0CF
:104C100000F062FF002203782370414B1A6001F01C
:104C20004FFD0138C0B2062896BF3E4B002653F810
:104C3000206000F051FF0378032B06D8DFE803F073
:104C4000024C33070022364B1A60012070BD344DF0
:104C50002C6894B909F0C0FF334B28601A78002AF9
:104C6000F3D01C7000F072FA054600F06FFA22468D
:104C70000146284602F058F8E7E7204647F22F564B
:104C800009F0EEFFB042E0D9FFF734FC0028DCD198
:104C900009F0A2FF2860112001F0D4F844F620604A
:104CA0000BF0ABF914E001251D4C1F4B20681D7063
:104CB00018B909F091FF2060C7E709F0D1FFB042B1
:104CC000C3D3FFF717FC0028BFD109F085FF206090
:104CD000012000F073FCB8E7114C2368002BE8D0EA
:104CE00000F034FA062809D000F030FA012805D087
:104CF00000F02CFA022801D000F028FA206809F010
:104D0000AFFF47F22F5398429FD9FFF7F3FB0028DC
:104D10009BD109F061FF2060BDE700BF091A0020A8
:104D2000101A00200C250108081A002007B58DF87C
:104D300007100DF10701FFF73BFFFFF761FF0020B0
:104D400003B05DF804FB00002B4B2DE9F0411B780C
:104D5000BBB10F254FF00108284E56F8041B4B1C21
:104D60000BD021F00F0701F00F0108FA01F4012226
:104D7000214638460CF0F2FBBC61013D15F0FF0501
:104D8000EBD1002280214FF080400CF0E7FB00BF08
:104D900000BF00BF00BF00BF00BF00BF00BF00BF1B
:104DA00000BF00BF00BF00BF00BF00BF00BF00BF0B
:104DB00000BF00BF00BF00BF00BF00BF00BF302565
:104DC00085F31188012207214FF080400CF0E6FBAB
:104DD000002484F3118885F3118801220C214FF0FF
:104DE00080400CF0DBFB84F31188BDE8F041062124
:104DF00023200CF032B900BF7324002028250108BD
:104E0000072804D0122804D1042000F0B7BB0320E7
:104E1000FBE7704708B54FF080724FF080439A610E
:104E20004FF0007240219A610F4800220CF096FB6F
:104E3000002280210C480CF091FB4FF480030A4AB9
:104E400093610022094B1A70094B1B785BB111204A
:104E500000F0F8FF44F620600BF0CFF8BDE8084002
:104E6000022000F08BBB08BD000400405D24002040
:104E70007324002010B5084C237863B100F084FB44
:104E8000033801289DBF0023032023700220BDE8C2
:104E9000104000F065BB10BD7324002010B504461F
:104EA00009F09AFE3B4B186023780A2B66D006D88F
:104EB000072B36D0082B10D0FF23237018E0212BAE
:104EC000FAD16278344B002A5FD0A1781A78002991
:104ED00058D042F080021A700AE0A378013B032BFD
:104EE000EAD8DFE803F00206091201F0E9FBE070FE
:104EF00010BD0423E370FBE762792179E078FFF7C6
:104F000096FBA071000AE071F2E7E07823796179FD
:104F100040EA032040BAA21D80B2BDE81040FFF76E
:104F200049BAA378013B032BC6D8DFE803F0020B94
:104F3000101BE0780728DBD801F0CAFBBDE8104061
:104F400001F0CEBAE078BDE81040FFF757BBE27938
:104F5000A3792179E07843EA02236279BDE8104021
:104F6000FFF77BBBE0782379617940EA032040BA00
:104F7000A21D80B2BDE81040FFF735BABDE8104071
:104F800002F062BA61F3C712A5E71B78C3F3C0133E
:104F9000A370ADE7101A00206644002010B5044647
:104FA00009F01AFE044B186023780A2B01D102F095
:104FB0004BFA002010BD00BF101A002008B500F009
:104FC0008BFD0378022B03D100F08EFD007808BD25
:104FD0000020FCE700F070BDF8B51546B0FA80F38C
:104FE000B1FA81F25B0952099A4206460C4605D095
:104FF00000290CBF0120022000F03EFA0F4F3B7841
:10500000A34200D13DB100F067FD0323037000F01F
:105010006BFD002303703C7004F0F6FC294620462B
:1050200000F0D6FF2A462146304601F07DFE2A4692
:105030002146304603F0D8F8F8BD00BF271A0020FB
:1050400037B5044600F048FD0378012B0DD000254C
:10505000CDE9005500F040FD0378022B07D0094B45
:105060002A4619780846FFF7B7FF03B030BD24B1D0
:10507000082221466846FBF731FC684600F04AFEEC
:10508000F3E700BF271A002037B5044600F024FDDF
:105090000378012B0ED0002500958DF8045000F008
:1050A0001BFD0378022B07D00D4B2A4619780846C2
:1050B000FFF792FF03B030BD74B163788DF8003014
:1050C000A3788DF80130E3788DF8023063798DF89C
:1050D000033023798DF80430684600F077FEE9E765
:1050E000271A002037B5044600F0F6FC0378012BA0
:1050F0000DD00025ADF8065000F0EEFC0378022B31
:1051000007D0114B2A4619780846FFF765FF03B010
:1051100030BD002CFBD0A278637843EA0223ADF8BF
:105120000630813B022B09D801220DF1060002FA5C
:1051300003F3ADF8063000F035FEE8E70DF10600A8
:1051400000F01AFEE3E700BF271A0020014B187891
:10515000704700BF271A002010B5174C0023227893
:10516000032A26D8DFE802F0020C151E0A22134992
:105170000846CB708A7009F067FB0123237010BDCD
:105180000E4A9370F6231046D37009F05DFB02239C
:10519000F4E7F62209490846CB708A7009F054FBFF
:1051A0000323EBE7054A93700A231046D37009F0F6
:1051B0004BFB0023E2E700BF1E1A0020181A002054
:1051C0007047000010B5FFF7FBFF00F0BBFA00F0DE
:1051D00095FC01F057FB00F06BF9012803D1BDE805
:1051E000104000F06BB900F0B5F968B9074C2068C1
:1051F00009F036FD40F6B733984205D900F04EFF6E
:1052000010B109F0E9FC206010BD00BF141A0020A5
:105210002DE9F04F8FB00E220021814602A8FBF746
:10522000D7FA00F059FC0378012B0AD000F054FCA7
:105230000378022B08D05C4B002219780846FFF750
:10524000CBFE0FB0BDE8F08FB9F1000F00F0A380E6
:105250004FF01E0800262022494606A8FBF73EFB19
:10526000524F9DF819300DF119043B7014F8010FDD
:10527000FAF7D4FF08F1FF38304418F0FF08C6B23F
:10528000F4D14B4D4FF0060BAA461AF8013F93B3E9
:1052900000242246D3B29E420BD89AF80030A34293
:1052A00018BF8AF8008021E001331E2B04D11C4670
:1052B00007E000230DF1190111F8010F0028F3D0C8
:1052C000DCB238336B4413F81E0C019203F085FAFC
:1052D00040EAC404E4B2214606A809F07EFB9AF82D
:1052E0000030019AA34202F10102D3D10BF1FF3B3E
:1052F0001BF0FF0BC9D14946202206A8FBF7EEFAA6
:105300004FF000084FF001095FFA88F39E420FD872
:1053100000F0D8FA002844D1244809F083FA02A802
:1053200000F011FD8DE701331E2B04D11C4607E070
:1053300000230DF1190212F8011F0029F3D0DCB28D
:1053400038336B4413F81E0C03F047FA40EAC404E8
:10535000E4B2214606A809F040FB2A46002312F8D1
:10536000011FA14202D021B93B449C7008F1010801
:10537000CAE70133062BF2D16F2CF7D80EAB03EB43
:10538000D40313F8302C04F0070409FA04F414438E
:1053900003F8304CEAE7082249460448FBF718FABC
:1053A000B6E7FFF70FFFB3E7271A00201F1A002008
:1053B000201A002008B5064B1B7823B9054B1B7833
:1053C0000BB1FFF7C9FEBDE80840FFF7FBBE00BF09
:1053D000271A00204544002070B5044658B109F052
:1053E0000FFA0C4B834205D0184609F003FA01224C
:1053F000094B1A7070BD00F06FFB0378022BF9D1D6
:10540000044D20466B6898472046AB68BDE8704065
:10541000184700BF640C00203810002038B504463F
:1054200088B109F0EDF9114C84421ED00122104BD5
:105430001A7001F0A1F90F4809F03EFF2046BDE8BF
:10544000384009F0D7B90B4B1B78042B05D1074D19
:105450006B6898472046AB68984706480BF039FBC5
:1054600004480BF045FF01F08FF938BD3C100020D7
:105470008A4000204449002010B50C4B04461A789D
:10548000824204D00128187002D0022807D010BD33
:105490000020FFF7A1FF2046FFF7C0FFF7E700203D
:1054A000FFF7BCFF0120FFF797FFF0E7780C002023
:1054B000014B1878704700BF780C002010B50E4BD8
:1054C0000E4C1B78052B13D1206810B909F084FB12
:1054D000206009F0C5FB41F6573398420AD90023F2
:1054E00001202360064BBDE81040187000F066B83C
:1054F0000023236010BD00BF44490020281A00206B
:105500004644002010B50B4C2378052B10D1B4F87D
:105510004C309B0708D509F00FFB28B120460BF053
:1055200063FB05480AF069FDBDE8104009F026BBA1
:1055300010BD00BF44490020A086010008B5044BFF
:105540001B78012B01D1FFF7DDFF012008BD00BF53
:10555000780C0020014B1878704700BF341A0020E7
:10556000014B1870704700BF341A002008B509F0CD
:1055700033FB014B186008BD301A0020014B187036
:10558000704700BF2E1A0020014B1878704700BFEB
:105590002E1A0020302310B583F3118800F0AEFDE1
:1055A000002484F3118872B600F0DEFE00F034FEB1
:1055B00004F062FD84F3118862B610BD014B1870CF
:1055C000704700BF2D1A002010B5074C237828B172
:1055D0001BB1FFF7CBFF0323237010BD002BFCD1C1
:1055E0000122024B1A70F8E7341A00202D1A00200D
:1055F0000F4B70B51E6801F01FF90E4D044618B927
:1056000000232B7000240AE0FFF7A0FD18B90A4B15
:105610001B78042BF4D02B781BB100232B70204671
:1056200070BD002EEED004F0E9F9B042EAD3F4E701
:105630007C0C00202D1A00204449002008B501F000
:105640000DF938B1044B186809F00AFBC72894BF5C
:105650000020012008BD00BF301A00200120704743
:1056600008B5FFF7FBFF38B1044B186809F0F8FAEA
:10567000C72894BF0020012008BD00BF301A0020B9
:1056800070B5FFF763FD044668B9084E3578012D03
:1056900009D101F071F8304609F00EFE224621468C
:1056A0002846FFF799FC012070BD00BF4449002047
:1056B00008B5FFF7E5FF38B1044B186809F0D0FAD8
:1056C000C72894BF0020012008BD00BF301A002069
:1056D0007047000008B507F013FB003818BF012021
:1056E000044B187007F0FCFA09F03FFAFFF7F0FFDF
:1056F00008BD00BF2C1A0020002310B5074C2370F2
:10570000FFF788FBFFF746FF2378054A022B18BFF7
:1057100003231370FFF7AEFB10BD00BF2E1A00204D
:10572000341A002008B5064B1B780BB107F0C6FAF7
:1057300009F024FA01F02EFDBDE8084004F064B938
:105740002C1A002010B5154C2378032B1BD8DFE84A
:1057500003F0020A131BFFF74BFFA0B1FFF706FF90
:10576000012323700FE0FFF769FF60B1FFF7B2FF7D
:10577000FFF7FCFE0223F4E7FFF772FF18B1FFF713
:10578000F5FEFFF7B9FF10BDFFF792FF0028FAD032
:10579000FFF7C8FFFFF7EAFE0023E2E7341A002014
:1057A000202938B505460C4610D1FFF781FE0128A7
:1057B00006D122462946BDE83840022009F0C4BD82
:1057C00021462846BDE8384000F0E2BB38BD08F06D
:1057D00030BF0000054A064B06495A60116051600F
:1057E0009A60DA60002219611A7070471C2200204A
:1057F000381A00204C1A00202DE9F041174C0E46B3
:105800006768A56807F59C784545E36804D19F4221
:1058100006D10020BDE8F08105F108029342F7E7C8
:105820000F4B22699A1A312A9CBFA3F2CF732361CE
:10583000322EEED82369014632461846FBF74EF861
:10584000034645453344286023616B6002D1A7605D
:105850000120DFE70835A560FAE700BF381A00200D
:105860001B220020074A10B5D3689268934207D0E4
:10587000D3E90014641A2246FBF730F8204610BD25
:105880000024FBE7381A0020074BDA6899688A423F
:1058900008D0596801F59C70824201D1D9607047E7
:1058A0000832DA60704700BF381A0020014B1878C0
:1058B000704700BF381A0020014B1870704700BFB6
:1058C000381A0020034BD8689B68C01A18BF012003
:1058D000704700BF381A0020104900230A4610B54F
:1058E0000C7C844212D11C2159435018806850B15D
:1058F000FF28515808D048434000411C1C2000FBA1
:1059000003220120516010BD0131F7E701330A2B5A
:1059100001F11C01E4D10020F5E700BFD00C00200C
:10592000F0B50A4E00253446377C874207D11C204B
:1059300000FB05404176027683760120F0BD0135FB
:105940000A2D06F11C06EFD10020F7E7D00C00204D
:10595000094A30B500231446157C854205D11C2226
:10596000012002FB0344A16030BD01330A2B02F188
:105970001C02F1D10020F7E7D00C0020094A30B515
:1059800000231446157C854205D11C22012002FB10
:105990000344616030BD01330A2B02F11C02F1D1D6
:1059A0000020F7E7D00C002070B50B4C00232546F3
:1059B000267C864209D11C204343E818E950002385
:1059C0008260C3604374012070BD01330A2B04F16F
:1059D0001C04EDD10020F7E7D00C002070B50025A5
:1059E0002E462B4C6368002B4FD0E06808BB637CCD
:1059F000B3FA83F35B09637409F0EEF8D4E900238A
:105A00009342E0602BD266606674E66063690BB116
:105A1000207C9847207CFF2824D100221146104684
:105A200005F074FD0735462D04F11C04DAD1012080
:105A300070BD09F015F923689842D8D26368002B2D
:105A4000E4D0204600F01EFD0028EBD0637C207CD3
:105A5000B3B1FF280CD1A27E217E607EE0E79B1AC5
:105A60006360EBE79628DDD800231A46194604E068
:105A70009628D7D8A37E227E617E05F0DBFCD1E795
:105A8000FF28CAD09628CDD8EFE76374E360C9E752
:105A9000D00C00200246002330B50C1812F8015B30
:105AA0002B44A242DBB2F9D1435430BD01207047F0
:105AB00008B5FFF7FBFF08BD08B54FF4E13009F06A
:105AC000D9F9FFF787FEBDE80840242200210148EC
:105AD000FAF77EBEB023002000487047800C0020FB
:105AE00000487047830C002000487047810C00205C
:105AF00018B111B189B209F0EDB9704773B5FFF76C
:105B0000D5FE03280FD8DFE800F040022D3B774B8D
:105B1000186809F0A5F80A2805D900220220744B5C
:105B20001A70FFF7C9FE734D734C09F0DDF90028B8
:105B300056D009F0C5F92A68012A38D0022A3ED089
:105B4000002A5BD161282FD85F2804D8A0F15A031E
:105B5000DBB2032BE9D8012302222B60674B2070B4
:105B60001A70E2E7624A13780133DBB2282B02D8BD
:105B700013700020D5E700231370FFF785FEF8E7C8
:105B8000FFF782FE0020FFF797FE5D48FFF76AFEF1
:105B900001460028C7D05A48FFF7AAFF09F01CF8B1
:105BA000524B18600120BCE7AF28BED1D3E70223D7
:105BB000524A2B6013786070013B1370B5E723786D
:105BC000612B0FD163780D2B18D10A2816D1FFF75E
:105BD0006DFE012802D10320FFF76EFE00232B602B
:105BE00002B070BDAF2B09D16378602B06D10323BF
:105BF0002B60424BA0700130187096E73F49531C50
:105C00002B600B78A054013BDBB20B70002B8CD1C6
:105C10001946394810F8016B013133448A42DBB22E
:105C2000F8D8A25C9A422AD10322364901A8FAF791
:105C300055FE032101A809F04DF920462978FFF708
:105C400037FF0028CCD02378602B0AD8592B16D9DF
:105C50005A3B062B13D8DFE803F015193A3E12120F
:105C60004200AF2B0BD1A678202E08D12649324610
:105C70002648FAF733FE31462448FFF7A8FD0023F3
:105C80002B6052E76278224B5A70F8E76378313B19
:105C9000052BF4D801A252F823F000BFB55C000830
:105CA000BD5C0008C35C00087F5C00087F5C0008E6
:105CB000C95C00080122164B1A70E0E70222144B5F
:105CC000FAE70322124BF7E70422114BF4E762785C
:105CD0000F4BDA70D3E762780D4B9A70CFE760789C
:105CE000431E58425841FFF76FFCC8E76823002065
:105CF00064230020602300208C2300205C230020EC
:105D0000B02300206F2401088F2300206C23002083
:105D1000800C00201FB5002301930293ADF80C30D6
:105D2000A123082201460DF105008DF80430FAF791
:105D3000D5FD01A80921FFF7ADFE0A21FFF75CFDA3
:105D400005B05DF804FB1FB504461022002168462B
:105D5000FAF73EFDA2230E2221460DF101008DF837
:105D60000030FAF7BBFD68460F21FFF793FE1021C4
:105D7000FFF742FD04B010BD002307B50193A32334
:105D8000022201460DF105008DF80430FAF7A6FD58
:105D900001A80321FFF77EFE0421FFF72DFD03B0CC
:105DA0005DF804FB002307B58DF80630A4238DF8B9
:105DB00004300378022101A88DF80530FFF76AFE50
:105DC0000321FFF719FD03B05DF804FB002307B5BD
:105DD0000093ADF804308DF80630A8230522014663
:105DE0000DF101008DF80030FAF778FD68460621C4
:105DF000FFF750FE0721FFF7FFFC03B05DF804FB3F
:105E000030B5054687B0152200216846FAF7E0FC58
:105E10002846FAF70BFCC4B2122C11D8A92322464B
:105E200029460DF102008DF800308DF80140FAF797
:105E300055FDA11C6846FFF72DFE1521FFF7DCFC80
:105E400007B030BD002307B58DF80630A6238DF8C6
:105E50000500022101A88DF80430FFF71BFE032185
:105E6000FFF7CAFC03B05DF804FB002307B58DF80B
:105E70000630A7238DF80500022101A88DF8043013
:105E8000FFF708FE0321FFF7B7FC03B05DF804FB42
:105E9000B32307B58DF803209A1A8DF8010010443A
:105EA0008DF802108DF80400052168468DF8003049
:105EB000FFF7A2FC03B05DF804FB000007B5032266
:105EC000054901A8FAF70AFD032101A8FFF794FC90
:105ED00003B05DF804FB00BF6822010830B50C4632
:105EE0008FB005463122002101A8FAF771FC2E2C53
:105EF00011D8AB23224629460DF106008DF8043057
:105F00008DF80540FAF7EAFCA11C01A8FFF7C2FDD5
:105F1000E11CFFF771FC0FB030BD30B50C468FB0FF
:105F200005463122002101A8FAF752FC2E2C11D887
:105F3000AC23224629460DF106008DF804308DF879
:105F40000540FAF7CBFCA11C01A8FFF7A3FDE11C5B
:105F5000FFF752FC0FB030BD1FB50023042202939F
:105F6000ADF80C30AD2340EA014001900DEB020189
:105F70000DF109008DF80830FAF7B0FC02A80521F0
:105F8000FFF788FD0621FFF737FC05B05DF804FB3D
:105F900030B50C468BB005462422002101A8FAF743
:105FA00017FC202C12D146F2AF13224629460DF1E0
:105FB0000700ADF804308DF80640FAF78FFC232176
:105FC00001A8FFF767FD2421FFF716FC0BB030BDD9
:105FD00010B50C46062851D8DFE800F004212C3516
:105FE0003E4709001120BDE81040FFF72BBF3020CD
:105FF000FFF728FF002C41D00A212148FFF76EFF50
:1060000028212048FFF789FF43F22D404EF21A5114
:10601000FFF7A2FF5220FFF715FF5120E3E73120E1
:10602000FFF710FF54B35220FFF70CFF1648FFF79D
:10603000E7FEF2E73220FFF705FFFCB15220FFF741
:1060400001FF1248F3E73320FFF7FCFEB4B1522002
:10605000FFF7F8FE0E48EAE73420FFF7F3FE6CB1D5
:106060005220FFF7EFFE0B48E1E73520FFF7EAFE8D
:1060700024B15220FFF7E6FE0748D8E710BD00BF65
:10608000642501086E250108732401087D24010898
:1060900087240108912401089B24010808B5FFF713
:1060A00011FC20B95320FFF7CDFE012008BD0020D0
:1060B000FCE7000010B5C4B20B2C0CBF022001207D
:1060C000FFF75CFA2046FEF79BFE0BF020FA4FF03C
:1060D000FF32014B5A6110BD001800400023054AF1
:1060E0000549C2E900130133102B02F10802F8D16F
:1060F000704700BF00470020B56000082DE9F0415F
:10610000FFF7ECFF00254FF001083F4E56F8041B47
:106110004A1C0CD021F00F0701F00F0108FA01F41E
:1061200021460522384624040BF018FABC610135DB
:10613000EDB20F2DEAD1062401263027334D55F854
:10614000040B431C2ED000F00F01202206FA01F1AF
:1061500020F00F000BF002FA00BF00BF00BF00BF2D
:1061600000BF00BF00BF00BF00BF00BF00BF00BF37
:1061700000BF00BF00BF00BF00BF00BF00BF00BF27
:1061800000BF00BF00BF00BF87F3118855F8040CA3
:10619000022200F00F0120F00F000BF0FFF90023A6
:1061A00083F31188013C14F0FF04C8D122464FF458
:1061B000006117480BF0D2F900BF00BF00BF00BF5D
:1061C00000BF00BF00BF00BF00BF00BF00BF00BFD7
:1061D00000BF00BF00BF00BF00BF00BF00BF00BFC7
:1061E00000BF00BF00BF00BF302383F3118803222C
:1061F0000B2107480BF0D2F984F31188FEF7A4FDB8
:10620000BDE8F0410BF064B9F4250108302601081F
:10621000000800407047000008B509F0D1F80322DB
:10622000214B22499A620C22DA62D1F89020204850
:1062300022F01802C1F8902000229A62DA62D3F8A4
:10624000402C03F5406342F480721A641A6C4FF4D8
:10625000006142F002021A6401225A63DA67DA66C8
:1062600008225A615A695A615A6942F001025A6118
:106270009A6C42F4C0629A649A6CDA6C42F008023A
:10628000DA64DA6C9A6C42F480529A649A6CDA6C32
:1062900042F01002DA6440F28232DB6C0BF05EF9FD
:1062A000FFF7B8FF08BD00BF000001400004014037
:1062B000000800404FF0E022136910B523F00103FD
:1062C0001361234A234B01245A61002200219300C9
:1062D00003F1604303F56143D3F80001012994BF42
:1062E000002000F0010008B1C3F8804101312029ED
:1062F000F2D10132082AE9D1174C636843F00073E8
:106300006360164B1A6802F009021A601A6842F4B8
:106310006C3242F004021A6040F2B3321A62104B3F
:1063200043F001039847236943F00403236130BF1E
:106330000C4B43F0010398474FF0E022236923F010
:1063400004032361136943F00103136110BD00BF0F
:10635000FFFF07000018004000ED00E000000140D2
:10636000CC25010898250108FFF7A4BF704700005D
:1063700038B51A4D04462B78042B1BD8DFE803F000
:1063800003280E1F280000231A461946FFF7C8FAF3
:10639000FF2232212046FFF707FB0BE0FF231A46BE
:1063A0001946FFF7BDFA0322FA212046FFF7FCFA4F
:1063B00001232B702046BDE83840FFF78DBAFF233C
:1063C0001A461946FFF7ACFA01224FF4FA71E1E7D9
:1063D00000232B70FFF7CCFFECE700BF5E2400200A
:1063E000FF2810B504461CD10E4BD3F8143123F00E
:1063F0007F43B3F5405F0DD1002230231146FFF7F4
:106400008FFA20460121FFF7A3FA2046BDE810408D
:10641000FFF762BAB3F5401F03D1002330221946BB
:10642000EDE710BDD00C002070B51D460C4B0E469C
:106430005B781446DB060DD50A4B187802F0CDF9CF
:10644000022808BF3446E0B26B792BB1BDE870403A
:1064500002F038BAC0B2F7E7BDE8704002F07ABA8D
:106460004C440020CD24002008B5054B00211870B5
:10647000FB20FFF783FABDE80840FB20FFF778BF59
:106480005E24002008B5037CFA2B13D0FB2B16D119
:10649000104B1B78012B0FD0033B012B0AD80E4B5E
:1064A0001B783BB1437C2BB1837E027E417E502022
:1064B00004F0C0FF002008BDFEF71CF8FAE7074B08
:1064C0001B78002BF6D1FEF715F880F00100C0B262
:1064D000F1E700BF5E24002048440020782400201B
:1064E000014B186803F010BA4C4400200B8813B518
:1064F000A3F5FC430A2B28D8DFE803F0062A435C07
:1065000027272727A9277400684B01201A780DF147
:106510000701C2F3420352098DF80730FEF748FB2A
:106520009DF80720042A10D81523D340D9070CD58D
:10653000FEF70CFE01221146FEF74EFD01225C4BD8
:106540001A7008F049FBFEF755FB002002B010BDA1
:10655000564B01201A780DF10701C2F3420352098C
:106560008DF80730FEF724FB9DF80720042AECD8AD
:106570001523D340DA07E8D5FEF7E8FD0122022112
:10658000DAE74A4B01201A780DF10701C2F3420302
:1065900052098DF80730FEF70BFB9DF80720042AFF
:1065A000D3D81523D340DB07CFD5FEF7CFFD01228B
:1065B0000321C1E73D4B01201A780DF10701C2F319
:1065C000420352098DF80730FEF7F2FA9DF80730C2
:1065D000DA1E012A01D9002BB7D1FEF7B7FD01223F
:1065E0000621A9E7334B187802F0F7F802280CBF10
:1065F00001220022304B1A701BD1002002F04FF80C
:10660000002002F0D6FC0022FF2311461A20FFF7DB
:1066100087F98120FFF729FC00211A20FFF7AEF946
:106620000322FA211A20FFF7BFF91A20FFF754F9C5
:106630008BE7022002F033F8002002F0BAFCFF23BF
:106640001A201A461946FFF76BF98020E2E7174A2D
:106650005178C1F3C00383F0010363F3C30111F068
:106660000804164B517016D001221A800023FF2116
:106670001A462420FFF754F900212420FFF77EF961
:106680000322FA212420FFF78FF92420FFF724F9B1
:10669000FFF726FF59E708221A80FF232420194616
:1066A0001A46FFF73DF92146E7E700BF4C440020BA
:1066B0005D240020CD24002076240020EC0D002055
:1066C000024B587800F00700704700BF4C44002090
:1066D000024B5A7860F302025A7070474C44002013
:1066E0000022174B10B51A700122164C164B1A7067
:1066F0002368164A1A40164B13432360FF23237165
:10670000FEF724FD237860F343032370FDF724FF95
:10671000FFF7E6FE0F4B187870B102280CD000206E
:1067200002F047FCBDE810400B4B1A7842F08002A3
:106730001A70188803F0E1B801F0B1FFEFE700BF6D
:10674000712400204C440020EA0D00200E80E0F06F
:1067500031270400722400206644002008B503F0AD
:10676000D0F8044B186018B9BDE80840FFF7B8BF6F
:1067700008BD00BF4C4400204FF40032014B9A6129
:10678000704700BF000400400222014B9A6170472D
:10679000000400404FF080434FF080729A6108F08F
:1067A000C9B900004FF080434FF4807210B59A6170
:1067B0004FF4007280219A61174801220AF0CEFE40
:1067C0004FF40003144C0122A361402120460AF03B
:1067D000C5FE124B5B7813F0400316D04023002215
:1067E000A3610F4B1A70FEF7B1FC0446FEF7AEFC36
:1067F000002201462046FEF7EFFB08F09CF908F066
:10680000EBF9BDE81040FEF7F5B94FF480020249FC
:106810008A61044A1370E6E7000400404C440020FB
:10682000EA0D002071240020024B1878031F584203
:10683000584170474449002010B5FEF787FC0446D4
:1068400038B9054B1B78042B03D0FEF7B7FE204662
:1068500010BD0120FCE700BF4449002010B5FEF741
:1068600075FC044650B9064B1B78042B06D0FEF786
:10687000A5FE2046FEF774FE204610BD0120FCE771
:106880004449002038B5134D134C2868C8B108F0AE
:10689000E7F9632815D97020FFF7D4FA5520FFF7E0
:1068A000D1FA5720FFF7CEFA2178002201F00E002E
:1068B000B0FA80F0C1F342014009FEF78DFB0023DE
:1068C0002B6021780020BDE838404A09C1F342011D
:1068D000FEF72CBA882400204C4400208C4B73B562
:1068E0001880A0F5FC400C460A2800F20E81DFE873
:1068F00010F0340072009300B300D7000C010C01BB
:106900000C0114000C011400824C207806F0C6FE25
:1069100000232370002002B070BD4B79002BF3D010
:10692000FEF714FC0446FEF711FC844209D0FEF782
:106930000DFC0446FEF70AFC002201462046FEF745
:106940004BFB744C2378002BE4D140F6B830704AEE
:10695000714906F095FE2070DCE7704B01201A7833
:106960000DF10701C2F3420352098DF80730FEF71B
:106970001FF99DF80720042A26D81523D340D907EC
:1069800022D56679634D002E00F08580FEF7DEFB90
:10699000012805D0FEF7DAFB00220121FEF71CFBDF
:1069A0002B7833B940F6B830594A5B4906F068FE97
:1069B0002870637943B108F0E1F80022584B1A704F
:1069C00008F00AF9FEF716F9FF20FFF73BFA00225C
:1069D000544B1A709EE7514B01201A780DF10701B4
:1069E000C2F3420352098DF80730FEF7E1F89DF833
:1069F0000720042AE8D81523D340DA07E4D56679BE
:106A0000444D002E47D0FEF7A1FB0228C8D0FEF768
:106A10009DFB00220221C1E7404B01201A780DF1B5
:106A20000701C2F3420352098DF80730FEF7C0F8A0
:106A30009DF80720042AC7D81523D340DB07C3D508
:106A40006679344D3EB3FEF781FB0328A8D0FEF7EC
:106A50007DFB00220321A1E7304B01201A780DF1C4
:106A60000701C2F3420352098DF80730FEF7A0F880
:106A70009DF80730DA1E012A01D9002BA4D16679CE
:106A8000244D46B1FEF762FB062889D0FEF75EFB77
:106A90000022062182E7287806F000FE2E7088E7A3
:106AA0001E4B01201A780DF10701C2F3420352096F
:106AB0008DF80730FEF77CF89DF80730DA1E012AC2
:106AC00001D9002B83D16579124CCDB1FEF73EFB85
:106AD00028B1FEF73BFB00221146FEF77DFA237832
:106AE00033B940F6B8300A4A0B4906F0C9FD2070A8
:106AF00000220B4B1A7008F06FF8FEF77BF866E780
:106B0000207806F0CBFD2570F2E7012003E700BFF7
:106B1000EC230020EB230020ED6400084C4400200F
:106B20005D24002064240020F8B504460D46FEF7DD
:106B3000D3FF0378022B03D108F04EF8FEF75AF882
:106B400047F621039C4220D01AD8A4F5A443213B48
:106B50009BB2042B04D8152222FA03F3DB0728D4B6
:106B6000FDF7C8FC88B1A4F5A443203B1F2B0CD92A
:106B70006B7953B129462046FDF7C4FC0020F8BDCF
:106B8000A4F5FC43123B032BEAD8FDF7B3FC70B32A
:106B900045F225239C421ED845F220239C42EDD984
:106BA0001520A4F5A444213CA4B2E04000F001006B
:106BB000E5E76F79002FE8D1FDF79CFC0028E4D0D1
:106BC0000C4E337823B1294620463770FDF79AFCE6
:106BD00001233370D9E747F621039C42CFD0A4F5B7
:106BE000FC44123C032C8CBF00200120C7E701208D
:106BF000C5E700BF484400201E3808B50B462728CB
:106C00006DD8DFE800F0141B1F23272B2F33373BF1
:106C10006C6C6C6C6C3F436C6C6C6C6C6C6C6C6C0A
:106C20006C6C474B4E5154575A5D606366693A220B
:106C3000BE211E20FFF7F8FB002008BD3B22BD212E
:106C40001F20F7E73C22C1212020F3E73D22C2218B
:106C50002120EFE73E2222201146EBE73F222320AE
:106C60001146E7E74022AC212420E3E74122AE2190
:106C70002520DFE74222AB212620DBE74322A821A3
:106C80002720D7E74422AA212D20D3E74522A92196
:106C90002E20CFE7B3223A210846CBE7B5223B218D
:106CA000FAE7B1223C21F7E7B2223D21F4E7AF2217
:106CB0003E21F1E7AD223F21EEE7AC224021EBE798
:106CC000AE224121E8E7AB224221E5E7A822432199
:106CD000E2E7AA224421DFE7A9224521DCE70120DF
:106CE000ABE7000073B5154606461C46019107F058
:106CF00073FF084B03221860074B64001E60074BAC
:106D000001A91D60064B07481C60F9F7E7FD02B0BA
:106D100070BD00BF582400204C24002054240020C3
:106D20005024002048240020F7B5474B474E0D461D
:106D3000377814461A70FEF709FAC7F342078742FC
:106D400013D0FEF703FA337800F0070060F3430333
:106D50003370DAB203F00E032BB103289EBF134643
:106D600060F347133370FFF7BBFB062D69D8DFE8EC
:106D700005F057041C3068684400FF236CB1002202
:106D80008DF80630ADF804200123C82204200199B3
:106D900003B0BDE8F040FFF7A5BF8DF806304FF413
:106DA000FA720123ADF80440F0E7FF234CB1002252
:106DB0008DF80630ADF804200123C8220320019984
:106DC000E6E78DF806304FF4FA720123ADF804407F
:106DD000F4E7FF234CB100228DF80630ADF8042013
:106DE0000123C82202200199D2E78DF806304FF422
:106DF000FA720123ADF80440F4E74FF47F43ADF895
:106E000004303CB10023C8228DF806300123184617
:106E10000199BDE701234FF4FA728DF80640F6E7B9
:106E20004FF6FF73ADF804308DF8063001231CB126
:106E3000C82200200199ABE74FF4FA72204601996D
:106E4000A6E703B0F0BD00BF5C2400204C44002046
:106E500010B5FEF741FE0378022B13D0FEF776F94A
:106E600018B90A4B1B78042B0AD0FEF76FF90446B9
:106E7000FEF76CF9064B01461A782046FFF754FFDF
:106E8000012010BD01F0CFFC0020FAE744490020AA
:106E90005C24002070B5164C2068D0B107F0E0FEED
:106EA000144B154D1B68984208D2144B18682B6878
:106EB00013F0010313D11A46194614E007F08CFEB3
:106EC0002B68206033B900232360FFF7C1FF00283F
:106ED000EBD170BD013B2B60002BE6D1F3E70849F5
:106EE0008B784A780978BDE8704004F0A3BA00BFF7
:106EF0005824002054240020502400204C2400203A
:106F00004824002008B53023FF201A461946FEF712
:106F100007FD0322FA21FF20FEF746FDFF20FEF7C2
:106F2000DBFC012008BD0000204B2DE9F0411B785F
:106F300013B30025DFF87880474600242846E1B2E5
:106F400003F054F8064660B13B7853B94DB9012CB3
:106F500014D16020FEF776FF224605212846FEF771
:106F600097FF01340F2C07F8016BE7D10135EDB223
:106F7000062D08F10F08DFD1BDE8F081022C06D103
:106F80006020FEF75FFF012205211320E7E7032CB5
:106F900006D16020FEF756FF012205212720DEE7FB
:106FA000042CDED1FEF78AFFDBE700BF742400204B
:106FB000EE230020F8B54FF080431A694F4C1B694F
:106FC000C2F3C0114E48217003F40041C3F3C03333
:106FD0000370130640F1858000290CBF64256625E7
:106FE000484E306800287ED107F0F6FD3060284614
:106FF000FEF728FF5320FEF725FF434EFFF794FFCF
:10700000307801F0EAFB002874D0022872D03F4F9C
:107010003B7873B13E4D286807F022FE4F2808D90F
:107020004FF400023B4B9A6100233B7007F0D4FD04
:107030002860394F3B7873B1384D286807F010FE4F
:10704000C72808D94FF40002324B9A6100233B70E5
:1070500007F0C2FD2860324D2B7853B9307801F02B
:10706000BCFB02280CBF80208120FEF7FEFE01231E
:107070002B70FEF76BF82B4D2B78834207D0FEF771
:1070800065F82870FEF762F8FF20FEF7DBFE237834
:107090009BBBFEF725FD03787BBB234C206810B912
:1070A00007F09AFD206007F0DBFD46F2A813984236
:1070B00023D901F0E9FE206807F0D2FD46F2905393
:1070C00098421AD901F0E0FE002323600124174BF7
:1070D00011201C70FEF7B6FE2046BDE8F840FEF712
:1070E0006DBA65257CE707F0BBFDB0F57A7F3FF60A
:1070F0007BAF82E70E4B187089E7F8BD852400202E
:1071000084240020E4230020CD24002070240020CB
:107110006C24002000040040E90D002068240020B9
:10712000E0230020860C0020DC23002073240020B4
:10713000722400202DE9F3410026FF27144D054459
:1071400000EB80004400E4B28DF800408DF801703F
:107150008DF80270009815F8018B03F063FCC0F302
:107160000721C0F307438DF804008DF805108DF852
:107170000630C2B2DBB24046C9B2013604F05AF959
:107180000A34052EE4B2DFD102B0BDE8F08100BFC1
:10719000870C002038B5FDF7D9FF044670B92448A4
:1071A0000578012D0AD14FF40032224B9A6108F084
:1071B00083F8224621462846FDF70EFF1E4C00208C
:1071C00021781C4D4A09C1F34201FDF7AFFD4FF094
:1071D00080434FF480729A614FF4007240219A61AB
:1071E000144820220AF0BAF92022802111480AF01E
:1071F000B5F9012280210F480AF0B0F94FF40003DD
:107200000122AB61402128460AF0A8F9637813F007
:10721000400305D040230022AB61084B1A7038BDF3
:107220004FF4800203498A61054A1370F7E700BFF3
:1072300044490020000400404C440020EA0D002096
:1072400071240020F8B5002401270A4E00252046AD
:10725000E9B202F0CBFE28B1052C03D115B9012506
:107260003770F4E701350F2DF1D10134E4B2062C6B
:10727000ECD1F8BD742400201A4B07B51B7873B30A
:10728000194B1B78032B17D8DFE803F002212427C2
:107290004FF47F43ADF80430A0238DF806300198F9
:1072A00003F0C0FBC0F307238DF80000C0F30740D4
:1072B0008DF801308DF802009DF802209DF8001035
:1072C0009DF8010003B05DF804EB04F01FB94FF620
:1072D0005573DFE74FF6AA73DCE70023DAE703B064
:1072E0005DF804FB78240020772400200A4B9B786B
:1072F00003F00703032B0BD8DFE803F00C020608AA
:107300001123064A137070471E23FAE72A23F8E771
:107310003723F6E70823F4E74C44002065240020D7
:1073200038B5FFF71BFA01224FF480714FF080400F
:107330000AF014F94FF080444FF48073A3614FF4C6
:1073400000333B4D0122AB61284602210AF006F9C9
:107350002046002280210AF001F9204620224FF425
:1073600000410AF0FBF82846202240210AF0F6F8F6
:107370002846202280210AF0F1F8204601224FF40D
:1073800000710AF0EBF84FF40073A361294CFDF78C
:1073900021FE21780022C1F342010120FDF71CFEED
:1073A00007F01AFC244BFF221860C821FA20FEF7D0
:1073B000FBFAFA20FEF790FAFF22C821FB20FEF725
:1073C000F3FAFB20FEF788FAFDF7C0FEFF20FEF778
:1073D00039FD00F0EBFEA078C0F3C100FDF746F8E0
:1073E0002846012280210AF0B9F84FF40003012257
:1073F0002846AB6140210AF0B1F8637813F04001F0
:1074000015BF40224FF480020021094815BFAA6130
:1074100082610A4A0A4A13F0080F11700CBF012258
:107420000822084B1A80BDE83840FFF75FBF00BF55
:10743000000400404C44002088240020EA0D002075
:1074400071240020EC0D002008B502F0B9FA03F019
:10745000BFFF02F04FFA044B1880FFF753FDBDE861
:107460000840FFF75DBF00BF664400202DE9F041F2
:1074700006460C46FFF758FB002800F01581214610
:10748000304600F0C3FE002800F00E812146304651
:10749000FFF7B2FB002800F0078121463046FFF7D6
:1074A0001DFA0746002800F0FF80B74B1B7823B178
:1074B00047F60E639E4240F0F780DFF8D08298F8DE
:1074C000003053B1637943B12C2E06D0002211460F
:1074D000104688F8002004F019F8AD4D2B7813F011
:1074E0000E0F40F0D380B6F5F84F00F0808100F227
:1074F000AB8045F202239E4200F0EA827BD87E2ECA
:107500004DD87A2E40D82C2E00F082813846BDE826
:10751000F081A6F5FC46053E182EF7D801A353F8D6
:1075200026F000BFB97A00081D7700083D790008F1
:107530000D750008017800080D750008E77B00084C
:10754000AB780008F178000835770008DF7700088D
:10755000AD760008E1760008977B0008257B0008DF
:107560005D7B00087D7B00080D7500080D75000827
:107570000D7500080D750008357800085B78000867
:10758000797800086B7700087C3EE0206379022E52
:1075900000F2F180DFE816F0080111011A01E72E70
:1075A00016D8E02EB2D9E13E062EAFD801A353F88B
:1075B00026F000BF237D00080D750008B57C00088B
:1075C0000D750008237D00080D750008E77C000894
:1075D000B6F5A44F9AD16379002B65D06D4B18781E
:1075E00001F0FBF802285FD1002001F058F80020DC
:1075F00001F0DFFC58E047F213039E4200F0A38045
:10760000A6F5F046203EB3B20A2B3FF67FAF0A2E16
:107610003FF67CAF01A353F826F000BF977800082F
:10762000297C00080D750008897C00080D7500088C
:10763000977A0008757A0008C57900080D7A000865
:10764000557900088979000847F61D639E423FF688
:107650005DAF47F604639E423FF65BAF47F60343D8
:107660009E4200F0308247F616439E427FF44EAFB2
:107670006279494B002A49D0484A1278002A0CBF47
:10768000292035201A7000F077FF0DE0FEF724FA6C
:107690000378032B7FF427AF331FA02B04D9A6F167
:1076A000E003072B3FF61FAF00272FE7EB7803F02F
:1076B0000F030C2BF8D06379002BF5D0AB7803F0D7
:1076C0000702032A08D8013262F30203AB70FFF706
:1076D0000DFEFEF705FFE7E7042AF8D00422F3E7E2
:1076E000EB7803F00F030C2BDED06379002BDBD09B
:1076F000AB785E0703D1AB7823F00703E6E7DA1D2A
:1077000062F302035C07AB70E1D1F4E71B78002B56
:107710000CBF2920352000F045FFC5E76379002B19
:10772000C2D06B78C3F3001282F0010262F304133B
:107730006B70CEE763791A4C002B00F0C78107F01D
:107740004BFA2060B0E76379002B3FF4DFAE0023F3
:1077500030211A46FF20FEF7E3F80121FF20FEF753
:10776000F7F8FF20FEF7B8F8D0E662790D4B02B1CA
:1077700001221A7098E71BB100F0FEFE1B2082E781
:1077800000F010FF1B20C6E774240020782400209E
:107790004C440020CD240020EA2300207524002042
:1077A0007C240020454400201BB100F0E5FE0620AB
:1077B00069E700F0F7FE0620ADE71BB100F0DCFE44
:1077C000192060E700F0EEFE1920A4E71BB100F0DD
:1077D000D3FE092057E700F0E5FE09209BE7637917
:1077E000002B3FF493AE6220FEF72CFB8EE663790C
:1077F000002B3FF48BAE02F05AF807F049FA85E609
:107800006379002B3FF450AF012388F800304BE739
:1078100098F80030002B3FF479AE6379002B3FF4E9
:1078200043AFB24A13780133DBB2032B88BF002386
:10783000137039E763794BB1FCF75CFE30B9E22095
:1078400001F040F82B2001F03DF85FE6E22001F066
:1078500081F82B2001F07EF858E663793BB1FCF704
:1078600049FE20B9E32001F02DF80B20EBE7E320DF
:1078700001F070F80B20EDE763793BB1FCF73AFEBD
:1078800020B9E32001F01EF80720DCE7E32001F037
:1078900061F80720DEE76379002B3FF405AF2B7812
:1078A000DA4362F300032B7013E76379904CEBB17A
:1078B0002178D9B96B78402243F040036B700125E1
:1078C0008C4B1D708C4B9A618C4A107828B11170CA
:1078D000FEF706FE01232370E6E680229A6107F098
:1078E0007BF9874B1860874B1D70F1E70023F2E7A7
:1078F0006379854EFBB13578EDB9802201247E4B4A
:107900009A61824B1C7007F067F9814B1860FF2366
:1079100046201A461946FEF703F829464620FEF788
:107920002DF80322FA214620FEF73EF84620FDF707
:10793000D3FF3470B8E600233370B5E66379002BCB
:107940003FF4B2AE2B78C3F3001282F0010262F36F
:107950000413A8E7FCF7CEFD054600287FF4A4AE8B
:107960006379002B3FF4D2AD05F0E6FAD6287FF616
:10797000CDAD29461120FEF701F80322FA2113208C
:10798000FEF712F81320EDE6FCF7B4FD00287FF4B3
:107990008BAE6479002C7FF4B9AD05F0CDFA5F2889
:1079A0003FF6B4AD21461320FDF7E8FF0322FA218C
:1079B0001120FDF7F9FF1120FDF78EFF372005F0AC
:1079C000B3FA71E6FCF796FD054600287FF46CAE2D
:1079D0006379002B3FF49AAD05F028FA10F0800F80
:1079E0004C4C0ED029461220FDF7C8FF0322FA2185
:1079F0001520FDF7D9FF1520FDF76EFFA023A3701A
:107A000084E505F013FA2030A0707FE5FCF772FDE5
:107A1000054600287FF448AE6379002B3FF476AD2D
:107A200005F004FA20281FD829461520FDF7A6FFE7
:107A30000322FA211220FDF7B7FF1220FDF74CFFB9
:107A400006F0ECFEC0F34004800703D50022314B62
:107A50009A705BE5002320461A461946013403F06C
:107A6000E9FC972CF6D1F1E705F0E0F9294B203835
:107A700098704BE56379002B3FF416AE05F06CF976
:107A8000022805D16B7823F020036B70FEF728FDE8
:107A9000FCF756FE08E66379002B3FF405AE05F0CF
:107AA0005BF9022805D16B7823F020036B70FEF799
:107AB00017FDFCF723FEF7E52B78174A13F00E03AA
:107AC00018BF6379B4E66379144C35E62360EBE5BF
:107AD0006379002B3FF4E8AD114B187800F07DFE80
:107AE00002283FF4E1AD02207FE500BF77240020AB
:107AF000E92300207124002000040040EA0D00204A
:107B00006C24002070240020E8230020E90D0020D0
:107B100068240020494400204444002080240020A0
:107B2000CD2400206379002B3FF4BEADA87800215E
:107B3000C0F3C100FCF7C2FB0020AB7823F01803B0
:107B4000AB70FCF787FCFEF7CBFCA878C0F3C10054
:107B5000FCF7A2FC0020FEF787FCA5E56379002B6B
:107B60003FF4A2ADA8780021C0F3C100FCF7A6FB4A
:107B70000120AB7860F3C403AB70E2E76379002BBC
:107B80003FF492ADA8780021C0F3C100FCF796FB4A
:107B90000220AB78EEE76379002B3FF485AD05F06A
:107BA000DBF82D287FF480ADFCF7A4FC0446A87810
:107BB0005E4DC0F3C1007CB9FCF782FC5C4B1C70CD
:107BC00007F00AF82246286021462046FCF722FCEE
:107BD0000320FEF749FC7CE5002401212C60FCF722
:107BE0006DFB2046F5E76379002B3FF45DAD012284
:107BF0006B7823F040036B704E4B1A704FF4800289
:107C00004D4B9A614D4B197811B100221A7060E505
:107C1000EB785A1C02F00F020C2A94BF62F30303A4
:107C200061F30303EB7054E56379002B3FF43CAD43
:107C300005F092F82D28424C22D1FCF75BFC68B18C
:107C4000A878C0F3C100FCF705FCA8780021C0F3B8
:107C5000C100FCF733FB0022354B1A702879FF284E
:107C600008BF212005F075F8FEF73AFC05F0BAF8D8
:107C7000C0F307232070C0F307406370A07013E5C2
:107C80003048FCF78FFCEFE76379002B3FF40CAD35
:107C90000120FCF701FD6B7843F020036B7005F0C9
:107CA000A1F8274BC0F307221870C0F307405A70A1
:107CB00098700EE5244B187800F08FFD0228234BB6
:107CC0002BD16179224A1B781170D9067FF51EAC41
:107CD000FCF710FC00287FF419ACE3206379C3B1F2
:107CE00000F04AFC12E4184B187800F076FD0228E8
:107CF000164B12D1164A61791B781170DA067FF59E
:107D000005ACFCF7F7FB00287FF400ACE7206379B3
:107D1000E5E700F047FCFFF7F9BB1B78DB063FF512
:107D2000F5AB62790A4B1A70FFF7F0BB54440020A0
:107D300048440020EA0D0020000400407124002087
:107D40004944002050440020CD24002066440020F7
:107D50007524002010B5FDF7F9F958B1FDF7BCFE08
:107D600003780D4C022B06D10123237006F034FF5B
:107D70000A4B186010BD2278094B5AB101221A70C3
:107D8000064B186806F06CFFB0F5FA6FF2D90023C5
:107D90002370EFE71A70EDE76424002060240020D0
:107DA0005F2400202DE9F043DFF81C82064698F896
:107DB00000500F46A5B0CDB1844C2378412B00F282
:107DC000FF800022824D1046114603F09FFB286879
:107DD00006F046FF322805D906F0FEFE237828601B
:107DE000013323702078FFF7A5F9E1E08A22794971
:107DF00001A8F8F773FDDFF8E09101AC2278607814
:107E000002EB420209EB02018B7819F80220497853
:107E1000013503F00FFB452D04F10204EED16F4C48
:107E2000206848B106F01CFF40F6B833984203D9E9
:107E3000FFF70AFB00232360694D6A4C286858B19C
:107E400006F00EFF42F21073984205D9237883F0B2
:107E50000103237000232B60634B1B78002B40F041
:107E60008880FCF747FB58BB604B1B78042B22D162
:107E700006F0D4FC5E4DC0F340002B7898420FD042
:107E800006F0CCFCC0F34000287006F0C7FC810768
:107E9000C0F3400304D41A461946062003F0CAFA78
:107EA00006F0BCFC82070BD5FF2306201A461946B4
:107EB00003F0C0FA04E0FDF70FFE0378022BD7D0E1
:107EC0004C4DDFF83491287800F087FC02280ED062
:107ED0004A4A99F800301078C3F3001188420B46E3
:107EE00005D0117019B90A46082003F0A3FA99F8D1
:107EF0000030DB060AD5287800F06FFC022805D098
:107F0000FF2308201A46194603F094FA04F024FFD0
:107F10001F282ED004F020FF2C282AD004F01CFFAC
:107F2000242826D004F018FF252822D004F014FFBE
:107F300026281ED004F010FF27281AD004F00CFFCA
:107F4000282816D004F008FF292812D004F004FFD6
:107F50002A280ED004F000FF2B280AD0284B9A784C
:107F6000D878284B02F00702197800F00F00FCF7D0
:107F70004BFC23782BB1FF2309201A46194603F046
:107F800059FAFFF7E7FEFDF7E1F810B11E4B1B7839
:107F90000BB9FEF77FFF39463046FDF71FFDFFF7AF
:107FA0006BF9FCF7EFFB98F80030002B7FF404AF7F
:107FB0003946304600F0CEF9012025B0BDE8F08307
:107FC000002388F80030F3E7E80D0020D8230020D4
:107FD000D42300206B220108B54400208024002017
:107FE0007C240020742400204444002044490020C4
:107FF000850C0020CD24002066440020840C002045
:108000004C440020652400205F24002010B501248A
:10801000044B1C7000F038FF2046BDE81040FDF70F
:108020009FBA00BF9224002008B5FDF78FF830B149
:10803000FDF752FD0078831E5842584108BD0120CB
:10804000FCE7000008B5044B187800F0C6FB831E5F
:108050005842584108BD00BFCD240020A0F139038B
:108060000C2B16D9A0F1A903012B12D9292810D065
:1080700047F6034398420CD047F60563984208D070
:10808000A0F5FC430F2818BF042B94BF012000204B
:108090007047012070470F2808B509D131B14FF062
:1080A00080431B691B0601D4FFF7B0FF012008BD08
:1080B0000020FCE747F60343984237B50C4616D13B
:1080C000052000F05FFF90B1FBF7D2FA83060ED5D2
:1080D00063794BB100F0D8FE41F2883007F08DFF94
:1080E00001F0E5FB06F0D4FD012003B030BD294DC1
:1080F00028780028F9D0022221460DF10600F8F771
:10810000EDFB627940F20B41BDF80630002A32D017
:108110008B42214A4FF001011CD111701F49087890
:1081200020B3002313701E4A2B7013701D4A0B706E
:10813000137004F0C3FD06F021FD0320FDF710FAD3
:10814000FDF704F802460028CED1174B1978FCF74A
:1081500043FFC9E70E2B04BF1048017011780029B6
:10816000DCD10E2BC0D0FFF751FFBDE740F20B4230
:108170009342F6D1B8E78B4206D1074B1A70074BF2
:108180001B78002BB0D1EEE70E2BADD1034B1A704C
:10819000014BF5E792240020912400209024002038
:1081A0009C240020932400200E10002008B5FBF72B
:1081B00087FFFBF745F90020FBF734F9502208212F
:1081C0000848F8F705FB0822064B072003F83D2C6A
:1081D00003F83C2C03F83A2C03F8392CBDE808408E
:1081E00004F0CEBEBD0F002031B938B10122044BDE
:1081F0001870044B1A707047034B1970704700BF1A
:108200000D1000209C2400200E100020014AFBF7D6
:1082100031BC00BF482601082DE9F041444C2378C9
:1082200083BBFEF701FB4FF0804306461D69002823
:1082300048D1C5F3C015A8463E4B3F4C1A783F4F76
:10824000AA4206D01D7006F0C7FC85F0010520602B
:108250003D70B8F1000F3BD000233B70FCF776FF78
:10826000054698B3206810B906F0B6FC206006F009
:10827000F7FC4F281ED90022284611462260FCF741
:10828000ABFE17E0FCF762FF20B14FF080431B69A3
:108290001B060CD500232A4A23701370294A137039
:1082A00004F00CFD06F06AFC0320FDF759F9237871
:1082B000002BB6D0FEF77EFE06F08EFCBDE8F04146
:1082C000FBF748BF05464FF00108B5E72060F1E72E
:1082D000FCF73CFF3B7805463BB31B4B1B78CBB10F
:1082E0001A4B93F80080A8451BD02068A0B906F06F
:1082F00073FC0022206041462846FCF76DFE002DED
:10830000D8D1002ED6D13046FDF758F93046FDF7CA
:1083100027F9CFE70E4BE4E706F0A2FC3B28E6D8AE
:10832000EDE7002323603B70E9E7C4F80080E6E74F
:1083300092240020942400209824002093240020DC
:1083400091240020902400209C2400200D10002067
:108350000E10002000232DE9F04387B08DF8153072
:108360008DF816308DF81730FBF73AF80446FBF716
:1083700031F80546FBF73AF80646FBF72BF8021FE3
:1083800020463C2453420DF116080DF115070DF15E
:108390001709534129463246CDF804800097CDF89D
:1083A0000890FBF725FF3846642741464A46FBF70D
:1083B0005BFFFBF715FF9DF817309DF816209DF821
:1083C0001510634362436143B3FBF7F3B2FBF7F26B
:1083D000B1FBF7F1DBB2D2B2C9B203F02BF806233E
:1083E0009DF815409DF816509DF817605C435D435D
:1083F0005E43B4FBF7F4B5FBF7F5B6FBF7F6DFF831
:10840000C480314FB8F80000E4B2EDB2F6B2C8B99A
:1084100006F01AFCA8F80000FCF798FE00284BD0E4
:10842000FDF75EFB0078642828BF64205023584382
:108430006423B0FBF3F0254B1870C0F150004010DE
:10844000387003E006F005FCF928E1D84FF0000889
:10845000DFF878903A785FFA88F39A4208F147009B
:108460002CD899F800301344434527DD33462A467B
:10847000214608F1010802F0DDFFB8F1500FE9D103
:1084800000230A201A46194602F0D4FF00230B20CD
:108490001A46194602F0CEFF00230D201A4619464F
:1084A00002F0C8FF00230E201A46194602F0C2FF50
:1084B000012007B0BDE8F0836420B7E700231A4627
:1084C0001946D6E78E2400208C2400208D2400201D
:1084D00005280DD805290BD80E2A09D85A23C1EB37
:1084E000011103FB0010034B024433F812007047E4
:1084F0000120704764290108052808D839B9054BBF
:1085000082F0010202EB400033F8100070470120B6
:10851000704700BF7C260108A0F58072B2F5F85FB5
:1085200003461FD213F4805F00F4007103F48062ED
:10853000C0F3002003F400630AD0000109B140F049
:1085400020000AB140F040006BB140F0800070475D
:1085500009B140F002000AB140F004001BB140F044
:10856000080070470020704710B50C46FFF7D4FF95
:108570002346BDE810401847A0F1E003072B10B5D3
:10858000044600D940B920460449FFF7EDFFE0B2A8
:10859000BDE8104000F096B90149F6E7118A0008DD
:1085A000358E000810B50446C0B200F0D3F9A4F12E
:1085B000E003072B00D92CB903492046BDE8104041
:1085C000FFF7D2BF0149F8E7238A0008478E000869
:1085D00038B505460C46FFF7CFFF1CB92846FFF714
:1085E000E1FF38BD6420013C07F007FDA4B2F4E7C9
:1085F00008B539280CBF50210021FFF7E9FF08BD5D
:108600000120704708B5FFF7FBFF08BD704708B5AC
:10861000FFF7FCFF08BD000013B502AB03E9030040
:108620000F4B1B78B3B99DF8053073B16AB100F0F8
:108630006BFD04460146009800F028FD2046009995
:1086400002B0BDE8104001F0AFBB009800F03EFD65
:108650000446F3E7009800F057FD0099F0E700BFEB
:10866000A4240020034610B400885C880A4640EA2F
:108670000440998810BCFFF7CFBF10B50446012114
:10868000FFF7F0FF2146FFF7BDFF10BD10B5044610
:108690000021FFF7E7FF2146FFF7B9FF10BD10B536
:1086A00001248440E4B2204601F020F92046BDE8D0
:1086B000104000F03ABC0120704708B5FFF7FBFFFF
:1086C00008BD10B5044600F0DFFB2046FFF7F5FFBC
:1086D000BDE8104046F2A81007F08FBC08B5012095
:1086E000FFF7EFFFBDE8084006F0D2BA08B500205A
:1086F000FFF7E7FFBDE8084006F0F0BA38B5012102
:108700000546FFF7AFFF2946044605F00FFF002896
:1087100040D029462046FEF7A9FED8B32946204678
:1087200005F00EFEB0B32946204605F06BF988B37C
:108730002946204605F040F960B32946204604F05A
:1087400071FC38B32946204605F048FE10B36B791A
:108750007BB147F65A439C4223D00ED847F60143DB
:108760009C421BD047F603439C4215D0B4F5F84F0A
:108770000ED02846FCF7E2FE0DE047F65B439C4234
:1087800012D047F65C439C42F3D101F07DF8F0E74C
:10879000FFF7A4FF002038BD01F089F8FFF7A6FF1E
:1087A000F8E701F07DF8E4E701F07DF8E1E708B5CE
:1087B000FDF7F0FF03F0BAFE00F030F8BDE8084026
:1087C000012004F065BA08B500F02DF8002004F08F
:1087D0005FFABDE80840FDF7E5BF020906BF134692
:1087E0000246042391081EBF0A460233DBB203EBA4
:1087F0005200C0B2704701207047704738B5054637
:10880000FFF7F9FF044610B12846FFF7F6FF2046B0
:1088100038BD704708B5FFF7F1FF08BD08B5002067
:10882000FFF7F8FF08BD08B505F0F0FFFFF7F2FF0E
:1088300008BD000010B505F0E9FF074B04461A78A3
:10884000824207D0187006F0C7F9044B1860204622
:10885000FFF7E0FF10BD00BF9D240020A0240020F2
:108860001FB5CDE900019DF805306C460BB100F055
:108870000BFF0023ADF80E3094E80300ADF80C10A8
:10888000C9B2029002AC29B994E8030000F054FE8A
:1088900004B010BD2046FFF7F0FE0028F4D1F7E742
:1088A0000379012B02D1008800F04EBC704708B557
:1088B00029B105F00DFABDE8084005F0E7BA05F06A
:1088C00059FAF8E710B50446002840D0031FDBB280
:1088D000A02B0ED806F020F820B1204606F0A6F80E
:1088E00000F06AFF204606F087F8BDE8104000F06F
:1088F00063BF00F12003DBB2072B07D800F00704A9
:108900000120A040C0B200F093FEEEE700F15B034F
:10891000DBB2022B05D8BDE81040243880B205F048
:108920009DBF00F15803DBB21A2B06D8BDE81040FA
:10893000074A32F8130005F0ADBF3334E4B2122C0D
:1089400005D805F0C5F9BDE8104005F09FBA10BD87
:108950009C2D010808B50346A0B3021FD2B2A02A7D
:1089600005D806F063F8BDE8084000F025BF00F127
:108970002002D2B2072A07D800F00703012098404E
:10898000C0B200F05DFEEEE700F15B02D2B2022A57
:1089900004D8BDE80840002005F060BF00F158028F
:1089A000D2B21A2A04D8BDE80840002005F072BFF0
:1089B0003333DBB2122B05D805F0DCF9BDE80840F3
:1089C00005F064BA08BD000038B50C460546FFF74F
:1089D00079FF8CB140F2E7300021DFF820C04FF47E
:1089E0007A720023E4FB0C01F7F700FC07F005FBAB
:1089F0002846FFF7AFFF38BD0120F7E7A08601004A
:108A000008B539280CBF50210021FFF7DDFF08BD54
:108A100008B528B100F00CFEBDE8084000F0CCBE5F
:108A200008BD08B528B100F00BFEBDE8084000F015
:108A3000C3BE08BD2DE9F843877981460C464579C8
:108A400000F0E6FD3F09064608B32E46FDB1C4F32B
:108A5000072303F0F002402A0CD0E1B201F120021A
:108A6000D2B2072A25D903F0E003202B02D1012935
:108A70001FD907B3A44B5E7816F0040607D0022076
:108A800000F0D2FE00F0C4FD80F00106F6B2C4F39F
:108A900003330B2B3DD8DFE813F010001000540017
:108AA0005400AE00C5003C003C00CA002C0140014F
:108AB00040010026EBE73E46E9E7C4F30723C4F391
:108AC00003270F2B88BF3F01E4B285B157B104F1F2
:108AD0002003DBB2072B384600D92CB900F0A8FDE3
:108AE00000F06AFE20464CE000F0BEFDF8E72046AC
:108AF000FFF730FF6FB104F12003DBB2072B3846DC
:108B000000D914B900F09CFD01E000F0B5FD00F0C3
:108B100053FE002E00F0598100F072FD10F00100AC
:108B200040F0538189F8050000F064FD00F048FA38
:108B3000484600F061F900F05DFDBDE8F84300F043
:108B400049BAC4F3072303F0F003C4F30328202B2E
:108B5000E4B218BF4FEA08182CB1012C34D0002D14
:108B60003CD0DFB1BEE7684B5B78590714D45DB1E8
:108B7000B8F1000F04D0404600F05AFD00F01CFE92
:108B80000020FFF79FFEC4E72846FFF7E3FEB8F199
:108B9000000FBED04046B5E755B11FB94046FFF7BC
:108BA00037FFB6E7012FB4D1404600F08DFDB0E7A6
:108BB000002FAED14046FFF734FF404600F092FD53
:108BC000404600F06DFDA4E715B1052FA1D8E5E7FB
:108BD000042F9ED84046FFF724FF9AE7002FF9D0D4
:108BE000392C0CBF4FF4FA50012007F006FA20464A
:108BF000FFF7B0FE8DE714F4406FC4F3812307D074
:108C0000012B86D165B1C4F3090005F043FE80E76E
:108C100025B1C4F3090005F021FE7AE72846FAE7FA
:108C20002846F2E72946E0B2FFF741FE71E714F467
:108C3000407F2DD1F5B914F0100018BF0F20C4F3F8
:108C400042134FEA8303DBB21CBF9840C04304F0D9
:108C50000F0202FA03F2C4F3812418BFC0B2D2B2E9
:108C6000022C40EA02000DD0032C0ED0012C06D0BD
:108C700000F066F905F0CAFDFFF7CCFD49E700F00A
:108C800057F9F7E700F064F9F4E700F04EF9F1E77F
:108C9000C4F301220DB3D207ECD514F0100318BFB2
:108CA0000F20C4F342124FEA8202D2B21CBF90409E
:108CB000C04304F00F0101FA02F1C4F3812418BF8C
:108CC000C3B2C9B2022C43EA01000CD0032C0DD070
:108CD000012C05D000F09AF9CCE7012ACAD9DCE7CB
:108CE00000F08CF9C6E700F099F9C3E700F03EF90F
:108CF000C0E7E7B2C4F3032445B1204600F060F9B1
:108D00003846FFF785FEB5E7664400203846FFF792
:108D100088FE204600F05EF9ACE75FFA84F8A8F11F
:108D2000F003042B38D8DFE803F003210D141D00F5
:108D300035B1042F9ED8C4F3042000F055F999E70B
:108D4000052FF7E7C4F30420002DE3D100F038F934
:108D500090E725B1C4F3042000F02BF98AE700F076
:108D60000DF987E71A4B5B785B0704D4C4F3042042
:108D7000002DCFD0EAE72DB10321C4F3042000F089
:108D800031FD77E7012000F04FFD012F7FF672AF34
:108D9000022000F049FD6DE73DB11FB14046FFF7ED
:108DA00091FD67E7C4F30420D0E75FB1B8F1390F54
:108DB0000CBF4FF4FA50012007F01FF94046FFF7AF
:108DC000C9FD57E7C4F30420A4E7BDE8F88300BF5A
:108DD0006644002038B501880446407900F0C0F9A7
:108DE000054600F023F900F09FF829462046BDE82B
:108DF0003840FFF71FBE0000037910B50446B3B139
:108E0000FFF77CFC68B900F003FC80B1637973B1B3
:108E1000074B5B785B070AD5BDE81040022000F0E5
:108E200003BD2046FFF7D6FF2046FFF72FFC10BDFD
:108E30006644002008B528B100F016FCBDE80840E3
:108E400000F0BABC08BD08B528B100F015FCBDE8BB
:108E5000084000F0B1BC08BD08B5002005F0FEFCDC
:108E6000002005F017FD00F00FFC00F0A5FC05F058
:108E700029F8BDE8084005F009B808B505F0F0FD8F
:108E8000BDE80840FFF7E8BF08B500F0E7FBBDE824
:108E90000840FFF7F2BFC0F30333062BC2B213D072
:108EA00094BF0E33063303F00F03012B13D8F02ABF
:108EB00013D004D8E72A8CBF002001207047A2F10C
:108EC000F403584258417047F12A18BFE72A94BF6B
:108ED000012000207047002070470120704708B52E
:108EE0000346007930B1188800F02EF9BDE808403B
:108EF000FFF7D1BF08BD82B002AB03E9030002B0A7
:108F0000704782B002AB03E9030002B070477047BC
:108F100008B5FFF7FCFF08BD08B5FFF7F9FF014BE7
:108F2000187008BDCD2400207047FFF7F5BF000082
:108F3000024B1B781843FFF7EFBF00BFCD24002082
:108F4000024B1B781840FFF7E7BF00BFCD2400207D
:108F5000024B1B785840FFF7DFBF00BFCD24002035
:108F6000704708B5FFF7FCFF08BD000008B5FFF724
:108F7000F8FF014B187008BDCC2400200020FFF73B
:108F8000F5BF0000054B1B781BB9B0FA80F0400913
:108F9000704743FA00F000F001007047CC24002035
:108FA00018B9B1FA81F040097047084100F001009A
:108FB0007047012303FA00F0C0B2FFF7D7BF0000EB
:108FC0000123034A834010781843C0B2FFF7CEBF95
:108FD000CC2400200123034A8340107820EA0300B8
:108FE000FFF7C4BFCC2400200123034A834010783C
:108FF0005840C0B2FFF7BABFCC240020024B1B7808
:109000001843FFF7B3BF00BFCC240020024B1B78EE
:109010001840FFF7ABBF00BFCC240020024B1B78E9
:109020005840FFF7A3BF00BFCC240020704701F0D9
:109030000703C90830B501EB4101012401390A4495
:1090400000219C40E4B212F8015F20FA01F343F3DF
:1090500000036B40234001315D4003291570F2D1BC
:1090600030BD002210B500F00704C00800EB40003E
:10907000014410468B5CE34003F00103934001324E
:109080001843032AC0B2F5D110BD000017B40C4636
:10909000C1B2C0F3072005280BD80E290FD8C0EBAA
:1090A00000100144074A89B2204603B010BCFFF704
:1090B000BEBF031DDBB2012B01D8034AF4E703B0A6
:1090C00010BC7047A8240020A5240020C3B2C0F320
:1090D0000720052882B009D80E2B0ED8C0EB00104F
:1090E0001844074980B202B0FFF7BBBF0430C0B2DA
:1090F000012802D818460349F5E7002002B070475E
:10910000A8240020A524002073B505240C4BADF83D
:1091100004001E780B4B1B781E4346FA04F3DB0752
:1091200005D4013CF9D20025284602B070BDE5B255
:109130002846019900F055FE80B20128F1D0F3E7EE
:10914000CC240020CD24002007B5ADF80400019800
:10915000FFF7DAFF019903B05DF804EB00F041BEC0
:1091600013B5104BADF804101B782BB1019802B069
:10917000BDE81040FFF7E8BF70B10198FFF7C4FFEA
:10918000044601460198FFF781FF2046019902B08D
:10919000BDE8104000F025BE0198FFF797FF044698
:1091A000F3E700BFA424002010B5012404FA02F262
:1091B00004FA01F11143CAB20140914204FA03F4E6
:1091C00006BF2043C0B2A04310BD000008B513463F
:1091D0000A46014603480078FFF7E6FFBDE808406D
:1091E000FFF7C4BECC240020F8B50C4B0C4E1C7805
:1091F0000C4D3378A34200D1F8BD05EBC40335F81C
:1092000034005F889A88D98840EA074042EA0141E1
:109210000134FFF776FE04F00704EAE7CE240020CD
:10922000CF240020D0240020064B10B418885C887E
:109230009A88D98840EA044042EA014110BCFFF70D
:1092400060BE00BF10250020194AF8B593790F2B96
:109250000AD8537943B1174B17491B780D781688F4
:109260005788164CAB4200D1F8BD04EBC301087916
:10927000D0B134F83300B04216D14879A0B948884B
:10928000C01B80B2C7280FD80120937960F3071361
:1092900093718B7960F3071305488B71FFF7ACFD71
:1092A000BDE8F840FFF7A0BF013303F00703D9E79B
:1092B00010250020CE240020CF240020D024002020
:1092C000F0B50D4B0D4C1B7826780D4CB34201D1F7
:1092D0000020F0BD04EBC3056F788F4206D114F86F
:1092E0003370874202D16D79954203D1013303F087
:1092F0000703EBE70120ECE7CE240020CF24002079
:10930000D02400202DE9F043044685B0894D062283
:1093100001466846F7F7E2FA2B7967792279C3B9F3
:10932000002A00F0CC80002F00F0FB802046FFF7E1
:10933000D6FD002800F0F580082221462846F7F7E0
:10934000CDFA2846FFF7ACFAFFF77EFFFFF76CFF78
:10935000B5E0B4F802906B886E79A9EB03039BB279
:10936000002E00F0AE80C72B00F28780002A00F0AC
:10937000A680AB792A880F2B218851D8914211D130
:10938000002F48D1012262F30713AB71FFF74CFFA6
:109390002846FFF731FDAB79A3710025284605B0BB
:1093A000BDE8F083002F36D125783A46284661780B
:1093B000FFF786FF2846FFF783FF05460028ECD11C
:1093C0000098FFF7C1FEC0F30332032AC3B208D8E6
:1093D000012A10D910F4706F12D0A2790F2A0FD879
:1093E000DCE7063202F00F02012A0ED92046FFF711
:1093F00003FD3546D2E710F4706F01D0002BCDD0BD
:109400002033DBB2072BC9D9F0E7EF2BC6D90F33D6
:10941000DBB2022BF7E7AB7943F00103AB71BCE79A
:1094200091420AD14FB92046A371FFF7E5FC08220B
:1094300021462846F7F752FA88E72046FFF74FFD06
:1094400000286ED0002F6CD0AB791F2B0FD92A8843
:1094500002A8ADF808202A79ADF80A908DF80C2002
:1094600000228DF80E308DF80D20FFF7C5FC082284
:1094700021463048F7F732FA66E7AB790F2B0ED862
:10948000DDE90001FFF737FD2846FFF7B5FC0822AC
:1094900000212846F7F79CF9FFF7C6FE7DE772B179
:1094A000298822889142C8D1002FC6D12046A371B5
:1094B000FFF7A2FC082239462846F7F789F901256B
:1094C0006CE7C72B31D8002AF9D057B32A882388F4
:1094D0009A421DD1AB79DA0714D40F2B12D9A3719C
:1094E00003F0F003F02B06D0A379C3F3031201328B
:1094F00062F30713A3712046FFF77EFC0822214682
:109500000C4897E7082221460A48F7F7E7F9D6E71B
:109510002046FFF7E4FC0028A9D1AB7943F0010312
:10952000AB712046FFF768FCC9E7DDE90001FFF7F2
:10953000E2FCACE710250020F0B585B0CDE90001D4
:109540006846FFF7DFFE274F06469DF80420264DAC
:1095500058B11AB1DDE90001FFF7D3FC234C28789C
:109560003B78834224D105B0F0BD02ABDDE90001B8
:1095700083E80300002AF1D038782A78441C04F0EC
:10958000070494420AD01946184B082203EBC00086
:10959000F7F7A4F93C70FFF727FEDFE7FFF774FC4D
:1095A0000822314612483E702E70F7F711F9D5E7C0
:1095B00004EBC000FFF7A6FE0028D4D02B7834F8C7
:1095C000330004EBC3035E889A88D98840EA0640DA
:1095D00042EA0141FFF795FC2B78013303F00703C2
:1095E0002B70BCE7CF240020CE240020D024002004
:1095F00010250020014B1878C00870474025002036
:10960000024B187800F00700704700BF402500208B
:10961000034B187810F0070018BF0120704700BFF7
:1096200040250020014B1878704700BF6C250020B2
:10963000024B1A7810431870704700BF6C25002049
:10964000024A137823EA0003137070476C25002048
:10965000014B1870704700BF6C2500200022014BA1
:109660001A7070476C250020024B1A78104318704E
:10967000704700BF6B250020024A137823EA0003DD
:10968000137070476B2500200022014B1A70704741
:109690006B250020704708B5FFF7FCFF08BD0000F0
:1096A00008B5054A1378034204D023EA000010707D
:1096B000FFF7F1FF08BD00BF41250020704708B546
:1096C000FFF7FCFF08BD000010B505490B7830EA34
:1096D000030403D003430B70FFF7F1FF10BD00BF7D
:1096E0004225002008B5054A1378034204D023EA36
:1096F00000001070FFF7E3FF08BD00BF4225002007
:1097000008B5044B1A781AB100201870FFF7D7FF7C
:1097100008BD00BF4225002010B5084B1C78084B3F
:109720001B781C43074B1B782BB11C4305F0CEF86C
:1097300008B1FFF7E5FF204610BD00BF6C250020F3
:109740006B2500204225002038B50B4C2568FFF71B
:10975000E3FF28702468082220460849F7F788F8B4
:1097600048B1214608220548F7F7B8F82046BDE879
:10977000384005F057B838BD1410002038250020B7
:1097800038B50B4C2568FFF7C7FF687024682022A6
:1097900020460849F7F76CF848B1214620220548D1
:1097A000F7F79CF82046BDE8384005F043B838BDCF
:1097B0001010002018250020054B1B7833B1054BF5
:1097C00093F90030002B01DAFFF7DABFFFF7BCBFD7
:1097D0003810002066440020704708B5FFF7FCFFF2
:1097E00008BD0000094A10B5527852070AD5084C46
:1097F00041EAC0012170FFF7E3FB2078C008FFF7C2
:10980000ECFF10BDBDE81040FFF7DABB6644002056
:1098100040250020002008B5024B1870FFF7DDFF3F
:1098200008BD00BF4025002008B50A4A137823EA86
:109830000000107042070CD198420AD0064B5B78AA
:109840005B0706D5C008FFF7C5FBBDE80840FFF77A
:10985000E1BF08BD4025002066440020094A08B544
:109860005378C3F3800181420AD060F382035370BE
:10987000108800F042F8BDE808400220FFF7D4BF8E
:1098800008BD00BF66440020044B5878C0F3800038
:1098900080F0010000F00100FFF7E0BF6644002007
:1098A0000120FFF7DBBF0020FFF7D8BF704708B5E6
:1098B000002000F07DFDBDE808404FF6FF7100205C
:1098C00000F058BD08B5002000F0EDFC4FF6E56350
:1098D000984203D1BDE8084004F0C0BD002008BD97
:1098E000022000F0D1BC032000F0CEBC01460320D2
:1098F00000F032BD042000F0D6BC0146042000F088
:1099000039BD0F2000F0DEBC01460F2000F040BD45
:1099100008B50020FFF7F8FFFFF7C8FF08BD0146B4
:109920000E2000F019BD000007B5002000F040FD3A
:109930004FF6E561002000F01DFD0021022000F03F
:109940000BFD01211D4B0320197000F005FD4FF4A4
:10995000A051042000F00EFD0021062000F0FCFCC8
:109960000021072000F0F8FC0021082000F010FD85
:109970000021232000F0F0FC00210C2000F0ECFC82
:1099800000210D2000F0E8FC002300226846CDE90C
:1099900000231721082200F0C5FC00211F2000F041
:1099A000F7FCFAF7D9FD002004F070FD04F09DFDEE
:1099B000FFF7AEFF03B05DF804FB00BFCD2400202D
:1099C000FFF7B2BF73B505F03FF90B4D04462B8886
:1099D00083420ED00026ADF8006005F035F9ADF8F1
:1099E0000460ADF8020002AB13E90300FEF738FF94
:1099F0002C8002B070BD00BF6E250020014B18689E
:109A000005F02EB97825002008B505F0E5F8024BE1
:109A10001860024B186008BD7825002074250020CE
:109A200008B505F0D9F8024B1860024B186008BD64
:109A300078250020702500207047704708B5FFF793
:109A4000FCFF08BD0120704708B5054800F0BEFACC
:109A500000F0ACFCFFF7F0FFFFF7F0FF08BD00BF20
:109A6000C59F00080120704708B5FFF7FBFF08BD40
:109A700008B5FBF79FFCFEF7CFFB08BD08B5FFF765
:109A800021FF08B9FFF79CFFFFF72AFF084B18706A
:109A9000FFF730FF074B188003F064FDFFF723FF4B
:109AA000FFF743FA044B1878BDE80840FFF759BAAE
:109AB0007C25002066440020CC24002008B505F059
:109AC00089F804F022FD03F047FB00F043FBFFF7A9
:109AD000D5FFFEF79EFE03F0B5F8054B1A7842F06D
:109AE00080021A701888FFF708FFFDF719FC08BDFF
:109AF000664400202DE9F04F85B0FFF7A3FF78B949
:109B0000FFF760FF02F012FD03F07CFB08B1FFF7E6
:109B100087FF04F0FFF905B0BDE8F04FFEF78ABEFD
:109B2000DFF8C08000F02EFB46460024E0B236F895
:109B3000025B00F067FA052C50D0854204F1010465
:109B4000F4D0294B1B789B0701D500F061FAFFF791
:109B50008BFF002701905FFA87FA504600F052FA17
:109B600038F8026B0546B04232D000244FF0010BAA
:109B70004640B6B216EA0B0F20D005EA0B09019B4E
:109B8000B9F1000918BF4FF0010993B18DF80840F1
:109B90008DF809A005F058F84FF00103ADF80A0060
:109BA0008DF80C308DF80D9002AB93E80300FEF7B2
:109BB00057FE4A462146504601F064FD0134E4B2A6
:109BC0004FEA4B030F2C1FFA83FBD3D128F8025C1A
:109BD0000137062FBFD1FFF717FF93E78542B0D1BA
:109BE0008EE700BF5A4400207C25002038B500F0E5
:109BF00003F9B0F5A44F044643D2B0F5A04F80F06E
:109C0000AE80DF2816D8CC2800F28C80A7280AD88E
:109C1000A42879D8012804D0031F9BB2A12B28BF08
:109C20000024204638BDA0F1A8039BB21A2B71D99D
:109C30000024F6E7B0F5804F19D2B0F5005F80F050
:109C4000A080E728EDD9A0F580739BB2B3F5F85F4B
:109C5000EED2C0F3072000F053F90546E0B200F061
:109C6000CBF82D0205F4F85540EA050450E0C0B2E7
:109C700000F0C2F804F47064204340F4204084B241
:109C8000CFE7B0F5A54F22D245F25F23984253D8D3
:109C900045F23F2398420FD845F21F23984244D8FB
:109CA000012300F00304C0F38502A34043EA4213FA
:109CB00043F40D439CB2B4E7012300F00304C0F366
:109CC0008202A34043EA421343F40C43F2E745F215
:109CD000BF2398420AD845F29F23984200F01F0004
:109CE00035D84AF2F40343EA00249AE7A0F5A543E5
:109CF000403B9BB21F2B9BD8040204F4F85444F45D
:109D0000204444F0F0048CE7A0F1240444F480449F
:109D1000A4B286E7234B5834E4B233F8144044F439
:109D200088447EE740F4A044F2E74AF2F10300F0F1
:109D30001F0443EA042474E7012300F00304C0F382
:109D40008202A34043EA421343F40A43B2E700F01D
:109D5000D7F8040204F4F85444F4005461E700F026
:109D60001F0000F0CDF803B2C20648BF1B01C4F3C8
:109D700043144FEA042448BF1BB21C4344F410446C
:109D8000C6E7C0F3042000F0BBF80546E0B200F0DF
:109D900033F82D0205F4F855054345F40055ACB2EF
:109DA0003FE700BFD22D0108CBB2C1F3072105293F
:109DB00082B005D80E2B11D81A4602B003F051BD5F
:109DC000FD2905D153B90122194602B003F056BD51
:109DD000FC2903D113B91A461946F6E7002002B050
:109DE000704707B5ADF804100199FFF7DDFF03B028
:109DF0005DF804EBFFF7FABEE7284FD8DF2807D855
:109E0000312864D00ED8292857D02A2866D0704728
:109E1000A0F1E003072B41D8DFE803F01540232829
:109E200031403C41392804D0822802D035283FD027
:109E30007047324B1A7892071FD15B7813F0080FE6
:109E400018BF292070472D4A1378D9074DD452786E
:109E500012F0010F22D013F0100F14BF0020E320E6
:109E60007047264B1B7813F0040FF3E7234A13784F
:109E700059073CD45278D207EDD5E02070471F4BEC
:109E80005A7891070AD51B7813F0100F14BF0020E1
:109E9000E7207047194B1B781A07F5D47047174A0B
:109EA0001378190725D452789107EDD5E42070472F
:109EB000124B1B7813F0200FC2E7104B1A78920652
:109EC00019D45B7813F0080F18BF392070470B4B7B
:109ED0001B7813F0400F18BF2A207047074B1B78E0
:109EE00013F0400F18BF3120704739207047E2202F
:109EF0007047E62070473520D0E700BF6644002059
:109F000010B52F4C21784B0713D500F01402A2F1A5
:109F1000040C00F01803DCF1000242EB0C02A3F188
:109F2000080CDCF1000343EB0C039A4218BF80F0ED
:109F30000C000B0713D500F01402A2F1140C00F072
:109F40001803DCF1000242EB0C02A3F1180CDCF167
:109F5000000343EB0C039A4218BF80F00C006478B6
:109F6000E30713D500F0110202F1FF3C00F01803E3
:109F7000DCF1000242EB0C02A3F1080CDCF100035F
:109F800043EB0C039A4218BF80F00900A30711D5D8
:109F900000F0110200F01803A2F111046242A3F1D3
:109FA000180C6241DCF1000343EB0C039A4218BF2A
:109FB00080F00900CB0648BF00F0E70010BD00BFED
:109FC000664400200020704700207047014B186055
:109FD000704700BF1810002008B5FDF733F908BD21
:109FE000704708B5FFF7FCFF08BD0000044B33F8CD
:109FF000100001238B401840003818BF0120704723
:10A0000074440020014B33F8100070477444002062
:10A0100070474FF4346005F069BE00BF00BF00BF59
:10A0200000BF00BF00BF00BF00BF00BF00BF00BF38
:10A0300000BF00BF00BF00BF00BF00BF00BF00BF28
:10A0400000BF00BF00BF00BF00BF704708B5FFF7EB
:10A05000E0FF08BD08B5302383F31188012100F02B
:10A060000F039940202220F00F0007F077FA002319
:10A0700083F3118808BD000038B50F240B4D55F847
:10A08000040B421C01D0FFF7E5FF013C14F0FF0474
:10A09000F5D10624064D55F8040B431C01D0FFF7FB
:10A0A000D9FF013C14F0FF04F5D138BD082E01089A
:10A0B000442E01082DE9F843DFF89080054658F852
:10A0C00021300E465C1C17463ED0302282F31188A8
:10A0D000012223F00F0903F00F0302FA03F42146D3
:10A0E0004846240407F03AFAC9F81840002484F3DB
:10A0F0001188FFF792FF6FEA070EDFF854C0A91E20
:10A100000A355CF8042B31F8023F501C19D022F0BC
:10A110000F00006902F00F0220FA02F2D20710D4F9
:10A1200001243B438D420B80EBD158F82600431CA1
:10A1300001D0FFF78FFF21463046BDE8F843FFF717
:10A1400085BF03EA0E03EDE7BDE8F883082E01089A
:10A15000442E010808B5FFF78FFF0C2200210748A5
:10A16000F6F736FB0C2200210548F6F731FB0620F6
:10A1700000F038F8BDE80840FFF72EBF7444002017
:10A180006844002030B50024012585B00194029474
:10A1900003942A46E1B201A80134FFF78BFF6D005A
:10A1A0000F2CADB2F5D10C220C4801A9F6F760FBDB
:10A1B000002814BF0124002404D00C22074801A960
:10A1C000F6F78CFB234606220549044800F00CF8FC
:10A1D0000446FFF706FF204605B030BD6844002066
:10A1E00074440020704700002DE9F84307460E46EE
:10A1F00015461C46DFF850804BB1012388F800302B
:10A2000004F0EAFC114B18600020BDE8F88398F8D0
:10A210000090B9F1000FF7D00C4B186804F020FD46
:10A220000728F1D96D002A4639463046F6F720FB5B
:10A2300028B12A4639463046F6F750FB4C460023F3
:10A24000204688F80030E0E78425002080250020A3
:10A25000FFF750BC08B504F081FC05F0BFF8FFF72C
:10A26000F3FB05F0BDF8FFF729FC05F0CFF805F08A
:10A27000D3F8FFF7EDFF05F0D1F805F089F803F00A
:10A2800015FAFFF7F5FBF2E7002307B501460122B7
:10A290000DF107008DF8073000F08CF89DF80700ED
:10A2A00003B05DF804FB002307B5014602220DF15F
:10A2B0000600ADF8063000F07DF8BDF8060003B0EA
:10A2C0005DF804FB07B50422002301460DEB0200F4
:10A2D000019300F06FF8019803B05DF804FB07B537
:10A2E00001228DF8071001460DF1070000F067F814
:10A2F00003B05DF804FB07B50222ADF80610014675
:10A300000DF1060000F05BF803B05DF804FB07B543
:10A310000422019101460DEB020000F050F803B059
:10A320005DF804FBF8B505461446D31D23F007037A
:10A3300000AFADEB030D68460E4600F03BF8224639
:10A3400069462846F6F794FA20B122463146284657
:10A3500000F035F8BD46F8BD38B50C460546FFF7A8
:10A3600093FFA04205D021462846BDE83840FFF7BC
:10A37000B6BF38BD38B50C460546FFF794FFA0427E
:10A3800005D021462846BDE83840FFF7B4BF38BDA8
:10A3900038B50C460546FFF795FFA04205D021468B
:10A3A0002846BDE83840FFF7B2BF38BD00F010B90D
:10A3B00000F038B80B460146184600F04DB80B4681
:10A3C0000146184600F09CB84FF4805208B50021B1
:10A3D0000448F6F7FDF941F20802024B03F58053F9
:10A3E0001A6008BD8825002010B5054C23792BB9CB
:10A3F00000F069F908B10120207110BD0220FCE7CE
:10A400008835002010B5064C237933B100F065F98A
:10A4100010B100230120237110BD0220FCE700BF12
:10A420008835002038B5FFF7DFFF044618B9FFF77D
:10A43000E9FF204638BD00F048F90546FFF7C4FFA4
:10A44000012C06D1FFF7DEFF00280CBF002505F028
:10A4500001052C46EDE7000008B5034608469918AB
:10A46000B1F5805F05D804491944F6F737FA0120A1
:10A4700008BD0020FCE700BF882500200000000088
:10A4800038B500F022F9044610B3FFF7ADFF4FF4E2
:10A49000007205461249002000F03CF9044678B1EC
:10A4A0000DA3D3E900234FF480510D4802F01AFEAA
:10A4B00002460B464FF4805000F064F94400E4B2C9
:10A4C000012D01D1FFF79EFF41F20802054B1A60F2
:10A4D000204638BDAFF3008025232284E49CF2CBD4
:10A4E0008825002088350020044B1B68B3F5005FE9
:10A4F00001D3FFF7C5BF0120704700BF883500209A
:10A500002DE9F04F8318B3F5805F04460E461546DB
:10A5100085B01DD82D4F00EB070841463046F6F7B1
:10A52000A7F900284FD02A4631464046F6F7D6F91B
:10A53000FFF75AFF834648B14FF000084FF000097B
:10A5400007F580574DB9FFF7CFFF24E0FFF75AFF1B
:10A550000023184605B0BDE8F08F052DAA4628BF98
:10A560004FF0050AC4F3024343EACA03CDE9028966
:10A5700052468DF808303146230A0DF10B008DF854
:10A5800009308DF80A40F6F7A9F9DDE902233868A9
:10A5900000F0F8F850B90346BBF1010FD9D101938F
:10A5A000FFF730FF0028D3D0019BD2E73B68083388
:10A5B0003B60FFF799FF01280346EDD1A5EB0A05A3
:10A5C00054445644BEE70123C3E700BF882500205A
:10A5D0007FB5FFF7F9FE00F071F828B9FFF7F4FE38
:10A5E0000024204604B070BD4FF4007200203049B2
:10A5F00000F075F82E4EA8B32BA3D3E900234FF437
:10A600008051304602F06EFD05460C464FF48050F6
:10A6100002A900F07CF8DDE902239C4208BF9542C4
:10A6200001D0FFF7D1FE41F20805224C69462846C9
:10A6300000F06DF878B3DDE9003253EA020129D069
:10A6400013F0C00FCDE9023205F10805D9B20CD0E4
:10A65000194B1D60FFF714FF04460028C1D1FFF716
:10A66000B3FEBEE7FFF7B0FEB8E708041BBA00F47C
:10A67000E020234040EA3320CA0800EBD101B1F5C5
:10A68000805FE5D80DF10B013044F6F727F9B5F5F9
:10A69000005FCBD10120084B1D600028DAD0FFF706
:10A6A00023FFD9E7AFF3008025232284E49CF2CB7B
:10A6B0008825002000FFFF008835002008B500F045
:10A6C000E1F8012008BD0120704708B5002000F026
:10A6D000DBF8B0FA80F0400908BD0120704738B5BA
:10A6E000D5002A460C4600F0F0F818B9214625445A
:10A6F000A94203D1B0FA80F0400938BDD1E9002366
:10A70000D243DB4341F8082B41F8043CF0E7012237
:10A71000FFF7E5BF2DE9F0430646884615460027BA
:10A72000C1B0202DAC4628BF4FF0200C6B466C46C4
:10A7300008EBC702674408EBC70E724511D100242D
:10A74000644513D14FEAC4094A466946304600F0D1
:10A75000DAF8A8B92D1B4E44E3D1012041B0BDE881
:10A76000F083F2E80201E4E80201E6E7D3E900122F
:10A77000C943D24343F8081B43F8042C0134DFE7F4
:10A780000020EBE707B5CDE9002369460122FFF77A
:10A79000C1FF03B05DF804FB002208231146014805
:10A7A00004F0DABA0C08004008B5FFF7F5FF30B145
:10A7B000062004F011FB04F047FB002008BD4FF019
:10A7C000FF30FBE7F7B51F464BBA090C06461546A6
:10A7D0008DF80400ADF806308DF80510FFF7DCFFAA
:10A7E000E8B104210DEB010004F01AFB044648B95E
:10A7F00045B1022E0BD0032E0ED12846B9B204F07B
:10A8000019FB044604F020FB204603B0F0BD2846A7
:10A81000B9B204F005FBF4E74FF0FF34F2E74FF074
:10A82000FF34F1E710B5FFF7B7FF88B1052004F05A
:10A83000D3FA04F0E3FA044604F006FB002C05DB2F
:10A8400014F0010F0CBF00246FF00304204610BD6C
:10A850004FF0FF34FAE710B5044604F0BDF94FF4A9
:10A860007A7303FB040404F0B7F9A04204D2FFF7A3
:10A87000D9FF031DF7D010BD6FF00100FBE70120E9
:10A88000FFF7E9BF04F02EBA00F58033B3F5002FCF
:10A8900010B5044602D34FF0FF3010BD83B2002B39
:10A8A000F9D1FFF7ECFF0028F7D1FFF77DFF034652
:10A8B0000028F0D102462146D820FFF783FF002868
:10A8C000EBD1BDE81040FFF7DABF2DE9F0410746B4
:10A8D0000D461646FFF7D3FF0446804638B1324690
:10A8E00000212846F5F774FF2046BDE8F081334685
:10A8F0002A4639460320FFF765FF04460028F3D0B7
:10A9000032464146EDE72DE9F041074688461646B6
:10A9100066B9FFF7B4FF0446B8B9FFF73DFF90B141
:10A92000042004F059FA04F08FFA0EE0FDB2C5F5E8
:10A930008075B54228BF3546FFF7A1FF044620B910
:10A94000FFF732FF20B14FF0FF342046BDE8F08121
:10A950002B46424639460220FFF734FF04460028C2
:10A96000F3D1A8442F44761BD2E7000030B510F491
:10A970007F4F85B00190C0F30725C0F307420DD18A
:10A9800009B1274B9A5C13461446002063F3070075
:10A9900064F30F2062F3174005B030BD9DF804400A
:10A9A00009B11F4B9A5C0620FF236043591BB0FB83
:10A9B000F3F06FF05403434303EB440303EB43030F
:10A9C000DBB203FB05F4C3F1FF036B4324121B123C
:10A9D000C4F1FF04C3F1FF03514354435343C1F394
:10A9E0000721C4F30724C3F30723062813D8DFE89D
:10A9F00000F004060B090E12040014461A46134612
:10AA00000A46C2E7134622460C461946F7E71C469B
:10AA100013460A46F9E713460A4621461C46EEE766
:10AA2000742E0108012184B004B0FFF79FBF0128F4
:10AA300030B501D8C0B230BDB0F5F75F88BFFF2296
:10AA40004FF001049EBF42090832D2B2A318591038
:10AA5000C3F34705C3F34F035B439BB2984206D24F
:10AA6000013DEAB29442F1D9013CE0B2E3E7FF29AB
:10AA700002D00135ECB2F5E70846DCE7074B188851
:10AA800000EB402200EB820000F55850193080B2F4
:10AA9000188000EB1020C0B2704700BF22100020C9
:10AAA00041064CBFC343024610B548BFDAB20D4C55
:10AAB000C2F3011204EB420148BF03F00F034978CF
:10AAC00054BF00F00F030133594314F8123002064B
:10AAD00003EB2113DBB244BF5B42DBB283F08000A7
:10AAE00010BD00BF5C2E0108144B84B003EB410382
:10AAF000E421019093F85A30C0F307204B43C2EB96
:10AB000013231C33002BB8BF5B42A0EBC3031BB263
:10AB100023EAE373434300201B128DF80530019BA9
:10AB2000DAB262F30700C3F3072262F30F20C3F324
:10AB3000074363F3174004B0704700BFEE0D0020D9
:10AB4000144B84B003EB4103E421019093F85A3095
:10AB5000C0F307404B43C2EB13231C33002BB8BF99
:10AB60005B42A0EBC3031BB223EAE3734343002021
:10AB70001B128DF80630019BDAB262F30700C3F3B3
:10AB8000072262F30F20C3F3074363F3174004B0B7
:10AB9000704700BFEE0D002084B0019000208DF8BA
:10ABA0000420019BDAB262F30700C3F3072262F3C9
:10ABB0000F20C3F3074363F3174004B0704700004E
:10ABC00084B0019000200B4B03EB410393F85A3003
:10ABD0009B1A8DF80430019BDAB262F30700C3F3CD
:10ABE000072262F30F20C3F3074363F3174004B057
:10ABF000704700BFEE0D002084B0019000200B4B89
:10AC000003EB410393F85B309B1A8DF80430019BF2
:10AC1000DAB262F30700C3F3072262F30F20C3F333
:10AC2000074363F3174004B0704700BFEE0D0020E8
:10AC300030B5134B85B02C31019003EB4104E5781E
:10AC400003EB4103A5F1200464B29B78002CBCBF48
:10AC5000C5F120056CB29A1A2244C0B210448DF896
:10AC600004000020019BDAB262F30700C3F307225D
:10AC700062F30F20C3F3074363F3174005B030BD01
:10AC8000EE0D002084B0019000209DF8102003EB11
:10AC9000430302EB53038DF80430019BDAB262F3F5
:10ACA0000700C3F3072262F30F20C3F3074363F3E4
:10ACB000174004B070471FB592B2019048B2002807
:10ACC00002FB02F2BCBF494248B2C0F1380000FBAF
:10ACD000002080B21C46FFF7AAFE00EB40000444AF
:10ACE00000208DF80440019BDAB262F30700C3F341
:10ACF000072262F30F20C3F3074363F3174004B046
:10AD000010BD000084B0019003F12C00104B03EB48
:10AD10004003D8789B782038703B4B4302FB0032CD
:10AD200000209DF80430002AB8BF7F3203EBE21305
:10AD30008DF80430019BDAB262F30700C3F30722F7
:10AD400062F30F20C3F3074363F3174004B0704767
:10AD5000EE0D002084B0019003F12C00104B03EBAA
:10AD60004003D8789B782038703B4B4302FB00327D
:10AD700000209DF80430002AB8BF3F3203EBA21335
:10AD80008DF80430019BDAB262F30700C3F30722A7
:10AD900062F30F20C3F3074363F3174004B0704717
:10ADA000EE0D00201FB5164C2C33019004EB43042C
:10ADB000E378A478203B5343A4F1700252B2002AF6
:10ADC000BCBFC4F1700462B2C2F1380201FB0231AF
:10ADD00011EB410148BF7F31C0B200EBE1108DF8AB
:10ADE00004000020019BDAB262F30700C3F30722DC
:10ADF00062F30F20C3F3074363F3174004B010BDA1
:10AE0000EE0D002030B50D4685B00190C4B210465D
:10AE1000FFF746FE124901EB450191F85A30034411
:10AE2000DBB2D90983F0800204BFC3F18003DAB238
:10AE30000C2300205200D2B25A4304EB12248DF8A6
:10AE40000440019BDAB262F30700C3F3072262F306
:10AE50000F20C3F3074363F3174005B030BD00BFB5
:10AE6000EE0D00201FB5114B019003EB410393F849
:10AE70005A10C0B28C1AE3B2240644BF521AD3B29D
:10AE80001822534300EB23208DF804000020019B7F
:10AE9000DAB262F30700C3F3072262F30F20C3F3B1
:10AEA000074363F3174004B010BD00BFEE0D002050
:10AEB000C94384B00190C9B2C0F3074041430020A8
:10AEC00009128DF80610019BDAB262F30700C3F392
:10AED000072262F30F20C3F3074363F3174004B064
:10AEE0007047C94384B0C1F385010190014400203B
:10AEF0008DF80410019BDAB262F30700C3F3072256
:10AF000062F30F20C3F3074363F3174004B07047A5
:10AF100084B003EB8302BDF81030019013449BB260
:10AF2000FF2B28BFFF23DB43C0F30740DBB2034402
:10AF3000FF2B28BFFF2300208DF80630019BDAB2DB
:10AF400062F30700C3F3072262F30F20C3F3074342
:10AF500063F3174004B0704700291FB5B8BF4942DA
:10AF6000002AB8BF524209B2090112B2FF294FEAC2
:10AF70000212A8BFFF21FF2AA8BFFF22BDF8184078
:10AF800009B2234412B29BB29142D4BF5B189B1802
:10AF90009BB2FF2B28BFFF23DB430190DBB2C0F342
:10AFA00007400344FF2B28BFFF2300208DF8063005
:10AFB000019BDAB262F30700C3F3072262F30F20AA
:10AFC000C3F3074363F3174004B010BD1FB5482B0C
:10AFD0000190C0F3074030D8BDF81840E31A9BB287
:10AFE000FF2B28BFFF23083189B2102905D902F1B0
:10AFF000080189B2112928BFFF23DB43DBB21844C3
:10B00000002AB8BF0332FF2828BFFF208DF80600B2
:10B0100000200B49497801EBA2028DF80420019B26
:10B02000DAB262F30700C3F3072262F30F20C3F31F
:10B03000074363F3174004B010BDFF23D3E700BFFD
:10B040008044002084B0BDF81020C0F30741D31A1B
:10B050009BB2FF2B28BFFF23DBB2DA43D2B21144ED
:10B06000FF2928BFFF210190034400208DF8043000
:10B070008DF80610019BDAB262F30700C3F30722D2
:10B0800062F30F20C3F3074363F3174004B0704724
:10B0900084B0BDF810200190D31A9BB2FF2B28BFBB
:10B0A000FF23DB43C0F30740DBB20344FF2B28BF81
:10B0B000FF2300208DF80630019BDAB262F307000F
:10B0C000C3F3072262F30F20C3F3074363F3174070
:10B0D00004B07047024B1A7810431870704700BFD5
:10B0E00092370020012310B5044C08221721044890
:10B0F0002370FFF75FF90023237010BD9237002003
:10B100008044002010B5044610B9C90FC80110BD15
:10B1100080EAE072A2EBE07212B2002902EB0103B6
:10B120000BDB891A490191FBF3F1C1F12001C8B28F
:10B13000002CBCBF4042C0B2E9E75B01521A93FB4E
:10B14000F2F3C3F16003D8B2F2E730B5C0F30725DC
:10B1500085B0EB1A01901046DCB2FFF7D3FFC0EBCD
:10B16000801300EB830004440020E4B26C432412FB
:10B170008DF80540019BDAB262F30700C3F30722A2
:10B1800062F30F20C3F3074363F3174005B030BDEC
:10B1900030B5C0F3074585B0EB1A01901046DCB21C
:10B1A000FFF7B0FFC0EB801300EB830004440020E6
:10B1B000E4B26C4324128DF80640019BDAB262F3CC
:10B1C0000700C3F3072262F30F20C3F3074363F3BF
:10B1D000174005B030BD30B585B0C0F307250190EC
:10B1E0009DF820001C1A1046FFF78CFF2C44E4B297
:10B1F000241A0020E4B26C4324128DF80540019B10
:10B20000DAB262F30700C3F3072262F30F20C3F33D
:10B21000074363F3174005B030BD30B585B0C0F3C8
:10B22000074501909DF820001C1A1046FFF76AFFA1
:10B230002C44E4B2241A0020E4B26C4324128DF8AA
:10B240000640019BDAB262F30700C3F3072262F300
:10B250000F20C3F3074363F3174005B030BD1FB59C
:10B26000019010461C46FFF74DFF031900208DF892
:10B270000430019BDAB262F30700C3F3072262F3E2
:10B280000F20C3F3074363F3174004B010BD1FB58D
:10B2900001909DF818001C1A1046FFF733FFE4B226
:10B2A000241A00208DF80440019BDAB262F30700F3
:10B2B000C3F3072262F30F20C3F3074363F317407E
:10B2C00004B010BD082208B517210348FFF72AF87B
:10B2D0000022024B1A7008BD8044002092370020E3
:10B2E00084B004B0FFF79EBB2DE9F74FDFF8D4A080
:10B2F000C0EB00180AEB08035B5C0746FF2B0E4609
:10B300002BD00025304A90444FF0000BC5EB0514BC
:10B3100003F12C090AEB04010AEB4909144411F862
:10B3200001EBBEF1FF0F0ED0E8B2874218D15FFAF1
:10B330008BF0864214D118F806002030FF2828BF71
:10B34000FF2008F806000BF1010BBBF10F0F04F111
:10B350000104E4D10135062DD6D103B0BDE8F08F4C
:10B360000EF12C0E0AEB4E0E9EF802C099F8020068
:10B370009EF803E0A0EB0C0099F803C00191ACEB40
:10B380000E0C1FFA8CFC0CFB0CFC00FB00C080B206
:10B390000093FFF74CFB2828009B01990A4AD2D85A
:10B3A00094F800C0C0F1280080B2102894BF8444F3
:10B3B0000CF1100C1FFA8CF0FF2828BFFF20207022
:10B3C000C1E700BFEE0D0020C0370020FFF77ABFB5
:10B3D00010B5084C85232046032200F8013B06499E
:10B3E000F5F77CFA4FF62673A380BDE81040FFF70F
:10B3F00069BF00BF80440020F5220108002070478B
:10B4000070B504460E461546FFF7F8FF054BC4EB32
:10B41000041423449B5DFF2B1EBF2B540130C0B28C
:10B4200070BD00BFEE0D0020014BDB68184700BF68
:10B43000642E010810B4024C6468A44610BC604736
:10B44000642E010837B5194B0446034493F888313C
:10B45000194229D0164B9A7859788DF80120DA785C
:10B460008DF80220FFF70AFB4FF4B47201F1B40328
:10B47000B3FBF2F502FB15335B1A48BF03339B1095
:10B4800000F0030003FB00118DF800100098FFF797
:10B4900027FFC0F30743C2B2C0F30721204603B021
:10B4A000BDE83040FFF7C6BF03B030BDEE0D002051
:10B4B0008044002013B5134B0446034493F88831AD
:10B4C00019421CD0FFF7DAFA8DF80000FFF7D6FA20
:10B4D00040F357037F338DF801300B4BDB788DF849
:10B4E00002300098FFF7FCFEC0F30743C2B2C0F37E
:10B4F0000721204602B0BDE81040FFF79BBF02B015
:10B5000010BD00BFEE0D002080440020014B9B6861
:10B51000184700BF642E01082DE9F04F534B87B048
:10B52000DC78534E04EB44034FEAA30B9B080193D2
:10B53000FF23B3FBF4F3009383785BB10022114641
:10B540001046FFF7E3FF5A2200214A48F5F740F979
:10B55000002333700025484FDFF818A13B780133F2
:10B560003B70A4EB0B030293D0464FF000093278F6
:10B570005FFA89F31A4362D10393F5F711F83F4B51
:10B580009842039B5BDC8AF800402946184604AACF
:10B59000FFF736FF90B198F80020019B9DF810004E
:10B5A0009A425BD9A2EB0B030BFB03F3029A93FBCA
:10B5B000F2F32246DBB21946FFF73CFF09F101091D
:10B5C000B9F1060F08F10F08D1D10135EDB20F2DF9
:10B5D0000AF1010AC8D13B78009A934204BF0023C4
:10B5E0003B7033780133DBB21C2B3DD90023244D53
:10B5F00033702E460523671E284631460F22052B41
:10B6000004D190F800C0644508BF077011F80FCC52
:10B61000013AA44524BF01F80F7C0C7012F0FF0220
:10B6200001F1010100F10100E9D1013B13F0FF0339
:10B63000A6F10F06E0D1002007B0BDE8F08F98F822
:10B640000020002AA1D094429FD9397800988142E5
:10B6500004BF02F1FF3288F8002096E76243B2FB94
:10B66000FBF20023D2B2A6E73370E4E78044002067
:10B6700091370020C03700209037002054555505E1
:10B680000B3800202DE9F04F85B007468846154657
:10B69000FEF7E8F9814600284ED0002D4FD04146F4
:10B6A000384602AAFFF7ACFE0446344E33781A1926
:10B6B000082A24DDC4F108039A46611C1A46314465
:10B6C000701CF5F70BF904F109015246314406F1FB
:10B6D0000900F5F703F906EB44014FEA4A02193174
:10B6E00006F11900F5F7FAF804F111015246314458
:10B6F00006F11100F5F7F2F85FFA8AF3337002AA47
:10B700000192002211469646DFF870C0D0B200EBDD
:10B71000030A84425FFA8AFB13D811B11C44174B09
:10B720001C704DB1164B1B7803F0FC037C2B03D12E
:10B7300041463846FFF7D8FD05B0BDE8F08F2C46EE
:10B74000B3E701990F4E11F801AB0CEB0B0001911F
:10B750000AF12C0106EB41018E78C97846704172DE
:10B760000BF10C010CEB410181F801E081F802E0E2
:10B7700080F811A049460132C8E700BF9337002086
:10B7800080440020EE0D00200120704708B5FFF72F
:10B79000FBFF08BDC0EB4010C3B2002003F11F0245
:10B7A000D2B2972A63F30700134628BF972382B0CB
:10B7B00063F30F2002B070472DE9F04F074689B0C0
:10B7C00000780291FFF7E6FFDFF8CC80334BC4B27C
:10B7D0001D8898F80430ADF814005B085D43304BC9
:10B7E000C0F3072BC5F3072503EB440603F5C47923
:10B7F000E3B29B4507D8BBF1960F8CBF0020012018
:10B8000009B0BDE8F08F19F804207B781A4240D0C7
:10B8100096F85A1096F85B2070391FFA81FA0AFBE5
:10B820000AF0203A92B202FB020080B20392FFF7C4
:10B83000FEF80095034698F801C098F8020098F8C1
:10B8400003E0039A4CEA002012B20FFA8AF1DDF805
:10B8500008C040EA0E40E047C0F307238DF81C0003
:10B86000C0F307408DF81D308DF81E000798FFF7D4
:10B8700037FDC0F30721C0F307438DF818008DF89A
:10B8800019108DF81A30C2B2DBB22046C9B2FFF7E8
:10B89000D1FD02360134ABE780440020884400200B
:10B8A000EE0D00200149FFF787BF00BFD7B10008A8
:10B8B0000149FFF781BF00BF1BB200080149FFF734
:10B8C0007BBF00BF85AC00080149FFF775BF00BF13
:10B8D0008FB200082DE9F04F074685B00078FFF7DA
:10B8E00059FF8A46DFF8A8802A4B98F804501B8835
:10B8F0006D085D43284BC4B2ADF80400C0F3072BBC
:10B90000C5F3072503EB440603F5C479E3B29B4571
:10B9100007D8BBF1960F8CBF0020012005B0BDE811
:10B92000F08F19F804207B781A422ED098F8023054
:10B9300098F8010098F803C096F85B2096F85A1022
:10B9400040EA0320203A70392B4640EA0C40D047A9
:10B95000C0F307238DF80C00C0F307408DF80D30BD
:10B960008DF80E000398FFF7BBFCC0F30721C0F36E
:10B9700007438DF808008DF809108DF80A30C2B21F
:10B98000DBB22046C9B2FFF755FD02360134BDE7F0
:10B990008044002088440020EE0D00200149FFF77C
:10B9A00099BF00BF4BB100080149FFF793BF00BF2B
:10B9B00091B100080149FFF78DBF00BFB7AC000887
:10B9C0000149FFF787BF00BF5FB200082DE9FF47BD
:10B9D00006460078FFF7DEFE8846244F244A3B796E
:10B9E00015889B0803FB0555DFF888A0ADF8040017
:10B9F000C0F30729C5F30725C4B2E1B2894507D8CA
:10BA0000B9F1960F8CBF0020012004B0BDE8F0878B
:10BA10001AF8042073781A4225D0BA787B78F8781F
:10BA200043EA022343EA00402A46C047C0F3072303
:10BA30008DF80C00C0F307408DF80D308DF80E0026
:10BA40000398FFF74DFCC0F30721C0F307438DF8BF
:10BA500008008DF809108DF80A30C2B2DBB220461A
:10BA6000C9B2FFF7E7FC0134C7E700BF80440020FC
:10BA700088440020760F00200149FFF7A7BF00BFD0
:10BA8000E9AA00080149FFF7A1BF00BF41AB0008C8
:10BA90000149FFF79BBF00BF99AB00080149FFF7C1
:10BAA00095BF00BFC1AB00080149FFF78FBF00BFC2
:10BAB000F9AB00080149FFF789BF00BF31AC0008AE
:10BAC0000149FFF783BF00BF05AE00080149FFF73A
:10BAD0007DBF00BF65AE00082DE9F04F804689B0FC
:10BAE0000078FFF757FEDFF8B8902E4B99F8044026
:10BAF0001B88A4085C43C4F30724ADF81400C6B245
:10BB0000C0F3072504F14000C0B28A46FEF7C8FF23
:10BB1000803843B220460393FEF7C2FFDFF888B0B7
:10BB2000A0F180077FB2F3B29D4206D8962D8CBF5C
:10BB30000020012009B0BDE8F08F1BF8061098F82E
:10BB4000012011422AD0009499F8022099F80100AE
:10BB500099F803C040EA022003993A4640EA0C40B3
:10BB6000D047C0F307238DF81C00C0F307408DF8C1
:10BB70001D308DF81E000798FFF7B2FBC0F30721B8
:10BB8000C0F307438DF818008DF819108DF81A309E
:10BB9000C2B2DBB23046C9B2FFF74CFC0136C2E795
:10BBA0008044002088440020760F00200149FFF7E0
:10BBB00093BF00BF05AD00080149FFF78DBF00BF6F
:10BBC00055AD00080149FFF787BF00BFA5AD0008CC
:10BBD0002DE9F04F374D85B007460078FFF7DAFDC5
:10BBE0002B794FF6FF760133FF2B28BFFF238846C2
:10BBF000B6FBF3F6DFF8C0B0DFF8C0A0ADF8040084
:10BC0000C0F30729C4B2E1B2894507D8B9F1960F4C
:10BC10008CBF0020012005B0BDE8F08F1BF8042088
:10BC20007B781A4234D09AF800302548013B5BB249
:10BC30001A062FD5324629796B780131FF2928BFA2
:10BC4000FF215143AA78E87843EA0223C1F30F2188
:10BC500043EA0040C047C0F307238DF80C00C0F34F
:10BC600007408DF80D308DF80E000398FFF738FB74
:10BC7000C0F30721C0F307438DF808008DF80910C1
:10BC80008DF80A30C2B2DBB22046C9B2FFF7D2FB50
:10BC90000134B8E7C25C8A420AD103F10C020AEB14
:10BCA000420292F801C092784CEA0222B242C2D318
:10BCB000013BBDE780440020760F00208C4400202B
:10BCC0009D4400200149FFF783BF00BFB1AE0008CB
:10BCD0000149FFF77DBF00BFE3AE00082DE9F04F3B
:10BCE00082468DB008780492FFF754FD8B46474B8F
:10BCF000C4B21B78ADF824000393454BC0F3072969
:10BD000003EB440603F5C4730593E3B2994507D8E2
:10BD1000B9F1960F8CBF002001200DB0BDE8F08F67
:10BD2000059B1A5D9BF801301A4226D05746002524
:10BD3000032238490AA8F4F7D1FD344B0AEB030873
:10BD4000039AFBB29A421BD8334BDB786B431B122E
:10BD50008DF82A300A98FFF7C3FAC0F30721C0F321
:10BD600007438DF82C008DF82D108DF82E30C2B2BF
:10BD7000DBB22046C9B2FFF75DFB01340236C4E7EF
:10BD800018F8013F96F85A1096F85B20C91A98F8EF
:10BD9000083089B2D21A92B202FB02F001FB010014
:10BDA00080B207920691FEF742FE1B4B07F10C0E84
:10BDB00093F804C0154B0CF1010CBCF1FF0F28BF28
:10BDC0004FF0FF0C03EB4E0E9EF801309EF802E0A0
:10BDD000079A43EA0E2303FB0CFC0699CCF30F23CE
:10BDE0008DF82A500093049D034612B20A9809B2B6
:10BDF000A847C0F307238DF82800C0F307408DF84B
:10BE000029308DF82A00C5B2013799E78C4400200B
:10BE1000EE0D00208144002080440020044B0146A8
:10BE20001B78044A013B23EAE373D8B2FFF756BFFD
:10BE30008C44002011AF00080146024A0020FFF7A1
:10BE40004DBF00BF11AF0008044B01461B78044AE8
:10BE5000013B23EAE373D8B2FFF740BF8C440020D4
:10BE600059AF00080146024A0020FFF737BF00BF64
:10BE700059AF0008044B01461B78044A013B23EAF2
:10BE8000E373D8B2FFF72ABF8C440020CDAF00087F
:10BE90000146024A0020FFF721BF00BFCDAF0008D6
:10BEA000044B01461B78044A013B23EAE373D8B2F2
:10BEB000FFF714BF8C44002045B000080146024A39
:10BEC0000020FFF70BBF00BF45B00008044B014640
:10BED0001B78044A013B23EAE373D8B2FFF7FEBEA6
:10BEE0008C44002091B000080146024A0020FFF770
:10BEF000F5BE00BF91B00008F7B506460078FFF721
:10BF000049FC194AADF8000053789178C4B2C0F3E7
:10BF10000725D07843EA012343EA0040FFF7E0F920
:10BF2000C0F307238DF80530104FC0F307438DF899
:10BF300004008DF80630E3B29D4205D8962D8CBFE3
:10BF40000020012003B0F0BD3A5D73781A4208D09A
:10BF500020469DF806309DF804209DF80510FFF757
:10BF600069FA0134E7E700BF80440020760F002023
:10BF70002DE9FF4106460078FFF70CFCDFF8A080B2
:10BF8000032208F10101ADF80000C5B2C0F3072497
:10BF900001A8F4F7A3FC019898F80170FFF7A0F945
:10BFA000C0F307238DF8093098F804308DF80800A5
:10BFB0001F448DF80470C0F307408DF80A00019803
:10BFC000FFF78EF9C0F307238DF80D30154FC0F33E
:10BFD00007438DF80C008DF80E30EBB29C4206D86A
:10BFE000962C8CBF0020012004B0BDE8F0817B5D61
:10BFF0007278134211D0DB07284643BF9DF80E30FC
:10C000009DF80C209DF80D109DF80A305CBF9DF83E
:10C0100008209DF80910FFF70DFA0135DDE700BF94
:10C0200080440020760F00202DE9FF470646007867
:10C03000FFF7B0FBDFF88480ADF804000322C5B23F
:10C04000C0F3072408F1010102A8F4F747FC6FF4DC
:10C05000967398F80470DFF86890BF0809EB030A3C
:10C06000EBB29C4206D8962C8CBF0020012004B075
:10C07000BDE8F08719F8052073781A421BD01AF82A
:10C08000152098F80130120902FB07338DF80830AB
:10C090000298FFF725F9C0F30721C0F307438DF895
:10C0A0000C008DF80D108DF80E30C2B2DBB22846B0
:10C0B000C9B2FFF7BFF90135D2E700BF80440020C5
:10C0C000760F00202DE9FF4706460078FFF762FB58
:10C0D000DFF88080ADF804000322C5B2C0F3072466
:10C0E00008F1010102A8F4F7F9FBDFF86C9098F869
:10C0F0000470A9F5977ABF08EBB29C4206D8962C3B
:10C100008CBF0020012004B0BDE8F08719F805209D
:10C1100073781A421BD01AF8152098F801307A4328
:10C1200003EB52138DF808300298FFF7D9F8C0F3EB
:10C130000721C0F307438DF80C008DF80D108DF822
:10C140000E30C2B2DBB22846C9B2FFF773F901352F
:10C15000D2E700BF80440020760F00202DE9FF4188
:10C1600006460078FFF716FBDFF89880032208F1F7
:10C170000101ADF80400C5B2C0F3072402A8F4F72A
:10C18000ADFB214B98F80370188898F80430DB0851
:10C190005843C0F30720FEF783FCA0F18002D3B21E
:10C1A000120644BFC0F18000C3B25B00DBB27B4328
:10C1B0001B128DF80A300298FFF792F8134FC0F364
:10C1C00007238DF80C00C0F307408DF80D308DF873
:10C1D0000E00EBB29C4206D8962C8CBF00200120AA
:10C1E00004B0BDE8F0817A5D73781A4208D0284621
:10C1F0009DF80E309DF80C209DF80D10FFF71AF9F0
:10C200000135E6E78044002088440020760F0020B6
:10C2100073B505460078FFF7BDFAAB78ADF80400BA
:10C22000C0F30724FBB9154B154A1B79128810334C
:10C23000FF2B28BFFF2353430A22C3F30F23B3FB73
:10C24000F2F102FB11339BB23BB9FEF717FC9723C7
:10C25000584369780012FFF7F5F8962C8CBF002040
:10C26000012002B070BD9DF80460B442F5DD304697
:10C270006978FFF7E7F80136F7E700BF8044002050
:10C280008844002073B505460078FFF783FAAB7841
:10C29000ADF80400C0F3072403BB154B154A1B7906
:10C2A00012881033FF2B28BFFF2353430522C3F30B
:10C2B0000F23B3FBF2F202EB82029B1A9BB23BB953
:10C2C000FEF7DCFB9723584369780012FFF7F2F87A
:10C2D000962C8CBF0020012002B070BD9DF8046038
:10C2E000B442F5DD30466978FFF7E4F80136F7E748
:10C2F00080440020884400202DE9FF410646007854
:10C30000FFF748FADFF8A080032208F10101ADF839
:10C310000400C5B2C0F3072402A8F4F7DFFA234BE8
:10C3200098F80170188898F80430DB085843C0F377
:10C330000720FEF7B5FBA0F18002D3B212064FF042
:10C340000C0244BFC0F18000C3B25B00DBB25343B8
:10C3500007EB13278DF808700298FEF763FB144F64
:10C36000C0F307238DF80C00C0F307408DF80D30A3
:10C370008DF80E00EBB29C4206D8962C8CBF0020A4
:10C38000012004B0BDE8F0817A5D73781A4208D0CC
:10C3900028469DF80E309DF80C209DF80D10FFF7F3
:10C3A00049F80135E6E700BF8044002088440020BA
:10C3B000760F00202DE9F04F074687B00078FFF791
:10C3C000E9F9C3B20193BB78ADF80C00C0F30724C0
:10C3D0004BB1002211461046FFF798F85A2200216F
:10C3E0003E48F4F7F5F93B786BB93D4D288802F0EB
:10C3F00030FC18288CBF012200223A4B1A7002D957
:10C4000002F022FC28800026B0464FF00F0B364B7E
:10C4100006EB030A314B06EB03091AF8013B019ABC
:10C4200093420CD3A3420AD22F4A134493F8882193
:10C430007B781A4218D108F101085FFA88F80BF1ED
:10C44000FF3313F0FF0B09F10109E6D14B2E04D0A5
:10C45000B8F11E0F06F10F06D7D9962C8CBF00201D
:10C46000012007B0BDE8F08F99F800501F4AA5F1F0
:10C47000550323EAE373C3F1AA038DF810309378D0
:10C48000D2788DF8113005F1AA03FF2B28BFFF23C6
:10C4900003EB43030233DBB253431B128DF812301C
:10C4A0000498FEF71DFFC0F30721C0F307438DF882
:10C4B00014008DF815108DF81630C2B2DBB21AF8E0
:10C4C000010CC9B2FEF7B6FF064B1B78002BB2D0A9
:10C4D000013D25EAE57589F80050ACE7C03700203A
:10C4E0001C3800201A380020EE0D00208044002067
:10C4F00013B50078FFF74EF9C0F307242146C0B208
:10C50000F7F7F6FE962C8CBF0020012002B010BD7C
:10C5100007B500780138C0B2FFF73CF9C0F3072136
:10C52000C0B2FBF73FFC03B05DF804FB2DE9F04F10
:10C53000964C8FB0206802F093FB054602F04CFB4E
:10C5400020600024924EA44696F800E0C5F57F478F
:10C550007146FF37E3B29E4517D8BCF1000F00D0FB
:10C5600031708C4D8C4C2B7813F0030218BF9B0854
:10C57000019218BF01932378032B00F22483DFE894
:10C5800013F01C0029002E033A0304F10C0206EB01
:10C590004202537892F80280013443EA08239F4212
:10C5A00029BF5B1901F1FF315370C3F307233ABF71
:10C5B0004FF0010CC9B29370CCE70022774B74495D
:10C5C0001A70774B292218607648F4F787F901230F
:10C5D0002370F8E2744B019A1B78934246D1734A58
:10C5E0002B78127803F003039B1A18BF01236B4EBC
:10C5F0007278B3706B799A4205D0002211461046CA
:10C600007370FEF783FF019A2D2A38D8DFE812F005
:10C610003000390056005A005E00620066006A0071
:10C620006E00720076007A007E00820086008A002A
:10C630008E00920096009A009E00A200A600AA001A
:10C64000AE00B200B600BA00D0002901E6019D029A
:10C65000A102A502A902AD02B102B502B902BD0252
:10C66000C102C502C902CD02D102D5020123BEE733
:10C67000B37823B1002211461046FEF747FF002091
:10C6800002E04648FFF738FC444B1A7801321A7032
:10C69000002840F09B8202213F4A9B781170002BBA
:10C6A00040F0B682019B002B00F08B82FFF76EF802
:10C6B0003A480FB0BDE8F04FFFF72ABF3748FFF701
:10C6C00057FCE1E73548FFF7AFFCDDE73348FFF7FC
:10C6D000F9FCD9E73148FFF741FDD5E72F48FFF7CF
:10C6E000CBF9D1E72D48FFF7CDF9CDE72B48FFF780
:10C6F00055F9C9E72948FFF757F9C5E72748FFF774
:10C70000D1F8C1E72548FFF7D3F8BDE72348FFF785
:10C71000BFF9B9E72148FFF7C1F9B5E71F48FFF7AF
:10C72000C3F9B1E71D48FFF7C5F9ADE71B48FFF7AF
:10C73000C5F8A9E71948FFF73DF9A5E71748FFF73E
:10C740003FF9A1E71548FFF7BFF89DE71348FFF74A
:10C750002DFA99E71148FFF72FFA95E70F48FFF7F1
:10C7600031FA91E70D48FFF753FD8DE70B48FFF7CE
:10C7700089FD89E70948FFF7BFFD85E70748FFF70F
:10C780009FF981E70548FFF7A1F97DE7BC37002055
:10C7900093370020804400201C1000201D10002032
:10C7A000884400208C44002020100020211000200C
:10C7B0003078FEF7EFFFDFF80882824FD8F80020CC
:10C7C0003B68ADF82C009A42C0F3072437D9FEF736
:10C7D00055F9972358437C4B4FEA202903EB20233C
:10C7E00093F8882173781A4229D0FEF747F9820717
:10C7F0002AD50023ADF830308DF832300C98FEF792
:10C800006FFDC0F30721C0F30743C2B28DF83400B7
:10C810008DF835108DF836304846DBB2C9B2FEF7D8
:10C8200009FE2B794FF4FA721033FF2B28BFFF2338
:10C830001B09B2FBF3F3D8F8002013443B60962C9D
:10C840008CBF002001201FE7FEF718F98DF830009B
:10C85000FEF714F940F357007F30EB788DF8310084
:10C86000CAE7DFF86891DFF858A1D9F80020DAF8B4
:10C8700000309A423FF603AFB378554FBBBB3078D8
:10C88000FEF788FFADF83000C0F30724C0B200EB1C
:10C890004008DFF840B1B844C3B29C425FD8962C40
:10C8A000CDD94D4904EB4402033AC81EF3F7ECFE20
:10C8B000FEF7E4F804F1FF3810F0020F4FEA4806E3
:10C8C00060D000234644BA19BB55537093702B793E
:10C8D00040F6B8321033FF2B28BFFF231B09B2FBF1
:10C8E000F3F3DAF800201344C9F80030A7E7002278
:10C8F000002411461046FEF709FEB846A346FEF78F
:10C90000BDF883070BD588F800B088F801B088F827
:10C9100002B00134972C08F10308F0D1AFE7FEF71D
:10C92000ADF88DF83400FEF7A9F8EB7840F3570026
:10C930007F3004EB44028DF836308DF83500BB189B
:10C940000D9803920293FEF76DF8039A029BB85478
:10C95000C0F30722C0F307405A709870D9E71BF85C
:10C96000002073781A4209D098F8023098F8002015
:10C9700098F801100290FEF75DFD029808F1030897
:10C98000013089E7FEF77AF88DF83400FEF776F883
:10C99000EB7840F357007F308DF836308DF8350056
:10C9A0000D98FEF73FF84644B85507EB0608C0F36C
:10C9B0000723C0F3074088F8013088F8020086E7B3
:10C9C000884400208C370020EE0D0020883700209E
:10C9D000C0350020760F0020C3350020B37823B186
:10C9E000002211461046FEF791FD3078FEF7D2FE88
:10C9F000C0F307230893884BADF830001A68874BC3
:10CA00001B689A4240F29880AA786B78E87843EAEB
:10CA1000022343EA0040FEF763FC814DC0F3072286
:10CA2000AB46C0F307438DF835208DF83630C1B2E0
:10CA3000D2B2DBB27B4FDFF8F0918DF83400039176
:10CA400004920593AA46B84600260F35CDF818A0E3
:10CA5000079518F8014B002C71D003A91AC902934D
:10CA6000069B13F8010B06930BEB000393F8882148
:10CA700099F801301A4205D02346029A0991FEF72F
:10CA8000D9FC0999079B13F8010D07930BEB0003E1
:10CA900093F8882199F801301A4203D02346029A6C
:10CAA000FEF7C8FC013698F80030F6B2062E08F8FA
:10CAB000013CCED1BC79002C44D0059C039EDDF80E
:10CAC00010809AF806000BEB000393F8882199F880
:10CAD00001301A4204D0234642463146FEF7AAFCF2
:10CAE0009AF808000BEB000393F8882199F80130BD
:10CAF0001A4204D0234642463146FEF79BFCFDF71E
:10CB0000BDFF00F00300B0FA80F0484B40099D42A1
:10CB1000B87107F1070795D1454B40F6B8321B793C
:10CB20001033FF2B28BFFF231B09B2FBF3F33A4A54
:10CB300012681344394A1360089B962B80E62146FD
:10CB400002948DE72646A046BBE73748FFF732FC44
:10CB50009AE53548FEF7E0FC91E53348FFF7B2F877
:10CB600092E53148FFF7B4F88EE52F48FFF756F904
:10CB70008AE52D48FFF760F986E52B48FFF764F951
:10CB800082E52948FFF76EF97EE52748FFF772F93D
:10CB90007AE52548FFF77CF976E52348FFF780F929
:10CBA00072E52148FFF78AF96EE51F48FFF78EF915
:10CBB0006AE51D48FFF798F966E51B48FFF798FC02
:10CBC00062E5032313700FB0BDE8F08F019B002BCB
:10CBD000F9D0184B1B78022B7FF46AAD66E5019AF9
:10CBE000154B1A702B78154AC3F301031370FEF727
:10CBF0001BFC0323ECE4124B1B780BB1FEF762FB2A
:10CC0000054B186802F02CF80F28DCD90023DFE46C
:10CC1000019B002BD7D049E588440020BC3500207B
:10CC2000EE0D0020903500201D100020480E002041
:10CC3000804400201C100020201000202110002023
:10CC40009237002010B500240D4B1B6898470D4803
:10CC50001022FF2100F8194BF3F7BAFD0A48102201
:10CC6000FF2100F8194BF3F7B3FDFEF73BFA074B32
:10CC70001B78032B03D8BDE81040FEF7A9BB10BDFD
:10CC8000642E01088C44002093370020804400204B
:10CC900070470000044A137883F0010313700022E8
:10CCA000024B1A70FEF716BA804400201C100020B8
:10CCB0000020FFF7EFBF0120FFF7ECBF064A137813
:10CCC00013F0030304BF05490B700121137861F3CE
:10CCD00001031370704700BF804400201C10002027
:10CCE000054B1A7892071EBF0021044A11701A786A
:10CCF00022F003021A707047804400201C100020AC
:10CD0000024B187800F00300704700BF80440020F9
:10CD10000C4A034608461178890711D063B12D2BC0
:10CD20000CD803F03F03117863F3870111700022E0
:10CD3000054B1A70FEF7CEB90123F4E72D23F2E775
:10CD4000704700BF804400201C1000200021FFF726
:10CD5000DFBF0121FFF7DCBF014B18788008704767
:10CD600080440020054B01461B789B0801332E2B85
:10CD700034BF18460120FFF7CBBF00BF804400201E
:10CD80000120FFF7EFBF0000064B01461B78C3F3FD
:10CD90008503013B13F0FF0314BF18462D20FFF756
:10CDA000B7BF00BF804400200120FFF7EDBF0000A7
:10CDB00030B4084C0546184623789B0708D0A02AB3
:10CDC00028BFA0226570A170E27030BCFEF782B966
:10CDD00030BC7047804400200023FFF7E9BF0123E7
:10CDE000FFF7E6BF07B50322094901A8F3F776FD6F
:10CDF00000209DF8043063F307009DF8053063F3CD
:10CE00000F209DF8063063F3174003B05DF804FB74
:10CE100081440020014B5878704700BF80440020B7
:10CE2000014B9878704700BF80440020014BD878B0
:10CE3000704700BF80440020034903464878CA7801
:10CE400008308978FFF7B4BF804400200120FFF745
:10CE5000F3BF0000054910B44C780346083CCA787B
:10CE6000A0B2897810BCFFF7A3BF00BF80440020A8
:10CE70000120FFF7EFBF000010B4064C0346A17875
:10CE8000E2781031FF2928BFFF216078C9B210BCB9
:10CE9000FFF78EBF804400200120FFF7EDBF0000A8
:10CEA00010B4064C0346A178E278103921EAE1710A
:10CEB0006078C9B210BCFFF77BBF00BF8044002080
:10CEC0000120FFF7EDBF000010B4064C0346E278E6
:10CED000A1782032FF2A28BFFF226078D2B210BC8E
:10CEE000FFF766BF804400200120FFF7EDBF000080
:10CEF00010B4064C0346E278A178203A22EAE272A6
:10CF00006078D2B210BCFFF753BF00BF804400204E
:10CF10000120FFF7EDBF0000024B18710020FEF763
:10CF2000D9B800BF80440020024B18710120FEF7E1
:10CF3000D1B800BF80440020014B1879704700BF72
:10CF400080440020044A13792833FF2B28BFFF2395
:10CF50001371FEF7BFB800BF804400200120FFF727
:10CF6000F1BF0000034A1379283B23EAE3731371EE
:10CF7000FEF7B0B8804400200120FFF7F3BF0000A7
:10CF8000024B58710020FEF7A5B800BF8044002076
:10CF9000F0B50C4D00EB4007EE1996F801C04400C7
:10CFA0008C4505D1EF5D974202D1B6789E4207D0FD
:10CFB00001272044044E2C18377061702A54A37046
:10CFC000F0BD00BFB54400201E38002070B51346E8
:10CFD00005460E4600242046324629460134FFF716
:10CFE000D7FF972CF7D170BD08B500F02BFA0022BF
:10CFF000014B1A7008BD00BF1E38002010B5054C4B
:10D0000023782BB19721044800F036FA00232370CF
:10D0100010BD00BF1E380020B544002000B11047ED
:10D020000847000038B54D790446002D43D1FCF780
:10D03000F9FAA4F5F043203B00F02200142B3AD873
:10D04000DFE803F00B0F14171A1D202326292C2FBD
:10D050003335370D0D0D0D0D0D00FFF72CFE284655
:10D0600038BD164A1649FFF7D9FFF8E7144A1349A5
:10D07000F9E7144A1449F6E7134A1249F3E7134A49
:10D080001349F0E7124A1149EDE7124A1249EAE75B
:10D09000114A1049E7E7114A1149E4E7104A0F49DC
:10D0A000E1E70120FFF755FED9E70520FAE70D205B
:10D0B000F8E71220F6E70125D1E700BFA9CD000867
:10D0C00081CD000871CE00084DCE0008C1CE000809
:10D0D00099CE000811CF0008E9CE000879CF0008EA
:10D0E0005DCF00082DE9F0414FF0120C46180546BF
:10D0F000194610460027B54201D3BDE8F08115F866
:10D10000013B83EA0002A2FB0C830CFB01334801C4
:10D11000540114EB080440EAD26043EB00034FEAE9
:10D12000C218A4184FEAC11041EB03034FEA022EC4
:10D1300040EA526014EB08044FEA012143EB00037C
:10D1400041EA126114EB0E0443EB01030EEB030101
:10D150003819D0E7FCF786BC08B50822002103483F
:10D16000F3F736FBBDE8084000F004B92038002092
:10D170008378C078013303F003031B1A58425841E7
:10D18000704710B50446FFF7F3FF78B9A37801F0B4
:10D190007F01E01841EAC21202710120013303F05D
:10D1A0000303A37023780133237010BD0020FCE734
:10D1B00010B5C37884789C4211D003441B79C3F323
:10D1C000C014C3F306030B701470C378013303F06B
:10D1D0000303C370437801334370012010BD002066
:10D1E000FCE700000A4601460148FFF7CABF00BF3E
:10D1F000203800200A4601460148FFF7D9BF00BF8A
:10D20000203800202DE9F0412D4B86B01A7832B13C
:10D2100000221A702B4B9A78DA701A785A7000F044
:10D22000E3F8FFF797FF044600283CD00024FC26D3
:10D2300030E09DF806409DF807808DF81040B8F169
:10D24000000F34D0FD2302278DF8113001F0FCFCD3
:10D250000123ADF812008DF815308DF8147006AB6F
:10D2600013E90300FBF7FCFA8DF80840B8F1000F52
:10D2700023D0FD238DF8093001F0E6FC0023ADF842
:10D280000A008DF80C708DF80D30DDE90201FBF716
:10D29000E7FA2C460DF107010DF10600FFF7AAFF92
:10D2A00005460028C5D1204606B0BDE8F0818DF8BE
:10D2B0001160032701F0C8FCCAE78DF80960DBE7BD
:10D2C0001F380020203800204FF4165002F00EBD09
:10D2D000012301F1804101F2064101F00F012022FA
:10D2E000024803FA01F104F039B900BF000400401C
:10D2F000054B01F18041186901F2064101F00F016F
:10D30000C84000F001007047000400407047000072
:10D310002DE9F0410025154F3B78ECB2A3420CD823
:10D32000FFF7D2FF0026DFF848803B78F5B2AB422A
:10D330000DD8FFF7EBFFBDE8F08100212046FFF795
:10D34000C7FF01212046FFF7C3FF0135E4E70021B5
:10D350002846FFF7CDFF012104462846FFF7C8FF06
:10D3600044EA400408F805400136DEE7283800208A
:10D370002A3800200122024B1A70FFF7C9BF00BFF4
:10D380002838002038B541EA4203144ADBB2115C68
:10D39000044601F00305AB421FD043EA8103DBB230
:10D3A0000F4D13540F4A03F00F03D35C2A5C134450
:10D3B0005BB2012B2B5402DD0021FFF713FF2B572B
:10D3C000013303DA01212046FFF70CFF2B57002B16
:10D3D00003F00103B8BF5B422B5538BD2A3800204B
:10D3E00029380020742F0108F8B500250A4F3B7832
:10D3F000ECB2A34200D8F8BD00212046FFF778FF29
:10D40000012106462046FFF773FF314602462046BB
:10D41000FFF7B8FF0135EAE728380020C1F1030122
:10D42000490040FA01F3022213F0010F14BF0E234A
:10D4300008238A4002421ABFA3F12000C0B243F081
:10D440008000704708B540F282224FF4004107483F
:10D4500004F084F8064803F015FB0649044803F07D
:10D460009BFABDE80840024803F0B2BA000400404D
:10D4700010490020842F01082DE9F04F05460E4683
:10D4800000244FF00C08274F85B0E3B2B34208D315
:10D490004FF4F161234A244805B0BDE8F04F03F092
:10D4A000B2BA4FF0000A03EB43016A1808FB03F914
:10D4B000695C0291517892780391019209F103021B
:10D4C00002EB070B51460298FFF7A8FF0AF1010A89
:10D4D000BAF1040F0BF8010FF4D14FF0000B09F172
:10D4E000070207EB020A59460398FFF797FF0BF173
:10D4F000010BBBF1040F0AF8010FF4D14FF0000B40
:10D5000009F10B0307EB030A59460198FFF786FF61
:10D510000BF1010BBBF1040F0AF8010FF4D1013438
:10D52000B3E700BF2B38002010490020FCF7BFB93B
:10D5300008B50420FCF766FDC0F3C00008BD08B5BF
:10D54000FCF720FE4FF4C86002F057FDFCF71AFE0E
:10D55000FFF7EEFF28B1FFF7E9FFBDE8084001F053
:10D5600097BB08BD08B5FFF7EAFF08BD2DE9F843F2
:10D570009046994610B90020BDE8F8830029FAD0FA
:10D58000002AF8D0002BF6D0054600232F783FBBA9
:10D59000164E3278541CE4B23470BCB100234FEA0A
:10D5A000031C10F80CC0A44510D001338B42F6D1F7
:10D5B00007B1347033782B7001F00EFB089B4044A8
:10D5C0006860C5F808903078EB60D5E7631CA2422C
:10D5D0004FF00107DBB201D13370CCE71C46DCE72A
:10D5E00001338B4205F11005D0D1C4E7384000204B
:10D5F000034610B510468BB191B14AB100221C7898
:10D60000844206D1002201201A705A609A60DA60C2
:10D6100010BD01328A4203F11003F0D10020F7E778
:10D620000846F5E72DE9F041154604460E4601F09F
:10D63000D3FA2B680746C31A002B03DD28600025A8
:10D64000B54201D1BDE8F08194F80080B8F1000F37
:10D650000DD06068C31B002B09DCA368E168984704
:10D660002378434503D128B16368034463600135DF
:10D670001034E5E720706060A060E060F7E700002C
:10D6800007B50B460092082102460348FFF76EFFDC
:10D6900003B05DF804FB00BFB43F00200246082140
:10D6A0000148FFF7A5BF00BFB43F00200821024A90
:10D6B0000248FFF7B7BF00BF34400020B43F00204E
:10D6C000062070471E23520003FB0122B42303FBF4
:10D6D000002000F216307047052838B510D805290B
:10D6E0000ED80E2A0CD8FFF7EDFF0546FCF7CCFD4F
:10D6F0000402681CFCF7C8FDA4B2204380B238BD08
:10D700000020FCE7052870B51C460FD805290DD868
:10D710000E2A0BD8FFF7D6FF0546210AFCF71CFEA0
:10D72000E1B2681CBDE87040FCF716BE70BD05286C
:10D7300070B5164616D8A9B9800000F24E7482F072
:10D74000010004EB4000FCF79FFD002E4FEA00258E
:10D750000CBF032001202044FCF796FDADB2284306
:10D7600080B270BD0020FCE7052870B516461D4646
:10D7700014D899B9800000F24E7482F0010004EBD5
:10D780004000190AFCF7E8FD002E0CBF0320012021
:10D79000E9B22044BDE87040FCF7DEBD70BD2DE964
:10D7A000F84300250026ECB212E05FFA87F94A46FA
:10D7B00041462046FAF78CFE013703464A46414669
:10D7C0002046FFF79FFF0F2FEFD10136062E03D023
:10D7D00000275FFA86F8E8E7012200212046FAF7E1
:10D7E0008BFE0122034600212046FFF7BDFF0022E9
:10D7F00020461146FAF780FE0022034611462046D5
:10D800000135FFF7B1FF062DCCD1BDE8F88370B527
:10D81000144600F216355618B44200D170BDA5F278
:10D820001633B3F5876F06DA2846FCF72DFD04F8AA
:10D83000010B0135F0E70020F9E770B5144600F25E
:10D8400016355618B44200D170BDA5F21633B3F5A3
:10D85000876F03DA28462178FCF77EFD0134013515
:10D86000F0E7052810B406D8052904D80E2A02D8F6
:10D8700010BCFFF731BF002010BC7047052802D84C
:10D8800009B9FFF754BF002070472020704740F6C9
:10D890009A007047F8B51446054640F699075618A1
:10D8A000B44200D1F8BDBD4207DC05F26670FCF75A
:10D8B000EBFC04F8010B0135F2E70020F9E7F8B5BD
:10D8C0001446054640F699075618B44200D1F8BDF3
:10D8D000BD4204DC217805F26670FCF73DFD0134A1
:10D8E0000135F2E710B540F266742046002101349C
:10D8F000FCF732FDB4F5805FF7D110BD1F282DE98C
:10D90000F341054655D840F6FF70FCF7BDFC0028F2
:10D910004FD140F266744DBB6F460095019520468D
:10D92000FCF7B2FC04F101088DF800008DF80150FD
:10D9300000283ED0012813D14046FCF7A5FCA61CC8
:10D940008DF80100A8B3431E022B1BD83046FCF70C
:10D950009BFC04F103088DF8020050B38DF80350CE
:10D960000021384600F032FC4446D8E7B4F5805F29
:10D970001FD02046FCF788FC01340028F6D1013D79
:10D98000EDB2C8E704280FD102243046FCF77CFC36
:10D990000136385568B17C2808D104F108030DEB35
:10D9A0000304002304F8073CB046D9E70134072CF0
:10D9B000EBD102B0BDE8F08147F61643984210B5AE
:10D9C0000C461BD1FBF72EFE62790D4B72B100F0B5
:10D9D000AA00002813BF01220022292035201A7036
:10D9E00001F00AF8FBF7E8FE002010BD1B78002BC1
:10D9F0000CBF2920352001F019F8F3E70120F4E7E6
:10DA00003940002038B505464879002800F0DC8010
:10DA1000A5F5E045ABB2222B00F2BB80FBF76AFF15
:10DA20006A4C013D2080212D12D8DFE805F04DBD64
:10DA3000551B1F59235D692FB5336D3771973B75A2
:10DA40009F417B8327612B65477F8EA9B31651C504
:10DA5000237843F00103237095E0637843F00803D3
:10DA6000637090E0237843F00203F4E7237843F0F7
:10DA70000403F0E7237843F00803ECE7637843F00E
:10DA80000103EDE7637843F00203E9E7237843F00D
:10DA90001003E0E7237843F02003DCE7237843F02A
:10DAA0004003D8E7FBF7F0F9237843F08003D2E78F
:10DAB000237823F00C0343F00C03CCE7637823F0C6
:10DAC000030343F00303CBE7237823F00103C2E70A
:10DAD000637823F00803C3E7237823F00203BAE74F
:10DAE000237823F00403B6E7237823F00803B2E792
:10DAF000637823F00103B3E7637823F00203AFE711
:10DB0000237823F01003A6E7237823F02003A2E76D
:10DB1000237823F040039EE7FBF7B6F9237823F040
:10DB2000800398E7237823F00C0394E7637823F0CD
:10DB3000030395E72378C3F3800282F00102D2B297
:10DB400062F3820362F3C30385E76378DA4302F08A
:10DB5000010262F3000362F3410381E72378C3F318
:10DB6000801282F0010262F3861374E7FBF78CF9EE
:10DB70002378C3F3C01282F0010262F3C7136AE78D
:10DB80000120FBF7CCFE2088FBF7B7FEFBF77CF902
:10DB9000002038BD0020F4E72378C3F3001282F0A0
:10DBA000010262F3041356E72378C3F3000282F004
:10DBB000010262F300034EE76378C3F3C00282F010
:10DBC000010262F3C3034BE70120E2E76644002051
:10DBD00000EB4003C3EB031300EB830083B200B2FE
:10DBE000002807DA803800B20028B8BFFF300012E2
:10DBF00040B2704703F18000C0F30720F8E700004F
:10DC0000164B1B78D90707D5154B187840007F288D
:10DC10001FD800B3C0B270479A0703D5104B1878CD
:10DC20008000F4E75B0703D50D4B1878C000EEE7E2
:10DC30000C4B1B785BB10C4A094912780878934267
:10DC4000F4D25843C000B0FBF2F080B2DFE7082006
:10DC5000E0E77F2070470120704700BF4040002070
:10DC6000291000203F40002028100020144B1B7872
:10DC7000D90705D5134B18788008F0B1C0B27047AA
:10DC80009A0703D50F4B18784008F6E75B0705D5D0
:10DC90000C4B18787F28F0D97F2070470A4B1B78EF
:10DCA0004BB10A4A07491278087893423CBF58435F
:10DCB000B0FBF2F0EEE70120E0E70120704700BF83
:10DCC00040400020251000203E400020241000206D
:10DCD00008B5A0F1CD03122B10D8DFE803F00A102D
:10DCE00013192E2E2E2E2E2E2E2E1C21252B363C99
:10DCF0004100FFF785FF40421C4BD87008BDFFF77D
:10DD00007FFFF9E7FFF77CFF4042184B9870F5E77B
:10DD1000FFF776FFF9E7FFF7A9FF144B1871EDE75E
:10DD2000FFF7A4FF4042F8E7FFF7A0FF40420F4B88
:10DD30005871E3E7FFF79AFFF9E701230B4AD1385F
:10DD4000517883400B435370D8E7094A137843F066
:10DD500001031370D2E7064A137843F00203F8E791
:10DD6000034A137843F00403F3E700BF4140002067
:10DD700040400020414BCD2893F9032012D1002AC6
:10DD800001DA0022DA70D9789A780A4351B20AB9D6
:10DD90003B4A11701A795B7913435AB20BB9394B6C
:10DDA0001A707047CE2802D1002AEADCEBE7CF28B0
:10DDB00093F9022004D1002AE5DA00229A70E2E702
:10DDC000D02802D1002AF8DCDDE7D92893F9042015
:10DDD00004D1002AD7DD00221A71D4E7DA2802D153
:10DDE000002AD0DAF7E7DB2893F9052004D1002ACE
:10DDF000C9DA00225A71C6E7DC2802D1002AF8DC11
:10DE0000C1E7D1380E28BED801A252F820F000BFD9
:10DE10004DDE00084DDE00084DDE00084DDE000836
:10DE20004DDE00084DDE00084DDE00084DDE000826
:10DE300087DD000887DD000887DD000887DD000832
:10DE40005BDE000867DE000871DE000801215A78F9
:10DE5000814022EA01025A7095E70B490A7822F0C4
:10DE600001020A708FE708490A7822F00202F8E7F7
:10DE700005490A7822F00402F3E700BF4140002080
:10DE80003F4000203E4000204040002008B500F008
:10DE9000DBFE094B9A78D9780A431CBF074A1080E9
:10DEA0001A795B791A431CBF054B18800248BDE8FC
:10DEB000084000F0C9BC00BF414000203C400020A9
:10DEC0003A400020062208B500210548F2F780FC00
:10DED0000023044A1370044A1370044A137008BDE7
:10DEE000414000203F4000203E40002040400020B4
:10DEF00090F902305BB990F9033043B990F90430DE
:10DF00002BB990F90500003818BF01207047012097
:10DF10007047000037B5514C062221466846F2F79B
:10DF2000DDFC00239DF80320A370E370237163716F
:10DF30009DF8023013430AD0494B188800F089FE3F
:10DF400048490B783BB3484A127890422CDC9DF844
:10DF500004309DF8052013430BD0444B188800F083
:10DF600078FE43490B78002B46D0424A1278904203
:10DF70004BDC6946394800F08FFD18B93748FFF788
:10DF8000B7FF08B1FFF782FF062269463348F2F770
:10DF9000A5FC03B030BD0A25374A12786A43904287
:10DFA000D5DD01330B7001E0FF2BFAD19DF9025052
:10DFB0003DB1FFF725FE002DD4BFFF2301235843B9
:10DFC000A0709DF903503DB1FFF71AFE002DD4BF9C
:10DFD000FF2301235843E07094F902000028B6D0D3
:10DFE00094F90320002AB2D0FFF7F2FDA07010468A
:10DFF000FFF7EEFDE070AAE70A25204A12786A438F
:10E000009042B6DD01330B7001E0FF2BFAD19DF990
:10E0100004503DB1FFF72AFE002DD4BFFF2301239A
:10E02000584320719DF905503DB1FFF71FFE002DAB
:10E03000D4BFFF2301235843607194F904000028E2
:10E0400097D094F90520002A93D0FFF7C1FD2071E5
:10E050001046FFF7BDFD60718BE700BF4140002017
:10E060003C4000203F4000202A1000203A40002081
:10E070003E400020261000202B10002027100020FA
:10E080004D4B2DE9F0410C464C49C2081F5C4C4BEE
:10E090008E5C4C499B5C00F0070011F80280034144
:10E0A000064148FA00F813F0010506F0010608F0F1
:10E0B000010812D0E120FAF705FC002C6ED040F2E6
:10E0C000E7300021DFF800C14FF47A720023E4FB4F
:10E0D0000C01F2F78BF801F090FF96B1E620FAF709
:10E0E000F1FB002C5CD040F2E7300021DFF8D8C013
:10E0F0004FF47A720023E4FB0C01F2F777F801F099
:10E100007CFF21463846FAF75FFC002C4AD040F2EB
:10E11000E73000212C4F4FF47A720023E4FB070113
:10E12000F2F764F801F069FF86B1E620FAF712FC15
:10E13000D4B340F2E7300021234E4FF47A7200232B
:10E14000E4FB0601F2F752F801F057FF85B1E12038
:10E15000FAF700FC54B340F2E73000211A4D4FF4B7
:10E160007A720023E4FB0501F2F740F801F045FF65
:10E17000B8F1000F1ED02C20FAF742FCC4B140F2D7
:10E18000E7300021104D4FF47A720023E4FB0501C3
:10E19000F2F72CF8BDE8F04101F02FBF01209AE71B
:10E1A0000120ACE70120BDE70120CDE70120DDE73C
:10E1B0000120EFE7BDE8F081982F01082830010821
:10E1C0003830010818300108A0860100F8B50D4666
:10E1D0000446002140F2E730294E4FF47A720023C2
:10E1E000E5FB0601F2F702F807462078002846D042
:10E1F000012840D16378013B032B03D8DFE803F00B
:10E20000090F14190134A5B3384601F0F6FE0134A4
:10E21000EBE7A078A61CFAF7F3FB3446F3E7A07807
:10E22000A61CFAF74FFBF8E7A078A61CFAF792FBBA
:10E23000F3E700260A2014F8023F124AD15C11F0DD
:10E2400004010ED19EB140F2E730DFF834C04FF444
:10E250007A720023C6FB0C01F1F7C8FF01F0CDFE76
:10E26000D1E7303B00FB063614F8013FE6E701201A
:10E27000F4E70120C9E72946FFF702FFC7E7F8BD29
:10E28000A0860100F9220108F8B5144642791D461E
:10E290009DF81870284B92B11C7000F0D5FC274BEC
:10E2A000188004F12003DBB2072B44D8012004F0CE
:10E2B0000704A040C0B2BDE8F840FAF7A9BB1E7839
:10E2C000A6422ED11D4B188800F0C3FCC72828D8C1
:10E2D000AE4205F1200415D006F12003DBB2072B76
:10E2E00006D8012006F00706B040C0B2FAF799FB45
:10E2F000E3B2072B06D8012005F007039840C0B20F
:10E30000FAF786FB3846E4B2FAF77AFB072C12D804
:10E31000012005F00705A840C0B2BDE8F840FAF7B3
:10E3200080BB04F12003DBB2072B04D8012004F0EA
:10E330000704A040F0E7F8BD4A4000204840002014
:10E340000346A3F5F843183B07B50846062B3BD810
:10E35000DFE803F0171E0410252C3300262300935A
:10E36000E12347F61A411A46FFF78EFF002003B05B
:10E370005DF804FB27230093E52347F61B411A466B
:10E38000F2E72623E022009347F61841E123EBE76A
:10E390002723E422009347F61941E523E4E72623E7
:10E3A000E222009347F61C41E123DDE72723E62222
:10E3B000009347F61D41E523D6E72823E522009385
:10E3C00047F61E410123CFE74B7913B10022024BE0
:10E3D0001A700120CBE700BF4A40002038B547F64D
:10E3E0007743984205D047F6784398421BD00120E6
:10E3F00038BD4B7993B100F01FF8FAF7E1FD00F05A
:10E400001BF8044600F01EF8054600F021F82946E6
:10E4100002462046FAF7DAFE0020E9E700F00CF8A1
:10E42000FAF7D8FDEBE74B7913B100F00BF8E4E70E
:10E4300000F008F8F4E70000014B1878704700BFBF
:10E440002E100020014B1878704700BF2D100020BF
:10E45000014B1878704700BF2C10002040F212309A
:10E4600008B5FBF711FF262801D0002008BD40F2B7
:10E470001330FBF709FF0928F7D14FF44570FBF77C
:10E4800003FFA0F1290358425841EFE710B5041EDD
:10E490000CBFFF21262140F21230FBF75DFF002C5C
:10E4A0000CBFFF21092140F21330FBF755FF002C70
:10E4B00008BFFF21BDE8104018BF29214FF4457067
:10E4C000FBF74ABF704708B540F21530FBF7DCFE9A
:10E4D00008BD704710B50446FFF7FBFFE1B240F2FC
:10E4E0001530BDE81040FBF737BF08B50020FFF737
:10E4F000CDFF0020FFF7EEFFFFF751F9FFF7F2F92C
:10E50000BDE808400120FFF7C1BF08B5FFF7DAFFFB
:10E51000FFF7D9FFFFF7DDFFFFF7A0FF18B9BDE850
:10E520000840FFF7E2BF08BDFEF7C2BB08B50346CF
:10E53000487940B1A3F5EE427F2A03D8D8B2FFF75D
:10E54000DDF9002008BD0120FCE710B50378044682
:10E55000013B032B0BD8DFE803F0020B1215FEF78B
:10E5600065FCA023C0EB0020B0FBF3F0607010BD91
:10E57000FEF7C6FB0028F9D0FEF7EEFBF6E7FEF744
:10E58000DBFCF3E7FEF746FC6070FEF749FCA07089
:10E59000EDE738B503780446013B032B2BD8DFE8C1
:10E5A00003F002111E23FEF735FC0546FEF738FC8A
:10E5B000A023014662785A43120A2846BDE8384033
:10E5C000FEF70ABC43781BB9BDE83840FEF788BBAC
:10E5D000FEF774FB6078BDE83840FEF7B7BB4078C3
:10E5E000BDE83840FEF798BC84784578FEF71EFCFD
:10E5F00021460246E1E738BD034610F8022B082AFF
:10E6000005D0092A05D0072A05D1FFF7C2BFFFF7B9
:10E610009CBFFCF7DBBEFF221A70704708B5437839
:10E62000032B03D1BDE80840FFF7E6BFF6F736FC41
:10E6300008BDF8B504460D46F6F7B0FC002840F0DA
:10E64000D7802378013B142B49D8DFE803F00B1562
:10E65000435D636F72727277487D8187929DA0A33C
:10E66000AEB9C200002363700C23A3702946204674
:10E67000BDE8F840F7F794B86378013B032B2ED838
:10E68000DFE803F0020A122200F0A6FA030EA370DC
:10E69000030CE370030A04E0FFF715FF0023A370E7
:10E6A000E37023716071E1E7A678E71C052E07F19E
:10E6B0000207DBDCF0B2FBF7A5FC030A07F8023C1B
:10E6C00007F8010C0136F1E70023A370E370237112
:10E6D0006371CBE76378022B04D0052B10D0FF23A6
:10E6E0002370C3E7E378A07840EA0320237940EA67
:10E6F0000340637940EA036000BAFFF7EBFEB5E739
:10E70000A078FFF711FFB1E7E278A1786078FEF713
:10E71000E3FFBFE762792379A17843EA02235BBA7A
:10E72000E27860789BB2FEF7EDFF9FE7FFF737F8DE
:10E730009CE729462046FFF771FF97E70020FFF787
:10E74000A5FEFFF7D2FE91E7FFF79FF860708DE717
:10E75000FFF79DF8030A6370A07087E76078A378DD
:10E76000E17840EA032040BA221D80B2FFF792F818
:10E770007CE76078A378E17840EA032040BA221D64
:10E7800080B2FFF79CF871E7FFF7ACF86EE7FEF791
:10E7900097FFDBE76078A378E17840EA032040BA8E
:10E7A000221D80B2FFF733F860E76078A378E17844
:10E7B00040EA032040BA221D80B2FFF73EF855E739
:10E7C000E278A178003A18BF01226078FEF7AFFF27
:10E7D00060E762792379A17843EA0223E2785BBAA1
:10E7E000003A18BF012260789BB2FEF7BDFF3DE7FB
:10E7F000F8BD0000014B1860704700BF504000207A
:10E80000014B1868704700BF50400020024B186849
:10E8100008B10368184770475040002008B5FFF75B
:10E82000F5FF08BD024B1B680BB15B6818477047CA
:10E8300050400020034A12681AB106210170936803
:10E840001847704750400020034A12681AB102214D
:10E850000170D36818477047504000200B4B07B534
:10E860001A8882420ED01880094B1B6853B10322CC
:10E870008DF80500000A8DF806001B698DF804204C
:10E8800001A8984703B05DF804FB00BF4E4000208C
:10E89000504000200B4B07B51A8882420FD01880D9
:10E8A000094B1B685BB104228DF80500000A8DF846
:10E8B00006001B698DF804200DEB0200984703B099
:10E8C0005DF804FB4C400020504000200E4B0F4AE6
:10E8D0001B68127802336AB10D4A92F90020002AAF
:10E8E00008DA1E220B4B1B68023300201A449342A5
:10E8F00002D170470622F8E713F8011B0029F6D071
:10E900000130C0B2F3E700BF14100020381000201F
:10E91000664400201010002030B3144B1B785BB904
:10E92000134B1B685A1C073312F8011F81421AD07F
:10E930009A42F9D1002070470E4B93F90030002B1A
:10E94000EEDAEF284FEAD002F4D80B4B00F00700C4
:10E950001B68134401229B7802FA00F0184000382B
:10E9600018BF012070470120704700BF38100020F9
:10E9700014100020664400201010002000224FF0E8
:10E98000FF3330B5441C14F8015F8D420BD0B3F156
:10E99000FF3F01D105B953B20132062AF3D15A1C07
:10E9A00001D01844817030BD002210B5431C0730DF
:10E9B00013F8014F8C4208BF1A708342F8D110BD82
:10E9C000EF294FEAD10307D818440123827801F0D8
:10E9D00007018B40134383707047EF294FEAD1033F
:10E9E00008D801221844837801F007018A4023EAFD
:10E9F0000203837070470000084B01461B7843B147
:10EA0000074B93F90030002B03DA064B1868FFF729
:10EA1000D7BF054B1868FFF7B1BF00BF3810002003
:10EA2000664400201010002014100020084B0146FE
:10EA30001B7843B1074B93F90030002B03DA064BE8
:10EA40001868FFF7CABF054B1868FFF7ADBF00BFD6
:10EA50003810002066440020101000201410002000
:10EA6000094B1B785BB1094B93F90030002B06DA98
:10EA70001E22074B186800210230F1F7A9BE054B92
:10EA800006221868F7E700BF38100020664400200F
:10EA9000101000201410002042784B789A421DD1AB
:10EAA00090F902301BB191F902209A4216D190F9E7
:10EAB00003301BB191F903209A420FD190F9053030
:10EAC0001BB191F905209A4208D190F9040030B1A8
:10EAD00091F90430181A18BF0120704701207047BF
:10EAE000704708B5FFF7FCFF08BD000008B501300E
:10EAF000024BC0B21870FFF7F4FF08BD544000206D
:10EB0000032008B5024B1870FFF7EBFF08BD00BFEC
:10EB100054400020FFF7EABF012008B5024B1870EF
:10EB2000FFF7DFFF08BD00BF54400020FFF7F4BF30
:10EB3000704770477047704710B5FFF7F9FF002422
:10EB4000FBF720FBFFF7F5FFE0B2FBF75BFA18B924
:10EB50000134062CF8D110BD0120FCE708B501F006
:10EB6000BDFBBDE8084001F09BB808B5F9F71FFEF2
:10EB7000BDE8084040F2A46001F03FBA08B5FAF7DA
:10EB80006DFDFAF781FDFFF76BFFFFF79BF90020A2
:10EB9000FFF764FE0020FFF77DFEBDE80840F9F7AF
:10EBA00012BE0000302383F31188064BDA69064B4E
:10EBB0001A600023054A1360054A136083F3118825
:10EBC000704700BF98460020604000205C40002055
:10EBD00058400020FFF7E6BF38B5302383F3118893
:10EBE000124B134C1349D86923680A68C01A824231
:10EBF000114A0AD9A3F58333E03B156823600F4B14
:10EC000000F583302B44E030136008601568002164
:10EC100081F311884FF47A7C094C0023E0FB0C410E
:10EC2000084A2046F1F7E2FA284438BD9846002009
:10EC3000604000205C4000205840002088598F022E
:10EC40009F860100A086010008B5FFF7C5FF80B2CE
:10EC500008BD10B50446FFF7BFFF001B80B210BD12
:10EC600010B50446FFF7B8FF001B10BDBFF34F8F70
:10EC70000549064BCA6802F4E0621343CB60BFF358
:10EC80004F8F00BFFDE700BF00ED00E00400FA0574
:10EC900008B5024A024B1A60FFF7E8FFEFBEADDE8F
:10ECA000FC6F00200A4A08B552F8041C094B99422F
:10ECB0000CD1002342F8043C83F31488064B1A68F5
:10ECC00082F3088862B65B689847FEE708BD00BF1C
:10ECD00000700020EFBEADDE00E0FF1F08B5FFF7BB
:10ECE000C5FF0000184B10B51C785CBB0122082141
:10ECF0001A701648224602F031FC224620211348A1
:10ED000002F02CFC22461021104802F027FC4FF4A0
:10ED10007A7001F072F941F6822208210B4802F064
:10ED20001DFC40F282222021084802F017FC40F22C
:10ED300082221021054802F011FC054801F03AFE3C
:10ED4000044B1C7010BD00BF644000200004004054
:10ED5000DC4800207C400020F8B505461A481C46D7
:10ED6000174601F08FFE194B187850BB6A1C20D053
:10ED7000FCB1174EA4003482032F05D8DFE807F05A
:10ED8000021A1D1F0022F260012405F00F01224625
:10ED900025F00F00B16004FA01F11C70706002F000
:10EDA000DDFB0B49084801F0F7FD074801F010FEB4
:10EDB0002046F8BD4FF48002E5E78022E3E7054AEC
:10EDC000E1E70020F5E700BFDC4800207C400020A0
:10EDD00068400020800040001FB501218DF8070029
:10EDE0000DF10F0304480DF1070201F018FE9DF824
:10EDF0000F0005B05DF804FBDC480020002307B5D8
:10EE0000012106480DF107028DF8073001F029FEB7
:10EE10009DF8070003B05DF804FB00BFDC4800204C
:10EE200008B50246024801F00BFE002008BD00BFF5
:10EE3000DC48002008B50246024801F012FE00201E
:10EE400008BD00BFDC48002010B5084C23783BB15A
:10EE5000074801F0CBFD064801F0ACFD002323700C
:10EE60000348BDE8104001F010BE00BF7C40002008
:10EE7000DC4800200E4B10B51A78BAB901220D4CAF
:10EE80001A70206040F282324FF480610A4802F02A
:10EE900065FB4FF40061084840F2823202F05EFBED
:10EEA0002146BDE81040054801F036BD10BD00BF49
:10EEB0007D400020301000200008004080470020E6
:10EEC0004FF0FF3108B5024801F006FCC0B208BDA2
:10EED0008C4700200A464FF0FF330146014801F0FD
:10EEE000A0BC00BFB047002008B5034801F039FDC1
:10EEF00080F00100C0B208BD8047002070B590F8D6
:10EF00004420044602F07F03212B4CD112F0800FE5
:10EF100090F845301BD0022B15D0032B05D0012BC8
:10EF200015D1BDE8704000F015BD90F8483090F85C
:10EF3000491053EA012336D1314A82630122E26348
:10EF40002364012070BDBDE8704000F031BE0A2B83
:10EF500020D00B2B0FD0092B25D194F8483094F8F2
:10EF6000491043EA012323F00203E3B9254B0222AF
:10EF7000A363254BE3E794F8492094F8483053EA1B
:10EF8000022302BF94F846201D4B1A700022A26390
:10EF90000023D4E794F847201C4B20461A70BDE8A4
:10EFA000704000F02DBE02F09F02812A18D194F823
:10EFB0004530062B14D194F84920616894F8483004
:10EFC0004D6843EA0223204694F8472094F84610FF
:10EFD000A84708B90020B5E743680268A363D7E7EC
:10EFE00003250B4ED6F89C3023B9013D06F1A80647
:10EFF000F8D1EFE7204698470028F6D0A1E700BFF8
:10F00000381000208840002059F000088C40002073
:10F01000D8100020F8B50F4C0022234643F8042FE7
:10F0200090F84B7090F8496090F8465090F84A205C
:10F0300090F8481090F8470042EA072241EA06217A
:10F0400045EA002000F0ECF920606068002818BF55
:10F050002046F8BD8040002090F84A2090F84B00F0
:10F06000084942EA0022022A0B7807D1012B01D07D
:10F07000062B05D14A78044B1A707047024A137068
:10F08000704700BF884000208B40002010B5064A22
:10F09000064C117824784B1C03F00F039C421EBFD2
:10F0A000034C1370605410BD8A4600208B4600202C
:10F0B0007A460020084608B5052935D8DFE801F072
:10F0C000203403202035302383F31188214800F0B9
:10F0D000CCFA214800F0C9FA204800F0C6FA2048CE
:10F0E00000F0D3FA002383F311881E4B1B7813B171
:10F0F0000520FFF7CBFF0220BDE80840FFF7C6BFA1
:10F10000FFF7C4FF302383F31188124800F086FA1A
:10F11000114800F083FA114800F080FA104800F01E
:10F1200091FA002383F3118808BD302383F31188FB
:10F13000084800F094FA084800F091FA074800F0F7
:10F140008EFA074800F08EFA002383F31188052019
:10F15000D2E700BFD8100020801100202812002024
:10F16000501000208A400020102208B500210448D9
:10F17000F1F72EFB0023034A1370034A137008BDF6
:10F180007A4600208A4600208B460020F8B5284D9C
:10F19000284C00222E782378B3422FD102B123705D
:10F1A000F8BD2370244B1870244B93F84F10081EA1
:10F1B00018BF0120FFF7A4FCEBE7002223701E4BD1
:10F1C0001A70FFF7DBFC1D4B93F84F10081E18BF99
:10F1D0000120FFF79FFCDCE72370184B93F84F10DA
:10F1E000081E18BF0120FFF781FCD2E70021237021
:10F1F0000846F8E72370FFF78FFCCAE7194601229B
:10F200000F480133415C03F00F0310460529C3D8B2
:10F2100001A757F821F000BFF5F1000899F10008A7
:10F22000D9F10008EDF10008A3F10008BBF10008D6
:10F230008A4600208B4600208A4000204449002056
:10F240007A46002013B50446174800F061F91648C5
:10F2500000F08EF9154800F05BF9144800F088F9C9
:10F26000114B03F5A8731846019300F051F901986A
:10F2700000F07EF90E4800F067F90D4800F088F9BB
:10F28000204602F035F8204601F023FC41F2883098
:10F2900000F0B3FE2046074901F008FC204602B00A
:10F2A000BDE8104002F002B8D81000208011002004
:10F2B000501000204830010810B5044602F018F83C
:10F2C000204601F006FC184800F071F9174800F0DC
:10F2D0006EF9174800F06BF9164800F08BF941F20F
:10F2E000883000F08AFE104800F012F90E4800F055
:10F2F0003FF90E4800F00CF90C4800F039F90C48C1
:10F3000000F006F90A4800F033F90A4800F01CF949
:10F31000084800F03DF92046074901F0C7FB2046A8
:10F32000BDE8104001F0C2BFD810002080110020BD
:10F33000281200205010002048300108014B187896
:10F34000704700BF8B40002037B50023A825054C2F
:10F35000009305FB004042F2107300F00DFA03B079
:10F3600030BD00BFD8100020014608220120FFF761
:10F37000EBBF014620220020FFF7E6BF0146062230
:10F380000020FFF7E1BF014603220020FFF7DCBFAA
:10F3900000B589B0002320226946064800F055FADE
:10F3A00010B909B05DF804FB20216846FFF741F968
:10F3B000F0E700BF50100020FFF774BC70477047A3
:10F3C00008B5FFF7F9FF01F0F1FDFFF7F7FF08BD02
:10F3D00008B501F007FEFFF7F2FF08BDFFF7A6BB77
:10F3E00008B5FFF7C1FE0648FFF72CFF054B064A9C
:10F3F00041F288301A60BDE8084000F0FEBD00BF51
:10F4000044490020904000203C100020014B186827
:10F41000FFF7F0B990400020FFF7B8BE00F04EBBF8
:10F42000020A032A0FD007D8012A23D0022A07D1C3
:10F430005B20124A1A607047212A0DD0222A12D06E
:10F4400000200246F6E7C0B20228F9D80C4A0D495E
:10F4500052F82020405CEDE70229F1D80A4A092041
:10F4600052F82120E6E70229EAD8084A084852F86B
:10F470002120EFE71220074ADCE700BFA230010895
:10F480007830010874300108683001085C300108E8
:10F4900058300108FD30010813B5446BD4F88820BA
:10F4A0001378042B13D1012394F88C1012898B400C
:10F4B00013420CD1204601A900F0EEFF024630B104
:10F4C000019B94F88C10D4F8880001F07BFB02B00B
:10F4D00010BD10B5026F04461378042B13D101231D
:10F4E00090F8741052898B4013420CD100F02BFF1E
:10F4F000024640B1E36994F87410206F043BBDE804
:10F50000104001F04DBB10BD406BFFF7E2BF0000A3
:10F510001FB500F15C03C36490F8843013B100F1AF
:10F5200070030365074B01210193D0F89030D0F8A8
:10F53000982000930290D0F8943000F08AFF05B034
:10F540005DF804FB99F400081FB500F15C03036546
:10F55000064B01210193836FD0F880200093029025
:10F56000C36F00F0CEFE05B05DF804FB09F500089E
:10F57000302383F31188D0F8883090F88C2003EB87
:10F5800082039861002380F8A03083F311887047CC
:10F59000302383F3118890F87430026F093342F8F6
:10F5A0002300002380F8843083F31188704710B55E
:10F5B0003023044683F3118890F88C20D0F88830EB
:10F5C000053203EB820300225A6001236FF0010130
:10F5D000037200F052FD204600F052FFD4F8A43030
:10F5E00013B1DA681868904700F070FC002383F3C9
:10F5F000118810BD10B53023044683F31188012310
:10F600006FF00101037200F038FD204600F090FE1B
:10F6100000F05CFC002383F3118810BD012310B5BA
:10F62000044603726FF0010100F027FD204600F050
:10F6300027FFD4F8A43023B1BDE81040DA68186879
:10F64000104710BD012310B5044603726FF001018D
:10F6500000F013FD2046BDE8104000F069BE002315
:10F660000372704700230372704710B5044690F888
:10F670008C1000F13802D0F8880001F053FA2046CF
:10F6800000F0FEFE0023237210BD10B5044600F00A
:10F690004FFE002320462372BDE81040FFF719BF3C
:10F6A00000EB8103F7B59C6905460E4684B3302311
:10F6B00083F311880023226984F8A03063699A4299
:10F6C00001D1E368B3B905EB8603DB685B691B68AE
:10F6D00083B1D4F8A43053B101A9204600F0DCFE78
:10F6E000D4F8A43001469F68019A1868B8472046AC
:10F6F00000F0E0FE204601A900F0CEFE024648B12F
:10F70000019B3146284601F05DFA002383F31188FE
:10F7100003B0F0BD05EB8603DB681A68022AF4D15A
:10F720005A691268002AF0D01B8A013B1340ECD1C1
:10F7300005F14402E5E701F1090210B550F8224055
:10F74000CCB1302282F3118800EB8103DB689B6926
:10F750005B6853B1236F94F87420204603EB820357
:10F76000DB689B69596800F0F8FD2046FFF7B1FEA1
:10F77000002383F3118810BD2DE9F8431D4604468C
:10F780000F46164630239DF8208083F31188D0F869
:10F79000883000201B78042B03D080F31188BDE84B
:10F7A000F88394F8A03023B101354FF0FF3518BF2E
:10F7B000002580F311882B4632463946204600F05A
:10F7C000B4FE86421DD9302383F3118894F8A0300B
:10F7D0004FF00009002808BF43F0010384F8A0306F
:10F7E00001236FF001012372204600F046FC204601
:10F7F00000F046FE84F8089000F068FB89F3118859
:10F80000D9E7B8F1000F01D00120C8E7204600F089
:10F81000CFFEF9E70346302282F31188016942697D
:10F82000914210D1C06850B10120D3F8882093F8DC
:10F830008C30984013891840B0FA80F040090023BA
:10F8400083F3118870470020F9E738B51546044660
:10F85000302282F31188026F00201278042A02D02D
:10F8600080F3118838BD94F8842022B101334FF021
:10F87000FF3318BF002380F311882A46204600F08A
:10F88000A7FDB0FA80F35B0984F884302B1A584244
:10F890005841E7E7006810B440B1054C8264E46960
:10F8A000083040F8044C10BCF1F718B810BC704791
:10F8B000984600200168134631B18A6C03F10800B4
:10F8C0009A640831F1F70AB8704710B50446006829
:10F8D00040B1826C00210830F0F77AFF00222368E3
:10F8E0001A605A6010BD000010B40C78082C0BD8B8
:10F8F00050F8240040B1054C8264E469083040F8B7
:10F90000044C10BCF0F7EABF10BC704798460020CA
:10F910000829134609D850F8211031B18A6C03F137
:10F9200008009A640831F0F7D9BF704770B5002617
:10F93000051F00F1200455F8040F38B1826C002136
:10F940000830F0F745FF2B681E605E60A542F2D1DB
:10F9500070BD000038B590F848300446022B1CD822
:10F9600090F84610082918D80D4AD25C022A14D8FB
:10F97000A8200C4B00FB0233D3F8A40060B10A4D61
:10F9800043682A460068984705F10803A363AB6CF7
:10F990000120E3630023236438BD0020FCE700BF9F
:10F9A00018150020D8100020C4420020036843B17D
:10F9B0009100196003490B78002A18BF43F0010336
:10F9C0000B70704710430020006810B10068C0F34E
:10F9D0008700704738B503680BB9002038BD302365
:10F9E00083F31188036800211C685B6881F3118828
:10F9F000002CF2D04FF47A7C074A084DD069084AAF
:10FA0000C01AE0FB0C5100232846F0F7EFFB8442BC
:10FA10008CBF00200120E1E7984600209F8601006E
:10FA2000A08601004B1E072B0BD850F8213043B1A4
:10FA30009100196003490B78002A18BF43F00103B5
:10FA40000B70704710430020082906D850F8210099
:10FA500020B10068C0F387007047002070470000A5
:10FA6000082938B501D9002038BD50F82130002BC5
:10FA7000F9D0302383F3118850F8213000211C681D
:10FA80005B6881F31188002CEDD04FF47A7C084A32
:10FA9000084DD069084AC01AE0FB0C5100232846E3
:10FAA000F0F7A4FB84428CBF00200120DCE700BFFC
:10FAB000984600209F860100A08601002DE9F84F9E
:10FAC000384B1B78002B40D000254FF030082E46D5
:10FAD000A946354FD7F8A440002C2FD0002D36D1A1
:10FAE0004FF0010A88F311885FFA8AFB594663696F
:10FAF00020689847002818BF46F0010689F311884E
:10FB00002948FFF787FEA0B15946A36920689847A6
:10FB100078B188F31188254A594663682068984768
:10FB200089F31188214B00209A6C03F10801FFF73B
:10FB30000BFC0AF1010ABAF1090FD3D10135032DEB
:10FB400007F1A807C6D1174B1E70BDE8F88F88F3E0
:10FB500011880021636920689847002818BF46F083
:10FB6000010689F311883846FFF754FE0028E5D0D6
:10FB70000021A369206898470028DFD088F3118806
:10FB8000DFF828A00021524663682068984789F36F
:10FB90001188DAF848200AF10801E8B2FFF7D4FB2F
:10FBA000CCE700BF10430020D8100020784200208E
:10FBB00010B590F848300446022B19D890F846103A
:10FBC000082915D80B4AD25C022A11D8A8200A4B62
:10FBD00000FB0233D3F8A40048B14369006898479A
:10FBE000064B1870A36301200023E063236410BD5B
:10FBF0000020FCE718150020D810002074420020D7
:10FC000010B590F848300446022B19D890F84610E9
:10FC1000082915D80B4AD25C022A11D8A8200A4B11
:10FC200000FB0233D3F8A40048B1036994F84720DD
:10FC30000068984700230120A363E363236410BD99
:10FC40000020FCE718150020D810002070477047EE
:10FC5000FEE70000F0B508200026104A516813683E
:10FC60000D469468043BAC4210D8E31C5B1ACD1ED1
:10FC700023F00303AC4238BF00230B44D168994200
:10FC800009D8013802F11002E8D1F0BD53F8047F21
:10FC900045F8047BE7E743F8046BF0E72C320108F2
:10FCA00038B501230025074C2370656000F0EAFA9F
:10FCB0000549064800F018F90223237085F31188DE
:10FCC00038BD00BF90460020AC32010898460020A5
:10FCD00072B60322024BD865024B1A70FEE700BFD2
:10FCE000984600209046002000F03CB8034A516836
:10FCF00053685B1A9842FBD8704700BF001000E0C1
:10FD000010B50A4C23699A6891420CD85A688160F0
:10FD10000360426010609A685860521A9A604FF00F
:10FD2000FF33A36110BD1B68891AECE798460020D9
:10FD300010B40361002310BCC2604361FFF7E0BF51
:10FD4000036881689A680A449A60426813605A603E
:10FD500000234FF0FF320360014B9A61704700BFF0
:10FD60009846002070B5124D2A46EB690133EB61CD
:10FD700052F8103F934206D030269A68013A9A60B2
:10FD80002C69A36803B170BD226861680A60516084
:10FD9000236083F311882046E3682169984786F33E
:10FDA000118861690029EBD02046FFF7A9FFE7E73A
:10FDB0009846002000238268037503691B689968D0
:10FDC0009142FBD25A6803604260106058607047ED
:10FDD00000238268037503691B6899689142FBD808
:10FDE0005A680360426010605860704708B5084662
:10FDF000302383F311880A7D0023052A06D8DFE823
:10FE000002F00B050503120E826913604FF0FF33F9
:10FE10008361FFF7CFFF002383F3118808BD826958
:10FE20009368013393604268036813605A60EDE79A
:10FE3000FFF7C0BF054BD9680875186802685360A2
:10FE40001A6001220275D860F0F7BAB9984600200E
:10FE500030B50C4B0446DD684B1C87B00FD02B46E9
:10FE60006846094AFFF764FF2046FFF7E3FF009B5F
:10FE700013B16846FFF764FFA86907B030BDFFF70C
:10FE8000D9FFF9E798460020EDFD0008044B1A68F9
:10FE9000DB6890689B68984294BF002001207047FF
:10FEA00098460020084B10B51C68D868226853603B
:10FEB0001A6001222275DC60FFF78AFF01462046A6
:10FEC000BDE81040F0F77CB998460020044B1A6852
:10FED000DB6892689B689A4201D9FFF7E3BF7047DD
:10FEE0009846002030BFFDE770B5002504461A4B48
:10FEF00086B0856201630E46586000F07DF904F11A
:10FF00001003236163614FF0FF33A361134BE5617D
:10FF1000D9692B460A462046C4E9082304F1340176
:10FF200080230F4A24606460A560E562E56500F007
:10FF30001DF801230B4AE060037500927268684661
:10FF40000192B268CDE90223074BCDE9043500F0F8
:10FF50003FF806B070BD00BF9046002098460020D4
:10FF6000A8240108AD240108E5FE000802228B60E8
:10FF70004B62002308618A8208460B62CB6170479E
:10FF80008368C168A3F14C0243F81C2C026943F852
:10FF90004C2C42690C4843F8482C0C4A43F8180C86
:10FFA00043F82C2C022203F8142C002243F8201CC6
:10FFB00003F8132C43F8041C43F8082C43F80C2CCA
:10FFC000A3F12800704700BF98460020D101000827
:10FFD00008B5FFF7D5FFBDE80840FFF729BF0000CF
:10FFE000024BDB6898610F20FFF724BF9846002082
:10FFF000302383F31188FFF7F3BF08B501463023A0
:020000040801F1
:1000000083F311880820FFF723FF002383F311886F
:1000100008BD0000054BDB6821B103609861032037
:10002000FFF716BF4FF0FF30704700BF9846002023
:100030000346006820B100221A608161FFF7F8BE14
:1000400070470000064BDB6839B1426818605A609F
:10005000136043600420FFF7FBBE4FF0FF30704792
:100060009846002003460068834205D002681A6063
:1000700053608161FFF7DCBE704738B504460D461A
:100080002068844200D138BD036823605C608561CC
:10009000FFF7CEFEF4E7034610B51B68984203D085
:1000A0009C688A689442F8D25A680B604A60116072
:1000B000596010BD002300604060836070470000FD
:1000C00038B58168164B0446DD6891B92B6A8560A6
:1000D000C360286238BD8B600B7D7BB1062B14D1C9
:1000E0000B684A68886913605A60FFF7D4FF8B6910
:1000F0009968AB688A689A42EDD306E04A680B6853
:10010000084613605A60FFF793FE20462946FFF722
:10011000C2FFAC610620BDE83840FFF78BBE00BFD0
:100120009846002008B5302383F31188FFF7C8FFF5
:10013000002383F3118808BD154A0346D16810B522
:10014000302282F31188C26800680A6298421BD08C
:10015000486A82B98860186802681A605360026A47
:100160009860DA600362FFF763FEFFF7AFFE0023DB
:1001700083F3118810BD1468A24203D0A468A04282
:1001800038BF2046D268E4E700238360EFE700BF72
:1001900098460020C3691943037DC1610A2B03D12E
:1001A0008369194205D170470B2B06D183698B43B4
:1001B00003D100238361FFF73BBE704770B506464D
:1001C0000D460468B44200D170BDE3682B43E36080
:1001D00015B123691D4203D0A1686068FFF7DAFFFB
:1001E0002468EFE7EFF30983203383F309880023C2
:1001F00083F3118870470000302080F3118862B6C5
:100200000C4B0D4AD96821F4E0610904090C0A433A
:10021000DA60D3F8FC20094942F08072C3F8FC2070
:100220000A6842F001020A602022DA7783F822008D
:10023000704700BF00ED00E00003FA05001000E089
:10024000302310B583F311880B4B5B6813F4006304
:100250000FD0EFF309844FF08073203CE36184F307
:100260000988FFF713FE10B1044BA36110BD044BC6
:10027000FBE783F31188F9E700ED00E0E3010008F4
:10028000E6010008024B034A1A60034A5A607047AD
:10029000F84600209849002000700020094B30B536
:1002A0001C684D1E224449422A440A4059681044A1
:1002B000884204D8A04202D31860104630BD002204
:1002C000FBE700BFF846002008B5302383F3118810
:1002D000FFF7E4FF002383F3118808BD08B500F0A1
:1002E0002FFF01F02DF900F0F4FA00F049FB00F0C7
:1002F000CFFBFFF76DF8BDE8084000F000B801F053
:1003000087B930B501720021039C043304FB032537
:10031000C361049B00600363059B4060C160426150
:1003200002618561046242628162C162436330BDE1
:100330000022416AC2604161016182626FF0010185
:10034000C262FFF79ABE03694269934201D1C26853
:100350000AB9181D70470020704703691960C26808
:1003600000210132C260C269134482690361934271
:1003700024BF436A0361FFF775BE38B504460D46D6
:10038000E3683BB162690020131D1268A362134445
:10039000E36207E0237A33B929462046FFF752FE8D
:1003A0000028EDDA38BD6FF00100FBE7C368C269D1
:1003B000013BC3604369134482694361934224BF94
:1003C000436A436100238362036B03B1184770479C
:1003D0002DE9F84F04460F4691469A464FF03008F3
:1003E00088F311880026B346A56A4DB951462046C8
:1003F000FFF7C3FF20B185F311883046BDE8F88FC1
:10040000A16AE56AA9EB06036D1A9D4228BF1D4645
:10041000402D15D938464022F0F760FAA36A4037DC
:1004200040334036E26AA3629A4202D82046FFF780
:10043000BDFF8BF311884E45DFD288F31188D3E7D7
:1004400038462A46F0F74AFAA36A2F442B442E4432
:10045000E8E710B5029C04330172C36103FB042179
:1004600000238362C362039B00600363049B4060BC
:10047000C46042610261816104624262436310BDF3
:10048000026A6FF00101C260426A426102610022A9
:100490008262C262FFF7F1BD034640691A69824277
:1004A00001D1DB681BB950F8043B0B607047002397
:1004B0001846FAE7C368C2690133C3604369002183
:1004C000134482694361934224BF436A4361FFF747
:1004D000C9BD38B504460D46E3683BB12369002029
:1004E0001A1DA262E2691344E36207E0237A33B97A
:1004F00029462046FFF7A6FD0028EDDA38BD6FF04B
:100500000100FBE703691960C268013AC260C26971
:10051000134482690361934224BF436A0361002349
:100520008362036B03B1184770472DE9F84F044607
:100530000F4691469A464FF0300888F311880026FE
:10054000B346A56A4DB951462046FFF7C2FF20B118
:1005500085F311883046BDE8F88FA06AE56AA9EBFB
:1005600006032D1A9D4228BF1D46402D17D9394636
:100570004022F0F7B3F9A36A403740334036E26ACD
:10058000A3629A4204D8E16920460439FFF7BAFF12
:100590008BF311884E45DDD288F31188D1E73946B7
:1005A0002A46F0F79BF9A36A2F442B442E44E6E732
:1005B000302208B582F31188816A29B103690439B0
:1005C000C91A01D0FFF79EFF002383F3118808BDED
:1005D000F8B5154682680B46AA428169066938BF9C
:1005E0008568761AB54204460BD22A461846F0F7BB
:1005F00075F9A2692A44A36828465B1BA261A3601F
:10060000F8BD0CD918463246F0F768F9AF1B3A46E8
:10061000E1683044F0F762F9E368DA19EBE72A465B
:100620001846F0F75BF9E268E5E72DE9F04104468A
:10063000154683682769934238BF856840690E462E
:100640003F1ABD420BD22A46F0F748F962692A44A4
:10065000A36828465B1B6261A360BDE8F0810DD9E9
:100660003A46A5EB0708F0F739F94246E068F11978
:10067000F0F734F9E36803EB0802E9E72A46F0F7FC
:100680002DF9E268E4E710B50024C361029BC16064
:1006900081614161114400604060846001610362D6
:1006A00010BD08B582694369934201D1826882B95D
:1006B0008268013282605A1C426119700369426982
:1006C00000219A4224BFC3684361FFF7CBFC00209E
:1006D00008BD4FF0FF30FBE770B5302304460D46F0
:1006E00083F31188A668A6B1A368A269013BA36041
:1006F000531CA36115782269934224BFE368A36168
:10070000E3690BB120469847002383F311882846FC
:1007100007E029462046FFF795FC0028E2DA86F339
:10072000118870BD2DE9F74F05460F4614469946CE
:10073000D0F81CA04FF0300888F311884FF0000B60
:10074000164666B1324639462846FFF741FF034652
:1007500060B949462846FFF775FC0028F2D000230F
:1007600083F31188A01B03B0BDE8F08FBAF1000F2E
:1007700003D001902846D047019B8BF31188F61ACD
:100780001F4488F31188DCE7C361009BC16081616D
:100790004161114400604060826001610362704702
:1007A000F8B504460D461646302383F31188A76832
:1007B000A7B1A368013BA36063695A1C62611D7005
:1007C000236962699A4224BFE3686361E3690BB1FC
:1007D00020469847002080F3118807E031462046E4
:1007E000FFF730FC0028E2DA87F31188F8BD83694F
:1007F000426910B59A4201D182687AB982680021B3
:10080000013282605A1C82611C7803699A4224BFBB
:10081000C3688361FFF726FC204610BD4FF0FF3010
:10082000FBE72DE9F74F05460F4614469946D0F8E9
:100830001CA04FF0300888F311884FF0000B1646CB
:1008400066B1324639462846FFF7EFFE034660B9E7
:1008500049462846FFF7F6FB0028F2D0002383F331
:100860001188A01B03B0BDE8F08FBAF1000F03D0D0
:1008700001902846D047019B8BF31188F61A1F443C
:1008800088F31188DCE70C30FFF74CBF4FF0FF33E3
:100890000C30FFF747BF3030FFF7C3BF4FF0FF33D7
:1008A0003030FFF7BEBF0C30FFF716BF4FF0FF31FF
:1008B0000C30FFF711BF3030FFF772BF4FF0FF323F
:1008C0003030FFF76DBF012914BF6FF01300002017
:1008D000704700F035BF000037B5154602460B469D
:1008E0000C49044642F8041B4260012200F1540105
:1008F0000272009080220C30FFF7C5FE2B4680224A
:10090000009404F1D40104F13000FFF73DFF03B07F
:1009100030BD00BFB832010810B53023044683F360
:10092000118800F01FFF02230020237280F311883A
:1009300010BD38B5436904460D461BB9042108446F
:10094000FFF73CFC294604F10C00FFF7AAFE002843
:1009500006DA201D4FF40061BDE83840FFF72EBCD9
:1009600038BD302383F311880023406983F3118855
:10097000B0FA80F0400970474FF0FF31FFF74ABBF3
:1009800000F0C4BF0123037000230C3040F8083C82
:1009900040F8043CFFF78EBB10B53023044683F3C8
:1009A0001188416000F0C8FF02230020237080F30B
:1009B000118810BD10B53023044683F3118801F06F
:1009C0002FF8002301226360227083F3118810BD89
:1009D000302383F31188436899685A684FF4803351
:1009E0008B409361002383F311887047302383F396
:1009F0001188436899685A6801238B4093610023EA
:100A000083F31188704710B5302484F311880324D0
:100A1000047001F046F8002383F3118810BD38B547
:100A20000446302585F31188032504F8085B01F09E
:100A300023F82046FFF7A0FF002383F3118838BD79
:100A400010B53023044683F31188032304F8083BD0
:100A500001F027F82046FFF78FFF002383F311886A
:100A600010BD10B53023044683F31188032304F826
:100A7000083B01F02CF82046FFF77EFF002383F3AC
:100A8000118810BD0C30FFF74DBB0C30FFF754BB85
:100A900001F034BA012303700023C361836203624F
:100AA000C3624362036343608360704738B50446A2
:100AB000302383F3118800254160C56005614561DD
:100AC000856101F021FA0223237085F311882846FD
:100AD00038BDF8B50446302383F31188002601F0B1
:100AE0002BFA254601233746666005F8083B183483
:100AF00055F8043F73B1586920B16FF001010C3013
:100B0000FFF796FA2B68986920B16FF001010C305D
:100B1000FFF78EFAA5422E60EAD1FFF7D7F987F3E7
:100B20001188F8BD70B500EB8103054650690E468B
:100B30001446DA6018B114220021EFF749FEA069CB
:100B400018B114220021EFF743FE31462846BDE8D4
:100B5000704001F00FBAF8B504460027836800F131
:100B60000C0503F00113836000F1180655F8043FEB
:100B700073B1586920B16FF001010C30FFF758FADA
:100B80002B68986920B16FF001010C30FFF750FA23
:100B9000B5422F60EAD12046BDE8F84001F074BAB2
:100BA000F0B4012500EB8104E4684789A4698D4015
:100BB0003D43458123600023A2606360E360F0BC95
:100BC00001F0D0BAF0B4012500EB8104E468078994
:100BD00064698D403D43058123600023A26063600A
:100BE000E360F0BC01F0DCBA10B50378052B0FD13F
:100BF000084CC820E37A43F00803E372637843F0BB
:100C000004036370FFF7F9F9637803F0FB03637083
:100C100010BD00BF004001402DE9F047002602232F
:100C2000054604464FF03008B1460370C66400F133
:100C3000180745F8086F55F8043F9BB188F31188F1
:100C40002B68586920B16FF001010C30FFF7F0F903
:100C50002B68986920B16FF001010C30FFF7E8F9BB
:100C600089F31188BD422E60E5D1204684F83460B6
:100C700001F0ECF963681B6823B12046BDE8F0473A
:100C800000211847BDE8F087F8B503780446052B26
:100C900027D080F850300523037043681B680BB1E0
:100CA0000421984725460026302745F8086F183458
:100CB00055F8043F9BB187F311882B68586920B120
:100CC0006FF001010C30FFF7B3F92B68986920B180
:100CD0006FF001010C30FFF7ABF986F31188A542E4
:100CE000E6D1F8BD0178052906D190F85020436877
:100CF00002701B6803B1184770470000F8B590F800
:100D0000343004460E4613B1002380F834303146A7
:100D1000204604F1440201F009FA63689B68B3B904
:100D200094F8443013F0600538D00021204601F0DB
:100D300077FA0021204601F065FA63681B6813B159
:100D4000062120469847062384F83430F8BD204613
:100D500098470028E4D094F84B2094F84A3043EAAE
:100D60000223E26B9A4284BF1A46E36394F944304B
:100D7000002B80F20481002A00F0F880092384F817
:100D80003430302383F3118800212046E36BA26BBB
:100D9000FFF718FF002383F31188D7E794F8452065
:100DA00003F07F0343EA022340F20232934200F051
:100DB000CA8021D8B3F5807F4DD00DD8012B44D007
:100DC000022B00F09880002BAFD104F14C02A263FB
:100DD0000222E2632364BEE7B3F5817F00F0A080C6
:100DE000B3F5407FA1D194F84630012B9DD1B4F8E2
:100DF0004C3043F0020337E0B3F5006F52D01CD8FB
:100E0000B3F5A06F36D0A3F5C063012B8DD894F84D
:100E10004920616894F848304F6843EA022320462D
:100E200094F8462094F84710B84700283FF47DAF67
:100E30004368A3630368E3631AE0B3F5106F36D029
:100E400040F6024293427FF470AF554BA3630223F6
:100E5000E3630023BEE794F84630012B7FF465AFCF
:100E6000B4F84C3023F00203A4F84C30A563E563DA
:100E7000256470E7B4F84430B3F5A06F0ED194F850
:100E80004630204684F84E3001F06CF863681B68E9
:100E900013B1012120469847032323700023A36345
:100EA000E36397E704F14F03A3630123C3E72378C8
:100EB000042B10D1302383F311882046FFF74BFE1B
:100EC00085F311880321636884F84F5021701B68F3
:100ED0000BB12046984794F84630002BDED084F8BA
:100EE0004F300423237063681B68002BD6D0022187
:100EF00020469847D2E794F8483020461D0603F074
:100F00000F010AD501F0F8F8012804D002287FF477
:100F10000CAF244B9AE7244B98E701F0D3F8F3E7A2
:100F200094F84630002B7FF400AF94F8483013F06B
:100F30000F01B3D01A06204602D501F089F9ADE7BA
:100F400001F07AF9AAE794F84630002B7FF4EDAE71
:100F500094F8483013F00F01A0D01B06204602D5AC
:100F600001F05EF99AE701F04DF997E7142384F850
:100F7000343031462046BDE8F84001F0E7B862B1B0
:100F8000152384F83430302383F311880021204660
:100F9000E36BA26BFFF704FEFCE60B23E7E700BF61
:100FA000E4320108E2320108E032010808B500F03D
:100FB000C9F80B4B9A6C42F020029A649A6C9A6CB6
:100FC00042F040029A649A6C9A6C42F080029A64F1
:100FD0009A6C9A6C42F480729A649B6C08BD00BF54
:100FE000000C01407047162303604FF0FF3070473C
:100FF00000207047184670470020704710B5002247
:10100000044608460121FFF75FF918B90C234FF099
:10101000FF30236010BD08B5134600215822184642
:10102000EFF7D6FB4FF400524260002008BD0120CC
:101030007047000008B50248FEF74AFEEFF746FC8D
:10104000B224010808B50248FEF742FEEFF73EFC65
:10105000B72401080120704770470122090100F1FF
:10106000604303F56143C9B283F8001300F01F0326
:101070009A4043099B0003F1604303F56143C3F8C1
:1010800080211A607047012200F01F039A40430933
:101090009B0003F1604303F56143C3F88020C3F86C
:1010A0008021002300F1604000F5614080F80033AA
:1010B0007047090100F16040C9B200F56D4001764A
:1010C0007047000017498A68022A12D0032A26D0E6
:1010D000154B1649012A18BF0B46124A926902F0B5
:1010E0007F02013252080132B3FBF2F3104A13605F
:1010F0007047104A0B68526F49686FEA92120129D3
:101100000CBF09490C4902F0030203324A4303F0C1
:101110001F0301335B080133B2FBF3F3DDE7074B39
:10112000DBE700BF000C0140006CDC0200127A001B
:101130001C150020000401400048E801001BB70016
:10114000FFF7C0BF13B50C20032440F2BE71314B32
:10115000314A9C62D862C2F8941000219962D96227
:101160009C62D8628020C3F81C0CD3F81C0CC3F816
:101170001C0C009101914FF40141C3F8481C4FF63B
:10118000FC71A3F5744319630F21196002231365E1
:1011900001234BF68031D364936D03F00103019377
:1011A000009B01330093019B13B9009B8B42F3D149
:1011B000019B03B9FEE7194B19498024C3F80014B9
:1011C0000021A3F5884399611C62196A0120196204
:1011D0002021586019601968196019680143196065
:1011E00054679067D16F0329FCD102229A600122D3
:1011F0000021DA60074A9162D1629A6C42F400429F
:101200009A649A6CDA6C42F40062DA64DB6C02B0C5
:1012100010BD00BF0000014000040140005001402B
:1012200013000003134B834223D1134B02201A6C8B
:10123000124942F480721A641A6C42F002021A6473
:10124000D3F8882042F00202C3F88820D3F888201F
:1012500022F00202C3F8882001225A63DA67086488
:10126000DA6608225A615A695A615A6942F00102E3
:101270005A61704744490020000C0140004C014075
:10128000084B83420CD1084B5A6902F008025A619C
:1012900000225A61DA66DA671A6C22F002021A64D6
:1012A000704700BF44490020000C01400F4A936C76
:1012B00043F4004343F0200393644FF080436FF402
:1012C000C0521A634FF07072DA624FF020721A60E7
:1012D00000225A609A60DA604FF44C325A6201225E
:1012E00003F5A0335A700722DA727047000C0140F0
:1012F0000E4A6FF48051936C43F4004343F0200393
:1013000093644FF080436FF4C0521A6300221A6056
:101310009A60DA6019634FF0807119604FF4805160
:1013200059605A624FF080529A617047000C014038
:1013300010B5074C6369DB0704D5064A13680BB187
:101340005068984701236361BDE81040FEF778BFFD
:10135000001800400047002010B5074C63699B0748
:1013600004D5064A93680BB1D0689847022363619D
:10137000BDE81040FEF764BF0018004000470020A1
:1013800010B5074C63695B0704D5064A13690BB1B6
:101390005069984704236361BDE81040FEF750BFD1
:1013A000001800400047002010B5074C63691B0778
:1013B00004D5064A93690BB1D06998470823636145
:1013C000BDE81040FEF73CBF001800400047002079
:1013D00010B5074C6369DB0604D5064A136A0BB1E6
:1013E000506A984710236361BDE81040FEF728BF9C
:1013F0000018004000470020164B10B55C69A3069A
:1014000004D5154A936A0BB1D06A9847600604D593
:10141000114A136B0BB1506B9847210604D50E4A45
:10142000936B0BB1D06B9847E20504D50A4A136C55
:101430000BB1506C9847A30504D5074A936C0BB1C8
:10144000D06C9847BDE810404FF47872014B5A6158
:10145000FEF7F6BE00180040004700201A4B10B5FA
:101460005C69620504D5194A136D0BB1506D98473C
:10147000230504D5154A936D0BB1D06D9847E00450
:1014800004D5124A136E0BB1506E9847A10404D5CF
:101490000E4A936E0BB1D06E9847620404D50B4A86
:1014A000136F0BB1506F9847230404D5074A936F0D
:1014B0000BB1D06F9847BDE810404FF47C42024B0F
:1014C0005A61FEF7BDBE00BF001800400047002073
:1014D000062108B50846FFF7C0FD06210720FFF7E3
:1014E000BCFD06210820FFF7B8FD06210920FFF703
:1014F000B4FD06210A20FFF7B0FD06211020FFF7FA
:10150000ACFDBDE8084006212120FFF7A6BD08B5C7
:101510000620FFF7B8FD0720FFF7B5FD0820FFF70D
:10152000B2FD0920FFF7AFFD0A20FFF7ACFD102048
:10153000FFF7A9FDBDE808402120FFF7A4BD00008A
:1015400000231946044A0133102B1160516002F147
:101550000802F8D1704700BF00470020C9434FF090
:101560005533016302F003015943016042F38001E6
:101570004160C2F3C10159438160C2F34111594333
:10158000C160C2F3C1214B43C3624FF01133C2F3B8
:10159000C3125A4302624262704700001A4B70B590
:1015A0009C6C0F2644F4C0649C649B6C012301F086
:1015B00003048B4021F0030101F1804101F5A051AA
:1015C0008D68A400C0F38320A04006FA04F425EA45
:1015D000040528438860D8430C4912F0010F8C6839
:1015E00014BF1C4304408C6012F0020FCA6814BF81
:1015F0001A430240CA60054A536111680B431360E5
:1016000053680340536070BD000C01400018004057
:101610004FF0E02340F2BF325A6100229A61072264
:1016200008210B201A61FFF744BD08B5302383F36E
:101630001188FEF759FB002383F3118808BD08B514
:10164000FFF7F3FFBDE80840FEF7FABD024A536812
:1016500043F00203536070470084004070B5354E7C
:10166000D6F854516B69D906DCB20AD5302383F31E
:1016700011884FF48061301DFEF7A0FD002383F335
:101680001188302383F3118814F00F0332D183F3D0
:1016900011886B68980714D5A10612D5302383F3FF
:1016A00011882548FFF7A3F8002840DA08212348CD
:1016B000FEF784FD6B6823F002036B60002383F365
:1016C00011886B689A0711D563060FD5302383F311
:1016D0001188726CB36C9A4205D1B36B1BB11021A7
:1016E0001648FEF76BFD002383F31188BDE87040B8
:1016F000FEF7A6BDC4F340010902620748BF41F0EE
:101700002001230748BF41F0400104F001040B48C9
:1017100041EAC411FEF752FD2B682CB196F858111E
:1017200004481940FFF705F96C69E4B2ACE728609A
:10173000C4E700BF80470020B04700208447002056
:1017400008B5054A00210548FFF7C6F8044B034ACF
:10175000C2F8543108BD00BF4D1601088047002073
:101760000084004038B52A4B0446002914BF0D46BA
:101770001D46037A012B1AD1264B984217D1264BCE
:101780000821DA6C202042F00802DA64DA6CD3F81F
:10179000942042F00802C3F89420D3F8942022F059
:1017A0000802C3F89420D3F89430FFF756FCD4F81D
:1017B0005431E9791A6902F050020A4329681A6122
:1017C0004A0802F1B76202F55842B2FBF1F202F0A8
:1017D0000F01C3F8C0108021D960C2F3071119604E
:1017E0000021C2F307325A60D96068792A7902432E
:1017F000A8790243DA600122C3F89C10C3F898204C
:101800005A6842F005025A60FF2384F8583138BD07
:10181000E832010880470020000C014070B5044602
:10182000C5692E6BC26A6B6A9A4234BFC36A6B6A1F
:10183000013B35D2E36A002B3ED1EB6263681B6843
:1018400033B104222046227098472378042B01D11B
:1018500002232370302383F31188002104F1080050
:10186000FEF7E6FB002383F31188F30717D5286AF8
:10187000228E666AE36A616AD31A3344121A93426B
:1018800028BF134699424FF6FF7138BF636A013B88
:101890001BD2636A1BB9EB6A23F00103EB6270BDD4
:1018A000296EE26A013AE262A26A002AC0D011708F
:1018B000A26A0132A262BBE7E26AEB699A429EBF6A
:1018C000E36A03F1FF33EB61CFE7626A013A6262D8
:1018D000226A0AB92966DAE712F8010B2866226241
:1018E000D5E7000008B50348FFF798FFBDE80840BA
:1018F000FEF7A6BCDC48002008B50348FFF78EFFC2
:10190000BDE80840FEF79CBC1049002008B5064819
:10191000FFF738F8054B044A0548D361FFF732F862
:10192000044B034AD36108BDDC480020003000406E
:10193000104900200090004010B503780446012BA8
:1019400045D1344B98421FD1334B0A219A6C1A204F
:1019500042F480529A649A6CD3F8902042F48052F8
:10196000C3F89020D3F8902022F48052C3F890203E
:10197000D3F89030FFF771FB6268E369128A5A610D
:101980001A6942F001021A61244B9C421FD1224B7A
:101990000921DA6C1B2042F01002DA64DA6CD3F809
:1019A000942042F01002C3F89420D3F8942022F03F
:1019B0001002C3F89420D3F89430FFF74EFB62680E
:1019C000E369128A5A611A6942F001021A61616878
:1019D000E269CB8989890B4343F007039BB213600B
:1019E000238E4BB901239361916999420DD1013343
:1019F000B3F5807FF7D1238600239361D361D36A47
:101A000023F0FF03D362936C10BD012B08BF0023AA
:101A1000F1E700BFDC480020000C01401049002025
:101A200010B503780446022B1FD10022C3699A60C7
:101A3000DA6A22F0FF02DA629B6C0C4B984208D102
:101A40001A20FFF720FB0A4B9A6C22F480529A640A
:101A50009B6C084B9C4208D11B20FFF714FB044BE6
:101A6000DA6C22F01002DA64DB6C10BDDC48002076
:101A7000000C01401049002091B18362038E026284
:101A80005B088B4228BF0B46C2694162C162936109
:101A9000013BD361D36A43F01103D3620123936006
:101AA000704799B100238362038E02625B088B4208
:101AB00028BF0B46C2694162C1629361013BD36199
:101AC000D36A43F01103D36201239360704799B145
:101AD00000230362038E82625B088B4228BF0B46A1
:101AE000C2694162C1629361013BD361D36A43F031
:101AF0001103D3620123936070470000002160222C
:101B0000074B10B599735A7499735A744368044615
:101B10001B680BB106219847062384F8343010BDAA
:101B20000040014090F8343010B5152B04460CD815
:101B3000012208499A400A4208D1152B05D1036CAD
:101B400003B19847002384F8343010BDBDE810403D
:101B5000FFF7D4BF410E100090F8343010B5152BAC
:101B600004460CD8012208499A400A4208D1092BA0
:101B700005D1036C03B19847002384F8343010BDBD
:101B8000BDE81040FFF7BABF410C3000F8B5294C52
:101B9000851C04EB85035E68274AB3699073014690
:101BA000107DC00739D59868917392F817C0927D5F
:101BB000224F42EA0C2207EB810700EB020C604542
:101BC0002CD1986810449860586810445860186880
:101BD000801A1860188A013880B21882738A93427A
:101BE00000D800BB012263898A4023EA0203638193
:101BF00004EB85035B68DB680BB10E489847302324
:101C000083F3118804EB85046368986941680C309C
:101C1000FEF70EFA002383F31188F8BD97F800E071
:101C200000F801EBCBE7044A137D03F0FE031375C4
:101C3000F3E700BF4449002000400140204001403C
:101C4000F8B5204C861C04EB86035D6801466A6982
:101C5000D2E90003834218D3012223898A4023EA70
:101C600002032381AB680BB120469847302383F3EE
:101C7000118804EB86046368002158690C30FEF774
:101C8000D7F9002383F3118817E00F4FB973176951
:101C90003B445360C31ADFD0288A984228BF1846B5
:101CA000936810613B449360084A184402EB810238
:101CB000984203D10122044B5A74F8BD13F8011B5A
:101CC0001170F5E7444900200040014020400140E8
:101CD0002DE9F041874B9B799D07DFB202D58648FD
:101CE000FFF700F87C0702D58348FEF795FF380719
:101CF00013D5814C6368DB6823B97E4AD37A03F03D
:101D0000F703D3722378052B02D17B48FEF7EAFF55
:101D10006368DB680BB178489847764B9A781D79F1
:101D200002F0FF06EDB252B9002D39D1FB0702D502
:101D30007148FEF7A9FFBDE8F041FEF781BAF1074F
:101D400029D500216C4CE068997393F811C01CF000
:101D5000040F5FFA8CF21CBF597484F8341012F02F
:101D600010010CD08021634B5974002384F8343067
:101D7000D20710D5436800215F4898470BE094F8DC
:101D80003430152B74D006D8092B23D003D8002B60
:101D9000EED0062BECD0B20702D50120FFF750FFA2
:101DA000730702D50220FFF74BFF340702D503204B
:101DB000FFF746FFA80702D50120FFF7E7FE6907F6
:101DC00002D50220FFF7E2FE2A07AFD50320FFF776
:101DD000DDFEABE7DFF81CC19CF8113013F0020206
:101DE000D9B2D8D101F01103112BD4D043698CF8AA
:101DF0000E205A68D3F810E0D3F800800EEB0201F1
:101E00005960B8EB0101028A16D08A4228BF0A46FF
:101E100099681A61714499608B18994207D1038AB5
:101E20009A4234BF0A2202228CF81120B3E711F83B
:101E3000014B8CF82040F0E7964504D10A228CF83B
:101E400011201961A7E7238923F001032381836807
:101E50000BB129489847302383F311880021E368A8
:101E600058690C30FEF7E4F8002383F3118892E7F9
:101E7000DFF880E09EF81130DB078CD583699A6823
:101E80008EF80E109EF816C05FFA8CF194449445BB
:101E900027D19A680A449A605A680A445A601A68B4
:101EA000521A1A601A8A013A92B21A82438A8B42F3
:101EB0004FF000010F4B997300D8BAB948225A74F9
:101EC000638923F001036381E368DB6813B10021B8
:101ED00009489847302383F31188E368986941687B
:101EE000BFE79EF8208002F8018BD0E740225A74A9
:101EF00051E700BF00400140444900200148FEF77F
:101F0000C9BD00BF4449002010B50478012C0ED192
:101F1000074AC260FFF786F90022064B0D21DA72EC
:101F2000DC715A720E20BDE81040FFF796B810BD64
:101F3000F03201080040014010B503780446012B3F
:101F40000CD00E20FFF79FF80022054B2046DA72D6
:101F5000DA715A72BDE81040FFF792B910BD00BFA8
:101F60000040014090F84E20014B1A70704700BFAE
:101F70000040014000EB8100334BC26801F00F01CB
:101F800010B59973106800F00300002955D002289D
:101F90002AD0032828D0012825D153690BB9936989
:101FA0000BB3E020284B9874108AC0F3C700187454
:101FB000402058740820587458740120DC7900FAC5
:101FC00001F1C9B244EA0100D871C0205875528AA3
:101FD000C2F3C702DA7480221A7510221A751A75B4
:101FE0005A7A0A435A7210BD506980B10020987421
:101FF000108A0124C0F3C7001874402058740820C8
:1020000058745874D8798C402043C0B2D871936901
:10201000002BE8D000200C4B5875528A0120C2F3E7
:10202000C702DA7480221A7510221A751A755A7A44
:1020300000FA01F10A43D2B2D4E70028D3D1DA7909
:1020400042F00102DA71CEE700400140002208B5FB
:102050000B4BDA715A724268D2681AB1DA7A42F0DE
:102060000802DA72074B0021C360FFF783FF0122E9
:10207000034B5A70DA7A42F00102DA7208BD00BFEF
:1020800000400140F032010870B50D4B0021DA79B3
:10209000402602F00102DA71082401228025102076
:1020A00059729A730132D2B2042A99745E745C74C4
:1020B0005C7459751D7518751875F2D170BD00BF27
:1020C000004001400B4B01F00F029A7339B95A7C62
:1020D00050070DD4D879400000F002007047197DF8
:1020E000890605D4587A104100F00100400070477D
:1020F00001207047004001400B4B01F00F029A7322
:1021000039B95A7C50070DD4D879400000F002004C
:102110007047597CC90605D4D879104100F00100F8
:10212000400070470120704700400140064B01F01D
:102130000F0103EB810302F10801187802F8010B8B
:102140009142FAD1704700BF204001404822044B21
:1021500001F00F0199735A74002380F834307047EE
:102160000040014000EB8100C06801F00F0281696E
:102170000B6873B1408A0344013BB3FBF0F39BB29D
:102180000B82064B9A7332B11A7D02F0FE021A7569
:1021900070470123F4E740225A7470470040014021
:1021A00000EB810311F00F0170B508BF4025DB681B
:1021B00008BF124C5A6908BFA1731B8A08BF657417
:1021C0001468A34228BF23460D4C1361926804EBA8
:1021D0008104D518954205D1084A917331B1012384
:1021E000537470BD12F8016B2670F3E7517CC1681F
:1021F000098A8B4234BF0A230223F1E700400140E1
:1022000020400140054B01F00F01997311B12022CC
:102210001A75704760225A74704700BF0040014031
:10222000044B01F00F01997311B110225A747047D9
:102230006022FBE700400140044B01F00F0199735D
:1022400011B180221A7570475974704700400140DF
:10225000044B01F00F01997311B140225A74704779
:08226000597470470040014071
:10226800B400B40C0A0C0B0C0D0C0E474847494738
:102278004A474B474C4D4E4D4F4D504D514D525383
:10228800545355535653575358595A595B595C59D7
:102298005D595E5F605F615F625F635F646566652D
:1022A80067656865696A6B6A6C6A6D6A6E6F706F7C
:1022B800716F726F737475747674777478797A79CC
:1022C8007B797C797D7E7F7E807E817E828384831C
:1022D80085838683878889888A888B888C8D8E8D6C
:1022E8008F8D908D919293929492959296D5B19963
:1022F80000202020202020202020282828282820CE
:1023080020202020202020202020202020202020C5
:10231800208810101010101010101010101010102D
:10232800100404040404040404040410101010101D
:1023380010104141414141410101010101010101E7
:102348000101010101010101010101011010101039
:1023580010104242424242420202020202020202B9
:10236800020202020202020202020202101010100D
:102378002000000000000000000000000000000035
:102388000000000000000000000000000000000045
:102398000000000000000000000000000000000035
:1023A8000000000000000000000000000000000025
:1023B8000000000000000000000000000000000015
:1023C8000000000000000000000000000000000005
:1023D80000000000000000000000000000000000F5
:1023E80000000000000000000000000000000000E5
:1023F8000010200040000000800102040810204066
:1024080080005000510052004F003A3B3C3D3E3F97
:102418004041424300000000004445002A0000DD1E
:102428006F3A00082C0000DD693A00082D0000FF13
:10243800573A00082E0022FF453A0008380000FFEE
:102448003D3A0008090011DD373A0008050011DDA2
:10245800313A00080000000000000000393A3B3C17
:102468003D3E3F40414200610D0A004E555436350D
:1024780020425431004E5554363520425432004ED5
:102488005554363520425433004E55543635204283
:102498005434004E555436352042543500633000CC
:1024A8006D61696E0069646C650065786974006BBC
:1024B800696C6C00010203040506060000010203B2
:1024C800040500FF55FFAAFF2BFFBFFF80FF000098
:1024D800060D0F10191A220D0E0F101112131415D4
:1024E8001617181D202125290204050607090B0CBB
:1024F8000000FF00FF55FFAAFF2BFFBFFF6A010185
:102508002D141D1460EA000020BF0200E0930400AF
:10251800C0270900804F120040771B00E093040099
:10252800000800400108004002080040030800407D
:10253800060000400A0400400B0400400C04004060
:102548000D0400400E0400400A0000400608004048
:102558000708004008080040090800404C004500F2
:102568004B00550000004E00550054003600350061
:10257800200032002E003400470020005700690078
:10258800720065006C0065007300730000000000B5
:102598000948032181620C21C162084890F81003A0
:1025A800074900F00F000A68824200D00860002046
:1025B800401C2328FCDB70470000014000F0FF1F8F
:1025C800040401400748032181620C21C1620648C6
:1025D800016801F00F01082901D90821016000BF35
:1025E80000BF70470000014004040140000800409B
:1025F80001080040020800400308004006000040AF
:102608000A0400400B0400400C0400400D04004084
:102618000E0400400A000040060800400708004079
:10262800080800400908004001000040020000407E
:1026380003000040040000400D080040FFFFFFFFBA
:102648000500407EE600E700458000082980000874
:10265800C8000100380000000080FF00B5800008B5
:10266800000000005D80000897800008000000005E
:1026780024240108187E197E0100010001000100D0
:10268800010001000100010001000100FF550000E8
:102698000000000000000000000000000000000032
:1026A8000000000000000000000000000000FF55CE
:1026B8000000000000000000000000000000000012
:1026C80000000000000000000000FF55FF55FF5506
:1026D80000000000000000000000000000000000F2
:1026E80000000000000000000000000000000000E2
:1026F80000000000000000000000000000000000D2
:10270800FF5500000000000000000000000000006D
:10271800000000000000000000000000FF55FF5509
:10272800FF5500000000000000000000000000004D
:102738000000000000000000000000000000000091
:10274800FF5500000000000000000000000000002D
:102758000000000000000000000000000000000071
:102768000000FF550000000000000000000000000D
:102778000000000000000000000000000000FF55FD
:10278800FF55FF5500000000000000000000000099
:102798000000000000000000000000000000000031
:1027A8000000000000000000000000000000000021
:1027B80000000000FF5500000000000000000000BD
:1027C8000000000000000000000000000000000001
:1027D800FF55FF55FF5500000000000000000000F5
:1027E80000000000000000000000000000000000E1
:1027F80000000000FF55000000000000000000007D
:1028080000000000000000000000000000000000C0
:10281800000000000000FF5500000000000000005C
:1028280000000000000000000000000000000000A0
:102838000000FF55FF55FF55000000000000000094
:102848000000000000000000000000000000000080
:102858000000000000000000000000000000000070
:102868000000000000000000FF550000000000000C
:102878000000000000000000000000000000000050
:1028880000000000FF55FF55FF5500000000000044
:102898000000000000000000000000000000000030
:1028A8000000000000000000000000000000000020
:1028B8000000000000000000000000000000000010
:1028C8000000000000000000000000000000000000
:1028D80000000000000000000000000000000000F0
:1028E80000000000000000000000000000000000E0
:1028F80000000000000000000000000000000000D0
:1029080000000000000000000000000000000000BF
:1029180000000000000000000000000000000000AF
:10292800000000000000000000000000000000009F
:10293800000000000000000000000000000000008F
:10294800000000000000000000000000000000007F
:1029580000000000000000000000000029001E0028
:102968001F0020002100220023002400250026004B
:1029780027002D002E002A004C002B0014001A00FE
:102988000800150017001C0018000C0012001300A6
:102998002F0030003100B70039000400160007008E
:1029A80009000A000B000D000E000F003300340070
:1029B80000002800B600E10000001D001B00060012
:1029C8001900050011001000360037003800E50036
:1029D80052004D00E000E300E200000000002C007F
:1029E8000000000000000000407E25525000510009
:1029F8004F00000000000000000000000000000080
:102A080000000000000000000000000000000000BE
:102A1800037C3A003B003C003D003E003F00400084
:102A2800410042004300AA00A9000B7E0D7E35003C
:102A3800007E017E027E037E047E0100010001000B
:102A4800010001000100010021780C7E0100010055
:102A58000100087E01000100470048004A004D00BF
:102A68000100010000002378107E01000000010031
:102A7800010001000100010013700A7E010001003D
:102A8800010024522778117E077E0B700E7E00000D
:102A98000000057E0000000000000000067E010026
:102AA8002A7828782978000000000000000000003B
:102AB800000000000000000000000000000000000E
:102AC8000000000029001E001F0020002100220035
:102AD800230024002500260027002D002E002A00B0
:102AE80049002B0014001A000800150017001C00EC
:102AF80018000C00120013002F00300031004C00A9
:102B0800390004001600070009000A000B000D0038
:102B18000E000F0033003400000028004B00E100D5
:102B280000001D001B000600190005001100100020
:102B3800360037003800E50052004E00E000E200A1
:102B4800E300000000002C0000000000000000006E
:102B5800407E2552500051004F0000000000000048
:102B6800000000000000000000000000000000005D
:102B78000000000000000000037C3A003B003C001D
:102B88003D003E003F004000410042004300440039
:102B980045000B7E0D7E3500007E017E027E037EA1
:102BA800047E010001000100010001000100010094
:102BB80021780C7E010001000100087E010001005F
:102BC800470048004A004D0001000100000023783A
:102BD800107E010000000100010001000100010059
:102BE80013700A7E01000100010024522778117E2B
:102BF800077E01000E7E00000000057E0000000038
:102C080000000000067E01002A7828782978000054
:102C180000000000000000000000000000000000AC
:102C2800000000000000000000000000007C01001F
:102C38000100010001000100010001000100010084
:102C480001000100010001000100010001000F7EE8
:102C58000100010001000100010001000100010064
:102C68000100010001000100010001000100010054
:102C780001000100010001000100097E01000100BE
:102C88000000010001000100000001000100010036
:102C98000100010001000100010001000100010024
:102CA8000100010001000100010000000000010016
:102CB8000000000000000000010001000100010008
:102CC80001000000000000000000000000000000FB
:102CD80000000000000000000000000000000000EC
:102CE800037C3A003B003C003D003E003F004000B2
:102CF800410042004300440045000100010001007A
:102D0800007E017E027E037E047E01000100010038
:102D180001000100AA00A900010001000100010052
:102D28000100010001000100010001000100010093
:102D38000100010000000100010001000000010085
:102D48000100010001000100010001000100010073
:102D58000100010001000100010001000100000064
:102D68000000057E000000000000000001000100D6
:102D78000100010001000000000000000000000048
:102D8800000000000000000000000000000000003B
:102D980000000000E200E900EA00B500B600B70054
:102DA800CD008301CC008A01920194012102230203
:102DB80024022502260227022A02B300B4006F006B
:102DC80070009F01CB019F02A002E200E900EA0027
:102DD800B500B600B700CD008301CC008A0192018E
:102DE80094012102230224022502260227022A0234
:102DF800B300B4006F0070009F01CB019F02A002D6
:102E08000008004001080040020800400308004094
:102E1800060000400A0400400B0400400C04004077
:102E28000D0400400E0400400A000040060800405F
:102E38000708004008080040090800400100004059
:102E48000200004003000040040000400D0800405C
:102E5800FFFFFFFF003131295A1B750AE9CF00082F
:102E680091CF0008CDCF0008FDCF00080001010177
:102E7800010101010101020202020202020202032F
:102E880003030303030303040404040404040505FF
:102E980005050506060606060707070707080808C2
:102EA80008090909090A0A0A0B0B0B0C0C0C0D0D71
:102EB8000D0E0E0E0F0F0F10101111111212131309
:102EC8001414151516161717181819191A1A1B1B82
:102ED8001C1D1D1E1E1F20202122222324242526DE
:102EE80026272829292A2B2C2D2D2E2F3031323216
:102EF800333435363738393A3B3C3D3E3F40414222
:102F0800434445464748494A4C4D4E4F5051535407
:102F1800555658595A5B5D5E5F61626465666869BB
:102F28006B6C6D6F7072737577787A7B7D7E80823B
:102F3800838587888A8C8E8F91939596989A9C9E84
:102F4800A0A2A3A5A7A9ABADAFB1B3B5B7BABCBE94
:102F5800C0C2C4C6C9CBCDCFD1D4D6D8DBDDDFE261
:102F6800E4E7E9EBEEF0F3F5F8FAFDFF00FF010006
:102F7800010000FFFF0000010001FF000000000049
:102F8800000400400F0000000000000020000000C6
:102F980000000000000000002A2B280000000000AC
:102FA80000000000000000000000002900000000F0
:102FB8002C1E3420212224342627252E362D37385E
:102FC800271E1F202122232425263333362E373867
:102FD8001F0405060708090A0B0C0D0E0F10111225
:102FE800131415161718191A1B1C1D2F3130232DF1
:102FF800350405060708090A0B0C0D0E0F101112EF
:10300800131415161718191A1B1C1D2F3130354C9F
:1030180000000000000000000000000000000000A8
:103028000000000000000000000000000000000098
:10303800000000007E0F00D4FFFFFFC700000078EB
:10304800B5F0000815F00008FDEE000800000000CB
:103058004422B600E73101080F3101083131010877
:10306800B4300108CD300108ED300108040A0C0025
:103078009E30010892300108843001080C034E008C
:10308800550054003600350000000A034C00450086
:103098004B00550000000403090409025B0003010A
:1030A80000A0FA090400000103010100092111012F
:1030B80000012244000705810308000109040100FA
:1030C8000203000000092111010001222200070566
:1030D8008203200001070502032000010904020001
:1030E800010300000009211101000122B6000705B3
:1030F800830320000112010002000000402D341A51
:10310800E51800010200010660FF0961A1010962DA
:10311800150026FF00952075088102096315002611
:10312800FF00952075089102C005010902A10185DB
:10313800020901A1000509190129081500250195B1
:1031480008750181020501093009311581257F952E
:10315800027508810609381581257F950175088152
:1031680006050C0A38021581257F95017508810628
:10317800C0C005010980A101850319012AB70015FE
:103188000126B700950175108100C0050C0901A141
:1031980001850419012AA002150126A002950175CE
:1031A800108100C005010906A1018506050719E07F
:1031B80029E7150025019508750181020507190001
:1031C80029EF1500250195F07501810205081901FF
:1031D8002905950575019102950175039101C005B1
:1031E800010906A101050719E029E7150025019540
:1031F80008750181029501750881010507190029E3
:10320800FF150026FF0095067508810005081901BD
:10321800290515002501950575019102950175038C
:103228009101C000FC3C0108984900209849002001
:1032380098490020FC3C0108000000000000000044
:1032480000000000FC3C0108000000000000000035
:1032580000000000FC3C0108000000000000000025
:1032680000000000FC3C0108000000000000000015
:1032780000000000FC3C0108000000000000000005
:1032880000000000FC3C01080000000000000000F5
:1032980000000000FC3C01080000000000000000E5
:1032A80000000000A524010818430020284400203D
:1032B800000000009D0801088D080108BD080108EC
:1032C800AD080108B7080108A70801089708010810
:1032D80087080108C7080108010000000000000075
:1032E800009600000300000000000000FD0C01082B
:1032F800591B0108251B01084000400030440020EC
:103308003044002001000000284400205245454E6A
:1033180054206D616C6C6F632073756363656564BD
:10332800656400002E2E2F2E2E2F2E2E2F2E2E2FA0
:103338002E2E2F2E2E2F6E65776C69622F6C696288
:10334800632F7374646C69622F72616E642E6300FC
:103358002C2066756E6374696F6E3A200000000059
:10336800617373657274696F6E20222573222066FB
:1033780061696C65643A2066696C65202225732250
:103388002C206C696E65202564257325730A00005E
:10339800232D302B20000000686C4C0065666745C3
:1033A80046470000303132333435363738394142F8
:1033B8004344454600000000303132333435363757
:0C33C80038396162636465660000000033
:0833D40070CEFE7F0100000035
:1033DC00040C00200000000020150020881500209F
:1033EC00F0150020000000000000000000000000AC
:1033FC0000000000000000000000000000000000C1
:10340C0000000000000000000000000000000000B0
:10341C0000000000000000000000000000000000A0
:10342C000000000003000000201500200000FF0039
:10343C0001000000BD4F0008415000081152000867
:10344C0089500008E550000801000000E0930400DA
:10345C0000000064FFFFFF38393A3B3C3D3E3F40E3
:10346C0041424344454605040302010037363534D6
:10347C00333231302F0622232425262728292A2BC4
:10348C002C2D2E21201F1E1D1C1B1A19181716154A
:10349C00140708090C0F1011121300000000000093
:1034AC00FA00000000000000010000000000000015
:1034BC001500000000000000FFFFFF00FA000000F4
:1034CC0000000000010000000000000012000000DD
:1034DC0000000000FFFFFF00FA00000000000000E9
:1034EC0001000000000000001300000000000000BC
:1034FC00FFFFFF00FA0000000000000001000000C8
:10350C00000000001100000000000000FFFFFF00A1
:10351C00FA000000000000000100000000000000A4
:10352C001A00000000000000FFFFFF00FA0000007E
:10353C00000000000100000000000000240000005A
:10354C0000000000FFFFFF00FA0000000000000078
:10355C000100000000000000460000000000000018
:10356C00FFFFFF00FA000000000000000300000055
:10357C0000000000FA0000006D630008000000006D
:10358C00FA00000000000000030000000000000032
:10359C00FB0000007163000800000000FA0000004E
:1035AC00000000000300000000000000FF0000000D
:1035BC00E163000800300000010101000800383907
:1035CC003A3B3C3D3E3F40414243444546050403A3
:1035DC0002010037363534333231302F06222324A2
:1035EC0025262728292A2B2CFF2D2E21FF201F1EB4
:1035FC001D1C1B1A19181716151407080996FF0C11
:10360C00FFFFFFFF0F10111213474D53595F656AEF
:10361C006F74797E83888D92500D400D300D200D86
:10362C00100D000D001A0033103320330000000081
:10363C00503300000000A033B033C033D033E0333C
:10364C00E026D026C026B026A026902680267026FE
:10365C00602650264026302620260026101A201AD6
:10366C00301A401A501A601A701A801A901AA01A3E
:10367C00B01AD01AE01AE00DD00DC00DB00DA00D8F
:10368C00900D800D700D600D0000100020003000BA
:10369C00400050006000700080009000A000B0005E
:1036AC00C000D000E000004000000000000000005E
:1036BC00000010400000000000000000000020404E
:1036CC00000000000000000000003040000000007E
:1036DC00000000000000404000000000000000005E
:1036EC00000050400000000000000000604000009E
:1036FC00000000000000704000000000000000000E
:10370C00804000000000000000009040000000001D
:10371C0000000000A0400000000000000000B040CD
:10372C000000000000000000C0400000000000008D
:10373C000000D0400000000000000000E04000004D
:10374C000000000000000404040404040404040445
:10375C00040404040404040404040404040404041D
:10376C00040404040404040404040404040404040D
:10377C0004040404040404040404040404040404FD
:10378C0004040404040404040404040404040404ED
:10379C0004040404040404040404040404040404DD
:1037AC0004040404040404040404040404040404CD
:1037BC0004040404040404040404040404040404BD
:1037CC0004040404040404040404040404040404AD
:1037DC00040404040404040404040404040606009D
:1037EC004325002063250020C99F00080300FF002B
:1037FC00FFFF3905280850011E0A140103020100BD
:10380C000096000003000000010000003DF30008DA
:10381C0069F3000873F300087DF3000887F30008D0
:10382C00000000000000000000000000000000008C
:10383C00000000000000000000000000000000007C
:10384C00000000000000000000000000000000006C
:10385C00000000000000000000000000000000005C
:10386C00000000000000000000000000000000004C
:10387C00000000000000000000000000000000003C
:10388C00000000000000000000000000000000002C
:10389C004449002002000000040000002000000049
:1038AC009440002000000000000000000000000018
:1038BC0000000000000000000000000000000000FC
:1038CC0000000000000000000000000000000000EC
:1038DC0000000000000000000000000000000000DC
:1038EC000300000000000000A1F60008000000002A
:1038FC00200000000000000000000000020000009A
:10390C0000000000000000000000000000000000AB
:10391C00000000000000000000000000000000009B
:10392C00000000000000000000000000000000008B
:10393C0044490020030000000400000020000000A7
:10394C00E44100200000000000000000A81300204B
:10395C00000000000000000000000000000000005B
:10396C00000000000000000000000000000000004B
:10397C00000000000000000000000000000000003B
:10398C000000000000000000030000000000000028
:10399C00A1F6000800000000080000000000000074
:1039AC000000000002000000000000000000000009
:1039BC0000000000000000000000000000000000FB
:1039CC0000000000000000000000000000000000EB
:1039DC00000000000000000044490020010000002D
:1039EC000400000008000000B441002000000000AA
:1039FC00000000003C13002000000000000000004C
:103A0C0000000000000000000000000000000000AA
:103A1C00000000000000000000000000000000009A
:103A2C00000000000000000000000000000000008A
:103A3C000300000000000000A1F6000837F70008A2
:103A4C002000200000000000000000000200000028
:103A5C00000000000000000000000000000000005A
:103A6C00000000000000000000000000000000004A
:103A7C000000000000000000000000000100000039
:103A8C004449002002000000040000002000000057
:103A9C00244100200000000000000000D012002093
:103AAC00EC120020B5F8000895F80008CBF80008D7
:103ABC00ADF90008C9F90008D5F90008F01200208A
:103ACC0000000000000000000000000000000000EA
:103ADC0000000000000000000000000000000000DA
:103AEC0000000000000000000000000000000000CA
:103AFC0000000000000000000000000000000000BA
:103B0C0000000000000000002000000058130020FE
:103B1C00B5F8000895F80008CBF80008ADF90008D6
:103B2C00C9F90008D5F900085C130020000000005A
:103B3C000000000000000000000000000000000079
:103B4C000000000000000000000000000000000069
:103B5C000000000000000000000000000000000059
:103B6C000000000000000000000000000000000049
:103B7C000000000008000000C413002011F9000828
:103B8C00E9F800082DF9000825FA000849FA0008A0
:103B9C0061FA00080000000000000000CC140020B6
:103BAC00801400203414002000000000E8130020D2
:103BBC0000000000000000000000000000000000F9
:103BCC0006000000000000000000000000000000E3
:103BDC0000000000000000000000000000000000D9
:103BEC0000000000000000000000000000000000C9
:103BFC0000000000000000000000000000000000B9
:103C0C002000000000000000000000000400000084
:103C1C000000000000000000000000000000000098
:103C2C000000000000000000000000000000000088
:103C3C000000000000000000000000000000000078
:103C4C000000000000000000000000000300000065
:103C5C000000000000000000030000000000000055
:103C6C000000000000000000000000000000000048
:103C7C000000000000000000000000000000000038
:103C8C000000000000000000000000000000000028
:103C9C000000000000000000030000000000000015
:103CAC000000000002000000000000000000000006
:103CBC0000000000000000000000000000000000F8
:103CCC0000000000000000000000000000000000E8
:103CDC0000000000000000000000000000000000D8
:103CEC0000000000060000000102000000D8B8052A
:04000005080001B935
:00000001FF
