:020000040800F2
:1000000000040020B9010008BB010008BB01000882
:10001000BB010008BB010008BB010008BB010008D0
:10002000BB010008BB010008BB010008ADFA0008D5
:10003000BB010008BB010008BB010008070F010855
:10004000BB010008BB010008BB010008BB010008A0
:10005000BB010008BB010008F90B0108210C0108D5
:10006000490C0108710C0108990C0108BB0100083A
:10007000BB010008BB01000899150108BB0100087D
:10008000C10C0108BB010008BB010008BB0100084E
:10009000BB010008BB010008BB010008BB01000850
:1000A000BB010008BB010008AD110108C111010826
:1000B000BB010008BB010008BB010008BB01000830
:1000C000250F0108250D0108BB010008BB01000830
:1000D000BB010008BB010008BB010008BB01000810
:1000E00072B6264880F30888254880F30988254899
:1000F00025490860022080F31488BFF36F8F0FF04A
:1001000009FA0EF0C1FD4FF0553020491B4A9142CB
:100110003CBF41F8040BFAE71D49194A91423CBF24
:1001200041F8040BFAE71B491B4A1C4B9A423EBF9D
:1001300051F8040B42F8040BF8E700201849194A5B
:1001400091423CBF41F8040BFAE70FF0E7F90FF0DA
:10015000E2F9154C154DAC4203DA54F8041B8847FC
:10016000F9E709F0DDFC124C124DAC4203DA54F809
:10017000041B8847F9E70FF0CFB900000004002006
:10018000000C00200000000808ED00E00000002046
:1001900000040020C42C0108000C002020150020C1
:1001A0002015002090490020E0000008E000000831
:1001B000E0000008E000000892E700F000F8FEE729
:1001C0002DE9F04FC1F80CD0C3689D46BDE8F08F13
:1001D000002383F311882846A04700200FF06CFB12
:1001E000FEE70FF0C3FA00DFFEE7000053B94AB99B
:1001F000002908BF00281CBF4FF0FF314FF0FF302F
:1002000000F09AB9ADF1080C6DE904CE00F01AF8CF
:10021000DDF804E0DDE9022304B07047430803F091
:100220005533C01A830803F0333300F033301844D9
:1002300000EB101000F00F3000EB002000EB00404E
:10024000000E70472DE9F047089D0F4604468E4684
:10025000002B48D18A42164661D9B2FA82F24AB1DD
:10026000C2F1200301FA02FE20FA03F3964043EAAA
:100270000E0E94404FEA164CBEFBFCF1B7B20CFBDD
:1002800011EE01FB07F0230C43EA0E43984209D913
:10029000F31801F1FF3E80F0ED80984240F2EA80D1
:1002A000023933441B1AB3FBFCF00CFB103300FB88
:1002B00007F7A4B244EA0344A74209D9341900F16C
:1002C000FF3380F0D980A74240F2D6803444023810
:1002D00040EA01400021E41B1DB10023D440C5E9E0
:1002E0000043BDE8F0878B4206D90DB1C5E9000196
:1002F00000210846BDE8F087B3FA83F1002947D111
:10030000BB4202D3824200F20481841A67EB0302EB
:1003100001209646002DE4D0C5E9004EE1E7002A11
:1003200000F09080B2FA82F2002A40F0A780881B89
:100330000121370C1FFA86FEB0FBF7FC07FB1C00FF
:10034000230C43EA00430EFB0CF0984207D9F31844
:100350000CF1FF3802D2984200F2E080C4461B1A2A
:10036000B3FBF7F007FB10330EFB00FEA4B244EA28
:100370000344A64507D9341900F1FF3302D2A6453C
:1003800000F2C9801846A4EB0E0440EA0C40A3E733
:10039000C1F120068B4022FA06FC4CEA030C27FA36
:1003A00006FA4FEA1C49BAFBF9F88F4020FA06F327
:1003B00009FB18AA1FFA8CFE3B4300FA01F708FB61
:1003C0000EF01C0C44EA0A44A04202FA01F20BD9D6
:1003D0001CEB040408F1FF3A80F09980A04240F23F
:1003E0009680A8F102086444241A98B2B4FBF9F389
:1003F00009FB134403FB0EFE40EA0444A64508D95A
:100400001CEB040403F1FF307FD2A6457DD9023BEB
:10041000644443EA0840A4EB0E04A0FB028E74453A
:100420004346F14661D35ED055B1FA1A64EB090434
:1004300004FA06F622FA01F31E43CC40C5E9006433
:1004400000214EE743084FEA510C43EAC1710A0C00
:1004500042EA0C428BB2C407B2FBF6F143EA024314
:10046000BCFBF6FCB646304637461F22181A41EA56
:100470000C4161E7714615E7184629E7C2F12003F0
:1004800021FA03F0964024FA03F397403B43370CDC
:10049000B0FBF7F807FB18001FFA86FE190C41EABB
:1004A000004108FB0EF0884204FA02F43AD97118B0
:1004B00008F1FF3C01D288421ED8091AB1FBF7F8B7
:1004C00008FB0EF007FB18119BB243EA014383427D
:1004D0002FD2F31808F1FF31C8D28342C6D2A8F157
:1004E00002013344C2E747459ED2B8EB02036EEBEC
:1004F0000C0E0138F14697E7301A0144A8F1020CBE
:10050000B1FBF7F808FB0EF0DCE7034681E7D046C5
:100510006AE70846FEE63444023834E7ACF1020CE0
:1005200033441CE7091AC446B1FBF7F808FB0EF088
:10053000C8E741469AE700BF704700BF38B5124B85
:1005400004461D682A6B1AB10023C2E9044338BD72
:10055000182000F039FA0246286378B100210B23F5
:1005600001209381C2E90401084B0949094DC2E900
:10057000011300231560C2E9044338BD4621064B30
:10058000064800F0FFF800BF000C0020ECDE05007C
:1005900034126DE60E33CDABFC2B0108142C010890
:1005A00038B5194B1C68226B8AB113691749546915
:1005B00003FB01F1164800FB0411A3FB00300133DB
:1005C00041EB0001C2E9043121F0004038BD1820A0
:1005D00000F0FAF90246206388B1012400250B23BC
:1005E0000A480C49C2E90445116001460A4D0B4C0A
:1005F00093810B4BC2E90154C2E9043138BD522149
:10060000084B094800F0BEF8000C00202DF45158AA
:100610002D7F954C0E33CDAB34126DE6ECDE05002C
:100620002E7F954CFC2B0108142C010820F00301AF
:1006300010F00300C0F1000051F8043B00F1040C7D
:100640004FEACC0C6FF000021CBF22FA0CF21343ED
:100650004FF0010C4CEA0C2C4CEA0C4CA3EB0C02B6
:1006600022EA030212EACC1204BF51F8043B043020
:10067000F4D0C2F1000102EA0102B2FA82F2C2F140
:100680001F0200EBD200704788420ED98B188342BC
:100690000BD900EB020C002A6DD0624613F801CD95
:1006A000994202F801CDF9D170470F2A0FD80346BD
:1006B00002F1FF3C002A5ED00CF1010C013B8C449E
:1006C00011F8012B614503F8012FF9D1704740EA79
:1006D00001039B0750D1A2F1100370B501F1200C6A
:1006E00023F00F0501F1100E00F11004AC441B09BA
:1006F0005EF8105C0EF1100E44F8105C5EF81C5CA5
:10070000103444F81C5C5EF8185C44F8185C5EF821
:10071000145CE64544F8145CEAD1013312F00C0F86
:1007200001EB031102F00F0400EB031328D08E46F7
:10073000043C24F003064FEA940C1E441C1F5EF890
:10074000045B44F8045FB442F9D10CF1010402F0F7
:10075000030203EB840301EB840102F1FF3C4AB185
:100760000CF1010C013B8C4411F8012B614503F89D
:10077000012FF9D170BD7047034602F1FF3C9BE7A2
:100780002246EAE7144600B51A460A4B0D461B6896
:1007900085B0DE6803464CB10749019130460749F0
:1007A0000294009500F02EF900F090F804490C46F0
:1007B000F3E700BF000C0020402C0108502C01087A
:1007C0004C2C010808B513460022FFF7DBFF00BFE1
:1007D00070B5860747D0541E002A3ED00346CAB2E1
:1007E00001E0013C39D303F8012B9D07F9D1032C1B
:1007F0002CD9CDB205EB05250F2C1A4605EB054586
:1008000034D9A4F1100C2CF00F0603F1100EB644ED
:100810004FEA1C1CC2E90055C2E90255103272456C
:10082000F8D10CF1010214F00C0F03EB021204F0EA
:100830000F0C13D0ACF1040323F00303043313446F
:1008400042F8045B9342FBD10CF003042CB1C9B213
:100850001C4403F8011BA342FBD170BD6446134640
:10086000002CF4D1F9E703461446C0E7A446E1E7BB
:10087000032A30B415D941EA0004A40784460B4684
:1008800004D0541E0FE0043A032A08D919466046E2
:1008900053F8044B5CF8045BA542F4D0F1E76046E2
:1008A0001946541E7AB1431E0139021901E09A42D9
:1008B00009D013F8010F11F801CF6045F7D0A0EB74
:1008C0000C0030BC7047002030BC7047062008B5D3
:1008D00000F042F9012010F011F800BF844641EA0F
:1008E000000313F0030349D1403A23D30B6803609C
:1008F0004B6843608B688360CB68C3600B6903619E
:100900004B6943618B698361CB69C3610B6A036285
:100910004B6A43628B6A8362CB6AC3620B6B03636D
:100920004B6B43638B6B8363CB6BC3634030403152
:10093000403ADBD230320BD30B6803604B68436024
:100940008B688360CB68C36010301031103AF3D2EB
:100950000C3205D351F8043B40F8043B043AF9D279
:10096000043208D0D2071CBF11F8013B00F8013B4C
:1009700001D30B8803806046704700BF082A13D359
:100980008B07B1D010F00303AED0C3F10403D21A29
:10099000DB071CBF11F8013B00F8013BA4D331F881
:1009A000023B20F8023B9FE7043AD9D3013A11F801
:1009B000013B00F8013BF9D20B7803704B78437090
:1009C0008B78837060467047024B0146186800F0D0
:1009D000FDBE00BF000C0020024B0146186800F06D
:1009E00075BF00BF000C00200CB400B583B004AB91
:1009F00053F8042B019300F087F903B05DF804EB82
:100A000002B070470EB400B5074A82B003AB01468E
:100A1000106853F8042B019300F076F902B05DF8EA
:100A200004EB03B0704700BF000C002038B5C46B66
:100A30000CB1002038BD8021054600F0C7FE0246FB
:100A4000E86330B1031F7C3243F8044F9342FBD17B
:100A5000EFE74FF0FF3038BD30B51F29054683B0B2
:100A600008D8C36B0C4653B153F8240043F8242034
:100A700003B030BD162303604FF0FF30F8E780214C
:100A8000019200F0A3FE019A0346E8630028F3D028
:100A9000011F00F17C05002041F8040FA942FBD1A1
:100AA000E2E700BF1F2938B505461ED8C26B0C46C9
:100AB0006AB152F8213053B1012B06D0591C10D025
:100AC0000021204642F824109847002038BD2846CF
:100AD00001F070FA224601462846BDE8384001F090
:100AE00055BA162301202B6038BD16234FF0FF3076
:100AF0002B6038BD1F292BD838B5C36B0C46054673
:100B0000A3B153F8242003EB84034AB1511C0BD04A
:100B1000012A07D0002520461D609047284638BD91
:100B2000012038BD032038BD022038BD802100F0EF
:100B30004DFE0346E86340B100201A1F03F17C011B
:100B400042F8040F8A42FBD1DBE74FF0FF3038BD9B
:100B50004FF0FF30704700BF38B5134B1F281D689A
:100B60001DD8EA6B044662B152F820304BB1012B1C
:100B700005D0591C0FD0002142F8201098470020C2
:100B800038BD284601F016FA224601462846BDE83F
:100B9000384001F0FBB9162301202B6038BD162325
:100BA0004FF0FF302B6038BD000C0020114B1F2888
:100BB00070B51E6808D8F36B04460D464BB153F868
:100BC000240043F8245070BD162333604FF0FF30EB
:100BD00070BD8021304600F0F9FD0346F063002827
:100BE000F4D00021021F7C3042F8041F8242FBD166
:100BF000E5E700BF000C002038B50B4B1D68EC6B1F
:100C00000CB1002038BD8021284600F0DFFDE863EC
:100C100038B1031F00F17C0243F8044F9342FBD12B
:100C2000EFE74FF0FF3038BD000C002038B5174B10
:100C30001F281D6826D80446E86BA0B150F8242070
:100C400000EB84034AB1511C0BD0012A07D00025C8
:100C500020461D609047284638BD012038BD03203E
:100C600038BD022038BD8021284600F0AFFDE86382
:100C700040B10021031F00F17C0243F8041F93429E
:100C8000FBD1DBE74FF0FF3038BD00BF000C002088
:100C90009368013B002B936005DAD2F818C06345D6
:100CA00007DB0A2905D01368581C10600846197024
:100CB000704700F069BE00BF9BB1F8B5134406460B
:100CC0000F46541E5D1E01E0AC4208D03A46304645
:100CD00014F8011FFFF7DCFF431CF5D1F8BD00201D
:100CE000F8BD0020704700BF936810B514461BB9CB
:100CF00018460023636010BD00F08CF90023A36048
:100D00000023636010BD00BF2DE9F04FA1B08B46FA
:100D100091461C46049018B1036A002B00F0138121
:100D2000BBF80C30180740F18E80DBF81030002B38
:100D300000F08980002343F220020D9399F80030DF
:100D40000127824E0794ADF83920002B73D04D4611
:100D500003E015F8013F002B7FD0252BF9D1B5EB2F
:100D6000090A7DD12B78002B65D000234FF0FF328C
:100D70000135CDE9092308930B938DF863301E9359
:100D800006E02546089B801B07FA00F00343089302
:100D90002C46052214F8011B304600F0EFF8A1465E
:100DA0000028EED1089BD90644BF20228DF863208D
:100DB0001A0748BF2B22297848BF8DF863202A29BB
:100DC00064D1079A1168043200290792C0F2968014
:100DD0000B9169782E296FD05D4C0322204600F0DC
:100DE000CDF838B14022089B001B8240134309F123
:100DF0000109089319F8011B062256488DF838108E
:100E000000F0BCF800287FD0534B002B69D007A915
:100E100000915A460498514B08A9AFF30080039003
:100E2000039B013307D00D9B039A13440D9399F84C
:100E30000030002B8BD1BBF80C305B060AD40D9828
:100E400021B0BDE8F08F5946049800F037FC002827
:100E50003FF470AF4FF0FF30F2E7B5EB090AEAD08C
:100E600009F1FF3805954546DDF8108001E0A245FF
:100E70003ED92C465A46404615F8011FFFF708FF99
:100E800002340130A4EB0904F1D1D4E7A1F130021E
:100E9000092A88BFA9469DD80B9B00E00134217820
:100EA00003EB830302EB4303A1F13002092AF5D9D6
:100EB0002E29A1460B938FD199F801102A292DD103
:100EC000079B09F102001A680433002A0793B8BF90
:100ED0004FF0FF3399F8021009928146B8BF099389
:100EE0007AE7079B073323F00703083307939AE752
:100EF0000D99059D51442B780D9134E7494243F0FB
:100F000002030B91089364E707A900915A460498DD
:100F1000124B08A900F06CFE039081E70023A1F1B9
:100F20003002092A09F1010909933FF655AF19F872
:100F3000011F03EB830302EB4303A1F13002092AF3
:100F4000F5D9099348E700F0C5FAE9E6802C0108D5
:100F5000882C01088C2C010800000000B90C000846
:100F60008C4600B586461346034A714610685DF804
:100F700004EB6246FFF7C8BE000C00205FFA81FC5C
:100F8000810744D00346511E22B909E09A0709D0CF
:100F9000013905D31846027801336245F6D170470E
:100FA00000207047184603290CD80029F8D00346C2
:100FB000014401E08B42F3D0184613F8012B62453F
:100FC000F8D1704710B50CEB0C24024604EB044436
:100FD00002E00439032915D9104652F8043B634056
:100FE000A3F1013E2EEA030313F0803FF1D0034644
:100FF000014401E08B4208D0184613F8012B6245EA
:10100000F8D110BD10460029F1D1002010BD1146C5
:10101000C9E700BF9368002B00F0F0802DE9F04F86
:10102000B1F90CC090461CF0080F81460C4683B005
:101030002BD00B694BB31CF00207D8F8006032D0FC
:101040004FF0000A5546D4F828B0216AAB4FC5B11D
:10105000BD422B46524628BF3B464846D84700284B
:1010600040F3C280D8F8083082441B1A2D1AC8F801
:101070000830002B00F0AE80D4F828B0216A002D93
:10108000E6D1D6E900A50836E1E72146484600F05A
:1010900015FB002840F0AD80B4F90CC0D8F8006012
:1010A0001CF00207CCD11CF0010A63D1574623681B
:1010B000A16818468B46002F58D01CF4007F00F022
:1010C000B180B9420A4600F2DD801CF4906F2FD047
:1010D000216962695D1A02EB420202EBD2726B1C5B
:1010E00052103B44934292BF93469B461A461CF4CF
:1010F000806F00F0E6801146484600F067FB00284C
:1011000000F0F5802A4621690190FFF7E7FBA289EC
:10111000019B22F4906242F08002A2815819C4F827
:1011200014B0ABEB05053A46BB462361A5602060D1
:101130003D46002751460192FFF7A6FAA1682368B1
:10114000019AA1EB0B011A44A1602260D8F8083083
:10115000AA445B1BC8F80830002B3BD02368A16869
:1011600018468B46B4F90CC0002FA6D1D6E900A7CB
:1011700008369EE73846BB463D46002D40D0002845
:1011800045D03A46D4E904C32068AA4228BF2A467B
:101190006045A16804D901EB030A524500F382803F
:1011A000934272DC5A464846216AD4F828C0E04788
:1011B000B0F1000A18DDB7EB0A070FD00120D8F80C
:1011C0000830D344A3EB0A03A5EB0A05C8F808309E
:1011D000002BD2D1002003B0BDE8F08F2146484655
:1011E00000F02AFA0028EAD0B4F90C3043F04003AA
:1011F000A3814FF0FF3003B0BDE8F08F00207047AF
:10120000756833460836002DFAD0D3F800B02A4668
:101210000A215846FFF7B2FE002865D00130A0EB46
:101220000B07AEE722699A4214D36569BD4211D813
:101230006FF00043BB4228BF3B4693FBF5F3524699
:1012400005FB03F34846A56A216AA847051ECBDDC6
:101250007F1B7BE7B94228BF39460D4618465146E9
:101260002A46FFF711FAA1682368491B2B44A160A5
:1012700023600029ECD12146484600F0DDF9002822
:10128000E6D0B1E7BB463A4652E759460192FFF72E
:10129000FBF9019AA36892469B1AA3602368134442
:1012A000236088E759465246FFF7EEF92368214646
:1012B00053444846236000F0BFF900283FF47BAF59
:1012C00092E7484600F0D0FB034600287FF426AFA3
:1012D0004846216900F0FAFA0C22B4F90C30C9F83A
:1012E000002023F0800381E76A1C17464AE70C229E
:1012F000B4F90C30C9F8002078E700BF00FCFF7F8C
:1013000000207047024A0349034800F08BBB00BF2E
:10131000500C002039160008040C00200C4B4168CA
:1013200010B59942044601D000F086F9A168094B36
:10133000994202D0204600F07FF9E168064B9942BD
:1013400004D02046BDE8104000F076B910BD00BFC3
:101350002015002088150020F0150020002070477F
:101360002DE9F84300250423294C2A490822C4F812
:10137000381104F15C002946DFF89C90DFF89C806E
:10138000274F284EC4E90335C4E90055C4E9055583
:10139000A5606566FFF71CFA234B0822294604F175
:1013A000C4006367C4E90849C4E90A87C4E91A5557
:1013B000C4E91E5526632567C4F8CC50C4F8805094
:1013C000FFF706FA194B2946C4F8DC30082204F16D
:1013D000680304F59670C4F88830C4E92398C4E91A
:1013E0002576C4E93455C4E93855C4F8D850C4F852
:1013F0003451C4F8E850FFF7EBF904F1D003C4E925
:101400003D98C4E93F76C4F8F030BDE8F88300BFEA
:101410002015002005130008B91F0008E11F00086F
:1014200021200008452000080900010012000200E8
:10143000F8B5254B0646D3F83831002B3CD0234F66
:10144000D7E90134013B04D51DE05A1C04F16804BE
:1014500019D0B4F90C50013B002DF6D11C4B0822D9
:101460002946C4E90155C4E90455E3606566256071
:10147000A56104F15C00FFF7ABF9C4E90D55C4E9BF
:1014800012552046F8BD3D680DB12F46D8E74FF400
:10149000D671304600F09AF9044680B10423056005
:1014A000294625460C304FF4D072A0606360FFF7E8
:1014B0008FF93C602F46C3E7FFF752FFBFE70C23CD
:1014C00038603360DDE700BF20150020500C00209D
:1014D0000100FFFF036A03B17047044B044AD3F8CD
:1014E00038310262002BF7D13AE700BF2015002007
:1014F0001D130008704700BF704700BF0020024A5C
:10150000024900F08FBA00BF500C00200113000800
:101510000020024A024900F085BA00BF500C0020AA
:101520005D130008F8B5B1F90C300C461E070746EC
:1015300039D44A68002A53DDE56A002D31D00022F3
:101540003E683A6013F48052216A55D1012338462F
:10155000A847451C024663D0B4F90C30E56A216AFD
:10156000580705D56368D21A636B0BB1236CD21A86
:1015700000233846A847421C40D0002223696260FD
:101580002360A389DB0400D56065616B3E6041B1D7
:1015900004F14403994202D0384600F097F9002341
:1015A00063630020F8BD0E69002EFAD09B0718BFB8
:1015B00000230D6808BF4B690E60AD1B8B600CE00B
:1015C0002B463246D4F828C03846216AE047B0F1AD
:1015D000000CA5EB0C05664406DD002DF0DCE0E711
:1015E0000A6C002AA8DCDCE7B4F90C3043F04003B5
:1015F0004FF0FF30A381F8BD626DB1E73968B4F9EF
:101600000C301D29F2D80B4ACA40D507EED500226E
:10161000626022692260DA04B7D50029B4D0B4E749
:101620003B68002B98D01D2B01D0162BDCD13E60DF
:10163000B7E700BF010040200B69B3B110B5044605
:1016400082B008B1036A5BB1B1F90C3013B9002064
:1016500002B010BD204602B0BDE81040FFF762BFE7
:101660000191FFF737FF0199EEE70020704700BFB7
:10167000B8B138B50D4A0369044615682BB10DB1F0
:101680002B6A53B1B4F90C300BB9002038BD214698
:101690002846BDE83840FFF745BF2846FFF71AFF48
:1016A000F0E7034A0349044800F0BCB9000C0020ED
:1016B000500C002039160008040C002038B52F4BC0
:1016C00005461B680C4613B11A6A002A4BD0B4F9C0
:1016D0000C3018071CD5226922B313F0010107D082
:1016E00000206169A0604942A1613AB1002038BD83
:1016F000980758BF6169A160002AF7D1190658BF41
:101700001046F4D543F04003A3814FF0FF3038BDBD
:10171000D9062CD55A0712D4226943F00803A381B5
:10172000002ADAD103F42071B1F5007FD5D021462B
:10173000284600F0A3FBB4F90C302269CDE7616BB9
:1017400051B104F14402914204D0284600F0BEF8A1
:10175000B4F90C30002262630021226923F02403D3
:10176000C4E90021D9E71846FFF7B4FEAFE7092224
:1017700043F040032A60A381C7E700BF000C0020AC
:1017800070B5114E054633680C46BBB1214628465C
:101790000FF098F8431C01460CD0C41C24F003043D
:1017A000A04205D02846611A0FF08CF8013001D014
:1017B000204670BD4FF0FF34204670BD19460FF033
:1017C00081F83060E2E700BF5C1600202DE9F843A5
:1017D000CD1C25F0030508350C2D38BF0C25002D38
:1017E000064618DBA94216D8DFF8DC8000F042FB81
:1017F000D8F80420A2B1144603E0636822467BB106
:101800001C4623685B1BF8D40B2B1FD894426368DB
:1018100054D053600CE00C2333600020BDE8F88303
:1018200029463046FFF7ACFF431C044619D005603B
:10183000304600F021FB04F10B00231D20F00700CF
:10184000C21A1CBF1B1AA350BDE8F8836119944249
:10185000256014BF5160C8F80410635163684B6081
:10186000E6E7D8F804701FB33C467F68002FFBD131
:1018700023683946304604EB03090FF023F881450D
:1018800016D123683046ED1A2946FFF779FF01305B
:101890000ED02368D8F804202B442360536883B10A
:1018A000A34203D01A465B689C42FBD10023B0E7F9
:1018B0000C233046336000F0DFFAAEE7C8F804309E
:1018C000B6E7C8F80470B3E75C160020002950D0D2
:1018D00038B551F8043C0C1F002BB8BFE41805467E
:1018E00000F0C8FA274A13682BB1A3420CD921682B
:1018F000601883422CD0284663601460BDE83840ED
:1019000000F0BABAA3420FD81A465B68002BF9D18F
:1019100011685018844217D02CD363605460284655
:10192000BDE8384000F0A8BA11685018A04214D0A1
:1019300020D8216860188342EFD118685B6808449A
:10194000C4E900035460EAE723680B441360E6E748
:1019500018685B6808442060CDE72068014450188F
:1019600083421160DBD1D3E900040144C2E90014D1
:10197000D5E770470C2328462B60BDE8384000F0BF
:101980007BBA00BF60160020F8B506460D46144627
:1019900010B1036A002B37D0A269A389A2601A078D
:1019A00019D52369BBB122686169D31AEDB2994296
:1019B0002F4620DD0133A1680139A160511C21604F
:1019C000157062699A420DD0A389DB0701D50A2DF3
:1019D00008D03846F8BD21463046FFF76FFE38B9CB
:1019E0002369E0E721463046FFF726FE0028F0D0C5
:1019F0004FF0FF37EDE721463046FFF71DFE002888
:101A0000F6D101232268D6E7FFF764FDC4E700BFE3
:101A100003460A46024908681946FFF7B5BF00BFEA
:101A2000000C00202DE9F8434FF0000980460F46D6
:101A30001646D6E90154013D10D4A389012B08D9DB
:101A4000B4F90E30013304D021464046B84749EA84
:101A50000009013D6B1C04F16804EED13668002ECC
:101A6000E7D14846BDE8F8832DE9F041144641B37B
:101A70000AB306460D4600F0E9FA8442074602D84A
:101A8000B4EB500F13D821463046FFF79FFE804637
:101A900050B1BC422246294628BF3A46FEF71EFFF7
:101AA00029463046FFF712FF4046BDE8F081A846C0
:101AB0004046BDE8F081A046FFF708FF4046BDE87C
:101AC000F0811146BDE8F041FFF780BE2DE9F84FE7
:101AD00092461F460A698B680C469A42B8BF1A465E
:101AE000CAF8002091F843300646DDF8289013B17B
:101AF0000132CAF80020226891065FD5DAF800307A
:101B00000233CAF80030226812F0060F11461DD1C8
:101B1000E1689942D8BF114618DD4FF0000804F182
:101B2000190B05E0E568DAF80030ED1A45450CDDE3
:101B300001235A4639463046C847013008F10108AA
:101B4000F0D14FF0FF30BDE8F88F216894F84330B2
:101B5000003B18BF01238A060AD53021E21882F81B
:101B6000431094F845105A1C2244023382F8431063
:101B70003946304604F14302C8470130E1D0D4E988
:101B800002202368DAF8005003F00603042B2169D1
:101B90001BD08A4220DD4FF00008521A90440025E5
:101BA0001A3401E0454517DA01232246394630460A
:101BB000C847013005F10105F4D1C2E712F0060F64
:101BC0000DD0003B18BF0123D2E7401B8A4220EA18
:101BD000E078E2DC0028E2DC0020BDE8F88FE16874
:101BE000DAF800309942D8BF114696DCAEE700BF64
:101BF0002DE9F04717460A7E84B00C460646984603
:101C00000C9D01F1430C002A35D0A2F15803D9B242
:101C1000202969D8202B67D8DFE813F0E60066009A
:101C20006600660066006600660066006600660084
:101C30006600AC007000660066006600660070001A
:101C4000660066006600660021008300C60066002C
:101C50006600B6006600830066006600EC002B6834
:101C60002268181D6169286010061B6802D452069C
:101C700000F1E08019600023E14623613B462146E4
:101C80003046CDF8008003AAFFF720FF013020D0B6
:101C90004A46394630462369C047013019D0236887
:101CA000E0689B07DDF80C9018D5484516DD002547
:101CB00004F1190A04E0E068A0EB0903AB420DDD72
:101CC0000123524639463046C047013005F101052F
:101CD000F1D14FF0FF3004B0BDE8F0874845B8BF00
:101CE000484604B0BDE8F087012084F8422004F1A2
:101CF00042090023206184F84330BFE72A68236843
:101D0000111D1806296002D4590600F1958010684B
:101D1000014600286268C0F293804FF00A0E5348D3
:101D200015E020682B6810F0800F53F8041B02D1D7
:101D3000400648BF89B26F2A14BF4FF00A0E4FF019
:101D4000080E4A482B600023626884F84330002A5A
:101D5000A26051DB236823F00403236000294BD1E8
:101D6000002A7BD1E146BEF1080F56D0ACEB090347
:101D7000236183E72A680120116804322A6004F194
:101D8000420984F84210B4E72B6800211A1D2A602A
:101D9000D3F8009062684846FFF7F0F8002863D057
:101DA000A0EB09006060A4E7236843F020032360F0
:101DB00078222F4884F845202A6813F0800F52F8C3
:101DC000041B03D113F0400F18BF89B22A60DA0751
:101DD00044BF43F02003236019B9236823F0200394
:101DE00023604FF0100EAEE75823204884F84530AA
:101DF0002368E1E72368DBE77546E146B1FBF5F3CD
:101E00000A4605FB131A194610F80A30AA4209F8C7
:101E1000013DF3D2BEF1080FA8D12368DD07A5D597
:101E2000626823699A42A1DC302309F1FF3989F8FD
:101E300000309BE719801EE7B2F90010084668E7FA
:101E40002D20002AA26084F8430002DB23F0040363
:101E500023600A250548AE464942CEE7037804F1DF
:101E6000420984F842307EE7606842E7942C01081A
:101E7000A82C0108704700BF704700BF70B5B1F9CA
:101E80000C300C46990796B007D5012204F14703A0
:101E9000C4E90432236016B070BDB4F90E100546D3
:101EA000002929DB6A460EF01AFD002822DB4FF4D8
:101EB00080612846019EFFF789FC88B3A38906F458
:101EC000704643F08003A3814FF48063B6F5005F52
:101ED000C4E904032060DED12846B4F90E100EF0E8
:101EE0000AFD0028D7D0A38923F0030343F00103A0
:101EF000A381D0E7B4F90C3013F0800F14BF402653
:101F00004FF4806628463146FFF760FC40B1A38954
:101F1000C4E9040643F080032060A38116B070BDBD
:101F2000B4F90C309A05B6D4012123F0030304F16F
:101F3000470243F00203C4E90421A3812260AAE717
:101F400070B50C46B1F90E10154600291E4696B024
:101F50000FDB6A460EF0C3FC00280ADB019B4FF43E
:101F6000806203F47043A3F50053B3FA83F35B0973
:101F700007E0A289002312F0800F14BF40224FF423
:101F80008062002033602A6016B070BD70B50026F4
:101F9000074D0446084611462E600EF0B7FC431C60
:101FA00000D070BD2B68002BFBD0236070BD00BF3C
:101FB000641600200EF0B2BC10B50C46B1F90E103C
:101FC0000EF075FC002803DB636D0344636510BDF0
:101FD000A38923F48053A38110BD00BF0020704764
:101FE0002DE9F0410C46B1F90C101F46CB05054612
:101FF00016460BD421F48051A1813B463246284637
:10200000B4F90E10BDE8F0410EF058BCB4F90E1052
:10201000022300220EF050FCB4F90C10EAE700BFD6
:1020200010B50C46B1F90E100EF046FCB4F90C30A8
:10203000421C0EBF23F4805343F480536065A38198
:1020400010BD00BFB1F90E100EF03ABC51F8043CBF
:10205000181F002BBCBF0B58C0187047372875D805
:10206000032803D800207047042070470438332821
:10207000F8D801A353F820F04D22000831220008BF
:102080003D2200083D22000831220008652000089A
:1020900049210008312200084D22000831220008A1
:1020A0003122000831220008652000086520000860
:1020B0004D220008752200086520000865200008F0
:1020C0007D220008652000085922000851220008DE
:1020D00031220008612200083D2200086520000826
:1020E0004522000845220008452200084522000834
:1020F0004522000845220008452200084522000824
:102100004522000885220008652000086520000897
:10211000652000086520000865200008652000088B
:10212000652000086520000865200008652000087B
:10213000652000086520000865200008652000086B
:10214000652000085522000806207047A0F50170A0
:1021500083B2332B86D8332884D801A353F820F0D8
:102160004D22000831220008692200086D22000873
:10217000312200086520000835220008652000088B
:102180004D2200085D220008652000086520000837
:1021900065200008652000084D220008792200080B
:1021A0006520000865200008492200086520000815
:1021B000652000085122000831220008652200082D
:1021C00071220008392200086520000865200008F7
:1021D00065200008692000086520000881220008A9
:1021E00065200008652000086520000865200008BB
:1021F00065200008652000086520000865200008AB
:10220000652000086520000865200008652000089A
:10221000652000086520000865200008652000088A
:1022200065200008652000084122000841220008BE
:10223000012070470520704707207047082070472D
:10224000092070470A2070470C2070470D20704706
:102250000E2070470F2070471020704711207047E4
:1022600012207047132070471420704715207047C4
:1022700016207047172070471820704719207047A4
:102280000320704702207047A0F11E03092B01D9DB
:10229000FFF7E4BE0B20704708B5FFF7DFFE0038FC
:1022A00018BF012008BD0023036043608360838161
:1022B000704700680128B8BF0120704710B5094C6D
:1022C0002268FF2A0CDC084B1B6813445942C9B230
:1022D000DBB258BF4B420549013221F8130022609E
:1022E00010BD00BF74160020781600207C16002058
:1022F00030B40C4C226892B10B4D0C492B68013A5A
:1023000031F8130001335942C9B2DBB258BF4B4216
:102310002B60074B22601B680BB130BC184730BCE8
:10232000704700BF74160020781600207C1600202D
:1023300068160020014B1860704700BF6816002027
:102340000023034A1360034A1360034A1370704763
:1023500074160020781600206C160020FFF7AEBF20
:1023600038B50C460025A54200DB38BDFFF7A6FFB7
:102370000135F8E7074B1B685BB1074B074A197833
:1023800011B11168814204D0106001221A70FFF768
:10239000AFBF7047741600206C1600207016002026
:1023A0000129B8BF012170B50E460025441E0E2C30
:1023B0000CD8DFE804F0080F1113151518181515BF
:1023C0001B1B1D1F22005020FFF7C8FF0135AE4226
:1023D000EDD170BD5120F7E75220F5E74F20F3E72C
:1023E00040F24F10F0E74FF4A870EDE74A20EBE71A
:1023F0004D20E9E740F24D10E6E74FF4A570E3E722
:102400004B1EDBB20E2B10B5044608D8012AB8BF0C
:1024100001221146094A32F81300FFF7A1FF062CEA
:1024200005D140F21B10BDE81040FFF797BF072C05
:1024300040F21B1018BF4FF48370F4E7C21C010870
:10244000012938B50D46B8BF01251C280C464FF0B0
:102450004A000FD1FFF782FF4A20FFF77FFF40F2CB
:1024600051202946FFF77CFF4FF48370BDE83840C8
:10247000FFF774BFFFF772FF4A20FFF76FFF40F2CC
:102480004D20FFF76BFF012C04DD40F25120691E47
:10249000FFF766FF40F21B10FFF760FF2A20E5E719
:1024A0000B461146A3F10B02012A10B504460AD8C7
:1024B00040F22B2040F237239C4208BF2B20BDE87E
:1024C0001040FFF74BBF013BDBB20E2BF0D8044AA4
:1024D0000129B8BF012132F81300FFF741FFE7E7F8
:1024E000C21C010838B50C4605464A20FFF736FFE6
:1024F0004A20FFF733FF012C04DD40F25120611E1A
:10250000FFF72EFF40F2372340F22B209D4208BFF9
:102510002B20BDE83840FFF721BF40F24D20FFF7E8
:102520001DBF272833D014D80F280CD804283DD934
:1025300005380A283AD8DFE800F027393908393950
:102540003339082736001A2830D140F25120FFF7DE
:1025500005BF40F21A239842F7D00CD840F20A2364
:1025600098421AD022D840F2052398420CD0B0F5F8
:10257000027FEAD0704740F2212398420AD040F20D
:102580002323984203D0704740F25220DFE740F205
:102590004A20DCE740F24D20D9E740F24D30D6E743
:1025A0004FF41470D3E740F24F20D0E770471A2859
:1025B00037D00DD8053883B20A2B41D80A283FD826
:1025C000DFE800F0323E3E2F3E3E223E26292C0020
:1025D00040F20A23984230D009D840F205239842AD
:1025E00022D0B0F5027F1CD0272820D0704740F2BF
:1025F000212398421ED040F22323984217D040F264
:102600001A2398420DD070474FF41470FFF7A6BEFE
:1026100040F25120FAE740F25220F7E740F24F2013
:10262000F4E740F24F30F1E74FF45470EEE740F238
:102630004A20EBE740F24D20E8E740F24D30E5E775
:1026400070474C20FFF78ABE2A20FFF787BE08B5E7
:1026500040F24F20FFF782FEBDE808404C20FFF714
:102660007DBE08B540F24D20FFF778FEBDE808407A
:1026700040F21B10FFF772BEFFF7F3BF08B540F240
:102680004D20FFF76BFEBDE808404FF48370FFF765
:1026900065BE08B510B15020FFF760FEBDE80840E8
:1026A00040F21910FFF75ABE08B54D20FFF756FE4D
:1026B000BDE808404C20FFF751BE40F21D10FFF767
:1026C0004DBE4FF48B70FFF749BEB0F5017F08B5E2
:1026D0001CD004D8042817D0122819D008BDB0F592
:1026E000037F0CD040F212239842F7D14A20FFF723
:1026F00035FE4FF40A70FFF731FE522000E04A2009
:10270000BDE80840FFF72ABE4F20F9E74D20F7E764
:102710004D20FFF723FE4FF40A70F1E727283CD045
:1027200015D80F280ED8042839D905380A2836D8E4
:10273000DFE800F02F35353135350635372B2D00E4
:10274000012070471A2814BF00200520704740F26E
:102750001A23984227D00DD8B0F5027F25D040F239
:102760000A23984223D040F20523C31A5842584105
:10277000C000704740F2212398421AD040F2232330
:1027800098420CBF0C2000207047032070470420A3
:10279000704707207047092070470B2070470020C2
:1027A000704702207047062070470A2070470E20AD
:1027B00070470D207047000008B50348FFF773FD10
:1027C0000022024B1A7008BDA8180020B81800207B
:1027D00010B50024074B1C70074B1C70FFF7ECFF73
:1027E000064B1C60064B1C60064B1C70BDE810407D
:1027F000FFF7A6BDBA180020B918002094180020D1
:10280000801800207C180020FFF794BD9B4B2DE919
:10281000F0471B780446002B00F01483984E994F24
:1028200033785A1E022A00F20D83023B012B5FFA15
:1028300084F86BD82046FFF711FCB8F1290F054644
:1028400002D10123337043E00A2812D18E4A136863
:10285000092B09DC272C08BF002405FB03F318BF54
:102860001D3C2344136001E0632BF3DD0020BDE831
:10287000F0878548FFF71DFD1C2C074605D8122C54
:1028800008D8062C2AD0072C20D0013D042DEDD8E5
:10289000002535E0A4F11303092BF6D801A252F864
:1028A00023F000BFEB2800088B2800088B280008C5
:1028B000E52800088B2800088B2800088B280008D2
:1028C0008B280008CD280008D7280008FFF7D4FE81
:1028D000FFF772FFCAE7FFF7D1FEF9E7FFF7C1FE86
:1028E0000023AFE7FFF7B3FEFAE70020FFF7D1FEC2
:1028F000EEE733782046032B05D1FFF712FE0135B2
:10290000AF42F6DCE4E7FFF752FEF8E73A782046FC
:10291000052A28D82A23D340DA0724D5FFF7B4FCA8
:10292000B8F1290F05463B7820D1002B00F08482B6
:10293000FFF742FF0022554B1A603B7873B9534DA5
:102940002C68002C0ADD524B1F783FB95149524880
:102950006200FDF7C3FF514B2F601C603378002BE2
:1029600084D14A4A7EE7FFF779FBD9E7072B00F2CB
:102970006781DFE813F00800E5003A018601BA013B
:10298000F3013F025102431E182B00F25582DFE88B
:1029900013F054005400540054005B004F005200E8
:1029A00024004800190053025E0065006900B6006B
:1029B00089008900890089008900890089008900CF
:1029C000890089000123272C3B7008BF00232E4A71
:1029D00018BFA4F11D03136005E0022301223B7020
:1029E000294B1C811A732046FFF756FC0028A4D0FF
:1029F0002046FFF733FB0138C0B218289DD8284B7A
:102A0000C340DB0799D5224B1B78002B95D11F4A79
:102A10001368072BDFBF591C11601E4A22F81340B0
:102A20008BE7042301223B70174B5C815A73DAE772
:102A300006233B70D7E70723FBE72046FFF76EFE30
:102A40000121FFF7ADFCCEE701210E20F9E70121BE
:102A50000620FFF7F5FC00233370C4E72046FFF79C
:102A600034FEF8E740F219239C4204D1032333706B
:102A7000FFF753FDB7E70223EEE700BFBA180020C7
:102A8000B9180020B8180020A818002094180020B9
:102A90007C1800209818002084180020801800203E
:102AA000FF0BFF01A0F111054FF00008082D23D8FE
:102AB000DFE805F01F0508101316191D0B00FFF7BE
:102AC000C0FD90E7FFF7C0FD8DE7FFF7C0FD86F87A
:102AD000008088E7FFF7C5FDF9E7FFF7CDFD82E746
:102AE000FFF7CCFD7FE70020FFF7D3FD7BE7012058
:102AF000FAE7FFF7D9FD76E7FFF7DFFD73E7DFF8C9
:102B000024A39AF80050002D7FF46DAFDFF81883EE
:102B1000D8F80030002B3FF466AF0123DFF80C93A8
:102B20008AF80030D8F800309D4203DB00238AF891
:102B3000003058E739F8020BFFF768FE0135F1E77E
:102B4000BB48FFF7B6FB013D01460D2D78D801A328
:102B500053F825F0AB2B0008AB2B0008AB2B00087B
:102B6000AB2B0008B72B0008312A0008372A0008D1
:102B7000DB290008232A0008412C00088D2B0008BF
:102B8000BD2B0008C72B0008CF2B0008A84A1368EC
:102B9000092B3FF728AF0A21272C01FB03F30CBFB9
:102BA0000021A4F11D010B4415E72046FFF7B6FDF7
:102BB000FFF7F6FB16E001210E20F9E70620FFF7EC
:102BC0003FFC002308E02046FFF77FFDF9E740F2D5
:102BD00019239C4202D00223337003E00323337095
:102BE000FFF79BFCFFF7E8FDFDE69148FFF761FB6F
:102BF000013D0246092D23D801A353F825F000BF5B
:102C00004D2C0008632C00084D2C00084D2C0008AA
:102C1000E32C0008312A0008412C0008292C000868
:102C2000412C00086D2C0008814D2B899C4207D156
:102C300001462046FFF704FC2B89062BD2D1C0E7C2
:102C4000FFF7BAFD00227B4B1A60E9E52046FFF74B
:102C500065FD774D0146B5F808804046FFF7D0FB8B
:102C6000EAE701220B21724D2889F7E70323272C7D
:102C70003B7008BF00236E4A18BFA4F11D035360C8
:102C8000B1E6451E0A2DDBD801A353F825F000BF9D
:102C9000BD2C0008DF2D0008BD2C0008BD2C00084D
:102CA000E32C0008312A0008412C0008412C0008C0
:102CB000412C0008412C0008992D00082046FFF700
:102CC0002DFD5B4D80462846B5F80890FFF7F1FAD8
:102CD0006B68414603FB00F2632AA8BF63224846A3
:102CE000BCE701220E21524DBEE75148FFF7E1FA41
:102CF000013D0246092DA3D801A353F825F000BFDA
:102D00003B2D00084F2D00083B2D00083B2D0008EF
:102D1000EF2D0008312A0008412C0008412C000842
:102D2000292D0008592D0008414B5B899C4287D111
:102D300001462046FFF7D6FB54E73D4B20465D8910
:102D4000FFF7ECFC01462846FFF7AAFB4AE7012201
:102D50000B21374B5889F7E7052388E7451E0A2DD5
:102D60003FF66EAF01A353F825F000BFB72D000862
:102D7000DF2D0008B72D0008B72D0008EF2D000843
:102D8000312A0008412C0008412C0008412C000881
:102D9000412C0008992D0008254A5368092B3FF75C
:102DA00022AE0A21272C01FB03F30CBF0021A4F162
:102DB0001D010B4463E72046FFF7B0FCDFF870907D
:102DC00005464846B9F80A80FFF773FAD9F8042097
:102DD00029464243632AA8BF63224046B4E7144A07
:102DE0005368092B3FF7FFAD0A214B4347E7012208
:102DF0000E21AEE706287FF423AF0D4D2B7B13B1D8
:102E000001220F2130E76B7B1BB101220F21688962
:102E10009AE701210F20CBE607287FF411AFFFF7D7
:102E200050FCDFE67C180020801800208418002069
:102E3000A818002094180020034B1A68002AC4BF69
:102E400000221A60012012E594180020FFF792BAC0
:102E5000014B1878704700BFB9180020014B187853
:102E6000704700BFBA180020024B1878003818BF0E
:102E700001207047B818002008B5044B1870FFF700
:102E80009BFC0022024B1A6008BD00BFB91800204D
:102E900094180020012208B5044B1A70FFF78CFC2F
:102EA0000023034A1360034A137008BDBA180020B8
:102EB00094180020B918002010B50024044B1C7091
:102EC000FFF77AFC034B1C60BDE81040FFF738BAEF
:102ED000BA1800209418002008B5FFF76DFC0022F6
:102EE000014B1A6008BD00BF9418002070B5C5B230
:102EF000C4042A464FEA102321D503F00F03013BF7
:102F0000DBB2072B54D82F49CC5C502A46D0512A2B
:102F100046D0522A46D04F2A21D10326FCB92A4B4B
:102F20009C5DE4B10022294C9A55A35D33B9284B2E
:102F300013F8160005F02CF90123A35570BD03F01A
:102F40000104980748BF44F00204590748BF44F001
:102F500004041B07D9D5502D44F008042ED105F0E8
:102F6000C7FF20EA04068443F6B202D0204605F0EB
:102F7000B5F916B1304605F0BAF9284605F008F95A
:102F8000284605F04DF916B1304605F0A7F9002C9A
:102F9000D4D02046BDE8704005F0A9B90026BDE7B1
:102FA0000126BBE70226B9E70026B8E70126B6E707
:102FB000502DF9D0512DF9D00024AAE7512DA8D1D8
:102FC000CDE700BFE01C0108E1180020DD1800205B
:102FD000F01C0108A0F1E002072A08B506D929284B
:102FE00004D000F0C6F900F0010008BD0120FAE7A6
:102FF0000E4970B500220D4604460D480378D6B23E
:10300000B34206D8102B0AD05A1C027025F8134080
:1030100004E031F8026B0132A642F0D170BD0549DF
:103020001E22881EFDF730FBEC83F7E7BC1800205A
:10303000BB180020BE18002010B5064C237843B9F9
:10304000054B1B789B0704D4022005F047F90123A8
:10305000237010BDDC180020E5180020E03880B295
:1030600007280BD8064B1B5C43B10648027811B108
:1030700013430370704722EA03020270704700BFD7
:10308000E81C0108E5180020014B1878704700BFC4
:10309000E51800202DE9F041002425460D4E0E4F85
:1030A000DFF8388016F8013B2BB118F8140005F052
:1030B000B7F806F8015C0134042C07F8015BF1D184
:1030C000074C23781BB1022005F011F92570BDE8EB
:1030D000F08100BFDD180020E1180020F01C01087D
:1030E000DC180020FFF784BF08B5FFF771FB0D481F
:1030F000FFF78AFBFFF7CEFE0020FFF7BDFE00239F
:10310000094A0A4913700A4A0B701370094A4B7036
:103110001370094A8B70137053709370CB70D37017
:1031200008BD00BFED2E0008E5180020E1180020C2
:10313000BB180020DC180020DD180020FFF786BE39
:103140000B282DE9F84304463FD00D283FD00E2828
:103150003FD00F2814BF4FF0FF3503254E79002EC6
:103160003BD1E52C06D14D4F3B781BB1022005F039
:10317000BEF83E70681C0ED04FF00008484B494F17
:1031800003F805807B5D33B1474B13F8150005F05C
:1031900047F807F80580454900220D464448037862
:1031A000D7B2BB420CD931F802CB571C644512D1BF
:1031B0000126013BDBB2037035F8133025F81230DD
:1031C00086F001063046BDE8F8830025C6E70125F4
:1031D000C4E70225C2E73A46E2E7FFF73FFE0028D0
:1031E000F0D0E52C04D12046FFF702FF0026E9E7E6
:1031F000A4F1E003072BE5D92E4F3B7813F0DD0F48
:1032000018D0691C22D0FFF72FFEF8B9FFF720FE77
:10321000012880461AD12046224CFFF7E9FE635D63
:10322000002BE3D1204B13F8150004F0B1FF04F894
:103230000580DBE713F0220F0CBFA14644F40079B0
:103240004846FFF729F888B9292C0FD0FFF70CFE64
:1032500008B1FFF741FE3B789A06B3D52046FFF749
:10326000B9FE0028AED1FFF7E7FEABE7FFF7FCFDA4
:1032700080464846FFF7CAFA0028ECD12046FFF7FF
:10328000B7FE6B1CB2D0B8F1000FAFD1FFF7E0FD75
:10329000012804BF024B5855A8E700BFDC180020E6
:1032A000E1180020DD180020F01C0108BC180020E7
:1032B000BB180020E518002038B505460C4612B9A9
:1032C0000024204638BD90470028F9D06479002CAE
:1032D000F6D02846FFF706FFF3E7000070B5042498
:1032E00000260E4D35F8020B20B1C0B204F098FF55
:1032F00025F8026C013CF5D1D12004F091FFD220D9
:1033000004F08EFF064B1C70064B1C80064B187891
:10331000FFF7B2FDBDE87040FFF7BCBE0C190020FE
:1033200014190020161900201E19002008B50BF0F2
:10333000EFF8012838BF012080B208BD10B50C4657
:1033400028B10BF0EAF8A04234BF0020012010BDE4
:1033500008B50BF0A5F8012838BF012008BD10B54D
:103360000C4628B10BF0E0F8A04234BF0020012049
:1033700010BDA0F58043B3F5955F07D3A0F5A54038
:1033800040381F288CBF0020012070470120704763
:1033900038B5054605F0ACFD044605F0C5FD2846E8
:1033A00004F08CFD2046BDE8384005F0B7BD4B2049
:1033B000FFF7EEBF4E20FFF7EBBF40F20910FFF71B
:1033C000E7BF08B55120FFF7E3FFBDE808404A20FA
:1033D000FFF7DEBF08B55220FFF7DAFFBDE808406F
:1033E0004A20FFF7D5BF4F20FFF7D2BF5020FFF78D
:1033F000CFBF00002DE9F84F9B4E04460D46904686
:103400003260FFF725FD10B10022984B1A6020466C
:103410006979FFF723FE392C35D16F79DFF85092A7
:103420002FB1FFF783FFA9F80000204699E1B9F812
:10343000000040B33368198AFFF780FFA9F80070D5
:103440008146002848D08B4B1A78002A00F09D80D6
:10345000DFF82492DFF824A21F7099F80020FBB255
:103460009A4233D8DFF818A2864F9AF8003023B179
:103470003B7813B9E02004F0D3FE00238AF8003033
:1034800089F800303B707B4B1B78002B7DD05FFAB6
:1034900084FBABF11E039BB2102BDA466A79DFF88E
:1034A000D89100F24E827849CF5C002A43D04FB3C6
:1034B000384604F06DFE99F800300B2BB5D85A1C35
:1034C00089F800206D4A22F81370AEE71AF813004D
:1034D00004F0A6FE0137C0E7FFF7C0FC80F001034F
:1034E000D8B2624BC3F800903368DB6A1BB19847CF
:1034F000FFF7D0FDC7E710B1FFF7CCFCF8E7FFF707
:10350000DBFCF5E75E4A1378591C11702BB95D4B53
:103510001B7813B9E02004F03BFE584604F038FE57
:1035200099F800300B2B80D85A1C89F80020534A98
:1035300022F813A079E7002F18BFBA465FFA8AF085
:1035400004F06EFE67B94E4A13784BB1013BDBB213
:1035500013702BB94B4B1B7813B9E02004F060FEBD
:1035600046490022084699F80030D7B2BB420CD930
:1035700031F802CB571CE2453DD1013BDBB289F863
:10358000003030F8133020F8123029462046D8F8A1
:103590001C20FFF791FE58BB2046FFF7EAFE90B9CA
:1035A0003A4B326818783A4B11781B78184305F07B
:1035B0005DF940B133685B6A23B32046984708B38E
:1035C00033689B6ACBB9D8F8202029462046FFF7FC
:1035D00073FE804660B933686F795B88A34261D11E
:1035E0002C4D2D4C97B1FFF7A1FE84F80080288068
:1035F0000020BDE8F88F3A46B7E72046697998473A
:103600000028E0D06B79002BDDD00EE723785BB18A
:10361000224E308810B1C0B204F002FE0023338085
:1036200000232B802370E3E72B88002BF8D0FFF7D3
:103630000FFC042802D1FFF751FEF1E73368DB6885
:103640006BB9FFF70BFC0028EAD0FFF701FC144B25
:103650001870FFF71FFD0420FFF70EFCE0E7984706
:103660000028EED1DCE700BF201900200819002057
:103670000419002002190020E8180020EA18002090
:10368000E7180020E6180020F81C0108C0240020DC
:10369000C12400201C1900201A190020181900202C
:1036A0001E190020FFF7D4FB04280BD1A4F1E0037E
:1036B000072B2BD837B124F00403E12B3FF4B5AE30
:1036C000FFF70CFEFFF7CAFB002800F0D680336836
:1036D0009B7C002B00F0D180292C40F0D0806B79AE
:1036E000002B00F0CC80FFF7B3FB002840F00A81EC
:1036F000FFF7CAFC10F0DD0F40F00481830740F1B2
:10370000B58040F23520FFF743FE8EE6FFF7BCFCA4
:10371000002F48D00F2C15D80A2CD1D9A4F10B03B7
:1037200000F02200042BCBD801A252F823F000BFF6
:1037300057370008C1360008693700087D37000890
:1037400091370008282C2AD02C2CB9D1FFF7EEFD98
:103750007E4B188069E6CF207D4B188004F018FD61
:103760000B20FFF7BFFC43E700280CBFCE20DA2078
:10377000774B588004F00CFD0D20F2E700280CBFB9
:10378000CD20D920724B988004F002FD0E20E8E78E
:10379000D0206F4BD88004F0FBFC0F20E1E7D22053
:1037A00004F0F6FC41E60F2C12D80A2C8AD9A4F1B9
:1037B0000B03042B86D801A252F823F0FD37000832
:1037C000C536000813380008293800083F380008BB
:1037D000282C47D02C2C7FF475AFDFF87891DFF8D8
:1037E0006C8199F80030002B34D0D12004F018FD02
:1037F00089F800700023A8F8003063E7544F388838
:1038000000283FF45FAFC0B204F00AFD00233B8004
:1038100058E74F4F788800283FF454AFC0B204F007
:10382000FFFC00237B804DE7494FB88800283FF418
:1038300049AFC0B204F0F4FC0023BB8042E7444F20
:10384000F88800283FF43EAFC0B204F0E9FC002342
:10385000FB8037E7B8F80030002BCBD0D12004F044
:1038600035FDC7E7D22004F0DBFC2BE7002849D068
:103870003520FFF78DFD292073E7292C42D06B7985
:10388000D3B929462046BDE8F84FFFF759BC324F5F
:10389000386838B900233B60FFF71EFB0120FFF7B3
:1038A000EBFAE8E740F6B831FFF759FD0028F1D10F
:1038B000FFF74EFD3860E2E7FFF7D0FA0028E0D0CE
:1038C000FFF7C6FA0128DCD133681B6B002BD8D078
:1038D000FFF7DAFB33681E6B3788002FD1D0BC426C
:1038E0000ED1F378B278034032B94BB9FFF7F4FA4E
:1038F00073689847384634E7134201D09343F5D0B4
:103900000836E9E76B79002BB9D0FFF7A7FA002852
:10391000B5D0FFF7B9FB10F0DD0FB0D1FFF798FA83
:10392000831EDBB2012BAAD90128B0D1FFF79CFA84
:103930000028A4D1FFF7A0FAFFF70AFD064B186094
:103940009DE7002A7FF4DEAD1746F7E51619002043
:103950000C19002014190020081900200023104A17
:103960001360104A1370104A1380104A1370104AE3
:103970001380104A1380104A1370104A138053802A
:103980009380D3800E4A13800E4A13700E4A137030
:103990000E4A13700E4A13700E4A1360FFF7A4BB51
:1039A000201900201E1900201C1900201A190020BF
:1039B0001819002016190020141900200C190020D5
:1039C0000419002002190020E8180020E718002040
:1039D000E61800200819002070B5294CFFF7AEFB4F
:1039E0002368002B4AD0274E3578ADB9264A108877
:1039F00090B1198AFFF7A2FC70B101233370FFF771
:103A000043FB00F01100003818BF01201F4B187055
:103A10001F4B1D701F4B1D701F4B1888A8B11F4DE9
:103A20002B7893B92368198AFFF788FC68B10123C2
:103A30002B7023689B68F3B19847E0B12368D8885E
:103A4000174B1880C0B204F0A3FBFFF701FA04285B
:103A500014D1144B188888B1134D2B7873B923688F
:103A6000198AFFF76BFC48B10123D1202B70BDE808
:103A7000704004F08DBB23689888E1E770BD00BFFB
:103A8000201900200219002004190020E618002047
:103A9000E7180020E81800201C1900201A1900203F
:103AA000181900201619002014190020024B18685C
:103AB00000B1808A704700BF2019002083B990B1FF
:103AC000022913D0032915D0012915D1BAB91046FE
:103AD000FF2300990A70019A1070029A13707047C0
:103AE0000022FF20F4E7FF220346F2E78022184677
:103AF0001346EEE7FF22FAE71A46FF20F8E7FF2217
:103B00001046E6E708B5FFF7A9F908B9002008BD97
:103B1000FFF79EF90028F9D1054B18680028F6D068
:103B200040F6B831FFF71BFC80F00100C0B2EEE7B1
:103B300008190020F8B507460E461546FFF7E2FFC4
:103B400070B10A4B1C6864B1A36963B10FB11B0C5F
:103B50003B7016B1A3691B0A33700DB1A3692B70BA
:103B6000F8BD2046FCE71846FAE700BF2019002000
:103B7000032806D8B422504300F12401014806F07E
:103B800037B8704724190020032838B50FD80A4CDD
:103B90002378012B4FF0000309D16578A84208D1A2
:103BA000237009B9012038BDFFF7E2FFFAE70020D2
:103BB000F9E71846F7E700BF5C0C0020F7B50446AC
:103BC0000D4608F097FD2B4E2B4F7080E0B28542DA
:103BD0004ED90021294A0FE01CF801EBBEF1FF0F7E
:103BE00001D0864518D00133DBB20F2BF4D101315F
:103BF000062902F10F0239D094460023ECE701298F
:103C000006D1012B04D100227388ADF8002015E005
:103C10007388ADF8000011E03A683AB31E2000FB4B
:103C2000012232F8131032F81300090A12F8133087
:103C300040BAE4D1002BEBD1ADF800308DF8023062
:103C4000009806F053FBC0F307238DF80400C0F37F
:103C500007408DF805308DF806009DF806302046A7
:103C60009DF804209DF8051007F048F80134ADE7F1
:103C700003B0F0BD5C0C0020D8190020EE0D002030
:103C80002DE9F04105460E461746002400F12408B0
:103C9000B44201D1BDE8F0812B19B3F5347F06D2CF
:103CA00008EB040005F056FF38550134F0E700201A
:103CB000FAE72DE9F04105460E461746002400F1CB
:103CC0002408B44201D1BDE8F0812B19B3F5347F4B
:103CD00004D2395D08EB040005F0A4FF0134F0E7DD
:103CE00041EA020370B40D4650EA030104D170BCEE
:103CF000B4220A48FCF76CBD00241E260F2306FBE5
:103D000004F10648013B13F0FF03057042700844BC
:103D1000F8D10134062CF1D170BC70472419002071
:103D2000032806D8B422504300F12401014805F0CD
:103D3000A7BF704724190020074B084A10B51A6026
:103D40000023074C2370607008F0D4FC608060781A
:103D5000BDE81040FFF7E4BFD81900202419002067
:103D60005C0C0020032808B50CD8074A5070FFF7F8
:103D7000D7FF08F055FC2D2802D02D2008F04DFC6F
:103D8000012008BD0020FCE75C0C0020032808B5DA
:103D900011D80A4A117871B9012150701170FFF7DA
:103DA000BFFF08F03DFC2D2801D1012008BD2D20CA
:103DB00008F033FCF9E70020F8E700BF5C0C0020B6
:103DC000024B1878431E5842584170475C0C002043
:103DD00070B5114B1B78012B1CD1104A126892B19F
:103DE0001E244878097804FB00220D4832F811405F
:103DF000054630F8026BA64207D103F0070335F8F9
:103E0000133022F81130012070BD0133092BF0D19D
:103E10000023F6E70020F7E75C0C0020D81900200B
:103E2000E01D01084FF434722421014805F0E0BE82
:103E30007C1F010838B50024064D08F0F1FB15F889
:103E4000013B984204D00134192CF6D1002038BD32
:103E5000E0B2FCE7C71D010808B5FFF7EBFF00F56E
:103E60003E7005F077FE082828BF002008BD00003E
:103E700038B50446FFF7DEFF104B1B78012B07D047
:103E80001922431CDBB2B3FBF2F102FB1133D8B2AF
:103E90000B4B185C207008F0C0FBFFF7DDFF094BEF
:103EA00013F8104003EB40035D7808F023FC29462B
:103EB00002462046BDE8384008F0F5BB5C0C002007
:103EC000C71D0108B21D0108032810B504460AD811
:103ED000FFF726FF20460121FFF756FE2046BDE8EA
:103EE0001040FFF73FBF10BDB4235843C1EB011191
:103EF0001144243000EB41007047032838B510D836
:103F000005290ED80E2A0CD8FFF7EEFF054605F05E
:103F100021FE0446681C05F01DFE44EA002080B224
:103F200038BD0020FCE7032870B51C460FD80529D2
:103F30000DD80E2A0BD8FFF7D7FF0546E1B205F0E2
:103F400071FE210A681CBDE8704005F06BBE70BDB3
:103F500008B54FF43E7005F0FDFD082828BF00208D
:103F600008BD000070B508F05BFB0723144A12F887
:103F7000011B814221D0013B13F0FF03F7D107243D
:103F8000FFF7E6FF0130C0B2B0FBF4F304FB13000F
:103F90000C4BC4B213F8105003EB40035E7808F0EA
:103FA000A9FB31460246284608F07DFB21464FF426
:103FB0003E7005F0FAFD204670BD0624E0E700BF24
:103FC000C01D0108B21D010870B5FFF745FF04468A
:103FD00007281CBF0B4B1C5C0B4B13F8145003EB56
:103FE00044035E7808F086FB31460246284608F016
:103FF0005AFBFFF71FFF2146BDE8704000F53E70F9
:1040000005F0D3BDAB1D0108B21D010870B5FFF767
:1040100023FF044607281CBF0B4B1C5C0B4B13F8FB
:10402000145003EB44035E7808F064FB314602460B
:10403000284608F038FBFFF7FDFE2146BDE870403A
:1040400000F53E7005F0B1BDA41D0108B21D0108C8
:104050007FB51E4B1B78002B33D000221146104633
:1040600006F0B8FE00250A2601AC0A22184901A86C
:10407000FCF734FC01F09AF90378EAB2B3FBF6F3EB
:10408000934200D8FDB901F091F90378312B04D99E
:1040900000239622194620780CE001F087F90346A8
:1040A0001B7820781D2B4FF0000387BF96221946FE
:1040B0001A469621013506F021FE0A2D04F101046D
:1040C000D3D104B070BD00231A46E3E73C4400207E
:1040D0004C1D01082DE9F0430D46144689B00C280B
:1040E00048D8DFE810F00D004A008100C100460109
:1040F00051015F016D0178018301A501B301BF0189
:10410000C04FC14E38680AF00FFA0E2805D90AF0E0
:10411000C7F9338838600333338004EB84042C44BC
:104120006FF007084725FF27E4B208FB05F3328844
:1041300003F596631344B3FBF7F213448DF8043090
:104140008DF805708DF80640019806F0CFF8C0F3A1
:104150000721C0F307438DF808008DF809108DF88A
:104160000A30C2B2DBB22846C9B2013506F0C6FD3C
:10417000972DDAD109B0BDE8F083A44FA44E38687A
:104180000AF0D2F90E2805D90AF08AF93388386086
:104190000333338004EB84042C44FF270025E4B26E
:1041A00033888DF8057003EBC503B3FBF7F21344B6
:1041B0008DF804308DF80640019806F097F8C0F3AA
:1041C0000721C0F307438DF808008DF809108DF81A
:1041D0000A30C2B2DBB205F14700C9B2013506F0C0
:1041E0008DFD502DDCD1C5E78A4F8B4E38680AF023
:1041F0009BF90E2805D90AF053F933883860033348
:10420000338004EB84042C444FF00C080025FF2776
:10421000E4B2282DEBB28CBF283BC3F128033288CF
:10422000DBB208FB0323B3FBF7F213448DF8043031
:104230008DF805708DF80640019806F057F8C0F328
:104240000721C0F307438DF808008DF809108DF899
:104250000A30C2B2DBB205F14700C9B2013506F03F
:104260004DFD502DD5D185E705220023B1FBF2F29B
:10427000032C8DF809308DF80A308DF80D30ADF82B
:1042800010308DF813308DF814308DF817308DF80C
:1042900018308DF81B30614F4FEA51038DF80C2018
:1042A0008DF81D30A1EB44028DF81E308DF81F30C3
:1042B00098BF5B4BD2B238688CBF0F241C5D8DF861
:1042C00008108DF80B108DF80E208DF80F208DF84A
:1042D00012108DF815208DF816208DF819108DF814
:1042E0001A208DF81C200AF01FF9A0424D4E4E4CAA
:1042F0000FD30AF0D5F84D4A23781178386069B3A6
:104300000133DBB2AB4201D2237002E000232570FF
:1043100013704FF04709337803EB430320336B44AA
:1043200013F8186C13F8177C13F8168C217848468C
:1043300001FB08F301FB07F27143B3FBF5F3B2FB9A
:10434000F5F2B1FBF5F1DBB2D2B2C9B209F1010964
:1043500006F0D4FCB9F1970FE8D10BE70BB1013BA4
:10436000D2E70121337811700B4403F00703337057
:10437000CFE74724002320461A462946013406F099
:10438000BDFC972CF6D1F5E605264724B1FBF6F6E1
:104390002046002332462946013406F0AFFC972C14
:1043A000F6D1E7E64725A1EB8204E4B228460023D4
:1043B00022462146013506F0A1FC972DF6D1D9E61B
:1043C0004724002320462A461946013406F096FC6D
:1043D000972CF6D1CEE6472420462B462A460021CC
:1043E000013406F08BFC972CF6D1C3E6472400225B
:1043F00020462B461146013406F080FC972CF6D15E
:10440000B8E600BFF8190020F4190020F0190020C8
:10441000EC190020E8190020E4190020E019002020
:10442000F01D0108DC190020DD190020600C0020BF
:104430004725A1EB8204E4B2284623460022214608
:10444000013506F05BFC972DF6D193E647254C0825
:104450002846234622462146013506F04FFC972D7B
:10446000F6D187E64724002320461A461946013430
:1044700006F044FC972CF6D17CE600BF38B50C461C
:104480000D4D78B10AF00CF80C4B28601B7883B105
:1044900000F0C2FA58B100F0BFFA0022114600F055
:1044A00001FA04E028680AF03FF83228EAD8002030
:1044B00038BD2370FBE700BF001A002068240020ED
:1044C000014B1860704700BF041A002070B500F05F
:1044D00069FF454C027823789A4206D000F062FFCB
:1044E000002203782370414B1A6001F04FFD013820
:1044F000C0B2062896BF3E4B002653F8206000F05D
:1045000051FF0378032B06D8DFE803F0024C330792
:104510000022364B1A60012070BD344D2C6894B9CE
:1045200009F0BEFF334B28601A78002AF3D01C70C4
:1045300000F072FA054600F06FFA2246014628465E
:1045400002F058F8E7E7204647F22F5609F0ECFF53
:10455000B042E0D9FFF734FC0028DCD109F0A0FF1D
:104560002860112001F0D4F844F620600BF0A9F97E
:1045700014E001251D4C1F4B20681D7018B909F06F
:104580008FFF2060C7E709F0CFFFB042C3D3FFF72A
:1045900017FC0028BFD109F083FF2060012000F044
:1045A00073FCB8E7114C2368002BE8D000F034FA14
:1045B000062809D000F030FA012805D000F02CFAC6
:1045C000022801D000F028FA206809F0ADFF47F278
:1045D0002F5398429FD9FFF7F3FB00289BD109F096
:1045E0005FFF2060BDE700BFFD190020041A002016
:1045F000F41D0108FC19002007B58DF807100DF116
:104600000701FFF73BFFFFF761FF002003B05DF8F4
:1046100004FB00002B4B2DE9F0411B78BBB10F25AB
:104620004FF00108284E56F8041B4B1C0BD021F00C
:104630000F0701F00F0108FA01F401222146384664
:104640000CF0F0FBBC61013D15F0FF05EBD1002241
:1046500080214FF080400CF0E5FB00BF00BF00BFA1
:1046600000BF00BF00BF00BF00BF00BF00BF00BF52
:1046700000BF00BF00BF00BF00BF00BF00BF00BF42
:1046800000BF00BF00BF00BF00BF302585F3118809
:10469000012207214FF080400CF0E4FB002484F35A
:1046A000118885F3118801220C214FF080400CF015
:1046B000D9FB84F31188BDE8F041062123200CF0DA
:1046C00030B900BF67240020101E0108072804D05D
:1046D000122804D1042000F0B7BB0320FBE7704789
:1046E00008B54FF080724FF080439A614FF000722E
:1046F00040219A610F4800220CF094FB0022802197
:104700000C480CF08FFB4FF480030A4A936100229F
:10471000094B1A70094B1B785BB1112000F0F8FFB0
:1047200044F620600BF0CDF8BDE80840022000F010
:104730008BBB08BD000400405124002067240020EA
:1047400010B5084C237863B100F084FB03380128CE
:104750009DBF0023032023700220BDE8104000F01D
:1047600065BB10BD6724002010B5044609F098FE13
:104770003B4B186023780A2B66D006D8072B36D01F
:10478000082B10D0FF23237018E0212BFAD1627878
:10479000344B002A5FD0A1781A78002958D042F013
:1047A00080021A700AE0A378013B032BEAD8DFE805
:1047B00003F00206091201F0E9FBE07010BD0423CA
:1047C000E370FBE762792179E078FFF796FBA0714F
:1047D000000AE071F2E7E0782379617940EA03208A
:1047E00040BAA21D80B2BDE81040FFF749BAA378D5
:1047F000013B032BC6D8DFE803F0020B101BE07867
:104800000728DBD801F0CAFBBDE8104001F0CEBAA2
:10481000E078BDE81040FFF757BBE279A379217932
:10482000E07843EA02236279BDE81040FFF77BBBE2
:10483000E0782379617940EA032040BAA21D80B272
:10484000BDE81040FFF735BABDE8104002F062BA8B
:1048500061F3C712A5E71B78C3F3C013A370ADE7DC
:10486000041A00205E44002010B5044609F018FE2A
:10487000044B186023780A2B01D102F04BFA002078
:1048800010BD00BF041A002008B500F08BFD0378AE
:10489000022B03D100F08EFD007808BD0020FCE75C
:1048A00000F070BDF8B51546B0FA80F3B1FA81F2A8
:1048B0005B0952099A4206460C4605D000290CBFF6
:1048C0000120022000F03EFA0F4F3B78A34200D1B6
:1048D0003DB100F067FD0323037000F06BFD002382
:1048E00003703C7004F0F6FC2946204600F0D6FF29
:1048F0002A462146304601F07DFE2A4621463046B2
:1049000003F0D8F8F8BD00BF1B1A002037B50446E5
:1049100000F048FD0378012B0DD00025CDE90055AE
:1049200000F040FD0378022B07D0094B2A46197886
:104930000846FFF7B7FF03B030BD24B10822214677
:104940006846FBF7CBFF684600F04AFEF3E700BF7E
:104950001B1A002037B5044600F024FD0378012B14
:104960000ED0002500958DF8045000F01BFD037853
:10497000022B07D00D4B2A4619780846FFF792FF05
:1049800003B030BD74B163788DF80030A3788DF832
:104990000130E3788DF8023063798DF803302379A4
:1049A0008DF80430684600F077FEE9E71B1A002016
:1049B00037B5044600F0F6FC0378012B0DD0002536
:1049C000ADF8065000F0EEFC0378022B07D0114B37
:1049D0002A4619780846FFF765FF03B030BD002C62
:1049E000FBD0A278637843EA0223ADF80630813B1E
:1049F000022B09D801220DF1060002FA03F3ADF8EB
:104A0000063000F035FEE8E70DF1060000F01AFE72
:104A1000E3E700BF1B1A0020014B1878704700BF66
:104A20001B1A002010B5174C00232278032A26D821
:104A3000DFE802F0020C151E0A2213490846CB706B
:104A40008A7009F065FB0123237010BD0E4A937034
:104A5000F6231046D37009F05BFB0223F4E7F6223D
:104A600009490846CB708A7009F052FB0323EBE733
:104A7000054A93700A231046D37009F049FB0023BE
:104A8000E2E700BF121A00200C1A00207047000055
:104A900010B5FFF7FBFF00F0BBFA00F095FC01F04A
:104AA00057FB00F06BF9012803D1BDE8104000F07E
:104AB0006BB900F0B5F968B9074C206809F034FD0E
:104AC00040F6B733984205D900F04EFF10B109F017
:104AD000E7FC206010BD00BF081A00202DE9F04F50
:104AE0008FB00E220021814602A8FBF771FE00F074
:104AF00059FC0378012B0AD000F054FC0378022BF8
:104B000008D05C4B002219780846FFF7CBFE0FB0A7
:104B1000BDE8F08FB9F1000F00F0A3804FF01E0840
:104B200000262022494606A8FBF7D8FE524F9DF8E2
:104B300019300DF119043B7014F8010FFBF76EFBEF
:104B400008F1FF38304418F0FF08C6B2F4D14B4DDD
:104B50004FF0060BAA461AF8013F93B300242246F1
:104B6000D3B29E420BD89AF80030A34218BF8AF8FD
:104B7000008021E001331E2B04D11C4607E00023F6
:104B80000DF1190111F8010F0028F3D0DCB2383310
:104B90006B4413F81E0C019203F085FA40EAC4043A
:104BA000E4B2214606A809F07CFB9AF80030019A8D
:104BB000A34202F10102D3D10BF1FF3B1BF0FF0B2B
:104BC000C9D14946202206A8FBF788FE4FF000080D
:104BD0004FF001095FFA88F39E420FD800F0D8FA2F
:104BE000002844D1244809F081FA02A800F011FD00
:104BF0008DE701331E2B04D11C4607E000230DF185
:104C0000190212F8011F0029F3D0DCB238336B44CB
:104C100013F81E0C03F047FA40EAC404E4B221463C
:104C200006A809F03EFB2A46002312F8011FA14204
:104C300002D021B93B449C7008F10108CAE7013356
:104C4000062BF2D16F2CF7D80EAB03EBD40313F87D
:104C5000302C04F0070409FA04F4144303F8304C30
:104C6000EAE7082249460448FBF7B2FDB6E7FFF73A
:104C70000FFFB3E71B1A0020131A0020141A00209C
:104C800008B5064B1B7823B9054B1B780BB1FFF712
:104C9000C9FEBDE80840FFF7FBBE00BF1B1A00209D
:104CA0003D44002070B5044658B109F00DFA0C4B94
:104CB000834205D0184609F001FA0122094B1A7007
:104CC00070BD00F06FFB0378022BF9D1044D204634
:104CD0006B6898472046AB68BDE87040184700BF36
:104CE000640C00203810002038B5044688B109F063
:104CF000EBF9114C84421ED00122104B1A7001F0C6
:104D0000A1F90F4809F03CFF2046BDE8384009F002
:104D1000D5B90B4B1B78042B05D1074D6B68984711
:104D20002046AB68984706480BF037FB04480BF069
:104D300043FF01F08FF938BD3C1000208240002075
:104D40003C49002010B50C4B04461A78824204D02E
:104D50000128187002D0022807D010BD0020FFF7EC
:104D6000A1FF2046FFF7C0FFF7E70020FFF7BCFFD9
:104D70000120FFF797FFF0E7780C0020014B18782F
:104D8000704700BF780C002010B50E4B0E4C1B78FE
:104D9000052B13D1206810B909F082FB206009F0BF
:104DA000C3FB41F6573398420AD900230120236000
:104DB000064BBDE81040187000F066B80023236071
:104DC00010BD00BF3C4900201C1A00203E440020BA
:104DD00010B50B4C2378052B10D1B4F84C309B0741
:104DE00008D509F00DFB28B120460BF061FB054802
:104DF0000AF067FDBDE8104009F024BB10BD00BFFC
:104E00003C490020A086010008B5044B1B78012B0B
:104E100001D1FFF7DDFF012008BD00BF780C0020A5
:104E2000014B1878704700BF281A0020014B1870FA
:104E3000704700BF281A002008B509F031FB014B6C
:104E4000186008BD241A0020014B1870704700BF7D
:104E5000221A0020014B1878704700BF221A002048
:104E6000302310B583F3118800F0AEFD002484F3E5
:104E7000118872B600F0DEFE00F034FE04F062FD30
:104E800084F3118862B610BD014B1870704700BFE3
:104E9000211A002010B5074C237828B11BB1FFF769
:104EA000CBFF0323237010BD002BFCD10122024B4A
:104EB0001A70F8E7281A0020211A00200F4B70B54D
:104EC0001E6801F01FF90E4D044618B900232B701F
:104ED00000240AE0FFF7A0FD18B90A4B1B78042B49
:104EE000F4D02B781BB100232B70204670BD002E10
:104EF000EED004F0E9F9B042EAD3F4E77C0C0020EC
:104F0000211A00203C49002008B501F00DF938B104
:104F1000044B186809F008FBC72894BF0020012043
:104F200008BD00BF241A00200120704708B5FFF714
:104F3000FBFF38B1044B186809F0F6FAC72894BF94
:104F40000020012008BD00BF241A002070B5FFF723
:104F500063FD044668B9084E3578012D09D101F08A
:104F600071F8304609F00CFE224621462846FFF72C
:104F700099FC012070BD00BF3C49002008B5FFF737
:104F8000E5FF38B1044B186809F0CEFAC72894BF82
:104F90000020012008BD00BF241A00207047000037
:104FA00008B507F011FB003818BF0120044B18703A
:104FB00007F0FAFA09F03DFAFFF7F0FF08BD00BF6D
:104FC000201A0020002310B5074C2370FFF788FB40
:104FD000FFF746FF2378054A022B18BF03231370FF
:104FE000FFF7AEFB10BD00BF221A0020281A0020D8
:104FF00008B5064B1B780BB107F0C4FA09F022FA8A
:1050000001F02EFDBDE8084004F064B9201A00202C
:1050100010B5154C2378032B1BD8DFE803F0020AE8
:10502000131BFFF74BFFA0B1FFF706FF012323700F
:105030000FE0FFF769FF60B1FFF7B2FFFFF7FCFE7B
:105040000223F4E7FFF772FF18B1FFF7F5FEFFF751
:10505000B9FF10BDFFF792FF0028FAD0FFF7C8FF95
:10506000FFF7EAFE0023E2E7281A0020202938B5DE
:1050700005460C4610D1FFF781FE012806D12246D5
:105080002946BDE83840022009F0C2BD2146284625
:10509000BDE8384000F0E2BB38BD08F02EBF00008C
:1050A000054A064B06495A60116051609A60DA6001
:1050B000002219611A707047102200202C1A00205B
:1050C000401A00202DE9F041174C0E466768A5688C
:1050D00007F59C784545E36804D19F4206D100203E
:1050E000BDE8F08105F108029342F7E70F4B226912
:1050F0009A1A312A9CBFA3F2CF732361322EEED8C5
:105100002369014632461846FBF7E8FB034645454E
:105110003344286023616B6002D1A7600120DFE780
:105120000835A560FAE700BF2C1A00200F220020E6
:10513000074A10B5D3689268934207D0D3E90014A8
:10514000641A2246FBF7CAFB204610BD0024FBE789
:105150002C1A0020074BDA6899688A4208D05968EF
:1051600001F59C70824201D1D96070470832DA6043
:10517000704700BF2C1A0020014B1878704700BF01
:105180002C1A0020014B1870704700BF2C1A002009
:10519000034BD8689B68C01A18BF0120704700BF36
:1051A0002C1A0020104900230A4610B50C7C8442BA
:1051B00012D11C2159435018806850B1FF28515812
:1051C00008D048434000411C1C2000FB0322012062
:1051D000516010BD0131F7E701330A2B01F11C01C9
:1051E000E4D10020F5E700BFD00C0020F0B50A4E56
:1051F00000253446377C874207D11C2000FB054040
:105200004176027683760120F0BD01350A2D06F144
:105210001C06EFD10020F7E7D00C0020094A30B57A
:1052200000231446157C854205D11C22012002FB77
:105230000344A16030BD01330A2B02F11C02F1D1FD
:105240000020F7E7D00C0020094A30B500231446AF
:10525000157C854205D11C22012002FB03446160BC
:1052600030BD01330A2B02F11C02F1D10020F7E717
:10527000D00C002070B50B4C00232546267C8642BE
:1052800009D11C204343E818E95000238260C36021
:105290004374012070BD01330A2B04F11C04EDD1CD
:1052A0000020F7E7D00C002070B500252E462B4CCF
:1052B0006368002B4FD0E06808BB637CB3FA83F3CC
:1052C0005B09637409F0ECF8D4E900239342E060D1
:1052D0002BD266606674E66063690BB1207C9847E8
:1052E000207CFF2824D100221146104605F072FDD3
:1052F0000735462D04F11C04DAD1012070BD09F0F8
:1053000013F923689842D8D26368002BE4D0204672
:1053100000F01EFD0028EBD0637C207CB3B1FF2899
:105320000CD1A27E217E607EE0E79B1A6360EBE7F2
:105330009628DDD800231A46194604E09628D7D8C7
:10534000A37E227E617E05F0D9FCD1E7FF28CAD07A
:105350009628CDD8EFE76374E360C9E7D00C00204E
:105360000246002330B50C1812F8015B2B44A24210
:10537000DBB2F9D1435430BD0120704708B5FFF7C7
:10538000FBFF08BD08B54FF4E13009F0D7F9FFF78E
:1053900087FEBDE80840242200210148FBF718BA27
:1053A000A423002000487047800C0020004870476C
:1053B000830C002000487047810C002018B111B107
:1053C00089B209F0EBB9704773B5FFF7D5FE032832
:1053D0000FD8DFE800F040022D3B774B186809F04A
:1053E000A3F80A2805D900220220744B1A70FFF78F
:1053F000C9FE734D734C09F0DBF9002856D009F053
:10540000C3F92A68012A38D0022A3ED0002A5BD18B
:1054100061282FD85F2804D8A0F15A03DBB2032BF0
:10542000E9D8012302222B60674B20701A70E2E753
:10543000624A13780133DBB2282B02D813700020A4
:10544000D5E700231370FFF785FEF8E7FFF782FE2C
:105450000020FFF797FE5D48FFF76AFE014600282F
:10546000C7D05A48FFF7AAFF09F01AF8524B186044
:105470000120BCE7AF28BED1D3E70223524A2B60FC
:1054800013786070013B1370B5E72378612B0FD15F
:1054900063780D2B18D10A2816D1FFF76DFE01286D
:1054A00002D10320FFF76EFE00232B6002B070BD17
:1054B000AF2B09D16378602B06D103232B60424BBD
:1054C000A0700130187096E73F49531C2B600B7891
:1054D000A054013BDBB20B70002B8CD1194639482C
:1054E00010F8016B013133448A42DBB2F8D8A25C78
:1054F0009A422AD10322364901A8FBF7EFF903218A
:1055000001A809F04BF920462978FFF737FF00285A
:10551000CCD02378602B0AD8592B16D95A3B062BAE
:1055200013D8DFE803F015193A3E12124200AF2BF0
:105530000BD1A678202E08D1264932462648FBF703
:10554000CDF931462448FFF7A8FD00232B6052E730
:105550006278224B5A70F8E76378313B052BF4D818
:1055600001A252F823F000BF8155000889550008B8
:105570008F5500084B5500084B55000895550008FD
:105580000122164B1A70E0E70222144BFAE70322BD
:10559000124BF7E70422114BF4E762780F4BDA70F5
:1055A000D3E762780D4B9A70CFE76078431E58427C
:1055B0005841FFF76FFCC8E75C2300205823002008
:1055C000542300208023002050230020A423002007
:1055D000571D01088323002060230020800C002039
:1055E0001FB5002301930293ADF80C30A1230822CC
:1055F00001460DF105008DF80430FBF76FF901A8A5
:105600000921FFF7ADFE0A21FFF75CFD05B05DF84B
:1056100004FB1FB50446102200216846FBF7D8F8AA
:10562000A2230E2221460DF101008DF80030FBF778
:1056300055F968460F21FFF793FE1021FFF742FD51
:1056400004B010BD002307B50193A3230222014635
:105650000DF105008DF80430FBF740F901A8032196
:10566000FFF77EFE0421FFF72DFD03B05DF804FB7C
:10567000002307B58DF80630A4238DF80430037895
:10568000022101A88DF80530FFF76AFE0321FFF71C
:1056900019FD03B05DF804FB002307B50093ADF8D6
:1056A00004308DF80630A823052201460DF10100D3
:1056B0008DF80030FBF712F968460621FFF750FE1F
:1056C0000721FFF7FFFC03B05DF804FB30B505468A
:1056D00087B0152200216846FBF77AF82846FAF7CA
:1056E000A5FFC4B2122C11D8A923224629460DF1D8
:1056F00002008DF800308DF80140FBF7EFF8A11C97
:105700006846FFF72DFE1521FFF7DCFC07B030BD22
:10571000002307B58DF80630A6238DF80500022179
:1057200001A88DF80430FFF71BFE0321FFF7CAFC28
:1057300003B05DF804FB002307B58DF80630A723FE
:105740008DF80500022101A88DF80430FFF708FE4E
:105750000321FFF7B7FC03B05DF804FBB32307B5E3
:105760008DF803209A1A8DF8010010448DF802106C
:105770008DF80400052168468DF80030FFF7A2FC83
:1057800003B05DF804FB000007B50322054901A83A
:10579000FBF7A4F8032101A8FFF794FC03B05DF820
:1057A00004FB00BF301B010830B50C468FB0054626
:1057B0003122002101A8FBF70BF82E2C11D8AB23C6
:1057C000224629460DF106008DF804308DF805407B
:1057D000FBF784F8A11C01A8FFF7C2FDE11CFFF74D
:1057E00071FC0FB030BD30B50C468FB0054631228C
:1057F000002101A8FAF7ECFF2E2C11D8AC23224689
:1058000029460DF106008DF804308DF80540FBF7B0
:1058100065F8A11C01A8FFF7A3FDE11CFFF752FCEE
:105820000FB030BD1FB5002304220293ADF80C3039
:10583000AD2340EA014001900DEB02010DF109009A
:105840008DF80830FBF74AF802A80521FFF788FD1C
:105850000621FFF737FC05B05DF804FB30B50C46B8
:105860008BB005462422002101A8FAF7B1FF202CB5
:1058700012D146F2AF13224629460DF10700ADF8CA
:1058800004308DF80640FBF729F8232101A8FFF723
:1058900067FD2421FFF716FC0BB030BD10B50C4698
:1058A000062851D8DFE800F004212C353E470900D6
:1058B0001120BDE81040FFF72BBF3020FFF728FF75
:1058C000002C41D00A212148FFF76EFF28212048F3
:1058D000FFF789FF43F22D404EF21A51FFF7A2FF66
:1058E0005220FFF715FF5120E3E73120FFF710FFAB
:1058F00054B35220FFF70CFF1648FFF7E7FEF2E71C
:105900003220FFF705FFFCB15220FFF701FF1248DC
:10591000F3E73320FFF7FCFEB4B15220FFF7F8FEA7
:105920000E48EAE73420FFF7F3FE6CB15220FFF790
:10593000EFFE0B48E1E73520FFF7EAFE24B15220E5
:10594000FFF7E6FE0748D8E710BD00BF4C1E010870
:10595000561E01085B1D0108651D01086F1D010829
:10596000791D0108831D010808B5FFF711FC20B956
:105970005320FFF7CDFE012008BD0020FCE700000A
:1059800010B5C4B20B2C0CBF02200120FFF75CFA4B
:105990002046FEF79BFE0BF01EFA4FF0FF32014B44
:1059A0005A6110BD001800400023054A0549C2E9AC
:1059B00000130133102B02F10802F8D1704700BF29
:1059C000F8460020815900082DE9F041FFF7ECFF6F
:1059D00000254FF001083F4E56F8041B4A1C0CD01E
:1059E00021F00F0701F00F0108FA01F4214605220A
:1059F000384624040BF016FABC610135EDB20F2DC8
:105A0000EAD1062401263027334D55F8040B431CF8
:105A10002ED000F00F01202206FA01F120F00F0035
:105A20000BF000FA00BF00BF00BF00BF00BF00BF07
:105A300000BF00BF00BF00BF00BF00BF00BF00BF6E
:105A400000BF00BF00BF00BF00BF00BF00BF00BF5E
:105A500000BF00BF87F3118855F8040C022200F044
:105A60000F0120F00F000BF0FDF9002383F31188E4
:105A7000013C14F0FF04C8D122464FF400611748DE
:105A80000BF0D0F900BF00BF00BF00BF00BF00BFD8
:105A900000BF00BF00BF00BF00BF00BF00BF00BF0E
:105AA00000BF00BF00BF00BF00BF00BF00BF00BFFE
:105AB00000BF00BF302383F3118803220B21074866
:105AC0000BF0D0F984F31188FEF7A4FDBDE8F04196
:105AD0000BF062B9DC1E0108181F01080008004025
:105AE0007047000008B509F0CFF80322214B224986
:105AF0009A620C22DA62D1F89020204822F0180233
:105B0000C1F8902000229A62DA62D3F8402C03F5A3
:105B1000406342F480721A641A6C4FF4006142F0E0
:105B200002021A6401225A63DA67DA6608225A61AD
:105B30005A695A615A6942F001025A619A6C42F4F8
:105B4000C0629A649A6CDA6C42F00802DA64DA6C29
:105B50009A6C42F480529A649A6CDA6C42F01002A9
:105B6000DA6440F28232DB6C0BF05CF9FFF7B8FFCD
:105B700008BD00BF000001400004014000080040D3
:105B80004FF0E022136910B523F001031361234A9B
:105B9000234B01245A6100220021930003F160434A
:105BA00003F56143D3F80001012994BF002000F000
:105BB000010008B1C3F8804101312029F2D101323E
:105BC000082AE9D1174C636843F000736360164BF1
:105BD0001A6802F009021A601A6842F46C3242F044
:105BE00004021A6040F2B3321A62104B43F0010310
:105BF0009847236943F00403236130BF0C4B43F003
:105C0000010398474FF0E022236923F00403236146
:105C1000136943F00103136110BD00BFFFFF0700CC
:105C20000018004000ED00E000000140B41E010833
:105C3000801E0108FFF7A4BF7047000038B51A4D59
:105C400004462B78042B1BD8DFE803F003280E1F33
:105C5000280000231A461946FFF7C8FAFF2232210E
:105C60002046FFF707FB0BE0FF231A461946FFF714
:105C7000BDFA0322FA212046FFF7FCFA01232B701C
:105C80002046BDE83840FFF78DBAFF231A46194673
:105C9000FFF7ACFA01224FF4FA71E1E700232B7011
:105CA000FFF7CCFFECE700BF52240020FF2810B51F
:105CB00004461CD10E4BD3F8143123F07F43B3F5C7
:105CC000405F0DD1002230231146FFF78FFA2046A6
:105CD0000121FFF7A3FA2046BDE81040FFF762BAA2
:105CE000B3F5401F03D1002330221946EDE710BD64
:105CF000D00C002070B51D460C4B0E465B78144648
:105D0000DB060DD50A4B187802F0CDF9022808BF42
:105D10003446E0B26B792BB1BDE8704002F038BA7E
:105D2000C0B2F7E7BDE8704002F07ABA4444002000
:105D3000C124002008B5054B00211870FB20FFF797
:105D400083FABDE80840FB20FFF778BF522400200B
:105D500008B5037CFA2B13D0FB2B16D1104B1B7804
:105D6000012B0FD0033B012B0AD80E4B1B783BB104
:105D7000437C2BB1837E027E417E502004F0BEFF27
:105D8000002008BDFEF71CF8FAE7074B1B78002B34
:105D9000F6D1FEF715F880F00100C0B2F1E700BFC0
:105DA00052240020404400206C240020014B18683D
:105DB00003F010BA444400200B8813B5A3F5FC434C
:105DC0000A2B28D8DFE803F0062A435C2727272779
:105DD000A9277400684B01201A780DF10701C2F35E
:105DE000420352098DF80730FEF748FB9DF8072063
:105DF000042A10D81523D340D9070CD5FEF70CFE82
:105E000001221146FEF74EFD01225C4B1A7008F08C
:105E100047FBFEF755FB002002B010BD564B01209A
:105E20001A780DF10701C2F3420352098DF80730C9
:105E3000FEF724FB9DF80720042AECD81523D34055
:105E4000DA07E8D5FEF7E8FD01220221DAE74A4B3E
:105E500001201A780DF10701C2F3420352098DF8AF
:105E60000730FEF70BFB9DF80720042AD3D8152333
:105E7000D340DB07CFD5FEF7CFFD01220321C1E7D9
:105E80003D4B01201A780DF10701C2F3420352097C
:105E90008DF80730FEF7F2FA9DF80730DA1E012A76
:105EA00001D9002BB7D1FEF7B7FD01220621A9E7E2
:105EB000334B187802F0F7F802280CBF01220022B9
:105EC000304B1A701BD1002002F04FF8002002F076
:105ED000D6FC0022FF2311461A20FFF787F9812004
:105EE000FFF729FC00211A20FFF7AEF90322FA215F
:105EF0001A20FFF7BFF91A20FFF754F98BE70220A9
:105F000002F033F8002002F0BAFCFF231A201A46F0
:105F10001946FFF76BF98020E2E7174A5178C1F381
:105F2000C00383F0010363F3C30111F00804164BAF
:105F3000517016D001221A800023FF211A46242016
:105F4000FFF754F900212420FFF77EF90322FA21FC
:105F50002420FFF78FF92420FFF724F9FFF726FF0D
:105F600059E708221A80FF23242019461A46FFF712
:105F70003DF92146E7E700BF4444002051240020BA
:105F8000C12400206A240020EC0D0020024B587828
:105F900000F00700704700BF44440020024B5A78CD
:105FA00060F302025A707047444400200022174BED
:105FB00010B51A700122164C164B1A702368164A37
:105FC0001A40164B13432360FF232371FEF724FD71
:105FD000237860F343032370FDF724FFFFF7E6FE09
:105FE0000F4B187870B102280CD0002002F047FC4B
:105FF000BDE810400B4B1A7842F080021A701888E6
:1060000003F0E1B801F0B1FFEFE700BF6524002025
:1060100044440020EA0D00200E80E0F03127040007
:10602000662400205E44002008B503F0D0F8044B3D
:10603000186018B9BDE80840FFF7B8BF08BD00BF39
:10604000444400204FF40032014B9A61704700BF76
:10605000000400400222014B9A6170470004004096
:106060004FF080434FF080729A6108F0C7B900008A
:106070004FF080434FF4807210B59A614FF4007274
:1060800080219A61174801220AF0CCFE4FF40003E8
:10609000144C0122A361402120460AF0C3FE124B9A
:1060A0005B7813F0400316D040230022A3610F4B0E
:1060B0001A70FEF7B1FC0446FEF7AEFC0022014662
:1060C0002046FEF7EFFB08F09AF908F0E9F9BDE881
:1060D0001040FEF7F5B94FF4800202498A61044A84
:1060E0001370E6E70004004044440020EA0D00205D
:1060F00065240020024B1878031F5842584170470E
:106100003C49002010B5FEF787FC044638B9054B22
:106110001B78042B03D0FEF7B7FE204610BD0120EC
:10612000FCE700BF3C49002010B5FEF775FC0446B3
:1061300050B9064B1B78042B06D0FEF7A5FE20466F
:10614000FEF774FE204610BD0120FCE73C4900200C
:1061500038B5134D134C2868C8B108F0E5F9632829
:1061600015D97020FFF7D4FA5520FFF7D1FA572040
:10617000FFF7CEFA2178002201F00E00B0FA80F08D
:10618000C1F342014009FEF78DFB00232B6021780B
:106190000020BDE838404A09C1F34201FEF72CBA9D
:1061A0007C240020444400208C4B73B51880A0F55B
:1061B000FC400C460A2800F20E81DFE810F03400A3
:1061C00072009300B300D7000C010C010C01140005
:1061D0000C011400824C207806F0C4FE00232370CA
:1061E000002002B070BD4B79002BF3D0FEF714FCF9
:1061F0000446FEF711FC844209D0FEF70DFC04466C
:10620000FEF70AFC002201462046FEF74BFB744CC9
:106210002378002BE4D140F6B830704A714906F07B
:1062200093FE2070DCE7704B01201A780DF1070116
:10623000C2F3420352098DF80730FEF71FF99DF8AB
:106240000720042A26D81523D340D90722D56679FA
:10625000634D002E00F08580FEF7DEFB012805D09F
:10626000FEF7DAFB00220121FEF71CFB2B7833B985
:1062700040F6B830594A5B4906F066FE28706379EB
:1062800043B108F0DFF80022584B1A7008F008F903
:10629000FEF716F9FF20FFF73BFA0022544B1A7065
:1062A0009EE7514B01201A780DF10701C2F342031A
:1062B00052098DF80730FEF7E1F89DF80720042A0F
:1062C000E8D81523D340DA07E4D56679444D002E8B
:1062D00047D0FEF7A1FB0228C8D0FEF79DFB0022A5
:1062E0000221C1E7404B01201A780DF10701C2F3EA
:1062F000420352098DF80730FEF7C0F89DF80720D9
:10630000042AC7D81523D340DB07C3D56679344D9B
:106310003EB3FEF781FB0328A8D0FEF77DFB0022E9
:106320000321A1E7304B01201A780DF10701C2F3D8
:10633000420352098DF80730FEF7A0F89DF80730A8
:10634000DA1E012A01D9002BA4D16679244D46B169
:10635000FEF762FB062889D0FEF75EFB00220621CD
:1063600082E7287806F0FEFD2E7088E71E4B01209C
:106370001A780DF10701C2F3420352098DF8073074
:10638000FEF77CF89DF80730DA1E012A01D9002BB0
:1063900083D16579124CCDB1FEF73EFB28B1FEF7F3
:1063A0003BFB00221146FEF77DFA237833B940F615
:1063B000B8300A4A0B4906F0C7FD207000220B4B8B
:1063C0001A7008F06DF8FEF77BF866E7207806F0A3
:1063D000C9FD2570F2E7012003E700BFE02300209C
:1063E000DF230020B95D0008444400205124002030
:1063F00058240020F8B504460D46FEF7D3FF037875
:10640000022B03D108F04CF8FEF75AF847F62103A7
:106410009C4220D01AD8A4F5A443213B9BB2042B64
:1064200004D8152222FA03F3DB0728D4FDF7C8FCB1
:1064300088B1A4F5A443203B1F2B0CD96B7953B131
:1064400029462046FDF7C4FC0020F8BDA4F5FC4316
:10645000123B032BEAD8FDF7B3FC70B345F22523BA
:106460009C421ED845F220239C42EDD91520A4F56C
:10647000A444213CA4B2E04000F00100E5E76F79BC
:10648000002FE8D1FDF79CFC0028E4D00C4E3378B7
:1064900023B1294620463770FDF79AFC012333705B
:1064A000D9E747F621039C42CFD0A4F5FC44123C27
:1064B000032C8CBF00200120C7E70120C5E700BFE7
:1064C000404400201E3808B50B4627286DD8DFE869
:1064D00000F0141B1F23272B2F33373B6C6C6C6C85
:1064E0006C3F436C6C6C6C6C6C6C6C6C6C6C474B88
:1064F0004E5154575A5D606366693A22BE211E2090
:10650000FFF7F8FB002008BD3B22BD211F20F7E765
:106510003C22C1212020F3E73D22C2212120EFE7C8
:106520003E2222201146EBE73F2223201146E7E7D7
:106530004022AC212420E3E74122AE212520DFE7E1
:106540004222AB212620DBE74322A8212720D7E7E0
:106550004422AA212D20D3E74522A9212E20CFE7CE
:10656000B3223A210846CBE7B5223B21FAE7B12214
:106570003C21F7E7B2223D21F4E7AF223E21F1E7CB
:10658000AD223F21EEE7AC224021EBE7AE224121D4
:10659000E8E7AB224221E5E7A8224321E2E7AA226D
:1065A0004421DFE7A9224521DCE70120ABE7000019
:1065B00073B5154606461C46019107F071FF084B5E
:1065C00003221860074B64001E60074B01A91D6081
:1065D000064B07481C60FAF781F902B070BD00BF96
:1065E0004C24002040240020482400204424002083
:1065F0003C240020F7B5474B474E0D4637781446EC
:106600001A70FEF709FAC7F34207874213D0FEF764
:1066100003FA337800F0070060F343033370DAB213
:1066200003F00E032BB103289EBF134660F34713FC
:106630003370FFF7BBFB062D69D8DFE805F0570480
:106640001C3068684400FF236CB100228DF80630CE
:10665000ADF804200123C8220420019903B0BDE84D
:10666000F040FFF7A5BF8DF806304FF4FA72012312
:10667000ADF80440F0E7FF234CB100228DF806305E
:10668000ADF804200123C82203200199E6E78DF824
:1066900006304FF4FA720123ADF80440F4E7FF230B
:1066A0004CB100228DF80630ADF804200123C82239
:1066B00002200199D2E78DF806304FF4FA720123D7
:1066C000ADF80440F4E74FF47F43ADF804303CB13B
:1066D0000023C8228DF80630012318460199BDE732
:1066E00001234FF4FA728DF80640F6E74FF6FF7378
:1066F000ADF804308DF8063001231CB1C82200200B
:106700000199ABE74FF4FA7220460199A6E703B06E
:10671000F0BD00BF502400204444002010B5FEF717
:1067200041FE0378022B13D0FEF776F918B90A4B15
:106730001B78042B0AD0FEF76FF90446FEF76CF9BC
:10674000064B01461A782046FFF754FF012010BD82
:1067500001F0CFFC0020FAE73C4900205024002043
:1067600070B5164C2068D0B107F0DEFE144B154D05
:106770001B68984208D2144B18682B6813F0010369
:1067800013D11A46194614E007F08AFE2B682060E0
:1067900033B900232360FFF7C1FF0028EBD170BDA0
:1067A000013B2B60002BE6D1F3E708498B784A7850
:1067B0000978BDE8704004F0A1BA00BF4C24002065
:1067C0004824002044240020402400203C240020B1
:1067D00008B53023FF201A461946FEF707FD0322AD
:1067E000FA21FF20FEF746FDFF20FEF7DBFC01202B
:1067F00008BD0000204B2DE9F0411B7813B30025A4
:10680000DFF87880474600242846E1B203F054F8C8
:10681000064660B13B7853B94DB9012C14D16020C4
:10682000FEF776FF224605212846FEF797FF013442
:106830000F2C07F8016BE7D10135EDB2062D08F1F9
:106840000F08DFD1BDE8F081022C06D16020FEF7F1
:106850005FFF012205211320E7E7032C06D160200A
:10686000FEF756FF012205212720DEE7042CDED1AA
:10687000FEF78AFFDBE700BF68240020E223002048
:10688000F8B54FF080431A694F4C1B69C2F3C01131
:106890004E48217003F40041C3F3C0330370130664
:1068A00040F1858000290CBF64256625484E30687C
:1068B00000287ED107F0F4FD30602846FEF728FF5F
:1068C0005320FEF725FF434EFFF794FF307801F089
:1068D000EAFB002874D0022872D03F4F3B7873B196
:1068E0003E4D286807F020FE4F2808D94FF40002DB
:1068F0003B4B9A6100233B7007F0D2FD2860394F73
:106900003B7873B1384D286807F00EFEC72808D9C8
:106910004FF40002324B9A6100233B7007F0C0FD38
:106920002860324D2B7853B9307801F0BCFB022837
:106930000CBF80208120FEF7FEFE01232B70FEF7A6
:106940006BF82B4D2B78834207D0FEF765F8287043
:10695000FEF762F8FF20FEF7DBFE23789BBBFEF715
:1069600025FD03787BBB234C206810B907F098FD08
:10697000206007F0D9FD46F2A813984223D901F010
:10698000E9FE206807F0D0FD46F2905398421AD9EC
:1069900001F0E0FE002323600124174B11201C703E
:1069A000FEF7B6FE2046BDE8F840FEF76DBA652555
:1069B0007CE707F0B9FDB0F57A7F3FF67BAF82E761
:1069C0000E4B187089E7F8BD792400207824002048
:1069D000D8230020C124002064240020602400204B
:1069E00000040040E90D00205C240020D423002096
:1069F000860C0020D023002067240020662400207D
:106A00002DE9F3410026FF27144D054400EB8000DB
:106A10004400E4B28DF800408DF801708DF80270EA
:106A2000009815F8018B03F061FCC0F30721C0F357
:106A300007438DF804008DF805108DF80630C2B2BA
:106A4000DBB24046C9B2013604F058F90A34052ECB
:106A5000E4B2DFD102B0BDE8F08100BF870C0020B6
:106A600038B5FDF7D9FF044670B924480578012DE3
:106A70000AD14FF40032224B9A6108F081F8224685
:106A800021462846FDF70EFF1E4C002021781C4DA4
:106A90004A09C1F34201FDF7AFFD4FF080434FF4C7
:106AA00080729A614FF4007240219A61144820224A
:106AB0000AF0B8F92022802111480AF0B3F9012226
:106AC00080210F480AF0AEF94FF400030122AB61B8
:106AD000402128460AF0A6F9637813F0400305D058
:106AE00040230022AB61084B1A7038BD4FF480027E
:106AF00003498A61054A1370F7E700BF3C4900204B
:106B00000004004044440020EA0D002065240020D9
:106B1000F8B5002401270A4E00252046E9B202F00C
:106B2000CBFE28B1052C03D115B901253770F4E748
:106B300001350F2DF1D10134E4B2062CECD1F8BDB2
:106B4000682400201A4B07B51B7873B3194B1B78C8
:106B5000032B17D8DFE803F0022124274FF47F43EB
:106B6000ADF80430A0238DF80630019803F0BEFB89
:106B7000C0F307238DF80000C0F307408DF8013003
:106B80008DF802009DF802209DF800109DF801008C
:106B900003B05DF804EB04F01DB94FF65573DFE761
:106BA0004FF6AA73DCE70023DAE703B05DF804FBD5
:106BB0006C2400206B2400200A4B9B7803F0070311
:106BC000032B0BD8DFE803F00C0206081123064A5A
:106BD000137070471E23FAE72A23F8E73723F6E7F6
:106BE0000823F4E7444400205924002038B5FFF777
:106BF0001BFA01224FF480714FF080400AF012F925
:106C00004FF080444FF48073A3614FF400333B4D49
:106C10000122AB61284602210AF004F92046002235
:106C200080210AF0FFF8204620224FF400410AF0AC
:106C3000F9F82846202240210AF0F4F828462022BC
:106C400080210AF0EFF8204601224FF400710AF08B
:106C5000E9F84FF40073A361294CFDF721FE217878
:106C60000022C1F342010120FDF71CFE07F018FCD1
:106C7000244BFF221860C821FA20FEF7FBFAFA2005
:106C8000FEF790FAFF22C821FB20FEF7F3FAFB2063
:106C9000FEF788FAFDF7C0FEFF20FEF739FD00F091
:106CA000EBFEA078C0F3C100FDF746F828460122AC
:106CB00080210AF0B7F84FF4000301222846AB61A7
:106CC00040210AF0AFF8637813F0400115BF40226D
:106CD0004FF480020021094815BFAA6182610A4A67
:106CE0000A4A13F0080F11700CBF01220822084B4A
:106CF0001A80BDE83840FFF75FBF00BF00040040C6
:106D0000444400207C240020EA0D0020652400205B
:106D1000EC0D002008B502F0B9FA03F0BDFF02F057
:106D20004FFA044B1880FFF753FDBDE80840FFF70A
:106D30005DBF00BF5E4400202DE9F04106460C46D1
:106D4000FFF758FB002800F015812146304600F07F
:106D5000C3FE002800F00E8121463046FFF7B2FB4B
:106D6000002800F0078121463046FFF71DFA07464C
:106D7000002800F0FF80B74B1B7823B147F60E6365
:106D80009E4240F0F780DFF8D08298F8003053B18F
:106D9000637943B12C2E06D000221146104688F8A4
:106DA000002004F017F8AD4D2B7813F00E0F40F0D3
:106DB000D380B6F5F84F00F0808100F2AB8045F249
:106DC00002239E4200F0EA827BD87E2E4DD87A2E96
:106DD00040D82C2E00F082813846BDE8F081A6F51F
:106DE000FC46053E182EF7D801A353F826F000BF45
:106DF00085730008E96F000809720008D96D000862
:106E0000CD700008D96D0008B374000877710008D0
:106E1000BD71000801700008AB700008796F0008B0
:106E2000AD6F000863740008F1730008297400084E
:106E300049740008D96D0008D96D0008D96D0008A3
:106E4000D96D00080171000827710008457100081C
:106E5000377000087C3EE0206379022E00F2F1805A
:106E6000DFE816F0080111011A01E72E16D8E02E0E
:106E7000B2D9E13E062EAFD801A353F826F000BFE9
:106E8000EF750008D96D000881750008D96D0008FC
:106E9000EF750008D96D0008B3750008B6F5A44F6A
:106EA0009AD16379002B65D06D4B187801F0FBF80F
:106EB00002285FD1002001F058F8002001F0DFFC2B
:106EC00058E047F213039E4200F0A380A6F5F04677
:106ED000203EB3B20A2B3FF67FAF0A2E3FF67CAFBF
:106EE00001A353F826F000BF63710008F574000891
:106EF000D96D000855750008D96D00086373000846
:106F00004173000891720008D972000821720008CC
:106F10005572000847F61D639E423FF65DAF47F687
:106F200004639E423FF65BAF47F603439E4200F088
:106F3000308247F616439E427FF44EAF6279494B4A
:106F4000002A49D0484A1278002A0CBF292035204F
:106F50001A7000F077FF0DE0FEF724FA0378032B98
:106F60007FF427AF331FA02B04D9A6F1E003072B32
:106F70003FF61FAF00272FE7EB7803F00F030C2B32
:106F8000F8D06379002BF5D0AB7803F00702032A21
:106F900008D8013262F30203AB70FFF70DFEFEF773
:106FA00005FFE7E7042AF8D00422F3E7EB7803F0C3
:106FB0000F030C2BDED06379002BDBD0AB785E07A0
:106FC00003D1AB7823F00703E6E7DA1D62F302038F
:106FD0005C07AB70E1D1F4E71B78002B0CBF2920D4
:106FE000352000F045FFC5E76379002BC2D06B78F0
:106FF000C3F3001282F0010262F304136B70CEE758
:1070000063791A4C002B00F0C78107F049FA206021
:10701000B0E76379002B3FF4DFAE002330211A463E
:10702000FF20FEF7E3F80121FF20FEF7F7F8FF202D
:10703000FEF7B8F8D0E662790D4B02B101221A7062
:1070400098E71BB100F0FEFE1B2082E700F010FF66
:107050001B20C6E7682400206C2400204444002044
:10706000C1240020DE230020692400207024002099
:107070003D4400201BB100F0E5FE062069E700F06A
:10708000F7FE0620ADE71BB100F0DCFE192060E73B
:1070900000F0EEFE1920A4E71BB100F0D3FE09209A
:1070A00057E700F0E5FE09209BE76379002B3FF4EA
:1070B00093AE6220FEF72CFB8EE66379002B3FF443
:1070C0008BAE02F05AF807F047FA85E66379002B99
:1070D0003FF450AF012388F800304BE798F80030B8
:1070E000002B3FF479AE6379002B3FF443AFB24AF3
:1070F00013780133DBB2032B88BF0023137039E709
:1071000063794BB1FCF75CFE30B9E22001F040F846
:107110002B2001F03DF85FE6E22001F081F82B2002
:1071200001F07EF858E663793BB1FCF749FE20B9DF
:10713000E32001F02DF80B20EBE7E32001F070F8DD
:107140000B20EDE763793BB1FCF73AFE20B9E32071
:1071500001F01EF80720DCE7E32001F061F80720CA
:10716000DEE76379002B3FF405AF2B78DA4362F357
:1071700000032B7013E76379904CEBB12178D9B9F8
:107180006B78402243F040036B7001258C4B1D70DF
:107190008C4B9A618C4A107828B11170FEF706FE6C
:1071A00001232370E6E680229A6107F079F9874B84
:1071B0001860874B1D70F1E70023F2E76379854E75
:1071C000FBB13578EDB9802201247E4B9A61824B68
:1071D0001C7007F065F9814B1860FF2346201A46A2
:1071E0001946FEF703F829464620FEF72DF803223C
:1071F000FA214620FEF73EF84620FDF7D3FF347013
:10720000B8E600233370B5E66379002B3FF4B2AEE5
:107210002B78C3F3001282F0010262F30413A8E793
:10722000FCF7CEFD054600287FF4A4AE6379002B61
:107230003FF4D2AD05F0E4FAD6287FF6CDAD29466D
:107240001120FEF701F80322FA211320FEF712F8AD
:107250001320EDE6FCF7B4FD00287FF48BAE6479D3
:10726000002C7FF4B9AD05F0CBFA5F283FF6B4AD42
:1072700021461320FDF7E8FF0322FA211120FDF734
:10728000F9FF1120FDF78EFF372005F0B1FA71E606
:10729000FCF796FD054600287FF46CAE6379002B61
:1072A0003FF49AAD05F026FA10F0800F4C4C0ED04A
:1072B00029461220FDF7C8FF0322FA211520FDF709
:1072C000D9FF1520FDF76EFFA023A37084E505F01C
:1072D00011FA2030A0707FE5FCF772FD054600280A
:1072E0007FF448AE6379002B3FF476AD05F002FAE7
:1072F00020281FD829461520FDF7A6FF0322FA21D2
:107300001220FDF7B7FF1220FDF74CFF06F0EAFE52
:10731000C0F34004800703D50022314B9A705BE52F
:10732000002320461A461946013403F0E7FC972C47
:10733000F6D1F1E705F0DEF9294B203898704BE5DE
:107340006379002B3FF416AE05F06AF9022805D1E7
:107350006B7823F020036B70FEF728FDFCF756FED8
:1073600008E66379002B3FF405AE05F059F90228D1
:1073700005D16B7823F020036B70FEF717FDFCF747
:1073800023FEF7E52B78174A13F00E0318BF637935
:10739000B4E66379144C35E62360EBE56379002BA2
:1073A0003FF4E8AD114B187800F07DFE02283FF461
:1073B000E1AD02207FE500BF6B240020DD2300202B
:1073C0006524002000040040EA0D00206024002015
:1073D00064240020DC230020E90D00205C24002030
:1073E000414400203C44002074240020C12400209B
:1073F0006379002B3FF4BEADA8780021C0F3C10033
:10740000FCF7C2FB0020AB7823F01803AB70FCF74D
:1074100087FCFEF7CBFCA878C0F3C100FCF7A2FC08
:107420000020FEF787FCA5E56379002B3FF4A2ADB1
:10743000A8780021C0F3C100FCF7A6FB0120AB78BF
:1074400060F3C403AB70E2E76379002B3FF492ADC5
:10745000A8780021C0F3C100FCF796FB0220AB78AE
:10746000EEE76379002B3FF485AD05F0D9F82D28C0
:107470007FF480ADFCF7A4FC0446A8785E4DC0F311
:10748000C1007CB9FCF782FC5C4B1C7007F008F86B
:107490002246286021462046FCF722FC0320FEF706
:1074A00049FC7CE5002401212C60FCF76DFB2046A3
:1074B000F5E76379002B3FF45DAD01226B7823F093
:1074C00040036B704E4B1A704FF480024D4B9A6123
:1074D0004D4B197811B100221A7060E5EB785A1CF7
:1074E00002F00F020C2A94BF62F3030361F303035B
:1074F000EB7054E56379002B3FF43CAD05F090F858
:107500002D28424C22D1FCF75BFC68B1A878C0F36F
:10751000C100FCF705FCA8780021C0F3C100FCF70E
:1075200033FB0022354B1A702879FF2808BF212031
:1075300005F073F8FEF73AFC05F0B8F8C0F307233E
:107540002070C0F307406370A07013E53048FCF76B
:107550008FFCEFE76379002B3FF40CAD0120FCF7C3
:1075600001FD6B7843F020036B7005F09FF8274B0B
:10757000C0F307221870C0F307405A7098700EE5E8
:10758000244B187800F08FFD0228234B2BD1617912
:10759000224A1B781170D9067FF51EACFCF710FC4F
:1075A00000287FF419ACE3206379C3B100F04AFCF2
:1075B00012E4184B187800F076FD0228164B12D111
:1075C000164A61791B781170DA067FF505ACFCF775
:1075D000F7FB00287FF400ACE7206379E5E700F0D3
:1075E00047FCFFF7F9BB1B78DB063FF5F5AB62798B
:1075F0000A4B1A70FFF7F0BB4C44002040440020B7
:10760000EA0D0020000400406524002041440020D1
:1076100048440020C12400205E440020692400204A
:1076200010B5FDF7F9F958B1FDF7BCFE03780D4C24
:10763000022B06D10123237006F032FF0A4B18609B
:1076400010BD2278094B5AB101221A70064B1868F6
:1076500006F06AFFB0F5FA6FF2D900232370EFE766
:107660001A70EDE7582400205424002053240020F1
:107670002DE9F043DFF81C82064698F800500F46CB
:10768000A5B0CDB1844C2378412B00F2FF800022BD
:10769000824D1046114603F09DFB286806F044FF1A
:1076A000322805D906F0FCFE2378286001332370C8
:1076B0002078FFF7A5F9E1E08A22794901A8F9F7D6
:1076C0000DF9DFF8E09101AC2278607802EB42021C
:1076D00009EB02018B7819F802204978013503F093
:1076E0000DFB452D04F10204EED16F4C206848B12A
:1076F00006F01AFF40F6B833984203D9FFF70AFBA9
:1077000000232360694D6A4C286858B106F00CFFCD
:1077100042F21073984205D9237883F00103237055
:1077200000232B60634B1B78002B40F08880FCF714
:1077300047FB58BB604B1B78042B22D106F0D2FCD0
:107740005E4DC0F340002B7898420FD006F0CAFC83
:10775000C0F34000287006F0C5FC8107C0F3400369
:1077600004D41A461946062003F0C8FA06F0BAFCFB
:1077700082070BD5FF2306201A46194603F0BEFAEE
:1077800004E0FDF70FFE0378022BD7D04C4DDFF855
:107790003491287800F087FC02280ED04A4A99F8E4
:1077A00000301078C3F3001188420B4605D01170E9
:1077B00019B90A46082003F0A1FA99F80030DB064F
:1077C0000AD5287800F06FFC022805D0FF23082096
:1077D0001A46194603F092FA04F022FF1F282ED011
:1077E00004F01EFF2C282AD004F01AFF242826D0EB
:1077F00004F016FF252822D004F012FF26281ED000
:1078000004F00EFF27281AD004F00AFF282816D00B
:1078100004F006FF292812D004F002FF2A280ED017
:1078200004F0FEFE2B280AD0284B9A78D878284BF3
:1078300002F00702197800F00F00FCF74BFC2378E8
:107840002BB1FF2309201A46194603F057FAFFF718
:10785000E7FEFDF7E1F810B11E4B1B780BB9FEF700
:107860007FFF39463046FDF71FFDFFF76BF9FCF748
:10787000EFFB98F80030002B7FF404AF3946304618
:1078800000F0CEF9012025B0BDE8F083002388F890
:107890000030F3E7E80D0020CC230020C8230020AF
:1078A000331B0108AD440020742400207024002004
:1078B000682400203C4400203C490020850C002026
:1078C000C12400205E440020840C00204444002099
:1078D000592400205324002010B50124044B1C70AF
:1078E00000F038FF2046BDE81040FDF79FBA00BF0A
:1078F0008624002008B5FDF78FF830B1FDF752FD62
:107900000078831E5842584108BD0120FCE7000062
:1079100008B5044B187800F0C6FB831E5842584146
:1079200008BD00BFC1240020A0F139030C2B16D9DB
:10793000A0F1A903012B12D9292810D047F603433F
:1079400098420CD047F60563984208D0A0F5FC4356
:107950000F2818BF042B94BF01200020704701207E
:1079600070470F2808B509D131B14FF080431B692A
:107970001B0601D4FFF7B0FF012008BD0020FCE783
:1079800047F60343984237B50C4616D1052000F060
:107990005FFF90B1FBF778FB83060ED563794BB19F
:1079A00000F0D8FE41F2883007F08BFF01F0E5FBD4
:1079B00006F0D2FD012003B030BD294D2878002803
:1079C000F9D0022221460DF10600F8F787FF62790F
:1079D00040F20B41BDF80630002A32D08B42214ADA
:1079E0004FF001011CD111701F49087820B300230A
:1079F00013701E4A2B7013701D4A0B70137004F025
:107A0000C1FD06F01FFD0320FDF710FAFDF704F895
:107A100002460028CED1174B1978FCF743FFC9E77F
:107A20000E2B04BF1048017011780029DCD10E2BF9
:107A3000C0D0FFF751FFBDE740F20B429342F6D1B1
:107A4000B8E78B4206D1074B1A70074B1B78002B07
:107A5000B0D1EEE70E2BADD1034B1A70014BF5E719
:107A600086240020852400208424002090240020E7
:107A7000872400200E10002008B5FBF76FFFFBF7EE
:107A800009FA0020FBF7F8F9502208210848F8F716
:107A90009FFE0822064B072003F83D2C03F83C2CE0
:107AA00003F83A2C03F8392CBDE8084004F0CCBEAA
:107AB000BD0F002031B938B10122044B1870044BBE
:107AC0001A707047034B1970704700BF0D100020EB
:107AD000902400200E100020014AFBF78BBC00BF51
:107AE000301F01082DE9F041444C237883BBFEF799
:107AF00001FB4FF0804306461D69002848D1C5F3BD
:107B0000C015A8463E4B3F4C1A783F4FAA4206D0BC
:107B10001D7006F0C5FC85F0010520603D70B8F1D0
:107B2000000F3BD000233B70FCF776FF054698B36F
:107B3000206810B906F0B4FC206006F0F5FC4F2870
:107B40001ED90022284611462260FCF7ABFE17E042
:107B5000FCF762FF20B14FF080431B691B060CD578
:107B600000232A4A23701370294A137004F00AFD77
:107B700006F068FC0320FDF759F92378002BB6D0F6
:107B8000FEF77EFE06F0C4FCBDE8F041FBF724BF23
:107B900005464FF00108B5E72060F1E7FCF73CFF30
:107BA0003B7805463BB31B4B1B78CBB11A4B93F884
:107BB0000080A8451BD02068A0B906F071FC002207
:107BC000206041462846FCF76DFE002DD8D1002EDE
:107BD000D6D13046FDF758F93046FDF727F9CFE703
:107BE0000E4BE4E706F0A0FC3B28E6D8EDE70023C7
:107BF00023603B70E9E7C4F80080E6E786240020B4
:107C0000882400208C240020872400208524002044
:107C100084240020902400200D1000200E1000204D
:107C200000232DE9F04387B08DF815308DF816301C
:107C30008DF81730FBF712F90446FBF709F90546F2
:107C4000FBF712F90646FBF703F9021F20463C2416
:107C500053420DF116080DF115070DF117095341A7
:107C600029463246CDF804800097CDF80890FBF7FE
:107C700025FF3846642741464A46FBF75BFFFBF782
:107C800015FF9DF817309DF816209DF815106343D9
:107C900062436143B3FBF7F3B2FBF7F2B1FBF7F1D9
:107CA000DBB2D2B2C9B203F029F806239DF8154021
:107CB0009DF816509DF817605C435D435E43B4FB2E
:107CC000F7F4B5FBF7F5B6FBF7F6DFF8C480314FF4
:107CD000B8F80000E4B2EDB2F6B2C8B906F018FC8C
:107CE000A8F80000FCF798FE00284BD0FDF75EFBDB
:107CF0000078642828BF6420502358436423B0FBD5
:107D0000F3F0254B1870C0F150004010387003E0BC
:107D100006F003FCF928E1D84FF00008DFF878906E
:107D20003A785FFA88F39A4208F147002CD899F81C
:107D300000301344434527DD33462A46214608F1E7
:107D4000010802F0DBFFB8F1500FE9D100230A204F
:107D50001A46194602F0D2FF00230B201A46194694
:107D600002F0CCFF00230D201A46194602F0C6FF90
:107D700000230E201A46194602F0C0FF012007B06A
:107D8000BDE8F0836420B7E700231A461946D6E71A
:107D900082240020802400208124002005280DD882
:107DA00005290BD80E2A09D85A23C1EB011103FB70
:107DB0000010034B024433F8120070470120704753
:107DC0004C220108052808D839B9054B82F0010278
:107DD00002EB400033F8100070470120704700BFED
:107DE000641F0108A0F58072B2F5F85F03461FD248
:107DF00013F4805F00F4007103F48062C0F300208C
:107E000003F400630AD0000109B140F020000AB178
:107E100040F040006BB140F08000704709B140F085
:107E200002000AB140F004001BB140F008007047A6
:107E30000020704710B50C46FFF7D4FF2346BDE87D
:107E400010401847A0F1E003072B10B5044600D9F5
:107E500040B920460449FFF7EDFFE0B2BDE810400D
:107E600000F096B90149F6E7DD82000801870008B5
:107E700010B50446C0B200F0D3F9A4F1E003072B1B
:107E800000D92CB903492046BDE81040FFF7D2BF06
:107E90000149F8E7EF8200081387000838B5054666
:107EA0000C46FFF7CFFF1CB92846FFF7E1FF38BDAE
:107EB0006420013C07F005FDA4B2F4E708B53928B9
:107EC0000CBF50210021FFF7E9FF08BD01207047DA
:107ED00008B5FFF7FBFF08BD704708B5FFF7FCFFCB
:107EE00008BD000013B502AB03E903000F4B1B787C
:107EF000B3B99DF8053073B16AB100F06BFD04466B
:107F00000146009800F028FD2046009902B0BDE827
:107F1000104001F0AFBB009800F03EFD0446F3E7CF
:107F2000009800F057FD0099F0E700BF982400206A
:107F3000034610B400885C880A4640EA04409988E9
:107F400010BCFFF7CFBF10B504460121FFF7F0FFCB
:107F50002146FFF7BDFF10BD10B504460021FFF715
:107F6000E7FF2146FFF7B9FF10BD10B5012484409B
:107F7000E4B2204601F020F92046BDE8104000F0B0
:107F80003ABC0120704708B5FFF7FBFF08BD10B5EC
:107F9000044600F0DFFB2046FFF7F5FFBDE8104088
:107FA00046F2A81007F08DBC08B50120FFF7EFFFDF
:107FB000BDE8084006F0D0BA08B50020FFF7E7FF9B
:107FC000BDE8084006F0EEBA38B501210546FFF7D6
:107FD000AFFF2946044605F00DFF002840D0294692
:107FE0002046FEF7A9FED8B32946204605F00CFE30
:107FF000B0B32946204605F069F988B329462046E2
:1080000005F03EF960B32946204604F06FFC38B312
:108010002946204605F046FE10B36B797BB147F642
:108020005A439C4223D00ED847F601439C421BD0B2
:1080300047F603439C4215D0B4F5F84F0ED02846BE
:10804000FCF7E2FE0DE047F65B439C4212D047F698
:108050005C439C42F3D101F07DF8F0E7FFF7A4FF09
:10806000002038BD01F089F8FFF7A6FFF8E701F01E
:108070007DF8E4E701F07DF8E1E708B5FDF7F0FFF2
:1080800003F0B8FE00F030F8BDE80840012004F02D
:1080900063BA08B500F02DF8002004F05DFABDE8E1
:1080A0000840FDF7E5BF020906BF13460246042358
:1080B00091081EBF0A460233DBB203EB5200C0B286
:1080C000704701207047704738B50546FFF7F9FF44
:1080D000044610B12846FFF7F6FF204638BD70472A
:1080E00008B5FFF7F1FF08BD08B50020FFF7F8FF5E
:1080F00008BD08B505F0EEFFFFF7F2FF08BD000070
:1081000010B505F0E7FF074B04461A78824207D006
:10811000187006F0C5F9044B18602046FFF7E0FF21
:1081200010BD00BF91240020942400201FB5CDE98C
:1081300000019DF805306C460BB100F00BFF0023E9
:10814000ADF80E3094E80300ADF80C10C9B20290FF
:1081500002AC29B994E8030000F054FE04B010BD4D
:108160002046FFF7F0FE0028F4D1F7E70379012B52
:1081700002D1008800F04EBC704708B529B105F067
:108180000BFABDE8084005F0E5BA05F057FAF8E744
:1081900010B50446002840D0031FDBB2A02B0ED838
:1081A00006F01EF820B1204606F0A4F800F06AFFA1
:1081B000204606F085F8BDE8104000F063BF00F1EE
:1081C0002003DBB2072B07D800F007040120A040F2
:1081D000C0B200F093FEEEE700F15B03DBB2022BCE
:1081E00005D8BDE81040243880B205F09BBF00F1EF
:1081F0005803DBB21A2B06D8BDE81040074A32F804
:10820000130005F0ABBF3334E4B2122C05D805F0EF
:10821000C3F9BDE8104005F09DBA10BD84260108E1
:1082200008B50346A0B3021FD2B2A02A05D806F0B3
:1082300061F8BDE8084000F025BF00F12002D2B28D
:10824000072A07D800F0070301209840C0B200F0C9
:108250005DFEEEE700F15B02D2B2022A04D8BDE86F
:108260000840002005F05EBF00F15802D2B21A2A81
:1082700004D8BDE80840002005F070BF3333DBB2FE
:10828000122B05D805F0DAF9BDE8084005F062BA0E
:1082900008BD000038B50C460546FFF779FF8CB1E4
:1082A00040F2E7300021DFF820C04FF47A7200235B
:1082B000E4FB0C01F7F79AFF07F003FB2846FFF7F2
:1082C000AFFF38BD0120F7E7A086010008B53928C7
:1082D0000CBF50210021FFF7DDFF08BD08B528B114
:1082E00000F00CFEBDE8084000F0CCBE08BD08B5AB
:1082F00028B100F00BFEBDE8084000F0C3BE08BD89
:108300002DE9F843877981460C46457900F0E6FD72
:108310003F09064608B32E46FDB1C4F3072303F018
:10832000F002402A0CD0E1B201F12002D2B2072AB9
:1083300025D903F0E003202B02D101291FD907B36F
:10834000A44B5E7816F0040607D0022000F0D2FE9F
:1083500000F0C4FD80F00106F6B2C4F303330B2B2A
:108360003DD8DFE813F01000100054005400AE00B8
:10837000C5003C003C00CA002C0140014001002621
:10838000EBE73E46E9E7C4F30723C4F303270F2BCB
:1083900088BF3F01E4B285B157B104F12003DBB2DD
:1083A000072B384600D92CB900F0A8FD00F06AFE72
:1083B00020464CE000F0BEFDF8E72046FFF730FF16
:1083C0006FB104F12003DBB2072B384600D914B992
:1083D00000F09CFD01E000F0B5FD00F053FE002E22
:1083E00000F0598100F072FD10F0010040F053815F
:1083F00089F8050000F064FD00F048FA484600F0F6
:1084000061F900F05DFDBDE8F84300F049BAC4F33E
:10841000072303F0F003C4F30328202BE4B218BFB2
:108420004FEA08182CB1012C34D0002D3CD0DFB11C
:10843000BEE7684B5B78590714D45DB1B8F1000F03
:1084400004D0404600F05AFD00F01CFE0020FFF76B
:108450009FFEC4E72846FFF7E3FEB8F1000FBED049
:108460004046B5E755B11FB94046FFF737FFB6E7BD
:10847000012FB4D1404600F08DFDB0E7002FAED102
:108480004046FFF734FF404600F092FD404600F0C2
:108490006DFDA4E715B1052FA1D8E5E7042F9ED8FF
:1084A0004046FFF724FF9AE7002FF9D0392C0CBF84
:1084B0004FF4FA50012007F004FA2046FFF7B0FE0F
:1084C0008DE714F4406FC4F3812307D0012B86D1CC
:1084D00065B1C4F3090005F041FE80E725B1C4F39E
:1084E000090005F01FFE7AE72846FAE72846F2E77A
:1084F0002946E0B2FFF741FE71E714F4407F2DD129
:10850000F5B914F0100018BF0F20C4F342134FEA5E
:108510008303DBB21CBF9840C04304F00F0202FA91
:1085200003F2C4F3812418BFC0B2D2B2022C40EAD5
:1085300002000DD0032C0ED0012C06D000F066F9FD
:1085400005F0C8FDFFF7CCFD49E700F057F9F7E764
:1085500000F064F9F4E700F04EF9F1E7C4F301220A
:108560000DB3D207ECD514F0100318BF0F20C4F3DD
:1085700042124FEA8202D2B21CBF9040C04304F0C4
:108580000F0101FA02F1C4F3812418BFC3B2C9B2CA
:10859000022C43EA01000CD0032C0DD0012C05D095
:1085A00000F09AF9CCE7012ACAD9DCE700F08CF98F
:1085B000C6E700F099F9C3E700F03EF9C0E7E7B27B
:1085C000C4F3032445B1204600F060F93846FFF7B4
:1085D00085FEB5E75E4400203846FFF788FE20465A
:1085E00000F05EF9ACE75FFA84F8A8F1F003042B21
:1085F00038D8DFE803F003210D141D0035B1042F36
:108600009ED8C4F3042000F055F999E7052FF7E749
:10861000C4F30420002DE3D100F038F990E725B130
:10862000C4F3042000F02BF98AE700F00DF987E786
:108630001A4B5B785B0704D4C4F30420002DCFD021
:10864000EAE72DB10321C4F3042000F031FD77E700
:10865000012000F04FFD012F7FF672AF022000F0E5
:1086600049FD6DE73DB11FB14046FFF791FD67E75A
:10867000C4F30420D0E75FB1B8F1390F0CBF4FF459
:10868000FA50012007F01DF94046FFF7C9FD57E7F2
:10869000C4F30420A4E7BDE8F88300BF5E440020D3
:1086A00038B501880446407900F0C0F9054600F06D
:1086B00023F900F09FF829462046BDE83840FFF72F
:1086C0001FBE0000037910B50446B3B1FFF77CFC70
:1086D00068B900F003FC80B1637973B1074B5B7834
:1086E0005B070AD5BDE81040022000F003BD20461C
:1086F000FFF7D6FF2046FFF72FFC10BD5E44002099
:1087000008B528B100F016FCBDE8084000F0BABC7E
:1087100008BD08B528B100F015FCBDE8084000F020
:10872000B1BC08BD08B5002005F0FCFC002005F038
:1087300015FD00F00FFC00F0A5FC05F027F8BDE8E2
:10874000084005F007B808B505F0EEFDBDE80840A3
:10875000FFF7E8BF08B500F0E7FBBDE80840FFF70A
:10876000F2BFC0F30333062BC2B213D094BF0E3353
:10877000063303F00F03012B13D8F02A13D004D8CB
:10878000E72A8CBF002001207047A2F1F403584271
:1087900058417047F12A18BFE72A94BF01200020F2
:1087A0007047002070470120704708B503460079E4
:1087B00030B1188800F02EF9BDE80840FFF7D1BFAE
:1087C00008BD82B002AB03E9030002B0704782B07B
:1087D00002AB03E9030002B07047704708B5FFF72A
:1087E000FCFF08BD08B5FFF7F9FF014B187008BD85
:1087F000C12400207047FFF7F5BF0000024B1B7833
:108800001843FFF7EFBF00BFC1240020024B1B78C5
:108810001840FFF7E7BF00BFC1240020024B1B78C0
:108820005840FFF7DFBF00BFC1240020704708B5E4
:10883000FFF7FCFF08BD000008B5FFF7F8FF014B8C
:10884000187008BDC02400200020FFF7F5BF00000D
:10885000054B1B781BB9B0FA80F04009704743FA0A
:1088600000F000F001007047C024002018B9B1FAF0
:1088700081F040097047084100F001007047012372
:1088800003FA00F0C0B2FFF7D7BF00000123034A8C
:10889000834010781843C0B2FFF7CEBFC024002039
:1088A0000123034A8340107820EA0300FFF7C4BF86
:1088B000C02400200123034A834010785840C0B2EE
:1088C000FFF7BABFC0240020024B1B781843FFF704
:1088D000B3BF00BFC0240020024B1B781840FFF735
:1088E000ABBF00BFC0240020024B1B785840FFF7ED
:1088F000A3BF00BFC0240020704701F00703C908D0
:1089000030B501EB4101012401390A4400219C40AA
:10891000E4B212F8015F20FA01F343F300036B4065
:10892000234001315D4003291570F2D130BD002292
:1089300010B500F00704C00800EB400001441046E9
:108940008B5CE34003F00103934001321843032A98
:10895000C0B2F5D110BD000017B40C46C1B2C0F3CF
:10896000072005280BD80E290FD8C0EB00100144B2
:10897000074A89B2204603B010BCFFF7BEBF031DF3
:10898000DBB2012B01D8034AF4E703B010BC7047F7
:108990009C24002099240020C3B2C0F3072005289E
:1089A00082B009D80E2B0ED8C0EB0010184407492E
:1089B00080B202B0FFF7BBBF0430C0B2012802D8BA
:1089C00018460349F5E7002002B070479C240020B8
:1089D0009924002073B505240C4BADF804001E78D3
:1089E0000B4B1B781E4346FA04F3DB0705D4013C0E
:1089F000F9D20025284602B070BDE5B2284601999B
:108A000000F055FE80B20128F1D0F3E7C024002029
:108A1000C124002007B5ADF804000198FFF7DAFF84
:108A2000019903B05DF804EB00F041BE13B5104BA3
:108A3000ADF804101B782BB1019802B0BDE81040CE
:108A4000FFF7E8BF70B10198FFF7C4FF0446014685
:108A50000198FFF781FF2046019902B0BDE8104060
:108A600000F025BE0198FFF797FF0446F3E700BF2B
:108A70009824002010B5012404FA02F204FA01F14E
:108A80001143CAB20140914204FA03F406BF2043E5
:108A9000C0B2A04310BD000008B513460A46014607
:108AA00003480078FFF7E6FFBDE80840FFF7C4BEC3
:108AB000C0240020F8B50C4B0C4E1C780C4D3378BC
:108AC000A34200D1F8BD05EBC40335F834005F883C
:108AD0009A88D98840EA074042EA01410134FFF709
:108AE00076FE04F00704EAE7C2240020C324002035
:108AF000C4240020064B10B418885C889A88D98852
:108B000040EA044042EA014110BCFFF760BE00BFEA
:108B100004250020194AF8B593790F2B0AD8537908
:108B200043B1174B17491B780D7816885788164C98
:108B3000AB4200D1F8BD04EBC3010879D0B134F8E1
:108B40003300B04216D14879A0B94888C01B80B222
:108B5000C7280FD80120937960F3071393718B799D
:108B600060F3071305488B71FFF7ACFDBDE8F840D3
:108B7000FFF7A0BF013303F00703D9E70425002066
:108B8000C2240020C3240020C4240020F0B50D4BD3
:108B90000D4C1B7826780D4CB34201D10020F0BD5E
:108BA00004EBC3056F788F4206D114F83370874207
:108BB00002D16D79954203D1013303F00703EBE74E
:108BC0000120ECE7C2240020C3240020C42400209C
:108BD0002DE9F043044685B0894D062201466846DA
:108BE000F7F77CFE2B7967792279C3B9002A00F068
:108BF000CC80002F00F0FB802046FFF7D6FD002838
:108C000000F0F580082221462846F7F767FE28463F
:108C1000FFF7ACFAFFF77EFFFFF76CFFB5E0B4F8A3
:108C200002906B886E79A9EB03039BB2002E00F0D3
:108C3000AE80C72B00F28780002A00F0A680AB79B7
:108C40002A880F2B218851D8914211D1002F48D169
:108C5000012262F30713AB71FFF74CFF2846FFF7C1
:108C600031FDAB79A3710025284605B0BDE8F0833E
:108C7000002F36D125783A4628466178FFF786FFDF
:108C80002846FFF783FF05460028ECD10098FFF740
:108C9000C1FEC0F30332032AC3B208D8012A10D997
:108CA00010F4706F12D0A2790F2A0FD8DCE70632C9
:108CB00002F00F02012A0ED92046FFF703FD3546C8
:108CC000D2E710F4706F01D0002BCDD02033DBB28F
:108CD000072BC9D9F0E7EF2BC6D90F33DBB2022B34
:108CE000F7E7AB7943F00103AB71BCE791420AD1DE
:108CF0004FB92046A371FFF7E5FC0822214628461C
:108D0000F7F7ECFD88E72046FFF74FFD00286ED00F
:108D1000002F6CD0AB791F2B0FD92A8802A8ADF891
:108D200008202A79ADF80A908DF80C2000228DF8E1
:108D30000E308DF80D20FFF7C5FC08222146304883
:108D4000F7F7CCFD66E7AB790F2B0ED8DDE9000114
:108D5000FFF737FD2846FFF7B5FC0822002128461B
:108D6000F7F736FDFFF7C6FE7DE772B12988228846
:108D70009142C8D1002FC6D12046A371FFF7A2FCB3
:108D8000082239462846F7F723FD01256CE7C72B53
:108D900031D8002AF9D057B32A8823889A421DD1A6
:108DA000AB79DA0714D40F2B12D9A37103F0F003B7
:108DB000F02B06D0A379C3F30312013262F3071339
:108DC000A3712046FFF77EFC082221460C4897E756
:108DD000082221460A48F7F781FDD6E72046FFF72B
:108DE000E4FC0028A9D1AB7943F00103AB71204624
:108DF000FFF768FCC9E7DDE90001FFF7E2FCACE73B
:108E000004250020F0B585B0CDE900016846FFF7E4
:108E1000DFFE274F06469DF80420264D58B11AB1B3
:108E2000DDE90001FFF7D3FC234C28783B7883422F
:108E300024D105B0F0BD02ABDDE9000183E80300F9
:108E4000002AF1D038782A78441C04F007049442B0
:108E50000AD01946184B082203EBC000F7F73EFD75
:108E60003C70FFF727FEDFE7FFF774FC082231466E
:108E700012483E702E70F7F7ABFCD5E704EBC0004C
:108E8000FFF7A6FE0028D4D02B7834F8330004EB8B
:108E9000C3035E889A88D98840EA064042EA0141C5
:108EA000FFF795FC2B78013303F007032B70BCE729
:108EB000C3240020C2240020C42400200425002054
:108EC000014B1878C008704734250020024B1878F1
:108ED00000F00700704700BF34250020034B1878CE
:108EE00010F0070018BF0120704700BF3425002094
:108EF000014B1878704700BF60250020024B1A789C
:108F000010431870704700BF60250020024A137894
:108F100023EA00031370704760250020014B18708E
:108F2000704700BF602500200022014B1A70704777
:108F300060250020024B1A7810431870704700BF5C
:108F40005F250020024A137823EA0003137070475C
:108F50005F2500200022014B1A7070475F2500201A
:108F6000704708B5FFF7FCFF08BD000008B5054ACB
:108F70001378034204D023EA00001070FFF7F1FFDA
:108F800008BD00BF35250020704708B5FFF7FCFF7E
:108F900008BD000010B505490B7830EA030403D082
:108FA00003430B70FFF7F1FF10BD00BF3625002013
:108FB00008B5054A1378034204D023EA0000107074
:108FC000FFF7E3FF08BD00BF3625002008B5044BBE
:108FD0001A781AB100201870FFF7D7FF08BD00BF3C
:108FE0003625002010B5084B1C78084B1B781C4315
:108FF000074B1B782BB11C4305F0CCF808B1FFF7E9
:10900000E5FF204610BD00BF602500205F25002041
:109010003625002038B50B4C2568FFF7E3FF287094
:109020002468082220460849F7F722FC48B1214667
:1090300008220548F7F752FC2046BDE8384005F005
:1090400055B838BD141000202C25002038B50B4C25
:109050002568FFF7C7FF687024682022204608496A
:10906000F7F706FC48B1214620220548F7F736FC01
:109070002046BDE8384005F041B838BD101000204A
:109080000C250020054B1B7833B1054B93F90030BC
:10909000002B01DAFFF7DABFFFF7BCBF3810002062
:1090A0005E440020704708B5FFF7FCFF08BD0000D4
:1090B000094A10B5527852070AD5084C41EAC00156
:1090C0002170FFF7E3FB2078C008FFF7ECFF10BD2D
:1090D000BDE81040FFF7DABB5E44002034250020D5
:1090E000002008B5024B1870FFF7DDFF08BD00BF78
:1090F0003425002008B50A4A137823EA00001070CE
:1091000042070CD198420AD0064B5B785B0706D524
:10911000C008FFF7C5FBBDE80840FFF7E1BF08BD89
:10912000342500205E440020094A08B55378C3F373
:10913000800181420AD060F382035370108800F0EE
:1091400042F8BDE808400220FFF7D4BF08BD00BFC9
:109150005E440020044B5878C0F3800080F001008A
:1091600000F00100FFF7E0BF5E4400200120FFF7A0
:10917000DBBF0020FFF7D8BF704708B5002000F024
:109180007DFDBDE808404FF6FF71002000F058BD9E
:1091900008B5002000F0EDFC4FF6E563984203D1DE
:1091A000BDE8084004F0BEBD002008BD022000F06C
:1091B000D1BC032000F0CEBC0146032000F032BD3C
:1091C000042000F0D6BC0146042000F039BD0F2079
:1091D00000F0DEBC01460F2000F040BD08B50020C5
:1091E000FFF7F8FFFFF7C8FF08BD01460E2000F0AB
:1091F00019BD000007B5002000F040FD4FF6E56105
:10920000002000F01DFD0021022000F00BFD0121D7
:109210001D4B0320197000F005FD4FF4A0510420F0
:1092200000F00EFD0021062000F0FCFC00210720CC
:1092300000F0F8FC0021082000F010FD00212320A0
:1092400000F0F0FC00210C2000F0ECFC00210D20CF
:1092500000F0E8FC002300226846CDE90023172136
:10926000082200F0C5FC00211F2000F0F7FCFAF7EF
:10927000D9FD002004F06EFD04F09BFDFFF7AEFF6A
:1092800003B05DF804FB00BFC1240020FFF7B2BFAC
:1092900073B505F03DF90B4D04462B8883420ED083
:1092A0000026ADF8006005F033F9ADF80460ADF8C4
:1092B000020002AB13E90300FEF738FF2C8002B076
:1092C00070BD00BF62250020014B186805F02CB965
:1092D0006C25002008B505F0E3F8024B1860024B3E
:1092E000186008BD6C2500206825002008B505F031
:1092F000D7F8024B1860024B186008BD6C2500209F
:10930000642500207047704708B5FFF7FCFF08BDD3
:109310000120704708B5054800F0BEFA00F0ACFC2B
:10932000FFF7F0FFFFF7F0FF08BD00BF91980008BE
:109330000120704708B5FFF7FBFF08BD08B5FBF734
:109340009FFCFEF7CFFB08BD08B5FFF721FF08B96A
:10935000FFF79CFFFFF72AFF084B1870FFF730FF5D
:10936000074B188003F062FDFFF723FFFFF743FA76
:10937000044B1878BDE80840FFF759BA7025002063
:109380005E440020C024002008B505F087F804F0F2
:1093900020FD03F045FB00F043FBFFF7D5FFFEF790
:1093A0009EFE03F0B3F8054B1A7842F080021A7063
:1093B0001888FFF708FFFDF719FC08BD5E44002080
:1093C0002DE9F04F85B0FFF7A3FF78B9FFF760FFF5
:1093D00002F010FD03F07AFB08B1FFF787FF04F0FD
:1093E000FDF905B0BDE8F04FFEF78ABEDFF8C0809A
:1093F00000F02EFB46460024E0B236F8025B00F097
:1094000067FA052C50D0854204F10104F4D0294BB1
:109410001B789B0701D500F061FAFFF78BFF00274F
:1094200001905FFA87FA504600F052FA38F8026B62
:109430000546B04232D000244FF0010B4640B6B290
:1094400016EA0B0F20D005EA0B09019BB9F10009C0
:1094500018BF4FF0010993B18DF808408DF809A0AD
:1094600005F056F84FF00103ADF80A008DF80C3006
:109470008DF80D9002AB93E80300FEF757FE4A46C5
:109480002146504601F062FD0134E4B24FEA4B033D
:109490000F2C1FFA83FBD3D128F8025C0137062F6B
:1094A000BFD1FFF717FF93E78542B0D18EE700BF2A
:1094B000524400207025002038B500F003F9B0F5C3
:1094C000A44F044643D2B0F5A04F80F0AE80DF2811
:1094D00016D8CC2800F28C80A7280AD8A42879D8DE
:1094E000012804D0031F9BB2A12B28BF00242046D3
:1094F00038BDA0F1A8039BB21A2B71D90024F6E75E
:10950000B0F5804F19D2B0F5005F80F0A080E72859
:10951000EDD9A0F580739BB2B3F5F85FEED2C0F33E
:10952000072000F053F90546E0B200F0CBF82D0219
:1095300005F4F85540EA050450E0C0B200F0C2F866
:1095400004F47064204340F4204084B2CFE7B0F5C7
:10955000A54F22D245F25F23984253D845F23F23CC
:1095600098420FD845F21F23984244D8012300F0B7
:109570000304C0F38502A34043EA421343F40D43BE
:109580009CB2B4E7012300F00304C0F38202A340BD
:1095900043EA421343F40C43F2E745F2BF239842F7
:1095A0000AD845F29F23984200F01F0035D84AF2AE
:1095B000F40343EA00249AE7A0F5A543403B9BB29D
:1095C0001F2B9BD8040204F4F85444F4204444F0C4
:1095D000F0048CE7A0F1240444F48044A4B286E7AC
:1095E000234B5834E4B233F8144044F488447EE703
:1095F00040F4A044F2E74AF2F10300F01F0443EA0A
:10960000042474E7012300F00304C0F38202A340A2
:1096100043EA421343F40A43B2E700F0D7F80402E6
:1096200004F4F85444F4005461E700F01F0000F023
:10963000CDF803B2C20648BF1B01C4F343144FEA7E
:10964000042448BF1BB21C4344F41044C6E7C0F3D3
:10965000042000F0BBF80546E0B200F033F82D021C
:1096600005F4F855054345F40055ACB23FE700BF9B
:10967000BA260108CBB2C1F30721052982B005D86B
:109680000E2B11D81A4602B003F04FBDFD2905D1AB
:1096900053B90122194602B003F054BDFC2903D18D
:1096A00013B91A461946F6E7002002B0704707B50D
:1096B000ADF804100199FFF7DDFF03B05DF804EB8E
:1096C000FFF7FABEE7284FD8DF2807D8312864D043
:1096D0000ED8292857D02A2866D07047A0F1E00379
:1096E000072B41D8DFE803F01540232831403C41E7
:1096F000392804D0822802D035283FD07047324B19
:109700001A7892071FD15B7813F0080F18BF292031
:1097100070472D4A1378D9074DD4527812F0010FB3
:1097200022D013F0100F14BF0020E3207047264B07
:109730001B7813F0040FF3E7234A137859073CD43E
:109740005278D207EDD5E02070471F4B5A78910729
:109750000AD51B7813F0100F14BF0020E7207047C4
:10976000194B1B781A07F5D47047174A1378190755
:1097700025D452789107EDD5E4207047124B1B7821
:1097800013F0200FC2E7104B1A78920619D45B78B9
:1097900013F0080F18BF392070470B4B1B7813F0DC
:1097A000400F18BF2A207047074B1B7813F0400F5B
:1097B00018BF3120704739207047E2207047E620FB
:1097C00070473520D0E700BF5E44002010B52F4C15
:1097D00021784B0713D500F01402A2F1040C00F01D
:1097E0001803DCF1000242EB0C02A3F1080CDCF1DF
:1097F000000343EB0C039A4218BF80F00C000B07E8
:1098000013D500F01402A2F1140C00F01803DCF1DF
:10981000000242EB0C02A3F1180CDCF1000343EB55
:109820000C039A4218BF80F00C006478E30713D54C
:1098300000F0110202F1FF3C00F01803DCF100021D
:1098400042EB0C02A3F1080CDCF1000343EB0C0328
:109850009A4218BF80F00900A30711D500F0110249
:1098600000F01803A2F111046242A3F1180C624146
:10987000DCF1000343EB0C039A4218BF80F00900AF
:10988000CB0648BF00F0E70010BD00BF5E440020DB
:109890000020704700207047014B1860704700BFE0
:1098A0001810002008B5FDF733F908BD704708B55A
:1098B000FFF7FCFF08BD0000044B33F81000012344
:1098C0008B401840003818BF012070476C440020BE
:1098D000014B33F8100070476C44002070474FF480
:1098E000346005F067BE00BF00BF00BF00BF00BF0F
:1098F00000BF00BF00BF00BF00BF00BF00BF00BF70
:1099000000BF00BF00BF00BF00BF00BF00BF00BF5F
:1099100000BF00BF00BF704708B5FFF7E0FF08BDFC
:1099200008B5302383F31188012100F00F0399401B
:10993000202220F00F0007F075FA002383F311882E
:1099400008BD000038B50F240B4D55F8040B421C20
:1099500001D0FFF7E5FF013C14F0FF04F5D1062428
:10996000064D55F8040B431C01D0FFF7D9FF013C0D
:1099700014F0FF04F5D138BDF02601082C270108AA
:109980002DE9F843DFF89080054658F821300E465F
:109990005C1C17463ED0302282F31188012223F04E
:1099A0000F0903F00F0302FA03F42146484624048A
:1099B00007F038FAC9F81840002484F31188FFF73B
:1099C00092FF6FEA070EDFF854C0A91E0A355CF853
:1099D000042B31F8023F501C19D022F00F0000690F
:1099E00002F00F0220FA02F2D20710D401243B4306
:1099F0008D420B80EBD158F82600431C01D0FFF7B5
:109A00008FFF21463046BDE8F843FFF785BF03EAE4
:109A10000E03EDE7BDE8F883F02601082C270108C6
:109A200008B5FFF78FFF0C2200210748F6F7D0FE9C
:109A30000C2200210548F6F7CBFE062000F038F88E
:109A4000BDE80840FFF72EBF6C44002060440020B2
:109A500030B50024012585B00194029403942A4670
:109A6000E1B201A80134FFF78BFF6D000F2CADB2FE
:109A7000F5D10C220C4801A9F6F7FAFE002814BF14
:109A80000124002404D00C22074801A9F6F726FF80
:109A9000234606220549044800F00CF80446FFF767
:109AA00006FF204605B030BD604400206C44002015
:109AB000704700002DE9F84307460E4615461C4640
:109AC000DFF850804BB1012388F8003004F0E8FC47
:109AD000114B18600020BDE8F88398F80090B9F1A8
:109AE000000FF7D00C4B186804F01EFD0728F1D9C1
:109AF0006D002A4639463046F6F7BAFE28B12A46A6
:109B000039463046F6F7EAFE4C460023204688F8F0
:109B10000030E0E77825002074250020FFF750BCD6
:109B200008B504F07FFC05F0BDF8FFF7F3FB05F086
:109B3000BBF8FFF729FC05F0CDF805F0D1F8FFF7E9
:109B4000EDFF05F0CFF805F087F803F013FAFFF703
:109B5000F5FBF2E7002307B5014601220DF10700EE
:109B60008DF8073000F08CF89DF8070003B05DF821
:109B700004FB002307B5014602220DF10600ADF8F3
:109B8000063000F07DF8BDF8060003B05DF804FB78
:109B900007B50422002301460DEB0200019300F0FB
:109BA0006FF8019803B05DF804FB07B501228DF84A
:109BB000071001460DF1070000F067F803B05DF8EB
:109BC00004FB07B50222ADF8061001460DF10600B0
:109BD00000F05BF803B05DF804FB07B504220191C7
:109BE00001460DEB020000F050F803B05DF804FBF5
:109BF000F8B505461446D31D23F0070300AFADEBBF
:109C0000030D68460E4600F03BF82246694628469A
:109C1000F6F72EFE20B122463146284600F035F8F0
:109C2000BD46F8BD38B50C460546FFF793FFA04288
:109C300005D021462846BDE83840FFF7B6BF38BDFD
:109C400038B50C460546FFF794FFA04205D02146E3
:109C50002846BDE83840FFF7B4BF38BD38B50C46DC
:109C60000546FFF795FFA04205D021462846BDE8EE
:109C70003840FFF7B2BF38BD00F00EB900F038B879
:109C80000B460146184600F04DB80B4601461846F3
:109C900000F09AB84FF4805208B500210448F6F756
:109CA00097FD41F20802024B03F580531A6008BD8C
:109CB0008025002010B5054C23792BB900F067F9F9
:109CC00008B10120207110BD0220FCE78035002082
:109CD00010B5064C237933B100F063F910B10023BD
:109CE0000120237110BD0220FCE700BF8035002059
:109CF00038B5FFF7DFFF044618B9FFF7E9FF204644
:109D000038BD00F046F90546FFF7C4FF012C06D127
:109D1000FFF7DEFF00280CBF002505F001052C46EB
:109D2000EDE7000008B5034608469918B1F5805FD5
:109D300005D804491944F6F7D1FD012008BD0020DB
:109D4000FCE700BF8025002038B500F022F904466A
:109D500010B3FFF7AFFF4FF4007205461249002021
:109D600000F03CF9044678B10DA3D3E900234FF489
:109D700080510D4802F01AFE02460B464FF4805007
:109D800000F064F94400E4B2012D01D1FFF7A0FF17
:109D900041F20802054B1A60204638BDAFF300803F
:109DA00025232284E49CF2CB8025002080350020EE
:109DB000044B1B68B3F5005F01D3FFF7C5BF01205B
:109DC000704700BF803500202DE9F04F8318B3F5B0
:109DD000805F04460E46154685B01DD82D4F00EB1A
:109DE000070841463046F6F743FD00284FD02A4683
:109DF00031464046F6F772FDFFF75CFF834648B1F7
:109E00004FF000084FF0000907F580574DB9FFF7F4
:109E1000CFFF24E0FFF75CFF0023184605B0BDE844
:109E2000F08F052DAA4628BF4FF0050AC4F3024360
:109E300043EACA03CDE9028952468DF8083031461B
:109E4000230A0DF10B008DF809308DF80A40F6F762
:109E500045FDDDE90223386800F0F8F850B9034603
:109E6000BBF1010FD9D10193FFF732FF0028D3D006
:109E7000019BD2E73B6808333B60FFF799FF01285D
:109E80000346EDD1A5EB0A0554445644BEE7012331
:109E9000C3E700BF802500207FB5FFF7FBFE00F081
:109EA00071F828B9FFF7F6FE0024204604B070BD13
:109EB0004FF400720020304900F075F82E4EA8B320
:109EC0002BA3D3E900234FF48051304602F06EFDFE
:109ED00005460C464FF4805002A900F07CF8DDE9FD
:109EE00002239C4208BF954201D0FFF7D3FE41F206
:109EF0000805224C6946284600F06DF878B3DDE984
:109F0000003253EA020129D013F0C00FCDE902322A
:109F100005F10805D9B20CD0194B1D60FFF714FFED
:109F200004460028C1D1FFF7B5FEBEE7FFF7B2FE39
:109F3000B8E708041BBA00F4E020234040EA3320CD
:109F4000CA0800EBD101B1F5805FE5D80DF10B0136
:109F50003044F6F7C3FCB5F5005FCBD10120084BC8
:109F60001D600028DAD0FFF723FFD9E7AFF30080A8
:109F700025232284E49CF2CB8025002000FFFF00F3
:109F80008035002008B500F0E1F8012008BD01206F
:109F9000704708B5002000F0DBF8B0FA80F0400907
:109FA00008BD0120704738B5D5002A460C4600F0A0
:109FB000F0F818B921462544A94203D1B0FA80F03F
:109FC000400938BDD1E90023D243DB4341F8082BD7
:109FD00041F8043CF0E70122FFF7E5BF2DE9F0432B
:109FE0000646884615460027C1B0202DAC4628BF3E
:109FF0004FF0200C6B466C4608EBC702674408EB39
:10A00000C70E724511D10024644513D14FEAC4092B
:10A010004A466946304600F0DAF8A8B92D1B4E448E
:10A02000E3D1012041B0BDE8F083F2E80201E4E8A9
:10A030000201E6E7D3E90012C943D24343F8081B03
:10A0400043F8042C0134DFE70020EBE707B5CDE946
:10A05000002369460122FFF7C1FF03B05DF804FB4E
:10A06000002208231146014804F0DABA0C08004027
:10A0700008B5FFF7F5FF30B1062004F011FB04F03E
:10A0800047FB002008BD4FF0FF30FBE7F7B51F4648
:10A090004BBA090C064615468DF80400ADF806309B
:10A0A0008DF80510FFF7DCFFE8B104210DEB01008E
:10A0B00004F01AFB044648B945B1022E0BD0032E1A
:10A0C0000ED12846B9B204F019FB044604F020FB77
:10A0D000204603B0F0BD2846B9B204F005FBF4E712
:10A0E0004FF0FF34F2E74FF0FF34F1E710B5FFF720
:10A0F000B7FF88B1052004F0D3FA04F0E3FA044670
:10A1000004F006FB002C05DB14F0010F0CBF00244B
:10A110006FF00304204610BD4FF0FF34FAE710B58E
:10A12000044604F0BDF94FF47A7303FB040404F011
:10A13000B7F9A04204D2FFF7D9FF031DF7D010BD35
:10A140006FF00100FBE70120FFF7E9BF04F02EBA32
:10A1500000F58033B3F5002F10B5044602D34FF05D
:10A16000FF3010BD83B2002BF9D1FFF7ECFF0028C0
:10A17000F7D1FFF77DFF03460028F0D102462146C4
:10A18000D820FFF783FF0028EBD1BDE81040FFF790
:10A19000DABF2DE9F04107460D461646FFF7D3FF1B
:10A1A0000446804638B1324600212846F6F710FBB7
:10A1B0002046BDE8F08133462A4639460320FFF7A2
:10A1C00065FF04460028F3D032464146EDE72DE90D
:10A1D000F04107468846164666B9FFF7B4FF0446C5
:10A1E000B8B9FFF73DFF90B1042004F059FA04F02C
:10A1F0008FFA0EE0FDB2C5F58075B54228BF354631
:10A20000FFF7A1FF044620B9FFF732FF20B14FF05E
:10A21000FF342046BDE8F0812B46424639460220F5
:10A22000FFF734FF04460028F3D1A8442F44761BDF
:10A23000D2E7000030B510F47F4F85B00190C0F335
:10A240000725C0F307420DD109B1274B9A5C13468D
:10A250001446002063F3070064F30F2062F31740F5
:10A2600005B030BD9DF8044009B11F4B9A5C062033
:10A27000FF236043591BB0FBF3F06FF054034343DB
:10A2800003EB440303EB4303DBB203FB05F4C3F12D
:10A29000FF036B4324121B12C4F1FF04C3F1FF033D
:10A2A000514354435343C1F30721C4F30724C3F379
:10A2B0000723062813D8DFE800F004060B090E1266
:10A2C000040014461A4613460A46C2E713462246BD
:10A2D0000C461946F7E71C4613460A46F9E71346AB
:10A2E0000A4621461C46EEE75C270108012184B09E
:10A2F00004B0FFF79FBF012830B501D8C0B230BD10
:10A30000B0F5F75F88BFFF224FF001049EBF4209FE
:10A310000832D2B2A3185910C3F34705C3F34F0351
:10A320005B439BB2984206D2013DEAB29442F1D916
:10A33000013CE0B2E3E7FF2902D00135ECB2F5E7DA
:10A340000846DCE7074B188800EB402200EB820050
:10A3500000F55850193080B2188000EB1020C0B2C0
:10A36000704700BF2210002041064CBFC343024685
:10A3700010B548BFDAB20D4CC2F3011204EB420132
:10A3800048BF03F00F03497854BF00F00F030133B7
:10A39000594314F81230020603EB2113DBB244BF19
:10A3A0005B42DBB283F0800010BD00BF4427010890
:10A3B000144B84B003EB4103E421019093F85A302D
:10A3C000C0F307204B43C2EB13231C33002BB8BF51
:10A3D0005B42A0EBC3031BB223EAE37343430020B9
:10A3E0001B128DF80530019BDAB262F30700C3F34C
:10A3F000072262F30F20C3F3074363F3174004B04F
:10A40000704700BFEE0D0020144B84B003EB4103F6
:10A41000E421019093F85A30C0F307404B43C2EB5C
:10A4200013231C33002BB8BF5B42A0EBC3031BB24A
:10A4300023EAE373434300201B128DF80630019B8F
:10A44000DAB262F30700C3F3072262F30F20C3F30B
:10A45000074363F3174004B0704700BFEE0D0020C0
:10A4600084B0019000208DF80420019BDAB262F3E1
:10A470000700C3F3072262F30F20C3F3074363F31C
:10A48000174004B07047000084B0019000200B4BCF
:10A4900003EB410393F85A309B1A8DF80430019B6B
:10A4A000DAB262F30700C3F3072262F30F20C3F3AB
:10A4B000074363F3174004B0704700BFEE0D002060
:10A4C00084B0019000200B4B03EB410393F85B3009
:10A4D0009B1A8DF80430019BDAB262F30700C3F3D4
:10A4E000072262F30F20C3F3074363F3174004B05E
:10A4F000704700BFEE0D002030B5134B85B02C31F6
:10A50000019003EB4104E57803EB4103A5F120043E
:10A5100064B29B78002CBCBFC5F120056CB29A1ABE
:10A520002244C0B210448DF804000020019BDAB22E
:10A5300062F30700C3F3072262F30F20C3F307435C
:10A5400063F3174005B030BDEE0D002084B00190DC
:10A5500000209DF8102003EB430302EB53038DF81A
:10A560000430019BDAB262F30700C3F3072262F3FF
:10A570000F20C3F3074363F3174004B070471FB5C0
:10A5800092B2019048B2002802FB02F2BCBF4942DD
:10A5900048B2C0F1380000FB002080B21C46FFF733
:10A5A000AAFE00EB4000044400208DF80440019B0B
:10A5B000DAB262F30700C3F3072262F30F20C3F39A
:10A5C000074363F3174004B010BD000084B001904E
:10A5D00003F12C00104B03EB4003D8789B78203814
:10A5E000703B4B4302FB003200209DF80430002AF0
:10A5F000B8BF7F3203EBE2138DF80430019BDAB26F
:10A6000062F30700C3F3072262F30F20C3F307438B
:10A6100063F3174004B07047EE0D002084B0019042
:10A6200003F12C00104B03EB4003D8789B782038C3
:10A63000703B4B4302FB003200209DF80430002A9F
:10A64000B8BF3F3203EBA2138DF80430019BDAB29E
:10A6500062F30700C3F3072262F30F20C3F307433B
:10A6600063F3174004B07047EE0D00201FB5164C81
:10A670002C33019004EB4304E378A478203B53434C
:10A68000A4F1700252B2002ABCBFC4F1700462B2DD
:10A69000C2F1380201FB023111EB410148BF7F31A9
:10A6A000C0B200EBE1108DF804000020019BDAB28B
:10A6B00062F30700C3F3072262F30F20C3F30743DB
:10A6C00063F3174004B010BDEE0D002030B50D4609
:10A6D00085B00190C4B21046FFF746FE124901EB67
:10A6E000450191F85A300344DBB2D90983F0800266
:10A6F00004BFC3F18003DAB20C2300205200D2B2AF
:10A700005A4304EB12248DF80440019BDAB262F341
:10A710000700C3F3072262F30F20C3F3074363F379
:10A72000174005B030BD00BFEE0D00201FB5114B26
:10A73000019003EB410393F85A10C0B28C1AE3B2B4
:10A74000240644BF521AD3B21822534300EB2320ED
:10A750008DF804000020019BDAB262F30700C3F316
:10A76000072262F30F20C3F3074363F3174004B0DB
:10A7700010BD00BFEE0D0020C94384B00190C9B2E6
:10A78000C0F307404143002009128DF80610019BD9
:10A79000DAB262F30700C3F3072262F30F20C3F3B8
:10A7A000074363F3174004B07047C94384B0C1F353
:10A7B00085010190014400208DF80410019BDAB25C
:10A7C00062F30700C3F3072262F30F20C3F30743CA
:10A7D00063F3174004B0704784B003EB8302BDF805
:10A7E0001030019013449BB2FF2B28BFFF23DB43A3
:10A7F000C0F30740DBB20344FF2B28BFFF23002038
:10A800008DF80630019BDAB262F30700C3F307222A
:10A8100062F30F20C3F3074363F3174004B070479C
:10A8200000291FB5B8BF4942002AB8BF524209B239
:10A83000090112B2FF294FEA0212A8BFFF21FF2A25
:10A84000A8BFFF22BDF8184009B2234412B29BB240
:10A850009142D4BF5B189B189BB2FF2B28BFFF23EC
:10A86000DB430190DBB2C0F307400344FF2B28BF5A
:10A87000FF2300208DF80630019BDAB262F3070057
:10A88000C3F3072262F30F20C3F3074363F31740B8
:10A8900004B010BD1FB5482B0190C0F3074030D85D
:10A8A000BDF81840E31A9BB2FF2B28BFFF230831E5
:10A8B00089B2102905D902F1080189B2112928BFEE
:10A8C000FF23DB43DBB21844002AB8BF0332FF2862
:10A8D00028BFFF208DF8060000200B49497801EBC6
:10A8E000A2028DF80420019BDAB262F30700C3F3E1
:10A8F000072262F30F20C3F3074363F3174004B04A
:10A9000010BDFF23D3E700BF7844002084B0BDF81A
:10A910001020C0F30741D31A9BB2FF2B28BFFF239F
:10A92000DBB2DA43D2B21144FF2928BFFF210190E4
:10A93000034400208DF804308DF80610019BDAB234
:10A9400062F30700C3F3072262F30F20C3F3074348
:10A9500063F3174004B0704784B0BDF81020019035
:10A96000D31A9BB2FF2B28BFFF23DB43C0F3074062
:10A97000DBB20344FF2B28BFFF2300208DF80630F5
:10A98000019BDAB262F30700C3F3072262F30F20E0
:10A99000C3F3074363F3174004B07047024B1A78C0
:10A9A00010431870704700BF8A370020012310B58C
:10A9B000044C0822172104482370FFF761F9002393
:10A9C000237010BD8A3700207844002010B504465B
:10A9D00010B9C90FC80110BD80EAE072A2EBE072A5
:10A9E00012B2002902EB01030BDB891A490191FB2A
:10A9F000F3F1C1F12001C8B2002CBCBF4042C0B28B
:10AA0000E9E75B01521A93FBF2F3C3F16003D8B29A
:10AA1000F2E730B5C0F3072585B0EB1A0190104678
:10AA2000DCB2FFF7D3FFC0EB801300EB83000444DC
:10AA30000020E4B26C4324128DF80540019BDAB289
:10AA400062F30700C3F3072262F30F20C3F3074347
:10AA500063F3174005B030BD30B5C0F3074585B08E
:10AA6000EB1A01901046DCB2FFF7B0FFC0EB801389
:10AA700000EB830004440020E4B26C4324128DF800
:10AA80000640019BDAB262F30700C3F3072262F3C8
:10AA90000F20C3F3074363F3174005B030BD30B553
:10AAA00085B0C0F3072501909DF820001C1A1046C0
:10AAB000FFF78CFF2C44E4B2241A0020E4B26C436C
:10AAC00024128DF80540019BDAB262F30700C3F34C
:10AAD000072262F30F20C3F3074363F3174005B067
:10AAE00030BD30B585B0C0F3074501909DF820001A
:10AAF0001C1A1046FFF76AFF2C44E4B2241A002007
:10AB0000E4B26C4324128DF80640019BDAB262F382
:10AB10000700C3F3072262F30F20C3F3074363F375
:10AB2000174005B030BD1FB5019010461C46FFF719
:10AB30004DFF031900208DF80430019BDAB262F357
:10AB40000700C3F3072262F30F20C3F3074363F345
:10AB5000174004B010BD1FB501909DF818001C1AD5
:10AB60001046FFF733FFE4B2241A00208DF80440AA
:10AB7000019BDAB262F30700C3F3072262F30F20EE
:10AB8000C3F3074363F3174004B010BD082208B5B0
:10AB900017210348FFF72CF80022024B1A7008BD5A
:10ABA000784400208A37002084B004B0FFF79EBBB1
:10ABB0002DE9F74FDFF8D4A0C0EB00180AEB08032B
:10ABC0005B5C0746FF2B0E462BD00025304A904495
:10ABD0004FF0000BC5EB051403F12C090AEB04013F
:10ABE0000AEB4909144411F801EBBEF1FF0F0ED036
:10ABF000E8B2874218D15FFA8BF0864214D118F878
:10AC000006002030FF2828BFFF2008F806000BF1BF
:10AC1000010BBBF10F0F04F10104E4D10135062D46
:10AC2000D6D103B0BDE8F08F0EF12C0E0AEB4E0E1C
:10AC30009EF802C099F802009EF803E0A0EB0C0019
:10AC400099F803C00191ACEB0E0C1FFA8CFC0CFBC5
:10AC50000CFC00FB00C080B20093FFF74CFB2828DF
:10AC6000009B01990A4AD2D894F800C0C0F128008C
:10AC700080B2102894BF84440CF1100C1FFA8CF0A1
:10AC8000FF2828BFFF202070C1E700BFEE0D002085
:10AC9000B8370020FFF77ABF10B5084C852320464F
:10ACA000032200F8013B0649F5F718FE4FF626731C
:10ACB000A380BDE81040FFF769BF00BF78440020C3
:10ACC000BD1B01080020704770B504460E461546AE
:10ACD000FFF7F8FF054BC4EB041423449B5DFF2BE7
:10ACE0001EBF2B540130C0B270BD00BFEE0D00205E
:10ACF000014BDB68184700BF4C27010810B4024C19
:10AD00006468A44610BC60474C27010837B5194B4E
:10AD10000446034493F88831194229D0164B9A7897
:10AD200059788DF80120DA788DF80220FFF70AFBB8
:10AD30004FF4B47201F1B403B3FBF2F502FB153327
:10AD40005B1A48BF03339B1000F0030003FB0011A4
:10AD50008DF800100098FFF727FFC0F30743C2B239
:10AD6000C0F30721204603B0BDE83040FFF7C6BF5F
:10AD700003B030BDEE0D00207844002013B5134B16
:10AD80000446034493F8883119421CD0FFF7DAFADD
:10AD90008DF80000FFF7D6FA40F357037F338DF8A4
:10ADA00001300B4BDB788DF802300098FFF7FCFE8A
:10ADB000C0F30743C2B2C0F30721204602B0BDE88A
:10ADC0001040FFF79BBF02B010BD00BFEE0D00208A
:10ADD00078440020014B9B68184700BF4C270108AE
:10ADE0002DE9F04F534B87B0DC78534E04EB44030E
:10ADF0004FEAA30B9B080193FF23B3FBF4F30093EB
:10AE000083785BB1002211461046FFF7E3FF5A2218
:10AE100000214A48F5F7DCFC002333700025484F39
:10AE2000DFF818A13B7801333B70A4EB0B030293CE
:10AE3000D0464FF0000932785FFA89F31A4362D1A5
:10AE40000393F5F7ADFB3F4B9842039B5BDC8AF81D
:10AE500000402946184604AAFFF736FF90B198F83B
:10AE60000020019B9DF810009A425BD9A2EB0B03D6
:10AE70000BFB03F3029A93FBF2F32246DBB2194673
:10AE8000FFF73CFF09F10109B9F1060F08F10F08BE
:10AE9000D1D10135EDB20F2D0AF1010AC8D13B78AD
:10AEA000009A934204BF00233B7033780133DBB236
:10AEB0001C2B3DD90023244D33702E460523671EDD
:10AEC000284631460F22052B04D190F800C0644576
:10AED00008BF077011F80FCC013AA44524BF01F850
:10AEE0000F7C0C7012F0FF0201F1010100F1010072
:10AEF000E9D1013B13F0FF03A6F10F06E0D10020DA
:10AF000007B0BDE8F08F98F80020002AA1D0944245
:10AF10009FD939780098814204BF02F1FF3288F846
:10AF2000002096E76243B2FBFBF20023D2B2A6E711
:10AF30003370E4E77844002089370020B8370020D8
:10AF40008837002054555505033800202DE9F04F6F
:10AF500085B0074688461546FEF7EAF9814600287F
:10AF60004ED0002D4FD04146384602AAFFF7ACFE26
:10AF70000446344E33781A19082A24DDC4F1080334
:10AF80009A46611C1A463144701CF5F7A7FC04F17F
:10AF900009015246314406F10900F5F79FFC06EB22
:10AFA00044014FEA4A02193106F11900F5F796FCFF
:10AFB00004F111015246314406F11100F5F78EFCFF
:10AFC0005FFA8AF3337002AA019200221146964674
:10AFD000DFF870C0D0B200EB030A84425FFA8AFB4C
:10AFE00013D811B11C44174B1C704DB1164B1B7874
:10AFF00003F0FC037C2B03D141463846FFF7D8FD14
:10B0000005B0BDE8F08F2C46B3E701990F4E11F85B
:10B0100001AB0CEB0B0001910AF12C0106EB410195
:10B020008E78C978467041720BF10C010CEB41012E
:10B0300081F801E081F802E080F811A04946013270
:10B04000C8E700BF8B37002078440020EE0D0020B9
:10B050000120704708B5FFF7FBFF08BDC0EB4010AB
:10B06000C3B2002003F11F02D2B2972A63F3070094
:10B07000134628BF972382B063F30F2002B07047B6
:10B080002DE9F04F074689B000780291FFF7E6FFFF
:10B09000DFF8CC80334BC4B21D8898F80430ADF88B
:10B0A00014005B085D43304BC0F3072BC5F3072545
:10B0B00003EB440603F5C479E3B29B4507D8BBF123
:10B0C000960F8CBF0020012009B0BDE8F08F19F861
:10B0D00004207B781A4240D096F85A1096F85B20EC
:10B0E00070391FFA81FA0AFB0AF0203A92B202FB89
:10B0F000020080B20392FFF7FEF80095034698F82D
:10B1000001C098F8020098F803E0039A4CEA002086
:10B1100012B20FFA8AF1DDF808C040EA0E40E047AB
:10B12000C0F307238DF81C00C0F307408DF81D30D5
:10B130008DF81E000798FFF737FDC0F30721C0F315
:10B1400007438DF818008DF819108DF81A30C2B227
:10B15000DBB22046C9B2FFF7D1FD02360134ABE7BE
:10B160007844002080440020EE0D00200149FFF7C4
:10B1700087BF00BF9FAA00080149FFF781BF00BF3A
:10B18000E3AA00080149FFF77BBF00BF4DA50008F7
:10B190000149FFF775BF00BF57AB00082DE9F04F1D
:10B1A000074685B00078FFF759FF8A46DFF8A88088
:10B1B0002A4B98F804501B886D085D43284BC4B295
:10B1C000ADF80400C0F3072BC5F3072503EB4406D5
:10B1D00003F5C479E3B29B4507D8BBF1960F8CBF4A
:10B1E0000020012005B0BDE8F08F19F804207B781D
:10B1F0001A422ED098F8023098F8010098F803C04F
:10B2000096F85B2096F85A1040EA0320203A7039ED
:10B210002B4640EA0C40D047C0F307238DF80C00C2
:10B22000C0F307408DF80D308DF80E000398FFF73E
:10B23000BBFCC0F30721C0F307438DF808008DF86D
:10B2400009108DF80A30C2B2DBB22046C9B2FFF74E
:10B2500055FD02360134BDE77844002080440020CB
:10B26000EE0D00200149FFF799BF00BF13AA0008A7
:10B270000149FFF793BF00BF59AA00080149FFF732
:10B280008DBF00BF7FA500080149FFF787BF00BF42
:10B2900027AB00082DE9FF4706460078FFF7DEFEE2
:10B2A0008846244F244A3B7915889B0803FB0555A3
:10B2B000DFF888A0ADF80400C0F30729C5F307251F
:10B2C000C4B2E1B2894507D8B9F1960F8CBF00200E
:10B2D000012004B0BDE8F0871AF8042073781A4200
:10B2E00025D0BA787B78F87843EA022343EA004015
:10B2F0002A46C047C0F307238DF80C00C0F307406F
:10B300008DF80D308DF80E000398FFF74DFCC0F35B
:10B310000721C0F307438DF808008DF809108DF858
:10B320000A30C2B2DBB22046C9B2FFF7E7FC0134F3
:10B33000C7E700BF7844002080440020760F00203B
:10B340000149FFF7A7BF00BFB1A300080149FFF7FC
:10B35000A1BF00BF09A400080149FFF79BBF00BFC0
:10B3600061A400080149FFF795BF00BF89A4000848
:10B370000149FFF78FBF00BFC1A400080149FFF7D3
:10B3800089BF00BFF9A400080149FFF783BF00BFD0
:10B39000CDA600080149FFF77DBF00BF2DA700081B
:10B3A0002DE9F04F804689B00078FFF757FEDFF8AF
:10B3B000B8902E4B99F804401B88A4085C43C4F352
:10B3C0000724ADF81400C6B2C0F3072504F140000D
:10B3D000C0B28A46FEF7C8FF803843B220460393C6
:10B3E000FEF7C2FFDFF888B0A0F180077FB2F3B2AA
:10B3F0009D4206D8962D8CBF0020012009B0BDE8E3
:10B40000F08F1BF8061098F8012011422AD0009402
:10B4100099F8022099F8010099F803C040EA022047
:10B4200003993A4640EA0C40D047C0F307238DF811
:10B430001C00C0F307408DF81D308DF81E000798E2
:10B44000FFF7B2FBC0F30721C0F307438DF81800E4
:10B450008DF819108DF81A30C2B2DBB23046C9B27D
:10B46000FFF74CFC0136C2E77844002080440020FE
:10B47000760F00200149FFF793BF00BFCDA500085C
:10B480000149FFF78DBF00BF1DA600080149FFF766
:10B4900087BF00BF6DA600082DE9F04F374D85B07E
:10B4A00007460078FFF7DAFD2B794FF6FF76013378
:10B4B000FF2B28BFFF238846B6FBF3F6DFF8C0B0AA
:10B4C000DFF8C0A0ADF80400C0F30729C4B2E1B2B0
:10B4D000894507D8B9F1960F8CBF0020012005B02F
:10B4E000BDE8F08F1BF804207B781A4234D09AF81C
:10B4F00000302548013B5BB21A062FD53246297928
:10B500006B780131FF2928BFFF215143AA78E878E1
:10B5100043EA0223C1F30F2143EA0040C047C0F3CE
:10B5200007238DF80C00C0F307408DF80D308DF81F
:10B530000E000398FFF738FBC0F30721C0F3074361
:10B540008DF808008DF809108DF80A30C2B2DBB210
:10B550002046C9B2FFF7D2FB0134B8E7C25C8A4289
:10B560000AD103F10C020AEB420292F801C0927870
:10B570004CEA0222B242C2D3013BBDE7784400202C
:10B58000760F002084440020954400200149FFF7F5
:10B5900083BF00BF79A700080149FFF77DBF00BF47
:10B5A000ABA700082DE9F04F82468DB008780492D1
:10B5B000FFF754FD8B46474BC4B21B78ADF824000F
:10B5C0000393454BC0F3072903EB440603F5C4730B
:10B5D0000593E3B2994507D8B9F1960F8CBF0020C7
:10B5E00001200DB0BDE8F08F059B1A5D9BF801307E
:10B5F0001A4226D057460025032238490AA8F5F7F3
:10B600006DF9344B0AEB0308039AFBB29A421BD83C
:10B61000334BDB786B431B128DF82A300A98FFF707
:10B62000C3FAC0F30721C0F307438DF82C008DF84F
:10B630002D108DF82E30C2B2DBB22046C9B2FFF712
:10B640005DFB01340236C4E718F8013F96F85A1042
:10B6500096F85B20C91A98F8083089B2D21A92B2CB
:10B6600002FB02F001FB010080B207920691FEF797
:10B6700042FE1B4B07F10C0E93F804C0154B0CF166
:10B68000010CBCF1FF0F28BF4FF0FF0C03EB4E0E77
:10B690009EF801309EF802E0079A43EA0E2303FB6E
:10B6A0000CFC0699CCF30F238DF82A500093049DCF
:10B6B000034612B20A9809B2A847C0F307238DF8CF
:10B6C0002800C0F307408DF829308DF82A00C5B254
:10B6D000013799E784440020EE0D002079440020D2
:10B6E00078440020044B01461B78044A013B23EABE
:10B6F000E373D8B2FFF756BF84440020D9A70008EF
:10B700000146024A0020FFF74DBF00BFD9A700083D
:10B71000044B01461B78044A013B23EAE373D8B289
:10B72000FFF740BF8444002021A800080146024AD8
:10B730000020FFF737BF00BF21A80008044B0146D7
:10B740001B78044A013B23EAE373D8B2FFF72ABF10
:10B750008444002095A800080146024A0020FFF713
:10B7600021BF00BF95A80008044B01461B78044A7E
:10B77000013B23EAE373D8B2FFF714BF84440020EF
:10B780000DA900080146024A0020FFF70BBF00BFC9
:10B790000DA90008044B01461B78044A013B23EA2B
:10B7A000E373D8B2FFF7FEBE8444002059A9000815
:10B7B0000146024A0020FFF7F5BE00BF59A9000864
:10B7C000F7B506460078FFF749FC194AADF80000C6
:10B7D00053789178C4B2C0F30725D07843EA0123A7
:10B7E00043EA0040FFF7E0F9C0F307238DF8053086
:10B7F000104FC0F307438DF804008DF80630E3B214
:10B800009D4205D8962D8CBF0020012003B0F0BDCD
:10B810003A5D73781A4208D020469DF806309DF8AC
:10B8200004209DF80510FFF769FA0134E7E700BF2F
:10B8300078440020760F00202DE9FF41064600786D
:10B84000FFF70CFCDFF8A080032208F10101ADF83E
:10B850000000C5B2C0F3072401A8F5F73FF801982E
:10B8600098F80170FFF7A0F9C0F307238DF80930AD
:10B8700098F804308DF808001F448DF80470C0F368
:10B8800007408DF80A000198FFF78EF9C0F30723EF
:10B890008DF80D30154FC0F307438DF80C008DF86F
:10B8A0000E30EBB29C4206D8962C8CBF00200120B3
:10B8B00004B0BDE8F0817B5D7278134211D0DB07E4
:10B8C000284643BF9DF80E309DF80C209DF80D10C2
:10B8D0009DF80A305CBF9DF808209DF80910FFF71D
:10B8E0000DFA0135DDE700BF78440020760F002017
:10B8F0002DE9FF4706460078FFF7B0FBDFF88480AC
:10B90000ADF804000322C5B2C0F3072408F1010119
:10B9100002A8F4F7E3FF6FF4967398F80470DFF869
:10B920006890BF0809EB030AEBB29C4206D8962C3C
:10B930008CBF0020012004B0BDE8F08719F8052075
:10B9400073781A421BD01AF8152098F801301209A2
:10B9500002FB07338DF808300298FFF725F9C0F392
:10B960000721C0F307438DF80C008DF80D108DF8FA
:10B970000E30C2B2DBB22846C9B2FFF7BFF90135BB
:10B98000D2E700BF78440020760F00202DE9FF4762
:10B9900006460078FFF762FBDFF88080ADF8040010
:10B9A0000322C5B2C0F3072408F1010102A8F4F78D
:10B9B00095FFDFF86C9098F80470A9F5977ABF08A6
:10B9C000EBB29C4206D8962C8CBF0020012004B01C
:10B9D000BDE8F08719F8052073781A421BD01AF8D1
:10B9E000152098F801307A4303EB52138DF8083094
:10B9F0000298FFF7D9F8C0F30721C0F307438DF889
:10BA00000C008DF80D108DF80E30C2B2DBB2284656
:10BA1000C9B2FFF773F90135D2E700BF78440020BF
:10BA2000760F00202DE9FF4106460078FFF716FB50
:10BA3000DFF89880032208F10101ADF80400C5B2D7
:10BA4000C0F3072402A8F4F749FF214B98F80370CC
:10BA5000188898F80430DB085843C0F30720FEF735
:10BA600083FCA0F18002D3B2120644BFC0F1800073
:10BA7000C3B25B00DBB27B431B128DF80A30029825
:10BA8000FFF792F8134FC0F307238DF80C00C0F3B3
:10BA900007408DF80D308DF80E00EBB29C4206D8B1
:10BAA000962C8CBF0020012004B0BDE8F0817A5DA7
:10BAB00073781A4208D028469DF80E309DF80C2065
:10BAC0009DF80D10FFF71AF90135E6E778440020DC
:10BAD00080440020760F002073B505460078FFF7FC
:10BAE000BDFAAB78ADF80400C0F30724FBB9154BE1
:10BAF000154A1B7912881033FF2B28BFFF235343AD
:10BB00000A22C3F30F23B3FBF2F102FB11339BB202
:10BB10003BB9FEF717FC9723584369780012FFF7EB
:10BB2000F5F8962C8CBF0020012002B070BD9DF866
:10BB30000460B442F5DD30466978FFF7E7F8013676
:10BB4000F7E700BF784400208044002073B5054625
:10BB50000078FFF783FAAB78ADF80400C0F3072450
:10BB600003BB154B154A1B7912881033FF2B28BFD6
:10BB7000FF2353430522C3F30F23B3FBF2F202EB7F
:10BB800082029B1A9BB23BB9FEF7DCFB972358431A
:10BB900069780012FFF7F2F8962C8CBF0020012084
:10BBA00002B070BD9DF80460B442F5DD304669789E
:10BBB000FFF7E4F80136F7E77844002080440020DE
:10BBC0002DE9FF4106460078FFF748FADFF8A0802C
:10BBD000032208F10101ADF80400C5B2C0F3072447
:10BBE00002A8F4F77BFE234B98F80170188898F8A8
:10BBF0000430DB085843C0F30720FEF7B5FBA0F183
:10BC00008002D3B212064FF00C0244BFC0F1800094
:10BC1000C3B25B00DBB2534307EB13278DF8087008
:10BC20000298FEF763FB144FC0F307238DF80C0056
:10BC3000C0F307408DF80D308DF80E00EBB29C423A
:10BC400006D8962C8CBF0020012004B0BDE8F081FE
:10BC50007A5D73781A4208D028469DF80E309DF818
:10BC60000C209DF80D10FFF749F80135E6E700BFFD
:10BC70007844002080440020760F00202DE9F04F0A
:10BC8000074687B00078FFF7E9F9C3B20193BB78A4
:10BC9000ADF80C00C0F307244BB10022114610464A
:10BCA000FFF798F85A2200213E48F4F791FD3B78BF
:10BCB0006BB93D4D288802F030FC18288CBF01225A
:10BCC00000223A4B1A7002D902F022FC288000268A
:10BCD000B0464FF00F0B364B06EB030A314B06EB29
:10BCE00003091AF8013B019A93420CD3A3420AD2EA
:10BCF0002F4A134493F888217B781A4218D108F10F
:10BD000001085FFA88F80BF1FF3313F0FF0B09F11C
:10BD10000109E6D14B2E04D0B8F11E0F06F10F0633
:10BD2000D7D9962C8CBF0020012007B0BDE8F08F3A
:10BD300099F800501F4AA5F1550323EAE373C3F1B4
:10BD4000AA038DF810309378D2788DF8113005F170
:10BD5000AA03FF2B28BFFF2303EB43030233DBB20D
:10BD600053431B128DF812300498FEF71DFFC0F3E9
:10BD70000721C0F307438DF814008DF815108DF8D6
:10BD80001630C2B2DBB21AF8010CC9B2FEF7B6FF28
:10BD9000064B1B78002BB2D0013D25EAE57589F8EA
:10BDA0000050ACE7B83700201438002012380020CB
:10BDB000EE0D00207844002013B50078FFF74EF90F
:10BDC000C0F307242146C0B2F7F7F8FE962C8CBFCB
:10BDD0000020012002B010BD07B500780138C0B2C4
:10BDE000FFF73CF9C0F30721C0B2FBF741FC03B0F9
:10BDF0005DF804FB2DE9F04F964C8FB0206802F0FF
:10BE000093FB054602F04CFB20600024924EA446B2
:10BE100096F800E0C5F57F477146FF37E3B29E45CF
:10BE200017D8BCF1000F00D031708C4D8C4C2B78A2
:10BE300013F0030218BF9B08019218BF01932378E7
:10BE4000032B00F22483DFE813F01C0029002E03EB
:10BE50003A0304F10C0206EB4202537892F8028096
:10BE6000013443EA08239F4229BF5B1901F1FF31E6
:10BE70005370C3F307233ABF4FF0010CC9B293705C
:10BE8000CCE70022774B74491A70774B292218604F
:10BE90007648F4F723FD01232370F8E2744B019AEE
:10BEA0001B78934246D1734A2B78127803F0030330
:10BEB0009B1A18BF01236B4E7278B3706B799A424C
:10BEC00005D00022114610467370FEF783FF019AD9
:10BED0002D2A38D8DFE812F03000390056005A0019
:10BEE0005E00620066006A006E00720076007A00F2
:10BEF0007E00820086008A008E00920096009A00E2
:10BF00009E00A200A600AA00AE00B200B600BA00D1
:10BF1000D0002901E6019D02A102A502A902AD02FD
:10BF2000B102B502B902BD02C102C502C902CD0209
:10BF3000D102D5020123BEE7B37823B10022114616
:10BF40001046FEF747FF002002E04648FFF738FCA6
:10BF5000444B1A7801321A70002840F09B8202216B
:10BF60003F4A9B781170002B40F0B682019B002B5A
:10BF700000F08B82FFF76EF83A480FB0BDE8F04F43
:10BF8000FFF72ABF3748FFF757FCE1E73548FFF7CF
:10BF9000AFFCDDE73348FFF7F9FCD9E73148FFF79D
:10BFA00041FDD5E72F48FFF7CBF9D1E72D48FFF743
:10BFB000CDF9CDE72B48FFF755F9C9E72948FFF739
:10BFC00057F9C5E72748FFF7D1F8C1E72548FFF73C
:10BFD000D3F8BDE72348FFF7BFF9B9E72148FFF7DA
:10BFE000C1F9B5E71F48FFF7C3F9B1E71D48FFF7EF
:10BFF000C5F9ADE71B48FFF7C5F8A9E71948FFF7F2
:10C000003DF9A5E71748FFF73FF9A1E71548FFF706
:10C01000BFF89DE71348FFF72DFA99E71148FFF79E
:10C020002FFA95E70F48FFF731FA91E70D48FFF730
:10C0300053FD8DE70B48FFF789FD89E70948FFF7B6
:10C04000BFFD85E70748FFF79FF981E70548FFF740
:10C05000A1F97DE7B43700208B3700207844002019
:10C060001C1000201D10002080440020844400206B
:10C0700020100020211000203078FEF7EFFFDFF8BD
:10C080000882824FD8F800203B68ADF82C009A4215
:10C09000C0F3072437D9FEF755F9972358437C4B53
:10C0A0004FEA202903EB202393F8882173781A4262
:10C0B00029D0FEF747F982072AD50023ADF83030A2
:10C0C0008DF832300C98FEF76FFDC0F30721C0F3F6
:10C0D0000743C2B28DF834008DF835108DF8363034
:10C0E0004846DBB2C9B2FEF709FE2B794FF4FA726B
:10C0F0001033FF2B28BFFF231B09B2FBF3F3D8F843
:10C10000002013443B60962C8CBF002001201FE7C9
:10C11000FEF718F98DF83000FEF714F940F35700D8
:10C120007F30EB788DF83100CAE7DFF86891DFF8EF
:10C1300058A1D9F80020DAF800309A423FF603AF50
:10C14000B378554FBBBB3078FEF788FFADF83000B1
:10C15000C0F30724C0B200EB4008DFF840B1B84498
:10C16000C3B29C425FD8962CCDD94D4904EB440212
:10C17000033AC81EF4F788FAFEF7E4F804F1FF3832
:10C1800010F0020F4FEA480660D000234644BA1967
:10C19000BB55537093702B7940F6B8321033FF2B98
:10C1A00028BFFF231B09B2FBF3F3DAF80020134486
:10C1B000C9F80030A7E70022002411461046FEF718
:10C1C00009FEB846A346FEF7BDF883070BD588F8ED
:10C1D00000B088F801B088F802B00134972C08F15B
:10C1E0000308F0D1AFE7FEF7ADF88DF83400FEF7A5
:10C1F000A9F8EB7840F357007F3004EB44028DF848
:10C2000036308DF83500BB180D9803920293FEF777
:10C210006DF8039A029BB854C0F30722C0F307409D
:10C220005A709870D9E71BF8002073781A4209D029
:10C2300098F8023098F8002098F801100290FEF764
:10C240005DFD029808F10308013089E7FEF77AF8EE
:10C250008DF83400FEF776F8EB7840F357007F3026
:10C260008DF836308DF835000D98FEF73FF84644CE
:10C27000B85507EB0608C0F30723C0F3074088F85A
:10C28000013088F8020086E78044002084370020CF
:10C29000EE0D002080370020B8350020760F0020FA
:10C2A000BB350020B37823B1002211461046FEF7BB
:10C2B00091FD3078FEF7D2FEC0F307230893884B38
:10C2C000ADF830001A68874B1B689A4240F298809C
:10C2D000AA786B78E87843EA022343EA0040FEF745
:10C2E00063FC814DC0F30722AB46C0F307438DF8D2
:10C2F00035208DF83630C1B2D2B2DBB27B4FDFF8D9
:10C30000F0918DF83400039104920593AA46B84643
:10C3100000260F35CDF818A0079518F8014B002C12
:10C3200071D003A91AC90293069B13F8010B069357
:10C330000BEB000393F8882199F801301A4205D0DD
:10C340002346029A0991FEF7D9FC0999079B13F835
:10C35000010D07930BEB000393F8882199F8013046
:10C360001A4203D02346029AFEF7C8FC013698F819
:10C370000030F6B2062E08F8013CCED1BC79002C74
:10C3800044D0059C039EDDF810809AF806000BEB64
:10C39000000393F8882199F801301A4204D023460B
:10C3A00042463146FEF7AAFC9AF808000BEB000360
:10C3B00093F8882199F801301A4204D02346424666
:10C3C0003146FEF79BFCFDF7BDFF00F00300B0FA1D
:10C3D00080F0484B40099D42B87107F1070795D19D
:10C3E000454B40F6B8321B791033FF2B28BFFF2393
:10C3F0001B09B2FBF3F33A4A12681344394A13603B
:10C40000089B962B80E6214602948DE72646A0469F
:10C41000BBE73748FFF732FC9AE53548FEF7E0FC0A
:10C4200091E53348FFF7B2F892E53148FFF7B4F8E9
:10C430008EE52F48FFF756F98AE52D48FFF760F99A
:10C4400086E52B48FFF764F982E52948FFF76EF986
:10C450007EE52748FFF772F97AE52548FFF77CF972
:10C4600076E52348FFF780F972E52148FFF78AF95E
:10C470006EE51F48FFF78EF96AE51D48FFF798F94A
:10C4800066E51B48FFF798FC62E5032313700FB0C5
:10C49000BDE8F08F019B002BF9D0184B1B78022BC5
:10C4A0007FF46AAD66E5019A154B1A702B78154A30
:10C4B000C3F301031370FEF71BFC0323ECE4124BE0
:10C4C0001B780BB1FEF762FB054B186802F02CF8E5
:10C4D0000F28DCD90023DFE4019B002BD7D049E5EE
:10C4E00080440020B4350020EE0D00208835002067
:10C4F0001D100020480E0020784400201C10002051
:10C5000020100020211000208A37002010B50024C0
:10C510000D4B1B6898470D481022FF2100F8194B5E
:10C52000F4F756F90A481022FF2100F8194BF4F7E6
:10C530004FF9FEF73BFA074B1B78032B03D8BDE8F6
:10C540001040FEF7A9BB10BD4C2701088444002011
:10C550008B3700207844002070470000044A13788D
:10C5600083F0010313700022024B1A70FEF716BA13
:10C57000784400201C1000200020FFF7EFBF0120AE
:10C58000FFF7ECBF064A137813F0030304BF054915
:10C590000B700121137861F301031370704700BF22
:10C5A000784400201C100020054B1A7892071EBF0B
:10C5B0000021044A11701A7822F003021A707047A1
:10C5C000784400201C100020024B187800F0030073
:10C5D000704700BF784400200C4A03460846117893
:10C5E000890711D063B12D2B0CD803F03F031178CC
:10C5F00063F3870111700022054B1A70FEF7CEB964
:10C600000123F4E72D23F2E7704700BF78440020B0
:10C610001C1000200021FFF7DFBF0121FFF7DCBF66
:10C62000014B18788008704778440020054B01467C
:10C630001B789B0801332E2B34BF18460120FFF7CF
:10C64000CBBF00BF784400200120FFF7EFBF000000
:10C65000064B01461B78C3F38503013B13F0FF0330
:10C6600014BF18462D20FFF7B7BF00BF7844002045
:10C670000120FFF7EDBF000030B4084C0546184616
:10C6800023789B0708D0A02A28BFA0226570A1703C
:10C69000E27030BCFEF782B930BC704778440020AD
:10C6A0000023FFF7E9BF0123FFF7E6BF07B5032229
:10C6B000094901A8F4F712F900209DF8043063F34A
:10C6C00007009DF8053063F30F209DF8063063F3F3
:10C6D000174003B05DF804FB79440020014B587803
:10C6E000704700BF78440020014B9878704700BF26
:10C6F00078440020014BD878704700BF7844002070
:10C70000034903464878CA7808308978FFF7B4BFF0
:10C71000784400200120FFF7F3BF0000054910B462
:10C720004C780346083CCA78A0B2897810BCFFF761
:10C73000A3BF00BF784400200120FFF7EFBF000037
:10C7400010B4064C0346A178E2781031FF2928BFC7
:10C75000FF216078C9B210BCFFF78EBF784400207B
:10C760000120FFF7EDBF000010B4064C0346A1788E
:10C77000E278103921EAE1716078C9B210BCFFF7A4
:10C780007BBF00BF784400200120FFF7EDBF000011
:10C7900010B4064C0346E278A1782032FF2A28BF65
:10C7A000FF226078D2B210BCFFF766BF7844002049
:10C7B0000120FFF7EDBF000010B4064C0346E278FD
:10C7C000A178203A22EAE2726078D2B210BCFFF778
:10C7D00053BF00BF784400200120FFF7EDBF0000E9
:10C7E000024B18710020FEF7D9B800BF7844002032
:10C7F000024B18710120FEF7D1B800BF7844002029
:10C80000014B1879704700BF78440020044A13791F
:10C810002833FF2B28BFFF231371FEF7BFB800BFDB
:10C82000784400200120FFF7F1BF0000034A13798C
:10C83000283B23EAE3731371FEF7B0B87844002075
:10C840000120FFF7F3BF0000024B58710020FEF7F4
:10C85000A5B800BF78440020F0B50C4D00EB4007B0
:10C86000EE1996F801C044008C4505D1EF5D974262
:10C8700002D1B6789E4207D001272044044E2C18DE
:10C88000377061702A54A370F0BD00BFAD44002022
:10C890001638002070B5134605460E460024204683
:10C8A000324629460134FFF7D7FF972CF7D170BDE8
:10C8B00008B500F02BFA0022014B1A7008BD00BF2A
:10C8C0001638002010B5054C23782BB19721044869
:10C8D00000F036FA0023237010BD00BF1638002088
:10C8E000AD44002000B110470847000038B54D792D
:10C8F0000446002D43D1FCF7FBFAA4F5F043203B9E
:10C9000000F02200142B3AD8DFE803F00B0F1417C5
:10C910001A1D202326292C2F3335370D0D0D0D0D13
:10C920000D00FFF72CFE284638BD164A1649FFF7C2
:10C93000D9FFF8E7144A1349F9E7144A1449F6E70E
:10C94000134A1249F3E7134A1349F0E7124A11490F
:10C95000EDE7124A1249EAE7114A1049E7E7114A9E
:10C960001149E4E7104A0F49E1E70120FFF755FEBE
:10C97000D9E70520FAE70D20F8E71220F6E70125B0
:10C98000D1E700BF71C6000849C6000839C70008D2
:10C9900015C7000889C7000861C70008D9C7000883
:10C9A000B1C7000841C8000825C800082DE9F041BA
:10C9B0004FF0120C46180546194610460027B5429E
:10C9C00001D3BDE8F08115F8013B83EA0002A2FB28
:10C9D0000C830CFB01334801540114EB080440EABA
:10C9E000D26043EB00034FEAC218A4184FEAC1100B
:10C9F00041EB03034FEA022E40EA526014EB0804B5
:10CA00004FEA012143EB000341EA126114EB0E04EB
:10CA100043EB01030EEB03013819D0E7FCF788BCA8
:10CA200008B5082200210348F3F7D2FEBDE808400C
:10CA300000F004B9183800208378C078013303F07F
:10CA400003031B1A58425841704710B50446FFF7BC
:10CA5000F3FF78B9A37801F07F01E01841EAC21230
:10CA600002710120013303F00303A3702378013323
:10CA7000237010BD0020FCE710B5C37884789C4279
:10CA800011D003441B79C3F3C014C3F306030B7026
:10CA90001470C378013303F00303C3704378013388
:10CAA0004370012010BD0020FCE700000A4601464B
:10CAB0000148FFF7CABF00BF183800200A460146E8
:10CAC0000148FFF7D9BF00BF183800202DE9F04119
:10CAD0002D4B86B01A7832B100221A702B4B9A78FF
:10CAE000DA701A785A7000F0E3F8FFF797FF0446FF
:10CAF00000283CD00024FC2630E09DF806409DF83C
:10CB000007808DF81040B8F1000F34D0FD230227C4
:10CB10008DF8113001F0FCFC0123ADF812008DF806
:10CB200015308DF8147006AB13E90300FBF7FEFA1D
:10CB30008DF80840B8F1000F23D0FD238DF809309F
:10CB400001F0E6FC0023ADF80A008DF80C708DF8BA
:10CB50000D30DDE90201FBF7E9FA2C460DF1070182
:10CB60000DF10600FFF7AAFF05460028C5D12046B3
:10CB700006B0BDE8F0818DF81160032701F0C8FC14
:10CB8000CAE78DF80960DBE7173800201838002065
:10CB90004FF4165002F00EBD012301F1804101F265
:10CBA000064101F00F012022024803FA01F104F0CE
:10CBB00039B900BF00040040054B01F180411869FC
:10CBC00001F2064101F00F01C84000F0010070477A
:10CBD00000040040704700002DE9F0410025154F8A
:10CBE0003B78ECB2A3420CD8FFF7D2FF0026DFF867
:10CBF00048803B78F5B2AB420DD8FFF7EBFFBDE8BC
:10CC0000F08100212046FFF7C7FF01212046FFF7F2
:10CC1000C3FF0135E4E700212846FFF7CDFF0121DE
:10CC200004462846FFF7C8FF44EA400408F80540D8
:10CC30000136DEE720380020223800200122024B96
:10CC40001A70FFF7C9BF00BF2038002038B541EA8D
:10CC50004203144ADBB2115C044601F00305AB4207
:10CC60001FD043EA8103DBB20F4D13540F4A03F088
:10CC70000F03D35C2A5C13445BB2012B2B5402DDFF
:10CC80000021FFF713FF2B57013303DA0121204660
:10CC9000FFF70CFF2B57002B03F00103B8BF5B42DB
:10CCA0002B5538BD22380020213800205C2801088F
:10CCB000F8B500250A4F3B78ECB2A34200D8F8BD86
:10CCC00000212046FFF778FF012106462046FFF7A6
:10CCD00073FF314602462046FFF7B8FF0135EAE709
:10CCE00020380020C1F10301490040FA01F302227B
:10CCF00013F0010F14BF0E2308238A4002421ABF0B
:10CD0000A3F12000C0B243F08000704708B540F2A4
:10CD100082224FF40041074804F084F8064803F0EB
:10CD200015FB0649044803F09BFABDE80840024899
:10CD300003F0B2BA00040040084900206C28010842
:10CD40002DE9F04F05460E4600244FF00C08274F02
:10CD500085B0E3B2B34208D34FF4F161234A2448CB
:10CD600005B0BDE8F04F03F0B2BA4FF0000A03EB94
:10CD700043016A1808FB03F9695C029151789278C3
:10CD80000391019209F1030202EB070B514602984D
:10CD9000FFF7A8FF0AF1010ABAF1040F0BF8010F1F
:10CDA000F4D14FF0000B09F1070207EB020A5946D4
:10CDB0000398FFF797FF0BF1010BBBF1040F0AF883
:10CDC000010FF4D14FF0000B09F10B0307EB030A3D
:10CDD00059460198FFF786FF0BF1010BBBF1040FD9
:10CDE0000AF8010FF4D10134B3E700BF2338002063
:10CDF00008490020FCF7C1B908B50420FCF768FD1C
:10CE0000C0F3C00008BD08B5FCF722FE4FF4C860AF
:10CE100002F057FDFCF71CFEFFF7EEFF28B1FFF70D
:10CE2000E9FFBDE8084001F097BB08BD08B5FFF772
:10CE3000EAFF08BD2DE9F8439046994610B9002055
:10CE4000BDE8F8830029FAD0002AF8D0002BF6D0EC
:10CE5000054600232F783FBB164E3278541CE4B2AF
:10CE60003470BCB100234FEA031C10F80CC0A44579
:10CE700010D001338B42F6D107B1347033782B7068
:10CE800001F00EFB089B40446860C5F808903078BC
:10CE9000EB60D5E7631CA2424FF00107DBB201D182
:10CEA0003370CCE71C46DCE701338B4205F11005FB
:10CEB000D0D1C4E730400020034610B510468BB1F6
:10CEC00091B14AB100221C78844206D1002201208F
:10CED0001A705A609A60DA6010BD01328A4203F11A
:10CEE0001003F0D10020F7E70846F5E72DE9F041FF
:10CEF000154604460E4601F0D3FA2B680746C31ABE
:10CF0000002B03DD28600025B54201D1BDE8F0818A
:10CF100094F80080B8F1000F0DD06068C31B002B9F
:10CF200009DCA368E16898472378434503D128B119
:10CF300063680344636001351034E5E72070606086
:10CF4000A060E060F7E7000007B50B4600920821FB
:10CF500002460348FFF76EFF03B05DF804FB00BF15
:10CF6000AC3F0020024608210148FFF7A5BF00BFE3
:10CF7000AC3F00200821024A0248FFF7B7BF00BFBC
:10CF80002C400020AC3F0020062070471E2352009A
:10CF900003FB0122B42303FB002000F2163070478C
:10CFA000052838B510D805290ED80E2A0CD8FFF759
:10CFB000EDFF0546FCF7CEFD0402681CFCF7CAFD38
:10CFC000A4B2204380B238BD0020FCE7052870B52C
:10CFD0001C460FD805290DD80E2A0BD8FFF7D6FF0F
:10CFE0000546210AFCF71EFEE1B2681CBDE8704050
:10CFF000FCF718BE70BD052870B5164616D8A9B93D
:10D00000800000F24E7482F0010004EB4000FCF757
:10D01000A1FD002E4FEA00250CBF03200120204473
:10D02000FCF798FDADB2284380B270BD0020FCE74C
:10D03000052870B516461D4614D899B9800000F22F
:10D040004E7482F0010004EB4000190AFCF7EAFD7F
:10D05000002E0CBF03200120E9B22044BDE870403F
:10D06000FCF7E0BD70BD2DE9F84300250026ECB2C9
:10D0700012E05FFA87F94A4641462046FAF78EFEEB
:10D08000013703464A4641462046FFF79FFF0F2FD0
:10D09000EFD10136062E03D000275FFA86F8E8E7C5
:10D0A000012200212046FAF78DFE012203460021CD
:10D0B0002046FFF7BDFF002220461146FAF782FE08
:10D0C00000220346114620460135FFF7B1FF062D29
:10D0D000CCD1BDE8F88370B5144600F21635561869
:10D0E000B44200D170BDA5F21633B3F5876F06DAEE
:10D0F0002846FCF72FFD04F8010B0135F0E700206E
:10D10000F9E770B5144600F216355618B44200D14E
:10D1100070BDA5F21633B3F5876F03DA2846217880
:10D12000FCF780FD01340135F0E7052810B406D87E
:10D13000052904D80E2A02D810BCFFF731BF002001
:10D1400010BC7047052802D809B9FFF754BF00206A
:10D1500070472020704740F69A007047F8B5144693
:10D16000054640F699075618B44200D1F8BDBD42B5
:10D1700007DC05F26670FCF7EDFC04F8010B0135E5
:10D18000F2E70020F9E7F8B51446054640F699079E
:10D190005618B44200D1F8BDBD4204DC217805F236
:10D1A0006670FCF73FFD01340135F2E710B540F23F
:10D1B0006674204600210134FCF734FDB4F5805F2D
:10D1C000F7D110BD1F282DE9F341054655D840F68B
:10D1D000FF70FCF7BFFC00284FD140F266744DBBD6
:10D1E0006F46009501952046FCF7B4FC04F1010858
:10D1F0008DF800008DF8015000283ED0012813D191
:10D200004046FCF7A7FCA61C8DF80100A8B3431EFE
:10D21000022B1BD83046FCF79DFC04F103088DF867
:10D22000020050B38DF803500021384600F032FC64
:10D230004446D8E7B4F5805F1FD02046FCF78AFC4F
:10D2400001340028F6D1013DEDB2C8E704280FD122
:10D2500002243046FCF77EFC0136385568B17C2844
:10D2600008D104F108030DEB0304002304F8073C84
:10D27000B046D9E70134072CEBD102B0BDE8F0810C
:10D2800047F61643984210B50C461BD1FBF730FE0B
:10D2900062790D4B72B100F0AA00002813BF012281
:10D2A0000022292035201A7001F00AF8FBF7EAFE67
:10D2B000002010BD1B78002B0CBF2920352001F069
:10D2C00019F8F3E70120F4E73140002038B50546AE
:10D2D0004879002800F0DC80A5F5E045ABB2222BB0
:10D2E00000F2BB80FBF76CFF6A4C013D2080212DD2
:10D2F00012D8DFE805F04DBD551B1F59235D692F7E
:10D30000B5336D3771973B759F417B8327612B65E3
:10D31000477F8EA9B31651C5237843F001032370CC
:10D3200095E0637843F00803637090E0237843F05E
:10D330000203F4E7237843F00403F0E7237843F093
:10D340000803ECE7637843F00103EDE7637843F00B
:10D350000203E9E7237843F01003E0E7237843F082
:10D360002003DCE7237843F04003D8E7FBF7F2F92A
:10D37000237843F08003D2E7237823F00C0343F0B3
:10D380000C03CCE7637823F0030343F00303CBE7FC
:10D39000237823F00103C2E7637823F00803C3E78F
:10D3A000237823F00203BAE7237823F00403B6E7D7
:10D3B000237823F00803B2E7637823F00103B3E78F
:10D3C000637823F00203AFE7237823F01003A6E786
:10D3D000237823F02003A2E7237823F040039EE77D
:10D3E000FBF7B8F9237823F0800398E7237823F03C
:10D3F0000C0394E7637823F0030395E72378C3F3E2
:10D40000800282F00102D2B262F3820362F3C303AC
:10D4100085E76378DA4302F0010262F3000362F306
:10D42000410381E72378C3F3801282F0010262F3A3
:10D43000861374E7FBF78EF92378C3F3C01282F0EA
:10D44000010262F3C7136AE70120FBF7CEFE2088D2
:10D45000FBF7B9FEFBF77EF9002038BD0020F4E7AA
:10D460002378C3F3001282F0010262F3041356E73B
:10D470002378C3F3000282F0010262F300034EE757
:10D480006378C3F3C00282F0010262F3C3034BE787
:10D490000120E2E75E44002000EB4003C3EB0313EE
:10D4A00000EB830083B200B2002807DA803800B2B4
:10D4B0000028B8BFFF30001240B2704703F180006F
:10D4C000C0F30720F8E70000164B1B78D90707D5F3
:10D4D000154B187840007F281FD800B3C0B27047A2
:10D4E0009A0703D5104B18788000F4E75B0703D543
:10D4F0000D4B1878C000EEE70C4B1B785BB10C4A63
:10D500000949127808789342F4D25843C000B0FB1E
:10D51000F2F080B2DFE70820E0E77F2070470120CB
:10D52000704700BF384000202910002037400020FD
:10D5300028100020144B1B78D90705D5134B1878F9
:10D540008008F0B1C0B270479A0703D50F4B187826
:10D550004008F6E75B0705D50C4B18787F28F0D913
:10D560007F2070470A4B1B784BB10A4A0749127853
:10D57000087893423CBF5843B0FBF2F0EEE701203D
:10D58000E0E70120704700BF384000202510002050
:10D59000364000202410002008B5A0F1CD03122B46
:10D5A00010D8DFE803F00A1013192E2E2E2E2E2E7F
:10D5B0002E2E1C21252B363C4100FFF785FF4042D3
:10D5C0001C4BD87008BDFFF77FFFF9E7FFF77CFF22
:10D5D0004042184B9870F5E7FFF776FFF9E7FFF741
:10D5E000A9FF144B1871EDE7FFF7A4FF4042F8E7DD
:10D5F000FFF7A0FF40420F4B5871E3E7FFF79AFF98
:10D60000F9E701230B4AD138517883400B4353701B
:10D61000D8E7094A137843F001031370D2E7064AAA
:10D62000137843F00203F8E7034A137843F0040346
:10D63000F3E700BF3940002038400020414BCD289F
:10D6400093F9032012D1002A01DA0022DA70D97886
:10D650009A780A4351B20AB93B4A11701A795B7938
:10D6600013435AB20BB9394B1A707047CE2802D106
:10D67000002AEADCEBE7CF2893F9022004D1002A44
:10D68000E5DA00229A70E2E7D02802D1002AF8DC1D
:10D69000DDE7D92893F9042004D1002AD7DD002240
:10D6A0001A71D4E7DA2802D1002AD0DAF7E7DB28AA
:10D6B00093F9052004D1002AC9DA00225A71C6E77D
:10D6C000DC2802D1002AF8DCC1E7D1380E28BED808
:10D6D00001A252F820F000BF15D7000815D70008A6
:10D6E00015D7000815D7000815D7000815D700086A
:10D6F00015D7000815D700084FD600084FD60008E8
:10D700004FD600084FD6000823D700082FD70008AF
:10D7100039D7000801215A78814022EA01025A7063
:10D7200095E70B490A7822F001020A708FE7084951
:10D730000A7822F00202F8E705490A7822F004028A
:10D74000F3E700BF3940002037400020364000207A
:10D750003840002008B500F0DBFE094B9A78D978F4
:10D760000A431CBF074A10801A795B791A431CBF11
:10D77000054B18800248BDE8084000F0C9BC00BF56
:10D78000394000203440002032400020062208B5F5
:10D7900000210548F3F71CF80023044A1370044ADB
:10D7A0001370044A137008BD394000203740002030
:10D7B000364000203840002090F902305BB990F9E3
:10D7C000033043B990F904302BB990F905000038C3
:10D7D00018BF0120704701207047000037B5514C39
:10D7E000062221466846F3F779F800239DF80320C6
:10D7F000A370E370237163719DF8023013430AD064
:10D80000494B188800F089FE48490B783BB3484AD9
:10D81000127890422CDC9DF804309DF805201343CB
:10D820000BD0444B188800F078FE43490B78002B4E
:10D8300046D0424A127890424BDC6946394800F0A3
:10D840008FFD18B93748FFF7B7FF08B1FFF782FF20
:10D85000062269463348F3F741F803B030BD0A2584
:10D86000374A12786A439042D5DD01330B7001E0EC
:10D87000FF2BFAD19DF902503DB1FFF725FE002D97
:10D88000D4BFFF2301235843A0709DF903503DB13D
:10D89000FFF71AFE002DD4BFFF2301235843E07089
:10D8A00094F902000028B6D094F90320002AB2D0DF
:10D8B000FFF7F2FDA0701046FFF7EEFDE070AAE75B
:10D8C0000A25204A12786A439042B6DD01330B7074
:10D8D00001E0FF2BFAD19DF904503DB1FFF72AFE7C
:10D8E000002DD4BFFF230123584320719DF905501B
:10D8F0003DB1FFF71FFE002DD4BFFF230123584386
:10D90000607194F90400002897D094F90520002A4A
:10D9100093D0FFF7C1FD20711046FFF7BDFD607188
:10D920008BE700BF39400020344000203740002002
:10D930002A1000203240002036400020261000200F
:10D940002B100020271000204D4B2DE9F0410C46F4
:10D950004C49C2081F5C4C4B8E5C4C499B5C00F0F0
:10D96000070011F802800341064148FA00F813F05D
:10D97000010506F0010608F0010812D0E120FAF7CF
:10D9800007FC002C6ED040F2E7300021DFF800C128
:10D990004FF47A720023E4FB0C01F2F727FC01F04C
:10D9A00090FF96B1E620FAF7F3FB002C5CD040F232
:10D9B000E7300021DFF8D8C04FF47A720023E4FB8F
:10D9C0000C01F2F713FC01F07CFF21463846FAF710
:10D9D00061FC002C4AD040F2E73000212C4F4FF47C
:10D9E0007A720023E4FB0701F2F700FC01F069FF03
:10D9F00086B1E620FAF714FCD4B340F2E7300021F8
:10DA0000234E4FF47A720023E4FB0601F2F7EEFB9B
:10DA100001F057FF85B1E120FAF702FC54B340F260
:10DA2000E73000211A4D4FF47A720023E4FB050120
:10DA3000F2F7DCFB01F045FFB8F1000F1ED02C20FF
:10DA4000FAF744FCC4B140F2E7300021104D4FF426
:10DA50007A720023E4FB0501F2F7C8FBBDE8F04150
:10DA600001F02FBF01209AE70120ACE70120BDE7BC
:10DA70000120CDE70120DDE70120EFE7BDE8F081DF
:10DA8000802801081029010820290108002901081F
:10DA9000A0860100F8B50D460446002140F2E730AB
:10DAA000294E4FF47A720023E5FB0601F2F79EFB44
:10DAB00007462078002846D0012840D16378013BF2
:10DAC000032B03D8DFE803F0090F14190134A5B3C1
:10DAD000384601F0F6FE0134EBE7A078A61CFAF711
:10DAE000F5FB3446F3E7A078A61CFAF751FBF8E7FC
:10DAF000A078A61CFAF794FBF3E700260A2014F896
:10DB0000023F124AD15C11F004010ED19EB140F2E5
:10DB1000E730DFF834C04FF47A720023C6FB0C0103
:10DB2000F2F764FB01F0CDFED1E7303B00FB063697
:10DB300014F8013FE6E70120F4E70120C9E7294690
:10DB4000FFF702FFC7E7F8BDA0860100C11B01086F
:10DB5000F8B5144642791D469DF81870284B92B1CD
:10DB60001C7000F0D5FC274B188004F12003DBB2B9
:10DB7000072B44D8012004F00704A040C0B2BDE840
:10DB8000F840FAF7ABBB1E78A6422ED11D4B188881
:10DB900000F0C3FCC72828D8AE4205F1200415D0F8
:10DBA00006F12003DBB2072B06D8012006F007069A
:10DBB000B040C0B2FAF79BFBE3B2072B06D80120B6
:10DBC00005F007039840C0B2FAF788FB3846E4B284
:10DBD000FAF77CFB072C12D8012005F00705A840B6
:10DBE000C0B2BDE8F840FAF782BB04F12003DBB213
:10DBF000072B04D8012004F00704A040F0E7F8BD8B
:10DC000042400020404000200346A3F5F843183B63
:10DC100007B50846062B3BD8DFE803F0171E0410B3
:10DC2000252C330026230093E12347F61A411A4698
:10DC3000FFF78EFF002003B05DF804FB272300935D
:10DC4000E52347F61B411A46F2E72623E02200931C
:10DC500047F61841E123EBE72723E422009347F638
:10DC60001941E523E4E72623E222009347F61C410D
:10DC7000E123DDE72723E622009347F61D41E52354
:10DC8000D6E72823E522009347F61E410123CFE77C
:10DC90004B7913B10022024B1A700120CBE700BF71
:10DCA0004240002038B547F67743984205D047F602
:10DCB000784398421BD0012038BD4B7993B100F0D6
:10DCC0001FF8FAF7E3FD00F01BF8044600F01EF819
:10DCD000054600F021F8294602462046FAF7DCFE08
:10DCE0000020E9E700F00CF8FAF7DAFDEBE74B79F2
:10DCF00013B100F00BF8E4E700F008F8F4E70000D7
:10DD0000014B1878704700BF2E100020014B187887
:10DD1000704700BF2D100020014B1878704700BFDE
:10DD20002C10002040F2123008B5FBF713FF262814
:10DD300001D0002008BD40F21330FBF70BFF09288B
:10DD4000F7D14FF44570FBF705FFA0F127035842C8
:10DD50005841EFE710B5041E0CBFFF21262140F209
:10DD60001230FBF75FFF002C0CBFFF21092140F2AE
:10DD70001330FBF757FF002C08BFFF21BDE8104010
:10DD800018BF27214FF44570FBF74CBF704708B50B
:10DD900040F21530FBF7DEFE08BD704710B50446B3
:10DDA000FFF7FBFFE1B240F21530BDE81040FBF792
:10DDB00039BF08B50020FFF7CDFF0020FFF7EEFFC9
:10DDC000FFF751F9FFF7F2F9BDE808400120FFF72E
:10DDD000C1BF08B5FFF7DAFFFFF7D9FFFFF7DDFF97
:10DDE000FFF7A0FF18B9BDE80840FFF7E2BF08BD84
:10DDF000FEF7C2BB08B50346487940B1A3F5EE4231
:10DE00007F2A03D8D8B2FFF7DDF9002008BD012032
:10DE1000FCE710B503780446013B032B0BD8DFE881
:10DE200003F0020B1215FEF765FCA023C0EB0020E7
:10DE3000B0FBF3F0607010BDFEF7C6FB0028F9D010
:10DE4000FEF7EEFBF6E7FEF7DBFCF3E7FEF746FC3A
:10DE50006070FEF749FCA070EDE738B50378044622
:10DE6000013B032B2BD8DFE803F002111E23FEF742
:10DE700035FC0546FEF738FCA023014662785A437C
:10DE8000120A2846BDE83840FEF70ABC43781BB9A1
:10DE9000BDE83840FEF788BBFEF774FB6078BDE84C
:10DEA0003840FEF7B7BB4078BDE83840FEF798BC75
:10DEB00084784578FEF71EFC21460246E1E738BD2E
:10DEC000034610F8022B082A05D0092A05D0072A94
:10DED00005D1FFF7C2BFFFF79CBFFCF7DBBEFF22F7
:10DEE0001A70704708B54378032B03D1BDE808408A
:10DEF000FFF7E6BFF6F738FC08BDF8B504460D4657
:10DF0000F6F7B2FC002840F0D7802378013B142BB1
:10DF100049D8DFE803F00B15435D636F72727277C7
:10DF2000487D8187929DA0A3AEB9C2000023637093
:10DF30000C23A37029462046BDE8F840F7F796B8B1
:10DF40006378013B032B2ED8DFE803F0020A12228C
:10DF500000F0A6FA030EA370030CE370030A04E0BA
:10DF6000FFF715FF0023A370E37023716071E1E7F1
:10DF7000A678E71C052E07F10207DBDCF0B2FBF701
:10DF8000A7FC030A07F8023C07F8010C0136F1E789
:10DF90000023A370E37023716371CBE76378022BD6
:10DFA00004D0052B10D0FF232370C3E7E378A078BB
:10DFB00040EA0320237940EA0340637940EA0360A2
:10DFC00000BAFFF7EBFEB5E7A078FFF711FFB1E766
:10DFD000E278A1786078FEF7E3FFBFE76279237902
:10DFE000A17843EA02235BBAE27860789BB2FEF73D
:10DFF000EDFF9FE7FFF737F89CE729462046FFF73C
:10E0000071FF97E70020FFF7A5FEFFF7D2FE91E72B
:10E01000FFF79FF860708DE7FFF79DF8030A6370C4
:10E02000A07087E76078A378E17840EA032040BADF
:10E03000221D80B2FFF792F87CE76078A378E17840
:10E0400040EA032040BA221D80B2FFF79CF871E736
:10E05000FFF7ACF86EE7FEF797FFDBE76078A37891
:10E06000E17840EA032040BA221D80B2FFF733F87E
:10E0700060E76078A378E17840EA032040BA221D87
:10E0800080B2FFF73EF855E7E278A178003A18BF72
:10E0900001226078FEF7AFFF60E762792379A1780B
:10E0A00043EA0223E2785BBA003A18BF01226078A3
:10E0B0009BB2FEF7BDFF3DE7F8BD0000014B1860C5
:10E0C000704700BF48400020014B1868704700BFF0
:10E0D00048400020024B186808B103681847704791
:10E0E0004840002008B5FFF7F5FF08BD024B1B684C
:10E0F0000BB15B681847704748400020034A12681C
:10E100001AB10621017093681847704748400020F3
:10E11000034A12681AB102210170D3681847704788
:10E12000484000200B4B07B51A8882420ED0188059
:10E13000094B1B6853B103228DF80500000A8DF8C6
:10E1400006001B698DF8042001A8984703B05DF80C
:10E1500004FB00BF46400020484000200B4B07B5A1
:10E160001A8882420FD01880094B1B685BB10422C9
:10E170008DF80500000A8DF806001B698DF8042053
:10E180000DEB0200984703B05DF804FB444000200B
:10E19000484000200E4B0F4A1B68127802336AB1C8
:10E1A0000D4A92F90020002A08DA1E220B4B1B6848
:10E1B000023300201A44934202D170470622F8E746
:10E1C00013F8011B0029F6D00130C0B2F3E700BFFD
:10E1D00014100020381000205E4400201010002091
:10E1E00030B3144B1B785BB9134B1B685A1C0733B5
:10E1F00012F8011F81421AD09A42F9D100207047CB
:10E200000E4B93F90030002BEEDAEF284FEAD002E4
:10E21000F4D80B4B00F007001B68134401229B78D5
:10E2200002FA00F01840003818BF012070470120A2
:10E23000704700BF38100020141000205E440020FA
:10E240001010002000224FF0FF3330B5441C14F8AA
:10E25000015F8D420BD0B3F1FF3F01D105B953B23D
:10E260000132062AF3D15A1C01D01844817030BD06
:10E27000002210B5431C073013F8014F8C4208BF31
:10E280001A708342F8D110BDEF294FEAD10307D8A5
:10E2900018440123827801F007018B4013438370F7
:10E2A0007047EF294FEAD10308D801221844837838
:10E2B00001F007018A4023EA0203837070470000DF
:10E2C000084B01461B7843B1074B93F90030002BF4
:10E2D00003DA064B1868FFF7D7BF054B1868FFF73E
:10E2E000B1BF00BF381000205E4400201010002095
:10E2F00014100020084B01461B7843B1074B93F9DB
:10E300000030002B03DA064B1868FFF7CABF054B35
:10E310001868FFF7ADBF00BF381000205E44002032
:10E320001010002014100020094B1B785BB1094B22
:10E3300093F90030002B06DA1E22074B18680021E3
:10E340000230F2F745BA054B06221868F7E700BF1E
:10E35000381000205E44002010100020141000200F
:10E3600042784B789A421DD190F902301BB191F955
:10E3700002209A4216D190F903301BB191F9032083
:10E380009A420FD190F905301BB191F905209A42BC
:10E3900008D190F9040030B191F90430181A18BF6F
:10E3A0000120704701207047704708B5FFF7FCFF58
:10E3B00008BD000008B50130024BC0B21870FFF76D
:10E3C000F4FF08BD4C400020032008B5024B187034
:10E3D000FFF7EBFF08BD00BF4C400020FFF7EABF8E
:10E3E000012008B5024B1870FFF7DFFF08BD00BF22
:10E3F0004C400020FFF7F4BF7047704770477047EC
:10E4000010B5FFF7F9FF0024FBF722FBFFF7F5FF3C
:10E41000E0B2FBF75DFA18B90134062CF8D110BD53
:10E420000120FCE708B501F0BDFBBDE8084001F0A4
:10E430009BB808B5F9F721FEBDE8084040F2A4609A
:10E4400001F03FBA08B5FAF76FFDFAF783FDFFF761
:10E450006BFFFFF79BF90020FFF764FE0020FFF73A
:10E460007DFEBDE80840F9F714BE0000302383F3B9
:10E470001188064BDA69064B1A600023054A1360BF
:10E48000054A136083F31188704700BF904600204F
:10E49000584000205440002050400020FFF7E6BFC5
:10E4A00038B5302383F31188124B134C1349D869C4
:10E4B00023680A68C01A8242114A0AD9A3F5833335
:10E4C000E03B156823600F4B00F583302B44E030B0
:10E4D000136008601568002181F311884FF47A7C7D
:10E4E000094C0023E0FB0C41084A2046F1F77EFE70
:10E4F000284438BD90460020584000205440002059
:10E500005040002088598F029F860100A08601009C
:10E5100008B5FFF7C5FF80B208BD10B50446FFF788
:10E52000BFFF001B80B210BD10B50446FFF7B8FF57
:10E53000001B10BDBFF34F8F0549064BCA6802F49C
:10E54000E0621343CB60BFF34F8F00BFFDE700BF16
:10E5500000ED00E00400FA0508B5024A024B1A601B
:10E56000FFF7E8FFEFBEADDEFC6F00200A4A08B5FA
:10E5700052F8041C094B99420CD1002342F8043C88
:10E5800083F31488064B1A6882F3088862B65B68C6
:10E590009847FEE708BD00BF00700020EFBEADDE6B
:10E5A00000E0FF1F08B5FFF7C5FF0000184B10B5CE
:10E5B0001C785CBB012208211A701648224602F022
:10E5C00031FC22462021134802F02CFC2246102167
:10E5D000104802F027FC4FF47A7001F072F941F60E
:10E5E000822208210B4802F01DFC40F282222021E9
:10E5F000084802F017FC40F282221021054802F080
:10E6000011FC054801F03AFE044B1C7010BD00BF20
:10E610005C40002000040040D448002074400020EA
:10E62000F8B505461A481C46174601F08FFE194BEF
:10E63000187850BB6A1C20D0FCB1174EA40034825D
:10E64000032F05D8DFE807F0021A1D1F0022F26031
:10E65000012405F00F01224625F00F00B16004FAF5
:10E6600001F11C70706002F0DDFB0B49084801F0FD
:10E67000F7FD074801F010FE2046F8BD4FF4800278
:10E68000E5E78022E3E7054AE1E70020F5E700BF80
:10E69000D4480020744000206040002080004000EA
:10E6A0001FB501218DF807000DF10F0304480DF18E
:10E6B000070201F018FE9DF80F0005B05DF804FB9D
:10E6C000D4480020002307B5012106480DF10702B8
:10E6D0008DF8073001F029FE9DF8070003B05DF8C2
:10E6E00004FB00BFD448002008B50246024801F0F0
:10E6F0000BFE002008BD00BFD448002008B502462C
:10E70000024801F012FE002008BD00BFD4480020DE
:10E7100010B5084C23783BB1074801F0CBFD064803
:10E7200001F0ACFD002323700348BDE8104001F068
:10E7300010BE00BF74400020D44800200E4B10B51E
:10E740001A78BAB901220D4C1A70206040F2823258
:10E750004FF480610A4802F065FB4FF400610848FD
:10E7600040F2823202F05EFB2146BDE810400548CF
:10E7700001F036BD10BD00BF7540002030100020F4
:10E7800000080040784700204FF0FF3108B50248EC
:10E7900001F006FCC0B208BD844700200A464FF0D5
:10E7A000FF330146014801F0A0BC00BFA84700208C
:10E7B00008B5034801F039FD80F00100C0B208BD82
:10E7C0007847002070B590F84420044602F07F039B
:10E7D000212B4CD112F0800F90F845301BD0022B2A
:10E7E00015D0032B05D0012B15D1BDE8704000F0EA
:10E7F00015BD90F8483090F8491053EA012336D1FE
:10E80000314A82630122E2632364012070BDBDE8C6
:10E81000704000F031BE0A2B20D00B2B0FD0092BFB
:10E8200025D194F8483094F8491043EA012323F0A5
:10E830000203E3B9254B0222A363254BE3E794F8D7
:10E84000492094F8483053EA022302BF94F8462046
:10E850001D4B1A700022A2630023D4E794F84720CE
:10E860001C4B20461A70BDE8704000F02DBE02F02F
:10E870009F02812A18D194F84530062B14D194F8C0
:10E880004920616894F848304D6843EA02232046E5
:10E8900094F8472094F84610A84708B90020B5E737
:10E8A00043680268A363D7E703250B4ED6F89C3074
:10E8B00023B9013D06F1A806F8D1EFE720469847B5
:10E8C0000028F6D0A1E700BF3810002080400020CB
:10E8D00021E9000884400020D8100020F8B50F4C32
:10E8E0000022234643F8042F90F84B7090F84960BB
:10E8F00090F8465090F84A2090F8481090F8470059
:10E9000042EA072241EA062145EA002000F0ECF93C
:10E9100020606068002818BF2046F8BD78400020BD
:10E9200090F84A2090F84B00084942EA0022022A57
:10E930000B7807D1012B01D0062B05D14A78044B67
:10E940001A707047024A1370704700BF8040002061
:10E950008340002010B5064A064C117824784B1CE1
:10E9600003F00F039C421EBF034C1370605410BD94
:10E97000824600208346002072460020084608B5E3
:10E98000052935D8DFE801F0203403202035302375
:10E9900083F31188214800F0CCFA214800F0C9FA2D
:10E9A000204800F0C6FA204800F0D3FA002383F391
:10E9B00011881E4B1B7813B10520FFF7CBFF0220F7
:10E9C000BDE80840FFF7C6BFFFF7C4FF302383F35D
:10E9D0001188124800F086FA114800F083FA1148B5
:10E9E00000F080FA104800F091FA002383F31188B8
:10E9F00008BD302383F31188084800F094FA0848D2
:10EA000000F091FA074800F08EFA074800F08EFAFD
:10EA1000002383F311880520D2E700BFD81000201F
:10EA20008011002028120020501000208240002079
:10EA3000102208B500210448F1F7CAFE0023034A5A
:10EA40001370034A137008BD7246002082460020EE
:10EA500083460020F8B5284D284C00222E782378D4
:10EA6000B3422FD102B12370F8BD2370244B18702C
:10EA7000244B93F84F10081E18BF0120FFF7A4FC89
:10EA8000EBE7002223701E4B1A70FFF7DBFC1D4BD7
:10EA900093F84F10081E18BF0120FFF79FFCDCE71A
:10EAA0002370184B93F84F10081E18BF0120FFF772
:10EAB00081FCD2E7002123700846F8E72370FFF7B6
:10EAC0008FFCCAE7194601220F480133415C03F06D
:10EAD0000F0310460529C3D801A757F821F000BF3E
:10EAE000BDEA000861EA0008A1EA0008B5EA0008EA
:10EAF0006BEA000883EA0008824600208346002073
:10EB0000824000203C4900207246002013B5044694
:10EB1000174800F061F9164800F08EF9154800F02A
:10EB20005BF9144800F088F9114B03F5A8731846F7
:10EB3000019300F051F9019800F07EF90E4800F0C1
:10EB400067F90D4800F088F9204602F035F82046B4
:10EB500001F023FC41F2883000F0B3FE2046074963
:10EB600001F008FC204602B0BDE8104002F002B8F7
:10EB7000D8100020801100205010002030290108FA
:10EB800010B5044602F018F8204601F006FC1848BB
:10EB900000F071F9174800F06EF9174800F06BF9B2
:10EBA000164800F08BF941F2883000F08AFE1048D8
:10EBB00000F012F90E4800F03FF90E4800F00CF991
:10EBC0000C4800F039F90C4800F006F90A4800F04A
:10EBD00033F90A4800F01CF9084800F03DF92046D6
:10EBE000074901F0C7FB2046BDE8104001F0C2BF55
:10EBF000D810002080110020281200205010002082
:10EC000030290108014B1878704700BF834000206D
:10EC100037B50023A825054C009305FB004042F2C0
:10EC2000107300F00DFA03B030BD00BFD810002003
:10EC3000014608220120FFF7EBBF014620220020F9
:10EC4000FFF7E6BF014606220020FFF7E1BF0146BD
:10EC500003220020FFF7DCBF00B589B0002320228B
:10EC60006946064800F055FA10B909B05DF804FB92
:10EC700020216846FFF741F9F0E700BF501000205F
:10EC8000FFF774BC7047704708B5FFF7F9FF01F054
:10EC9000F1FDFFF7F7FF08BD08B501F007FEFFF72C
:10ECA000F2FF08BDFFF7A6BB08B5FFF7C1FE064897
:10ECB000FFF72CFF054B064A41F288301A60BDE889
:10ECC000084000F0FEBD00BF3C4900208840002005
:10ECD0003C100020014B1868FFF7F0B98840002075
:10ECE000FFF7B8BE00F04EBB020A032A0FD007D8C8
:10ECF000012A23D0022A07D15B20124A1A607047EA
:10ED0000212A0DD0222A12D000200246F6E7C0B2F6
:10ED10000228F9D80C4A0D4952F82020405CEDE752
:10ED20000229F1D80A4A092052F82120E6E70229EF
:10ED3000EAD8084A084852F82120EFE71220074A8B
:10ED4000DCE700BF8A290108602901085C29010865
:10ED5000502901084429010840290108E529010832
:10ED600013B5446BD4F888201378042B13D10123F6
:10ED700094F88C1012898B4013420CD1204601A9C3
:10ED800000F0EEFF024630B1019B94F88C10D4F8ED
:10ED9000880001F07BFB02B010BD10B5026F044685
:10EDA0001378042B13D1012390F8741052898B40EF
:10EDB00013420CD100F02BFF024640B1E36994F8F6
:10EDC0007410206F043BBDE8104001F04DBB10BD36
:10EDD000406BFFF7E2BF00001FB500F15C03C364A6
:10EDE00090F8843013B100F170030365074B0121E3
:10EDF0000193D0F89030D0F8982000930290D0F88A
:10EE0000943000F08AFF05B05DF804FB61ED000866
:10EE10001FB500F15C030365064B01210193836F6D
:10EE2000D0F8802000930290C36F00F0CEFE05B0B2
:10EE30005DF804FBD1ED0008302383F31188D0F88E
:10EE4000883090F88C2003EB82039861002380F8CF
:10EE5000A03083F311887047302383F3118890F832
:10EE60007430026F093342F82300002380F88430A5
:10EE700083F31188704710B53023044683F311885B
:10EE800090F88C20D0F88830053203EB8203002202
:10EE90005A6001236FF00101037200F052FD204619
:10EEA00000F052FFD4F8A43013B1DA681868904724
:10EEB00000F070FC002383F3118810BD10B53023DF
:10EEC000044683F3118801236FF00101037200F0FF
:10EED00038FD204600F090FE00F05CFC002383F338
:10EEE000118810BD012310B5044603726FF00101B3
:10EEF00000F027FD204600F027FFD4F8A43023B10E
:10EF0000BDE81040DA681868104710BD012310B53D
:10EF1000044603726FF0010100F013FD2046BDE8C6
:10EF2000104000F069BE0023037270470023037293
:10EF3000704710B5044690F88C1000F13802D0F8F4
:10EF4000880001F053FA204600F0FEFE00232372F1
:10EF500010BD10B5044600F04FFE0023204623727A
:10EF6000BDE81040FFF719BF00EB8103F7B59C69BE
:10EF700005460E4684B3302383F3118800232269AB
:10EF800084F8A03063699A4201D1E368B3B905EB14
:10EF90008603DB685B691B6883B1D4F8A43053B186
:10EFA00001A9204600F0DCFED4F8A43001469F6899
:10EFB000019A1868B847204600F0E0FE204601A9F3
:10EFC00000F0CEFE024648B1019B3146284601F0D2
:10EFD0005DFA002383F3118803B0F0BD05EB8603CF
:10EFE000DB681A68022AF4D15A691268002AF0D044
:10EFF0001B8A013B1340ECD105F14402E5E701F126
:10F00000090210B550F82240CCB1302282F31188A9
:10F0100000EB8103DB689B695B6853B1236F94F855
:10F020007420204603EB8203DB689B69596800F07B
:10F03000F8FD2046FFF7B1FE002383F3118810BDD1
:10F040002DE9F8431D4604460F46164630239DF829
:10F05000208083F31188D0F8883000201B78042B9F
:10F0600003D080F31188BDE8F88394F8A03023B171
:10F0700001354FF0FF3518BF002580F311882B466E
:10F0800032463946204600F0B4FE86421DD9302370
:10F0900083F3118894F8A0304FF00009002808BFCE
:10F0A00043F0010384F8A03001236FF001012372C3
:10F0B000204600F046FC204600F046FE84F808900A
:10F0C00000F068FB89F31188D9E7B8F1000F01D08F
:10F0D0000120C8E7204600F0CFFEF9E703463022C2
:10F0E00082F3118801694269914210D1C06850B120
:10F0F0000120D3F8882093F88C3098401389184069
:10F10000B0FA80F04009002383F311887047002093
:10F11000F9E738B515460446302282F31188026FAC
:10F1200000201278042A02D080F3118838BD94F8A8
:10F13000842022B101334FF0FF3318BF002380F346
:10F1400011882A46204600F0A7FDB0FA80F35B093B
:10F1500084F884302B1A58425841E7E7006810B40D
:10F1600040B1054C8264E469083040F8044C10BC9E
:10F17000F1F7B4BB10BC70479046002001681346FD
:10F1800031B18A6C03F108009A640831F1F7A6BB2B
:10F19000704710B50446006840B1826C0021083009
:10F1A000F1F716FB002223681A605A6010BD0000B8
:10F1B00010B40C78082C0BD850F8240040B1054C42
:10F1C0008264E469083040F8044C10BCF1F786BB57
:10F1D00010BC7047904600200829134609D850F803
:10F1E000211031B18A6C03F108009A640831F1F7FB
:10F1F00075BB704770B50026051F00F1200455F857
:10F20000040F38B1826C00210830F1F7E1FA2B6865
:10F210001E605E60A542F2D170BD000038B590F866
:10F2200048300446022B1CD890F84610082918D8FC
:10F230000D4AD25C022A14D8A8200C4B00FB0233E2
:10F24000D3F8A40060B10A4D43682A460068984785
:10F2500005F10803A363AB6C0120E363002323647F
:10F2600038BD0020FCE700BF18150020D810002092
:10F27000BC420020036843B19100196003490B7838
:10F28000002A18BF43F001030B70704708430020A9
:10F29000006810B10068C0F38700704738B5036894
:10F2A0000BB9002038BD302383F311880368002197
:10F2B0001C685B6881F31188002CF2D04FF47A7CD3
:10F2C000074A084DD069084AC01AE0FB0C510023D8
:10F2D0002846F0F78BFF84428CBF00200120E1E735
:10F2E000904600209F860100A08601004B1E072B40
:10F2F0000BD850F8213043B19100196003490B78C5
:10F30000002A18BF43F001030B7070470843002028
:10F31000082906D850F8210020B10068C0F3870002
:10F320007047002070470000082938B501D9002037
:10F3300038BD50F82130002BF9D0302383F31188E9
:10F3400050F8213000211C685B6881F31188002C83
:10F35000EDD04FF47A7C084A084DD069084AC01AAB
:10F36000E0FB0C5100232846F0F740FF84428CBF9D
:10F3700000200120DCE700BF904600209F860100AE
:10F38000A08601002DE9F84F384B1B78002B40D0A8
:10F3900000254FF030082E46A946354FD7F8A44037
:10F3A000002C2FD0002D36D14FF0010A88F31188A0
:10F3B0005FFA8AFB5946636920689847002818BF9E
:10F3C00046F0010689F311882948FFF787FEA0B1AE
:10F3D0005946A3692068984778B188F31188254A6F
:10F3E000594663682068984789F31188214B0020AB
:10F3F0009A6C03F10801FFF70BFC0AF1010ABAF15C
:10F40000090FD3D10135032D07F1A807C6D1174B3A
:10F410001E70BDE8F88F88F31188002163692068A9
:10F420009847002818BF46F0010689F3118838462E
:10F43000FFF754FE0028E5D00021A3692068984713
:10F440000028DFD088F31188DFF828A00021524679
:10F4500063682068984789F31188DAF848200AF130
:10F460000801E8B2FFF7D4FBCCE700BF0843002057
:10F47000D81000207042002010B590F848300446A3
:10F48000022B19D890F84610082915D80B4AD25CDF
:10F49000022A11D8A8200A4B00FB0233D3F8A4009B
:10F4A00048B1436900689847064B1870A363012070
:10F4B0000023E063236410BD0020FCE71815002042
:10F4C000D81000206C42002010B590F84830044657
:10F4D000022B19D890F84610082915D80B4AD25C8F
:10F4E000022A11D8A8200A4B00FB0233D3F8A4004B
:10F4F00048B1036994F84720006898470023012029
:10F50000A363E363236410BD0020FCE7181500200B
:10F51000D810002070477047FEE70000F0B50820C3
:10F520000026104A516813680D469468043BAC42AB
:10F5300010D8E31C5B1ACD1E23F00303AC4238BF86
:10F5400000230B44D168994209D8013802F1100216
:10F55000E8D1F0BD53F8047F45F8047BE7E743F8B2
:10F56000046BF0E7142B010838B501230025074C84
:10F570002370656000F0EAFA0549064800F018F9C2
:10F580000223237085F3118838BD00BF8846002010
:10F59000942B01089046002072B60322024BD865D6
:10F5A000024B1A70FEE700BF9046002088460020FC
:10F5B00000F03CB8034A516853685B1A9842FBD884
:10F5C000704700BF001000E010B50A4C23699A682C
:10F5D00091420CD85A6881600360426010609A685A
:10F5E0005860521A9A604FF0FF33A36110BD1B6838
:10F5F000891AECE79046002010B40361002310BC88
:10F60000C2604361FFF7E0BF036881689A680A44FB
:10F610009A60426813605A6000234FF0FF32036023
:10F62000014B9A61704700BF9046002070B5124DA3
:10F630002A46EB690133EB6152F8103F934206D042
:10F6400030269A68013A9A602C69A36803B170BDAC
:10F65000226861680A605160236083F31188204644
:10F66000E3682169984786F3118861690029EBD026
:10F670002046FFF7A9FFE7E79046002000238268B5
:10F68000037503691B6899689142FBD25A6803604D
:10F6900042601060586070470023826803750369F8
:10F6A0001B6899689142FBD85A68036042601060F9
:10F6B0005860704708B50846302383F311880A7DE7
:10F6C0000023052A06D8DFE802F00B050503120E19
:10F6D000826913604FF0FF338361FFF7CFFF002390
:10F6E00083F3118808BD826993680133936042688F
:10F6F000036813605A60EDE7FFF7C0BF054BD96898
:10F7000008751868026853601A6001220275D86093
:10F71000F0F756BD9046002030B50C4B0446DD682E
:10F720004B1C87B00FD02B466846094AFFF764FF91
:10F730002046FFF7E3FF009B13B16846FFF764FF25
:10F74000A86907B030BDFFF7D9FFF9E79046002060
:10F75000B5F60008044B1A68DB6890689B6898420D
:10F7600094BF00200120704790460020084B10B540
:10F770001C68D868226853601A6001222275DC6018
:10F78000FFF78AFF01462046BDE81040F0F718BD9C
:10F7900090460020044B1A68DB6892689B689A4286
:10F7A00001D9FFF7E3BF70479046002030BFFDE767
:10F7B00070B5002504461A4B86B0856201630E467B
:10F7C000586000F07DF904F11003236163614FF08C
:10F7D000FF33A361134BE561D9692B460A462046E6
:10F7E000C4E9082304F1340180230F4A24606460D3
:10F7F000A560E562E56500F01DF801230B4AE060B5
:10F8000003750092726868460192B268CDE90223DE
:10F81000074BCDE9043500F03FF806B070BD00BFDE
:10F820008846002090460020901D0108951D010883
:10F83000ADF7000802228B604B62002308618A82C8
:10F8400008460B62CB6170478368C168A3F14C0224
:10F8500043F81C2C026943F84C2C42690C4843F8CD
:10F86000482C0C4A43F8180C43F82C2C022203F8BD
:10F87000142C002243F8201C03F8132C43F8041C1A
:10F8800043F8082C43F80C2CA3F12800704700BF64
:10F8900090460020D101000808B5FFF7D5FFBDE86C
:10F8A0000840FFF729BF0000024BDB6898610F207A
:10F8B000FFF724BF90460020302383F31188FFF721
:10F8C000F3BF08B50146302383F311880820FFF702
:10F8D00023FF002383F3118808BD0000054BDB687C
:10F8E00021B1036098610320FFF716BF4FF0FF308E
:10F8F000704700BF904600200346006820B10022F8
:10F900001A608161FFF7F8BE70470000064BDB68A4
:10F9100039B1426818605A60136043600420FFF7F1
:10F92000FBBE4FF0FF307047904600200346006852
:10F93000834205D002681A6053608161FFF7DCBE24
:10F94000704738B504460D462068844200D138BD62
:10F95000036823605C608561FFF7CEFEF4E7034631
:10F9600010B51B68984203D09C688A689442F8D20C
:10F970005A680B604A601160596010BD0023006036
:10F98000406083607047000038B58168164B0446BC
:10F99000DD6891B92B6A8560C360286238BD8B60D1
:10F9A0000B7D7BB1062B14D10B684A688869136004
:10F9B0005A60FFF7D4FF8B699968AB688A689A42EE
:10F9C000EDD306E04A680B68084613605A60FFF7FB
:10F9D00093FE20462946FFF7C2FFAC610620BDE832
:10F9E0003840FFF78BBE00BF9046002008B530239B
:10F9F00083F31188FFF7C8FF002383F3118808BD44
:10FA0000154A0346D16810B5302282F31188C268C6
:10FA100000680A6298421BD0486A82B988601868F8
:10FA200002681A605360026A9860DA600362FFF746
:10FA300063FEFFF7AFFE002383F3118810BD146847
:10FA4000A24203D0A468A04238BF2046D268E4E7AF
:10FA500000238360EFE700BF90460020C36919438D
:10FA6000037DC1610A2B03D18369194205D1704717
:10FA70000B2B06D183698B4303D100238361FFF7EE
:10FA80003BBE704770B506460D460468B44200D1CF
:10FA900070BDE3682B43E36015B123691D4203D0B9
:10FAA000A1686068FFF7DAFF2468EFE7EFF30983E6
:10FAB000203383F30988002383F311887047000003
:10FAC000302080F3118862B60C4B0D4AD96821F4BE
:10FAD000E0610904090C0A43DA60D3F8FC20094903
:10FAE00042F08072C3F8FC200A6842F001020A600A
:10FAF0002022DA7783F82200704700BF00ED00E093
:10FB00000003FA05001000E0302310B583F31188DC
:10FB10000B4B5B6813F400630FD0EFF309844FF0D5
:10FB20008073203CE36184F30988FFF713FE10B172
:10FB3000044BA36110BD044BFBE783F31188F9E785
:10FB400000ED00E0E3010008E6010008024B034A73
:10FB50001A60034A5A607047F0460020904900201E
:10FB600000700020094B30B51C684D1E22444942EC
:10FB70002A440A4059681044884204D8A04202D35B
:10FB80001860104630BD0022FBE700BFF0460020A1
:10FB900008B5302383F31188FFF7E4FF002383F3D4
:10FBA000118808BD08B500F02FFF01F02DF900F015
:10FBB000F4FA00F049FB00F0CFFBFFF76DF8BDE869
:10FBC000084000F000B801F087B930B5017200219B
:10FBD000039C043304FB0325C361049B006003639F
:10FBE000059B4060C16042610261856104624262BE
:10FBF0008162C162436330BD0022416AC2604161DB
:10FC0000016182626FF00101C262FFF79ABE03696F
:10FC10004269934201D1C2680AB9181D7047002099
:10FC2000704703691960C26800210132C260C2696D
:10FC3000134482690361934224BF436A0361FFF75F
:10FC400075BE38B504460D46E3683BB162690020D5
:10FC5000131D1268A3621344E36207E0237A33B9E9
:10FC600029462046FFF752FE0028EDDA38BD6FF036
:10FC70000100FBE7C368C269013BC36043691344E9
:10FC800082694361934224BF436A436100238362D4
:10FC9000036B03B1184770472DE9F84F04460F4630
:10FCA00091469A464FF0300888F311880026B346F3
:10FCB000A56A4DB951462046FFF7C3FF20B185F331
:10FCC00011883046BDE8F88FA16AE56AA9EB060302
:10FCD0006D1A9D4228BF1D46402D15D93846402239
:10FCE000F0F7FCFDA36A403740334036E26AA36276
:10FCF0009A4202D82046FFF7BDFF8BF311884E458C
:10FD0000DFD288F31188D3E738462A46F0F7E6FDBC
:10FD1000A36A2F442B442E44E8E710B5029C043319
:10FD20000172C36103FB042100238362C362039B4E
:10FD300000600363049B4060C460426102618161B2
:10FD400004624262436310BD026A6FF00101C26047
:10FD5000426A4261026100228262C262FFF7F1BD23
:10FD6000034640691A69824201D1DB681BB950F829
:10FD7000043B0B60704700231846FAE7C368C2696A
:10FD80000133C36043690021134482694361934294
:10FD900024BF436A4361FFF7C9BD38B504460D4629
:10FDA000E3683BB1236900201A1DA262E269134493
:10FDB000E36207E0237A33B929462046FFF7A6FD20
:10FDC0000028EDDA38BD6FF00100FBE70369196028
:10FDD000C268013AC260C2691344826903619342F6
:10FDE00024BF436A036100238362036B03B1184796
:10FDF00070472DE9F84F04460F4691469A464FF05A
:10FE0000300888F311880026B346A56A4DB95146DB
:10FE10002046FFF7C2FF20B185F311883046BDE8C8
:10FE2000F88FA06AE56AA9EB06032D1A9D4228BF48
:10FE30001D46402D17D939464022F0F74FFDA36AE1
:10FE4000403740334036E26AA3629A4204D8E169FF
:10FE500020460439FFF7BAFF8BF311884E45DDD2F7
:10FE600088F31188D1E739462A46F0F737FDA36AAF
:10FE70002F442B442E44E6E7302208B582F3118844
:10FE8000816A29B103690439C91A01D0FFF79EFFBD
:10FE9000002383F3118808BDF8B5154682680B4628
:10FEA000AA428169066938BF8568761AB542044658
:10FEB0000BD22A461846F0F711FDA2692A44A3681E
:10FEC00028465B1BA261A360F8BD0CD918463246D8
:10FED000F0F704FDAF1B3A46E1683044F0F7FEFC52
:10FEE000E368DA19EBE72A461846F0F7F7FCE26810
:10FEF000E5E72DE9F04104461546836827699342FA
:10FF000038BF856840690E463F1ABD420BD22A466B
:10FF1000F0F7E4FC62692A44A36828465B1B62612F
:10FF2000A360BDE8F0810DD93A46A5EB0708F0F7CC
:10FF3000D5FC4246E068F119F0F7D0FCE36803EB2A
:10FF40000802E9E72A46F0F7C9FCE268E4E710B5E1
:10FF50000024C361029BC160816141611144006062
:10FF6000406084600161036210BD08B58269436925
:10FF7000934201D1826882B98268013282605A1C40
:10FF8000426119700369426900219A4224BFC36823
:10FF90004361FFF7CBFC002008BD4FF0FF30FBE7CB
:10FFA00070B5302304460D4683F31188A668A6B1C8
:10FFB000A368A269013BA360531CA3611578226961
:10FFC000934224BFE368A361E3690BB120469847DD
:10FFD000002383F31188284607E029462046FFF7CF
:10FFE00095FC0028E2DA86F3118870BD2DE9F74F01
:10FFF00005460F4614469946D0F81CA04FF030082D
:020000040801F1
:1000000088F311884FF0000B164666B13246394628
:100010002846FFF741FF034660B949462846FFF7E7
:1000200075FC0028F2D0002383F31188A01B03B0D5
:10003000BDE8F08FBAF1000F03D001902846D047F9
:10004000019B8BF31188F61A1F4488F31188DCE7B3
:10005000C361009BC16081614161114400604060E7
:100060008260016103627047F8B504460D4616468A
:10007000302383F31188A768A7B1A368013BA3606D
:1000800063695A1C62611D70236962699A4224BFC8
:10009000E3686361E3690BB120469847002080F371
:1000A000118807E031462046FFF730FC0028E2DAED
:1000B00087F31188F8BD8369426910B59A4201D16E
:1000C00082687AB982680021013282605A1C82619A
:1000D0001C7803699A4224BFC3688361FFF726FC3A
:1000E000204610BD4FF0FF30FBE72DE9F74F0546E6
:1000F0000F4614469946D0F81CA04FF0300888F3FC
:1001000011884FF0000B164666B132463946284634
:10011000FFF7EFFE034660B949462846FFF7F6FBB6
:100120000028F2D0002383F31188A01B03B0BDE8A0
:10013000F08FBAF1000F03D001902846D047019B01
:100140008BF31188F61A1F4488F31188DCE70C3012
:10015000FFF74CBF4FF0FF330C30FFF747BF303095
:10016000FFF7C3BF4FF0FF333030FFF7BEBF0C3097
:10017000FFF716BF4FF0FF310C30FFF711BF3030E3
:10018000FFF772BF4FF0FF323030FFF76DBF01292C
:1001900014BF6FF013000020704700F035BF00005F
:1001A00037B5154602460B460C49044642F8041B77
:1001B0004260012200F154010272009080220C3052
:1001C000FFF7C5FE2B468022009404F1D40104F110
:1001D0003000FFF73DFF03B030BD00BFA02B01088A
:1001E00010B53023044683F3118800F01FFF02236B
:1001F0000020237280F3118810BD38B5436904468E
:100200000D461BB904210844FFF73CFC294604F1C4
:100210000C00FFF7AAFE002806DA201D4FF400614B
:10022000BDE83840FFF72EBC38BD302383F311887A
:100230000023406983F31188B0FA80F040097047C9
:100240004FF0FF31FFF74ABB00F0C4BF012303703A
:1002500000230C3040F8083C40F8043CFFF78EBB0C
:1002600010B53023044683F31188416000F0C8FFC5
:1002700002230020237080F3118810BD10B53023B5
:10028000044683F3118801F02FF8002301226360F4
:10029000227083F3118810BD302383F311884368E3
:1002A00099685A684FF480338B409361002383F33D
:1002B00011887047302383F31188436899685A681E
:1002C00001238B409361002383F31188704710B59D
:1002D000302484F311880324047001F046F80023CD
:1002E00083F3118810BD38B50446302585F3118895
:1002F000032504F8085B01F023F82046FFF7A0FF70
:10030000002383F3118838BD10B53023044683F3EE
:100310001188032304F8083B01F027F82046FFF773
:100320008FFF002383F3118810BD10B530230446DE
:1003300083F31188032304F8083B01F02CF82046CE
:10034000FFF77EFF002383F3118810BD0C30FFF709
:100350004DBB0C30FFF754BB01F034BA01230370DE
:100360000023C36183620362C36243620363436029
:100370008360704738B50446302383F31188002525
:100380004160C56005614561856101F021FA022384
:10039000237085F31188284638BDF8B5044630230C
:1003A00083F31188002601F02BFA254601233746F6
:1003B000666005F8083B183455F8043F73B1586976
:1003C00020B16FF001010C30FFF796FA2B689869A5
:1003D00020B16FF001010C30FFF78EFAA5422E60BC
:1003E000EAD1FFF7D7F987F31188F8BD70B500EBB4
:1003F0008103054650690E461446DA6018B114228E
:100400000021F0F7E5F9A06918B114220021F0F7F6
:10041000DFF931462846BDE8704001F00FBAF8B563
:1004200004460027836800F10C0503F00113836084
:1004300000F1180655F8043F73B1586920B16FF008
:1004400001010C30FFF758FA2B68986920B16FF062
:1004500001010C30FFF750FAB5422F60EAD1204677
:10046000BDE8F84001F074BAF0B4012500EB810456
:10047000E4684789A4698D403D434581236000239A
:10048000A2606360E360F0BC01F0D0BAF0B4012573
:1004900000EB8104E468078964698D403D43058170
:1004A00023600023A2606360E360F0BC01F0DCBA6B
:1004B00010B50378052B0FD1084CC820E37A43F020
:1004C0000803E372637843F004036370FFF7F9F9FC
:1004D000637803F0FB03637010BD00BF0040014070
:1004E0002DE9F04700260223054604464FF0300868
:1004F000B1460370C66400F1180745F8086F55F857
:10050000043F9BB188F311882B68586920B16FF0C4
:1005100001010C30FFF7F0F92B68986920B16FF0FA
:1005200001010C30FFF7E8F989F31188BD422E6014
:10053000E5D1204684F8346001F0ECF963681B686B
:1005400023B12046BDE8F04700211847BDE8F087F9
:10055000F8B503780446052B27D080F850300523E2
:10056000037043681B680BB1042198472546002699
:10057000302745F8086F183455F8043F9BB187F3CE
:1005800011882B68586920B16FF001010C30FFF71A
:10059000B3F92B68986920B16FF001010C30FFF7B7
:1005A000ABF986F31188A542E6D1F8BD017805299B
:1005B00006D190F85020436802701B6803B11847B9
:1005C00070470000F8B590F8343004460E4613B179
:1005D000002380F834303146204604F1440201F013
:1005E00009FA63689B68B3B994F8443013F0600566
:1005F00038D00021204601F077FA0021204601F092
:1006000065FA63681B6813B10621204698470623E4
:1006100084F83430F8BD204698470028E4D094F898
:100620004B2094F84A3043EA0223E26B9A4284BF9B
:100630001A46E36394F94430002B80F20481002AC7
:1006400000F0F880092384F83430302383F31188D4
:1006500000212046E36BA26BFFF718FF002383F312
:100660001188D7E794F8452003F07F0343EA02237B
:1006700040F20232934200F0CA8021D8B3F5807F65
:100680004DD00DD8012B44D0022B00F09880002BC8
:10069000AFD104F14C02A2630222E2632364BEE7FD
:1006A000B3F5817F00F0A080B3F5407FA1D194F82D
:1006B0004630012B9DD1B4F84C3043F0020337E0B3
:1006C000B3F5006F52D01CD8B3F5A06F36D0A3F5A8
:1006D000C063012B8DD894F84920616894F84830A4
:1006E0004F6843EA0223204694F8462094F84710C6
:1006F000B84700283FF47DAF4368A3630368E36312
:100700001AE0B3F5106F36D040F6024293427FF400
:1007100070AF554BA3630223E3630023BEE794F855
:100720004630012B7FF465AFB4F84C3023F0020360
:10073000A4F84C30A563E563256470E7B4F8443051
:10074000B3F5A06F0ED194F84630204684F84E30B1
:1007500001F06CF863681B6813B1012120469847CB
:10076000032323700023A363E36397E704F14F039C
:10077000A3630123C3E72378042B10D1302383F331
:1007800011882046FFF74BFE85F31188032163682B
:1007900084F84F5021701B680BB12046984794F89D
:1007A0004630002BDED084F84F300423237063687A
:1007B0001B68002BD6D0022120469847D2E794F838
:1007C000483020461D0603F00F010AD501F0F8F865
:1007D000012804D002287FF40CAF244B9AE7244B65
:1007E00098E701F0D3F8F3E794F84630002B7FF454
:1007F00000AF94F8483013F00F01B3D01A0620462A
:1008000002D501F089F9ADE701F07AF9AAE794F889
:100810004630002B7FF4EDAE94F8483013F00F0112
:10082000A0D01B06204602D501F05EF99AE701F040
:100830004DF997E7142384F8343031462046BDE85B
:10084000F84001F0E7B862B1152384F83430302362
:1008500083F3118800212046E36BA26BFFF704FEAF
:10086000FCE60B23E7E700BFCC2B0108CA2B0108ED
:10087000C82B010808B500F0C9F80B4B9A6C42F080
:1008800020029A649A6C9A6C42F040029A649A6CC4
:100890009A6C42F080029A649A6C9A6C42F480726C
:1008A0009A649B6C08BD00BF000C01407047162382
:1008B00003604FF0FF3070470020704718467047C4
:1008C0000020704710B50022044608460121FFF7BA
:1008D0005FF918B90C234FF0FF30236010BD08B545
:1008E0001346002158221846EFF772FF4FF40052CA
:1008F0004260002008BD01207047000008B5024892
:10090000FEF74AFEEFF7E2FF9A1D010808B502481C
:10091000FEF742FEEFF7DAFF9F1D01080120704746
:1009200070470122090100F1604303F56143C9B238
:1009300083F8001300F01F039A4043099B0003F162
:10094000604303F56143C3F880211A6070470122B8
:1009500000F01F039A4043099B0003F1604303F535
:100960006143C3F88020C3F88021002300F1604078
:1009700000F5614080F800337047090100F16040E4
:10098000C9B200F56D4001767047000017498A68CA
:10099000022A12D0032A26D0154B1649012A18BF65
:1009A0000B46124A926902F07F020132520801326C
:1009B000B3FBF2F3104A13607047104A0B68526F92
:1009C00049686FEA921201290CBF09490C4902F0EB
:1009D000030203324A4303F01F0301335B08013370
:1009E000B2FBF3F3DDE7074BDBE700BF000C014090
:1009F000006CDC0200127A001C150020000401408B
:100A00000048E801001BB700FFF7C0BF13B50C207A
:100A1000032440F2BE71314B314A9C62D862C2F865
:100A2000941000219962D9629C62D8628020C3F838
:100A30001C0CD3F81C0CC3F81C0C009101914FF452
:100A40000141C3F8481C4FF6FC71A3F574431963C8
:100A50000F2119600223136501234BF68031D36403
:100A6000936D03F001030193009B01330093019BFD
:100A700013B9009B8B42F3D1019B03B9FEE7194BDD
:100A800019498024C3F800140021A3F58843996113
:100A90001C62196A012019622021586019601968C6
:100AA000196019680143196054679067D16F032971
:100AB000FCD102229A6001220021DA60074A916289
:100AC000D1629A6C42F400429A649A6CDA6C42F4F5
:100AD0000062DA64DB6C02B010BD00BF00000140B0
:100AE000000401400050014013000003134B8342F7
:100AF00023D1134B02201A6C124942F480721A64FB
:100B00001A6C42F002021A64D3F8882042F0020202
:100B1000C3F88820D3F8882022F00202C3F8882086
:100B200001225A63DA670864DA6608225A615A6950
:100B30005A615A6942F001025A6170473C490020EB
:100B4000000C0140004C0140084B83420CD1084B83
:100B50005A6902F008025A6100225A61DA66DA67BD
:100B60001A6C22F002021A64704700BF3C49002050
:100B7000000C01400F4A936C43F4004343F0200300
:100B800093644FF080436FF4C0521A634FF0707259
:100B9000DA624FF020721A6000225A609A60DA60BE
:100BA0004FF44C325A62012203F5A0335A700722E7
:100BB000DA727047000C01400E4A6FF48051936C5A
:100BC00043F4004343F0200393644FF080436FF4F9
:100BD000C0521A6300221A609A60DA6019634FF0FB
:100BE000807119604FF4805159605A624FF0805201
:100BF0009A617047000C014010B5074C6369DB0730
:100C000004D5064A13680BB1506898470123636105
:100C1000BDE81040FEF778BF00180040F8460020FD
:100C200010B5074C63699B0704D5064A93680BB15E
:100C3000D068984702236361BDE81040FEF764BFA7
:100C400000180040F846002010B5074C63695B07A8
:100C500004D5064A13690BB15069984704236361B0
:100C6000BDE81040FEF750BF00180040F8460020D5
:100C700010B5074C63691B0704D5064A93690BB18D
:100C8000D069984708236361BDE81040FEF73CBF78
:100C900000180040F846002010B5074C6369DB06D9
:100CA00004D5064A136A0BB1506A98471023636152
:100CB000BDE81040FEF728BF00180040F8460020AD
:100CC000164B10B55C69A30604D5154A936A0BB19F
:100CD000D06A9847600604D5114A136B0BB1506B6C
:100CE0009847210604D50E4A936B0BB1D06B9847F9
:100CF000E20504D50A4A136C0BB1506C9847A30562
:100D000004D5074A936C0BB1D06C9847BDE81040EE
:100D10004FF47872014B5A61FEF7F6BE001800409E
:100D2000F84600201A4B10B55C69620504D5194AD3
:100D3000136D0BB1506D9847230504D5154A936D7B
:100D40000BB1D06D9847E00404D5124A136E0BB175
:100D5000506E9847A10404D50E4A936E0BB1D06E25
:100D60009847620404D50B4A136F0BB1506F984734
:100D7000230404D5074A936F0BB1D06F9847BDE8A1
:100D800010404FF47C42024B5A61FEF7BDBE00BFDB
:100D900000180040F8460020062108B50846FFF775
:100DA000C0FD06210720FFF7BCFD06210820FFF744
:100DB000B8FD06210920FFF7B4FD06210A20FFF740
:100DC000B0FD06211020FFF7ACFDBDE8084006216C
:100DD0002120FFF7A6BD08B50620FFF7B8FD0720C4
:100DE000FFF7B5FD0820FFF7B2FD0920FFF7AFFDC3
:100DF0000A20FFF7ACFD1020FFF7A9FDBDE8084071
:100E00002120FFF7A4BD000000231946044A013346
:100E1000102B1160516002F10802F8D1704700BF39
:100E2000F8460020C9434FF05533016302F0030137
:100E30005943016042F380014160C2F3C10159434B
:100E40008160C2F341115943C160C2F3C1214B43D8
:100E5000C3624FF01133C2F3C3125A4302624262BB
:100E6000704700001A4B70B59C6C0F2644F4C064A8
:100E70009C649B6C012301F003048B4021F003016F
:100E800001F1804101F5A0518D68A400C0F38320D9
:100E9000A04006FA04F425EA040528438860D843F4
:100EA0000C4912F0010F8C6814BF1C4304408C6085
:100EB00012F0020FCA6814BF1A430240CA60054A02
:100EC000536111680B43136053680340536070BD56
:100ED000000C0140001800404FF0E02340F2BF3208
:100EE0005A6100229A61072208210B201A61FFF73C
:100EF00044BD08B5302383F31188FEF759FB002366
:100F000083F3118808BD08B5FFF7F3FFBDE808407B
:100F1000FEF7FABD024A536843F00203536070477C
:100F20000084004070B5354ED6F854516B69D9062F
:100F3000DCB20AD5302383F311884FF48061301D71
:100F4000FEF7A0FD002383F31188302383F311887B
:100F500014F00F0332D183F311886B68980714D50E
:100F6000A10612D5302383F311882548FFF7A3F893
:100F7000002840DA08212348FEF784FD6B6823F03F
:100F800002036B60002383F311886B689A0711D505
:100F900063060FD5302383F31188726CB36C9A42C9
:100FA00005D1B36B1BB110211648FEF76BFD002372
:100FB00083F31188BDE87040FEF7A6BDC4F340017D
:100FC0000902620748BF41F02001230748BF41F0F2
:100FD000400104F001040B4841EAC411FEF752FD40
:100FE0002B682CB196F8581104481940FFF705F901
:100FF0006C69E4B2ACE72860C4E700BF7847002022
:10100000A84700207C47002008B5054A0021054874
:10101000FFF7C6F8044B034AC2F8543108BD00BFBD
:10102000150F0108784700200084004038B52A4B8E
:101030000446002914BF0D461D46037A012B1AD120
:10104000264B984217D1264B0821DA6C202042F01B
:101050000802DA64DA6CD3F8942042F00802C3F88C
:101060009420D3F8942022F00802C3F89420D3F8F7
:101070009430FFF756FCD4F85431E9791A6902F03C
:1010800050020A4329681A614A0802F1B76202F560
:101090005842B2FBF1F202F00F01C3F8C0108021F8
:1010A000D960C2F3071119600021C2F307325A60F8
:1010B000D96068792A790243A8790243DA6001226B
:1010C000C3F89C10C3F898205A6842F005025A6091
:1010D000FF2384F8583138BDD02B01087847002011
:1010E000000C014070B50446C5692E6BC26A6B6A7C
:1010F0009A4234BFC36A6B6A013B35D2E36A002B64
:101100003ED1EB6263681B6833B104222046227033
:1011100098472378042B01D102232370302383F3D3
:101120001188002104F10800FEF7E6FB002383F399
:101130001188F30717D5286A228E666AE36A616A06
:10114000D31A3344121A934228BF134699424FF6DA
:10115000FF7138BF636A013B1BD2636A1BB9EB6A3C
:1011600023F00103EB6270BD296EE26A013AE2628C
:10117000A26A002AC0D01170A26A0132A262BBE743
:10118000E26AEB699A429EBFE36A03F1FF33EB61C7
:10119000CFE7626A013A6262226A0AB92966DAE72F
:1011A00012F8010B28662262D5E7000008B5034853
:1011B000FFF798FFBDE80840FEF7A6BCD448002022
:1011C00008B50348FFF78EFFBDE80840FEF79CBC5A
:1011D0000849002008B50648FFF738F8054B044ACF
:1011E0000548D361FFF732F8044B034AD36108BDC9
:1011F000D448002000300040084900200090004002
:1012000010B503780446012B45D1344B98421FD1C9
:10121000334B0A219A6C1A2042F480529A649A6CD9
:10122000D3F8902042F48052C3F89020D3F8902055
:1012300022F48052C3F89020D3F89030FFF771FB6E
:101240006268E369128A5A611A6942F001021A61FE
:10125000244B9C421FD1224B0921DA6C1B2042F007
:101260001002DA64DA6CD3F8942042F01002C3F86A
:101270009420D3F8942022F01002C3F89420D3F8DD
:101280009430FFF74EFB6268E369128A5A611A696B
:1012900042F001021A616168E269CB8989890B43D6
:1012A00043F007039BB21360238E4BB90123936174
:1012B000916999420DD10133B3F5807FF7D123862F
:1012C00000239361D361D36A23F0FF03D362936C4D
:1012D00010BD012B08BF0023F1E700BFD448002058
:1012E000000C01400849002010B503780446022B89
:1012F0001FD10022C3699A60DA6A22F0FF02DA6223
:101300009B6C0C4B984208D11A20FFF720FB0A4B2C
:101310009A6C22F480529A649B6C084B9C4208D1D0
:101320001B20FFF714FB044BDA6C22F01002DA6486
:10133000DB6C10BDD4480020000C0140084900209F
:1013400091B18362038E02625B088B4228BF0B4619
:10135000C2694162C1629361013BD361D36A43F0C8
:101360001103D36201239360704799B10023836214
:10137000038E02625B088B4228BF0B46C269416242
:10138000C1629361013BD361D36A43F01103D3621D
:1013900001239360704799B100230362038E826238
:1013A0005B088B4228BF0B46C2694162C1629361F0
:1013B000013BD361D36A43F01103D36201239360ED
:1013C0007047000000216022074B10B599735A74D2
:1013D00099735A74436804461B680BB106219847F9
:1013E000062384F8343010BD0040014090F83430BA
:1013F00010B5152B04460CD8012208499A400A4220
:1014000008D1152B05D1036C03B19847002384F84C
:10141000343010BDBDE81040FFF7D4BF410E1000BE
:1014200090F8343010B5152B04460CD80122084929
:101430009A400A4208D1092B05D1036C03B19847A1
:10144000002384F8343010BDBDE81040FFF7BABF68
:10145000410C3000F8B5294C851C04EB85035E680F
:10146000274AB36990730146107DC00739D5986843
:10147000917392F817C0927D224F42EA0C2207EB3B
:10148000810700EB020C60452CD1986810449860ED
:101490005868104458601868801A1860188A013813
:1014A00080B21882738A934200D800BB01226389FC
:1014B0008A4023EA0203638104EB85035B68DB68EF
:1014C0000BB10E489847302383F3118804EB850451
:1014D0006368986941680C30FEF70EFA002383F3C5
:1014E0001188F8BD97F800E000F801EBCBE7044A5B
:1014F000137D03F0FE031375F3E700BF3C490020A2
:101500000040014020400140F8B5204C861C04EB0F
:1015100086035D6801466A69D2E90003834218D3F5
:10152000012223898A4023EA02032381AB680BB19D
:1015300020469847302383F3118804EB86046368C0
:10154000002158690C30FEF7D7F9002383F3118886
:1015500017E00F4FB97317693B445360C31ADFD0CC
:10156000288A984228BF1846936810613B449360CC
:10157000084A184402EB8102984203D10122044B2D
:101580005A74F8BD13F8011B1170F5E73C490020AF
:1015900000400140204001402DE9F041874B9B79FC
:1015A0009D07DFB202D58648FFF700F87C0702D519
:1015B0008348FEF795FF380713D5814C6368DB68D5
:1015C00023B97E4AD37A03F0F703D3722378052B2D
:1015D00002D17B48FEF7EAFF6368DB680BB178480D
:1015E0009847764B9A781D7902F0FF06EDB252B912
:1015F000002D39D1FB0702D57148FEF7A9FFBDE8E0
:10160000F041FEF781BAF10729D500216C4CE06862
:10161000997393F811C01CF0040F5FFA8CF21CBF91
:10162000597484F8341012F010010CD08021634BEF
:101630005974002384F83430D20710D54368002150
:101640005F4898470BE094F83430152B74D006D8D7
:10165000092B23D003D8002BEED0062BECD0B207F9
:1016600002D50120FFF750FF730702D50220FFF7D4
:101670004BFF340702D50320FFF746FFA80702D52A
:101680000120FFF7E7FE690702D50220FFF7E2FE1F
:101690002A07AFD50320FFF7DDFEABE7DFF81CC15B
:1016A0009CF8113013F00202D9B2D8D101F0110325
:1016B000112BD4D043698CF80E205A68D3F810E06F
:1016C000D3F800800EEB02015960B8EB0101028AE9
:1016D00016D08A4228BF0A4699681A6171449960F7
:1016E0008B18994207D1038A9A4234BF0A220222F8
:1016F0008CF81120B3E711F8014B8CF82040F0E78B
:10170000964504D10A228CF811201961A7E7238994
:1017100023F00103238183680BB1294898473023C4
:1017200083F311880021E36858690C30FEF7E4F870
:10173000002383F3118892E7DFF880E09EF81130F0
:10174000DB078CD583699A688EF80E109EF816C058
:101750005FFA8CF19444944527D19A680A449A60C0
:101760005A680A445A601A68521A1A601A8A013A68
:1017700092B21A82438A8B424FF000010F4B997349
:1017800000D8BAB948225A74638923F001036381EF
:10179000E368DB6813B1002109489847302383F3DD
:1017A0001188E36898694168BFE79EF8208002F8D5
:1017B000018BD0E740225A7451E700BF004001403E
:1017C0003C4900200148FEF7C9BD00BF3C4900204C
:1017D00010B50478012C0ED1074AC260FFF786F9D4
:1017E0000022064B0D21DA72DC715A720E20BDE820
:1017F0001040FFF796B810BDD82B010800400140FB
:1018000010B503780446012B0CD00E20FFF79FF88B
:101810000022054B2046DA72DA715A72BDE8104098
:10182000FFF792B910BD00BF0040014090F84E2074
:10183000014B1A70704700BF0040014000EB81006F
:10184000334BC26801F00F0110B59973106800F0B6
:101850000300002955D002282AD0032828D00128C7
:1018600025D153690BB993690BB3E020284B9874C9
:10187000108AC0F3C70018744020587408205874A8
:1018800058740120DC7900FA01F1C9B244EA010080
:10189000D871C0205875528AC2F3C702DA74802208
:1018A0001A7510221A751A755A7A0A435A7210BD9F
:1018B000506980B100209874108A0124C0F3C700D9
:1018C000187440205874082058745874D8798C4083
:1018D0002043C0B2D8719369002BE8D000200C4B94
:1018E0005875528A0120C2F3C702DA7480221A7531
:1018F00010221A751A755A7A00FA01F10A43D2B207
:10190000D4E70028D3D1DA7942F00102DA71CEE7C8
:1019100000400140002208B50B4BDA715A72426850
:10192000D2681AB1DA7A42F00802DA72074B002163
:10193000C360FFF783FF0122034B5A70DA7A42F04B
:101940000102DA7208BD00BF00400140D82B010837
:1019500070B50D4B0021DA79402602F00102DA71F0
:10196000082401228025102059729A730132D2B2C4
:10197000042A99745E745C745C7459751D751875CD
:101980001875F2D170BD00BF004001400B4B01F053
:101990000F029A7339B95A7C50070DD4D879400098
:1019A00000F002007047197D890605D4587A10416D
:1019B00000F00100400070470120704700400140E6
:1019C0000B4B01F00F029A7339B95A7C50070DD4B2
:1019D000D879400000F002007047597CC90605D450
:1019E000D879104100F00100400070470120704795
:1019F00000400140064B01F00F0103EB810302F1AF
:101A00000801187802F8010B9142FAD1704700BF23
:101A1000204001404822044B01F00F0199735A7491
:101A2000002380F8343070470040014000EB810013
:101A3000C06801F00F0281690B6873B1408A0344EA
:101A4000013BB3FBF0F39BB20B82064B9A7332B1AE
:101A50001A7D02F0FE021A7570470123F4E7402256
:101A60005A7470470040014000EB810311F00F01F0
:101A700070B508BF4025DB6808BF124C5A6908BF23
:101A8000A1731B8A08BF65741468A34228BF23464C
:101A90000D4C1361926804EB8104D518954205D171
:101AA000084A917331B10123537470BD12F8016B70
:101AB0002670F3E7517CC168098A8B4234BF0A2340
:101AC0000223F1E70040014020400140054B01F0B6
:101AD0000F01997311B120221A75704760225A7450
:101AE000704700BF00400140044B01F00F019973A3
:101AF00011B110225A7470476022FBE70040014088
:101B0000044B01F00F01997311B180221A757047CF
:101B10005974704700400140044B01F00F01997364
:101B200011B140225A747047597470470040014007
:101B3000B400B40C0A0C0B0C0D0C0E474847494777
:101B40004A474B474C4D4E4D4F4D504D514D5253C2
:101B5000545355535653575358595A595B595C5916
:101B60005D595E5F605F615F625F635F646566656C
:101B700067656865696A6B6A6C6A6D6A6E6F706FBB
:101B8000716F726F737475747674777478797A790B
:101B90007B797C797D7E7F7E807E817E828384835B
:101BA00085838683878889888A888B888C8D8E8DAB
:101BB0008F8D908D919293929492959296D5B199A2
:101BC000002020202020202020202828282828200D
:101BD0002020202020202020202020202020202005
:101BE000208810101010101010101010101010106D
:101BF000100404040404040404040410101010105D
:101C00001010414141414141010101010101010126
:101C10000101010101010101010101011010101078
:101C200010104242424242420202020202020202F8
:101C3000020202020202020202020202101010104C
:101C40002000000000000000000000000000000074
:101C50000000000000000000000000000000000084
:101C60000000000000000000000000000000000074
:101C70000000000000000000000000000000000064
:101C80000000000000000000000000000000000054
:101C90000000000000000000000000000000000044
:101CA0000000000000000000000000000000000034
:101CB0000000000000000000000000000000000024
:101CC00000005002510252024F024F034F035003D3
:101CD00050034F034F034A024A024D024D034A0389
:101CE0001020004000000080010204081020408005
:101CF0005000510052004F003A3B3C3D3E3F4041B6
:101D00004243000000000044450000002A0000DDBE
:101D1000ED3300082C0000DDE73300082D0000FF44
:101D2000D53300082E0022FFC3330008380000FF1F
:101D3000BB330008090011DDB5330008050011DDD3
:101D4000AF3300080000000000000000393A3B3CBF
:101D50003D3E3F40414200610D0A004E555436352C
:101D600020425431004E5554363520425432004EF4
:101D70005554363520425433004E555436352042A2
:101D80005434004E555436352042543500633000EB
:101D90006D61696E0069646C650065786974006BDB
:101DA000696C6C00010203040506060000010203D1
:101DB000040500FF55FFAAFF2BFFBFFF80FF0000B7
:101DC000060D0F10191A220D0E0F101112131415F3
:101DD0001617181D202125290204050607090B0CDA
:101DE0000000FF00FF55FFAAFF2BFFBFFF6A0101A4
:101DF0002D141D1460EA000020BF0200E0930400CF
:101E0000C0270900804F120040771B00E0930400B8
:101E1000000800400108004002080040030800409C
:101E2000060000400A0400400B0400400C0400407F
:101E30000D0400400E0400400A0000400608004067
:101E40000708004008080040090800404C00450011
:101E50004B00550000004E00550054003600350080
:101E6000200032002E003400470020005700690097
:101E7000720065006C0065007300730000000000D4
:101E80000948032181620C21C162084890F81003BF
:101E9000074900F00F000A68824200D00860002065
:101EA000401C2328FCDB70470000014000F0FF1FAE
:101EB000040401400748032181620C21C1620648E5
:101EC000016801F00F01082901D90821016000BF54
:101ED00000BF7047000001400404014000080040BA
:101EE00001080040020800400308004006000040CE
:101EF0000A0400400B0400400C0400400D040040A4
:101F00000E0400400A000040060800400708004098
:101F1000080800400908004001000040020000409D
:101F200003000040040000400D080040FFFFFFFFD9
:101F30000500407EE600E70011790008F57800080A
:101F4000C8000100380000000080FF00817900080F
:101F500000000000297900086379000800000000F3
:101F60000C1D0108187E197E01000100010001000E
:101F7000010001000100010001000100FF55000007
:101F80000000000000000000000000000000000051
:101F90000000000000000000000000000000FF55ED
:101FA0000000000000000000000000000000000031
:101FB00000000000000000000000FF55FF55FF5525
:101FC0000000000000000000000000000000000011
:101FD0000000000000000000000000000000000001
:101FE00000000000000000000000000000000000F1
:101FF000FF5500000000000000000000000000008D
:10200000000000000000000000000000FF55FF5528
:10201000FF5500000000000000000000000000006C
:1020200000000000000000000000000000000000B0
:10203000FF5500000000000000000000000000004C
:102040000000000000000000000000000000000090
:102050000000FF550000000000000000000000002C
:102060000000000000000000000000000000FF551C
:10207000FF55FF55000000000000000000000000B8
:102080000000000000000000000000000000000050
:102090000000000000000000000000000000000040
:1020A00000000000FF5500000000000000000000DC
:1020B0000000000000000000000000000000000020
:1020C000FF55FF55FF550000000000000000000014
:1020D0000000000000000000000000000000000000
:1020E00000000000FF55000000000000000000009C
:1020F00000000000000000000000000000000000E0
:10210000000000000000FF5500000000000000007B
:1021100000000000000000000000000000000000BF
:102120000000FF55FF55FF550000000000000000B3
:10213000000000000000000000000000000000009F
:10214000000000000000000000000000000000008F
:102150000000000000000000FF550000000000002B
:10216000000000000000000000000000000000006F
:1021700000000000FF55FF55FF5500000000000063
:10218000000000000000000000000000000000004F
:10219000000000000000000000000000000000003F
:1021A000000000000000000000000000000000002F
:1021B000000000000000000000000000000000001F
:1021C000000000000000000000000000000000000F
:1021D00000000000000000000000000000000000FF
:1021E00000000000000000000000000000000000EF
:1021F00000000000000000000000000000000000DF
:1022000000000000000000000000000000000000CE
:1022100000000000000000000000000000000000BE
:1022200000000000000000000000000000000000AE
:10223000000000000000000000000000000000009E
:1022400000000000000000000000000029001E0047
:102250001F0020002100220023002400250026006A
:1022600027002D002E002A004C002B0014001A001D
:102270000800150017001C0018000C0012001300C5
:102280002F0030003100B7003900040016000700AD
:1022900009000A000B000D000E000F00330034008F
:1022A00000002800B600E10000001D001B00060031
:1022B0001900050011001000360037003800E50055
:1022C00052004D00E000E300E200000000002C009E
:1022D0000000000000000000407E25525000510028
:1022E0004F0000000000000000000000000000009F
:1022F00000000000000000000000000000000000DE
:10230000037C3A003B003C003D003E003F004000A3
:10231000410042004300AA00A9000B7E0D7E35005B
:10232000007E017E027E037E047E0100010001002A
:10233000010001000100010021780C7E0100010074
:102340000100087E01000100470048004A004D00DE
:102350000100010000002378107E01000000010050
:10236000010001000100010013700A7E010001005C
:10237000010024522778117E077E0B700E7E00002C
:102380000000057E0000000000000000067E010045
:102390002A7828782978000000000000000000005A
:1023A000000000000000000000000000000000002D
:1023B0000000000029001E001F0020002100220054
:1023C000230024002500260027002D002E002A00CF
:1023D00049002B0014001A000800150017001C000B
:1023E00018000C00120013002F00300031004C00C8
:1023F000390004001600070009000A000B000D0058
:102400000E000F0033003400000028004B00E100F4
:1024100000001D001B00060019000500110010003F
:10242000360037003800E50052004E00E000E200C0
:10243000E300000000002C0000000000000000008D
:10244000407E2552500051004F0000000000000067
:10245000000000000000000000000000000000007C
:102460000000000000000000037C3A003B003C003C
:102470003D003E003F004000410042004300440058
:1024800045000B7E0D7E3500007E017E027E037EC0
:10249000047E0100010001000100010001000100B3
:1024A00021780C7E010001000100087E010001007E
:1024B000470048004A004D00010001000000237859
:1024C000107E010000000100010001000100010078
:1024D00013700A7E01000100010024522778117E4A
:1024E000077E01000E7E00000000057E0000000057
:1024F00000000000067E01002A7828782978000074
:1025000000000000000000000000000000000000CB
:10251000000000000000000000000000007C01003E
:1025200001000100010001000100010001000100A3
:1025300001000100010001000100010001000F7E07
:102540000100010001000100010001000100010083
:102550000100010001000100010001000100010073
:1025600001000100010001000100097E01000100DD
:102570000000010001000100000001000100010055
:102580000100010001000100010001000100010043
:102590000100010001000100010000000000010035
:1025A0000000000000000000010001000100010027
:1025B000010000000000000000000000000000001A
:1025C000000000000000000000000000000000000B
:1025D000037C3A003B003C003D003E003F004000D1
:1025E0004100420043004400450001000100010099
:1025F000007E017E027E037E047E01000100010058
:1026000001000100AA00A900010001000100010071
:1026100001000100010001000100010001000100B2
:1026200001000100000001000100010000000100A4
:102630000100010001000100010001000100010092
:102640000100010001000100010001000100000083
:102650000000057E000000000000000001000100F5
:102660000100010001000000000000000000000067
:10267000000000000000000000000000000000005A
:1026800000000000E200E900EA00B500B600B70073
:10269000CD008301CC008A01920194012102230222
:1026A00024022502260227022A02B300B4006F008A
:1026B00070009F01CB019F02A002E200E900EA0046
:1026C000B500B600B700CD008301CC008A019201AD
:1026D00094012102230224022502260227022A0253
:1026E000B300B4006F0070009F01CB019F02A002F5
:1026F00000080040010800400208004003080040B4
:10270000060000400A0400400B0400400C04004096
:102710000D0400400E0400400A000040060800407E
:102720000708004008080040090800400100004078
:102730000200004003000040040000400D0800407B
:10274000FFFFFFFF003131295A1B750AB1C800088D
:1027500059C8000895C80008C5C800080001010153
:10276000010101010101020202020202020202034E
:10277000030303030303030404040404040405051E
:1027800005050506060606060707070707080808E1
:1027900008090909090A0A0A0B0B0B0C0C0C0D0D90
:1027A0000D0E0E0E0F0F0F10101111111212131328
:1027B0001414151516161717181819191A1A1B1BA1
:1027C0001C1D1D1E1E1F20202122222324242526FD
:1027D00026272829292A2B2C2D2D2E2F3031323235
:1027E000333435363738393A3B3C3D3E3F40414241
:1027F000434445464748494A4C4D4E4F5051535427
:10280000555658595A5B5D5E5F61626465666869DA
:102810006B6C6D6F7072737577787A7B7D7E80825A
:10282000838587888A8C8E8F91939596989A9C9EA3
:10283000A0A2A3A5A7A9ABADAFB1B3B5B7BABCBEB3
:10284000C0C2C4C6C9CBCDCFD1D4D6D8DBDDDFE280
:10285000E4E7E9EBEEF0F3F5F8FAFDFF00FF010025
:10286000010000FFFF0000010001FF000000000068
:10287000000400400F0000000000000020000000E5
:1028800000000000000000002A2B280000000000CB
:10289000000000000000000000000029000000000F
:1028A0002C1E3420212224342627252E362D37387D
:1028B000271E1F202122232425263333362E373886
:1028C0001F0405060708090A0B0C0D0E0F10111244
:1028D000131415161718191A1B1C1D2F3130232D10
:1028E000350405060708090A0B0C0D0E0F1011120E
:1028F000131415161718191A1B1C1D2F3130354CBF
:1029000000000000000000000000000000000000C7
:1029100000000000000000000000000000000000B7
:10292000000000007E0F00D4FFFFFFC7000000780A
:102930007DE90008DDE80008C5E7000800000000A8
:102940004422B600CF2A0108F7290108192A0108F4
:102950009C290108B5290108D5290108040A0C00A1
:10296000862901087A2901086C2901080C034E0008
:10297000550054003600350000000A034C004500A5
:102980004B00550000000403090409025B00030129
:1029900000A0FA090400000103010100092111014E
:1029A0000001224400070581030800010904010019
:1029B0000203000000092111010001222200070585
:1029C0008203200001070502032000010904020020
:1029D000010300000009211101000122B6000705D2
:1029E000830320000112010002000000402D341A70
:1029F000E51800010200010660FF0961A1010962FA
:102A0000150026FF00952075088102096315002630
:102A1000FF00952075089102C005010902A10185FA
:102A2000020901A1000509190129081500250195D0
:102A300008750181020501093009311581257F954D
:102A4000027508810609381581257F950175088171
:102A500006050C0A38021581257F95017508810647
:102A6000C0C005010980A101850319012AB700151D
:102A70000126B700950175108100C0050C0901A160
:102A800001850419012AA002150126A002950175ED
:102A9000108100C005010906A1018506050719E09E
:102AA00029E7150025019508750181020507190020
:102AB00029EF1500250195F075018102050819011E
:102AC0002905950575019102950175039101C005D0
:102AD000010906A101050719E029E715002501955F
:102AE0000875018102950175088101050719002902
:102AF000FF150026FF0095067508810005081901DD
:102B000029051500250195057501910295017503AB
:102B10009101C000E435010890490020904900204F
:102B200090490020E435010800000000000000008A
:102B300000000000E4350108000000000000000073
:102B400000000000E4350108000000000000000063
:102B500000000000E4350108000000000000000053
:102B600000000000E4350108000000000000000043
:102B700000000000E4350108000000000000000033
:102B800000000000E4350108000000000000000023
:102B9000000000008D1D010810430020204400208B
:102BA00000000000650101085501010885010108C8
:102BB000750101087F0101086F0101085F0101082B
:102BC0004F0101088F010108010000000000000012
:102BD000009600000300000000000000C505010889
:102BE00021140108ED130108400040002844002092
:102BF0002844002001000000204400205245454E9A
:102C000054206D616C6C6F632073756363656564DC
:102C1000656400002E2E2F2E2E2F2E2E2F2E2E2FBF
:102C20002E2E2F2E2E2F6E65776C69622F6C6962A7
:102C3000632F7374646C69622F72616E642E63001B
:102C40002C2066756E6374696F6E3A200000000078
:102C5000617373657274696F6E202225732220661A
:102C600061696C65643A2066696C6520222573226F
:102C70002C206C696E65202564257325730A00007D
:102C8000232D302B20000000686C4C0065666745E2
:102C90004647000030313233343536373839414217
:102CA0004344454600000000303132333435363776
:0C2CB00038396162636465660000000052
:082CBC0088D5FE7F0100000035
:102CC400040C0020000000002015002088150020BE
:102CD400F0150020000000000000000000000000CB
:102CE40000000000000000000000000000000000E0
:102CF40000000000000000000000000000000000D0
:102D040000000000000000000000000000000000BF
:102D14000000000003000000201500200000FF0058
:102D240001000000894800080D490008DD4A000838
:102D340055490008B149000801000000E09304006F
:102D440000000064FFFFFF38393A3B3C3D3E3F4002
:102D540041424344454605040302010037363534F5
:102D6400333231302F0622232425262728292A2BE3
:102D74002C2D2E21201F1E1D1C1B1A191817161569
:102D8400140708090C0F10111213000000000000B2
:102D9400FA00000000000000010000000000000034
:102DA4001500000000000000FFFFFF00FA00000013
:102DB40000000000010000000000000012000000FC
:102DC40000000000FFFFFF00FA0000000000000008
:102DD40001000000000000001300000000000000DB
:102DE400FFFFFF00FA0000000000000001000000E7
:102DF400000000001100000000000000FFFFFF00C1
:102E0400FA000000000000000100000000000000C3
:102E14001A00000000000000FFFFFF00FA0000009D
:102E24000000000001000000000000002400000079
:102E340000000000FFFFFF00FA0000000000000097
:102E44000100000000000000460000000000000037
:102E5400FFFFFF00FA000000000000000300000074
:102E640000000000FA000000395C000800000000C7
:102E7400FA00000000000000030000000000000051
:102E8400FB0000003D5C000800000000FA000000A8
:102E9400000000000300000000000000FF0000002C
:102EA400AD5C000800300000010101000800383961
:102EB4003A3B3C3D3E3F40414243444546050403C2
:102EC40002010037363534333231302F06222324C1
:102ED40025262728292A2B2CFF2D2E21FF201F1ED3
:102EE4001D1C1B1A19181716151407080996FF0C30
:102EF400FFFFFFFF0F10111213474D53595F656A0F
:102F04006F74797E83888D92500D400D300D200DA5
:102F1400100D000D001A00331033203300000000A0
:102F2400503300000000A033B033C033D033E0335B
:102F3400E026D026C026B026A0269026802670261D
:102F4400602650264026302620260026101A201AF5
:102F5400301A401A501A601A701A801A901AA01A5D
:102F6400B01AD01AE01AE00DD00DC00DB00DA00DAE
:102F7400900D800D700D600D0000100020003000D9
:102F8400400050006000700080009000A000B0007D
:102F9400C000D000E000004000000000000000007D
:102FA400000010400000000000000000000020406D
:102FB400000000000000000000003040000000009D
:102FC400000000000000404000000000000000007D
:102FD40000005040000000000000000060400000BD
:102FE400000000000000704000000000000000002D
:102FF400804000000000000000009040000000003D
:1030040000000000A0400000000000000000B040EC
:103014000000000000000000C040000000000000AC
:103024000000D0400000000000000000E04000006C
:103034000000000000000404040404040404040464
:10304400040404040404040404040404040404043C
:10305400040404040404040404040404040404042C
:10306400040404040404040404040404040404041C
:10307400040404040404040404040404040404040C
:1030840004040404040404040404040404040404FC
:1030940004040404040404040404040404040404EC
:1030A40004040404040404040404040404040404DC
:1030B40004040404040404040404040404040404CC
:1030C40004040404040404040404040404060600BC
:1030D4003725002057250020959800080300FF009D
:1030E400FFFF3905280850011E0A140103020100DC
:1030F40000960000030000000100000005EC000839
:1031040031EC00083BEC000845EC00084FEC0008EB
:1031140000000000000000000000000000000000AB
:10312400000000000000000000000000000000009B
:10313400000000000000000000000000000000008B
:10314400000000000000000000000000000000007B
:10315400000000000000000000000000000000006B
:10316400000000000000000000000000000000005B
:10317400000000000000000000000000000000004B
:103184003C49002002000000040000002000000070
:103194008C4000200000000000000000000000003F
:1031A400000000000000000000000000000000001B
:1031B400000000000000000000000000000000000B
:1031C40000000000000000000000000000000000FB
:1031D400030000000000000069EF00080000000088
:1031E40020000000000000000000000002000000B9
:1031F40000000000000000000000000000000000CB
:1032040000000000000000000000000000000000BA
:1032140000000000000000000000000000000000AA
:103224003C490020030000000400000020000000CE
:10323400DC4100200000000000000000A813002072
:10324400000000000000000000000000000000007A
:10325400000000000000000000000000000000006A
:10326400000000000000000000000000000000005A
:103274000000000000000000030000000000000047
:1032840069EF0008000000000800000000000000D2
:103294000000000002000000000000000000000028
:1032A400000000000000000000000000000000001A
:1032B400000000000000000000000000000000000A
:1032C40000000000000000003C4900200100000054
:1032D4000400000008000000AC41002000000000D1
:1032E400000000003C13002000000000000000006B
:1032F40000000000000000000000000000000000CA
:1033040000000000000000000000000000000000B9
:1033140000000000000000000000000000000000A9
:10332400030000000000000069EF0008FFEF000840
:103334002000200000000000000000000200000047
:103344000000000000000000000000000000000079
:103354000000000000000000000000000000000069
:103364000000000000000000000000000100000058
:103374003C4900200200000004000000200000007E
:103384001C4100200000000000000000D0120020BA
:10339400EC1200207DF100085DF1000893F10008B3
:1033A40075F2000891F200089DF20008F012002066
:1033B4000000000000000000000000000000000009
:1033C40000000000000000000000000000000000F9
:1033D40000000000000000000000000000000000E9
:1033E40000000000000000000000000000000000D9
:1033F400000000000000000020000000581300201E
:103404007DF100085DF1000893F1000875F20008F1
:1034140091F200089DF200085C13002000000000F7
:103424000000000000000000000000000000000098
:103434000000000000000000000000000000000088
:103444000000000000000000000000000000000078
:103454000000000000000000000000000000000068
:103464000000000008000000C4130020D9F1000887
:10347400B1F10008F5F10008EDF2000811F30008BD
:1034840029F300080000000000000000CC14002014
:10349400801400203414002000000000E8130020F1
:1034A4000000000000000000000000000000000018
:1034B4000600000000000000000000000000000002
:1034C40000000000000000000000000000000000F8
:1034D40000000000000000000000000000000000E8
:1034E40000000000000000000000000000000000D8
:1034F40020000000000000000000000004000000A4
:1035040000000000000000000000000000000000B7
:1035140000000000000000000000000000000000A7
:103524000000000000000000000000000000000097
:103534000000000000000000000000000300000084
:103544000000000000000000030000000000000074
:103554000000000000000000000000000000000067
:103564000000000000000000000000000000000057
:103574000000000000000000000000000000000047
:103584000000000000000000030000000000000034
:103594000000000002000000000000000000000025
:1035A4000000000000000000000000000000000017
:1035B4000000000000000000000000000000000007
:1035C40000000000000000000000000000000000F7
:1035D40000000000060000000102000000D8B80549
:04000005080001B935
:00000001FF
