:020000040800F2
:1000000000040020B9010008BB010008BB01000882
:10001000BB010008BB010008BB010008BB010008D0
:10002000BB010008BB010008BB01000815FC00086B
:10003000BB010008BB010008BB0100086F100108EC
:10004000BB010008BB010008BB010008BB010008A0
:10005000BB010008BB010008610D0108890D010802
:10006000B10D0108D90D0108010E0108BB010008FE
:10007000BB010008BB01000801170108BB01000813
:10008000290E0108BB010008BB010008BB010008E4
:10009000BB010008BB010008BB010008BB01000850
:1000A000BB010008BB010008151301082913010852
:1000B000BB010008BB010008BB010008BB01000830
:1000C0008D1001088D0E0108BB010008BB0100085E
:1000D000BB010008BB010008BB010008BB01000810
:1000E00072B6264880F30888254880F30988254899
:1000F00025490860022080F31488BFF36F8F0FF04A
:10010000BDFA0EF075FE4FF0553020491B4A914262
:100110003CBF41F8040BFAE71D49194A91423CBF24
:1001200041F8040BFAE71B491B4A1C4B9A423EBF9D
:1001300051F8040B42F8040BF8E700201849194A5B
:1001400091423CBF41F8040BFAE70FF09BFA0FF025
:1001500096FA154C154DAC4203DA54F8041B884747
:10016000F9E709F091FD124C124DAC4203DA54F854
:10017000041B8847F9E70FF083BA00000004002051
:10018000000C00200000000808ED00E00000002046
:10019000000400202C2E0108000C00202015002057
:1001A00020150020A8490020E0000008E000000819
:1001B000E0000008E000000892E700F000F8FEE729
:1001C0002DE9F04FC1F80CD0C3689D46BDE8F08F13
:1001D000002383F311882846A04700200FF020FC5D
:1001E000FEE70FF077FB00DFFEE7000053B94AB9E6
:1001F000002908BF00281CBF4FF0FF314FF0FF302F
:1002000000F09AB9ADF1080C6DE904CE00F01AF8CF
:10021000DDF804E0DDE9022304B07047430803F091
:100220005533C01A830803F0333300F033301844D9
:1002300000EB101000F00F3000EB002000EB00404E
:10024000000E70472DE9F047089D0F4604468E4684
:10025000002B48D18A42164661D9B2FA82F24AB1DD
:10026000C2F1200301FA02FE20FA03F3964043EAAA
:100270000E0E94404FEA164CBEFBFCF1B7B20CFBDD
:1002800011EE01FB07F0230C43EA0E43984209D913
:10029000F31801F1FF3E80F0ED80984240F2EA80D1
:1002A000023933441B1AB3FBFCF00CFB103300FB88
:1002B00007F7A4B244EA0344A74209D9341900F16C
:1002C000FF3380F0D980A74240F2D6803444023810
:1002D00040EA01400021E41B1DB10023D440C5E9E0
:1002E0000043BDE8F0878B4206D90DB1C5E9000196
:1002F00000210846BDE8F087B3FA83F1002947D111
:10030000BB4202D3824200F20481841A67EB0302EB
:1003100001209646002DE4D0C5E9004EE1E7002A11
:1003200000F09080B2FA82F2002A40F0A780881B89
:100330000121370C1FFA86FEB0FBF7FC07FB1C00FF
:10034000230C43EA00430EFB0CF0984207D9F31844
:100350000CF1FF3802D2984200F2E080C4461B1A2A
:10036000B3FBF7F007FB10330EFB00FEA4B244EA28
:100370000344A64507D9341900F1FF3302D2A6453C
:1003800000F2C9801846A4EB0E0440EA0C40A3E733
:10039000C1F120068B4022FA06FC4CEA030C27FA36
:1003A00006FA4FEA1C49BAFBF9F88F4020FA06F327
:1003B00009FB18AA1FFA8CFE3B4300FA01F708FB61
:1003C0000EF01C0C44EA0A44A04202FA01F20BD9D6
:1003D0001CEB040408F1FF3A80F09980A04240F23F
:1003E0009680A8F102086444241A98B2B4FBF9F389
:1003F00009FB134403FB0EFE40EA0444A64508D95A
:100400001CEB040403F1FF307FD2A6457DD9023BEB
:10041000644443EA0840A4EB0E04A0FB028E74453A
:100420004346F14661D35ED055B1FA1A64EB090434
:1004300004FA06F622FA01F31E43CC40C5E9006433
:1004400000214EE743084FEA510C43EAC1710A0C00
:1004500042EA0C428BB2C407B2FBF6F143EA024314
:10046000BCFBF6FCB646304637461F22181A41EA56
:100470000C4161E7714615E7184629E7C2F12003F0
:1004800021FA03F0964024FA03F397403B43370CDC
:10049000B0FBF7F807FB18001FFA86FE190C41EABB
:1004A000004108FB0EF0884204FA02F43AD97118B0
:1004B00008F1FF3C01D288421ED8091AB1FBF7F8B7
:1004C00008FB0EF007FB18119BB243EA014383427D
:1004D0002FD2F31808F1FF31C8D28342C6D2A8F157
:1004E00002013344C2E747459ED2B8EB02036EEBEC
:1004F0000C0E0138F14697E7301A0144A8F1020CBE
:10050000B1FBF7F808FB0EF0DCE7034681E7D046C5
:100510006AE70846FEE63444023834E7ACF1020CE0
:1005200033441CE7091AC446B1FBF7F808FB0EF088
:10053000C8E741469AE700BF704700BF38B5124B85
:1005400004461D682A6B1AB10023C2E9044338BD72
:10055000182000F039FA0246286378B100210B23F5
:1005600001209381C2E90401084B0949094DC2E900
:10057000011300231560C2E9044338BD4621064B30
:10058000064800F0FFF800BF000C0020ECDE05007C
:1005900034126DE60E33CDAB642D01087C2D0108BD
:1005A00038B5194B1C68226B8AB113691749546915
:1005B00003FB01F1164800FB0411A3FB00300133DB
:1005C00041EB0001C2E9043121F0004038BD1820A0
:1005D00000F0FAF90246206388B1012400250B23BC
:1005E0000A480C49C2E90445116001460A4D0B4C0A
:1005F00093810B4BC2E90154C2E9043138BD522149
:10060000084B094800F0BEF8000C00202DF45158AA
:100610002D7F954C0E33CDAB34126DE6ECDE05002C
:100620002E7F954C642D01087C2D010820F00301DC
:1006300010F00300C0F1000051F8043B00F1040C7D
:100640004FEACC0C6FF000021CBF22FA0CF21343ED
:100650004FF0010C4CEA0C2C4CEA0C4CA3EB0C02B6
:1006600022EA030212EACC1204BF51F8043B043020
:10067000F4D0C2F1000102EA0102B2FA82F2C2F140
:100680001F0200EBD200704788420ED98B188342BC
:100690000BD900EB020C002A6DD0624613F801CD95
:1006A000994202F801CDF9D170470F2A0FD80346BD
:1006B00002F1FF3C002A5ED00CF1010C013B8C449E
:1006C00011F8012B614503F8012FF9D1704740EA79
:1006D00001039B0750D1A2F1100370B501F1200C6A
:1006E00023F00F0501F1100E00F11004AC441B09BA
:1006F0005EF8105C0EF1100E44F8105C5EF81C5CA5
:10070000103444F81C5C5EF8185C44F8185C5EF821
:10071000145CE64544F8145CEAD1013312F00C0F86
:1007200001EB031102F00F0400EB031328D08E46F7
:10073000043C24F003064FEA940C1E441C1F5EF890
:10074000045B44F8045FB442F9D10CF1010402F0F7
:10075000030203EB840301EB840102F1FF3C4AB185
:100760000CF1010C013B8C4411F8012B614503F89D
:10077000012FF9D170BD7047034602F1FF3C9BE7A2
:100780002246EAE7144600B51A460A4B0D461B6896
:1007900085B0DE6803464CB10749019130460749F0
:1007A0000294009500F02EF900F090F804490C46F0
:1007B000F3E700BF000C0020A82D0108B82D0108A8
:1007C000B42D010808B513460022FFF7DBFF00BF78
:1007D00070B5860747D0541E002A3ED00346CAB2E1
:1007E00001E0013C39D303F8012B9D07F9D1032C1B
:1007F0002CD9CDB205EB05250F2C1A4605EB054586
:1008000034D9A4F1100C2CF00F0603F1100EB644ED
:100810004FEA1C1CC2E90055C2E90255103272456C
:10082000F8D10CF1010214F00C0F03EB021204F0EA
:100830000F0C13D0ACF1040323F00303043313446F
:1008400042F8045B9342FBD10CF003042CB1C9B213
:100850001C4403F8011BA342FBD170BD6446134640
:10086000002CF4D1F9E703461446C0E7A446E1E7BB
:10087000032A30B415D941EA0004A40784460B4684
:1008800004D0541E0FE0043A032A08D919466046E2
:1008900053F8044B5CF8045BA542F4D0F1E76046E2
:1008A0001946541E7AB1431E0139021901E09A42D9
:1008B00009D013F8010F11F801CF6045F7D0A0EB74
:1008C0000C0030BC7047002030BC7047062008B5D3
:1008D00000F042F9012010F0C5F800BF844641EA5B
:1008E000000313F0030349D1403A23D30B6803609C
:1008F0004B6843608B688360CB68C3600B6903619E
:100900004B6943618B698361CB69C3610B6A036285
:100910004B6A43628B6A8362CB6AC3620B6B03636D
:100920004B6B43638B6B8363CB6BC3634030403152
:10093000403ADBD230320BD30B6803604B68436024
:100940008B688360CB68C36010301031103AF3D2EB
:100950000C3205D351F8043B40F8043B043AF9D279
:10096000043208D0D2071CBF11F8013B00F8013B4C
:1009700001D30B8803806046704700BF082A13D359
:100980008B07B1D010F00303AED0C3F10403D21A29
:10099000DB071CBF11F8013B00F8013BA4D331F881
:1009A000023B20F8023B9FE7043AD9D3013A11F801
:1009B000013B00F8013BF9D20B7803704B78437090
:1009C0008B78837060467047024B0146186800F0D0
:1009D000FDBE00BF000C0020024B0146186800F06D
:1009E00075BF00BF000C00200CB400B583B004AB91
:1009F00053F8042B019300F087F903B05DF804EB82
:100A000002B070470EB400B5074A82B003AB01468E
:100A1000106853F8042B019300F076F902B05DF8EA
:100A200004EB03B0704700BF000C002038B5C46B66
:100A30000CB1002038BD8021054600F0C7FE0246FB
:100A4000E86330B1031F7C3243F8044F9342FBD17B
:100A5000EFE74FF0FF3038BD30B51F29054683B0B2
:100A600008D8C36B0C4653B153F8240043F8242034
:100A700003B030BD162303604FF0FF30F8E780214C
:100A8000019200F0A3FE019A0346E8630028F3D028
:100A9000011F00F17C05002041F8040FA942FBD1A1
:100AA000E2E700BF1F2938B505461ED8C26B0C46C9
:100AB0006AB152F8213053B1012B06D0591C10D025
:100AC0000021204642F824109847002038BD2846CF
:100AD00001F070FA224601462846BDE8384001F090
:100AE00055BA162301202B6038BD16234FF0FF3076
:100AF0002B6038BD1F292BD838B5C36B0C46054673
:100B0000A3B153F8242003EB84034AB1511C0BD04A
:100B1000012A07D0002520461D609047284638BD91
:100B2000012038BD032038BD022038BD802100F0EF
:100B30004DFE0346E86340B100201A1F03F17C011B
:100B400042F8040F8A42FBD1DBE74FF0FF3038BD9B
:100B50004FF0FF30704700BF38B5134B1F281D689A
:100B60001DD8EA6B044662B152F820304BB1012B1C
:100B700005D0591C0FD0002142F8201098470020C2
:100B800038BD284601F016FA224601462846BDE83F
:100B9000384001F0FBB9162301202B6038BD162325
:100BA0004FF0FF302B6038BD000C0020114B1F2888
:100BB00070B51E6808D8F36B04460D464BB153F868
:100BC000240043F8245070BD162333604FF0FF30EB
:100BD00070BD8021304600F0F9FD0346F063002827
:100BE000F4D00021021F7C3042F8041F8242FBD166
:100BF000E5E700BF000C002038B50B4B1D68EC6B1F
:100C00000CB1002038BD8021284600F0DFFDE863EC
:100C100038B1031F00F17C0243F8044F9342FBD12B
:100C2000EFE74FF0FF3038BD000C002038B5174B10
:100C30001F281D6826D80446E86BA0B150F8242070
:100C400000EB84034AB1511C0BD0012A07D00025C8
:100C500020461D609047284638BD012038BD03203E
:100C600038BD022038BD8021284600F0AFFDE86382
:100C700040B10021031F00F17C0243F8041F93429E
:100C8000FBD1DBE74FF0FF3038BD00BF000C002088
:100C90009368013B002B936005DAD2F818C06345D6
:100CA00007DB0A2905D01368581C10600846197024
:100CB000704700F069BE00BF9BB1F8B5134406460B
:100CC0000F46541E5D1E01E0AC4208D03A46304645
:100CD00014F8011FFFF7DCFF431CF5D1F8BD00201D
:100CE000F8BD0020704700BF936810B514461BB9CB
:100CF00018460023636010BD00F08CF90023A36048
:100D00000023636010BD00BF2DE9F04FA1B08B46FA
:100D100091461C46049018B1036A002B00F0138121
:100D2000BBF80C30180740F18E80DBF81030002B38
:100D300000F08980002343F220020D9399F80030DF
:100D40000127824E0794ADF83920002B73D04D4611
:100D500003E015F8013F002B7FD0252BF9D1B5EB2F
:100D6000090A7DD12B78002B65D000234FF0FF328C
:100D70000135CDE9092308930B938DF863301E9359
:100D800006E02546089B801B07FA00F00343089302
:100D90002C46052214F8011B304600F0EFF8A1465E
:100DA0000028EED1089BD90644BF20228DF863208D
:100DB0001A0748BF2B22297848BF8DF863202A29BB
:100DC00064D1079A1168043200290792C0F2968014
:100DD0000B9169782E296FD05D4C0322204600F0DC
:100DE000CDF838B14022089B001B8240134309F123
:100DF0000109089319F8011B062256488DF838108E
:100E000000F0BCF800287FD0534B002B69D007A915
:100E100000915A460498514B08A9AFF30080039003
:100E2000039B013307D00D9B039A13440D9399F84C
:100E30000030002B8BD1BBF80C305B060AD40D9828
:100E400021B0BDE8F08F5946049800F037FC002827
:100E50003FF470AF4FF0FF30F2E7B5EB090AEAD08C
:100E600009F1FF3805954546DDF8108001E0A245FF
:100E70003ED92C465A46404615F8011FFFF708FF99
:100E800002340130A4EB0904F1D1D4E7A1F130021E
:100E9000092A88BFA9469DD80B9B00E00134217820
:100EA00003EB830302EB4303A1F13002092AF5D9D6
:100EB0002E29A1460B938FD199F801102A292DD103
:100EC000079B09F102001A680433002A0793B8BF90
:100ED0004FF0FF3399F8021009928146B8BF099389
:100EE0007AE7079B073323F00703083307939AE752
:100EF0000D99059D51442B780D9134E7494243F0FB
:100F000002030B91089364E707A900915A460498DD
:100F1000124B08A900F06CFE039081E70023A1F1B9
:100F20003002092A09F1010909933FF655AF19F872
:100F3000011F03EB830302EB4303A1F13002092AF3
:100F4000F5D9099348E700F0C5FAE9E6E82D01086C
:100F5000F02D0108F42D010800000000B90C000874
:100F60008C4600B586461346034A714610685DF804
:100F700004EB6246FFF7C8BE000C00205FFA81FC5C
:100F8000810744D00346511E22B909E09A0709D0CF
:100F9000013905D31846027801336245F6D170470E
:100FA00000207047184603290CD80029F8D00346C2
:100FB000014401E08B42F3D0184613F8012B62453F
:100FC000F8D1704710B50CEB0C24024604EB044436
:100FD00002E00439032915D9104652F8043B634056
:100FE000A3F1013E2EEA030313F0803FF1D0034644
:100FF000014401E08B4208D0184613F8012B6245EA
:10100000F8D110BD10460029F1D1002010BD1146C5
:10101000C9E700BF9368002B00F0F0802DE9F04F86
:10102000B1F90CC090461CF0080F81460C4683B005
:101030002BD00B694BB31CF00207D8F8006032D0FC
:101040004FF0000A5546D4F828B0216AAB4FC5B11D
:10105000BD422B46524628BF3B464846D84700284B
:1010600040F3C280D8F8083082441B1A2D1AC8F801
:101070000830002B00F0AE80D4F828B0216A002D93
:10108000E6D1D6E900A50836E1E72146484600F05A
:1010900015FB002840F0AD80B4F90CC0D8F8006012
:1010A0001CF00207CCD11CF0010A63D1574623681B
:1010B000A16818468B46002F58D01CF4007F00F022
:1010C000B180B9420A4600F2DD801CF4906F2FD047
:1010D000216962695D1A02EB420202EBD2726B1C5B
:1010E00052103B44934292BF93469B461A461CF4CF
:1010F000806F00F0E6801146484600F067FB00284C
:1011000000F0F5802A4621690190FFF7E7FBA289EC
:10111000019B22F4906242F08002A2815819C4F827
:1011200014B0ABEB05053A46BB462361A5602060D1
:101130003D46002751460192FFF7A6FAA1682368B1
:10114000019AA1EB0B011A44A1602260D8F8083083
:10115000AA445B1BC8F80830002B3BD02368A16869
:1011600018468B46B4F90CC0002FA6D1D6E900A7CB
:1011700008369EE73846BB463D46002D40D0002845
:1011800045D03A46D4E904C32068AA4228BF2A467B
:101190006045A16804D901EB030A524500F382803F
:1011A000934272DC5A464846216AD4F828C0E04788
:1011B000B0F1000A18DDB7EB0A070FD00120D8F80C
:1011C0000830D344A3EB0A03A5EB0A05C8F808309E
:1011D000002BD2D1002003B0BDE8F08F2146484655
:1011E00000F02AFA0028EAD0B4F90C3043F04003AA
:1011F000A3814FF0FF3003B0BDE8F08F00207047AF
:10120000756833460836002DFAD0D3F800B02A4668
:101210000A215846FFF7B2FE002865D00130A0EB46
:101220000B07AEE722699A4214D36569BD4211D813
:101230006FF00043BB4228BF3B4693FBF5F3524699
:1012400005FB03F34846A56A216AA847051ECBDDC6
:101250007F1B7BE7B94228BF39460D4618465146E9
:101260002A46FFF711FAA1682368491B2B44A160A5
:1012700023600029ECD12146484600F0DDF9002822
:10128000E6D0B1E7BB463A4652E759460192FFF72E
:10129000FBF9019AA36892469B1AA3602368134442
:1012A000236088E759465246FFF7EEF92368214646
:1012B00053444846236000F0BFF900283FF47BAF59
:1012C00092E7484600F0D0FB034600287FF426AFA3
:1012D0004846216900F0FAFA0C22B4F90C30C9F83A
:1012E000002023F0800381E76A1C17464AE70C229E
:1012F000B4F90C30C9F8002078E700BF00FCFF7F8C
:1013000000207047024A0349034800F08BBB00BF2E
:10131000500C002039160008040C00200C4B4168CA
:1013200010B59942044601D000F086F9A168094B36
:10133000994202D0204600F07FF9E168064B9942BD
:1013400004D02046BDE8104000F076B910BD00BFC3
:101350002015002088150020F0150020002070477F
:101360002DE9F84300250423294C2A490822C4F812
:10137000381104F15C002946DFF89C90DFF89C806E
:10138000274F284EC4E90335C4E90055C4E9055583
:10139000A5606566FFF71CFA234B0822294604F175
:1013A000C4006367C4E90849C4E90A87C4E91A5557
:1013B000C4E91E5526632567C4F8CC50C4F8805094
:1013C000FFF706FA194B2946C4F8DC30082204F16D
:1013D000680304F59670C4F88830C4E92398C4E91A
:1013E0002576C4E93455C4E93855C4F8D850C4F852
:1013F0003451C4F8E850FFF7EBF904F1D003C4E925
:101400003D98C4E93F76C4F8F030BDE8F88300BFEA
:101410002015002005130008B91F0008E11F00086F
:1014200021200008452000080900010012000200E8
:10143000F8B5254B0646D3F83831002B3CD0234F66
:10144000D7E90134013B04D51DE05A1C04F16804BE
:1014500019D0B4F90C50013B002DF6D11C4B0822D9
:101460002946C4E90155C4E90455E3606566256071
:10147000A56104F15C00FFF7ABF9C4E90D55C4E9BF
:1014800012552046F8BD3D680DB12F46D8E74FF400
:10149000D671304600F09AF9044680B10423056005
:1014A000294625460C304FF4D072A0606360FFF7E8
:1014B0008FF93C602F46C3E7FFF752FFBFE70C23CD
:1014C00038603360DDE700BF20150020500C00209D
:1014D0000100FFFF036A03B17047044B044AD3F8CD
:1014E00038310262002BF7D13AE700BF2015002007
:1014F0001D130008704700BF704700BF0020024A5C
:10150000024900F08FBA00BF500C00200113000800
:101510000020024A024900F085BA00BF500C0020AA
:101520005D130008F8B5B1F90C300C461E070746EC
:1015300039D44A68002A53DDE56A002D31D00022F3
:101540003E683A6013F48052216A55D1012338462F
:10155000A847451C024663D0B4F90C30E56A216AFD
:10156000580705D56368D21A636B0BB1236CD21A86
:1015700000233846A847421C40D0002223696260FD
:101580002360A389DB0400D56065616B3E6041B1D7
:1015900004F14403994202D0384600F097F9002341
:1015A00063630020F8BD0E69002EFAD09B0718BFB8
:1015B00000230D6808BF4B690E60AD1B8B600CE00B
:1015C0002B463246D4F828C03846216AE047B0F1AD
:1015D000000CA5EB0C05664406DD002DF0DCE0E711
:1015E0000A6C002AA8DCDCE7B4F90C3043F04003B5
:1015F0004FF0FF30A381F8BD626DB1E73968B4F9EF
:101600000C301D29F2D80B4ACA40D507EED500226E
:10161000626022692260DA04B7D50029B4D0B4E749
:101620003B68002B98D01D2B01D0162BDCD13E60DF
:10163000B7E700BF010040200B69B3B110B5044605
:1016400082B008B1036A5BB1B1F90C3013B9002064
:1016500002B010BD204602B0BDE81040FFF762BFE7
:101660000191FFF737FF0199EEE70020704700BFB7
:10167000B8B138B50D4A0369044615682BB10DB1F0
:101680002B6A53B1B4F90C300BB9002038BD214698
:101690002846BDE83840FFF745BF2846FFF71AFF48
:1016A000F0E7034A0349044800F0BCB9000C0020ED
:1016B000500C002039160008040C002038B52F4BC0
:1016C00005461B680C4613B11A6A002A4BD0B4F9C0
:1016D0000C3018071CD5226922B313F0010107D082
:1016E00000206169A0604942A1613AB1002038BD83
:1016F000980758BF6169A160002AF7D1190658BF41
:101700001046F4D543F04003A3814FF0FF3038BDBD
:10171000D9062CD55A0712D4226943F00803A381B5
:10172000002ADAD103F42071B1F5007FD5D021462B
:10173000284600F0A3FBB4F90C302269CDE7616BB9
:1017400051B104F14402914204D0284600F0BEF8A1
:10175000B4F90C30002262630021226923F02403D3
:10176000C4E90021D9E71846FFF7B4FEAFE7092224
:1017700043F040032A60A381C7E700BF000C0020AC
:1017800070B5114E054633680C46BBB1214628465C
:101790000FF04CF9431C01460CD0C41C24F0030488
:1017A000A04205D02846611A0FF040F9013001D05F
:1017B000204670BD4FF0FF34204670BD19460FF033
:1017C00035F93060E2E700BF5C1600202DE9F843F0
:1017D000CD1C25F0030508350C2D38BF0C25002D38
:1017E000064618DBA94216D8DFF8DC8000F042FB81
:1017F000D8F80420A2B1144603E0636822467BB106
:101800001C4623685B1BF8D40B2B1FD894426368DB
:1018100054D053600CE00C2333600020BDE8F88303
:1018200029463046FFF7ACFF431C044619D005603B
:10183000304600F021FB04F10B00231D20F00700CF
:10184000C21A1CBF1B1AA350BDE8F8836119944249
:10185000256014BF5160C8F80410635163684B6081
:10186000E6E7D8F804701FB33C467F68002FFBD131
:1018700023683946304604EB03090FF0D7F8814559
:1018800016D123683046ED1A2946FFF779FF01305B
:101890000ED02368D8F804202B442360536883B10A
:1018A000A34203D01A465B689C42FBD10023B0E7F9
:1018B0000C233046336000F0DFFAAEE7C8F804309E
:1018C000B6E7C8F80470B3E75C160020002950D0D2
:1018D00038B551F8043C0C1F002BB8BFE41805467E
:1018E00000F0C8FA274A13682BB1A3420CD921682B
:1018F000601883422CD0284663601460BDE83840ED
:1019000000F0BABAA3420FD81A465B68002BF9D18F
:1019100011685018844217D02CD363605460284655
:10192000BDE8384000F0A8BA11685018A04214D0A1
:1019300020D8216860188342EFD118685B6808449A
:10194000C4E900035460EAE723680B441360E6E748
:1019500018685B6808442060CDE72068014450188F
:1019600083421160DBD1D3E900040144C2E90014D1
:10197000D5E770470C2328462B60BDE8384000F0BF
:101980007BBA00BF60160020F8B506460D46144627
:1019900010B1036A002B37D0A269A389A2601A078D
:1019A00019D52369BBB122686169D31AEDB2994296
:1019B0002F4620DD0133A1680139A160511C21604F
:1019C000157062699A420DD0A389DB0701D50A2DF3
:1019D00008D03846F8BD21463046FFF76FFE38B9CB
:1019E0002369E0E721463046FFF726FE0028F0D0C5
:1019F0004FF0FF37EDE721463046FFF71DFE002888
:101A0000F6D101232268D6E7FFF764FDC4E700BFE3
:101A100003460A46024908681946FFF7B5BF00BFEA
:101A2000000C00202DE9F8434FF0000980460F46D6
:101A30001646D6E90154013D10D4A389012B08D9DB
:101A4000B4F90E30013304D021464046B84749EA84
:101A50000009013D6B1C04F16804EED13668002ECC
:101A6000E7D14846BDE8F8832DE9F041144641B37B
:101A70000AB306460D4600F0E9FA8442074602D84A
:101A8000B4EB500F13D821463046FFF79FFE804637
:101A900050B1BC422246294628BF3A46FEF71EFFF7
:101AA00029463046FFF712FF4046BDE8F081A846C0
:101AB0004046BDE8F081A046FFF708FF4046BDE87C
:101AC000F0811146BDE8F041FFF780BE2DE9F84FE7
:101AD00092461F460A698B680C469A42B8BF1A465E
:101AE000CAF8002091F843300646DDF8289013B17B
:101AF0000132CAF80020226891065FD5DAF800307A
:101B00000233CAF80030226812F0060F11461DD1C8
:101B1000E1689942D8BF114618DD4FF0000804F182
:101B2000190B05E0E568DAF80030ED1A45450CDDE3
:101B300001235A4639463046C847013008F10108AA
:101B4000F0D14FF0FF30BDE8F88F216894F84330B2
:101B5000003B18BF01238A060AD53021E21882F81B
:101B6000431094F845105A1C2244023382F8431063
:101B70003946304604F14302C8470130E1D0D4E988
:101B800002202368DAF8005003F00603042B2169D1
:101B90001BD08A4220DD4FF00008521A90440025E5
:101BA0001A3401E0454517DA01232246394630460A
:101BB000C847013005F10105F4D1C2E712F0060F64
:101BC0000DD0003B18BF0123D2E7401B8A4220EA18
:101BD000E078E2DC0028E2DC0020BDE8F88FE16874
:101BE000DAF800309942D8BF114696DCAEE700BF64
:101BF0002DE9F04717460A7E84B00C460646984603
:101C00000C9D01F1430C002A35D0A2F15803D9B242
:101C1000202969D8202B67D8DFE813F0E60066009A
:101C20006600660066006600660066006600660084
:101C30006600AC007000660066006600660070001A
:101C4000660066006600660021008300C60066002C
:101C50006600B6006600830066006600EC002B6834
:101C60002268181D6169286010061B6802D452069C
:101C700000F1E08019600023E14623613B462146E4
:101C80003046CDF8008003AAFFF720FF013020D0B6
:101C90004A46394630462369C047013019D0236887
:101CA000E0689B07DDF80C9018D5484516DD002547
:101CB00004F1190A04E0E068A0EB0903AB420DDD72
:101CC0000123524639463046C047013005F101052F
:101CD000F1D14FF0FF3004B0BDE8F0874845B8BF00
:101CE000484604B0BDE8F087012084F8422004F1A2
:101CF00042090023206184F84330BFE72A68236843
:101D0000111D1806296002D4590600F1958010684B
:101D1000014600286268C0F293804FF00A0E5348D3
:101D200015E020682B6810F0800F53F8041B02D1D7
:101D3000400648BF89B26F2A14BF4FF00A0E4FF019
:101D4000080E4A482B600023626884F84330002A5A
:101D5000A26051DB236823F00403236000294BD1E8
:101D6000002A7BD1E146BEF1080F56D0ACEB090347
:101D7000236183E72A680120116804322A6004F194
:101D8000420984F84210B4E72B6800211A1D2A602A
:101D9000D3F8009062684846FFF7F0F8002863D057
:101DA000A0EB09006060A4E7236843F020032360F0
:101DB00078222F4884F845202A6813F0800F52F8C3
:101DC000041B03D113F0400F18BF89B22A60DA0751
:101DD00044BF43F02003236019B9236823F0200394
:101DE00023604FF0100EAEE75823204884F84530AA
:101DF0002368E1E72368DBE77546E146B1FBF5F3CD
:101E00000A4605FB131A194610F80A30AA4209F8C7
:101E1000013DF3D2BEF1080FA8D12368DD07A5D597
:101E2000626823699A42A1DC302309F1FF3989F8FD
:101E300000309BE719801EE7B2F90010084668E7FA
:101E40002D20002AA26084F8430002DB23F0040363
:101E500023600A250548AE464942CEE7037804F1DF
:101E6000420984F842307EE7606842E7FC2D0108B1
:101E7000102E0108704700BF704700BF70B5B1F960
:101E80000C300C46990796B007D5012204F14703A0
:101E9000C4E90432236016B070BDB4F90E100546D3
:101EA000002929DB6A460EF0CEFD002822DB4FF424
:101EB00080612846019EFFF789FC88B3A38906F458
:101EC000704643F08003A3814FF48063B6F5005F52
:101ED000C4E904032060DED12846B4F90E100EF0E8
:101EE000BEFD0028D7D0A38923F0030343F00103EC
:101EF000A381D0E7B4F90C3013F0800F14BF402653
:101F00004FF4806628463146FFF760FC40B1A38954
:101F1000C4E9040643F080032060A38116B070BDBD
:101F2000B4F90C309A05B6D4012123F0030304F16F
:101F3000470243F00203C4E90421A3812260AAE717
:101F400070B50C46B1F90E10154600291E4696B024
:101F50000FDB6A460EF077FD00280ADB019B4FF489
:101F6000806203F47043A3F50053B3FA83F35B0973
:101F700007E0A289002312F0800F14BF40224FF423
:101F80008062002033602A6016B070BD70B50026F4
:101F9000074D0446084611462E600EF06BFD431CAB
:101FA00000D070BD2B68002BFBD0236070BD00BF3C
:101FB000641600200EF066BD10B50C46B1F90E1087
:101FC0000EF029FD002803DB636D0344636510BD3B
:101FD000A38923F48053A38110BD00BF0020704764
:101FE0002DE9F0410C46B1F90C101F46CB05054612
:101FF00016460BD421F48051A1813B463246284637
:10200000B4F90E10BDE8F0410EF00CBDB4F90E109D
:10201000022300220EF004FDB4F90C10EAE700BF21
:1020200010B50C46B1F90E100EF0FAFCB4F90C30F4
:10203000421C0EBF23F4805343F480536065A38198
:1020400010BD00BFB1F90E100EF0EEBC51F8043C0B
:10205000181F002BBCBF0B58C0187047372875D805
:10206000032803D800207047042070470438332821
:10207000F8D801A353F820F04D22000831220008BF
:102080003D2200083D22000831220008652000089A
:1020900049210008312200084D22000831220008A1
:1020A0003122000831220008652000086520000860
:1020B0004D220008752200086520000865200008F0
:1020C0007D220008652000085922000851220008DE
:1020D00031220008612200083D2200086520000826
:1020E0004522000845220008452200084522000834
:1020F0004522000845220008452200084522000824
:102100004522000885220008652000086520000897
:10211000652000086520000865200008652000088B
:10212000652000086520000865200008652000087B
:10213000652000086520000865200008652000086B
:10214000652000085522000806207047A0F50170A0
:1021500083B2332B86D8332884D801A353F820F0D8
:102160004D22000831220008692200086D22000873
:10217000312200086520000835220008652000088B
:102180004D2200085D220008652000086520000837
:1021900065200008652000084D220008792200080B
:1021A0006520000865200008492200086520000815
:1021B000652000085122000831220008652200082D
:1021C00071220008392200086520000865200008F7
:1021D00065200008692000086520000881220008A9
:1021E00065200008652000086520000865200008BB
:1021F00065200008652000086520000865200008AB
:10220000652000086520000865200008652000089A
:10221000652000086520000865200008652000088A
:1022200065200008652000084122000841220008BE
:10223000012070470520704707207047082070472D
:10224000092070470A2070470C2070470D20704706
:102250000E2070470F2070471020704711207047E4
:1022600012207047132070471420704715207047C4
:1022700016207047172070471820704719207047A4
:102280000320704702207047A0F11E03092B01D9DB
:10229000FFF7E4BE0B20704708B5FFF7DFFE0038FC
:1022A00018BF012008BD0023036043608360838161
:1022B000704700680128B8BF0120704710B5094C6D
:1022C0002268FF2A0CDC084B1B6813445942C9B230
:1022D000DBB258BF4B420549013221F8130022609E
:1022E00010BD00BF74160020781600207C16002058
:1022F00030B40C4C226892B10B4D0C492B68013A5A
:1023000031F8130001335942C9B2DBB258BF4B4216
:102310002B60074B22601B680BB130BC184730BCE8
:10232000704700BF74160020781600207C1600202D
:1023300068160020014B1860704700BF6816002027
:102340000023034A1360034A1360034A1370704763
:1023500074160020781600206C160020FFF7AEBF20
:1023600038B50C460025A54200DB38BDFFF7A6FFB7
:102370000135F8E7074B1B685BB1074B074A197833
:1023800011B11168814204D0106001221A70FFF768
:10239000AFBF7047741600206C1600207016002026
:1023A0000129B8BF012170B50E460025441E0E2C30
:1023B0000CD8DFE804F0080F1113151518181515BF
:1023C0001B1B1D1F22005020FFF7C8FF0135AE4226
:1023D000EDD170BD5120F7E75220F5E74F20F3E72C
:1023E00040F24F10F0E74FF4A870EDE74A20EBE71A
:1023F0004D20E9E740F24D10E6E74FF4A570E3E722
:102400004B1EDBB20E2B10B5044608D8012AB8BF0C
:1024100001221146094A32F81300FFF7A1FF062CEA
:1024200005D140F21B10BDE81040FFF797BF072C05
:1024300040F21B1018BF4FF48370F4E72A1E010806
:10244000012938B50D46B8BF01251C280C464FF0B0
:102450004A000FD1FFF782FF4A20FFF77FFF40F2CB
:1024600051202946FFF77CFF4FF48370BDE83840C8
:10247000FFF774BFFFF772FF4A20FFF76FFF40F2CC
:102480004D20FFF76BFF012C04DD40F25120691E47
:10249000FFF766FF40F21B10FFF760FF2A20E5E719
:1024A0000B461146A3F10B02012A10B504460AD8C7
:1024B00040F22B2040F237239C4208BF2B20BDE87E
:1024C0001040FFF74BBF013BDBB20E2BF0D8044AA4
:1024D0000129B8BF012132F81300FFF741FFE7E7F8
:1024E0002A1E010838B50C4605464A20FFF736FF7C
:1024F0004A20FFF733FF012C04DD40F25120611E1A
:10250000FFF72EFF40F2372340F22B209D4208BFF9
:102510002B20BDE83840FFF721BF08B54A20FFF760
:102520001DFFBDE8084040F24D20FFF717BF4A20CD
:10253000FFF714BF272833D014D80F280CD804284D
:102540003DD905380A283AD8DFE800F0273939089C
:1025500039393339082736001A2830D140F2512052
:10256000FFF7FCBE40F21A239842F7D00CD840F295
:102570000A2398421AD022D840F2052398420CD060
:10258000B0F5027FEAD0704740F2212398420AD08A
:1025900040F22323984203D0704740F25220DFE7F5
:1025A00040F24A20DCE740F24D20D9E740F24D30BE
:1025B000D6E74FF41470D3E740F24F20D0E77047CE
:1025C0001A2837D00DD8053883B20A2B41D80A28EB
:1025D0003FD8DFE800F0323E3E2F3E3E223E262925
:1025E0002C0040F20A23984230D009D840F205234B
:1025F000984222D0B0F5027F1CD0272820D0704707
:1026000040F2212398421ED040F22323984217D053
:1026100040F21A2398420DD070474FF41470FFF720
:102620009DBE40F25120FAE740F25220F7E740F217
:102630004F20F4E740F24F30F1E74FF45470EEE7EB
:1026400040F24A20EBE740F24D20E8E740F24D30FF
:10265000E5E770474C20FFF781BE2A20FFF77EBEDA
:1026600008B540F24F20FFF779FEBDE808404C2046
:10267000FFF774BE08B540F24D20FFF76FFEBDE8CE
:10268000084040F21B10FFF769BEFFF7F3BF08B523
:1026900040F24D20FFF762FEBDE808404FF4837022
:1026A000FFF75CBE08B510B15020FFF757FEBDE83C
:1026B000084040F21910FFF751BE08B54D20FFF752
:1026C0004DFEBDE808404C20FFF748BE40F21D100B
:1026D000FFF744BE4FF48B70FFF740BEB0F5017FAB
:1026E00008B51CD004D8042817D0122819D008BD6A
:1026F000B0F5037F0CD040F212239842F7D14A2064
:10270000FFF72CFE4FF40A70FFF728FE522000E07E
:102710004A20BDE80840FFF721BE4F20F9E74D20D1
:10272000F7E74D20FFF71AFE4FF40A70F1E727286C
:102730003CD015D80F280ED8042839D905380A28D6
:1027400036D8DFE800F02F35353135350635372BF3
:102750002D00012070471A2814BF00200520704763
:1027600040F21A23984227D00DD8B0F5027F25D029
:1027700040F20A23984223D040F20523C31A58425C
:102780005841C000704740F2212398421AD040F2CD
:10279000232398420CBF0C20002070470320704771
:1027A0000420704707207047092070470B207047AE
:1027B0000020704702207047062070470A207047AB
:1027C0000E2070470D20704708B50548FFF76BFDD8
:1027D0000023044A1370044A1370044A137008BD9E
:1027E000A8180020B81800207D1800207C180020B0
:1027F00010B50024074B1C70074B1C70FFF7E4FF5B
:10280000064B1C60064B1C60064B1C70BDE810405C
:10281000FFF796BDBA180020B918002094180020C0
:10282000801800207E180020FFF784BDA14B2DE901
:10283000F0471B780446002B00F082839E4E9F4F8A
:1028400033785A1E022A00F27B83023B012B5FFA87
:1028500084F800F2D1802046FFF700FCDFF8609298
:10286000054699F800301FFA88F82BB30023954FDE
:10287000954AB8F10A0F89F800303B70136006D111
:1028800040F24A30FFF76AFDFFF79EFF52E0FFF784
:102890009BFF2046FFF7E2FB022805462DD13B783F
:1028A0007BB1B8F1290F2DD1012333700023854A64
:1028B00089F800301370E7E702281ED1814B1B789E
:1028C000EEE7B8F1290FEFD0022500237D4F7E48B7
:1028D0003B70FFF7EEFC1C2C8046327805D8122C9A
:1028E00030D8062C59D0072C48D0042D4FF00003C7
:1028F00067D8002D7BD13B70C6E7B8F1290FD3D044
:102900000A2D19D16F490A78012A13D86E480A2571
:1029100003680132632BA8BF6323272C08BF002460
:1029200005FB03F318BF1D3C2344632BA8BF63239F
:102930000A700360002004E3062DC6D1012389F844
:102940000030F7E7A4F11303092BCED801A151F809
:1029500023F000BFBB290008EB280008EB28000883
:10296000AD290008EB280008EB280008EB28000838
:10297000EB2800087D2900088D290008032A01D1D1
:10298000FFF7D5FDFFF781FE01230DE0032A01D1FA
:10299000FFF7CDFDFFF77BFEF6E7032A01D1FFF736
:1029A000C6FDFFF767FE002333706DE7032A01D1F0
:1029B000FFF7BDFDFFF754FEF5E70020FFF772FEBD
:1029C000E2E7052D97D1032A204612D1FFF7B2FD89
:1029D00008E033782046032B06D1FFF7ABFD013525
:1029E000A845F6DC002386E7FFF7EAFDF7E71D467A
:1029F000F6E7FFF7E5FDF5E73A782046052A2AD8FD
:102A00002A23D340DA0726D5FFF73EFCB8F1290F79
:102A100005463B7822D1002B00F08C82FFF7D4FED4
:102A200000222A4B1A603B7873B9284D2C68002C81
:102A30000ADD274B1F783FB9264927486200FDF77A
:102A40004DFF264B2F601C603378002B7FF472AF54
:102A50001E4A13606EE7FFF701FBD7E7072B00F272
:102A60006981DFE813F00800E6003C018801CB0132
:102A700004024F026102431E182B00F25B82DFE862
:102A800013F06B006B006B006B0072006600690056
:102A90003A005F002F00590275007C008000B800EA
:102AA0008B008B008B008B008B008B008B008B00CE
:102AB0008B008B00BA180020B9180020B81800202D
:102AC0007C1800207D180020A818002094180020F1
:102AD0007E180020981800208418002080180020FC
:102AE0000123272C3B7008BF0023BD4A18BFA4F167
:102AF0001D03136005E0022301223B70B84B1C81CB
:102B00001A732046FFF7C8FB00288CD02046FFF739
:102B1000A5FA0138C0B2182885D8B24BC340DB07EC
:102B200081D5B14B1B78002B7FF47DAFAF4A136882
:102B3000072BDFBF591C1160AD4A22F8134072E722
:102B4000042301223B70A64B5C815A73D9E706230C
:102B50003B70D6E70723FBE72046FFF7E8FD01219E
:102B6000FFF71EFCCDE701210E20F9E70121062029
:102B7000FFF766FC00233370C3E72046FFF7AEFD86
:102B8000F8E740F219239C4201D00223F3E7032324
:102B90003370FFF7C2FCB4E7A0F111054FF0000855
:102BA000082D23D8DFE805F01F0508101316191D9E
:102BB0000B00FFF74FFDA4E7FFF74FFDA1E7FFF77D
:102BC0004FFD86F800809CE7FFF754FDF9E7FFF71B
:102BD0005CFD96E7FFF75BFD93E70020FFF762FDE2
:102BE0008FE70120FAE7FFF768FD8AE7FFF76EFD40
:102BF00087E7DFF8F4A19AF80050002D81D1DFF8C3
:102C0000F481D8F80030002B3FF47BAF0123DFF8CC
:102C1000E8918AF80030D8F800309D4203DB0023A9
:102C20008AF800306DE739F8020BFFF7FFFD013538
:102C3000F1E76B48FFF73DFB013D01460D2D79D8CB
:102C400001A353F825F000BF9F2C00089F2C00081B
:102C50009F2C00089F2C0008AB2C00084F2B00086D
:102C6000552B0008F72A0008412B0008352D0008D5
:102C7000812C0008B12C0008BB2C0008C32C0008D4
:102C8000574A1368092B3FF73CAF0A21272C01FB59
:102C900003F30CBF0021A4F11D010B4429E72046DA
:102CA000FFF745FDFFF77CFB16E001210E20F9E759
:102CB0000620FFF7C5FB002308E02046FFF70EFDC6
:102CC000F9E740F219239C4202D00223337003E05B
:102CD00003233370FFF721FCFFF776FD11E740482F
:102CE000FFF7E7FA013D0246092D23D801A353F867
:102CF00025F000BF412D0008572D0008412D000888
:102D0000412D0008D72D00084F2B0008352D000855
:102D10001D2D0008352D0008612D0008304D2B8930
:102D20009C4207D101462046FFF78AFB2B89062BE0
:102D3000D2D1C0E7FFF748FD00222C4B1A607FE597
:102D40002046FFF7F4FC264D0146B5F808804046C2
:102D5000FFF756FBEAE701220B21214D2889F7E70F
:102D60000323272C3B7008BF00231D4A18BFA4F182
:102D70001D035360C5E6451E0A2DDBD801A353F899
:102D800025F000BFB12D0008EF2E0008B12D00087E
:102D9000B12D0008D72D00084F2B0008352D000855
:102DA000352D0008352D0008352D0008A92E000806
:102DB0002046FFF7BCFC0A4D80462846B5F808902F
:102DC000FFF777FA6B68414603FB00F2632AA8BF5E
:102DD00063224846BCE701220E21014DBEE700BF39
:102DE000A8180020FF0BFF017E1800209418002077
:102DF0009818002080180020841800205248FFF7FF
:102E000058FA013D0246092D94D801A353F825F044
:102E10004D2E0008612E00084D2E00084D2E000892
:102E2000FF2E00084F2B0008352D0008352D000817
:102E3000392E00086B2E0008434B5B899C427FF4BF
:102E400079AF01462046FFF74DFB45E73E4B204654
:102E50005D89FFF76CFC01462846FFF721FB3BE745
:102E600001220B21384B5889F7E7052379E7451EE6
:102E70000A2D3FF65FAF01A353F825F0C72E0008D7
:102E8000EF2E0008C72E0008C72E0008FF2E0008EE
:102E90004F2B0008352D0008352D0008352D000872
:102EA000352D0008A92E0008274A5368092B3FF743
:102EB00028AE0A21272C01FB03F30CBF0021A4F14B
:102EC0001D010B4455E72046FFF731FCDFF87890F1
:102ED00005464846B9F80A80FFF7EBF9D9F804200F
:102EE00029464243632AA8BF63224046B5E7164AF3
:102EF0005368092B3FF705AE0A214B4339E70122FE
:102F00000E21AFE706287FF415AF0F4D2B7B13B1D1
:102F100001220F2122E76B7B1BB101220F2168895F
:102F20009BE701210F20BDE607287FF403AFFFF7E1
:102F3000D1FBD1E6054B1A68002A01DD00221A6098
:102F40000120BDE8F08700BFA818002094180020D9
:102F5000FFF710BA014B1878704700BFB91800206E
:102F6000014B1878704700BFBA180020024B187840
:102F7000003818BF01207047B8180020024B18789D
:102F8000003818BF012070477D18002008B5044B99
:102F90001870FFF719FC0022024B1A6008BD00BF31
:102FA000B918002094180020012208B5044B1A70AB
:102FB000FFF70AFC0023034A1360034A137008BD9D
:102FC000BA18002094180020B918002010B5002469
:102FD000044B1C70FFF7F8FB034B1C60BDE810406E
:102FE000FFF7AEB9BA1800209418002008B5FFF713
:102FF000EBFB0022014B1A6008BD00BF94180020B3
:1030000070B5C5B2C4042A464FEA102321D503F097
:103010000F03013BDBB2072B54D82F49CC5C502A5D
:1030200046D0512A46D0522A46D04F2A21D10326D3
:10303000FCB92A4B9C5DE4B10022294C9A55A35D52
:1030400033B9284B13F8160005F056F90123A355A0
:1030500070BD03F00104980748BF44F0020459070B
:1030600048BF44F004041B07D9D5502D44F0080490
:103070002ED105F0F1FF20EA04068443F6B202D017
:10308000204605F0DFF916B1304605F0E4F9284690
:1030900005F032F9284605F077F916B1304605F00B
:1030A000D1F9002CD4D02046BDE8704005F0D3B94A
:1030B0000026BDE70126BBE70226B9E70026B8E7F0
:1030C0000126B6E7502DF9D0512DF9D00024AAE7FA
:1030D000512DA8D1CDE700BF481E0108E1180020FE
:1030E000DD180020581E0108A0F1E002072A08B5EB
:1030F00006D9292804D000F004FA00F0010008BD28
:103100000120FAE70E4970B500220D4604460D482D
:103110000378D6B2B34206D8102B0AD05A1C0270DC
:1031200025F8134004E031F8026B0132A642F0D1D9
:1031300070BD05491E22881EFDF7A6FAEC83F7E74D
:10314000BC180020BB180020BE18002010B5064C8B
:10315000237843B9054B1B789B0704D4022005F064
:1031600071F90123237010BDDC180020E518002040
:10317000E03880B207280BD8064B1B5C43B10648E9
:10318000027811B113430370704722EA0302027000
:10319000704700BF501E0108E5180020014B187849
:1031A000704700BFE51800202DE9F04100242546B6
:1031B0000D4E0E4FDFF8388016F8013B2BB118F892
:1031C000140005F0E1F806F8015C0134042C07F85E
:1031D000015BF1D1074C23781BB1022005F03BF9CC
:1031E0002570BDE8F08100BFDD180020E118002047
:1031F000581E0108DC180020FFF784BF08B5FFF750
:10320000F7FA0D48FFF710FBFFF7CEFE0020FFF79F
:10321000BDFE0023094A0A4913700A4A0B70137055
:10322000094A4B701370094A8B7013705370937076
:10323000CB70D37008BD00BF01300008E518002036
:10324000E1180020BB180020DC180020DD18002049
:10325000FFF77EBE0B282DE9F84304463FD00D282A
:103260003FD00E283FD00F2814BF4FF0FF35032565
:103270004E79002E3BD1E52C06D1504F3B781BB147
:10328000022005F0E8F83E70681C0ED04FF00008F0
:103290004B4B4C4F03F805807B5D33B14A4B13F821
:1032A000150005F071F807F80580484900220D4621
:1032B00047480378D7B2BB420CD931F802CB571C30
:1032C000644512D10126013BDBB2037035F813309F
:1032D00025F8123086F001063046BDE8F883002557
:1032E000C6E70125C4E70225C2E73A46E2E7FFF751
:1032F00037FE0028F0D0E52C04D12046FFF702FF6E
:103300000026E9E7A4F1E003072BE5D9314F3B782C
:1033100013F0DD0F28D0691C16D0FFF727FE98B9EF
:10332000FFF718FE012880460ED12046254CFFF7F6
:10333000E9FE635D002BE3D1234B13F8150004F085
:10334000DBFF04F80580DBE7FFF710FE08B1FFF7AD
:103350004DFE3B789A06BFD52046FFF7C5FE0028F4
:10336000BAD1FFF7F3FEB7E713F0220F0CBFA14667
:1033700044F400794846FEF78FFF40B9292C06D067
:10338000FFF7F4FD0028E2D1FFF7F8FDDEE7FFF7D5
:10339000EDFD80464846FFF749FA0028D9D120467E
:1033A000FFF7B0FE6B1CABD0B8F1000FA8D1FFF750
:1033B000D1FD012804BF024B5855A1E7DC180020BD
:1033C000E1180020DD180020581E0108BC1800205C
:1033D000BB180020E518002038B505460C4612B988
:1033E0000024204638BD90470028F9D06479002C8D
:1033F000F6D02846FFF700FFF3E70000044B1A68F9
:10340000044B11781878044B1B78184305F0E2BA86
:1034100038190020D8240020D924002070B50424B5
:1034200000260E4D35F8020B20B1C0B204F0ACFFFF
:1034300025F8026C013CF5D1D12004F0A5FFD22083
:1034400004F0A2FF064B1C70064B1C80064B18783C
:10345000FFF79CFDBDE87040FFF7A6BE24190020D1
:103460002C1900202E1900203619002070B50024D8
:103470000D4B0E4D0E4E1C702A78E3B29A420DD8B9
:103480000C4E0D4C337823B1237813B9E02004F0AF
:103490007BFF002333702B70237070BD16F8130070
:1034A00004F072FF0134E7E71A190020E818002041
:1034B000EA180020E7180020E618002008B50BF0F5
:1034C000DBF8012838BF012080B208BD10B50C46DA
:1034D00028B10BF0D6F8A04234BF0020012010BD67
:1034E00008B50BF091F8012838BF012008BD10B5D0
:1034F0000C4628B10BF0CCF8A04234BF00200120CC
:1035000010BDA0F58043B3F5955F07D3A0F5A540A6
:1035100040381F288CBF00200120704701207047D1
:1035200038B5054605F098FD044605F0B1FD28467E
:1035300004F078FD2046BDE8384005F0A3BD4B20DF
:10354000FFF7EEBF4E20FFF7EBBF40F20910FFF789
:10355000E7BF08B55120FFF7E3FFBDE808404A2068
:10356000FFF7DEBF08B55220FFF7DAFFBDE80840DD
:103570004A20FFF7D5BF4F20FFF7D2BF5020FFF7FB
:10358000CFBF00002DE9F84F9A4F04460D469046F4
:103590003A60FFF7DFFC10B10022974B1A6020461B
:1035A0006979FFF7E5FD392C33D16A79934B944E55
:1035B0000AB301221A70FFF721FF80F00100C0B2A8
:1035C0003070A0B18F4C23780BB1FFF74FFF012370
:1035D0002370FFF7E3FD00F01100003818BF012051
:1035E000894B8A4A187000231370894A1370392056
:1035F000FFF702FEC4E096F8009019781A70B9F14E
:10360000000F23D07F4B1B780BB1FFF72FFF002358
:1036100033707C4B1B78002B00F084802046FFF732
:1036200070FF064600287DD15FFA84FBABF11E03D4
:103630009BB2102BDA466A79DFF8D4911ED875490F
:10364000CE5CE2B9002E18BFB2464EE00029E0D0B1
:10365000FFF786FC684B80F00100C3F800903B68E0
:10366000C0B2DB6A1BB19847FFF79EFDD1E710B1EE
:10367000FFF79AFCF8E7FFF7A9FCF5E762B399F8C2
:103680000030172B4ED876B1304604F035FE99F84D
:103690000030172B05D85A1C89F800205E4A22F802
:1036A00013602046A4E7594A1378591C11702BB9AE
:1036B000554B1B7813B9E02004F01EFE584604F069
:1036C0001BFE99F80030172BEBD85A1C89F8002004
:1036D000514A22F813A0E4E704F0FB03E02B03D1E6
:1036E000494B197800294ED100264B490022084643
:1036F00099F800305FFA82FC634513D931F802EB88
:1037000002F1010CF24540D1013BDBB289F80030F7
:1037100030F8133020F812305FFA8AF004F034FEEB
:10372000002E34D029462046D8F81C20FFF754FE3E
:1037300030BB2046FFF7E5FE68B9FFF75FFE50B1EA
:103740003B685B6A002B38D020469847002834D06D
:103750003B689B6A63BBD8F8202029462046FFF7C8
:103760003BFE804660B93B686E795B88A34270D1AE
:103770002A4D2B4C2EB3FFF7A1FE84F80080288041
:103780000020BDE8F88F1A70AEE76246B2E71F4A24
:103790001378002BC6D0013BDBB21370002BC1D1D4
:1037A000194B1B78002BBDD1E02004F0EDFDB9E7EB
:1037B0002046697998470028CDD06B79002BCAD074
:1037C0006FE723785BB1174E308810B1C0B204F0B8
:1037D000DBFD0023338000232B802370D0E72B8870
:1037E000002BF8D0FFF7B6FB04281DD1FFF716FE1B
:1037F000F1E700BF38190020201900201B19002014
:103800001C1900201A190020E6180020E7180020D3
:10381000E8180020601E0108EA1800203419002072
:1038200032190020301900203B68DB686BB9FFF7C4
:1038300097FB0028CFD0FFF78DFB9C4B1870FFF74C
:10384000B3FC0420FFF7A2FBC5E798470028EED1A0
:10385000C1E7FFF77FFB04280BD1A4F1E003072B9E
:103860002BD836B124F00403E12B3FF41AAFFFF755
:10387000D5FDFFF775FB002800F0D3803B689B7CEB
:10388000002B00F0CE80292C40F0CD806B79002BEE
:1038900000F0C980FFF75EFB002840F01181FFF7C0
:1038A0007DFC10F0DD0F40F00B81830740F1B2800A
:1038B00040F23520FFF734FEF3E6FFF76FFC002EF1
:1038C00045D00F2C14D80A2CD1D9A4F10B0300F049
:1038D0002200042BCBD801A252F823F003390008B0
:1038E0006F380008113900082539000839390008F7
:1038F000282C28D02C2CBAD1FFF7E0FD6C4B188077
:10390000CFE6CF206B4B188004F0F6FC0B206FE65F
:1039100000280CBFCE20DA20664B588004F0ECFC67
:103920000D2065E600280CBFCD20D920614B988082
:1039300004F0E2FC0E205BE6D0205E4BD88004F061
:10394000DBFC0F2054E6D22004F0D6FCA9E60F2CB5
:1039500012D80A2C8DD9A4F10B03042B89D801A20B
:1039600052F823F0A539000873380008BB39000865
:10397000D1390008E7390008282C47D02C2C7FF4D7
:1039800078AFDFF83491DFF8288199F80030002B08
:1039900034D0D12004F0F8FC89F800600023A8F8A6
:1039A000003066E7434E308800283FF462AFC0B273
:1039B00004F0EAFC002333805BE73E4E7088002869
:1039C0003FF457AFC0B204F0DFFC0023738050E730
:1039D000384EB08800283FF44CAFC0B204F0D4FC9D
:1039E0000023B38045E7334EF08800283FF441AF11
:1039F000C0B204F0C9FC0023F3803AE7B8F8003005
:103A0000002BCBD0D12004F015FDC7E7D22004F065
:103A1000BBFC2EE7002853D03520FFF781FD29207D
:103A2000E6E5292C4CD06B79D3B929462046BDE870
:103A3000F84FFFF70FBC214E306838B900233360D0
:103A4000FFF7D4FA0120FFF7A1FAE8E740F6B83112
:103A5000FFF74DFD0028F1D1FFF742FD3060E2E7AE
:103A6000FFF77EFA0028E0D0FFF774FA0128DCD1D6
:103A70003B681B6B002BD8D0FFF790FB3B681E6B9D
:103A80003788002FD1D0BC420ED1F378B2780340F2
:103A900032B94BB9FFF7AAFA736898473846A7E5D9
:103AA000134201D09343F5D00836E9E736190020D8
:103AB0002E190020241900202C1900202019002084
:103AC0006B79002BAFD0FFF74BFA0028ABD0FFF794
:103AD00065FB10F0DD0FA6D1FFF73CFA831EDBB2C9
:103AE000012BA0D90128A6D1FFF740FA00289AD1CE
:103AF000FFF74CFAFFF7F4FC014B186093E700BFA7
:103B0000201900200023114A1360114A1370114A32
:103B10001380114A1370114A1380114A1380114AFD
:103B20001370114A138053809380D3800F4A13700F
:103B30000F4A13700F4A13700F4A13700F4A137015
:103B40000F4A13700F4A1360FFF758BB3819002053
:103B500036190020341900203219002030190020B5
:103B60002E1900202C190020241900201C190020D7
:103B70001B1900201A190020E8180020E71800205F
:103B8000E61800202019002038B51C4CFFF760FB18
:103B90002368002B30D01A4A1088A0B1194D2A781A
:103BA0008AB9198AFFF792FC68B101232B70236848
:103BB0009B68F3B19847E0B12368D888124B18800E
:103BC000C0B204F099FBFFF7C5F9042814D10F4BDC
:103BD000188888B10E4D2B7873B92368198AFFF7BE
:103BE00075FC48B10123D1202B70BDE8384004F0AA
:103BF00083BB23689888E1E738BD00BF38190020EF
:103C00003419002032190020301900202E1900200C
:103C10002C190020024B186800B1808A704700BF41
:103C20003819002083B990B1022913D0032915D087
:103C3000012915D1BAB91046FF2300990A70019ADB
:103C40001070029A137070470022FF20F4E7FF22E1
:103C50000346F2E7802218468023EEE7FF22FAE7C8
:103C60001A46FF20E9E7FF221046E6E708B5FFF70E
:103C700077F908B9002008BDFFF76CF90028F9D1E1
:103C8000054B18680028F6D040F6B831FFF72FFC36
:103C900080F00100C0B2EEE720190020F8B5074619
:103CA0000E461546FFF7E2FF70B10A4B1C6864B17F
:103CB000A36963B10FB11B0C3B7016B1A3691B0A5A
:103CC00033700DB1A3692B70F8BD2046FCE7184690
:103CD000FAE700BF38190020032806D8B422504361
:103CE00000F12401014806F037B870473C19002064
:103CF000032838B50FD80A4C2378012B4FF0000366
:103D000009D16578A84208D1237009B9012038BDCE
:103D1000FFF7E2FFFAE70020F9E71846F7E700BFF0
:103D20005C0C0020F7B504460D4608F097FD2B4EBD
:103D30002B4F7080E0B285424ED90021294A0FE016
:103D40001CF801EBBEF1FF0F01D0864518D00133FE
:103D5000DBB20F2BF4D10131062902F10F0239D069
:103D600094460023ECE7012906D1012B04D100225F
:103D70007388ADF8002015E07388ADF8000011E0FD
:103D80003A683AB31E2000FB012232F8131032F8D1
:103D90001300090A12F8133040BAE4D1002BEBD11A
:103DA000ADF800308DF80230009806F053FBC0F3F8
:103DB00007238DF80400C0F307408DF805308DF817
:103DC00006009DF8063020469DF804209DF8051059
:103DD00007F048F80134ADE703B0F0BD5C0C0020FB
:103DE000F0190020EE0D00202DE9F04105460E46A9
:103DF0001746002400F12408B44201D1BDE8F08147
:103E00002B19B3F5347F06D208EB040005F056FFFA
:103E100038550134F0E70020FAE72DE9F041054676
:103E20000E461746002400F12408B44201D1BDE833
:103E3000F0812B19B3F5347F04D2395D08EB04000F
:103E400005F0A4FF0134F0E741EA020370B40D4627
:103E500050EA030104D170BCB4220A48FCF7B8BC94
:103E600000241E260F2306FB04F10648013B13F035
:103E7000FF03057042700844F8D10134062CF1D1DB
:103E800070BC70473C190020032806D8B422504368
:103E900000F12401014805F0A7BF70473C1900203C
:103EA000074B084A10B51A600023074C2370607056
:103EB00008F0D4FC60806078BDE81040FFF7E4BFF4
:103EC000F01900203C1900205C0C0020032808B5E4
:103ED0000CD8074A5070FFF7D7FF08F055FC2D2883
:103EE00002D02D2008F04DFC012008BD0020FCE789
:103EF0005C0C0020032808B511D80A4A117871B962
:103F0000012150701170FFF7BFFF08F03DFC2D2814
:103F100001D1012008BD2D2008F033FCF9E7002075
:103F2000F8E700BF5C0C0020024B1878431E584293
:103F3000584170475C0C002070B5114B1B78012B69
:103F40001CD1104A126892B11E244878097804FBEB
:103F500000220D4832F81140054630F8026BA642A7
:103F600007D103F0070335F8133022F81130012090
:103F700070BD0133092BF0D10023F6E70020F7E7ED
:103F80005C0C0020F0190020481F01084FF4347227
:103F90002421014805F0E0BEE420010838B50024E2
:103FA000064D08F0F1FB15F8013B984204D00134AE
:103FB000192CF6D1002038BDE0B2FCE72F1F010814
:103FC00008B5FFF7EBFF00F53E7005F077FE082817
:103FD00028BF002008BD000038B50446FFF7DEFF0B
:103FE000104B1B78012B07D01922431CDBB2B3FB0B
:103FF000F2F102FB1133D8B20B4B185C207008F0C1
:10400000C0FBFFF7DDFF094B13F8104003EB400343
:104010005D7808F023FC294602462046BDE838407A
:1040200008F0F5BB5C0C00202F1F01081A1F0108C7
:10403000032810B504460AD8FFF726FF20460121C1
:10404000FFF756FE2046BDE81040FFF73FBF10BD0A
:10405000B4235843C1EB01111144243000EB41005B
:104060007047032838B510D805290ED80E2A0CD869
:10407000FFF7EEFF054605F021FE0446681C05F03B
:104080001DFE44EA002080B238BD0020FCE7032872
:1040900070B51C460FD805290DD80E2A0BD8FFF78E
:1040A000D7FF0546E1B205F071FE210A681CBDE8A4
:1040B000704005F06BBE70BD08B54FF43E7005F062
:1040C000FDFD082828BF002008BD000070B508F0DD
:1040D0005BFB0723144A12F8011B814221D0013BEC
:1040E00013F0FF03F7D10724FFF7E6FF0130C0B25A
:1040F000B0FBF4F304FB13000C4BC4B213F81050E4
:1041000003EB40035E7808F0A9FB314602462846DF
:1041100008F07DFB21464FF43E7005F0FAFD204685
:1041200070BD0624E0E700BF281F01081A1F010820
:1041300070B5FFF745FF044607281CBF0B4B1C5CFE
:104140000B4B13F8145003EB44035E7808F086FB26
:1041500031460246284608F05AFBFFF71FFF21466A
:10416000BDE8704000F53E7005F0D3BD131F010897
:104170001A1F010870B5FFF723FF044607281CBF6C
:104180000B4B1C5C0B4B13F8145003EB44035E7891
:1041900008F064FB31460246284608F038FBFFF77A
:1041A000FDFE2146BDE8704000F53E7005F0B1BD52
:1041B0000C1F01081A1F01087FB51E4B1B78002B2E
:1041C00033D000221146104606F0B8FE00250A261C
:1041D00001AC0A22184901A8FCF780FB01F09AF90A
:1041E0000378EAB2B3FBF6F3934200D8FDB901F0CD
:1041F00091F90378312B04D90023962219462078AF
:104200000CE001F087F903461B7820781D2B4FF056
:10421000000387BF962219461A469621013506F0FB
:1042200021FE0A2D04F10104D3D104B070BD002396
:104230001A46E3E754440020B41E01082DE9F04378
:104240000D46144689B00C2848D8DFE810F00D0060
:104250004A008100C100460151015F016D017801F2
:104260008301A501B301BF01C04FC14E38680AF0F8
:104270000FFA0E2805D90AF0C7F9338838600333DE
:10428000338004EB84042C446FF007084725FF2794
:10429000E4B208FB05F3328803F596631344B3FBDD
:1042A000F7F213448DF804308DF805708DF8064050
:1042B000019806F0CFF8C0F30721C0F307438DF84B
:1042C00008008DF809108DF80A30C2B2DBB228461A
:1042D000C9B2013506F0C6FD972DDAD109B0BDE8A7
:1042E000F083A44FA44E38680AF0D2F90E2805D9FD
:1042F0000AF08AF9338838600333338004EB84048E
:104300002C44FF270025E4B233888DF8057003EBB9
:10431000C503B3FBF7F213448DF804308DF8064063
:10432000019806F097F8C0F30721C0F307438DF812
:1043300008008DF809108DF80A30C2B2DBB205F121
:104340004700C9B2013506F08DFD502DDCD1C5E71F
:104350008A4F8B4E38680AF09BF90E2805D90AF06F
:1043600053F9338838600333338004EB84042C44DE
:104370004FF00C080025FF27E4B2282DEBB28CBFCC
:10438000283BC3F128033288DBB208FB0323B3FBCD
:10439000F7F213448DF804308DF805708DF806405F
:1043A000019806F057F8C0F30721C0F307438DF8D2
:1043B00008008DF809108DF80A30C2B2DBB205F1A1
:1043C0004700C9B2013506F04DFD502DD5D185E726
:1043D00005220023B1FBF2F2032C8DF809308DF891
:1043E0000A308DF80D30ADF810308DF813308DF89F
:1043F00014308DF817308DF818308DF81B30614F60
:104400004FEA51038DF80C208DF81D30A1EB4402CA
:104410008DF81E308DF81F3098BF5B4BD2B23868D4
:104420008CBF0F241C5D8DF808108DF80B108DF8D3
:104430000E208DF80F208DF812108DF815208DF8B4
:1044400016208DF819108DF81A208DF81C200AF00E
:104450001FF9A0424D4E4E4C0FD30AF0D5F84D4AED
:1044600023781178386069B30133DBB2AB4201D2F3
:10447000237002E00023257013704FF04709337852
:1044800003EB430320336B4413F8186C13F8177CC9
:1044900013F8168C2178484601FB08F301FB07F25C
:1044A0007143B3FBF5F3B2FBF5F2B1FBF5F1DBB20F
:1044B000D2B2C9B209F1010906F0D4FCB9F1970FE3
:1044C000E8D10BE70BB1013BD2E701213378117042
:1044D0000B4403F007033370CFE747240023204643
:1044E0001A462946013406F0BDFC972CF6D1F5E6B4
:1044F00005264724B1FBF6F620460023324629461E
:10450000013406F0AFFC972CF6D1E7E64725A1EB86
:104510008204E4B22846002322462146013506F0F3
:10452000A1FC972DF6D1D9E64724002320462A4640
:104530001946013406F096FC972CF6D1CEE64724B6
:1045400020462B462A460021013406F08BFC972C8E
:10455000F6D1C3E64724002220462B4611460134FB
:1045600006F080FC972CF6D1B8E600BF101A0020A8
:104570000C1A0020081A0020041A0020001A00203B
:10458000FC190020F8190020581F0108F419002018
:10459000F5190020600C00204725A1EB8204E4B24D
:1045A0002846234600222146013506F05BFC972D64
:1045B000F6D193E647254C08284623462246214655
:1045C000013506F04FFC972DF6D187E647240023EE
:1045D00020461A461946013406F044FC972CF6D1C1
:1045E0007CE600BF38B50C460D4D78B10AF00CF8EA
:1045F0000C4B28601B7883B100F0C2FA58B100F070
:10460000BFFA0022114600F001FA04E028680AF01F
:104610003FF83228EAD8002038BD2370FBE700BFFE
:10462000181A002080240020014B1860704700BF3A
:104630001C1A002070B500F069FF454C0278237801
:104640009A4206D000F062FF002203782370414BAB
:104650001A6001F04FFD0138C0B2062896BF3E4BEC
:10466000002653F8206000F051FF0378032B06D892
:10467000DFE803F0024C33070022364B1A600120BA
:1046800070BD344D2C6894B909F0BEFF334B2860DF
:104690001A78002AF3D01C7000F072FA054600F078
:1046A0006FFA22460146284602F058F8E7E720460E
:1046B00047F22F5609F0ECFFB042E0D9FFF734FC87
:1046C0000028DCD109F0A0FF2860112001F0D4F807
:1046D00044F620600BF0A9F914E001251D4C1F4B96
:1046E00020681D7018B909F08FFF2060C7E709F036
:1046F000CFFFB042C3D3FFF717FC0028BFD109F0AA
:1047000083FF2060012000F073FCB8E7114C2368A0
:10471000002BE8D000F034FA062809D000F030FA77
:10472000012805D000F02CFA022801D000F028FA68
:10473000206809F0ADFF47F22F5398429FD9FFF749
:10474000F3FB00289BD109F05FFF2060BDE700BFAD
:10475000151A00201C1A00205C1F0108141A0020E2
:1047600007B58DF807100DF10701FFF73BFFFFF7C5
:1047700061FF002003B05DF804FB00002B4B2DE926
:10478000F0411B78BBB10F254FF00108284E56F8B9
:10479000041B4B1C0BD021F00F0701F00F0108FA8E
:1047A00001F40122214638460CF0F0FBBC61013DCA
:1047B00015F0FF05EBD1002280214FF080400CF076
:1047C000E5FB00BF00BF00BF00BF00BF00BF00BFD0
:1047D00000BF00BF00BF00BF00BF00BF00BF00BFE1
:1047E00000BF00BF00BF00BF00BF00BF00BF00BFD1
:1047F00000BF302585F31188012207214FF080404A
:104800000CF0E4FB002484F3118885F31188012265
:104810000C214FF080400CF0D9FB84F31188BDE8E7
:10482000F041062123200CF030B900BF7F24002086
:10483000781F0108072804D0122804D1042000F0B2
:10484000B7BB0320FBE7704708B54FF080724FF00D
:1048500080439A614FF0007240219A610F48002214
:104860000CF094FB002280210C480CF08FFB4FF4DD
:1048700080030A4A93610022094B1A70094B1B7886
:104880005BB1112000F0F8FF44F620600BF0CDF88A
:10489000BDE80840022000F08BBB08BD00040040CA
:1048A000692400207F24002010B5084C237863B1D0
:1048B00000F084FB033801289DBF002303202370F0
:1048C0000220BDE8104000F065BB10BD7F24002031
:1048D00010B5044609F098FE3B4B186023780A2B6C
:1048E00066D006D8072B36D0082B10D0FF232370B4
:1048F00018E0212BFAD16278344B002A5FD0A178DE
:104900001A78002958D042F080021A700AE0A37881
:10491000013B032BEAD8DFE803F00206091201F09D
:10492000E9FBE07010BD0423E370FBE762792179B5
:10493000E078FFF796FBA071000AE071F2E7E078FB
:104940002379617940EA032040BAA21D80B2BDE814
:104950001040FFF749BAA378013B032BC6D8DFE824
:1049600003F0020B101BE0780728DBD801F0CAFB2C
:10497000BDE8104001F0CEBAE078BDE81040FFF786
:1049800057BBE279A3792179E07843EA022362797F
:10499000BDE81040FFF77BBBE0782379617940EAFE
:1049A000032040BAA21D80B2BDE81040FFF735BA1F
:1049B000BDE8104002F062BA61F3C712A5E71B78A8
:1049C000C3F3C013A370ADE71C1A00207644002087
:1049D00010B5044609F018FE044B186023780A2B22
:1049E00001D102F04BFA002010BD00BF1C1A0020BC
:1049F00008B500F08BFD0378022B03D100F08EFD8B
:104A0000007808BD0020FCE700F070BDF8B5154641
:104A1000B0FA80F3B1FA81F25B0952099A42064674
:104A20000C4605D000290CBF0120022000F03EFA00
:104A30000F4F3B78A34200D13DB100F067FD032347
:104A4000037000F06BFD002303703C7004F0F6FC73
:104A50002946204600F0D6FF2A462146304601F07E
:104A60007DFE2A462146304603F0D8F8F8BD00BF47
:104A7000331A002037B5044600F048FD0378012BB7
:104A80000DD00025CDE9005500F040FD0378022B44
:104A900007D0094B2A4619780846FFF7B7FF03B03D
:104AA00030BD24B1082221466846FBF717FF68464F
:104AB00000F04AFEF3E700BF331A002037B5044682
:104AC00000F024FD0378012B0ED0002500958DF811
:104AD000045000F01BFD0378022B07D00D4B2A4633
:104AE00019780846FFF792FF03B030BD74B16378C0
:104AF0008DF80030A3788DF80130E3788DF802301E
:104B000063798DF8033023798DF80430684600F01E
:104B100077FEE9E7331A002037B5044600F0F6FCCB
:104B20000378012B0DD00025ADF8065000F0EEFC07
:104B30000378022B07D0114B2A4619780846FFF755
:104B400065FF03B030BD002CFBD0A278637843EA48
:104B50000223ADF80630813B022B09D801220DF16A
:104B6000060002FA03F3ADF8063000F035FEE8E780
:104B70000DF1060000F01AFEE3E700BF331A002033
:104B8000014B1878704700BF331A002010B5174C3E
:104B900000232278032A26D8DFE802F0020C151E33
:104BA0000A2213490846CB708A7009F065FB01237D
:104BB000237010BD0E4A9370F6231046D37009F08F
:104BC0005BFB0223F4E7F62209490846CB708A70A2
:104BD00009F052FB0323EBE7054A93700A231046C2
:104BE000D37009F049FB0023E2E700BF2A1A002036
:104BF000241A00207047000010B5FFF7FBFF00F0FB
:104C0000BBFA00F095FC01F057FB00F06BF90128AE
:104C100003D1BDE8104000F06BB900F0B5F968B9F8
:104C2000074C206809F034FD40F6B733984205D9A7
:104C300000F04EFF10B109F0E7FC206010BD00BF8E
:104C4000201A00202DE9F04F8FB00E22002181465E
:104C500002A8FBF7BDFD00F059FC0378012B0AD038
:104C600000F054FC0378022B08D05C4B002219782A
:104C70000846FFF7CBFE0FB0BDE8F08FB9F1000F8B
:104C800000F0A3804FF01E0800262022494606A807
:104C9000FBF724FE524F9DF819300DF119043B70BB
:104CA00014F8010FFBF7BAFA08F1FF38304418F096
:104CB000FF08C6B2F4D14B4D4FF0060BAA461AF8C6
:104CC000013F93B300242246D3B29E420BD89AF8F8
:104CD0000030A34218BF8AF8008021E001331E2B68
:104CE00004D11C4607E000230DF1190111F8010F52
:104CF0000028F3D0DCB238336B4413F81E0C019259
:104D000003F085FA40EAC404E4B2214606A809F09B
:104D10007CFB9AF80030019AA34202F10102D3D140
:104D20000BF1FF3B1BF0FF0BC9D14946202206A81F
:104D3000FBF7D4FD4FF000084FF001095FFA88F34C
:104D40009E420FD800F0D8FA002844D1244809F038
:104D500081FA02A800F011FD8DE701331E2B04D16A
:104D60001C4607E000230DF1190212F8011F00296B
:104D7000F3D0DCB238336B4413F81E0C03F047FA5F
:104D800040EAC404E4B2214606A809F03EFB2A46E4
:104D9000002312F8011FA14202D021B93B449C70AC
:104DA00008F10108CAE70133062BF2D16F2CF7D8BE
:104DB0000EAB03EBD40313F8302C04F0070409FA0C
:104DC00004F4144303F8304CEAE708224946044847
:104DD000FBF7FEFCB6E7FFF70FFFB3E7331A00203F
:104DE0002B1A00202C1A002008B5064B1B7823B97B
:104DF000054B1B780BB1FFF7C9FEBDE80840FFF774
:104E0000FBBE00BF331A00205544002070B5044695
:104E100058B109F00DFA0C4B834205D0184609F041
:104E200001FA0122094B1A7070BD00F06FFB037884
:104E3000022BF9D1044D20466B6898472046AB6899
:104E4000BDE87040184700BF640C002038100020F7
:104E500038B5044688B109F0EBF9114C84421ED0F4
:104E60000122104B1A7001F0A1F90F4809F03CFF24
:104E70002046BDE8384009F0D5B90B4B1B78042B10
:104E800005D1074D6B6898472046AB6898470648A0
:104E90000BF037FB04480BF043FF01F08FF938BDEE
:104EA0003C1000209A4000205449002010B50C4BC3
:104EB00004461A78824204D00128187002D00228D1
:104EC00007D010BD0020FFF7A1FF2046FFF7C0FF6D
:104ED000F7E70020FFF7BCFF0120FFF797FFF0E79F
:104EE000780C0020014B1878704700BF780C002028
:104EF00010B50E4B0E4C1B78052B13D1206810B942
:104F000009F082FB206009F0C3FB41F65733984259
:104F10000AD9002301202360064BBDE81040187019
:104F200000F066B80023236010BD00BF5449002084
:104F3000341A00205644002010B50B4C2378052B62
:104F400010D1B4F84C309B0708D509F00DFB28B1FF
:104F500020460BF061FB05480AF067FDBDE81040F4
:104F600009F024BB10BD00BF54490020A0860100F9
:104F700008B5044B1B78012B01D1FFF7DDFF0120A1
:104F800008BD00BF780C0020014B1878704700BFA7
:104F9000401A0020014B1870704700BF401A0020D3
:104FA00008B509F031FB014B186008BD3C1A002020
:104FB000014B1870704700BF3A1A0020014B187857
:104FC000704700BF3A1A0020302310B583F31188D0
:104FD00000F0AEFD002484F3118872B600F0DEFE0E
:104FE00000F034FE04F062FD84F3118862B610BD57
:104FF000014B1870704700BF391A002010B5074CDC
:10500000237828B11BB1FFF7CBFF0323237010BD1A
:10501000002BFCD10122024B1A70F8E7401A002045
:10502000391A00200F4B70B51E6801F01FF90E4DA4
:10503000044618B900232B7000240AE0FFF7A0FDF6
:1050400018B90A4B1B78042BF4D02B781BB1002322
:105050002B70204670BD002EEED004F0E9F9B0426E
:10506000EAD3F4E77C0C0020391A002054490020D0
:1050700008B501F00DF938B1044B186809F008FBC8
:10508000C72894BF0020012008BD00BF3C1A0020A3
:105090000120704708B5FFF7FBFF38B1044B1868D3
:1050A00009F0F6FAC72894BF0020012008BD00BF10
:1050B0003C1A002070B5FFF763FD044668B9084E3E
:1050C0003578012D09D101F071F8304609F00CFE58
:1050D000224621462846FFF799FC012070BD00BFFB
:1050E0005449002008B5FFF7E5FF38B1044B1868B4
:1050F00009F0CEFAC72894BF0020012008BD00BFE8
:105100003C1A00207047000008B507F011FB00387A
:1051100018BF0120044B187007F0FAFA09F03DFAA5
:10512000FFF7F0FF08BD00BF381A0020002310B5BC
:10513000074C2370FFF788FBFFF746FF2378054AEB
:10514000022B18BF03231370FFF7AEFB10BD00BF87
:105150003A1A0020401A002008B5064B1B780BB104
:1051600007F0C4FA09F022FA01F02EFDBDE808406C
:1051700004F064B9381A002010B5154C2378032BBD
:105180001BD8DFE803F0020A131BFFF74BFFA0B1A7
:10519000FFF706FF012323700FE0FFF769FF60B1FF
:1051A000FFF7B2FFFFF7FCFE0223F4E7FFF772FF01
:1051B00018B1FFF7F5FEFFF7B9FF10BDFFF792FF3B
:1051C0000028FAD0FFF7C8FFFFF7EAFE0023E2E766
:1051D000401A0020202938B505460C4610D1FFF7AB
:1051E00081FE012806D122462946BDE8384002202A
:1051F00009F0C2BD21462846BDE8384000F0E2BBB8
:1052000038BD08F02EBF0000054A064B06495A601B
:10521000116051609A60DA60002219611A7070475B
:1052200028220020441A0020581A00202DE9F041BD
:10523000174C0E466768A56807F59C784545E368F6
:1052400004D19F4206D10020BDE8F08105F108029B
:105250009342F7E70F4B22699A1A312A9CBFA3F2B7
:10526000CF732361322EEED82369014632461846A9
:10527000FBF734FB034645453344286023616B60EC
:1052800002D1A7600120DFE70835A560FAE700BF7B
:10529000441A002027220020074A10B5D3689268DC
:1052A000934207D0D3E90014641A2246FBF716FB99
:1052B000204610BD0024FBE7441A0020074BDA68A3
:1052C00099688A4208D0596801F59C70824201D1E0
:1052D000D96070470832DA60704700BF441A002076
:1052E000014B1878704700BF441A0020014B18701A
:1052F000704700BF441A0020034BD8689B68C01A4F
:1053000018BF0120704700BF441A00201049002335
:105310000A4610B50C7C844212D11C215943501806
:10532000806850B1FF28515808D048434000411CC4
:105330001C2000FB03220120516010BD0131F7E762
:1053400001330A2B01F11C01E4D10020F5E700BF75
:10535000D00C0020F0B50A4E00253446377C874239
:1053600007D11C2000FB05404176027683760120A0
:10537000F0BD01350A2D06F11C06EFD10020F7E73C
:10538000D00C0020094A30B500231446157C854214
:1053900005D11C22012002FB0344A16030BD013372
:1053A0000A2B02F11C02F1D10020F7E7D00C0020FB
:1053B000094A30B500231446157C854205D11C22CC
:1053C000012002FB0344616030BD01330A2B02F16E
:1053D0001C02F1D10020F7E7D00C002070B50B4C77
:1053E00000232546267C864209D11C204343E81829
:1053F000E95000238260C3604374012070BD013313
:105400000A2B04F11C04EDD10020F7E7D00C00209A
:1054100070B500252E462B4C6368002B4FD0E068FA
:1054200008BB637CB3FA83F35B09637409F0ECF89F
:10543000D4E900239342E0602BD266606674E66094
:1054400063690BB1207C9847207CFF2824D100227F
:105450001146104605F072FD0735462D04F11C0477
:10546000DAD1012070BD09F013F923689842D8D22F
:105470006368002BE4D0204600F01EFD0028EBD02E
:10548000637C207CB3B1FF280CD1A27E217E607E9C
:10549000E0E79B1A6360EBE79628DDD800231A4605
:1054A000194604E09628D7D8A37E227E617E05F0B7
:1054B000D9FCD1E7FF28CAD09628CDD8EFE763748E
:1054C000E360C9E7D00C00200246002330B50C1879
:1054D00012F8015B2B44A242DBB2F9D1435430BD38
:1054E0000120704708B5FFF7FBFF08BD08B54FF472
:1054F000E13009F0D7F9FFF787FEBDE80840242224
:1055000000210148FBF764B9BC2300200048704724
:10551000800C002000487047830C00200048704732
:10552000810C002018B111B189B209F0EBB97047B4
:1055300073B5FFF7D5FE03280FD8DFE800F040026F
:105540002D3B774B186809F0A3F80A2805D90022EB
:105550000220744B1A70FFF7C9FE734D734C09F0AB
:10556000DBF9002856D009F0C3F92A68012A38D09F
:10557000022A3ED0002A5BD161282FD85F2804D8A8
:10558000A0F15A03DBB2032BE9D8012302222B60DE
:10559000674B20701A70E2E7624A13780133DBB27E
:1055A000282B02D813700020D5E700231370FFF7D3
:1055B00085FEF8E7FFF782FE0020FFF797FE5D48C3
:1055C000FFF76AFE01460028C7D05A48FFF7AAFF36
:1055D00009F01AF8524B18600120BCE7AF28BED181
:1055E000D3E70223524A2B6013786070013B13709B
:1055F000B5E72378612B0FD163780D2B18D10A28DA
:1056000016D1FFF76DFE012802D10320FFF76EFED1
:1056100000232B6002B070BDAF2B09D16378602BE3
:1056200006D103232B60424BA0700130187096E71F
:105630003F49531C2B600B78A054013BDBB20B702D
:10564000002B8CD11946394810F8016B01313344D5
:105650008A42DBB2F8D8A25C9A422AD103223649A8
:1056600001A8FBF73BF9032101A809F04BF92046FB
:105670002978FFF737FF0028CCD02378602B0AD891
:10568000592B16D95A3B062B13D8DFE803F015190E
:105690003A3E12124200AF2B0BD1A678202E08D131
:1056A000264932462648FBF719F931462448FFF7C8
:1056B000A8FD00232B6052E76278224B5A70F8E76E
:1056C0006378313B052BF4D801A252F823F000BFD8
:1056D000E9560008F1560008F7560008B3560008CE
:1056E000B3560008FD5600080122164B1A70E0E779
:1056F0000222144BFAE70322124BF7E70422114B64
:10570000F4E762780F4BDA70D3E762780D4B9A704A
:10571000CFE76078431E58425841FFF76FFCC8E757
:1057200074230020702300206C2300209823002085
:1057300068230020BC230020BF1E01089B230020FB
:1057400078230020800C00201FB5002301930293D2
:10575000ADF80C30A123082201460DF105008DF8AB
:105760000430FBF7BBF801A80921FFF7ADFE0A21C1
:10577000FFF75CFD05B05DF804FB1FB50446102281
:1057800000216846FBF724F8A2230E2221460DF1E2
:1057900001008DF80030FBF7A1F868460F21FFF7F4
:1057A00093FE1021FFF742FD04B010BD002307B5A2
:1057B0000193A323022201460DF105008DF8043068
:1057C000FBF78CF801A80321FFF77EFE0421FFF709
:1057D0002DFD03B05DF804FB002307B58DF80630FE
:1057E000A4238DF804300378022101A88DF8053038
:1057F000FFF76AFE0321FFF719FD03B05DF804FB14
:10580000002307B50093ADF804308DF80630A823C7
:10581000052201460DF101008DF80030FBF75EF81E
:1058200068460621FFF750FE0721FFF7FFFC03B093
:105830005DF804FB30B5054687B0152200216846A7
:10584000FAF7C6FF2846FAF7F1FEC4B2122C11D8B7
:10585000A923224629460DF102008DF800308DF86B
:105860000140FBF73BF8A11C6846FFF72DFE152110
:10587000FFF7DCFC07B030BD002307B58DF806301C
:10588000A6238DF80500022101A88DF80430FFF74A
:105890001BFE0321FFF7CAFC03B05DF804FB0023E5
:1058A00007B58DF80630A7238DF80500022101A861
:1058B0008DF80430FFF708FE0321FFF7B7FC03B0B3
:1058C0005DF804FBB32307B58DF803209A1A8DF811
:1058D000010010448DF802108DF80400052168467F
:1058E0008DF80030FFF7A2FC03B05DF804FB000068
:1058F00007B50322054901A8FAF7F0FF032101A823
:10590000FFF794FC03B05DF804FB00BF981C01088E
:1059100030B50C468FB005463122002101A8FAF7B8
:1059200057FF2E2C11D8AB23224629460DF1060035
:105930008DF804308DF80540FAF7D0FFA11C01A8BE
:10594000FFF7C2FDE11CFFF771FC0FB030BD30B5B1
:105950000C468FB005463122002101A8FAF738FF26
:105960002E2C11D8AC23224629460DF106008DF8C5
:1059700004308DF80540FAF7B1FFA11C01A8FFF72C
:10598000A3FDE11CFFF752FC0FB030BD1FB5002393
:1059900004220293ADF80C30AD2340EA014001909F
:1059A0000DEB02010DF109008DF80830FAF796FFB2
:1059B00002A80521FFF788FD0621FFF737FC05B097
:1059C0005DF804FB30B50C468BB00546242200215F
:1059D00001A8FAF7FDFE202C12D146F2AF132246A1
:1059E00029460DF10700ADF804308DF80640FAF7AE
:1059F00075FF232101A8FFF767FD2421FFF716FC9F
:105A00000BB030BD10B50C46062851D8DFE800F0C9
:105A100004212C353E4709001120BDE81040FFF756
:105A20002BBF3020FFF728FF002C41D00A2121484E
:105A3000FFF76EFF28212048FFF789FF43F22D4032
:105A40004EF21A51FFF7A2FF5220FFF715FF512027
:105A5000E3E73120FFF710FF54B35220FFF70CFFAC
:105A60001648FFF7E7FEF2E73220FFF705FFFCB12B
:105A70005220FFF701FF1248F3E73320FFF7FCFE47
:105A8000B4B15220FFF7F8FE0E48EAE73420FFF7E2
:105A9000F3FE6CB15220FFF7EFFE0B48E1E7352033
:105AA000FFF7EAFE24B15220FFF7E6FE0748D8E7E9
:105AB00010BD00BFB41F0108BE1F0108C31E0108AE
:105AC000CD1E0108D71E0108E11E0108EB1E0108CA
:105AD00008B5FFF711FC20B95320FFF7CDFE0120D8
:105AE00008BD0020FCE7000010B5C4B20B2C0CBFB1
:105AF00002200120FFF75CFA2046FEF79BFE0BF028
:105B00001EFA4FF0FF32014B5A6110BD00180040E1
:105B10000023054A0549C2E900130133102B02F1A5
:105B20000802F8D1704700BF10470020E95A00086A
:105B30002DE9F041FFF7ECFF00254FF001083F4E43
:105B400056F8041B4A1C0CD021F00F0701F00F017E
:105B500008FA01F421460522384624040BF016FA0F
:105B6000BC610135EDB20F2DEAD1062401263027A4
:105B7000334D55F8040B431C2ED000F00F012022AA
:105B800006FA01F120F00F000BF000FA00BF00BF91
:105B900000BF00BF00BF00BF00BF00BF00BF00BF0D
:105BA00000BF00BF00BF00BF00BF00BF00BF00BFFD
:105BB00000BF00BF00BF00BF00BF00BF87F3118858
:105BC00055F8040C022200F00F0120F00F000BF03A
:105BD000FDF9002383F31188013C14F0FF04C8D1C0
:105BE00022464FF4006117480BF0D0F900BF00BF08
:105BF00000BF00BF00BF00BF00BF00BF00BF00BFAD
:105C000000BF00BF00BF00BF00BF00BF00BF00BF9C
:105C100000BF00BF00BF00BF00BF00BF302383F341
:105C2000118803220B2107480BF0D0F984F3118867
:105C3000FEF7A4FDBDE8F0410BF062B94420010875
:105C400080200108000800407047000008B509F0F6
:105C5000CFF80322214B22499A620C22DA62D1F852
:105C60009020204822F01802C1F8902000229A6269
:105C7000DA62D3F8402C03F5406342F480721A6470
:105C80001A6C4FF4006142F002021A6401225A6356
:105C9000DA67DA6608225A615A695A615A6942F02B
:105CA00001025A619A6C42F4C0629A649A6CDA6C8E
:105CB00042F00802DA64DA6C9A6C42F480529A6418
:105CC0009A6CDA6C42F01002DA6440F28232DB6CD9
:105CD0000BF05CF9FFF7B8FF08BD00BF0000014002
:105CE00000040140000800404FF0E022136910B5A5
:105CF00023F001031361234A234B01245A6100223C
:105D00000021930003F1604303F56143D3F80001E0
:105D1000012994BF002000F0010008B1C3F88041C0
:105D200001312029F2D10132082AE9D1174C6368E8
:105D300043F000736360164B1A6802F009021A60A0
:105D40001A6842F46C3242F004021A6040F2B33234
:105D50001A62104B43F001039847236943F0040390
:105D6000236130BF0C4B43F0010398474FF0E02212
:105D7000236923F004032361136943F001031361D2
:105D800010BD00BFFFFF07000018004000ED00E05D
:105D9000000001401C200108E81F0108FFF7A4BF14
:105DA0007047000038B51A4D04462B78042B1BD8D9
:105DB000DFE803F003280E1F280000231A461946C7
:105DC000FFF7C8FAFF2232212046FFF707FB0BE05E
:105DD000FF231A461946FFF7BDFA0322FA2120468F
:105DE000FFF7FCFA01232B702046BDE83840FFF78F
:105DF0008DBAFF231A461946FFF7ACFA01224FF479
:105E0000FA71E1E700232B70FFF7CCFFECE700BF4E
:105E10006A240020FF2810B504461CD10E4BD3F88D
:105E2000143123F07F43B3F5405F0DD100223023BE
:105E30001146FFF78FFA20460121FFF7A3FA20460B
:105E4000BDE81040FFF762BAB3F5401F03D100234D
:105E500030221946EDE710BDD00C002070B51D466C
:105E60000C4B0E465B781446DB060DD50A4B1878B2
:105E700002F0CDF9022808BF3446E0B26B792BB1AD
:105E8000BDE8704002F038BAC0B2F7E7BDE8704034
:105E900002F07ABA5C440020D924002008B5054BF2
:105EA00000211870FB20FFF783FABDE80840FB20B3
:105EB000FFF778BF6A24002008B5037CFA2B13D0C3
:105EC000FB2B16D1104B1B78012B0FD0033B012B62
:105ED0000AD80E4B1B783BB1437C2BB1837E027EEC
:105EE000417E502004F0BEFF002008BDFEF71CF8E4
:105EF000FAE7074B1B78002BF6D1FEF715F880F078
:105F00000100C0B2F1E700BF6A240020584400201D
:105F100084240020014B186803F010BA5C44002070
:105F20000B8813B5A3F5FC430A2B28D8DFE803F050
:105F3000062A435C27272727A9277400684B0120DE
:105F40001A780DF10701C2F3420352098DF80730A8
:105F5000FEF748FB9DF80720042A10D81523D340EC
:105F6000D9070CD5FEF70CFE01221146FEF74EFDB7
:105F700001225C4B1A7008F047FBFEF755FB00202E
:105F800002B010BD564B01201A780DF10701C2F383
:105F9000420352098DF80730FEF724FB9DF80720D5
:105FA000042AECD81523D340DA07E8D5FEF7E8FD3C
:105FB00001220221DAE74A4B01201A780DF107018C
:105FC000C2F3420352098DF80730FEF70BFB9DF830
:105FD0000720042AD3D81523D340DB07CFD5FEF7FB
:105FE000CFFD01220321C1E73D4B01201A780DF1BD
:105FF0000701C2F3420352098DF80730FEF7F2FAA7
:106000009DF80730DA1E012A01D9002BB7D1FEF71F
:10601000B7FD01220621A9E7334B187802F0F7F803
:1060200002280CBF01220022304B1A701BD1002025
:1060300002F04FF8002002F0D6FC0022FF231146A8
:106040001A20FFF787F98120FFF729FC00211A2089
:10605000FFF7AEF90322FA211A20FFF7BFF91A2041
:10606000FFF754F98BE7022002F033F8002002F02A
:10607000BAFCFF231A201A461946FFF76BF9802055
:10608000E2E7174A5178C1F3C00383F0010363F3D9
:10609000C30111F00804164B517016D001221A806A
:1060A0000023FF211A462420FFF754F90021242061
:1060B000FFF77EF90322FA212420FFF78FF924202D
:1060C000FFF724F9FFF726FF59E708221A80FF237C
:1060D000242019461A46FFF73DF92146E7E700BF9D
:1060E0005C44002069240020D92400208224002060
:1060F000EC0D0020024B587800F00700704700BFFD
:106100005C440020024B5A7860F302025A707047D8
:106110005C4400200022174B10B51A700122164C67
:10612000164B1A702368164A1A40164B1343236005
:10613000FF232371FEF724FD237860F343032370CC
:10614000FDF724FFFFF7E6FE0F4B187870B1022829
:106150000CD0002002F047FCBDE810400B4B1A7831
:1061600042F080021A70188803F0E1B801F0B1FF24
:10617000EFE700BF7D2400205C440020EA0D0020F2
:106180000E80E0F0312704007E24002076440020B9
:1061900008B503F0D0F8044B186018B9BDE8084002
:1061A000FFF7B8BF08BD00BF5C4400204FF40032C9
:1061B000014B9A61704700BF000400400222014B6E
:1061C0009A617047000400404FF080434FF08072A6
:1061D0009A6108F0C7B900004FF080434FF4807215
:1061E00010B59A614FF4007280219A61174801221C
:1061F0000AF0CCFE4FF40003144C0122A3614021AD
:1062000020460AF0C3FE124B5B7813F0400316D011
:1062100040230022A3610F4B1A70FEF7B1FC044625
:10622000FEF7AEFC002201462046FEF7EFFB08F029
:106230009AF908F0E9F9BDE81040FEF7F5B94FF416
:10624000800202498A61044A1370E6E700040040B4
:106250005C440020EA0D00207D240020024B1878C9
:10626000031F5842584170475449002010B5FEF7AB
:1062700087FC044638B9054B1B78042B03D0FEF786
:10628000B7FE204610BD0120FCE700BF54490020A6
:1062900010B5FEF775FC044650B9064B1B78042B6D
:1062A00006D0FEF7A5FE2046FEF774FE204610BD80
:1062B0000120FCE75449002038B5134D134C2868E1
:1062C000C8B108F0E5F9632815D97020FFF7D4FAB2
:1062D0005520FFF7D1FA5720FFF7CEFA2178002298
:1062E00001F00E00B0FA80F0C1F342014009FEF760
:1062F0008DFB00232B6021780020BDE838404A093F
:10630000C1F34201FEF72CBA942400205C44002023
:106310008C4B73B51880A0F5FC400C460A2800F29F
:106320000E81DFE810F0340072009300B300D70054
:106330000C010C010C0114000C011400824C20789B
:1063400006F0C4FE00232370002002B070BD4B791C
:10635000002BF3D0FEF714FC0446FEF711FC844238
:1063600009D0FEF70DFC0446FEF70AFC00220146A8
:106370002046FEF74BFB744C2378002BE4D140F60B
:10638000B830704A714906F093FE2070DCE7704B1C
:1063900001201A780DF10701C2F3420352098DF86A
:1063A0000730FEF71FF99DF80720042A26D8152389
:1063B000D340D90722D56679634D002E00F0858041
:1063C000FEF7DEFB012805D0FEF7DAFB00220121F3
:1063D000FEF71CFB2B7833B940F6B830594A5B49BD
:1063E00006F066FE2870637943B108F0DFF80022FA
:1063F000584B1A7008F008F9FEF716F9FF20FFF75E
:106400003BFA0022544B1A709EE7514B01201A7838
:106410000DF10701C2F3420352098DF80730FEF770
:10642000E1F89DF80720042AE8D81523D340DA07BD
:10643000E4D56679444D002E47D0FEF7A1FB022833
:10644000C8D0FEF79DFB00220221C1E7404B01208E
:106450001A780DF10701C2F3420352098DF8073093
:10646000FEF7C0F89DF80720042AC7D81523D340AB
:10647000DB07C3D56679344D3EB3FEF781FB0328B5
:10648000A8D0FEF77DFB00220321A1E7304B0120BD
:106490001A780DF10701C2F3420352098DF8073053
:1064A000FEF7A0F89DF80730DA1E012A01D9002B6B
:1064B000A4D16679244D46B1FEF762FB062889D047
:1064C000FEF75EFB0022062182E7287806F0FEFD3B
:1064D0002E7088E71E4B01201A780DF10701C2F3D8
:1064E000420352098DF80730FEF77CF89DF807301B
:1064F000DA1E012A01D9002B83D16579124CCDB166
:10650000FEF73EFB28B1FEF73BFB00221146FEF7EB
:106510007DFA237833B940F6B8300A4A0B4906F0C1
:10652000C7FD207000220B4B1A7008F06DF8FEF7C3
:106530007BF866E7207806F0C9FD2570F2E70120B8
:1065400003E700BFF8230020F7230020215F0008A5
:106550005C4400206924002070240020F8B5044623
:106560000D46FEF7D3FF0378022B03D108F04CF859
:10657000FEF75AF847F621039C4220D01AD8A4F51A
:10658000A443213B9BB2042B04D8152222FA03F327
:10659000DB0728D4FDF7C8FC88B1A4F5A443203B51
:1065A0001F2B0CD96B7953B129462046FDF7C4FC4B
:1065B0000020F8BDA4F5FC43123B032BEAD8FDF7FD
:1065C000B3FC70B345F225239C421ED845F220232C
:1065D0009C42EDD91520A4F5A444213CA4B2E0408E
:1065E00000F00100E5E76F79002FE8D1FDF79CFC92
:1065F0000028E4D00C4E337823B12946204637706A
:10660000FDF79AFC01233370D9E747F621039C423A
:10661000CFD0A4F5FC44123C032C8CBF00200120F9
:10662000C7E70120C5E700BF584400201E3808B561
:106630000B4627286DD8DFE800F0141B1F23272BFB
:106640002F33373B6C6C6C6C6C3F436C6C6C6C6CBC
:106650006C6C6C6C6C6C474B4E5154575A5D60635C
:1066600066693A22BE211E20FFF7F8FB002008BD14
:106670003B22BD211F20F7E73C22C1212020F3E768
:106680003D22C2212120EFE73E2222201146EBE7E6
:106690003F2223201146E7E74022AC212420E3E7F4
:1066A0004122AE212520DFE74222AB212620DBE775
:1066B0004322A8212720D7E74422AA212D20D3E76F
:1066C0004522A9212E20CFE7B3223A210846CBE765
:1066D000B5223B21FAE7B1223C21F7E7B2223D2166
:1066E000F4E7AF223E21F1E7AD223F21EEE7AC22F5
:1066F0004021EBE7AE224121E8E7AB224221E5E76A
:10670000A8224321E2E7AA224421DFE7A92245216A
:10671000DCE70120ABE7000073B5154606461C46D2
:10672000019107F071FF084B03221860074B6400CA
:106730001E60074B01A91D60064B07481C60FAF755
:10674000CDF802B070BD00BF6424002058240020A2
:10675000602400205C24002054240020F7B5474B1F
:10676000474E0D46377814461A70FEF709FAC7F3FC
:106770004207874213D0FEF703FA337800F0070090
:1067800060F343033370DAB203F00E032BB1032836
:106790009EBF134660F347133370FFF7BBFB062D14
:1067A00069D8DFE805F057041C3068684400FF230F
:1067B0006CB100228DF80630ADF804200123C82208
:1067C0000420019903B0BDE8F040FFF7A5BF8DF8A4
:1067D00006304FF4FA720123ADF80440F0E7FF23CE
:1067E0004CB100228DF80630ADF804200123C822F8
:1067F00003200199E6E78DF806304FF4FA72012381
:10680000ADF80440F4E7FF234CB100228DF80630C8
:10681000ADF804200123C82202200199D2E78DF8A7
:1068200006304FF4FA720123ADF80440F4E74FF458
:106830007F43ADF804303CB10023C8228DF8063008
:10684000012318460199BDE701234FF4FA728DF830
:106850000640F6E74FF6FF73ADF804308DF80630CA
:1068600001231CB1C82200200199ABE74FF4FA7252
:1068700020460199A6E703B0F0BD00BF68240020C0
:106880005C44002010B5FEF741FE0378022B13D0C4
:10689000FEF776F918B90A4B1B78042B0AD0FEF7DD
:1068A0006FF90446FEF76CF9064B01461A7820464C
:1068B000FFF754FF012010BD01F0CFFC0020FAE7E4
:1068C000544900206824002070B5164C2068D0B1CF
:1068D00007F0DEFE144B154D1B68984208D2144B8E
:1068E00018682B6813F0010313D11A46194614E0F7
:1068F00007F08AFE2B68206033B900232360FFF77E
:10690000C1FF0028EBD170BD013B2B60002BE6D10D
:10691000F3E708498B784A780978BDE8704004F0BD
:10692000A1BA00BF64240020602400205C24002061
:10693000582400205424002008B53023FF201A4694
:106940001946FEF707FD0322FA21FF20FEF746FD58
:10695000FF20FEF7DBFC012008BD0000204B2DE9E5
:10696000F0411B7813B30025DFF8788047460024F8
:106970002846E1B203F054F8064660B13B7853B9BB
:106980004DB9012C14D16020FEF776FF2246052177
:106990002846FEF797FF01340F2C07F8016BE7D16B
:1069A0000135EDB2062D08F10F08DFD1BDE8F08109
:1069B000022C06D16020FEF75FFF01220521132083
:1069C000E7E7032C06D16020FEF756FF01220521E0
:1069D0002720DEE7042CDED1FEF78AFFDBE700BFCD
:1069E00080240020FA230020F8B54FF080431A6974
:1069F0004F4C1B69C2F3C0114E48217003F4004193
:106A0000C3F3C0330370130640F1858000290CBF27
:106A100064256625484E306800287ED107F0F4FDD5
:106A200030602846FEF728FF5320FEF725FF434E2F
:106A3000FFF794FF307801F0EAFB002874D00228B9
:106A400072D03F4F3B7873B13E4D286807F020FE6F
:106A50004F2808D94FF400023B4B9A6100233B704A
:106A600007F0D2FD2860394F3B7873B1384D286864
:106A700007F00EFEC72808D94FF40002324B9A6186
:106A800000233B7007F0C0FD2860324D2B7853B9CE
:106A9000307801F0BCFB02280CBF80208120FEF77B
:106AA000FEFE01232B70FEF76BF82B4D2B788342F3
:106AB00007D0FEF765F82870FEF762F8FF20FEF7B2
:106AC000DBFE23789BBBFEF725FD03787BBB234CC5
:106AD000206810B907F098FD206007F0D9FD46F254
:106AE000A813984223D901F0E9FE206807F0D0FDF1
:106AF00046F2905398421AD901F0E0FE0023236039
:106B00000124174B11201C70FEF7B6FE2046BDE88D
:106B1000F840FEF76DBA65257CE707F0B9FDB0F5E2
:106B20007A7F3FF67BAF82E70E4B187089E7F8BD9E
:106B30009124002090240020F0230020D92400205C
:106B40007C2400207824002000040040E90D00206F
:106B500074240020EC230020860C0020E823002071
:106B60007F2400207E2400202DE9F3410026FF270A
:106B7000144D054400EB80004400E4B28DF8004061
:106B80008DF801708DF80270009815F8018B03F0F4
:106B900061FCC0F30721C0F307438DF804008DF8B2
:106BA00005108DF80630C2B2DBB24046C9B20136DC
:106BB00004F058F90A34052EE4B2DFD102B0BDE882
:106BC000F08100BF870C002038B5FDF7D9FF0446DF
:106BD00070B924480578012D0AD14FF40032224BB8
:106BE0009A6108F081F8224621462846FDF70EFFFB
:106BF0001E4C002021781C4D4A09C1F34201FDF7CB
:106C0000AFFD4FF080434FF480729A614FF40072F1
:106C100040219A61144820220AF0B8F920228021EC
:106C200011480AF0B3F9012280210F480AF0AEF9A9
:106C30004FF400030122AB61402128460AF0A6F977
:106C4000637813F0400305D040230022AB61084B6A
:106C50001A7038BD4FF4800203498A61054A1370E7
:106C6000F7E700BF54490020000400405C440020C6
:106C7000EA0D00207D240020F8B5002401270A4EEB
:106C800000252046E9B202F0CBFE28B1052C03D145
:106C900015B901253770F4E701350F2DF1D1013415
:106CA000E4B2062CECD1F8BD802400201A4B07B5C5
:106CB0001B7873B3194B1B78032B17D8DFE803F04D
:106CC000022124274FF47F43ADF80430A0238DF830
:106CD0000630019803F0BEFBC0F307238DF80000D7
:106CE000C0F307408DF801308DF802009DF80220B6
:106CF0009DF800109DF8010003B05DF804EB04F06E
:106D00001DB94FF65573DFE74FF6AA73DCE7002392
:106D1000DAE703B05DF804FB84240020832400201C
:106D20000A4B9B7803F00703032B0BD8DFE803F033
:106D30000C0206081123064A137070471E23FAE757
:106D40002A23F8E73723F6E70823F4E75C4400201A
:106D50007124002038B5FFF71BFA01224FF480712F
:106D60004FF080400AF012F94FF080444FF48073E6
:106D7000A3614FF400333B4D0122AB612846022151
:106D80000AF004F92046002280210AF0FFF820468C
:106D900020224FF400410AF0F9F828462022402131
:106DA0000AF0F4F82846202280210AF0EFF8204665
:106DB00001224FF400710AF0E9F84FF40073A36167
:106DC000294CFDF721FE21780022C1F34201012068
:106DD000FDF71CFE07F018FC244BFF221860C821A9
:106DE000FA20FEF7FBFAFA20FEF790FAFF22C821FC
:106DF000FB20FEF7F3FAFB20FEF788FAFDF7C0FE52
:106E0000FF20FEF739FD00F0EBFEA078C0F3C100D3
:106E1000FDF746F82846012280210AF0B7F84FF422
:106E2000000301222846AB6140210AF0AFF86378E5
:106E300013F0400115BF40224FF4800200210948A1
:106E400015BFAA6182610A4A0A4A13F0080F11703D
:106E50000CBF01220822084B1A80BDE83840FFF71A
:106E60005FBF00BF000400405C4400209424002069
:106E7000EA0D00207D240020EC0D002008B502F072
:106E8000B9FA03F0BDFF02F04FFA044B1880FFF788
:106E900053FDBDE80840FFF75DBF00BF764400200A
:106EA0002DE9F04106460C46FFF758FB002800F09C
:106EB00015812146304600F0C3FE002800F00E8107
:106EC00021463046FFF7B2FB002800F0078121463B
:106ED0003046FFF71DFA0746002800F0FF80B74B49
:106EE0001B7823B147F60E639E4240F0F780DFF82F
:106EF000D08298F8003053B1637943B12C2E06D07C
:106F000000221146104688F8002004F017F8AD4D15
:106F10002B7813F00E0F40F0D380B6F5F84F00F049
:106F2000808100F2AB8045F202239E4200F0EA82AB
:106F30007BD87E2E4DD87A2E40D82C2E00F0828120
:106F40003846BDE8F081A6F5FC46053E182EF7D878
:106F500001A353F826F000BFED740008517100083A
:106F600071730008416F000835720008416F000816
:106F70001B760008DF72000825730008697100089D
:106F800013720008E170000815710008CB75000845
:106F90005975000891750008B1750008416F000827
:106FA000416F0008416F0008416F000869720008D6
:106FB0008F720008AD7200089F7100087C3EE020CF
:106FC0006379022E00F2F180DFE816F0080111016A
:106FD0001A01E72E16D8E02EB2D9E13E062EAFD820
:106FE00001A353F826F000BF57770008416F00084F
:106FF000E9760008416F000857770008416F0008E4
:107000001B770008B6F5A44F9AD16379002B65D0A1
:107010006D4B187801F0FBF802285FD1002001F0D9
:1070200058F8002001F0DFFC58E047F213039E42BD
:1070300000F0A380A6F5F046203EB3B20A2B3FF63F
:107040007FAF0A2E3FF67CAF01A353F826F000BFB6
:10705000CB7200085D760008416F0008BD7600081D
:10706000416F0008CB740008A9740008F973000888
:107070004174000889730008BD73000847F61D635A
:107080009E423FF65DAF47F604639E423FF65BAF1C
:1070900047F603439E4200F0308247F616439E4275
:1070A0007FF44EAF6279494B002A49D0484A1278A2
:1070B000002A0CBF292035201A7000F077FF0DE060
:1070C000FEF724FA0378032B7FF427AF331FA02B9E
:1070D00004D9A6F1E003072B3FF61FAF00272FE7E7
:1070E000EB7803F00F030C2BF8D06379002BF5D06D
:1070F000AB7803F00702032A08D8013262F30203D7
:10710000AB70FFF70DFEFEF705FFE7E7042AF8D0A6
:107110000422F3E7EB7803F00F030C2BDED0637946
:10712000002BDBD0AB785E0703D1AB7823F00703ED
:10713000E6E7DA1D62F302035C07AB70E1D1F4E726
:107140001B78002B0CBF2920352000F045FFC5E738
:107150006379002BC2D06B78C3F3001282F0010276
:1071600062F304136B70CEE763791A4C002B00F0C6
:10717000C78107F049FA2060B0E76379002B3FF43C
:10718000DFAE002330211A46FF20FEF7E3F801218D
:10719000FF20FEF7F7F8FF20FEF7B8F8D0E6627997
:1071A0000D4B02B101221A7098E71BB100F0FEFEF0
:1071B0001B2082E700F010FF1B20C6E78024002080
:1071C000842400205C440020D9240020F6230020E1
:1071D0008124002088240020554400201BB100F0A9
:1071E000E5FE062069E700F0F7FE0620ADE71BB1DB
:1071F00000F0DCFE192060E700F0EEFE1920A4E7A5
:107200001BB100F0D3FE092057E700F0E5FE09208E
:107210009BE76379002B3FF493AE6220FEF72CFBD3
:107220008EE66379002B3FF48BAE02F05AF807F03C
:1072300047FA85E66379002B3FF450AF012388F8C5
:1072400000304BE798F80030002B3FF479AE6379BB
:10725000002B3FF443AFB24A13780133DBB2032B68
:1072600088BF0023137039E763794BB1FCF75CFEEC
:1072700030B9E22001F040F82B2001F03DF85FE644
:10728000E22001F081F82B2001F07EF858E66379C6
:107290003BB1FCF749FE20B9E32001F02DF80B20AB
:1072A000EBE7E32001F070F80B20EDE763793BB1E9
:1072B000FCF73AFE20B9E32001F01EF80720DCE7D6
:1072C000E32001F061F80720DEE76379002B3FF44B
:1072D00005AF2B78DA4362F300032B7013E7637971
:1072E000904CEBB12178D9B96B78402243F0400340
:1072F0006B7001258C4B1D708C4B9A618C4A1078F9
:1073000028B11170FEF706FE01232370E6E6802205
:107310009A6107F079F9874B1860874B1D70F1E788
:107320000023F2E76379854EFBB13578EDB9802211
:1073300001247E4B9A61824B1C7007F065F9814BEA
:107340001860FF2346201A461946FEF703F829461F
:107350004620FEF72DF80322FA214620FEF73EF8DC
:107360004620FDF7D3FF3470B8E600233370B5E64E
:107370006379002B3FF4B2AE2B78C3F3001282F096
:10738000010262F30413A8E7FCF7CEFD05460028CE
:107390007FF4A4AE6379002B3FF4D2AD05F0E4FA9C
:1073A000D6287FF6CDAD29461120FEF701F803223D
:1073B000FA211320FEF712F81320EDE6FCF7B4FDD6
:1073C00000287FF48BAE6479002C7FF4B9AD05F012
:1073D000CBFA5F283FF6B4AD21461320FDF7E8FF56
:1073E0000322FA211120FDF7F9FF1120FDF78EFF8E
:1073F000372005F0B1FA71E6FCF796FD0546002846
:107400007FF46CAE6379002B3FF49AAD05F026FA59
:1074100010F0800F4C4C0ED029461220FDF7C8FF0B
:107420000322FA211520FDF7D9FF1520FDF76EFF85
:10743000A023A37084E505F011FA2030A0707FE549
:10744000FCF772FD054600287FF448AE6379002BF7
:107450003FF476AD05F002FA20281FD82946152002
:10746000FDF7A6FF0322FA211220FDF7B7FF122035
:10747000FDF74CFF06F0EAFEC0F34004800703D599
:107480000022314B9A705BE5002320461A461946CC
:10749000013403F0E7FC972CF6D1F1E705F0DEF9B3
:1074A000294B203898704BE56379002B3FF416AEDA
:1074B00005F06AF9022805D16B7823F020036B7080
:1074C000FEF728FDFCF756FE08E66379002B3FF433
:1074D00005AE05F059F9022805D16B7823F0200399
:1074E0006B70FEF717FDFCF723FEF7E52B78174AC4
:1074F00013F00E0318BF6379B4E66379144C35E6D4
:107500002360EBE56379002B3FF4E8AD114B18786D
:1075100000F07DFE02283FF4E1AD02207FE500BFD0
:1075200083240020F52300207D2400200004004057
:10753000EA0D0020782400207C240020F423002081
:10754000E90D0020742400205944002054440020F8
:107550008C240020D92400206379002B3FF4BEAD99
:10756000A8780021C0F3C100FCF7C2FB0020AB7873
:1075700023F01803AB70FCF787FCFEF7CBFCA87870
:10758000C0F3C100FCF7A2FC0020FEF787FCA5E5D4
:107590006379002B3FF4A2ADA8780021C0F3C100AD
:1075A000FCF7A6FB0120AB7860F3C403AB70E2E705
:1075B0006379002B3FF492ADA8780021C0F3C1009D
:1075C000FCF796FB0220AB78EEE76379002B3FF4E3
:1075D00085AD05F0D9F82D287FF480ADFCF7A4FC2B
:1075E0000446A8785E4DC0F3C1007CB9FCF782FC6C
:1075F0005C4B1C7007F008F82246286021462046A4
:10760000FCF722FC0320FEF749FC7CE50024012165
:107610002C60FCF76DFB2046F5E76379002B3FF407
:107620005DAD01226B7823F040036B704E4B1A70F6
:107630004FF480024D4B9A614D4B197811B10022E5
:107640001A7060E5EB785A1C02F00F020C2A94BF06
:1076500062F3030361F30303EB7054E56379002BDA
:107660003FF43CAD05F090F82D28424C22D1FCF7B8
:107670005BFC68B1A878C0F3C100FCF705FCA878F2
:107680000021C0F3C100FCF733FB0022354B1A7018
:107690002879FF2808BF212005F073F8FEF73AFC8F
:1076A00005F0B8F8C0F307232070C0F307406370FB
:1076B000A07013E53048FCF78FFCEFE76379002BEF
:1076C0003FF40CAD0120FCF701FD6B7843F0200383
:1076D0006B7005F09FF8274BC0F307221870C0F3BA
:1076E00007405A7098700EE5244B187800F08FFD13
:1076F0000228234B2BD16179224A1B781170D906BD
:107700007FF51EACFCF710FC00287FF419ACE320D9
:107710006379C3B100F04AFC12E4184B187800F00A
:1077200076FD0228164B12D1164A61791B7811702A
:10773000DA067FF505ACFCF7F7FB00287FF400AC18
:10774000E7206379E5E700F047FCFFF7F9BB1B781A
:10775000DB063FF5F5AB62790A4B1A70FFF7F0BB19
:107760006444002058440020EA0D0020000400403A
:107770007D2400205944002060440020D9240020AA
:10778000764400208124002010B5FDF7F9F958B1A6
:10779000FDF7BCFE03780D4C022B06D101232370AC
:1077A00006F032FF0A4B186010BD2278094B5AB11F
:1077B00001221A70064B186806F06AFFB0F5FA6FDE
:1077C000F2D900232370EFE71A70EDE77024002050
:1077D0006C2400206B2400202DE9F043DFF81C828C
:1077E000064698F800500F46A5B0CDB1844C2378DA
:1077F000412B00F2FF800022824D1046114603F01B
:107800009DFB286806F044FF322805D906F0FCFEEF
:1078100023782860013323702078FFF7A5F9E1E091
:107820008A22794901A8F9F759F8DFF8E09101AC0B
:107830002278607802EB420209EB02018B7819F89A
:1078400002204978013503F00DFB452D04F10204B7
:10785000EED16F4C206848B106F01AFF40F6B833FD
:10786000984203D9FFF70AFB00232360694D6A4C55
:10787000286858B106F00CFF42F21073984205D9FF
:10788000237883F00103237000232B60634B1B7864
:10789000002B40F08880FCF747FB58BB604B1B78FF
:1078A000042B22D106F0D2FC5E4DC0F340002B78B1
:1078B00098420FD006F0CAFCC0F34000287006F0D2
:1078C000C5FC8107C0F3400304D41A4619460620BC
:1078D00003F0C8FA06F0BAFC82070BD5FF23062096
:1078E0001A46194603F0BEFA04E0FDF70FFE0378CE
:1078F000022BD7D04C4DDFF83491287800F087FC6C
:1079000002280ED04A4A99F800301078C3F30011CB
:1079100088420B4605D0117019B90A46082003F0B9
:10792000A1FA99F80030DB060AD5287800F06FFC40
:10793000022805D0FF2308201A46194603F092FAC0
:1079400004F022FF1F282ED004F01EFF2C282AD07E
:1079500004F01AFF242826D004F016FF252822D090
:1079600004F012FF26281ED004F00EFF27281AD09C
:1079700004F00AFF282816D004F006FF292812D0A8
:1079800004F002FF2A280ED004F0FEFE2B280AD0B5
:10799000284B9A78D878284B02F00702197800F023
:1079A0000F00FCF74BFC23782BB1FF2309201A466C
:1079B000194603F057FAFFF7E7FEFDF7E1F810B1BB
:1079C0001E4B1B780BB9FEF77FFF39463046FDF79B
:1079D0001FFDFFF76BF9FCF7EFFB98F80030002B69
:1079E0007FF404AF3946304600F0CEF9012025B0CF
:1079F000BDE8F083002388F80030F3E7E80D0020AD
:107A0000E4230020E02300209B1C0108C544002043
:107A10008C2400208824002080240020544400204E
:107A200054490020850C0020D924002076440020F1
:107A3000840C00205C440020712400206B24002072
:107A400010B50124044B1C7000F038FF2046BDE83F
:107A50001040FDF79FBA00BF9E24002008B5FDF737
:107A60008FF830B1FDF752FD0078831E584258411F
:107A700008BD0120FCE7000008B5044B187800F0B1
:107A8000C6FB831E5842584108BD00BFD9240020C0
:107A9000A0F139030C2B16D9A0F1A903012B12D99F
:107AA000292810D047F6034398420CD047F60563C7
:107AB000984208D0A0F5FC430F2818BF042B94BFB0
:107AC000012000207047012070470F2808B509D118
:107AD00031B14FF080431B691B0601D4FFF7B0FFA3
:107AE000012008BD0020FCE747F60343984237B564
:107AF0000C4616D1052000F05FFF90B1FBF74EFB5E
:107B000083060ED563794BB100F0D8FE41F2883080
:107B100007F08BFF01F0E5FB06F0D2FD012003B07A
:107B200030BD294D28780028F9D0022221460DF1D8
:107B30000600F8F7D3FE627940F20B41BDF806303B
:107B4000002A32D08B42214A4FF001011CD1117022
:107B50001F49087820B3002313701E4A2B7013703E
:107B60001D4A0B70137004F0C1FD06F01FFD0320C9
:107B7000FDF710FAFDF704F802460028CED1174BA6
:107B80001978FCF743FFC9E70E2B04BF10480170BA
:107B900011780029DCD10E2BC0D0FFF751FFBDE7D3
:107BA00040F20B429342F6D1B8E78B4206D1074B25
:107BB0001A70074B1B78002BB0D1EEE70E2BADD11E
:107BC000034B1A70014BF5E79E2400209D240020F2
:107BD0009C240020A82400209F2400200E100020B8
:107BE00008B5FBF78FFFFBF7DFF90020FBF7CEF9B5
:107BF000502208210848F8F7EBFD0822064B072021
:107C000003F83D2C03F83C2C03F83A2C03F8392CEC
:107C1000BDE8084004F0CCBEBD0F002031B938B13A
:107C20000122044B1870044B1A707047034B1970F3
:107C3000704700BF0D100020A82400200E10002067
:107C4000014AFBF79FBC00BF982001082DE9F041D5
:107C5000444C237883BBFEF701FB4FF0804306467C
:107C60001D69002848D1C5F3C015A8463E4B3F4CBE
:107C70001A783F4FAA4206D01D7006F0C5FC85F069
:107C8000010520603D70B8F1000F3BD000233B7030
:107C9000FCF776FF054698B3206810B906F0B4FCEF
:107CA000206006F0F5FC4F281ED900222846114618
:107CB0002260FCF7ABFE17E0FCF762FF20B14FF04B
:107CC00080431B691B060CD500232A4A23701370BE
:107CD000294A137004F00AFD06F068FC0320FDF742
:107CE00059F92378002BB6D0FEF77EFE06F0C4FCCF
:107CF000BDE8F041FBF748BF05464FF00108B5E786
:107D00002060F1E7FCF73CFF3B7805463BB31B4B9B
:107D10001B78CBB11A4B93F80080A8451BD0206884
:107D2000A0B906F071FC0022206041462846FCF70D
:107D30006DFE002DD8D1002ED6D13046FDF758F972
:107D40003046FDF727F9CFE70E4BE4E706F0A0FC3D
:107D50003B28E6D8EDE7002323603B70E9E7C4F851
:107D60000080E6E79E240020A0240020A424002018
:107D70009F2400209D2400209C240020A824002073
:107D80000D1000200E10002000232DE9F04387B0D5
:107D90008DF815308DF816308DF81730FBF7E0F8B8
:107DA0000446FBF7D7F80546FBF7E0F80646FBF775
:107DB000D1F8021F20463C2453420DF116080DF164
:107DC00015070DF11709534129463246CDF80480B5
:107DD0000097CDF80890FBF725FF38466427414609
:107DE0004A46FBF75BFFFBF715FF9DF817309DF840
:107DF00016209DF81510634362436143B3FBF7F30C
:107E0000B2FBF7F2B1FBF7F1DBB2D2B2C9B203F0C9
:107E100029F806239DF815409DF816509DF8176027
:107E20005C435D435E43B4FBF7F4B5FBF7F5B6FB8B
:107E3000F7F6DFF8C480314FB8F80000E4B2EDB2D5
:107E4000F6B2C8B906F018FCA8F80000FCF798FED6
:107E500000284BD0FDF75EFB0078642828BF642023
:107E6000502358436423B0FBF3F0254B1870C0F146
:107E700050004010387003E006F003FCF928E1D808
:107E80004FF00008DFF878903A785FFA88F39A426A
:107E900008F147002CD899F800301344434527DDFA
:107EA00033462A46214608F1010802F0DBFFB8F10B
:107EB000500FE9D100230A201A46194602F0D2FFDA
:107EC00000230B201A46194602F0CCFF00230D2098
:107ED0001A46194602F0C6FF00230E201A4619461C
:107EE00002F0C0FF012007B0BDE8F0836420B7E7CF
:107EF00000231A461946D6E79A2400209824002029
:107F00009924002005280DD805290BD80E2A09D858
:107F10005A23C1EB011103FB0010034B024433F859
:107F20001200704701207047B4230108052808D8C3
:107F300039B9054B82F0010202EB400033F8100022
:107F400070470120704700BFCC200108A0F5807267
:107F5000B2F5F85F03461FD213F4805F00F400719E
:107F600003F48062C0F3002003F400630AD0000130
:107F700009B140F020000AB140F040006BB140F080
:107F80008000704709B140F002000AB140F00400DF
:107F90001BB140F0080070470020704710B50C4638
:107FA000FFF7D4FF2346BDE810401847A0F1E003D7
:107FB000072B10B5044600D940B920460449FFF705
:107FC000EDFFE0B2BDE8104000F096B90149F6E7D8
:107FD000458400086988000810B50446C0B200F066
:107FE000D3F9A4F1E003072B00D92CB903492046AB
:107FF000BDE81040FFF7D2BF0149F8E757840008F9
:108000007B88000838B505460C46FFF7CFFF1CB942
:108010002846FFF7E1FF38BD6420013C07F005FD6D
:10802000A4B2F4E708B539280CBF50210021FFF7AE
:10803000E9FF08BD0120704708B5FFF7FBFF08BD49
:10804000704708B5FFF7FCFF08BD000013B502AB91
:1080500003E903000F4B1B78B3B99DF8053073B1EA
:108060006AB100F06BFD04460146009800F028FD5F
:108070002046009902B0BDE8104001F0AFBB009867
:1080800000F03EFD0446F3E7009800F057FD00992C
:10809000F0E700BFB0240020034610B400885C88DD
:1080A0000A4640EA0440998810BCFFF7CFBF10B5DC
:1080B00004460121FFF7F0FF2146FFF7BDFF10BD89
:1080C00010B504460021FFF7E7FF2146FFF7B9FF8F
:1080D00010BD10B501248440E4B2204601F020F91F
:1080E0002046BDE8104000F03ABC0120704708B5BA
:1080F000FFF7FBFF08BD10B5044600F0DFFB20468C
:10810000FFF7F5FFBDE8104046F2A81007F08DBC60
:1081100008B50120FFF7EFFFBDE8084006F0D0BA30
:1081200008B50020FFF7E7FFBDE8084006F0EEBA0B
:1081300038B501210546FFF7AFFF2946044605F093
:108140000DFF002840D029462046FEF7A9FED8B3EF
:108150002946204605F00CFEB0B32946204605F01E
:1081600069F988B32946204605F03EF960B32946EF
:10817000204604F06FFC38B32946204605F046FE41
:1081800010B36B797BB147F65A439C4223D00ED88B
:1081900047F601439C421BD047F603439C4215D04F
:1081A000B4F5F84F0ED02846FCF7E2FE0DE047F696
:1081B0005B439C4212D047F65C439C42F3D101F0F2
:1081C0007DF8F0E7FFF7A4FF002038BD01F089F843
:1081D000FFF7A6FFF8E701F07DF8E4E701F07DF88E
:1081E000E1E708B5FDF7F0FF03F0B8FE00F030F866
:1081F000BDE80840012004F063BA08B500F02DF88E
:10820000002004F05DFABDE80840FDF7E5BF020973
:1082100006BF13460246042391081EBF0A460233D6
:10822000DBB203EB5200C0B27047012070477047C9
:1082300038B50546FFF7F9FF044610B12846FFF7A9
:10824000F6FF204638BD704708B5FFF7F1FF08BDBF
:1082500008B50020FFF7F8FF08BD08B505F0EEFFF0
:10826000FFF7F2FF08BD000010B505F0E7FF074B70
:1082700004461A78824207D0187006F0C5F9044BFC
:1082800018602046FFF7E0FF10BD00BFA9240020C2
:10829000AC2400201FB5CDE900019DF805306C46E7
:1082A0000BB100F00BFF0023ADF80E3094E8030093
:1082B000ADF80C10C9B2029002AC29B994E80300E1
:1082C00000F054FE04B010BD2046FFF7F0FE002879
:1082D000F4D1F7E70379012B02D1008800F04EBCFE
:1082E000704708B529B105F00BFABDE8084005F064
:1082F000E5BA05F057FAF8E710B50446002840D073
:10830000031FDBB2A02B0ED806F01EF820B12046CA
:1083100006F0A4F800F06AFF204606F085F8BDE8F4
:10832000104000F063BF00F12003DBB2072B07D839
:1083300000F007040120A040C0B200F093FEEEE779
:1083400000F15B03DBB2022B05D8BDE810402438F6
:1083500080B205F09BBF00F15803DBB21A2B06D8A0
:10836000BDE81040074A32F8130005F0ABBF3334C4
:10837000E4B2122C05D805F0C3F9BDE8104005F0B1
:108380009DBA10BDEC27010808B50346A0B3021F33
:10839000D2B2A02A05D806F061F8BDE8084000F086
:1083A00025BF00F12002D2B2072A07D800F0070348
:1083B00001209840C0B200F05DFEEEE700F15B02E4
:1083C000D2B2022A04D8BDE80840002005F05EBF02
:1083D00000F15802D2B21A2A04D8BDE808400020A1
:1083E00005F070BF3333DBB2122B05D805F0DAF994
:1083F000BDE8084005F062BA08BD000038B50C467B
:108400000546FFF779FF8CB140F2E7300021DFF835
:1084100020C04FF47A720023E4FB0C01F7F7E6FE6C
:1084200007F003FB2846FFF7AFFF38BD0120F7E751
:10843000A086010008B539280CBF50210021FFF7A4
:10844000DDFF08BD08B528B100F00CFEBDE808400E
:1084500000F0CCBE08BD08B528B100F00BFEBDE8A9
:10846000084000F0C3BE08BD2DE9F8438779814676
:108470000C46457900F0E6FD3F09064608B32E4656
:10848000FDB1C4F3072303F0F002402A0CD0E1B29F
:1084900001F12002D2B2072A25D903F0E003202BF4
:1084A00002D101291FD907B3A44B5E7816F0040648
:1084B00007D0022000F0D2FE00F0C4FD80F00106DB
:1084C000F6B2C4F303330B2B3DD8DFE813F01000F2
:1084D000100054005400AE00C5003C003C00CA002F
:1084E0002C01400140010026EBE73E46E9E7C4F3DA
:1084F0000723C4F303270F2B88BF3F01E4B285B1E4
:1085000057B104F12003DBB2072B384600D92CB950
:1085100000F0A8FD00F06AFE20464CE000F0BEFD31
:10852000F8E72046FFF730FF6FB104F12003DBB21C
:10853000072B384600D914B900F09CFD01E000F08B
:10854000B5FD00F053FE002E00F0598100F072FDE1
:1085500010F0010040F0538189F8050000F064FD3F
:1085600000F048FA484600F061F900F05DFDBDE812
:10857000F84300F049BAC4F3072303F0F003C4F34F
:108580000328202BE4B218BF4FEA08182CB1012CA5
:1085900034D0002D3CD0DFB1BEE7684B5B78590783
:1085A00014D45DB1B8F1000F04D0404600F05AFD7C
:1085B00000F01CFE0020FFF79FFEC4E72846FFF7EF
:1085C000E3FEB8F1000FBED04046B5E755B11FB984
:1085D0004046FFF737FFB6E7012FB4D1404600F021
:1085E0008DFDB0E7002FAED14046FFF734FF404687
:1085F00000F092FD404600F06DFDA4E715B1052F97
:10860000A1D8E5E7042F9ED84046FFF724FF9AE75C
:10861000002FF9D0392C0CBF4FF4FA50012007F08D
:1086200004FA2046FFF7B0FE8DE714F4406FC4F360
:10863000812307D0012B86D165B1C4F3090005F071
:1086400041FE80E725B1C4F3090005F01FFE7AE77B
:108650002846FAE72846F2E72946E0B2FFF741FE4E
:1086600071E714F4407F2DD1F5B914F0100018BF54
:108670000F20C4F342134FEA8303DBB21CBF9840C0
:10868000C04304F00F0202FA03F2C4F3812418BFBE
:10869000C0B2D2B2022C40EA02000DD0032C0ED0A0
:1086A000012C06D000F066F905F0C8FDFFF7CCFDFF
:1086B00049E700F057F9F7E700F064F9F4E700F054
:1086C0004EF9F1E7C4F301220DB3D207ECD514F053
:1086D000100318BF0F20C4F342124FEA8202D2B235
:1086E0001CBF9040C04304F00F0101FA02F1C4F333
:1086F000812418BFC3B2C9B2022C43EA01000CD0D6
:10870000032C0DD0012C05D000F09AF9CCE7012AFA
:10871000CAD9DCE700F08CF9C6E700F099F9C3E7A5
:1087200000F03EF9C0E7E7B2C4F3032445B12046A8
:1087300000F060F93846FFF785FEB5E77644002083
:108740003846FFF788FE204600F05EF9ACE75FFA96
:1087500084F8A8F1F003042B38D8DFE803F00321F4
:108760000D141D0035B1042F9ED8C4F3042000F071
:1087700055F999E7052FF7E7C4F30420002DE3D15D
:1087800000F038F990E725B1C4F3042000F02BF98C
:108790008AE700F00DF987E71A4B5B785B0704D492
:1087A000C4F30420002DCFD0EAE72DB10321C4F398
:1087B000042000F031FD77E7012000F04FFD012F8C
:1087C0007FF672AF022000F049FD6DE73DB11FB1A9
:1087D0004046FFF791FD67E7C4F30420D0E75FB19F
:1087E000B8F1390F0CBF4FF4FA50012007F01DF912
:1087F0004046FFF7C9FD57E7C4F30420A4E7BDE8EE
:10880000F88300BF7644002038B5018804464079DB
:1088100000F0C0F9054600F023F900F09FF8294662
:108820002046BDE83840FFF71FBE0000037910B5B1
:108830000446B3B1FFF77CFC68B900F003FC80B1DB
:10884000637973B1074B5B785B070AD5BDE81040CD
:10885000022000F003BD2046FFF7D6FF2046FFF7B9
:108860002FFC10BD7644002008B528B100F016FC9E
:10887000BDE8084000F0BABC08BD08B528B100F05A
:1088800015FCBDE8084000F0B1BC08BD08B50020EB
:1088900005F0FCFC002005F015FD00F00FFC00F0D9
:1088A000A5FC05F027F8BDE8084005F007B808B5B5
:1088B00005F0EEFDBDE80840FFF7E8BF08B500F0A1
:1088C000E7FBBDE80840FFF7F2BFC0F30333062B18
:1088D000C2B213D094BF0E33063303F00F03012B43
:1088E00013D8F02A13D004D8E72A8CBF0020012027
:1088F0007047A2F1F403584258417047F12A18BF5B
:10890000E72A94BF01200020704700207047012013
:10891000704708B50346007930B1188800F02EF989
:10892000BDE80840FFF7D1BF08BD82B002AB03E944
:10893000030002B0704782B002AB03E9030002B04B
:108940007047704708B5FFF7FCFF08BD08B5FFF793
:10895000F9FF014B187008BDD92400207047FFF7BC
:10896000F5BF0000024B1B781843FFF7EFBF00BFB5
:10897000D9240020024B1B781840FFF7E7BF00BF47
:10898000D9240020024B1B785840FFF7DFBF00BFFF
:10899000D9240020704708B5FFF7FCFF08BD000090
:1089A00008B5FFF7F8FF014B187008BDD824002068
:1089B0000020FFF7F5BF0000054B1B781BB9B0FA8C
:1089C00080F04009704743FA00F000F00100704762
:1089D000D824002018B9B1FA81F040097047084145
:1089E00000F001007047012303FA00F0C0B2FFF766
:1089F000D7BF00000123034A834010781843C0B258
:108A0000FFF7CEBFD82400200123034A834010780B
:108A100020EA0300FFF7C4BFD82400200123034A43
:108A2000834010785840C0B2FFF7BABFD824002066
:108A3000024B1B781843FFF7B3BF00BFD8240020B8
:108A4000024B1B781840FFF7ABBF00BFD8240020B3
:108A5000024B1B785840FFF7A3BF00BFD82400206B
:108A6000704701F00703C90830B501EB410101244B
:108A700001390A4400219C40E4B212F8015F20FA57
:108A800001F343F300036B40234001315D400329B0
:108A90001570F2D130BD002210B500F00704C008F7
:108AA00000EB4000014410468B5CE34003F00103FF
:108AB000934001321843032AC0B2F5D110BD000023
:108AC00017B40C46C1B2C0F3072005280BD80E29F5
:108AD0000FD8C0EB00100144074A89B2204603B00A
:108AE00010BCFFF7BEBF031DDBB2012B01D8034A48
:108AF000F4E703B010BC7047B4240020B124002078
:108B0000C3B2C0F30720052882B009D80E2B0ED8B7
:108B1000C0EB00101844074980B202B0FFF7BBBF9A
:108B20000430C0B2012802D818460349F5E70020F6
:108B300002B07047B4240020B124002073B505248E
:108B40000C4BADF804001E780B4B1B781E4346FA05
:108B500004F3DB0705D4013CF9D20025284602B016
:108B600070BDE5B22846019900F055FE80B201289B
:108B7000F1D0F3E7D8240020D924002007B5ADF8C0
:108B800004000198FFF7DAFF019903B05DF804EBE8
:108B900000F041BE13B5104BADF804101B782BB19B
:108BA000019802B0BDE81040FFF7E8BF70B101982E
:108BB000FFF7C4FF044601460198FFF781FF2046F6
:108BC000019902B0BDE8104000F025BE0198FFF702
:108BD00097FF0446F3E700BFB024002010B501243E
:108BE00004FA02F204FA01F11143CAB201409142BF
:108BF00004FA03F406BF2043C0B2A04310BD000036
:108C000008B513460A46014603480078FFF7E6FF19
:108C1000BDE80840FFF7C4BED8240020F8B50C4BCF
:108C20000C4E1C780C4D3378A34200D1F8BD05EBF7
:108C3000C40335F834005F889A88D98840EA074031
:108C400042EA01410134FFF776FE04F00704EAE747
:108C5000DA240020DB240020DC240020064B10B4A2
:108C600018885C889A88D98840EA044042EA014121
:108C700010BCFFF760BE00BF1C250020194AF8B5E4
:108C800093790F2B0AD8537943B1174B17491B78A7
:108C90000D7816885788164CAB4200D1F8BD04EB0E
:108CA000C3010879D0B134F83300B04216D1487905
:108CB000A0B94888C01B80B2C7280FD8012093797B
:108CC00060F3071393718B7960F3071305488B7179
:108CD000FFF7ACFDBDE8F840FFF7A0BF013303F09C
:108CE0000703D9E71C250020DA240020DB2400201C
:108CF000DC240020F0B50D4B0D4C1B7826780D4C74
:108D0000B34201D10020F0BD04EBC3056F788F4260
:108D100006D114F83370874202D16D79954203D1A0
:108D2000013303F00703EBE70120ECE7DA2400202E
:108D3000DB240020DC2400202DE9F043044685B02C
:108D4000894D062201466846F7F7C8FD2B796779F9
:108D50002279C3B9002A00F0CC80002F00F0FB80FC
:108D60002046FFF7D6FD002800F0F58008222146B6
:108D70002846F7F7B3FD2846FFF7ACFAFFF77EFF6A
:108D8000FFF76CFFB5E0B4F802906B886E79A9EB41
:108D900003039BB2002E00F0AE80C72B00F2878049
:108DA000002A00F0A680AB792A880F2B218851D8A1
:108DB000914211D1002F48D1012262F30713AB7108
:108DC000FFF74CFF2846FFF731FDAB79A371002573
:108DD000284605B0BDE8F083002F36D125783A4605
:108DE00028466178FFF786FF2846FFF783FF054690
:108DF0000028ECD10098FFF7C1FEC0F30332032A2C
:108E0000C3B208D8012A10D910F4706F12D0A27919
:108E10000F2A0FD8DCE7063202F00F02012A0ED922
:108E20002046FFF703FD3546D2E710F4706F01D0FE
:108E3000002BCDD02033DBB2072BC9D9F0E7EF2BC5
:108E4000C6D90F33DBB2022BF7E7AB7943F001034E
:108E5000AB71BCE791420AD14FB92046A371FFF72D
:108E6000E5FC082221462846F7F738FD88E720462A
:108E7000FFF74FFD00286ED0002F6CD0AB791F2B71
:108E80000FD92A8802A8ADF808202A79ADF80A90EF
:108E90008DF80C2000228DF80E308DF80D20FFF794
:108EA000C5FC082221463048F7F718FD66E7AB7984
:108EB0000F2B0ED8DDE90001FFF737FD2846FFF73D
:108EC000B5FC082200212846F7F782FCFFF7C6FE12
:108ED0007DE772B1298822889142C8D1002FC6D17E
:108EE0002046A371FFF7A2FC082239462846F7F76F
:108EF0006FFC01256CE7C72B31D8002AF9D057B396
:108F00002A8823889A421DD1AB79DA0714D40F2B13
:108F100012D9A37103F0F003F02B06D0A379C3F3A9
:108F20000312013262F30713A3712046FFF77EFCA0
:108F3000082221460C4897E7082221460A48F7F7FD
:108F4000CDFCD6E72046FFF7E4FC0028A9D1AB7999
:108F500043F00103AB712046FFF768FCC9E7DDE988
:108F60000001FFF7E2FCACE71C250020F0B585B05E
:108F7000CDE900016846FFF7DFFE274F06469DF862
:108F80000420264D58B11AB1DDE90001FFF7D3FCEA
:108F9000234C28783B78834224D105B0F0BD02AB46
:108FA000DDE9000183E80300002AF1D038782A784F
:108FB000441C04F0070494420AD01946184B0822B6
:108FC00003EBC000F7F78AFC3C70FFF727FEDFE7F2
:108FD000FFF774FC0822314612483E702E70F7F7F6
:108FE000F7FBD5E704EBC000FFF7A6FE0028D4D0BE
:108FF0002B7834F8330004EBC3035E889A88D98851
:1090000040EA064042EA0141FFF795FC2B78013324
:1090100003F007032B70BCE7DB240020DA240020D8
:10902000DC2400201C250020014B1878C008704764
:109030004C250020024B187800F00700704700BF55
:109040004C250020034B187810F0070018BF0120B2
:10905000704700BF4C250020014B1878704700BFB7
:1090600078250020024B1A7810431870704700BF13
:1090700078250020024A137823EA00031370704712
:1090800078250020014B1870704700BF782500201C
:109090000022014B1A70704778250020024B1A7885
:1090A00010431870704700BF77250020024A1378DC
:1090B00023EA000313707047772500200022014B3C
:1090C0001A70704777250020704708B5FFF7FCFF3E
:1090D00008BD000008B5054A1378034204D023EA0E
:1090E00000001070FFF7F1FF08BD00BF4D25002004
:1090F000704708B5FFF7FCFF08BD000010B5054933
:109100000B7830EA030403D003430B70FFF7F1FF41
:1091100010BD00BF4E25002008B5054A1378034254
:1091200004D023EA00001070FFF7E3FF08BD00BF82
:109130004E25002008B5044B1A781AB1002018708B
:10914000FFF7D7FF08BD00BF4E25002010B5084B24
:109150001C78084B1B781C43074B1B782BB11C4316
:1091600005F0CCF808B1FFF7E5FF204610BD00BFC1
:1091700078250020772500204E25002038B50B4C9F
:109180002568FFF7E3FF2870246808222046084975
:10919000F7F76EFB48B1214608220548F7F79EFB1A
:1091A0002046BDE8384005F055B838BD1410002001
:1091B0004425002038B50B4C2568FFF7C7FF6870C1
:1091C0002468202220460849F7F752FB48B121467F
:1091D00020220548F7F782FB2046BDE8384005F01D
:1091E00041B838BD1010002024250020054B1B7805
:1091F00033B1054B93F90030002B01DAFFF7DABFEA
:10920000FFF7BCBF3810002076440020704708B537
:10921000FFF7FCFF08BD0000094A10B5527852075D
:109220000AD5084C41EAC0012170FFF7E3FB207822
:10923000C008FFF7ECFF10BDBDE81040FFF7DABB38
:10924000764400204C250020002008B5024B187001
:10925000FFF7DDFF08BD00BF4C25002008B50A4A16
:10926000137823EA0000107042070CD198420AD00C
:10927000064B5B785B0706D5C008FFF7C5FBBDE86A
:109280000840FFF7E1BF08BD4C25002076440020D0
:10929000094A08B55378C3F3800181420AD060F3CC
:1092A00082035370108800F042F8BDE808400220A5
:1092B000FFF7D4BF08BD00BF76440020044B5878A8
:1092C000C0F3800080F0010000F00100FFF7E0BF74
:1092D000764400200120FFF7DBBF0020FFF7D8BF56
:1092E000704708B5002000F07DFDBDE808404FF64E
:1092F000FF71002000F058BD08B5002000F0EDFC23
:109300004FF6E563984203D1BDE8084004F0BEBDC6
:10931000002008BD022000F0D1BC032000F0CEBC2C
:109320000146032000F032BD042000F0D6BC014607
:10933000042000F039BD0F2000F0DEBC01460F20F4
:1093400000F040BD08B50020FFF7F8FFFFF7C8FFA9
:1093500008BD01460E2000F019BD000007B5002031
:1093600000F040FD4FF6E561002000F01DFD0021FA
:10937000022000F00BFD01211D4B0320197000F0AD
:1093800005FD4FF4A051042000F00EFD0021062041
:1093900000F0FCFC0021072000F0F8FC0021082070
:1093A00000F010FD0021232000F0F0FC00210C2033
:1093B00000F0ECFC00210D2000F0E8FC002300226E
:1093C0006846CDE900231721082200F0C5FC0021E2
:1093D0001F2000F0F7FCFAF7D9FD002004F06EFD25
:1093E00004F09BFDFFF7AEFF03B05DF804FB00BF88
:1093F000D9240020FFF7B2BF73B505F03DF90B4D3E
:1094000004462B8883420ED00026ADF8006005F09C
:1094100033F9ADF80460ADF8020002AB13E90300C4
:10942000FEF738FF2C8002B070BD00BF7A25002007
:10943000014B186805F02CB98425002008B505F00B
:10944000E3F8024B1860024B186008BD8425002029
:109450008025002008B505F0D7F8024B1860024BB4
:10946000186008BD842500207C25002070477047C7
:1094700008B5FFF7FCFF08BD0120704708B5054897
:1094800000F0BEFA00F0ACFCFFF7F0FFFFF7F0FFD2
:1094900008BD00BFF99900080120704708B5FFF723
:1094A000FBFF08BD08B5FBF79FFCFEF7CFFB08BD2F
:1094B00008B5FFF721FF08B9FFF79CFFFFF72AFF68
:1094C000084B1870FFF730FF074B188003F062FD60
:1094D000FFF723FFFFF743FA044B1878BDE8084075
:1094E000FFF759BA8825002076440020D8240020B0
:1094F00008B505F087F804F020FD03F045FB00F007
:1095000043FBFFF7D5FFFEF79EFE03F0B3F8054BD4
:109510001A7842F080021A701888FFF708FFFDF7EA
:1095200019FC08BD764400202DE9F04F85B0FFF707
:10953000A3FF78B9FFF760FF02F010FD03F07AFB9C
:1095400008B1FFF787FF04F0FDF905B0BDE8F04F63
:10955000FEF78ABEDFF8C08000F02EFB46460024EE
:10956000E0B236F8025B00F067FA052C50D0854275
:1095700004F10104F4D0294B1B789B0701D500F0BE
:1095800061FAFFF78BFF002701905FFA87FA5046D8
:1095900000F052FA38F8026B0546B04232D000248F
:1095A0004FF0010B4640B6B216EA0B0F20D005EA89
:1095B0000B09019BB9F1000918BF4FF0010993B1E4
:1095C0008DF808408DF809A005F056F84FF001031A
:1095D000ADF80A008DF80C308DF80D9002AB93E8D1
:1095E0000300FEF757FE4A462146504601F062FD51
:1095F0000134E4B24FEA4B030F2C1FFA83FBD3D1A3
:1096000028F8025C0137062FBFD1FFF717FF93E759
:109610008542B0D18EE700BF6A4400208825002033
:1096200038B500F003F9B0F5A44F044643D2B0F5C5
:10963000A04F80F0AE80DF2816D8CC2800F28C80B6
:10964000A7280AD8A42879D8012804D0031F9BB2E0
:10965000A12B28BF0024204638BDA0F1A8039BB24F
:109660001A2B71D90024F6E7B0F5804F19D2B0F566
:10967000005F80F0A080E728EDD9A0F580739BB251
:10968000B3F5F85FEED2C0F3072000F053F90546BA
:10969000E0B200F0CBF82D0205F4F85540EA0504DD
:1096A00050E0C0B200F0C2F804F47064204340F40B
:1096B000204084B2CFE7B0F5A54F22D245F25F2318
:1096C000984253D845F23F2398420FD845F21F23C2
:1096D000984244D8012300F00304C0F38502A3405C
:1096E00043EA421343F40D439CB2B4E7012300F074
:1096F0000304C0F38202A34043EA421343F40C4341
:10970000F2E745F2BF2398420AD845F29F239842D8
:1097100000F01F0035D84AF2F40343EA00249AE728
:10972000A0F5A543403B9BB21F2B9BD8040204F439
:10973000F85444F4204444F0F0048CE7A0F12404ED
:1097400044F48044A4B286E7234B5834E4B233F89F
:10975000144044F488447EE740F4A044F2E74AF21F
:10976000F10300F01F0443EA042474E7012300F02E
:109770000304C0F38202A34043EA421343F40A43C2
:10978000B2E700F0D7F8040204F4F85444F40054AB
:1097900061E700F01F0000F0CDF803B2C20648BF39
:1097A0001B01C4F343144FEA042448BF1BB21C43FB
:1097B00044F41044C6E7C0F3042000F0BBF80546AB
:1097C000E0B200F033F82D0205F4F855054345F4F6
:1097D0000055ACB23FE700BF22280108CBB2C1F36D
:1097E0000721052982B005D80E2B11D81A4602B0E0
:1097F00003F04FBDFD2905D153B90122194602B02E
:1098000003F054BDFC2903D113B91A461946F6E7F3
:10981000002002B0704707B5ADF804100199FFF7BA
:10982000DDFF03B05DF804EBFFF7FABEE7284FD881
:10983000DF2807D8312864D00ED8292857D02A2805
:1098400066D07047A0F1E003072B41D8DFE803F0B2
:109850001540232831403C41392804D0822802D0C9
:1098600035283FD07047324B1A7892071FD15B786A
:1098700013F0080F18BF292070472D4A1378D90715
:109880004DD4527812F0010F22D013F0100F14BFF4
:109890000020E3207047264B1B7813F0040FF3E7FA
:1098A000234A137859073CD45278D207EDD5E020EB
:1098B00070471F4B5A7891070AD51B7813F0100F89
:1098C00014BF0020E7207047194B1B781A07F5D406
:1098D0007047174A1378190725D452789107EDD5A8
:1098E000E4207047124B1B7813F0200FC2E7104B97
:1098F0001A78920619D45B7813F0080F18BF392034
:1099000070470B4B1B7813F0400F18BF2A2070478D
:10991000074B1B7813F0400F18BF312070473920D8
:109920007047E2207047E62070473520D0E700BF3F
:109930007644002010B52F4C21784B0713D500F04A
:109940001402A2F1040C00F01803DCF1000242EB57
:109950000C02A3F1080CDCF1000343EB0C039A4268
:1099600018BF80F00C000B0713D500F01402A2F111
:10997000140C00F01803DCF1000242EB0C02A3F11E
:10998000180CDCF1000343EB0C039A4218BF80F083
:109990000C006478E30713D500F0110202F1FF3CDC
:1099A00000F01803DCF1000242EB0C02A3F1080CFA
:1099B000DCF1000343EB0C039A4218BF80F009006E
:1099C000A30711D500F0110200F01803A2F1110451
:1099D0006242A3F1180C6241DCF1000343EB0C037B
:1099E0009A4218BF80F00900CB0648BF00F0E7009C
:1099F00010BD00BF76440020002070470020704753
:109A0000014B1860704700BF1810002008B5FDF723
:109A100033F908BD704708B5FFF7FCFF08BD00002B
:109A2000044B33F8100001238B401840003818BF56
:109A30000120704784440020014B33F81000704728
:109A40008444002070474FF4346005F067BE00BFC7
:109A500000BF00BF00BF00BF00BF00BF00BF00BF0E
:109A600000BF00BF00BF00BF00BF00BF00BF00BFFE
:109A700000BF00BF00BF00BF00BF00BF00BF7047F6
:109A800008B5FFF7E0FF08BD08B5302383F3118860
:109A9000012100F00F039940202220F00F0007F071
:109AA00075FA002383F3118808BD000038B50F2430
:109AB0000B4D55F8040B421C01D0FFF7E5FF013CAC
:109AC00014F0FF04F5D10624064D55F8040B431C91
:109AD00001D0FFF7D9FF013C14F0FF04F5D138BDE8
:109AE00058280108942801082DE9F843DFF89080F0
:109AF000054658F821300E465C1C17463ED03022F1
:109B000082F31188012223F00F0903F00F0302FAF8
:109B100003F421464846240407F038FAC9F81840EF
:109B2000002484F31188FFF792FF6FEA070EDFF835
:109B300054C0A91E0A355CF8042B31F8023F501CB2
:109B400019D022F00F00006902F00F0220FA02F291
:109B5000D20710D401243B438D420B80EBD158F83F
:109B60002600431C01D0FFF78FFF21463046BDE899
:109B7000F843FFF785BF03EA0E03EDE7BDE8F8837E
:109B8000582801089428010808B5FFF78FFF0C2218
:109B900000210748F6F71CFE0C2200210548F6F7C5
:109BA00017FE062000F038F8BDE80840FFF72EBF8A
:109BB000844400207844002030B50024012585B07D
:109BC0000194029403942A46E1B201A80134FFF7FC
:109BD0008BFF6D000F2CADB2F5D10C220C4801A902
:109BE000F6F746FE002814BF0124002404D00C22FE
:109BF000074801A9F6F772FE2346062205490448E4
:109C000000F00CF80446FFF706FF204605B030BD13
:109C10007844002084440020704700002DE9F84378
:109C200007460E4615461C46DFF850804BB101230F
:109C300088F8003004F0E8FC114B18600020BDE803
:109C4000F88398F80090B9F1000FF7D00C4B186822
:109C500004F01EFD0728F1D96D002A46394630462A
:109C6000F6F706FE28B12A4639463046F6F736FEA4
:109C70004C460023204688F80030E0E7902500207D
:109C80008C250020FFF750BC08B504F07FFC05F0E0
:109C9000BDF8FFF7F3FB05F0BBF8FFF729FC05F073
:109CA000CDF805F0D1F8FFF7EDFF05F0CFF805F09E
:109CB00087F803F013FAFFF7F5FBF2E7002307B587
:109CC000014601220DF107008DF8073000F08CF8F5
:109CD0009DF8070003B05DF804FB002307B50146BB
:109CE00002220DF10600ADF8063000F07DF8BDF857
:109CF000060003B05DF804FB07B50422002301460B
:109D00000DEB0200019300F06FF8019803B05DF8CD
:109D100004FB07B501228DF8071001460DF107007D
:109D200000F067F803B05DF804FB07B50222ADF858
:109D3000061001460DF1060000F05BF803B05DF877
:109D400004FB07B50422019101460DEB020000F06F
:109D500050F803B05DF804FBF8B505461446D31D72
:109D600023F0070300AFADEB030D68460E4600F08D
:109D70003BF8224669462846F6F77AFD20B122468E
:109D80003146284600F035F8BD46F8BD38B50C46DA
:109D90000546FFF793FFA04205D021462846BDE8BF
:109DA0003840FFF7B6BF38BD38B50C460546FFF75B
:109DB00094FFA04205D021462846BDE83840FFF771
:109DC000B4BF38BD38B50C460546FFF795FFA04235
:109DD00005D021462846BDE83840FFF7B2BF38BD60
:109DE00000F00EB900F038B80B460146184600F0F6
:109DF0004DB80B460146184600F09AB84FF4805211
:109E000008B500210448F6F7E3FC41F20802024BD2
:109E100003F580531A6008BD9825002010B5054C45
:109E200023792BB900F067F908B10120207110BD2A
:109E30000220FCE79835002010B5064C237933B199
:109E400000F063F910B100230120237110BD02203E
:109E5000FCE700BF9835002038B5FFF7DFFF044668
:109E600018B9FFF7E9FF204638BD00F046F905466E
:109E7000FFF7C4FF012C06D1FFF7DEFF00280CBF5F
:109E8000002505F001052C46EDE7000008B5034666
:109E900008469918B1F5805F05D804491944F6F7CA
:109EA0001DFD012008BD0020FCE700BF9825002013
:109EB00038B500F022F9044610B3FFF7AFFF4FF4B6
:109EC000007205461249002000F03CF9044678B1C2
:109ED0000DA3D3E900234FF480510D4802F01AFE80
:109EE00002460B464FF4805000F064F94400E4B29F
:109EF000012D01D1FFF7A0FF41F20802054B1A60C6
:109F0000204638BDAFF3008025232284E49CF2CBA9
:109F10009825002098350020044B1B68B3F5005F9E
:109F200001D3FFF7C5BF0120704700BF983500205F
:109F30002DE9F04F8318B3F5805F04460E461546B1
:109F400085B01DD82D4F00EB070841463046F6F787
:109F50008FFC00284FD02A4631464046F6F7BEFC1B
:109F6000FFF75CFF834648B14FF000084FF000094F
:109F700007F580574DB9FFF7CFFF24E0FFF75CFFEF
:109F80000023184605B0BDE8F08F052DAA4628BF6E
:109F90004FF0050AC4F3024343EACA03CDE902893C
:109FA00052468DF808303146230A0DF10B008DF82A
:109FB00009308DF80A40F6F791FCDDE90223386894
:109FC00000F0F8F850B90346BBF1010FD9D1019365
:109FD000FFF732FF0028D3D0019BD2E73B6808335C
:109FE0003B60FFF799FF01280346EDD1A5EB0A0579
:109FF00054445644BEE70123C3E700BF9825002020
:10A000007FB5FFF7FBFE00F071F828B9FFF7F6FE09
:10A010000024204604B070BD4FF400720020304987
:10A0200000F075F82E4EA8B32BA3D3E900234FF40C
:10A030008051304602F06EFD05460C464FF48050CC
:10A0400002A900F07CF8DDE902239C4208BF95429A
:10A0500001D0FFF7D3FE41F20805224C694628469D
:10A0600000F06DF878B3DDE9003253EA020129D03F
:10A0700013F0C00FCDE9023205F10805D9B20CD0BA
:10A08000194B1D60FFF714FF04460028C1D1FFF7EC
:10A09000B5FEBEE7FFF7B2FEB8E708041BBA00F44E
:10A0A000E020234040EA3320CA0800EBD101B1F59B
:10A0B000805FE5D80DF10B013044F6F70FFCB5F5E4
:10A0C000005FCBD10120084B1D600028DAD0FFF7DC
:10A0D00023FFD9E7AFF3008025232284E49CF2CB51
:10A0E0009825002000FFFF009835002008B500F0FB
:10A0F000E1F8012008BD0120704708B5002000F0FC
:10A10000DBF8B0FA80F0400908BD0120704738B58F
:10A11000D5002A460C4600F0F0F818B9214625442F
:10A12000A94203D1B0FA80F0400938BDD1E900233B
:10A13000D243DB4341F8082B41F8043CF0E701220D
:10A14000FFF7E5BF2DE9F043064688461546002790
:10A15000C1B0202DAC4628BF4FF0200C6B466C469A
:10A1600008EBC702674408EBC70E724511D1002403
:10A17000644513D14FEAC4094A466946304600F0A7
:10A18000DAF8A8B92D1B4E44E3D1012041B0BDE857
:10A19000F083F2E80201E4E80201E6E7D3E9001205
:10A1A000C943D24343F8081B43F8042C0134DFE7CA
:10A1B0000020EBE707B5CDE9002369460122FFF750
:10A1C000C1FF03B05DF804FB0022082311460148DB
:10A1D00004F0DABA0C08004008B5FFF7F5FF30B11B
:10A1E000062004F011FB04F047FB002008BD4FF0EF
:10A1F000FF30FBE7F7B51F464BBA090C064615467C
:10A200008DF80400ADF806308DF80510FFF7DCFF7F
:10A21000E8B104210DEB010004F01AFB044648B933
:10A2200045B1022E0BD0032E0ED12846B9B204F050
:10A2300019FB044604F020FB204603B0F0BD28467D
:10A24000B9B204F005FBF4E74FF0FF34F2E74FF04A
:10A25000FF34F1E710B5FFF7B7FF88B1052004F030
:10A26000D3FA04F0E3FA044604F006FB002C05DB05
:10A2700014F0010F0CBF00246FF00304204610BD42
:10A280004FF0FF34FAE710B5044604F0BDF94FF47F
:10A290007A7303FB040404F0B7F9A04204D2FFF779
:10A2A000D9FF031DF7D010BD6FF00100FBE70120BF
:10A2B000FFF7E9BF04F02EBA00F58033B3F5002FA5
:10A2C00010B5044602D34FF0FF3010BD83B2002B0F
:10A2D000F9D1FFF7ECFF0028F7D1FFF77DFF034628
:10A2E0000028F0D102462146D820FFF783FF00283E
:10A2F000EBD1BDE81040FFF7DABF2DE9F04107468A
:10A300000D461646FFF7D3FF0446804638B1324665
:10A3100000212846F6F75CFA2046BDE8F081334676
:10A320002A4639460320FFF765FF04460028F3D08C
:10A3300032464146EDE72DE9F0410746884616468C
:10A3400066B9FFF7B4FF0446B8B9FFF73DFF90B117
:10A35000042004F059FA04F08FFA0EE0FDB2C5F5BE
:10A360008075B54228BF3546FFF7A1FF044620B9E6
:10A37000FFF732FF20B14FF0FF342046BDE8F081F7
:10A380002B46424639460220FFF734FF0446002898
:10A39000F3D1A8442F44761BD2E7000030B510F467
:10A3A0007F4F85B00190C0F30725C0F307420DD160
:10A3B00009B1274B9A5C13461446002063F307004B
:10A3C00064F30F2062F3174005B030BD9DF80440E0
:10A3D00009B11F4B9A5C0620FF236043591BB0FB59
:10A3E000F3F06FF05403434303EB440303EB4303E5
:10A3F000DBB203FB05F4C3F1FF036B4324121B1212
:10A40000C4F1FF04C3F1FF03514354435343C1F369
:10A410000721C4F30724C3F30723062813D8DFE872
:10A4200000F004060B090E12040014461A461346E7
:10A430000A46C2E7134622460C461946F7E71C4671
:10A4400013460A46F9E713460A4621461C46EEE73C
:10A45000C4280108012184B004B0FFF79FBF012880
:10A4600030B501D8C0B230BDB0F5F75F88BFFF226C
:10A470004FF001049EBF42090832D2B2A31859100E
:10A48000C3F34705C3F34F035B439BB2984206D225
:10A49000013DEAB29442F1D9013CE0B2E3E7FF2981
:10A4A00002D00135ECB2F5E70846DCE7074B188827
:10A4B00000EB402200EB820000F55850193080B2CA
:10A4C000188000EB1020C0B2704700BF221000209F
:10A4D00041064CBFC343024610B548BFDAB20D4C2B
:10A4E000C2F3011204EB420148BF03F00F034978A5
:10A4F00054BF00F00F030133594314F81230020621
:10A5000003EB2113DBB244BF5B42DBB283F080007C
:10A5100010BD00BFAC280108144B84B003EB41030D
:10A52000E421019093F85A30C0F307204B43C2EB6B
:10A5300013231C33002BB8BF5B42A0EBC3031BB239
:10A5400023EAE373434300201B128DF80530019B7F
:10A55000DAB262F30700C3F3072262F30F20C3F3FA
:10A56000074363F3174004B0704700BFEE0D0020AF
:10A57000144B84B003EB4103E421019093F85A306B
:10A58000C0F307404B43C2EB13231C33002BB8BF6F
:10A590005B42A0EBC3031BB223EAE37343430020F7
:10A5A0001B128DF80630019BDAB262F30700C3F389
:10A5B000072262F30F20C3F3074363F3174004B08D
:10A5C000704700BFEE0D002084B0019000208DF890
:10A5D0000420019BDAB262F30700C3F3072262F39F
:10A5E0000F20C3F3074363F3174004B07047000024
:10A5F00084B0019000200B4B03EB410393F85A30D9
:10A600009B1A8DF80430019BDAB262F30700C3F3A2
:10A61000072262F30F20C3F3074363F3174004B02C
:10A62000704700BFEE0D002084B0019000200B4B5E
:10A6300003EB410393F85B309B1A8DF80430019BC8
:10A64000DAB262F30700C3F3072262F30F20C3F309
:10A65000074363F3174004B0704700BFEE0D0020BE
:10A6600030B5134B85B02C31019003EB4104E578F4
:10A6700003EB4103A5F1200464B29B78002CBCBF1E
:10A68000C5F120056CB29A1A2244C0B210448DF86C
:10A6900004000020019BDAB262F30700C3F3072233
:10A6A00062F30F20C3F3074363F3174005B030BDD7
:10A6B000EE0D002084B0019000209DF8102003EBE7
:10A6C000430302EB53038DF80430019BDAB262F3CB
:10A6D0000700C3F3072262F30F20C3F3074363F3BA
:10A6E000174004B070471FB592B2019048B20028DD
:10A6F00002FB02F2BCBF494248B2C0F1380000FB85
:10A70000002080B21C46FFF7AAFE00EB4000044484
:10A7100000208DF80440019BDAB262F30700C3F316
:10A72000072262F30F20C3F3074363F3174004B01B
:10A7300010BD000084B0019003F12C00104B03EB1E
:10A740004003D8789B782038703B4B4302FB0032A3
:10A7500000209DF80430002AB8BF7F3203EBE213DB
:10A760008DF80430019BDAB262F30700C3F30722CD
:10A7700062F30F20C3F3074363F3174004B070473D
:10A78000EE0D002084B0019003F12C00104B03EB80
:10A790004003D8789B782038703B4B4302FB003253
:10A7A00000209DF80430002AB8BF3F3203EBA2130B
:10A7B0008DF80430019BDAB262F30700C3F307227D
:10A7C00062F30F20C3F3074363F3174004B07047ED
:10A7D000EE0D00201FB5164C2C33019004EB430402
:10A7E000E378A478203B5343A4F1700252B2002ACC
:10A7F000BCBFC4F1700462B2C2F1380201FB023185
:10A8000011EB410148BF7F31C0B200EBE1108DF880
:10A8100004000020019BDAB262F30700C3F30722B1
:10A8200062F30F20C3F3074363F3174004B010BD76
:10A83000EE0D002030B50D4685B00190C4B2104633
:10A84000FFF746FE124901EB450191F85A300344E7
:10A85000DBB2D90983F0800204BFC3F18003DAB20E
:10A860000C2300205200D2B25A4304EB12248DF87C
:10A870000440019BDAB262F30700C3F3072262F3DC
:10A880000F20C3F3074363F3174005B030BD00BF8B
:10A89000EE0D00201FB5114B019003EB410393F81F
:10A8A0005A10C0B28C1AE3B2240644BF521AD3B273
:10A8B0001822534300EB23208DF804000020019B55
:10A8C000DAB262F30700C3F3072262F30F20C3F387
:10A8D000074363F3174004B010BD00BFEE0D002026
:10A8E000C94384B00190C9B2C0F30740414300207E
:10A8F00009128DF80610019BDAB262F30700C3F368
:10A90000072262F30F20C3F3074363F3174004B039
:10A910007047C94384B0C1F3850101900144002010
:10A920008DF80410019BDAB262F30700C3F307222B
:10A9300062F30F20C3F3074363F3174004B070477B
:10A9400084B003EB8302BDF81030019013449BB236
:10A95000FF2B28BFFF23DB43C0F30740DBB20344D8
:10A96000FF2B28BFFF2300208DF80630019BDAB2B1
:10A9700062F30700C3F3072262F30F20C3F3074318
:10A9800063F3174004B0704700291FB5B8BF4942B0
:10A99000002AB8BF524209B2090112B2FF294FEA98
:10A9A0000212A8BFFF21FF2AA8BFFF22BDF818404E
:10A9B00009B2234412B29BB29142D4BF5B189B18D8
:10A9C0009BB2FF2B28BFFF23DB430190DBB2C0F318
:10A9D00007400344FF2B28BFFF2300208DF80630DB
:10A9E000019BDAB262F30700C3F3072262F30F2080
:10A9F000C3F3074363F3174004B010BD1FB5482BE2
:10AA00000190C0F3074030D8BDF81840E31A9BB25C
:10AA1000FF2B28BFFF23083189B2102905D902F185
:10AA2000080189B2112928BFFF23DB43DBB2184498
:10AA3000002AB8BF0332FF2828BFFF208DF8060088
:10AA400000200B49497801EBA2028DF80420019BFC
:10AA5000DAB262F30700C3F3072262F30F20C3F3F5
:10AA6000074363F3174004B010BDFF23D3E700BFD3
:10AA70009044002084B0BDF81020C0F30741D31AE1
:10AA80009BB2FF2B28BFFF23DBB2DA43D2B21144C3
:10AA9000FF2928BFFF210190034400208DF80430D6
:10AAA0008DF80610019BDAB262F30700C3F30722A8
:10AAB00062F30F20C3F3074363F3174004B07047FA
:10AAC00084B0BDF810200190D31A9BB2FF2B28BF91
:10AAD000FF23DB43C0F30740DBB20344FF2B28BF57
:10AAE000FF2300208DF80630019BDAB262F30700E5
:10AAF000C3F3072262F30F20C3F3074363F3174046
:10AB000004B07047024B1A7810431870704700BFAA
:10AB1000A2370020012310B5044C08221721044855
:10AB20002370FFF761F90023237010BDA2370020C6
:10AB30009044002010B5044610B9C90FC80110BDDB
:10AB400080EAE072A2EBE07212B2002902EB01038C
:10AB50000BDB891A490191FBF3F1C1F12001C8B265
:10AB6000002CBCBF4042C0B2E9E75B01521A93FB24
:10AB7000F2F3C3F16003D8B2F2E730B5C0F30725B2
:10AB800085B0EB1A01901046DCB2FFF7D3FFC0EBA3
:10AB9000801300EB830004440020E4B26C432412D1
:10ABA0008DF80540019BDAB262F30700C3F3072278
:10ABB00062F30F20C3F3074363F3174005B030BDC2
:10ABC00030B5C0F3074585B0EB1A01901046DCB2F2
:10ABD000FFF7B0FFC0EB801300EB830004440020BC
:10ABE000E4B26C4324128DF80640019BDAB262F3A2
:10ABF0000700C3F3072262F30F20C3F3074363F395
:10AC0000174005B030BD30B585B0C0F307250190C1
:10AC10009DF820001C1A1046FFF78CFF2C44E4B26C
:10AC2000241A0020E4B26C4324128DF80540019BE5
:10AC3000DAB262F30700C3F3072262F30F20C3F313
:10AC4000074363F3174005B030BD30B585B0C0F39E
:10AC5000074501909DF820001C1A1046FFF76AFF77
:10AC60002C44E4B2241A0020E4B26C4324128DF880
:10AC70000640019BDAB262F30700C3F3072262F3D6
:10AC80000F20C3F3074363F3174005B030BD1FB572
:10AC9000019010461C46FFF74DFF031900208DF868
:10ACA0000430019BDAB262F30700C3F3072262F3B8
:10ACB0000F20C3F3074363F3174004B010BD1FB563
:10ACC00001909DF818001C1A1046FFF733FFE4B2FC
:10ACD000241A00208DF80440019BDAB262F30700C9
:10ACE000C3F3072262F30F20C3F3074363F3174054
:10ACF00004B010BD082208B517210348FFF72CF84F
:10AD00000022024B1A7008BD90440020A237002098
:10AD100084B004B0FFF79EBB2DE9F74FDFF8D4A055
:10AD2000C0EB00180AEB08035B5C0746FF2B0E46DE
:10AD30002BD00025304A90444FF0000BC5EB051492
:10AD400003F12C090AEB04010AEB4909144411F838
:10AD500001EBBEF1FF0F0ED0E8B2874218D15FFAC7
:10AD60008BF0864214D118F806002030FF2828BF47
:10AD7000FF2008F806000BF1010BBBF10F0F04F1E7
:10AD80000104E4D10135062DD6D103B0BDE8F08F22
:10AD90000EF12C0E0AEB4E0E9EF802C099F802003E
:10ADA0009EF803E0A0EB0C0099F803C00191ACEB16
:10ADB0000E0C1FFA8CFC0CFB0CFC00FB00C080B2DC
:10ADC0000093FFF74CFB2828009B01990A4AD2D830
:10ADD00094F800C0C0F1280080B2102894BF8444C9
:10ADE0000CF1100C1FFA8CF0FF2828BFFF202070F8
:10ADF000C1E700BFEE0D0020D0370020FFF77ABF7B
:10AE000010B5084C85232046032200F8013B064973
:10AE1000F5F764FD4FF62673A380BDE81040FFF7F9
:10AE200069BF00BF90440020251D01080020704725
:10AE300070B504460E461546FFF7F8FF054BC4EB08
:10AE4000041423449B5DFF2B1EBF2B540130C0B262
:10AE500070BD00BFEE0D0020014BDB68184700BF3E
:10AE6000B428010810B4024C6468A44610BC6047C2
:10AE7000B428010837B5194B0446034493F88831C8
:10AE8000194229D0164B9A7859788DF80120DA7832
:10AE90008DF80220FFF70AFB4FF4B47201F1B403FE
:10AEA000B3FBF2F502FB15335B1A48BF03339B106B
:10AEB00000F0030003FB00118DF800100098FFF76D
:10AEC00027FFC0F30743C2B2C0F30721204603B0F7
:10AED000BDE83040FFF7C6BF03B030BDEE0D002027
:10AEE0009044002013B5134B0446034493F8883173
:10AEF00019421CD0FFF7DAFA8DF80000FFF7D6FAF6
:10AF000040F357037F338DF801300B4BDB788DF81E
:10AF100002300098FFF7FCFEC0F30743C2B2C0F353
:10AF20000721204602B0BDE81040FFF79BBF02B0EA
:10AF300010BD00BFEE0D002090440020014B9B6827
:10AF4000184700BFB42801082DE9F04F534B87B0D4
:10AF5000DC78534E04EB44034FEAA30B9B080193A8
:10AF6000FF23B3FBF4F3009383785BB10022114617
:10AF70001046FFF7E3FF5A2200214A48F5F728FC64
:10AF8000002333700025484FDFF818A13B780133C8
:10AF90003B70A4EB0B030293D0464FF000093278CC
:10AFA0005FFA89F31A4362D10393F5F7F9FA3F4B3D
:10AFB0009842039B5BDC8AF800402946184604AAA5
:10AFC000FFF736FF90B198F80020019B9DF8100024
:10AFD0009A425BD9A2EB0B030BFB03F3029A93FBA0
:10AFE000F2F32246DBB21946FFF73CFF09F10109F3
:10AFF000B9F1060F08F10F08D1D10135EDB20F2DCF
:10B000000AF1010AC8D13B78009A934204BF002399
:10B010003B7033780133DBB21C2B3DD90023244D28
:10B0200033702E460523671E284631460F22052B16
:10B0300004D190F800C0644508BF077011F80FCC28
:10B04000013AA44524BF01F80F7C0C7012F0FF02F6
:10B0500001F1010100F10100E9D1013B13F0FF030F
:10B06000A6F10F06E0D1002007B0BDE8F08F98F8F8
:10B070000020002AA1D094429FD9397800988142BB
:10B0800004BF02F1FF3288F8002096E76243B2FB6A
:10B09000FBF20023D2B2A6E73370E4E7904400202D
:10B0A000A1370020D0370020A03700205455550587
:10B0B0001B3800202DE9F04F85B00746884615461D
:10B0C000FEF7EAF9814600284ED0002D4FD04146C8
:10B0D000384602AAFFF7ACFE0446344E33781A19FC
:10B0E000082A24DDC4F108039A46611C1A4631443B
:10B0F000701CF5F7F3FB04F109015246314406F1E7
:10B100000900F5F7EBFB06EB44014FEA4A0219315F
:10B1100006F11900F5F7E2FB04F111015246314442
:10B1200006F11100F5F7DAFB5FFA8AF3337002AA31
:10B130000192002211469646DFF870C0D0B200EBB3
:10B14000030A84425FFA8AFB13D811B11C44174BDF
:10B150001C704DB1164B1B7803F0FC037C2B03D104
:10B1600041463846FFF7D8FD05B0BDE8F08F2C46C4
:10B17000B3E701990F4E11F801AB0CEB0B000191F5
:10B180000AF12C0106EB41018E78C97846704172B4
:10B190000BF10C010CEB410181F801E081F802E0B8
:10B1A00080F811A049460132C8E700BFA33700204C
:10B1B00090440020EE0D00200120704708B5FFF7F5
:10B1C000FBFF08BDC0EB4010C3B2002003F11F021B
:10B1D000D2B2972A63F30700134628BF972382B0A1
:10B1E00063F30F2002B070472DE9F04F074689B096
:10B1F00000780291FFF7E6FFDFF8CC80334BC4B252
:10B200001D8898F80430ADF814005B085D43304B9E
:10B21000C0F3072BC5F3072503EB440603F5C479F8
:10B22000E3B29B4507D8BBF1960F8CBF00200120ED
:10B2300009B0BDE8F08F19F804207B781A4240D09D
:10B2400096F85A1096F85B2070391FFA81FA0AFBBB
:10B250000AF0203A92B202FB020080B20392FFF79A
:10B26000FEF80095034698F801C098F8020098F897
:10B2700003E0039A4CEA002012B20FFA8AF1DDF8DB
:10B2800008C040EA0E40E047C0F307238DF81C00D9
:10B29000C0F307408DF81D308DF81E000798FFF7AA
:10B2A00037FDC0F30721C0F307438DF818008DF870
:10B2B00019108DF81A30C2B2DBB22046C9B2FFF7BE
:10B2C000D1FD02360134ABE79044002098440020C1
:10B2D000EE0D00200149FFF787BF00BF07AC000853
:10B2E0000149FFF781BF00BF4BAC00080149FFF7E0
:10B2F0007BBF00BFB5A600080149FFF775BF00BFBF
:10B30000BFAC00082DE9F04F074685B00078FFF785
:10B3100059FF8A46DFF8A8802A4B98F804501B880A
:10B320006D085D43284BC4B2ADF80400C0F3072B91
:10B33000C5F3072503EB440603F5C479E3B29B4547
:10B3400007D8BBF1960F8CBF0020012005B0BDE8E7
:10B35000F08F19F804207B781A422ED098F802302A
:10B3600098F8010098F803C096F85B2096F85A10F8
:10B3700040EA0320203A70392B4640EA0C40D0477F
:10B38000C0F307238DF80C00C0F307408DF80D3093
:10B390008DF80E000398FFF7BBFCC0F30721C0F344
:10B3A00007438DF808008DF809108DF80A30C2B2F5
:10B3B000DBB22046C9B2FFF755FD02360134BDE7C6
:10B3C0009044002098440020EE0D00200149FFF732
:10B3D00099BF00BF7BAB00080149FFF793BF00BFD7
:10B3E000C1AB00080149FFF78DBF00BFE7A6000809
:10B3F0000149FFF787BF00BF8FAC00082DE9FF4769
:10B4000006460078FFF7DEFE8846244F244A3B7943
:10B4100015889B0803FB0555DFF888A0ADF80400EC
:10B42000C0F30729C5F30725C4B2E1B2894507D89F
:10B43000B9F1960F8CBF0020012004B0BDE8F08761
:10B440001AF8042073781A4225D0BA787B78F878F5
:10B4500043EA022343EA00402A46C047C0F30723D9
:10B460008DF80C00C0F307408DF80D308DF80E00FC
:10B470000398FFF74DFCC0F30721C0F307438DF895
:10B4800008008DF809108DF80A30C2B2DBB22046F0
:10B49000C9B2FFF7E7FC0134C7E700BF90440020C2
:10B4A00098440020760F00200149FFF7A7BF00BF96
:10B4B00019A500080149FFF7A1BF00BF71A5000849
:10B4C0000149FFF79BBF00BFC9A500080149FFF76D
:10B4D00095BF00BFF1A500080149FFF78FBF00BF6E
:10B4E00029A600080149FFF789BF00BF61A600082F
:10B4F0000149FFF783BF00BF35A800080149FFF7E6
:10B500007DBF00BF95A800082DE9F04F804689B0A7
:10B510000078FFF757FEDFF8B8902E4B99F80440FB
:10B520001B88A4085C43C4F30724ADF81400C6B21A
:10B53000C0F3072504F14000C0B28A46FEF7C8FFF9
:10B54000803843B220460393FEF7C2FFDFF888B08D
:10B55000A0F180077FB2F3B29D4206D8962D8CBF32
:10B560000020012009B0BDE8F08F1BF8061098F804
:10B57000012011422AD0009499F8022099F8010084
:10B5800099F803C040EA022003993A4640EA0C4089
:10B59000D047C0F307238DF81C00C0F307408DF897
:10B5A0001D308DF81E000798FFF7B2FBC0F307218E
:10B5B000C0F307438DF818008DF819108DF81A3074
:10B5C000C2B2DBB23046C9B2FFF74CFC0136C2E76B
:10B5D0009044002098440020760F00200149FFF796
:10B5E00093BF00BF35A700080149FFF78DBF00BF1B
:10B5F00085A700080149FFF787BF00BFD5A700084E
:10B600002DE9F04F374D85B007460078FFF7DAFD9A
:10B610002B794FF6FF760133FF2B28BFFF23884697
:10B62000B6FBF3F6DFF8C0B0DFF8C0A0ADF8040059
:10B63000C0F30729C4B2E1B2894507D8B9F1960F22
:10B640008CBF0020012005B0BDE8F08F1BF804205E
:10B650007B781A4234D09AF800302548013B5BB21F
:10B660001A062FD5324629796B780131FF2928BF78
:10B67000FF215143AA78E87843EA0223C1F30F215E
:10B6800043EA0040C047C0F307238DF80C00C0F325
:10B6900007408DF80D308DF80E000398FFF738FB4A
:10B6A000C0F30721C0F307438DF808008DF8091097
:10B6B0008DF80A30C2B2DBB22046C9B2FFF7D2FB26
:10B6C0000134B8E7C25C8A420AD103F10C020AEBEA
:10B6D000420292F801C092784CEA0222B242C2D3EE
:10B6E000013BBDE790440020760F00209C440020E1
:10B6F000AD4400200149FFF783BF00BFE1A8000867
:10B700000149FFF77DBF00BF13A900082DE9F04FE5
:10B7100082468DB008780492FFF754FD8B46474B64
:10B72000C4B21B78ADF824000393454BC0F307293E
:10B7300003EB440603F5C4730593E3B2994507D8B8
:10B74000B9F1960F8CBF002001200DB0BDE8F08F3D
:10B75000059B1A5D9BF801301A4226D057460025FA
:10B76000032238490AA8F5F7B9F8344B0AEB030865
:10B77000039AFBB29A421BD8334BDB786B431B1204
:10B780008DF82A300A98FFF7C3FAC0F30721C0F3F7
:10B7900007438DF82C008DF82D108DF82E30C2B295
:10B7A000DBB22046C9B2FFF75DFB01340236C4E7C5
:10B7B00018F8013F96F85A1096F85B20C91A98F8C5
:10B7C000083089B2D21A92B202FB02F001FB0100EA
:10B7D00080B207920691FEF742FE1B4B07F10C0E5A
:10B7E00093F804C0154B0CF1010CBCF1FF0F28BFFE
:10B7F0004FF0FF0C03EB4E0E9EF801309EF802E076
:10B80000079A43EA0E2303FB0CFC0699CCF30F23A3
:10B810008DF82A500093049D034612B20A9809B28B
:10B82000A847C0F307238DF82800C0F307408DF820
:10B8300029308DF82A00C5B2013799E79C440020D1
:10B84000EE0D00209144002090440020044B01465E
:10B850001B78044A013B23EAE373D8B2FFF756BFD3
:10B860009C44002041A900080146024A0020FFF73D
:10B870004DBF00BF41A90008044B01461B78044A94
:10B88000013B23EAE373D8B2FFF740BF9C4400209A
:10B8900089A900080146024A0020FFF737BF00BF10
:10B8A00089A90008044B01461B78044A013B23EA9E
:10B8B000E373D8B2FFF72ABF9C440020FDA900081B
:10B8C0000146024A0020FFF721BF00BFFDA9000882
:10B8D000044B01461B78044A013B23EAE373D8B2C8
:10B8E000FFF714BF9C44002075AA00080146024AD5
:10B8F0000020FFF70BBF00BF75AA0008044B0146EC
:10B900001B78044A013B23EAE373D8B2FFF7FEBE7B
:10B910009C440020C1AA00080146024A0020FFF70B
:10B92000F5BE00BFC1AA0008F7B506460078FFF7CC
:10B9300049FC194AADF8000053789178C4B2C0F3BD
:10B940000725D07843EA012343EA0040FFF7E0F9F6
:10B95000C0F307238DF80530104FC0F307438DF86F
:10B9600004008DF80630E3B29D4205D8962D8CBFB9
:10B970000020012003B0F0BD3A5D73781A4208D070
:10B9800020469DF806309DF804209DF80510FFF72D
:10B9900069FA0134E7E700BF90440020760F0020E9
:10B9A0002DE9FF4106460078FFF70CFCDFF8A08088
:10B9B000032208F10101ADF80000C5B2C0F307246D
:10B9C00001A8F4F78BFF019898F80170FFF7A0F930
:10B9D000C0F307238DF8093098F804308DF808007B
:10B9E0001F448DF80470C0F307408DF80A000198D9
:10B9F000FFF78EF9C0F307238DF80D30154FC0F314
:10BA000007438DF80C008DF80E30EBB29C4206D83F
:10BA1000962C8CBF0020012004B0BDE8F0817B5D36
:10BA20007278134211D0DB07284643BF9DF80E30D1
:10BA30009DF80C209DF80D109DF80A305CBF9DF814
:10BA400008209DF80910FFF70DFA0135DDE700BF6A
:10BA500090440020760F00202DE9FF47064600782D
:10BA6000FFF7B0FBDFF88480ADF804000322C5B215
:10BA7000C0F3072408F1010102A8F4F72FFF6FF4C7
:10BA8000967398F80470DFF86890BF0809EB030A12
:10BA9000EBB29C4206D8962C8CBF0020012004B04B
:10BAA000BDE8F08719F8052073781A421BD01AF800
:10BAB000152098F80130120902FB07338DF8083081
:10BAC0000298FFF725F9C0F30721C0F307438DF86B
:10BAD0000C008DF80D108DF80E30C2B2DBB2284686
:10BAE000C9B2FFF7BFF90135D2E700BF904400208B
:10BAF000760F00202DE9FF4706460078FFF762FB2E
:10BB0000DFF88080ADF804000322C5B2C0F307243B
:10BB100008F1010102A8F4F7E1FEDFF86C9098F853
:10BB20000470A9F5977ABF08EBB29C4206D8962C10
:10BB30008CBF0020012004B0BDE8F08719F8052073
:10BB400073781A421BD01AF8152098F801307A43FE
:10BB500003EB52138DF808300298FFF7D9F8C0F3C1
:10BB60000721C0F307438DF80C008DF80D108DF8F8
:10BB70000E30C2B2DBB22846C9B2FFF773F9013505
:10BB8000D2E700BF90440020760F00202DE9FF414E
:10BB900006460078FFF716FBDFF89880032208F1CD
:10BBA0000101ADF80400C5B2C0F3072402A8F4F700
:10BBB00095FE214B98F80370188898F80430DB083C
:10BBC0005843C0F30720FEF783FCA0F18002D3B2F4
:10BBD000120644BFC0F18000C3B25B00DBB27B43FE
:10BBE0001B128DF80A300298FFF792F8134FC0F33A
:10BBF00007238DF80C00C0F307408DF80D308DF849
:10BC00000E00EBB29C4206D8962C8CBF002001207F
:10BC100004B0BDE8F0817A5D73781A4208D02846F6
:10BC20009DF80E309DF80C209DF80D10FFF71AF9C5
:10BC30000135E6E79044002098440020760F00206C
:10BC400073B505460078FFF7BDFAAB78ADF8040090
:10BC5000C0F30724FBB9154B154A1B791288103322
:10BC6000FF2B28BFFF2353430A22C3F30F23B3FB49
:10BC7000F2F102FB11339BB23BB9FEF717FC97239D
:10BC8000584369780012FFF7F5F8962C8CBF002016
:10BC9000012002B070BD9DF80460B442F5DD30466D
:10BCA0006978FFF7E7F80136F7E700BF9044002016
:10BCB0009844002073B505460078FFF783FAAB7807
:10BCC000ADF80400C0F3072403BB154B154A1B79DC
:10BCD00012881033FF2B28BFFF2353430522C3F3E1
:10BCE0000F23B3FBF2F202EB82029B1A9BB23BB929
:10BCF000FEF7DCFB9723584369780012FFF7F2F850
:10BD0000962C8CBF0020012002B070BD9DF804600D
:10BD1000B442F5DD30466978FFF7E4F80136F7E71D
:10BD200090440020984400202DE9FF410646007809
:10BD3000FFF748FADFF8A080032208F10101ADF80F
:10BD40000400C5B2C0F3072402A8F4F7C7FD234BD3
:10BD500098F80170188898F80430DB085843C0F34D
:10BD60000720FEF7B5FBA0F18002D3B212064FF018
:10BD70000C0244BFC0F18000C3B25B00DBB253438E
:10BD800007EB13278DF808700298FEF763FB144F3A
:10BD9000C0F307238DF80C00C0F307408DF80D3079
:10BDA0008DF80E00EBB29C4206D8962C8CBF00207A
:10BDB000012004B0BDE8F0817A5D73781A4208D0A2
:10BDC00028469DF80E309DF80C209DF80D10FFF7C9
:10BDD00049F80135E6E700BF904400209844002070
:10BDE000760F00202DE9F04F074687B00078FFF767
:10BDF000E9F9C3B20193BB78ADF80C00C0F3072496
:10BE00004BB1002211461046FFF798F85A22002144
:10BE10003E48F4F7DDFC3B786BB93D4D288802F0D5
:10BE200030FC18288CBF012200223A4B1A7002D92C
:10BE300002F022FC28800026B0464FF00F0B364B54
:10BE400006EB030A314B06EB03091AF8013B019A92
:10BE500093420CD3A3420AD22F4A134493F8882169
:10BE60007B781A4218D108F101085FFA88F80BF1C3
:10BE7000FF3313F0FF0B09F10109E6D14B2E04D07B
:10BE8000B8F11E0F06F10F06D7D9962C8CBF0020F3
:10BE9000012007B0BDE8F08F99F800501F4AA5F1C6
:10BEA000550323EAE373C3F1AA038DF810309378A6
:10BEB000D2788DF8113005F1AA03FF2B28BFFF239C
:10BEC00003EB43030233DBB253431B128DF81230F2
:10BED0000498FEF71DFFC0F30721C0F307438DF858
:10BEE00014008DF815108DF81630C2B2DBB21AF8B6
:10BEF000010CC9B2FEF7B6FF064B1B78002BB2D07F
:10BF0000013D25EAE57589F80050ACE7D0370020FF
:10BF10002C3800202A380020EE0D0020904400200C
:10BF200013B50078FFF74EF9C0F307242146C0B2DD
:10BF3000F7F7F8FE962C8CBF0020012002B010BD50
:10BF400007B500780138C0B2FFF73CF9C0F307210C
:10BF5000C0B2FBF741FC03B05DF804FB2DE9F04FE4
:10BF6000964C8FB0206802F093FB054602F04CFB24
:10BF700020600024924EA44696F800E0C5F57F4765
:10BF80007146FF37E3B29E4517D8BCF1000F00D0D1
:10BF900031708C4D8C4C2B7813F0030218BF9B082A
:10BFA000019218BF01932378032B00F22483DFE86A
:10BFB00013F01C0029002E033A0304F10C0206EBD7
:10BFC0004202537892F80280013443EA08239F42E8
:10BFD00029BF5B1901F1FF315370C3F307233ABF47
:10BFE0004FF0010CC9B29370CCE70022774B744933
:10BFF0001A70774B292218607648F4F76FFC0123FA
:10C000002370F8E2744B019A1B78934246D1734A2D
:10C010002B78127803F003039B1A18BF01236B4E91
:10C020007278B3706B799A4205D00022114610469F
:10C030007370FEF783FF019A2D2A38D8DFE812F0DB
:10C040003000390056005A005E00620066006A0047
:10C050006E00720076007A007E00820086008A0000
:10C060008E00920096009A009E00A200A600AA00F0
:10C07000AE00B200B600BA00D0002901E6019D0270
:10C08000A102A502A902AD02B102B502B902BD0228
:10C09000C102C502C902CD02D102D5020123BEE709
:10C0A000B37823B1002211461046FEF747FF002067
:10C0B00002E04648FFF738FC444B1A7801321A7008
:10C0C000002840F09B8202213F4A9B781170002B90
:10C0D00040F0B682019B002B00F08B82FFF76EF8D8
:10C0E0003A480FB0BDE8F04FFFF72ABF3748FFF7D7
:10C0F00057FCE1E73548FFF7AFFCDDE73348FFF7D2
:10C10000F9FCD9E73148FFF741FDD5E72F48FFF7A4
:10C11000CBF9D1E72D48FFF7CDF9CDE72B48FFF755
:10C1200055F9C9E72948FFF757F9C5E72748FFF749
:10C13000D1F8C1E72548FFF7D3F8BDE72348FFF75B
:10C14000BFF9B9E72148FFF7C1F9B5E71F48FFF785
:10C15000C3F9B1E71D48FFF7C5F9ADE71B48FFF785
:10C16000C5F8A9E71948FFF73DF9A5E71748FFF714
:10C170003FF9A1E71548FFF7BFF89DE71348FFF720
:10C180002DFA99E71148FFF72FFA95E70F48FFF7C7
:10C1900031FA91E70D48FFF753FD8DE70B48FFF7A4
:10C1A00089FD89E70948FFF7BFFD85E70748FFF7E5
:10C1B0009FF981E70548FFF7A1F97DE7CC3700201B
:10C1C000A3370020904400201C1000201D100020E8
:10C1D000984400209C4400202010002021100020C2
:10C1E0003078FEF7EFFFDFF80882824FD8F80020A2
:10C1F0003B68ADF82C009A42C0F3072437D9FEF70C
:10C2000055F9972358437C4B4FEA202903EB202311
:10C2100093F8882173781A4229D0FEF747F98207EC
:10C220002AD50023ADF830308DF832300C98FEF767
:10C230006FFDC0F30721C0F30743C2B28DF834008D
:10C240008DF835108DF836304846DBB2C9B2FEF7AE
:10C2500009FE2B794FF4FA721033FF2B28BFFF230E
:10C260001B09B2FBF3F3D8F8002013443B60962C73
:10C270008CBF002001201FE7FEF718F98DF8300071
:10C28000FEF714F940F357007F30EB788DF831005A
:10C29000CAE7DFF86891DFF858A1D9F80020DAF88A
:10C2A00000309A423FF603AFB378554FBBBB3078AE
:10C2B000FEF788FFADF83000C0F30724C0B200EBF2
:10C2C0004008DFF840B1B844C3B29C425FD8962C16
:10C2D000CDD94D4904EB4402033AC81EF4F7D4F912
:10C2E000FEF7E4F804F1FF3810F0020F4FEA4806B9
:10C2F00060D000234644BA19BB55537093702B7914
:10C3000040F6B8321033FF2B28BFFF231B09B2FBC6
:10C31000F3F3DAF800201344C9F80030A7E700224D
:10C32000002411461046FEF709FEB846A346FEF764
:10C33000BDF883070BD588F800B088F801B088F8FD
:10C3400002B00134972C08F10308F0D1AFE7FEF7F3
:10C35000ADF88DF83400FEF7A9F8EB7840F35700FC
:10C360007F3004EB44028DF836308DF83500BB1871
:10C370000D9803920293FEF76DF8039A029BB8544E
:10C38000C0F30722C0F307405A709870D9E71BF832
:10C39000002073781A4209D098F8023098F80020EB
:10C3A00098F801100290FEF75DFD029808F103086D
:10C3B000013089E7FEF77AF88DF83400FEF776F859
:10C3C000EB7840F357007F308DF836308DF835002C
:10C3D0000D98FEF73FF84644B85507EB0608C0F342
:10C3E0000723C0F3074088F8013088F8020086E789
:10C3F000984400209C370020EE0D00209837002044
:10C40000D0350020760F0020D3350020B37823B13B
:10C41000002211461046FEF791FD3078FEF7D2FE5D
:10C42000C0F307230893884BADF830001A68874B98
:10C430001B689A4240F29880AA786B78E87843EAC1
:10C44000022343EA0040FEF763FC814DC0F307225C
:10C45000AB46C0F307438DF835208DF83630C1B2B6
:10C46000D2B2DBB27B4FDFF8F0918DF8340003914C
:10C4700004920593AA46B84600260F35CDF818A0B9
:10C48000079518F8014B002C71D003A91AC9029323
:10C49000069B13F8010B06930BEB000393F888211E
:10C4A00099F801301A4205D02346029A0991FEF705
:10C4B000D9FC0999079B13F8010D07930BEB0003B7
:10C4C00093F8882199F801301A4203D02346029A42
:10C4D000FEF7C8FC013698F80030F6B2062E08F8D0
:10C4E000013CCED1BC79002C44D0059C039EDDF8E4
:10C4F00010809AF806000BEB000393F8882199F856
:10C5000001301A4204D0234642463146FEF7AAFCC7
:10C510009AF808000BEB000393F8882199F8013092
:10C520001A4204D0234642463146FEF79BFCFDF7F3
:10C53000BDFF00F00300B0FA80F0484B40099D4277
:10C54000B87107F1070795D1454B40F6B8321B7912
:10C550001033FF2B28BFFF231B09B2FBF3F33A4A2A
:10C5600012681344394A1360089B962B80E62146D3
:10C5700002948DE72646A046BBE73748FFF732FC1A
:10C580009AE53548FEF7E0FC91E53348FFF7B2F84D
:10C5900092E53148FFF7B4F88EE52F48FFF756F9DA
:10C5A0008AE52D48FFF760F986E52B48FFF764F927
:10C5B00082E52948FFF76EF97EE52748FFF772F913
:10C5C0007AE52548FFF77CF976E52348FFF780F9FF
:10C5D00072E52148FFF78AF96EE51F48FFF78EF9EB
:10C5E0006AE51D48FFF798F966E51B48FFF798FCD8
:10C5F00062E5032313700FB0BDE8F08F019B002BA1
:10C60000F9D0184B1B78022B7FF46AAD66E5019ACE
:10C61000154B1A702B78154AC3F301031370FEF7FC
:10C620001BFC0323ECE4124B1B780BB1FEF762FBFF
:10C63000054B186802F02CF80F28DCD90023DFE442
:10C64000019B002BD7D049E598440020CC35002031
:10C65000EE0D0020A03500201D100020480E002007
:10C66000904400201C1000202010002021100020E9
:10C67000A237002010B500240D4B1B6898470D48C9
:10C680001022FF2100F8194BF4F7A2F80A481022F3
:10C69000FF2100F8194BF4F79BF8FEF73BFA074B24
:10C6A0001B78032B03D8BDE81040FEF7A9BB10BDD3
:10C6B000B42801089C440020A337002090440020A7
:10C6C00070470000044A137883F0010313700022BE
:10C6D000024B1A70FEF716BA904400201C1000207E
:10C6E0000020FFF7EFBF0120FFF7ECBF064A1378E9
:10C6F00013F0030304BF05490B700121137861F3A4
:10C7000001031370704700BF904400201C100020EC
:10C71000054B1A7892071EBF0021044A11701A783F
:10C7200022F003021A707047904400201C10002071
:10C73000024B187800F00300704700BF90440020BF
:10C740000C4A034608461178890711D063B12D2B96
:10C750000CD803F03F03117863F3870111700022B6
:10C76000054B1A70FEF7CEB90123F4E72D23F2E74B
:10C77000704700BF904400201C1000200021FFF7EC
:10C78000DFBF0121FFF7DCBF014B1878800870473D
:10C7900090440020054B01461B789B0801332E2B4B
:10C7A00034BF18460120FFF7CBBF00BF90440020E4
:10C7B0000120FFF7EFBF0000064B01461B78C3F3D3
:10C7C0008503013B13F0FF0314BF18462D20FFF72C
:10C7D000B7BF00BF904400200120FFF7EDBF00006D
:10C7E00030B4084C0546184623789B0708D0A02A89
:10C7F00028BFA0226570A170E27030BCFEF782B93C
:10C8000030BC7047904400200023FFF7E9BF0123AC
:10C81000FFF7E6BF07B50322094901A8F4F75EF860
:10C8200000209DF8043063F307009DF8053063F3A2
:10C830000F209DF8063063F3174003B05DF804FB4A
:10C8400091440020014B5878704700BF904400206D
:10C85000014B9878704700BF90440020014BD87876
:10C86000704700BF90440020034903464878CA78C7
:10C8700008308978FFF7B4BF904400200120FFF70B
:10C88000F3BF0000054910B44C780346083CCA7851
:10C89000A0B2897810BCFFF7A3BF00BF904400206E
:10C8A0000120FFF7EFBF000010B4064C0346A1784B
:10C8B000E2781031FF2928BFFF216078C9B210BC8F
:10C8C000FFF78EBF904400200120FFF7EDBF00006E
:10C8D00010B4064C0346A178E278103921EAE171E0
:10C8E0006078C9B210BCFFF77BBF00BF9044002046
:10C8F0000120FFF7EDBF000010B4064C0346E278BC
:10C90000A1782032FF2A28BFFF226078D2B210BC63
:10C91000FFF766BF904400200120FFF7EDBF000045
:10C9200010B4064C0346E278A178203A22EAE2727B
:10C930006078D2B210BCFFF753BF00BF9044002014
:10C940000120FFF7EDBF0000024B18710020FEF739
:10C95000D9B800BF90440020024B18710120FEF7A7
:10C96000D1B800BF90440020014B1879704700BF38
:10C9700090440020044A13792833FF2B28BFFF235B
:10C980001371FEF7BFB800BF904400200120FFF7ED
:10C99000F1BF0000034A1379283B23EAE3731371C4
:10C9A000FEF7B0B8904400200120FFF7F3BF00006D
:10C9B000024B58710020FEF7A5B800BF904400203C
:10C9C000F0B50C4D00EB4007EE1996F801C044009D
:10C9D0008C4505D1EF5D974202D1B6789E4207D0D3
:10C9E00001272044044E2C18377061702A54A3701C
:10C9F000F0BD00BFC54400202E38002070B513469E
:10CA000005460E4600242046324629460134FFF7EB
:10CA1000D7FF972CF7D170BD08B500F02BFA002294
:10CA2000014B1A7008BD00BF2E38002010B5054C10
:10CA300023782BB19721044800F036FA00232370A5
:10CA400010BD00BF2E380020C544002000B11047A3
:10CA50000847000038B54D790446002D43D1FCF756
:10CA6000FBFAA4F5F043203B00F02200142B3AD847
:10CA7000DFE803F00B0F14171A1D202326292C2F93
:10CA80003335370D0D0D0D0D0D00FFF72CFE28462B
:10CA900038BD164A1649FFF7D9FFF8E7144A13497B
:10CAA000F9E7144A1449F6E7134A1249F3E7134A1F
:10CAB0001349F0E7124A1149EDE7124A1249EAE731
:10CAC000114A1049E7E7114A1149E4E7104A0F49B2
:10CAD000E1E70120FFF755FED9E70520FAE70D2031
:10CAE000F8E71220F6E70125D1E700BFD9C7000813
:10CAF000B1C70008A1C800087DC80008F1C8000837
:10CB0000C9C8000841C9000819C90008A9C9000816
:10CB10008DC900082DE9F0414FF0120C461805466A
:10CB2000194610460027B54201D3BDE8F08115F83B
:10CB3000013B83EA0002A2FB0C830CFB013348019A
:10CB4000540114EB080440EAD26043EB00034FEABF
:10CB5000C218A4184FEAC11041EB03034FEA022E9A
:10CB600040EA526014EB08044FEA012143EB000352
:10CB700041EA126114EB0E0443EB01030EEB0301D7
:10CB80003819D0E7FCF788BC08B508220021034813
:10CB9000F3F71EFEBDE8084000F004B9303800206D
:10CBA0008378C078013303F003031B1A58425841BD
:10CBB000704710B50446FFF7F3FF78B9A37801F08A
:10CBC0007F01E01841EAC21202710120013303F033
:10CBD0000303A37023780133237010BD0020FCE70A
:10CBE00010B5C37884789C4211D003441B79C3F3F9
:10CBF000C014C3F306030B701470C378013303F041
:10CC00000303C370437801334370012010BD00203B
:10CC1000FCE700000A4601460148FFF7CABF00BF13
:10CC2000303800200A4601460148FFF7D9BF00BF4F
:10CC3000303800202DE9F0412D4B86B01A7832B102
:10CC400000221A702B4B9A78DA701A785A7000F01A
:10CC5000E3F8FFF797FF044600283CD00024FC26A9
:10CC600030E09DF806409DF807808DF81040B8F13F
:10CC7000000F34D0FD2302278DF8113001F0FCFCA9
:10CC80000123ADF812008DF815308DF8147006AB45
:10CC900013E90300FBF7FEFA8DF80840B8F1000F26
:10CCA00023D0FD238DF8093001F0E6FC0023ADF818
:10CCB0000A008DF80C708DF80D30DDE90201FBF7EC
:10CCC000E9FA2C460DF107010DF10600FFF7AAFF66
:10CCD00005460028C5D1204606B0BDE8F0818DF894
:10CCE0001160032701F0C8FCCAE78DF80960DBE793
:10CCF0002F380020303800204FF4165002F00EBDBF
:10CD0000012301F1804101F2064101F00F012022CF
:10CD1000024803FA01F104F039B900BF00040040F1
:10CD2000054B01F18041186901F2064101F00F0144
:10CD3000C84000F001007047000400407047000048
:10CD40002DE9F0410025154F3B78ECB2A3420CD8F9
:10CD5000FFF7D2FF0026DFF848803B78F5B2AB4200
:10CD60000DD8FFF7EBFFBDE8F08100212046FFF76B
:10CD7000C7FF01212046FFF7C3FF0135E4E700218B
:10CD80002846FFF7CDFF012104462846FFF7C8FFDC
:10CD900044EA400408F805400136DEE73838002050
:10CDA0003A3800200122024B1A70FFF7C9BF00BFBA
:10CDB0003838002038B541EA4203144ADBB2115C2E
:10CDC000044601F00305AB421FD043EA8103DBB206
:10CDD0000F4D13540F4A03F00F03D35C2A5C134426
:10CDE0005BB2012B2B5402DD0021FFF713FF2B5701
:10CDF000013303DA01212046FFF70CFF2B57002BEC
:10CE000003F00103B8BF5B422B5538BD3A38002010
:10CE100039380020C4290108F8B500250A4F3B78AD
:10CE2000ECB2A34200D8F8BD00212046FFF778FFFE
:10CE3000012106462046FFF773FF31460246204691
:10CE4000FFF7B8FF0135EAE738380020C1F10301E8
:10CE5000490040FA01F3022213F0010F14BF0E2320
:10CE600008238A4002421ABFA3F12000C0B243F057
:10CE70008000704708B540F282224FF40041074815
:10CE800004F084F8064803F015FB0649044803F053
:10CE90009BFABDE80840024803F0B2BA0004004023
:10CEA00020490020D42901082DE9F04F05460E46FF
:10CEB00000244FF00C08274F85B0E3B2B34208D3EB
:10CEC0004FF4F161234A244805B0BDE8F04F03F068
:10CED000B2BA4FF0000A03EB43016A1808FB03F9EA
:10CEE000695C0291517892780391019209F10302F1
:10CEF00002EB070B51460298FFF7A8FF0AF1010A5F
:10CF0000BAF1040F0BF8010FF4D14FF0000B09F147
:10CF1000070207EB020A59460398FFF797FF0BF148
:10CF2000010BBBF1040F0AF8010FF4D14FF0000B15
:10CF300009F10B0307EB030A59460198FFF786FF37
:10CF40000BF1010BBBF1040F0AF8010FF4D101340E
:10CF5000B3E700BF3B38002020490020FCF7C1B9EF
:10CF600008B50420FCF768FDC0F3C00008BD08B593
:10CF7000FCF722FE4FF4C86002F057FDFCF71CFEE0
:10CF8000FFF7EEFF28B1FFF7E9FFBDE8084001F029
:10CF900097BB08BD08B5FFF7EAFF08BD2DE9F843C8
:10CFA0009046994610B90020BDE8F8830029FAD0D0
:10CFB000002AF8D0002BF6D0054600232F783FBB7F
:10CFC000164E3278541CE4B23470BCB100234FEAE0
:10CFD000031C10F80CC0A44510D001338B42F6D1CD
:10CFE00007B1347033782B7001F00EFB089B40447E
:10CFF0006860C5F808903078EB60D5E7631CA24202
:10D000004FF00107DBB201D13370CCE71C46DCE7FF
:10D0100001338B4205F11005D0D1C4E74840002010
:10D02000034610B510468BB191B14AB100221C786D
:10D03000844206D1002201201A705A609A60DA6098
:10D0400010BD01328A4203F11003F0D10020F7E74E
:10D050000846F5E72DE9F041154604460E4601F075
:10D06000D3FA2B680746C31A002B03DD286000257E
:10D07000B54201D1BDE8F08194F80080B8F1000F0D
:10D080000DD06068C31B002B09DCA368E1689847DA
:10D090002378434503D128B16368034463600135B5
:10D0A0001034E5E720706060A060E060F7E7000002
:10D0B00007B50B460092082102460348FFF76EFFB2
:10D0C00003B05DF804FB00BFC43F00200246082106
:10D0D0000148FFF7A5BF00BFC43F00200821024A56
:10D0E0000248FFF7B7BF00BF44400020C43F002004
:10D0F000062070471E23520003FB0122B42303FBCA
:10D10000002000F216307047052838B510D80529E0
:10D110000ED80E2A0CD8FFF7EDFF0546FCF7CEFD22
:10D120000402681CFCF7CAFDA4B2204380B238BDDB
:10D130000020FCE7052870B51C460FD805290DD83E
:10D140000E2A0BD8FFF7D6FF0546210AFCF71EFE74
:10D15000E1B2681CBDE87040FCF718BE70BD052840
:10D1600070B5164616D8A9B9800000F24E7482F048
:10D17000010004EB4000FCF7A1FD002E4FEA002562
:10D180000CBF032001202044FCF798FDADB22843DA
:10D1900080B270BD0020FCE7052870B516461D461C
:10D1A00014D899B9800000F24E7482F0010004EBAB
:10D1B0004000190AFCF7EAFD002E0CBF03200120F5
:10D1C000E9B22044BDE87040FCF7E0BD70BD2DE938
:10D1D000F84300250026ECB212E05FFA87F94A46D0
:10D1E00041462046FAF78EFE013703464A4641463D
:10D1F0002046FFF79FFF0F2FEFD10136062E03D0F9
:10D2000000275FFA86F8E8E7012200212046FAF7B6
:10D210008DFE0122034600212046FFF7BDFF0022BC
:10D2200020461146FAF782FE0022034611462046A8
:10D230000135FFF7B1FF062DCCD1BDE8F88370B5FD
:10D24000144600F216355618B44200D170BDA5F24E
:10D250001633B3F5876F06DA2846FCF72FFD04F87E
:10D26000010B0135F0E70020F9E770B5144600F234
:10D2700016355618B44200D170BDA5F21633B3F579
:10D28000876F03DA28462178FCF780FD01340135E9
:10D29000F0E7052810B406D8052904D80E2A02D8CC
:10D2A00010BCFFF731BF002010BC7047052802D822
:10D2B00009B9FFF754BF002070472020704740F69F
:10D2C0009A007047F8B51446054640F69907561877
:10D2D000B44200D1F8BDBD4207DC05F26670FCF730
:10D2E000EDFC04F8010B0135F2E70020F9E7F8B591
:10D2F0001446054640F699075618B44200D1F8BDC9
:10D30000BD4204DC217805F26670FCF73FFD013474
:10D310000135F2E710B540F2667420460021013471
:10D32000FCF734FDB4F5805FF7D110BD1F282DE95F
:10D33000F341054655D840F6FF70FCF7BFFC0028C6
:10D340004FD140F266744DBB6F4600950195204663
:10D35000FCF7B4FC04F101088DF800008DF80150D1
:10D3600000283ED0012813D14046FCF7A7FCA61C9C
:10D370008DF80100A8B3431E022B1BD83046FCF7E2
:10D380009DFC04F103088DF8020050B38DF80350A2
:10D390000021384600F032FC4446D8E7B4F5805FFF
:10D3A0001FD02046FCF78AFC01340028F6D1013D4D
:10D3B000EDB2C8E704280FD102243046FCF77EFC0A
:10D3C0000136385568B17C2808D104F108030DEB0B
:10D3D0000304002304F8073CB046D9E70134072CC6
:10D3E000EBD102B0BDE8F08147F61643984210B584
:10D3F0000C461BD1FBF730FE62790D4B72B100F089
:10D40000AA00002813BF01220022292035201A700B
:10D4100001F00AF8FBF7EAFE002010BD1B78002B94
:10D420000CBF2920352001F019F8F3E70120F4E7BB
:10D430004940002038B505464879002800F0DC80D6
:10D44000A5F5E045ABB2222B00F2BB80FBF76CFFE9
:10D450006A4C013D2080212D12D8DFE805F04DBD3A
:10D46000551B1F59235D692FB5336D3771973B7578
:10D470009F417B8327612B65477F8EA9B31651C5DA
:10D48000237843F00103237095E0637843F00803A9
:10D49000637090E0237843F00203F4E7237843F0CD
:10D4A0000403F0E7237843F00803ECE7637843F0E4
:10D4B0000103EDE7637843F00203E9E7237843F0E3
:10D4C0001003E0E7237843F02003DCE7237843F000
:10D4D0004003D8E7FBF7F2F9237843F08003D2E763
:10D4E000237823F00C0343F00C03CCE7637823F09C
:10D4F000030343F00303CBE7237823F00103C2E7E0
:10D50000637823F00803C3E7237823F00203BAE724
:10D51000237823F00403B6E7237823F00803B2E767
:10D52000637823F00103B3E7637823F00203AFE7E6
:10D53000237823F01003A6E7237823F02003A2E743
:10D54000237823F040039EE7FBF7B8F9237823F014
:10D55000800398E7237823F00C0394E7637823F0A3
:10D56000030395E72378C3F3800282F00102D2B26D
:10D5700062F3820362F3C30385E76378DA4302F060
:10D58000010262F3000362F3410381E72378C3F3EE
:10D59000801282F0010262F3861374E7FBF78EF9C2
:10D5A0002378C3F3C01282F0010262F3C7136AE763
:10D5B0000120FBF7CEFE2088FBF7B9FEFBF77EF9D2
:10D5C000002038BD0020F4E72378C3F3001282F076
:10D5D000010262F3041356E72378C3F3000282F0DA
:10D5E000010262F300034EE76378C3F3C00282F0E6
:10D5F000010262F3C3034BE70120E2E77644002017
:10D6000000EB4003C3EB031300EB830083B200B2D3
:10D61000002807DA803800B20028B8BFFF300012B7
:10D6200040B2704703F18000C0F30720F8E7000024
:10D63000164B1B78D90707D5154B187840007F2863
:10D640001FD800B3C0B270479A0703D5104B1878A3
:10D650008000F4E75B0703D50D4B1878C000EEE7B8
:10D660000C4B1B785BB10C4A09491278087893423D
:10D67000F4D25843C000B0FBF2F080B2DFE70820DC
:10D68000E0E77F2070470120704700BF5040002036
:10D69000291000204F40002028100020144B1B7838
:10D6A000D90705D5134B18788008F0B1C0B2704780
:10D6B0009A0703D50F4B18784008F6E75B0705D5A6
:10D6C0000C4B18787F28F0D97F2070470A4B1B78C5
:10D6D0004BB10A4A07491278087893423CBF584335
:10D6E000B0FBF2F0EEE70120E0E70120704700BF59
:10D6F00050400020251000204E4000202410002023
:10D7000008B5A0F1CD03122B10D8DFE803F00A1002
:10D7100013192E2E2E2E2E2E2E2E1C21252B363C6E
:10D720004100FFF785FF40421C4BD87008BDFFF752
:10D730007FFFF9E7FFF77CFF4042184B9870F5E751
:10D74000FFF776FFF9E7FFF7A9FF144B1871EDE734
:10D75000FFF7A4FF4042F8E7FFF7A0FF40420F4B5E
:10D760005871E3E7FFF79AFFF9E701230B4AD13835
:10D77000517883400B435370D8E7094A137843F03C
:10D7800001031370D2E7064A137843F00203F8E767
:10D79000034A137843F00403F3E700BF514000202D
:10D7A00050400020414BCD2893F9032012D1002A8C
:10D7B00001DA0022DA70D9789A780A4351B20AB9AC
:10D7C0003B4A11701A795B7913435AB20BB9394B42
:10D7D0001A707047CE2802D1002AEADCEBE7CF2886
:10D7E00093F9022004D1002AE5DA00229A70E2E7D8
:10D7F000D02802D1002AF8DCDDE7D92893F90420EB
:10D8000004D1002AD7DD00221A71D4E7DA2802D128
:10D81000002AD0DAF7E7DB2893F9052004D1002AA3
:10D82000C9DA00225A71C6E7DC2802D1002AF8DCE6
:10D83000C1E7D1380E28BED801A252F820F000BFAF
:10D840007DD800087DD800087DD800087DD8000864
:10D850007DD800087DD800087DD800087DD8000854
:10D86000B7D70008B7D70008B7D70008B7D7000860
:10D870008BD8000897D80008A1D8000801215A7851
:10D88000814022EA01025A7095E70B490A7822F09A
:10D8900001020A708FE708490A7822F00202F8E7CD
:10D8A00005490A7822F00402F3E700BF5140002046
:10D8B0004F4000204E4000205040002008B500F0AE
:10D8C000DBFE094B9A78D9780A431CBF074A1080BF
:10D8D0001A795B791A431CBF054B18800248BDE8D2
:10D8E000084000F0C9BC00BF514000204C4000205F
:10D8F0004A400020062208B500210548F2F768FFDB
:10D900000023044A1370044A1370044A137008BDBC
:10D91000514000204F4000204E4000205040002049
:10D9200090F902305BB990F9033043B990F90430B3
:10D930002BB990F90500003818BF0120704701206D
:10D940007047000037B5514C062221466846F2F771
:10D95000C5FF00239DF80320A370E370237163715A
:10D960009DF8023013430AD0494B188800F089FE15
:10D9700048490B783BB3484A127890422CDC9DF81A
:10D9800004309DF8052013430BD0444B188800F059
:10D9900078FE43490B78002B46D0424A12789042D9
:10D9A0004BDC6946394800F08FFD18B93748FFF75E
:10D9B000B7FF08B1FFF782FF062269463348F2F746
:10D9C0008DFF03B030BD0A25374A12786A43904272
:10D9D000D5DD01330B7001E0FF2BFAD19DF9025028
:10D9E0003DB1FFF725FE002DD4BFFF23012358438F
:10D9F000A0709DF903503DB1FFF71AFE002DD4BF72
:10DA0000FF2301235843E07094F902000028B6D0A8
:10DA100094F90320002AB2D0FFF7F2FDA07010465F
:10DA2000FFF7EEFDE070AAE70A25204A12786A4364
:10DA30009042B6DD01330B7001E0FF2BFAD19DF966
:10DA400004503DB1FFF72AFE002DD4BFFF23012370
:10DA5000584320719DF905503DB1FFF71FFE002D81
:10DA6000D4BFFF2301235843607194F904000028B8
:10DA700097D094F90520002A93D0FFF7C1FD2071BB
:10DA80001046FFF7BDFD60718BE700BF51400020DD
:10DA90004C4000204F4000202A1000204A40002027
:10DAA0004E400020261000202B10002027100020C0
:10DAB0004D4B2DE9F0410C464C49C2081F5C4C4BC4
:10DAC0008E5C4C499B5C00F0070011F8028003411A
:10DAD000064148FA00F813F0010506F0010608F0C7
:10DAE000010812D0E120FAF707FC002C6ED040F2BA
:10DAF000E7300021DFF800C14FF47A720023E4FB25
:10DB00000C01F2F773FB01F090FF96B1E620FAF7F3
:10DB1000F3FB002C5CD040F2E7300021DFF8D8C0E6
:10DB20004FF47A720023E4FB0C01F2F75FFB01F083
:10DB30007CFF21463846FAF761FC002C4AD040F2BF
:10DB4000E73000212C4F4FF47A720023E4FB0701E9
:10DB5000F2F74CFB01F069FF86B1E620FAF714FCFE
:10DB6000D4B340F2E7300021234E4FF47A72002301
:10DB7000E4FB0601F2F73AFB01F057FF85B1E12023
:10DB8000FAF702FC54B340F2E73000211A4D4FF48B
:10DB90007A720023E4FB0501F2F728FB01F045FF50
:10DBA000B8F1000F1ED02C20FAF744FCC4B140F2AB
:10DBB000E7300021104D4FF47A720023E4FB050199
:10DBC000F2F714FBBDE8F04101F02FBF01209AE706
:10DBD0000120ACE70120BDE70120CDE70120DDE712
:10DBE0000120EFE7BDE8F081E8290108782A010863
:10DBF000882A0108682A0108A0860100F8B50D46A8
:10DC00000446002140F2E730294E4FF47A72002397
:10DC1000E5FB0601F2F7EAFA07462078002846D02D
:10DC2000012840D16378013B032B03D8DFE803F0E0
:10DC3000090F14190134A5B3384601F0F6FE01347A
:10DC4000EBE7A078A61CFAF7F5FB3446F3E7A078DB
:10DC5000A61CFAF751FBF8E7A078A61CFAF794FB8C
:10DC6000F3E700260A2014F8023F124AD15C11F0B3
:10DC700004010ED19EB140F2E730DFF834C04FF41A
:10DC80007A720023C6FB0C01F2F7B0FA01F0CDFE68
:10DC9000D1E7303B00FB063614F8013FE6E70120F0
:10DCA000F4E70120C9E72946FFF702FFC7E7F8BDFF
:10DCB000A0860100291D0108F8B5144642791D46C9
:10DCC0009DF81870284B92B11C7000F0D5FC274BC2
:10DCD000188004F12003DBB2072B44D8012004F0A4
:10DCE0000704A040C0B2BDE8F840FAF7ABBB1E780D
:10DCF000A6422ED11D4B188800F0C3FCC72828D897
:10DD0000AE4205F1200415D006F12003DBB2072B4B
:10DD100006D8012006F00706B040C0B2FAF79BFB18
:10DD2000E3B2072B06D8012005F007039840C0B2E4
:10DD3000FAF788FB3846E4B2FAF77CFB072C12D8D6
:10DD4000012005F00705A840C0B2BDE8F840FAF789
:10DD500082BB04F12003DBB2072B04D8012004F0BE
:10DD60000704A040F0E7F8BD5A40002058400020CA
:10DD70000346A3F5F843183B07B50846062B3BD8E6
:10DD8000DFE803F0171E0410252C33002623009330
:10DD9000E12347F61A411A46FFF78EFF002003B031
:10DDA0005DF804FB27230093E52347F61B411A4641
:10DDB000F2E72623E022009347F61841E123EBE740
:10DDC0002723E422009347F61941E523E4E72623BD
:10DDD000E222009347F61C41E123DDE72723E622F8
:10DDE000009347F61D41E523D6E72823E52200935B
:10DDF00047F61E410123CFE74B7913B10022024BB6
:10DE00001A700120CBE700BF5A40002038B547F612
:10DE10007743984205D047F6784398421BD00120BB
:10DE200038BD4B7993B100F01FF8FAF7E3FD00F02D
:10DE30001BF8044600F01EF8054600F021F82946BC
:10DE400002462046FAF7DCFE0020E9E700F00CF875
:10DE5000FAF7DAFDEBE74B7913B100F00BF8E4E7E2
:10DE600000F008F8F4E70000014B1878704700BF95
:10DE70002E100020014B1878704700BF2D10002095
:10DE8000014B1878704700BF2C10002040F2123070
:10DE900008B5FBF713FF262801D0002008BD40F28B
:10DEA0001330FBF70BFF0928F7D14FF44570FBF750
:10DEB00005FFA0F1270358425841EFE710B5041EB3
:10DEC0000CBFFF21262140F21230FBF75FFF002C30
:10DED0000CBFFF21092140F21330FBF757FF002C44
:10DEE00008BFFF21BDE8104018BF27214FF445703F
:10DEF000FBF74CBF704708B540F21530FBF7DEFE6C
:10DF000008BD704710B50446FFF7FBFFE1B240F2D1
:10DF10001530BDE81040FBF739BF08B50020FFF70A
:10DF2000CDFF0020FFF7EEFFFFF751F9FFF7F2F901
:10DF3000BDE808400120FFF7C1BF08B5FFF7DAFFD1
:10DF4000FFF7D9FFFFF7DDFFFFF7A0FF18B9BDE826
:10DF50000840FFF7E2BF08BDFEF7C2BB08B50346A5
:10DF6000487940B1A3F5EE427F2A03D8D8B2FFF733
:10DF7000DDF9002008BD0120FCE710B50378044658
:10DF8000013B032B0BD8DFE803F0020B1215FEF761
:10DF900065FCA023C0EB0020B0FBF3F0607010BD67
:10DFA000FEF7C6FB0028F9D0FEF7EEFBF6E7FEF71A
:10DFB000DBFCF3E7FEF746FC6070FEF749FCA0705F
:10DFC000EDE738B503780446013B032B2BD8DFE897
:10DFD00003F002111E23FEF735FC0546FEF738FC60
:10DFE000A023014662785A43120A2846BDE8384009
:10DFF000FEF70ABC43781BB9BDE83840FEF788BB82
:10E00000FEF774FB6078BDE83840FEF7B7BB407898
:10E01000BDE83840FEF798BC84784578FEF71EFCD2
:10E0200021460246E1E738BD034610F8022B082AD4
:10E0300005D0092A05D0072A05D1FFF7C2BFFFF78F
:10E040009CBFFCF7DBBEFF221A70704708B543780F
:10E05000032B03D1BDE80840FFF7E6BFF6F738FC15
:10E0600008BDF8B504460D46F6F7B2FC002840F0AE
:10E07000D7802378013B142B49D8DFE803F00B1538
:10E08000435D636F72727277487D8187929DA0A312
:10E09000AEB9C200002363700C23A370294620464A
:10E0A000BDE8F840F7F796B86378013B032B2ED80C
:10E0B000DFE803F0020A122200F0A6FA030EA370B2
:10E0C000030CE370030A04E0FFF715FF0023A370BD
:10E0D000E37023716071E1E7A678E71C052E07F174
:10E0E0000207DBDCF0B2FBF7A7FC030A07F8023CEF
:10E0F00007F8010C0136F1E70023A370E3702371E8
:10E100006371CBE76378022B04D0052B10D0FF237B
:10E110002370C3E7E378A07840EA0320237940EA3C
:10E120000340637940EA036000BAFFF7EBFEB5E70E
:10E13000A078FFF711FFB1E7E278A1786078FEF7E9
:10E14000E3FFBFE762792379A17843EA02235BBA50
:10E15000E27860789BB2FEF7EDFF9FE7FFF737F8B4
:10E160009CE729462046FFF771FF97E70020FFF75D
:10E17000A5FEFFF7D2FE91E7FFF79FF860708DE7ED
:10E18000FFF79DF8030A6370A07087E76078A378B3
:10E19000E17840EA032040BA221D80B2FFF792F8EE
:10E1A0007CE76078A378E17840EA032040BA221D3A
:10E1B00080B2FFF79CF871E7FFF7ACF86EE7FEF767
:10E1C00097FFDBE76078A378E17840EA032040BA64
:10E1D000221D80B2FFF733F860E76078A378E1781A
:10E1E00040EA032040BA221D80B2FFF73EF855E70F
:10E1F000E278A178003A18BF01226078FEF7AFFFFD
:10E2000060E762792379A17843EA0223E2785BBA76
:10E21000003A18BF012260789BB2FEF7BDFF3DE7D0
:10E22000F8BD0000014B1860704700BF604000203F
:10E23000014B1868704700BF60400020024B18680F
:10E2400008B10368184770476040002008B5FFF721
:10E25000F5FF08BD024B1B680BB15B6818477047A0
:10E2600060400020034A12681AB1062101709368C9
:10E270001847704760400020034A12681AB1022113
:10E280000170D36818477047604000200B4B07B5FA
:10E290001A8882420ED01880094B1B6853B10322A2
:10E2A0008DF80500000A8DF806001B698DF8042022
:10E2B00001A8984703B05DF804FB00BF5E40002052
:10E2C000604000200B4B07B51A8882420FD018809F
:10E2D000094B1B685BB104228DF80500000A8DF81C
:10E2E00006001B698DF804200DEB0200984703B06F
:10E2F0005DF804FB5C400020604000200E4B0F4A9C
:10E300001B68127802336AB10D4A92F90020002A84
:10E3100008DA1E220B4B1B68023300201A4493427A
:10E3200002D170470622F8E713F8011B0029F6D046
:10E330000130C0B2F3E700BF1410002038100020F5
:10E34000764400201010002030B3144B1B785BB9CA
:10E35000134B1B685A1C073312F8011F81421AD055
:10E360009A42F9D1002070470E4B93F90030002BF0
:10E37000EEDAEF284FEAD002F4D80B4B00F007009A
:10E380001B68134401229B7802FA00F01840003801
:10E3900018BF012070470120704700BF38100020CF
:10E3A00014100020764400201010002000224FF0AE
:10E3B000FF3330B5441C14F8015F8D420BD0B3F12C
:10E3C000FF3F01D105B953B20132062AF3D15A1CDD
:10E3D00001D01844817030BD002210B5431C0730B5
:10E3E00013F8014F8C4208BF1A708342F8D110BD58
:10E3F000EF294FEAD10307D818440123827801F0AE
:10E4000007018B40134383707047EF294FEAD10314
:10E4100008D801221844837801F007018A4023EAD2
:10E420000203837070470000084B01461B7843B11C
:10E43000074B93F90030002B03DA064B1868FFF7FF
:10E44000D7BF054B1868FFF7B1BF00BF38100020D9
:10E45000764400201010002014100020084B0146C4
:10E460001B7843B1074B93F90030002B03DA064BBE
:10E470001868FFF7CABF054B1868FFF7ADBF00BFAC
:10E4800038100020764400201010002014100020C6
:10E49000094B1B785BB1094B93F90030002B06DA6E
:10E4A0001E22074B186800210230F2F791B9054B84
:10E4B00006221868F7E700BF3810002076440020D5
:10E4C000101000201410002042784B789A421DD181
:10E4D00090F902301BB191F902209A4216D190F9BD
:10E4E00003301BB191F903209A420FD190F9053006
:10E4F0001BB191F905209A4208D190F9040030B17E
:10E5000091F90430181A18BF012070470120704794
:10E51000704708B5FFF7FCFF08BD000008B50130E3
:10E52000024BC0B21870FFF7F4FF08BD6440002032
:10E53000032008B5024B1870FFF7EBFF08BD00BFC2
:10E5400064400020FFF7EABF012008B5024B1870B5
:10E55000FFF7DFFF08BD00BF64400020FFF7F4BFF6
:10E56000704770477047704710B5FFF7F9FF0024F8
:10E57000FBF722FBFFF7F5FFE0B2FBF75DFA18B9F6
:10E580000134062CF8D110BD0120FCE708B501F0DC
:10E59000BDFBBDE8084001F09BB808B5F9F721FEC6
:10E5A000BDE8084040F2A46001F03FBA08B5FAF7B0
:10E5B0006FFDFAF783FDFFF76BFFFFF79BF9002074
:10E5C000FFF764FE0020FFF77DFEBDE80840F9F785
:10E5D00014BE0000302383F31188064BDA69064B22
:10E5E0001A600023054A1360054A136083F31188FB
:10E5F000704700BFA8460020704000206C400020FB
:10E6000068400020FFF7E6BF38B5302383F3118858
:10E61000124B134C1349D86923680A68C01A824206
:10E62000114A0AD9A3F58333E03B156823600F4BE9
:10E6300000F583302B44E03013600860156800213A
:10E6400081F311884FF47A7C094C0023E0FB0C41E4
:10E65000084A2046F1F7CAFD284438BDA8460020E4
:10E66000704000206C4000206840002088598F02D4
:10E670009F860100A086010008B5FFF7C5FF80B2A4
:10E6800008BD10B50446FFF7BFFF001B80B210BDE8
:10E6900010B50446FFF7B8FF001B10BDBFF34F8F46
:10E6A0000549064BCA6802F4E0621343CB60BFF32E
:10E6B0004F8F00BFFDE700BF00ED00E00400FA054A
:10E6C00008B5024A024B1A60FFF7E8FFEFBEADDE65
:10E6D000FC6F00200A4A08B552F8041C094B994205
:10E6E0000CD1002342F8043C83F31488064B1A68CB
:10E6F00082F3088862B65B689847FEE708BD00BFF2
:10E7000000700020EFBEADDE00E0FF1F08B5FFF790
:10E71000C5FF0000184B10B51C785CBB0122082116
:10E720001A701648224602F031FC22462021134876
:10E7300002F02CFC22461021104802F027FC4FF476
:10E740007A7001F072F941F6822208210B4802F03A
:10E750001DFC40F282222021084802F017FC40F202
:10E7600082221021054802F011FC054801F03AFE12
:10E77000044B1C7010BD00BF74400020000400401A
:10E78000EC4800208C400020F8B505461A481C468D
:10E79000174601F08FFE194B187850BB6A1C20D029
:10E7A000FCB1174EA4003482032F05D8DFE807F030
:10E7B000021A1D1F0022F260012405F00F012246FB
:10E7C00025F00F00B16004FA01F11C70706002F0D6
:10E7D000DDFB0B49084801F0F7FD074801F010FE8A
:10E7E0002046F8BD4FF48002E5E78022E3E7054AC2
:10E7F000E1E70020F5E700BFEC4800208C40002056
:10E8000078400020800040001FB501218DF80700EE
:10E810000DF10F0304480DF1070201F018FE9DF8F9
:10E820000F0005B05DF804FBEC480020002307B59D
:10E83000012106480DF107028DF8073001F029FE8D
:10E840009DF8070003B05DF804FB00BFEC48002012
:10E8500008B50246024801F00BFE002008BD00BFCB
:10E86000EC48002008B50246024801F012FE0020E4
:10E8700008BD00BFEC48002010B5084C23783BB120
:10E88000074801F0CBFD064801F0ACFD00232370E2
:10E890000348BDE8104001F010BE00BF8C400020CE
:10E8A000EC4800200E4B10B51A78BAB901220D4C75
:10E8B0001A70206040F282324FF480610A4802F000
:10E8C00065FB4FF40061084840F2823202F05EFBC3
:10E8D0002146BDE81040054801F036BD10BD00BF1F
:10E8E0008D4000203010002000080040904700209C
:10E8F0004FF0FF3108B5024801F006FCC0B208BD78
:10E900009C4700200A464FF0FF330146014801F0C2
:10E91000A0BC00BFC047002008B5034801F039FD86
:10E9200080F00100C0B208BD9047002070B590F89B
:10E930004420044602F07F03212B4CD112F0800FBB
:10E9400090F845301BD0022B15D0032B05D0012B9E
:10E9500015D1BDE8704000F015BD90F8483090F832
:10E96000491053EA012336D1314A82630122E2631E
:10E970002364012070BDBDE8704000F031BE0A2B59
:10E9800020D00B2B0FD0092B25D194F8483094F8C8
:10E99000491043EA012323F00203E3B9254B022285
:10E9A000A363254BE3E794F8492094F8483053EAF1
:10E9B000022302BF94F846201D4B1A700022A26366
:10E9C0000023D4E794F847201C4B20461A70BDE87A
:10E9D000704000F02DBE02F09F02812A18D194F8F9
:10E9E0004530062B14D194F84920616894F84830DA
:10E9F0004D6843EA0223204694F8472094F84610D5
:10EA0000A84708B90020B5E743680268A363D7E7C1
:10EA100003250B4ED6F89C3023B9013D06F1A8061C
:10EA2000F8D1EFE7204698470028F6D0A1E700BFCD
:10EA3000381000209840002089EA00089C400020FF
:10EA4000D8100020F8B50F4C0022234643F8042FBD
:10EA500090F84B7090F8496090F8465090F84A2032
:10EA600090F8481090F8470042EA072241EA062150
:10EA700045EA002000F0ECF920606068002818BF2B
:10EA80002046F8BD9040002090F84A2090F84B00B6
:10EA9000084942EA0022022A0B7807D1012B01D053
:10EAA000062B05D14A78044B1A707047024A13703E
:10EAB000704700BF984000209B40002010B5064AD8
:10EAC000064C117824784B1C03F00F039C421EBFA8
:10EAD000034C1370605410BD9A4600209B460020E2
:10EAE0008A460020084608B5052935D8DFE801F038
:10EAF000203403202035302383F31188214800F08F
:10EB0000CCFA214800F0C9FA204800F0C6FA2048A3
:10EB100000F0D3FA002383F311881E4B1B7813B146
:10EB20000520FFF7CBFF0220BDE80840FFF7C6BF76
:10EB3000FFF7C4FF302383F31188124800F086FAF0
:10EB4000114800F083FA114800F080FA104800F0F4
:10EB500091FA002383F3118808BD302383F31188D1
:10EB6000084800F094FA084800F091FA074800F0CD
:10EB70008EFA074800F08EFA002383F311880520EF
:10EB8000D2E700BFD81000208011002028120020FA
:10EB9000501000209A400020102208B5002104489F
:10EBA000F1F716FE0023034A1370034A137008BDE1
:10EBB0008A4600209A4600209B460020F8B5284D42
:10EBC000284C00222E782378B3422FD102B1237033
:10EBD000F8BD2370244B1870244B93F84F10081E77
:10EBE00018BF0120FFF7A4FCEBE7002223701E4BA7
:10EBF0001A70FFF7DBFC1D4B93F84F10081E18BF6F
:10EC00000120FFF79FFCDCE72370184B93F84F10AF
:10EC1000081E18BF0120FFF781FCD2E700212370F6
:10EC20000846F8E72370FFF78FFCCAE71946012270
:10EC30000F480133415C03F00F0310460529C3D888
:10EC400001A757F821F000BF25EC0008C9EB000828
:10EC500009EC00081DEC0008D3EB0008EBEB000802
:10EC60009A4600209B4600209A40002054490020EC
:10EC70008A46002013B50446174800F061F916488B
:10EC800000F08EF9154800F05BF9144800F088F99F
:10EC9000114B03F5A8731846019300F051F9019840
:10ECA00000F07EF90E4800F067F90D4800F088F991
:10ECB000204602F035F8204601F023FC41F288306E
:10ECC00000F0B3FE2046074901F008FC204602B0E0
:10ECD000BDE8104002F002B8D810002080110020DA
:10ECE00050100020982A010810B5044602F018F8C8
:10ECF000204601F006FC184800F071F9174800F0B2
:10ED00006EF9174800F06BF9164800F08BF941F2E4
:10ED1000883000F08AFE104800F012F90E4800F02A
:10ED20003FF90E4800F00CF90C4800F039F90C4896
:10ED300000F006F90A4800F033F90A4800F01CF91F
:10ED4000084800F03DF92046074901F0C7FB20467E
:10ED5000BDE8104001F0C2BFD81000208011002093
:10ED60002812002050100020982A0108014B187822
:10ED7000704700BF9B40002037B50023A825054CF5
:10ED8000009305FB004042F2107300F00DFA03B04F
:10ED900030BD00BFD8100020014608220120FFF737
:10EDA000EBBF014620220020FFF7E6BF0146062206
:10EDB0000020FFF7E1BF014603220020FFF7DCBF80
:10EDC00000B589B0002320226946064800F055FAB4
:10EDD00010B909B05DF804FB20216846FFF741F93E
:10EDE000F0E700BF50100020FFF774BC7047704779
:10EDF00008B5FFF7F9FF01F0F1FDFFF7F7FF08BDD8
:10EE000008B501F007FEFFF7F2FF08BDFFF7A6BB4C
:10EE100008B5FFF7C1FE0648FFF72CFF054B064A71
:10EE200041F288301A60BDE8084000F0FEBD00BF26
:10EE300054490020A04000203C100020014B1868DD
:10EE4000FFF7F0B9A0400020FFF7B8BE00F04EBBBE
:10EE5000020A032A0FD007D8012A23D0022A07D199
:10EE60005B20124A1A607047212A0DD0222A12D044
:10EE700000200246F6E7C0B20228F9D80C4A0D4934
:10EE800052F82020405CEDE70229F1D80A4A092017
:10EE900052F82120E6E70229EAD8084A084852F841
:10EEA0002120EFE71220074ADCE700BFF22A010821
:10EEB000C82A0108C42A0108B82A0108AC2A010896
:10EEC000A82A01084D2B010813B5446BD4F88820FB
:10EED0001378042B13D1012394F88C1012898B40E2
:10EEE00013420CD1204601A900F0EEFF024630B1DA
:10EEF000019B94F88C10D4F8880001F07BFB02B0E1
:10EF000010BD10B5026F04461378042B13D10123F2
:10EF100090F8741052898B4013420CD100F02BFFF3
:10EF2000024640B1E36994F87410206F043BBDE8D9
:10EF3000104001F04DBB10BD406BFFF7E2BF000079
:10EF40001FB500F15C03C36490F8843013B100F185
:10EF500070030365074B01210193D0F89030D0F87E
:10EF6000982000930290D0F8943000F08AFF05B00A
:10EF70005DF804FBC9EE00081FB500F15C030365F2
:10EF8000064B01210193836FD0F8802000930290FB
:10EF9000C36F00F0CEFE05B05DF804FB39EF00084A
:10EFA000302383F31188D0F8883090F88C2003EB5D
:10EFB00082039861002380F8A03083F311887047A2
:10EFC000302383F3118890F87430026F093342F8CC
:10EFD0002300002380F8843083F31188704710B534
:10EFE0003023044683F3118890F88C20D0F88830C1
:10EFF000053203EB820300225A6001236FF0010106
:10F00000037200F052FD204600F052FFD4F8A43005
:10F0100013B1DA681868904700F070FC002383F39E
:10F02000118810BD10B53023044683F311880123E5
:10F030006FF00101037200F038FD204600F090FEF1
:10F0400000F05CFC002383F3118810BD012310B590
:10F05000044603726FF0010100F027FD204600F026
:10F0600027FFD4F8A43023B1BDE81040DA6818684F
:10F07000104710BD012310B5044603726FF0010163
:10F0800000F013FD2046BDE8104000F069BE0023EB
:10F090000372704700230372704710B5044690F85E
:10F0A0008C1000F13802D0F8880001F053FA2046A5
:10F0B00000F0FEFE0023237210BD10B5044600F0E0
:10F0C0004FFE002320462372BDE81040FFF719BF12
:10F0D00000EB8103F7B59C6905460E4684B33023E7
:10F0E00083F311880023226984F8A03063699A426F
:10F0F00001D1E368B3B905EB8603DB685B691B6884
:10F1000083B1D4F8A43053B101A9204600F0DCFE4D
:10F11000D4F8A43001469F68019A1868B847204681
:10F1200000F0E0FE204601A900F0CEFE024648B104
:10F13000019B3146284601F05DFA002383F31188D4
:10F1400003B0F0BD05EB8603DB681A68022AF4D130
:10F150005A691268002AF0D01B8A013B1340ECD197
:10F1600005F14402E5E701F1090210B550F822402B
:10F17000CCB1302282F3118800EB8103DB689B69FC
:10F180005B6853B1236F94F87420204603EB82032D
:10F19000DB689B69596800F0F8FD2046FFF7B1FE77
:10F1A000002383F3118810BD2DE9F8431D46044662
:10F1B0000F46164630239DF8208083F31188D0F83F
:10F1C000883000201B78042B03D080F31188BDE821
:10F1D000F88394F8A03023B101354FF0FF3518BF04
:10F1E000002580F311882B4632463946204600F030
:10F1F000B4FE86421DD9302383F3118894F8A030E1
:10F200004FF00009002808BF43F0010384F8A03044
:10F2100001236FF001012372204600F046FC2046D6
:10F2200000F046FE84F8089000F068FB89F311882E
:10F23000D9E7B8F1000F01D00120C8E7204600F05F
:10F24000CFFEF9E70346302282F311880169426953
:10F25000914210D1C06850B10120D3F8882093F8B2
:10F260008C30984013891840B0FA80F04009002390
:10F2700083F3118870470020F9E738B51546044636
:10F28000302282F31188026F00201278042A02D003
:10F2900080F3118838BD94F8842022B101334FF0F7
:10F2A000FF3318BF002380F311882A46204600F060
:10F2B000A7FDB0FA80F35B0984F884302B1A58421A
:10F2C0005841E7E7006810B440B1054C8264E46936
:10F2D000083040F8044C10BCF1F700BB10BC70477C
:10F2E000A84600200168134631B18A6C03F108007A
:10F2F0009A640831F1F7F2BA704710B50446006815
:10F3000040B1826C00210830F1F762FA00222368D4
:10F310001A605A6010BD000010B40C78082C0BD88D
:10F3200050F8240040B1054C8264E469083040F88C
:10F33000044C10BCF1F7D2BA10BC7047A8460020AC
:10F340000829134609D850F8211031B18A6C03F10D
:10F3500008009A640831F1F7C1BA704770B5002609
:10F36000051F00F1200455F8040F38B1826C00210C
:10F370000830F1F72DFA2B681E605E60A542F2D1CD
:10F3800070BD000038B590F848300446022B1CD8F8
:10F3900090F84610082918D80D4AD25C022A14D8D1
:10F3A000A8200C4B00FB0233D3F8A40060B10A4D37
:10F3B00043682A460068984705F10803A363AB6CCD
:10F3C0000120E3630023236438BD0020FCE700BF75
:10F3D00018150020D8100020D4420020036843B143
:10F3E0009100196003490B78002A18BF43F001030C
:10F3F0000B70704720430020006810B10068C0F314
:10F400008700704738B503680BB9002038BD30233A
:10F4100083F31188036800211C685B6881F31188FD
:10F42000002CF2D04FF47A7C074A084DD069084A84
:10F43000C01AE0FB0C5100232846F0F7D7FE8442A7
:10F440008CBF00200120E1E7A84600209F86010034
:10F45000A08601004B1E072B0BD850F8213043B17A
:10F460009100196003490B78002A18BF43F001038B
:10F470000B70704720430020082906D850F821005F
:10F4800020B10068C0F3870070470020704700007B
:10F49000082938B501D9002038BD50F82130002B9B
:10F4A000F9D0302383F3118850F8213000211C68F3
:10F4B0005B6881F31188002CEDD04FF47A7C084A08
:10F4C000084DD069084AC01AE0FB0C5100232846B9
:10F4D000F0F78CFE84428CBF00200120DCE700BFE7
:10F4E000A84600209F860100A08601002DE9F84F64
:10F4F000384B1B78002B40D000254FF030082E46AB
:10F50000A946354FD7F8A440002C2FD0002D36D176
:10F510004FF0010A88F311885FFA8AFB5946636944
:10F5200020689847002818BF46F0010689F3118823
:10F530002948FFF787FEA0B15946A369206898477C
:10F5400078B188F31188254A59466368206898473E
:10F5500089F31188214B00209A6C03F10801FFF711
:10F560000BFC0AF1010ABAF1090FD3D10135032DC1
:10F5700007F1A807C6D1174B1E70BDE8F88F88F3B6
:10F5800011880021636920689847002818BF46F059
:10F59000010689F311883846FFF754FE0028E5D0AC
:10F5A0000021A369206898470028DFD088F31188DC
:10F5B000DFF828A00021524663682068984789F345
:10F5C0001188DAF848200AF10801E8B2FFF7D4FB05
:10F5D000CCE700BF20430020D81000208842002044
:10F5E00010B590F848300446022B19D890F8461010
:10F5F000082915D80B4AD25C022A11D8A8200A4B38
:10F6000000FB0233D3F8A40048B14369006898476F
:10F61000064B1870A36301200023E063236410BD30
:10F620000020FCE718150020D8100020844200209C
:10F6300010B590F848300446022B19D890F84610BF
:10F64000082915D80B4AD25C022A11D8A8200A4BE7
:10F6500000FB0233D3F8A40048B1036994F84720B3
:10F660000068984700230120A363E363236410BD6F
:10F670000020FCE718150020D810002070477047C4
:10F68000FEE70000F0B508200026104A5168136814
:10F690000D469468043BAC4210D8E31C5B1ACD1EA7
:10F6A00023F00303AC4238BF00230B44D1689942D6
:10F6B00009D8013802F11002E8D1F0BD53F8047FF7
:10F6C00045F8047BE7E743F8046BF0E77C2C01087E
:10F6D00038B501230025074C2370656000F0EAFA75
:10F6E0000549064800F018F90223237085F31188B4
:10F6F00038BD00BFA0460020FC2C0108A846002011
:10F7000072B60322024BD865024B1A70FEE700BFA7
:10F71000A8460020A046002000F03CB8034A5168EB
:10F7200053685B1A9842FBD8704700BF001000E096
:10F7300010B50A4C23699A6891420CD85A688160C6
:10F740000360426010609A685860521A9A604FF0E5
:10F75000FF33A36110BD1B68891AECE7A84600209F
:10F7600010B40361002310BCC2604361FFF7E0BF27
:10F77000036881689A680A449A60426813605A6014
:10F7800000234FF0FF320360014B9A61704700BFC6
:10F79000A846002070B5124D2A46EB690133EB6193
:10F7A00052F8103F934206D030269A68013A9A6088
:10F7B0002C69A36803B170BD226861680A6051605A
:10F7C000236083F311882046E3682169984786F314
:10F7D000118861690029EBD02046FFF7A9FFE7E710
:10F7E000A846002000238268037503691B68996896
:10F7F0009142FBD25A6803604260106058607047C3
:10F8000000238268037503691B6899689142FBD8DD
:10F810005A680360426010605860704708B5084637
:10F82000302383F311880A7D0023052A06D8DFE8F8
:10F8300002F00B050503120E826913604FF0FF33CF
:10F840008361FFF7CFFF002383F3118808BD82692E
:10F850009368013393604268036813605A60EDE770
:10F86000FFF7C0BF054BD968087518680268536078
:10F870001A6001220275D860F0F7A2BCA8460020E9
:10F8800030B50C4B0446DD684B1C87B00FD02B46BF
:10F890006846094AFFF764FF2046FFF7E3FF009B35
:10F8A00013B16846FFF764FFA86907B030BDFFF7E2
:10F8B000D9FFF9E7A84600201DF80008044B1A6894
:10F8C000DB6890689B68984294BF002001207047D5
:10F8D000A8460020084B10B51C68D8682268536001
:10F8E0001A6001222275DC60FFF78AFF014620467C
:10F8F000BDE81040F0F764BCA8460020044B1A682D
:10F90000DB6892689B689A4201D9FFF7E3BF7047B2
:10F91000A846002030BFFDE770B5002504461A4B0D
:10F9200086B0856201630E46586000F07DF904F1EF
:10F930001003236163614FF0FF33A361134BE56153
:10F94000D9692B460A462046C4E9082304F134014C
:10F9500080230F4A24606460A560E562E56500F0DD
:10F960001DF801230B4AE060037500927268684637
:10F970000192B268CDE90223074BCDE9043500F0CE
:10F980003FF806B070BD00BFA0460020A84600208A
:10F99000F81E0108FD1E010815F9000802228B60FF
:10F9A0004B62002308618A8208460B62CB61704774
:10F9B0008368C168A3F14C0243F81C2C026943F828
:10F9C0004C2C42690C4843F8482C0C4A43F8180C5C
:10F9D00043F82C2C022203F8142C002243F8201C9C
:10F9E00003F8132C43F8041C43F8082C43F80C2CA0
:10F9F000A3F12800704700BFA8460020D1010008ED
:10FA000008B5FFF7D5FFBDE80840FFF729BF0000A4
:10FA1000024BDB6898610F20FFF724BFA846002047
:10FA2000302383F31188FFF7F3BF08B50146302375
:10FA300083F311880820FFF723FF002383F3118845
:10FA400008BD0000054BDB6821B10360986103200D
:10FA5000FFF716BF4FF0FF30704700BFA8460020E9
:10FA60000346006820B100221A608161FFF7F8BEEA
:10FA700070470000064BDB6839B1426818605A6075
:10FA8000136043600420FFF7FBBE4FF0FF30704768
:10FA9000A846002003460068834205D002681A6029
:10FAA00053608161FFF7DCBE704738B504460D46F0
:10FAB0002068844200D138BD036823605C608561A2
:10FAC000FFF7CEFEF4E7034610B51B68984203D05B
:10FAD0009C688A689442F8D25A680B604A60116048
:10FAE000596010BD002300604060836070470000D3
:10FAF00038B58168164B0446DD6891B92B6A85607C
:10FB0000C360286238BD8B600B7D7BB1062B14D19E
:10FB10000B684A68886913605A60FFF7D4FF8B69E5
:10FB20009968AB688A689A42EDD306E04A680B6828
:10FB3000084613605A60FFF793FE20462946FFF7F8
:10FB4000C2FFAC610620BDE83840FFF78BBE00BFA6
:10FB5000A846002008B5302383F31188FFF7C8FFBB
:10FB6000002383F3118808BD154A0346D16810B5F8
:10FB7000302282F31188C26800680A6298421BD062
:10FB8000486A82B98860186802681A605360026A1D
:10FB90009860DA600362FFF763FEFFF7AFFE0023B1
:10FBA00083F3118810BD1468A24203D0A468A04258
:10FBB00038BF2046D268E4E700238360EFE700BF48
:10FBC000A8460020C3691943037DC1610A2B03D1F4
:10FBD0008369194205D170470B2B06D183698B438A
:10FBE00003D100238361FFF73BBE704770B5064623
:10FBF0000D460468B44200D170BDE3682B43E36056
:10FC000015B123691D4203D0A1686068FFF7DAFFD0
:10FC10002468EFE7EFF30983203383F30988002397
:10FC200083F3118870470000302080F3118862B69A
:10FC30000C4B0D4AD96821F4E0610904090C0A4310
:10FC4000DA60D3F8FC20094942F08072C3F8FC2046
:10FC50000A6842F001020A602022DA7783F8220063
:10FC6000704700BF00ED00E00003FA05001000E05F
:10FC7000302310B583F311880B4B5B6813F40063DA
:10FC80000FD0EFF309844FF08073203CE36184F3DD
:10FC90000988FFF713FE10B1044BA36110BD044B9C
:10FCA000FBE783F31188F9E700ED00E0E3010008CA
:10FCB000E6010008024B034A1A60034A5A60704783
:10FCC00008470020A849002000700020094B30B5EB
:10FCD0001C684D1E224449422A440A405968104477
:10FCE000884204D8A04202D31860104630BD0022DA
:10FCF000FBE700BF0847002008B5302383F31188D5
:10FD0000FFF7E4FF002383F3118808BD08B500F076
:10FD10002FFF01F02DF900F0F4FA00F049FB00F09C
:10FD2000CFFBFFF76DF8BDE8084000F000B801F028
:10FD300087B930B501720021039C043304FB03250D
:10FD4000C361049B00600363059B4060C160426126
:10FD500002618561046242628162C162436330BDB7
:10FD60000022416AC2604161016182626FF001015B
:10FD7000C262FFF79ABE03694269934201D1C26829
:10FD80000AB9181D70470020704703691960C268DE
:10FD900000210132C260C269134482690361934247
:10FDA00024BF436A0361FFF775BE38B504460D46AC
:10FDB000E3683BB162690020131D1268A36213441B
:10FDC000E36207E0237A33B929462046FFF752FE63
:10FDD0000028EDDA38BD6FF00100FBE7C368C269A7
:10FDE000013BC3604369134482694361934224BF6A
:10FDF000436A436100238362036B03B11847704772
:10FE00002DE9F84F04460F4691469A464FF03008C8
:10FE100088F311880026B346A56A4DB9514620469D
:10FE2000FFF7C3FF20B185F311883046BDE8F88F96
:10FE3000A16AE56AA9EB06036D1A9D4228BF1D461B
:10FE4000402D15D938464022F0F748FDA36A4037C7
:10FE500040334036E26AA3629A4202D82046FFF756
:10FE6000BDFF8BF311884E45DFD288F31188D3E7AD
:10FE700038462A46F0F732FDA36A2F442B442E441D
:10FE8000E8E710B5029C04330172C36103FB04214F
:10FE900000238362C362039B00600363049B406092
:10FEA000C46042610261816104624262436310BDC9
:10FEB000026A6FF00101C260426A4261026100227F
:10FEC0008262C262FFF7F1BD034640691A6982424D
:10FED00001D1DB681BB950F8043B0B60704700236D
:10FEE0001846FAE7C368C2690133C3604369002159
:10FEF000134482694361934224BF436A4361FFF71D
:10FF0000C9BD38B504460D46E3683BB123690020FE
:10FF10001A1DA262E2691344E36207E0237A33B94F
:10FF200029462046FFF7A6FD0028EDDA38BD6FF020
:10FF30000100FBE703691960C268013AC260C26947
:10FF4000134482690361934224BF436A036100231F
:10FF50008362036B03B1184770472DE9F84F0446DD
:10FF60000F4691469A464FF0300888F311880026D4
:10FF7000B346A56A4DB951462046FFF7C2FF20B1EE
:10FF800085F311883046BDE8F88FA06AE56AA9EBD1
:10FF900006032D1A9D4228BF1D46402D17D939460C
:10FFA0004022F0F79BFCA36A403740334036E26AB8
:10FFB000A3629A4204D8E16920460439FFF7BAFFE8
:10FFC0008BF311884E45DDD288F31188D1E739468D
:10FFD0002A46F0F783FCA36A2F442B442E44E6E71D
:10FFE000302208B582F31188816A29B10369043986
:10FFF000C91A01D0FFF79EFF002383F3118808BDC3
:020000040801F1
:10000000F8B5154682680B46AA428169066938BF71
:100010008568761AB54204460BD22A461846F0F790
:100020005DFCA2692A44A36828465B1BA261A36009
:10003000F8BD0CD918463246F0F750FCAF1B3A46D3
:10004000E1683044F0F74AFCE368DA19EBE72A4646
:100050001846F0F743FCE268E5E72DE9F041044675
:10006000154683682769934238BF856840690E4604
:100070003F1ABD420BD22A46F0F730FC62692A448F
:10008000A36828465B1B6261A360BDE8F0810DD9BF
:100090003A46A5EB0708F0F721FC4246E068F11963
:1000A000F0F71CFCE36803EB0802E9E72A46F0F7E7
:1000B00015FCE268E4E710B50024C361029BC1604F
:1000C00081614161114400604060846001610362AC
:1000D00010BD08B582694369934201D1826882B933
:1000E0008268013282605A1C426119700369426958
:1000F00000219A4224BFC3684361FFF7CBFC002074
:1001000008BD4FF0FF30FBE770B5302304460D46C5
:1001100083F31188A668A6B1A368A269013BA36016
:10012000531CA36115782269934224BFE368A3613D
:10013000E3690BB120469847002383F311882846D2
:1001400007E029462046FFF795FC0028E2DA86F30F
:10015000118870BD2DE9F74F05460F4614469946A4
:10016000D0F81CA04FF0300888F311884FF0000B36
:10017000164666B1324639462846FFF741FF034628
:1001800060B949462846FFF775FC0028F2D00023E5
:1001900083F31188A01B03B0BDE8F08FBAF1000F04
:1001A00003D001902846D047019B8BF31188F61AA3
:1001B0001F4488F31188DCE7C361009BC160816143
:1001C00041611144006040608260016103627047D8
:1001D000F8B504460D461646302383F31188A76808
:1001E000A7B1A368013BA36063695A1C62611D70DB
:1001F000236962699A4224BFE3686361E3690BB1D2
:1002000020469847002080F3118807E031462046B9
:10021000FFF730FC0028E2DA87F31188F8BD836924
:10022000426910B59A4201D182687AB98268002188
:10023000013282605A1C82611C7803699A4224BF91
:10024000C3688361FFF726FC204610BD4FF0FF30E6
:10025000FBE72DE9F74F05460F4614469946D0F8BF
:100260001CA04FF0300888F311884FF0000B1646A1
:1002700066B1324639462846FFF7EFFE034660B9BD
:1002800049462846FFF7F6FB0028F2D0002383F307
:100290001188A01B03B0BDE8F08FBAF1000F03D0A6
:1002A00001902846D047019B8BF31188F61A1F4412
:1002B00088F31188DCE70C30FFF74CBF4FF0FF33B9
:1002C0000C30FFF747BF3030FFF7C3BF4FF0FF33AD
:1002D0003030FFF7BEBF0C30FFF716BF4FF0FF31D5
:1002E0000C30FFF711BF3030FFF772BF4FF0FF3215
:1002F0003030FFF76DBF012914BF6FF013000020ED
:10030000704700F035BF000037B5154602460B4672
:100310000C49044642F8041B4260012200F15401DA
:100320000272009080220C30FFF7C5FE2B4680221F
:10033000009404F1D40104F13000FFF73DFF03B055
:1003400030BD00BF082D010810B53023044683F3EB
:10035000118800F01FFF02230020237280F3118810
:1003600010BD38B5436904460D461BB90421084445
:10037000FFF73CFC294604F10C00FFF7AAFE002819
:1003800006DA201D4FF40061BDE83840FFF72EBCAF
:1003900038BD302383F311880023406983F311882B
:1003A000B0FA80F0400970474FF0FF31FFF74ABBC9
:1003B00000F0C4BF0123037000230C3040F8083C58
:1003C00040F8043CFFF78EBB10B53023044683F39E
:1003D0001188416000F0C8FF02230020237080F3E1
:1003E000118810BD10B53023044683F3118801F045
:1003F0002FF8002301226360227083F3118810BD5F
:10040000302383F31188436899685A684FF4803326
:100410008B409361002383F311887047302383F36B
:100420001188436899685A6801238B4093610023BF
:1004300083F31188704710B5302484F311880324A6
:10044000047001F046F8002383F3118810BD38B51D
:100450000446302585F31188032504F8085B01F074
:1004600023F82046FFF7A0FF002383F3118838BD4F
:1004700010B53023044683F31188032304F8083BA6
:1004800001F027F82046FFF78FFF002383F3118840
:1004900010BD10B53023044683F31188032304F8FC
:1004A000083B01F02CF82046FFF77EFF002383F382
:1004B000118810BD0C30FFF74DBB0C30FFF754BB5B
:1004C00001F034BA012303700023C3618362036225
:1004D000C3624362036343608360704738B5044678
:1004E000302383F3118800254160C56005614561B3
:1004F000856101F021FA0223237085F311882846D3
:1005000038BDF8B50446302383F31188002601F086
:100510002BFA254601233746666005F8083B183458
:1005200055F8043F73B1586920B16FF001010C30E8
:10053000FFF796FA2B68986920B16FF001010C3033
:10054000FFF78EFAA5422E60EAD1FFF7D7F987F3BD
:100550001188F8BD70B500EB8103054650690E4661
:100560001446DA6018B114220021F0F731F9A069BD
:1005700018B114220021F0F72BF931462846BDE8C6
:10058000704001F00FBAF8B504460027836800F107
:100590000C0503F00113836000F1180655F8043FC1
:1005A00073B1586920B16FF001010C30FFF758FAB0
:1005B0002B68986920B16FF001010C30FFF750FAF9
:1005C000B5422F60EAD12046BDE8F84001F074BA88
:1005D000F0B4012500EB8104E4684789A4698D40EB
:1005E0003D43458123600023A2606360E360F0BC6B
:1005F00001F0D0BAF0B4012500EB8104E46807896A
:1006000064698D403D43058123600023A2606360DF
:10061000E360F0BC01F0DCBA10B50378052B0FD114
:10062000084CC820E37A43F00803E372637843F090
:1006300004036370FFF7F9F9637803F0FB03637059
:1006400010BD00BF004001402DE9F0470026022305
:10065000054604464FF03008B1460370C66400F109
:10066000180745F8086F55F8043F9BB188F31188C7
:100670002B68586920B16FF001010C30FFF7F0F9D9
:100680002B68986920B16FF001010C30FFF7E8F991
:1006900089F31188BD422E60E5D1204684F834608C
:1006A00001F0ECF963681B6823B12046BDE8F04710
:1006B00000211847BDE8F087F8B503780446052BFC
:1006C00027D080F850300523037043681B680BB1B6
:1006D0000421984725460026302745F8086F18342E
:1006E00055F8043F9BB187F311882B68586920B1F6
:1006F0006FF001010C30FFF7B3F92B68986920B156
:100700006FF001010C30FFF7ABF986F31188A542B9
:10071000E6D1F8BD0178052906D190F8502043684C
:1007200002701B6803B1184770470000F8B590F8D5
:10073000343004460E4613B1002380F8343031467D
:10074000204604F1440201F009FA63689B68B3B9DA
:1007500094F8443013F0600538D00021204601F0B1
:1007600077FA0021204601F065FA63681B6813B12F
:10077000062120469847062384F83430F8BD2046E9
:1007800098470028E4D094F84B2094F84A3043EA84
:100790000223E26B9A4284BF1A46E36394F9443021
:1007A000002B80F20481002A00F0F880092384F8ED
:1007B0003430302383F3118800212046E36BA26B91
:1007C000FFF718FF002383F31188D7E794F845203B
:1007D00003F07F0343EA022340F20232934200F027
:1007E000CA8021D8B3F5807F4DD00DD8012B44D0DD
:1007F000022B00F09880002BAFD104F14C02A263D1
:100800000222E2632364BEE7B3F5817F00F0A0809B
:10081000B3F5407FA1D194F84630012B9DD1B4F8B7
:100820004C3043F0020337E0B3F5006F52D01CD8D0
:10083000B3F5A06F36D0A3F5C063012B8DD894F823
:100840004920616894F848304F6843EA0223204603
:1008500094F8462094F84710B84700283FF47DAF3D
:100860004368A3630368E3631AE0B3F5106F36D0FF
:1008700040F6024293427FF470AF554BA3630223CC
:10088000E3630023BEE794F84630012B7FF465AFA5
:10089000B4F84C3023F00203A4F84C30A563E563B0
:1008A000256470E7B4F84430B3F5A06F0ED194F826
:1008B0004630204684F84E3001F06CF863681B68BF
:1008C00013B1012120469847032323700023A3631B
:1008D000E36397E704F14F03A3630123C3E723789E
:1008E000042B10D1302383F311882046FFF74BFEF1
:1008F00085F311880321636884F84F5021701B68C9
:100900000BB12046984794F84630002BDED084F88F
:100910004F300423237063681B68002BD6D002215C
:1009200020469847D2E794F8483020461D0603F049
:100930000F010AD501F0F8F8012804D002287FF44D
:100940000CAF244B9AE7244B98E701F0D3F8F3E778
:1009500094F84630002B7FF400AF94F8483013F041
:100960000F01B3D01A06204602D501F089F9ADE790
:1009700001F07AF9AAE794F84630002B7FF4EDAE47
:1009800094F8483013F00F01A0D01B06204602D582
:1009900001F05EF99AE701F04DF997E7142384F826
:1009A000343031462046BDE8F84001F0E7B862B186
:1009B000152384F83430302383F311880021204636
:1009C000E36BA26BFFF704FEFCE60B23E7E700BF37
:1009D000342D0108322D0108302D010808B500F032
:1009E000C9F80B4B9A6C42F020029A649A6C9A6C8C
:1009F00042F040029A649A6C9A6C42F080029A64C7
:100A00009A6C9A6C42F480729A649B6C08BD00BF29
:100A1000000C01407047162303604FF0FF30704711
:100A200000207047184670470020704710B500221C
:100A3000044608460121FFF75FF918B90C234FF06F
:100A4000FF30236010BD08B5134600215822184618
:100A5000EFF7BEFE4FF400524260002008BD0120B7
:100A60007047000008B50248FEF74AFEEFF72EFF78
:100A7000021F010808B50248FEF742FEEFF726FF05
:100A8000071F01080120704770470122090100F18A
:100A9000604303F56143C9B283F8001300F01F03FC
:100AA0009A4043099B0003F1604303F56143C3F897
:100AB00080211A607047012200F01F039A40430909
:100AC0009B0003F1604303F56143C3F88020C3F842
:100AD0008021002300F1604000F5614080F8003380
:100AE0007047090100F16040C9B200F56D40017620
:100AF0007047000017498A68022A12D0032A26D0BC
:100B0000154B1649012A18BF0B46124A926902F08A
:100B10007F02013252080132B3FBF2F3104A136034
:100B20007047104A0B68526F49686FEA92120129A8
:100B30000CBF09490C4902F0030203324A4303F097
:100B40001F0301335B080133B2FBF3F3DDE7074B0F
:100B5000DBE700BF000C0140006CDC0200127A00F1
:100B60001C150020000401400048E801001BB700EC
:100B7000FFF7C0BF13B50C20032440F2BE71314B08
:100B8000314A9C62D862C2F8941000219962D962FD
:100B90009C62D8628020C3F81C0CD3F81C0CC3F8EC
:100BA0001C0C009101914FF40141C3F8481C4FF611
:100BB000FC71A3F5744319630F21196002231365B7
:100BC00001234BF68031D364936D03F0010301934D
:100BD000009B01330093019B13B9009B8B42F3D11F
:100BE000019B03B9FEE7194B19498024C3F800148F
:100BF0000021A3F5884399611C62196A01201962DA
:100C0000202158601960196819601968014319603A
:100C100054679067D16F0329FCD102229A600122A8
:100C20000021DA60074A9162D1629A6C42F4004274
:100C30009A649A6CDA6C42F40062DA64DB6C02B09B
:100C400010BD00BF00000140000401400050014001
:100C500013000003134B834223D1134B02201A6C61
:100C6000124942F480721A641A6C42F002021A6449
:100C7000D3F8882042F00202C3F88820D3F88820F5
:100C800022F00202C3F8882001225A63DA6708645E
:100C9000DA6608225A615A695A615A6942F00102B9
:100CA0005A61704754490020000C0140004C01403B
:100CB000084B83420CD1084B5A6902F008025A6172
:100CC00000225A61DA66DA671A6C22F002021A64AC
:100CD000704700BF54490020000C01400F4A936C3C
:100CE00043F4004343F0200393644FF080436FF4D8
:100CF000C0521A634FF07072DA624FF020721A60BD
:100D000000225A609A60DA604FF44C325A62012233
:100D100003F5A0335A700722DA727047000C0140C5
:100D20000E4A6FF48051936C43F4004343F0200368
:100D300093644FF080436FF4C0521A6300221A602C
:100D40009A60DA6019634FF0807119604FF4805136
:100D500059605A624FF080529A617047000C01400E
:100D600010B5074C6369DB0704D5064A13680BB15D
:100D70005068984701236361BDE81040FEF778BFD3
:100D8000001800401047002010B5074C63699B070E
:100D900004D5064A93680BB1D06898470223636173
:100DA000BDE81040FEF764BF001800401047002067
:100DB00010B5074C63695B0704D5064A13690BB18C
:100DC0005069984704236361BDE81040FEF750BFA7
:100DD000001800401047002010B5074C63691B073E
:100DE00004D5064A93690BB1D0699847082363611B
:100DF000BDE81040FEF73CBF00180040104700203F
:100E000010B5074C6369DB0604D5064A136A0BB1BB
:100E1000506A984710236361BDE81040FEF728BF71
:100E20000018004010470020164B10B55C69A3065F
:100E300004D5154A936A0BB1D06A9847600604D569
:100E4000114A136B0BB1506B9847210604D50E4A1B
:100E5000936B0BB1D06B9847E20504D50A4A136C2B
:100E60000BB1506C9847A30504D5074A936C0BB19E
:100E7000D06C9847BDE810404FF47872014B5A612E
:100E8000FEF7F6BE00180040104700201A4B10B5C0
:100E90005C69620504D5194A136D0BB1506D984712
:100EA000230504D5154A936D0BB1D06D9847E00426
:100EB00004D5124A136E0BB1506E9847A10404D5A5
:100EC0000E4A936E0BB1D06E9847620404D50B4A5C
:100ED000136F0BB1506F9847230404D5074A936FE3
:100EE0000BB1D06F9847BDE810404FF47C42024BE5
:100EF0005A61FEF7BDBE00BF001800401047002039
:100F0000062108B50846FFF7C0FD06210720FFF7B8
:100F1000BCFD06210820FFF7B8FD06210920FFF7D8
:100F2000B4FD06210A20FFF7B0FD06211020FFF7CF
:100F3000ACFDBDE8084006212120FFF7A6BD08B59D
:100F40000620FFF7B8FD0720FFF7B5FD0820FFF7E3
:100F5000B2FD0920FFF7AFFD0A20FFF7ACFD10201E
:100F6000FFF7A9FDBDE808402120FFF7A4BD000060
:100F700000231946044A0133102B1160516002F11D
:100F80000802F8D1704700BF10470020C9434FF056
:100F90005533016302F003015943016042F38001BC
:100FA0004160C2F3C10159438160C2F34111594309
:100FB000C160C2F3C1214B43C3624FF01133C2F38E
:100FC000C3125A4302624262704700001A4B70B566
:100FD0009C6C0F2644F4C0649C649B6C012301F05C
:100FE00003048B4021F0030101F1804101F5A05180
:100FF0008D68A400C0F38320A04006FA04F425EA1B
:10100000040528438860D8430C4912F0010F8C680E
:1010100014BF1C4304408C6012F0020FCA6814BF56
:101020001A430240CA60054A536111680B431360BA
:1010300053680340536070BD000C0140001800402D
:101040004FF0E02340F2BF325A6100229A6107223A
:1010500008210B201A61FFF744BD08B5302383F344
:101060001188FEF759FB002383F3118808BD08B5EA
:10107000FFF7F3FFBDE80840FEF7FABD024A5368E8
:1010800043F00203536070470084004070B5354E52
:10109000D6F854516B69D906DCB20AD5302383F3F4
:1010A00011884FF48061301DFEF7A0FD002383F30B
:1010B0001188302383F3118814F00F0332D183F3A6
:1010C00011886B68980714D5A10612D5302383F3D5
:1010D00011882548FFF7A3F8002840DA08212348A3
:1010E000FEF784FD6B6823F002036B60002383F33B
:1010F00011886B689A0711D563060FD5302383F3E7
:101100001188726CB36C9A4205D1B36B1BB110217C
:101110001648FEF76BFD002383F31188BDE870408D
:10112000FEF7A6BDC4F340010902620748BF41F0C3
:101130002001230748BF41F0400104F001040B489F
:1011400041EAC411FEF752FD2B682CB196F85811F4
:1011500004481940FFF705F96C69E4B2ACE7286070
:10116000C4E700BF90470020C047002094470020FC
:1011700008B5054A00210548FFF7C6F8044B034AA5
:10118000C2F8543108BD00BF7D100108904700200F
:101190000084004038B52A4B0446002914BF0D4690
:1011A0001D46037A012B1AD1264B984217D1264BA4
:1011B0000821DA6C202042F00802DA64DA6CD3F8F5
:1011C000942042F00802C3F89420D3F8942022F02F
:1011D0000802C3F89420D3F89430FFF756FCD4F8F3
:1011E0005431E9791A6902F050020A4329681A61F8
:1011F0004A0802F1B76202F55842B2FBF1F202F07E
:101200000F01C3F8C0108021D960C2F30711196023
:101210000021C2F307325A60D96068792A79024303
:10122000A8790243DA600122C3F89C10C3F8982021
:101230005A6842F005025A60FF2384F8583138BDDD
:10124000382D010890470020000C014070B504467D
:10125000C5692E6BC26A6B6A9A4234BFC36A6B6AF5
:10126000013B35D2E36A002B3ED1EB6263681B6819
:1012700033B104222046227098472378042B01D1F1
:1012800002232370302383F31188002104F1080026
:10129000FEF7E6FB002383F31188F30717D5286ACE
:1012A000228E666AE36A616AD31A3344121A934241
:1012B00028BF134699424FF6FF7138BF636A013B5E
:1012C0001BD2636A1BB9EB6A23F00103EB6270BDAA
:1012D000296EE26A013AE262A26A002AC0D0117065
:1012E000A26A0132A262BBE7E26AEB699A429EBF40
:1012F000E36A03F1FF33EB61CFE7626A013A6262AE
:10130000226A0AB92966DAE712F8010B2866226216
:10131000D5E7000008B50348FFF798FFBDE808408F
:10132000FEF7A6BCEC48002008B50348FFF78EFF87
:10133000BDE80840FEF79CBC2049002008B50648DF
:10134000FFF738F8054B044A0548D361FFF732F838
:10135000044B034AD36108BDEC4800200030004034
:10136000204900200090004010B503780446012B6E
:1013700045D1344B98421FD1334B0A219A6C1A2025
:1013800042F480529A649A6CD3F8902042F48052CE
:10139000C3F89020D3F8902022F48052C3F8902014
:1013A000D3F89030FFF771FB6268E369128A5A61E3
:1013B0001A6942F001021A61244B9C421FD1224B50
:1013C0000921DA6C1B2042F01002DA64DA6CD3F8DF
:1013D000942042F01002C3F89420D3F8942022F015
:1013E0001002C3F89420D3F89430FFF74EFB6268E4
:1013F000E369128A5A611A6942F001021A6161684E
:10140000E269CB8989890B4343F007039BB21360E0
:10141000238E4BB901239361916999420DD1013318
:10142000B3F5807FF7D1238600239361D361D36A1C
:1014300023F0FF03D362936C10BD012B08BF002380
:10144000F1E700BFEC480020000C014020490020DB
:1014500010B503780446022B1FD10022C3699A609D
:10146000DA6A22F0FF02DA629B6C0C4B984208D1D8
:101470001A20FFF720FB0A4B9A6C22F480529A64E0
:101480009B6C084B9C4208D11B20FFF714FB044BBC
:10149000DA6C22F01002DA64DB6C10BDEC4800203C
:1014A000000C01402049002091B18362038E02624A
:1014B0005B088B4228BF0B46C2694162C1629361DF
:1014C000013BD361D36A43F01103D36201239360DC
:1014D000704799B100238362038E02625B088B42DE
:1014E00028BF0B46C2694162C1629361013BD3616F
:1014F000D36A43F01103D36201239360704799B11B
:1015000000230362038E82625B088B4228BF0B4676
:10151000C2694162C1629361013BD361D36A43F006
:101520001103D36201239360704700000021602201
:10153000074B10B599735A7499735A7443680446EB
:101540001B680BB106219847062384F8343010BD80
:101550000040014090F8343010B5152B04460CD8EB
:10156000012208499A400A4208D1152B05D1036C83
:1015700003B19847002384F8343010BDBDE8104013
:10158000FFF7D4BF410E100090F8343010B5152B82
:1015900004460CD8012208499A400A4208D1092B76
:1015A00005D1036C03B19847002384F8343010BD93
:1015B000BDE81040FFF7BABF410C3000F8B5294C28
:1015C000851C04EB85035E68274AB3699073014666
:1015D000107DC00739D59868917392F817C0927D35
:1015E000224F42EA0C2207EB810700EB020C604518
:1015F0002CD1986810449860586810445860186856
:10160000801A1860188A013880B21882738A93424F
:1016100000D800BB012263898A4023EA0203638168
:1016200004EB85035B68DB680BB10E4898473023F9
:1016300083F3118804EB85046368986941680C3072
:10164000FEF70EFA002383F31188F8BD97F800E047
:1016500000F801EBCBE7044A137D03F0FE0313759A
:10166000F3E700BF54490020004001402040014002
:10167000F8B5204C861C04EB86035D6801466A6958
:10168000D2E90003834218D3012223898A4023EA46
:1016900002032381AB680BB120469847302383F3C4
:1016A000118804EB86046368002158690C30FEF74A
:1016B000D7F9002383F3118817E00F4FB973176927
:1016C0003B445360C31ADFD0288A984228BF18468B
:1016D000936810613B449360084A184402EB81020E
:1016E000984203D10122044B5A74F8BD13F8011B30
:1016F0001170F5E7544900200040014020400140AE
:101700002DE9F041874B9B799D07DFB202D58648D2
:10171000FFF700F87C0702D58348FEF795FF3807EE
:1017200013D5814C6368DB6823B97E4AD37A03F012
:10173000F703D3722378052B02D17B48FEF7EAFF2B
:101740006368DB680BB178489847764B9A781D79C7
:1017500002F0FF06EDB252B9002D39D1FB0702D5D8
:101760007148FEF7A9FFBDE8F041FEF781BAF10725
:1017700029D500216C4CE068997393F811C01CF0D6
:10178000040F5FFA8CF21CBF597484F8341012F005
:1017900010010CD08021634B5974002384F834303D
:1017A000D20710D5436800215F4898470BE094F8B2
:1017B0003430152B74D006D8092B23D003D8002B36
:1017C000EED0062BECD0B20702D50120FFF750FF78
:1017D000730702D50220FFF74BFF340702D5032021
:1017E000FFF746FFA80702D50120FFF7E7FE6907CC
:1017F00002D50220FFF7E2FE2A07AFD50320FFF74C
:10180000DDFEABE7DFF81CC19CF8113013F00202DB
:10181000D9B2D8D101F01103112BD4D043698CF87F
:101820000E205A68D3F810E0D3F800800EEB0201C6
:101830005960B8EB0101028A16D08A4228BF0A46D5
:1018400099681A61714499608B18994207D1038A8B
:101850009A4234BF0A2202228CF81120B3E711F811
:10186000014B8CF82040F0E7964504D10A228CF811
:1018700011201961A7E7238923F0010323818368DD
:101880000BB129489847302383F311880021E3687E
:1018900058690C30FEF7E4F8002383F3118892E7CF
:1018A000DFF880E09EF81130DB078CD583699A68F9
:1018B0008EF80E109EF816C05FFA8CF19444944591
:1018C00027D19A680A449A605A680A445A601A688A
:1018D000521A1A601A8A013A92B21A82438A8B42C9
:1018E0004FF000010F4B997300D8BAB948225A74CF
:1018F000638923F001036381E368DB6813B100218E
:1019000009489847302383F31188E3689869416850
:10191000BFE79EF8208002F8018BD0E740225A747E
:1019200051E700BF00400140544900200148FEF744
:10193000C9BD00BF5449002010B50478012C0ED158
:10194000074AC260FFF786F90022064B0D21DA72C2
:10195000DC715A720E20BDE81040FFF796B810BD3A
:10196000402D01080040014010B503780446012BCA
:101970000CD00E20FFF79FF80022054B2046DA72AC
:10198000DA715A72BDE81040FFF792B910BD00BF7E
:101990000040014090F84E20014B1A70704700BF84
:1019A0000040014000EB8100334BC26801F00F01A1
:1019B00010B59973106800F00300002955D0022873
:1019C0002AD0032828D0012825D153690BB993695F
:1019D0000BB3E020284B9874108AC0F3C70018742A
:1019E000402058740820587458740120DC7900FA9B
:1019F00001F1C9B244EA0100D871C0205875528A79
:101A0000C2F3C702DA7480221A7510221A751A7589
:101A10005A7A0A435A7210BD506980B100209874F6
:101A2000108A0124C0F3C70018744020587408209D
:101A300058745874D8798C402043C0B2D8719369D7
:101A4000002BE8D000200C4B5875528A0120C2F3BD
:101A5000C702DA7480221A7510221A751A755A7A1A
:101A600000FA01F10A43D2B2D4E70028D3D1DA79DF
:101A700042F00102DA71CEE700400140002208B5D1
:101A80000B4BDA715A724268D2681AB1DA7A42F0B4
:101A90000802DA72074B0021C360FFF783FF0122BF
:101AA000034B5A70DA7A42F00102DA7208BD00BFC5
:101AB00000400140402D010870B50D4B0021DA793E
:101AC000402602F00102DA7108240122802510204C
:101AD00059729A730132D2B2042A99745E745C749A
:101AE0005C7459751D7518751875F2D170BD00BFFD
:101AF000004001400B4B01F00F029A7339B95A7C38
:101B000050070DD4D879400000F002007047197DCD
:101B1000890605D4587A104100F001004000704752
:101B200001207047004001400B4B01F00F029A73F7
:101B300039B95A7C50070DD4D879400000F0020022
:101B40007047597CC90605D4D879104100F00100CE
:101B5000400070470120704700400140064B01F0F3
:101B60000F0103EB810302F10801187802F8010B61
:101B70009142FAD1704700BF204001404822044BF7
:101B800001F00F0199735A74002380F834307047C4
:101B90000040014000EB8100C06801F00F02816944
:101BA0000B6873B1408A0344013BB3FBF0F39BB273
:101BB0000B82064B9A7332B11A7D02F0FE021A753F
:101BC00070470123F4E740225A74704700400140F7
:101BD00000EB810311F00F0170B508BF4025DB68F1
:101BE00008BF124C5A6908BFA1731B8A08BF6574ED
:101BF0001468A34228BF23460D4C1361926804EB7E
:101C00008104D518954205D1084A917331B1012359
:101C1000537470BD12F8016B2670F3E7517CC168F4
:101C2000098A8B4234BF0A230223F1E700400140B6
:101C300020400140054B01F00F01997311B12022A2
:101C40001A75704760225A74704700BF0040014007
:101C5000044B01F00F01997311B110225A747047AF
:101C60006022FBE700400140044B01F00F01997333
:101C700011B180221A7570475974704700400140B5
:101C8000044B01F00F01997311B140225A7470474F
:081C9000597470470040014047
:101C9800B400B40C0A0C0B0C0D0C0E47484749470E
:101CA8004A474B474C4D4E4D4F4D504D514D525359
:101CB800545355535653575358595A595B595C59AD
:101CC8005D595E5F605F615F625F635F6465666503
:101CD80067656865696A6B6A6C6A6D6A6E6F706F52
:101CE800716F726F737475747674777478797A79A2
:101CF8007B797C797D7E7F7E807E817E82838483F2
:101D080085838683878889888A888B888C8D8E8D41
:101D18008F8D908D919293929492959296D5B19938
:101D280000202020202020202020282828282820A3
:101D3800202020202020202020202020202020209B
:101D48002088101010101010101010101010101003
:101D580010040404040404040404041010101010F3
:101D680010104141414141410101010101010101BD
:101D7800010101010101010101010101101010100F
:101D8800101042424242424202020202020202028F
:101D980002020202020202020202020210101010E3
:101DA800200000000000000000000000000000000B
:101DB800000000000000000000000000000000001B
:101DC800000000000000000000000000000000000B
:101DD80000000000000000000000000000000000FB
:101DE80000000000000000000000000000000000EB
:101DF80000000000000000000000000000000000DB
:101E080000000000000000000000000000000000CA
:101E180000000000000000000000000000000000BA
:101E280000005002510252024F024F034F03500369
:101E380050034F034F034A024A024D024D034A031F
:101E4800102000400000008001020408102040809B
:101E58005000510052004F003A3B3C3D3E3F40414C
:101E68004243000000000044450000002A0000DD55
:101E78007D3500082C0000DD773500082D0000FFB7
:101E8800653500082E0022FF53350008380000FF92
:101E98004B350008090011DD45350008050011DD46
:101EA8003F3500080000000000000000393A3B3CC4
:101EB8003D3E3F40414200610D0A004E55543635C3
:101EC80020425431004E5554363520425432004E8B
:101ED8005554363520425433004E55543635204239
:101EE8005434004E55543635204254350063300082
:101EF8006D61696E0069646C650065786974006B72
:101F0800696C6C0001020304050606000001020367
:101F1800040500FF55FFAAFF2BFFBFFF80FF00004D
:101F2800060D0F10191A220D0E0F10111213141589
:101F38001617181D202125290204050607090B0C70
:101F48000000FF00FF55FFAAFF2BFFBFFF6A01013A
:101F58002D141D1460EA000020BF0200E093040065
:101F6800C0270900804F120040771B00E09304004F
:101F78000008004001080040020800400308004033
:101F8800060000400A0400400B0400400C04004016
:101F98000D0400400E0400400A00004006080040FE
:101FA8000708004008080040090800404C004500A8
:101FB8004B00550000004E00550054003600350017
:101FC800200032002E00340047002000570069002E
:101FD800720065006C00650073007300000000006B
:101FE8000948032181620C21C162084890F8100356
:101FF800074900F00F000A68824200D008600020FC
:10200800401C2328FCDB70470000014000F0FF1F44
:10201800040401400748032181620C21C16206487B
:10202800016801F00F01082901D90821016000BFEA
:1020380000BF704700000140040401400008004050
:102048000108004002080040030800400600004064
:102058000A0400400B0400400C0400400D0400403A
:102068000E0400400A00004006080040070800402F
:102078000808004009080040010000400200004034
:1020880003000040040000400D080040FFFFFFFF70
:102098000500407EE600E700797A00085D7A0008CE
:1020A800C8000100380000000080FF00E97A00083D
:1020B80000000000917A0008CB7A000800000000B8
:1020C800741E0108187E197E01000100010001003C
:1020D800010001000100010001000100FF5500009E
:1020E80000000000000000000000000000000000E8
:1020F8000000000000000000000000000000FF5584
:1021080000000000000000000000000000000000C7
:1021180000000000000000000000FF55FF55FF55BB
:1021280000000000000000000000000000000000A7
:102138000000000000000000000000000000000097
:102148000000000000000000000000000000000087
:10215800FF55000000000000000000000000000023
:10216800000000000000000000000000FF55FF55BF
:10217800FF55000000000000000000000000000003
:102188000000000000000000000000000000000047
:10219800FF550000000000000000000000000000E3
:1021A8000000000000000000000000000000000027
:1021B8000000FF55000000000000000000000000C3
:1021C8000000000000000000000000000000FF55B3
:1021D800FF55FF550000000000000000000000004F
:1021E80000000000000000000000000000000000E7
:1021F80000000000000000000000000000000000D7
:1022080000000000FF550000000000000000000072
:1022180000000000000000000000000000000000B6
:10222800FF55FF55FF5500000000000000000000AA
:102238000000000000000000000000000000000096
:1022480000000000FF550000000000000000000032
:102258000000000000000000000000000000000076
:10226800000000000000FF55000000000000000012
:102278000000000000000000000000000000000056
:102288000000FF55FF55FF5500000000000000004A
:102298000000000000000000000000000000000036
:1022A8000000000000000000000000000000000026
:1022B8000000000000000000FF55000000000000C2
:1022C8000000000000000000000000000000000006
:1022D80000000000FF55FF55FF55000000000000FA
:1022E80000000000000000000000000000000000E6
:1022F80000000000000000000000000000000000D6
:1023080000000000000000000000000000000000C5
:1023180000000000000000000000000000000000B5
:1023280000000000000000000000000000000000A5
:102338000000000000000000000000000000000095
:102348000000000000000000000000000000000085
:102358000000000000000000000000000000000075
:102368000000000000000000000000000000000065
:102378000000000000000000000000000000000055
:102388000000000000000000000000000000000045
:102398000000000000000000000000000000000035
:1023A80000000000000000000000000029001E00DE
:1023B8001F00200021002200230024002500260001
:1023C80027002D002E002A004C002B0014001A00B4
:1023D8000800150017001C0018000C00120013005C
:1023E8002F0030003100B700390004001600070044
:1023F80009000A000B000D000E000F003300340026
:1024080000002800B600E10000001D001B000600C7
:102418001900050011001000360037003800E500EB
:1024280052004D00E000E300E200000000002C0034
:102438000000000000000000407E255250005100BE
:102448004F00000000000000000000000000000035
:102458000000000000000000000000000000000074
:10246800037C3A003B003C003D003E003F0040003A
:10247800410042004300AA00A9000B7E0D7E3500F2
:10248800007E017E027E037E047E010001000100C1
:10249800010001000100010021780C7E010001000B
:1024A8000100087E01000100470048004A004D0075
:1024B8000100010000002378107E010000000100E7
:1024C800010001000100010013700A7E01000100F3
:1024D800010024522778117E077E0B700E7E0000C3
:1024E8000000057E0000000000000000067E0100DC
:1024F8002A782878297800000000000000000000F1
:1025080000000000000000000000000000000000C3
:102518000000000029001E001F00200021002200EA
:10252800230024002500260027002D002E002A0065
:1025380049002B0014001A000800150017001C00A1
:1025480018000C00120013002F00300031004C005E
:10255800390004001600070009000A000B000D00EE
:102568000E000F0033003400000028004B00E1008B
:1025780000001D001B0006001900050011001000D6
:10258800360037003800E50052004E00E000E20057
:10259800E300000000002C00000000000000000024
:1025A800407E2552500051004F00000000000000FE
:1025B8000000000000000000000000000000000013
:1025C8000000000000000000037C3A003B003C00D3
:1025D8003D003E003F0040004100420043004400EF
:1025E80045000B7E0D7E3500007E017E027E037E57
:1025F800047E01000100010001000100010001004A
:1026080021780C7E010001000100087E0100010014
:10261800470048004A004D000100010000002378EF
:10262800107E01000000010001000100010001000E
:1026380013700A7E01000100010024522778117EE0
:10264800077E01000E7E00000000057E00000000ED
:1026580000000000067E01002A782878297800000A
:102668000000000000000000000000000000000062
:10267800000000000000000000000000007C0100D5
:10268800010001000100010001000100010001003A
:1026980001000100010001000100010001000F7E9E
:1026A800010001000100010001000100010001001A
:1026B800010001000100010001000100010001000A
:1026C80001000100010001000100097E0100010074
:1026D80000000100010001000000010001000100EC
:1026E80001000100010001000100010001000100DA
:1026F80001000100010001000100000000000100CC
:1027080000000000000000000100010001000100BD
:1027180001000000000000000000000000000000B0
:1027280000000000000000000000000000000000A1
:10273800037C3A003B003C003D003E003F00400067
:10274800410042004300440045000100010001002F
:10275800007E017E027E037E047E010001000100EE
:1027680001000100AA00A900010001000100010008
:102778000100010001000100010001000100010049
:10278800010001000000010001000100000001003B
:102798000100010001000100010001000100010029
:1027A800010001000100010001000100010000001A
:1027B8000000057E0000000000000000010001008C
:1027C80001000100010000000000000000000000FE
:1027D80000000000000000000000000000000000F1
:1027E80000000000E200E900EA00B500B600B7000A
:1027F800CD008301CC008A019201940121022302B9
:1028080024022502260227022A02B300B4006F0020
:1028180070009F01CB019F02A002E200E900EA00DC
:10282800B500B600B700CD008301CC008A01920143
:1028380094012102230224022502260227022A02E9
:10284800B300B4006F0070009F01CB019F02A0028B
:10285800000800400108004002080040030800404A
:10286800060000400A0400400B0400400C0400402D
:102878000D0400400E0400400A0000400608004015
:10288800070800400808004009080040010000400F
:102898000200004003000040040000400D08004012
:1028A800FFFFFFFF003131295A1B750A19CA0008BA
:1028B800C1C90008FDC900082DCA000800010101AE
:1028C80001010101010102020202020202020203E5
:1028D80003030303030303040404040404040505B5
:1028E8000505050606060606070707070708080878
:1028F80008090909090A0A0A0B0B0B0C0C0C0D0D27
:102908000D0E0E0E0F0F0F101011111112121313BE
:102918001414151516161717181819191A1A1B1B37
:102928001C1D1D1E1E1F2020212222232424252693
:1029380026272829292A2B2C2D2D2E2F30313232CB
:10294800333435363738393A3B3C3D3E3F404142D7
:10295800434445464748494A4C4D4E4F50515354BD
:10296800555658595A5B5D5E5F6162646566686971
:102978006B6C6D6F7072737577787A7B7D7E8082F1
:10298800838587888A8C8E8F91939596989A9C9E3A
:10299800A0A2A3A5A7A9ABADAFB1B3B5B7BABCBE4A
:1029A800C0C2C4C6C9CBCDCFD1D4D6D8DBDDDFE217
:1029B800E4E7E9EBEEF0F3F5F8FAFDFF00FF0100BC
:1029C800010000FFFF0000010001FF0000000000FF
:1029D800000400400F00000000000000200000007C
:1029E80000000000000000002A2B28000000000062
:1029F80000000000000000000000002900000000A6
:102A08002C1E3420212224342627252E362D373813
:102A1800271E1F202122232425263333362E37381C
:102A28001F0405060708090A0B0C0D0E0F101112DA
:102A3800131415161718191A1B1C1D2F3130232DA6
:102A4800350405060708090A0B0C0D0E0F101112A4
:102A5800131415161718191A1B1C1D2F3130354C55
:102A6800000000000000000000000000000000005E
:102A7800000000000000000000000000000000004E
:102A8800000000007E0F00D4FFFFFFC700000078A1
:102A9800E5EA000845EA00082DE900080000000002
:102AA8004422B600372C01085F2B0108812B01084E
:102AB800042B01081D2B01083D2B0108040A0C00FA
:102AC800EE2A0108E22A0108D42A01080C034E0064
:102AD800550054003600350000000A034C0045003C
:102AE8004B00550000000403090409025B000301C0
:102AF80000A0FA09040000010301010009211101E5
:102B080000012244000705810308000109040100AF
:102B1800020300000009211101000122220007051B
:102B280082032000010705020320000109040200B6
:102B3800010300000009211101000122B600070568
:102B4800830320000112010002000000402D341A06
:102B5800E51800010200010660FF0961A101096290
:102B6800150026FF009520750881020963150026C7
:102B7800FF00952075089102C005010902A1018591
:102B8800020901A100050919012908150025019567
:102B980008750181020501093009311581257F95E4
:102BA800027508810609381581257F950175088108
:102BB80006050C0A38021581257F950175088106DE
:102BC800C0C005010980A101850319012AB70015B4
:102BD8000126B700950175108100C0050C0901A1F7
:102BE80001850419012AA002150126A00295017584
:102BF800108100C005010906A1018506050719E035
:102C080029E71500250195087501810205071900B6
:102C180029EF1500250195F07501810205081901B4
:102C28002905950575019102950175039101C00566
:102C3800010906A101050719E029E71500250195F5
:102C48000875018102950175088101050719002998
:102C5800FF150026FF009506750881000508190173
:102C68002905150025019505750191029501750342
:102C78009101C0004C370108A8490020A84900204C
:102C8800A84900204C37010800000000000000009F
:102C9800000000004C3701080000000000000000A0
:102CA800000000004C370108000000000000000090
:102CB800000000004C370108000000000000000080
:102CC800000000004C370108000000000000000070
:102CD800000000004C370108000000000000000060
:102CE800000000004C370108000000000000000050
:102CF80000000000F51E0108284300203844002089
:102D080000000000CD020108BD020108ED02010823
:102D1800DD020108E7020108D7020108C70201081D
:102D2800B7020108F70201080100000000000000D6
:102D38000096000003000000000000002D070108B5
:102D4800891501085515010840004000404400203D
:102D58004044002001000000384400205245454E00
:102D680054206D616C6C6F63207375636365656473
:102D7800656400002E2E2F2E2E2F2E2E2F2E2E2F56
:102D88002E2E2F2E2E2F6E65776C69622F6C69623E
:102D9800632F7374646C69622F72616E642E6300B2
:102DA8002C2066756E6374696F6E3A20000000000F
:102DB800617373657274696F6E20222573222066B1
:102DC80061696C65643A2066696C65202225732206
:102DD8002C206C696E65202564257325730A000014
:102DE800232D302B20000000686C4C006566674579
:102DF80046470000303132333435363738394142AE
:102E0800434445460000000030313233343536370C
:0C2E1800383961626364656600000000E8
:082E240020D4FE7F0100000034
:102E2C00040C002000000000201500208815002054
:102E3C00F015002000000000000000000000000061
:102E4C000000000000000000000000000000000076
:102E5C000000000000000000000000000000000066
:102E6C000000000000000000000000000000000056
:102E7C000000000003000000201500200000FF00EF
:102E8C0001000000F1490008754A0008454C000893
:102E9C00BD4A0008194B000801000000E093040033
:102EAC0000000064FFFFFF38393A3B3C3D3E3F4099
:102EBC00414243444546050403020100373635348C
:102ECC00333231302F0622232425262728292A2B7A
:102EDC002C2D2E21201F1E1D1C1B1A191817161500
:102EEC00140708090C0F1011121300000000000049
:102EFC00FA000000000000000100000000000000CB
:102F0C001500000000000000FFFFFF00FA000000A9
:102F1C000000000001000000000000001200000092
:102F2C0000000000FFFFFF00FA000000000000009E
:102F3C000100000000000000130000000000000071
:102F4C00FFFFFF00FA00000000000000010000007D
:102F5C00000000001100000000000000FFFFFF0057
:102F6C00FA0000000000000001000000000000005A
:102F7C001A00000000000000FFFFFF00FA00000034
:102F8C000000000001000000000000002400000010
:102F9C0000000000FFFFFF00FA000000000000002E
:102FAC0001000000000000004600000000000000CE
:102FBC00FFFFFF00FA00000000000000030000000B
:102FCC0000000000FA000000A15D000800000000F5
:102FDC00FA000000000000000300000000000000E8
:102FEC00FB000000A55D000800000000FA000000D6
:102FFC00000000000300000000000000FF000000C3
:10300C00155E00080030000001010100080038398D
:10301C003A3B3C3D3E3F4041424344454605040358
:10302C0002010037363534333231302F0622232457
:10303C0025262728292A2B2CFF2D2E21FF201F1E69
:10304C001D1C1B1A19181716151407080996FF0CC6
:10305C00FFFFFFFF0F10111213474D53595F656AA5
:10306C006F74797E83888D92500D400D300D200D3C
:10307C00100D000D001A0033103320330000000037
:10308C00503300000000A033B033C033D033E033F2
:10309C00E026D026C026B026A026902680267026B4
:1030AC00602650264026302620260026101A201A8C
:1030BC00301A401A501A601A701A801A901AA01AF4
:1030CC00B01AD01AE01AE00DD00DC00DB00DA00D45
:1030DC00900D800D700D600D000010002000300070
:1030EC00400050006000700080009000A000B00014
:1030FC00C000D000E0000040000000000000000014
:10310C000000104000000000000000000000204003
:10311C000000000000000000000030400000000033
:10312C000000000000004040000000000000000013
:10313C000000504000000000000000006040000053
:10314C0000000000000070400000000000000000C3
:10315C0080400000000000000000904000000000D3
:10316C0000000000A0400000000000000000B04083
:10317C000000000000000000C04000000000000043
:10318C000000D0400000000000000000E040000003
:10319C0000000000000004040404040404040404FB
:1031AC0004040404040404040404040404040404D3
:1031BC0004040404040404040404040404040404C3
:1031CC0004040404040404040404040404040404B3
:1031DC0004040404040404040404040404040404A3
:1031EC000404040404040404040404040404040493
:1031FC000404040404040404040404040404040483
:10320C000404040404040404040404040404040472
:10321C000404040404040404040404040404040462
:10322C000404040404040404040404040406060052
:10323C004F2500206F250020FD9900080300FF009A
:10324C00FFFF3905280850011E0A14010302010072
:10325C000096000003000000010000006DED000866
:10326C0099ED0008A3ED0008ADED0008B7ED0008DE
:10327C000000000000000000000000000000000042
:10328C000000000000000000000000000000000032
:10329C000000000000000000000000000000000022
:1032AC000000000000000000000000000000000012
:1032BC000000000000000000000000000000000002
:1032CC0000000000000000000000000000000000F2
:1032DC0000000000000000000000000000000000E2
:1032EC0054490020020000000400000020000000EF
:1032FC00A4400020000000000000000000000000BE
:10330C0000000000000000000000000000000000B1
:10331C0000000000000000000000000000000000A1
:10332C000000000000000000000000000000000091
:10333C000300000000000000D1F0000800000000B5
:10334C00200000000000000000000000020000004F
:10335C000000000000000000000000000000000061
:10336C000000000000000000000000000000000051
:10337C000000000000000000000000000000000041
:10338C00544900200300000004000000200000004D
:10339C00F44100200000000000000000A8130020F1
:1033AC000000000000000000000000000000000011
:1033BC000000000000000000000000000000000001
:1033CC0000000000000000000000000000000000F1
:1033DC0000000000000000000300000000000000DE
:1033EC00D1F0000800000000080000000000000000
:1033FC0000000000020000000000000000000000BF
:10340C0000000000000000000000000000000000B0
:10341C0000000000000000000000000000000000A0
:10342C0000000000000000005449002001000000D2
:10343C000400000008000000C4410020000000004F
:10344C00000000003C130020000000000000000001
:10345C000000000000000000000000000000000060
:10346C000000000000000000000000000000000050
:10347C000000000000000000000000000000000040
:10348C000300000000000000D1F0000867F1000804
:10349C0020002000000000000000000002000000DE
:1034AC000000000000000000000000000000000010
:1034BC000000000000000000000000000000000000
:1034CC0000000000000000000000000001000000EF
:1034DC0054490020020000000400000020000000FD
:1034EC00344100200000000000000000D012002039
:1034FC00EC120020E5F20008C5F20008FBF200080F
:10350C00DDF30008F9F3000805F40008F0120020C0
:10351C00000000000000000000000000000000009F
:10352C00000000000000000000000000000000008F
:10353C00000000000000000000000000000000007F
:10354C00000000000000000000000000000000006F
:10355C0000000000000000002000000058130020B4
:10356C00E5F20008C5F20008FBF20008DDF30008E4
:10357C00F9F3000805F400085C13002000000000BB
:10358C00000000000000000000000000000000002F
:10359C00000000000000000000000000000000001F
:1035AC00000000000000000000000000000000000F
:1035BC0000000000000000000000000000000000FF
:1035CC000000000008000000C413002041F30008B4
:1035DC0019F300085DF3000855F4000879F40008AD
:1035EC0091F400080000000000000000CC14002042
:1035FC00801400203414002000000000E813002088
:10360C0000000000000000000000000000000000AE
:10361C000600000000000000000000000000000098
:10362C00000000000000000000000000000000008E
:10363C00000000000000000000000000000000007E
:10364C00000000000000000000000000000000006E
:10365C00200000000000000000000000040000003A
:10366C00000000000000000000000000000000004E
:10367C00000000000000000000000000000000003E
:10368C00000000000000000000000000000000002E
:10369C00000000000000000000000000030000001B
:1036AC00000000000000000003000000000000000B
:1036BC0000000000000000000000000000000000FE
:1036CC0000000000000000000000000000000000EE
:1036DC0000000000000000000000000000000000DE
:1036EC0000000000000000000300000000000000CB
:1036FC0000000000020000000000000000000000BC
:10370C0000000000000000000000000000000000AD
:10371C00000000000000000000000000000000009D
:10372C00000000000000000000000000000000008D
:10373C0000000000060000000102000000D8B805DF
:04000005080001B935
:00000001FF
