:10000000000400209101000069ED0000B5ED000042
:100010009301000093010000930100009301000090
:100020009301000093010000930100009301000080
:10003000930100009301000093010000B9ED00005E
:10004000930100009301000093010000A5580000F7
:1000500093010000C9580000DD5800003559000028
:10006000930100009301000021590000930100005A
:1000700093010000930100004D640000E55800006A
:10008000F95800000D590000930100009301000091
:100090009301000093010000930100009301000010
:1000A0009301000093010000930100009301000000
:1000B0009301000093010000930100007112010000
:1000C00072B6244880F30888234880F30988022008
:1000D00080F31488BFF36F8F08F070FC0EF07EFC85
:1000E0001E481F491B4A914202DA08600431FAE7B0
:1000F0001C49194A914202DA08600431FAE71A49A8
:100100001A4A1B4B9A4204DA086810600431043220
:10011000F8E700201749184A914202DA08600431D2
:10012000FAE70EF05FFC0EF05AFC144C144DAC4292
:1001300003DA216888470434F9E70FF0B7F8114C67
:10014000114DAC4203DA216888470434F9E70F49BE
:100150000847000000040020000C002055555555AC
:100160000000002000040020942E0100000C00205C
:10017000241100204011002084320020C000000023
:10018000C0000000C0000000C0000000E1E9000065
:1001900096E700F000F8FEE7F0B544464D465646B7
:1001A0005F46F0B46B46CB60C3689D46F0BCA0468A
:1001B000A946B246BB46F0BD62B6281CA047002047
:1001C0000EF0BEFDFEE70EF049FC024A024B136042
:1001D000FEE7C04604ED00E000000080114B70B562
:1001E0001C680500236B002B03D000221D615A619F
:1001F00070BD182000F094F8031E20630CD00A4A4A
:1002000000210260094A4260094A82600B22828111
:10021000012018615961E8E700224621054B064894
:1002200000F050F8000C00200E33CDAB34126DE618
:10023000ECDE0500CC2D0100E42D0100184B70B55B
:100240001D682C6B002C0ED020696169154A164B75
:1002500001F098FE0122002312184B41580040087B
:100260002261636170BD182000F05AF8041E2863F3
:100270000FD00E4B012203600D4B43600D4B83608A
:100280000B23838100230261436107480A4A064B1E
:10029000E6E700225221094B094800F013F8C04656
:1002A000000C00202D7F954C2DF451580E33CDAB12
:1002B00034126DE6ECDE05002E7F954CCC2D01004E
:1002C000E42D010070B514001A000A4B06001B68EB
:1002D00084B0D868002C0AD0074B084D01930091D8
:1002E00033002900029400F03BF800F011F8044BB1
:1002F0001C00F2E7000C0020102E0100202E01004F
:100300001C2E0100130010B50022FFF7DBFFC046D2
:10031000062010B500F0C8F8012011F049FAC046D7
:1003200010B5034B0100186800F02EFF10BDC04649
:10033000000C002010B5034B0100186800F0ACFF62
:1003400010BDC046000C00200CB400B583B004AB57
:1003500004CB019300F082F903B008BC02B0184747
:100360000EB400B582B003AB0100054804CB0068B1
:10037000019300F073F902B008BC03B01847C046FF
:10038000000C0020C36B10B50400002B01D000202E
:1003900010BD802100F0F8FEE063002806D00200C6
:1003A0000023803208C09042FCD1F0E70120404297
:1003B000EEE7C04670B505000C0016001F2907D8EF
:1003C000C06B002809D0A40004192068266070BD05
:1003D0001623036001204042F9E78021280000F045
:1003E000D3FE010003000022E86380310028F1D031
:1003F00004C38B42FCD1E6E770B505000C001F2951
:100400001ED8C36B002B0ED08A009B181A68002AD6
:1004100009D0012A05D0511C0ED0002120001960FE
:100420009047002070BD280001F004FB220001006D
:10043000280001F0EBFAF5E7162303600120F1E74D
:100440001623036001204042ECE7C04670B505006A
:100450000C001F2924D8C36B002B14D0A2009B18BA
:100460001A68002A09D0511C0BD0012A07D000219C
:10047000200019609047002070BD0120FCE7032098
:10048000FAE70220F8E7802100F07EFE031EE86311
:1004900006D000210200803002C28242FCD1DDE79A
:1004A00001204042E8E7C046144B70B504001D68C7
:1004B0001F281DD8EB6B002B0DD082009B181A68EB
:1004C000002A08D0012A04D0511C0DD00021196047
:1004D0009047002070BD280001F0ACFA2200010016
:1004E000280001F093FAF5E7162301202B60F1E7CD
:1004F000162301202B604042ECE7C046000C002090
:10050000114B70B504000E001D681F2807D8E86B5A
:10051000002809D0A40004192068266070BD1623A5
:100520002B6001204042F9E78021280000F02CFEDA
:10053000010003000022E86380310028F1D004C3E9
:100540009942FCD1E6E7C046000C00200C4B10B5E8
:100550001C68E36B002B01D0002010BD802120001F
:1005600000F012FEE063002806D002000023803273
:1005700008C09042FCD1EFE701204042EDE7C046C1
:10058000000C0020174B70B504001D681F2825D8EB
:10059000EB6B002B14D0A2009B181A68002A09D01C
:1005A000511C0BD0012A07D0002120001960904770
:1005B000002070BD0120FCE70320FAE70220F8E7E5
:1005C0008021280000F0E0FD031EE86306D0002132
:1005D0000200803002C29042FCD1DCE701204042A0
:1005E000E7E7C046000C0020936810B5013B93601C
:1005F000002B04DA9469A34207DB0A2905D01368AB
:10060000581C10600800197010BD00F0A1FEFBE737
:10061000F8B506000F00002B0DD01400D51802E02D
:100620000134AC4207D03A0030002178FFF7DCFFFC
:10063000431CF5D1F8BD0020FCE7C04610B51400FE
:1006400092680023002A05D0220000F08BF90022D6
:100650000300A26000221800626010BDF0B54E4693
:100660004546DE465746E0B58146884614001E00E2
:100670009FB0002803D0036A002B00D11FE143463E
:100680009B891B0700D48FE043461B69002B00D1D8
:100690008AE0002306AD6B6120336B761033AB76B6
:1006A0005346A346874F059603935B461B78002B62
:1006B00000D19BE05C4603E063780134002B7DD0E1
:1006C000252BF9D15B46E31A9A465C457BD123780A
:1006D000002B00D18AE0012300225B42069207939F
:1006E000002200230892099300234332AB54AB65E8
:1006F00001339B46013406E05A46C01B82401C0071
:1007000029680A432A6005223800217800F0F0F8B1
:10071000631C1E000028EFD12A68D10602D54321B0
:1007200020306854110702D543212B2068542178CA
:100730002A2967D1059B191D1B680591002B00DA3A
:1007400098E0EB6061782E2900D172E05E4C0322C4
:10075000200000F0CDF8002806D04023001B834085
:100760002A68013613432B603178731C06225748E0
:100770009B46297600F0BCF8002800D180E0544B5D
:10078000002B67D005AA0092290042464846514BEB
:1007900000E000BF0390039B013327D0039A6B69ED
:1007A000944663446B6180E74146484600F062FC32
:1007B000002800D16DE7012040421CE05B46E31AAF
:1007C0009A465C4512D03B0000264746A0464C4660
:1007D000994602E00136B24543D95B463A00200013
:1007E000995DFFF701FF0130F4D1B84643469B897C
:1007F0005B06E0D468691FB0F0BCBB46B246A946B0
:10080000A046F0BD08003038260009289BD8EA68C9
:10081000140000E00133A2001219197852001418D4
:10082000080030380928F5D91E00EC602E2900D0C8
:100830008CE771782A292DD1059BB01C1A1D1B68E5
:1008400005926B60002B02DA01235B426B60B1788A
:1008500006007BE70722059B073393430833059384
:100860009CE74B466A69A146524444466A61B846D1
:100870001F002CE75B42EB6002231A432A6061E70A
:1008800005AA0092290042464846124B00F0BCFEE1
:10089000039080E708000023303801366B60092898
:1008A00000D953E71A0093009B1871785B001A185F
:1008B0000800303801360928F5D96A6046E700F0AB
:1008C000D7FADCE6502E0100582E01005C2E010004
:1008D000000000001106000010B504001300034AD8
:1008E00010680A002100FFF7B9FE10BD000C0020BF
:1008F00070B5CCB283070DD0531E002A0FD003254C
:1009000004E00130284206D0013B08D30278A2421D
:10091000F7D170BD1300032B03D8002B14D1002096
:10092000F7E7FF220A401502AD182A040B4EAD1856
:1009300003E0043B0430032BEFD9026808496A4006
:10094000511891433142F4D0C31802E0013098426B
:10095000E5D00278A242F9D1DBE7C04680808080F2
:10096000FFFEFEFEF0B54E46DE4657464546E0B574
:10097000936883B00C0091460090002B5FD00C234D
:10098000CA5E130763D50B69002B60D04B461F6806
:10099000930723D5A36A00269A46B34B00259846B1
:1009A000216A002D16D02B00454500D9AE4B3200F0
:1009B0000098D047002859DD4B464A469B683618B8
:1009C0001B1A2D1A9360002B39D0A36A216A9A460C
:1009D000002DE8D13E687D680837E2E7D30762D58D
:1009E0000023B84600209A4600261F00002E45D05E
:1009F00000284CD03B00B3469E4200D99B4620685D
:100A00002269A5686369904203D9ED18AB4500DD02
:100A1000FEE05B4500DDEEE0A56A5246216A0098E3
:100A2000A847051E22DD01207F1B19D04B464A46F0
:100A30009B68AA445B1B761B9360002BD6D10020D9
:100A400003B0F0BCBB46B246A946A046F0BD2100AB
:100A5000009800F00FFB00280DD10C23E25E95E713
:100A60002100009800F0C2FA0028DFD00C22A35E1B
:100A700040221343A38101204042E1E7082243467C
:100A800094465E68E044002EF8D01B689A46320017
:100A90000A215046FFF72CFF002800D1DBE0534627
:100AA0000130C71AA6E7002380219A4689008B46A9
:100AB000564655462068A36884469846002D5CD06B
:100AC00059460A425DD09A46AB4200D990E0902345
:100AD000DB001A4232D02169431A60690193430056
:100AE0001B18D80FC3185810019B824601335B199D
:100AF000834201D99A461800520500D497E00100BC
:100B0000009800F041FB8046031E00D1A6E0019A48
:100B1000216900F035FFA389544A13408022134312
:100B2000A38143462361019B1A00424494462260FC
:100B30005246A846AA46D31A6261A36052463100C3
:100B4000604600F07BFF4246A8460025A368206867
:100B50009B1A5044A36020604B4642469B68464423
:100B60009B1A4A46936000D169E70C23E25E206835
:100B7000A36884469846002DA2D13E687D68083758
:100B80009AE7226982421BD362699046AA4217D82B
:100B9000802328001B069D4200D33548414601F0C2
:100BA00005F94346A26A43439046216A3200009801
:100BB000C047002800DC59E780464346ED1ACBE7E2
:100BC0009846AB4200D9A8464246310000F036FFB5
:100BD0004246A36820689B1A4044A3602060002B13
:100BE000EBD12100009800F001FA0028E5D03DE7A4
:100BF000A846AA46A2E75A46514600F01FFF5A46A9
:100C0000A3685D469B1AA36023685B4423600AE7E0
:100C100051462A0000F012FF236821005B1900985A
:100C2000236000F0E3F9002800D1FCE61EE7020093
:100C3000009800F009FC8046002800D071E7009D74
:100C40002169280000F028FB8022A3899343743A8D
:100C50001BB22A600CE7731C1F00CCE6009A0C3311
:100C600013600C22A35E03E700FCFF7F7FFBFFFF06
:100C7000FFFFFF7F0020704710B5034A0349044877
:100C800000F0C0FB10BDC046500C0020ED0F00006E
:100C9000040C002041680B4B10B50400994201D0B0
:100CA00000F0A4F9A168084B994202D0200000F09E
:100CB0009DF9E168054B994202D0200000F096F9B9
:100CC00010BDC04644110020AC11002014120020B9
:100CD00000207047F8B5CE464746344C344B354A71
:100CE0002000002580B51A600423082200215C3012
:100CF00025606560A560656625616561A561E36045
:100D000000F052FF2C4B2000994663622B4B2C4F76
:100D10009846A362CC23E5502A4B2B4E6367802371
:100D200008220021C430E550E7622663A566E56627
:100D30002567A567E567246200F036FF2200882357
:100D40006832E2504A460433E250424620000433FF
:100D5000E2500433E7500433E6503833E5500433AF
:100D6000E5500433E550194A5C33E550583BE250F6
:100D70000433E5502D300433E550082204330021BC
:100D8000FF30E55000F010FF2200F023D032E25097
:100D90004A460433E25042460433E2500433E750FB
:100DA0000433E650C0BCB946B046F8BD441100203B
:100DB00040110020790C0000ED1A0000191B000002
:100DC000591B000009000100891B000012000200ED
:100DD000F8B5244B07001B68002B3BD0224E7368EC
:100DE000B468013B03D51BE06834013B18D30C22E7
:100DF000A55E002DF8D120001C4B08220021E360E5
:100E000065662560A560656025616561A5615C30EA
:100E100000F0CAFE6563A563A564E5642000F8BD23
:100E20003568002D01D02E00D9E7D62138004900C1
:100E300000F0AAF9041E10D00423D022056025007A
:100E400043600C300021A060520000F0ADFE346021
:100E50002E00C4E7FFF73EFFC0E70C2330603B6085
:100E6000DCE7C04640110020500C00200100FFFFCD
:100E7000036A10B5002B00D010BD044B0362044B75
:100E80001B68002BF8D1FFF725FFF5E7950C000054
:100E9000401100207047C0467047C04610B5002082
:100EA000024A034900F0AEFA10BDC046500C0020C3
:100EB000750C000010B50020024A034900F0A2FAA8
:100EC00010BDC046500C0020D10C0000F0B5C64645
:100ED00000B50C228B5E07000C001A073CD44A6850
:100EE000002A5CDDE66A002E32D000223D68216ACD
:100EF0003A60DA0457D4002201233800B0470200D8
:100F0000431C65D00C21635EE66A216A5B0706D547
:100F10006368D21A636B002B01D0236CD21A0023B2
:100F20003800B047431C40D000236360236923602E
:100F3000A389DB044AD4616B3D60002908D02300FB
:100F40004433994202D0380000F0A6F900236363CD
:100F5000002080BCB846F0BD0E69002EF8D00D68A8
:100F60000022AD1B0E609B0700D14A69A260002DD4
:100F700004DCEDE736182D1A002DE9DDA36A3200F6
:100F8000984638002B00216AC0470028F2DC402236
:100F9000A38913431BB20120A3814042D9E70A6C05
:100FA000002A9FDCD4E7626DB0E739680C22A35EAB
:100FB0001D2916D80C4ACA40D20712D500226260F9
:100FC00022692260DB04B6D50029B4D16065B2E79E
:100FD0003B68002B96D01D2B01D0162BD7D13D603E
:100FE000B6E740221343D6E7010040200B6970B5F5
:100FF00005000C00002B08D0002802D0036A002B4B
:101000000AD00C22A35E002B01D1002070BD21006C
:101010002800FFF75BFFF9E7FFF72AFFF1E7C0467B
:1010200070B5041E18D00F4B1D680369002B08D043
:10103000002D02D02B6A002B0AD00C22A35E002BBD
:1010400001D1002070BD21002800FFF73FFFF9E724
:101050002800FFF70DFFF0E7034A0449044800F0B9
:10106000D1F9EFE7000C0020500C0020ED0F00003C
:10107000040C0020314B70B5050018680C000028E6
:1010800002D0026A002A4FD00C22A35E1A071DD597
:101090002269002A24D0D90708D50021A1606169FE
:1010A00000204942A161002A08D070BD00219807A4
:1010B00000D461690020A160002AF6D11A06F4D597
:1010C00040221343A38101204042EEE7DA062ED5E9
:1010D0005A0714D4226908210B43A381002ADAD1CC
:1010E000A02180208900800019408142D3D02100B6
:1010F000280000F0BDFB0C22A35E2269CBE7616BE8
:1011000000290AD022004432914204D0280000F085
:10111000C3F80C22A35E00226263242293430022C0
:10112000626022692260D6E7FFF7A2FEACE70922DF
:101130002A6040221343A381C5E7C046000C00206B
:1011400070B5104E050033680C00002B15D021003F
:10115000280010F007FB431C0CD00323C41C9C4345
:10116000A04205D0211A280010F0FCFA013001D06D
:10117000200070BD01246442FAE7002110F0F2FA69
:101180003060E4E77C120020F8B50323CE464746E2
:10119000CD1C9D430835060080B50C2D1ED20C25B4
:1011A000A9421DD8300000F05FFB3A4F7A68002A50
:1011B0001AD0140004E063682200002B14D01C0035
:1011C00023685B1BF7D40B2B27D961192560944248
:1011D0005BD051600B6063684B600DE0002DDFDA7F
:1011E0000C230020336014E029003000FFF7A8FF33
:1011F0000400431C19D00560300000F037FB2000CC
:1012000007220B30231D9043C21A984201D01B1AAB
:10121000A350C0BCB946B046F8BD6368944202D042
:101220005360E9E743467B60E6E77B689846002B1E
:1012300024D0444663689846002BFAD123680021E5
:1012400099463000A14410F08DFA814516D12368EB
:101250003000ED1A2900FFF773FF01300ED023682C
:101260007A685B1923605368002B02D1DAE71A0011
:101270005B689C42FBD100235360BDE70C23300028
:10128000336000F0F3FA0020C3E779600B60636815
:101290004B60B1E77C12002070B50500002915D025
:1012A0000C1F2368002B23DB280000F0DDFA274AFF
:1012B0001368002B05D0A3420BD921686018834224
:1012C0002CD028006360146000F0D0FA70BDA342F7
:1012D00010D81A005B68002BF9D1106811188C42E5
:1012E00018D02CD363605460280000F0BFFAEDE7FB
:1012F000E418D9E711685018A04214D01FD821680B
:1013000060188342EED118685B6841182160636001
:101310005460E9E723681B181360E5E718685B6809
:1013200041182160CDE720680918501811608342E8
:10133000DAD118685B68411811605360D4E70C2358
:1013400028002B6000F092FAC0E7C046801200200F
:10135000F8B505000E001400002802D0036A002B27
:1013600041D0A369A360A3891B071BD52369002B68
:1013700018D0FF22F7B2616916402268D31A994249
:101380001FDD0133A1680139A160511C2160177074
:1013900062699A421ED0A389DB0701D50A2E19D0B3
:1013A0003000F8BD21002800FFF764FE002817D1A7
:1013B000FF222369F7B2616916402268D31A994265
:1013C000DFDC21002800FFF711FE002808D10123EF
:1013D0002268D7E721002800FFF708FE0028DFD0A9
:1013E00001267642DCE7FFF743FDBAE7030010B5BC
:1013F0000A00034908681900FFF7AAFF10BDC0469C
:10140000000C0020F8B54746CE46884680B5814698
:10141000170000267D68BC68013D0DD4A389012B0F
:1014200007D90E22A35E013303D021004846C047EE
:1014300006436834013DF1D23F68002FEAD1300005
:10144000C0BCB946B046F8BDF0B5C64607000E00B0
:10145000140000B500292DD0002A27D000F09AFBF7
:101460008046844203D835004308A34210D32100AC
:101470003800FFF789FE051E0AD0220044450BD82C
:101480003100280000F07CFA31003800FFF704FF3B
:10149000280080BCB846F0BD31004246280000F06C
:1014A0006FFA31003800FFF7F7FEF1E7FFF7F4FEBF
:1014B0000025EDE71100FFF767FE0500E8E7C046ED
:1014C000F8B557464E464546DE46E0B51F000A9B36
:1014D000924698460A698B6806000C009A4200DA28
:1014E0001A0053461A604323E35C002B02D0514696
:1014F00001320A602268910661D5534652460620A1
:101500001B680233136022681100104208D10020CA
:10151000814619308346E168A344994247DC1100B3
:101520004323E35C5A1E934189060AD53020E11813
:101530004331087045215A1C615CA21843320233C2
:1015400011702200390030004332C04701301DD0F5
:10155000534606251B68E1689C462368A2682069FB
:101560002B40042B31D0824239DD00239946121AD8
:10157000914400251A3402E001354D452FDA01234C
:10158000220039003000C0470130F5D1012040422F
:10159000F0BCBB46B246A946A046F8BD01239C4616
:1015A0005346E5681B68E144ED1A4D4524DD0123EF
:1015B0005A4639003000C0470130EFD1E6E7062136
:1015C00011420ED05A1E9341BBE76346C91ACB4362
:1015D000DB170B4099468242C9DC0029C9DC002098
:1015E000D6E7002053468146193083461B68E168E0
:1015F000A3449942DBDC92E743232168E35C5A1E53
:101600009341890692D49CE7F0B54E469946432310
:101610009C4657464546DE468C446346E0B587B057
:1016200002930C00097E90460700109A002914D0FE
:101630000B00583BDBB2202B48D888489B00C3588E
:101640009F46136821681D1D606915601B680E06A2
:1016500002D4490600D5DCE018600023029D236116
:101660004B46210000933800434605AAFFF728FFA8
:1016700001301ED02A00414638002369C847013096
:1016800017D02368E068059E9B071BD5B04219DD83
:1016900019239A460025A24404E0E0680135831B23
:1016A000AB420FDD0123524641463800C8470130A6
:1016B000F3D10120404207B0F0BCBB46B246A94678
:1016C000A046F0BDB042F6DA3000F4E72500422330
:1016D00001204235E154432300222061E254BFE758
:1016E00013682168181D10600D0602D44D0600D540
:1016F00094E01A6816006368002A00DA92E0584AFB
:1017000093460A2203924BE01368206840CB0506FB
:1017100001D440067FD41360514B9B466F2900D102
:1017200091E00A23039337E013682500191D116027
:101730001A68422301204235E254CCE71368191D90
:1017400011601D68002128006268FFF7D1F80028A9
:1017500000D181E0401B6060BDE7202321680B437E
:1017600023604521782060543E498B46116840C96A
:10177000180603D4580601D53604360C1160DA0772
:1017800002D5202213432360002E03D12022236898
:10179000934323601023039343230022E25463689E
:1017A000A360002B18DB042122688A432260002EEC
:1017B00012D1029D002B49D1039B082B1ED0029B06
:1017C0005B1B23614CE745235821E15424492368DE
:1017D0008B46CBE72368C4E7039B9A46029D300003
:1017E000514600F0DFFA5B465B5C013D2B70330035
:1017F00006005345F3D2039B082BE0D12368DB0797
:10180000DDD5626823699A42D9DC3023013D2B7013
:10181000D5E7188021E73604360C7CE700269E5F6A
:10182000320068E743222D20A054A360002B02DB86
:101830000423994321600A239A46094B76429B462A
:101840000A230393CAE708230393A5E75B46250011
:101850001B7842352B70AFE760683CE7C01F010082
:10186000642E0100782E01007047C0467047C046C4
:10187000F0B50C23CD5E06000C0097B0AA0707D583
:1018800023004733236023610123636117B0F0BD58
:101890000E23C95E00292BDB6A460FF07BFF002870
:1018A00024DB8027FF0039003000019DFFF76CFC2E
:1018B000002833D08022A38920601343A381F02322
:1018C0001B021D408023206167619B019D42DDD189
:1018D00030000E23E15E0FF069FF0028D6D003220E
:1018E000A389934301221343A381CFE70C23E55E31
:1018F0000F4B2D06ED171D408023DB009C466544F1
:1019000029003000FFF740FC002807D08022A3897F
:1019100020601343A38120616561B7E70C22A35EB9
:101920009A05B3D40322934302221343A381A7E76A
:1019300040FCFFFF70B50C001E000E23C95E1500B1
:1019400096B0002914DB6A460FF024FF00280FDB55
:10195000F02301991B021940084B9C4661444B42FD
:1019600059418023DB00002031602B6016B070BD30
:10197000A38900211B06F4D54023F4E700E0FFFF14
:10198000F0B505000F2A31D903273E000D430C00A6
:1019900003002E402F4234D11500103D2D09AC46D6
:1019A0002F013F1865685D60A5689D60E568DD6092
:1019B000256810341D601D001033BD42F2D165460C
:1019C0000F230C2401352D014919134045191442E8
:1019D0001AD0043B9B0801339B008C59AC51043650
:1019E0009E42FAD10323AD1989191A40561E002AC6
:1019F00006D00023CC5C1A00EC5401339642F9D196
:101A0000F0BD0500561EF4E71A00EFE7002370B59D
:101A1000074D0400080011002B600FF0D3FE431C9B
:101A200000D070BD2B68002BFBD02360F9E7C046C7
:101A30008412002010B50FF0CFFE10BDF0B5884223
:101A40000AD98B18984207D2531E002A03D0CA5CC9
:101A5000C254013BFBD2F0BD05000F2A0AD8561E26
:101A6000002AF8D00023CC5C1A00EC5401339642D3
:101A7000F9D1F0E703273E000D430C0003002E4090
:101A80002F422DD11500103D2D09AC462F013F18D6
:101A900025681D6065685D60A5689D60E568103417
:101AA000DD601D001033BD42F2D165460F230C24CA
:101AB00001352D01491913404519144213D0043B37
:101AC0009B0801339B008C59AC5104369E42FAD1DD
:101AD00003231A40AD198919561E002AC2D1BAE74C
:101AE0000500561EBEE71A00B9E7C04670B50C00E7
:101AF0000E25495F0FF02AFE002803DB636D1B18DB
:101B0000636570BDA389024A1340A381F9E7C0460B
:101B1000FFEFFFFF00207047F8B50C001F000C23FB
:101B2000C95E05001600CB050AD40A4B32001940E5
:101B30002800A1810E23E15E3B000FF00EFEF8BDF0
:101B40000E23E15E002202230FF005FE0C23E15E6E
:101B5000EBE7C046FFEFFFFF70B50C000E25495FB5
:101B60000FF0F9FD431C07D08023A2895B011343CA
:101B70001BB26065A38170BDA389024A13401BB2EA
:101B8000F8E7C046FFEFFFFF10B50E23C95E0FF068
:101B9000E6FD10BD0B1F1B68181F002B00DB7047F4
:101BA0000B58C018FBE7C046F0B50500830749D0C5
:101BB000541E002A45D003000326CAB202E00135B4
:101BC000013C3ED301332A703342F8D1032C30D983
:101BD000FF220A401502AD182A04AD180F2C34D983
:101BE0002700103F3F093E01B4461E001A00103680
:101BF0006644156055609560D56010329642F8D104
:101C000001373F01DB190F270C22274022403C00FF
:101C1000002A0ED03E1FB608B400A4461A001C1DB0
:101C2000644420C2A242FCD103240136B6009B19B1
:101C30003C40002C05D0C9B21C19197001339C42DC
:101C4000FBD1F0BD03001400C0E72700E2E7C04667
:101C500030B5032A1AD90B0003439B0711D0551E38
:101C6000002303E05A1C9D4213D01300C25CCC5CDD
:101C7000A242F7D0101B0DE0043A04300431032ACD
:101C800004D904680B689C42F6D0E8E7551E002A88
:101C9000E6D1002030BDC046002243088B4274D3F9
:101CA00003098B425FD3030A8B4244D3030B8B425D
:101CB00028D3030C8B420DD3FF22090212BA030C66
:101CC0008B4202D31212090265D0030B8B4219D347
:101CD00000E0090AC30B8B4201D3CB03C01A524167
:101CE000830B8B4201D38B03C01A5241430B8B42AF
:101CF00001D34B03C01A5241030B8B4201D30B0398
:101D0000C01A5241C30A8B4201D3CB02C01A5241BE
:101D1000830A8B4201D38B02C01A5241430A8B4281
:101D200001D34B02C01A5241030A8B4201D30B026A
:101D3000C01A5241CDD2C3098B4201D3CB01C01A84
:101D4000524183098B4201D38B01C01A524143098E
:101D50008B4201D34B01C01A524103098B4201D37C
:101D60000B01C01A5241C3088B4201D3CB00C01AE9
:101D7000524183088B4201D38B00C01A5241430861
:101D80008B4201D34B00C01A5241411A00D2014686
:101D9000524110467047FFE701B5002000F0F0F80F
:101DA00002BDC0460029F7D076E7704703460B43D3
:101DB0007FD4002243088B4274D303098B425FD344
:101DC000030A8B4244D3030B8B4228D3030C8B4270
:101DD0000DD3FF22090212BA030C8B4202D3121256
:101DE000090265D0030B8B4219D300E0090AC30B2B
:101DF0008B4201D3CB03C01A5241830B8B4201D3D8
:101E00008B03C01A5241430B8B4201D34B03C01AC0
:101E10005241030B8B4201D30B03C01A5241C30A38
:101E20008B4201D3CB02C01A5241830A8B4201D3A9
:101E30008B02C01A5241430A8B4201D34B02C01A93
:101E40005241030A8B4201D30B02C01A5241CDD238
:101E5000C3098B4201D3CB01C01A524183098B4283
:101E600001D38B01C01A524143098B4201D34B016C
:101E7000C01A524103098B4201D30B01C01A5241CF
:101E8000C3088B4201D3CB00C01A524183088B4256
:101E900001D38B00C01A524143088B4201D34B003F
:101EA000C01A5241411A00D20146524110467047B1
:101EB0005DE0CA0F00D04942031000D340425340B6
:101EC00000229C4603098B422DD3030A8B4212D376
:101ED000FC22890112BA030A8B420CD389019211A8
:101EE0008B4208D3890192118B4204D389013AD0E5
:101EF000921100E08909C3098B4201D3CB01C01ABA
:101F0000524183098B4201D38B01C01A52414309CC
:101F10008B4201D34B01C01A524103098B4201D3BA
:101F20000B01C01A5241C3088B4201D3CB00C01A27
:101F3000524183088B4201D38B00C01A5241D9D23F
:101F400043088B4201D34B00C01A5241411A00D2C0
:101F50000146634652415B10104601D34042002BBC
:101F600000D54942704763465B1000D3404201B53B
:101F7000002000F005F802BD0029F8D016E77047F0
:101F80007047C046F0B5CE469946030C9C461304F4
:101F900047461B0C1D000E0061460404240C80B54E
:101FA0000700100C4B436543414360432C0CC018A1
:101FB00024188C46A34203D980235B029846C4446C
:101FC000494679435643230C2D042D0C891963444B
:101FD00024046019C918C0BCB946B046F0BDC0465B
:101FE00002B4714649084900095649008E4402BCB2
:101FF0007047C04602B4714649084900095C49006F
:102000008E4402BC7047C04603B471464908400084
:102010004900095E49008E4403BC704703B4714611
:10202000490840004900095A49008E4403BC7047E2
:10203000844608006146FFE71FB500F0E1FA00287A
:1020400001D40021C8421FBD10B500F069FA40421A
:10205000013010BD10B500F0D3FA002801DB0020DC
:1020600010BD012010BDC04610B500F0C9FA00280F
:1020700001DD002010BD012010BDC04610B500F0EC
:1020800077FA002801DC002010BD012010BDC046F9
:1020900010B500F06DFA002801DA002010BD012013
:1020A00010BDC0461C2101231B04984201D3000C23
:1020B00010391B0A984201D3000A08391B099842BB
:1020C00001D30009043902A2105C40187047C046D1
:1020D00004030202010101010000000000000000F1
:1020E000002B11D1002A0FD1002900D1002802D0E5
:1020F0000021C943080007B4024802A14018029019
:1021000003BDC0467DFEFFFF03B4684601B50298DB
:1021100000F024F8019B9E4602B00CBC7047C046FC
:1021200070B500220C4B04000D0002F043FA0028A9
:1021300004D12000290002F033F970BD064B0022C3
:102140002000290001F0F4FC02F02AF980231B068C
:102150009C466044F1E7C0460000E041F0B55746B8
:102160004E464546DE46E0B504000D0092469946CF
:1021700083B08B4230D82DD04946504602F024FA25
:1021800029000600200002F01FFA331A9846203B6F
:1021900034D49B4653465A46934042461F0053460A
:1021A00093401E00AF423BD8AF4200D179E05B467E
:1021B000A41BBD41002B00DA76E000220023009230
:1021C000019301235A4693400193012342469340D1
:1021D000009329E08242CFD900220023009201938C
:1021E0000C9B002B01D01C605D600098019903B02E
:1021F000F0BCBB46B246A946A046F0BD42469B464F
:1022000020239B1A5246DA40414613004A468A4030
:10221000170042461F43534693401E00AF42C3D9A6
:1022200000220023009201934346002BD8D0FB07E5
:1022300072081A4346467B080EE0AB4201D1A24227
:102240000CD8A41A9D41012024196D410021013EA2
:1022500024184D41002E06D0AB42EED9013E241980
:102260006D41002EF8D1009801995B460019694133
:10227000002B24DB2B005A464646D3402A001C0084
:10228000F2405B461500002B2ADB26009E403300FF
:1022900026004746BE403200801A994100900191C5
:1022A0009EE7A342BCD882E74246202300219B1A26
:1022B0000022009101920122DA40019285E7424614
:1022C00020239B1A2A0046469A402300F3404646A4
:1022D00013432A001C00F2405B461500002BD4DAA1
:1022E000202342462F009B1B97402600DE403B00E8
:1022F0003343CDE7F0B546464F46D6464502C0B516
:10230000C30F470098460E1C6D0A3F0E5BD0FF2F8F
:1023100021D08023ED00DB041D43002399469A461B
:102320007F3F74027300640A1B0EF60F002B20D04F
:10233000FF2B43D080220020E400D20414437F3BD3
:102340004246FF1A4B4672400F2B00D99DE071495F
:102350009B00CB589F46002D5AD108239946063B37
:1023600074029A467300FF27640A1B0EF60F002BB7
:10237000DED1002C3BD1012342464946724019432D
:102380000E2918D86448890041588F465346022BBD
:1023900000D1B8E0032B6ED042462C00012B40D177
:1023A00000200024C0052043D2071043E0BCBA46F9
:1023B000B146A846F0BDFF200024F3E7002C20D151
:1023C0000223FF3FD8E7002D05D104239946033BA4
:1023D00000279A46A5E72800FFF764FE7627431FEB
:1023E0009D4000237F4299469A463F1A99E7200074
:1023F000FFF758FE431F9C4076235B421B1A0020C8
:102400009EE703234A461A4391460320FC3397E78D
:102410000C239946093BFF279A4682E703282CD0D4
:10242000320038007F30002847DD630704D00F23D7
:102430002340042B00D00434230103D53800374B4C
:1024400080301C40FE28B6DCA401640AC0B2A9E7B3
:1024500080240022FF20E403A4E78023DB031D4245
:1024600001D01C420BD08024E4032C43640242467A
:10247000FF20640A96E746462C008023DB031C43BA
:1024800064023200FF20640A8CE76D01600185421E
:102490002DD21B230024013F0126290064006D007A
:1024A000002901DB854201D32D1A3443013B002B67
:1024B000F3D16B1E9D412C43B3E701231B1A1B2B49
:1024C00000DD6DE721009E37D940BC400B00611E46
:1024D0008C412343590704D00F211940042900D00F
:1024E0000433590113D49B0100205C0A5AE71A23D4
:1024F00001242D1AD0E7981E434258414042320031
:102500000024C0B24EE74246FF2000244AE70120E3
:10251000002447E74420010084200100FFFFFFF76B
:1025200070B542004E024C0045026D0A120EC30FF8
:10253000760A240EC90FFF2A10D0FF2C0CD00120E0
:10254000A2420AD1B54208D18B420FD0002A04D151
:102550002800431E984100E0012070BD0120FF2C9F
:10256000FBD13543F9D14B401800F6E70020F4E7E2
:1025700030B5420044024D02C30F4800640A120EF7
:102580006D0A000EC90FFF2A18D0FF280AD0002AB2
:102590001ED100280AD1002D29D0002C2DD14800B1
:1025A000013830BD002D25D1002A01D1002CF6D0F4
:1025B0008B4219D001205B421843F2E7002C19D15D
:1025C000FF28F7D1002D15D100208B42F2D1E8E78A
:1025D0000028EFD08B42EDD18242EBDC04DBAC4231
:1025E000E8D80020AC42DCD258000138D9E7002CF2
:1025F000D7D0DFE702204042D3E78B42DAD1EEE7C3
:1026000030B5420044024D02C30F4800640A120E66
:102610006D0A000EC90FFF2A17D0FF280AD0002A22
:102620001BD100280AD1002D1DD0002C2DD148002F
:10263000013811E0002D0ED1002A01D1002CF6D076
:102640008B420CD15800013806E0002C03D1FF2842
:1026500005D1002D15D0022030BD002806D1012063
:102660005B421843F8E7002CF6D0F8E78B42F6D12E
:102670008242F4DCE6DBAC42F1D80020AC42EBD283
:10268000E0E700208B42EAD1E6E78B42E7D1F2E7B0
:1026900070B5002812D0C317C5185D40C40F2800BC
:1026A000FFF700FD9E231B1A962B0FDC082838D05D
:1026B000083885406D026D0AD8B202E0002400207F
:1026C0000025C0052843E407204370BD992B14DC86
:1026D000421F95402A001549114055071CD00F256F
:1026E0002A40042A18D00431CA08490115D59F236D
:1026F0005202181A550AC0B2E3E7020029001B3241
:1027000091404A1E91410522121AD5402A000A43DF
:10271000064911405507E2D1CA085202550AD8B2FB
:10272000CFE76D026D0A8E30CBE7C046FFFFFFFB9F
:10273000F0B54F464646D646C0B50D0382B000926E
:1027400001934E00C300CC0F690A450F9C46009AC6
:10275000019B0D435F001903D80F009B490A5B0FD3
:102760001943009B760D7F0DDA00F31B844258D08D
:10277000002B13DD002F00D088E00800104300D1AB
:1027800059E1581E012B00D1C2E2B14FBB4200D12A
:1027900041E1382800DD6AE2030064E1002B00D14A
:1027A000B1E0BB1B002E00D0E1E164462C4300D118
:1027B00076E25C1E012B00D1E8E2A54EB34200D1C7
:1027C000B7E2382C00DC6BE3541EA2429241524225
:1027D0008D1AA0461E0004002A0268D443461F1D1D
:1027E00047459B415B42ED182B0200D49DE3984A7C
:1027F0000136964200D1EBE0964A73052A405B0D04
:102800005107FF0852020F43120B1B051343E40745
:1028100023433800190002B0E0BCBA46B146A846CE
:10282000F0BD002B00DCD7E0002F00D09AE00800BC
:10283000104300D1FFE0581E012B00D148E2844F25
:10284000BB4200D1E7E0382800DCB8E28022120465
:10285000154200D149E31E000023150098467C4B29
:1028600001369E4200D1B3E07A4B01211D40434620
:102870005A081940EF070A4317436D087B07B3D086
:102880000F233B40042BAFD0B846A7E770488642E1
:1028900000D1C0E0382B00DCE2E001235B4263445E
:1028A0009C45804140422D1A98462B0296D5012323
:1028B0005B429846684D2800FFF7F4FB0300083B95
:1028C00020214046CA1AD040020040469D40984010
:1028D0002A438046B34200DA72E1981B4346013036
:1028E000091A45468B40C5405E1EB34117008F4014
:1028F0002B431F43C2403B00150000261343BDD1AC
:102900000027002281E7554F731C3B4200D01BE19A
:1029100063460F002B431743002E00D0C4E1002B69
:1029200000D145E2002F00D107E163469B1A98468B
:10293000C445B6416B1A76429B1B8026360433424F
:1029400000D1CBE26346D31A9A4292411F00491B41
:1029500052428A1A9C46174300D0EDE2040000233D
:10296000002252E73A48864255D0382B00DD48E134
:102970008020000401431F2B00DDE3E12027F81A2B
:10298000824608005746B840814610004F46D8405E
:10299000074338005746BA40D940571EBA416D1810
:1029A000104360448046E045804140422D182B0290
:1029B00000D554E743465B0700D1B9E20F234246F6
:1029C0001340042B00D009E733004246D20834E01C
:1029D00033000022002718E7002B00D18FE0BB1B3B
:1029E000002E00D033E16046284300D140E2581E5B
:1029F000012B00D10AE2164EB34200D185E23828FD
:102A000000DC87E280252D04294200D19CE21E00D3
:102A10000023984623E763466E07D8080643ED086F
:102A200037002F4311D0802212032A4312033700AC
:102A3000074B120BE9E66246D2086E071643044ABA
:102A4000ED089342ECD03700D6E0014B0022DCE6E3
:102A5000FF070000FFFF7FFFFFFF7F00FE07000072
:102A60008020000401431F2B00DDB1E02027F81A6D
:102A7000824608005746B840814610004F46D8406D
:102A8000074338005746BA40D940571EBA416D1A1D
:102A9000104363461B1A9C458041984640422D1ABC
:102AA0002B0287D56D026D0A002D00D003E740464A
:102AB000FFF7F8FA030018331F2B00DC00E742464B
:102AC000083882409E4200DD91E09B1B581C1F2865
:102AD00000DCF8E117001F3BDF40202805D0402331
:102AE0001B1A9A40531E9A411743002F3CD00026D0
:102AF0007B0700D0C4E63500B846330065E7CB4815
:102B0000731C034200D085E063462B43002E00D0A7
:102B100092E10F001743002B00D1D8E1002F0CD019
:102B20006244624580416D1840422D182B0200D549
:102B3000F2E1170094462F4316D063466F07D8087A
:102B400007430023ED0857E063469B1A9846C445A7
:102B5000BF416B1A7F42DB1B1F0200D5AEE0474628
:102B60001D001F43A0D10024002300224DE6B04CDD
:102B7000A74200D1DDE0382B00DD85E0802424046D
:102B800025431F2B00DDECE02026F41AA1462C0083
:102B90004E46B4406646DE403443A04666464C4648
:102BA000A640DD40741EA6414446491B3443131B16
:102BB0009A4292415242984604003E008D1A6FE7B5
:102BC000F61A03009B4D15405B0700D0F6E6FBE6C6
:102BD00018000F002038C740202B03D04020C31A14
:102BE00099400A43531E9A411000384351E79149D6
:102BF000F31A0A405707D5082A035B05120B5B0D31
:102C000003E680231B041D4200D1BBE01D0000230E
:102C1000984624E68648834200D1DAE6624462455B
:102C20008041691840420918C8075208104380467D
:102C30004D08520705D00F221E000240042A00D082
:102C4000CCE542466F07D20817430D09D4E7784810
:102C5000874200D1D5E0382B00DCB2E080252D047E
:102C6000294200D14CE100233E009846F7E50122BD
:102C7000524262449445804140422D1A90461E00C3
:102C80002A0200D513E6A9E5531E9A429241524208
:102C90008D1A984604003E002B0200D507E69DE5FC
:102CA00004000D00D208C8E6002B00D0E3E0002F9E
:102CB0003FD1802200245E4B1203A6E56346D31A5F
:102CC0009A4292414D1B524298460400AD1AEBE6DF
:102CD00062441600664580416A1840421218130289
:102CE00000D49DE0534973080A40D107194357089F
:102CF0005B0700D1FEE00F230B40042B00D1F9E06D
:102D00000B1D98468845AD416D420223ED195CE6E6
:102D100063469B1A9C4580416D1A40422D1A984685
:102D20002B020DD443466F07DB081F43ED08012338
:102D300062E74E07D20804001643CD0870E604008F
:102D40000126AFE618000F002038C740202B03D023
:102D50004020C31A99400A43531E9A411000384339
:102D60001FE61C002E00203CE640202B05D040240E
:102D7000E31A9D4063462B439C466446631E9C4178
:102D8000344314E701236344984627E56346D31A86
:102D90009A4292414D1B5242AD1A98462B02CED414
:102DA00043466F07DB081F4304000123ED0823E7B8
:102DB000002F00D1D7E604000D009446BDE60300C5
:102DC000D9E58020000405431F2B6BDC2020C01AAE
:102DD000804628004646B0406646DE400643B1467F
:102DE00060464646B040DD40461EB0414E46491959
:102DF0003043804690449045924152423E005518DF
:102E0000D5E54E07D2081643CD0809E663469E185D
:102E100096429241691852428A18130200D561E71E
:102E20005707F60801233743D508E5E6FE070000FB
:102E3000FF070000FFFF7FFF002BE2D06346DE08A4
:102E40006B071E430B00ED08134300D1E8E5802318
:102E50001B031D4206D0C808184203D10500D6083E
:102E600049070E43730FF600F6085B071E43D7E5CC
:102E70000D00D208E1E56346DE086B071E43ED084E
:102E8000002F00D1CCE580231B031D42EAD0CF08E0
:102E90001F42E7D1D608490704003D000E43E1E791
:102EA00023006EE618002E002038C640202B05D0E7
:102EB0004020C31A9D4063462B439C466046431EF8
:102EC0009841304395E720210023091A0EE500239D
:102ED000002F00D1BAE50D00904676E547461F4326
:102EE00000D140E61D00C44627E601226244904618
:102EF0001E0073E4C9087F0702230F4315097BE610
:102F0000531C98460D003E0068E4D6084B071E434C
:102F1000CD0885E5030057E7114BD2082B405F072A
:102F200017435A02120B01236FE43300B8464CE5F5
:102F30004346DA08330080E532420AD0084B0400E9
:102F40001A40674601235BE4013290460D001E00E3
:102F500044E4DB0857071F4304000023D5084BE671
:102F6000FFFF7FFFF0B5DE46454657464E46E0B5CB
:102F700087B0009201930B031B0B9B46CA0F4B00BB
:102F8000040080465B0D029200D1BFE08F4A93425D
:102F900038D05946420FC9000A4380210904114321
:102FA000C20090468A4A894692469A4400230024E9
:102FB0000393009E019F3B031B0B7A0030009B464E
:102FC000520DFD0F002A00D17FE0804B9A426ED057
:102FD0005946730FC9000B438021090419438B46DE
:102FE0007B49F3008C46514662448A1A924600217E
:102FF000029E6E40F6B20F2C00D9F9E0754AA4008B
:10300000125997465A460243914600D0B6E09A4676
:103010000223904608240393CBE72E0000210023CF
:10302000002288461B051343F60733434046190028
:1030300007B0F0BCBB46B246A946A046F0BDCB46A1
:103040004346029D0399022900D1FAE1032900D1E8
:10305000A1E00129E1D0604A524490464446002C48
:1030600000DC00E25A0704D00F221A40042A00D0E4
:103070007FE22E00DA085B46DB0106D55946574B46
:10308000802419408B46E4005444554B9C4209DC93
:103090005B465B07134398465B4664055A02120B76
:1030A000630DBFE7002100228846484BBAE75B4624
:1030B000009A13434B4A9446E244002B59D1022212
:1030C000144300220221934692E75B46009A134381
:1030D00049D05B46002B00D1A4E15846FEF7E2FF41
:1030E000030002000B3B1D27009EFB1A11005846EF
:1030F000DE4008398840330003439B46009B8B40E9
:10310000394952448A460021924471E75B460343A1
:10311000994621D05B46002B00D171E15846FEF75D
:10312000C1FF0B235B429C460200844466461D237C
:103130009B1B260011005846DE40083988403300AA
:103140000343994623008B409846284B00249B1A42
:103150009A46002303932CE7002398469A460133AE
:103160000424039325E701221443002201219346FE
:103170003EE7032303211C43330039E79A46032328
:10318000D9460C24039314E7002380229846002696
:103190000E4B120346E78022594612030A431203DC
:1031A00098462E00094B120B3CE780224946120339
:1031B000114202D059461142F0D080224B461203F0
:1031C0001A431203029E014B120B2BE7FF0700006C
:1031D00001FCFFFFC0200100FF030000FFFFFFFE16
:1031E000FE07000001F8FFFFF30300000DFCFFFFE6
:1031F000CB4500D2FAE000D1F5E0012252429446DC
:103200000022444648469046E2445A461F0E1202A7
:103210001B020293130C994617433B041B0C4946AF
:103220000093FEF7BFFD009A0B044243210C0500FA
:1032300019438A4207D9C919013D8F4203D88A42EE
:1032400001D9851EC919881A4946FEF7ABFD009AB7
:10325000240442430904240C03000C43A24204D971
:10326000E419013BA74200D8F7E00299A01A2D0407
:103270000C0C09041D43090C2A0C2B04AB460D0051
:103280001B0C5D43059163435143049462435B18F7
:103290002C0CE318994203D9802149028C466244E0
:1032A000190C2D041B042D0C8A185D19904200D2B4
:1032B00087E000D182E043465D1BA8459B41801A10
:1032C0005B42C01AB14B534498461C00874200D160
:1032D0000CE14946FEF766FD0200009B03905A434D
:1032E0000B04290C19438A420AD90300C919013B6E
:1032F00003938F4204D88A4202D9831E0393C919CB
:10330000881A4946FEF74EFD0A00120494462A0424
:1033100065460099120C414303002A43914207D9A4
:10332000D2190138974203D8914201D9981ED21977
:10333000039B521A1B0403430598190C05008C4685
:103340001904090C4D43894661460095654648437A
:1033500004994D43AC464D464D432918009D2D0C14
:10336000A9464944884203D9802040028146CC4482
:10337000009D080C2D0409042D0C60444D19824257
:103380000FD30BD001221343814A92456CDB1A1DE7
:103390009A429B415B42D2089B446CE6002D00D1CF
:1033A00093E0591EBA188C46BA4200D285E0824298
:1033B00000D2C7E000D1D5E00B00E3E7A84500D379
:1033C00079E75B46591E029B9C46E0441C009845E9
:1033D0009B415B42DB19C018874238D2824278D8C1
:1033E00075D08B4667E7434500D906E74A46D407C0
:1033F00050084246520814434246D207904604E71A
:10340000FEF750FE15239C4684440200634620329A
:103410001C2B00DC8AE623000838834099460023F1
:10342000984692E6FEF73EFE030002001533203276
:103430001C2B00DC57E600990838814000238B469E
:103440005EE600212E0000228846524BEAE58742C4
:10345000C7D14445C2D98B462DE7A24200D804E724
:10346000831EE41901E72E0001224146521A382A30
:1034700000DDD3E51F2A3FDC47481C005044594675
:1034800083408140D440581E834121430B43594619
:10349000D1400A00590709D00F211940042905D04D
:1034A000191D99429B415B42D2180B00110268D54D
:1034B0000021012300228846B4E50B00824200D09F
:1034C00060E7029A954200D05CE73500C6E54545C5
:1034D00087D902235B429C46029BE3449C46E0441E
:1034E00098459B415B42DB19C018E4E6002B36DDB2
:1034F000012300229B44BEE51F2140464942091A90
:103500005846C8400100202A04D05846234A524455
:10351000904003435A1E934107200B4301000022B1
:103520001940184209D00F21194004291FD0181D35
:1035300098428941030049424907DB080B439846FA
:1035400000236FE50299023B49008C4602998C45A5
:1035500089414942C919521861460291AEE70123D7
:103560005B4281E70299A942ECD36346A9E70021B7
:10357000E3E71A1D9A429B415B422E00D2089B440E
:1035800079E551075202120BD7E7C046FF0300004E
:1035900002FCFFFFFF0700001E0400003E040000C5
:1035A000F0B557464E464546DE46E0B51F000B03D4
:1035B0001B0B16009846CA0F4B000400924685B0BC
:1035C0005B0D00D1C2E1CC4A934200D128E14146D3
:1035D000420FC9000A43802109041143C2009146E9
:1035E000C64A884693469B440023002501933C032A
:1035F0007A00FB0F3000240B520D009300D185E1BF
:10360000BD4B9A4200D160E1BC4B9C46624493445E
:103610000A2D00DD14E1730FE4001C4380231B041A
:103620002343F0005246009900264A409246022D5C
:1036300011DD0122AA40A6211400C9000C400A4253
:1036400000D0FDE0902189000A4200D0D4E1882119
:10365000114200D0EFE049464A460904140C090C17
:10366000020C0F0015000004000C65434743019550
:10367000B9462F000D0006005543AC464D46664343
:103680002D0CB4446544AE4205D93E0080277F022C
:10369000BC46664401964F463F043F0C2E0C2D0459
:1036A000ED1902951D0C1B041B0C00951D001F003D
:1036B00065434F43AC46009D69436C433D0CA946AE
:1036C000614449448C4503D980256D02AC4664446D
:1036D0003F040D0C3F0C0904C919AC46751803953D
:1036E00045462E04360C2F0C350045437843804662
:1036F00038006444AC462D0CA94650437243424402
:103700004A44904503D980256D02A8464044150CD3
:10371000A84665462D042D0CAC4635005D431204C9
:103720006244AC467B43009D404498462B006E4368
:1037300065467B4346442D0CAD191F000093A845F8
:1037400004D980235B02984647440097039B019E5F
:1037500098462B044644984663468E4289411B0492
:103760001B0C4344B61849421B195F1896429241FC
:10377000BC465242804691468C458941A3429B41BA
:10378000E044C14449425B42914592410B4380452C
:1037900089412D0C494252420A435B199B18009AF9
:1037A000029994464A4663445B02D20D1A439046FE
:1037B00072020A43511E8A41F60D16434A465202CE
:1037C0001643B146DB0154D44D4A5A44002A00DC6A
:1037D00018E133005B0715D00F215B463140042907
:1037E00010D04946081D48458941814649428844D0
:1037F0004146C90106D54146424A114080228846C9
:10380000D2009A18404B9A4200DD2BE141464B46CC
:103810004C07DB081C4352054B021B0B520D1AE0F0
:1038200042460243914600D0E0E09B460223904688
:1038300008250193DBE6009A984692468146019658
:10384000019B022B00D10DE1032B35D0012B1BD1A5
:1038500000220023002412051A435346DB071A43B3
:103860002000110005B0F0BCBB46B246A946A046F8
:10387000F0BD01227308324013434246D20713437E
:10388000994643465B08984680225B46D2005A44DC
:103890000133002A00DCB6E049464907A8D00F21D1
:1038A0004846014004299CD1A2E70F2D00D1FDE03C
:1038B000009BA0469A46B146802342461B03134311
:1038C0001B034C460C4A1B0BC5E70B4933008C46C7
:1038D0002343E344002B77D1022129430A29AFDC9B
:1038E0005046009C60408246002D00D10EE10D0044
:1038F000002002269DE6C046FF07000001FCFFFFF6
:10390000FF030000FFFFFFFEFE070000230033431C
:103910004BD0002C00D1BBE02000FEF7C3FB03001E
:1039200002000B3B1D20C31A3000D84011000300D9
:10393000300008398C408840234359468A1A784918
:103940008B4693440A2D00DC6CE679E7434603433B
:10395000994623D04346002B00D187E04046FEF72E
:10396000A1FB0B235B429C460200844411004046AD
:10397000083988401D23804660461B1A2000D84025
:10398000030040460343984623008B409946644B0E
:1039900000259B1A9B460023019328E600239846A6
:1039A0009B4601330425019321E6012215430A2D8C
:1039B00000DD45E7524600994A409246022D00DC60
:1039C00046E70020012634E603231D430A2D00DDCF
:1039D0006BE75346009A882153400122AA409A4639
:1039E00003262300114200D135E624E79B4603233A
:1039F00081460C250193FAE500239A468023494A23
:103A00001B0328E75B460121891A382900DD1FE7DF
:103A10001F295ADD1F204042821A4046D0402029EB
:103A200008D0414A9446424663449A4013004A46AD
:103A30001A4391464A460721531E9A410C000243FD
:103A400000231440114209D008311140042960D0EC
:103A5000111D9142A4410A0064426407D208144334
:103A60000022F8E6002300242E4AF4E6FEF71AFBB3
:103A700015239C4684440200634620321C2B00DC44
:103A800074E70023994623000838834098467EE770
:103A9000FEF708FB03000200153320321C2B00DC6C
:103AA00040E7330008388340002046E78023424641
:103AB0001B031A4200D1FFE61C4200D0FCE6009A2C
:103AC000234392463400174AC5E6184A40469446B6
:103AD0004A4663449840CA4010434A469A40531E9F
:103AE0009A4143460243CB40510709D00F21114070
:103AF000042905D0111D9142924152429B180A009F
:103B0000190208D5012200230024A4E60023002482
:103B1000A1E60024A2E75C075B021B0B9EE7C04600
:103B20000DFCFFFFFF0700003E0400001E04000024
:103B3000F0B54E464546DE465746E0B583B00090A8
:103B400001910D034E000199760DCC0F690A009D7D
:103B50006D0F0D43009900920193C8001903019B5A
:103B6000CB4A5B005B0D9946019B8346DB0F984671
:103B70004B0A0099490F1943009BDB009C469A466B
:103B8000914500D173E0012347465F404B46B8465C
:103B9000F31ABC4216D0002B00DC9AE24F46002FED
:103BA00000D082E067460F4300D13AE15F1E012B4F
:103BB00000D1A4E2934200D12EE1382F00DD43E290
:103BC0003B003EE1002B00DCD7E24F46002F00D047
:103BD000F8E067460F4300D123E15F1E012B00D1BF
:103BE00057E2934200D117E1382F00DC04E3802232
:103BF0001204154200D1AAE31E0015000027A44BB1
:103C000001369E4200D103E10122A24B3A401D4001
:103C100079081143EA070A436D08530709D00F23B7
:103C20001340042B05D017003A1DBA42BF417F4212
:103C3000ED192B0200D477E3954901368E4200D16D
:103C4000E6E0944973050D405B0D6907D2086D02EB
:103C50000A432D0B1B052B43E407234310001900D7
:103C600003B0F0BCBB46B246A946A046F0BD8A4BA5
:103C7000F21863460B434CD0444550D0002A6CD018
:103C8000002E00D17DE1634644464F07DA08174312
:103C9000C8083A00024300D1CDE080252D0305433A
:103CA0002D033A007A4B2D0BD4E7964200D1B3E0B6
:103CB000382B00DCC2E0471EB842804140422D1A3A
:103CC0002B02B1D50127754D7F422800FEF7EAF996
:103CD0000838202339001A1A8540D14087402943EB
:103CE000B04200DA45E1801B01301B1A3D009F40C5
:103CF000C5407A1E97410A009A402F433A43C1407B
:103D000013000D0000260B4300D086E7002200259B
:103D1000A0E7474601235F40B8464445AED1002A9C
:103D200000D1EFE0002E00D088E14B462A0002438C
:103D300000D1A0E25A1E012B00D1B7E2544EB3428B
:103D400000D17BE1382A00DC12E380252D042942D2
:103D500000D112E31E00002751E7514A731C1342A1
:103D600000D0F4E062462B000A430343002E00D04B
:103D700074E1002B00D123E2002A00D1E0E0634689
:103D8000C71AB842924180266B1A52429B1A3604D7
:103D9000334200D1C1E26346181A844592414D1B5B
:103DA0005242AD1A0124020043462A431C40002A15
:103DB00000D1DBE0354200D1E9E2364B02001D4084
:103DC000012342E7964227D0382B00DD11E1802203
:103DD000120411431F2B00DDA1E120220F00D21A93
:103DE000914697406246DA401743B84662464F46CE
:103DF000BA40D940571EBA4147466D1817433F187D
:103E00008742804140422D182B0200D5F7E634E06E
:103E10003300002500221DE7C0086F070743E808AC
:103E200037E7C7086A071743194AE808934200D1E1
:103E30002FE73A00D8E0164B00250BE7802212044A
:103E400011431F2B00DDB7E020220F00D21A91464C
:103E500097406246DA401743B84662464F46BA403A
:103E6000D940571EBA4147466D1A1743C71BB8427F
:103E7000804140422D1A2B0216D47B0700D179E2F3
:103E80000F233B40042B00D0CEE63300FF08C9E7E8
:103E9000FF070000FFFF7FFF01F8FFFFFFFF7F002C
:103EA000FE070000444601266D026D0A002D00D079
:103EB0000BE73800FEF7F6F8030018301F2800DC87
:103EC00007E73900083B9940864200DD87E0831B05
:103ED000581C1F2800DC14E20A001F3BDA4020288F
:103EE00005D040231B1A99404B1E99410A43002AD2
:103EF0003CD00026530700D091E617003500330070
:103F0000FF088FE7CA4A731C13427AD12B00034380
:103F1000002E00D092E162460A43002B00D1F4E16A
:103F2000002A0DD06346C718874280416D18404271
:103F30002D182B0200D512E23A00BB462A4315D0B9
:103F40005B466A07DF083A430023E8084CE0634613
:103F5000C71AB84292416B1A52429B1A1A0200D5F4
:103F600087E03A001D001A43A0D100240023002559
:103F700070E6B04D361A0D407B0700D080E7330065
:103F800084E74B462A0002437ED05A1E012B00D103
:103F90001FE1A94CA34200D198E1382A00DC9CE142
:103FA0006246571EBC45924152428D1A44461E003D
:103FB0002A0200D586E637E61A000F00203AD740DD
:103FC000B846202B05D04022D31A994063460B43B4
:103FD0009A4657467B1E9F4143461F4346E7954AF4
:103FE000331A11404A07C80805035B052D0B5B0D0A
:103FF00030E680231B041D4200D1FBE01D0000279A
:10400000FDE58D4A934200D103E762468218824261
:104010008041691840420818C707520817434508ED
:10402000520700D4AEE10F221E003A40042A00D00D
:10403000FAE5FF086A073A430009D5E763464F07E8
:10404000DA081743C80824E6471EB84280414042B8
:104050002D1A1E002A0200D534E6E5E5002B00D01B
:104060000DE1002A00D069E180250024724B2D0368
:10407000F0E563461F1ABC459241012443464D1B9F
:104080005242AD1A1C4011E7624644460D00D70863
:10409000C8E66346C618864280416918404209183E
:1040A0000B0200D40CE1634B70081940CB070343AB
:1040B0004A08400700D43BE10F201840042800D1F3
:1040C00036E11F1D9F42AD416D420223AD18FF082E
:1040D000A8E6002B00D140E64B469B1B002E00D1EA
:1040E00050E7382B2EDD63465F1EBC45924152429D
:1040F0008D1A44464E462B0200D5E3E594E563460F
:10410000C71AB84280416D1A40422D1A2B0200D5C1
:10411000C9E66A07FF0801233A43E80864E71A0082
:104120000F00203AD740B846202B05D04022D31AA2
:10413000994063460B439A4657467B1E9F41434630
:104140001F435CE680223C00120415431F2B26DC33
:1041500020222F00D21A060090409740DE40421ED7
:104160009041DD4037430743491B6346DF1BBC4595
:10417000924152424E468D1A7DE6002B00D1C1E697
:104180004B469B1B002E00D1D0E5382B36DD802519
:104190002D04294200D1DDE04E4600272FE51A000C
:1041A0002E00203AD640202B05D04022D31A9D4025
:1041B0002F000743BB465F467B1E9F413743D4E732
:1041C000002A00D1D1E6012443460D00E3461C40FD
:1041D000B6E663461F1ABC4592414D1B5242AD1ACA
:1041E0002B0200D55EE66A07FF08444601233A43E6
:1041F000E808F9E6471C17E53B00EBE580221204CE
:1042000015431F2B6CDC20222F00D21A0600904091
:104210009740DE40421E9041DD4037430743491935
:1042200067446745924152424E465518ECE5C046F8
:10423000FE070000FFFF7FFFFF070000002B00D1FB
:10424000FCE6C7086B071F436346E8080B4300D131
:104250001FE580231B03184207D0CA081A4204D165
:1042600063461000DF0849070F437B0FFF00FF087C
:104270005B071F430DE562460D00D708D2E5C7086E
:104280006B071F43E808002A00D102E580231B03C7
:104290001842EAD0CA081A42E7D163460124DF086F
:1042A0004346490710000F431C40DEE76044604569
:1042B000924169185242891806000B0200D5F2E6B5
:1042C0004A07F60801233243C8088DE66346DF0833
:1042D0004B0744461F43C808DBE44446130035E758
:1042E0001A002E00203AD640202B05D04022D31AA7
:1042F0009D402F000743BB465F467B1E9F413743CF
:104300008EE7202300271B1AF5E40023002A00D1A2
:1043100092E567460D00FF0884E53A001A4300D194
:1043200023E61D00BB460BE617003300FF0879E5C6
:10433000DB0852071A430809022355E663460124A5
:10434000DA0843464F071743C8081C40A1E41E0083
:10435000471C69E467460D004E46013764E40F4B85
:10436000FF081D406A076D0201233A432D0B71E4DB
:10437000130046E73300FF0854E567460D001E00B2
:10438000013751E46A07FF083A4300092CE6C008E8
:104390006A0702430023E80826E6C046FFFF7FFFC6
:1043A0000B00020070B5164D0C0382B049000020CE
:1043B00000920193240B490DDE0FA94204DD114840
:1043C000814203DD104BF01802B070BD8020400325
:1043D00020430E4C641A1F2C08DD0D4B5B1AD8408D
:1043E00003005842002EEFD11800EDE7094B009A68
:1043F0009C46030061448B40E2401343F1E7C04612
:10440000FE0300001D040000FFFFFF7F33040000D7
:1044100013040000EDFBFFFF70B5002816D0C31792
:10442000C5185D40C40F2800FDF73CFE104B1B1A59
:104430005B055B0D0A2814DC02002E001532964045
:104440000B22121AD5402D032D0B03E0002400236C
:10445000002500261B052B43E407234330001900E9
:1044600070BD0B3885402D0300262D0BF2E7C046AA
:104470001E04000010B5041E10D0FDF713FE0E4BF5
:104480001B1A5B055B0D0A280FDC0B222100121A98
:10449000D14015300A038440120B01E000230022B2
:1044A0001B0513432000190010BD22000B38824069
:1044B00012030024120BF3E71E04000070B5420241
:1044C0004300C40FFE201B0E591C550A08420CD095
:1044D000E02189008C466D07120B63441B051343D2
:1044E000E40723432800190070BD002B14D1002DD0
:1044F0001BD02800FDF7D6FD0A281CDC0B232A0060
:104500001B1ADA40030015339D400E4B12031B1A91
:104510005B05120B5B0DE1E7002D09D0130B802228
:1045200012031A436D07084BD8E700230022D5E792
:104530000022054BD2E703002A000B3B9A400025DE
:10454000E3E7C04689030000FF070000844610002F
:1045500062468C461900634600E0C0461FB500F075
:10456000F5F8002801D40021C8421FBD10B500F0A5
:1045700037F84042013010BD10B500F0E7F80028D0
:1045800001DB002010BD012010BDC04610B500F0B9
:10459000DDF8002801DD002010BD012010BDC0465F
:1045A00010B500F063F8002801DC002010BD0120E8
:1045B00010BDC04610B500F059F8002801DA0020FF
:1045C00010BD012010BDC04610B5002903D1FDF774
:1045D00069FD203002E00800FDF764FD10BDC04613
:1045E000F0B55746DE464E464546E0B50D000400A0
:1045F000E80F83460903D80F090B82461A488C46F8
:104600001F0369005E00490D3F0B760D81421AD0F1
:10461000864211D00120B1420FD1BC450DD1A2423A
:104620000BD1D3451ED0002907D1614611430A00A2
:10463000531E9A41100000E00120F0BCBB46B24678
:10464000A946A046F0BD01208E42F6D1614639430D
:104650000F0017432743F0D15B465246981A431E7A
:104660009841EAE70020E8E7FF070000F0B5574669
:104670004E464546DE46E0B50D000E034900490DA5
:104680008A46DF0FE90FBC4683B02F4F04008046F7
:104690000191580019039146360B090B400DBA459C
:1046A0001DD0B8420DD05746002F2AD134430028E0
:1046B00024D10A4336D0002C41D16346580001383A
:1046C00015E0114338D15346002B01D12643F4D0D5
:1046D000019B634507D1019B5800013807E0264341
:1046E0002AD1504521D00120019B5F42384303B0BD
:1046F000F0BCBB46B246A946A046F0BD002CDCD0BB
:10470000E6E70028EFD0019B6345ECD18245EADC67
:10471000E1DB8E42E7D8DED1C845E4D80020C845A9
:10472000E5D2D8E7002CE2D0DDE7114304D1019BAC
:104730006345D8D10020DAE702204042D7E7019B49
:104740006345E6D0CFE7C046FF070000F0B5574607
:104750004E464546DE46E0B50D000E034900490DC4
:104760008A46DF0FE90FBC4683B02E4F0400804617
:104770000191580019039146360B090B400DBA45BB
:104780001ED0B8420DD05746002F27D13443002801
:1047900033D10A4334D0002C40D16346580001384D
:1047A00015E0114312D15346002B01D12643F4D01A
:1047B000019B63451DD00120019B5F42384306E009
:1047C000264303D15045F6D111431CD0022003B03B
:1047D000F0BCBB46B246A946A046F0BD0028EAD0D0
:1047E000019B6345E7D18245E5DC02DB8E42E2D8DE
:1047F0000ED0019B58000138E9E7002CCDD0D7E757
:10480000002CE4D0D7E7019B00206345DFD0D2E73E
:10481000C845D0D80020C845D9D2EAE7019B6345F6
:10482000E4D0C8E7FF0700000020044B10B51B6868
:10483000834201D01B68984710BDC0461C29002048
:10484000054B10B51B68002B04D05A69002A01D013
:104850005B69984710BDC0461C290020F7B50400CD
:1048600000933F2851D100252A4805700325654350
:1048700029482E5C8E4207D145196E78964203D1A5
:10488000AD78009B9D423FD003256543009B415579
:1048900040194270837018206043204C1126001983
:1048A0002B27002407231D1B063BAB4035001A4273
:1048B00000D03D0005550134082CF3D1030004005D
:1048C000020011262B270F33083410320193019B6D
:1048D0001D1B0123AB403500194200D03D0025705F
:1048E00001349442F3D1040011262B2718341730D9
:1048F0000123811A8B40009D31001D4200D03900F8
:1049000011700132A242F3D1F7BD0028AED10125CA
:104910000048AAE70B2900200018002020190020D9
:10492000F8B505000E001700002420003B003200FF
:1049300029000134FFF792FF402CF6D1F8BD0000AA
:1049400000B5372827D8032804D8002300E0042323
:10495000180000BD04383328F7D8FDF741FB4E405E
:10496000464640F61A404E404040F6F64E62F6F695
:1049700066F65450405846F64A4A4A4A4A4A4A4A13
:104980004A6AF6F6F6F6F6F6F6F6F6F6F6F6F6F6FF
:10499000F6520623DCE7284BC01882B20023332AE4
:1049A000D6D83328D1D8FDF71BFB281A36381AD0B1
:1049B0001CD02830D0D0D0D0283ED0D026D0D02A7D
:1049C0001A343A1ED0D0D0D2D042D0D0D0D0D0D00D
:1049D000D0D0D0D0D0D0D0D0D0D0D0D022220123AF
:1049E000B6E70523B4E70723B2E70823B0E70923B6
:1049F000AEE70A23ACE70C23AAE70D23A8E70E23B2
:104A0000A6E70F23A4E71023A2E71123A0E71223B0
:104A10009EE713239CE714239AE7152398E71623B0
:104A200096E7172394E7182392E7192390E70323C7
:104A30008EE702238CE7C046FCFDFFFF10B5074C54
:104A40002268FF2A08DC064B06491B68D318DBB234
:104A50005B0001325852226010BDC046FC17002096
:104A6000F8170020F615002010B54A20FFF7E6FFE2
:104A70000148FFF7E3FF10BD4D02000010B51A28F2
:104A800024D00DD8053883B20A2B15D80A2813D89C
:104A9000FDF7B0FA2712121C12121E1221252E0049
:104AA000154B984226D008D8144B984219D003339E
:104AB00098420BD0272816D010BD114B984214D025
:104AC000104B98420FD0104B9842F5D10F4803E09D
:104AD0009420800000E00E48FFF7B0FFECE70D489F
:104AE000FAE7D420F5E70C48F6E70C48FFF7A6FFF5
:104AF0000B48F1E70B48EFE70A020000050200004F
:104B000021020000230200001A0200004F030000EF
:104B100051020000520200004A0200004D02000053
:104B20004F0200004D03000010B54D20FFF786FF37
:104B30002C20FFF783FF4C20FFF780FF5020FFF76A
:104B40007DFF10BD812310B59B0098421BD004D877
:104B5000042816D0122818D010BD83239B00984239
:104B60000BD00D4B9842F7D14A20FFF767FF8A2000
:104B70008000FFF763FF522000E04A20FFF75EFF4E
:104B8000EAE74F20FAE74D20F8E74D20FFF756FF00
:104B90008A208000F2E7C046120200000021074B85
:104BA000074A196001231360064A1370064A117000
:104BB000064A1370064A13707047C046F01500206D
:104BC000EC150020EB150020EA150020E915002067
:104BD000E8150020030000B50B20272B11D017D8B3
:104BE00000200F2B10D8042B0BD9581F0A2809D8E6
:104BF000FDF700FA2F08083108080608332B2D00AE
:104C0000012000BD0020FCE71A2BFAD10530F8E79F
:104C1000134A06209342F4D00DD8123A043093423E
:104C2000EFD0104A04309342EBD00F4A9B185A42FF
:104C30005341D800E5E70D4A0D209342E1D00C4ADC
:104C400000209342DDD10C30DBE70320D9E70420BC
:104C5000D7E70720D5E70920D3E70220D1E7C046F0
:104C60001A0200000A020000FBFDFFFF2102000003
:104C7000230200000A4B30B51B78002B0AD1094CE7
:104C800023683F2B07DC084A5D00A852074AD1542D
:104C90000133236030BD0122054B1A70FAE7C0468C
:104CA000CC150020C8150020461500200515002051
:104CB00004150020034B01201B78002B01D1024B6F
:104CC00018787047CE150020CD1500200F4970B51B
:104CD00000220D0004000E480378934206D1102BE9
:104CE0000CD05A1C5B000270EC5270BD02318E1E5B
:104CF0003688A642F9D00132D2B2EEE71E22280051
:104D00000449FCF79BFEEC83EFE7C0460414002047
:104D10000314002006140020002270B50C490D4D2C
:104D20000B78D4B2A34201D800200DE0541C6600D9
:104D3000AE5B864209D10120013BDBB20B70064914
:104D40005B005B5A5200535270BD2200E9E7C04637
:104D50000314002002140020041400209521084AA6
:104D60000300821892B2012049018A4207D3054A02
:104D700000209B181F229BB29A424041C0B270474C
:104D800000C0FFFF40ADFFFF0200E03A012310B575
:104D9000072A04D9292802D0FFF7E0FF03000120E9
:104DA000184010BD084A094B10781B781843084B6F
:104DB0001B681B78002803D15A425341D8B2704770
:104DC000184101231840FAE70114002000140020C4
:104DD000FC13002037B58AB201AB04001980002013
:104DE000120A052A0DD81D780F2D0AD80130042C7F
:104DF00007D8062363439B181B015B1983400149B5
:104E0000585A3EBD30240100034B18790138434203
:104E10005841C0B27047C046640C00200200393AC5
:104E2000030001200C2A0CD9703A824209D92C2B9C
:104E300007D01800293B1738424250415A4253418B
:104E4000184370472C2814D10C4B002908D001229C
:104E50001A700B4B1A7000220A4B1A70012070470F
:104E60001A78002AFAD01970054B1970054B197081
:104E7000F4E7173843425841C0B2F0E7C6130020A8
:104E8000C5130020C4130020F82210B5441EFF3CB7
:104E9000030052010020944208D20A3BFF3B180055
:104EA000421E90415A42534140001843884710BD6A
:104EB000054B1B7803431A1E01D0DB06DA0F034BA8
:104EC0001A70034B1870704700140020051300205F
:104ED000011400200123834010B5034A1078984341
:104EE000FFF7E6FF10BDC0460114002073B582B283
:104EF00001AB1880120A052A1CD81B780F2B19D871
:104F00000320012612019B18DA0850430A4A350093
:104F10008018072213409D400022EDB20B00D340C1
:104F2000845C33405B4263402B405C4084540132DC
:104F3000032AF3D173BDC046D812002037B583B21F
:104F400001AA10801B0A0020052B16D811780F2902
:104F500013D807241B01CB180321020001251C4094
:104F6000DB085943054BC9188B5CE3402B40934049
:104F700001321843C0B2032AF6D13EBDD812002038
:104F800070B50B4B1C7801231D00854028001D00C7
:104F90008D402900934001432000CDB29843214029
:104FA0008D4201D11C43E0B2FFF782FF70BDC046C5
:104FB000011400200721054B054A1B7812789A42FC
:104FC00000D1704701330B40F9E7C0461A130020A7
:104FD0001913002070B50B4C23781A00824310007F
:104FE0002270050007221540104209D1984207D0CF
:104FF000054B5B785B0703D5C008FFF76BFF257097
:1050000070BDC046141300201613002070B5134A5B
:10501000134B144D10781B782C781843002C18D0A3
:10502000114B9B78012B03D1104B1B787F2B11D890
:1050300006210F4B002259181E78002E01D0013294
:10504000D2B201338B42F7D1002A01D000232B705A
:10505000204370BD1E21074BECE7C0460214002020
:1050600018130020121300205C0C002016130020DF
:105070008A12002092120020024A13788343137090
:105080007047C0460214002003000020104A10B5EB
:105090001278824218D10F490C78E0B2002C14D15A
:1050A0009022D2051268D2060ED40B4A0134147035
:1050B0000A4A0C7010700A22094802703632427097
:1050C00083700CF041FC200010BD1000FCE7C046CE
:1050D0006A0C0020DD290020DC2900209A2900200C
:1050E0005A29002070B51F4B9B78012B20D11E4BF5
:1050F0001B787F2B1CD9FFF789FF1C4C1C4D60705F
:10510000202229002000FCF7A3FD002828D020221F
:1051100021002800FCF734FC164B1B68002B1FD025
:105120009B68002B1CD0062222702000984717E0B5
:10513000FFF76CFF104C114D207008222900200051
:10514000FCF786FD00280BD0082221002800FCF780
:1051500017FC084B1B68002B02D05B68002BE4D1C6
:1051600070BDC0465C0C0020161300209012002079
:10517000B01200203424002088120020D012002019
:1051800010B5002803D0FFF777FFFFF7ABFF10BD86
:1051900010B5002805D0034B1A7810431870FFF79C
:1051A000A1FF10BD0214002010B5084B08491A7861
:1051B0000223087802431A4206D103430B70FFF71B
:1051C00091FF0122034B1A7010BDC0462414002029
:1051D000021400202514002010B5002805D0034B30
:1051E0001A7810431870FFF77DFF10BD18130020C8
:1051F00010B5002805D0034A137883431370FFF7D6
:1052000071FF10BD18130020F0B52C4E0400337848
:105210000D000133DBB291B0142B00D10023284ADA
:1052200012789A4221D04022002168466F46FCF74E
:10523000BBFC082D1BD12A002100F81CFCF7A0FBA9
:105240000B2332781F492048920139808018390099
:105250004022BB70FCF794FB33780133DBB2337030
:105260003378132B01D90023337011B0F0BD2078AF
:105270000238042820D8FCF7BDFE180A111F0300CD
:105280002A002100F81CFCF77BFB0C23D9E72A003D
:105290002100F81CFCF774FB0F23D2E72A00210041
:1052A000F81CFCF76DFB0E23CBE72A002100F81C4D
:1052B000FCF766FB0D23C4E70023C2E72D1F002087
:1052C0002E2400200A4000002E1F0020084B10B59D
:1052D0001B780400012B02D80821FFF795FF054B2E
:1052E0001B68002B02D020005B68984710BDC046A9
:1052F000640C00201C290020084B10B51B7804000A
:10530000012B02D82021FFF77FFF054B1B68002BE4
:1053100002D020009B68984710BDC046640C002056
:105320001C290020084B10B51B780400012B02D863
:105330000621FFF769FF054B1B68002B02D02000F8
:10534000DB68984710BDC046640C00201C29002073
:10535000084B10B51B780400012B02D80321FFF77E
:1053600053FF054B1B68002B02D020001B69984798
:1053700010BDC046640C00201C2900200E4B70B5E7
:105380001B78002B17D10D4D2C68002C0BDD0C4920
:1053900062000C48FCF7F4FA22000B480B49FCF7BA
:1053A000EFFA0B4B1C6000230A4A2B6013700A4A69
:1053B00013700A4A136070BDCC150020C815002078
:1053C00046150020841400204414002005150020F8
:1053D000401400203C140020041500203814002044
:1053E00037B56B460400DD1D2A000121006809F075
:1053F00055F923682878013323603EBD0122264BEE
:1054000010B5D96B90241143D9632449E4054A604F
:105410008021586C4902014359643C21204BD963D7
:10542000986A3431884310390143996200215964E4
:10543000196B114319638021586D090201435965A5
:105440000821986A01439962996D2000114399657A
:10545000196811431960042109F0DCFCA36A114AA0
:105460001340A362A023A26ADB0013433022A3628D
:10547000236993432361202322691343422223613A
:10548000094B1A60094BDB78002B04D11121084825
:10549000084AFCF789FB10BD0010024000000240E2
:1054A00000400140FFF0FFFF780002401819002083
:1054B0002019002002060000002270B52F4B304C4E
:1054C0001A70E36B3C2B01D0FFF798FF04232D4D9E
:1054D000AA6A1A42FCD12C492C4B48792C4A002844
:1054E0000ED12C480078022806D02B4800780028DE
:1054F00002D00978002903D128490978002905D16B
:105500000121197080235B02936070BD2449012042
:10551000097889072CD090601A78002A04D00022DC
:1055200002301A7009F018FC0122C0200021A36D7E
:10553000C0009343A3651B4B19541B4819541B4BC4
:105540001B491C4899601C49986119601B491C48FB
:10555000596059611B4918611C334B621A4BCB626D
:105560001A4B8B620423AB62A36D1A43A265CCE78E
:10557000187080235B029360D6E7C0460B29002099
:105580000040014000000240532900201019002073
:10559000000C0048640C00200F2900201629002070
:1055A000181900202019002001060000C018002052
:1055B000F73E00C0172100C00F1D002044400140ED
:1055C000211F0020FC000240768000AA2C0202402D
:1055D00010B583280ED109F04FF9C00709D5532023
:1055E00009F082F9FFF77EFD532009F0B3F9FFF7C8
:1055F00079FD10BD84280AD109F03EF94007F8D59D
:10560000472009F071F9FFF76DFD4720EDE7031F13
:10561000DBB2A02BE9D903002033DBB2072B07D87C
:105620000723034001209840C0B2FFF725FDDEE7C5
:1056300003005B33DBB2022B03D8002009F020F912
:10564000D7E703005833DBB21A2B03D8002009F048
:1056500031F9CEE703003333DBB2122BC9D809F09E
:105660008BF809F06DFAC4E710B500280FD0822836
:105670000ED109F001F9800709D5392009F034F974
:10568000FFF730FD392009F065F9FFF72BFD10BD5C
:10569000FFF79EFFFBE7000070B500242600104DC9
:1056A0002B78002B05D00F4A6300D05CFFF7DCFF9E
:1056B0002E700D4B0135E31801341E70042CEFD110
:1056C0000A4C2378002B0AD00220094B1B78034296
:1056D00003D1FFF7D1FCFFF705FD0023237070BD58
:1056E0002A140020EC230100261400202514002099
:1056F00024140020184B70B51A78002A23D00024F7
:105700001C70164D2B78A3421ED80123144E154C45
:1057100032781A4205D022781A4202D1E020FFF7EF
:1057200057FF022332781A4205D022781A4202D15A
:10573000E420FFF74DFF00230B4A337013700B4A30
:1057400023702B70137070BD094B6200985C01349C
:10575000FFF78AFFE4B2D4E7EA130020D013002059
:10576000CF130020CE130020CD130020CC13002037
:10577000D2130020F0B50424104A114B12781B7884
:1057800085B001AF1A433880009203AE009B01221E
:105790002341134205D1013CF8D20025280005B071
:1057A000F0BD3B88E5B2338031682800FFF712FB7B
:1057B00008F0A2FC80B20128EDD0EFE70114002030
:1057C0000014002013B54379008801AA10800198C5
:1057D000002B0DD000290BD0FFF7CCFF04000100F7
:1057E0000198FFF783FB20000199FFF7F3FA16BD3C
:1057F000FFF7A4FB0400F6E71FB501AC2080019879
:10580000FFF7B8FF228803AB1A800399FFF7E2FA8B
:1058100008F072FC04B010BD10B500240379A34257
:105820001ED00088FFF7E8FFC2B20004030F062B6A
:1058300018D00F21062B0DD80E330B40012B0FD89B
:105840000124F02A0CD007D80024E72393426441B6
:10585000E4B205E00633F0E7F43A53425A41D4B2D9
:10586000200010BDE72393426441F13A53425A416C
:105870001443EDE70A4910B54A785307DB0F83421A
:105880000CD00123034004209B0082431A434A703A
:10589000098808F066FD0220FFF79CFB10BDC0469A
:1058A000161300208023064A1B06D16C0B43D364D9
:1058B0008023044A9B0351690B4353617047C046E0
:1058C000001402400004014010B5034B70461A69F1
:1058D0005A6109F051FA10BD0004014010B5FFF7FC
:1058E000F3FF10BD802310B5DB05DA6970461A623C
:1058F00009F042FA10BD000010B5034B7046DA699A
:105900001A6209F039FA10BD0004004010B5034BCB
:105910007046DA691A6209F02FFA10BD00080040DB
:1059200010B5034B70461A6E5A6609F025FA10BD81
:10593000000002402B4B70B51A6975465A612A4B1C
:105940001978002912D110231A420FD0274C22783F
:10595000002A0BD0264A10789022D205126800281F
:1059600008D1110019401A4200D12170280009F015
:1059700003FA70BD16001E401A420DD02378012B89
:10598000F4D1013340221B482370FCF70DF980202D
:1059900040010BF0D9FFE9E72378022BE6D1154B44
:1059A0001A78154B1B78002B07D07F2313403B2B15
:1059B00003D10BF023FF2670D8E70A2A04D10BF09D
:1059C0001DFF00232370D1E70C4A13780133DBB2AB
:1059D0001370022B02D900231370F3E70123084848
:1059E0002370D6E7000401406A0C0020DD29002066
:1059F000DC2900209C2900209B2900209A290020D6
:105A00005A290020F8B50025C0246C430B4B002711
:105A1000E4180DE07300F2B2E35AF9B2E8B20136CD
:105A200008F022FE102EF5D101372034062F01D0C8
:105A30000026EFE70135052DE6D1F8BD3024010041
:105A40008023074ADB00D16B0B43D3630222054B53
:105A500019680A431A60012219680A431A607047DC
:105A600000100240002802408023124ADB01D16B63
:105A700010B50B43D36308F0D7FF7F220E490F4BBD
:105A80000A700F49013A0A700E494F3AC7200A605E
:105A900099782E3A0A43C0219A700B4A8000135815
:105AA00009061B021B0A0B43135080231B061360BD
:105AB00010BDC0460010024080380240003802404D
:105AC00082380240A038024000E100E080220D4B05
:105AD0001206DA67BFF34F8FBFF36F8F01210A4AB7
:105AE00093788B4393708022084BD201196B0A4341
:105AF0001A631A6B06490A401A63DA6B0A40DA63C2
:105B00007047C04604E100E0003802400010024047
:105B1000FFBFFFFFF0B51023002603258BB095488B
:105B200004A90493069607960896099605950BF026
:105B30007DFF8023904A9B00516C02A80B43536465
:105B400002960BF057FF029B8C4C013300D0F7E01C
:105B500002228B4B99680A439A60012299680A4392
:105B60009A60E369874A1340E3611823E2691343AB
:105B7000E361226C844B1A409023DB00134307221D
:105B80002364236A93431D43804B2562804A1B682C
:105B9000934200D9C9E08022236BD2051B021B0A65
:105BA000134380222363A36FD2001B0B1B031343F9
:105BB000A367A36F774A13400122A367A369134326
:105BC000A361E3681342FCD08023E16F724ADB04D7
:105BD00011400B43E3670423A1691943A1616F4995
:105BE000C86F1842FCD1276DE06F1040A022D2048C
:105BF0000243E267A2691343A3610423CA6F1A42F6
:105C0000FCD10F20BFB27843256DADB2401BFCF72D
:105C10003FFD6349FCF76EFB061CFEF74FFC00904E
:105C200001910021301CFCF729FA00225D4B00286D
:105C300000D180E000980199FCF77AFD0090019175
:105C4000E81BFCF725FD011C5748FCF753FBFEF74A
:105C500035FC0022534BFCF76BFDFCF761FAA66F95
:105C600080B2360B36033043A06700980199FEF7E7
:105C700097FBA56F474B00041D400543A567E369EB
:105C8000404A13401822E361E3699343E361236CC4
:105C90003D4A134007222364236A93432362236B04
:105CA0001B021B0A2363414B63618022E36AD20516
:105CB0001B021B0A1343E362A369002BFCDB0723CF
:105CC000226A9A43043B134301222362A3691343CC
:105CD000A361E3681342FCD0A3690423A2691A42BA
:105CE000FCD12022E3699343E3611823E269134363
:105CF000E361E369234A13400122E361E36913434B
:105D0000E361E3681342FCD00F22236C93432364C6
:105D1000226C1D4B1A40E0239B0013432364042391
:105D2000A2691343A3610BB0F0BD8022236B12065E
:105D30001B021B0A34E700980199FDF7F9FE7DE785
:105D400003A803960BF056FE0122A169039B0A43A8
:105D5000A261A16F1A05090B0903120D0A43A2677C
:105D6000A26F0C491B0C5BB21B040A401343A367D0
:105D70009BE7C04600080048001002400024014094
:105D800000140240FFDFFFFF3FF8FFFF281F002045
:105D900005A24A04FFFF00FFFFFFFFF804240140B3
:105DA000000060410000E03F0000604AFEFF00008C
:105DB000144B10B51A680123920606D5124B134AEC
:105DC0009B781370124A137000230024114A21009B
:105DD0001370114B14221C70104B11481C70114B86
:105DE0001C80114B1C70114B1C70FBF7DDFE142244
:105DF00021000F48FBF7D8FE01220E4B1C800E4BF2
:105E00001A7010BD00080048640C002032240020E5
:105E1000312400204E2900204D2900204C2900204B
:105E20003829002022290020302400202F2400209F
:105E300024290020502900205229002010B586B0C6
:105E40000400019172B60BF077FF6A4604230294B6
:105E5000E443138202A801AB059303940BF016FFF1
:105E60000BF05EFF62B6012006B010BD0200F82004
:105E7000E02370B51D4C0D002168400201405B021B
:105E80005B1A1E68F02321685B0201405B1A1B68E5
:105E9000002B13D1164BF318591E8B41F82026689E
:105EA000216840020E335B03014006409E1B5B1AD3
:105EB00010495B189E4209D9802014E0AB20002EC7
:105EC00011D10B495B1859424B41E7E73168013169
:105ED0000AD1F82320685B02110418402943801975
:105EE000FFF7ACFF012070BD0436E3E70014024069
:105EF00012111111FC1F000010B50BF0C1FF0021A1
:105F00000248034AFBF750FE10BDC046382400206B
:105F1000C204000070B50C00150000210600FBF75C
:105F200043FE90236219DB009A4200D91D1B002D0D
:105F300005D003492A0030006118FBF721FD70BD30
:105F4000782400209023F0B587B000928A1805903D
:105F50000191DB009A4201D95B1A0093009B002B50
:105F60003DD000273A00019B0599DB19895C404A26
:105F70004033D05C884225D0D1549021C9008B4257
:105F800020D25908039101218B43D35A0398190059
:105F90000493FFF76BFF802814D1F820E022354CE2
:105FA0004002236852020340D31A19682368F02480
:105FB00003406402E31A1B68002912D02600140073
:105FC000002B0FD00137009BBFB23A009F42CAD3CB
:105FD0002948019B009A05991818FBF7D1FC07B0D6
:105FE000F0BD1600254BF022E5186B1E9D415202B4
:105FF00094466B0325006344029328000BF031FFA5
:1060000080239B00ED18029B9D42F6D11C49200085
:10601000FFF714FF04990398FFF728FF0128D1D157
:106020000025134A6B009B181A88002A18D1154BBB
:1060300001359D42F5D1114BF5186B1E9D41F023A2
:106040006D035B02ED1830000BF00BFF80239B000B
:10605000F618B542F7D100212000FFF7EFFEB1E7B7
:106060001988280089B2FFF701FF0128DFD0A9E7CE
:106070003824002000140240782400200040FEFF55
:10608000EEEEEEEE410200000122034B1A700022F8
:10609000024B1A807047C0460E2900200C290020B0
:1060A000F8B5F827724D734A2B687F02724E3B4059
:1060B000136013680021714A3000FBF775FDE02280
:1060C000F0212B6852023B40D31A1C682B6849020E
:1060D0003B40CB1A1B68002C31D0002B00D0ADE028
:1060E000F8202B682A68400203400240902064494F
:1060F000C000C91A634B9B1A994245D8624B9C4217
:1061000059D0013400D0A2E0E024F02764027F02DD
:1061100020000BF0A6FE80239B00E418BC42F7D1C0
:10612000F822DF212B685202134049023000C91ABD
:106130004022FBF725FC0122544B1A70F8BD2A6857
:1061400053483A402968801A524A3940521A9042BC
:106150000CD8002BC4D001334DD1F024600201349F
:10616000E4B20BF07EFE002CF8D1D9E7902711683D
:10617000FF00090CB942ECD211688C46674602CA8E
:10618000090C49007752E2E71A68120C8242B5D234
:106190001F6804CB120C5200B752ADE720000BF081
:1061A00060FE80239B00E418BC42F7D10021200050
:1061B000FFF744FEB4E700246300F3181A88002AAE
:1061C00011D1354B01349C42F6D1E0200021400230
:1061D000FFF734FEF02460020134E4B20BF041FE1C
:1061E000002CF8D19CE71988200089B2FFF73EFE09
:1061F0000128E6D094E76300F3181A88002A15D125
:10620000254B01349C42F6D1F0200021E024F027F8
:106210004002FFF713FE64027F0220000BF021FE14
:1062200080239B00E418BC42F7D179E7198820004D
:1062300089B2FFF71BFE0128E2D071E712488442C1
:1062400008D0013403D114000F008342A6D00BF014
:1062500017FE65E7F0240133F9D160020134E4B29E
:106260000BF0FFFD002CF8D1E020210040029FE759
:1062700000140240241F002038240020C204000023
:10628000FFFF010004E00100EEEEEEEE221F002011
:10629000FFDF010004C0010041020000802370B54F
:1062A000274ADB01116C86B00B43136401260023DF
:1062B000022504246946234802930493059300961B
:1062C000019503960BF0B2FB69461E4800950BF052
:1062D000ADFB69461B4800940BF0A8FB08236946F8
:1062E000184800930BF0A2FB4022174B196891430A
:1062F000196019682143196019680E431E601968F6
:106300000D4338211D6018688843283901438020D7
:10631000196019688143196019680C4801401960B7
:1063200019680B480140196019680A480140196052
:1063300059680C435C6019680A431A6006B070BD66
:10634000001002400008004800380040FF7FFFFFB7
:10635000FFF7FFFFFFFDFFFF354B70B51B78002BEC
:106360002AD1344B1B78002B26D1FA2390261021FA
:10637000314ADB00F6051478002C19D13468250069
:106380000D400C4214D1012313703C222B4B1D7085
:106390002B4B1A802B4B323A1A70987036321038C9
:1063A0005A7004280CD8FBF725FE080B0F2031008B
:1063B000013B9BB2002BDED170BD234A9278DA708C
:1063C00018000BF0C1FAF7E700222D21DA7006322F
:1063D0005A714B329A71063ADA71153A1A72053AC5
:1063E00019715A729972DA72EAE70621002259711C
:1063F0004B3199710639D9711539DA7019722D320C
:1064000005391A719A7259720532ECE70621002299
:1064100059714B3199710639D9711539DA70197280
:106420002D3205391A719A7259720632DBE7C0466D
:106430006A0C002053290020DD290020DC290020DF
:10644000620C00205A290020640C00207346F0B52D
:1064500089B00393B34BB449DA691A620B78002B05
:1064600012D0B24A13780133DBB2092B01D8137072
:106470000AE0002313709023DB0518681023040042
:106480001C4018421AD10C70A94B1B78022B09D062
:10649000A84B1D78002D13D05B79002B10D109205B
:1064A000FEF7F2FDA449087800285ED0A34A1388BD
:1064B00001339BB2312B2AD813802BE00523D6E77A
:1064C0000B78002BEED1002DECD19D4B9D4C1A7812
:1064D00023789A42E6D09C4B1A78002AE2D1902287
:1064E000D2051268D206DDD401221A70974B2078AB
:1064F0001D70974B8001C0180BF026FA23780133EA
:10650000DBB223702378132BCCD92570CAE7002384
:1065100013800B708F4A13780133DBB2022B00D942
:10652000DBE113708C4A13780133DBB2042B00D902
:10653000E2E11370894C8A4A2388158801339BB2A3
:106540002380AB420CD3002323807A4B1B78002B93
:1065500006D11120FEF798FD002801D10A3D2580C3
:10656000039808F009FC09B0F0BD7E4A7E49137813
:1065700009780133DBB2002900D192E0032B01D866
:106580001370C7E7794B1070DB6F04221C00784D45
:1065900014401342BED177482F6D037876495E00D0
:1065A0007752AE6901333243DBB2AA61092B01D8BD
:1065B0000370AFE70470714814220500FBF7E0F99F
:1065C0002E0028002200230021004F002C88BF5BF2
:1065D000A74200D219005700F75BA74200D91A0062
:1065E0000133DBB202350A2BEFD1002423009142A4
:1065F0001DD108330288013BA418DBB2A4B20230DB
:10660000002BF7D15E4B5F4D9C4248D85E4B9C42BD
:106610001AD964205D4AE3089B1858435C49FBF78C
:10662000C5FB5C4BC0B29C422CD900232FE09942A1
:1066300004D09A4202D005886419A4B20133DBB2B7
:1066400002300A2BF3D1DDE72B780133DBB2032BC9
:1066500012D82B700020504B1870504B1870344BD0
:106660009A78824202D09870FFF70EFD00224C4BC0
:106670001A803D4B1A704DE7002301222B70494BC5
:106680001A70E7E72B780133DBB2092B01D82B70A6
:10669000E1E7002301222B70424B1A70DBE76420F4
:1066A000C3E7132B00D86BE7304B1170DB6F04226C
:1066B0001C002F4D144013420DD12E482F6D03782E
:1066C0002D495E007752AE6901333243DBB2AA61D5
:1066D000092B04D80370324A13880133ECE6274DA6
:1066E000047014222800FBF74BF92F4B10491B783C
:1066F00001938B780293019B022B59D1264A623376
:106700001370264A1370029A9A4205D001228B70A8
:10671000264B1A70FFF7B8FC0022224B1A70194B57
:106720001A70D8E7001000406A0C00205929002098
:10673000640C0020532900205229002050290020F9
:106740002D1F00202E240020DD290020DC29002020
:106750002E1F0020202900201B290020FA280020BD
:10676000620C00204D2900204E2900200424014005
:10677000002401404C290020382900202429002031
:10678000D74F00002F2400204F3A0000B7F8FFFF3A
:10679000B20200008F40000032240020312400208B
:1067A000222900203024002008290020122900205E
:1067B00028002E0023002200250001006F003488ED
:1067C0007F5AA74200D215005F00CF5BA74200D9D5
:1067D00013000132D2B202360A2AEFD1002422007D
:1067E0009D4247D108230288013BA418DBB2A4B222
:1067F0000230002BF7D1C14BC14DC24EC24F9C425B
:1068000000D922E2C14B9C4200D824E26420C04A55
:10681000E3089B185843BF49FBF7C8FA019BC0B275
:10682000012B00D024E2031C002800D10123D8B2A0
:106830003B78B94A83424AD2B84B1188994208D969
:10684000002133781180622B02D80133DBB2337020
:106850003B700022B24B2A701A703378029A93422E
:1068600000D138E7AF4A93700122AF4B1A70FFF79F
:106870000BFC30E7AA4204D09A4202D00188641887
:10688000A4B20132D2B202300A2AF3D1B3E72B7894
:106890000133DBB22B70092B04D9002301222B70AA
:1068A0009F4B1A70019B002BC2D13B789A4A8342BE
:1068B00010D99A4B11889942CFD901993378118018
:1068C000002B02D0013BDBB233703B70C5E70023E5
:1068D0001380BEE7019B1380BFE700231370934A28
:1068E000934913688B4200D11CE6002B00D119E6B6
:1068F00090481160036015E600208F4B10701A78E5
:10690000884C824211D018702378012B0BD0022BB7
:1069100000D19BE0834208D16078022803D003288D
:1069200001D0012801D1FFF717FD844E3378002BE9
:1069300015D0834D2B78022B00D189E0032B00D199
:106940008BE0012B04D11220FFF706FD02232B70F0
:106950002B78032B03D901232B7000233370794A42
:1069600013780133DBB2FF2B00D100231370764A7A
:1069700013780133DBB2FF2B00D10023734913706E
:106980000878002806D1724A138801339BB2312B54
:1069900068D8138096216F4A4900138801339BB24F
:1069A0008B4268D213806C4B6C4E01931B78002B8A
:1069B00016D096223388520001339BB23380934223
:1069C0000FD3674B1B78002B08D19023DB051B6886
:1069D000DB0603D4634B1B78002B52D191235B0061
:1069E00033802378022B00D184E04F4B1A78002AA1
:1069F00004D0002210201A70FFF7AEFC00225A4B80
:106A00001A705A4B1A680023920608D590238022E8
:106A1000DB051B68920113405A4253410133962112
:106A2000534A49001370534A138801339BB28B4277
:106A300000D3AFE0138096214F4A490013880133F9
:106A40009BB28B4200D3EBE0138073E508206AE72A
:106A50001320FFF781FC032379E71420FFF77CFC68
:106A6000042374E70123108022780B70002A91D14F
:106A70002D4A13708EE70023138001223F4B1A70BA
:106A800091E701223E4B1A7072B63E4BDF27196820
:106A9000F8235B0219407F022000791A0532FBF7C8
:106AA000D7F800281FD0384B062221001800029387
:106AB00004ADFAF765FF0BF03FF9344B280005935E
:106AC00004970BF011F90BF02BF90BF035F940237B
:106AD000029A2B812D4B28000792059304970BF007
:106AE000D5F80BF01DF962B60023254A1370019A00
:106AF000137075E7264B1A7B5B7B82E7D74F00004C
:106B00002F24002032240020312400204F3A00009E
:106B1000B7F8FFFFB202000022290020C3090000DD
:106B200030240020640C002012290020342400208E
:106B3000F02701001C2900201A2900201929002013
:106B4000600C002018290020172900201629002099
:106B500014290020102900200E2900200C290020D3
:106B6000DD2900200B290020092900200008004809
:106B70000829002006290020FE2800200F290020D7
:106B80000A2900200014024038240020FF41FEFFA3
:106B900000380240002325781380022D00D14AE7F7
:106BA000374A1178994244D1364B1B78002B08D1D3
:106BB000354B1B78002B04D1344B1B78002B00D1B4
:106BC00039E7002D00D036E76478012C0CD12D4B2D
:106BD0001A78002A00D12EE7002205201A70FFF74C
:106BE000BBFB2B4B1C7026E7022C0DD1264B1A78D1
:106BF000002A00D11FE7002206201A70FFF7ACFB25
:106C00000122234B1A7016E7032C00D013E71F4B09
:106C10001A78002A00D10EE7002207201A70EDE74B
:106C200000211C4B11801A788A4200D182E419702D
:106C300080E4002DC8D0012D00D0FCE604201370A4
:106C4000FFF78AFB124B1D70F5E6019B6420012BB8
:106C500012D16320ECE5019B012B00D1E6E52B78F6
:106C600000200133DBB22B70042B00D915E619E6A6
:106C7000094B9C4200D80AE600232B7012E6C0465E
:106C800004290020032900200229002001290020D6
:106C900000290020FC2800208F400000902070B5C3
:106CA0001024164B16491A78164BC0050D78002D86
:106CB00004D10568254201D1002A03D0013B9BB2D3
:106CC000002BF3D18022104B52029A600BF028F86F
:106CD0000C210E4B1A688A431A601A680C490A4044
:106CE0001A60012219680A431A60BFF34F8F094BDB
:106CF000094ADA60BFF34F8FC046FDE70A2900203A
:106D0000DD290020A08C0000000C00480014024087
:106D10000FFEFFFF00ED00E00400FA05902030B503
:106D200010240F4B0F491A780F4BC0050D78002D1A
:106D300004D10568254201D1002A03D0013B9BB252
:106D4000002BF3D18022094B52029A60BFF34F8F80
:106D5000074B084ADA60BFF34F8FC046FDE7C046D5
:106D60000A290020DD290020A08C0000000C00482A
:106D700000ED00E00400FA0510230D4AC320116C59
:106D800080000B4313642F220A4B9A63FA22D2002D
:106D9000DA630122DA601A60074B084A1958114079
:106DA000802212040A431A508022D2011A607047CE
:106DB000001002400010004000E100E0FFFF00FF73
:106DC000012210B511000D4808F024F8802390200E
:106DD0000A4C5B02A36001220821C00508F01AF8E2
:106DE000802390221B03D205936002210122200000
:106DF00008F010F880239B02A36010BD000C00482F
:106E000070B5802401222D4D640286B01100280047
:106E1000AC6007F0FFFF9023AC60DB0508241E0088
:106E200018009C602100012207F0F4FFB4600226E4
:106E300028003100AE60012207F0ECFF8021902095
:106E4000AE6020228901C00507F0E4FF0022202166
:106E50001B4807F0DFFF802120221A48490107F074
:106E6000D9FF802120221748890107F0D3FF902005
:106E7000002524196946C0050094019502950396E2
:106E8000049505950AF0D2FDC120C0210E4B80006B
:106E90005A6B5D631A68090622431A609A69224395
:106EA0009A61DA691443094ADC6113581B021B0A10
:106EB0000B4313508023136006B070BD000C0048D4
:106EC00000080048000400480004014000E100E020
:106ED00080210A4B89011A681B680B40D20403D435
:106EE0000120002B06D0704780229B0412069B18BD
:106EF000980FF8E7024B1878F5E7C0460004004801
:106F00002C1F002070B5324C062200212000FAF719
:106F10004BFEF822DF212F4B52021B68490213401F
:106F2000C91A06222000FAF72BFD23786678A57887
:106F3000E07821796279FF2B1DD12B00334003408B
:106F40000B401340FF2B31D102232370013B32222F
:106F50006370E3700023A27023716371FFF7B8FFC1
:106F60001D4B1870012828D0022828D0002801D1F4
:106F70000223237070BD002B16D1002E18D12B00D8
:106F800003430B431343DFD0642D01D96423A37063
:106F9000012801D90123E370012901D900232371BC
:106FA000012ADBD90023D8E7022B01D90223237061
:106FB000032EE9D903236370E6E72070DAE70023A4
:106FC00023706378013B022BD4D901236370D1E78E
:106FD000640C0020001402402C1F002070B5060035
:106FE0000C000025A54200DB70BD3000FDF726FD3A
:106FF0000135F7E7FA20034B1B68C01AC343DB17C0
:1070000018407047FC17002070B50E0015000400F2
:10701000FFF7F0FF2900801B002D00DC0121FAF7AB
:10702000C5FE002800DC0120002C00DC0124A04269
:1070300000DD200070BD70B50500081E00DC0120D9
:1070400001220021FFF7E0FF00240600681E0E2841
:107050000CD8FAF7CFFF080F1113151518181515CE
:107060001B1B1D1F21005020FDF7E8FC0134A64228
:10707000ECD170BD5120F7E75220F5E74F20F3E740
:107080005020FF30F0E7A8204000EDE74A20EBE772
:107090004D20E9E74E20F4E7A520F5E770B506009E
:1070A000751EEDB20C0010000E2D30D81D4A52573F
:1070B000D2181D4B595709182000FFF7A5FF0400EF
:1070C0000E2E1ED00F2E24D0022E06D0032E0CD052
:1070D000164B6D002100E85A04E04A20FDF7AEFC93
:1070E0001348611CFFF77AFF11E04A20FDF7A6FC68
:1070F0004D20FDF7A3FC4F20FDF7A0FC0D48611CBF
:10710000F0E74A20FDF79AFC0B48FDF797FC2000BA
:1071100070BD4D20FDF792FC4F20FDF78FFC074816
:10712000F3E7C046F4230100032401001224010008
:1071300051020000520200004D0300004A0300000B
:10714000F8B506000C000120111E00DC01002E4BDA
:107150002E4AE3401F0007403B001770062E03D164
:10716000002F28D1012212E000231C2EFAD1A01EEC
:107170000B2807D8FAF73EFF0909211F1F06061F33
:107180001F06061F0023022201E001230322200024
:10719000FFF784FF0500062E11D11C20FF30FDF7FC
:1071A0004DFC002F23D08A208000FDF747FC5020A3
:1071B000FDF744FC1BE00023E8E70123E3E71C2E76
:1071C0001ED183204000FDF739FC2920FDF736FC55
:1071D000A01E0B280BD8FAF70DFF1010060B0B0A98
:1071E0000A0B0B0A0A0E29005020FFF7F7FEF8BD24
:1071F000A8204000DCE74A20DAE75220691CF4E7C7
:107200001C20FF30D4E7C0460CC00000F41500205D
:1072100070B501230400081E00DC1800274A137013
:107220001C2C22D102220521FFF7EEFE04004A2089
:10723000FDF704FC4A20FDF701FC012C03D0204897
:10724000611EFFF7CBFE1F48FDF7F8FB1E48FDF758
:10725000F5FB83204000FDF7F1FB2920FDF7EEFB55
:1072600021005220FFF7BAFE70BD0421062C00D188
:1072700021000122FFF7C8FE05004A20FDF7DEFBD2
:107280004A20FDF7DBFB012D03D00D48691EFFF7F7
:10729000A5FE0C48FDF7D2FB0B48FDF7CFFB1C20E9
:1072A000FF30FDF7CBFB062CDED18A208000FDF7F6
:1072B000C5FB5020FDF7C2FBD6E7C046F415002001
:1072C000510200004D0200004F020000F8B5050019
:1072D000081E00DC01201A4FBD420ED12B260721CB
:1072E0000222FFF791FE04004A20012C08D1FDF78D
:1072F000A5FB3000FDF7A2FBF8BD0621114EEFE71C
:10730000FDF79CFB4A20FDF799FB611E0E48FFF735
:1073100065FE0E48FDF792FB0D48FDF78FFB300030
:10732000FDF78CFB2920FDF789FB52202100FFF798
:1073300055FE4A20FDF782FBBD42DDD14F20D9E743
:10734000370200002B020000510200004D02000035
:107350004F02000070B503000E00141E00DC012473
:10736000254A2B25934200D0244D701E0E283BD871
:10737000FAF740FE080F11083A3A3A3A3A3A080842
:107380000D352B0001211800FFF7A0FF70BD210073
:10739000F9E7611CF7E7062101222000FFF734FE20
:1073A00004004A20FDF74AFB4D20FDF747FB4F2024
:1073B000FDF744FB1248611CFFF710FE2800FDF7A3
:1073C0003DFB2920FDF73AFBE0E74D20FDF736FBBA
:1073D0004F20FDF733FB0B48FDF730FBEEE74A206B
:1073E000FDF72CFB0848F7E70023022221003000BC
:1073F000FFF754FEE2E7C046370200002B02000010
:10740000520200004A0300004D03000010B50400C2
:10741000081E00DC012001220021FFF7F5FD034BCF
:107420000100E018FFF7DAFD10BDC0465102000070
:1074300010B5002800DC01200022074B1A70013231
:107440001100FFF7E1FD01000448FFF7C7FD1C2014
:10745000FF30FDF7F3FA10BDF41500204F020000D5
:1074600010B5002800DC01200022094B02211A700F
:107470000132FFF7C9FD010094208000FFF7AEFD47
:1074800083204000FDF7DAFA2A20FDF7D7FA10BD75
:10749000F415002000220E4B10B51A70904200DC4B
:1074A000012001220221FFF7AFFD04000948FDF78A
:1074B000C5FA012C06D00848611EFFF78FFD05486C
:1074C000FDF7BCFA1C20FF30FDF7B8FA10BDC0462E
:1074D000F41500204D0200005102000070B50400B8
:1074E000081E00DC012000218C4202D10C4B1978CF
:1074F00001310122FFF788FD0500002C09D1084B5E
:107500001B78002B02D04D20FDF798FA4F20FDF795
:1075100095FA1A202900FF30FFF760FD70BDC046C4
:10752000F4150020F8B504000800632914DD632079
:1075300003210122FFF768FD384B01001B78002B67
:1075400010D02000FFF762FF354B1B78002B07D0CF
:107550003448FDF773FAF8BD0029E9DC0120E7E7BC
:107560003148F6E7002C00D04142304E33685A18BB
:1075700011001400643110DA64246442E11A9C4260
:10758000E9D0274D287800290BDB00280ED1FFF722
:107590003DFF2548FDF752FA1EE0642AEEDD642423
:1075A000ECE7191B00281DD0012018E0002A15DD8A
:1075B000002B04DA0222512059420AF03DFC4A20F5
:1075C000FDF73CFA0122210019480AF035FC164863
:1075D000FDF734FA00232B703460BCE70020FFF77E
:1075E00015FFF9E7002A01DB0120D0E7012B0FDDB1
:1075F00001225220591E0AF01FFC01274A20FDF7E4
:107600001DFA00220B48391B0AF016FC2F70E3E725
:10761000012BF2D001225120D11AECE7E015002015
:10762000E11500204A0200004D020000E415002090
:1076300051020000520200000022F0B5564B050036
:1076400087B008001A70632917DD63200122022128
:10765000FFF7DAFC514B04001B78002B11D00B20F4
:10766000002D00D00F20002685B228000136FDF73E
:1076700005FAB442F9D107B0F0BD0029E6DC0120DB
:10768000E4E7474F3A680192464A16680392019A26
:10769000B21A0492444A059212780292002D3AD00E
:1076A000002A10D08619642EE5DC1D003F48013504
:1076B000FDF7C4F9AC42F9D1039B1E603A4A3C4B3A
:1076C00012781A70D7E7019BC518B54208DA029EF6
:1076D00036480136FDF7B2F9B442F9D13D60EDE725
:1076E0000135642DC7DC2920FDF7A8F9049B4F2044
:1076F000591E029A0AF0A0FB049B029AE11A2B4839
:1077000002310AF099FB039B059A1D600123013E9B
:107710003E601370D2E7029B002B0DD1019B1E1A15
:1077200033006433A7DB942001358000FDF786F930
:10773000AC42F8D13E60C1E7019A331A02939342FA
:107740000ADD942001358000FDF778F9AC42F8D1CC
:10775000039B029A1A60B1E7013E361A3300643384
:1077600000DA88E72920FDF769F9049B2A00591EF1
:1077700050200AF061FB9420049B2A00E11A023198
:1077800080000AF059FB019B039A01331360059BAB
:107790003E601D7092E7C046E8150020EA15002003
:1077A000F0150020EC150020EB1500204F02000022
:1077B000E9150020F8B504000D000F2811D80428A1
:1077C0001CD905380A2819D8FAF728FC80001800B7
:1077D00018002A00180018006D001800F300D400EB
:1077E00071007B4B98421BD036D87A4B984200D11F
:1077F0006CE011D81A2813D0272834D02800012291
:107800000021FFF701FC0025060020000135FDF7EF
:1078100035F9AE42F9D13EE082239B009842EDD18A
:107820006D4B1E78002E44D0280003220021FFF764
:10783000EBFB0024050094208000FDF7FFF867486B
:10784000FDF7FCF801346648FDF7F8F8A542F2D1DF
:107850000122644B1A7029E0634B984200D16BE01F
:10786000624B9842CAD15F4B1B78002B60D1604BB2
:107870001B78002B5CD05F4A5F4B14681B68292083
:10788000E41AFDF7DBF850200122611E0AF0D4FA59
:107890005A48FDF7D3F80122524B1A7000224E4B82
:1078A0001A70574BD6E70020FFF7C6FEF8BD01203F
:1078B000FAE7012231002800FFF7A6FB07002000AD
:1078C0000136FDF7DBF8B742F9D1C1E7454B01229C
:1078D0001F78002F1FD1464E3378002B1BD002217A
:1078E0002800FFF791FB01220221FFF78DFB040026
:1078F0002920FDF7A3F894208000FDF79FF8D420FD
:1079000021008000FFF76AFB37700122354B1A70A7
:107910000022314B9EE728000021FFF775FB002570
:10792000060020000135FDF7A9F8AE42F9D1ECE7D9
:107930002000FDF7A3F8AEE72A4D2B78002B10D1DD
:107940002B4B1E78002E0CD12A4A2B4B14681B6837
:107950002920E41AFDF772F832004F20611E0AF068
:107960006BFA2148FDF78AF8012200211A4B2A7090
:10797000197096E71B4B1C78002C0CD11C4B1B7804
:10798000002B08D02920FDF759F894208000FDF73E
:1079900055F81B4B1C70280001220221FFF734FB15
:1079A0000024050017480134FDF748F8A542F9D135
:1079B000ABE7280001220021FFF726FB0024050089
:1079C00011480134FDF73AF8A542F9D19DE7C046C8
:1079D0001A02000005020000E91500204F03000014
:1079E0004F020000EA1500202102000023020000DF
:1079F000EB150020EC150020F01500204A020000D5
:107A0000E81500205202000051020000002301216D
:107A1000094A1360094A1370094A1370094A13602E
:107A2000094A1360094A1170094A1170094A137012
:107A3000094A13707047C046E4150020E115002084
:107A4000E0150020F0150020EC150020EB150020BB
:107A5000EA150020E9150020E81500200023064A59
:107A60001360536093609381044A1370044A137047
:107A7000044A13707047C046D0150020CF1500206F
:107A8000CE150020CD1500200023064A1360064ABB
:107A90001370064A1370064A13700122054B1A60D0
:107AA0007047C046C81500203C1400200415002073
:107AB0003414002030140020F0B5574B87B01B78E9
:107AC000002B27D1554B1B78002B23D1544B1B681F
:107AD0000293544B1B78002B09D0534B1F68012F86
:107AE0001ADC5020FCF7AAFF00224E4B1A70029BB2
:107AF000002B00DC8DE04D4B1B78002B00D188E083
:107B00004B4B1B78002B00D083E0FDF737FC0122A4
:107B1000454B1A6007B0F0BD454B1B78002BE0D1F8
:107B2000029B002B4ADC434B1D68002DD9DD424BE4
:107B3000424A01930023D15C002944D1AB42D0DA00
:107B40005A1C1100FF200592A94240D101995A0008
:107B5000545A8121012289008C4208D047D8012241
:107B6000042C04D02200123A51424A415200EB1A2E
:107B70005E1E012BB5D0E3B2B6180493FFF73AFAB4
:107B80004342421EDB171A4031001000FAF70EF98B
:107B9000013F0600B84200DD3E0000230393039B33
:107BA0009E429ED0049B122B02D12000FCF7CAFFFC
:107BB000059FAF4226D1039B0133EFE7204B029D87
:107BC000204A0193B6E70133AB42B4D189E7019C67
:107BD0004A00A25A02404B2A04D8492A00D980E719
:107BE0000131B1E74D3A052A00D87AE7F8E7832159
:107BF000012289008C42BAD0134902328C42B6D09D
:107C00000022B4E7019A7B00D05AFCF717FF013736
:107C1000CFE7FFF739FF7AE7CC1500202F140020BB
:107C2000C815002034140020301400203C1400201B
:107C30000415002040140020841400204414002067
:107C400046150020051500201202000010B5FFF7B0
:107C500033FFFFF703FFFFF717FF10BD70B50400F8
:107C60000D00002A02D10025280070BD9047002891
:107C7000F9D06D79002DF6D0064B1B78002B03D17F
:107C8000FDF718F8002801D0FFF7E0FF2000FDF70E
:107C90001DF8E9E7CF15002010B50400012801D137
:107CA000FFF70AFF044B1C70FFF7B0FEFFF7D6FE8C
:107CB000FFF7EAFE10BDC0462F140020F0B5AE4B12
:107CC000B5B01B7804000293002B11D0AB4F3D7868
:107CD000002D10D1E3B2292B06D0A94B1B78002B25
:107CE00002D00122A74B1A7000212000FCF7C2FF2E
:107CF000012035B0F0BD032DFAD82000FCF720FE9E
:107D0000AB1E00900390012B00D9BFE1E0B29E4E64
:107D1000292837D1FCF792FE032D25D19B4B1B78E8
:107D2000002B18D19A4B1B78002B11D1994B1C6852
:107D3000002C0DDDFFF75EF9811ECB43DB171940E8
:107D4000A14200DD2100002902D05220FFF746F9B0
:107D50004A20FCF773FE012300223B708E4B3270E9
:107D60001A70FFF753FE35E08C4B1B78002B07D1C0
:107D70008B4B1B78002BEED18A4B1B78002BEAD063
:107D80005020E6E73378002B36D00024824B347045
:107D90001C70854B1C60009B062B1BD1032D22D130
:107DA0007A4C7B4D2378002B0ED17A4B19682B78B7
:107DB000002B09D1012910DD0122522001390AF0DE
:107DC0003BF84A20FCF73AFE7848FCF737FE0123DF
:107DD0002B702370FFF742FE2CE00129F1D0012225
:107DE0005120511AEBE77148FCF728FE01226C4B39
:107DF0001A706F4B1C70EDE7009B022B1CD1664B79
:107E00001B78002B21D064480278012A12D8664DD5
:107E10002968632900DD63210A234B430021272CB5
:107E200001D021001D395B18632B00DD6323013273
:107E30002B60027000205CE7009B0A2BE3D0009BC4
:107E4000062B02D1053B3370F4E70022524B1A7027
:107E50001C2C23D8122C16D8062C70D0072C2CD012
:107E6000009B0E2B00D0BAE0032D00D0ACE0192C03
:107E7000B0D10C3B3B70FFF7C9FD4E48FCF7DEFD6F
:107E8000FCF78CFEA6E7200013380928E8D8FAF79B
:107E9000A7F808E7E756E7E7E7E7142A464B9C42CE
:107EA000DED1032D06D13A4B1B78002B02D141487D
:107EB000FCF7C4FD1A20FF3023E0404B032D0FD107
:107EC0000121334A19701278002A02D13948FCF78F
:107ED000B5FD1C20FF30FCF7B1FD01233B7040E7EE
:107EE00000221A70F5E7354B032D0ED10121284AE7
:107EF00019701278002A02D12E48FCF79FFD8320CA
:107F00004000FCF79BFD2920E5E78320002240008C
:107F10001A70FCF793FD2920FCF790FD204B1B788D
:107F2000002BDAD11F4B1B78002BD6D0244A254BCF
:107F300011681B685020C91AFFF750F8CDE7032DD0
:107F400013D10121124B1A781C4B1970002A02D14F
:107F50001848FCF773FD1C20FF30FCF76FFD8A20EA
:107F60008000FCF76BFD0023B8E700221C20134BB8
:107F7000FF301A70F5E7C0462E1400202F140020A1
:107F80003C14002034140020CD150020E015002002
:107F9000E1150020E4150020CE150020E815002092
:107FA000EA150020EB150020D01500204A03000040
:107FB000E91500204F02000013020000F415002014
:107FC000EC150020F0150020B44B9C4200D001E7D6
:107FD00003233B70FFF71AFDFCF746FDFAE6009B12
:107FE000042B1AD8002B00D1F4E6AD4B19680029F8
:107FF00000DC01212000032D45D11A2C32D8042C9D
:1080000000D8E7E60123A340A64A134235D1A64A89
:10801000134200D1DEE6012030E0009B052B00D0AA
:10802000D8E6032D2DD1A14DA14E2B78002B11D1D7
:108030003378002B0ED09F4B4D201C68FCF7FEFCC4
:10804000002C04DA02225120614209F0F5FE4A2098
:10805000FCF7F4FC9848FCF7F1FC00233370013383
:108060002B70B7E682239B009C4206D0934B9C4228
:1080700003D0934B9C42CED0ACE60020FFF752FADF
:10808000A8E601218F48FFF795FBA3E68E4B1A78EF
:108090000192052A08D82A220199CA40D20703D59D
:1080A00022001E3A092A21D9E2B2292A60D1019B75
:1080B000002B00D1D7E3FFF7D1FCFFF7E5FC824BA3
:1080C0001B78002B00D0B5E6804B1B68002B00DC32
:1080D000B0E67F4B1B78002B00D1ABE67D4B1B78C5
:1080E000002B00D1BBE3FDF749F9A3E60B25009A6D
:1080F0000F2A3FD1019A002A4BD0012A00D14CE12E
:10810000052393429B415B420293FFF7A7FC009B30
:10811000013BDBB2182BD2D8009B6F4ADA40012317
:108120001A42CCD0009A93406C4A134205D1009B6E
:10813000082B05D1A31F012B02D80122654B1A7011
:108140000021029B8B420FD10123019A93402A22E6
:10815000134200D077E30099153A13400A395A1EAA
:1081600093414A42514119402000FCF783FDA6E7A4
:10817000009DBCE7019A072A00D98FE21000F9F7A9
:108180004DFF08000C016C02AD02D302FE02360363
:108190005A03681E182800D965E3F9F73FFF380035
:1081A0003800380038003F003300360025002C002E
:1081B00019006403420049005200CD0065006500CB
:1081C0006500650065006500650065006500650087
:1081D00001221A700023272C01D023001D3B304AB6
:1081E0001360002302930DE102221A702C4B013A16
:1081F0001C811A73F5E704221A70294B033A5C813B
:108200005A73EEE706221A70EBE70722FBE720001D
:10821000FCF7E0FC0121FEF70EFFE2E701210E2052
:10822000F9E701210620FEF7F3FF00233B70D8E7B2
:108230002000FCF787FC002301223B70284B1A60CA
:10824000CFE7284BE5186B425D4102353D70FFF7E3
:10825000DDFB032D02D1FCF707FCC2E72248FCF747
:10826000EDFBFCF79BFCBCE728001138082861D81F
:108270000025F9F7BFFE5C05093B454F54590D0039
:108280000120FFF7D5F8ACE70120FFF7E9F8A8E7F0
:108290000120FFF7CDF83D70A3E7C04619020000AA
:1082A000D01500200021000420400000E01500202F
:1082B000E1150020E41500204D0300001A02000023
:1082C000050200000A020000CF150020C81500209A
:1082D0002F1400203C140020FE37FE030032BE03A2
:1082E00030140020E7FDFFFF4F020000C34BC448DD
:1082F0001D70FCF7A3FB1C20FF30FCF79FFBCAE7B7
:10830000BE4BBF481D70FCF799FB1C20FF30FCF7EB
:1083100095FB66E701211C20FEF77AFF61E701214A
:108320000020FFF7DBF85CE701210800F9E7FCF724
:10833000FBFB56E71E20E9E7B24B01931B78002BAD
:1083400000D04EE7B04B1B68002B00D149E7AF4E81
:108350003568002D04DDFEF74DFE854200DD40E767
:10836000AB4D2B680293FFF78FFB0122019B00208E
:108370001A7000F08DFA0023019A13703B78002BDD
:1083800002D10120FFF788FC029A2B689B1A002279
:108390003360A04B1A60A04B35E7A04A11680E1E4F
:1083A000019100DC0126681E182800D976E1F9F752
:1083B00035FE3700370037003700400043004600E5
:1083C0002B0031007501190017011C014101480003
:1083D000FB00E700D100D5000E010A011201DF0009
:1083E000E400D900019B092B09DC0A2301994B43C6
:1083F0000021272C01D021001D395B1813600023B8
:1084000002930133019382E6022119700123148142
:108410001373F4E704211970012354815373EEE7B9
:108420002000FCF7D7FB3100FEF705FEFFF716FB37
:10843000E5E701210E20F7E706221A70DFE70722A1
:10844000FBE7FFF70BFB704B1B68002BD7DD6F4B77
:108450001D68002D03DDFEF7CDFD8542CFDC6C4BA2
:108460001F68FFF711FB0122664B1A70019B092B55
:1084700007DD0A213000F9F799FC1D3080B2FFF7C3
:108480001DFC0A213000F9F777FD2725002901D0CE
:108490001D318DB22800FFF711FC012000F0F8F922
:1084A0000022584B1A705E4B1B78934202D1012078
:1084B000FFF7F2FB564B554A1B681168DB1B8B42DA
:1084C00000DD1360504B1F68002F38DD019B092B26
:1084D0003ADD0A213000F9F769FC14AB1D30188031
:1084E000012304AA1370590014AA8D52012204A971
:1084F0005E1CCA5414AA94464A4B4B4DDB194B4997
:1085000001932A78002A07D177003B0060460F8844
:108510001F5204AB9A550136019B9D4203D0013591
:108520000231402EEDD1720014A94048F9F728FA23
:1085300032003D4804A9F9F723FA334B1E600022AC
:10854000344B1A60344B78E7019B0026012BD1DDB8
:108550003300C8E73000FEF76BFF67E73000FEF737
:108560007FFF63E73000FEF763FF00233B705DE7AA
:1085700031000020FEF7B2FF58E731000120F9E793
:10858000022E00DA0226FEF735FD013E0123032804
:1085900000DD83109E4200DD1E0000250135FCF742
:1085A000C3FAAE42FAD141E7300001220021FEF7C2
:1085B0002BFD002506001E200135FF30FCF73EFA9A
:1085C000AE42F8D132E73000FEF764FF2EE730000C
:1085D000FEF760FFC9E731001C20FEF719FE25E712
:1085E00031000620FEF714FEBFE72000FCF7AAFAD0
:1085F00000233B700E4B1E6018E7C046F4150020A8
:108600004D020000CC15002040140020381400203A
:10861000FC170020C81500203C140020D0150020B5
:108620002F14002043140020441400208414002040
:1086300030140020914BE5186B425D4102353D70CE
:10864000FFF7E4F9032D02D1FCF70EFAEEE68C48B1
:10865000FCF7F4F9FCF7A2FAE8E68A4A1668002E5D
:1086600000DC0126681E092818D8F9F7C3FC1D296B
:108670001D1D58BD1705172E824D2B899C420DD10B
:1086800031002000FEF7C4FD2B89062B01D1002309
:108690003B70FFF7E3F90023029338E5FFF7DEF9BB
:1086A000FFF7F2F9FFF712FB764D20002B890293BA
:1086B000FCF790FA320001000298FEF741FDE3E773
:1086C000704D01220B212889F7E70321197000233F
:1086D000272C01D023001D3B5360DCE7681E0A28CD
:1086E000DCD8F9F791FC0B0076000B000B001C00A6
:1086F0008100DBFFDBFFDBFFDBFF57002000FCF727
:1087000069FA604D01002B682E89002B00DC0123E3
:108710006A685A43632A00DD63223000CDE7594D71
:1087200001220E212889C8E7564A1668002E00DC6F
:108730000126681E0928B1D8F9F752FC0D170D0D56
:108740001B56B0B0051F53899C42A7D131002000B1
:10875000FEF7BCFD9DE720005589FCF73BFA32008F
:1087600001002800FEF7F6FD93E750890B21012256
:10877000F8E7508901220E21F4E70521A6E7681EDB
:108780000A288BD8F9F72CFC142514142D308A8A6A
:108790008A8A06003B4A5168092900DD7BE70A23E3
:1087A0004B430021272C01D021001D395B1893E792
:1087B0002000FCF70FFA334D01002B686E89002B67
:1087C00000DC01236A685A43632A00DD632230001B
:1087D000C8E72C4A5168092900DD5CE70A234B43AE
:1087E0007AE7284B5889C5E706221A7053E7062D09
:1087F00000D053E7234E337B002B0ED001220F21F4
:108800003089FEF79DFC3389062B02D100221E4BD6
:108810001A70FFF723F9019579E4737B002B05D0DB
:1088200001220F217089FEF795FDF2E701210F204B
:10883000FEF701FCEDE7072D00D02FE78B2040006D
:10884000FCF7FCF8E5E723001E3B092B01D80B23BE
:10885000039303990B394B425941C9B284E4FFF7A2
:1088600013F9FFF7E7FA094B1B68002B01DCFFF750
:108870003FFAFFF709F9FFF73BFAC046E7FDFFFFB4
:108880004F020000D01500202F140020C815002032
:1088900070B50500002401260F4B1B68A34200DCC5
:1088A00070BD002D03D00D4B1B5D002B0ED10C4A6B
:1088B0006300D05A0B4B1B78002B09D10A4B1B7855
:1088C000002B01D0094B1E70FCF7B8F80134E3E728
:1088D000FFF7F4F9FAE7C0464014002044140020E2
:1088E000841400202F1400203C1400203414002095
:1088F00070B500250F4C2088002804D0C0B2FCF7CA
:10890000B3FE0023238001350234042DF3D1D1209E
:10891000FCF75EFED220FCF75BFE0022064B1A70CD
:10892000064B1A80064B1878FFF7B6F9FCF7B4FE31
:1089300070BDC046F0130020EE130020EC130020A1
:10894000F81300200122124B10B51A7000233C21AD
:10895000104A1370104A1180104A1370104A137095
:10896000104A1370104A13705371104A1370104A52
:10897000138072B6FEF744FA62B606F099F89622B2
:10898000D200801803220B4B18600B4B1A7010BDDD
:108990006A0C002059290020620C0020DD290020EB
:1089A0009A290020DC290020532900200F290020CB
:1089B00010290020C8130020C7130020704704238B
:1089C000020901D113000200910802D00A0002330B
:1089D000DBB252089818C0B27047000010B50024EE
:1089E0000D4B1C7005F0E0FF200005F049FF200052
:1089F00005F060FF094B1C70FCF774FB0622210098
:108A00000748F9F7D1F8074B1C70074B1C70074B50
:108A10001C7006F095F810BD0214002018130020F9
:108A2000FF120020FE120020FD120020FC12002088
:108A300010B50400832811D105F01EFFC0070CD427
:108A4000532005F051FFFCF74DFB642006F084F93C
:108A5000532005F07FFFFCF745FB10BD84280DD1A6
:108A600005F00AFF4007F8D4472005F03DFFFCF76A
:108A700039FB642006F070F94720EAE7031FDBB2F8
:108A8000A02B23D8284B9A78012A13D1274B197889
:108A900000237F290FD9264BC1085B18997807233B
:108AA00003409A400A420DD0200005F053FFFCF726
:108AB00019FB07E000231F4AD15CA142F4D0013327
:108AC000062BF9D1200005F00FFFC4E70300203387
:108AD000DBB2072B08D80721012301408B40164A3F
:108AE00011780B431370B6E703005B33DBB2022B44
:108AF00004D8243CA0B205F0C3FEAEE7030058330F
:108B0000DBB21A2B05D80D4A5B00985A05F0D2FE4D
:108B1000A3E703003333DBB2122B9ED805F0D6FD5A
:108B200006F00EF899E7C0465C0C002016130020F2
:108B3000901200208A120020021400207C210100E3
:108B400010B5002812D0822811D105F095FE8007BB
:108B50000CD4392005F0C8FEFCF7C4FA502006F00A
:108B6000FBF8392005F0F6FEFCF7BCFA10BDFFF764
:108B70005FFFFBE770B5C2B20500010AC30425D54B
:108B80000F230B40013BDBB2072B58D83149CB5C9C
:108B9000502A4CD0512A4CD0522A4CD003244F2A70
:108BA00024D1002B22D100212B4A0B00105D8842DA
:108BB0001CD02A4D11552B5D8B4206D1284B6200EB
:108BC000985CFFF7BDFF01232B5570BD01230220E8
:108BD0000B40014200D003430420014200D0034374
:108BE00008200142D4D00343502A2FD11E001D4A31
:108BF0001478A6439C43002E02D03000FCF7C8FA3C
:108C0000002C02D02000FCF7BBFAEDB22800FFF7E1
:108C100097FF2800FCF728FD002C02D02000FCF76D
:108C2000B7FA002ED1D03000FCF7AAFACDE7002425
:108C3000B7E70124B5E70224B3E70024B3E7502ADD
:108C4000FBD00023512AA7D10124ACE7512AA3D19C
:108C5000CCE7C046E4230100261400202A1400209B
:108C6000EC2301000214002070B504000D00E6B2F0
:108C70000949FCF709F93000FFF762FF5020002D89
:108C800000D1012006F068F83000FCF7EDFC200070
:108C90000249FCF7F9F870BDD9510000F15100000C
:108CA000002170B5034C25782170FFF7DDFF25709A
:108CB00070BDC0460214002010B55020FFF7F0FF31
:108CC00010BD10B54F20FFF7EBFF10BD10B55220BF
:108CD000FFF7E6FF4A20FFF7E3FF10BD10B5512074
:108CE000FFF7DEFF4A20FFF7DBFF10BD0A2010B5BB
:108CF000FF30FFF7D5FF10BD10B54E20FFF7D0FFB6
:108D000010BD10B54B20FFF7CBFF10BD70B50D00A7
:108D10000400FFF715FF281E00D1012006F01CF803
:108D20002000FCF7A1FC70BD002110B5392800D14E
:108D30005031FFF7EBFF10BD73B54B7905000C0008
:108D4000002B3AD04A78052A34D809780F2931D82F
:108D5000374B12019B185B5CFF2B2BD00026354A4A
:108D6000915D99421CD105F0A3FE031C80B2324AEA
:108D70007600002800D10123B3522A2D1FD1637938
:108D8000002B2AD005222D4B1B781340934224D16F
:108D90002A20FBF79BFF4C20FFF7C6FF012076BD82
:108DA0000136242EDCD12A2D09D1EBE7244A137099
:108DB0000020F4E72A2D10D1E4E72A280DD02C2D2D
:108DC0000BD16379002B08D11E4A1178002904D0F9
:108DD00013701D4A13701D4A13706B469E1D0222AC
:108DE00021003000F8F7CCFD3388002BE0D1637907
:108DF000002BDBD0164B174A1B7812781343D7D0C1
:108E00000124DB06D4D52800FBF760FF0C4A137859
:108E1000002BC3D11470104A137005F049FE80B2C4
:108E20000E4A031C002800D1231C1380B6E7C0465D
:108E3000C4220100A02201007C13002002140020A3
:108E40007B130020C6130020C5130020C41300208C
:108E500001140020001400207A1300207813002051
:108E6000F0B5C24BC24A85B01A60C24B07000393EB
:108E70001B780091002B02D00022BF4B1A60009B90
:108E8000BE4D5B7901933B00E03B9BB20293072B05
:108E90003AD8BB4B029A9B5C002B06D0B94901988B
:108EA0000A7800282DD013430B702B78002B00D1AB
:108EB000CDE03800FBF752FF041E00D0C7E0FF2FC3
:108EC00000D9C4E0009B5A793B001E3B9BB2102B9B
:108ED0007ED8AD49CC5C002A7CD13800002C00D073
:108EE00020000022A94EAA4933789A4200D1AEE070
:108EF00002318D1E2D88854200D100E10132D2B2AF
:108F0000F3E79A430A70D0E7392FCED1019AA14BEB
:108F1000A14E002A2ED001241C70FBF743FF2B78B2
:108F200044403470002B01D0FCF7E4FB3378002B75
:108F30001CD02B78002B01D0FCF7DCFB914B0121DE
:108F40001A78112313405C1EA341944829700370C2
:108F5000934B11401970D20603D50222C9B20A43BD
:108F60001A7000228F4B1A70884B1A703920FBF749
:108F7000ADFEAAE0019934781A781970002C04D05B
:108F8000FCF7B8FB019B33708FE7002A8DD07A4A3B
:108F9000854B14601E78854A1470002E0CD1012276
:108FA0001A70FEF733FDFEF759FDFEF76DFD039BCA
:108FB0001E70FCF771FB78E71C70FEF74FFDFEF7A3
:108FC00063FD7B4B1C607B4B1C607B4B1C70F0E794
:108FD000002A7CD06D4D2B780B2B01D93800C6E7C9
:108FE000002C0BD0E0B2FFF7ABFD2B780B2BF5D8A4
:108FF0005A1C2A70664A5B009C52EFE7674BE02FD1
:109000001ED00221E42F1CD01B78002B08D16B4C02
:109010002378002B04D1E020FFF70AFD0123237001
:10902000604AF8B2137801331370FFF789FD2B788B
:109030000B2BD3D85A1C2A70554A5B009F52CDE7A0
:10904000012101221A70564A13780B431370002233
:1090500038000099FEF702FE002836D13800FBF7F1
:109060007DFE002813D1FBF79DFE00280FD03F4C5A
:1090700023685B6A002B00D1AAE0380098470028DB
:1090800000D1A5E023689B6A002B00D0B1E0380036
:109090004B4A0099FEF7E2FD002816D1009B334DA4
:1090A0005C792B685A88BA4200D0DCE0454E464DC8
:1090B000002C00D1AAE005F0FBFC80B2031C0028C4
:1090C00000D10123338000232B70002030E2E02FF9
:1090D00005D00323E42F03D03800140001E7022356
:1090E0002E4A5B4214702E4ADCB2117838000B40D5
:1090F0001370FBF711FE314A13782340A6E733497A
:1091000000228C46D1B299420ED2511C4D000191E1
:1091100061464D5B854227D1013B1D49DBB233706F
:109120005B005B5A52005352C0B2FCF79DFA002C10
:109130008DD11C4A1378002B89D0013BDBB2137010
:10914000002B84D101251D4C23782B4200D17EE7D2
:10915000134B1B782B4200D079E7E020FCF738FA5C
:109160002378AB43237072E7019ACBE7FC1300200E
:109170006C2201002F14002074130020EA13002039
:10918000632201002414002052220100D013002089
:10919000D21300207113002070130020CC13002084
:1091A000CE130020CD1300202E1400206F130020BA
:1091B000FC170020F81700206E130020CF130020AA
:1091C000398D00006C1300206A130020D01300209A
:1091D000009B5B79002B00D159E79F4B1B78002B3C
:1091E00004D1FBF767FD002800D1F7E6FEF72EFD5E
:1091F000F4E6009A380051799847002800D146E7F4
:10920000009B5B79002B00D141E7E7E62A78002A32
:109210000BD0924C2088002802D0C0B2FCF724FA70
:1092200000232380002333804EE73288002AF9D0C0
:109230008B4C2278042A02D1FFF75AFBF2E7DB6855
:10924000002B0CD1874B1B78002BEBD0864B227860
:109250001A70FCF721FA0420FEF71EFDE2E798479A
:109260000028EFD1DEE77E4B01931B78042B0BD156
:10927000029A072A2ED8002C06D03A009A43E12AF7
:1092800000D1ABE6FFF734FB764B009A03931B78D3
:109290005279002B00D1F5E02968897C002900D1A2
:1092A000F0E0292F00D009E1002A00D1EEE0019B77
:1092B0001B78002B00D0B3E06C4B22221B781900E6
:1092C000914300D0ACE09A0700D4A5E06848FFF7CE
:1092D000E7FC83E6002C47D00F2F0ED80A2FD1D9F8
:1092E00038002222614B0B381B7813400428C9D860
:1092F000F8F776FE12C819242F00282F30D02C2F13
:10930000C0D105F0D5FB80B25A4A031C002800D119
:1093100001232C2013802AE6CF20574B1880FFF71B
:1093200087FB0B2023E6CE20002B00D00C30524BC5
:109330005880C0B2FFF704FC0D2018E6CD20002BAA
:1093400000D00C304C4B9880C0B2FFF7F9FB0E20D8
:109350000DE6D020484BD880FFF76AFB0F2006E6C9
:10936000D220FFF765FB39E60F2F0AD80A2F8BD9D9
:1093700038000B38042887D8F8F732FE1686212CDF
:109380003700282F44D02C2F00D07DE73B4E394AA0
:1093900033780392002B33D0D120FCF719F93470C5
:1093A0000023039A13806FE7334C2088002800D1F4
:1093B0006AE7C0B2FCF758F90023238064E72E4C1B
:1093C0006088002800D15FE7C0B2FCF74DF90023A8
:1093D000638059E7284CA088002800D154E7C0B228
:1093E000FCF742F90023A3804EE7234CE0880028D5
:1093F00000D149E7C0B2FCF737F90023E38043E727
:10940000039B1B88002BCBD0D120FFF78DFCC7E737
:10941000D220FCF7DDF837E73520002B00D056E7E7
:109420002222124B1B78934348D1019B1C78A31E28
:10943000012B43D9012C00D08BE0074B1878002872
:109440003CD1FEF729FC05F033FB0D4B002800D181
:109450002000186032E0C046CF15002068130020BD
:109460002F1400202E140020F813002024140020B4
:1094700035020000EC130020F0130020EE13002052
:1094800074130020292F19D1002A5FD18C4A11783A
:10949000002913D000261670B3420FD0894B1C68E8
:1094A000B44247D005F004FB001BC72842D9864BC5
:1094B0001E60FEF7CBFB0120FEF7EEFB009B5A7906
:1094C000002A00D1E8E0039B1B78002B0CD0019B05
:1094D0001B78012B08D12B681C6B002C04D07B4B14
:1094E00019782588002D52D10B2F65D00D2F00D172
:1094F000CAE00E2F00D1CBE00F2F00D1CAE0002A26
:1095000061D1E52F0ED1724C2378002B0AD00220B6
:109510006E4B1B78034203D1FBF7AEFDFBF7E2FD78
:10952000002323703800FBF7F7FB01235840C0B23B
:1095300005B0F0BD05F0BCFA634B002800D1013046
:10954000186000212920FFF78FFBB7E7002BB5D06B
:1095500066E75D4C2568002D07D100232360FEF7E8
:1095600075FB0120FEF798FB0FE005F0A1FA594BBF
:10957000401B9842F1D80124514B1C7005F098FA19
:10958000504B002800D1200018602920EFE4AF42A2
:1095900010D1E378A0780B40002807D1002B09D127
:1095A000FEF754FB636898472800E0E4184201D0B6
:1095B0008343F3E7083494E70024474B1B78002BE0
:1095C00004D10120B4E701246442F6E7E52F00D17D
:1095D00004E5029B072BF4D93C4B1D783F4B2A0036
:1095E0001B78009322239A4317D0631C22D0009B40
:1095F000002B26D1019B1E78012E1ED13800FBF7CF
:1096000065FB374D2B5D002B00D05EE5354B6200CE
:10961000985CFFF795FA2E5557E53E001D4202D0A3
:109620008026B6003E433000FBF78AF9002814D1AB
:10963000292F12D0009B002B03D1FBF73BFB002806
:1096400001D0FEF703FBAD06BBD53800FBF79CFB52
:109650000028B6D1FBF7A8FDB3E73000FEF72EFBDC
:109660000028F0D13800FBF731FB631C00D12CE55A
:10967000009B002B00D028E5019B1B78012B00D01C
:1096800023E5194A135520E50124002A95D107E066
:109690000224FAE70324F8E70B2F00D026E7140092
:1096A0000026114B0E4D1E552B5DB34200D139E7FC
:1096B0000C4B6200985CFBF7D7FF2E5532E7C04693
:1096C0006F13002064130020741300202414002062
:1096D00025140020B70B00002E140020CF15002009
:1096E0002A140020EC2301002614002001238340CB
:1096F00010B5034A10781843C0B2FBF7D9FB10BD70
:1097000001140020F0B50379070089B0002B00D1C7
:10971000E6E10121FCF756F80022B84B05001A805B
:10972000B74B1A707B7993420BD005F0C1F9B54B5A
:109730001860B54B1B78013B012B02D80122B34BBB
:109740001A70B34B1A78002A0ED02C2D00D1A5E147
:10975000B04A954200D100E2AF4A954200D1FCE107
:10976000E02D18D000221A70AC4A954200D118E2C0
:1097700045D8A84A954200D1EFE12CD8E72D00D179
:10978000BBE10BD8652D00D1C0E1E32D00D1ABE1E9
:109790002C2D00D182E1390028008EE1A423DB01C9
:1097A0009D4200D1E2E19E4B9D42F4D17B79002B9A
:1097B00000D0B0E09B4B3A889A4200D0ABE09A4B85
:1097C0001A79012A00D1A6E001221A7100225A71E9
:1097D000964B0332DCE1904B9D4200D1BDE1944BAE
:1097E000EB189BB2032BD6D8924BE8187B79022852
:1097F00000D993E1F8F712FC9A01A201AB018E4A5D
:10980000A81882B20E2AC6D80E28C4D8F8F7FCFBD6
:109810000F002B0040005B006E00B800C400E000A9
:109820003A01C3FFC3FFC3FFC3FFD501EA017A7941
:10983000824B002A12D001241C70FCF747F97A4BA6
:109840001A78A2420BD000201C70FCF785FDFCF7B3
:109850001BFC7B4B1C7005F02BF900E01A70794B58
:1098600000221A8057E07A79774B002AF6D001223D
:109870001A70FCF72BF96C4B1A78002A02D15A782F
:10988000012AECD00124002220001A705C70DCE771
:109890007A796E4B002AE1D001221A70FCF716F992
:1098A000614B1A78002A02D15A78022AD7D00022B6
:1098B00002201A705870FCF74FFDFCF7E5FB0122FF
:1098C0005F4B1A70C7E77A79614B002AC6D0012234
:1098D0001A70FCF7FBF8544B1A78002A02D15A7818
:1098E000032ABCD0002203201A70E3E77B79002B07
:1098F00011D04D4B1A78022A0DD0022208201A707E
:10990000FCF72AFDFCF7B0F8FCF7BEFB00224C4B3D
:109910001A7005F0CDF87C79002C00D111E24D4B86
:10992000EB189BB27F2B01D900F039FEEDB20F2D61
:1099300000D9C7E00121912007AA04F0AFFE04ABD3
:109940001C7B002C00D0BDE0002D00D060E1012682
:10995000079407A8FBF744FD002800D1B2E00128D6
:1099600000D0A6E107A8FBF73BFD0400013803285F
:1099700000D962E1F8F752FB5C0168016E017401E5
:109980007B793549354A002B04D001230B70002325
:109990001370C0E70B70FBE77A79002ABBD1224B2A
:1099A00018795979012805D10129B4D15A71FCF7E8
:1099B0006BFBB0E70029F9D10122E3205A71FBF7D4
:1099C00007FEE720FBF704FE6520FBF701FEEEE74C
:1099D0007B79002B9FD0224C23787F2B42D9FEF736
:1099E000FDFF7F2223781340002223700E4BDA7094
:1099F000FCF74AFB0D4B03221A708CE7102900205C
:109A00000F2900200C130020C71300200A13002088
:109A1000091300202252000023520000037C0000A2
:109A20000152000002030000640C00200813002013
:109A3000B787FFFFB687FFFF0082FFFF04290020E2
:109A400000290020062900200329002002290020E7
:109A5000012900200089FFFFC5130020C413002046
:109A600016130020DB090BD1FEF7B8FF8023227804
:109A70005B42134301222370C14BDA70FCF704FBF5
:109A8000C04BB8E77A79002A00D044E71A78002A58
:109A900000D040E701211970BB4BADE7797900296F
:109AA00009D11B78002B06D0B74A13780133DBB2FB
:109AB000032B17D8137039002C20FFF7D1F9002899
:109AC00000D028E7B14B1B785B0709D07B79002BCE
:109AD00006D0AF4B5B785B0702D50220FBF77AFA22
:109AE00009B0F0BD1170E6E7A54B5B79002B01D002
:109AF00000237B713900E320DFE7A14B5B79002B6A
:109B000001D000237B713900E720D6E79C4B5B79BD
:109B1000002B00D1FFE600237B71FCE6002B00D078
:109B2000F9E69C4BDB78C72BAAD8F4E6002B00D0D3
:109B3000F1E6984BDB78002BA2D0ECE6002B00D0AE
:109B4000E9E6944B1B79FF2B00D0E4E698E7002B65
:109B500000D0E0E68F4B1B79EDE77B79002B02D03C
:109B600001228D4B48E700228B4B45E77B79002B88
:109B700000D0D0E6894B3A889A4200D0CBE6804BA1
:109B80001A79002A00D1C6E600221A71844B0132EC
:109B90001A70E220FBF71CFDE320FBF719FDE6201D
:109BA0000DE77A797F4B002A05D001221A70002335
:109BB0007B717D4B54E61A70FBE77B79002B00D15B
:109BC000A9E67A4B1C681E68FDF782F9E1046C4C2B
:109BD000B60424780300F20FC90F0094744807F00C
:109BE000FFFD98E67979002900D094E6644B0120C6
:109BF0001C796B4A002C06D118715C710323137019
:109C0000FFF774FDC5E719711070FBF763F9C0E742
:109C1000922C00D156E72000012107AA04F03EFD56
:109C200004AB1B7B0134002BF2D1013DEDB28BE67E
:109C300007A8FBF7D5FBFFF777F8300005F08CF8A5
:109C4000002C00D085E63DE707A8FBF7C9FBFEF72F
:109C500077FFF2E707A8FBF7C3FBFBF705FDECE78F
:109C600007A8FBF7BDFB002504000422514B1B5D38
:109C7000134215D10120002D0FD0FA2200239200AB
:109C80002800E917F8F77EF900234B4A801859415C
:109C9000FA2200239200F8F723FA05F05DF8CCE7EA
:109CA0000A2307A85D43FBF79BFB303C65190400C2
:109CB000DBE70722414B1B5C0393C3081040404A7B
:109CC000DBB2D25C02411100314004913D49C95CD4
:109CD000014131400D003C49CC5C044134403242EA
:109CE00005D0E120FEF7A4FE300005F035F8002D88
:109CF00005D0E620FEF79CFE300005F02DF8039815
:109D00000021FFF703F8300005F026F8002D05D0FC
:109D1000E620FBF75DFC300005F01EF8049B002BED
:109D200005D0E120FBF754FC300005F015F8002CBD
:109D300000D10EE62C20FEF7F7FF300005F00CF8FE
:109D400007E6224BE818062801D900F01BFCF8F7BB
:109D500051F90E12040B3F4347002623E122110064
:109D6000200007F0FBFFADE62723E522F7E72623D7
:109D7000E122E021F4E72723E522E421F0E7C046D1
:109D8000640C002007130020061300201413002089
:109D900016130020181900200513002001030000ED
:109DA00008130020FC280020FE28002000040048A2
:109DB00000210100BD1E0100E7030000D2210100C7
:109DC000C2210100B2210100B2210100E883FFFF9E
:109DD0002623E122E221C3E72723E522E621BFE78C
:109DE00028230122E521BBE70123227813432370B6
:109DF0000420218804F0B5FAFEF7F0FD62E608239E
:109E0000627813432CE002232278EFE704232278C0
:109E1000ECE708232278E9E701236278F1E70223DF
:109E20006278EEE710232278E0E720232278DDE74E
:109E300040232278DAE7FEF7D1FD802322785B42C7
:109E4000D4E70C2322789A43D0E7032362789A431D
:109E5000D7E7012223789343C9E708226378934325
:109E60006370C5E702222378F5E704222378F2E73E
:109E700008222378EFE701226378F0E70222637873
:109E8000EDE710222378E6E720222378E3E740225B
:109E90002378E0E7FEF7A2FD7F2223781340A6E7B0
:109EA0000C222378D7E703226378D8E70122042025
:109EB00023785907C90F8A43910083430B43082134
:109EC000D2008B4392E7012108006378DA07D20FB2
:109ED000904302228B430343410093430B43BFE76C
:109EE000012223785906C90F8A4392014021E8E7ED
:109EF000FEF774FD01222378D9094A407F21D2015F
:109F00000B4073E701210E2004F0FAF970E70021FD
:109F1000F9E701222378D906C90F8A4312011021DB
:109F2000CFE7012108002378DA07D20F904302001F
:109F3000C7E7012263781907C90F8A430821D200B5
:109F40008B435EE755221B7893431900481E8141DD
:109F5000AB4A35201170002B00D10C3804F0C4FC42
:109F6000FBF7C0F8AEE5012004F086FAAAE5002B65
:109F700033D004F0C3FAA5E5002B33D004F0DAFAAD
:109F8000A0E5002B33D004F0F5FA9BE5002B33D08D
:109F900004F014FB96E5002B33D004F031FB91E57F
:109FA0002222984B1B781340974AA8180E2835D8C0
:109FB000F8F716F8080ED9DD11E216E71BEC20F1D0
:109FC000252A2F0004F068FA012004F017FA79E539
:109FD00004F076FAF8E7002BCBD004F081FA71E5B3
:109FE000002BCBD004F09AFA6CE5002BCBD004F018
:109FF000AFFA67E5002BCBD004F0CEFA62E5002B78
:10A00000CBD004F0EDFA5DE5002B04D004F01AFB90
:10A0100058E5002BFAD004F003FB53E57B4B9D423F
:10A0200015D07B4B9D421DD07A4BEB189BB21F2B5A
:10A030001DD8002C2AD11F2301342B409C40E4B2B0
:10A040002100032004F05CF9734B1C703AE50120F9
:10A05000002C09D0FFF74AFB032202210120FAF766
:10A060008FFF2FE50220F3E7FAF734FFF4E7002C27
:10A070002BD06A4B9D421CD0694B9D4210D0694B3E
:10A0800001209D4212D0684B9D421AD0674B9D42E1
:10A0900011D0033B9D4218D1FEF7A0FCFCF7FEFD5A
:10A0A000634B587801234007C00F5840FBF7E2FB91
:10A0B00008E50020FAE7FBF71FFF00205D4904F0E8
:10A0C00050F9FEF78BFCFCF729FE3B8806AD2B8090
:10A0D0000698002C5AD0FBF74DFB040001000698AF
:10A0E000FAF704FF2A8807AB1A8020000799FAF7CD
:10A0F00071FE04F001F80022BB797D791B090393FE
:10A100004D4B041C05931B7804925B072BD00495E0
:10A11000954228D023041B0E19000F329143402989
:10A1200010D0C1B20A0000202032D2B20490072A17
:10A1300019D91F229343202B04D1012913D9039B42
:10A14000834210D000223A4B04925B785B070AD519
:10A150000220FAF73FFF0722059B1B7813405A4263
:10A160005341DBB204932304180F0B2800D989E074
:10A17000F7F754FF1000100066006600DF00F300E0
:10A1800088008800FE006B017E017E01FAF7D6FE92
:10A190000400A7E726052304360F1B0E0F2B00D95A
:10A1A0003601E4B2002D13D0002E0DD02300203351
:10A1B000DBB2072B02D9214A002C00D1114A1378B7
:10A1C00033431370FAF78EFF2000FEF7B9FC59E015
:10A1D0002000FBF749FA002E54D023002033DBB2D5
:10A1E000072B01D9002C03D13000FAF745FF03E01B
:10A1F000124A1378B3431370FAF774FF42E0C04673
:10A200001113002002140020C087FFFF777C00009C
:10A21000787C000020ADFFFF001400205B7C000074
:10A220005C7C00005A7C0000017C0000037C000084
:10A2300016130020FFFF0000141300201813002045
:10A240000F22230426051B0E360F9343202B00D02C
:10A250003601E4B2002C07D0012C52D0039B002D14
:10A260005BD0002B2CD0AFE7B34B5B785B0722D4DD
:10A27000002D05D0002E05D0B04A13783343BAE73D
:10A28000002EB1D1049B002B00D19CE0059B1878D7
:10A29000012302001A40184200D094E07A71C008ED
:10A2A000FFF724FA3800FFF72DFA059B1878C0084D
:10A2B000FAF710FE87E0039B002D11D0002B03D18D
:10A2C0003000FAF765FFDDE7039B012BDAD19C4AEA
:10A2D00013781900334331408E42D3D01370D1E745
:10A2E000002BCFD13000FAF74BFF954A1378334259
:10A2F00001D0B3431370934A13783342C2D0B343AF
:10A30000ECE7039B002D02D0052BBBD8D8E7042B2C
:10A31000B8D83000FAF734FFB4E7002BF9D050205A
:10A32000392C00D0012004F017FD2000FBF79CF928
:10A33000A8E72005800F09D00128A3D1002085427D
:10A3400001D0A005800D04F0B5FA9BE7002D01D0E7
:10A35000A005800D04F094FA94E7E0B2002D04D03B
:10A3600004F0B4F904F0ECFB8CE704F005FAF9E72B
:10A3700023049B019B0F32D1002D22D110202306F4
:10A380005B0F9B002107DBB2090F99400200C9B2A5
:10A390002240204203D00F229A40D243D2B2240559
:10A3A0006948A40F022C14D0032C16D0012C04D021
:10A3B00003780A431A40027003E003780B43134307
:10A3C000037004F04DFA00213800FBF7FBF9FFF7AA
:10A3D00087FB03780A435A40EDE70A43EBE7A305FE
:10A3E0009B0FDAB2002D21D0DB07EAD52206520FEF
:10A3F00092002007D2B2000F9040C1B2102003009B
:10A400002340204203D00F239340DB43DBB22405DB
:10A41000A40F022C11D0032C14D04C4A012C08D0CC
:10A4200010780B431840FAF743FDCAE7012AC8D950
:10A43000DCE7107808431843F5E7444A0B431078EB
:10A440005840F0E719430800EDE7E6B22405240F71
:10A45000002D06D02000FFF749F93000FAF798FEEA
:10A46000AFE73000FAF78CFE2000FAF733FDA8E7DB
:10A47000E6B23000F038042843D8F7F7BBFD0326D6
:10A48000141B2200039B002D0AD0042B99D8012015
:10A49000E404E40EA0402D4B1B785840C0B2C2E744
:10A4A000052B8ED8F3E7E004C00E002DDDD1FFF7B9
:10A4B0001DF986E7281EB6D00120E404E40EA04072
:10A4C000ECE71D4B5B785A0704D4E004C00E002D66
:10A4D000CBD0ECE7002D09D0E004C00E5B07E6D539
:10A4E0000323C2001343059A1370E0E70120FAF733
:10A4F00071FD039B012B00D863E70220FAF76AFD88
:10A500005FE7039B002D08D0002B03D03000FEF73F
:10A5100017FB56E7E004C00EC9E7002B09D0502016
:10A52000392E00D0012004F017FC3000FBF79CF816
:10A5300047E7E004C00E98E716130020021400203D
:10A540001213002013130020001400200114002017
:10A55000314A324B954200D1F4E422221B78134059
:10A560002F4AA8180A2800D958E5F7F74DFDFCFC3A
:10A5700000FD34FD05FD39FD0AFD3EFD0FFD43FDE7
:10A5800014FD48FD244B9D4200D009E5254B3520A4
:10A590001B78002B00D10C3804F0DCF9E0E4224BEE
:10A5A000E818062801D8FFF7D2FB00221F4B1A70CB
:10A5B0001F4BEB189BB2222BCAD8042003F094FE49
:10A5C0001C4C1D4B2080E818212801D9FFF70CFCFA
:10A5D000F7F71AFD3FFCA7FC48FC19FC1CFC4BFCE0
:10A5E0001FFC4EFC57FC28FC9FFC2BFC5AFC2EFC4D
:10A5F0005DFC86FC31FC60FC8EFC37FC66FC6CFC70
:10A6000022FC51FC25FC54FC3BFC69FC79FC98FCC9
:10A610009DFC15FC43FCAFFC167C000002140020DE
:10A62000E087FFFF11130020E883FFFF10130020D5
:10A630000090FFFF16130020FF8FFFFFF8B51A48A8
:10A6400083790F2B2BD84379002B28D0174B058803
:10A650001A78174B46881C7807239C46154FA24250
:10A660001DD0D300DB191979002919D01988A94206
:10A6700016D15979002913D15988891B89B2C72964
:10A680000ED80F241021827922400A4382719A79D0
:10A69000224011439971FFF735F8FAF78BFCF8BDAA
:10A6A000634601321A40DAE75C1300201A130020D7
:10A6B000191300201C130020F0B5040087B00622F7
:10A6C000010002A8F7F75CF9774E657933792279B2
:10A6D0000193002B13D1002A0FD0002D00D1DEE012
:10A6E0002000FBF799F8002800D1D8E008222100CB
:10A6F0003000F7F745F9FFF7A1FF012543E0737933
:10A700006788009373880099FB1A9BB2002900D1D7
:10A710009FE0C72B67D8002AEFD0B3793288218811
:10A720000F2B52D891420DD1002D49D10F22134049
:10A73000013213433000B371FEF7E4FFB379A37124
:10A74000002520E0002D3BD1267867782A003900CB
:10A75000300007F04DFB2A003900300007F048FBBD
:10A76000051EEDD10298FBF747F8C3B200040F2194
:10A77000020F032A0AD8012A11D9000E014213D070
:10A78000A2790F2A10D8280007B0F0BD06320A407F
:10A79000012A0ED92000FEF7B5FF009DF3E7000E59
:10A7A000014201D0002BEED02033DBB2072BEAD9D7
:10A7B000F0E7EF2BE7D90F33DBB2022BE3D9E9E760
:10A7C0000123B2791343B371BAE791422AD1002D24
:10A7D00028D1A3712000FEF795FF08222100300048
:10A7E000F7F7CEF889E7B3790F2B08D83000FEF7DA
:10A7F00089FF082200213000F7F7D6F9A0E7002AE8
:10A8000000D17AE73188228891420BD1002D09D1FD
:10A810002000A371FEF776FF082229003000F7F729
:10A82000C3F96AE72000FAF7F7FF002837D0002DB8
:10A8300035D0B3791F2B00D858E7328804A802809E
:10A84000019A47800271002283714271FEF75AFF1C
:10A850004CE7C72BCDD8002A00D14EE7002D1ED0E3
:10A86000328823889A4210D1B379DA07B5D40F2BF6
:10A87000B3D90F21A3718B43F02BABD0A3791A0965
:10A88000013212010B401343A3E72000FAF7C4FF83
:10A89000002800D02AE70123B2791343B3712000C6
:10A8A000FEF730FF29E7C0465C130020F0B50D0A23
:10A8B0008BB0EDB202AA02905160002D02D00021AF
:10A8C0002F4B1970002302A9CB81029B04AC049387
:10A8D0001679002E09D00121200026716571FAF742
:10A8E00071FF01212000FAF76DFF657106AD2100AF
:10A8F000082228002671F7F743F82800FFF7DCFE4E
:10A90000041E1DD11F4B204F00931B7808222900E5
:10A9100008A801933E78F7F733F82B79002B0FD076
:10A920000723751C1D40019B9D4212D01748F6005D
:10A930000822801908A9F7F723F83D70FAF73AFBC7
:10A940000725104C104B20781B7883420CD10BB09C
:10A95000F0BDFEF743F8009B082221000C483C7034
:10A960001C70F7F721F9EBE7084BC000C018FFF7A0
:10A97000A3FE0028EBD0237801332B402370E0E7BF
:10A98000181300201A130020191300201C13002094
:10A990005C130020030010B5E7280AD8DF280AD886
:10A9A000312800D173E00FD8292866D02A2800D199
:10A9B00074E0180010BDE0380728FAD8F7F710FB4C
:10A9C00018F927303DF9474C392808D0822806D09D
:10A9D0003528EED1374A12789206EAD506E0354A94
:10A9E0001178890761D152781207E2D52923E0E76F
:10A9F00030480121027814000C400A4245D14078C9
:10AA00000842D6D02300D206D3D4E323D1E7294A83
:10AA100012785107CDD50023D206CAD4E333C8E754
:10AA20002449E2230A785007C3D44878012104005E
:10AA3000023B0C400842E5D0BBE71E4A517889072B
:10AA4000B7D512780023D206B3D4E733B1E7194A59
:10AA500012781107F6D4ACE71649E6230A781007F6
:10AA6000A7D4487802210400023B0C400842A0D140
:10AA70002300D2069DD4E7239BE70E4A117889066E
:10AA800015D45278120700D493E7392391E7094A85
:10AA90001278520600D48CE72A238AE7054A1278F6
:10AAA000520600D485E7312383E7E02381E735238D
:10AAB0007FE7C0461613002030B5254C21784B07A0
:10AAC0000DD514220240043A53425A411823034040
:10AAD000083B5D426B419A4201D00C2358400B0762
:10AAE0000DD514220240143A53425A411823034010
:10AAF000183B5D426B419A4201D00C235840647868
:10AB0000E3070DD511220240013A53425A4118235E
:10AB10000340083B5D426B419A4201D009235840F3
:10AB2000A4070DD511220240113A53425A4118236D
:10AB30000340183B5C4263419A4201D009235840CC
:10AB4000C90603D5030701D51823984330BDC04675
:10AB5000161300200020704700207047FEE7030016
:10AB6000DA680800511C10B5D96019698A4204D20C
:10AB70001C68002C02D05968A04710BD9B689854EF
:10AB8000FBE7000010B5024B1B68984710BDC0469C
:10AB9000C40E0020F7B51E00C36804000093089B94
:10ABA000150001919B070DD0002D0DD1089B9B072F
:10ABB00015D4F7BD20212000FFF7D1FF0137B742A0
:10ABC000F8D3F1E71700FAE7019B013D2000595D3A
:10ABD000FFF7C5FFE8E720212000FFF7C0FFE3688B
:10ABE000009A9B1AB342F6D3E3E70000F0B58FB0AA
:10ABF0001D00169C04900392002921D123051BD42B
:10AC0000302304AA1372203B9C4301310A00A3079E
:10AC100045D401231598234000283ED0002B3ED078
:10AC2000039B002B02D10C331C4202D0159B013B2D
:10AC300015930A0030232AE0102DE7D1AC43E5E755
:10AC40006123A20600D541230E000027DBB20A3B98
:10AC5000059329003000F7F7A5F8059BCAB2D31871
:10AC60008446DBB2092901D83032D3B2082004AAC5
:10AC70001218791CD355B542C8D82029C6D00F0068
:10AC80006646E6E7082604A8801983540132159821
:10AC9000904204D9202AF5D101E0002BC9D13023FC
:10ACA00004E0082604A880198354013214989042C5
:10ACB00001D9202AF5D1082D03D1914201D21023C8
:10ACC0009C432C4B1C423AD0230522D4002A20D08E
:10ACD000149B934202D0159B93421AD1914202D207
:10ACE000013A002A15D0244BEB40DB071FD59142D7
:10ACF0003DD2013A102D12D1A3062CD4202A10D116
:10AD00002022159B0498009406A9FFF743FF0FB07B
:10AD1000F0BD102DF0D0022D09D1202AF0D06223F1
:10AD200000E07823082004A909188B540132202A56
:10AD3000E6D00820302304A909188B540132202AB8
:10AD4000DED0039B002B0AD02D23082004A909186C
:10AD50008B540132D5E75823202AE3D1D0E763078B
:10AD600001D52B23F1E72307CBD52023EDE7102DC9
:10AD7000D3D1C1E710200000040001007FB52A4AAA
:10AD8000030CDBB2D45C050AEDB223002100019074
:10AD9000002D2DD0062001AB1E78FF217043F7F760
:10ADA00005F85522524242437600B2180326564314
:10ADB000FF21F6B232008E1B4B1B6A437543121201
:10ADC0002D128A1A491B6343624361431B121212FC
:10ADD0000912DBB2D2B2C9B2062820D8F7F70AF9B5
:10ADE000040613161A1F040022000C002100140090
:10ADF000FF22200011401040090213401B040843A9
:10AE0000184304B070BD1A000B00EFE711001A00E0
:10AE10002300EAE722001C0013000A00E6E7110005
:10AE200022001C00F0E7C046822B0100010030B573
:10AE3000C0B2012916D9F723FF225B01994202D83B
:10AE40004A090832D2B20124A01840100500454337
:10AE5000ADB2C3B2A94206D2013BDAB29442F3D9F1
:10AE6000013CE0B230BDFF28FCD00133DCB2F5E795
:10AE7000054A064B11884B4305495B189BB2180ADB
:10AE8000C018C0B213807047C20E00200508000031
:10AE90001936000010B50400FFF7EAFF6043001206
:10AEA000C0B210BD0F21430615D40B0002000340B1
:10AEB00092060B49920F52005218517812784B4368
:10AEC0001B119B1840B2DBB2002801DA5B42DBB2F7
:10AED000803BD8B27047C343DAB20B400133E7E797
:10AEE0007A2B010010B50B00041E02D1C80FC0015F
:10AEF00010BDC11742184A4012B2D118002B0BDB0B
:10AF00009B1A5801F6F752FF2023181AC0B2002CE2
:10AF1000EEDA4042C0B2EBE74801D11AF6F746FF3D
:10AF20006023F2E71FB5040C01905008FFF7BAFF49
:10AF30000200803AE4B2D3B2120603D580235B420A
:10AF40001B1ADBB201AA1288FF2110005B0001343A
:10AF5000DBB26343120A1B12084012020B401B04AF
:10AF60001043184304B010BD1FB5030A01903031DF
:10AF7000D8B20E4B4900C95CE5234B431B121C336E
:10AF80009A1AD317D2185A40D200821A01AC131C55
:10AF9000120400D500231BB2013058430012A378DD
:10AFA000607020881B04184304B010BDC422010047
:10AFB000030C84B001903031D8B2114B4900C95C08
:10AFC000E5234B431B121C339A1AD317D2185A404D
:10AFD000D200821A131C120400D500231AB2431C9B
:10AFE000534301AA1288FF2110001B12120A0840C5
:10AFF00012020B401B041043184304B07047C046B4
:10B00000C42201007FB5040A0190E4B21000E51AE1
:10B01000FFF768FF8300C01AEDB22D18EDB20134BE
:10B020006C4301AE2412B378747030881B0418434B
:10B0300004B070BD7FB5040C051CE4B21000E61A24
:10B04000FFF750FF8300C01AFF23F6B2361818002E
:10B05000F6B20134744328402D0A1D4024122D02FB
:10B060001C40034B284324041840204304B070BD07
:10B07000FFFF00FF7FB5040A0190100008AA1578B1
:10B08000E4B25D1BFFF72EFF6519EDB22D1AEDB28C
:10B0900001346C4301AE2412B378747030881B0401
:10B0A000184304B070BD00007FB5051C040C1000EF
:10B0B00008AA1678E4B29E1BFFF714FFFF23A61917
:10B0C000F6B2361A1800F6B20134744328402D0A3D
:10B0D0001D4024122D021C40034B28432404184019
:10B0E000204304B070BDC046FFFF00FF84B001A93B
:10B0F00001908B780A7008881B04184304B07047CD
:10B100001FB5074B30314900CB5C01AC01909B1A55
:10B110002370A37820881B04184304B010BDC046D8
:10B12000C42201001FB5074B303149005B185B7822
:10B1300001AC01909B1A2370A37820881B0418434C
:10B1400004B010BDC4220100F0B5303115000E4A24
:10B150004B00D3185F7885B03E00203E019001ACD3
:10B16000C0B273B2360602D52023DB1B5BB24900A6
:10B17000525C521BD2188018A378207020881B04C0
:10B18000184305B0F0BDC046C422010084B004AA33
:10B190000190107803225A43521001A980188B782D
:10B1A000087008881B04184304B070471FB51C00C2
:10B1B00001904BB2080601D549424BB23820C01A63
:10B1C00080B292B252434043801880B2FFF72EFE05
:10B1D0000323434301AAE4181470937810881B04D6
:10B1E000184304B010BD30B585B0019010001D00AB
:10B1F000FFF778FE01AC4019A378207020881B046B
:10B20000184305B030BD30B585B00190100008AAD4
:10B21000147801AD1C1BFFF765FEE4B2241AAB786D
:10B220002C7028881B04184305B030BD7FB50D4D28
:10B2300030335B00EE185B5D7678703B59437F23BB
:10B24000203E72435118CA171A405218D21101AC4D
:10B2500001901218A378227020881B04184304B0B0
:10B2600070BDC046C42201007FB50D4D30335B0078
:10B27000EE185B5D7678703B59433F23203E724366
:10B280005118CA171A405218921101AC01901218A5
:10B29000A378227020881B04184304B070BDC046F8
:10B2A000C42201007FB5134D30335B00EE18767871
:10B2B0000190203E72435E5D01AC3500703DC0B22E
:10B2C0006BB22D0602D570239B1B5BB23825EB1A9F
:10B2D000594303238A187F215343DA170A40D218AF
:10B2E000D2118018A378207020881B04184304B062
:10B2F00070BDC046C42201000C4B3031490084B0FF
:10B3000001905818C95C03234078091A4B43DBB2FB
:10B31000991AC9B2202801D9D218D1B201AA9378BA
:10B32000117010881B04184304B07047C422010038
:10B3300030B585B00190C4B25008FFF7B3FD0200EC
:10B34000803A01ADD3B2120603D580235B421B1AAB
:10B35000DBB20D225B00DBB253431B12E4182C70EE
:10B36000AB7828881B04184305B030BD7FB50E00AC
:10B37000041C01901000FFF795FD30360E4B76004F
:10B38000F35C01ADC018C0B20200803AE4B2D3B29F
:10B39000120603D580235B421B1ADBB20D225B0031
:10B3A000DBB253431B12E4182C70AB7828881B04C3
:10B3B000184304B070BDC046C422010030B50C4B28
:10B3C00030314900CD5C85B0AB1A019001ACC0B200
:10B3D000D9B21B0601D5521BD1B219234B431B1204
:10B3E000C0182070A37820881B04184305B030BD16
:10B3F000C42201001FB501900520434306AA12880C
:10B4000001A9D3181A1C9BB2FF2B00D9FF22D343EA
:10B410008A78DBB29B181C1CFF2B00D9FF240A88FA
:10B42000FF231000120A1840120223401B0410438D
:10B43000184304B010BD30B585B0019008A800884D
:10B440001B18C81709184140D0171218424009B2FA
:10B450009BB292B20901FF2900DDFF2112B2120155
:10B46000FF2A00DDFF220C1C15B209B201A8A94277
:10B4700000DD141C1B191A1C9BB2FF2B00D9FF22E4
:10B48000D3438278DBB29B18191CFF2B00D9FF2114
:10B490000288FF231000120A184012020B401B04FE
:10B4A0001043184305B030BD7FB5050C160008AA3F
:10B4B00001901288E8B201ACFF25482B06D8D31AB8
:10B4C0001A1C9BB2AB4200D92A1C95B2083189B232
:10B4D000102905D9330008339BB2102B00D9FF2562
:10B4E0000321ED430C4BF2170A405B78921992103E
:10B4F000EDB2D21840192270011CFF2800D9FF219B
:10B500002288FF231000120A184012020B401B046D
:10B510001043184304B070BD1819002084B004AA69
:10B5200012880190D21A131C92B2FF2A00D9FF236D
:10B53000DBB2D94301AA9078C9B24018011CFF2898
:10B5400000D9FF2110781B1813701288FF231000F8
:10B55000120A184012020B401B041043184304B097
:10B5600070471FB506AA128801A9D31A1A1C9BB2EC
:10B570000190FF2B00D9FF22D3438A78DBB29B18BE
:10B580001C1CFF2B00D9FF240A88FF231000120A7D
:10B590001840120223401B041043184304B010BD8E
:10B5A0001FB53C23FF334B43154A01901168040C2F
:10B5B000C918144B89B21879E4B2C0080130484365
:10B5C0000012C0B2FFF76EFC0200803AD3B212063E
:10B5D00003D580235B421B1ADBB201AA1288FF212C
:10B5E00010005B000134DBB26343120A1B120840F7
:10B5F00012020B401B041043184304B010BDC04698
:10B60000B83100201819002010B5F9F727F910BD3E
:10B6100010B5F9F785F910BD0D23584382B0C0B2BB
:10B6200001AA1070C018031CC0B2402800D94023E2
:10B630001078DBB21B02184302B07047B5234343B6
:10B6400098B2002B07DA803B1BB2D817C0B2C018E3
:10B65000001240B27047803080B2F9E710B50D4B50
:10B6600014201B78DA0712D400189A070FD4283058
:10B670005B070CD4084B48381B78002B07D04830A8
:10B680001D2B04D81E215843F6F790FB80B2C0B2A0
:10B6900010BDC046FC120020FE12002010B501248F
:10B6A000104B02211B78234215D104220B4210D1EA
:10B6B000134214D10C4B187800280ED027280ED82E
:10B6C000C0002631F6F772FB02002000002A01D0EC
:10B6D00092B2D0B210BD0A00FBE72200F9E70822BF
:10B6E000F7E7C046FC120020FD120020014B5878FD
:10B6F0007047C0465C0C002010B5084B08499A8B77
:10B700000C68084B90B2944204D980241A686402F1
:10B7100012191A601B680860C01810BD183200208A
:10B72000C02D0020BC2D00200023F0B5394C743012
:10B7300085B06360C178827809020A43090A032947
:10B740001FD00DD801295ED01800022901D132483E
:10B750005B3360602360002800D0200005B0F0BD9E
:10B7600042790579120218002A43212944D022295E
:10B77000EFD1022AEDD8294B9100C858284B9B5C89
:10B78000E7E7D2B21800032AE3D81000F6F732FC3C
:10B790003E02050812232348DBE716232248D8E798
:10B7A000224B1E78002E24D1012231001A706846E7
:10B7B0000F32F6F7F9F96D4631001D4B4A10AA5CBD
:10B7C0001C481709C75D4E009E19B7700027BC467C
:10B7D000F7700F374E1C3A40825C76009E19B270AB
:10B7E00062460231F2702029E8D142321A703F3AA3
:10B7F0005A700F480378ACE7022AAAD80E4B920081
:10B80000D0580923A5E712230C48A2E704230C48CB
:10B810009FE7C046B42D0020F02A0100602B0100F4
:10B820005D2B0100D82A0100C02A01006E2D0020E6
:10B830006F2D0020AF2A01006C2B01004B2B010063
:10B84000EC2A0100030072B60169426900209142AE
:10B850000BD1DA68824208D01A6F74331B7801303A
:10B860009840138918404342584162B6704700001F
:10B870000368002B07D091001960511E8A41024BCA
:10B8800019780A431A707047103200200368181E96
:10B8900002D018688008C0B2704700000368002B0F
:10B8A00001D10020704772B603681A68998862B6A1
:10B8B000002AF6D00020044B9B8B5B1A9BB293426C
:10B8C0004041C0B2EEE7C046183200204B1E072BA5
:10B8D0000BD889000B58002B07D091001960511E1E
:10B8E0008A41024B19780A431A70704710320020BF
:10B8F00003000020082906D88900CB58181E02D062
:10B9000018688008C0B27047082901D90020704724
:10B91000890040180368002BF8D072B603681A68D3
:10B92000998862B6002AF1D00020044B9B8B5B1AE9
:10B930009BB293424041C0B2E9E7C04618320020B2
:10B940000A4BC2B29A730122002805D1597C1142D8
:10B9500001D0987DC0B27047197D00201142FAD005
:10B960009A7DD87D00028018F5E7C0460038024075
:10B97000036881689A6852189A60426813605A6036
:10B98000002301220360024B52429A617047C04675
:10B9900018320020036910B51960C268013AC2600C
:10B9A000C2699B1882690361934201D3436A0361B0
:10B9B00000238362036B002B00D0984710BD00006A
:10B9C000F0B501268E40002745891C00354345818E
:10B9D0008D1CAD00401940681425806982600360A9
:10B9E0004760C7607F2001404D431548401905005E
:10B9F000B8352D78BD420AD0124DAE7BA973F6B290
:10BA0000BB4205D1B94201D10F4B1970AE73F0BDE5
:10BA1000002AFCD0BC239C46844463461A60020082
:10BA2000C430C03214600760002903D10322064BE2
:10BA30001A70EBE701238B40044ADBB21370E5E791
:10BA4000202F002000380240182D002082380240AC
:10BA50000300006F10B50278042A13D11A00743263
:10BA6000117801228A40448922420BD11A695C690B
:10BA7000A24202D1DC68002C04D1DB690432043B11
:10BA8000FFF79EFF10BD10B5406BFFF7E1FF10BD43
:10BA90008022074B07491B6852048868D21A064B5C
:10BAA00003438B608B681B021B0A9A42FAD37047D0
:10BAB000102D002010E000E0FFFFFF000C4B10B540
:10BAC00018680C49F6F7E8F80B4C0C4B20605968E5
:10BAD0000B4A0A435A609A68120E12069A600422B0
:10BAE00019680A431A60012219680A431A6010BDD6
:10BAF000F42E0020A0860100102D002010E000E0B0
:10BB0000FFFFFF00F0B5304B87B007001878FFF754
:10BB100083FDC4B2250002AB18802C4B30351A7956
:10BB20002B4B52081B6801329BB253431B12DBB2F2
:10BB30000093284B86B26D00360AED18E3B29E42A0
:10BB400006D83F230020B3424041C0B207B0F0BD49
:10BB5000214A1D4B125D5B78134231D06A781F4831
:10BB6000203A13B20193194B29785B7870399C46BF
:10BB70006246437880781B021343000409B2019A9D
:10BB80001843009BB84703AB02041870120E000262
:10BB90005A70000E98701B8804AA13809070049845
:10BBA000FFF7ECF80204030205A9120E1B0E087041
:10BBB0004A708B70D2B2C1B2DBB22000FFF724FD15
:10BBC00002350134BAE7C046E00E00201819002003
:10BBD000B8310020C4220100A4230100191900205B
:10BBE000F0B5354B8BB005901878FFF715FDC4B252
:10BBF000270083B21B0A06AA0393304B10801A79E0
:10BC00002F4B52081B6801329BB253431B12DBB20D
:10BC1000049330372B4B7F00FF18039AE3B29A420C
:10BC200006D83F23002093424041C0B20BB0F0BD84
:10BC3000254A214B125D5B7813423AD03D787E78DD
:10BC4000703D203EADB2B6B2280033006843734366
:10BC5000C01880B2FFF7EAF832B2049E29B203009E
:10BC6000164D1A4800966E78457880782D02354337
:10BC700000042843059DA84707AB02041870120E64
:10BC800000025A70000E98701B8808AA13809070EA
:10BC90000898FFF773F80204030209A9120E1B0E9D
:10BCA00008704A708B70D2B2C1B2DBB22000FFF7CD
:10BCB000ABFC02370134B0E7E00E00201819002079
:10BCC000B8310020C4220100A4230100191900206A
:10BCD000F0B52B4B89B007001878FFF79DFC294B76
:10BCE000294A1B7915689B080133ADB25D432D12BB
:10BCF000EDB286B2C4B228004030C0B2FFF7D2F82D
:10BD0000803843B228000293FFF7CCF8803843B262
:10BD1000360A0393E3B29E4206D83F230020B34283
:10BD20004041C0B209B0F0BD1849154A095D5278CA
:10BD30000A4222D01649134A009550784A781202D6
:10BD400002438878029900041043039AB84702041A
:10BD500005AB120E18705A701B88000206AA000E5E
:10BD6000138090700698FFF709F802040302C1B22D
:10BD7000120E20001B0EFFF747FC0134CAE7C04635
:10BD8000E00E002018190020B8310020A423010083
:10BD900019190020F7B5104B104A5B78825C04003B
:10BDA000134217D00E4B03205D789F78DE78FFF7A3
:10BDB00071F86B4640012D1A1D705F709E700098DF
:10BDC000FEF7DCFF02040302C1B2120E20001B0EBC
:10BDD000FFF71AFCF7BDC046E00E0020A4230100C7
:10BDE0001819002037B5104B104A5B78825C0400AC
:10BDF000134217D0FFF73CF805008020FFF74AF800
:10BE00000B4B7F30DA786B469A701D705870009833
:10BE1000FEF7B4FF02040302C1B2120E20001B0E93
:10BE2000FFF7F2FB37BDC046E00E0020A42301005F
:10BE300018190020F0B54E4B8FB007901878099173
:10BE4000FFF7EAFB83B21B0A06934A4BC7B21B7883
:10BE50000AAA08933B0010803033474A5B009B18C6
:10BE6000069A0493FBB29A4206D83F2300209342DD
:10BE70004041C0B20FB0F0BD404A3D4BD25D5B784F
:10BE800013422FD0002403223D490BA8F5F778FD7B
:10BE9000079B079A0293374BD3180393039B089A87
:10BEA000013303936B461B7A9A421FD8354B0BAA7A
:10BEB000DB7801335C432412947012880CAB1A8037
:10BEC0009C700C98FEF75AFF020403020DA9120E93
:10BED0001B0E08704A708B70D2B2C1B2DBB2380050
:10BEE000FFF792FB049B01370233B9E7049B1D78EF
:10BEF000039B1B78ED1AABB20593049B05985E7803
:10BF0000039B40431B7AF61AB6B233007343C01842
:10BF100080B2FEF78BFF1B4A030012790132111C1D
:10BF2000FF2A00D9FF210298124A0C304000121853
:10BF3000507892780131120289B202434A4369462D
:10BF40000BAD1212AC7090B21424095F32B2099C8E
:10BF500000900B98A04703041B0E6B70029B040219
:10BF6000240E0133AC702870E4B2029396E7C04609
:10BF7000E00E002086310020C4220100A42301002D
:10BF80001919002018190020F7B51A4B1A4A5B78C6
:10BF9000825C050013422BD0184B194A5F789E78BB
:10BFA000DC781B791068DB08013380B2584300123B
:10BFB000C0B2FEF777FF0200803AD3B2120603D573
:10BFC00080235B421B1ADBB26A465B00DBB20134A2
:10BFD0005C4324121770567094700098FEF7CEFEE2
:10BFE00002040302C1B2120E28001B0EFFF70CFB65
:10BFF000F7BDC046E00E0020A42301001819002060
:10C00000B8310020F0B51E4A1E4B825C5B780500FB
:10C0100085B0134231D01C4BDA785F789E7801925C
:10C020001A4A1B791068DB08013380B258430012AA
:10C03000C0B2FEF737FF0300803BDCB21B0603D51E
:10C0400080246442241AE4B21F20FEF723FF640018
:10C05000E3B2019C02AA01345C43801924121770D8
:10C06000507094700298FEF789FE02040302C1B278
:10C07000120E28001B0EFFF7C7FA05B0F0BDC04630
:10C08000A4230100E00E002018190020B831002080
:10C09000F0B51E4A1E4B825C5B78050085B01342EA
:10C0A00031D01C4BDA785F789E7801921A4A1B795E
:10C0B0001068DB08013380B258430012C0B2FEF7AB
:10C0C000F1FE0300803BDCB21B0603D580246442F2
:10C0D000241AE4B21F20FEF7DDFE6400E3B2019CE7
:10C0E00002AA01345C43C019241210705670947077
:10C0F0000298FEF743FE02040302C1B2120E2800AA
:10C100001B0EFFF781FA05B0F0BDC046A423010065
:10C11000E00E002018190020B8310020F0B5234FA0
:10C1200087B006003878FFF777FA214B85B21A7985
:10C13000204B92081B6802329BB253431B12DBB2A6
:10C140002D0A0193C4B2E1B28D4206D83F230020EC
:10C15000AB424041C0B207B0F0BD174B7A781B5DCF
:10C160001A4220D0154A124B587853781B020343C9
:10C170009078019A00041843B047020403AB120EF2
:10C1800018705A701B88000204AA000E1380907069
:10C190000498FEF7F3FD02040302C1B2120E200060
:10C1A0001B0EFFF731FA0134CDE7C046E00E002048
:10C1B00018190020B8310020A4230100191900200B
:10C1C000F0B507000D0014008BB02978002911D1BB
:10C1D0003B68002B0BD13A69002A08D0B9680029C6
:10C1E00005D0FB68934200D3531E0022CA54F8685E
:10C1F0000BB0F0BD0020013525290AD03800FEF72C
:10C20000AEFCE2E72D2B1CD0302B22D12F3B1500AA
:10C2100018432B786A1C2B2B15D0F3D8202B14D065
:10C22000232B14D0002104912A2B1FD108CC049376
:10C230008B4204DA02231843049B5B4204931500EB
:10C2400014E00223E3E70423E1E70823DFE71023F8
:10C25000DDE71E000021303E04910A31092EE1D8AD
:10C260002A786E1C1300303B092B0FD900222B7843
:10C2700005922E2B29D18022120110436A786B1C63
:10C2800011003039092916D80A260CE0049B350024
:10C290004B43303BD3180493E2E7059B7343303B99
:10C2A000D31805932B001A785D1C11003039092929
:10C2B000F3D91D0009E02A2AFBD108CC02350593E9
:10C2C000DB43059ADB171A4005922B786A1C6C2B0E
:10C2D0001FD017D8682B24D06A2B2BD02978013592
:10C2E00078298BD8632928D8622973D0632900D193
:10C2F00098E0252982D0582900D07FE720231843D1
:10C30000103B4AE0742B01D07A2BE7D180239B00AD
:10C310000BE06B786C2BF9D1C023DB00184302359E
:10C32000DCE76B78682B03D0802315001843D5E732
:10C33000C023F3E78023DB00F7E70B000126643B13
:10C34000DBB29E4032007F4B1A401E4213D173294C
:10C3500000D18FE0702900D050E77B4B02CC034323
:10C36000002900D0E4E0009305220A233800774931
:10C37000FEF710FC29E7642901D0692906D1802342
:10C38000DB01184310239843063B06E008236F297E
:10C3900003D0F7D9DB187829F4D1020501D50122A1
:10C3A00090438022D200024041041DD5002A00D0D3
:10C3B0000BE7216882050FD502900498CE170190F3
:10C3C0000598CA0F8919714000903800FEF70EFCDD
:10C3D0000434FAE60223E0E7420601D549B2EBE76E
:10C3E0000206E9D509B2E7E7002A00D0EDE60C2104
:10C3F00006008E43810506D50499029601910599A0
:10C4000000912168E1E72168420607D5C9B2049A84
:10C4100002960192059A00920022D6E70006F6D510
:10C4200089B2F4E7022302001A400126059218425D
:10C430000DD1059E03E020213800FEF790FB049B00
:10C440000136B342F7D80226002B00D05E1C02CC86
:10C450003800C9B2FEF783FB059B002B00D1B4E680
:10C46000049BB34200D8B0E620213800FEF777FBEA
:10C470000136F5E7230004CB06920793002A08D182
:10C480000090062238003249049BFEF783FB079C8C
:10C490009BE6059B002B00D12E4B069A1400D31867
:10C4A0002278002A01D09C4214D1069B0200E41A93
:10C4B00080231B011A400892184203D0059B9C421E
:10C4C00000D91C00022302001A400992184212D11E
:10C4D000260006E00134E3E720213800FEF73FFBA9
:10C4E0000136049BB342F7D8049A0023A24200D33A
:10C4F000131B01341C19069E03E038000136FEF7B9
:10C500002EFB3178002907D0089B002BF5D0069B25
:10C51000059A9B189E42F0D1099B002BB7D0049B33
:10C52000A342B4D920213800FEF719FB0134F6E705
:10C5300002930A230193059B380000931023FEF712
:10C5400055FB42E6210812000120000026210100CF
:10C550001F210100FFFFFF7FF8B507000020104CEE
:10C560000D00A67BA073F6B2FFF7EAF9002811D000
:10C5700080B2031CA84200D92B1C002209499BB29F
:10C580009A4209D36C22237D93432375237D6B3A12
:10C5900093432375A673F8BD0878B8540132EFE7CA
:10C5A000003802402038024010B50A4B9A7B98733D
:10C5B000D2B2002806D010219873587C01435974D8
:10C5C0009A7310BD072404490C7098736021587C3D
:10C5D000F4E7C04600380240182D00207F23F0B554
:10C5E0001840002901D1002A0FD104261E4B9C7B44
:10C5F00098735D7CE4B2354202D05D7CB5435D74D6
:10C6000001265D7C354201D09C73F0BD002A03D128
:10C610005A7C32435A74F7E79D7B9873EDB2002839
:10C6200007D15E7CB6070DD59D730122597C0A4364
:10C63000F0E75F7C3742F7D11F7C9D73FEB2002F7D
:10C64000F3D001E040269D73084D80004019151C71
:10C65000B24200D9351C0022ADB28E5C01320670A8
:10C660009542FAD8E1E7C04600380240203802403F
:10C67000F7B5274B7F250193142305406B430091A9
:10C680000199CB1818002C30007800280BD0214CD1
:10C690000120A67BA573677CF6B2390001408C4669
:10C6A000074201D0A673F7BD07000099AF40196398
:10C6B000614699631849FFB25A630F70002A0FD17F
:10C6C000002D0BD1019BDA8C144B002A04D10432CB
:10C6D0001A700A236374E5E70622F9E76074E1E75C
:10C6E00000990029DFD01F8D974200D9170028003C
:10C6F0000099BAB2FFF772FF0123002DEAD1074A71
:10C700001370034B1B8D9F42E3D30223E2E7C04625
:10C71000202F00200038024080380240182D0020D1
:10C7200070B5040008000125854011001A00238916
:10C730002B432381831C9B00E418636800245B69FE
:10C7400099601A605C60DC60FFF792FF70BD436B1C
:10C7500010B5186F0278042A11D11A0074321178BA
:10C7600001228A400489224209D15A691C699442F3
:10C7700002D1DB68002B02D108CAFFF7D1FF10BD40
:10C7800010B50F24054A11784B1C2340044C247823
:10C790009C4202D0034C1370605410BDAD30002099
:10C7A000AC3000209C300020054B02381B78414201
:10C7B0004841023B59424B41024A184010707047B1
:10C7C000640C00200929002010B57430C3790A498F
:10C7D00084791B020A782343022B0AD1012A01D053
:10C7E000062A05D1054B4A78D8785A70FFF7DCFF46
:10C7F00010BD024BF8E7C0466C2D00205C0C0020F9
:10C8000070B504007F237434217805000B40212B80
:10C8100000D08DE04BB2002B49DA6378022B2ED08A
:10C82000032B20D0012B42D12379022B01D90020E8
:10C8300070BDA1780829FAD8514AD25C022AF6D8EC
:10C84000902353434F4A9B58002BF0D04E4C5E68C8
:10C8500018682200B0474D4BAB66A36C0022EB6614
:10C860002A670120E4E76279237912021A431ED174
:10C870004749484B8978836619700123EFE723798C
:10C88000022BD4D8A1780829D1D83D4AD25C022AFB
:10C89000CDD8902353433B4A9B58002BC7D05A69AD
:10C8A000186890473C4B1870AB660123D6E7637855
:10C8B0000A2B1ED00B2B0CD0092B39D1627923798E
:10C8C00012021A4302239A4332D1344AAA66344AE6
:10C8D000C5E7637922791B02134307D1A2782C4B59
:10C8E000511E8A41D8789A70FFF75EFF0023AB662D
:10C8F000B4E7274BE678D8781E70FFF755FF237909
:10C90000022B00D993E7A178082900D98FE71C4AA8
:10C91000D25C022A00D98AE790235343194A9B58D4
:10C92000002B00D183E732001C691868A047DDE7BF
:10C93000602300269943812913D16378062B10D1F7
:10C940006379227968681B02A1781343E27844680E
:10C950002800A047B04200D169E74368AB6603688E
:10C960007CE7D82464000F4B9B59002B03D19036F1
:10C97000A642F8D15BE7280098470028F7D070E777
:10C98000AC2A0100740F00201C2D0020222D002055
:10C990005C0C0020692D0020682D00206C2D0020EB
:10C9A000C9C700006C0F0020006810B5002806D031
:10C9B000034B9B8B826483800630F4F7E1FF10BD4C
:10C9C000183200200168130010B5002905D08A6CC8
:10C9D000981D9A640631F4F7D3FF10BD0B7810B59B
:10C9E000082B0AD89B001858002806D0034B9B8BB5
:10C9F000826483800630F4F7C3FF10BD1832002034
:10CA0000030010B51000082909D88900C958002969
:10CA100005D08A6C063182640630F4F7B1FF10BD90
:10CA200010B50A4C23699A6891420CD85A68816003
:10CA30000360426010609A685860521A9A6001233D
:10CA40005B42A36110BD1B68891AECE71832002015
:10CA500010B572B6FEF750FE094C2368002B02D0C9
:10CA60002000FEF785FF80210023064A20000902EE
:10CA70002361E2606361FFF7D3FF62B610BDC04679
:10CA80007430002051CA00000023826803750369D6
:10CA90001B6899689142FBD25A680360426010603B
:10CAA000586070470300006810B5834206D00268E2
:10CAB0001A60536000238361FFF7E6FF10BDF8B5ED
:10CAC0000B0009339B00C3185C6805000E00002CA6
:10CAD00054D072B62300002288331A706769226925
:10CAE000BA4202D1E368002B27D1B31C9B00EB189C
:10CAF0005B685B691B68002B1FD023008C331868B0
:10CB000000280BD0BA4204D10022E36811009342FE
:10CB100001D1390004C9836800689847E368E26975
:10CB20000133E36063699B18A2696361934201D397
:10CB3000636A63612000FFF7B5FF6269236993426E
:10CB400016D1E368002B13D0B31C9B00EB185B6875
:10CB50001A68022A11D15A69116800290DD01A8A5F
:10CB60000B00013A1340114207D12A00743200E051
:10CB700008CA31002800FFF7D3FD62B6F8BD0B00EC
:10CB800011339B0010B51C58002C26D072B6023110
:10CB90008900401843689B695B68002B19D023000B
:10CBA00074331B78226F02339B00D3185B689B6938
:10CBB0005A6823691A60E2680132E260E2699B18F0
:10CBC000A2692361934201D3636A23612000FFF7C6
:10CBD00069FF2000FEF73CFF62B610BD10B572B6CB
:10CBE000087D052807D8F5F705FA0C060603120E8E
:10CBF00000228B691A6001235B4208008B61FFF7FA
:10CC000043FF62B610BD8A699368013393604A6836
:10CC10000B6813605A60EEE70300006810B5002847
:10CC200004D000221A608161FFF72EFF10BD70B59D
:10CC3000022504006D422068844200D170BD036863
:10CC400023605C608561FFF71FFFF4E7036A10B59E
:10CC5000C360436A4361036100238362C362FFF7D9
:10CC6000E6FF10BD10B50B4B9A7B9873D2B200282B
:10CC700006D020219873187D014319759A7310BD51
:10CC8000072405490C7060219873587C014359743E
:10CC9000F4E7C04600380240182D0020F0B5060029
:10CCA00064363378040085B0002B01D00023337044
:10CCB000230027007433B84A7C370093117801327F
:10CCC000197001339F42F9D163689B68002B17D11B
:10CCD000009B60211A7815000D400A4231D00020D7
:10CCE000FFF762FC0020FFF7BDFF63681B68002BA5
:10CCF00002D00621200098470623337005B0F0BD0E
:10CD0000200098470028E3D023007A331A785B7814
:10CD1000E16E1B021343994201D91900E366009B9F
:10CD20001B787F2B00D87BE1002900D16EE109231D
:10CD3000337072B60021E36EA26E2000FFF7F0FCA4
:10CD40006CE123007F2075331B7802401B021343E4
:10CD5000924A934200D141E124D88022520093426A
:10CD600054D00DD8012B4BD0022B00D1C4E0002BA6
:10CD7000B5D122007C32A2660222E2662367C3E7B5
:10CD800081225200934200D1E4E0FF32FF3293420D
:10CD9000A5D1230076331B78012BA0D13A8801332B
:10CDA00013433CE08022120193425DD020D8A022A0
:10CDB000D200934238D07A4A9B18012B00D98EE7D3
:10CDC000230078331A785B7821001B02134322007A
:10CDD0006068763277314768127820000978B84762
:10CDE000002800D17BE74368A3660368E36619E087
:10CDF0009022120193423CD06A4A934200D06EE7DF
:10CE0000694BA3660223E3660023B7E7230076336A
:10CE10001B78012B00D062E702223B8893433B80C2
:10CE2000A566E56625676FE7009A12889A4213D1D6
:10CE3000230076331A785D491A720395039B8B425F
:10CE40000ED95B4B1A7063681B68002B02D001215E
:10CE500020009847032323700023A366E3668DE731
:10CE6000039B01330393E9E723007F33A366012388
:10CE7000BCE72378042B2DD172B64E4AA368250057
:10CE80001340A36023002C33103501932F68002F2B
:10CE90000FD07869002804D002210C304942FFF7F6
:10CEA000BBFEB869002804D002210C304942FFF7CC
:10CEB000B3FE0023019A08C59542E7D162B622006D
:10CEC00003217F321370636821701B68002B01D02F
:10CED00020009847230076331B78002BBCD022001B
:10CEE0007F3213700423237063681B68002BB3D058
:10CEF000022120009847AFE723000F221421783346
:10CF000018782D4B0240514340B25B18002811DACB
:10CF10002C331B78002B00D1E1E6254B9A735B7C08
:10CF2000002A03D19B0603D5244B6AE7DB06FBD41A
:10CF3000234B66E7B8331B78002B00D1CFE61C4BA0
:10CF400020219A73002A03D15B7C0B42F0D0EBE7DF
:10CF50001B7DFAE7230076331B78002B00D0BEE65A
:10CF6000230078331B780F2218001040134200D1A1
:10CF700072E75AB20E4B002A24DA9A7B98739873A0
:10CF80003020597CD2B2814359744021587C0143EE
:10CF900059749A7360E7C046402F002002030000D6
:10CFA00000FAFFFF020C0000292A01000E270000F2
:10CFB0000038024001000100202F0020272A010034
:10CFC000252A01009A7B98739873187DD2B2884302
:10CFD00018758020197D01431975DAE7230076332F
:10CFE0001B78002B00D07AE6230078331B780F22C1
:10CFF00018001040134200D12EE75BB2002B02DA7A
:10D00000FFF7D2FA28E7FFF72DFE25E71423337048
:10D0100072B60B000A002000FEF7D2FC62B66DE685
:10D02000002906D01523337072B60021E36EA26E7C
:10D03000F1E70B23337072B60B000A007DE6C046A1
:10D0400070B5050064350400287800283AD0063809
:10D05000C3B20F2B2ED80F282CD8F4F7CBFF332BCD
:10D060002B08212C2B2B2B2B2B2B2B2B333323005F
:10D070007A331A785B78E06E1B02134398420FD222
:10D08000E368198AF4F78EFE002909D172B60B0005
:10D090000A002000FFF744FB62B60A232B7009E068
:10D0A00014232B7072B6002320001A001900FEF71B
:10D0B00087FC62B670BD236F002B01D0200098471B
:10D0C0000023EBE70020FFF76FFA0020FFF7CAFD0F
:10D0D00063681B68002B02D00621200098470623B6
:10D0E000DCE770B5050064352B780400142B24D0E0
:10D0F00017D8062B06D002D8002B03D070BD093BF1
:10D10000022BFBD80020FFF74FFA0020FFF7AAFD03
:10D1100063681B68002B02D0062120009847062375
:10D1200015E0152BEAD10A3B2B7072B600231A00CA
:10D130001900FFF7F5FA62B6E0E7C3689B695B6820
:10D14000002BDBD1036F002B00D0984700232B70FE
:10D15000D4E713B56B46DC1D00230100012220003B
:10D160002370F8F7D7FE207816BD37B52A20FFF7D1
:10D17000F0FF05002B20FFF7ECFF04002C20FFF749
:10D18000E8FF0023262D04D1102C02D10938434298
:10D19000434118003EBD10B52D20FFF7DAFF10BD4A
:10D1A000036810B50400002B08D09A6C981D00216C
:10D1B000F4F7FAFC002223681A609A8010BD70B55B
:10D1C0000500040024352368002B08D09A6C981DB4
:10D1D0000021F4F7E9FC002223681A609A800434E5
:10D1E000AC42F0D170BD0000F0B58E0086195069D8
:10D1F00085B00C001500F260002803D01422002135
:10D20000F4F7D2FCA869002803D014220021F4F717
:10D21000CBFC002C12D140215E4B5F4A18001180DC
:10D220001A001985B632190014700122B8302A315B
:10D230002C3302700C701A7005B0F0BD7F212140B4
:10D240000629F9D8F468236800930323009A134051
:10D250005A1E022A00D99AE01B02013BFF3B4F4AAB
:10D260000193937BDBB202939173A3699C46181ED2
:10D270002AD014234B434748658AC0180300B433AF
:10D280001D8006000323009FB6361F40377001271C
:10D29000B8300770E8B29173D074019B507D5E4244
:10D2A0005E41B6013043802603235075107D304324
:10D2B00010753800984080B2854204D90133102B94
:10D2C000F7D1002318009BB26669002E28D01423E2
:10D2D0004B433048009FC018050003232A351F40E8
:10D2E000248A2F70012704852C300770E0B29173D7
:10D2F0001074019B957C58425841800105434020A1
:10D3000003239574557C284350743800984080B2AC
:10D31000844204D90133102BF7D1002318009BB2AB
:10D320000A2B2DD86446033B1A4D9BB2002C12D019
:10D330006C689173E708FFB29777D77F6404240F76
:10D340002743D777D47F5F013C43E4B2D4771024DE
:10D35000177D3C431475002E12D06C689173E10860
:10D36000C9B21177517F6404240F21435177517F53
:10D370005B010B43DBB253770823517C0B4353749F
:10D38000044B596840185860029B937354E7C023BC
:10D390009B0064E7202F0020D42F0020003802409B
:10D3A000080070B5052962D8F4F724FE3761033709
:10D3B000376272B60026364C2300220000257433F3
:10D3C000206F19783832FFF70FFF01362000FFF782
:10D3D0003DFC25729034032EEED12E4C2E4B2F4A5D
:10D3E0001978206FFFF700FF636A200063612361F3
:10D3F000E560A562E562FFF71AFC20002572FEF7E2
:10D4000027FB62B6264B1B78AB4202D00520FFF704
:10D41000B7F90220FFF7B4F929E0FFF7B1F972B6C6
:10D42000002501261A4C20002672FFF700FC200080
:10D43000FFF70CFC23008C331B68002B02D0DA684A
:10D440001868904701359034032DECD10123114C1D
:10D4500020002372FFF7EBFB0023626A2000E360E9
:10D4600062612261A362E362FFF7E1FB62B670BD15
:10D4700072B6074B0022190098310A7094214900B6
:10D480001A725A54034B1A7262B60520C2E7C0469C
:10D49000E80E00209C10002010110020D410002065
:10D4A00034310020002337B504000D0004220100B0
:10D4B00001A80193F8F72EFD019B9D4205D004229F
:10D4C000210001A80195F8F73DFD37BDF8B514001E
:10D4D000D31D6A46DB08DB00D31A00AF9D4605006A
:10D4E000220068460E00F8F715FD22006946280064
:10D4F000F4F7AEFB002804D0220031002800F8F732
:10D5000021FDBD46F8BD0000082210B517210348D3
:10D51000FFF7DCFF0022024B1A7010BD1819002023
:10D52000B4310020352310B5064C03220649601C97
:10D530002370F4F725FA81235B42A380FFF7E4FF11
:10D5400010BDC04618190020B81E0100F0B585B006
:10D55000102200216846F4F727FB0A269224084F80
:10D560002500102C00D9102539002A006846013EFC
:10D57000FFF7ACFF7F19641B002EF1D105B0F0BDA1
:10D58000EE030000F0B5C04B95B01A78BF4C0123F4
:10D590000190824208D12378BD4A9B0712789B0FE5
:10D5A0009B1A5A1E9341DBB2BA4DAB7063796A780D
:10D5B0009A4205D00022110010006B70FEF728F887
:10D5C000019B2D2B31D8581E2C2835D8F4F726FD79
:10D5D0003D006900C800FE002F013301350137010D
:10D5E0003B013D01410143014501470149014B0117
:10D5F0004D014F0151015301570159019001F901AA
:10D60000380270027202740276023803D6033D04B7
:10D6100049044C044E045004520454045604580463
:10D620005A045C049604FA043405019BFF2B01D1D3
:10D6300000F005FD002066E0AB78002BFAD0002258
:10D6400011001000FDF7E4FFF4E72878FDF7E4FF90
:10D6500012AB18800322611C87B2C6B213A8F4F77C
:10D660008FF91398FDF78AFB03020404C2B21B0E64
:10D670003F0A0092240E0293F3B29F4204D8002086
:10D680003F23BB4240413DE0834B6A789B5D1A4299
:10D6900005D022003000029B0099FDF7B5FF01364E
:10D6A000EAE72878FDF7B8FF83B2784F12AA1B0A81
:10D6B00010800093BA78FB787E7813AD2E706A7074
:10D6C000AB70C4B21398FDF759FB02040302C1B258
:10D6D000120E1B0E0591039204933B79F6182E70DF
:10D6E0001398FDF74BFB0126030405021B0EC7B27E
:10D6F00002932D0E009AE3B29A421DD800203F23D8
:10D7000093424041C0B2634B1A7801321A7000282C
:10D7100001D000F0A6FC0221604A11709B78002B1A
:10D7200001D000F09EFC019B002B01D000F099FC81
:10D730000333137000F095FC574B564A1B5D52782B
:10D740001A4207D0334207D02B003900029A20003A
:10D75000FDF75AFF0134CDE7049B039A0599F6E7DC
:10D760002878FDF759FF12AB1880237985B2013371
:10D770009B08A778E6782D0A0093C4B2E3B29D42D5
:10D7800004D800203F23AB424041BBE7424A414B13
:10D79000125D5B78134217D041496300CB5C00995E
:10D7A0001B094B43394913AA497857705B1813700A
:10D7B00096701398FDF7E2FA02040302C1B2120E4A
:10D7C00020001B0EFDF720FF0134D7E72878FDF776
:10D7D00023FF12AB1880237985B201339B08A77809
:10D7E000E6782D0A0093C4B2E3B29D42C9D92A4A11
:10D7F000284B125D5B78134217D02A496300CB5C3B
:10D80000009913AA4B4321495B11497857705B1863
:10D81000137096701398FDF7B1FA02040302C1B2B7
:10D82000120E20001B0EFDF7EFFE0134DCE71E4850
:10D83000FEF774FC67E71D48FAE71D48F8E71D4846
:10D84000FEF760F95FE71C48FAE71C48FEF7C8F9E5
:10D8500059E71B48FAE71B48EAE71B48E8E71B487B
:10D86000E6E71B48E4E71B48F0E71B48E8E71B48EE
:10D87000E6E71B48EAE71B48FEF72AFA43E71A489F
:10D88000FAE71A48F8E7C046E40E0020181900200D
:10D89000E30E0020E00E0020A4230100E50E00208E
:10D8A000252301002423010025AF000069AF0000FB
:10D8B000B1AF000005B0000035B0000075B0000049
:10D8C000A9B00000EDB0000001B1000025B10000DA
:10D8D00049B100008DB10000ADB10000E7B100001A
:10D8E00007B200002DB2000069B20000A5B200002E
:10D8F0002878FDF791FE12AB188087B2061C0A212A
:10D900002079F4F7C9F9BE4B02301D68C0B2ADB240
:10D9100045432D123F0AEDB2F6B2F1B28F4200D864
:10D92000ADE6B84AB84B925D5B78134224D0B74A53
:10D930007300D35C6278202B20D9A378E0781B0297
:10D94000134300042A001843FDF7D6FC02040DAB74
:10D95000120E18705A701B88000213AA000E138052
:10D9600090701398FDF70AFA02040102C3B2120E76
:10D97000090E3000FDF748FE0136CEE7A378E078C7
:10D980001B02134300042A001843FDF7B5FC0204F0
:10D990000EAB120E18705A701B88000213AA000EEC
:10D9A000138090701398FDF7E9F90204030210A99F
:10D9B000120E1B0E4A708B700870D2B2C1B2DBB26D
:10D9C000D7E72E78002E18D122791032131CFF2AA7
:10D9D00000D9FF238A4A013310689BB280B25843B2
:10D9E00000120A2180B2F4F7DDF989B2002904D1CE
:10D9F0004020FDF74FFA864B18803000FDF70CFEF3
:10DA000013AB1880AB7884B2C6B2240A002B10D1B5
:10DA10007F4D288886420ED8A0420CD2C0B2FEF7B5
:10DA2000B9F941232B8006E03000FEF7B3F9013647
:10DA3000F6B2B442F8D800203F23A342404161E649
:10DA40002E78002E17D122791032131CFF2A00D90C
:10DA5000FF2301339AB26A4B1B689BB253436D4A52
:10DA60001B1253436C4A9BB2934204D84020FDF7EB
:10DA700011FA6A4B18803000FDF7CEFD13AB188009
:10DA8000AB7884B2C6B2240A002B0ED1634D28882D
:10DA90008642D0D8A042CED2C0B2FEF7A3F9C0E7EA
:10DAA0003000FEF79FF90136F6B2B442F8D8C2E76B
:10DAB0005B48BDE65B48BBE65B48B9E65B4A504B5A
:10DAC00012681B6800209A4200D91CE6AB7883429A
:10DAD00051D12878FDF7A0FD0327C6B2774383B262
:10DAE0001B0A0093524B10AA10800293FF18009A51
:10DAF000F3B29A4272D813003F2A38D9551E032236
:10DB00005A434C49033A0298F3F798FFFDF7B0F9EE
:10DB1000800771D4FDF7ACF906008020FDF7BAF953
:10DB2000E27813AB7F309A701E7058701398FDF72F
:10DB300025F901040202090EC0B2120E0326754334
:10DB40003B4BE8545B1959709A702279374D10326B
:10DB5000131CFF2A00D9FF2311219BB259433648D9
:10DB60000912F4F723F9264B1B68C018286000201F
:10DB70003F23009AC4E5002211001000FDF748FD84
:10DB80002E4B2B4E0093FDF773F90223184221D13F
:10DB9000FDF76EF907008020FDF77CF9E27813AB02
:10DBA0007F309A701F7058701398FDF7E7F80204E1
:10DBB000030211A9120E1B0E08704A708B70C0B2BE
:10DBC000D2B2DBB2B370009B307072700336B342D6
:10DBD000D9D17EE7002002000300F3E7094B6A7801
:10DBE0009B5D1A4205D03000BB787A783978FDF712
:10DBF0000BFD033701367AE70020010002009DE7A4
:10DC0000B8310020A4230100E00E002025230100EC
:10DC1000B80E0020CDCCFFFF33330000BA0E002039
:10DC200031B300006DB30000BDB30000882E0020AA
:10DC3000C82D0020CB2D0020B80B0000882E00201E
:10DC40000323E478FF2063439F10FBB22100079376
:10DC5000F4F7ACF8C3B20693AB78C54A0592002B33
:10DC60000CD0002211001000FDF7D2FC6022002130
:10DC70000598F3F799FF0022BE4B1A700025BE4AA3
:10DC8000137801331370059B0093BC4B009EEB1877
:10DC9000039300230293B74B029A1B7813433AD1A4
:10DCA000F2F7CCFAB64B984235DC009B1C70039B14
:10DCB0001B780493FF2B0ED03078079B834237D21A
:10DCC000C01BE11B7843F4F771F8C1B20B002200CE
:10DCD0000498FDF799FC029B10360133DBB20293E6
:10DCE000039B10330393029B062BD4D1009B013579
:10DCF00001330093102DC8D19F4B06991A788A42A0
:10DD000001D100221A709B4A13780133DBB21C2B1D
:10DD100016D813708EE43378002BC8D09C42C6D935
:10DD2000954A069912788A42C1D1013B3370BEE709
:10DD300039006043F4F73AF80023C2B21900C7E78C
:10DD4000002313700522059F601E503710217B1B96
:10DD5000052A03D15E5DB44200D158551E78A64213
:10DD600001D318701C740139C9B201330029EFD1F5
:10DD7000013AD2B21035002AE8D15BE42878FDF7E9
:10DD80004BFC83B21B0A11AE308000932379013320
:10DD9000191CFF2B00D9FF217A4889B2F4F706F845
:10DDA000347885B2009BE1B2994200D3DFE6764A2F
:10DDB000764B125D5B78134236D07548754F02780A
:10DDC000013A52B2130631D52B00734A1779907875
:10DDD0000137D1783A1CFF2F00D9FF22013292B2CD
:10DDE00053431B121A1C9BB2FF2B00D9FF22D243B4
:10DDF0004123D2B25A43684B12125B78D21812AB4D
:10DE00001A70997058701298FCF7B8FF0204030258
:10DE100013A9120E1B0E08704A708B70D2B2C1B2D9
:10DE2000DBB22000FDF7F0FB0134BBE7BB5C8B42AB
:10DE300009D113000C335B00C3185E789B781B027A
:10DE400033439D42C1D8013ABCE75449504B1B783B
:10DE5000013B181C002B00DA0020C0B2FDF7EAFFDE
:10DE600051E44E490020F9E74D49EFE74C49F9E705
:10DE70004C49EBE74B49F5E74B49E7E74A49F1E7FE
:10DE80004A49E3E74949EDE72E78002E17D1227978
:10DE90000532131CFF2A00D9FF2301339AB2444BE9
:10DEA0001B689BB25343434A1B125343424A9BB2E3
:10DEB000934204D84020FCF7EDFF404B188030001F
:10DEC000FDF7AAFB13AB1880AB7884B2C6B2240A64
:10DED000002B10D1394D2888864200D9ABE5A042ED
:10DEE00000D3A8E5C0B2FEF74FF89AE53000FEF780
:10DEF0004BF80136F6B2B442F8D89CE52E78002EE5
:10DF000017D122790532131CFF2A00D9FF230133D0
:10DF10009AB2274B1B689BB25343264A1B125343AA
:10DF2000254A9BB2934204D84020FCF7B3FF244B10
:10DF300018803000FDF770FB13AB1880AB7884B20B
:10DF4000C6B2240A002B10D11D4D2888864200D964
:10DF500071E5A04200D36EE5C0B2FEF753F860E56C
:10DF60003000FEF74FF80136F6B2B442F8D862E559
:10DF70008E2E00208D2E00208C2E0020C422010029
:10DF800054555505FFFF0000A4230100E00E0020BA
:10DF9000863100209731002018190020F5B30000C9
:10DFA00037B40000A9B400001DB5000063B500003F
:10DFB000B8310020CDCCFFFF33330000BC0E002071
:10DFC000BE0E00202E78002E17D122790532131CA8
:10DFD000FF2A00D9FF2301339AB2284B1B689BB25A
:10DFE0005343274A1B125343264A9BB2934204D8F9
:10DFF0004020FCF74FFF244B18803000FDF70CFB4E
:10E0000013AB1880AB7884B2C6B2240A002B10D1AF
:10E010001D4D2888864200D90DE5A04200D30AE5AF
:10E02000C0B2FEF735F8FCE43000FEF731F80136F7
:10E03000F6B2B442F8D8FEE41448FFF7F9FB0F4BF0
:10E040001B681B059B0F022B10D0032B12D0002244
:10E05000012B08D011001420FDF7DAFA02220C4B34
:10E060001A7015B0F0BD14211000F5E7142200213C
:10E070000800F1E714221100FAE7C046B831002089
:10E08000CDCCFFFF33330000C00E0020A1B500004F
:10E09000E50E0020064B10B5D968087518680268AF
:10E0A00053601A6001220275D860F2F775F810BD4E
:10E0B0001832002070B50E4B0500DE6886B04B1C90
:10E0C00013D00C4B68460393002304960593FEF788
:10E0D000A7FC2800FFF7DEFF009B002B02D068465C
:10E0E000FDF746FCB06906B070BDFFF7D3FFF9E756
:10E0F00018320020DDCB000070B5FCF74BFCA423E8
:10E100000400DB0198424CD2A023DB01984200D3EB
:10E110009BE0DF281CD8CC2859D8A7280AD8A428E7
:10E1200000D979E0012869D0031F9BB2A02B65D9E3
:10E13000002463E00300A83B9BB21A2BF8D85834A4
:10E14000504BE4B26400E35A8824E4011C4355E0D8
:10E150008023DB01984219D28026B601B04200D359
:10E1600083E0E7284AD9F822431EFF3B9BB25201C5
:10E170009342DDD2000AC0B2FCF79EFC0500E0B27B
:10E18000FCF708FC2D02284384B237E0C0B2FCF74C
:10E1900001FCF0231B0123403B4C18430443A4B271
:10E1A0002CE0A523DB0198421DD2384B98423CD885
:10E1B000374B98420DD8374B984231D80322C4B21E
:10E1C000A3081440023AA2405B01334C13431C43A2
:10E1D000E5E70321012201408A40C3065B0F5B0192
:10E1E0002E4C1343F3E72E4B984209D81F202D4B9A
:10E1F00020409C4223D82C4C00020443201C70BDBC
:10E200002A4BC3189BB21F2B00D991E7F8230402B5
:10E210005B011C40264B99E78023243CDB01D6E7B9
:10E220001F230340234C1B0290E7032101220140DE
:10E230008A40C3065B0F5B011F4C1343C7E7FCF723
:10E240003BFC80240002A401A8E71F202040FCF72B
:10E2500033FCE3051B0F1B0202B2C00602D5FF21EF
:10E2600012010A40154C1343B1E7C004C00EFCF77D
:10E2700023FC0500E0B2FCF78DFB2D0205432E4385
:10E28000B4B2BBE77C21010000A0FFFF5F52000099
:10E290003F5200001F520000008DFFFF008CFFFF67
:10E2A000BF5200009F520000F4A0000040ADFFFFED
:10E2B000F0A00000F1A00000008AFFFF0090FFFF27
:10E2C0007FB5074B0A000193002302930393049345
:10E2D000044B010001A80593FDF772FF07B000BDD4
:10E2E00085AB0000FFFFFF7F13B56B469C1D00232D
:10E2F0000100022220002380F7F70CFE208816BDC3
:10E3000037B50D000400FEF724FFA84206D06B4687
:10E310000122D81D21000570F7F714FE37BD10B596
:10E32000FF212A20FFF7ECFFFF212B20FFF7E8FF5A
:10E33000FF212C20FFF7E4FF00212D20FFF7E0FF55
:10E34000F7F760FBFFF702F926212A20FFF7D8FF35
:10E3500010212B20FFF7D4FF09212C20FFF7D0FF3D
:10E3600010BD37B50D000400FFF7BEFFA84206D070
:10E370006B460222981D21000580F7F7E3FD37BDAB
:10E380001FB50124F7F7B8FD00201A49FFF7E9FF90
:10E3900000210220FFF7B4FF174B210003201C705F
:10E3A000FFF7AEFFA42104204901FFF7DAFFFFF7D2
:10E3B000B9F821000F20FFF775F8102200216846F8
:10E3C000F3F7F2FB220068462521FFF77FF80421CE
:10E3D0001320FFF767F8102200216846F3F7E4FBEB
:10E3E000042226216846FFF771F8FFF798FFFFF730
:10E3F0008BF81FBDE3FE000000140020024B1A78CA
:10E40000104318707047C046B43100200200080065
:10E410000C4910B50B789B0712D00123002A04D0B9
:10E420002C339A4201D81233134003240A789B00FC
:10E430002240134300220B70034B1A70FFF7DEFFDC
:10E4400010BDC04618190020E50E002070B5084C1C
:10E450000500180023789B0709D06570A170131C74
:10E46000C82A01D9034B1B78E370FFF7C7FF70BDC3
:10E470001819002008280100012310B5044A11785A
:10E480004B4013700022034B1A70FFF7B7FF10BD0B
:10E4900018190020E50E0020074B03221978080008
:10E4A0001040114201D1054A10700322197891439E
:10E4B000023A0A431A70704718190020E50E00202E
:10E4C000054B1A78920702D00021044A11700321EB
:10E4D0001A788A431A70704718190020E50E002038
:10E4E000054B10B51878800801302D2800D901207F
:10E4F0000121FFF78BFF10BD18190020064B10B546
:10E50000187880080138C0B2002800D12D300121D0
:10E51000FFF77CFF10BDC0461819002010B5044B52
:10E520005878DA78997808300123FFF78FFF10BD0B
:10E530001819002010B5054B5878DA780838997802
:10E5400080B20123FFF782FF10BDC04618190020DA
:10E5500010B507488378C2781033191CFF2B00D9F7
:10E56000FF2101234078C9B2FFF770FF10BDC046FC
:10E570001819002010B507488378C278103B191C81
:10E58000002B00DA002101234078C9B2FFF75EFFBB
:10E5900010BDC0461819002010B50748C3781033C5
:10E5A0001A1CFF2B00D9FF22817801234078D2B2B8
:10E5B000FFF74CFF10BDC0461819002010B50748E2
:10E5C000C378103B1A1C002B00DA0022817801234B
:10E5D0004078D2B2FFF73AFF10BDC04618190020AC
:10E5E00010B5064A13791033191CFF2B00D9FF21EF
:10E5F00001201171FFF702FF10BDC046181900205D
:10E6000010B5064A1379103B191C002B00DA0021C3
:10E6100001201171FFF7F2FE10BDC046181900204D
:10E6200010B5064A06495379FF3B58424341CB5C3B
:10E6300001205371FFF7E2FE10BDC04618190020FB
:10E64000782B010010B5064A06495379FF3B584222
:10E650004341CB5C01205371FFF7D0FE10BDC04693
:10E6600018190020782B010070B51D00042813D85C
:10E67000052911D80F2A0FD8C02343434C0152005B
:10E68000A418E4182000290A2E30FFF739FE2000D4
:10E69000E9B22F30FFF734FE70BD0000F8B504007A
:10E6A0000E00170005002B1B9BB2B34200D3F8BD30
:10E6B0001B190020912B03D8034BE818FEF749FDE6
:10E6C0003B1B58550135EEE7EE0300000300CD3843
:10E6D00010B5122810D8F3F78DFC0A10141A323234
:10E6E0003232323232321E23282E3C424600FCF7B0
:10E6F000B5FF1F4B4042D87010BDFCF7AFFF1C4B5D
:10E70000F9E7FCF7ABFF1A4B40429870F4E7FCF7CF
:10E71000A5FF174BF9E7FCF7C1FF154B1871EBE7A5
:10E72000FCF7BCFF124B4042F8E7FCF7B7FF104B79
:10E7300040425871E0E7FCF7B1FF0D4BF9E70122C9
:10E74000D13B9A400A4913000A0049780B435370A1
:10E75000D2E70123074A11780B431370CCE7054A2F
:10E7600002231178F8E7034A04231178F4E7C0463E
:10E77000FF120020FC120020032200B5344B9A56F1
:10E78000CD2814D1002A01DA0022DA70D9789A78DB
:10E790000A4351B2002A01D12E4A11701A795B79CD
:10E7A00013435AB2002B01D12B4B1A7000BDCE2857
:10E7B00002D1002AE8DCE9E702229A56CF2804D1E8
:10E7C000002AE3DA00229A70E0E7D02802D1002A7A
:10E7D000F8DCDBE704229A56D92804D1002AD5DDDB
:10E7E00000221A71D2E7DA2802D1002ACEDAF7E73E
:10E7F00005229A56DB2804D1002AC7DA00225A7172
:10E80000C4E7DC2802D1002AF8DCBFE7D1380E28A3
:10E81000BCD8F3F7E5FB0808080808080808BBBBE4
:10E82000BBBB0E141800012181405A788A435A70EC
:10E83000ACE7012009490A7882430A70A6E7074934
:10E8400002200A78F8E7054904200A78F4E7C04670
:10E85000FF120020FE120020FD120020FC120020FA
:10E86000044B10B51B68181E03D01B68181E00D07F
:10E87000984710BD3424002010B5FFF7F1FF10BDFC
:10E880000A4B07B51A8882420FD01880084B1B68C4
:10E89000002B0AD01B69002B07D069460322487160
:10E8A000000A88710A7101A8984707BDC62D00208B
:10E8B000342400200A4B07B51A8882420FD01880F2
:10E8C000084B1B68002B0AD01B69002B07D0694638
:10E8D00004224871000A88710A7101A8984707BD8F
:10E8E000C42D00203424002070B5164B9B78012BDA
:10E8F00017D01549012300220D005B428C78A042FD
:10E900001ED05E1C02D1002C00D113000132D4B203
:10E91000013152B2062CF1D15A1C11D0EB1898706B
:10E920000EE00A4A12787F2AE3D9C108EF2807D8F7
:10E93000074A5218072101408B4091780B4393708E
:10E9400070BDC0465C0C0020881200201613002009
:10E950009012002010B5104B9A78012A0CD0062393
:10E9600000210E4A9478844200D19170013BDBB2C1
:10E970000132002BF6D10EE0094B1B787F2BEED92C
:10E98000C108EF2807D8074B5B18072101408A40D0
:10E9900099789143997010BD5C0C0020881200207A
:10E9A000161300209012002010B5084B9B78012B05
:10E9B00009D1074B1B787F2B05D91E220548002162
:10E9C000F3F7F2F810BD06220348F8E75C0C0020CC
:10E9D00016130020921200208A1200207047704700
:10E9E000FEE70000F0B5082000240E494A680E68D2
:10E9F00015008B68AB4210D8D51E0026AB4203D35E
:10EA000003339B1A9B089E00CB689219934207D848
:10EA1000013810310028E9D1F0BD80CE80C5E9E78A
:10EA200010C2F3E72C2A0100012218200A4BD97BDF
:10EA30001143D973997881439970082198780143DB
:10EA40009970D9781143D9700221D8780143D970CF
:10EA500059780A435A707047003802400C4B10B581
:10EA60001868D968026853601A600122D8600023D0
:10EA700002758A680B750B691B689C689442FBD809
:10EA80005A680B604A6011605960F1F785FB10BD50
:10EA900018320020054B10B51A68DB6892689B6835
:10EAA0009A4201D9FFF7DAFF10BDC04618320020A4
:10EAB00070B5EFF3108301259D4302D0EFF305837A
:10EAC00072B6FCF719FE0F4E0F4A3368C41A0F488E
:10EAD0000168A14208D91168293B29392934FF3B33
:10EAE000FF39FF343360116016680460002D04D0D4
:10EAF000EFF30583DB0502D062B6A01970BDFFF706
:10EB0000C9FFF9E770300020683000206C30002029
:10EB1000F7B5FFF7CDFF094E84B23388A3420BD07F
:10EB20006D4600272F80FFF7C3FFAF8068800098F5
:10EB30000199FBF7BBFE3480F7BDC0468032002050
:10EB400010B5FFF7B5FF83B20B488278C1780A434E
:10EB500001D00A4A1380027941790A4301D0084A58
:10EB60001380084B1B68002B05D0DB68002B02D0FC
:10EB700002220270984710BDFF120020C031002011
:10EB8000BE31002034240020F0B587B001900491FC
:10EB9000029272B69023019A544D5343EB181A6FA8
:10EBA0001278042A02D062B607B0F0BD0022883382
:10EBB0001B780392934201D16423039362B690239E
:10EBC000019A5343ED1872B690270024019A049BD2
:10EBD00057430093454BDB190593059B9B6A002B1C
:10EBE0000AD1424EF619F368002B2ED033691A1D54
:10EBF000B262F2699B18F3623C4BDB19986ADE6AD9
:10EC0000029B361A1B1B9E4200D91E00402E47D97C
:10EC100040220099F2F7B4FE009B40344033009349
:10EC2000324BDB199B6A4033304AD219D16A936266
:10EC3000994204D8D16928000439FCF7ABFE62B6CA
:10EC4000029BA34218D972B6C7E7337A002B0FD1C3
:10EC5000274B039ADB68002A0AD06A681D605A6055
:10EC60006421136004206B60FFF724FA0028BADAED
:10EC700062B6029BA34220D872B6902201991B4B28
:10EC80004A439B189A6A002A00D18CE71B69043A10
:10EC9000D11A9A4200D186E72800FCF77BFE82E772
:10ECA00032000099F2F76CFE009BA4199B190093A7
:10ECB0000E4BDB199B6A9B19B6E772B69023019A3B
:10ECC0000A4E5343F61833006242544188331A788F
:10ECD000280014431C70FDF7AAFF2800FDF7B6FFBB
:10ECE00000233372FFF7D6FE62B66CE7E80E002011
:10ECF0001832002010B5010008220120FFF744FF60
:10ED000010BD10B5010020220020FFF73DFF10BD0F
:10ED100010B5010006220020FFF736FF10BD10B528
:10ED2000010003220020FFF72FFF10BD0A0010B5DD
:10ED3000202903D101000220FFF726FF10BD0000AB
:10ED400010B572B6034BDB6898610F20FFF7A2F98C
:10ED500010BDC0461832002010B5010072B6082060
:10ED6000FFF7A8F962B610BDEFF30983203383F3F0
:10ED7000098862B6704700000F3011D072B6EFF309
:10ED80000983203B83F3098880225204DA61064A12
:10ED90001168D26889689268914202D9034A9A61DF
:10EDA0007047034AFBE7C04618320020C701000045
:10EDB000CA010000FEE7000070B5764672B6134D3A
:10EDC000134AAB8B01339BB2AB832B69934204D1C3
:10EDD00062B63000FFF7D0FF70BD9A68013A9A60C2
:10EDE0002C69A368002BF3D1226861680A60516026
:10EDF000236062B62000E3682169984772B66169B2
:10EE00000029EDD02000FDF70BFEE9E718320020C5
:10EE100028320020F7B50323150001271D400023E9
:10EE200052090C0049083C4027D03E009E408469AE
:10EE3000B4438461C469B4435E00B446C4614469A8
:10EE4000032601946446A6403400B446019EA643BE
:10EE500034006646144344610469B4432C4304619E
:10EE600007240F261C40A400A640F443072B08D813
:10EE7000866A34408462002907D09200AD000133D5
:10EE8000CFE7C66A3440C462F5E7F7BD0A4B80009D
:10EE9000C35870B55A1C0DD072B60F221C00134017
:10EEA00094430E3A15009D4020002900FFF7B2FF61
:10EEB000A56062B670BDC0468C2D0100F0B58DB066
:10EEC0000C22002109A8F2F76FFEA94B012401933F
:10EED00000230F250093019B1B685A1C2BD072B690
:10EEE00001261F002B409E40AF4331000122380015
:10EEF0003604FFF78FFFBE6062B6E34306279C46E9
:10EF00009C4809A902680B88561C00D114E1160020
:10EF1000AE4336682A40D6400122164200D00BE1AB
:10EF20002343013FFFB20B8004300231002FE9D1AF
:10EF30000098FFF7ABFF009B64000133DBB2009346
:10EF4000019BA4B204330193009B102BC3D18A4DC3
:10EF50000C22280009A9F2F77BFE041E04D00C2223
:10EF6000280009A9F2F70CFD0022844E844B357865
:10EF70001A70954200D17AE1FFF79AFD814A136831
:10EF80001060C11A98425BD07F2900D97F210022EE
:10EF9000CBB207937C4B32701A70794B06921B7878
:10EFA00005920193794B04920093734B02930020D6
:10EFB000774B039313189C466646039B9B5D5F0843
:10EFC00020D08F4200DDBAE0012667463340039E21
:10EFD000F35500D0BEE001278740029E009B368893
:10EFE0001B883E40B4461E00BE433700664637438A
:10EFF000019E7B4033435E1EB341DBB20193009B15
:10F0000005951F8001301028D4D1009B10320233A7
:10F010000093029B02330293602AC8D1069B002B07
:10F0200002D0594B5F3A1A70059B002B02D0544B0B
:10F03000019A1A70049B002B02D001224F4B1A70C8
:10F04000002C09D1504B1B78002B51D0002D03D13F
:10F05000FFF72EFD4B4B1860002301211C008C464E
:10F06000494A02931370444A0092484A0099098819
:10F07000039103981188484000210590444801906D
:10F0800060468840070080B2049001985E18805D59
:10F09000450806953D00059F3D425DD00698002835
:10F0A00011D1049C03982040441EA0410A2420430F
:10F0B000019CA055C007C40F002856D01088049D9D
:10F0C00002944540158001311029D9D1009910339F
:10F0D000023100910232602BC8D1029B002B02D07A
:10F0E0000122274B1A70002C02D00122234B1A70E8
:10F0F000284C2378002B59D0274E3578002D55D138
:10F10000264B274A1B78127813434FD0DB064DD588
:10F11000244B1F88002F49D0FFF7CAFC224BC01B8D
:10F1200080B2984242D9012325703370F9F756FC1A
:10F13000FFF726F9F7F7F2FD62461340F1E6079E66
:10F140000495BF1B01267F0033403B436746039E67
:10F15000F35557E7069355E74508B4D0C507B2D431
:10F1600065462840019DA855ADE76446ABE7C0461B
:10F170008C2D0100C42C01008C3000200C2D0020AF
:10F180000D2D0020082D0020042D002036310020F8
:10F19000A42C00207B1300207A13002001140020EF
:10F1A0000014002078130020B70B0000FFF780FC4C
:10F1B000314C2268002A19D0304B31491D78002D7E
:10F1C00002D00D68A84211D0086001212D4D1970A0
:10F1D0002B682D4958000133DBB22B602B4B013AD1
:10F1E0001B68405A2260002B00D09847284D2B689E
:10F1F000002B37D0274A1788002F1AD0264C2278A8
:10F20000002A16D11E8AFFF753FCC01B80B286422B
:10F210000FD8012323702B689B68002B24D09847BC
:10F22000002821D02B68D8881C4B1880C0B2F9F771
:10F2300087FC1B4B1B78042B14D11A4B1E88002E05
:10F2400010D0194C2378002B0CD12B681D8AFFF7A6
:10F250002FFC801B80B2854204D80123D12023706B
:10F26000F9F7E6FB0DB0F0BD2B689888DCE7002CC1
:10F2700000D1E7E6ECE6C046FC1700206E13002044
:10F28000A02C0020F8170020F61500209830002050
:10F29000FC1300206C1300206A1300206813002068
:10F2A0002F140020EC130020EE1300200023F0B5F3
:10F2B00099B0079372B6E94D03332A69E84C1343BA
:10F2C00080222B61236852021343236001232168AB
:10F2D00080200B438021102623604903800323688C
:10F2E0000B4202D023680342F9D02368134202D0B4
:10F2F00023689B03F3D52368334202D023689B061F
:10F30000EDD52368DB0702D523689B07E7D5236E7D
:10F31000DB0702D5236E9B07E1D5236EDB0502D503
:10F32000236E9B05DBD56368CE4ACF4E13406360E6
:10F330006368CE4A1340636063680193A368A7685B
:10F340000293A368E2680393120AC94BD2B25343F3
:10F35000C84A93420CD9C84A5B081360FCF7AEFB5D
:10F36000802362681B01324013436360FCF790FB0B
:10F3700007220321636893430B4363606368BF49BB
:10F380003340636063680B4063606068C00810408E
:10F39000022800D1FFE2032800D136E301384342BE
:10F3A0005841B74B40421840C018B64B18606368CC
:10F3B0001B051B0F0B2B00D829E3060063685B05B8
:10F3C0005B0F0233DE40E022AB4BD2011E6061686E
:10F3D0003300114206D0320063689B049B0F013357
:10F3E000DA401300A84AA24913602368A74A1340D1
:10F3F0002360F2F751FCE768A54B00021F40A54BC4
:10F400000743E7609E4200D80BE303232A691343B6
:10F410002B612368A04A0125134010222360236832
:10F4200093432360236E9D4A13402366236EAB43B0
:10F430002366FCF743FB8023E26B5B021343E36329
:10F440008023E26B9B021343E3638023E26BDB02C6
:10F450001343E3638023E26B1B031343E3638023C3
:10F46000E26BDB011343E36362B68D4B8D4A0026EA
:10F470005A6104228C4C31001A828C4834321D703F
:10F480005E60DE602570F2F78FFB894B894A66600B
:10F4900015701A00B832157040221A85B4331A80DC
:10F4A000854BA660E360F6F7F9FEF6F733FB834B76
:10F4B0001B78B34201D1F6F7F3FDF5F79FFFF7F79D
:10F4C0009FFCF7F71FFDF6F773FCF7F755FC7C4B35
:10F4D0001B78022B00D0B7E2F6F7B2FA0022794B84
:10F4E0001A70012400223C21774B78481C70784B1D
:10F4F0001A70784B1980C02377491B040D6A0540A8
:10F500002B43C0250B620B6A2D061B021B0A2B43E3
:10F510000B62724B724D1A70724B1C70724B1A70E8
:10F52000724B5D60724D1D60724B734D1D60734D6B
:10F530005D60734B734D9A621D630D6A28400862CB
:10F540009A601B605B60DA626F499A831961596146
:10F5500001219D8B4942280099611100186259626E
:10F560008031D963996569496948D9601900483182
:10F570000C80684D684905600800684D0830C56713
:10F580000800883002600800654D9430056008006E
:10F59000A030046008000225AC3005800800A830C7
:10F5A000DA655A651A6503605B640B00BC331C6046
:10F5B0000B005C48B833B4311A600A60FDF764FA96
:10F5C00062B6594B2000DC70FDF7EEF8574B584AF5
:10F5D0001A603A4B1B78002B01D1F6F761FD10221F
:10F5E00000215448F2F7E0FA0022902101268C46CF
:10F5F0001100514B1A70514B1A70514B674618004D
:10F60000DC6F574301944E4C9D6FE719019C5C30B1
:10F61000D8640434181DC06F1B605B601E72FD60EF
:10F6200027006F435861C7191861586245489F61A8
:10F63000DC611D629962D96218635B6372B618005F
:10F64000743000781C6F093080002418180088304E
:10F650006360017062B60132903375E000200240B1
:10F6600000100240FFFFFF8FFFF0FFFFFFFFFFF0E2
:10F6700040420F00FF6BDC02F42E0020FF8FFFFFE3
:10F6800000093D00F02E0020281F0020FFFFFFFE94
:10F69000FF00FFFF3FE45904FFFFEFFFFFFEFFFF06
:10F6A000F82E002000080040B0300020DC300020A0
:10F6B000202F00204C2F0020842C0100221F00202E
:10F6C000640C0020002900206A0C0020FFFF00FFCE
:10F6D00059290020620C002000ED00E009290020DB
:10F6E0003F190100162900209B29002010E000E0AE
:10F6F0000700010060300020883200200040002018
:10F7000018320020A82C0100283200204C320020A2
:10F71000A42A0020742A0020002A00205DAB0000EB
:10F72000B9010000982A00205C0C0020C40E0020C3
:10F7300055AB00009C300020AD300020AC300020E4
:10F74000E80E00204FC70000032A00D056E7C64B42
:10F75000C64AD86F9D6F043004006C431A651A1DA9
:10F76000D26F1B6014195A611A615A62C04A5B60F9
:10F770001E72D9609C61D8611D629962D9621A6358
:10F780005B6372B61A0074321278186F11329200ED
:10F7900013508433197062B6B64DAB78B343AB7077
:10F7A00072B6B54C2378012B07D08022B34B1206DA
:10F7B000DA67BFF34F8FBFF36F8F0023012226005C
:10F7C000636022700193F768002F0FD078690028DA
:10F7D00004D002210C304942FDF71EFAB869002816
:10F7E00004D002210C304942FDF716FA0027019B94
:10F7F000F760013301930436082BE4D1FFF74AF98F
:10F8000062B63220FFF7A8FA72B69D4B202239006B
:10F810009C486360F2F7C8F92378012B3DD1FFF7CC
:10F8200003F9994A0F970F9B934200D80FE17F2667
:10F83000964B97491B680868334003430B60954912
:10F84000954B1B78087895490E7833430B70944993
:10F850000B7803430B7000230F930F9B934200D848
:10F86000F9E02F238F4AC020116800060B43136074
:10F870001F238D4A11780B4313701E238B4A117876
:10F880000B43C72113708A4A890053581B021B0A75
:10F890000343535080231B0613600223237062B678
:10F8A000AA78013B13433220AB70FFF755FA72B6CA
:10F8B000FBF722FF00257F4B18607F4B1D607F4BBD
:10F8C0001D6062B67E4C256072B62368AB4202D0E2
:10F8D0002000FCF74DF880217A4B200009022561B9
:10F8E000E3606561FDF79CF862B6FDF754FCFDF737
:10F8F0003CFC002801D1FEF712FD00242000013459
:10F90000E4B2FFF7C3FA102CF8D10F2501276E4C93
:10F910006E4E2068431C09D072B6030039002B409C
:10F9200099402022A843FFF775FA62B60434A64234
:10F93000EFD1674D0C2200212800F2F735F90C2297
:10F9400000216448F2F730F90020FEF7CDFC624B4D
:10F95000984200D182E0FEF713FD0220FDF7F9FB8B
:10F960005E4B18700420FEF7BFFC5D4C2080FFF753
:10F97000A5FA0A20FFF7F0F9FFF7A0FA2B88012576
:10F980002B4200D1B6E0F6F7B7FA00205549FEF752
:10F99000E8FCF7F783F97800400BF4F76BFDFB23E5
:10F9A00000229B05F3F7FCFD029B06001809C0B27C
:10F9B0000F00F4F75FFD02000B0030003900F2F792
:10F9C000B7FE019B0F001903090F060001314648DD
:10F9D000F2F762F9F4F74EFD02000B003000390037
:10F9E000F3F7DEFD032206000120039B0F00134006
:10F9F0009B189840F4F710FD02000B00300039000E
:10FA0000F3F7B0FAF2F78CFBCFE43748CDE4636844
:10FA100006001B0500D4D6E463685B055B0F013369
:10FA2000D0E4324B9E4204D903232A699A43013B16
:10FA3000EDE42F4B03219E4203D92A6901238A4317
:10FA4000E5E42B698B43E3E4F6F740F849E50F9BC7
:10FA500001330F93E7E60F9B0133FDE6FDF785FBCE
:10FA6000002800D079E776E79C100020F8100020ED
:10FA700087BA000000380240B030002004E100E006
:10FA8000B42C0100BC3000200E270000B03802402A
:10FA9000B438024092380240903802409438024014
:10FAA00096380240A0380240803802408238024036
:10FAB00000E100E0703000206C3000206830002051
:10FAC0007430002051CA0000C42C0100DC2C01005D
:10FAD000363100208C300020E3FE00004E31002043
:10FAE00016130020FFFF0000006CDC023FAEEB02AB
:10FAF0003F787D010320FDF72CFB8A4B8A4E18705E
:10FB000033781843031E01D003112B400027874A86
:10FB10001370F5F773FC864B1022FF2185481F7088
:10FB2000F2F742F8844B1022FF2184481F70F2F74D
:10FB30003BF8834D082217212800F6F7EBF9814B9B
:10FB40001F702B78032B01D8FDF7ECFCFEF7B0FFFC
:10FB50007D4B7E4A18607E4B7E491B689B06DB0FFF
:10FB60001370CA782378D809904206D0501E82417B
:10FB70007F20D2010340134323700B79002B07D061
:10FB80003078F8F71CFF012802D00120F9F7AEFD0C
:10FB90000024714B1C60714B1C70714B1C80714BAD
:10FBA0001C70714B1C80714B1C80714B1C70714B15
:10FBB0001C805C809C80DC806F4B1C706F4B1C70C9
:10FBC0006F4B1C706F4B1C706F4B1C706F4B1C701D
:10FBD0006F4B1C706F4B1C706F4B1C606F4B1C701D
:10FBE000F7F714FFF7F73AFFF7F74EFF6C4B6D4A44
:10FBF0001C606D4B1C706D4B1C606D4B1C606D4B25
:10FC00001C706D4B1C706D4B1A6001226C4B1A708E
:10FC1000F7F7FCFEF7F722FFF7F736FF694B2000F6
:10FC20001C70F8F739F8684B684A1C70684B210063
:10FC30001C70684B11201C70674B14701C70547042
:10FC40005C7094709C70D470DC70FEF7DFFB6A22ED
:10FC50002300A9786878FEF7F9FB1C2320002B719C
:10FC6000FEF7CCFB5D4B5E4A1A6000245D4B5E4A9A
:10FC700019785E4D1378994200D1CDE00F24E85CED
:10FC8000013323400E3C0528F5D8F2F7A9F940F4DA
:10FC9000333A030D137001220320554B1A70554B54
:10FCA000D870FCF781FDE0E700241370504B1C7006
:10FCB000514B1C70514B1C70FEF776FE0622210042
:10FCC0004F48F1F771FF4F4B20001C704E4B1C70DA
:10FCD0004E4B1C70FEF7D4FD2000FEF7EBFDFEF747
:10FCE000BFFD4B4B1C704B4B1878431E98410130A5
:10FCF000404BD5E71370474B1B78002BF8D1012000
:10FD0000F6E7137001223B4B1000DA70C9E70125BA
:10FD1000384C28001370E570FCF746FD2800A570EC
:10FD2000BFE7C04600140020011400200513002086
:10FD3000863100209F3100205D3100207631002087
:10FD400018190020B43100200C1300207832002054
:10FD500000080048640C0020FC130020F813002069
:10FD60006C1300206A13002068130020EC1300209D
:10FD7000EE130020F01300207013002071130020F8
:10FD8000EA130020D0130020CD130020CC13002054
:10FD9000CF130020CE130020741300206F13002017
:10FDA00040140020758B0000CC150020FC170020AB
:10FDB000F81700206E130020F41500209830002062
:10FDC0002E1400202F1400202414002026140020BC
:10FDD00003140020251400202A14002034240020BD
:10FDE000C80E0020AD300020AC3000209C30002038
:10FDF000343100205C0C0020021400201813002075
:10FE0000FF120020FE120020FD120020FC12002034
:10FE10005C3100202F310020002C00D01170FFF742
:10FE20004DF80023CA4ACB4CD05AE15A0A2B00D1D4
:10FE3000AAE002338842F7D0C74B05920293002311
:10FE40000193019BC34A5B00D35A0493059B049A18
:10FE50001B88934200D187E06A46127900260A92F5
:10FE6000049A5A40019B09921A01BC4BD3180B9378
:10FE700001230393039B099A13426BD0039A049BBB
:10FE8000134006930123B3400893029B089A1B88F2
:10FE90001A4210D10A9B10AC63702670FEF708FE60
:10FEA00001232371069B60805A1E93416371109851
:10FEB0001199FAF7FBFC0024069BA34205D10B9B8A
:10FEC0009B5DFF2B01D007930134A54F3B781B1995
:10FED000082B1DDD0823611C1D1B2A00C919A14820
:10FEE000F1F74EFD210009312A00C9199E48F1F7AA
:10FEF00047FD610019316A00C9199C48F1F740FDBE
:10FF0000210011312A009A48C919F1F739FD3D70D5
:10FF1000002C16D007989249904B303040000A7858
:10FF2000C55C1B185B788C186372079B0020637498
:10FF300013000C335B00CB18013265705870987059
:10FF40000A70069B002B05D1029B089A1B889343DD
:10FF5000029A1380039B01365B009BB20393102E21
:10FF600088D1059B049A1A80019B01330193059B5C
:10FF700002330593029B02330293019B062B00D0B0
:10FF80005FE7FEF795FD04E0884200D054E7FEF7F6
:10FF9000BFFD784C00272668FEF78AFD831B05000D
:10FFA0000193FEF785FD2060010038006C4B1B7843
:10FFB0009C461C00704BF618761BC3B29C4511D8AA
:10FFC000002F01D0664B1C706C4D6D4F2C783E7825
:10FFD000032C00D9BBE12000F2F720F81F00390004
:10FFE0002A05370503005E4A0C335B00D21893786C
:10FFF00055781B022B439E4204D20127013CE4B2F8
:020000021000EC
:100000000130DAE7019D5B199DB20295FF252B4077
:100010005370029B1D0A9570F2E70022594B5A4813
:100020001A705A4B293219604D49F1F7A9FC584B07
:100030001B78002B07D1574B03221B781C00144060
:10004000134200D09C0801233C702B707FE13000EC
:10005000FDF798FA002E00D179E14A4B1878013863
:10006000C0B2FBF7D9FA4C4A0DAB12781880002ABF
:1000700021D14A4B1B78002B00D1E3E00024002360
:1000800020001A0019000134FBF7BEFA402CF6D10B
:10009000434C2378182B00D9CEE00023C8211A0046
:1000A0000120FBF7B1FA2378312B00D8DCE00022E5
:1000B0003B4B1A70D8E01A7805925B780693394B5F
:1000C0001B781C1C042B00D90424FEF7F1FC06232A
:1000D0000134E4B21B1B80B218416B46002701902B
:1000E0001B7902935B00DBB204930393FAB2130013
:1000F00005993D33DBB2994200D98DE006999942CA
:1001000000D889E02848294B007829490138002483
:100110001B780978042854D8F1F76CFF030F4C873B
:100120005200552042430298039C8218D0B2120616
:1001300047D5FF24241A640007E055205043AA2421
:1001400000063ED4013CFF3C5443E4B239E0C046D3
:10015000503100203631002042310020C4220100FD
:100160005D3100205E3100206631002076310020B4
:100170006E310020B0310020FFFF0000E50E0020AE
:10018000BC310020E00E002086310020B831002074
:100190005C31002018190020123200203024002089
:1001A000182900209910002013320020113200205D
:1001B000981000200298C318552042439B18DBB2C8
:1001C000FF240EAA1370517094700E98FAF7D6FDA2
:1001D00010AB18700400050400022D0E000E5D70B7
:1001E0009870174BC0B21E78C8217043F1F7DEFD3E
:1001F000C3B2E8B2C82170430893F1F7D7FDC5B286
:10020000E0B2C8217043F1F7D1FDC1B238002A0035
:10021000089B3D30FBF7F8F9039B0137563BDBB2F7
:100220000393032F00D061E723E7019A049C120691
:10023000C7D5019AD4437EE700231A0019002FE79F
:100240009A100020C34B1878002800D1FAE1C24B65
:100250001B78022B00D9F1E1C04AD05CC04AD15CC6
:10026000C04AD25CF4F75CFBBF4B1B78002B30D14B
:10027000B84B1B78002B2CD1BC4B1D78BC4B1C7889
:10028000042C00D1A2E3002D00D045E3002C00D1C6
:10029000B9E3012C00D1B9E3023C012C00D8B5E34D
:1002A000B44A0EAB52781A70FF225A70373A9A70DD
:1002B0000E98FAF763FD0204030210A9120E1B0E3A
:1002C00008704A708B70D2B2C1B2DBB23A20FBF731
:1002D0009BF9A94B1B78002B39D1A84B1B78002B1D
:1002E00035D1A14B1B78002B31D19A4B1C78002CB7
:1002F0002DD1A04BA24E5B780193A24B35881F5D98
:10030000002D00D190E3FEF7D3FB401B80B2C7283D
:1003100000D984E3019A0EAB1A70FF225A70373A63
:10032000101A98700E98FAF729FD0204030210A91A
:10033000120E1B0E4A708B700870DBB2D2B2C1B2C3
:1003400038000134FBF760F90236242CD5D18E4CED
:100350000622210010A8F1F713FB6378022703930C
:100360000323E356E757029305230426E356A657D3
:1003700001930023A370E37023716371029B3B43DD
:1003800036D0824B1D88FEF793FB814A401B1378C1
:1003900080B2002B01D100F039FF142828DDFF2B9B
:1003A00001D001331370002F07D0FBF757F9FF235B
:1003B000002F00DDFE3B4343A370029B002B08D0BF
:1003C000FBF74CF9029AFF23002A00DDFE3B434372
:1003D000E3700220205600280AD003256557002D1F
:1003E00006D0FBF72BF9A0702800FBF727F9E07087
:1003F000019B334337D0674B1D88FEF759FB664A94
:10040000401B137880B2002B01D100F0F9FE502878
:1004100029DDFF2B01D0013313705B4D002E07D077
:10042000FBF73CF9FF23002E00DDFE3B43432B711D
:10043000019B002B08D0FBF731F9019AFF23002A1A
:1004400000DDFE3B43436B710420285600280AD090
:100450000526AE57002E06D0FBF7F0F828713000C5
:10046000FBF7ECF868714849039A4B7893421AD12C
:1004700002228A56002A01D0974214D1032008563E
:10048000002802D0029B98420DD10523CB56002BA9
:1004900002D0019D9D4206D1097949B2002902D1BD
:1004A0000243134301D0FEF74BFB062210A92000A4
:1004B000F1F766FAFEF7D4F9384B1A78824202D087
:1004C0001870FEF7F5FA364B1B78002B3DD000254F
:1004D000344B01950293029B1C68002C2AD0019B8F
:1004E000002B00D0C2E2012672B6F3B2039320685B
:1004F0006369F1B29847431E9841054362B62A48A2
:10050000FBF7A0F9002812D0A3692068F1B2984740
:1005100000280CD072B6254F63683A002068F1B20B
:10052000984762B600202249BA6CFEF72DFB0136CF
:10053000092ED9D1019B01330193029B9033029381
:10054000019B032BC7D1164B1D7072B6194F3B6F21
:100550001B7831E00913002006130020872D0100CD
:10056000842D0100812D0100302400202E14002054
:100570002F14002018190020051300200029002046
:100580007C130020A0220100FF120020C0310020B7
:10059000FE120020BE310020FD120020C2310020DA
:1005A00010320020740F0020E80E0020C43100201B
:1005B000CA3100209C100020042B01D100F017FC50
:1005C00062B6FEF775FABE4C05002378012B04D005
:1005D0000022BC4B1A70BC4B1A802022BB4BBC4E75
:1005E0001B6813409A06D20F0192002B16D0377861
:1005F000002F13D1B74B1A78022A0FD002220820FD
:100600001A70F5F7A9FEF5F72FFAF5F73DFDB24B95
:100610001F70FEF74DFA0122B04B1A706B4620781E
:100620001B7933700023042801D900F09DFCF1F7F9
:10063000F5FC430479049D04A5045005C82211006B
:1006400010000FE6A44E3378002B56D0A14D2B7826
:10065000022B52D0002B1DD16A781800511E02299E
:1006600002D80E32D0B205339D4A9E4CD278012A70
:100670001BD12278092A14D803255D439A494A19C7
:100680009378695C5278FAF7BFFF2378132B00D96F
:100690000DE5E9E5012B01D00300E5E71220032376
:1006A000E2E700231A001900EDE7022A0ED12278B2
:1006B000182A07D803255D438B494A199378695C4A
:1006C0005278EEE400231A001900EAE403275F439E
:1006D0008549CA199378795C5278FAF795FF23789F
:1006E000EF2B00D8C0E50023237033702B78002B4C
:1006F00000D0B9E501227D4BDBE47D4B1878002862
:1007000059D07C4B1B78012B23D17B497B4B0A783A
:10071000012A06D900201A780870032A17D9033A4B
:100720001A7000251C78764B1A5D764B585D0023B5
:100730001900FAF769FF2300783C0833DAB2E4B213
:100740001B0600D4140001350A2DECD18CE57F2264
:10075000E6E7022B0BD100246A4BFF22185D002331
:1007600001341900FAF750FF0A2CF5D17CE5594BFA
:100770009E786D2E1DD80A213000F1F717FB002757
:10078000FF24C5B2142E06D900243223B34264419B
:10079000FF276442E4B20026F3B29D4200D863E52D
:1007A000584B3A00985D21000023FAF72DFF0136DF
:1007B000F2E70A25E8E7544E544D33782A781900B9
:1007C000484C114348D02178182935D8002B2BD01C
:1007D000C82211001000F4F7A3F82378312B06D9B2
:1007E000002323703378002B30D0013B3370484B0B
:1007F0001B78002B00D137E5364A1378012B54D0F3
:10080000022B57D0002B00D02EE55378022B42D07C
:10081000032B45D0012B00D026E5C7331A00190061
:100820000F20FAF7F1FE1FE5002AE0D0C8221100E0
:100830001C20FAF7E9FED0E7002B02D002000100ED
:10084000C9E7002AC9D01A001900F1E72B78002B5C
:10085000CDD0013B2B70CAE721701E4C2578022DAC
:1008600017D1FEF709F8054213D02A4B1B78002B4D
:100870000FD0C8231A0019001C20FAF7C5FE6379AF
:10088000002BB4D0C82336201A001900FAF7BCFE9A
:10089000ADE70023EEE7C82310201A001900C0E7D7
:1008A000C82311201A001900BBE7C82312201A0020
:1008B0001900B6E7C82313201A001900B1E7C04693
:1008C000C71300200F29002010290020000800482D
:1008D00078320020640C0020002900200A13002038
:1008E0005329002018290020662D0100122900201C
:1008F000C51300200829002017290020C413002058
:10090000DC2C01005C2D01000713002008130020DF
:100910000513002009290020042C57D0022C78D080
:10092000032C7AD0012C04D0002C55D00026FF24B3
:1009300050E0C64B1D78002D01D000F06DFC2C005E
:10094000FF26C34B1B680193002B01D09B8A0193A8
:1009500084273800FF217043F1F728FAC3B238002A
:10096000FF2160430293F1F721FAC3B23800FF215F
:1009700068430393F1F71AFA029B039AC1B20198F4
:10098000FAF742FEB34B1A78131C642A00D9642389
:100990000320DBB2584364216330F1F707FA3D27A7
:1009A000C3B201933800019B3D38C0B22200290038
:1009B000B446834202D800221100944638006346B0
:1009C0000137FAF721FE402FECD169E4FF2426001D
:1009D000002DB6D00025B4E79F4B1C68002CA5D095
:1009E000FEF766F89A4B9D4A1B68001B90429DD803
:1009F000002B9BD09E69002E98D0350C340AEDB2A6
:100A0000E4B2F6B29DE72600FF259AE72E00002407
:100A1000FAE780260024350093E78026F7E70021D7
:100A20000B000A0031808BE42B002A00290087E4A8
:100A30008B4B8C4A1E708C4B1B789B079B0F137043
:100A4000F4F73AFD0323FFF700FB884B1B78002BDC
:100A500001D0FCF759FD864B1C68FEF729F8001BF6
:100A60000F2800D873E40023FFF7EFFA72B60021D5
:100A7000636920689847431E9841054362B602980F
:100A80008C38FAF7DFFE002800D153E50021A36976
:100A900020689847002800D14CE572B6754E0021B9
:100AA000320063682068984762B66B4672491879CD
:100AB000B26CFEF769F83DE5002363700C33A37058
:100AC00016E060780138032833D80025F1F792FA50
:100AD000020B1D29FDF7ECFF030EA370030CE3705E
:100AE00040BAA08004E0FCF756FB65802571607178
:100AF000624B1B68002B00D127E55B69002B00D1FE
:100B000023E52021200098471FE50023220019003B
:100B1000A578E81802320528EAD85170917001339F
:100B2000F7E76580A580E3E76378022B04D0052B07
:100B30000FD0FF232370DBE712230CAA9B185988E0
:100B40001A880904114309BA2D20C9B2FDF7D8FB50
:100B5000CEE70020FDF790FCCAE761780020042969
:100B6000BED8A278052ABBD8E3780F2BB8D8C02509
:100B70004D435201AD185B00ED1828002E30FCF7F4
:100B8000E8FA060228002F30FCF7E3FAB6B2304349
:100B900080B2A5E7A388E2785BBAA17860789BB2BF
:100BA000FDF762FDA4E7F4F72DFFA1E76278032AC1
:100BB0006ED1082B2ED0092B67D0A07801380328DE
:100BC00096D8F1F717FA020E1B22C9220CABDB7C78
:100BD0005A43254B120A997858780023FDF736FCC2
:100BE00086E7E378002B02D1FDF76AFC80E7FDF78A
:100BF00053FC0021E078FDF709FC79E71A4BE27815
:100C000000201A71FDF7FAFB72E7174B2179DA78A9
:100C1000E078E2E7A0780138032800D968E7124BB2
:100C2000F1F7E8F9020A122EFF20DB78C8215843B9
:100C3000F1F7BCF8E0705BE71A780023910799425E
:100C400000D09308E37053E71B79FBE7CF15002032
:100C5000FC1300203224002074130020B70B000086
:100C6000E40E0020E30E002018190020B43100200B
:100C7000B8310020C4310020CA31002034240020C3
:100C80005A78E2709B78237132E7FCF73DFC2FE73E
:100C9000022A00D04DE7082B1FD0092B00D127E7EF
:100CA000A0780138032800D922E7F1F7A3F902065A
:100CB0000E10C44BE2781A701AE7E378C24A137038
:100CC000591E8B41C14A137012E7C14BF2E7C14B69
:100CD000E2781A70C04B2279EDE7A078013803283A
:100CE00000D905E7F1F786F902050C0EB54B1B7824
:100CF000A8E7B64B1A7800239A42A3D0B24BF6E786
:100D0000B34BF4E7B34B1B78E370B34B1B78BAE7F4
:100D100010236370ECE6002363709233CFE60CABD4
:100D2000D97C11230CAA9B1858781A78000210431A
:100D300040BA80B211AAFDF7B1FCD9E61123270011
:100D40000CAA9B185D781A782D021543E6786DBAC7
:100D5000ADB27619B54200D1CAE6912D04D89F4BA9
:100D60003979E818FDF7CCFA01350137F2E7FCF7DD
:100D7000EDFBBDE60523CCE71123F02726000CAAE6
:100D80009B185D781A782D021543E3786DBAADB2E1
:100D90005B190193BF00019BAB4200D1A8E6002084
:100DA000BD4203D228002E30FCF7D3F93071013553
:100DB0000136F0E71123F02726000CAA9B185D7876
:100DC0001A782D021543E3786DBAADB25B19019321
:100DD000BF00019BAB4200D18AE6BD4204D228008D
:100DE00031792E30FDF78CFA01350136F1E762B624
:100DF00072B6002510AB0193794B9C6A002C08D188
:100E0000DA68002A34D05A69141D12689C62A2184C
:100E1000DA62FB6A02932023029A5B1B161B9E4236
:100E200000D91E00210032000198F0F7A9FD019BB6
:100E30006B489B190193029BA4198462AD19A342CC
:100E400011D8C368C269013BC36043699B188269BA
:100E50004361934201D3436A436100238362036B7E
:100E6000002B00D0984762B61F2D02D872B6C3E798
:100E700062B66A426A415B4B1A70202D01D0FFF7BF
:100E8000A0FB10AC2378581E122800D951E6F1F7C8
:100E9000BBF813FE18FE4BFE64FE81FE8AFE8DFE3B
:100EA0008DFE8DFE50FE50FE3FFF42FF46FF55FF78
:100EB0006EFF71FF73FF91FF4B4B1B78022B24D009
:100EC0004A4B1D68FDF7F4FD494B401B98421CD965
:100ED000484B1B78002B18D19023DB051B68DB06E1
:100EE00013D4454B1D78002D0FD101262670FDF738
:100EF000DFFD424B96301860414B1D705E71414BD7
:100F00001D70414B1D80414B1E70F5F7E1FF404EB7
:100F1000040033783F4D834200D00EE100232B7054
:100F2000FEF7A3FE3C4A1578002D0CD01370374A0B
:100F300023701370344A1380314A5371FDF7B8FDA2
:100F40002A4B1860E1E72D4B1E68FDF7B1FD801BB1
:100F50009528DAD901222D4B1D702B4B1D802F4B6C
:100F60001A70F5F72DFF02232370CEE72A4A117875
:100F70000029CAD01370F7F7E5FCC6E7274F1F4ECC
:100F80003B78002B10D1264A13700122254B1A7092
:100F90001C4B1A70FDF78CFDFDF78AFDC8239B00E2
:100FA000C01830600423DFE73568FDF781FD962324
:100FB000401BDB009842A8D31B4A1378012B35D87D
:100FC0000133D7E79A10002013320020123200209C
:100FD000991000201132002098100020EE0300002C
:100FE0009C10002020110020640C00200C13002015
:100FF000DF930400DD2900200A290020C813002007
:101000005329002000290020102900200F2900204A
:101010002C1F00207C3200200A1300206A0C0020C4
:101020007D3200201A2900207F3200207C4B1A7864
:10103000002A4CD101251D7080237A4ADB00D16B38
:101040003D700B43D3630222774B19680A431A6041
:101050001A682A431A60F5F721F9F4F75BFDF4F7F3
:10106000CDF9F5F7CDFEF5F787FE704B1B78022B17
:101070002AD1F4F7E5FC3D7000253C226C4B1D7035
:101080006C4B1A806C4A6D4B116A1940C0231B04CB
:101090000B43C0211362136A09061B021B0A0B4390
:1010A0001362674B1D705D71664B1D70F4F780FE17
:1010B000654B1D70654B1D70FDF7FAFC9623DB0038
:1010C000C018306003234FE7F4F700FDD3E7F5F7CE
:1010D00025FE5F4B1B78002B0FD15949534A4978A5
:1010E0001278914209D15B4A237013705A4A1370E7
:1010F0004B4A1370594B1D6007E7594E3768FDF78F
:10110000D7FCC823C01B9B00984212D3524A1378C5
:10111000022B09D8013313700122524B1A70C823D5
:101120009B00ED183560F0E600234A4923700B70F0
:10113000DDE701224B4B1A70E7E62B784A4F01930B
:10114000002B06D101332B70FDF7B2FC3880FEF77F
:101150008CFD3F88FDF7ACFCC01B80B2632801D832
:10116000FEF783FD00223470304E2A707378012C14
:101170000DD0022C06D0944201D0FEF776FD1D0062
:10118000022405E0591E01251400022900D81D0083
:101190003278A24216D1002C01D0FEF766FDAB4298
:1011A00001D1FEF762FDF4F791FC002375703370F6
:1011B000022D23D0032D21D00120012D1BD0F4F7C7
:1011C00063FF0BE0022C10D108203470F5F7C4F84F
:1011D000F4F74AFCF4F758FF00230193234B019ADC
:1011E0001A70FDF765FCFEF740FD012CDBD1F4F72A
:1011F0006DFC00203470F5F7AFF8E0E72800FAE75F
:101200000A2801DDFFF707F9FFF72DF90A2801DDAC
:10121000FFF7C7F8FFF7ECF80026FF24FFF7F4FB11
:101220007E3200200010024000280240640C0020A2
:1012300059290020620C002000ED00E0FFFF00FFB4
:10124000532900200F290020162900209B29002067
:101250006A0C00207F3200207D3200200C13002019
:10126000C81300201A2900207A320020002900200B
:10127000F0B5BC4F89B07B7BDBB202933B7BDBB22A
:10128000039373460493B84B1B68DAB201927F2232
:101290001340B64A136001237A781A4202D17A7851
:1012A00013437B70BB7BDBB20593019B5B0754D57B
:1012B0000023AF4A0793079B934200D8AFE0A022D8
:1012C000AC4E002130005200F0F76EFC00254023A8
:1012D000A94AAA4C73601570A94A3100E260012244
:1012E0002C310A7031003385B436B83133803E3B3F
:1012F0000A702370E567A560E368002B12D072B610
:10130000E6687069002804D002210C304942FBF7DE
:1013100083FCB069002804D002210C304942FBF75D
:101320007BFC62B600210135E1600434082DE3D175
:101330000124944B91481970914B934AC3608D4B93
:1013400014701A00B832147040221A85B4331A800F
:1013500043681B688B4200D098470821019B0B42D1
:1013600010D08A4A1388002B5FD0029B8B400399D0
:101370000B4387490888984255D00B801388013B5E
:101380009BB21380019BDB0737D50A227F4B1A8063
:10139000804B023A1A60804B1A78002A2DD0002226
:1013A000764C1A702378052B27D0220080321370D8
:1013B0000523237063681B68002B02D004212000E2
:1013C00098470025A560E368002B12D072B6E66846
:1013D0007069002804D002210C304942FBF71CFC44
:1013E000B069002804D002210C304942FBF714FCFC
:1013F00062B601350434082DE5D1684B1A78002A0D
:101400002ED1674B674968481A78002A00D01FE13F
:10141000059BBB730498FDF7AFFC09B0F0BD079BBB
:101420000133079347E70A23ABE703227B78134096
:10143000012BA7D15D4A1160574A11780029A1D12B
:101440004E481370017805299CD1030080331B7826
:10145000037043681B68002B00D193E7984791E71E
:1014600001251B784F4AD05C514B8540EDB21D7071
:10147000B873002800D0A1E004217A7C3E4ED3B29C
:101480000A4204D07B7C8B437B743070B5E7DA066C
:1014900001D580227A743278D0B2062AADD8F0F71E
:1014A0009FFD041CAC355DAC5D00DB07A5D50020BD
:1014B000FAF746FA010008289FD13E48FBF74CF89E
:1014C0002C4BDB8C002B06D0402300212B487B7457
:1014D000FBF7E4FB91E74823F7E7264B5A6B1C8D9B
:1014E000986BA2420AD9196B00199863121B09194B
:1014F00000205A631963FBF7BBF87EE700218018D0
:10150000986359631D48FBF79BFD76E7DB0700D422
:1015100073E70020FAF714FA0500274C83B219008C
:1015200020680193FBF718F823685B192360114CBE
:101530002200C4321368B4345B1913602388019A03
:10154000934208D900210D48FBF7CBFD48237B745B
:10155000443B337051E740237B744EE700213170E8
:10156000D0E7C04600380240B0380240B4380240EC
:101570000E270000202F0020182D0020B030002062
:10158000842C0100143100204C2F0020B60E0020C6
:10159000162D0020A0380240142D00209038024063
:1015A000923802402529010096380240A4380240B2
:1015B00094380240402F0020DC2F002004227B7C46
:1015C000134202D07B7C93437B74142343435A4ED3
:1015D000F3185C6B002C18D01A8D196B94420DD93E
:1015E0009D6B8918AD18A41A19639D635C63A242B0
:1015F00000D9220092B2FAF7F1FFFEE69A6B0919C0
:1016000012199A63002219635A6314214B4B4C4CF4
:101610001D704143851CAB00E3185A687618536966
:10162000B16B59600121814023898B4323819368E9
:10163000002B02D001002000984772B6AD0064195B
:101640006368002158690C30FBF7E6FA62B6D4E60D
:1016500001251A7801268C5CA540EDB20570BC739B
:101660003A7D324200D1CFE6802320009843FAF73A
:1016700067F91422624383B29C462F4B9B181A00D1
:10168000C032126882421FD3BC332E491B68A200AD
:10169000521819188B424AD114226243264B9B18C8
:1016A0001900BC310A68C03312180A608A6812181F
:1016B0008A601A68121A1A606C223B7D93433B754C
:1016C0003B7D6B3A93433B75142363431A4AD3180B
:1016D0001900B4310988614504D8C0331B688B42B6
:1016E00000D38EE61420184B60431D70A61C144DC9
:1016F000B300EB1859681218C4328B6912685A602B
:101700000122A2406B8993436B81CB68002B02D0EE
:1017100021002800984772B6B600AD196B689B6926
:10172000180059680C30FBF777FA62B669E616784C
:101730001E700133AEE7C046202F002084380240DF
:10174000B030002020380240863802401623036063
:101750000120404270470020704718007047002069
:1017600070470000030010B572B6094A106854684B
:101770004118A14205D962B60C2201201A604042EC
:1017800005E08842F7D8116062B60028F4D010BD99
:101790006030002010B51400582200212000F0F71E
:1017A00003FA80239B010020636010BD0120704775
:1017B00072B6024B024ADA65FEE7C04618320020D4
:1017C0002C21010072B6024B024ADA65FEE7C046E0
:1017D00018320020312101000120704770470000BD
:1017E0000FB407B5044805A90191FCF769FD03B0E2
:1017F00008BC04B01847C04600210100F7B5464BAD
:10180000464C1A780193002A05D023780A2B01D080
:10181000BB232370F7BDA378112B68D1E378404D2B
:10182000404F2B703E78002B07D0022E54D03E4BF9
:101830001B78002B4ED0F5F7C3FA23796B70B342B7
:101840004FD00122394B1A702B78002B01D0002386
:101850002B706379AB707A789A4208D0002E06D14B
:101860000122324B1A702B78002B00D02E70304A98
:10187000A3791178EB70994206D0137001222D4B99
:10188000022E00D100221A70B422E379217A2B7142
:10189000637A92011B020B43934207D0264A1378C6
:1018A000002B03D101331370244A1370A37ABB2B8E
:1018B000B0D1019ABA3B1370214B224A1A800023FF
:1018C000174A13705371194A13701A4A13701A4A3F
:1018D00013709FE72B70B0E7194B2A70194A1A80D2
:1018E000ABE7022EB5D1164B164A1A80B1E7092B89
:1018F000DCD10B4BE2781978002908D0002A06D1F8
:1019000008490978022900D001325A71CEE7012A2C
:10191000CCD100221A70F8E79B2900209C290020D6
:1019200053290020640C00200F2900201A290020D0
:10193000B40E00200029002019290020600C00208E
:10194000620C0020DC050000F0B572B68022274B47
:101950009205904226D30022F8261100244F7605E6
:101960001F259C68240C2C40022C05D8455C4C1C7F
:10197000DD60045D0231DC609C68344202D0DC68CA
:10198000BC5401323F29EBD93F2A09D8F821490537
:1019900098680842FCD0D868154988540132F3E7AA
:1019A00062B6F0BD0022F82610001F251400104F6B
:1019B00076059968090C2940022902D8DC600230BA
:1019C000DC609968314202D0D968B95401323F28AD
:1019D000EFD93F2AE4D8F821490598680842FCD09D
:1019E000D868034988540132F3E7C0460038004004
:1019F0009C29002080220A4B5200196930B5094CFD
:101A0000114209D01969084D294019612168016006
:101A100019690A431A6130BD23680360FBE7C046B9
:101A20000020024074E8FF1FFFFEFFFFF0B587B003
:101A30000B6803911F220121019304005B080198A8
:101A40000293002B00D0A0E09040F0F72BFB039B0B
:101A50005B690493072800DDACE01F220121A56A21
:101A60000198029B002B00D096E09040F0F71AFB03
:101A70000F23800083401F2201219D430198029B78
:101A8000002B00D08FE09040F0F70CFB049B80000F
:101A900083402B43A3621F220121039BA5699E68FB
:101AA0000198029B002B00D0B4E09040F0F7FAFAC6
:101AB00001210B0083401F229D430198029B002BB4
:101AC00000D0AEE09040F0F7EDFA86401F220121F1
:101AD0002E43039BA6616569DE680198029B002B7B
:101AE00000D0A5E09040F0F7DDFA032340008340EA
:101AF0001F2201219D430198029B002B00D09EE0F4
:101B00009040F0F7CFFA400086401F2201212E437B
:101B1000039B6661E5691E690198029B002B00D05A
:101B200094E09040F0F7BEFA01210B0083401F22A1
:101B30009D430198029B002B00D08EE09040F0F76F
:101B4000B1FA86401F2201212E43039BE6615D68A6
:101B500026690198029B002B00D085E09040F0F7A9
:101B6000A1FA03234000834001229E431F230299D0
:101B7000002900D07FE001989840F0F793FA4000E8
:101B800085403543256107B0F0BD1D0040000D4084
:101B90002843013A5B0854E71E0040000E403043E2
:101BA000013A5B085EE71E0040000E403043013AF8
:101BB0005B0865E7019B1F221D0A5E0A28003300AF
:101BC000E76A002B14D19040F0F76CFA0F238000E5
:101BD000834001229F431F23002E14D128009840E8
:101BE000F0F760FA049B800083403B43E36252E7D6
:101BF000410005911800012108400599013A01436F
:101C000008005B08DDE731006D0011400D43013B2A
:101C10007608E1E71F0040000F403843013A5B08B7
:101C200040E71F0040000F403843013A5B0846E799
:101C30001F0040000F403843013A5B084FE71F0088
:101C400040000F403843013A5B0856E71F00400050
:101C50000F403843013A5B0860E71F0040000F4027
:101C60003843013A5B0866E71F0040000F403843E5
:101C7000013A5B086FE70199029849001040084358
:101C8000029901904908013B029170E7154AF0B5AD
:101C900053699B0614D5FF25F02603895468033346
:101CA00099080139E401E40949062143516051686A
:101CB0000468090E0906214351609B08002B00D1DE
:101CC000F0BD4168013B9BB22142F9D1C1680F1DB3
:101CD0000968C760976891601168A9433143116032
:101CE000ECE7C046002002400B4B5A69920611D522
:101CF00006C80A420ED15A68084802405A605A681B
:101D0000120E12060A435A60FF22196891430E3AD6
:101D10000A431A607047C04600200240FFFFFFFEE2
:101D2000044B5A69920603D59A6A00229A625B694B
:101D30007047C04600200240054B5A69920606D4FF
:101D40009A6A044A9A629A6A034A9A625B6970477D
:101D5000002002403322110088776655F7B50C0049
:101D600001931500204B00280CD01970FCF7A0FE41
:101D70001E4B18800723012023409840C0B2F3F780
:101D800007FAF7BD1E788E4229D1184B1F88FCF741
:101D90008FFEC01B80B2C72821D82C002034E4B2AB
:101DA000AE420FD033000126072730003B40984059
:101DB000C0B2F3F7E5F9BC4204D82F40BE40F0B200
:101DC000F3F7E6F90198F6F7AFFF072CD9D8072308
:101DD00001201D40A840C0B2F3F7D2F9D1E7072394
:101DE00001201C40A040F6E7101300200E2D00201B
:101DF000F7B50E4C0E4B24781B7801940D4C019DC9
:101E0000AB4201D10020FEBDDE00A5196F788F42E4
:101E100005D1365D864202D16D79954203D1072501
:101E200001332B40EBE70120EDE7C04619130020FA
:101E30001A1300201C13002070B505000C001600BA
:101E400000290DDDF5F7D6F8811BCB43DB171940D0
:101E5000A14200DD2100002902D02800F5F7BEF8DC
:101E600070BD1FB5040072B6FFF766FF0094E4432F
:101E700068460194FFF738FFFFF752FF62B61FBDB7
:101E800070B5E024F02564026D022000FFF7E9FF41
:101E900080239B00E418AC42F7D1E02000214002EF
:101EA000F3F7CCFFF02460020134E4B2FFF7D9FF6E
:061EB000002CF8D170BD0A
:101EB80000FFC800002020202020202020202828E3
:101EC80028282820202020202020202020202020F2
:101ED8002020202020881010101010101010101032
:101EE8001010101010040404040404040404041062
:101EF80010101010101041414141414101010101F0
:101F080001010101010101010101010101010101B9
:101F180010101010101042424242424202020202C5
:101F28000202020202020202020202020202020289
:101F38001010101020000000000000000000000039
:101F48000000000000000000000000000000000089
:101F58000000000000000000000000000000000079
:101F68000000000000000000000000000000000069
:101F78000000000000000000000000000000000059
:101F88000000000000000000000000000000000049
:101F98000000000000000000000000000000000039
:101FA8000000000000000000000000000000000029
:101FB8000000000000000000C6170000CC1600005A
:101FC800CC160000CC160000CC160000CC16000081
:101FD800CC160000CC160000CC160000CC16000071
:101FE800CC16000028170000E0160000CC160000F0
:101FF800CC160000CC160000CC160000E01600003D
:10200800CC160000CC160000CC160000CC16000040
:1020180042160000081700005A170000CC160000EE
:10202800CC1600003C170000CC1600000817000072
:10203800CC160000CC160000D41700008A2400003B
:10204800B6230000A02300001C240000A0230000E9
:1020580050240000A02300001C240000B623000028
:10206800B6230000502400001C2400008C2300002C
:102078008C2300008C2300005A240000B6230000A3
:10208800B6230000A0230000F6240000A0230000CF
:1020980050240000A0230000F6240000B62300000E
:1020A800B623000050240000F62400008C23000012
:1020B8008C2300008C230000F0310000A4300000C5
:1020C8001C300000463000001C3000008831000041
:1020D8001C30000046300000A4300000A43000008E
:1020E80088310000463000003E3000003E300000DD
:1020F8003E300000AA310000325034473A256420AF
:10210800424C453A256420504F533A2564204D4FA0
:1021180044453A25640A00296C6C756E2800296CC0
:10212800696E280065786974006B696C6C006330AF
:10213800000000002A0000DDB98C00002C0000DD42
:10214800C38C00002D0000FFCD8C00002E0022FF64
:10215800DD8C0000380000FFED8C0000090011DD67
:10216800F98C0000050011DD038D0000000000005F
:1021780000000000E200E900EA00B500B600B70080
:10218800CD008301CC008A0192019401210223022F
:1021980024022502260227022A02B300B4006F0097
:1021A80070009F01CB019F02A00200000000000008
:1021B80000000000000000000000000000007E0F8A
:1021C80000D4FFFFFFC700000078000000000000F7
:1021D80000002A2B2800000000000000000000007A
:1021E800000000000029000000002C1E34202122DD
:1021F80024342627252E362D3738271E1F20212246
:10220800232425263333362E37381F0405060708BE
:10221800090A0B0C0D0E0F101112131415161718AE
:10222800191A1B1C1D2F3130232D350405060708EC
:10223800090A0B0C0D0E0F1011121314151617188E
:10224800191A1B1C1D2F3130354C3A3B3C3D3E3F83
:1022580040414243000000000044450102040810C8
:10226800204080000400167EE600E700094E0000CA
:1022780000000000C8000100000000000080FF000E
:1022880000000000398D00001D4E0000454E000082
:10229800000000003C2101001D2E2C1F11202122CE
:1022A80016232425302F17180F121E13152D102B47
:1022B800142A0D0E2829343537383B3C00FFFFFF20
:1022C800FFFFFFFFFFFFFFFFFFFFFFFFFF0102030D
:1022D8000405060708090A0B0C0DFFFF0E0F101165
:1022E80012131415161718191A1BFFFF1C1D1E1F91
:1022F8002021222324252627FF28FFFF29FF2A2B18
:102308002C2D2E2F30313233FF34FFFF353637FF77
:10231800FF38FFFFFF393A3B3CFFFFFF000A100A76
:10232800200A300A400A500A600A700A800A900A95
:10233800A00AB00AC00ADC0A0414181428143814B5
:10234800481458146814781488149814A814B814E5
:10235800C814DE14041E1C1E2C1E3C1E4C1E5C1EC3
:102368006C1E7C1E8C1E9C1EAC1EBC1ED81E082813
:10237800232833284328532863287328832893283D
:10238800A328B428E0280032143228326E32B03242
:10239800C032D028E028E141E141E14101010101D9
:1023A8000101010101010101010101010101010115
:1023B8000101010101010101010101010101010105
:1023C80001010101010101010101010101010101F5
:1023D800010101010101010101000000102000407C
:1023E800000000805000510052004F00010101011F
:1023F80001010101010101010100000002040000C6
:10240800000000000000000002035002000000006D
:102418004F024F034F03500350034F034F034A0229
:102428004A024D02000000002900000000000000E0
:102438000000000000000000000000000000000094
:10244800000000000000000000001E001F00200027
:1024580021002200230024002500260027002D004B
:102468002E002A00000000002B0014001A000800AB
:10247800150017001C0018000C00120013002F0094
:102488003000310000000000390004001600070089
:1024980009000A000B000D000E000F003300340085
:1024A8000000280000000000E10000001D001B00E3
:1024B800060019000500110010003600370038002A
:1024C8000000E50000000000E000E300E20000007A
:1024D80000002C00000000000000167E2452650059
:1024E800E4000000000000002900000000000000D7
:1024F80000000000000000000000000000000000D4
:10250800000000000000000000001E001F00200066
:1025180021002200230024002500260027002D008A
:102528002E002A00000000002B0014001A000800EA
:10253800150017001C0018000C00120013002F00D3
:1025480030003100000000003900040016000700C8
:1025580009000A000B000D000E000F0033003400C4
:102568000000280000000000E10000001D001B0022
:102578000600190005001100100036003700380069
:102588000000E50000000000E000E200E3000000B9
:1025980000002C00000000000000167E2452650098
:1025A800E40000000000000035000000000000000A
:1025B8000000000000000000000000000000000013
:1025C800000000000000000000003A003B003C0052
:1025D8003D003E003F0040004100420043004400EF
:1025E80045002A00000000002B00017E027E037EC9
:1025F800007E4600470048000C00120013002A78AD
:1026080029782178000000003900005201520700A3
:10261800090049004A004B000E000F002478237877
:102628000000280000000000E100000043780000DE
:10263800487847784C004D004E004A784978520057
:102648000000057E00000000E000067EE2000000B9
:1026580000004278000000000000500051004F00C8
:10266800000000000000000035000000000000002D
:102678000000000000000000000000000000000052
:1026880000000000000000000000BE00BD00C10006
:10269800C20022002300AC00AE00AB00A800AA00D4
:1026A800A9002A00000000002B00017E027E037EA4
:1026B800007E4600470048000C00120013002A78EC
:1026C80029782178000000003900005201520700E3
:1026D800090049004A004B000E004B00247823787B
:1026E8000000280000000000E100000000000000D9
:1026F800487847784C004D004E004A784978520097
:102708000000057E00000000E000E200E300000099
:1027180000004278000000000000500051004F0007
:1027280000000000000000000100000000000000A0
:102738000000000000000000000000000000000091
:10274800000000000000000000003A003B003C00D0
:102758003D003E003F00400041004200430044006D
:1027680045000100000000000100017E027E037E9A
:10277800007E010001000100010001000100AA0023
:10278800A900010000000000010001000100010093
:102798000100010001000100010001000100010029
:1027A800000001000000000001000000010001001D
:1027B8000100010001000100010001000100010009
:1027C80000000100000000000100010001000000FD
:1027D80000000100000000000000010001000100ED
:1027E800010000000000000029480000CD52000050
:1027F800F9520000255300005153000041480000E1
:10280800C805010902A10185020901A100050919EC
:10281800012908150025019508750181020501099E
:102828003009311581257F9502750881060938150B
:1028380081257F950175088106050C0A38021581E6
:10284800257F950175088106C0C005010980A10191
:10285800850319012AB700150126B70095017510DF
:102868008100C0050C0901A101850419012AA002F3
:10287800150126A002950175108100C00501090601
:10288800A1018506050719E029E715002501950826
:10289800750181020507190029EF1500250195F03A
:1028A800750181020508190129059505750191022F
:1028B800950175039101C00660FF0961A1010962D4
:1028C800150026FF0095207508810209631500266A
:1028D800FF00952075089102C005010906A10105B0
:1028E8000719E029E715002501950875018102956A
:1028F80001750881010507190029FF150026FF0049
:102908009506750881000508190129051500250196
:10291800950575019102950175039101C0000001AB
:102928000002000100030001000200010004000190
:10293800000200010003000100020001000500017F
:102948000002000100030001000200010004000170
:10295800000200010003000100020001000600015E
:102968000002000100030001000200010004000150
:10297800000200010003000100020001000500013F
:102988000002000100030001000200010004000130
:10299800000200010003000100020001000700011D
:1029A8000002000100030001000200010004000110
:1029B80000020001000300010002000100050001FF
:1029C80000020001000300010002000100040001F0
:1029D80000020001000300010002000100060001DE
:1029E80000020001000300010002000100040001D0
:1029F80000020001000300010002000100050001BF
:102A080000020001000300010002000100040001AF
:102A180000020001000300010002000100000001A3
:102A280000000000B8330100843200208432002006
:102A380084320020B83301000000000000000000CC
:102A480000000000B8330100000000000000000092
:102A580000000000B8330100000000000000000082
:102A680000000000B8330100000000000000000072
:102A780000000000B8330100000000000000000062
:102A880000000000B8330100000000000000000052
:102A980000000000B8330100000000000000000042
:102AA8000000000001020030313233343536373847
:102AB8003941424344454600160343004900440057
:102AC8004F004F00200051004B003600310000003D
:102AD8001203520044004D00430054004D005A00B8
:102AE800540000000403090409025B00030100A06C
:102AF800FA09040000010301010009211101000184
:102B080022440007058103080001090401000203AB
:102B1800000000092111010001222200070582039B
:102B28002000010705030320000109040200010336
:102B380000000009211101000122B60007058403E5
:102B48002000011201000200000040B036353005B7
:102B580000010203014422B6E1280100BF28010058
:102B680009280100022B01001B2B01003B2B01004F
:102B7800FF00003131295A1B750A000101010101CA
:102B8800010101010202020202020202020303031E
:102B980003030303030404040404040405050505EE
:102BA80005060606060607070707070808080809AE
:102BB8000909090A0A0A0B0B0B0C0C0C0D0D0D0E5A
:102BC8000E0E0F0F0F1010111111121213131414EF
:102BD800151516161717181819191A1A1B1B1C1D64
:102BE8001D1E1E1F202021222223242425262627BD
:102BF8002829292A2B2C2D2D2E2F303132323334EF
:102C080035363738393A3B3C3D3E3F4041424344F4
:102C180045464748494A4C4D4E4F505153545556D6
:102C280058595A5B5D5E5F616264656668696B6C82
:102C38006D6F7072737577787A7B7D7E80828385FD
:102C480087888A8C8E8F91939596989A9C9EA0A23D
:102C5800A3A5A7A9ABADAFB1B3B5B7BABCBEC0C247
:102C6800C4C6C9CBCDCFD1D4D6D8DBDDDFE2E4E70B
:102C7800E9EBEEF0F3F5F8FAFDFF000000000000C4
:102C88009DCC000041D00000E3D00000400040008F
:102C9800E8290020E829002001000000DE290020A2
:102CA80036210100002A0020C02A0020A1D30000FC
:102CB80029B7000001C80000000000000004004817
:102CC80003040048040400480504004806040048BA
:102CD800070400480004080C1014181C2024282C91
:102CE8003034383C4044484C5054585C6064686CFC
:102CF8007074787C8084888C9094989CA0A4A8ACEC
:102D0800B0B4B8BCC0C4C8CCD0D4D8DCE0E4E8ECDB
:102D1800F0F4F8FFFFF8F4F0ECE8E4E0DCD8D4D005
:102D2800CCC8C4C0BCB8B4B0ACA8A4A09C989490BB
:102D38008C8884807C7874706C6864605C585450AB
:102D48004C4844403C3834302C2824201C1814109B
:102D58000C0804000102030405060708090AFF001D
:102D680000FF8000FFFF0000FF0000FFFF0000FFE2
:102D78008000FFFFFFFF0000000000C800C800C877
:102D8800000000000F0C00480E0C00480F08004817
:102D98000E0800480D080048030C0048020C0048C3
:102DA8000C0800480B0800480A0800480E000048B4
:102DB80009080048080800480708004806080048AD
:102DC8000F0400485245454E54206D616C6C6F638A
:102DD8002073756363656564656400002E2E2F2E6D
:102DE8002E2F2E2E2F2E2E2F2E2E2F2E2E2F6E657F
:102DF800776C69622F6C6962632F7374646C6962A3
:102E08002F72616E642E63002C2066756E63746980
:102E18006F6E3A2000000000617373657274696F09
:102E28006E2022257322206661696C65643A2066EB
:102E3800696C6520222573222C206C696E6520251B
:102E480064257325730A0000232D302B2000000011
:102E5800686C4C0065666745464700003031323380
:102E6800343536373839414243444546000000007E
:102E780030313233343536373839616263646566E8
:042E88000000000046
:082E8C00D0F2FE7F01000000FE
:102E9400040C00200000000044110020AC110020AC
:102EA40014120020000000000000000000000000D8
:102EB400000000000000000000000000000000000E
:102EC40000000000000000000000000000000000FE
:102ED40000000000000000000000000000000000EE
:102EE4000000000003000000441100200000010065
:102EF40001003C000201320100000100000000005A
:102F040000000000000000000000000000000000BD
:102F140000000000000000000000000000000000AD
:102F2400000000000000000000000000000000009D
:102F3400000000000000000000000000000000008D
:102F4400000000002000000000000000000000005D
:102F5400000000000000000000000000000000006D
:102F6400000000000000000000000000000000005D
:102F7400000000000000000000000000000000004D
:102F8400000000000000000000000000000000003D
:102F9400080000000000000000000600000000001F
:102FA400000000000000000000000000000000001D
:102FB400000000000000000000000000000000000D
:102FC40000000000000000000000000000000000FD
:102FD40000000000000000000000000020000000CD
:102FE40000000000000004000000000000000000D9
:102FF40000000000000000000000000000000000CD
:1030040000000000000000000000000000000000BC
:1030140000000000000000000000000000000000AC
:103024000000000000000000030000000000000099
:103034000000030000000000000000000000000089
:10304400000000000000000000000000000000007C
:10305400000000000000000000000000000000006C
:10306400000000000000000000000000000000005C
:103074000000000003000000000000000000020047
:10308400000000000000000000000000000000003C
:10309400000000000000000000000000000000002C
:1030A400000000000000000000000000000000001C
:1030B400000000000000000000000000000000000C
:1030C400060000006C0C0020B80C0020000000007A
:1030D40000000000E80D00209C0D0020500D002091
:1030E40000000000040D00200000000000000000AB
:1030F400340E0020C5C90000A9C90000A1D10000F8
:1031040071B800008DB800009DB80000380E002092
:10311400C5C90000A9C90000A1D1000071B8000010
:103124008DB800009DB800003C0E002001CA0000CC
:10313400DDC90000BFD10000CDB80000F1B8000027
:1031440009B90000FF0014004100410041004100A2
:103154004100390559AB0000EDB60000F5EC000064
:1031640003ED000011ED00001FED00002DED000047
:1031740000FF00FFFF03000000000000000000004B
:10318400000000000000000000000000000000003B
:10319400000000000000000000000000000000002B
:1031A400000000000000000000000000000000001B
:1031B4000300000000000000BFCA0000000000007F
:1031C40020000000000000000000000002000000D9
:1031D40000000000000000000000000000000000EB
:1031E4000000000000000000B030002004000000D7
:1031F4000400000020000000802B002000000000DC
:1032040000000000980E00200000000000000000F4
:1032140000000000000000000000000000000000AA
:10322400000000000000000000000000000000009A
:10323400000000000000000000000000000000008A
:103244000300000000000000BFCA000000000000EE
:103254000800000000000000000000000200000060
:10326400000000000000000000000000000000005A
:103274000000000000000000B03000200100000049
:103284000400000008000000502B00200000000093
:10329400000000007C0E0020000000000000000080
:1032A400000000000000000000000000000000001A
:1032B400000000000000000000000000000000000A
:1032C40000000000000000000000000000000000FA
:1032D4000300000000000000BFCA0000000000005E
:1032E40020000000000000000000000002000000B8
:1032F40000000000000000000000000000000000CA
:103304000000000000000000B030002002000000B7
:103314000400000020000000C02A0020000000007B
:1033240000000000600E0020FF02C8000000000042
:103334000000000000000000000000000000000089
:103344000000000000000000000000000000000079
:103354000000000000000000000000000000000069
:103364000000000003000000000000000000000056
:103374007FCB0000000020000000000000000000DF
:103384000200000000000000000000000000000037
:10339400000000000000000000000000B030002029
:1033A400030000000400000020000000102C002096
:0433B4000000000015
:040000030000019167
:00000001FF
