:10000000000400209101000001E400004DE4000024
:100010009301000093010000930100009301000090
:100020009301000093010000930100009301000080
:10003000930100009301000093010000DDF0000037
:100040009301000093010000930100008D720000F5
:1000500093010000B1720000C57200001D73000022
:100060009301000093010000097300009301000058
:100070009301000093010000ED730000CD720000B9
:10008000E1720000F572000093010000930100008E
:100090009301000093010000930100009301000010
:1000A0009301000093010000930100009301000000
:1000B000930100009301000093010000B5F80000D7
:1000C00072B6244880F30888234880F30988022008
:1000D00080F31488BFF36F8F08F056F80EF0A0F885
:1000E0001E481F491B4A914202DA08600431FAE7B0
:1000F0001C49194A914202DA08600431FAE71A49A8
:100100001A4A1B4B9A4204DA086810600431043220
:10011000F8E700201749184A914202DA08600431D2
:10012000FAE70EF095F80EF091F8144C144DAC422D
:1001300003DA216888470434F9E70BF017F8114C0B
:10014000114DAC4203DA216888470434F9E70F49BE
:100150000847000000040020000C002055555555AC
:100160000000002000040020C41A0100000C002040
:100170002411002040110020E8300020C0000000C1
:10018000C0000000C0000000C00000004FE20000FE
:1001900096E700F000F8FEE7F0B544464D465646B7
:1001A0005F46F0B46B46CB60C3689D46F0BCA0468A
:1001B000A946B246BB46F0BD62B6281CA047002047
:1001C0000EF012F9FEE70EF091F8024A024B1360AE
:1001D000FEE7C04604ED00E000000080114B70B562
:1001E0001C680500236B002B03D000221D615A619F
:1001F00070BD182000F094F8031E20630CD00A4A4A
:1002000000210260094A4260094A82600B22828111
:10021000012018615961E8E700224621054B064894
:1002200000F050F8000C00200E33CDAB34126DE618
:10023000ECDE0500FC190100141A0100184B70B522
:100240001D682C6B002C0ED020696169154A164B75
:1002500001F098FE0122002312184B41580040087B
:100260002261636170BD182000F05AF8041E2863F3
:100270000FD00E4B012203600D4B43600D4B83608A
:100280000B23838100230261436107480A4A064B1E
:10029000E6E700225221094B094800F013F8C04656
:1002A000000C00202D7F954C2DF451580E33CDAB12
:1002B00034126DE6ECDE05002E7F954CFC19010032
:1002C000141A010070B514001A000A4B06001B68CE
:1002D00084B0D868002C0AD0074B084D01930091D8
:1002E00033002900029400F03BF800F011F8044BB1
:1002F0001C00F2E7000C0020401A0100501A010017
:100300004C1A0100130010B50022FFF7DBFFC046B6
:10031000062010B500F0C8F801200EF005F9C0461F
:1003200010B5034B0100186800F02EFF10BDC04649
:10033000000C002010B5034B0100186800F0ACFF62
:1003400010BDC046000C00200CB400B583B004AB57
:1003500004CB019300F082F903B008BC02B0184747
:100360000EB400B582B003AB0100054804CB0068B1
:10037000019300F073F902B008BC03B01847C046FF
:10038000000C0020C36B10B50400002B01D000202E
:1003900010BD802100F0F8FEE063002806D00200C6
:1003A0000023803208C09042FCD1F0E70120404297
:1003B000EEE7C04670B505000C0016001F2907D8EF
:1003C000C06B002809D0A40004192068266070BD05
:1003D0001623036001204042F9E78021280000F045
:1003E000D3FE010003000022E86380310028F1D031
:1003F00004C38B42FCD1E6E770B505000C001F2951
:100400001ED8C36B002B0ED08A009B181A68002AD6
:1004100009D0012A05D0511C0ED0002120001960FE
:100420009047002070BD280001F004FB220001006D
:10043000280001F0EBFAF5E7162303600120F1E74D
:100440001623036001204042ECE7C04670B505006A
:100450000C001F2924D8C36B002B14D0A2009B18BA
:100460001A68002A09D0511C0BD0012A07D000219C
:10047000200019609047002070BD0120FCE7032098
:10048000FAE70220F8E7802100F07EFE031EE86311
:1004900006D000210200803002C28242FCD1DDE79A
:1004A00001204042E8E7C046144B70B504001D68C7
:1004B0001F281DD8EB6B002B0DD082009B181A68EB
:1004C000002A08D0012A04D0511C0DD00021196047
:1004D0009047002070BD280001F0ACFA2200010016
:1004E000280001F093FAF5E7162301202B60F1E7CD
:1004F000162301202B604042ECE7C046000C002090
:10050000114B70B504000E001D681F2807D8E86B5A
:10051000002809D0A40004192068266070BD1623A5
:100520002B6001204042F9E78021280000F02CFEDA
:10053000010003000022E86380310028F1D004C3E9
:100540009942FCD1E6E7C046000C00200C4B10B5E8
:100550001C68E36B002B01D0002010BD802120001F
:1005600000F012FEE063002806D002000023803273
:1005700008C09042FCD1EFE701204042EDE7C046C1
:10058000000C0020174B70B504001D681F2825D8EB
:10059000EB6B002B14D0A2009B181A68002A09D01C
:1005A000511C0BD0012A07D0002120001960904770
:1005B000002070BD0120FCE70320FAE70220F8E7E5
:1005C0008021280000F0E0FD031EE86306D0002132
:1005D0000200803002C29042FCD1DCE701204042A0
:1005E000E7E7C046000C0020936810B5013B93601C
:1005F000002B04DA9469A34207DB0A2905D01368AB
:10060000581C10600800197010BD00F0A1FEFBE737
:10061000F8B506000F00002B0DD01400D51802E02D
:100620000134AC4207D03A0030002178FFF7DCFFFC
:10063000431CF5D1F8BD0020FCE7C04610B51400FE
:1006400092680023002A05D0220000F08BF90022D6
:100650000300A26000221800626010BDF0B54E4693
:100660004546DE465746E0B58146884614001E00E2
:100670009FB0002803D0036A002B00D11FE143463E
:100680009B891B0700D48FE043461B69002B00D1D8
:100690008AE0002306AD6B6120336B761033AB76B6
:1006A0005346A346874F059603935B461B78002B62
:1006B00000D19BE05C4603E063780134002B7DD0E1
:1006C000252BF9D15B46E31A9A465C457BD123780A
:1006D000002B00D18AE0012300225B42069207939F
:1006E000002200230892099300234332AB54AB65E8
:1006F00001339B46013406E05A46C01B82401C0071
:1007000029680A432A6005223800217800F0F0F8B1
:10071000631C1E000028EFD12A68D10602D54321B0
:1007200020306854110702D543212B2068542178CA
:100730002A2967D1059B191D1B680591002B00DA3A
:1007400098E0EB6061782E2900D172E05E4C0322C4
:10075000200000F0CDF8002806D04023001B834085
:100760002A68013613432B603178731C06225748E0
:100770009B46297600F0BCF8002800D180E0544B5D
:10078000002B67D005AA0092290042464846514BEB
:1007900000E000BF0390039B013327D0039A6B69ED
:1007A000944663446B6180E74146484600F062FC32
:1007B000002800D16DE7012040421CE05B46E31AAF
:1007C0009A465C4512D03B0000264746A0464C4660
:1007D000994602E00136B24543D95B463A00200013
:1007E000995DFFF701FF0130F4D1B84643469B897C
:1007F0005B06E0D468691FB0F0BCBB46B246A946B0
:10080000A046F0BD08003038260009289BD8EA68C9
:10081000140000E00133A2001219197852001418D4
:10082000080030380928F5D91E00EC602E2900D0C8
:100830008CE771782A292DD1059BB01C1A1D1B68E5
:1008400005926B60002B02DA01235B426B60B1788A
:1008500006007BE70722059B073393430833059384
:100860009CE74B466A69A146524444466A61B846D1
:100870001F002CE75B42EB6002231A432A6061E70A
:1008800005AA0092290042464846124B00F0BCFEE1
:10089000039080E708000023303801366B60092898
:1008A00000D953E71A0093009B1871785B001A185F
:1008B0000800303801360928F5D96A6046E700F0AB
:1008C000D7FADCE6801A0100881A01008C1A0100B0
:1008D000000000001106000010B504001300034AD8
:1008E00010680A002100FFF7B9FE10BD000C0020BF
:1008F00070B5CCB283070DD0531E002A0FD003254C
:1009000004E00130284206D0013B08D30278A2421D
:10091000F7D170BD1300032B03D8002B14D1002096
:10092000F7E7FF220A401502AD182A040B4EAD1856
:1009300003E0043B0430032BEFD9026808496A4006
:10094000511891433142F4D0C31802E0013098426B
:10095000E5D00278A242F9D1DBE7C04680808080F2
:10096000FFFEFEFEF0B54E46DE4657464546E0B574
:10097000936883B00C0091460090002B5FD00C234D
:10098000CA5E130763D50B69002B60D04B461F6806
:10099000930723D5A36A00269A46B34B00259846B1
:1009A000216A002D16D02B00454500D9AE4B3200F0
:1009B0000098D047002859DD4B464A469B683618B8
:1009C0001B1A2D1A9360002B39D0A36A216A9A460C
:1009D000002DE8D13E687D680837E2E7D30762D58D
:1009E0000023B84600209A4600261F00002E45D05E
:1009F00000284CD03B00B3469E4200D99B4620685D
:100A00002269A5686369904203D9ED18AB4500DD02
:100A1000FEE05B4500DDEEE0A56A5246216A0098E3
:100A2000A847051E22DD01207F1B19D04B464A46F0
:100A30009B68AA445B1B761B9360002BD6D10020D9
:100A400003B0F0BCBB46B246A946A046F0BD2100AB
:100A5000009800F00FFB00280DD10C23E25E95E713
:100A60002100009800F0C2FA0028DFD00C22A35E1B
:100A700040221343A38101204042E1E7082243467C
:100A800094465E68E044002EF8D01B689A46320017
:100A90000A215046FFF72CFF002800D1DBE0534627
:100AA0000130C71AA6E7002380219A4689008B46A9
:100AB000564655462068A36884469846002D5CD06B
:100AC00059460A425DD09A46AB4200D990E0902345
:100AD000DB001A4232D02169431A60690193430056
:100AE0001B18D80FC3185810019B824601335B199D
:100AF000834201D99A461800520500D497E00100BC
:100B0000009800F041FB8046031E00D1A6E0019A48
:100B1000216900F035FFA389544A13408022134312
:100B2000A38143462361019B1A00424494462260FC
:100B30005246A846AA46D31A6261A36052463100C3
:100B4000604600F07BFF4246A8460025A368206867
:100B50009B1A5044A36020604B4642469B68464423
:100B60009B1A4A46936000D169E70C23E25E206835
:100B7000A36884469846002DA2D13E687D68083758
:100B80009AE7226982421BD362699046AA4217D82B
:100B9000802328001B069D4200D33548414601F0C2
:100BA00005F94346A26A43439046216A3200009801
:100BB000C047002800DC59E780464346ED1ACBE7E2
:100BC0009846AB4200D9A8464246310000F036FFB5
:100BD0004246A36820689B1A4044A3602060002B13
:100BE000EBD12100009800F001FA0028E5D03DE7A4
:100BF000A846AA46A2E75A46514600F01FFF5A46A9
:100C0000A3685D469B1AA36023685B4423600AE7E0
:100C100051462A0000F012FF236821005B1900985A
:100C2000236000F0E3F9002800D1FCE61EE7020093
:100C3000009800F009FC8046002800D071E7009D74
:100C40002169280000F028FB8022A3899343743A8D
:100C50001BB22A600CE7731C1F00CCE6009A0C3311
:100C600013600C22A35E03E700FCFF7F7FFBFFFF06
:100C7000FFFFFF7F0020704710B5034A0349044877
:100C800000F0C0FB10BDC046500C0020ED0F00006E
:100C9000040C002041680B4B10B50400994201D0B0
:100CA00000F0A4F9A168084B994202D0200000F09E
:100CB0009DF9E168054B994202D0200000F096F9B9
:100CC00010BDC04644110020AC11002014120020B9
:100CD00000207047F8B5CE464746344C344B354A71
:100CE0002000002580B51A600423082200215C3012
:100CF00025606560A560656625616561A561E36045
:100D000000F052FF2C4B2000994663622B4B2C4F76
:100D10009846A362CC23E5502A4B2B4E6367802371
:100D200008220021C430E550E7622663A566E56627
:100D30002567A567E567246200F036FF2200882357
:100D40006832E2504A460433E250424620000433FF
:100D5000E2500433E7500433E6503833E5500433AF
:100D6000E5500433E550194A5C33E550583BE250F6
:100D70000433E5502D300433E550082204330021BC
:100D8000FF30E55000F010FF2200F023D032E25097
:100D90004A460433E25042460433E2500433E750FB
:100DA0000433E650C0BCB946B046F8BD441100203B
:100DB00040110020790C0000ED1A0000191B000002
:100DC000591B000009000100891B000012000200ED
:100DD000F8B5244B07001B68002B3BD0224E7368EC
:100DE000B468013B03D51BE06834013B18D30C22E7
:100DF000A55E002DF8D120001C4B08220021E360E5
:100E000065662560A560656025616561A5615C30EA
:100E100000F0CAFE6563A563A564E5642000F8BD23
:100E20003568002D01D02E00D9E7D62138004900C1
:100E300000F0AAF9041E10D00423D022056025007A
:100E400043600C300021A060520000F0ADFE346021
:100E50002E00C4E7FFF73EFFC0E70C2330603B6085
:100E6000DCE7C04640110020500C00200100FFFFCD
:100E7000036A10B5002B00D010BD044B0362044B75
:100E80001B68002BF8D1FFF725FFF5E7950C000054
:100E9000401100207047C0467047C04610B5002082
:100EA000024A034900F0AEFA10BDC046500C0020C3
:100EB000750C000010B50020024A034900F0A2FAA8
:100EC00010BDC046500C0020D10C0000F0B5C64645
:100ED00000B50C228B5E07000C001A073CD44A6850
:100EE000002A5CDDE66A002E32D000223D68216ACD
:100EF0003A60DA0457D4002201233800B0470200D8
:100F0000431C65D00C21635EE66A216A5B0706D547
:100F10006368D21A636B002B01D0236CD21A0023B2
:100F20003800B047431C40D000236360236923602E
:100F3000A389DB044AD4616B3D60002908D02300FB
:100F40004433994202D0380000F0A6F900236363CD
:100F5000002080BCB846F0BD0E69002EF8D00D68A8
:100F60000022AD1B0E609B0700D14A69A260002DD4
:100F700004DCEDE736182D1A002DE9DDA36A3200F6
:100F8000984638002B00216AC0470028F2DC402236
:100F9000A38913431BB20120A3814042D9E70A6C05
:100FA000002A9FDCD4E7626DB0E739680C22A35EAB
:100FB0001D2916D80C4ACA40D20712D500226260F9
:100FC00022692260DB04B6D50029B4D16065B2E79E
:100FD0003B68002B96D01D2B01D0162BD7D13D603E
:100FE000B6E740221343D6E7010040200B6970B5F5
:100FF00005000C00002B08D0002802D0036A002B4B
:101000000AD00C22A35E002B01D1002070BD21006C
:101010002800FFF75BFFF9E7FFF72AFFF1E7C0467B
:1010200070B5041E18D00F4B1D680369002B08D043
:10103000002D02D02B6A002B0AD00C22A35E002BBD
:1010400001D1002070BD21002800FFF73FFFF9E724
:101050002800FFF70DFFF0E7034A0449044800F0B9
:10106000D1F9EFE7000C0020500C0020ED0F00003C
:10107000040C0020314B70B5050018680C000028E6
:1010800002D0026A002A4FD00C22A35E1A071DD597
:101090002269002A24D0D90708D50021A1606169FE
:1010A00000204942A161002A08D070BD00219807A4
:1010B00000D461690020A160002AF6D11A06F4D597
:1010C00040221343A38101204042EEE7DA062ED5E9
:1010D0005A0714D4226908210B43A381002ADAD1CC
:1010E000A02180208900800019408142D3D02100B6
:1010F000280000F0BDFB0C22A35E2269CBE7616BE8
:1011000000290AD022004432914204D0280000F085
:10111000C3F80C22A35E00226263242293430022C0
:10112000626022692260D6E7FFF7A2FEACE70922DF
:101130002A6040221343A381C5E7C046000C00206B
:1011400070B5104E050033680C00002B15D021003F
:1011500028000DF0C3F9431C0CD00323C41C9C438E
:10116000A04205D0211A28000DF0B8F9013001D0B5
:10117000200070BD01246442FAE700210DF0AEF9B1
:101180003060E4E77C120020F8B50323CE464746E2
:10119000CD1C9D430835060080B50C2D1ED20C25B4
:1011A000A9421DD8300000F05FFB3A4F7A68002A50
:1011B0001AD0140004E063682200002B14D01C0035
:1011C00023685B1BF7D40B2B27D961192560944248
:1011D0005BD051600B6063684B600DE0002DDFDA7F
:1011E0000C230020336014E029003000FFF7A8FF33
:1011F0000400431C19D00560300000F037FB2000CC
:1012000007220B30231D9043C21A984201D01B1AAB
:10121000A350C0BCB946B046F8BD6368944202D042
:101220005360E9E743467B60E6E77B689846002B1E
:1012300024D0444663689846002BFAD123680021E5
:1012400099463000A1440DF049F9814516D1236833
:101250003000ED1A2900FFF773FF01300ED023682C
:101260007A685B1923605368002B02D1DAE71A0011
:101270005B689C42FBD100235360BDE70C23300028
:10128000336000F0F3FA0020C3E779600B60636815
:101290004B60B1E77C12002070B50500002915D025
:1012A0000C1F2368002B23DB280000F0DDFA274AFF
:1012B0001368002B05D0A3420BD921686018834224
:1012C0002CD028006360146000F0D0FA70BDA342F7
:1012D00010D81A005B68002BF9D1106811188C42E5
:1012E00018D02CD363605460280000F0BFFAEDE7FB
:1012F000E418D9E711685018A04214D01FD821680B
:1013000060188342EED118685B6841182160636001
:101310005460E9E723681B181360E5E718685B6809
:1013200041182160CDE720680918501811608342E8
:10133000DAD118685B68411811605360D4E70C2358
:1013400028002B6000F092FAC0E7C046801200200F
:10135000F8B505000E001400002802D0036A002B27
:1013600041D0A369A360A3891B071BD52369002B68
:1013700018D0FF22F7B2616916402268D31A994249
:101380001FDD0133A1680139A160511C2160177074
:1013900062699A421ED0A389DB0701D50A2E19D0B3
:1013A0003000F8BD21002800FFF764FE002817D1A7
:1013B000FF222369F7B2616916402268D31A994265
:1013C000DFDC21002800FFF711FE002808D10123EF
:1013D0002268D7E721002800FFF708FE0028DFD0A9
:1013E00001267642DCE7FFF743FDBAE7030010B5BC
:1013F0000A00034908681900FFF7AAFF10BDC0469C
:10140000000C0020F8B54746CE46884680B5814698
:10141000170000267D68BC68013D0DD4A389012B0F
:1014200007D90E22A35E013303D021004846C047EE
:1014300006436834013DF1D23F68002FEAD1300005
:10144000C0BCB946B046F8BDF0B5C64607000E00B0
:10145000140000B500292DD0002A27D000F09AFBF7
:101460008046844203D835004308A34210D32100AC
:101470003800FFF789FE051E0AD0220044450BD82C
:101480003100280000F07CFA31003800FFF704FF3B
:10149000280080BCB846F0BD31004246280000F06C
:1014A0006FFA31003800FFF7F7FEF1E7FFF7F4FEBF
:1014B0000025EDE71100FFF767FE0500E8E7C046ED
:1014C000F8B557464E464546DE46E0B51F000A9B36
:1014D000924698460A698B6806000C009A4200DA28
:1014E0001A0053461A604323E35C002B02D0514696
:1014F00001320A602268910661D5534652460620A1
:101500001B680233136022681100104208D10020CA
:10151000814619308346E168A344994247DC1100B3
:101520004323E35C5A1E934189060AD53020E11813
:101530004331087045215A1C615CA21843320233C2
:1015400011702200390030004332C04701301DD0F5
:10155000534606251B68E1689C462368A2682069FB
:101560002B40042B31D0824239DD00239946121AD8
:10157000914400251A3402E001354D452FDA01234C
:10158000220039003000C0470130F5D1012040422F
:10159000F0BCBB46B246A946A046F8BD01239C4616
:1015A0005346E5681B68E144ED1A4D4524DD0123EF
:1015B0005A4639003000C0470130EFD1E6E7062136
:1015C00011420ED05A1E9341BBE76346C91ACB4362
:1015D000DB170B4099468242C9DC0029C9DC002098
:1015E000D6E7002053468146193083461B68E168E0
:1015F000A3449942DBDC92E743232168E35C5A1E53
:101600009341890692D49CE7F0B54E469946432310
:101610009C4657464546DE468C446346E0B587B057
:1016200002930C00097E90460700109A002914D0FE
:101630000B00583BDBB2202B48D888489B00C3588E
:101640009F46136821681D1D606915601B680E06A2
:1016500002D4490600D5DCE018600023029D236116
:101660004B46210000933800434605AAFFF728FFA8
:1016700001301ED02A00414638002369C847013096
:1016800017D02368E068059E9B071BD5B04219DD83
:1016900019239A460025A24404E0E0680135831B23
:1016A000AB420FDD0123524641463800C8470130A6
:1016B000F3D10120404207B0F0BCBB46B246A94678
:1016C000A046F0BDB042F6DA3000F4E72500422330
:1016D00001204235E154432300222061E254BFE758
:1016E00013682168181D10600D0602D44D0600D540
:1016F00094E01A6816006368002A00DA92E0584AFB
:1017000093460A2203924BE01368206840CB0506FB
:1017100001D440067FD41360514B9B466F2900D102
:1017200091E00A23039337E013682500191D116027
:101730001A68422301204235E254CCE71368191D90
:1017400011601D68002128006268FFF7D1F80028A9
:1017500000D181E0401B6060BDE7202321680B437E
:1017600023604521782060543E498B46116840C96A
:10177000180603D4580601D53604360C1160DA0772
:1017800002D5202213432360002E03D12022236898
:10179000934323601023039343230022E25463689E
:1017A000A360002B18DB042122688A432260002EEC
:1017B00012D1029D002B49D1039B082B1ED0029B06
:1017C0005B1B23614CE745235821E15424492368DE
:1017D0008B46CBE72368C4E7039B9A46029D300003
:1017E000514600F0DFFA5B465B5C013D2B70330035
:1017F00006005345F3D2039B082BE0D12368DB0797
:10180000DDD5626823699A42D9DC3023013D2B7013
:10181000D5E7188021E73604360C7CE700269E5F6A
:10182000320068E743222D20A054A360002B02DB86
:101830000423994321600A239A46094B76429B462A
:101840000A230393CAE708230393A5E75B46250011
:101850001B7842352B70AFE760683CE70C0C010049
:10186000941A0100A81A01007047C0467047C0468C
:10187000F0B50C23CD5E06000C0097B0AA0707D583
:1018800023004733236023610123636117B0F0BD58
:101890000E23C95E00292BDB6A460CF037FE0028B8
:1018A00024DB8027FF0039003000019DFFF76CFC2E
:1018B000002833D08022A38920601343A381F02322
:1018C0001B021D408023206167619B019D42DDD189
:1018D00030000E23E15E0CF025FE0028D6D0032256
:1018E000A389934301221343A381CFE70C23E55E31
:1018F0000F4B2D06ED171D408023DB009C466544F1
:1019000029003000FFF740FC002807D08022A3897F
:1019100020601343A38120616561B7E70C22A35EB9
:101920009A05B3D40322934302221343A381A7E76A
:1019300040FCFFFF70B50C001E000E23C95E1500B1
:1019400096B0002914DB6A460CF0E0FD00280FDB9E
:10195000F02301991B021940084B9C4661444B42FD
:1019600059418023DB00002031602B6016B070BD30
:10197000A38900211B06F4D54023F4E700E0FFFF14
:10198000F0B505000F2A31D903273E000D430C00A6
:1019900003002E402F4234D11500103D2D09AC46D6
:1019A0002F013F1865685D60A5689D60E568DD6092
:1019B000256810341D601D001033BD42F2D165460C
:1019C0000F230C2401352D014919134045191442E8
:1019D0001AD0043B9B0801339B008C59AC51043650
:1019E0009E42FAD10323AD1989191A40561E002AC6
:1019F00006D00023CC5C1A00EC5401339642F9D196
:101A0000F0BD0500561EF4E71A00EFE7002370B59D
:101A1000074D0400080011002B600CF08FFD431CE3
:101A200000D070BD2B68002BFBD02360F9E7C046C7
:101A30008412002010B50CF08BFD10BDF0B588426B
:101A40000AD98B18984207D2531E002A03D0CA5CC9
:101A5000C254013BFBD2F0BD05000F2A0AD8561E26
:101A6000002AF8D00023CC5C1A00EC5401339642D3
:101A7000F9D1F0E703273E000D430C0003002E4090
:101A80002F422DD11500103D2D09AC462F013F18D6
:101A900025681D6065685D60A5689D60E568103417
:101AA000DD601D001033BD42F2D165460F230C24CA
:101AB00001352D01491913404519144213D0043B37
:101AC0009B0801339B008C59AC5104369E42FAD1DD
:101AD00003231A40AD198919561E002AC2D1BAE74C
:101AE0000500561EBEE71A00B9E7C04670B50C00E7
:101AF0000E25495F0CF0E7FC002803DB636D1B1823
:101B0000636570BDA389024A1340A381F9E7C0460B
:101B1000FFEFFFFF00207047F8B50C001F000C23FB
:101B2000C95E05001600CB050AD40A4B32001940E5
:101B30002800A1810E23E15E3B000CF0CBFCF8BD38
:101B40000E23E15E002202230CF0C2FC0C23E15EB6
:101B5000EBE7C046FFEFFFFF70B50C000E25495FB5
:101B60000CF0B6FC431C07D08023A2895B01134311
:101B70001BB26065A38170BDA389024A13401BB2EA
:101B8000F8E7C046FFEFFFFF10B50E23C95E0CF06B
:101B9000A3FC10BD0B1F1B68181F002B00DB704738
:101BA0000B58C018FBE7C046F0B50500830749D0C5
:101BB000541E002A45D003000326CAB202E00135B4
:101BC000013C3ED301332A703342F8D1032C30D983
:101BD000FF220A401502AD182A04AD180F2C34D983
:101BE0002700103F3F093E01B4461E001A00103680
:101BF0006644156055609560D56010329642F8D104
:101C000001373F01DB190F270C22274022403C00FF
:101C1000002A0ED03E1FB608B400A4461A001C1DB0
:101C2000644420C2A242FCD103240136B6009B19B1
:101C30003C40002C05D0C9B21C19197001339C42DC
:101C4000FBD1F0BD03001400C0E72700E2E7C04667
:101C500030B5032A1AD90B0003439B0711D0551E38
:101C6000002303E05A1C9D4213D01300C25CCC5CDD
:101C7000A242F7D0101B0DE0043A04300431032ACD
:101C800004D904680B689C42F6D0E8E7551E002A88
:101C9000E6D1002030BDC046002243088B4274D3F9
:101CA00003098B425FD3030A8B4244D3030B8B425D
:101CB00028D3030C8B420DD3FF22090212BA030C66
:101CC0008B4202D31212090265D0030B8B4219D347
:101CD00000E0090AC30B8B4201D3CB03C01A524167
:101CE000830B8B4201D38B03C01A5241430B8B42AF
:101CF00001D34B03C01A5241030B8B4201D30B0398
:101D0000C01A5241C30A8B4201D3CB02C01A5241BE
:101D1000830A8B4201D38B02C01A5241430A8B4281
:101D200001D34B02C01A5241030A8B4201D30B026A
:101D3000C01A5241CDD2C3098B4201D3CB01C01A84
:101D4000524183098B4201D38B01C01A524143098E
:101D50008B4201D34B01C01A524103098B4201D37C
:101D60000B01C01A5241C3088B4201D3CB00C01AE9
:101D7000524183088B4201D38B00C01A5241430861
:101D80008B4201D34B00C01A5241411A00D2014686
:101D9000524110467047FFE701B5002000F0F0F80F
:101DA00002BDC0460029F7D076E7704703460B43D3
:101DB0007FD4002243088B4274D303098B425FD344
:101DC000030A8B4244D3030B8B4228D3030C8B4270
:101DD0000DD3FF22090212BA030C8B4202D3121256
:101DE000090265D0030B8B4219D300E0090AC30B2B
:101DF0008B4201D3CB03C01A5241830B8B4201D3D8
:101E00008B03C01A5241430B8B4201D34B03C01AC0
:101E10005241030B8B4201D30B03C01A5241C30A38
:101E20008B4201D3CB02C01A5241830A8B4201D3A9
:101E30008B02C01A5241430A8B4201D34B02C01A93
:101E40005241030A8B4201D30B02C01A5241CDD238
:101E5000C3098B4201D3CB01C01A524183098B4283
:101E600001D38B01C01A524143098B4201D34B016C
:101E7000C01A524103098B4201D30B01C01A5241CF
:101E8000C3088B4201D3CB00C01A524183088B4256
:101E900001D38B00C01A524143088B4201D34B003F
:101EA000C01A5241411A00D20146524110467047B1
:101EB0005DE0CA0F00D04942031000D340425340B6
:101EC00000229C4603098B422DD3030A8B4212D376
:101ED000FC22890112BA030A8B420CD389019211A8
:101EE0008B4208D3890192118B4204D389013AD0E5
:101EF000921100E08909C3098B4201D3CB01C01ABA
:101F0000524183098B4201D38B01C01A52414309CC
:101F10008B4201D34B01C01A524103098B4201D3BA
:101F20000B01C01A5241C3088B4201D3CB00C01A27
:101F3000524183088B4201D38B00C01A5241D9D23F
:101F400043088B4201D34B00C01A5241411A00D2C0
:101F50000146634652415B10104601D34042002BBC
:101F600000D54942704763465B1000D3404201B53B
:101F7000002000F005F802BD0029F8D016E77047F0
:101F80007047C046F0B5CE469946030C9C461304F4
:101F900047461B0C1D000E0061460404240C80B54E
:101FA0000700100C4B436543414360432C0CC018A1
:101FB00024188C46A34203D980235B029846C4446C
:101FC000494679435643230C2D042D0C891963444B
:101FD00024046019C918C0BCB946B046F0BDC0465B
:101FE00002B4714649084900095649008E4402BCB2
:101FF0007047C04602B4714649084900095C49006F
:102000008E4402BC7047C04603B471464908400084
:102010004900095E49008E4403BC704703B4714611
:10202000490840004900095A49008E4403BC7047E2
:10203000844608006146FFE71FB500F0E1FA00287A
:1020400001D40021C8421FBD10B500F069FA40421A
:10205000013010BD10B500F0D3FA002801DB0020DC
:1020600010BD012010BDC04610B500F0C9FA00280F
:1020700001DD002010BD012010BDC04610B500F0EC
:1020800077FA002801DC002010BD012010BDC046F9
:1020900010B500F06DFA002801DA002010BD012013
:1020A00010BDC0461C2101231B04984201D3000C23
:1020B00010391B0A984201D3000A08391B099842BB
:1020C00001D30009043902A2105C40187047C046D1
:1020D00004030202010101010000000000000000F1
:1020E000002B11D1002A0FD1002900D1002802D0E5
:1020F0000021C943080007B4024802A14018029019
:1021000003BDC0467DFEFFFF03B4684601B50298DB
:1021100000F024F8019B9E4602B00CBC7047C046FC
:1021200070B500220C4B04000D0002F043FA0028A9
:1021300004D12000290002F033F970BD064B0022C3
:102140002000290001F0F4FC02F02AF980231B068C
:102150009C466044F1E7C0460000E041F0B55746B8
:102160004E464546DE46E0B504000D0092469946CF
:1021700083B08B4230D82DD04946504602F024FA25
:1021800029000600200002F01FFA331A9846203B6F
:1021900034D49B4653465A46934042461F0053460A
:1021A00093401E00AF423BD8AF4200D179E05B467E
:1021B000A41BBD41002B00DA76E000220023009230
:1021C000019301235A4693400193012342469340D1
:1021D000009329E08242CFD900220023009201938C
:1021E0000C9B002B01D01C605D600098019903B02E
:1021F000F0BCBB46B246A946A046F0BD42469B464F
:1022000020239B1A5246DA40414613004A468A4030
:10221000170042461F43534693401E00AF42C3D9A6
:1022200000220023009201934346002BD8D0FB07E5
:1022300072081A4346467B080EE0AB4201D1A24227
:102240000CD8A41A9D41012024196D410021013EA2
:1022500024184D41002E06D0AB42EED9013E241980
:102260006D41002EF8D1009801995B460019694133
:10227000002B24DB2B005A464646D3402A001C0084
:10228000F2405B461500002B2ADB26009E403300FF
:1022900026004746BE403200801A994100900191C5
:1022A0009EE7A342BCD882E74246202300219B1A26
:1022B0000022009101920122DA40019285E7424614
:1022C00020239B1A2A0046469A402300F3404646A4
:1022D00013432A001C00F2405B461500002BD4DAA1
:1022E000202342462F009B1B97402600DE403B00E8
:1022F0003343CDE7F0B546464F46D6464502C0B516
:10230000C30F470098460E1C6D0A3F0E5BD0FF2F8F
:1023100021D08023ED00DB041D43002399469A461B
:102320007F3F74027300640A1B0EF60F002B20D04F
:10233000FF2B43D080220020E400D20414437F3BD3
:102340004246FF1A4B4672400F2B00D99DE071495F
:102350009B00CB589F46002D5AD108239946063B37
:1023600074029A467300FF27640A1B0EF60F002BB7
:10237000DED1002C3BD1012342464946724019432D
:102380000E2918D86448890041588F465346022BBD
:1023900000D1B8E0032B6ED042462C00012B40D177
:1023A00000200024C0052043D2071043E0BCBA46F9
:1023B000B146A846F0BDFF200024F3E7002C20D151
:1023C0000223FF3FD8E7002D05D104239946033BA4
:1023D00000279A46A5E72800FFF764FE7627431FEB
:1023E0009D4000237F4299469A463F1A99E7200074
:1023F000FFF758FE431F9C4076235B421B1A0020C8
:102400009EE703234A461A4391460320FC3397E78D
:102410000C239946093BFF279A4682E703282CD0D4
:10242000320038007F30002847DD630704D00F23D7
:102430002340042B00D00434230103D53800374B4C
:1024400080301C40FE28B6DCA401640AC0B2A9E7B3
:1024500080240022FF20E403A4E78023DB031D4245
:1024600001D01C420BD08024E4032C43640242467A
:10247000FF20640A96E746462C008023DB031C43BA
:1024800064023200FF20640A8CE76D01600185421E
:102490002DD21B230024013F0126290064006D007A
:1024A000002901DB854201D32D1A3443013B002B67
:1024B000F3D16B1E9D412C43B3E701231B1A1B2B49
:1024C00000DD6DE721009E37D940BC400B00611E46
:1024D0008C412343590704D00F211940042900D00F
:1024E0000433590113D49B0100205C0A5AE71A23D4
:1024F00001242D1AD0E7981E434258414042320031
:102500000024C0B24EE74246FF2000244AE70120E3
:10251000002447E7900C0100D00C0100FFFFFFF7FB
:1025200070B542004E024C0045026D0A120EC30FF8
:10253000760A240EC90FFF2A10D0FF2C0CD00120E0
:10254000A2420AD1B54208D18B420FD0002A04D151
:102550002800431E984100E0012070BD0120FF2C9F
:10256000FBD13543F9D14B401800F6E70020F4E7E2
:1025700030B5420044024D02C30F4800640A120EF7
:102580006D0A000EC90FFF2A18D0FF280AD0002AB2
:102590001ED100280AD1002D29D0002C2DD14800B1
:1025A000013830BD002D25D1002A01D1002CF6D0F4
:1025B0008B4219D001205B421843F2E7002C19D15D
:1025C000FF28F7D1002D15D100208B42F2D1E8E78A
:1025D0000028EFD08B42EDD18242EBDC04DBAC4231
:1025E000E8D80020AC42DCD258000138D9E7002CF2
:1025F000D7D0DFE702204042D3E78B42DAD1EEE7C3
:1026000030B5420044024D02C30F4800640A120E66
:102610006D0A000EC90FFF2A17D0FF280AD0002A22
:102620001BD100280AD1002D1DD0002C2DD148002F
:10263000013811E0002D0ED1002A01D1002CF6D076
:102640008B420CD15800013806E0002C03D1FF2842
:1026500005D1002D15D0022030BD002806D1012063
:102660005B421843F8E7002CF6D0F8E78B42F6D12E
:102670008242F4DCE6DBAC42F1D80020AC42EBD283
:10268000E0E700208B42EAD1E6E78B42E7D1F2E7B0
:1026900070B5002812D0C317C5185D40C40F2800BC
:1026A000FFF700FD9E231B1A962B0FDC082838D05D
:1026B000083885406D026D0AD8B202E0002400207F
:1026C0000025C0052843E407204370BD992B14DC86
:1026D000421F95402A001549114055071CD00F256F
:1026E0002A40042A18D00431CA08490115D59F236D
:1026F0005202181A550AC0B2E3E7020029001B3241
:1027000091404A1E91410522121AD5402A000A43DF
:10271000064911405507E2D1CA085202550AD8B2FB
:10272000CFE76D026D0A8E30CBE7C046FFFFFFFB9F
:10273000F0B54F464646D646C0B50D0382B000926E
:1027400001934E00C300CC0F690A450F9C46009AC6
:10275000019B0D435F001903D80F009B490A5B0FD3
:102760001943009B760D7F0DDA00F31B844258D08D
:10277000002B13DD002F00D088E00800104300D1AB
:1027800059E1581E012B00D1C2E2B14FBB4200D12A
:1027900041E1382800DD6AE2030064E1002B00D14A
:1027A000B1E0BB1B002E00D0E1E164462C4300D118
:1027B00076E25C1E012B00D1E8E2A54EB34200D1C7
:1027C000B7E2382C00DC6BE3541EA2429241524225
:1027D0008D1AA0461E0004002A0268D443461F1D1D
:1027E00047459B415B42ED182B0200D49DE3984A7C
:1027F0000136964200D1EBE0964A73052A405B0D04
:102800005107FF0852020F43120B1B051343E40745
:1028100023433800190002B0E0BCBA46B146A846CE
:10282000F0BD002B00DCD7E0002F00D09AE00800BC
:10283000104300D1FFE0581E012B00D148E2844F25
:10284000BB4200D1E7E0382800DCB8E28022120465
:10285000154200D149E31E000023150098467C4B29
:1028600001369E4200D1B3E07A4B01211D40434620
:102870005A081940EF070A4317436D087B07B3D086
:102880000F233B40042BAFD0B846A7E770488642E1
:1028900000D1C0E0382B00DCE2E001235B4263445E
:1028A0009C45804140422D1A98462B0296D5012323
:1028B0005B429846684D2800FFF7F4FB0300083B95
:1028C00020214046CA1AD040020040469D40984010
:1028D0002A438046B34200DA72E1981B4346013036
:1028E000091A45468B40C5405E1EB34117008F4014
:1028F0002B431F43C2403B00150000261343BDD1AC
:102900000027002281E7554F731C3B4200D01BE19A
:1029100063460F002B431743002E00D0C4E1002B69
:1029200000D145E2002F00D107E163469B1A98468B
:10293000C445B6416B1A76429B1B8026360433424F
:1029400000D1CBE26346D31A9A4292411F00491B41
:1029500052428A1A9C46174300D0EDE2040000233D
:10296000002252E73A48864255D0382B00DD48E134
:102970008020000401431F2B00DDE3E12027F81A2B
:10298000824608005746B840814610004F46D8405E
:10299000074338005746BA40D940571EBA416D1810
:1029A000104360448046E045804140422D182B0290
:1029B00000D554E743465B0700D1B9E20F234246F6
:1029C0001340042B00D009E733004246D20834E01C
:1029D00033000022002718E7002B00D18FE0BB1B3B
:1029E000002E00D033E16046284300D140E2581E5B
:1029F000012B00D10AE2164EB34200D185E23828FD
:102A000000DC87E280252D04294200D19CE21E00D3
:102A10000023984623E763466E07D8080643ED086F
:102A200037002F4311D0802212032A4312033700AC
:102A3000074B120BE9E66246D2086E071643044ABA
:102A4000ED089342ECD03700D6E0014B0022DCE6E3
:102A5000FF070000FFFF7FFFFFFF7F00FE07000072
:102A60008020000401431F2B00DDB1E02027F81A6D
:102A7000824608005746B840814610004F46D8406D
:102A8000074338005746BA40D940571EBA416D1A1D
:102A9000104363461B1A9C458041984640422D1ABC
:102AA0002B0287D56D026D0A002D00D003E740464A
:102AB000FFF7F8FA030018331F2B00DC00E742464B
:102AC000083882409E4200DD91E09B1B581C1F2865
:102AD00000DCF8E117001F3BDF40202805D0402331
:102AE0001B1A9A40531E9A411743002F3CD00026D0
:102AF0007B0700D0C4E63500B846330065E7CB4815
:102B0000731C034200D085E063462B43002E00D0A7
:102B100092E10F001743002B00D1D8E1002F0CD019
:102B20006244624580416D1840422D182B0200D549
:102B3000F2E1170094462F4316D063466F07D8087A
:102B400007430023ED0857E063469B1A9846C445A7
:102B5000BF416B1A7F42DB1B1F0200D5AEE0474628
:102B60001D001F43A0D10024002300224DE6B04CDD
:102B7000A74200D1DDE0382B00DD85E0802424046D
:102B800025431F2B00DDECE02026F41AA1462C0083
:102B90004E46B4406646DE403443A04666464C4648
:102BA000A640DD40741EA6414446491B3443131B16
:102BB0009A4292415242984604003E008D1A6FE7B5
:102BC000F61A03009B4D15405B0700D0F6E6FBE6C6
:102BD00018000F002038C740202B03D04020C31A14
:102BE00099400A43531E9A411000384351E79149D6
:102BF000F31A0A405707D5082A035B05120B5B0D31
:102C000003E680231B041D4200D1BBE01D0000230E
:102C1000984624E68648834200D1DAE6624462455B
:102C20008041691840420918C8075208104380467D
:102C30004D08520705D00F221E000240042A00D082
:102C4000CCE542466F07D20817430D09D4E7784810
:102C5000874200D1D5E0382B00DCB2E080252D047E
:102C6000294200D14CE100233E009846F7E50122BD
:102C7000524262449445804140422D1A90461E00C3
:102C80002A0200D513E6A9E5531E9A429241524208
:102C90008D1A984604003E002B0200D507E69DE5FC
:102CA00004000D00D208C8E6002B00D0E3E0002F9E
:102CB0003FD1802200245E4B1203A6E56346D31A5F
:102CC0009A4292414D1B524298460400AD1AEBE6DF
:102CD00062441600664580416A1840421218130289
:102CE00000D49DE0534973080A40D107194357089F
:102CF0005B0700D1FEE00F230B40042B00D1F9E06D
:102D00000B1D98468845AD416D420223ED195CE6E6
:102D100063469B1A9C4580416D1A40422D1A984685
:102D20002B020DD443466F07DB081F43ED08012338
:102D300062E74E07D20804001643CD0870E604008F
:102D40000126AFE618000F002038C740202B03D023
:102D50004020C31A99400A43531E9A411000384339
:102D60001FE61C002E00203CE640202B05D040240E
:102D7000E31A9D4063462B439C466446631E9C4178
:102D8000344314E701236344984627E56346D31A86
:102D90009A4292414D1B5242AD1A98462B02CED414
:102DA00043466F07DB081F4304000123ED0823E7B8
:102DB000002F00D1D7E604000D009446BDE60300C5
:102DC000D9E58020000405431F2B6BDC2020C01AAE
:102DD000804628004646B0406646DE400643B1467F
:102DE00060464646B040DD40461EB0414E46491959
:102DF0003043804690449045924152423E005518DF
:102E0000D5E54E07D2081643CD0809E663469E185D
:102E100096429241691852428A18130200D561E71E
:102E20005707F60801233743D508E5E6FE070000FB
:102E3000FF070000FFFF7FFF002BE2D06346DE08A4
:102E40006B071E430B00ED08134300D1E8E5802318
:102E50001B031D4206D0C808184203D10500D6083E
:102E600049070E43730FF600F6085B071E43D7E5CC
:102E70000D00D208E1E56346DE086B071E43ED084E
:102E8000002F00D1CCE580231B031D42EAD0CF08E0
:102E90001F42E7D1D608490704003D000E43E1E791
:102EA00023006EE618002E002038C640202B05D0E7
:102EB0004020C31A9D4063462B439C466046431EF8
:102EC0009841304395E720210023091A0EE500239D
:102ED000002F00D1BAE50D00904676E547461F4326
:102EE00000D140E61D00C44627E601226244904618
:102EF0001E0073E4C9087F0702230F4315097BE610
:102F0000531C98460D003E0068E4D6084B071E434C
:102F1000CD0885E5030057E7114BD2082B405F072A
:102F200017435A02120B01236FE43300B8464CE5F5
:102F30004346DA08330080E532420AD0084B0400E9
:102F40001A40674601235BE4013290460D001E00E3
:102F500044E4DB0857071F4304000023D5084BE671
:102F6000FFFF7FFFF0B5DE46454657464E46E0B5CB
:102F700087B0009201930B031B0B9B46CA0F4B00BB
:102F8000040080465B0D029200D1BFE08F4A93425D
:102F900038D05946420FC9000A4380210904114321
:102FA000C20090468A4A894692469A4400230024E9
:102FB0000393009E019F3B031B0B7A0030009B464E
:102FC000520DFD0F002A00D17FE0804B9A426ED057
:102FD0005946730FC9000B438021090419438B46DE
:102FE0007B49F3008C46514662448A1A924600217E
:102FF000029E6E40F6B20F2C00D9F9E0754AA4008B
:10300000125997465A460243914600D0B6E09A4676
:103010000223904608240393CBE72E0000210023CF
:10302000002288461B051343F60733434046190028
:1030300007B0F0BCBB46B246A946A046F0BDCB46A1
:103040004346029D0399022900D1FAE1032900D1E8
:10305000A1E00129E1D0604A524490464446002C48
:1030600000DC00E25A0704D00F221A40042A00D0E4
:103070007FE22E00DA085B46DB0106D55946574B46
:10308000802419408B46E4005444554B9C4209DC93
:103090005B465B07134398465B4664055A02120B76
:1030A000630DBFE7002100228846484BBAE75B4624
:1030B000009A13434B4A9446E244002B59D1022212
:1030C000144300220221934692E75B46009A134381
:1030D00049D05B46002B00D1A4E15846FEF7E2FF41
:1030E000030002000B3B1D27009EFB1A11005846EF
:1030F000DE4008398840330003439B46009B8B40E9
:10310000394952448A460021924471E75B460343A1
:10311000994621D05B46002B00D171E15846FEF75D
:10312000C1FF0B235B429C460200844466461D237C
:103130009B1B260011005846DE40083988403300AA
:103140000343994623008B409846284B00249B1A42
:103150009A46002303932CE7002398469A460133AE
:103160000424039325E701221443002201219346FE
:103170003EE7032303211C43330039E79A46032328
:10318000D9460C24039314E7002380229846002696
:103190000E4B120346E78022594612030A431203DC
:1031A00098462E00094B120B3CE780224946120339
:1031B000114202D059461142F0D080224B461203F0
:1031C0001A431203029E014B120B2BE7FF0700006C
:1031D00001FCFFFF0C0D0100FF030000FFFFFFFEDD
:1031E000FE07000001F8FFFFF30300000DFCFFFFE6
:1031F000CB4500D2FAE000D1F5E0012252429446DC
:103200000022444648469046E2445A461F0E1202A7
:103210001B020293130C994617433B041B0C4946AF
:103220000093FEF7BFFD009A0B044243210C0500FA
:1032300019438A4207D9C919013D8F4203D88A42EE
:1032400001D9851EC919881A4946FEF7ABFD009AB7
:10325000240442430904240C03000C43A24204D971
:10326000E419013BA74200D8F7E00299A01A2D0407
:103270000C0C09041D43090C2A0C2B04AB460D0051
:103280001B0C5D43059163435143049462435B18F7
:103290002C0CE318994203D9802149028C466244E0
:1032A000190C2D041B042D0C8A185D19904200D2B4
:1032B00087E000D182E043465D1BA8459B41801A10
:1032C0005B42C01AB14B534498461C00874200D160
:1032D0000CE14946FEF766FD0200009B03905A434D
:1032E0000B04290C19438A420AD90300C919013B6E
:1032F00003938F4204D88A4202D9831E0393C919CB
:10330000881A4946FEF74EFD0A00120494462A0424
:1033100065460099120C414303002A43914207D9A4
:10332000D2190138974203D8914201D9981ED21977
:10333000039B521A1B0403430598190C05008C4685
:103340001904090C4D43894661460095654648437A
:1033500004994D43AC464D464D432918009D2D0C14
:10336000A9464944884203D9802040028146CC4482
:10337000009D080C2D0409042D0C60444D19824257
:103380000FD30BD001221343814A92456CDB1A1DE7
:103390009A429B415B42D2089B446CE6002D00D1CF
:1033A00093E0591EBA188C46BA4200D285E0824298
:1033B00000D2C7E000D1D5E00B00E3E7A84500D379
:1033C00079E75B46591E029B9C46E0441C009845E9
:1033D0009B415B42DB19C018874238D2824278D8C1
:1033E00075D08B4667E7434500D906E74A46D407C0
:1033F00050084246520814434246D207904604E71A
:10340000FEF750FE15239C4684440200634620329A
:103410001C2B00DC8AE623000838834099460023F1
:10342000984692E6FEF73EFE030002001533203276
:103430001C2B00DC57E600990838814000238B469E
:103440005EE600212E0000228846524BEAE58742C4
:10345000C7D14445C2D98B462DE7A24200D804E724
:10346000831EE41901E72E0001224146521A382A30
:1034700000DDD3E51F2A3FDC47481C005044594675
:1034800083408140D440581E834121430B43594619
:10349000D1400A00590709D00F211940042905D04D
:1034A000191D99429B415B42D2180B00110268D54D
:1034B0000021012300228846B4E50B00824200D09F
:1034C00060E7029A954200D05CE73500C6E54545C5
:1034D00087D902235B429C46029BE3449C46E0441E
:1034E00098459B415B42DB19C018E4E6002B36DDB2
:1034F000012300229B44BEE51F2140464942091A90
:103500005846C8400100202A04D05846234A524455
:10351000904003435A1E934107200B4301000022B1
:103520001940184209D00F21194004291FD0181D35
:1035300098428941030049424907DB080B439846FA
:1035400000236FE50299023B49008C4602998C45A5
:1035500089414942C919521861460291AEE70123D7
:103560005B4281E70299A942ECD36346A9E70021B7
:10357000E3E71A1D9A429B415B422E00D2089B440E
:1035800079E551075202120BD7E7C046FF0300004E
:1035900002FCFFFFFF0700001E0400003E040000C5
:1035A000F0B557464E464546DE46E0B51F000B03D4
:1035B0001B0B16009846CA0F4B000400924685B0BC
:1035C0005B0D00D1C2E1CC4A934200D128E14146D3
:1035D000420FC9000A43802109041143C2009146E9
:1035E000C64A884693469B440023002501933C032A
:1035F0007A00FB0F3000240B520D009300D185E1BF
:10360000BD4B9A4200D160E1BC4B9C46624493445E
:103610000A2D00DD14E1730FE4001C4380231B041A
:103620002343F0005246009900264A409246022D5C
:1036300011DD0122AA40A6211400C9000C400A4253
:1036400000D0FDE0902189000A4200D0D4E1882119
:10365000114200D0EFE049464A460904140C090C17
:10366000020C0F0015000004000C65434743019550
:10367000B9462F000D0006005543AC464D46664343
:103680002D0CB4446544AE4205D93E0080277F022C
:10369000BC46664401964F463F043F0C2E0C2D0459
:1036A000ED1902951D0C1B041B0C00951D001F003D
:1036B00065434F43AC46009D69436C433D0CA946AE
:1036C000614449448C4503D980256D02AC4664446D
:1036D0003F040D0C3F0C0904C919AC46751803953D
:1036E00045462E04360C2F0C350045437843804662
:1036F00038006444AC462D0CA94650437243424402
:103700004A44904503D980256D02A8464044150CD3
:10371000A84665462D042D0CAC4635005D431204C9
:103720006244AC467B43009D404498462B006E4368
:1037300065467B4346442D0CAD191F000093A845F8
:1037400004D980235B02984647440097039B019E5F
:1037500098462B044644984663468E4289411B0492
:103760001B0C4344B61849421B195F1896429241FC
:10377000BC465242804691468C458941A3429B41BA
:10378000E044C14449425B42914592410B4380452C
:1037900089412D0C494252420A435B199B18009AF9
:1037A000029994464A4663445B02D20D1A439046FE
:1037B00072020A43511E8A41F60D16434A465202CE
:1037C0001643B146DB0154D44D4A5A44002A00DC6A
:1037D00018E133005B0715D00F215B463140042907
:1037E00010D04946081D48458941814649428844D0
:1037F0004146C90106D54146424A114080228846C9
:10380000D2009A18404B9A4200DD2BE141464B46CC
:103810004C07DB081C4352054B021B0B520D1AE0F0
:1038200042460243914600D0E0E09B460223904688
:1038300008250193DBE6009A984692468146019658
:10384000019B022B00D10DE1032B35D0012B1BD1A5
:1038500000220023002412051A435346DB071A43B3
:103860002000110005B0F0BCBB46B246A946A046F8
:10387000F0BD01227308324013434246D20713437E
:10388000994643465B08984680225B46D2005A44DC
:103890000133002A00DCB6E049464907A8D00F21D1
:1038A0004846014004299CD1A2E70F2D00D1FDE03C
:1038B000009BA0469A46B146802342461B03134311
:1038C0001B034C460C4A1B0BC5E70B4933008C46C7
:1038D0002343E344002B77D1022129430A29AFDC9B
:1038E0005046009C60408246002D00D10EE10D0044
:1038F000002002269DE6C046FF07000001FCFFFFF6
:10390000FF030000FFFFFFFEFE070000230033431C
:103910004BD0002C00D1BBE02000FEF7C3FB03001E
:1039200002000B3B1D20C31A3000D84011000300D9
:10393000300008398C408840234359468A1A784918
:103940008B4693440A2D00DC6CE679E7434603433B
:10395000994623D04346002B00D187E04046FEF72E
:10396000A1FB0B235B429C460200844411004046AD
:10397000083988401D23804660461B1A2000D84025
:10398000030040460343984623008B409946644B0E
:1039900000259B1A9B460023019328E600239846A6
:1039A0009B4601330425019321E6012215430A2D8C
:1039B00000DD45E7524600994A409246022D00DC60
:1039C00046E70020012634E603231D430A2D00DDCF
:1039D0006BE75346009A882153400122AA409A4639
:1039E00003262300114200D135E624E79B4603233A
:1039F00081460C250193FAE500239A468023494A23
:103A00001B0328E75B460121891A382900DD1FE7DF
:103A10001F295ADD1F204042821A4046D0402029EB
:103A200008D0414A9446424663449A4013004A46AD
:103A30001A4391464A460721531E9A410C000243FD
:103A400000231440114209D008311140042960D0EC
:103A5000111D9142A4410A0064426407D208144334
:103A60000022F8E6002300242E4AF4E6FEF71AFBB3
:103A700015239C4684440200634620321C2B00DC44
:103A800074E70023994623000838834098467EE770
:103A9000FEF708FB03000200153320321C2B00DC6C
:103AA00040E7330008388340002046E78023424641
:103AB0001B031A4200D1FFE61C4200D0FCE6009A2C
:103AC000234392463400174AC5E6184A40469446B6
:103AD0004A4663449840CA4010434A469A40531E9F
:103AE0009A4143460243CB40510709D00F21114070
:103AF000042905D0111D9142924152429B180A009F
:103B0000190208D5012200230024A4E60023002482
:103B1000A1E60024A2E75C075B021B0B9EE7C04600
:103B20000DFCFFFFFF0700003E0400001E04000024
:103B3000F0B54E464546DE465746E0B583B00090A8
:103B400001910D034E000199760DCC0F690A009D7D
:103B50006D0F0D43009900920193C8001903019B5A
:103B6000CB4A5B005B0D9946019B8346DB0F984671
:103B70004B0A0099490F1943009BDB009C469A466B
:103B8000914500D173E0012347465F404B46B8465C
:103B9000F31ABC4216D0002B00DC9AE24F46002FED
:103BA00000D082E067460F4300D13AE15F1E012B4F
:103BB00000D1A4E2934200D12EE1382F00DD43E290
:103BC0003B003EE1002B00DCD7E24F46002F00D047
:103BD000F8E067460F4300D123E15F1E012B00D1BF
:103BE00057E2934200D117E1382F00DC04E3802232
:103BF0001204154200D1AAE31E0015000027A44BB1
:103C000001369E4200D103E10122A24B3A401D4001
:103C100079081143EA070A436D08530709D00F23B7
:103C20001340042B05D017003A1DBA42BF417F4212
:103C3000ED192B0200D477E3954901368E4200D16D
:103C4000E6E0944973050D405B0D6907D2086D02EB
:103C50000A432D0B1B052B43E407234310001900D7
:103C600003B0F0BCBB46B246A946A046F0BD8A4BA5
:103C7000F21863460B434CD0444550D0002A6CD018
:103C8000002E00D17DE1634644464F07DA08174312
:103C9000C8083A00024300D1CDE080252D0305433A
:103CA0002D033A007A4B2D0BD4E7964200D1B3E0B6
:103CB000382B00DCC2E0471EB842804140422D1A3A
:103CC0002B02B1D50127754D7F422800FEF7EAF996
:103CD0000838202339001A1A8540D14087402943EB
:103CE000B04200DA45E1801B01301B1A3D009F40C5
:103CF000C5407A1E97410A009A402F433A43C1407B
:103D000013000D0000260B4300D086E7002200259B
:103D1000A0E7474601235F40B8464445AED1002A9C
:103D200000D1EFE0002E00D088E14B462A0002438C
:103D300000D1A0E25A1E012B00D1B7E2544EB3428B
:103D400000D17BE1382A00DC12E380252D042942D2
:103D500000D112E31E00002751E7514A731C1342A1
:103D600000D0F4E062462B000A430343002E00D04B
:103D700074E1002B00D123E2002A00D1E0E0634689
:103D8000C71AB842924180266B1A52429B1A3604D7
:103D9000334200D1C1E26346181A844592414D1B5B
:103DA0005242AD1A0124020043462A431C40002A15
:103DB00000D1DBE0354200D1E9E2364B02001D4084
:103DC000012342E7964227D0382B00DD11E1802203
:103DD000120411431F2B00DDA1E120220F00D21A93
:103DE000914697406246DA401743B84662464F46CE
:103DF000BA40D940571EBA4147466D1817433F187D
:103E00008742804140422D182B0200D5F7E634E06E
:103E10003300002500221DE7C0086F070743E808AC
:103E200037E7C7086A071743194AE808934200D1E1
:103E30002FE73A00D8E0164B00250BE7802212044A
:103E400011431F2B00DDB7E020220F00D21A91464C
:103E500097406246DA401743B84662464F46BA403A
:103E6000D940571EBA4147466D1A1743C71BB8427F
:103E7000804140422D1A2B0216D47B0700D179E2F3
:103E80000F233B40042B00D0CEE63300FF08C9E7E8
:103E9000FF070000FFFF7FFF01F8FFFFFFFF7F002C
:103EA000FE070000444601266D026D0A002D00D079
:103EB0000BE73800FEF7F6F8030018301F2800DC87
:103EC00007E73900083B9940864200DD87E0831B05
:103ED000581C1F2800DC14E20A001F3BDA4020288F
:103EE00005D040231B1A99404B1E99410A43002AD2
:103EF0003CD00026530700D091E617003500330070
:103F0000FF088FE7CA4A731C13427AD12B00034380
:103F1000002E00D092E162460A43002B00D1F4E16A
:103F2000002A0DD06346C718874280416D18404271
:103F30002D182B0200D512E23A00BB462A4315D0B9
:103F40005B466A07DF083A430023E8084CE0634613
:103F5000C71AB84292416B1A52429B1A1A0200D5F4
:103F600087E03A001D001A43A0D100240023002559
:103F700070E6B04D361A0D407B0700D080E7330065
:103F800084E74B462A0002437ED05A1E012B00D103
:103F90001FE1A94CA34200D198E1382A00DC9CE142
:103FA0006246571EBC45924152428D1A44461E003D
:103FB0002A0200D586E637E61A000F00203AD740DD
:103FC000B846202B05D04022D31A994063460B43B4
:103FD0009A4657467B1E9F4143461F4346E7954AF4
:103FE000331A11404A07C80805035B052D0B5B0D0A
:103FF00030E680231B041D4200D1FBE01D0000279A
:10400000FDE58D4A934200D103E762468218824261
:104010008041691840420818C707520817434508ED
:10402000520700D4AEE10F221E003A40042A00D00D
:10403000FAE5FF086A073A430009D5E763464F07E8
:10404000DA081743C80824E6471EB84280414042B8
:104050002D1A1E002A0200D534E6E5E5002B00D01B
:104060000DE1002A00D069E180250024724B2D0368
:10407000F0E563461F1ABC459241012443464D1B9F
:104080005242AD1A1C4011E7624644460D00D70863
:10409000C8E66346C618864280416918404209183E
:1040A0000B0200D40CE1634B70081940CB070343AB
:1040B0004A08400700D43BE10F201840042800D1F3
:1040C00036E11F1D9F42AD416D420223AD18FF082E
:1040D000A8E6002B00D140E64B469B1B002E00D1EA
:1040E00050E7382B2EDD63465F1EBC45924152429D
:1040F0008D1A44464E462B0200D5E3E594E563460F
:10410000C71AB84280416D1A40422D1A2B0200D5C1
:10411000C9E66A07FF0801233A43E80864E71A0082
:104120000F00203AD740B846202B05D04022D31AA2
:10413000994063460B439A4657467B1E9F41434630
:104140001F435CE680223C00120415431F2B26DC33
:1041500020222F00D21A060090409740DE40421ED7
:104160009041DD4037430743491B6346DF1BBC4595
:10417000924152424E468D1A7DE6002B00D1C1E697
:104180004B469B1B002E00D1D0E5382B36DD802519
:104190002D04294200D1DDE04E4600272FE51A000C
:1041A0002E00203AD640202B05D04022D31A9D4025
:1041B0002F000743BB465F467B1E9F413743D4E732
:1041C000002A00D1D1E6012443460D00E3461C40FD
:1041D000B6E663461F1ABC4592414D1B5242AD1ACA
:1041E0002B0200D55EE66A07FF08444601233A43E6
:1041F000E808F9E6471C17E53B00EBE580221204CE
:1042000015431F2B6CDC20222F00D21A0600904091
:104210009740DE40421E9041DD4037430743491935
:1042200067446745924152424E465518ECE5C046F8
:10423000FE070000FFFF7FFFFF070000002B00D1FB
:10424000FCE6C7086B071F436346E8080B4300D131
:104250001FE580231B03184207D0CA081A4204D165
:1042600063461000DF0849070F437B0FFF00FF087C
:104270005B071F430DE562460D00D708D2E5C7086E
:104280006B071F43E808002A00D102E580231B03C7
:104290001842EAD0CA081A42E7D163460124DF086F
:1042A0004346490710000F431C40DEE76044604569
:1042B000924169185242891806000B0200D5F2E6B5
:1042C0004A07F60801233243C8088DE66346DF0833
:1042D0004B0744461F43C808DBE44446130035E758
:1042E0001A002E00203AD640202B05D04022D31AA7
:1042F0009D402F000743BB465F467B1E9F413743CF
:104300008EE7202300271B1AF5E40023002A00D1A2
:1043100092E567460D00FF0884E53A001A4300D194
:1043200023E61D00BB460BE617003300FF0879E5C6
:10433000DB0852071A430809022355E663460124A5
:10434000DA0843464F071743C8081C40A1E41E0083
:10435000471C69E467460D004E46013764E40F4B85
:10436000FF081D406A076D0201233A432D0B71E4DB
:10437000130046E73300FF0854E567460D001E00B2
:10438000013751E46A07FF083A4300092CE6C008E8
:104390006A0702430023E80826E6C046FFFF7FFFC6
:1043A0000B00020070B5164D0C0382B049000020CE
:1043B00000920193240B490DDE0FA94204DD114840
:1043C000814203DD104BF01802B070BD8020400325
:1043D00020430E4C641A1F2C08DD0D4B5B1AD8408D
:1043E00003005842002EEFD11800EDE7094B009A68
:1043F0009C46030061448B40E2401343F1E7C04612
:10440000FE0300001D040000FFFFFF7F33040000D7
:1044100013040000EDFBFFFF70B5002816D0C31792
:10442000C5185D40C40F2800FDF73CFE104B1B1A59
:104430005B055B0D0A2814DC02002E001532964045
:104440000B22121AD5402D032D0B03E0002400236C
:10445000002500261B052B43E407234330001900E9
:1044600070BD0B3885402D0300262D0BF2E7C046AA
:104470001E04000010B5041E10D0FDF713FE0E4BF5
:104480001B1A5B055B0D0A280FDC0B222100121A98
:10449000D14015300A038440120B01E000230022B2
:1044A0001B0513432000190010BD22000B38824069
:1044B00012030024120BF3E71E04000070B5420241
:1044C0004300C40FFE201B0E591C550A08420CD095
:1044D000E02189008C466D07120B63441B051343D2
:1044E000E40723432800190070BD002B14D1002DD0
:1044F0001BD02800FDF7D6FD0A281CDC0B232A0060
:104500001B1ADA40030015339D400E4B12031B1A91
:104510005B05120B5B0DE1E7002D09D0130B802228
:1045200012031A436D07084BD8E700230022D5E792
:104530000022054BD2E703002A000B3B9A400025DE
:10454000E3E7C04689030000FF070000844610002F
:1045500062468C461900634600E0C0461FB500F075
:10456000F5F8002801D40021C8421FBD10B500F0A5
:1045700037F84042013010BD10B500F0E7F80028D0
:1045800001DB002010BD012010BDC04610B500F0B9
:10459000DDF8002801DD002010BD012010BDC0465F
:1045A00010B500F063F8002801DC002010BD0120E8
:1045B00010BDC04610B500F059F8002801DA0020FF
:1045C00010BD012010BDC04610B5002903D1FDF774
:1045D00069FD203002E00800FDF764FD10BDC04613
:1045E000F0B55746DE464E464546E0B50D000400A0
:1045F000E80F83460903D80F090B82461A488C46F8
:104600001F0369005E00490D3F0B760D81421AD0F1
:10461000864211D00120B1420FD1BC450DD1A2423A
:104620000BD1D3451ED0002907D1614611430A00A2
:10463000531E9A41100000E00120F0BCBB46B24678
:10464000A946A046F0BD01208E42F6D1614639430D
:104650000F0017432743F0D15B465246981A431E7A
:104660009841EAE70020E8E7FF070000F0B5574669
:104670004E464546DE46E0B50D000E034900490DA5
:104680008A46DF0FE90FBC4683B02F4F04008046F7
:104690000191580019039146360B090B400DBA459C
:1046A0001DD0B8420DD05746002F2AD134430028E0
:1046B00024D10A4336D0002C41D16346580001383A
:1046C00015E0114338D15346002B01D12643F4D0D5
:1046D000019B634507D1019B5800013807E0264341
:1046E0002AD1504521D00120019B5F42384303B0BD
:1046F000F0BCBB46B246A946A046F0BD002CDCD0BB
:10470000E6E70028EFD0019B6345ECD18245EADC67
:10471000E1DB8E42E7D8DED1C845E4D80020C845A9
:10472000E5D2D8E7002CE2D0DDE7114304D1019BAC
:104730006345D8D10020DAE702204042D7E7019B49
:104740006345E6D0CFE7C046FF070000F0B5574607
:104750004E464546DE46E0B50D000E034900490DC4
:104760008A46DF0FE90FBC4683B02E4F0400804617
:104770000191580019039146360B090B400DBA45BB
:104780001ED0B8420DD05746002F27D13443002801
:1047900033D10A4334D0002C40D16346580001384D
:1047A00015E0114312D15346002B01D12643F4D01A
:1047B000019B63451DD00120019B5F42384306E009
:1047C000264303D15045F6D111431CD0022003B03B
:1047D000F0BCBB46B246A946A046F0BD0028EAD0D0
:1047E000019B6345E7D18245E5DC02DB8E42E2D8DE
:1047F0000ED0019B58000138E9E7002CCDD0D7E757
:10480000002CE4D0D7E7019B00206345DFD0D2E73E
:10481000C845D0D80020C845D9D2EAE7019B6345F6
:10482000E4D0C8E7FF0700000020044B10B51B6868
:10483000834201D01B68984710BDC046FC2E002063
:10484000054B10B51B68002B04D05A69002A01D013
:104850005B69984710BDC046FC2E00208023074AA4
:10486000DB00D16B0B43D3630222054B19680A436B
:104870001A60012219680A431A607047001002404A
:104880000028024080220D4B1206DA67BFF34F8FDB
:10489000BFF36F8F01210A4A93788B439370802274
:1048A000084BD201196B0A431A631A6B06490A4076
:1048B0001A63DA6B0A40DA637047C04604E100E02D
:1048C0000038024000100240FFBFFFFF144B10B53C
:1048D0001A680123920606D5124B134A9B7813706F
:1048E000124A137000230024114A21001370114B47
:1048F00014221C70104B11481C70114B1C80114B62
:104900001C70114B1C70FDF74FF9142221000F4849
:10491000FDF74AF901220E4B1C800E4B1A7010BD98
:104920000008004818110020122A0020112A002037
:104930002E2F00202D2F00202C2F0020182F00209C
:10494000022F0020102A00200F2A0020042F002010
:10495000302F0020322F00200122034B1A7000223A
:10496000024B1A807047C046EE2E0020EC2E00202D
:10497000F7B5040000933F2851D100252A4805705F
:104980000325654329482E5C8E4207D145196E7870
:10499000964203D1AD78009B9D423FD003256543ED
:1049A000009B415540194270837018206043204C91
:1049B000112600192B27002407231D1B063BAB40A3
:1049C00035001A4200D03D0005550134082CF3D1C2
:1049D00003000400020011262B270F330834103285
:1049E0000193019B1D1B0123AB403500194200D0F0
:1049F0003D00257001349442F3D1040011262B2789
:104A0000183417300123811A8B40009D31001D425C
:104A100000D0390011700132A242F3D1F7BD002855
:104A2000AED101250048AAE7EB2E0020E41D0020AE
:104A3000001F0020F8B505000E001700002420001C
:104A40003B00320029000134FFF792FF402CF6D1E1
:104A5000F8BD000080210A4B89011A681B680B40D1
:104A6000D20403D40120002B06D0704780229B047F
:104A700012069B18980FF8E7024B1878F5E7C04626
:104A8000000400480C25002000B5372827D803284B
:104A900004D8002300E00423180000BD04383328A4
:104AA000F7D8FDF79DFA4E40464640F61A404E4074
:104AB0004040F6F64E62F6F666F65450405846F61A
:104AC0004A4A4A4A4A4A4A4A4A6AF6F6F6F6F6F61E
:104AD000F6F6F6F6F6F6F6F6F6520623DCE7284B7F
:104AE000C01882B20023332AD6D83328D1D8FDF794
:104AF00077FA281A36381AD01CD02830D0D0D0D027
:104B0000283ED0D026D0D02A1A343A1ED0D0D0D2C7
:104B1000D042D0D0D0D0D0D0D0D0D0D0D0D0D0D023
:104B2000D0D0D0D022220123B6E70523B4E7072353
:104B3000B2E70823B0E70923AEE70A23ACE70C236A
:104B4000AAE70D23A8E70E23A6E70F23A4E7102367
:104B5000A2E71123A0E712239EE713239CE7142367
:104B60009AE7152398E7162396E7172394E7182367
:104B700092E7192390E703238EE702238CE7C046D0
:104B8000FCFDFFFF0A4930B50A68FF2A0EDC094B1D
:104B9000094D1B68094CD3182B4003D5084D013B28
:104BA0002B4301335B00013218530A6030BDC0460D
:104BB000E01D0020DC1D0020FF000080DC1B002029
:104BC00000FFFFFF70B506000C000025A54200DBCA
:104BD00070BD3000FFF7D6FF0135F7E770B506006E
:104BE0000C1E00DC01240025701E0E280CD8FDF7D9
:104BF00001FA080F11131515181815151B1B1D1F89
:104C000021005020FFF7BEFF0135AC42ECD170BD52
:104C10005120F7E75220F5E74F20F3E75020FF300F
:104C2000F0E7A8204000EDE74A20EBE74D20E9E758
:104C30004E20F4E7A520F5E70139CBB210B504000A
:104C40000E2B07D8111E00DC0121094A5B00985A7F
:104C5000FFF7B8FF1C20062C06D0073C631E9C41C2
:104C60001423604298431C30FF30FFF78BFF10BDC8
:104C70009012010070B50D000C1E00DC01241C28F0
:104C80000ED12E30FFF77EFF4A20FFF77BFF0F4843
:104C90002100FFF797FF83204000FFF773FF70BDEF
:104CA0004A20FFF76FFF4A20FFF76CFF0848FFF725
:104CB00069FF012D03DD0548611EFFF783FF1C20FE
:104CC000FF30FFF75FFF2A20E7E7C04651020000F0
:104CD0004D0200000B000B3B70B504000B4D012B87
:104CE00006D82B20AC4200D00948FFF74BFF70BD1F
:104CF0000139CBB20E2BF4D8111E00DC0121054A7C
:104D00005B00985AFFF75EFFEBE7C04637020000F2
:104D10002B0200009012010010B50448FFF732FF8B
:104D20001C20FF30FFF72EFF10BDC0464D020000D3
:104D3000812310B59B0098421BD004D8042816D0BC
:104D4000122818D010BD83239B0098420BD00D4B26
:104D50009842F7D14A20FFF715FF8A208000FFF71D
:104D600011FF522000E04A20FFF70CFFEAE74F2036
:104D7000FAE74D20F8E74D20FFF704FF8A20800076
:104D8000F2E7C046120200000022044B1A605A608B
:104D90009A609A81024B1A707047C046CC1B002063
:104DA000C81B0020030000B50B20272B11D017D8FB
:104DB00000200F2B10D8042B0BD9581F0A2809D814
:104DC000FDF718F92F08083108080608332B2D00C5
:104DD000012000BD0020FCE71A2BFAD10530F8E7CE
:104DE000134A06209342F4D00DD8123A043093426D
:104DF000EFD0104A04309342EBD00F4A9B185A422E
:104E00005341D800E5E70D4A0D209342E1D00C4A0A
:104E100000209342DDD10C30DBE70320D9E70420EA
:104E2000D7E70720D5E70920D3E70220D1E7C0461E
:104E30001A0200000A020000FBFDFFFF2102000031
:104E40002302000010B5FFF79FFF0022014B1A60FC
:104E500010BDC046C41B00200F4970B500220D00D4
:104E600004000E480378934206D1102B0CD05A1C34
:104E70005B000270EC5270BD02318E1E3688A64275
:104E8000F9D00132D2B2EEE71E2228000449FCF725
:104E9000D5FDEC83EFE7C046721B0020701B00209D
:104EA000741B00209521084A0300821892B2012049
:104EB00049018A4207D3054A00209B181F229BB252
:104EC0009A424041C0B2704700C0FFFF40ADFFFFB3
:104ED0000200E03A012310B5072A04D9292802D09C
:104EE000FFF7E0FF03000120184010BD084A094BFE
:104EF00010781B781843084B1B681B78002803D1D7
:104F00005A425341D8B27047184101231840FAE77A
:104F10006D1B00206C1B0020681B002070B5040076
:104F20000D00002A02D10025280070BD90470028FE
:104F3000F9D06D79002DF6D02000FFF78DFFF3E753
:104F400037B58AB201AB040019800020120A052A85
:104F50000DD81D780F2D0AD80130042C07D8062350
:104F600063439B181B015B1983400149585A3EBD9E
:104F7000AE120100034B1879013843425841C0B2C8
:104F80007047C046181100200200393A0300012082
:104F90000C2A0CD9703A824209D92C2B07D0180060
:104FA000293B1738424250415A42534118437047F7
:104FB0002C2814D10C4B002908D001221A700B4B5D
:104FC0001A7000220A4B1A70012070471A78002AC2
:104FD000FAD01970054B1970054B1970F4E71738A2
:104FE00043425841C0B2F0E7361B0020351B002079
:104FF000341B0020F82210B5441EFF3C0300520170
:105000000020944208D20A3BFF3B1800421E904108
:105010005A42534140001843884710BD04230209F7
:1050200001D113000200910802D00A000233DBB262
:1050300052089818C0B27047054B1B7803431A1EDC
:1050400001D0DB06DA0F034B1A70034B1870704760
:105050006C1B0020771A00206D1B00200123834069
:1050600010B5034A10781843C0B2FFF7E5FF10BD32
:105070006D1B00200123834010B5034A107898432C
:10508000FFF7DAFF10BDC0466D1B002073B582B27A
:1050900001AB1880120A052A1CD81B780F2B19D8CF
:1050A0000320012612019B18DA0850430A4A3500F2
:1050B0008018072213409D400022EDB20B00D34020
:1050C000845C33405B4263402B405C40845401323B
:1050D000032AF3D173BDC0464A1A002037B583B204
:1050E00001AA10801B0A0020052B16D811780F2961
:1050F00013D807241B01CB180321020001251C40F3
:10510000DB085943054BC9188B5CE3402B409340A7
:1051100001321843C0B2032AF6D13EBD4A1A00201C
:1051200070B50B4B1C7801231D00854028001D0025
:105130008D402900934001432000CDB29843214087
:105140008D4201D11C43E0B2FFF776FF70BDC0462F
:105150006D1B00200721054B054A1B7812789A42E7
:1051600000D1704701330B40F9E7C0468E1A00208A
:105170008D1A002070B50B4C23781A008243100062
:105180002270050007221540104209D1984207D02D
:10519000054B5B785B0703D5C008FFF76BFF2570F5
:1051A00070BDC046881A00208A1A002070B5134AC4
:1051B000134B144D10781B782C781843002C18D002
:1051C000114B9B78012B03D1104B1B787F2B11D8EF
:1051D00006210F4B002259181E78002E01D00132F3
:1051E000D2B201338B42F7D1002A01D000232B70B9
:1051F000204370BD1E21074BECE7C0466E1B00200C
:105200008C1A0020861A0020101100208A1A002013
:105210004A15002052150020024A13788343137068
:105220007047C0466E1B0020030010B5E7280AD85F
:10523000DF280AD8312800D173E00FD8292866D09A
:105240002A2800D174E0180010BDE0380728FAD8E9
:10525000FCF7C6FE18F927303DF9474C392808D02D
:10526000822806D03528EED1374A12789206EAD540
:1052700006E0354A1178890761D152781207E2D5E4
:105280002923E0E730480121027814000C400A424B
:1052900045D140780842D6D02300D206D3D4E323A8
:1052A000D1E7294A12785107CDD50023D206CAD4B6
:1052B000E333C8E72449E2230A785007C3D4487887
:1052C00001210400023B0C400842E5D0BBE71E4A26
:1052D00051788907B7D512780023D206B3D4E733C3
:1052E000B1E7194A12781107F6D4ACE71649E6235C
:1052F0000A781007A7D4487802210400023B0C402A
:105300000842A0D12300D2069DD4E7239BE70E4A92
:105310001178890615D45278120700D493E73923FF
:1053200091E7094A1278520600D48CE72A238AE7CB
:10533000054A1278520600D485E7312383E7E0233B
:1053400081E735237FE7C0468A1A002030B5254C17
:1053500021784B070DD514220240043A53425A419A
:1053600018230340083B5D426B419A4201D00C2355
:1053700058400B070DD514220240143A53425A41AB
:1053800018230340183B5D426B419A4201D00C2325
:1053900058406478E3070DD511220240013A534288
:1053A0005A4118230340083B5D426B419A4201D0A9
:1053B00009235840A4070DD511220240113A534247
:1053C0005A4118230340183B5C4263419A4201D082
:1053D00009235840C90603D5030701D5182398436C
:1053E00030BDC0468A1A002070B5FFF71DFFA42308
:1053F0000400DB0198424CD2A023DB01984200D389
:105400009BE0DF281CD8CC2859D8A7280AD8A42884
:1054100000D979E0012869D0031F9BB2A02B65D980
:10542000002463E00300A83B9BB21A2BF8D8583441
:10543000504BE4B26400E35A8824E4011C4355E075
:105440008023DB01984219D28026B601B04200D3F6
:1054500083E0E7284AD9F822431EFF3B9BB2520162
:105460009342DDD2000AC0B2FFF770FF0500E0B240
:10547000FFF7DAFE2D02284384B237E0C0B2FFF70F
:10548000D3FEF0231B0123403B4C18430443A4B23A
:105490002CE0A523DB0198421DD2384B98423CD822
:1054A000374B98420DD8374B984231D80322C4B2BB
:1054B000A3081440023AA2405B01334C13431C433F
:1054C000E5E70321012201408A40C3065B0F5B012F
:1054D0002E4C1343F3E72E4B984209D81F202D4B37
:1054E00020409C4223D82C4C00020443201C70BD59
:1054F0002A4BC3189BB21F2B00D991E7F823040253
:105500005B011C40264B99E78023243CDB01D6E756
:105510001F230340234C1B0290E70321012201407B
:105520008A40C3065B0F5B011F4C1343C7E7FFF7BD
:105530000DFF80240002A401A8E71F202040FFF7F0
:1055400005FFE3051B0F1B0202B2C00602D5FF21B7
:1055500012010A40154C1343B1E7C004C00EFFF717
:10556000F5FE0500E0B2FFF75FFE2D0205432E4376
:10557000B4B2BBE71810010000A0FFFF5F520000AB
:105580003F5200001F520000008DFFFF008CFFFF04
:10559000BF5200009F520000F4A0000040ADFFFF8A
:1055A000F0A00000F1A00000008AFFFF0090FFFFC4
:1055B000F0B50424104A114B12781B7885B001AF66
:1055C0001A433880009203AE009B0122234113420C
:1055D00005D1013CF8D20025280005B0F0BD3B887C
:1055E000E5B2338031682800FFF7AAFCFFF7FCFE24
:1055F00080B20128EDD0EFE76D1B00206C1B00206E
:1056000013B54379008801AA10800198002B0DD0B2
:1056100000290BD0FFF7CCFF040001000198FFF731
:1056200035FD20000199FFF78BFC16BDFFF756FDF5
:105630000400F6E71FB501AC20800198FFF7B8FF22
:10564000228803AB1A800399FFF77AFCFFF7CCFEA0
:1056500004B010BD10B500240379A3421ED0008809
:10566000FFF7E8FFC2B20004030F062B18D00F218A
:10567000062B0DD80E330B40012B0FD80124F02A36
:105680000CD007D80024E72393426441E4B205E03C
:105690000633F0E7F43A53425A41D4B2200010BD29
:1056A000E72393426441F13A53425A411443EDE7F0
:1056B000002070470020704710B5024B1B689847C8
:1056C00010BDC046B00E002010B50B00041E02D164
:1056D000C80FC00110BDC11742184A4012B2D118FC
:1056E000002B0BDB9B1A5801FCF760FB2023181AD8
:1056F000C0B2002CEEDA4042C0B2EBE74801D11A4A
:10570000FCF754FB6023F2E71FB5030A0190303128
:10571000D8B20E4B4900C95CE5234B431B121C3326
:105720009A1AD317D2185A40D200821A01AC131C0D
:10573000120400D500231BB2013058430012A37895
:10574000607020881B04184304B010BD6011010074
:10575000030C84B001903031D8B2114B4900C95CC0
:10576000E5234B431B121C339A1AD317D2185A4005
:10577000D200821A131C120400D500231AB2431C53
:10578000534301AA1288FF2110001B12120A08407D
:1057900012020B401B041043184304B07047C0466C
:1057A000601101007FB5040A0190E4B21000E51A0F
:1057B000FFF78AFF8300C01AEDB22D18EDB2013455
:1057C0006C4301AE2412B378747030881B04184304
:1057D00004B070BD7FB5040C051CE4B21000E61ADD
:1057E000FFF772FF8300C01AFF23F6B236181800C5
:1057F000F6B20134744328402D0A1D4024122D02B4
:105800001C40034B284324041840204304B070BDBF
:10581000FFFF00FF7FB5040A0190100008AA157869
:10582000E4B25D1BFFF750FF6519EDB22D1AEDB222
:1058300001346C4301AE2412B378747030881B04B9
:10584000184304B070BD00007FB5051C040C1000A7
:1058500008AA1678E4B29E1BFFF736FFFF23A619AD
:10586000F6B2361A1800F6B20134744328402D0AF5
:105870001D4024122D021C40034B284324041840D1
:10588000204304B070BDC046FFFF00FF84B001A9F3
:1058900001908B780A7008881B04184304B0704785
:1058A0001FB5074B30314900CB5C01AC01909B1A0E
:1058B0002370A37820881B04184304B010BDC04691
:1058C000601101001FB5074B303149005B185B7850
:1058D00001AC01909B1A2370A37820881B04184305
:1058E00004B010BD60110100F0B5303115000E4A52
:1058F0004B00D3185F7885B03E00203E019001AC8C
:10590000C0B273B2360602D52023DB1B5BB249005E
:10591000525C521BD2188018A378207020881B0478
:10592000184305B0F0BDC0466011010084B004AA60
:105930000190107803225A43521001A980188B78E5
:10594000087008881B04184304B0704730B585B050
:10595000019010001D00FFF7B7FE01AC4019A378BD
:10596000207020881B04184305B030BD30B585B0C9
:105970000190100008AA147801AD1C1BFFF7A4FECB
:10598000E4B2241AAB782C7028881B04184305B0A5
:1059900030BD00007FB50D4D30335B00EE185B5D10
:1059A0007678703B59437F23203E72435118CA17C3
:1059B0001A405218D21101AC01901218A37822702B
:1059C00020881B04184304B070BDC046601101005C
:1059D0007FB50D4D30335B00EE185B5D7678703B24
:1059E00059433F23203E72435118CA171A40521898
:1059F000921101AC01901218A378227020881B0428
:105A0000184304B070BDC046601101007FB5134D4E
:105A100030335B00EE1876780190203E72435E5D75
:105A200001AC3500703DC0B26BB22D0602D57023BB
:105A30009B1B5BB23825EB1A594303238A187F213D
:105A40005343DA170A40D218D2118018A378207075
:105A500020881B04184304B070BDC04660110100CB
:105A60000C4B3031490084B001905818C95C0323B5
:105A70004078091A4B43DBB2991AC9B2202801D9E0
:105A8000D218D1B201AA9378117010881B04184360
:105A900004B070476011010030B50C4B3031490043
:105AA000CD5C85B0AB1A019001ACC0B2D9B21B0677
:105AB00001D5521BD1B219234B431B12C0182070C1
:105AC000A37820881B04184305B030BD6011010085
:105AD0001FB501900520434306AA128801A9D318D7
:105AE0001A1C9BB2FF2B00D9FF22D3438A78DBB26A
:105AF0009B181C1CFF2B00D9FF240A88FF231000D1
:105B0000120A1840120223401B041043184304B029
:105B100010BD30B585B0019008A800881B18C817C3
:105B200009184140D0171218424009B29BB292B2F4
:105B30000901FF2900DDFF2112B21201FF2A00DD59
:105B4000FF220C1C15B209B201A8A94200DD141CE9
:105B50001B191A1C9BB2FF2B00D9FF22D34382785A
:105B6000DBB29B18191CFF2B00D9FF210288FF23F1
:105B70001000120A184012020B401B041043184375
:105B800005B030BD7FB5050C160008AA019012883B
:105B9000E8B201ACFF25482B06D8D31A1A1C9BB2D9
:105BA000AB4200D92A1C95B2083189B2102905D917
:105BB000330008339BB2102B00D9FF250321ED439E
:105BC0000C4BF2170A405B7892199210EDB2D21882
:105BD00040192270011CFF2800D9FF212288FF23D1
:105BE0001000120A184012020B401B041043184305
:105BF00004B070BDF81E002084B004AA1288019081
:105C0000D21A131C92B2FF2A00D9FF23DBB2D94368
:105C100001AA9078C9B24018011CFF2800D9FF21C1
:105C200010781B1813701288FF231000120A1840F6
:105C300012020B401B041043184304B070471FB5F9
:105C400006AA128801A9D31A1A1C9BB20190FF2B35
:105C500000D9FF22D3438A78DBB29B181C1CFF2B90
:105C600000D9FF240A88FF231000120A18401202EC
:105C700023401B041043184304B010BD10B5FEF7B9
:105C8000D9FE10BD354B70B51B78002B2AD1344B93
:105C90001B78002B26D1FA2390261021314ADB00F5
:105CA000F6051478002C19D1346825000D400C42FB
:105CB00014D1012313703C222B4B1D702B4B1A80E7
:105CC0002B4B323A1A709870363210385A700428BA
:105CD0000CD8FCF78FF9080B0F203100013B9BB269
:105CE000002BDED170BD234A9278DA70180009F0DB
:105CF000C9FAF7E700222D21DA7006325A714B32C9
:105D00009A71063ADA71153A1A72053A19715A728D
:105D10009972DA72EAE70621002259714B319971C2
:105D20000639D9711539DA7019722D3205391A719F
:105D30009A7259720532ECE70621002259714B31F3
:105D400099710639D9711539DA7019722D32053900
:105D50001A719A7259720632DBE7C0461E11002092
:105D6000332F0020BD2F0020BC2F00201611002053
:105D70003A2F00201811002003000020104A10B50F
:105D80001278824218D10F490C78E0B2002C14D15D
:105D90009022D2051268D2060ED40B4A0134147038
:105DA0000A4A0C7010700A2209480270363242709A
:105DB000837009F067FA200010BD1000FCE7C046B0
:105DC0001E110020BD2F0020BC2F00207A2F0020A4
:105DD0003A2F002070B51F4B9B78012B20D11E4B12
:105DE0001B787F2B1CD9FFF7E1F91C4C1C4D607010
:105DF000202229002000FBF72BFF002828D020229A
:105E000021002800FBF7BCFD164B1B68002B1FD0A0
:105E10009B68002B1CD0062222702000984717E0B8
:105E2000FFF7C4F9104C114D207008222900200002
:105E3000FBF70EFF00280BD0082221002800FBF7FB
:105E40009FFD084B1B68002B02D05B68002BE4D140
:105E500070BDC046101100208A1A00205015002085
:105E6000221A0020142A002048150020421A00207F
:105E700010B5002803D0FFF7CFF9FFF7ABFF10BD37
:105E800010B5002805D0034B1A7810431870FFF79F
:105E9000A1FF10BD6E1B002010B5094C2378002B0C
:105EA0000CD1084B1A7802231A4207D1064A1178FE
:105EB0000B431370FFF78EFF0123237010BDC04604
:105EC000921B00206F1B00206E1B002010B50028C5
:105ED00005D0034B1A7810431870FFF77BFF10BDF5
:105EE0008C1A002010B5002805D0034A137883438C
:105EF0001370FFF76FFF10BD8C1A002070B5324C85
:105F0000062200212000FBF74FFEF822DF212F4B55
:105F100052021B6849021340C91A06222000FBF7EF
:105F20002FFD23786678A578E07821796279FF2BB8
:105F30001DD12B00334003400B401340FF2B31D1C8
:105F400002232370013B32226370E3700023A270AE
:105F500023716371FEF77EFD1D4B1870012828D058
:105F6000022828D0002801D10223237070BD002B05
:105F700016D1002E18D12B0003430B431343DFD05F
:105F8000642D01D96423A370012801D90123E37092
:105F9000012901D900232371012ADBD90023D8E785
:105FA000022B01D902232370032EE9D90323637046
:105FB000E6E72070DAE7002323706378013B022BC9
:105FC000D4D901236370D1E71811002000140240D6
:105FD0000C250020F0B52C4E040033780D00013361
:105FE000DBB291B0142B00D10023284A12789A42D8
:105FF00021D04022002168466F46FBF7D5FD082DD1
:106000001BD12A002100F81CFBF7BAFC0B233278C5
:106010001F49204892013980801839004022BB7006
:10602000FBF7AEFC33780133DBB233703378132BDC
:1060300001D90023337011B0F0BD20780238042854
:1060400020D8FBF7D7FF180A111F03002A002100F0
:10605000F81CFBF795FC0C23D9E72A002100F81C5B
:10606000FBF78EFC0F23D2E72A002100F81CFBF778
:1060700087FC0E23CBE72A002100F81CFBF780FCED
:106080000D23C4E70023C2E70D2500200E2A0020BF
:106090000A4000000E250020084B10B51B780400B4
:1060A000012B02D80821FFF795FF054B1B68002B39
:1060B00002D020005B68984710BDC0461811002030
:1060C000FC2E0020084B10B51B780400012B02D8D1
:1060D0002021FFF77FFF054B1B68002B02D020001B
:1060E0009B68984710BDC04618110020FC2E002068
:1060F000084B10B51B780400012B02D80621FFF7CE
:1061000069FF054B1B68002B02D02000DB68984715
:1061100010BDC04618110020FC2E0020084B10B501
:106120001B780400012B02D80321FFF753FF054B16
:106130001B68002B02D020001B69984710BDC04689
:1061400018110020FC2E002070B50C001500002155
:106150000600FBF729FD90236219DB009A4200D963
:106160001D1B002D05D003492A0030006118FBF7E4
:1061700007FC70BD582A002013B56B469C1D0023F8
:106180000100022220002380FFF7DEFF208816BDD9
:10619000902070B51024164B16491A78164BC0057E
:1061A0000D78002D04D10568254201D1002A03D0C5
:1061B000013B9BB2002BF3D18022104B52029A601C
:1061C00009F0FEFF0C210E4B1A688A431A601A6808
:1061D0000C490A401A60012219680A431A60BFF389
:1061E0004F8F094B094ADA60BFF34F8FC046FDE776
:1061F000EA2E0020BD2F0020A08C0000000C0048DB
:10620000001402400FFEFFFF00ED00E00400FA055D
:1062100037B56B460400DD1D2A000121006807F038
:1062200095FD23682878013323603EBD8023124A00
:10623000DB01D16B10B50B43D36308F02BF87F2241
:106240000E490F4B0A700F49013A0A700E494F3A36
:10625000C7200A6099782E3A0A43C0219A700B4AE7
:106260008000135809061B021B0A0B43135080239E
:106270001B06136010BDC04600100240803802406B
:106280000038024082380240A038024000E100E0BD
:10629000802370B5274ADB01116C86B00B43136471
:1062A000012600230225042469462348029304930F
:1062B000059300960195039609F008FE69461E486D
:1062C000009509F003FE69461B48009409F0FEFDA5
:1062D000082369461848009309F0F8FD4022174B3F
:1062E00019689143196019682143196019680E43B0
:1062F0001E6019680D4338211D60186888432839CD
:1063000001438020196019688143196019680C489D
:106310000140196019680B480140196019680A4862
:106320000140196059680C435C6019680A431A609F
:1063300006B070BD00100240000800480038004060
:10634000FF7FFFFFFFF7FFFFFFFDFFFFF0B510230B
:10635000002603258BB0954804A90493069607965A
:1063600008960996059509F0B1FD8023904A9B0097
:10637000516C02A80B435364029608F0D9FF029BAC
:106380008C4C013300D0F7E002228B4B99680A4312
:106390009A60012299680A439A60E369874A134028
:1063A000E3611823E2691343E361226C844B1A40D2
:1063B0009023DB00134307222364236A93431D4386
:1063C000804B2562804A1B68934200D9C9E0802235
:1063D000236BD2051B021B0A134380222363A36F86
:1063E000D2001B0B1B031343A367A36F774A134011
:1063F0000122A367A3691343A361E3681342FCD09E
:106400008023E16F724ADB0411400B43E3670423EE
:10641000A1691943A1616F49C86F1842FCD1276D6A
:10642000E06F1040A022D2040243E267A269134346
:10643000A3610423CA6F1A42FCD10F20BFB2784374
:10644000256DADB2401BFCF723F96349FBF752FF02
:10645000061CFEF733F8009001910021301CFBF779
:106460000DFE00225D4B002800D180E000980199CC
:10647000FCF75EF900900191E81BFCF709F9011C9B
:106480005748FBF737FFFEF719F80022534BFCF78C
:106490004FF9FBF745FEA66F80B2360B360330434B
:1064A000A06700980199FDF77BFFA56F474B00049B
:1064B0001D400543A567E369404A13401822E36184
:1064C000E3699343E361236C3D4A1340072223644D
:1064D000236A93432362236B1B021B0A2363414BF2
:1064E00063618022E36AD2051B021B0A1343E36245
:1064F000A369002BFCDB0723226A9A43043B134366
:1065000001222362A3691343A361E3681342FCD011
:10651000A3690423A2691A42FCD12022E3699343B0
:10652000E3611823E2691343E361E369234A1340FB
:106530000122E361E3691343E361E3681342FCD0A2
:106540000F22236C93432364226C1D4B1A40E023DB
:106550009B00134323640423A2691343A3610BB07C
:10656000F0BD8022236B12061B021B0A34E7009841
:106570000199FDF7DDFA7DE703A8039608F0D8FE40
:106580000122A169039B0A43A261A16F1A05090BAD
:106590000903120D0A43A267A26F0C491B0C5BB2E0
:1065A0001B040A401343A3679BE7C046000800484A
:1065B000001002400024014000140240FFDFFFFFF2
:1065C0003FF8FFFF0825002005A24A04FFFF00FF57
:1065D000FFFFFFF804240140000060410000E03F9D
:1065E0000000604AFEFF000010B50AF062FA0021C8
:1065F0000248034AFBF7D8FA10BDC046182A00200B
:10660000C20400000122264B10B5D96B902411431F
:10661000D9632449E4054A608021586C490201434A
:1066200059643C21204BD963986A3431884310392E
:106630000143996200215964196B11431963802148
:10664000586D0902014359650821986A014399620E
:10665000996D20001143996519681143196004214F
:1066600007F0F5FEA36A114A1340A362A023A26AB1
:10667000DB0013433022A362236993432361202369
:106680002269134342222361094B1A60094BDB78CC
:10669000002B04D111210848084AFBF785FA10BDE8
:1066A000001002400000024000400140FFF0FFFFE8
:1066B00078000240F81E0020001F002002060000A3
:1066C000002270B52F4B304C1A70E36B3C2B01D07D
:1066D000FFF798FF04232D4DAA6A1A42FCD12C49DA
:1066E0002C4B48792C4A00280ED12C4800780228DF
:1066F00006D02B480078002802D00978002903D161
:1067000028490978002905D10121197080235B02ED
:10671000936070BD24490120097889072CD09060CE
:106720001A78002A04D0002202301A7008F0CEFC39
:106730000122C0200021A36DC0009343A3651B4B21
:1067400019541B4819541B4B1B491C4899601C4980
:10675000986119601B491C48596059611B491861AF
:106760001C334B621A4BCB621A4B8B620423AB6215
:10677000A36D1A43A265CCE7187080235B02936077
:10678000D6E7C046EB2E002000400140000002404A
:10679000332F0020F41E0020000C004818110020A8
:1067A000EF2E0020F62E0020F81E0020001F0020F3
:1067B00001060000A41E0020F73E00C0172100C003
:1067C000EF2200204440014001250020FC0002404F
:1067D000768000AA2C02024070B5802401222D4D43
:1067E000640286B011002800AC6007F030FE9023F0
:1067F000AC60DB0508241E0018009C60210001220B
:1068000007F025FEB460022628003100AE600122A8
:1068100007F01DFE80219020AE6020228901C00576
:1068200007F015FE002220211B4807F010FE8021F2
:1068300020221A48490107F00AFE80212022174829
:10684000890107F004FE9020002524196946C0053F
:1068500000940195029503960495059509F036FB81
:10686000C120C0210E4B80005A6B5D631A68090677
:1068700022431A609A6922439A61DA691443094AE9
:10688000DC6113581B021B0A0B4313508023136057
:1068900006B070BD000C0048000800480004004825
:1068A0000004014000E100E010230D4AC320116CF8
:1068B00080000B4313642F220A4B9A63FA22D20002
:1068C000DA630122DA601A60074B084A195811404E
:1068D000802212040A431A508022D2011A607047A3
:1068E000001002400010004000E100E0FFFF00FF48
:1068F000924BF7B51B780400002B00D177E3904D45
:106900002E78731E022B00D971E3B31E012B00D920
:10691000CFE02000FEF7B8F8E2B20300292A01D147
:1069200001235DE0874A11680A280ED1092908DC95
:106930004B430021272C01D021001D395B18136027
:1069400001E06329F4DD0020FEBD1C2C05D8122CCB
:106950001ED8062C3CD0072C25D0013B042BF2D8A6
:106960000D1E00DC01250027032E77D1272C68D0CF
:106970004FD80F2C47D8042C59D9601F0A2856D855
:10698000FBF738FB615555435555675543616A0020
:10699000200013380928E0D8FBF722FB32DFDF267E
:1069A000DFDFDFDF050D032E02D14A20FEF7EAF814
:1069B000FEF7B2F9B4E7032E02D14A20FEF7E2F85F
:1069C0006148FEF7DFF883204000FEF7DBF8A7E719
:1069D000032E02D14A20FEF7D5F8FEF79DF90023D9
:1069E0002B70FEF7D1F9AEE7032E02D14A20FEF755
:1069F000C9F85648FEF7C6F84C20FEF7C3F8EEE794
:106A00001A20FF30E1E71A2C11D15148FEF7BAF8ED
:106A10000DE0504B9C42F8D00DD84F4B9C4216D005
:106A200005D84E4B9C420ED003339C42EDD001372B
:106A3000AF4299D1D5E74A4B9C4206D0494B9C4284
:106A4000F5D14948E2E74948E0E73F48DEE74848F2
:106A5000DCE794208000D9E73C48D7E71A2C24D003
:106A60000DD8601F83B20A2BE1D80A28DFD8FBF7C4
:106A7000B7FA1EDEDE1CDEDEF0DECCEAF300364BBB
:106A80009C42E4D008D8354B9C4210D003339C4242
:106A90000BD0272CD5D0CAE7314B9C42D5D0314BF7
:106AA0009C42CED02B4B9C42C1D13248AEE7D42081
:106AB000D0E7314E3778052F08D82A23FB40DB0773
:106AC00004D523001E3B092B00D892E2E3B2292B08
:106AD00020D1002F00D184E2FEF756F90022274B87
:106AE0001A603378002B0FD1244E3468002C0BDD54
:106AF000234B1F78002F07D1224823496200FAF761
:106B00003FFF224B37601C602B78002B00D01AE728
:106B10001A4A14E72000FDF7B7FF03000200072F11
:106B200000D966E13800FBF779FA3300F400480138
:106B30008201C801090241025602C046C21B002060
:106B4000C11B0020CC1B00204D0200004F020000A2
:106B5000510200001A0200000A02000005020000B3
:106B600021020000230200004A020000520200003D
:106B70004D0300004F030000C81B0020C41B002071
:106B8000C01B0020B01B0020A01B00209C1B00206D
:106B9000581E182800D924E2FBF740FA4B004B009E
:106BA0004B004B0052000602F2003D004400190069
:106BB000230255005B005F009B006E006E006E00BC
:106BC0006E006E006E006E006E006E006E0001239F
:106BD00033700023272C01D023001D3BAC4A1360E7
:106BE0002000FDF751FF002800D17AE7A94BC340F0
:106BF000DB0700D475E7A84B1B78002B00D070E7AB
:106C0000A64A1368072B00DD6BE7591C1160A44AE4
:106C10005B009C5265E7022333709D4B01221C816F
:106C20001A73DDE704233370994B01225C815A7398
:106C3000D6E72000FEF7B6F80121FDF7CFFFCFE73A
:106C400001210E20F9E701210620FEF713F80023A9
:106C500007E02000FEF76CF8F9E7924B9C4202D067
:106C600002232B70BCE703234A202B70FDF78AFF19
:106C70008D48FDF787FFB3E7113B1800082B26D896
:106C8000FBF7B8F92023050E11141D1A07002A205E
:106C9000EFE78648FDF776FF4C20FDF773FFD6E758
:106CA000FEF73AF8D3E7FEF737F899E77E48FDF7A5
:106CB00069FF83204000DCE75020FDF763FF1A20C6
:106CC000FF30D6E74D20FDF75DFF4C20D1E71E20B9
:106CD000F6E7714B01931B78002B81D1744F3A6812
:106CE000002A00D17CE7012201990A700093009AE2
:106CF0003B689A4203DB0023019A137070E7009B04
:106D00006C4A5B00D05AFFF7F3FD009B0133EDE7BF
:106D10000B225F4B19680F1E00DC0127501E0D2847
:106D200067D8FBF77BF921002100210021002A0010
:106D300041012D001B001E0066000E0030003700D0
:106D40003B00092900DD4BE70A224A430021272C9A
:106D500001D021001D3952181A6041E70222327019
:106D60005CE70422327060E72000FEF71BF8390070
:106D7000FDF734FFFEF708F832E701210E20F7E7B0
:106D8000072333702CE739000620FDF773FF00233B
:106D90002B70EFE72000FDF7CBFFF8E7414B9C425B
:106DA00001D00223F4E703234A202B70FDF7EAFE0B
:106DB0003D48FDF7E7FEDDE70B22354F3B680093CA
:106DC000002B01DC01230093501E092811D8FBF78A
:106DD00011F9162116165AEB100510253B899C4215
:106DE00007D120000099FDF745FF3B89062BC1D153
:106DF000CDE7FDF7C9FF0022284B1A607FE53B89EC
:106E000020000193FDF7CEFF009A01000198FDF7E5
:106E100013FFEAE701220B213889F8E703233370D7
:106E20000023272C01D023001D3B7B60D8E6581E91
:106E30000A28DED8FBF7E8F80B001D000B000B005A
:106E40002600B800DDFFDDFFDDFFDDFF9300104F02
:106E500020003B890093FDF7A5FF3B680100002B54
:106E600000DC01237A685A43632A00DD632200981C
:106E7000CDE7074A5168092900DDB1E60A234B43F3
:106E80005360ADE6024F01220E213889BFE7C046AC
:106E9000CC1B0020FE17FE03C01B0020C41B0020DB
:106EA000A01B0020190200004D0200004F0200004C
:106EB0009C1B0020B01B00200B22534B1F68009727
:106EC000002F01DC01210091501E092891D8FBF709
:106ED00087F81F291F1F676B9090052C5B89019312
:106EE0009C4200D085E74A20FDF74CFE4A20FDF782
:106EF00049FE012F04DD009944480139FDF762FE87
:106F0000434B019A2B20934200D152E7414850E76E
:106F100020005F89FDF746FF01003800009AFDF769
:106F2000D9FE27E73A4A5B89ECE705223270002256
:106F3000272C01D022001D3A5A6051E6581E0A281B
:106F400000D956E7FBF760F8190095FF1900190002
:106F50002B00300055FF55FF55FF55FF0B002A4A07
:106F60005168092900DD3BE60A234B430021272C09
:106F700001D021001D395B1882E7234F20007B8957
:106F80000093FDF70FFF3B680100002B00DC01239D
:106F90007A685A43632A00DD63220098BFE71A4BE0
:106FA00001220E215889BAE70623EAE6062B00D013
:106FB0001FE7154F3B7B002B03D001220F2138899F
:106FC00025E77B7B002B03D001220F217889A6E7E0
:106FD00001210F20CCE6072B00D00AE78B204000D0
:106FE000E7E60D4B1A68002A01DD00221A60012035
:106FF000AAE4781E0428F4D8FBF706F88AFEDEFE21
:10700000B1FF5EFFB1FFC046CC1B00205102000063
:10701000370200002B020000C41B00200122124B8B
:1070200010B51A7000233C21104A1370104A1180C9
:10703000104A1370104A1370104A1370104A1370DC
:107040005371104A1370104A138072B6FFF7C4FBD5
:1070500062B607F075F99622D200801803220B4B16
:1070600018600B4B1A7010BD1E110020392F002024
:1070700016110020BD2F00207A2F0020BC2F0020E9
:10708000332F0020EF2E0020F02E0020381B002090
:10709000371B002010B583280ED106F0F7FFC0077C
:1070A00009D5532007F02AF8FEF794FE532007F085
:1070B0005BF8FEF78FFE10BD84280AD106F0E6FFCC
:1070C0004007F8D5472007F019F8FEF783FE472060
:1070D000EDE7031FDBB2A02BE9D903002033DBB2BD
:1070E000072B07D80723034001209840C0B2FEF7C2
:1070F00093F8DEE703005B33DBB2022B03D80020FA
:1071000006F0C8FFD7E703005833DBB21A2B03D8C9
:10711000002006F0D9FFCEE703003333DBB2122B99
:10712000C9D806F0F5FE07F03BF9C4E710B5002812
:107130000FD082280ED106F0A9FF800709D539208B
:1071400006F0DCFFFEF746FE392007F00DF8FEF7EB
:1071500041FE10BDFFF79EFFFBE7000070B5002465
:1071600026000E4D2B78002B05D00D4A6300D05C15
:10717000FFF7DCFF2E700B4B0135E31801341E7056
:10718000042CEFD1084C2378002B05D00220FEF709
:1071900043F8FEF71FFE267070BDC046971B002007
:1071A00088120100931B0020921B002070B500255F
:1071B000104C2088002804D0C0B2FFF7B7FF00238E
:1071C000238001350234042DF3D1D120FFF762FF73
:1071D000D220FFF75FFF0022074B1A70074B1A807F
:1071E000074A084B12781A70FDF72CFEFFF7B6FF1E
:1071F00070BDC0465E1B00205C1B00205A1B002097
:10720000661B0020C11B0020114B70B51A78002AA4
:1072100014D000241C700F4D2B78A3420FD80E4EB3
:107220000E4C3378002B05D02378002B02D1E020C0
:10723000FFF730FF002333702B70237070BD084BB5
:107240006200985C0134FFF771FFE4B2E3E7C046E7
:10725000581B00203E1B00203D1B00203C1B002033
:10726000401B0020352310B5064C03220649601C44
:107270002370FAF785FB81235B42A38006F03EFD75
:1072800010BDC046F81E0020040B01008023064AF2
:107290001B06D16C0B43D3648023044A9B035169C2
:1072A0000B4353617047C046001402400004014084
:1072B00010B5034B70461A695A6107F0A9F810BD62
:1072C0000004014010B5FFF7F3FF10BD802310B597
:1072D000DB05DA6970461A6207F09AF810BD000003
:1072E00010B5034B7046DA691A6207F091F810BDC9
:1072F0000004004010B5034B7046DA691A6207F0CB
:1073000087F810BD0008004010B5034B70461A6E98
:107310005A6607F07DF810BD000002402B4B70B597
:107320001A6975465A612A4B1978002912D110231F
:107330001A420FD0274C2278002A0BD0264A107808
:107340009022D2051268002808D1110019401A4273
:1073500000D12170280007F05BF870BD16001E40B8
:107360001A420DD02378012BF4D1013340221B485F
:107370002370FAF719FC8020400107F083FFE9E74A
:107380002378022BE6D1154B1A78154B1B78002B6E
:1073900007D07F2313403B2B03D107F0CDFE26708F
:1073A000D8E70A2A04D107F0C7FE00232370D1E7EB
:1073B0000C4A13780133DBB21370022B02D900237D
:1073C0001370F3E7012308482370D6E70004014057
:1073D0001E110020BD2F0020BC2F00207C2F00207C
:1073E0007B2F00207A2F00203A2F00207346F0B523
:1073F00089B00393B34BB449DA691A620B78002B56
:1074000012D0B24A13780133DBB2092B01D81370C2
:107410000AE0002313709023DB0518681023040092
:107420001C4018421AD10C70A94B1B78022B09D0B2
:10743000A84B1D78002D13D05B79002B10D10920AB
:10744000FEF79AFCA449087800285ED0A34A138866
:1074500001339BB2312B2AD813802BE00523D6E7CA
:107460000B78002BEED1002DECD19D4B9D4C1A7862
:1074700023789A42E6D09C4B1A78002AE2D19022D7
:10748000D2051268D206DDD401221A70974B2078FB
:107490001D70974B8001C01807F0F4FE237801336C
:1074A000DBB223702378132BCCD92570CAE70023D5
:1074B00013800B708F4A13780133DBB2022B00D993
:1074C000DBE113708C4A13780133DBB2042B00D953
:1074D000E2E11370894C8A4A2388158801339BB2F4
:1074E0002380AB420CD3002323807A4B1B78002BE4
:1074F00006D11120FEF740FC002801D10A3D25806D
:10750000039806F085FF09B0F0BD7E4A7E491378E6
:1075100009780133DBB2002900D192E0032B01D8B6
:107520001370C7E7794B1070DB6F04221C00784D95
:1075300014401342BED177482F6D037876495E0020
:107540007752AE6901333243DBB2AA61092B01D80D
:107550000370AFE70470714814220500FAF710FABF
:107560002E0028002200230021004F002C88BF5B42
:10757000A74200D219005700F75BA74200D91A00B2
:107580000133DBB202350A2BEFD1002423009142F4
:107590001DD108330288013BA418DBB2A4B202302B
:1075A000002BF7D15E4B5F4D9C4248D85E4B9C420E
:1075B0001AD964205D4AE3089B1858435C49FAF7DE
:1075C000F5FB5C4BC0B29C422CD900232FE09942C2
:1075D00004D09A4202D005886419A4B20133DBB208
:1075E00002300A2BF3D1DDE72B780133DBB2032B1A
:1075F00012D82B700020504B1870504B1870344B21
:107600009A78824202D09870FDF7A6F900224C4B7E
:107610001A803D4B1A704DE7002301222B70494B15
:107620001A70E7E72B780133DBB2092B01D82B70F6
:10763000E1E7002301222B70424B1A70DBE7642044
:10764000C3E7132B00D86BE7304B1170DB6F0422BC
:107650001C002F4D144013420DD12E482F6D03787E
:107660002D495E007752AE6901333243DBB2AA6125
:10767000092B04D80370324A13880133ECE6274DF6
:10768000047014222800FAF77BF92F4B10491B785D
:1076900001938B780293019B022B59D1264A6233C6
:1076A0001370264A1370029A9A4205D001228B70F9
:1076B000264B1A70FDF750F90022224B1A70194B15
:1076C0001A70D8E7001000401E110020392F00204A
:1076D00018110020332F0020322F0020302F0020DF
:1076E0000D2500200E2A0020BD2F0020BC2F0020D9
:1076F0000E250020002F0020FB2E0020DA2E002077
:10770000161100202D2F00202E2F002004240140D0
:10771000002401402C2F0020182F0020042F0020CF
:10772000D74F00000F2A00204F3A0000B7F8FFFFA4
:10773000B20200008F400000122A0020112A00200F
:10774000022F0020102A0020E82E0020F22E002018
:1077500028002E0023002200250001006F0034883D
:107760007F5AA74200D215005F00CF5BA74200D925
:1077700013000132D2B202360A2AEFD100242200CD
:107780009D4247D108230288013BA418DBB2A4B272
:107790000230002BF7D1C14BC14DC24EC24F9C42AB
:1077A00000D922E2C14B9C4200D824E26420C04AA6
:1077B000E3089B185843BF49FAF7F8FA019BC0B297
:1077C000012B00D024E2031C002800D10123D8B2F1
:1077D0003B78B94A83424AD2B84B1188994208D9BA
:1077E000002133781180622B02D80133DBB2337071
:1077F0003B700022B24B2A701A703378029A93427F
:1078000000D138E7AF4A93700122AF4B1A70FDF7F1
:10781000A3F830E7AA4204D09A4202D00188641843
:10782000A4B20132D2B202300A2AF3D1B3E72B78E4
:107830000133DBB22B70092B04D9002301222B70FA
:107840009F4B1A70019B002BC2D13B789A4A83420E
:1078500010D99A4B11889942CFD901993378118068
:10786000002B02D0013BDBB233703B70C5E7002335
:107870001380BEE7019B1380BFE700231370934A78
:10788000934913688B4200D11CE6002B00D119E606
:1078900090481160036015E600208F4B10701A7835
:1078A000884C824211D018702378012B0BD0022B08
:1078B00000D19BE0834208D16078022803D00328DE
:1078C00001D0012801D1FEF7DDF9844E3378002B79
:1078D00015D0834D2B78022B00D189E0032B00D1EA
:1078E0008BE0012B04D11220FEF7CCF902232B7080
:1078F0002B78032B03D901232B7000233370794A93
:1079000013780133DBB2FF2B00D100231370764ACA
:1079100013780133DBB2FF2B00D1002373491370BE
:107920000878002806D1724A138801339BB2312BA4
:1079300068D8138096216F4A4900138801339BB29F
:107940008B4268D213806C4B6C4E01931B78002BDA
:1079500016D096223388520001339BB23380934273
:107960000FD3674B1B78002B08D19023DB051B68D6
:10797000DB0603D4634B1B78002B52D191235B00B1
:1079800033802378022B00D184E04F4B1A78002AF1
:1079900004D0002210201A70FEF774F900225A4B0E
:1079A0001A705A4B1A680023920608D59023802239
:1079B000DB051B68920113405A4253410133962163
:1079C000534A49001370534A138801339BB28B42C8
:1079D00000D3AFE0138096214F4A4900138801334A
:1079E0009BB28B4200D3EBE0138073E508206AE77B
:1079F0001320FEF747F9032379E71420FEF742F935
:107A0000042374E70123108022780B70002A91D19F
:107A10002D4A13708EE70023138001223F4B1A700A
:107A200091E701223E4B1A7072B63E4BDF27196870
:107A3000F8235B0219407F022000791A0532FAF719
:107A400007F900281FD0384B0622210018000293A6
:107A500004ADF9F795FF08F0BFFB344B2800059300
:107A6000049708F091FB08F0ABFB08F0B5FB40234E
:107A7000029A2B812D4B280007920593049708F05A
:107A800055FB08F09DFB62B60023254A1370019A4E
:107A9000137075E7264B1A7B5B7B82E7D74F00009C
:107AA0000F2A0020122A0020112A00204F3A00003D
:107AB000B7F8FFFFB2020000022F0020C309000048
:107AC000102A002018110020F22E0020142A002075
:107AD00070160100FC2E0020FA2E0020F92E002046
:107AE00014110020F82E0020F72E0020F62E002082
:107AF000F42E0020F02E0020EE2E0020EC2E002090
:107B0000BD2F0020EB2E0020E92E002000080048A9
:107B1000E82E0020E62E0020DE2E0020EF2E002092
:107B2000EA2E002000140240182A0020FF41FEFF28
:107B300000380240002325781380022D00D14AE747
:107B4000374A1178994244D1364B1B78002B08D123
:107B5000354B1B78002B04D1344B1B78002B00D104
:107B600039E7002D00D036E76478012C0CD12D4B7D
:107B70001A78002A00D12EE7002205201A70FEF79D
:107B800081F82B4B1C7026E7022C0DD1264B1A785E
:107B9000002A00D11FE7002206201A70FEF772F8B3
:107BA0000122234B1A7016E7032C00D013E71F4B5A
:107BB0001A78002A00D10EE7002207201A70EDE79C
:107BC00000211C4B11801A788A4200D182E419707E
:107BD00080E4002DC8D0012D00D0FCE604201370F5
:107BE000FEF750F8124B1D70F5E6019B6420012B47
:107BF00012D16320ECE5019B012B00D1E6E52B7847
:107C000000200133DBB22B70042B00D915E619E6F6
:107C1000094B9C4200D80AE600232B7012E6C046AE
:107C2000E42E0020E32E0020E22E0020E12E002092
:107C3000E02E0020DC2E00208F400000F8B500254B
:107C4000C0246C430B4B0027E4180DE07300F2B224
:107C5000E35AF9B2E8B2013606F05EF8102EF5D11B
:107C600001372034062F01D00026EFE70135052D1E
:107C7000E6D1F8BDAE12010010B586B00400019146
:107C800072B608F0A9FA6A4604230294E443138208
:107C900002A801AB0593039408F048FA08F090FAA3
:107CA00062B6012006B010BD0200F820E02370B5D6
:107CB0001D4C0D002168400201405B025B1A1E68EA
:107CC000F02321685B0201405B1A1B68002B13D173
:107CD000164BF318591E8B41F82026682168400284
:107CE0000E335B03014006409E1B5B1A10495B1874
:107CF0009E4209D9802014E0AB20002E11D10B49FF
:107D00005B1859424B41E7E7316801310AD1F8234A
:107D100020685B021104184029438019FFF7ACFF6B
:107D2000012070BD0436E3E7001402401211111166
:107D3000FC1F00009023F0B587B000928A180590D0
:107D40000191DB009A4201D95B1A0093009B002B42
:107D50003DD000273A00019B0599DB19895C404A18
:107D60004033D05C884225D0D1549021C9008B4249
:107D700020D25908039101218B43D35A039819004B
:107D80000493FFF791FF802814D1F820E022354CAE
:107D90004002236852020340D31A19682368F02472
:107DA00003406402E31A1B68002912D02600140065
:107DB000002B0FD00137009BBFB23A009F42CAD3BD
:107DC0002948019B009A05991818F9F7D9FD07B0C1
:107DD000F0BD1600254BF022E5186B1E9D415202A6
:107DE00094466B03250063440293280008F052FE7A
:107DF00080239B00ED18029B9D42F6D11C49200078
:107E0000FFF73AFF04990398FFF74EFF0128D1D1FD
:107E10000025134A6B009B181A88002A18D1154BAD
:107E200001359D42F5D1114BF5186B1E9D41F02394
:107E30006D035B02ED18300008F02CFE80239B00E0
:107E4000F618B542F7D100212000FFF715FFB1E782
:107E50001988280089B2FFF727FF0128DFD0A9E79A
:107E6000182A002000140240582A00200040FEFF7B
:107E7000EEEEEEEE4102000037B50D000400FEF715
:107E80007BF9A84206D06B460222981D210005808E
:107E9000FFF750FF37BD00000A4910B54A78530775
:107EA000DB0F83420CD00123034004209B0082435C
:107EB0001A434A700988FFF7DFFF0220FDF75AF9DD
:107EC00010BDC0468A1A0020002337B504000D00FB
:107ED0000422010001A80193FEF736F9019B9D429F
:107EE00005D00422210001A80195FFF723FF37BD2B
:107EF000F8B5F827724D734A2B687F02724E3B40EB
:107F0000136013680021714A3000F9F74DFEE0223A
:107F1000F0212B6852023B40D31A1C682B6849029F
:107F20003B40CB1A1B68002C31D0002B00D0ADE0B9
:107F3000F8202B682A6840020340024090206449E0
:107F4000C000C91A634B9B1A994245D8624B9C42A8
:107F500059D0013400D0A2E0E024F02764027F026F
:107F6000200008F097FD80239B00E418BC42F7D165
:107F7000F822DF212B685202134049023000C91A4F
:107F80004022F9F7FDFC0122544B1A70F8BD2A6813
:107F900053483A402968801A524A3940521A90424E
:107FA0000CD8002BC4D001334DD1F0246002013431
:107FB000E4B208F06FFD002CF8D1D9E790271168E2
:107FC000FF00090CB942ECD211688C46674602CA20
:107FD000090C49007752E2E71A68120C8242B5D2C6
:107FE0001F6804CB120C5200B752ADE7200008F016
:107FF00051FD80239B00E418BC42F7D100212000F2
:10800000FFF73AFEB4E700246300F3181A88002A49
:1080100011D1354B01349C42F6D1E02000214002C1
:10802000FFF72AFEF02460020134E4B208F032FDCA
:10803000002CF8D19CE71988200089B2FFF734FEA4
:108040000128E6D094E76300F3181A88002A15D1B6
:10805000254B01349C42F6D1F0200021E024F0278A
:108060004002FFF709FE64027F02200008F012FDC3
:1080700080239B00E418BC42F7D179E719882000DF
:1080800089B2FFF711FE0128E2D071E7124884425D
:1080900008D0013403D114000F008342A6D008F0A9
:1080A00008FD65E7F0240133F9D160020134E4B240
:1080B00008F0F0FC002CF8D1E020210040029FE7FE
:1080C0000014024004250020182A0020C2040000E9
:1080D000FFFF010004E00100EEEEEEEE02250020BD
:1080E000FFDF010004C0010041020000902030B514
:1080F00010240F4B0F491A780F4BC0050D78002D37
:1081000004D10568254201D1002A03D0013B9BB26E
:10811000002BF3D18022094B52029A60BFF34F8F9C
:10812000074B084ADA60BFF34F8FC046FDE7C046F1
:10813000EA2E0020BD2F0020A08C0000000C00487B
:1081400000ED00E00400FA05012210B511000D4811
:1081500006F07DF9802390200A4C5B02A360012287
:108160000821C00506F073F9802390221B03D20575
:10817000936002210122200006F069F980239B020E
:10818000A36010BD000C00487047000010B500242B
:108190000D4B1C7006F012F8200005F07BFF20004C
:1081A00005F092FF094B1C70FDF714FE062221001A
:1081B0000748F9F7F9FC074B1C70074B1C70074B7D
:1081C0001C7006F0EDF810BD6E1B00208C1A00200C
:1081D000711A0020701A00206F1A00206E1A0020F9
:1081E00010B50400832811D105F050FFC0070CD44E
:1081F000532005F083FFFDF7EDFD642006F066FFD8
:10820000532005F0B1FFFDF7E5FD10BD84280DD129
:1082100005F03CFF4007F8D4472005F06FFFFDF75D
:10822000D9FD642006F052FF4720EAE7031FDBB2C6
:10823000A02B23D8284B9A78012A13D1274B1978E1
:1082400000237F290FD9264BC1085B189978072393
:1082500003409A400A420DD0200005F085FFFDF74B
:10826000B9FD07E000231F4AD15CA142F4D00133DD
:10827000062BF9D1200005F041FFC4E703002033AD
:10828000DBB2072B08D80721012301408B40164A97
:1082900011780B431370B6E703005B33DBB2022B9C
:1082A00004D8243CA0B205F0F5FEAEE70300583335
:1082B000DBB21A2B05D80D4A5B00985A05F004FF73
:1082C000A3E703003333DBB2122B9ED805F0CAFDBF
:1082D00006F066F899E7C046101100208A1A0020BF
:1082E000501500204A1500206E1B002018100100B8
:1082F00010B5002812D0822811D105F0C7FE8007E2
:108300000CD4392005F0FAFEFDF764FD502006F08C
:10831000DDFE392005F028FFFDF75CFD10BDFFF7FD
:108320005FFFFBE770B5C2B20500010AC30425D5A3
:108330000F230B40013BDBB2072B58D83149CB5CF4
:10834000502A4CD0512A4CD0522A4CD003244F2AC8
:1083500024D1002B22D100212B4A0B00105D884232
:108360001CD02A4D11552B5D8B4206D1284B620043
:10837000985CFFF7BDFF01232B5570BD0123022040
:108380000B40014200D003430420014200D00343CC
:1083900008200142D4D00343502A2FD11E001D4A89
:1083A0001478A6439C43002E02D03000FDF768FDF0
:1083B000002C02D02000FDF75BFDEDB22800FFF796
:1083C00097FF2800FEF7B2FE002C02D02000FDF738
:1083D00057FD002ED1D03000FDF74AFDCDE7002437
:1083E000B7E70124B5E70224B3E70024B3E7502A36
:1083F000FBD00023512AA7D10124ACE7512AA3D1F5
:10840000CCE7C04680120100931B0020971B002080
:10841000881201006E1B0020F8B5040000230B4DEC
:108420000B49E6B22F782B70FCF7E4FD3000FFF724
:108430005FFF012006F04AFE3000FEF777FE2000C5
:108440000449FCF7D7FD2F70F8BDC0466E1B002015
:10845000CD5E0000E55E000010B55020FFF7DCFFA8
:1084600010BD10B54F20FFF7D7FF10BD10B552203B
:10847000FFF7D2FF4A20FFF7CFFF10BD10B5512004
:10848000FFF7CAFF4A20FFF7C7FF10BD0A2010B54B
:10849000FF30FFF7C1FF10BD10B54E20FFF7BCFF46
:1084A00010BD10B54B20FFF7B7FF10BD70B50D0024
:1084B0000400FFF71DFF281E00D1012006F006FE74
:1084C0002000FEF733FE70BD002110B5392800D121
:1084D0005031FFF7EBFF10BD73B54B7905000C0071
:1084E000002B3AD04A78052A34D809780F2931D898
:1084F000374B12019B185B5CFF2B2BD00026354AB3
:10850000915D99421CD105F01BFF031C80B2324AD9
:108510007600002800D10123B3522A2D1FD16379A0
:10852000002B2AD005222D4B1B781340934224D1D7
:108530002A20FCF791FC4C20FFF7C6FF012076BDF6
:108540000136242EDCD12A2D09D1EBE7244A137001
:108550000020F4E72A2D10D1E4E72A280DD02C2D95
:108560000BD16379002B08D11E4A1178002904D061
:1085700013701D4A13701D4A13706B469E1D022214
:1085800021003000F9F7FCF93388002BE0D1637942
:10859000002BDBD0164B174A1B7812781343D7D029
:1085A0000124DB06D4D52800FCF756FC0C4A1378CE
:1085B000002BC3D11470104A137005F0C1FE80B2B5
:1085C0000E4A031C002800D1231C1380B6E7C046C6
:1085D000601101003C110100EC1A00206E1B00200C
:1085E000EB1A0020361B0020351B0020341B002016
:1085F0006D1B00206C1B0020EA1A0020E81A0020E6
:10860000F0B5B64B85B00193019AB54BB54D1360EB
:108610002B7807000091002B02D00022B24B1A6089
:10862000009B5E793B00E03B9BB20393072B35D860
:10863000AE4B039A9B5C002B05D0AD490A78002E07
:1086400029D013430B70AB4B1B78002B00D197E064
:10865000009B5B79002B02D00121A74A1170FEB26A
:1086600032001E3A92B2A54D102A00D931E3A44936
:108670008C5C002B59D0002C00D12DE32000FFF79B
:1086800037FE2B780B2B04D85A1C2A709D4A5B00AE
:108690009C52380021E09A430A70D4E7392FD2D196
:1086A000994C002E1CD00025934B1D70FCF71EFC2E
:1086B00001235840C0B22070A8420DD011218D4A2C
:1086C00013708B4B914A1B780B40591E8B411370D2
:1086D0008F4B1D70894B1D703920FCF7BDFB8AE064
:1086E0002278002A03D0FEF78FFD2670ABE7824B7D
:1086F0001C78002C01D01A70A5E7864B7A4A1E78A8
:108700001460002E07D101221A70FCF79BFB2E701B
:10871000FEF724FD97E71C70FCF794FB7E4B1C6072
:108720007E4B1C607E4B1C70F2E7002C00D02600B4
:10873000F0B2FEF7FBFC002C0FD1754A1378002B2A
:108740000BD0013BDBB21370002B06D16F4B1B78B3
:10875000002B02D1E020FEF79DFC00222B7871480F
:10876000D1B28B420CD9511C4C00045BB44244D1B1
:10877000013B6449DBB22B705B005B5A52005352E1
:10878000002238000099FCF7C9FB002833D13800DB
:10879000FCF788FB002811D1FCF7A8FB00280DD0BE
:1087A000019B1B685B6A002B2FD03800984700287C
:1087B0002BD0019B1B689B6A002B20D138005A4AA2
:1087C0000099FCF7ABFB0290002814D1019A009BA2
:1087D00012685B795188B9424AD1544D544C002BF0
:1087E00018D005F0ADFD80B2031C002800D1012394
:1087F0002B80002323700020B2E10A00B0E7009A2A
:108800003800517998470028D8D0009B5B79002B1D
:10881000D4D03EE72378002B0BD0464E308800287A
:1088200002D0C0B2FEF782FC0023338000232B80ED
:10883000E0E72B88002BF9D02A4E3378042B02D1A5
:10884000FEF7B4FCF2E7D368002B0DD1314B1B7857
:10885000002BEBD0384B32781A70FEF77FFC0423E4
:108860003370FCF7EFFAE1E798470028EED1DDE737
:108870001C4C2278042A0BD10399072960D8002BBD
:1088800006D03B009343E12B00D102E7FEF78EFCBC
:10889000204B009A1B785279002B00D1F8E0019907
:1088A0000968897C002900D1F2E0292F00D00EE16F
:1088B000002A00D10BE12378002B00D0EEE00C4B16
:1088C00022221B781900914300D0E7E09A0700D4D8
:1088D000DAE01A48FFF7A0FDDBE6C046681B00207F
:1088E00008110100C11B0020E41A0020FF10010044
:1088F0006F1B0020581B0020E01A00203E1B0020A8
:10890000EE100100401B0020DF1A00203C1B00205D
:108910003D1B0020C21B0020E01D0020DC1D0020AC
:10892000DE1A00203E1B0020D9840000DC1A002043
:10893000DA1A0020D81A0020661B00203502000039
:10894000002B47D00F2F0ED80A2F9FD93800222294
:10895000A24B0B381B781340042897D8F9F740FB3B
:10896000129619242F00282F30D02C2F8ED105F0ED
:10897000E7FC80B29A4A031C002800D101232C2076
:108980001380AAE6CF20974B1880FFF729FC0B2015
:10899000A3E6CE20002B00D00C30924B5880C0B202
:1089A000FFF7A6FC0D2098E6CD20002B00D00C3060
:1089B0008C4B9880C0B2FFF79BFC0E208DE6D02038
:1089C000884BD880FFF70CFC0F2086E6D220FFF7FB
:1089D00007FC5EE60F2F0ED80A2F00D858E73800A4
:1089E0000B38042800D953E7F9F70EFB170052FFA4
:1089F00022002D003800282F42D02C2F00D047E72E
:108A0000794D774E2B78002B33D0D120FEF742FBE7
:108A1000029B2B70002333803AE7724D2888002890
:108A200000D135E7C0B2FEF781FB00232B802FE792
:108A30006C4D6888002800D12AE7C0B2FEF776FBAB
:108A400000236B8024E7674DA888002800D11FE72A
:108A5000C0B2FEF76BFB0023AB8019E7614DE888DD
:108A6000002800D114E7C0B2FEF760FB0023EB80C2
:108A70000EE73388002BCDD0D120FFF725FDC9E7C5
:108A8000D220FEF707FB03E7002B07D0352021E7B4
:108A9000292F1CD1002A1AD0002B18D022224F4B8C
:108AA0001B78934313D12578AB1E012B0FD9012DD1
:108AB00058D14E4B1B78002B09D12370FCF7C2F91B
:108AC00005F03EFC4A4B002800D128001860009BAE
:108AD0005D79002D00D119E1464B1B78002B0CD09D
:108AE0002378012B09D1019B1B681C6B002C04D03F
:108AF0003A4B19782688002E4FD10B2F64D00D2FBA
:108B000000D1DDE00E2F00D1DFE00F2F00D1DEE03D
:108B1000002D60D1E52F09D1374C2378002B05D0EB
:108B20000220FCF779FBFDF755F925700022334947
:108B3000334C0B78D0B298420ED2501C4500655B86
:108B4000BD423FD1013BDBB20B702E495B005B5A4B
:108B500052005352012302930120029B5840C0B29D
:108B600005B0F0BD224D2E68002E09D100232B60E8
:108B7000FCF768F901232370FCF764F92920ACE5C0
:108B800005F0DEFB204B801B9842EFD805F0D8FBA8
:108B9000002800D10130286099E7B74210D1E3786E
:108BA000A2780B40002A07D1002B09D1FCF74AF923
:108BB00063689847300090E51A4201D09343F3E789
:108BC000083497E70200B5E700240A4B1B78002B16
:108BD0001CD10120C4E701246442F6E76F1B00208A
:108BE0005A1B00205E1B00205C1B0020C81B0020BD
:108BF000E41A0020C21B0020921B0020701B0020E2
:108C0000701B0020721B0020B70B0000E52F00D165
:108C10003FE5039B072BDCD9464B1D78464B2A00CA
:108C20001B78009322239A4317D0631C22D0009B09
:108C3000002B22D1414B1E78012E20D13800FCF7A9
:108C40000BF93F4D2B5D002B00D0D4E53D4B62006E
:108C5000985CFFF74DFB2E55CDE53E001D4202D03E
:108C60008026B6003E433000FBF70EFF002810D1EF
:108C7000292F0ED0009B002B01D0FCF7E3F8AD06A6
:108C8000A7D53800FCF724F90028A2D1FDF704F994
:108C90009FE73000FDF72CFE0028F0D13800FCF7EC
:108CA000DBF8631C00D1A6E5009B002B00D0A2E5F9
:108CB000224B1B78012B00D09DE5234A13559AE5E2
:108CC0000124002D00D080E724E00224F9E70324EA
:108CD000F7E71C1E00D12BE51C4A1378591C1170B4
:108CE000002B06D11A4B1B78002B02D1E020FFF796
:108CF00077FAF8B2FFF7FCFA2B780B2B00D9C8E40F
:108D00005A1C2A70134A5B009E52C2E40B2F00D0FB
:108D1000F5E62C0000260C4B094D1E552B5DB34289
:108D200000D103E7074B6200985CFEF7FFF92E5570
:108D3000FCE6C0466F1B0020C81B0020C11B0020A2
:108D4000971B002088120100931B00203D1B002070
:108D50003C1B0020401B00200A4B8000C35870B50C
:108D60005A1C0DD072B60F221C00134094430E3AC9
:108D700015009D402000290005F069FBA56062B642
:108D800070BDC046D80F01000300DA680800511C0E
:108D900010B5D96019698A4204D21C68002C02D02F
:108DA0005968A04710BD9B689854FBE7F7B51E00B3
:108DB000C36804000093089B150001919B070DD028
:108DC000002D0DD1089B9B0715D4F7BD2021200055
:108DD000FFF7DAFF0137B742F8D3F1E71700FAE7F8
:108DE000019B013D2000595DFFF7CEFFE8E7202100
:108DF0002000FFF7C9FFE368009A9B1AB342F6D33D
:108E0000E3E70000F0B58FB01D00169C04900392BC
:108E1000002921D123051BD4302304AA1372203B3F
:108E20009C4301310A00A30745D401231598234030
:108E300000283ED0002B3ED0039B002B02D10C33E8
:108E40001C4202D0159B013B15930A0030232AE0F7
:108E5000102DE7D1AC43E5E76123A20600D54123FD
:108E60000E000027DBB20A3B059329003000F8F71B
:108E700099FF059BCAB2D3188446DBB2092901D8F1
:108E80003032D3B2082004AA1218791CD355B54247
:108E9000C8D82029C6D00F006646E6E7082604A8F1
:108EA0008019835401321598904204D9202AF5D1B3
:108EB00001E0002BC9D1302304E0082604A8801962
:108EC000835401321498904201D9202AF5D1082DFB
:108ED00003D1914201D210239C432C4B1C423AD027
:108EE000230522D4002A20D0149B934202D0159B44
:108EF00093421AD1914202D2013A002A15D0244B52
:108F0000EB40DB071FD591423DD2013A102D12D123
:108F1000A3062CD4202A10D12022159B049800945B
:108F200006A9FFF743FF0FB0F0BD102DF0D0022DC2
:108F300009D1202AF0D0622300E07823082004A978
:108F400009188B540132202AE6D00820302304A9C6
:108F500009188B540132202ADED0039B002B0AD043
:108F60002D23082004A909188B540132D5E7582372
:108F7000202AE3D1D0E7630701D52B23F1E72307AC
:108F8000CBD52023EDE7102DD3D1C1E71020000071
:108F9000040001007FB5074B0A00019300230293F0
:108FA00003930493044B010001A8059305F06CFEA4
:108FB00007B000BDB9560000FFFFFF7F13B56B4639
:108FC000DC1D00230100012220002370FDF7BCF806
:108FD000207816BDF8B51400D31D6A46DB08DB0007
:108FE000D31A00AF9D460500220068460E00FDF72B
:108FF000ABF8220069462800F8F72AFE002804D0C2
:10900000220031002800FEF795FEBD46F8BD37B5B9
:109010000D000400FFF7D2FFA84206D06B460122E4
:10902000D81D21000570FEF785FE37BD1FB5012450
:10903000FDF7DAFA00201A49FEF71EFF0021022090
:10904000FFF7E5FF174B210003201C70FFF7DFFF40
:10905000A42104204901FEF70FFFFEF703F92100C8
:109060000F20FEF731FF102200216846F8F79CFD23
:10907000220068462521FFF7ADFF04211320FEF7EB
:1090800023FF102200216846F8F78EFD04222621D6
:109090006846FFF79FFF04F0C5FF04F02FFE1FBDD9
:1090A000E3FE00006C1B00207FB52A4A030CDBB2F4
:1090B000D45C050AEDB2230021000190002D2DD0D3
:1090C000062001AB1E78FF217043F8F76FFE552292
:1090D000524242437600B21803265643FF21F6B2AD
:1090E00032008E1B4B1B6A43754312122D128A1AD3
:1090F000491B6343624361431B1212120912DBB224
:10910000D2B2C9B2062820D8F8F774FF04061316A5
:109110001A1F040022000C0021001400FF2220006E
:1091200011401040090213401B040843184304B0C7
:1091300070BD1A000B00EFE711001A002300EAE7E8
:1091400022001C0013000A00E6E7110022001C00A8
:10915000F0E7C046D00D0100010030B5C0B20129D2
:1091600016D9F723FF225B01994202D84A09083237
:10917000D2B20124A018401005004543ADB2C3B2DD
:10918000A94206D2013BDAB29442F3D9013CE0B2E3
:1091900030BDFF28FCD00133DCB2F5E71FB51C0061
:1091A00001904BB2080601D549424BB23820C01A93
:1091B00080B292B252434043801880B2FFF7CCFF96
:1091C0000323434301AAE4181470937810881B0406
:1091D000184304B010BD0000054A064B11884B43EC
:1091E00005495B189BB2180AC018C0B213807047BB
:1091F000AE0E0020050800001936000010B504006E
:10920000FFF7EAFF60430012C0B210BD0F21430612
:1092100015D40B000200034092060B49920F520036
:109220005218517812784B431B119B1840B2DBB295
:10923000002801DA5B42DBB2803BD8B27047C343FF
:10924000DAB20B400133E7E7C80D01001FB5040C8B
:1092500001905008FFF7DAFF0200803AE4B2D3B27F
:10926000120603D580235B421B1ADBB201AA1288C7
:10927000FF2110005B000134DBB26343120A1B12B2
:10928000084012020B401B041043184304B010BDE9
:1092900030B585B00190C4B25008FFF7B7FF0200A7
:1092A000803A01ADD3B2120603D580235B421B1A6C
:1092B000DBB20D225B00DBB253431B12E4182C70AF
:1092C000AB7828881B04184305B030BD7FB50E006D
:1092D000041C01901000FFF799FF30360E4B76000A
:1092E000F35C01ADC018C0B20200803AE4B2D3B260
:1092F000120603D580235B421B1ADBB20D225B00F2
:10930000DBB253431B12E4182C70AB7828881B0483
:10931000184304B070BDC046601101001FB53C2366
:10932000FF334B43154A01901168040CC918144BC4
:1093300089B21879E4B2C008013048430012C0B2C3
:10934000FFF764FF0200803AD3B2120603D58023F0
:109350005B421B1ADBB201AA1288FF2110005B00DE
:109360000134DBB26343120A1B12084012020B40A5
:109370001B041043184304B010BDC0465819002008
:10938000F81E0020024B1A78104318707047C04630
:1093900054190020F0B50379070089B0002B00D1E3
:1093A000E6E10121FCF72CF90022B84B05001A80F8
:1093B000B74B1A707B7993420BD004F0C1FFB54BC9
:1093C0001860B54B1B78013B012B02D80122B34B2F
:1093D0001A70B34B1A78002A0ED02C2D00D1A5E1BB
:1093E000B04A954200D100E2AF4A954200D1FCE17B
:1093F000E02D18D000221A70AC4A954200D118E234
:1094000045D8A84A954200D1EFE12CD8E72D00D1EC
:10941000BBE10BD8652D00D1C0E1E32D00D1ABE15C
:109420002C2D00D182E1390028008EE1A423DB013C
:109430009D4200D1E2E19E4B9D42F4D17B79002B0D
:1094400000D0B0E09B4B3A889A4200D0ABE09A4BF8
:109450001A79012A00D1A6E001221A7100225A715C
:10946000964B0332DCE1904B9D4200D1BDE1944B21
:10947000EB189BB2032BD6D8924BE8187B790228C5
:1094800000D993E1F8F7CAFD9A01A201AB018E4A17
:10949000A81882B20E2AC6D80E28C4D8F8F7B4FD90
:1094A0000F002B0040005B006E00B800C400E0001D
:1094B0003A01C3FFC3FFC3FFC3FFD501EA017A79B5
:1094C000824B002A12D001241C70FBF7DBF97A4B87
:1094D0001A78A2420BD000201C70FCF7D3FBFBF7DC
:1094E0003BFA7B4B1C7004F02BFF00E01A70794BA9
:1094F00000221A8057E07A79774B002AF6D00122B1
:109500001A70FBF7BFF96C4B1A78002A02D15A780F
:10951000012AECD00124002220001A705C70DCE7E4
:109520007A796E4B002AE1D001221A70FBF7AAF972
:10953000614B1A78002A02D15A78022AD7D0002229
:1095400002201A705870FCF79DFBFBF705FA012208
:109550005F4B1A70C7E77A79614B002AC6D00122A7
:109560001A70FBF78FF9544B1A78002A02D15A78F7
:10957000032ABCD0002203201A70E3E77B79002B7A
:1095800011D04D4B1A78022A0DD0022208201A70F1
:10959000FCF778FBFCF74AFEFBF7DEF900224C4BA8
:1095A0001A7004F0CDFE7C79002C00D111E24D4BF5
:1095B000EB189BB27F2B01D900F039FEEDB20F2DD5
:1095C00000D9C7E00121912007AA04F0BFFB04AB3A
:1095D0001C7B002C00D0BDE0002D00D060E10126F6
:1095E000079407A8FCF714FE002800D1B2E0012878
:1095F00000D0A6E107A8FCF70BFE04000138032801
:1096000000D962E1F8F70AFD5C0168016E0174019E
:109610007B793549354A002B04D001230B70002398
:109620001370C0E70B70FBE77A79002ABBD1224B9D
:1096300018795979012805D10129B4D15A71FBF75C
:109640008BF9B0E70029F9D10122E3205A71FDF727
:1096500021FDE720FDF71EFD6520FDF71BFDEEE770
:109660007B79002B9FD0224C23787F2B42D9FEF7A9
:109670008DFD7F2223781340002223700E4BDA7079
:10968000FBF76AF90D4B03221A708CE7F02E0020CD
:10969000EF2E0020801A0020371B00207C1A0020AB
:1096A0007B1A00202252000023520000037C00009D
:1096B0000152000002030000181100207A1A002055
:1096C000B787FFFFB687FFFF0082FFFFE42E002071
:1096D000E02E0020E62E0020E32E0020E22E0020C7
:1096E000E12E00200089FFFF351B0020341B0020E5
:1096F0008A1A0020DB090BD1FEF748FD802322786F
:109700005B42134301222370C14BDA70FBF724F94B
:10971000C04BB8E77A79002A00D044E71A78002ACB
:1097200000D040E701211970BB4BADE779790029E2
:1097300009D11B78002B06D0B74A13780133DBB26E
:10974000032B17D8137039002C20FEF759FF00287F
:1097500000D028E7B14B1B785B0709D07B79002B41
:1097600006D0AF4B5B785B0702D50220FBF702FD0A
:1097700009B0F0BD1170E6E7A54B5B79002B01D075
:1097800000237B713900E320DFE7A14B5B79002BDD
:1097900001D000237B713900E720D6E79C4B5B7931
:1097A000002B00D1FFE600237B71FCE6002B00D0EC
:1097B000F9E69C4BDB78C72BAAD8F4E6002B00D047
:1097C000F1E6984BDB78002BA2D0ECE6002B00D022
:1097D000E9E6944B1B79FF2B00D0E4E698E7002BD9
:1097E00000D0E0E68F4B1B79EDE77B79002B02D0B0
:1097F00001228D4B48E700228B4B45E77B79002BFC
:1098000000D0D0E6894B3A889A4200D0CBE6804B14
:109810001A79002A00D1C6E600221A71844B01325F
:109820001A70E220FDF736FCE320FDF733FCE6205A
:109830000DE77A797F4B002A05D001221A700023A8
:109840007B717D4B54E61A70FBE77B79002B00D1CE
:10985000A9E67A4B1C681E68FBF7FCF8E1046C4C27
:10986000B60424780300F20FC90F0094744807F07F
:109870003BF998E67979002900D094E6644B012001
:109880001C796B4A002C06D118715C71032313708C
:10989000FBF7E4FBC5E719711070FBF7EBFBC0E7C2
:1098A000922C00D156E72000012107AA04F04EFABD
:1098B00004AB1B7B0134002BF2D1013DEDB28BE6F2
:1098C00007A8FCF7A5FCFEF7FFFD300005F0FEFB46
:1098D000002C00D085E63DE707A8FCF799FCFEF7D1
:1098E00007FDF2E707A8FCF793FCFDF71FFCECE788
:1098F00007A8FCF78DFC002504000422514B1B5DDA
:10990000134215D10120002D0FD0FA22002392001E
:109910002800E917F8F736FB00234B4A8018594115
:10992000FA2200239200F8F7DBFB05F0CFFBCCE72F
:109930000A2307A85D43FCF76BFC303C6519040063
:10994000DBE70722414B1B5C0393C3081040404AEE
:10995000DBB2D25C02411100314004913D49C95C47
:10996000014131400D003C49CC5C0441344032425D
:1099700005D0E120FEF734FC300005F0A7FB002DF8
:1099800005D0E620FEF72CFC300005F09FFB039885
:109990000021FEF78BFD300005F098FB002D05D06F
:1099A000E620FDF777FB300005F090FB049B002BD1
:1099B00005D0E120FDF76EFB300005F087FB002CA1
:1099C00000D10EE62C20FEF77FFD300005F07EFB77
:1099D00007E6224BE818062801D900F01BFCF8F72F
:1099E00009FB0E12040B3F4347002623E12211001E
:1099F000200006F0DFFCADE62723E522F7E726236B
:109A0000E122E021F4E72723E522E421F0E7C04644
:109A100018110020791A0020781A0020881A0020D6
:109A20008A1A0020F81E0020771A00200103000087
:109A30007A1A0020DC2E0020DE2E002000040048D0
:109A40004C0D0100090B0100E70300006E1001003E
:109A50005E1001004E1001004E100100E883FFFF70
:109A60002623E122E221C3E72723E522E621BFE7FF
:109A700028230122E521BBE7012322781343237029
:109A800004202188FEF7F8F9FEF780FB62E6082340
:109A9000627813432CE002232278EFE70423227834
:109AA000ECE708232278E9E701236278F1E7022353
:109AB0006278EEE710232278E0E720232278DDE7C2
:109AC00040232278DAE7FEF761FB802322785B42AD
:109AD000D4E70C2322789A43D0E7032362789A4391
:109AE000D7E7012223789343C9E708226378934399
:109AF0006370C5E702222378F5E704222378F2E7B2
:109B000008222378EFE701226378F0E702226378E6
:109B1000EDE710222378E6E720222378E3E74022CE
:109B20002378E0E7FEF732FB7F2223781340A6E795
:109B30000C222378D7E703226378D8E70122042098
:109B400023785907C90F8A43910083430B430821A7
:109B5000D2008B4392E7012108006378DA07D20F25
:109B6000904302228B430343410093430B43BFE7DF
:109B7000012223785906C90F8A4392014021E8E760
:109B8000FEF704FB01222378D9094A407F21D20144
:109B90000B4073E701210E20FFF739FA70E700212F
:109BA000F9E701222378D906C90F8A43120110214F
:109BB000CFE7012108002378DA07D20F9043020093
:109BC000C7E7012263781907C90F8A430821D20029
:109BD0008B435EE755221B7893431900481E814151
:109BE000AB4A35201170002B00D10C3804F086FAF6
:109BF000FCF7F0F8AEE5012003F052FFAAE5002BD8
:109C000033D003F0AFFFA5E5002B33D003F0DCFF2A
:109C1000A0E5002B33D003F0F7FF9BE5002B33D0FA
:109C200004F016F896E5002B33D004F033F891E5F4
:109C30002222984B1B781340974AA8180E2835D833
:109C4000F8F7CEF9080ED9DD11E216E71BEC20F18A
:109C5000252A2F0003F034FF0120FFF793FB79E55D
:109C600003F042FFF8E7002BCBD003F06DFF71E566
:109C7000002BCBD003F09CFF6CE5002BCBD003F086
:109C8000B1FF67E5002BCBD003F0D0FF62E5002BDE
:109C9000CBD003F0EFFF5DE5002B04D004F01CF8FF
:109CA00058E5002BFAD004F005F853E57B4B9D42B4
:109CB00015D07B4B9D421DD07A4BEB189BB21F2BCE
:109CC0001DD8002C2AD11F2301342B409C40E4B224
:109CD00021000320FFF79BF9734B1C703AE501202C
:109CE000002C09D0FBF7BAF9032202210120FBF76F
:109CF00017FA2FE50220F3E7FBF7BCF9F4E7002C95
:109D00002BD06A4B9D421CD0694B9D4210D0694BB1
:109D100001209D4212D0684B9D421AD0674B9D4254
:109D200011D0033B9D4218D1FEF730FAFCF730FA10
:109D3000634B587801234007C00F5840FEF7ACF83A
:109D400008E50020FAE7FCF74FFC00205D49FEF72C
:109D500093F8FEF71BFAFEF7C9F93B8806AD2B8096
:109D60000698002C5AD0FBF723FC0400010006984B
:109D7000FBF78CF92A8807AB1A8020000799FBF7BC
:109D8000DFF8FBF731FB0022BB797D791B090393D8
:109D90004D4B041C05931B7804925B072BD0049554
:109DA000954228D023041B0E19000F3291434029FD
:109DB00010D0C1B20A0000202032D2B20490072A8B
:109DC00019D91F229343202B04D1012913D9039BB6
:109DD000834210D000223A4B04925B785B070AD58D
:109DE0000220FBF7C7F90722059B1B7813405A4254
:109DF0005341DBB204932304180F0B2800D989E0E8
:109E0000F8F70CF91000100066006600DF00F300A0
:109E100088008800FE006B017E017E01FBF75EF981
:109E20000400A7E726052304360F1B0E0F2B00D9CD
:109E30003601E4B2002D13D0002E0DD023002033C4
:109E4000DBB2072B02D9214A002C00D1114A13782A
:109E500033431370FBF7BEFF2000FEF749FA59E0C9
:109E60002000FDF763F9002E54D023002033DBB22D
:109E7000072B01D9002C03D13000FBF7CDF903E00B
:109E8000124A1378B3431370FBF7A4FF42E0C046B5
:109E9000851A00206E1B0020C087FFFF777C000022
:109EA000787C000020ADFFFF6C1B00205B7C000075
:109EB0005C7C00005A7C0000017C0000037C0000F8
:109EC0008A1A0020FFFF0000881A00208C1A002048
:109ED0000F22230426051B0E360F9343202B00D0A0
:109EE0003601E4B2002C07D0012C52D0039B002D88
:109EF0005BD0002B2CD0AFE7B34B5B785B0722D451
:109F0000002D05D0002E05D0B04A13783343BAE7B0
:109F1000002EB1D1049B002B00D19CE0059B18784A
:109F2000012302001A40184200D094E07A71C00860
:109F3000FBF794F83800FFF72DFA059B1878C00856
:109F4000FBF798F887E0039B002D11D0002B03D17D
:109F50003000FBF795FFDDE7039B012BDAD19C4A2C
:109F600013781900334331408E42D3D01370D1E7B8
:109F7000002BCFD13000FBF77BFF954A137833429B
:109F800001D0B3431370934A13783342C2D0B34322
:109F9000ECE7039B002D02D0052BBBD8D8E7042BA0
:109FA000B8D83000FBF764FFB4E7002BF9D050209D
:109FB000392C00D0012005F089F82000FDF7B6F813
:109FC000A8E72005800F09D00128A3D100208542F1
:109FD00001D0A005800D04F077F89BE7002D01D09B
:109FE000A005800D04F056F894E7E0B2002D04D0EF
:109FF00003F038FF04F0D4F98CE703F089FFF9E7A8
:10A0000023049B019B0F32D1002D22D11020230667
:10A010005B0F9B002107DBB2090F99400200C9B218
:10A020002240204203D00F229A40D243D2B22405CC
:10A030006948A40F022C14D0032C16D0012C04D094
:10A0400003780A431A40027003E003780B4313437A
:10A05000037004F00FF800213800FBF7D1FAFFF786
:10A0600087FB03780A435A40EDE70A43EBE7A30571
:10A070009B0FDAB2002D21D0DB07EAD52206520F62
:10A0800092002007D2B2000F9040C1B2102003000E
:10A090002340204203D00F239340DB43DBB224054F
:10A0A000A40F022C11D0032C14D04C4A012C08D040
:10A0B00010780B431840FAF7BFFFCAE7012AC8D946
:10A0C000DCE7107808431843F5E7444A0B4310785F
:10A0D0005840F0E719430800EDE7E6B22405240FE5
:10A0E000002D06D02000FAF7B9FF3000FBF7C8FEBC
:10A0F000AFE73000FBF7BCFE2000FAF7BBFFA8E794
:10A10000E6B23000F038042843D8F7F773FF03268F
:10A11000141B2200039B002D0AD0042B99D8012088
:10A12000E404E40EA0402D4B1B785840C0B2C2E7B7
:10A13000052B8ED8F3E7E004C00E002DDDD1FAF731
:10A140008DFF86E7281EB6D00120E404E40EA0406F
:10A15000ECE71D4B5B785A0704D4E004C00E002DD9
:10A16000CBD0ECE7002D09D0E004C00E5B07E6D5AC
:10A170000323C2001343059A1370E0E70120FAF7A6
:10A18000F9FF039B012B00D863E70220FAF7F2FFE7
:10A190005FE7039B002D08D0002B03D03000FEF7B3
:10A1A000A7F856E7E004C00EC9E7002B09D05020FD
:10A1B000392E00D0012004F089FF3000FCF7B6FFF3
:10A1C00047E7E004C00E98E78A1A00206E1B0020C3
:10A1D000861A0020871A00206C1B00206D1B0020AF
:10A1E000314A324B954200D1F4E422221B781340CD
:10A1F0002F4AA8180A2800D958E5F7F705FFFCFCF4
:10A2000000FD34FD05FD39FD0AFD3EFD0FFD43FD5A
:10A2100014FD48FD244B9D4200D009E5254B352017
:10A220001B78002B00D10C3803F09EFFE0E4224B9A
:10A23000E818062801D8FFF7D2FB00221F4B1A703E
:10A240001F4BEB189BB2222BCAD80420FBF794FFBC
:10A250001C4C1D4B2080E818212801D9FFF70CFC6D
:10A26000F7F7D2FE3FFCA7FC48FC19FC1CFC4BFC9A
:10A270001FFC4EFC57FC28FC9FFC2BFC5AFC2EFCC0
:10A280005DFC86FC31FC60FC8EFC37FC66FC6CFCE3
:10A2900022FC51FC25FC54FC3BFC69FC79FC98FC3D
:10A2A0009DFC15FC43FCAFFC167C00006E1B0020DF
:10A2B000E087FFFF851A0020E883FFFF841A002053
:10A2C0000090FFFF8A1A0020FF8FFFFFF8B51A48A1
:10A2D00083790F2B2BD84379002B28D0174B058877
:10A2E0001A78174B46881C7807239C46154FA242C4
:10A2F0001DD0D300DB191979002919D01988A9427A
:10A3000016D15979002913D15988891B89B2C729D7
:10A310000ED80F241021827922400A4382719A7943
:10A32000224011439971FFF735F8FAF713FFF8BD92
:10A33000634601321A40DAE7D01A00208E1A002054
:10A340008D1A0020901A0020F0B5040087B0062274
:10A35000010002A8F7F714FB774E6579337922796B
:10A360000193002B13D1002A0FD0002D00D1DEE085
:10A370002000FBF76FF9002800D1D8E00822210067
:10A380003000F7F7FDFAFFF7A1FF012543E07379ED
:10A390006788009373880099FB1A9BB2002900D14B
:10A3A0009FE0C72B67D8002AEFD0B3793288218885
:10A3B0000F2B52D891420DD1002D49D10F221340BD
:10A3C000013213433000B371FEF7E4FFB379A37198
:10A3D000002520E0002D3BD1267867782A0039003F
:10A3E000300006F033FA2A003900300006F02EFA69
:10A3F000051EEDD10298FBF71DF9C3B200040F2131
:10A40000020F032A0AD8012A11D9000E014213D0E3
:10A41000A2790F2A10D8280007B0F0BD06320A40F2
:10A42000012A0ED92000FEF7B5FF009DF3E7000ECC
:10A43000014201D0002BEED02033DBB2072BEAD94A
:10A44000F0E7EF2BE7D90F33DBB2022BE3D9E9E7D3
:10A450000123B2791343B371BAE791422AD1002D97
:10A4600028D1A3712000FEF795FF082221003000BB
:10A47000F7F786FA89E7B3790F2B08D83000FEF793
:10A4800089FF082200213000F7F78EFBA0E7002AA1
:10A4900000D17AE73188228891420BD1002D09D171
:10A4A0002000A371FEF776FF082229003000F7F79D
:10A4B0007BFB6AE72000FBF7CDF8002837D0002DA2
:10A4C00035D0B3791F2B00D858E7328804A8028012
:10A4D000019A47800271002283714271FEF75AFF90
:10A4E0004CE7C72BCDD8002A00D14EE7002D1ED057
:10A4F000328823889A4210D1B379DA07B5D40F2B6A
:10A50000B3D90F21A3718B43F02BABD0A3791A09D8
:10A51000013212010B401343A3E72000FBF79AF826
:10A52000002800D02AE70123B2791343B371200039
:10A53000FEF730FF29E7C046D01A0020F0B50D0A1B
:10A540008BB0EDB202AA02905160002D02D0002122
:10A550002F4B1970002302A9CB81029B04AC0493FA
:10A560001679002E09D00121200026716571FBF7B4
:10A5700047F801212000FBF743F8657106AD210083
:10A58000082228002671F7F7FBF92800FFF7DCFE08
:10A59000041E1DD11F4B204F00931B780822290059
:10A5A00008A801933E78F7F7EBF92B79002B0FD031
:10A5B0000723751C1D40019B9D4212D01748F600D1
:10A5C0000822801908A9F7F7DBF93D70FAF7C2FDF8
:10A5D0000725104C104B20781B7883420CD10BB010
:10A5E000F0BDFDF7D3FD009B082221000C483C7014
:10A5F0001C70F7F7D9FAEBE7084BC000C018FFF75B
:10A60000A3FE0028EBD0237801332B402370E0E732
:10A610008C1A00208E1A00208D1A0020901A00201B
:10A62000D01A0020F7B503F08BFE094E84B23388B0
:10A63000A3420BD06D4600272F8003F081FEAF8030
:10A64000688000980199FFF779FF3480F7BDC04614
:10A65000201A002010B5FAF78BF910BDF0B5C04BE9
:10A6600095B01A78BF4C01230190824208D123781B
:10A67000BD4A9B0712789B0F9B1A5A1E9341DBB26F
:10A68000BA4DAB7063796A789A4205D00022110006
:10A6900010006B70FBF7F2FA019B2D2B31D8581E7E
:10A6A0002C2835D8F7F7BAFC3D006900C800FE0039
:10A6B0002F013301350137013B013D0141014301C8
:10A6C0004501470149014B014D014F015101530122
:10A6D000570159019001F9013802700272027402A7
:10A6E00076023803D6033D0449044C044E0450045A
:10A6F00052045404560458045A045C049604FA04A0
:10A700003405019BFF2B01D100F005FD002066E020
:10A71000AB78002BFAD0002211001000FBF7AEFA44
:10A72000F4E7287803F0AAF912AB18800322611C21
:10A7300087B2C6B213A8F7F723F91398FEF7B4FC53
:10A7400003020404C2B21B0E3F0A0092240E0293BD
:10A75000F3B29F4204D800203F23BB4240413DE07A
:10A76000834B6A789B5D1A4205D022003000029B21
:10A770000099FFF76FFF0136EAE7287803F07EF9CA
:10A7800083B2784F12AA1B0A10800093BA78FB7824
:10A790007E7813AD2E706A70AB70C4B21398FEF75A
:10A7A00083FC02040302C1B2120E1B0E0591039238
:10A7B00004933B79F6182E701398FEF775FC01266A
:10A7C000030405021B0EC7B202932D0E009AE3B2DA
:10A7D0009A421DD800203F2393424041C0B2634BB0
:10A7E0001A7801321A70002801D000F0A6FC02216C
:10A7F000604A11709B78002B01D000F09EFC019BF9
:10A80000002B01D000F099FC0333137000F095FC8D
:10A81000574B564A1B5D52781A4207D0334207D035
:10A820002B003900029A2000FFF714FF0134CDE716
:10A83000049B039A0599F6E7287803F01FF912ABF9
:10A840001880237985B201339B08A778E6782D0A12
:10A850000093C4B2E3B29D4204D800203F23AB4230
:10A860004041BBE7424A414B125D5B78134217D02F
:10A8700041496300CB5C00991B094B43394913AA3A
:10A88000497857705B18137096701398FEF70CFC9C
:10A8900002040302C1B2120E20001B0EFFF7DAFE03
:10A8A0000134D7E7287803F0E9F812AB1880237950
:10A8B00085B201339B08A778E6782D0A0093C4B2CD
:10A8C000E3B29D42C9D92A4A284B125D5B781342F4
:10A8D00017D02A496300CB5C009913AA4B43214946
:10A8E0005B11497857705B18137096701398FEF7D8
:10A8F000DBFB02040302C1B2120E20001B0EFFF7A5
:10A90000A9FE0134DCE71E4804F06CF967E71D4836
:10A91000FAE71D48F8E71D4803F058FE5FE71C48BA
:10A92000FAE71C4803F0C0FE59E71B48FAE71B484A
:10A93000EAE71B48E8E71B48E6E71B48E4E71B4853
:10A94000F0E71B48E8E71B48E6E71B48EAE71B4837
:10A9500003F022FF43E71A48FAE71A48F8E7C0462F
:10A96000D00E0020F81E0020CF0E0020CC0E0020BC
:10A9700040120100D10E0020C1110100C0110100E0
:10A980004D9200000957000051570000A5570000E4
:10A99000D557000015580000495800008D58000098
:10A9A000A1580000C5580000E95800002D590000CA
:10A9B0009D9100004D5900006D590000955900000F
:10A9C000D15900000D5A0000287803F057F812AB57
:10A9D000188087B2061C0A212079F7F75DF9BE4B73
:10A9E00002301D68C0B2ADB245432D123F0AEDB230
:10A9F000F6B2F1B28F4200D8ADE6B84AB84B925DDC
:10AA00005B78134224D0B74A7300D35C6278202B62
:10AA100020D9A378E0781B02134300042A001843CE
:10AA2000FBF71EF802040DAB120E18705A701B884B
:10AA3000000213AA000E138090701398FEF734FBE7
:10AA400002040102C3B2120E090E3000FFF702FE2B
:10AA50000136CEE7A378E0781B02134300042A00F6
:10AA60001843FAF7FDFF02040EAB120E18705A706D
:10AA70001B88000213AA000E138090701398FEF733
:10AA800013FB0204030210A9120E1B0E4A708B70F6
:10AA90000870D2B2C1B2DBB2D7E72E78002E18D13F
:10AAA00022791032131CFF2A00D9FF238A4A01336E
:10AAB00010689BB280B2584300120A2180B2F7F7A7
:10AAC00071F989B2002904D14020FEF797FB864B2B
:10AAD0001880300002F0D2FF13AB1880AB7884B23C
:10AAE000C6B2240A002B10D17F4D288886420ED88A
:10AAF000A0420CD2C0B203F0B1FE41232B8006E08D
:10AB0000300003F0ABFE0136F6B2B442F8D80020B4
:10AB10003F23A342404161E62E78002E17D12279CF
:10AB20001032131CFF2A00D9FF2301339AB26A4B5B
:10AB30001B689BB253436D4A1B1253436C4A9BB232
:10AB4000934204D84020FEF759FB6A4B188030002E
:10AB500002F094FF13AB1880AB7884B2C6B2240A1B
:10AB6000002B0ED1634D28888642D0D8A042CED289
:10AB7000C0B203F09BFEC0E7300003F097FE013641
:10AB8000F6B2B442F8D8C2E75B48BDE65B48BBE624
:10AB90005B48B9E65B4A504B12681B6800209A423A
:10ABA00000D91CE6AB78834251D1287802F066FFC9
:10ABB0000327C6B2774383B21B0A0093524B10AAF5
:10ABC00010800293FF18009AF3B29A4272D81300D1
:10ABD0003F2A38D9551E03225A434C49033A02985A
:10ABE000F6F72CFFFEF7F8FA800771D4FEF7F4FAB7
:10ABF00006008020FEF702FBE27813AB7F309A70EC
:10AC00001E7058701398FEF74FFA01040202090EE5
:10AC1000C0B2120E032675433B4BE8545B195970C2
:10AC20009A702279374D1032131CFF2A00D9FF2366
:10AC300011219BB2594336480912F7F7B7F8264B52
:10AC40001B68C018286000203F23009AC4E500223A
:10AC500011001000FBF712F82E4B2B4E0093FEF75D
:10AC6000BBFA0223184221D1FEF7B6FA0700802072
:10AC7000FEF7C4FAE27813AB7F309A701F705870F9
:10AC80001398FEF711FA0204030211A9120E1B0E0B
:10AC900008704A708B70C0B2D2B2DBB2B370009B46
:10ACA000307072700336B342D9D17EE700200200C3
:10ACB0000300F3E7094B6A789B5D1A4205D0300028
:10ACC000BB787A783978FFF7C5FC033701367AE725
:10ACD0000020010002009DE75819002040120100E9
:10ACE000CC0E0020C1110100A40E0020CDCCFFFF2E
:10ACF00033330000A60E002091920000CD92000098
:10AD0000995A00003016002070150020731500209D
:10AD1000B80B0000301600200323E478FF206343C3
:10AD20009F10FBB221000793F7F740F8C3B20693D8
:10AD3000AB78C54A0592002B0CD000221100100000
:10AD4000FAF79CFF602200210598F6F72DFF0022FC
:10AD5000BE4B1A700025BE4A137801331370059B51
:10AD60000093BC4B009EEB18039300230293B74B58
:10AD7000029A1B7813433AD1F5F760FAB64B984222
:10AD800035DC009B1C70039B1B780493FF2B0ED0BB
:10AD90003078079B834237D2C01BE11B7843F7F71B
:10ADA00005F8C1B20B0022000498FFF753FC029B88
:10ADB00010360133DBB20293039B10330393029BE3
:10ADC000062BD4D1009B013501330093102DC8D13F
:10ADD0009F4B06991A788A4201D100221A709B4A29
:10ADE00013780133DBB21C2B16D813708EE4337842
:10ADF000002BC8D09C42C6D9954A069912788A423F
:10AE0000C1D1013B3370BEE739006043F6F7CEFF96
:10AE10000023C2B21900C7E7002313700522059F63
:10AE2000601E503710217B1B052A03D15E5DB442A2
:10AE300000D158551E78A64201D318701C740139F0
:10AE4000C9B201330029EFD1013AD2B21035002A3C
:10AE5000E8D15BE4287802F011FE83B21B0A11AE40
:10AE60003080009323790133191CFF2B00D9FF2177
:10AE70007A4889B2F6F79AFF347885B2009BE1B23E
:10AE8000994200D3DFE6764A764B125D5B78134237
:10AE900036D07548754F0278013A52B2130631D553
:10AEA0002B00734A177990780137D1783A1CFF2F1D
:10AEB00000D9FF22013292B253431B121A1C9BB2DB
:10AEC000FF2B00D9FF22D2434123D2B25A43684B11
:10AED00012125B78D21812AB1A70997058701298CF
:10AEE000FEF7E2F80204030213A9120E1B0E08700B
:10AEF0004A708B70D2B2C1B2DBB22000FFF7AAFB5E
:10AF00000134BBE7BB5C8B4209D113000C335B00FF
:10AF1000C3185E789B781B0233439D42C1D8013A27
:10AF2000BCE75449504B1B78013B181C002B00DA3E
:10AF30000020C0B203F0E2FC51E44E490020F9E7E2
:10AF40004D49EFE74C49F9E74C49EBE74B49F5E749
:10AF50004B49E7E74A49F1E74A49E3E74949EDE761
:10AF60002E78002E17D122790532131CFF2A00D922
:10AF7000FF2301339AB2444B1B689BB25343434AAD
:10AF80001B125343424A9BB2934204D84020FEF71F
:10AF900035F9404B1880300002F070FD13AB18807B
:10AFA000AB7884B2C6B2240A002B10D1394D288860
:10AFB000864200D9ABE5A04200D3A8E5C0B203F0B9
:10AFC00047FD9AE5300003F043FD0136F6B2B44286
:10AFD000F8D89CE52E78002E17D122790532131C63
:10AFE000FF2A00D9FF2301339AB2274B1B689BB27B
:10AFF0005343264A1B125343254A9BB2934204D81B
:10B000004020FEF7FBF8244B1880300002F036FD9C
:10B0100013AB1880AB7884B2C6B2240A002B10D1CF
:10B020001D4D2888864200D971E5A04200D36EE507
:10B03000C0B203F04BFD60E5300003F047FD013680
:10B04000F6B2B442F8D862E5361600203516002074
:10B05000341600206011010054555505FFFF000013
:10B0600040120100CC0E00202619002037190020C4
:10B07000F81E0020D15A0000135B0000855B000021
:10B08000F95B00003F5C000058190020CDCCFFFFA9
:10B0900033330000A80E0020AA0E00202E78002EC8
:10B0A00017D122790532131CFF2A00D9FF2301335F
:10B0B0009AB2284B1B689BB25343274A1B12534337
:10B0C000264A9BB2934204D84020FEF797F8244BBF
:10B0D0001880300002F0D2FC13AB1880AB7884B239
:10B0E000C6B2240A002B10D11D4D2888864200D9F3
:10B0F0000DE5A04200D30AE5C0B203F02DFDFCE44B
:10B10000300003F029FD0136F6B2B442F8D8FEE46F
:10B110001448FFF7F9FB0F4B1B681B059B0F022B15
:10B1200010D0032B12D00022012B08D011001420C4
:10B13000FAF7A4FD02220C4B1A7015B0F0BD1421D1
:10B140001000F5E7142200210800F1E71422110095
:10B15000FAE7C04658190020CDCCFFFF333300007A
:10B16000AC0E00201D930000D10E00200023F0B58E
:10B1700099B0079372B6E94D03332A69E84C13433B
:10B1800080222B612368520213432360012321682C
:10B1900080200B438021102623604903800323680D
:10B1A0000B4202D023680342F9D02368134202D035
:10B1B00023689B03F3D52368334202D023689B06A0
:10B1C000EDD52368DB0702D523689B07E7D5236EFF
:10B1D000DB0702D5236E9B07E1D5236EDB0502D585
:10B1E000236E9B05DBD56368CE4ACF4E1340636068
:10B1F0006368CE4A1340636063680193A368A768DD
:10B200000293A368E2680393120AC94BD2B2534374
:10B21000C84A93420CD9C84A5B08136003F0B2F9DC
:10B22000802362681B0132401343636003F094F98A
:10B2300007220321636893430B4363606368BF493C
:10B240003340636063680B4063606068C00810400F
:10B25000022800D1FFE2032800D136E3013843423F
:10B260005841B74B40421840C018B64B186063684D
:10B270001B051B0F0B2B00D829E3060063685B0539
:10B280005B0F0233DE40E022AB4BD2011E606168EF
:10B290003300114206D0320063689B049B0F0133D8
:10B2A000DA401300A84AA24913602368A74A134052
:10B2B0002360F6F7F1FCE768A54B00021F40A54BA1
:10B2C0000743E7609E4200D80BE303232A69134338
:10B2D0002B612368A04A01251340102223602368B4
:10B2E00093432360236E9D4A13402366236EAB4332
:10B2F000236603F047F98023E26B5B021343E363A9
:10B300008023E26B9B021343E3638023E26BDB0247
:10B310001343E3638023E26B1B031343E363802344
:10B32000E26BDB011343E36362B68D4B8D4A00266B
:10B330005A6104228C4C31001A828C4834321D70C0
:10B340005E60DE602570F6F72FFC894B894A6660E7
:10B3500015701A00B832157040221A85B4331A805D
:10B36000854BA660E360FAF793FFFAF7EFFF834B94
:10B370001B78B34201D1FCF7BBFDFBF743F9FBF7A8
:10B380002BFAFAF7BBFDF9F7A1FAFBF78DFA7C4B24
:10B390001B78022B00D0B7E2F9F760FA0022794B54
:10B3A0001A70012400223C21774B78481C70784B9E
:10B3B0001A70784B1980C02377491B040D6A054029
:10B3C0002B43C0250B620B6A2D061B021B0A2B4365
:10B3D0000B62724B724D1A70724B1C70724B1A706A
:10B3E000724B5D60724D1D60724B734D1D60734DED
:10B3F0005D60734B734D9A621D630D6A284008624D
:10B400009A601B605B60DA626F499A8319615961C7
:10B4100001219D8B494228009961110018625962EF
:10B420008031D963996569496948D9601900483103
:10B430000C80684D684905600800684D0830C56794
:10B440000800883002600800654D943005600800EF
:10B45000A030046008000225AC3005800800A83048
:10B46000DA655A651A6503605B640B00BC331C60C7
:10B470000B005C48B833B4311A600A6003F074FF03
:10B4800062B6594B2000DC7005F004FA574B584A5D
:10B490001A603A4B1B78002B01D1FCF729FD1022D2
:10B4A00000215448F6F780FB0022902101268C46AB
:10B4B0001100514B1A70514B1A70514B67461800CE
:10B4C000DC6F574301944E4C9D6FE719019C5C3033
:10B4D000D8640434181DC06F1B605B601E72FD6071
:10B4E00027006F435861C7191861586245489F612A
:10B4F000DC611D629962D96218635B6372B61800E1
:10B50000743000781C6F09308000241818008830CF
:10B510006360017062B60132903375E00020024032
:10B5200000100240FFFFFF8FFFF0FFFFFFFFFFF063
:10B5300040420F00FF6BDC029C160020FF8FFFFFD4
:10B5400000093D009816002008250020FFFFFFFE9F
:10B55000FF00FFFF3FE45904FFFFEFFFFFFEFFFF87
:10B56000A016002000080040501800207C18002081
:10B57000C0160020EC160020D00E0100022500208D
:10B5800018110020E02E00201E110020FFFF00FFF8
:10B59000392F00201611002000ED00E0E92E0020D8
:10B5A0003F190100F62E00207B2F002010E000E064
:10B5B0000700010000180020E830002000400020B3
:10B5C000B8190020F40E0100C8190020EC19002061
:10B5D0004C1300201C130020A812002051D300009F
:10B5E000B90100004013002010110020B00E00200F
:10B5F000B15600003C1800204D1800204C180020C7
:10B60000D40E002043D60000032A00D056E7C64BD4
:10B61000C64AD86F9D6F043004006C431A651A1D2A
:10B62000D26F1B6014195A611A615A62C04A5B607A
:10B630001E72D9609C61D8611D629962D9621A63D9
:10B640005B6372B61A0074321278186F113292006E
:10B6500013508433197062B6B64DAB78B343AB70F8
:10B6600072B6B54C2378012B07D08022B34B12065B
:10B67000DA67BFF34F8FBFF36F8F002301222600DD
:10B68000636022700193F768002F0FD0786900285B
:10B6900004D002210C30494203F02EFFB869002883
:10B6A00004D002210C30494203F026FF0027019B01
:10B6B000F760013301930436082BE4D102F032FE27
:10B6C00062B6322003F002FD72B69D4B2022390093
:10B6D0009C486360F6F768FA2378012B3DD102F0AD
:10B6E000D9FD994A0F970F9B934200D80FE17F260F
:10B6F000964B97491B680868334003430B60954994
:10B70000954B1B78087895490E7833430B70944914
:10B710000B7803430B7000230F930F9B934200D8C9
:10B72000F9E02F238F4AC020116800060B431360F5
:10B730001F238D4A11780B4313701E238B4A1178F7
:10B740000B43C72113708A4A890053581B021B0AF6
:10B750000343535080231B0613600223237062B6F9
:10B76000AA78013B13433220AB7003F0AFFC72B6F2
:10B7700002F03EFD00257F4B18607F4B1D607F4B24
:10B780001D6062B67E4C256072B62368AB4202D063
:10B79000200002F099FD80217A4B200009022561EA
:10B7A000E360656103F03CFC62B602F05DFC02F010
:10B7B00023FC002801D102F035FC002420000134D4
:10B7C000E4B2FDF7C9FA102CF8D10F2501276E4C11
:10B7D0006E4E2068431C09D072B6030039002B401E
:10B7E00099402022A84302F032FE62B60434A642F9
:10B7F000EFD1674D0C2200212800F6F7D5F90C2275
:10B8000000216448F6F7D0F90020FAF7B5FC624B46
:10B81000984200D182E0FDF709FC0220FDF7CEFB43
:10B820005E4B18700420FAF7A7FC5D4C208004F0F2
:10B830000BFE0A2003F04AFC04F006FE2B880125CB
:10B840002B4200D1B6E0FAF7CFFE00205549FCF7B5
:10B8500013FBFAF79DFC7800400BF8F70BFEFB2377
:10B8600000229B05F7F79CFE029B06001809C0B258
:10B870000F00F8F7FFFD02000B0030003900F6F76B
:10B8800057FF019B0F001903090F060001314648BD
:10B89000F6F702FAF8F7EEFD02000B00300039006F
:10B8A000F7F77EFE032206000120039B0F001340E2
:10B8B0009B189840F8F7B0FD02000B0030003900EB
:10B8C000F7F750FBF6F72CFCCFE43748CDE463687C
:10B8D00006001B0500D4D6E463685B055B0F0133EB
:10B8E000D0E4324B9E4204D903232A699A43013B98
:10B8F000EDE42F4B03219E4203D92A6901238A4399
:10B90000E5E42B698B43E3E4F8F7BCFF49E50F9BC3
:10B9100001330F93E7E60F9B0133FDE602F06CFB6A
:10B92000002800D079E776E788100020E410002096
:10B9300043D40000003802405018002004E100E029
:10B94000000F01005C1800200E270000B0380240F4
:10B95000B438024092380240903802409438024095
:10B9600096380240A03802408038024082380240B7
:10B9700000E100E0101800200C180020081800203A
:10B980001418002051F00000100F0100280F0100D2
:10B99000D61800202C180020E3FE0000EE1800202E
:10B9A0008A1A0020FFFF0000006CDC023FAEEB02B1
:10B9B0003F787D010320FDF701FBDD4BDD4E187064
:10B9C00033781843031E01D003112B400027DA4AB5
:10B9D0001370FAF717FED94B1022FF21D8481F70B9
:10B9E000F6F7E2F8D74B1022FF21D7481F70F6F781
:10B9F000DBF8D64D082217212800FAF7A5FBD44B17
:10BA00001F702B78032B01D8FBF72CFC02F098FC5D
:10BA1000D04BD14A1860D14BD1491B689B06DB0F34
:10BA20001370CA782378D809904206D0501E8241FC
:10BA30007F20D2010340134323700B79002B07D0E2
:10BA40003078F9F7EBFA012802D00120F9F706FB6C
:10BA50000024C44B1C60C44B1C70C44B1C80C44BE2
:10BA60001C70C44B1C80C44B1C80C44B1C70C44B4A
:10BA70001C805C809C80DC80C24B1C70C24B1C70A4
:10BA8000C24B1C70C24B1C70C24B1C70C24B1C7052
:10BA9000C24B1C60C24B1C70F9F776F9C14BC24A0D
:10BAA0001C60C24B1C60C24B1C70C24B1C60C24B62
:10BAB0001C60C24B1C70C24B1A600122C14B1A7031
:10BAC000F9F7C0F9F9F7BEF9BF4BC04A1C70C04B7B
:10BAD00021001C70BF4B11201C70BF4B14701C70D8
:10BAE00054705C7094709C70D470DC7002F00CF830
:10BAF0006A222300A978687802F044F81C23200009
:10BB00002B71FDF73FFCB54BB54A1A600024B54BCD
:10BB1000B54A1978B54D1378994252D00F24E85C94
:10BB2000013323400E3C0528F6D8F6F759FA40F5C4
:10BB3000333A030D137001220320AD4B1A70AD4B45
:10BB4000D87004F0A7FEE1E700241370A84B1C7026
:10BB5000A94B1C70A94B1C7002F030FB062221007F
:10BB6000A748F6F721F8A74B20001C70A64B1C70C5
:10BB7000A64B1C7002F08EFA200002F0A5FA02F02B
:10BB800079FAA34B1C70A34B1878431E98410130DF
:10BB9000984BD5E713709F4B1B78002BF8D10120F1
:10BBA000F6E713700122934B1000DA70C9E7012504
:10BBB000904C28001370E57004F06CFE2800A5700E
:10BBC000BFE7002C00D0117004F03EFC0023924A25
:10BBD000924CD05AE15A0A2B00D12BE10233884211
:10BBE000F7D08F4B0592029300230193019B8B4A60
:10BBF0005B00D35A0493059B049A1B88934200D19F
:10BC000086E06A46127900260A92049A5A40019BFD
:10BC100009921A01834BD3180B9301230393039BBF
:10BC2000099A13426AD0049A134006930123B34041
:10BC30000893029B089A1B881A4210D10A9B10ACE9
:10BC40006370267002F07CFB01232371069B6080E9
:10BC50005A1E9341637110981199FEF76FFC0024EE
:10BC6000069BA34205D10B9B9B5DFF2B01D0079345
:10BC70000134344F3B781B19082B1DDD0823611C50
:10BC80001D1B2A00C9196848F5F77AFE2100093101
:10BC90002A00C9196548F5F773FE610019316A0079
:10BCA000C9192948F5F76CFE210011312A006048B6
:10BCB000C919F5F765FE3D70002C16D0079821498B
:10BCC000584B303040000A78C55C1B185B788C18E4
:10BCD0006372079B0020637413000C335B00CB1866
:10BCE00001326570587098700A70069B002B05D160
:10BCF000029B089A1B889343029A1380039B013688
:10BD00005B009BB20393102E89D1059B049A1A8085
:10BD1000019B01330193059B02330593029B023380
:10BD20000293019B062B00D060E702F009FB86E03E
:10BD30006C1B00206D1B0020771A002026190020A4
:10BD40003F190020FD18002016190020F81E0020C1
:10BD500054190020801A0020181A002000080048FA
:10BD600018110020681B0020661B0020DC1A002030
:10BD7000DA1A0020D81A00205A1B00205C1B002071
:10BD80005E1B0020DF1A0020E01A0020581B002054
:10BD90003E1B00203D1B00203C1B0020E41A00201D
:10BDA000C11B0020C41B0020258300009C1B002019
:10BDB000C01B0020E01D0020DC1D0020DE1A00203A
:10BDC00038180020C21B00206F1B0020931B00208E
:10BDD000701B0020921B0020971B0020142A0020BB
:10BDE000B40E00204D1800204C1800203C180020F4
:10BDF000D4180020101100206E1B00208C1A002087
:10BE0000711A0020701A00206F1A00206E1A00208C
:10BE1000FC180020CF180020F0180020D6180020B1
:10BE2000E218002060110100FE1800200619002011
:10BE30000E190020884200D0D3E6FEF7F3FB904CA9
:10BE40000027266802F07CFA831B0500019302F0AC
:10BE500077FA2060010038008A4B1B789C461C0052
:10BE6000894BF618761BC3B29C4511D8002F01D020
:10BE7000844B1C70854D864F2C783E78032C00D95E
:10BE8000A7E12000F6F7CAF81F0039002C05390594
:10BE900003007C4A0C335B00D218937855781B0260
:10BEA0002B439E4204D20127013CE4B20130DAE781
:10BEB000019D5B199DB20295FF252B405370029B9B
:10BEC0001D0A9570F2E70022724B73481A70734B8B
:10BED000293219606B49F5F753FD714B1B78002B24
:10BEE00007D1704B03221B781C001440134200D072
:10BEF0009C0801233C702B706BE13000FEF7AEFB19
:10BF0000002E00D165E1634B18780138C0B201F012
:10BF1000B5FD654A0DAB12781880002A21D1634B1C
:10BF20001B78002B00D1CFE00024002320001A0052
:10BF300019000134FEF78EFB402CF6D15C4C2378BF
:10BF4000182B00D998E00023C8211A000120FEF721
:10BF500081FB2378312B00D8C8E00022544B1A70A3
:10BF6000C4E01A7805925B780693524B1B781C1C30
:10BF7000042B00D9042402F0E3F906230134E4B2CF
:10BF80001B1B80B218416B46002701901B7902935E
:10BF90005B00DBB204930393FAB2130005993D33BF
:10BFA000DBB2994259D80699994256D94248434B37
:10BFB00000784349013800241B780978042821D8E7
:10BFC000F6F718F8030F19531F0055204243029843
:10BFD000039C8218D0B2120614D5FF24241A6400E0
:10BFE00007E055205043AA2400060BD4013CFF3C37
:10BFF0005443E4B206E00298C318552042439B180C
:10C00000DBB2FF240EAA1370517094700E98FDF7E6
:10C010004BF810AB18700400050400022D0E000E42
:10C020005D709870274BC0B21E78C8217043F5F739
:10C03000BDFEC3B2E8B2C82170430893F5F7B6FE5F
:10C04000C5B2E0B2C8217043F5F7B0FEC1B2380006
:10C050002A00089B3D30FEF7FDFA039B0137563B53
:10C06000DBB20393032F97D159E7019A049C120680
:10C07000C8D5019AD443B2E700231A00190065E736
:10C0800050190020FD180020FFFF0000D10E0020F5
:10C090005C190020CC0E0020261900205819002021
:10C0A000FC180020F81E0020B2190020102A0020E1
:10C0B000F82E002085100020B3190020B1190020AF
:10C0C0008410002086100020C24B1878002800D170
:10C0D00008E2C14B1B78022B00D9FFE1BF4AD05CBC
:10C0E000BF4AD15CBF4AD25CF8F7A4FCBE4B1B78B8
:10C0F000002B30D1B74B1B78002B2CD1BB4B1D78BC
:10C10000BB4B1C78042C00D1B8E3002D00D05BE3BE
:10C11000002C00D1CFE3012C00D1CFE3023C012C55
:10C1200000D8CBE3B34A0EAB52781A70FF225A7094
:10C13000373A9A700E98FCF7B7FF0204030210A971
:10C14000120E1B0E08704A708B70D2B2C1B2DBB2F5
:10C150003A20FEF77FFAA84B1B78002B39D1A74B6A
:10C160001B78002B35D1A04B1B78002B31D1994B7C
:10C170001C78002C2DD19F4BA14E5B780193A14BD5
:10C1800035881F5D002D00D1A6E302F0D9F8401BD1
:10C1900080B2C72800D99AE3019A0EAB1A70FF2229
:10C1A0005A70373A101A98700E98FCF77DFF020407
:10C1B000030210A9120E1B0E4A708B700870DBB2BE
:10C1C000D2B2C1B238000134FEF744FA0236242C50
:10C1D000D5D18D4C0622210010A8F5F7D1FB63784C
:10C1E000042604930223E356052702930323E35610
:10C1F000A65701930023E757019AA370E3702371B8
:10C200006371029B134340D0804B1D8802F098F865
:10C210007F4A401B137880B2002B01D100F052FFFF
:10C22000142832DDFF2B01D001331370029B002B49
:10C2300008D001F0CFFD029AFF23002A00DDFE3B6B
:10C240004343A370019B002B08D001F0C3FD019A6A
:10C25000FF23002A00DDFE3B4343E370022020560B
:10C26000002812D00323E3560393002B0DD001F0D6
:10C27000A1FD002800D10130634DA870039801F0A2
:10C2800099FD002800D149E3E8703B0033433CD0DE
:10C29000604B1D8802F054F85F4A401B137880B24F
:10C2A000002B01D100F008FF50282EDDFF2B01D01C
:10C2B00001331370544D002E07D001F0ABFDFF2366
:10C2C000002E00DDFE3B43432B71002F07D001F011
:10C2D000A1FDFF23002F00DDFE3B43436B710420D3
:10C2E0002856002811D00526AE57002E0DD001F09B
:10C2F00061FD002800D10130434D2871300001F06C
:10C3000059FD002800D10CE368713F49049A4B782D
:10C3100093421AD102228A56002A02D0029B9A42E4
:10C3200013D103200856002802D0019B98420CD15B
:10C330000523CB56002B01D09F4206D1097949B283
:10C34000002902D10243134301D002F029F806224A
:10C3500010A92000F5F714FB01F08CFE2F4B1A7882
:10C36000824202D0187001F0EBFF2D4B1B78002B9E
:10C370006ED000252B4B01950293029B1C68002C6C
:10C380005BD0019B002B00D0CEE2012672B6F3B247
:10C39000039320686369F1B29847431E98410543AF
:10C3A00062B6214801F03DFF002843D0A369206810
:10C3B000F1B2984700283DD072B61C4F63683A002E
:10C3C0002068F1B2984762B600201949BA6C03F0B0
:10C3D00015FF2FE07B1A0020781A0020D30F0100F0
:10C3E000D00F0100CD0F0100102A0020C21B002039
:10C3F000C11B0020F81E0020771A0020E02E00202C
:10C40000EC1A00203C110100711A00206019002074
:10C41000701A00205E1900206F1A00206219002097
:10C42000B0190020600F0020D40E002064190020F5
:10C430006A1900200136092EA8D1019B013301930E
:10C44000029B90330293019B032B96D1C14B1D702D
:10C4500072B6C14F3B6F1B78042B01D100F023FC57
:10C4600062B601F06DFFBD4C05002378012B04D0AE
:10C470000022BB4B1A70BB4B1A802022BA4BBB4E1A
:10C480001B6813409A06D20F0192002B16D0377802
:10C49000002F13D1B64B1A78022A0FD0022208209F
:10C4A0001A70F9F7EFFBF9F7C1FEF8F755FAB14B3F
:10C4B0001F7001F045FF0122AF4B1A706B462078C8
:10C4C0001B7933700023042801D900F0A9FCF5F78B
:10C4D000A5FD4F048504A904B1045C05C822110020
:10C4E000100001E6A34E3378002B56D0A04D2B78D8
:10C4F000022B52D0002B1DD16A781800511E022940
:10C5000002D80E32D0B205339C4A9D4CD278012A13
:10C510001BD12278092A14D803255D4399494A1969
:10C520009378695C5278FEF795F82378132B00D93D
:10C5300013E5DBE5012B01D00300E5E7122003231F
:10C54000E2E700231A001900EDE7022A0ED1227853
:10C55000182A07D803255D438A494A199378695CEC
:10C560005278F4E400231A001900F0E403275F4333
:10C570008449CA199378795C5278FEF76BF823786E
:10C58000EF2B00D8B2E50023237033702B78002BFB
:10C5900000D0ABE501227C4BE1E47C4B187800280D
:10C5A00059D07B4B1B78012B23D17A497A4B0A78DF
:10C5B000012A06D900201A780870032A17D9033AED
:10C5C0001A7000251C78754B1A5D754B585D002359
:10C5D0001900FEF73FF82300783C0833DAB2E4B2E2
:10C5E0001B0600D4140001350A2DECD17EE57F2214
:10C5F000E6E7022B0BD10024694BFF22185D0023D4
:10C6000001341900FEF726F80A2CF5D16EE5584BD7
:10C610009E786D2E1DD80A213000F5F7C7FB002744
:10C62000FF24C5B2142E06D900243223B34264413C
:10C63000FF276442E4B20026F3B29D4200D855E5DC
:10C64000574B3A00985D21000023FEF703F80136AE
:10C65000F2E70A25E8E7534E534D33782A7819005C
:10C66000474C11434CD0217818292DD8002B23D0CA
:10C67000C82211001000F8F7DDF94C4B1B78002B95
:10C6800000D133E53A4A1378012B00D192E0022B16
:10C6900000D194E0002B00D028E55378022B4ED037
:10C6A000032B51D0012B00D020E5C7331A0019000D
:10C6B0000F20FDF7CFFF19E5002ADED0C8221100B8
:10C6C0001C20FDF7C7FF05E0002B0ED00200010083
:10C6D000F8F7B0F92378312BCFD9002323703378C2
:10C6E000002B07D0013B3370C7E7002AF2D01A00B5
:10C6F0001900E5E72B78002BBFD0013B2B70BCE77E
:10C7000021701B4C2578022D17D101F0BFFC05428A
:10C7100013D0274B1B78002B0FD0C8231A00190009
:10C720001C20FDF797FF6379002BA6D0C823362085
:10C730001A001900FDF78EFF9FE70023EEE7C823DC
:10C7400010201A001900B4E7C82311201A0019009C
:10C75000AFE7C046B019002088100020371B00202A
:10C76000EF2E0020F02E002000080048181A0020AC
:10C7700018110020E02E00207C1A0020332F00200A
:10C78000F82E0020B20F0100F22E0020351B0020F1
:10C79000E82E0020F72E0020341B0020280F010077
:10C7A000A80F0100791A00207A1A0020771A0020B9
:10C7B000E92E0020C82312201A00190079E7C823A7
:10C7C00013201A00190074E7042C57D0022C78D0DB
:10C7D000032C7AD0012C04D0002C55D00026FF2445
:10C7E00050E0C34B1D78002D01D000F071FC2C00EF
:10C7F000FF26C04B1B680193002B01D09B8A01933D
:10C8000084273800FF217043F5F7D0FAC3B238000F
:10C81000FF2160430293F5F7C9FAC3B23800FF2144
:10C8200068430393F5F7C2FA029B039AC1B20198D9
:10C83000FDF710FFB04B1A78131C642A00D964234B
:10C840000320DBB2584364216330F5F7AFFA3D278C
:10C85000C3B201933800019B3D38C0B222002900C9
:10C86000B446834202D80022110094463800634641
:10C870000137FDF7EFFE402FECD153E4FF242600F3
:10C88000002DB6D00025B4E79C4B1C68002CA5D029
:10C8900001F056FD974B9A4A1B68001B90429DD8A9
:10C8A000002B9BD09E69002E98D0350C340AEDB237
:10C8B000E4B2F6B29DE72600FF259AE72E00002499
:10C8C000FAE780260024350093E78026F7E7002169
:10C8D0000B000A00318075E42B002A00290071E466
:10C8E000884B894A1E70894B1B789B079B0F1370DE
:10C8F000F9F7E6FE0323FFF7FEFA854B1B78002BC2
:10C9000001D001F0FBF9834B1C6801F019FD001BFD
:10C910000F2800D85DE40023FFF7EDFA0123EB7048
:10C92000B3E401236B71F0E472B6002163692068FF
:10C930009847431E9841054362B602988C3801F02F
:10C9400070FC002800D178E50021A3692068984791
:10C95000002800D171E572B66F4E00213200636885
:10C960002068984762B66B466C491879B26C03F040
:10C9700045FC62E5002363700C33A37010E060781F
:10C980000138032830D80023F5F734FB02171A26A4
:10C9900001F0D6FC030EA370030CE37040BAA08034
:10C9A0005F4B1B68002B00D152E55B69002B00D167
:10C9B0004EE52021200098474AE501F055FBE9E7C4
:10C9C000002322001900A578E81802320528E7D8CC
:10C9D000517091700133F7E76380A380E0E76378DB
:10C9E000022B04D0052B0FD0FF232370D8E712238E
:10C9F0000CAA9B1859881A880904114309BA2D20DA
:10CA0000C9B2FCF704FBCBE7002001F049F8C7E707
:10CA1000617800200429C1D8A278052ABED8E3781D
:10CA20000F2BBBD8C0254D435201AD185B00ED184C
:10CA300028002E30FCF7C2FA060228002F30FCF73F
:10CA4000BDFAB6B2304380B2A8E7A388E2785BBAF9
:10CA5000A17860789BB201F05FF9A1E7FBF7EEF8EF
:10CA60009EE76278032A6FD1082B2ED0092B68D05D
:10CA7000A0780138032893D8F5F7BCFA020E1B22E0
:10CA8000C9220CABDB7C5A43204B120A99785878A8
:10CA9000002301F077F883E7E378002B02D101F05F
:10CAA00023F87DE701F00CF80021E07801F02CF884
:10CAB00076E7164BE27800201A71FCF763FC6FE70B
:10CAC000124B2179DA78E078E2E7A0780138032880
:10CAD00000D965E70D4BF5F78DFA02252D2FFF20C4
:10CAE000DB78C8215843F5F761F9E07058E7C04694
:10CAF000C81B0020681B0020122A0020E41A002016
:10CB0000B70B0000D00E0020CF0E0020F81E002032
:10CB10005419002058190020641900206A190020B7
:10CB2000142A00201A7800239107994200D0930814
:10CB3000E37035E71B79FBE75A78E2709B78237145
:10CB40002EE701F0DBF82BE7022A00D04CE7082B98
:10CB50001FD0092B00D123E7A0780138032800D982
:10CB60001EE7F5F747FA02060E10C44BE2781A707A
:10CB700016E7E378C24A1370591E8B41C14A1370FD
:10CB80000EE7C14BF2E7C14BE2781A70C04B227935
:10CB9000EDE7A0780138032800D901E7F5F72AFA74
:10CBA00002050C0EB54B1B78C2E7B64B1A78002372
:10CBB0009A42BDD0B24BF6E7B34BF4E7B34B1B78C8
:10CBC000E370B34B1B78BAE710236370E8E60023E9
:10CBD00063709233D1E60CABD97C11230CAA9B185D
:10CBE00058781A780002104340BA80B211AA01F0B6
:10CBF000ADF8D5E6112327000CAA9B185D781A78AA
:10CC00002D021543E6786DBAADB27619AE4200D169
:10CC1000C6E6912D04D89F4B3979E818FCF7F7F94F
:10CC200001350137F2E701F0A9F8B9E60523CCE7B1
:10CC30001123F02726000CAA9B185D781A782D0284
:10CC40001543E3786DBAADB25B190193BF00019B48
:10CC5000AB4200D1A4E60020BD4203D228002E3012
:10CC6000FCF7ACF9307101350136F0E71123F027FC
:10CC700026000CAA9B185D781A782D021543E378DC
:10CC80006DBAADB25B190193BF00019BAB4200D1FD
:10CC900086E6BD4204D2280031792E30FCF7B7F980
:10CCA00001350136F1E762B672B6002510AB01938B
:10CCB000794B9C6A002C08D1DA68002A34D05A6972
:10CCC000141D12689C62A218DA62FB6A0293202388
:10CCD000029A5B1B161B9E4200D91E0021003200E7
:10CCE0000198F4F74DFE019B6B489B190193029B41
:10CCF000A4198462AD19A34211D8C368C269013B6B
:10CD0000C36043699B1882694361934201D3436ABC
:10CD1000436100238362036B002B00D0984762B607
:10CD20001F2D02D872B6C3E762B66A426A415B4BF6
:10CD30001A70202D01D0FFF794FB10AC2378581EF9
:10CD4000122800D950E6F5F75FF915FE1AFE4AFEE3
:10CD500063FE80FE89FE8CFE8CFE8CFE4FFE4FFE35
:10CD60003FFF42FF46FF55FF6EFF71FF73FF91FFCC
:10CD70004B4B1B78022B24D04A4B1D6801F0E0FA84
:10CD8000494B401B98421CD9484B1B78002B18D1AB
:10CD90009023DB051B68DB0613D4454B1D78002D63
:10CDA0000FD10126267001F0CBFA424B9630186065
:10CDB000414B1D705E71414B1D70414B1D80414BBD
:10CDC0001E70F7F747FE404E040033783F4D834214
:10CDD00000D00EE100232B70FEF798FE3C4A157838
:10CDE000002D0CD01370374A23701370344A13800F
:10CDF000314A537101F0A4FA2A4B1860E1E72D4B38
:10CE00001E6801F09DFA801B9528DAD901222D4B6E
:10CE10001D702B4B1D802F4B1A70FBF795F90223C9
:10CE20002370CEE72A4A11780029CAD01370FAF786
:10CE3000F5F8C6E7274F1F4E3B78002B10D1264A46
:10CE400013700122254B1A701C4B1A7001F078FAEE
:10CE500001F076FAC8239B00C01830600423DFE796
:10CE6000356801F06DFA9623401BDB009842A8D389
:10CE70001B4A1378012B35D80133D7E786100020E1
:10CE8000B3190020B219002085100020B11900202C
:10CE900084100020EE030000881000200C110020F8
:10CEA00018110020801A0020DF930400BD2F0020FD
:10CEB000EA2E0020381B0020332F0020E02E002017
:10CEC000F02E0020EF2E00200C2500201C1A002040
:10CED0007C1A00201E1100201D1A0020FA2E0020AE
:10CEE0001F1A00207C4B1A78002A4CD101251D7096
:10CEF00080237A4ADB00D16B3D700B43D36302225F
:10CF0000774B19680A431A601A682A431A60F9F7BE
:10CF1000BFF9F9F71BFAF9F775FBF9F75DFCF9F7BB
:10CF2000C3FC704B1B78022B2AD1F7F797FC3D709E
:10CF300000253C226C4B1D706C4B1A806C4A6D4B6B
:10CF4000116A1940C0231B040B43C0211362136AEA
:10CF500009061B021B0A0B431362674B1D705D71B0
:10CF6000664B1D70F7F7B2FC654B1D70654B1D706D
:10CF700001F0E6F99623DB00C018306003234FE789
:10CF8000F7F780FCD3E7FBF7B1F85F4B1B78002B7A
:10CF90000FD15949534A49781278914209D15B4AD5
:10CFA000237013705A4A13704B4A1370594B1D600B
:10CFB00007E7594E376801F0C3F9C823C01B9B002F
:10CFC000984212D3524A1378022B09D801331370B6
:10CFD0000122524B1A70C8239B00ED183560F0E611
:10CFE00000234A4923700B70DDE701224B4B1A7076
:10CFF000E7E62B784A4F0193002B06D101332B70C3
:10D0000001F09EF93880FEF781FD3F8801F098F924
:10D01000C01B80B2632801D8FEF778FD002234706F
:10D02000304E2A707378012C0DD0022C06D0944219
:10D0300001D0FEF76BFD1D00022405E0591E0125FD
:10D040001400022900D81D003278A24216D1002C0B
:10D0500001D0FEF75BFDAB4201D1FEF757FDF7F7BC
:10D0600011FC002375703370022D23D0032D21D0C5
:10D070000120012D1BD0F7F76FFC0BE0022C10D123
:10D0800008203470F8F7FEFDF9F7D0F8F7F764FCE4
:10D0900000230193234B019A1A7001F051F9FEF716
:10D0A00035FD012CDBD1F7F7EDFB00203470F8F7EC
:10D0B000E9FDE0E72800FAE70A2801DDFFF7F8F8C4
:10D0C000FFF723F90A2801DDFFF7AEF8FFF7DDF8D7
:10D0D0000026FF24FFF7F0FB1E1A0020001002407C
:10D0E0000028024018110020392F002016110020BE
:10D0F00000ED00E0FFFF00FF332F0020EF2E0020A7
:10D10000F62E00207B2F00201E1100201F1A002069
:10D110001D1A0020801A0020381B0020FA2E002043
:10D120001A1A0020E02E0020014B58787047C046A4
:10D13000101100200023F0B5394C743085B06360C5
:10D14000C178827809020A43090A03291FD00DD841
:10D1500001295ED01800022901D132485B3360609A
:10D160002360002800D0200005B0F0BD4279057989
:10D17000120218002A43212944D02229EFD1022A81
:10D18000EDD8294B9100C858284B9B5CE7E7D2B2F9
:10D190001800032AE3D81000F4F72CFF3E0205081C
:10D1A00012232348DBE716232248D8E7224B1E78B8
:10D1B000002E24D1012231001A7068460F32F4F794
:10D1C000F3FC6D4631001D4B4A10AA5C1C48170940
:10D1D000C75D4E009E19B7700027BC46F7700F3729
:10D1E0004E1C3A40825C76009E19B2706246023153
:10D1F000F2702029E8D142321A703F3A5A700F4833
:10D200000378ACE7022AAAD80E4B9200D058092323
:10D21000A5E712230C48A2E704230C489FE7C04669
:10D22000D430002070190100E0190100DD1901005F
:10D2300058190100401901008E3000208F30002065
:10D240002F190100EC190100CB1901006C19010024
:10D250000368002B07D091001960511E8A41024BD0
:10D2600019780A431A707047B01900200368181E15
:10D2700002D018688008C0B2704700000368002B15
:10D2800001D10020704772B603681A68998862B6A7
:10D29000002AF6D00020044B9B8B5B1A9BB2934272
:10D2A0004041C0B2EEE7C046B81900204B1E072B24
:10D2B0000BD889000B58002B07D091001960511E24
:10D2C0008A41024B19780A431A707047B01900203E
:10D2D00003000020082906D88900CB58181E02D068
:10D2E00018688008C0B27047082901D9002070472B
:10D2F000890040180368002BF8D072B603681A68DA
:10D30000998862B6002AF1D00020044B9B8B5B1AEF
:10D310009BB293424041C0B2E9E7C046B819002031
:10D320000A4BC2B29A730122002805D1597C1142DE
:10D3300001D0987DC0B27047197D00201142FAD00B
:10D340009A7DD87D00028018F5E7C046003802407B
:10D35000FEE7036910B51960C268013AC260C2698C
:10D360009B1882690361934201D3436A03610023DE
:10D370008362036B002B00D0984710BDF0B50126E7
:10D380008E40002745891C00354345818D1CAD002A
:10D390004019406814258069826003604760C76057
:10D3A0007F2001404D43154840190500B8352D78C0
:10D3B000BD420AD0124DAE7BA973F6B2BB4205D175
:10D3C000B94201D10F4B1970AE73F0BD002AFCD0E9
:10D3D000BC239C46844463461A600200C430C032B9
:10D3E00014600760002903D10322064B1A70EBE793
:10D3F00001238B40044ADBB21370E5E7C01600201E
:10D400000038024038300020823802400300006FAC
:10D4100010B50278042A13D11A007432117801224F
:10D420008A40448922420BD11A695C69A24202D126
:10D43000DC68002C04D1DB690432043BFFF79EFF5B
:10D4400010BD10B5406BFFF7E1FF10BDF8B5070048
:10D450000020104C0D00A67BA073F6B2FFF760FF12
:10D46000002811D080B2031CA84200D92B1C002236
:10D4700009499BB29A4209D36C22237D93432375B9
:10D48000237D6B3A93432375A673F8BD0878B8548F
:10D490000132EFE7003802402038024010B50A4B55
:10D4A0009A7B9873D2B2002806D010219873587CCA
:10D4B000014359749A7310BD072404490C70987382
:10D4C0006021587CF4E7C046003802403830002024
:10D4D0007F23F0B51840002901D1002A0FD104267E
:10D4E0001E4B9C7B98735D7CE4B2354202D05D7C20
:10D4F000B5435D7401265D7C354201D09C73F0BD5F
:10D50000002A03D15A7C32435A74F7E79D7B987303
:10D51000EDB2002807D15E7CB6070DD59D730122C0
:10D52000597C0A43F0E75F7C3742F7D11F7C9D733B
:10D53000FEB2002FF3D001E040269D73084D80001D
:10D540004019151CB24200D9351C0022ADB28E5CC8
:10D55000013206709542FAD8E1E7C0460038024031
:10D5600020380240F7B5274B7F250193142305404F
:10D570006B4300910199CB1818002C3000780028DB
:10D580000BD0214C0120A67BA573677CF6B2390035
:10D5900001408C46074201D0A673F7BD07000099F1
:10D5A000AF401963614699631849FFB25A630F701F
:10D5B000002A0FD1002D0BD1019BDA8C144B002ACD
:10D5C00004D104321A700A236374E5E70622F9E7EE
:10D5D0006074E1E700990029DFD01F8D974200D9E0
:10D5E000170028000099BAB2FFF772FF0123002D3F
:10D5F000EAD1074A1370034B1B8D9F42E3D30223EA
:10D60000E2E7C046C01600200038024080380240E1
:10D610003830002070B50400080001258540110055
:10D620001A0023892B432381831C9B00E418636821
:10D6300000245B6999601A605C60DC60FFF792FF10
:10D6400070BD436B10B5186F0278042A11D11A000F
:10D650007432117801228A400489224209D15A6920
:10D660001C69944202D1DB68002B02D108CAFFF783
:10D67000D1FF10BD10B50F24054A11784B1C234073
:10D68000044C24789C4202D0034C1370605410BDAB
:10D690004D1800204C1800203C18002010B50B4BF2
:10D6A0009A7B9873D2B2002806D020219873187DF7
:10D6B000014319759A7310BD072405490C70602148
:10D6C0009873587C01435974F4E7C046003802400F
:10D6D0003830002070B50500643504002878002833
:10D6E0003AD00638C3B20F2B2ED80F282CD8F4F717
:10D6F00081FC332B2B08212C2B2B2B2B2B2B2B2B77
:10D70000333323007A331A785B78E06E1B021343BD
:10D7100098420FD2E368198AF4F744FB002909D133
:10D7200072B60B000A002000FFF774FF62B60A23EE
:10D730002B7009E014232B7072B6002320001A000E
:10D740001900FFF71BFE62B670BD236F002B01D0DE
:10D75000200098470023EBE70020FFF79FFE002002
:10D76000FFF79CFF63681B68002B02D00621200096
:10D7700098470623DCE770B5050064352B78040074
:10D78000142B24D017D8062B06D002D8002B03D098
:10D7900070BD093B022BFBD80020FFF77FFE002065
:10D7A000FFF77CFF63681B68002B02D00621200076
:10D7B0009847062315E0152BEAD10A3B2B7072B669
:10D7C00000231A001900FFF725FF62B6E0E7C368DF
:10D7D0009B695B68002BDBD1036F002B00D098475F
:10D7E00000232B70D4E7036810B50400002B08D089
:10D7F0009A6C981D0021F4F7D7F9002223681A606B
:10D800009A8010BD70B50500040024352368002BF4
:10D8100008D09A6C981D0021F4F7C6F900222368FD
:10D820001A609A800434AC42F0D170BDF0B58E001D
:10D830008619506985B00C001500F260002803D0ED
:10D8400014220021F4F7B0F9A869002803D01422AB
:10D850000021F4F7A9F9002C12D140215E4B5F4A58
:10D86000180011801A001985B632190014700122AF
:10D87000B8302A312C3302700C701A7005B0F0BD2C
:10D880007F2121400629F9D8F468236800930323F7
:10D89000009A13405A1E022A00D99AE01B02013B4B
:10D8A000FF3B4F4A0193937BDBB202939173A369D1
:10D8B0009C46181E2AD014234B434748658AC0183B
:10D8C0000300B4331D8006000323009FB6361F40BB
:10D8D00037700127B8300770E8B29173D074019B9C
:10D8E000507D5E425E41B601304380260323507571
:10D8F000107D304310753800984080B2854204D9BD
:10D900000133102BF7D1002318009BB26669002E5B
:10D9100028D014234B433048009FC0180500032330
:10D920002A351F40248A2F70012704852C30077068
:10D93000E0B291731074019B957C5842584180016C
:10D940000543402003239574557C284350743800C8
:10D95000984080B2844204D90133102BF7D10023C0
:10D9600018009BB20A2B2DD86446033B1A4D9BB27C
:10D97000002C12D06C689173E708FFB29777D77FBD
:10D980006404240F2743D777D47F5F013C43E4B27C
:10D99000D4771024177D3C431475002E12D06C6888
:10D9A0009173E108C9B21177517F6404240F2143B8
:10D9B0005177517F5B010B43DBB253770823517CD6
:10D9C0000B435374044B596840185860029B93737F
:10D9D00054E7C0239B0064E7C016002074170020A2
:10D9E00000380240006810B5002806D0034B9B8B1E
:10D9F000826483800630F3F7C3FF10BDB81900209E
:10DA00000168130010B5002905D08A6C981D9A642E
:10DA10000631F3F7B5FF10BD0B7810B5082B0AD807
:10DA20009B001858002806D0034B9B8B8264838090
:10DA30000630F3F7A5FF10BDB8190020030010B59C
:10DA40001000082909D88900C958002905D08A6C16
:10DA5000063182640630F3F793FF10BD064B10B514
:10DA6000D96808751868026853601A600122027547
:10DA7000D860F2F791FB10BDB81900200D23584370
:10DA800082B0C0B201AA1070C018031CC0B24028F6
:10DA900000D940231078DBB21B02184302B0704754
:10DAA000012310B5044A11784B4013700022034B38
:10DAB0001A70FBF767FC10BDF81E0020D10E002085
:10DAC000074B0322197808001040114201D1054A82
:10DAD0001070032219789143023A0A431A70704772
:10DAE000F81E0020D10E0020054B1A78920702D0B4
:10DAF0000021044A117003211A788A431A70704772
:10DB0000F81E0020D10E0020020008000C4910B5BC
:10DB10000B789B0712D00123002A04D02C339A42A1
:10DB200001D81233134003240A789B002240134388
:10DB300000220B70034B1A70FBF724FC10BDC0468B
:10DB4000F81E0020D10E0020054B10B51878800873
:10DB500001302D2800D901200121FFF7D5FF10BD8C
:10DB6000F81E0020064B10B5187880080138C0B2A6
:10DB7000002800D12D300121FFF7C6FF10BDC0469F
:10DB8000F81E002070B5084C0500180023789B078C
:10DB900009D06570A170131CC82A01D9034B1B78EA
:10DBA000E370FBF7EFFB70BDF81E00208816010044
:10DBB00010B5044B5878DA78997808300123FFF7CC
:10DBC000E1FF10BDF81E002010B5054B5878DA783B
:10DBD0000838997880B20123FFF7D4FF10BDC04602
:10DBE000F81E002010B507488378C2781033191C3E
:10DBF000FF2B00D9FF2101234078C9B2FFF7C2FFF4
:10DC000010BDC046F81E002010B507488378C278C2
:10DC1000103B191C002B00DA002101234078C9B207
:10DC2000FFF7B0FF10BDC046F81E002010B5074832
:10DC3000C37810331A1CFF2B00D9FF2281780123EF
:10DC40004078D2B2FFF79EFF10BDC046F81E0020FC
:10DC500010B50748C378103B1A1C002B00DA0022CD
:10DC6000817801234078D2B2FFF78CFF10BDC04607
:10DC7000F81E002010B5064A13791033191CFF2B2B
:10DC800000D9FF2101201171FBF77CFB10BDC046BC
:10DC9000F81E002010B5064A1379103B191C002B02
:10DCA00000DA002101201171FBF76CFB10BDC046AA
:10DCB000F81E002010B5064A06495379FF3B58422A
:10DCC0004341CB5C01205371FBF75CFB10BDC046A8
:10DCD000F81E0020F819010010B5064A06495379CC
:10DCE000FF3B58424341CB5C01205371FBF74AFB99
:10DCF00010BDC046F81E0020F8190100082210B51A
:10DD000017210348FBF766F90022024B1A7010BD79
:10DD1000F81E00205419002070B51D00042813D8E7
:10DD2000052911D80F2A0FD8C02343434C015200B4
:10DD3000A418E4182000290A2E30FBF768F9200007
:10DD4000E9B22F30FBF763F970BD0000F8B50400AD
:10DD50000E00170005002B1B9BB2B34200D3F8BD89
:10DD60001B190020912B03D8034BE818FBF726F969
:10DD70003B1B58550135EEE7EE030000F0B585B0CA
:10DD8000102200216846F3F70FFF0A269224084F5D
:10DD90002500102C00D9102539002A006846013EC4
:10DDA000FBF718F97F19641B002EF1D105B0F0BD07
:10DDB000EE030000B523434398B2002B07DA803B03
:10DDC0001BB2D817C0B2C018001240B270478030E2
:10DDD00080B2F9E710B50D4B14201B78DA0712D486
:10DDE00000189A070FD428305B070CD4084B48382A
:10DDF0001B78002B07D048301D2B04D81E21584318
:10DE0000F3F7D4FF80B2C0B210BDC0466E1A002036
:10DE1000701A002010B50124104B02211B782342F8
:10DE200015D104220B4210D1134214D10C4B187897
:10DE300000280ED027280ED8C0002631F3F7B6FFF1
:10DE400002002000002A01D092B2D0B210BD0A0018
:10DE5000FBE72200F9E70822F7E7C0466E1A002028
:10DE60006F1A00200300CD3810B5122810D8F4F72F
:10DE7000C1F80A10141A32323232323232321E23D0
:10DE8000282E3C424600FFF7A5FF1F4B4042D870AA
:10DE900010BDFFF79FFF1C4BF9E7FFF79BFF1A4BE5
:10DEA00040429870F4E7FFF795FF174BF9E7FFF74B
:10DEB000B1FF154B1871EBE7FFF7ACFF124B404277
:10DEC000F8E7FFF7A7FF104B40425871E0E7FFF774
:10DED000A1FF0D4BF9E70122D13B9A400A491300FB
:10DEE0000A0049780B435370D2E70123074A11789F
:10DEF0000B431370CCE7054A02231178F8E7034A75
:10DF000004231178F4E7C046711A00206E1A00202D
:10DF1000032200B5344B9A56CD2814D1002A01DAD9
:10DF20000022DA70D9789A780A4351B2002A01D1D6
:10DF30002E4A11701A795B7913435AB2002B01D122
:10DF40002B4B1A7000BDCE2802D1002AE8DCE9E78D
:10DF500002229A56CF2804D1002AE3DA00229A70CE
:10DF6000E0E7D02802D1002AF8DCDBE704229A5649
:10DF7000D92804D1002AD5DD00221A71D2E7DA2887
:10DF800002D1002ACEDAF7E705229A56DB2804D11F
:10DF9000002AC7DA00225A71C4E7DC2802D1002A1D
:10DFA000F8DCBFE7D1380E28BCD8F4F719F8080818
:10DFB000080808080808BBBBBBBB0E1418000121E9
:10DFC00081405A788A435A70ACE7012009490A789F
:10DFD00082430A70A6E7074902200A78F8E7054954
:10DFE00004200A78F4E7C046711A0020701A002055
:10DFF0006F1A00206E1A002037B52A20FAF7DEFFCC
:10E0000005002B20FAF7DAFF04002C20FAF7D6FFE0
:10E010000023262D04D1092C02D127384342434145
:10E0200018003EBD10B5FF212A20FAF7F0FFFF21AE
:10E030002B20FAF7ECFFFF212C20FAF7E8FF002154
:10E040002D20FAF7E4FFF9F7F9FDFFF797FE2621F7
:10E050002A20FAF7DCFF09212B20FAF7D8FF272125
:10E060002C20FAF7D4FF10BD10B52D20FAF7A6FF2B
:10E0700010BD0000044B10B51B68181E03D01B68B0
:10E08000181E00D0984710BD142A002010B5FFF7C5
:10E09000F1FF10BD0A4B07B51A8882420FD01880D5
:10E0A000084B1B68002B0AD01B69002B07D0694660
:10E0B00003224871000A88710A7101A8984707BDB8
:10E0C000E6300020142A00200A4B07B51A88824245
:10E0D0000FD01880084B1B68002B0AD01B69002B3F
:10E0E00007D0694604224871000A88710A7101A8A4
:10E0F000984707BDE4300020142A002070B5164B65
:10E100009B78012B17D01549012300220D005B429B
:10E110008C78A0421ED05E1C02D1002C00D11300CE
:10E120000132D4B2013152B2062CF1D15A1C11D0B5
:10E13000EB1898700EE00A4A12787F2AE3D9C108DA
:10E14000EF2807D8074A5218072101408B409178E1
:10E150000B43937070BDC04610110020481500207D
:10E160008A1A00205015002010B5104B9A78012A09
:10E170000CD0062300210E4A9478844200D191707D
:10E18000013BDBB20132002BF6D10EE0094B1B78CC
:10E190007F2BEED9C108EF2807D8074B5B18072162
:10E1A00001408A4099789143997010BD1011002068
:10E1B000481500208A1A00205015002010B5084B81
:10E1C0009B78012B09D1074B1B787F2B05D91E2289
:10E1D00005480021F3F7E8FC10BD06220348F8E7E4
:10E1E000101100208A1A0020521500204A15002024
:10E1F00010B5084B08499A8B0C68084B90B29442B2
:10E2000004D980241A68640212191A601B68086015
:10E21000C01810BDB8190020E0300020DC3000200C
:10E220007047030072B601694269002091420BD128
:10E23000DA68824208D01A6F74331B780130984034
:10E24000138918404342584162B670477047FEE751
:10E25000F0B5082000240E494A680E6815008B6846
:10E26000AB4210D8D51E0026AB4203D303339B1A12
:10E270009B089E00CB689219934207D80138103151
:10E280000028E9D1F0BD80CE80C5E9E710C2F3E7F0
:10E29000AC180100012218200A4BD97B1143D97315
:10E2A0009978814399700821987801439970D978B9
:10E2B0001143D9700221D8780143D97059780A43A3
:10E2C0005A70704700380240036881689A68521893
:10E2D0009A60426813605A60002301220360024B77
:10E2E00052429A617047C046B81900200C4B10B5D5
:10E2F0001868D968026853601A600122D860002348
:10E3000002758A680B750B691B689C689442FBD880
:10E310005A680B604A6011605960F1F73DFF10BD0B
:10E32000B8190020054B10B51A68DB6892689B6825
:10E330009A4201D9FFF7DAFF10BDC046B819002094
:10E3400070B5EFF3108301259D4302D0EFF30583F1
:10E3500072B6FFF74DFF0F4E0F4A3368C41A0F48CD
:10E360000168A14208D91168293B29392934FF3BAA
:10E37000FF39FF343360116016680460002D04D04B
:10E38000EFF30583DB0502D062B6A01970BDFFF77D
:10E39000C9FFF9E710180020081800200C18002009
:10E3A00010B5FFF7CDFF83B20B488278C1780A43DE
:10E3B00001D00A4A1380027941790A4301D0084A00
:10E3C0001380084B1B68002B05D0DB68002B02D0A4
:10E3D00002220270984710BD711A002060190020B7
:10E3E0005E190020142A002010B572B6034BDB68BA
:10E3F00098610F20FFF732FB10BDC046B81900200E
:10E40000EFF30983203383F3098862B67047000075
:10E410000F3011D072B6EFF30983203B83F30988E4
:10E4200080225204DA61064A1168D26889689268CB
:10E43000914202D9034A9A617047034AFBE7C046FA
:10E44000B8190020C7010000CA010000FEE7F7B5B7
:10E450000323150001271D40002352090C00490821
:10E460003C4027D03E009E408469B4438461C46927
:10E47000B4435E00B446C461446903260194644613
:10E48000A6403400B446019EA643340066461443B9
:10E4900044610469B4432C43046107240F261C40E3
:10E4A000A400A640F443072B08D8866A344084624F
:10E4B000002907D09200AD000133CFE7C66A34408F
:10E4C000C462F5E7F7BD16230360012040427047A0
:10E4D000002070471800704700207047030010B5F7
:10E4E00072B6094A106854684118A14205D962B64B
:10E4F0000C2201201A60404205E08842F7D81160E2
:10E5000062B60028F4D010BD0018002010B5140029
:10E51000582200212000F3F747FB80239B010020B5
:10E52000636010BD0120704772B6024B024ADA6583
:10E53000FEE7C046B81900206E0D010072B6024B0E
:10E54000024ADA65FEE7C046B8190020730D0100E3
:10E5500001207047704700008022074B07491B6865
:10E5600052048868D21A064B03438B608B681B02E7
:10E570001B0A9A42FAD370473030002010E000E0C6
:10E58000FFFFFF000C4B10B518680C49F3F784FB34
:10E590000B4C0C4B206059680B4A0A435A609A682E
:10E5A000120E12069A60042219680A431A600122A8
:10E5B00019680A431A6010BD9C160020A08601004D
:10E5C0003030002010E000E0FFFFFF00F0B5304BDE
:10E5D00087B007001878FFF751FAC4B2250002ABE4
:10E5E00018802C4B30351A792B4B52081B6801329E
:10E5F0009BB253431B12DBB20093284B86B26D00D3
:10E60000360AED18E3B29E4206D83F230020B342FB
:10E610004041C0B207B0F0BD214A1D4B125D5B788E
:10E62000134231D06A781F48203A13B20193194B34
:10E6300029785B7870399C466246437880781B0263
:10E640001343000409B2019A1843009BB84703AB77
:10E6500002041870120E00025A70000E98701B8887
:10E6600004AA138090700498FAF71EFD02040302B6
:10E6700005A9120E1B0E08704A708B70D2B2C1B27F
:10E68000DBB22000FBF7E6FF02350134BAE7C046F3
:10E69000CC0E0020F81E0020581900206011010047
:10E6A00040120100F91E0020F0B5354B8BB00590EB
:10E6B0001878FFF7E3F9C4B2270083B21B0A06AA51
:10E6C0000393304B10801A792F4B52081B6801328C
:10E6D0009BB253431B12DBB2049330372B4B7F00AA
:10E6E000FF18039AE3B29A4206D83F2300209342D0
:10E6F0004041C0B20BB0F0BD254A214B125D5B78A2
:10E7000013423AD03D787E78703D203EADB2B6B22D
:10E710002800330068437343C01880B2FAF71CFD29
:10E7200032B2049E29B20300164D1A4800966E7844
:10E73000457880782D02354300042843059DA8477D
:10E7400007AB02041870120E00025A70000E987087
:10E750001B8808AA138090700898FAF7A5FC020499
:10E76000030209A9120E1B0E08704A708B70D2B2F8
:10E77000C1B2DBB22000FBF76DFF02370134B0E716
:10E78000CC0E0020F81E0020581900206011010056
:10E7900040120100F91E0020F0B52B4B89B0070094
:10E7A0001878FFF76BF9294B294A1B7915689B08E4
:10E7B0000133ADB25D432D12EDB286B2C4B2280072
:10E7C0004030C0B2FAF722FD803843B228000293ED
:10E7D000FAF71CFD803843B2360A0393E3B29E4237
:10E7E00006D83F230020B3424041C0B209B0F0BD7B
:10E7F0001849154A095D52780A4222D01649134A2F
:10E80000009550784A7812020243887802990004F1
:10E810001043039AB847020405AB120E18705A70E1
:10E820001B88000206AA000E138090700698FAF763
:10E830003BFC02040302C1B2120E20001B0EFBF7C8
:10E8400009FF0134CAE7C046CC0E0020F81E0020A4
:10E850005819002040120100F91E0020F7B5104B96
:10E86000104A5B78825C0400134217D00E4B0320E1
:10E870005D789F78DE78FAF7C1FC6B4640012D1A6F
:10E880001D705F709E700098FAF70EFC0204030280
:10E89000C1B2120E20001B0EFBF7DCFEF7BDC04616
:10E8A000CC0E002040120100F81E002037B5104B9E
:10E8B000104A5B78825C0400134217D0FAF78CFC94
:10E8C00005008020FAF79AFC0B4B7F30DA786B4614
:10E8D0009A701D7058700098FAF7E6FB0204030264
:10E8E000C1B2120E20001B0EFBF7B4FE37BDC046AE
:10E8F000CC0E002040120100F81E0020F0B54E4B57
:10E900008FB0079018780991FFF7B8F883B21B0A07
:10E9100006934A4BC7B21B780AAA08933B001080A3
:10E920003033474A5B009B18069A0493FBB29A4225
:10E9300006D83F23002093424041C0B20FB0F0BD43
:10E94000404A3D4BD25D5B7813422FD00024032216
:10E950003D490BA8F3F714F8079B079A0293374B2E
:10E96000D3180393039B089A013303936B461B7AD6
:10E970009A421FD8354B0BAADB7801335C43241233
:10E98000947012880CAB1A809C700C98FAF78CFB70
:10E99000020403020DA9120E1B0E08704A708B7040
:10E9A000D2B2C1B2DBB23800FBF754FE049B013790
:10E9B0000233B9E7049B1D78039B1B78ED1AABB2B9
:10E9C0000593049B05985E78039B40431B7AF61AD7
:10E9D000B6B233007343C01880B2FAF7BDFB1B4ACE
:10E9E000030012790132111CFF2A00D9FF2102987D
:10E9F000124A0C30400012185078927801311202FD
:10EA000089B202434A4369460BAD1212AC7090B210
:10EA10001424095F32B2099C00900B98A0470304AC
:10EA20001B0E6B70029B0402240E0133AC70287025
:10EA3000E4B2029396E7C046CC0E002026190020CF
:10EA40006011010040120100F91E0020F81E002094
:10EA5000F7B51A4B1A4A5B78825C050013422BD03B
:10EA6000184B194A5F789E78DC781B791068DB08B0
:10EA7000013380B258430012C0B2FAF7C7FB02005C
:10EA8000803AD3B2120603D580235B421B1ADBB255
:10EA90006A465B00DBB201345C4324121770567087
:10EAA00094700098FAF700FB02040302C1B2120E40
:10EAB00028001B0EFBF7CEFDF7BDC046CC0E002094
:10EAC00040120100F81E002058190020F0B51E4A1F
:10EAD0001E4B825C5B78050085B0134231D01C4B25
:10EAE000DA785F789E7801921A4A1B791068DB0801
:10EAF000013380B258430012C0B2FAF787FB03001B
:10EB0000803BDCB21B0603D580246442241AE4B2A5
:10EB10001F20FAF773FB6400E3B2019C02AA0134E0
:10EB20005C43801924121770507094700298FAF7A1
:10EB3000BBFA02040302C1B2120E28001B0EFBF73F
:10EB400089FD05B0F0BDC04640120100CC0E00208A
:10EB5000F81E002058190020F0B51E4A1E4B825C9A
:10EB60005B78050085B0134231D01C4BDA785F78B2
:10EB70009E7801921A4A1B791068DB08013380B233
:10EB800058430012C0B2FAF741FB0300803BDCB2ED
:10EB90001B0603D580246442241AE4B21F20FAF72E
:10EBA0002DFB6400E3B2019C02AA01345C43C0194E
:10EBB00024121070567094700298FAF775FA0204D5
:10EBC0000302C1B2120E28001B0EFBF743FD05B075
:10EBD000F0BDC04640120100CC0E0020F81E0020FF
:10EBE00058190020F0B5234F87B006003878FEF79B
:10EBF00045FF214B85B21A79204B92081B680232DF
:10EC00009BB253431B12DBB22D0A0193C4B2E1B293
:10EC10008D4206D83F230020AB424041C0B207B02E
:10EC2000F0BD174B7A781B5D1A4220D0154A124B63
:10EC3000587853781B0203439078019A00041843D4
:10EC4000B047020403AB120E18705A701B88000202
:10EC500004AA000E138090700498FAF725FA0204B3
:10EC60000302C1B2120E20001B0EFBF7F3FC0134AD
:10EC7000CDE7C046CC0E0020F81E00205819002019
:10EC800040120100F91E0020F0B507000D0014002D
:10EC90008BB02978002911D13B68002B0BD13A6940
:10ECA000002A08D0B968002905D0FB68934200D338
:10ECB000531E0022CA54F8680BB0F0BD0020013585
:10ECC00025290AD03800FAF75FF8E2E72D2B1CD08F
:10ECD000302B22D12F3B150018432B786A1C2B2B8D
:10ECE00015D0F3D8202B14D0232B14D0002104915D
:10ECF0002A2B1FD108CC04938B4204DA0223184339
:10ED0000049B5B420493150014E00223E3E7042311
:10ED1000E1E70823DFE71023DDE71E000021303E96
:10ED200004910A31092EE1D82A786E1C1300303B79
:10ED3000092B0FD900222B7805922E2B29D1802266
:10ED4000120110436A786B1C11003039092916D85A
:10ED50000A260CE0049B35004B43303BD318049348
:10ED6000E2E7059B7343303BD31805932B001A78D9
:10ED70005D1C110030390929F3D91D0009E02A2A48
:10ED8000FBD108CC02350593DB43059ADB171A400B
:10ED900005922B786A1C6C2B1FD017D8682B24D0B7
:10EDA0006A2B2BD02978013578298BD8632928D86C
:10EDB000622973D0632900D198E0252982D058298F
:10EDC00000D07FE720231843103B4AE0742B01D08A
:10EDD0007A2BE7D180239B000BE06B786C2BF9D169
:10EDE000C023DB0018430235DCE76B78682B03D0C7
:10EDF000802315001843D5E7C023F3E78023DB0009
:10EE0000F7E70B000126643BDBB29E4032007F4BEC
:10EE10001A401E4213D1732900D18FE0702900D00F
:10EE200050E77B4B02CC0343002900D0E4E0009381
:10EE300005220A2338007749F9F7B8FF29E7642942
:10EE400001D0692906D18023DB01184310239843A0
:10EE5000063B06E008236F2903D0F7D9DB18782991
:10EE6000F4D1020501D5012290438022D200024054
:10EE700041041DD5002A00D00BE7216882050FD57B
:10EE800002900498CE1701900598CA0F8919714015
:10EE900000903800F9F7B6FF0434FAE60223E0E701
:10EEA000420601D549B2EBE70206E9D509B2E7E728
:10EEB000002A00D0EDE60C2106008E43810506D520
:10EEC000049902960191059900912168E1E7216872
:10EED000420607D5C9B2049A02960192059A009299
:10EEE0000022D6E70006F6D589B2F4E70223020035
:10EEF0001A400126059218420DD1059E03E02021FB
:10EF00003800F9F741FF049B0136B342F7D80226D7
:10EF1000002B00D05E1C02CC3800C9B2F9F734FFD8
:10EF2000059B002B00D1B4E6049BB34200D8B0E6A9
:10EF300020213800F9F728FF0136F5E7230004CB3C
:10EF400006920793002A08D1009006223800324921
:10EF5000049BF9F72BFF079C9BE6059B002B00D138
:10EF60002E4B069A1400D3182278002A01D09C4216
:10EF700014D1069B0200E41A80231B011A40089258
:10EF8000184203D0059B9C4200D91C0002230200BA
:10EF90001A400992184212D1260006E00134E3E734
:10EFA00020213800F9F7F0FE0136049BB342F7D870
:10EFB000049A0023A24200D3131B01341C19069E9D
:10EFC00003E038000136F9F7DFFE3178002907D079
:10EFD000089B002BF5D0069B059A9B189E42F0D10A
:10EFE000099B002BB7D0049BA342B4D92021380041
:10EFF000F9F7CAFE0134F6E702930A230193059B51
:10F00000380000931023F9F7FDFE42E621081200B4
:10F01000012000007F0D0100780D0100FFFFFF7F40
:10F0200010B50A4C23699A6891420CD85A688160DD
:10F030000360426010609A685860521A9A60012317
:10F040005B42A36110BD1B68891AECE7B819002068
:10F0500010B572B6FFF7CCF8094C2368002B02D02C
:10F060002000FFF731F980210023064A2000090221
:10F070002361E2606361FFF7D3FF62B610BDC04653
:10F080001418002051F0000070B50E4B0500DE682A
:10F0900086B04B1C13D00C4B684603930023049698
:10F0A0000593FFF7BDFF2800FEF7D8FC009B002B5F
:10F0B00002D06846FFF708F9B06906B070BDFEF7E8
:10F0C000CDFCF9E7B819002085F3000010B5010068
:10F0D00072B60820FFF7D8FF62B610BD70B576464D
:10F0E00072B6134D134AAB8B01339BB2AB832B69C2
:10F0F000934204D162B63000FFF78AF970BD9A6876
:10F10000013A9A602C69A368002BF3D122686168E8
:10F110000A605160236062B62000E3682169984765
:10F1200072B661690029EDD02000FFF779FFE9E7A9
:10F13000B8190020C8190020F7B5464B464C1A787C
:10F140000193002A05D023780A2B01D0BB2323701A
:10F15000F7BDA378112B68D1E378404D404F2B7059
:10F160003E78002B07D0022E54D03E4B1B78002B4C
:10F170004ED0F8F7E9FF23796B70B3424FD00122EC
:10F18000394B1A702B78002B01D000232B70637938
:10F19000AB707A789A4208D0002E06D10122324B09
:10F1A0001A702B78002B00D02E70304AA37911787A
:10F1B000EB70994206D0137001222D4B022E00D124
:10F1C00000221A70B422E379217A2B71637A9201BA
:10F1D0001B020B43934207D0264A1378002B03D11E
:10F1E00001331370244A1370A37ABB2BB0D1019A58
:10F1F000BA3B1370214B224A1A800023174A13701E
:10F200005371194A13701A4A13701A4A13709FE700
:10F210002B70B0E7194B2A70194A1A80ABE7022EFF
:10F22000B5D1164B164A1A80B1E7092BDCD10B4B2E
:10F23000E2781978002908D0002A06D1084909780F
:10F24000022900D001325A71CEE7012ACCD1002226
:10F250001A70F8E77B2F00207C2F0020332F00202E
:10F2600018110020EF2E0020FA2E00201F11002080
:10F27000E02E0020F92E002014110020161100208D
:10F28000DC050000F0B572B68022274B9205904253
:10F2900026D30022F8261100244F76051F259C68EE
:10F2A000240C2C40022C05D8455C4C1CDD60045D10
:10F2B0000231DC609C68344202D0DC68BC5401320C
:10F2C0003F29EBD93F2A09D8F82149059868084217
:10F2D000FCD0D868154988540132F3E762B6F0BD16
:10F2E0000022F82610001F251400104F760599689B
:10F2F000090C2940022902D8DC600230DC609968E0
:10F30000314202D0D968B95401323F28EFD93F2A9F
:10F31000E4D8F821490598680842FCD0D868034928
:10F3200088540132F3E7C046003800407C2F0020AB
:10F3300080220A4B5200196930B5094C114209D09C
:10F340001969084D294019612168016019690A434A
:10F350001A6130BD23680360FBE7C046002002400D
:10F3600074E8FF1FFFFEFFFF002382680375036937
:10F370001B6899689142FBD25A6803604260106032
:10F380005860704710B572B6087D052807D8F2F7A7
:10F3900031FE0C060603120E00228B691A6001234F
:10F3A0005B4208008B61FFF7DFFF62B610BD8A6920
:10F3B0009368013393604A680B6813605A60EEE704
:10F3C0000300006810B5834206D002681A605360DB
:10F3D00000238361FFF7C8FF10BDF8B50B000933A8
:10F3E0009B00C3185C6805000E00002C54D072B658
:10F3F0002300002288331A7067692269BA4202D159
:10F40000E368002B27D1B31C9B00EB185B685B699A
:10F410001B68002B1FD023008C33186800280BD0EA
:10F42000BA4204D10022E3681100934201D13900AD
:10F4300004C9836800689847E368E2690133E360C0
:10F4400063699B18A2696361934201D3636A636134
:10F450002000FFF7B5FF62692369934216D1E36884
:10F46000002B13D0B31C9B00EB185B681A68022AB0
:10F4700011D15A69116800290DD01A8A0B00013A7E
:10F480001340114207D12A00743200E008CA31004B
:10F490002800FEF7BFF862B6F8BD0B0011339B00E1
:10F4A00010B51C58002C26D072B6023189004018C5
:10F4B00043689B695B68002B19D0230074331B7869
:10F4C000226F02339B00D3185B689B695A682369DB
:10F4D0001A60E2680132E260E2699B18A269236166
:10F4E000934201D3636A23612000FFF769FF200084
:10F4F000FDF78CFF62B610BD0300006810B5002850
:10F5000004D000221A608161FFF72EFF10BD0000B9
:10F51000F0B5060064363378040085B0002B01D0C6
:10F5200000233370230027007433B84A7C370093DC
:10F5300011780132197001339F42F9D163689B68D9
:10F54000002B17D1009B60211A7815000D400A424C
:10F5500031D00020FDF7A2FF0020FEF79FF863687E
:10F560001B68002B02D00621200098470623337029
:10F5700005B0F0BD200098470028E3D023007A337F
:10F580001A785B78E16E1B021343994201D9190086
:10F59000E366009B1B787F2B00D87BE1002900D11C
:10F5A0006EE10923337072B60021E36EA26E200073
:10F5B000FEF730F86CE123007F2075331B780240A2
:10F5C0001B021343924A934200D141E124D8802286
:10F5D0005200934254D00DD8012B4BD0022B00D1B6
:10F5E000C4E0002BB5D122007C32A2660222E26682
:10F5F0002367C3E781225200934200D1E4E0FF3247
:10F60000FF329342A5D1230076331B78012BA0D182
:10F610003A88013313433CE08022120193425DD0CB
:10F6200020D8A022D200934238D07A4A9B18012BCE
:10F6300000D98EE7230078331A785B7821001B020B
:10F6400013432200606876327731476812782000D1
:10F650000978B847002800D17BE74368A3660368B0
:10F66000E36619E09022120193423CD06A4A934229
:10F6700000D06EE7694BA3660223E3660023B7E779
:10F68000230076331B78012B00D062E702223B88EF
:10F6900093433B80A566E56625676FE7009A12886D
:10F6A0009A4213D1230076331A785D491A72039572
:10F6B000039B8B420ED95B4B1A7063681B68002B4F
:10F6C00002D0012120009847032323700023A36662
:10F6D000E3668DE7039B01330393E9E723007F3360
:10F6E000A3660123BCE72378042B2DD172B64E4AC2
:10F6F000A36825001340A36023002C331035019329
:10F700002F68002F0FD07869002804D002210C3018
:10F710004942FFF7F1FEB869002804D002210C30FD
:10F720004942FFF7E9FE0023019A08C59542E7D157
:10F7300062B6220003217F321370636821701B6858
:10F74000002B01D020009847230076331B78002B34
:10F75000BCD022007F3213700423237063681B68BF
:10F76000002BB3D0022120009847AFE723000F22DF
:10F770001421783318782D4B0240514340B25B1866
:10F78000002811DA2C331B78002B00D1E1E6254B41
:10F790009A735B7C002A03D19B0603D5244B6AE74E
:10F7A000DB06FBD4234B66E7B8331B78002B00D174
:10F7B000CFE61C4B20219A73002A03D15B7C0B42BD
:10F7C000F0D0EBE71B7DFAE7230076331B78002BA4
:10F7D00000D0BEE6230078331B780F2218001040BB
:10F7E000134200D172E75AB20E4B002A24DA9A7BF8
:10F7F000987398733020597CD2B281435974402158
:10F80000587C014359749A7360E7C046E0160020A3
:10F810000203000000FAFFFF020C0000A91801001B
:10F820000E2700000038024001000100C016002031
:10F83000A7180100A51801009A7B98739873187D8A
:10F84000D2B2884318758020197D01431975DAE713
:10F85000230076331B78002B00D07AE62300783320
:10F860001B780F2218001040134200D12EE75BB224
:10F87000002B02DAFDF712FE28E7FDF70FFF25E760
:10F880001423337072B60B000A002000FDF776FDDA
:10F8900062B66DE6002906D01523337072B60021DA
:10F8A000E36EA26EF1E70B23337072B60B000A0011
:10F8B0007DE6C046F0B5BC4F89B07B7BDBB20293DE
:10F8C0003B7BDBB2039373460493B84B1B68DAB2FD
:10F8D00001927F221340B64A136001237A781A42BC
:10F8E00002D17A7813437B70BB7BDBB20593019B1B
:10F8F0005B0754D50023AF4A0793079B934200D878
:10F90000AFE0A022AC4E002130005200F2F74CF9DB
:10F9100000254023A94AAA4C73601570A94A3100FA
:10F92000E26001222C310A7031003385B436B831DF
:10F9300033803E3B0A702370E567A560E368002BC7
:10F9400012D072B6E6687069002804D002210C302B
:10F950004942FFF7D1FDB069002804D002210C30E4
:10F960004942FFF7C9FD62B600210135E160043468
:10F97000082DE3D10124944B91481970914B934A7F
:10F98000C3608D4B14701A00B832147040221A856F
:10F99000B4331A8043681B688B4200D09847082113
:10F9A000019B0B4210D08A4A1388002B5FD0029B28
:10F9B0008B4003990B4387490888984255D00B80A8
:10F9C0001388013B9BB21380019BDB0737D50A22CA
:10F9D0007F4B1A80804B023A1A60804B1A78002ABB
:10F9E0002DD00022764C1A702378052B27D02200C8
:10F9F000803213700523237063681B68002B02D0CC
:10FA00000421200098470025A560E368002B12D050
:10FA100072B6E6687069002804D002210C304942B1
:10FA2000FFF76AFDB069002804D002210C3049427A
:10FA3000FFF762FD62B601350434082DE5D1684B4D
:10FA40001A78002A2ED1674B674968481A78002A2D
:10FA500000D01FE1059BBB730498FEF7D9FC09B0E9
:10FA6000F0BD079B0133079347E70A23ABE7032267
:10FA70007B781340012BA7D15D4A1160574A11785A
:10FA80000029A1D14E481370017805299CD10300AB
:10FA900080331B78037043681B68002B00D193E709
:10FAA000984791E701251B784F4AD05C514B854020
:10FAB000EDB21D70B873002800D0A1E004217A7C5B
:10FAC0003E4ED3B20A4204D07B7C8B437B743070B1
:10FAD000B5E7DA0601D580227A743278D0B2062AE8
:10FAE000ADD8F2F77DFA041CAC355DAC5D00DB07E8
:10FAF000A5D50020FDF714FC010008289FD13E4841
:10FB0000FDF7A4FC2C4BDB8C002B06D040230021FE
:10FB10002B487B74FFF7FCFC91E74823F7E7264B63
:10FB20005A6B1C8D986BA2420AD9196B0019986305
:10FB3000121B091900205A631963FDF713FD7EE7B4
:10FB400000218018986359631D48FDF7C3FD76E7CF
:10FB5000DB0700D473E70020FDF7E2FB0500274C2C
:10FB600083B2190020680193FDF770FC23685B19CC
:10FB70002360114C2200C4321368B4345B19136043
:10FB80002388019A934208D900210D48FDF7F3FD1F
:10FB900048237B74443B337051E740237B744EE72A
:10FBA00000213170D0E7C04600380240B038024032
:10FBB000B43802400E270000C01600203830002064
:10FBC00050180020D00E0100B4180020EC160020C0
:10FBD0002011002036300020A038024034300020B0
:10FBE0009038024092380240A51701009638024032
:10FBF000A438024094380240E01600207C17002010
:10FC000004227B7C134202D07B7C93437B741423BD
:10FC100043435A4EF3185C6B002C18D01A8D196BA5
:10FC200094420DD99D6B8918AD18A41A19639D6370
:10FC30005C63A24200D9220092B2FDF749FCFEE6C5
:10FC40009A6B091912199A63002219635A631421D5
:10FC50004B4B4C4C1D704143851CAB00E3185A685C
:10FC600076185369B16B59600121814023898B4318
:10FC700023819368002B02D001002000984772B6C0
:10FC8000AD0064196368002158690C30FFF734FC3B
:10FC900062B6D4E601251A7801268C5CA540EDB247
:10FCA0000570BC733A7D324200D1CFE6802320003C
:10FCB0009843FDF735FB1422624383B29C462F4BD9
:10FCC0009B181A00C032126882421FD3BC332E49DF
:10FCD0001B68A200521819188B424AD114226243A1
:10FCE000264B9B181900BC310A68C03312180A60F1
:10FCF0008A6812188A601A68121A1A606C223B7D90
:10FD000093433B753B7D6B3A93433B7514236343AD
:10FD10001A4AD3181900B4310988614504D8C03390
:10FD20001B688B4200D38EE61420184B60431D7075
:10FD3000A61C144DB300EB1859681218C4328B6915
:10FD400012685A600122A2406B8993436B81CB6891
:10FD5000002B02D021002800984772B6B600AD19DA
:10FD60006B689B69180059680C30FFF7C5FB62B6D9
:10FD700069E616781E700133AEE7C046C016002053
:10FD80008438024050180020203802408638024053
:10FD900070B5022504006D422068844200D170BD18
:10FDA000036823605C608561FFF7DEFAF4E7036AAD
:10FDB00010B5C360436A4361036100238362C36279
:10FDC000FFF7E6FF10BD0000080070B5052962D8F6
:10FDD000F2F710F937610337376272B60026364CF6
:10FDE0002300220000257433206F19783832FDF784
:10FDF0001DFD01362000FFF7DAFF25729034032E37
:10FE0000EED12E4C2E4B2F4A1978206FFDF70EFDA8
:10FE1000636A200063612361E560A562E562FFF724
:10FE2000B7FF20002572FDF7F1FA62B6264B1B786A
:10FE3000AB4202D00520FDF71DFC0220FDF71AFCA5
:10FE400029E0FDF717FC72B6002501261A4C2000A8
:10FE50002672FFF79DFF2000FFF7A9FF23008C33D8
:10FE60001B68002B02D0DA6818689047013590347F
:10FE7000032DECD10123114C20002372FFF788FFE2
:10FE80000023626A2000E36062612261A362E36290
:10FE9000FFF77EFF62B670BD72B6074B00221900F5
:10FEA00098310A70942149001A725A54034B1A72FD
:10FEB00062B60520C2E7C046D40E0020881000209C
:10FEC000FC100020C0100020D4180020F0B587B02E
:10FED0000B6803911F220121019304005B08019824
:10FEE0000293002B00D0A0E09040F2F7DBF8039BD8
:10FEF0005B690493072800DDACE01F220121A56A9D
:10FF00000198029B002B00D096E09040F2F7CAF8CF
:10FF10000F23800083401F2201219D430198029BF3
:10FF2000002B00D08FE09040F2F7BCF8049B8000DB
:10FF300083402B43A3621F220121039BA5699E6876
:10FF40000198029B002B00D0B4E09040F2F7AAF891
:10FF500001210B0083401F229D430198029B002B2F
:10FF600000D0AEE09040F2F79DF886401F220121BC
:10FF70002E43039BA6616569DE680198029B002BF6
:10FF800000D0A5E09040F2F78DF8032340008340B5
:10FF90001F2201219D430198029B002B00D09EE06F
:10FFA0009040F2F77FF8400086401F2201212E4347
:10FFB000039B6661E5691E690198029B002B00D0D6
:10FFC00094E09040F2F76EF801210B0083401F226D
:10FFD0009D430198029B002B00D08EE09040F2F7E9
:10FFE00061F886401F2201212E43039BE6615D6874
:10FFF00026690198029B002B00D085E09040F2F723
:020000021000EC
:1000000051F803234000834001229E431F2302999D
:10001000002900D07FE001989840F2F743F84000B3
:1000200085403543256107B0F0BD1D0040000D40FF
:100030002843013A5B0854E71E0040000E4030435D
:10004000013A5B085EE71E0040000E403043013A73
:100050005B0865E7019B1F221D0A5E0A280033002A
:10006000E76A002B14D19040F2F71CF80F238000B0
:10007000834001229F431F23002E14D12800984063
:10008000F2F710F8049B800083403B43E36252E7A1
:10009000410005911800012108400599013A0143EA
:1000A00008005B08DDE731006D0011400D43013BA6
:1000B0007608E1E71F0040000F403843013A5B0833
:1000C00040E71F0040000F403843013A5B0846E715
:1000D0001F0040000F403843013A5B084FE71F0004
:1000E00040000F403843013A5B0856E71F004000CC
:1000F0000F403843013A5B0860E71F0040000F40A3
:100100003843013A5B0866E71F0040000F40384360
:10011000013A5B086FE701990298490010400843D3
:10012000029901904908013B029170E7154AF0B528
:1001300053699B0614D5FF25F026038954680333C1
:1001400099080139E401E4094906214351605168E5
:100150000468090E0906214351609B08002B00D159
:10016000F0BD4168013B9BB22142F9D1C1680F1D2E
:100170000968C760976891601168A94331431160AD
:10018000ECE7C046002002400B4B5A69920611D59D
:1001900006C80A420ED15A68084802405A605A6896
:1001A000120E12060A435A60FF22196891430E3A52
:1001B0000A431A607047C04600200240FFFFFFFE5E
:1001C000044B5A69920603D59A6A00229A625B69C7
:1001D0007047C04600200240054B5A69920606D47B
:1001E0009A6A044A9A629A6A034A9A625B697047F9
:1001F000002002403322110088776655F0B587B0A1
:1002000001900491029272B69023019A544D534387
:10021000EB181A6F1278042A02D062B607B0F0BD4C
:10022000002288331B780392934201D16423039305
:1002300062B69023019A5343ED1872B690270024BA
:10024000019A049B57430093454BDB190593059B8B
:100250009B6A002B0AD1424EF619F368002B2ED070
:1002600033691A1DB262F2699B18F3623C4BDB19C9
:10027000986ADE6A029B361A1B1B9E4200D91E003A
:10028000402E47D940220099F1F77AFB009B403479
:1002900040330093324BDB199B6A4033304AD2190A
:1002A000D16A9362994204D8D16928000439FDF7D4
:1002B00050F862B6029BA34218D972B6C7E7337AE8
:1002C000002B0FD1274B039ADB68002A0AD06A68FB
:1002D0001D605A606421136004206B60FEF7D4FE39
:1002E0000028BADA62B6029BA34220D872B69022E6
:1002F00001991B4B4A439B189A6A002A00D18CE74C
:100300001B69043AD11A9A4200D186E72800FDF70A
:1003100020F882E732000099F1F732FB009BA41924
:100320009B1900930E4BDB199B6A9B19B6E772B6BB
:100330009023019A0A4E5343F61833006242544107
:1003400088331A78280014431C70FFF721FD280019
:10035000FFF72DFD00233372FDF7E4FF62B66CE773
:10036000D40E0020B819002010B501000822012089
:10037000FFF744FF10BD10B5010020220020FFF759
:100380003DFF10BD10B5010006220020FFF736FF2B
:1003900010BD10B5010003220020FFF72FFF10BD94
:1003A0000A0010B5202903D101000220FFF726FF23
:1003B00010BD0000F7B50C0001931500204B00287C
:1003C0000CD01970FDF7BCFF1E4B188007230120CD
:1003D00023409840C0B2F5F753FDF7BD1E788E421A
:1003E00029D1184B1F88FDF7ABFFC01B80B2C7286F
:1003F00021D82C002034E4B2AE420FD033000126C5
:10040000072730003B409840C0B2F5F731FDBC42B1
:1004100004D82F40BE40F0B2F5F732FD0198F8F74E
:1004200053F8072CD9D8072301201D40A840C0B29B
:10043000F5F71EFDD1E7072301201C40A040F6E799
:10044000841A00202E300020F0B58DB00C2200213F
:1004500009A8F1F7A9FBA94B0124019300230F255B
:100460000093019B1B685A1C2BD072B601261F00FB
:100470002B409E40AF433100012238003604FDF787
:10048000E6FFBE6062B6E34306279C469C4809A986
:1004900002680B88561C00D114E11600AE43366882
:1004A0002A40D6400122164200D00BE12343013FEF
:1004B000FFB20B8004300231002FE9D10098F8F729
:1004C0004BFC009B64000133DBB20093019BA4B2A0
:1004D00004330193009B102BC3D18A4D0C222800BA
:1004E00009A9F1F7B5FB041E04D00C22280009A9C4
:1004F000F1F746FA0022844E844B35781A70954203
:1005000000D181E1FDF71CFF814A13681060C11A18
:1005100098425BD07F2900D97F210022CBB207937C
:100520007C4B32701A70794B05921B7804920193C0
:10053000794B06920093734B02930020774B039301
:1005400013189C466646039B9B5D5F0820D08F4234
:1005500000DDBAE0012667463340039EF35500D024
:10056000BEE001278740029E009B36881B883E40E4
:10057000B4461E00BE43370066463743019E7B40AB
:1005800033435E1EB341DBB20193009B04951F8091
:1005900001301028D4D1009B103202330093029B0B
:1005A00002330293602AC8D1059B002B02D0594B1D
:1005B0005F3A1A70049B002B02D0544B019A1A70B8
:1005C000069B002B02D001224F4B1A70002C09D140
:1005D000504B1B78002B51D0002D03D1FDF7B0FEFE
:1005E0004B4B1860002301211C008C46494A0293A2
:1005F0001370444A0092484A00990988039103986D
:100600001188484000210590444801906046884088
:10061000070080B2049001985E18805D4508069539
:100620003D00059F3D425DD00698002811D1049CF5
:1006300003982040441EA0410A242043019CA05559
:10064000C007C40F002856D01088049D029445406E
:10065000158001311029D9D1009910330231009150
:100660000232602BC8D1029B002B02D00122274B03
:100670001A70002C02D00122234B1A70284C2378C8
:10068000002B59D0274E3578002D55D1264B274ABF
:100690001B78127813434FD0DB064DD5244B1F88AF
:1006A000002F49D0FDF74CFE224BC01B80B2984270
:1006B00042D9012325703370F7F768FDF8F7B6FCCF
:1006C000F7F714FD62461340F1E6079E0695BF1B3F
:1006D00001267F0033403B436746039EF35557E7AF
:1006E000059355E74508B4D0C507B2D46546284000
:1006F000019DA855ADE76446ABE7C046D80F0100A1
:10070000100F01002C1800202C3000202D3000206C
:100710002830002024300020D6180020C42F0020CC
:10072000EB1A0020EA1A00206D1B00206C1B002031
:10073000E81A0020B70B0000FDF702FE34490A68F2
:10074000002A20D0334B344C1D7880B2002D02D0CB
:100750002568854217D020600120304C187023682E
:100760002F485D00285A2F4D01332B4003D52E4DC5
:10077000013B2B43013323602C4B013A1B680A6079
:10078000002B00D098472A4D2B68002B37D0294AE0
:100790001788002F1AD0284C2278002A16D11E8ADA
:1007A000FDF7CEFDC01B80B286420FD80123237017
:1007B0002B689B68002B24D09847002821D02B68F9
:1007C000D8881E4B1880C0B2F7F792FD1C4B1B78DF
:1007D000042B14D11B4B1E88002E10D01A4C2378EA
:1007E000002B0CD12B681D8AFDF7AAFD801B80B25F
:1007F000854204D80123D1202370F7F7F1FC0DB016
:10080000F0BD2B689888DCE7002C00D1E0E6E5E637
:10081000E01D0020DE1A0020C02F0020DC1D00207B
:10082000DC1B0020FF00008000FFFFFF38180020C5
:10083000681B0020DC1A0020DA1A0020D81A0020D9
:10084000C11B00205A1B00205C1B0020F7B50E4C7A
:100850000E4B24781B7801940D4C019DAB4201D1C5
:100860000020FEBDDE00A5196F788F4205D1365DF0
:10087000864202D16D79954203D1072501332B4081
:10088000EBE70120EDE7C0468D1A00208E1A00200C
:10089000901A0020054B02381B7841424841023B28
:1008A00059424B41024A18401070704718110020FD
:1008B000E92E002010B57430C3790A4984791B02EF
:1008C0000A782343022B0AD1012A01D0062A05D136
:1008D000054B4A78D8785A70FFF7DCFF10BD024B01
:1008E000F8E7C0468C3000201011002070B50400DD
:1008F0007F237434217805000B40212B00D08DE03C
:100900004BB2002B49DA6378022B2ED0032B20D078
:10091000012B42D12379022B01D9002070BDA1788F
:100920000829FAD8514AD25C022AF6D890235343B8
:100930004F4A9B58002BF0D04E4C5E68186822003E
:10094000B0474D4BAB66A36C0022EB662A670120D3
:10095000E4E76279237912021A431ED14749484BD2
:100960008978836619700123EFE72379022BD4D8A5
:10097000A1780829D1D83D4AD25C022ACDD890234B
:1009800053433B4A9B58002BC7D05A69186890477D
:100990003C4B1870AB660123D6E763780A2B1ED058
:1009A0000B2B0CD0092B39D16279237912021A430F
:1009B00002239A4332D1344AAA66344AC5E763799E
:1009C00022791B02134307D1A2782C4B511E8A4176
:1009D000D8789A70FFF75EFF0023AB66B4E7274B29
:1009E000E678D8781E70FFF755FF2379022B00D9DF
:1009F00093E7A178082900D98FE71C4AD25C022A24
:100A000000D98AE790235343194A9B58002B00D101
:100A100083E732001C691868A047DDE760230026E1
:100A20009943812913D16378062B10D163792279F8
:100A300068681B02A1781343E27844682800A04745
:100A4000B04200D169E74368AB6603687CE7D8240D
:100A500064000F4B9B59002B03D19036A642F8D16E
:100A60005BE7280098470028F7D070E72C190100B1
:100A7000600F00203C300020423000201011002088
:100A800089300020883000208C300020B50801001B
:100A9000580F00201FB5040072B6FFF79DFB0094AD
:100AA000E44368460194FFF76FFBFFF789FB62B6EA
:100AB0001FBD70B5E024F02564026D022000FFF731
:100AC000E9FF80239B00E418AC42F7D1E02000212D
:100AD0004002F7F7D1F8F02460020134E4B2FFF7E6
:100AE000D9FF002CF8D170BD0FB407B5044805A993
:100AF0000191F8F74FFA03B008BC04B01847C0469C
:040B00004C0D010097
:100B040000FFC800002020202020202020202828AA
:100B140028282820202020202020202020202020B9
:100B240020202020208810101010101010101010F9
:100B34001010101010040404040404040404041029
:100B440010101010101041414141414101010101B7
:100B54000101010101010101010101010101010181
:100B6400101010101010424242424242020202028D
:100B74000202020202020202020202020202020251
:100B84001010101020000000000000000000000001
:100B94000000000000000000000000000000000051
:100BA4000000000000000000000000000000000041
:100BB4000000000000000000000000000000000031
:100BC4000000000000000000000000000000000021
:100BD4000000000000000000000000000000000011
:100BE4000000000000000000000000000000000001
:100BF40000000000000000000000000000000000F1
:100C04000000000000000000C6170000CC16000021
:100C1400CC160000CC160000CC160000CC16000048
:100C2400CC160000CC160000CC160000CC16000038
:100C3400CC16000028170000E0160000CC160000B7
:100C4400CC160000CC160000CC160000E016000004
:100C5400CC160000CC160000CC160000CC16000008
:100C640042160000081700005A170000CC160000B6
:100C7400CC1600003C170000CC160000081700003A
:100C8400CC160000CC160000D41700008A24000003
:100C9400B6230000A02300001C240000A0230000B1
:100CA40050240000A02300001C240000B6230000F0
:100CB400B6230000502400001C2400008C230000F4
:100CC4008C2300008C2300005A240000B62300006B
:100CD400B6230000A0230000F6240000A023000097
:100CE40050240000A0230000F6240000B6230000D6
:100CF400B623000050240000F62400008C230000DA
:100D04008C2300008C230000F0310000A43000008C
:100D14001C300000463000001C3000008831000008
:100D24001C30000046300000A4300000A430000055
:100D340088310000463000003E3000003E300000A4
:100D44003E300000AA310000325034473A25642076
:100D5400424C453A256420504F533A2564204D4F68
:100D640044453A25640A0063300065786974006B71
:100D7400696C6C00296C6C756E2800296C696E288E
:100D8400000000002A0000DD598400002C0000DD72
:100D9400638400002D0000FF6D8400002E0022FFFC
:100DA4007D840000380000FF8D840000090011DDFF
:100DB40099840000050011DDA384000000000000F8
:100DC40000000000003131295A1B750A000101019D
:100DD40001010101010102020202020202020203F4
:100DE40003030303030303040404040404040505C4
:100DF4000505050606060606070707070708080887
:100E040008090909090A0A0A0B0B0B0C0C0C0D0D35
:100E14000D0E0E0E0F0F0F101011111112121313CD
:100E24001414151516161717181819191A1A1B1B46
:100E34001C1D1D1E1E1F20202122222324242526A2
:100E440026272829292A2B2C2D2D2E2F30313232DA
:100E5400333435363738393A3B3C3D3E3F404142E6
:100E6400434445464748494A4C4D4E4F50515354CC
:100E7400555658595A5B5D5E5F6162646566686980
:100E84006B6C6D6F7072737577787A7B7D7E808200
:100E9400838587888A8C8E8F91939596989A9C9E49
:100EA400A0A2A3A5A7A9ABADAFB1B3B5B7BABCBE59
:100EB400C0C2C4C6C9CBCDCFD1D4D6D8DBDDDFE226
:100EC400E4E7E9EBEEF0F3F5F8FAFDFF00000000CB
:100ED40011F50000D5D6000077D70000400040008F
:100EE40090120020901200200100000088120020BF
:100EF4006B0D0100A812002068130020C9FD00003A
:100F040035D10000ED080100000000000004004895
:100F1400030400480404004805040048060400488B
:100F2400070400480004080C1014181C2024282C62
:100F34003034383C4044484C5054585C6064686CCD
:100F44007074787C8084888C9094989CA0A4A8ACBD
:100F5400B0B4B8BCC0C4C8CCD0D4D8DCE0E4E8ECAD
:100F6400F0F4F8FFFFF8F4F0ECE8E4E0DCD8D4D0D7
:100F7400CCC8C4C0BCB8B4B0ACA8A4A09C9894908D
:100F84008C8884807C7874706C6864605C5854507D
:100F94004C4844403C3834302C2824201C1814106D
:100FA4000C0804000102030405060708090AFF00EF
:100FB40000FF8000FFFF0000FF0000FFFF0000FFB4
:100FC4008000FFFFFFFF0000000000C800C800C849
:100FD400000000000F0C00480E0C00480F080048E9
:100FE4000E0800480D080048030C0048020C004895
:100FF4000C0800480B0800480A0800480E00004886
:10100400090800480808004807080048060800487E
:101014000F040048E200E900EA00B500B600B7009A
:10102400CD008301CC008A019201940121022302A4
:1010340024022502260227022A02B300B4006F000C
:1010440070009F01CB019F02A0020000000000007D
:1010540000000000000000000000000000007E0FFF
:1010640000D4FFFFFFC7000000780000000000006C
:1010740000002A2B280000000000000000000000EF
:10108400000000000029000000002C1E3420212252
:1010940024342627252E362D3738271E1F202122BB
:1010A400232425263333362E37381F040506070834
:1010B400090A0B0C0D0E0F10111213141516171824
:1010C400191A1B1C1D2F3130232D35040506070862
:1010D400090A0B0C0D0E0F10111213141516171804
:1010E400191A1B1C1D2F3130354C3A3B3C3D3E3FF9
:1010F400404142430000000000444501020408103E
:10110400204080000400167EE600E700754F0000D2
:1011140000000000C8000100000000000080FF0083
:1011240000000000D9840000894F0000B14F000086
:1011340000000000880D01001D2E2C1F112021220B
:1011440016232425302F17180F121E13152D102BBC
:10115400142A0D0E2829343537383B3C00FFFFFF95
:10116400FFFFFFFFFFFFFFFFFFFFFFFFFF01020382
:101174000405060708090A0B0C0DFFFF0E0F1011DA
:1011840012131415161718191A1BFFFF1C1D1E1F06
:101194002021222324252627FF28FFFF29FF2A2B8D
:1011A4002C2D2E2F30313233FF34FFFF353637FFED
:1011B400FF38FFFFFF393A3B3CFFFFFF000A100AEC
:1011C400200A300A400A500A600A700A800A900A0B
:1011D400A00AB00AC00ADC0A04141814281438142B
:1011E400481458146814781488149814A814B8145B
:1011F400C814DE14041E1C1E2C1E3C1E4C1E5C1E39
:101204006C1E7C1E8C1E9C1EAC1EBC1ED81E082888
:1012140023283328432853286328732883289328B2
:10122400A328B428E0280032143228326E32B032B7
:10123400C032D028E028E141E141E141010101014E
:10124400010101010101010101010101010101018A
:10125400010101010101010101010101010101017A
:10126400010101010101010101010101010101016A
:1012740001010101010101010100000010200040F1
:10128400000000805000510052004F0050025102F3
:1012940052024F024F034F03500350034F034F03B7
:1012A4004A024A024D024D034A032900000000008D
:1012B400000000000000000000000000000000002A
:1012C4000000000000000000000000001E001F00DD
:1012D40020002100220023002400250026002700EE
:1012E4002D002E002A00000000002B0014001A001C
:1012F4000800150017001C0018000C001200130051
:101304002F003000310000000000390004001600F6
:10131400070009000A000B000D000E000F00330047
:1013240034000000280000000000E10000001D005F
:101334001B000600190005001100100036003700DC
:1013440038000000E50000000000E000E300E200D7
:10135400000000002C00000000000000167E245253
:101364006500E40000000000000029000000000007
:101374000000000000000000000000000000000069
:101384000000000000000000000000001E001F001C
:10139400200021002200230024002500260027002D
:1013A4002D002E002A00000000002B0014001A005B
:1013B4000800150017001C0018000C001200130090
:1013C4002F00300031000000000039000400160036
:1013D400070009000A000B000D000E000F00330087
:1013E40034000000280000000000E10000001D009F
:1013F4001B0006001900050011001000360037001C
:1014040038000000E50000000000E000E200E30016
:10141400000000002C00000000000000167E245292
:101424006500E4000000000000003500000000003A
:1014340000000000000000000000000000000000A8
:101444000000000000000000000000003A003B0023
:101454003C003D003E003F0040004100420043008C
:10146400440045002A00000000002B00017E027E9B
:10147400037E007E4600470048000C001200130063
:101484002A7829782178000000003900005201529E
:101494000700090049004A004B000E000F002478A1
:1014A40023780000280000000000E10000004378D9
:1014B4000000487847784C004D004E004A7849783F
:1014C40052000000057E00000000E000067EE200FD
:1014D40000000000427800000000000050005100AD
:1014E4004F00000000000000000035000000000074
:1014F40000000000000000000000000000000000E8
:10150400000000000000000000000000BE00BD005C
:10151400C100C20022002300AC00AE00AB00A80052
:10152400AA00A9002A00000000002B00017E027E10
:10153400037E007E4600470048000C0012001300A2
:101544002A782978217800000000390000520152DD
:101554000700090049004A004B000E004B002478A4
:1015640023780000280000000000E10000000000D3
:101574000000487847784C004D004E004A7849787E
:1015840052000000057E00000000E000E200E300DD
:1015940000000000427800000000000050005100EC
:1015A4004F000000000000000000010000000000E7
:1015B4000000000000000000000000000000000027
:1015C4000000000000000000000000003A003B00A2
:1015D4003C003D003E003F0040004100420043000B
:1015E400440045000100000000000100017E027E6D
:1015F400037E007E010001000100010001000100E2
:10160400AA00A9000100000000000100010001007F
:1016140001000100010001000100010001000100BE
:1016240001000000010000000000010000000100B2
:10163400010001000100010001000100010001009E
:101644000100000001000000000001000100010091
:101654000000000001000000000000000100010083
:101664000100010000000000000000002948000003
:1016740099600000C5600000F16000001D61000079
:1016840041480000C805010902A10185020901A120
:10169400000509190129081500250195087501811E
:1016A400020501093009311581257F9502750881EC
:1016B4000609381581257F950175088106050C0AF0
:1016C40038021581257F950175088106C0C0050182
:1016D4000980A101850319012AB700150126B70065
:1016E400950175108100C0050C0901A1018504193B
:1016F400012AA002150126A002950175108100C0DF
:1017040005010906A1018506050719E029E7150069
:1017140025019508750181020507190029EF1500B7
:10172400250195F075018102050819012905950522
:1017340075019102950175039101C00660FF09616D
:10174400A1010962150026FF009520750881020990
:1017540063150026FF00952075089102C005010954
:1017640006A101050719E029E7150025019508756B
:101774000181029501750881010507190029FF15EA
:101784000026FF0095067508810005081901290542
:1017940015002501950575019102950175039101C7
:1017A400C00000010002000100030001000200016A
:1017B4000004000100020001000300010002000116
:1017C4000005000100020001000300010002000105
:1017D40000040001000200010003000100020001F6
:1017E40000060001000200010003000100020001E4
:1017F40000040001000200010003000100020001D6
:1018040000050001000200010003000100020001C4
:1018140000040001000200010003000100020001B5
:1018240000070001000200010003000100020001A2
:101834000004000100020001000300010002000195
:101844000005000100020001000300010002000184
:101854000004000100020001000300010002000175
:101864000006000100020001000300010002000163
:101874000004000100020001000300010002000155
:101884000005000100020001000300010002000144
:101894000004000100020001000300010002000135
:1018A4000000000100000000E81F0100E8300020F3
:1018B400E8300020E8300020E81F010000000000AC
:1018C4000000000000000000E81F0100000000000C
:1018D4000000000000000000E81F010000000000FC
:1018E4000000000000000000E81F010000000000EC
:1018F4000000000000000000E81F010000000000DC
:101904000000000000000000E81F010000000000CB
:101914000000000000000000E81F010000000000BB
:1019240000000000000000000102003031323334B6
:10193400353637383941424344454600160343009F
:10194400490044004F004F00200051004B00360076
:10195400310000001203520044004D0043005400C3
:101964004D005A00540000000403090409025B00FE
:10197400030100A0FA090400000103010100092188
:101984001101000122440007058103080001090434
:1019940001000203000000092111010001222200BC
:1019A4000705820320000107050303200001090441
:1019B4000200010300000009211101000122B60008
:1019C400070584032000011201000200000040B05A
:1019D4003635300500010203014422B661170100C7
:1019E4003F17010089160100821901009B190100AB
:1019F400BB190100FF0000005245454E54206D61A3
:101A04006C6C6F6320737563636565646564000063
:101A14002E2E2F2E2E2F2E2E2F2E2E2F2E2E2F2EDD
:101A24002E2F6E65776C69622F6C6962632F7374F5
:101A3400646C69622F72616E642E63002C2066757B
:101A44006E6374696F6E3A20000000006173736501
:101A54007274696F6E2022257322206661696C6539
:101A6400643A2066696C6520222573222C206C69F7
:101A74006E65202564257325730A0000232D302B01
:101A840020000000686C4C0065666745464700000E
:101A940030313233343536373839414243444546A0
:101AA4000000000030313233343536373839616262
:081AB400636465660000000098
:081ABC00A006FF7F01000000FD
:101AC400040C00200000000044110020AC11002090
:101AD40014120020000000000000000000000000BC
:101AE40000000000000000000000000000000000F2
:101AF40000000000000000000000000000000000E2
:101B040000000000000000000000000000000000D1
:101B14000000000003000000441100200000000049
:101B240000000000000000000000000000000000B1
:101B340000000000000000000000000000000000A1
:101B44000000000000000000000000000000000091
:101B54000000000000000000000000000000000081
:101B64000000000020000000000000000000000051
:101B74000000000000000000000000000000000061
:101B84000000000000000000000000000000000051
:101B94000000000000000000000000000000000041
:101BA4000000000000000000000000000000000031
:101BB4000800000000000000000006000000000013
:101BC4000000000000000000000000000000000011
:101BD4000000000000000000000000000000000001
:101BE40000000000000000000000000000000000F1
:101BF40000000000000000000000000020000000C1
:101C040000000000000004000000000000000000CC
:101C140000000000000000000000000000000000C0
:101C240000000000000000000000000000000000B0
:101C340000000000000000000000000000000000A0
:101C4400000000000000000003000000000000008D
:101C5400000003000000000000000000000000007D
:101C64000000000000000000000000000000000070
:101C74000000000000000000000000000000000060
:101C84000000000000000000000000000000000050
:101C9400000000000300000000000000000002003B
:101CA4000000000000000000000000000000000030
:101CB4000000000000000000000000000000000020
:101CC4000000000000000000000000000000000010
:101CD4000000000000000000000000000000000000
:101CE400060000005C0C0020A80C0020000000008E
:101CF40000000000D80D00208C0D0020400D0020B5
:101D040000000000F40C00200000000000000000AF
:101D1400240E002001DA0000E5D90000E7D7000016
:101D240051D200006DD200007DD20000280E0020A8
:101D340001DA0000E5D90000E7D7000051D2000025
:101D44006DD200007DD200002C0E00203DDA000090
:101D540019DA000005D80000ADD20000D1D200008D
:101D6400E9D2000041004100410041004100390531
:101D7400B556000029D10000690301007703010072
:101D84008503010093030100A103010000FF00FF8C
:101D9400FF0300000000000000000000000000003D
:101DA400000000000000000000000000000000002F
:101DB400000000000000000000000000000000001F
:101DC400000000000000000000000000030000000C
:101DD40000000000DBF30000000000002000000011
:101DE40000000000000000000200000000000000ED
:101DF40000000000000000000000000000000000DF
:101E0400000000005018002004000000040000003E
:101E14002000000028140020000000000000000042
:101E2400880E0020000000000000000000000000F8
:101E3400000000000000000000000000000000009E
:101E4400000000000000000000000000000000008E
:101E5400000000000000000000000000030000007B
:101E640000000000DBF30000000000000800000098
:101E7400000000000000000002000000000000005C
:101E8400000000000000000000000000000000004E
:101E940000000000501800200100000004000000B1
:101EA40008000000F81300200000000000000000FB
:101EB4006C0E002000000000000000000000000084
:101EC400000000000000000000000000000000000E
:101ED40000000000000000000000000000000000FE
:101EE40000000000000000000000000003000000EB
:101EF40000000000DBF300000000000020000000F0
:101F040000000000000000000200000000000000CB
:101F140000000000000000000000000000000000BD
:101F2400000000005018002002000000040000001F
:101F340020000000681300200000000000000000E2
:101F4400500E0020FF02C800000000000000000046
:101F5400000000000000000000000000000000007D
:101F6400000000000000000000000000000000006D
:101F7400000000000000000000000000000000005D
:101F84000300000000000000000000009BF40000BB
:101F9400000020000000000000000000020000001B
:101FA400000000000000000000000000000000002D
:101FB4000000000000000000501800200300000092
:101FC4000400000020000000B814002000000000FD
:101FD4000000010001003C0002013201000001FF89
:041FE40014000000E5
:040000030000019167
:00000001FF
