:100000000004002091010000B9E1000005E20000B9
:100010009301000093010000930100009301000090
:100020009301000093010000930100009301000080
:1000300093010000930100009301000095EE000081
:10004000930100009301000093010000357100004E
:1000500093010000597100006D710000C57100002E
:100060009301000093010000B171000093010000B2
:10007000930100009301000095720000757100006B
:10008000897100009D710000930100009301000040
:100090009301000093010000930100009301000010
:1000A0009301000093010000930100009301000000
:1000B0009301000093010000930100006DF6000021
:1000C00072B6244880F30888234880F30988022008
:1000D00080F31488BFF36F8F07F0B9FF0DF07CFF3A
:1000E0001E481F491B4A914202DA08600431FAE7B0
:1000F0001C49194A914202DA08600431FAE71A49A8
:100100001A4A1B4B9A4204DA086810600431043220
:10011000F8E700201749184A914202DA08600431D2
:10012000FAE70DF071FF0DF06DFF144C144DAC4269
:1001300003DA216888470434F9E70AF011FF114C0B
:10014000114DAC4203DA216888470434F9E70F49BE
:100150000847000000040020000C002055555555AC
:1001600000000020000400205C180100000C0020AA
:100170002411002040110020D0300020C0000000D9
:10018000C0000000C0000000C000000007E0000048
:1001900096E700F000F8FEE7F0B544464D465646B7
:1001A0005F46F0B46B46CB60C3689D46F0BCA0468A
:1001B000A946B246BB46F0BD62B6281CA047002047
:1001C0000DF0EEFFFEE70DF06DFF024A024B1360EB
:1001D000FEE7C04604ED00E000000080114B70B562
:1001E0001C680500236B002B03D000221D615A619F
:1001F00070BD182000F094F8031E20630CD00A4A4A
:1002000000210260094A4260094A82600B22828111
:10021000012018615961E8E700224621054B064894
:1002200000F050F8000C00200E33CDAB34126DE618
:10023000ECDE050094170100AC170100184B70B5F7
:100240001D682C6B002C0ED020696169154A164B75
:1002500001F098FE0122002312184B41580040087B
:100260002261636170BD182000F05AF8041E2863F3
:100270000FD00E4B012203600D4B43600D4B83608A
:100280000B23838100230261436107480A4A064B1E
:10029000E6E700225221094B094800F013F8C04656
:1002A000000C00202D7F954C2DF451580E33CDAB12
:1002B00034126DE6ECDE05002E7F954C941701009C
:1002C000AC17010070B514001A000A4B06001B6839
:1002D00084B0D868002C0AD0074B084D01930091D8
:1002E00033002900029400F03BF800F011F8044BB1
:1002F0001C00F2E7000C0020D8170100E8170100ED
:10030000E4170100130010B50022FFF7DBFFC04621
:10031000062010B500F0C8F801200DF0E1FFC0463E
:1003200010B5034B0100186800F02EFF10BDC04649
:10033000000C002010B5034B0100186800F0ACFF62
:1003400010BDC046000C00200CB400B583B004AB57
:1003500004CB019300F082F903B008BC02B0184747
:100360000EB400B582B003AB0100054804CB0068B1
:10037000019300F073F902B008BC03B01847C046FF
:10038000000C0020C36B10B50400002B01D000202E
:1003900010BD802100F0F8FEE063002806D00200C6
:1003A0000023803208C09042FCD1F0E70120404297
:1003B000EEE7C04670B505000C0016001F2907D8EF
:1003C000C06B002809D0A40004192068266070BD05
:1003D0001623036001204042F9E78021280000F045
:1003E000D3FE010003000022E86380310028F1D031
:1003F00004C38B42FCD1E6E770B505000C001F2951
:100400001ED8C36B002B0ED08A009B181A68002AD6
:1004100009D0012A05D0511C0ED0002120001960FE
:100420009047002070BD280001F004FB220001006D
:10043000280001F0EBFAF5E7162303600120F1E74D
:100440001623036001204042ECE7C04670B505006A
:100450000C001F2924D8C36B002B14D0A2009B18BA
:100460001A68002A09D0511C0BD0012A07D000219C
:10047000200019609047002070BD0120FCE7032098
:10048000FAE70220F8E7802100F07EFE031EE86311
:1004900006D000210200803002C28242FCD1DDE79A
:1004A00001204042E8E7C046144B70B504001D68C7
:1004B0001F281DD8EB6B002B0DD082009B181A68EB
:1004C000002A08D0012A04D0511C0DD00021196047
:1004D0009047002070BD280001F0ACFA2200010016
:1004E000280001F093FAF5E7162301202B60F1E7CD
:1004F000162301202B604042ECE7C046000C002090
:10050000114B70B504000E001D681F2807D8E86B5A
:10051000002809D0A40004192068266070BD1623A5
:100520002B6001204042F9E78021280000F02CFEDA
:10053000010003000022E86380310028F1D004C3E9
:100540009942FCD1E6E7C046000C00200C4B10B5E8
:100550001C68E36B002B01D0002010BD802120001F
:1005600000F012FEE063002806D002000023803273
:1005700008C09042FCD1EFE701204042EDE7C046C1
:10058000000C0020174B70B504001D681F2825D8EB
:10059000EB6B002B14D0A2009B181A68002A09D01C
:1005A000511C0BD0012A07D0002120001960904770
:1005B000002070BD0120FCE70320FAE70220F8E7E5
:1005C0008021280000F0E0FD031EE86306D0002132
:1005D0000200803002C29042FCD1DCE701204042A0
:1005E000E7E7C046000C0020936810B5013B93601C
:1005F000002B04DA9469A34207DB0A2905D01368AB
:10060000581C10600800197010BD00F0A1FEFBE737
:10061000F8B506000F00002B0DD01400D51802E02D
:100620000134AC4207D03A0030002178FFF7DCFFFC
:10063000431CF5D1F8BD0020FCE7C04610B51400FE
:1006400092680023002A05D0220000F08BF90022D6
:100650000300A26000221800626010BDF0B54E4693
:100660004546DE465746E0B58146884614001E00E2
:100670009FB0002803D0036A002B00D11FE143463E
:100680009B891B0700D48FE043461B69002B00D1D8
:100690008AE0002306AD6B6120336B761033AB76B6
:1006A0005346A346874F059603935B461B78002B62
:1006B00000D19BE05C4603E063780134002B7DD0E1
:1006C000252BF9D15B46E31A9A465C457BD123780A
:1006D000002B00D18AE0012300225B42069207939F
:1006E000002200230892099300234332AB54AB65E8
:1006F00001339B46013406E05A46C01B82401C0071
:1007000029680A432A6005223800217800F0F0F8B1
:10071000631C1E000028EFD12A68D10602D54321B0
:1007200020306854110702D543212B2068542178CA
:100730002A2967D1059B191D1B680591002B00DA3A
:1007400098E0EB6061782E2900D172E05E4C0322C4
:10075000200000F0CDF8002806D04023001B834085
:100760002A68013613432B603178731C06225748E0
:100770009B46297600F0BCF8002800D180E0544B5D
:10078000002B67D005AA0092290042464846514BEB
:1007900000E000BF0390039B013327D0039A6B69ED
:1007A000944663446B6180E74146484600F062FC32
:1007B000002800D16DE7012040421CE05B46E31AAF
:1007C0009A465C4512D03B0000264746A0464C4660
:1007D000994602E00136B24543D95B463A00200013
:1007E000995DFFF701FF0130F4D1B84643469B897C
:1007F0005B06E0D468691FB0F0BCBB46B246A946B0
:10080000A046F0BD08003038260009289BD8EA68C9
:10081000140000E00133A2001219197852001418D4
:10082000080030380928F5D91E00EC602E2900D0C8
:100830008CE771782A292DD1059BB01C1A1D1B68E5
:1008400005926B60002B02DA01235B426B60B1788A
:1008500006007BE70722059B073393430833059384
:100860009CE74B466A69A146524444466A61B846D1
:100870001F002CE75B42EB6002231A432A6061E70A
:1008800005AA0092290042464846124B00F0BCFEE1
:10089000039080E708000023303801366B60092898
:1008A00000D953E71A0093009B1871785B001A185F
:1008B0000800303801360928F5D96A6046E700F0AB
:1008C000D7FADCE6181801002018010024180100EE
:1008D000000000001106000010B504001300034AD8
:1008E00010680A002100FFF7B9FE10BD000C0020BF
:1008F00070B5CCB283070DD0531E002A0FD003254C
:1009000004E00130284206D0013B08D30278A2421D
:10091000F7D170BD1300032B03D8002B14D1002096
:10092000F7E7FF220A401502AD182A040B4EAD1856
:1009300003E0043B0430032BEFD9026808496A4006
:10094000511891433142F4D0C31802E0013098426B
:10095000E5D00278A242F9D1DBE7C04680808080F2
:10096000FFFEFEFEF0B54E46DE4657464546E0B574
:10097000936883B00C0091460090002B5FD00C234D
:10098000CA5E130763D50B69002B60D04B461F6806
:10099000930723D5A36A00269A46B34B00259846B1
:1009A000216A002D16D02B00454500D9AE4B3200F0
:1009B0000098D047002859DD4B464A469B683618B8
:1009C0001B1A2D1A9360002B39D0A36A216A9A460C
:1009D000002DE8D13E687D680837E2E7D30762D58D
:1009E0000023B84600209A4600261F00002E45D05E
:1009F00000284CD03B00B3469E4200D99B4620685D
:100A00002269A5686369904203D9ED18AB4500DD02
:100A1000FEE05B4500DDEEE0A56A5246216A0098E3
:100A2000A847051E22DD01207F1B19D04B464A46F0
:100A30009B68AA445B1B761B9360002BD6D10020D9
:100A400003B0F0BCBB46B246A946A046F0BD2100AB
:100A5000009800F00FFB00280DD10C23E25E95E713
:100A60002100009800F0C2FA0028DFD00C22A35E1B
:100A700040221343A38101204042E1E7082243467C
:100A800094465E68E044002EF8D01B689A46320017
:100A90000A215046FFF72CFF002800D1DBE0534627
:100AA0000130C71AA6E7002380219A4689008B46A9
:100AB000564655462068A36884469846002D5CD06B
:100AC00059460A425DD09A46AB4200D990E0902345
:100AD000DB001A4232D02169431A60690193430056
:100AE0001B18D80FC3185810019B824601335B199D
:100AF000834201D99A461800520500D497E00100BC
:100B0000009800F041FB8046031E00D1A6E0019A48
:100B1000216900F035FFA389544A13408022134312
:100B2000A38143462361019B1A00424494462260FC
:100B30005246A846AA46D31A6261A36052463100C3
:100B4000604600F07BFF4246A8460025A368206867
:100B50009B1A5044A36020604B4642469B68464423
:100B60009B1A4A46936000D169E70C23E25E206835
:100B7000A36884469846002DA2D13E687D68083758
:100B80009AE7226982421BD362699046AA4217D82B
:100B9000802328001B069D4200D33548414601F0C2
:100BA00005F94346A26A43439046216A3200009801
:100BB000C047002800DC59E780464346ED1ACBE7E2
:100BC0009846AB4200D9A8464246310000F036FFB5
:100BD0004246A36820689B1A4044A3602060002B13
:100BE000EBD12100009800F001FA0028E5D03DE7A4
:100BF000A846AA46A2E75A46514600F01FFF5A46A9
:100C0000A3685D469B1AA36023685B4423600AE7E0
:100C100051462A0000F012FF236821005B1900985A
:100C2000236000F0E3F9002800D1FCE61EE7020093
:100C3000009800F009FC8046002800D071E7009D74
:100C40002169280000F028FB8022A3899343743A8D
:100C50001BB22A600CE7731C1F00CCE6009A0C3311
:100C600013600C22A35E03E700FCFF7F7FFBFFFF06
:100C7000FFFFFF7F0020704710B5034A0349044877
:100C800000F0C0FB10BDC046500C0020ED0F00006E
:100C9000040C002041680B4B10B50400994201D0B0
:100CA00000F0A4F9A168084B994202D0200000F09E
:100CB0009DF9E168054B994202D0200000F096F9B9
:100CC00010BDC04644110020AC11002014120020B9
:100CD00000207047F8B5CE464746344C344B354A71
:100CE0002000002580B51A600423082200215C3012
:100CF00025606560A560656625616561A561E36045
:100D000000F052FF2C4B2000994663622B4B2C4F76
:100D10009846A362CC23E5502A4B2B4E6367802371
:100D200008220021C430E550E7622663A566E56627
:100D30002567A567E567246200F036FF2200882357
:100D40006832E2504A460433E250424620000433FF
:100D5000E2500433E7500433E6503833E5500433AF
:100D6000E5500433E550194A5C33E550583BE250F6
:100D70000433E5502D300433E550082204330021BC
:100D8000FF30E55000F010FF2200F023D032E25097
:100D90004A460433E25042460433E2500433E750FB
:100DA0000433E650C0BCB946B046F8BD441100203B
:100DB00040110020790C0000ED1A0000191B000002
:100DC000591B000009000100891B000012000200ED
:100DD000F8B5244B07001B68002B3BD0224E7368EC
:100DE000B468013B03D51BE06834013B18D30C22E7
:100DF000A55E002DF8D120001C4B08220021E360E5
:100E000065662560A560656025616561A5615C30EA
:100E100000F0CAFE6563A563A564E5642000F8BD23
:100E20003568002D01D02E00D9E7D62138004900C1
:100E300000F0AAF9041E10D00423D022056025007A
:100E400043600C300021A060520000F0ADFE346021
:100E50002E00C4E7FFF73EFFC0E70C2330603B6085
:100E6000DCE7C04640110020500C00200100FFFFCD
:100E7000036A10B5002B00D010BD044B0362044B75
:100E80001B68002BF8D1FFF725FFF5E7950C000054
:100E9000401100207047C0467047C04610B5002082
:100EA000024A034900F0AEFA10BDC046500C0020C3
:100EB000750C000010B50020024A034900F0A2FAA8
:100EC00010BDC046500C0020D10C0000F0B5C64645
:100ED00000B50C228B5E07000C001A073CD44A6850
:100EE000002A5CDDE66A002E32D000223D68216ACD
:100EF0003A60DA0457D4002201233800B0470200D8
:100F0000431C65D00C21635EE66A216A5B0706D547
:100F10006368D21A636B002B01D0236CD21A0023B2
:100F20003800B047431C40D000236360236923602E
:100F3000A389DB044AD4616B3D60002908D02300FB
:100F40004433994202D0380000F0A6F900236363CD
:100F5000002080BCB846F0BD0E69002EF8D00D68A8
:100F60000022AD1B0E609B0700D14A69A260002DD4
:100F700004DCEDE736182D1A002DE9DDA36A3200F6
:100F8000984638002B00216AC0470028F2DC402236
:100F9000A38913431BB20120A3814042D9E70A6C05
:100FA000002A9FDCD4E7626DB0E739680C22A35EAB
:100FB0001D2916D80C4ACA40D20712D500226260F9
:100FC00022692260DB04B6D50029B4D16065B2E79E
:100FD0003B68002B96D01D2B01D0162BD7D13D603E
:100FE000B6E740221343D6E7010040200B6970B5F5
:100FF00005000C00002B08D0002802D0036A002B4B
:101000000AD00C22A35E002B01D1002070BD21006C
:101010002800FFF75BFFF9E7FFF72AFFF1E7C0467B
:1010200070B5041E18D00F4B1D680369002B08D043
:10103000002D02D02B6A002B0AD00C22A35E002BBD
:1010400001D1002070BD21002800FFF73FFFF9E724
:101050002800FFF70DFFF0E7034A0449044800F0B9
:10106000D1F9EFE7000C0020500C0020ED0F00003C
:10107000040C0020314B70B5050018680C000028E6
:1010800002D0026A002A4FD00C22A35E1A071DD597
:101090002269002A24D0D90708D50021A1606169FE
:1010A00000204942A161002A08D070BD00219807A4
:1010B00000D461690020A160002AF6D11A06F4D597
:1010C00040221343A38101204042EEE7DA062ED5E9
:1010D0005A0714D4226908210B43A381002ADAD1CC
:1010E000A02180208900800019408142D3D02100B6
:1010F000280000F0BDFB0C22A35E2269CBE7616BE8
:1011000000290AD022004432914204D0280000F085
:10111000C3F80C22A35E00226263242293430022C0
:10112000626022692260D6E7FFF7A2FEACE70922DF
:101130002A6040221343A381C5E7C046000C00206B
:1011400070B5104E050033680C00002B15D021003F
:1011500028000DF09FF8431C0CD00323C41C9C43B3
:10116000A04205D0211A28000DF094F8013001D0DA
:10117000200070BD01246442FAE700210DF08AF8D6
:101180003060E4E77C120020F8B50323CE464746E2
:10119000CD1C9D430835060080B50C2D1ED20C25B4
:1011A000A9421DD8300000F05FFB3A4F7A68002A50
:1011B0001AD0140004E063682200002B14D01C0035
:1011C00023685B1BF7D40B2B27D961192560944248
:1011D0005BD051600B6063684B600DE0002DDFDA7F
:1011E0000C230020336014E029003000FFF7A8FF33
:1011F0000400431C19D00560300000F037FB2000CC
:1012000007220B30231D9043C21A984201D01B1AAB
:10121000A350C0BCB946B046F8BD6368944202D042
:101220005360E9E743467B60E6E77B689846002B1E
:1012300024D0444663689846002BFAD123680021E5
:1012400099463000A1440DF025F8814516D1236858
:101250003000ED1A2900FFF773FF01300ED023682C
:101260007A685B1923605368002B02D1DAE71A0011
:101270005B689C42FBD100235360BDE70C23300028
:10128000336000F0F3FA0020C3E779600B60636815
:101290004B60B1E77C12002070B50500002915D025
:1012A0000C1F2368002B23DB280000F0DDFA274AFF
:1012B0001368002B05D0A3420BD921686018834224
:1012C0002CD028006360146000F0D0FA70BDA342F7
:1012D00010D81A005B68002BF9D1106811188C42E5
:1012E00018D02CD363605460280000F0BFFAEDE7FB
:1012F000E418D9E711685018A04214D01FD821680B
:1013000060188342EED118685B6841182160636001
:101310005460E9E723681B181360E5E718685B6809
:1013200041182160CDE720680918501811608342E8
:10133000DAD118685B68411811605360D4E70C2358
:1013400028002B6000F092FAC0E7C046801200200F
:10135000F8B505000E001400002802D0036A002B27
:1013600041D0A369A360A3891B071BD52369002B68
:1013700018D0FF22F7B2616916402268D31A994249
:101380001FDD0133A1680139A160511C2160177074
:1013900062699A421ED0A389DB0701D50A2E19D0B3
:1013A0003000F8BD21002800FFF764FE002817D1A7
:1013B000FF222369F7B2616916402268D31A994265
:1013C000DFDC21002800FFF711FE002808D10123EF
:1013D0002268D7E721002800FFF708FE0028DFD0A9
:1013E00001267642DCE7FFF743FDBAE7030010B5BC
:1013F0000A00034908681900FFF7AAFF10BDC0469C
:10140000000C0020F8B54746CE46884680B5814698
:10141000170000267D68BC68013D0DD4A389012B0F
:1014200007D90E22A35E013303D021004846C047EE
:1014300006436834013DF1D23F68002FEAD1300005
:10144000C0BCB946B046F8BDF0B5C64607000E00B0
:10145000140000B500292DD0002A27D000F09AFBF7
:101460008046844203D835004308A34210D32100AC
:101470003800FFF789FE051E0AD0220044450BD82C
:101480003100280000F07CFA31003800FFF704FF3B
:10149000280080BCB846F0BD31004246280000F06C
:1014A0006FFA31003800FFF7F7FEF1E7FFF7F4FEBF
:1014B0000025EDE71100FFF767FE0500E8E7C046ED
:1014C000F8B557464E464546DE46E0B51F000A9B36
:1014D000924698460A698B6806000C009A4200DA28
:1014E0001A0053461A604323E35C002B02D0514696
:1014F00001320A602268910661D5534652460620A1
:101500001B680233136022681100104208D10020CA
:10151000814619308346E168A344994247DC1100B3
:101520004323E35C5A1E934189060AD53020E11813
:101530004331087045215A1C615CA21843320233C2
:1015400011702200390030004332C04701301DD0F5
:10155000534606251B68E1689C462368A2682069FB
:101560002B40042B31D0824239DD00239946121AD8
:10157000914400251A3402E001354D452FDA01234C
:10158000220039003000C0470130F5D1012040422F
:10159000F0BCBB46B246A946A046F8BD01239C4616
:1015A0005346E5681B68E144ED1A4D4524DD0123EF
:1015B0005A4639003000C0470130EFD1E6E7062136
:1015C00011420ED05A1E9341BBE76346C91ACB4362
:1015D000DB170B4099468242C9DC0029C9DC002098
:1015E000D6E7002053468146193083461B68E168E0
:1015F000A3449942DBDC92E743232168E35C5A1E53
:101600009341890692D49CE7F0B54E469946432310
:101610009C4657464546DE468C446346E0B587B057
:1016200002930C00097E90460700109A002914D0FE
:101630000B00583BDBB2202B48D888489B00C3588E
:101640009F46136821681D1D606915601B680E06A2
:1016500002D4490600D5DCE018600023029D236116
:101660004B46210000933800434605AAFFF728FFA8
:1016700001301ED02A00414638002369C847013096
:1016800017D02368E068059E9B071BD5B04219DD83
:1016900019239A460025A24404E0E0680135831B23
:1016A000AB420FDD0123524641463800C8470130A6
:1016B000F3D10120404207B0F0BCBB46B246A94678
:1016C000A046F0BDB042F6DA3000F4E72500422330
:1016D00001204235E154432300222061E254BFE758
:1016E00013682168181D10600D0602D44D0600D540
:1016F00094E01A6816006368002A00DA92E0584AFB
:1017000093460A2203924BE01368206840CB0506FB
:1017100001D440067FD41360514B9B466F2900D102
:1017200091E00A23039337E013682500191D116027
:101730001A68422301204235E254CCE71368191D90
:1017400011601D68002128006268FFF7D1F80028A9
:1017500000D181E0401B6060BDE7202321680B437E
:1017600023604521782060543E498B46116840C96A
:10177000180603D4580601D53604360C1160DA0772
:1017800002D5202213432360002E03D12022236898
:10179000934323601023039343230022E25463689E
:1017A000A360002B18DB042122688A432260002EEC
:1017B00012D1029D002B49D1039B082B1ED0029B06
:1017C0005B1B23614CE745235821E15424492368DE
:1017D0008B46CBE72368C4E7039B9A46029D300003
:1017E000514600F0DFFA5B465B5C013D2B70330035
:1017F00006005345F3D2039B082BE0D12368DB0797
:10180000DDD5626823699A42D9DC3023013D2B7013
:10181000D5E7188021E73604360C7CE700269E5F6A
:10182000320068E743222D20A054A360002B02DB86
:101830000423994321600A239A46094B76429B462A
:101840000A230393CAE708230393A5E75B46250011
:101850001B7842352B70AFE760683CE7B4090100A4
:101860002C180100401801007047C0467047C04660
:10187000F0B50C23CD5E06000C0097B0AA0707D583
:1018800023004733236023610123636117B0F0BD58
:101890000E23C95E00292BDB6A460CF013FD0028DD
:1018A00024DB8027FF0039003000019DFFF76CFC2E
:1018B000002833D08022A38920601343A381F02322
:1018C0001B021D408023206167619B019D42DDD189
:1018D00030000E23E15E0CF001FD0028D6D003227B
:1018E000A389934301221343A381CFE70C23E55E31
:1018F0000F4B2D06ED171D408023DB009C466544F1
:1019000029003000FFF740FC002807D08022A3897F
:1019100020601343A38120616561B7E70C22A35EB9
:101920009A05B3D40322934302221343A381A7E76A
:1019300040FCFFFF70B50C001E000E23C95E1500B1
:1019400096B0002914DB6A460CF0BCFC00280FDBC3
:10195000F02301991B021940084B9C4661444B42FD
:1019600059418023DB00002031602B6016B070BD30
:10197000A38900211B06F4D54023F4E700E0FFFF14
:10198000F0B505000F2A31D903273E000D430C00A6
:1019900003002E402F4234D11500103D2D09AC46D6
:1019A0002F013F1865685D60A5689D60E568DD6092
:1019B000256810341D601D001033BD42F2D165460C
:1019C0000F230C2401352D014919134045191442E8
:1019D0001AD0043B9B0801339B008C59AC51043650
:1019E0009E42FAD10323AD1989191A40561E002AC6
:1019F00006D00023CC5C1A00EC5401339642F9D196
:101A0000F0BD0500561EF4E71A00EFE7002370B59D
:101A1000074D0400080011002B600CF06BFC431C08
:101A200000D070BD2B68002BFBD02360F9E7C046C7
:101A30008412002010B50CF067FC10BDF0B5884290
:101A40000AD98B18984207D2531E002A03D0CA5CC9
:101A5000C254013BFBD2F0BD05000F2A0AD8561E26
:101A6000002AF8D00023CC5C1A00EC5401339642D3
:101A7000F9D1F0E703273E000D430C0003002E4090
:101A80002F422DD11500103D2D09AC462F013F18D6
:101A900025681D6065685D60A5689D60E568103417
:101AA000DD601D001033BD42F2D165460F230C24CA
:101AB00001352D01491913404519144213D0043B37
:101AC0009B0801339B008C59AC5104369E42FAD1DD
:101AD00003231A40AD198919561E002AC2D1BAE74C
:101AE0000500561EBEE71A00B9E7C04670B50C00E7
:101AF0000E25495F0CF0C3FB002803DB636D1B1848
:101B0000636570BDA389024A1340A381F9E7C0460B
:101B1000FFEFFFFF00207047F8B50C001F000C23FB
:101B2000C95E05001600CB050AD40A4B32001940E5
:101B30002800A1810E23E15E3B000CF0A7FBF8BD5D
:101B40000E23E15E002202230CF09EFB0C23E15EDB
:101B5000EBE7C046FFEFFFFF70B50C000E25495FB5
:101B60000CF092FB431C07D08023A2895B01134336
:101B70001BB26065A38170BDA389024A13401BB2EA
:101B8000F8E7C046FFEFFFFF10B50E23C95E0CF06B
:101B90007FFB10BD0B1F1B68181F002B00DB70475D
:101BA0000B58C018FBE7C046F0B50500830749D0C5
:101BB000541E002A45D003000326CAB202E00135B4
:101BC000013C3ED301332A703342F8D1032C30D983
:101BD000FF220A401502AD182A04AD180F2C34D983
:101BE0002700103F3F093E01B4461E001A00103680
:101BF0006644156055609560D56010329642F8D104
:101C000001373F01DB190F270C22274022403C00FF
:101C1000002A0ED03E1FB608B400A4461A001C1DB0
:101C2000644420C2A242FCD103240136B6009B19B1
:101C30003C40002C05D0C9B21C19197001339C42DC
:101C4000FBD1F0BD03001400C0E72700E2E7C04667
:101C500030B5032A1AD90B0003439B0711D0551E38
:101C6000002303E05A1C9D4213D01300C25CCC5CDD
:101C7000A242F7D0101B0DE0043A04300431032ACD
:101C800004D904680B689C42F6D0E8E7551E002A88
:101C9000E6D1002030BDC046002243088B4274D3F9
:101CA00003098B425FD3030A8B4244D3030B8B425D
:101CB00028D3030C8B420DD3FF22090212BA030C66
:101CC0008B4202D31212090265D0030B8B4219D347
:101CD00000E0090AC30B8B4201D3CB03C01A524167
:101CE000830B8B4201D38B03C01A5241430B8B42AF
:101CF00001D34B03C01A5241030B8B4201D30B0398
:101D0000C01A5241C30A8B4201D3CB02C01A5241BE
:101D1000830A8B4201D38B02C01A5241430A8B4281
:101D200001D34B02C01A5241030A8B4201D30B026A
:101D3000C01A5241CDD2C3098B4201D3CB01C01A84
:101D4000524183098B4201D38B01C01A524143098E
:101D50008B4201D34B01C01A524103098B4201D37C
:101D60000B01C01A5241C3088B4201D3CB00C01AE9
:101D7000524183088B4201D38B00C01A5241430861
:101D80008B4201D34B00C01A5241411A00D2014686
:101D9000524110467047FFE701B5002000F0F0F80F
:101DA00002BDC0460029F7D076E7704703460B43D3
:101DB0007FD4002243088B4274D303098B425FD344
:101DC000030A8B4244D3030B8B4228D3030C8B4270
:101DD0000DD3FF22090212BA030C8B4202D3121256
:101DE000090265D0030B8B4219D300E0090AC30B2B
:101DF0008B4201D3CB03C01A5241830B8B4201D3D8
:101E00008B03C01A5241430B8B4201D34B03C01AC0
:101E10005241030B8B4201D30B03C01A5241C30A38
:101E20008B4201D3CB02C01A5241830A8B4201D3A9
:101E30008B02C01A5241430A8B4201D34B02C01A93
:101E40005241030A8B4201D30B02C01A5241CDD238
:101E5000C3098B4201D3CB01C01A524183098B4283
:101E600001D38B01C01A524143098B4201D34B016C
:101E7000C01A524103098B4201D30B01C01A5241CF
:101E8000C3088B4201D3CB00C01A524183088B4256
:101E900001D38B00C01A524143088B4201D34B003F
:101EA000C01A5241411A00D20146524110467047B1
:101EB0005DE0CA0F00D04942031000D340425340B6
:101EC00000229C4603098B422DD3030A8B4212D376
:101ED000FC22890112BA030A8B420CD389019211A8
:101EE0008B4208D3890192118B4204D389013AD0E5
:101EF000921100E08909C3098B4201D3CB01C01ABA
:101F0000524183098B4201D38B01C01A52414309CC
:101F10008B4201D34B01C01A524103098B4201D3BA
:101F20000B01C01A5241C3088B4201D3CB00C01A27
:101F3000524183088B4201D38B00C01A5241D9D23F
:101F400043088B4201D34B00C01A5241411A00D2C0
:101F50000146634652415B10104601D34042002BBC
:101F600000D54942704763465B1000D3404201B53B
:101F7000002000F005F802BD0029F8D016E77047F0
:101F80007047C046F0B5CE469946030C9C461304F4
:101F900047461B0C1D000E0061460404240C80B54E
:101FA0000700100C4B436543414360432C0CC018A1
:101FB00024188C46A34203D980235B029846C4446C
:101FC000494679435643230C2D042D0C891963444B
:101FD00024046019C918C0BCB946B046F0BDC0465B
:101FE00002B4714649084900095649008E4402BCB2
:101FF0007047C04602B4714649084900095C49006F
:102000008E4402BC7047C04603B471464908400084
:102010004900095E49008E4403BC704703B4714611
:10202000490840004900095A49008E4403BC7047E2
:10203000844608006146FFE71FB500F0E1FA00287A
:1020400001D40021C8421FBD10B500F069FA40421A
:10205000013010BD10B500F0D3FA002801DB0020DC
:1020600010BD012010BDC04610B500F0C9FA00280F
:1020700001DD002010BD012010BDC04610B500F0EC
:1020800077FA002801DC002010BD012010BDC046F9
:1020900010B500F06DFA002801DA002010BD012013
:1020A00010BDC0461C2101231B04984201D3000C23
:1020B00010391B0A984201D3000A08391B099842BB
:1020C00001D30009043902A2105C40187047C046D1
:1020D00004030202010101010000000000000000F1
:1020E000002B11D1002A0FD1002900D1002802D0E5
:1020F0000021C943080007B4024802A14018029019
:1021000003BDC0467DFEFFFF03B4684601B50298DB
:1021100000F024F8019B9E4602B00CBC7047C046FC
:1021200070B500220C4B04000D0002F043FA0028A9
:1021300004D12000290002F033F970BD064B0022C3
:102140002000290001F0F4FC02F02AF980231B068C
:102150009C466044F1E7C0460000E041F0B55746B8
:102160004E464546DE46E0B504000D0092469946CF
:1021700083B08B4230D82DD04946504602F024FA25
:1021800029000600200002F01FFA331A9846203B6F
:1021900034D49B4653465A46934042461F0053460A
:1021A00093401E00AF423BD8AF4200D179E05B467E
:1021B000A41BBD41002B00DA76E000220023009230
:1021C000019301235A4693400193012342469340D1
:1021D000009329E08242CFD900220023009201938C
:1021E0000C9B002B01D01C605D600098019903B02E
:1021F000F0BCBB46B246A946A046F0BD42469B464F
:1022000020239B1A5246DA40414613004A468A4030
:10221000170042461F43534693401E00AF42C3D9A6
:1022200000220023009201934346002BD8D0FB07E5
:1022300072081A4346467B080EE0AB4201D1A24227
:102240000CD8A41A9D41012024196D410021013EA2
:1022500024184D41002E06D0AB42EED9013E241980
:102260006D41002EF8D1009801995B460019694133
:10227000002B24DB2B005A464646D3402A001C0084
:10228000F2405B461500002B2ADB26009E403300FF
:1022900026004746BE403200801A994100900191C5
:1022A0009EE7A342BCD882E74246202300219B1A26
:1022B0000022009101920122DA40019285E7424614
:1022C00020239B1A2A0046469A402300F3404646A4
:1022D00013432A001C00F2405B461500002BD4DAA1
:1022E000202342462F009B1B97402600DE403B00E8
:1022F0003343CDE7F0B546464F46D6464502C0B516
:10230000C30F470098460E1C6D0A3F0E5BD0FF2F8F
:1023100021D08023ED00DB041D43002399469A461B
:102320007F3F74027300640A1B0EF60F002B20D04F
:10233000FF2B43D080220020E400D20414437F3BD3
:102340004246FF1A4B4672400F2B00D99DE071495F
:102350009B00CB589F46002D5AD108239946063B37
:1023600074029A467300FF27640A1B0EF60F002BB7
:10237000DED1002C3BD1012342464946724019432D
:102380000E2918D86448890041588F465346022BBD
:1023900000D1B8E0032B6ED042462C00012B40D177
:1023A00000200024C0052043D2071043E0BCBA46F9
:1023B000B146A846F0BDFF200024F3E7002C20D151
:1023C0000223FF3FD8E7002D05D104239946033BA4
:1023D00000279A46A5E72800FFF764FE7627431FEB
:1023E0009D4000237F4299469A463F1A99E7200074
:1023F000FFF758FE431F9C4076235B421B1A0020C8
:102400009EE703234A461A4391460320FC3397E78D
:102410000C239946093BFF279A4682E703282CD0D4
:10242000320038007F30002847DD630704D00F23D7
:102430002340042B00D00434230103D53800374B4C
:1024400080301C40FE28B6DCA401640AC0B2A9E7B3
:1024500080240022FF20E403A4E78023DB031D4245
:1024600001D01C420BD08024E4032C43640242467A
:10247000FF20640A96E746462C008023DB031C43BA
:1024800064023200FF20640A8CE76D01600185421E
:102490002DD21B230024013F0126290064006D007A
:1024A000002901DB854201D32D1A3443013B002B67
:1024B000F3D16B1E9D412C43B3E701231B1A1B2B49
:1024C00000DD6DE721009E37D940BC400B00611E46
:1024D0008C412343590704D00F211940042900D00F
:1024E0000433590113D49B0100205C0A5AE71A23D4
:1024F00001242D1AD0E7981E434258414042320031
:102500000024C0B24EE74246FF2000244AE70120E3
:10251000002447E7380A0100780A0100FFFFFFF7AF
:1025200070B542004E024C0045026D0A120EC30FF8
:10253000760A240EC90FFF2A10D0FF2C0CD00120E0
:10254000A2420AD1B54208D18B420FD0002A04D151
:102550002800431E984100E0012070BD0120FF2C9F
:10256000FBD13543F9D14B401800F6E70020F4E7E2
:1025700030B5420044024D02C30F4800640A120EF7
:102580006D0A000EC90FFF2A18D0FF280AD0002AB2
:102590001ED100280AD1002D29D0002C2DD14800B1
:1025A000013830BD002D25D1002A01D1002CF6D0F4
:1025B0008B4219D001205B421843F2E7002C19D15D
:1025C000FF28F7D1002D15D100208B42F2D1E8E78A
:1025D0000028EFD08B42EDD18242EBDC04DBAC4231
:1025E000E8D80020AC42DCD258000138D9E7002CF2
:1025F000D7D0DFE702204042D3E78B42DAD1EEE7C3
:1026000030B5420044024D02C30F4800640A120E66
:102610006D0A000EC90FFF2A17D0FF280AD0002A22
:102620001BD100280AD1002D1DD0002C2DD148002F
:10263000013811E0002D0ED1002A01D1002CF6D076
:102640008B420CD15800013806E0002C03D1FF2842
:1026500005D1002D15D0022030BD002806D1012063
:102660005B421843F8E7002CF6D0F8E78B42F6D12E
:102670008242F4DCE6DBAC42F1D80020AC42EBD283
:10268000E0E700208B42EAD1E6E78B42E7D1F2E7B0
:1026900070B5002812D0C317C5185D40C40F2800BC
:1026A000FFF700FD9E231B1A962B0FDC082838D05D
:1026B000083885406D026D0AD8B202E0002400207F
:1026C0000025C0052843E407204370BD992B14DC86
:1026D000421F95402A001549114055071CD00F256F
:1026E0002A40042A18D00431CA08490115D59F236D
:1026F0005202181A550AC0B2E3E7020029001B3241
:1027000091404A1E91410522121AD5402A000A43DF
:10271000064911405507E2D1CA085202550AD8B2FB
:10272000CFE76D026D0A8E30CBE7C046FFFFFFFB9F
:10273000F0B54F464646D646C0B50D0382B000926E
:1027400001934E00C300CC0F690A450F9C46009AC6
:10275000019B0D435F001903D80F009B490A5B0FD3
:102760001943009B760D7F0DDA00F31B844258D08D
:10277000002B13DD002F00D088E00800104300D1AB
:1027800059E1581E012B00D1C2E2B14FBB4200D12A
:1027900041E1382800DD6AE2030064E1002B00D14A
:1027A000B1E0BB1B002E00D0E1E164462C4300D118
:1027B00076E25C1E012B00D1E8E2A54EB34200D1C7
:1027C000B7E2382C00DC6BE3541EA2429241524225
:1027D0008D1AA0461E0004002A0268D443461F1D1D
:1027E00047459B415B42ED182B0200D49DE3984A7C
:1027F0000136964200D1EBE0964A73052A405B0D04
:102800005107FF0852020F43120B1B051343E40745
:1028100023433800190002B0E0BCBA46B146A846CE
:10282000F0BD002B00DCD7E0002F00D09AE00800BC
:10283000104300D1FFE0581E012B00D148E2844F25
:10284000BB4200D1E7E0382800DCB8E28022120465
:10285000154200D149E31E000023150098467C4B29
:1028600001369E4200D1B3E07A4B01211D40434620
:102870005A081940EF070A4317436D087B07B3D086
:102880000F233B40042BAFD0B846A7E770488642E1
:1028900000D1C0E0382B00DCE2E001235B4263445E
:1028A0009C45804140422D1A98462B0296D5012323
:1028B0005B429846684D2800FFF7F4FB0300083B95
:1028C00020214046CA1AD040020040469D40984010
:1028D0002A438046B34200DA72E1981B4346013036
:1028E000091A45468B40C5405E1EB34117008F4014
:1028F0002B431F43C2403B00150000261343BDD1AC
:102900000027002281E7554F731C3B4200D01BE19A
:1029100063460F002B431743002E00D0C4E1002B69
:1029200000D145E2002F00D107E163469B1A98468B
:10293000C445B6416B1A76429B1B8026360433424F
:1029400000D1CBE26346D31A9A4292411F00491B41
:1029500052428A1A9C46174300D0EDE2040000233D
:10296000002252E73A48864255D0382B00DD48E134
:102970008020000401431F2B00DDE3E12027F81A2B
:10298000824608005746B840814610004F46D8405E
:10299000074338005746BA40D940571EBA416D1810
:1029A000104360448046E045804140422D182B0290
:1029B00000D554E743465B0700D1B9E20F234246F6
:1029C0001340042B00D009E733004246D20834E01C
:1029D00033000022002718E7002B00D18FE0BB1B3B
:1029E000002E00D033E16046284300D140E2581E5B
:1029F000012B00D10AE2164EB34200D185E23828FD
:102A000000DC87E280252D04294200D19CE21E00D3
:102A10000023984623E763466E07D8080643ED086F
:102A200037002F4311D0802212032A4312033700AC
:102A3000074B120BE9E66246D2086E071643044ABA
:102A4000ED089342ECD03700D6E0014B0022DCE6E3
:102A5000FF070000FFFF7FFFFFFF7F00FE07000072
:102A60008020000401431F2B00DDB1E02027F81A6D
:102A7000824608005746B840814610004F46D8406D
:102A8000074338005746BA40D940571EBA416D1A1D
:102A9000104363461B1A9C458041984640422D1ABC
:102AA0002B0287D56D026D0A002D00D003E740464A
:102AB000FFF7F8FA030018331F2B00DC00E742464B
:102AC000083882409E4200DD91E09B1B581C1F2865
:102AD00000DCF8E117001F3BDF40202805D0402331
:102AE0001B1A9A40531E9A411743002F3CD00026D0
:102AF0007B0700D0C4E63500B846330065E7CB4815
:102B0000731C034200D085E063462B43002E00D0A7
:102B100092E10F001743002B00D1D8E1002F0CD019
:102B20006244624580416D1840422D182B0200D549
:102B3000F2E1170094462F4316D063466F07D8087A
:102B400007430023ED0857E063469B1A9846C445A7
:102B5000BF416B1A7F42DB1B1F0200D5AEE0474628
:102B60001D001F43A0D10024002300224DE6B04CDD
:102B7000A74200D1DDE0382B00DD85E0802424046D
:102B800025431F2B00DDECE02026F41AA1462C0083
:102B90004E46B4406646DE403443A04666464C4648
:102BA000A640DD40741EA6414446491B3443131B16
:102BB0009A4292415242984604003E008D1A6FE7B5
:102BC000F61A03009B4D15405B0700D0F6E6FBE6C6
:102BD00018000F002038C740202B03D04020C31A14
:102BE00099400A43531E9A411000384351E79149D6
:102BF000F31A0A405707D5082A035B05120B5B0D31
:102C000003E680231B041D4200D1BBE01D0000230E
:102C1000984624E68648834200D1DAE6624462455B
:102C20008041691840420918C8075208104380467D
:102C30004D08520705D00F221E000240042A00D082
:102C4000CCE542466F07D20817430D09D4E7784810
:102C5000874200D1D5E0382B00DCB2E080252D047E
:102C6000294200D14CE100233E009846F7E50122BD
:102C7000524262449445804140422D1A90461E00C3
:102C80002A0200D513E6A9E5531E9A429241524208
:102C90008D1A984604003E002B0200D507E69DE5FC
:102CA00004000D00D208C8E6002B00D0E3E0002F9E
:102CB0003FD1802200245E4B1203A6E56346D31A5F
:102CC0009A4292414D1B524298460400AD1AEBE6DF
:102CD00062441600664580416A1840421218130289
:102CE00000D49DE0534973080A40D107194357089F
:102CF0005B0700D1FEE00F230B40042B00D1F9E06D
:102D00000B1D98468845AD416D420223ED195CE6E6
:102D100063469B1A9C4580416D1A40422D1A984685
:102D20002B020DD443466F07DB081F43ED08012338
:102D300062E74E07D20804001643CD0870E604008F
:102D40000126AFE618000F002038C740202B03D023
:102D50004020C31A99400A43531E9A411000384339
:102D60001FE61C002E00203CE640202B05D040240E
:102D7000E31A9D4063462B439C466446631E9C4178
:102D8000344314E701236344984627E56346D31A86
:102D90009A4292414D1B5242AD1A98462B02CED414
:102DA00043466F07DB081F4304000123ED0823E7B8
:102DB000002F00D1D7E604000D009446BDE60300C5
:102DC000D9E58020000405431F2B6BDC2020C01AAE
:102DD000804628004646B0406646DE400643B1467F
:102DE00060464646B040DD40461EB0414E46491959
:102DF0003043804690449045924152423E005518DF
:102E0000D5E54E07D2081643CD0809E663469E185D
:102E100096429241691852428A18130200D561E71E
:102E20005707F60801233743D508E5E6FE070000FB
:102E3000FF070000FFFF7FFF002BE2D06346DE08A4
:102E40006B071E430B00ED08134300D1E8E5802318
:102E50001B031D4206D0C808184203D10500D6083E
:102E600049070E43730FF600F6085B071E43D7E5CC
:102E70000D00D208E1E56346DE086B071E43ED084E
:102E8000002F00D1CCE580231B031D42EAD0CF08E0
:102E90001F42E7D1D608490704003D000E43E1E791
:102EA00023006EE618002E002038C640202B05D0E7
:102EB0004020C31A9D4063462B439C466046431EF8
:102EC0009841304395E720210023091A0EE500239D
:102ED000002F00D1BAE50D00904676E547461F4326
:102EE00000D140E61D00C44627E601226244904618
:102EF0001E0073E4C9087F0702230F4315097BE610
:102F0000531C98460D003E0068E4D6084B071E434C
:102F1000CD0885E5030057E7114BD2082B405F072A
:102F200017435A02120B01236FE43300B8464CE5F5
:102F30004346DA08330080E532420AD0084B0400E9
:102F40001A40674601235BE4013290460D001E00E3
:102F500044E4DB0857071F4304000023D5084BE671
:102F6000FFFF7FFFF0B5DE46454657464E46E0B5CB
:102F700087B0009201930B031B0B9B46CA0F4B00BB
:102F8000040080465B0D029200D1BFE08F4A93425D
:102F900038D05946420FC9000A4380210904114321
:102FA000C20090468A4A894692469A4400230024E9
:102FB0000393009E019F3B031B0B7A0030009B464E
:102FC000520DFD0F002A00D17FE0804B9A426ED057
:102FD0005946730FC9000B438021090419438B46DE
:102FE0007B49F3008C46514662448A1A924600217E
:102FF000029E6E40F6B20F2C00D9F9E0754AA4008B
:10300000125997465A460243914600D0B6E09A4676
:103010000223904608240393CBE72E0000210023CF
:10302000002288461B051343F60733434046190028
:1030300007B0F0BCBB46B246A946A046F0BDCB46A1
:103040004346029D0399022900D1FAE1032900D1E8
:10305000A1E00129E1D0604A524490464446002C48
:1030600000DC00E25A0704D00F221A40042A00D0E4
:103070007FE22E00DA085B46DB0106D55946574B46
:10308000802419408B46E4005444554B9C4209DC93
:103090005B465B07134398465B4664055A02120B76
:1030A000630DBFE7002100228846484BBAE75B4624
:1030B000009A13434B4A9446E244002B59D1022212
:1030C000144300220221934692E75B46009A134381
:1030D00049D05B46002B00D1A4E15846FEF7E2FF41
:1030E000030002000B3B1D27009EFB1A11005846EF
:1030F000DE4008398840330003439B46009B8B40E9
:10310000394952448A460021924471E75B460343A1
:10311000994621D05B46002B00D171E15846FEF75D
:10312000C1FF0B235B429C460200844466461D237C
:103130009B1B260011005846DE40083988403300AA
:103140000343994623008B409846284B00249B1A42
:103150009A46002303932CE7002398469A460133AE
:103160000424039325E701221443002201219346FE
:103170003EE7032303211C43330039E79A46032328
:10318000D9460C24039314E7002380229846002696
:103190000E4B120346E78022594612030A431203DC
:1031A00098462E00094B120B3CE780224946120339
:1031B000114202D059461142F0D080224B461203F0
:1031C0001A431203029E014B120B2BE7FF0700006C
:1031D00001FCFFFFB40A0100FF030000FFFFFFFE38
:1031E000FE07000001F8FFFFF30300000DFCFFFFE6
:1031F000CB4500D2FAE000D1F5E0012252429446DC
:103200000022444648469046E2445A461F0E1202A7
:103210001B020293130C994617433B041B0C4946AF
:103220000093FEF7BFFD009A0B044243210C0500FA
:1032300019438A4207D9C919013D8F4203D88A42EE
:1032400001D9851EC919881A4946FEF7ABFD009AB7
:10325000240442430904240C03000C43A24204D971
:10326000E419013BA74200D8F7E00299A01A2D0407
:103270000C0C09041D43090C2A0C2B04AB460D0051
:103280001B0C5D43059163435143049462435B18F7
:103290002C0CE318994203D9802149028C466244E0
:1032A000190C2D041B042D0C8A185D19904200D2B4
:1032B00087E000D182E043465D1BA8459B41801A10
:1032C0005B42C01AB14B534498461C00874200D160
:1032D0000CE14946FEF766FD0200009B03905A434D
:1032E0000B04290C19438A420AD90300C919013B6E
:1032F00003938F4204D88A4202D9831E0393C919CB
:10330000881A4946FEF74EFD0A00120494462A0424
:1033100065460099120C414303002A43914207D9A4
:10332000D2190138974203D8914201D9981ED21977
:10333000039B521A1B0403430598190C05008C4685
:103340001904090C4D43894661460095654648437A
:1033500004994D43AC464D464D432918009D2D0C14
:10336000A9464944884203D9802040028146CC4482
:10337000009D080C2D0409042D0C60444D19824257
:103380000FD30BD001221343814A92456CDB1A1DE7
:103390009A429B415B42D2089B446CE6002D00D1CF
:1033A00093E0591EBA188C46BA4200D285E0824298
:1033B00000D2C7E000D1D5E00B00E3E7A84500D379
:1033C00079E75B46591E029B9C46E0441C009845E9
:1033D0009B415B42DB19C018874238D2824278D8C1
:1033E00075D08B4667E7434500D906E74A46D407C0
:1033F00050084246520814434246D207904604E71A
:10340000FEF750FE15239C4684440200634620329A
:103410001C2B00DC8AE623000838834099460023F1
:10342000984692E6FEF73EFE030002001533203276
:103430001C2B00DC57E600990838814000238B469E
:103440005EE600212E0000228846524BEAE58742C4
:10345000C7D14445C2D98B462DE7A24200D804E724
:10346000831EE41901E72E0001224146521A382A30
:1034700000DDD3E51F2A3FDC47481C005044594675
:1034800083408140D440581E834121430B43594619
:10349000D1400A00590709D00F211940042905D04D
:1034A000191D99429B415B42D2180B00110268D54D
:1034B0000021012300228846B4E50B00824200D09F
:1034C00060E7029A954200D05CE73500C6E54545C5
:1034D00087D902235B429C46029BE3449C46E0441E
:1034E00098459B415B42DB19C018E4E6002B36DDB2
:1034F000012300229B44BEE51F2140464942091A90
:103500005846C8400100202A04D05846234A524455
:10351000904003435A1E934107200B4301000022B1
:103520001940184209D00F21194004291FD0181D35
:1035300098428941030049424907DB080B439846FA
:1035400000236FE50299023B49008C4602998C45A5
:1035500089414942C919521861460291AEE70123D7
:103560005B4281E70299A942ECD36346A9E70021B7
:10357000E3E71A1D9A429B415B422E00D2089B440E
:1035800079E551075202120BD7E7C046FF0300004E
:1035900002FCFFFFFF0700001E0400003E040000C5
:1035A000F0B557464E464546DE46E0B51F000B03D4
:1035B0001B0B16009846CA0F4B000400924685B0BC
:1035C0005B0D00D1C2E1CC4A934200D128E14146D3
:1035D000420FC9000A43802109041143C2009146E9
:1035E000C64A884693469B440023002501933C032A
:1035F0007A00FB0F3000240B520D009300D185E1BF
:10360000BD4B9A4200D160E1BC4B9C46624493445E
:103610000A2D00DD14E1730FE4001C4380231B041A
:103620002343F0005246009900264A409246022D5C
:1036300011DD0122AA40A6211400C9000C400A4253
:1036400000D0FDE0902189000A4200D0D4E1882119
:10365000114200D0EFE049464A460904140C090C17
:10366000020C0F0015000004000C65434743019550
:10367000B9462F000D0006005543AC464D46664343
:103680002D0CB4446544AE4205D93E0080277F022C
:10369000BC46664401964F463F043F0C2E0C2D0459
:1036A000ED1902951D0C1B041B0C00951D001F003D
:1036B00065434F43AC46009D69436C433D0CA946AE
:1036C000614449448C4503D980256D02AC4664446D
:1036D0003F040D0C3F0C0904C919AC46751803953D
:1036E00045462E04360C2F0C350045437843804662
:1036F00038006444AC462D0CA94650437243424402
:103700004A44904503D980256D02A8464044150CD3
:10371000A84665462D042D0CAC4635005D431204C9
:103720006244AC467B43009D404498462B006E4368
:1037300065467B4346442D0CAD191F000093A845F8
:1037400004D980235B02984647440097039B019E5F
:1037500098462B044644984663468E4289411B0492
:103760001B0C4344B61849421B195F1896429241FC
:10377000BC465242804691468C458941A3429B41BA
:10378000E044C14449425B42914592410B4380452C
:1037900089412D0C494252420A435B199B18009AF9
:1037A000029994464A4663445B02D20D1A439046FE
:1037B00072020A43511E8A41F60D16434A465202CE
:1037C0001643B146DB0154D44D4A5A44002A00DC6A
:1037D00018E133005B0715D00F215B463140042907
:1037E00010D04946081D48458941814649428844D0
:1037F0004146C90106D54146424A114080228846C9
:10380000D2009A18404B9A4200DD2BE141464B46CC
:103810004C07DB081C4352054B021B0B520D1AE0F0
:1038200042460243914600D0E0E09B460223904688
:1038300008250193DBE6009A984692468146019658
:10384000019B022B00D10DE1032B35D0012B1BD1A5
:1038500000220023002412051A435346DB071A43B3
:103860002000110005B0F0BCBB46B246A946A046F8
:10387000F0BD01227308324013434246D20713437E
:10388000994643465B08984680225B46D2005A44DC
:103890000133002A00DCB6E049464907A8D00F21D1
:1038A0004846014004299CD1A2E70F2D00D1FDE03C
:1038B000009BA0469A46B146802342461B03134311
:1038C0001B034C460C4A1B0BC5E70B4933008C46C7
:1038D0002343E344002B77D1022129430A29AFDC9B
:1038E0005046009C60408246002D00D10EE10D0044
:1038F000002002269DE6C046FF07000001FCFFFFF6
:10390000FF030000FFFFFFFEFE070000230033431C
:103910004BD0002C00D1BBE02000FEF7C3FB03001E
:1039200002000B3B1D20C31A3000D84011000300D9
:10393000300008398C408840234359468A1A784918
:103940008B4693440A2D00DC6CE679E7434603433B
:10395000994623D04346002B00D187E04046FEF72E
:10396000A1FB0B235B429C460200844411004046AD
:10397000083988401D23804660461B1A2000D84025
:10398000030040460343984623008B409946644B0E
:1039900000259B1A9B460023019328E600239846A6
:1039A0009B4601330425019321E6012215430A2D8C
:1039B00000DD45E7524600994A409246022D00DC60
:1039C00046E70020012634E603231D430A2D00DDCF
:1039D0006BE75346009A882153400122AA409A4639
:1039E00003262300114200D135E624E79B4603233A
:1039F00081460C250193FAE500239A468023494A23
:103A00001B0328E75B460121891A382900DD1FE7DF
:103A10001F295ADD1F204042821A4046D0402029EB
:103A200008D0414A9446424663449A4013004A46AD
:103A30001A4391464A460721531E9A410C000243FD
:103A400000231440114209D008311140042960D0EC
:103A5000111D9142A4410A0064426407D208144334
:103A60000022F8E6002300242E4AF4E6FEF71AFBB3
:103A700015239C4684440200634620321C2B00DC44
:103A800074E70023994623000838834098467EE770
:103A9000FEF708FB03000200153320321C2B00DC6C
:103AA00040E7330008388340002046E78023424641
:103AB0001B031A4200D1FFE61C4200D0FCE6009A2C
:103AC000234392463400174AC5E6184A40469446B6
:103AD0004A4663449840CA4010434A469A40531E9F
:103AE0009A4143460243CB40510709D00F21114070
:103AF000042905D0111D9142924152429B180A009F
:103B0000190208D5012200230024A4E60023002482
:103B1000A1E60024A2E75C075B021B0B9EE7C04600
:103B20000DFCFFFFFF0700003E0400001E04000024
:103B3000F0B54E464546DE465746E0B583B00090A8
:103B400001910D034E000199760DCC0F690A009D7D
:103B50006D0F0D43009900920193C8001903019B5A
:103B6000CB4A5B005B0D9946019B8346DB0F984671
:103B70004B0A0099490F1943009BDB009C469A466B
:103B8000914500D173E0012347465F404B46B8465C
:103B9000F31ABC4216D0002B00DC9AE24F46002FED
:103BA00000D082E067460F4300D13AE15F1E012B4F
:103BB00000D1A4E2934200D12EE1382F00DD43E290
:103BC0003B003EE1002B00DCD7E24F46002F00D047
:103BD000F8E067460F4300D123E15F1E012B00D1BF
:103BE00057E2934200D117E1382F00DC04E3802232
:103BF0001204154200D1AAE31E0015000027A44BB1
:103C000001369E4200D103E10122A24B3A401D4001
:103C100079081143EA070A436D08530709D00F23B7
:103C20001340042B05D017003A1DBA42BF417F4212
:103C3000ED192B0200D477E3954901368E4200D16D
:103C4000E6E0944973050D405B0D6907D2086D02EB
:103C50000A432D0B1B052B43E407234310001900D7
:103C600003B0F0BCBB46B246A946A046F0BD8A4BA5
:103C7000F21863460B434CD0444550D0002A6CD018
:103C8000002E00D17DE1634644464F07DA08174312
:103C9000C8083A00024300D1CDE080252D0305433A
:103CA0002D033A007A4B2D0BD4E7964200D1B3E0B6
:103CB000382B00DCC2E0471EB842804140422D1A3A
:103CC0002B02B1D50127754D7F422800FEF7EAF996
:103CD0000838202339001A1A8540D14087402943EB
:103CE000B04200DA45E1801B01301B1A3D009F40C5
:103CF000C5407A1E97410A009A402F433A43C1407B
:103D000013000D0000260B4300D086E7002200259B
:103D1000A0E7474601235F40B8464445AED1002A9C
:103D200000D1EFE0002E00D088E14B462A0002438C
:103D300000D1A0E25A1E012B00D1B7E2544EB3428B
:103D400000D17BE1382A00DC12E380252D042942D2
:103D500000D112E31E00002751E7514A731C1342A1
:103D600000D0F4E062462B000A430343002E00D04B
:103D700074E1002B00D123E2002A00D1E0E0634689
:103D8000C71AB842924180266B1A52429B1A3604D7
:103D9000334200D1C1E26346181A844592414D1B5B
:103DA0005242AD1A0124020043462A431C40002A15
:103DB00000D1DBE0354200D1E9E2364B02001D4084
:103DC000012342E7964227D0382B00DD11E1802203
:103DD000120411431F2B00DDA1E120220F00D21A93
:103DE000914697406246DA401743B84662464F46CE
:103DF000BA40D940571EBA4147466D1817433F187D
:103E00008742804140422D182B0200D5F7E634E06E
:103E10003300002500221DE7C0086F070743E808AC
:103E200037E7C7086A071743194AE808934200D1E1
:103E30002FE73A00D8E0164B00250BE7802212044A
:103E400011431F2B00DDB7E020220F00D21A91464C
:103E500097406246DA401743B84662464F46BA403A
:103E6000D940571EBA4147466D1A1743C71BB8427F
:103E7000804140422D1A2B0216D47B0700D179E2F3
:103E80000F233B40042B00D0CEE63300FF08C9E7E8
:103E9000FF070000FFFF7FFF01F8FFFFFFFF7F002C
:103EA000FE070000444601266D026D0A002D00D079
:103EB0000BE73800FEF7F6F8030018301F2800DC87
:103EC00007E73900083B9940864200DD87E0831B05
:103ED000581C1F2800DC14E20A001F3BDA4020288F
:103EE00005D040231B1A99404B1E99410A43002AD2
:103EF0003CD00026530700D091E617003500330070
:103F0000FF088FE7CA4A731C13427AD12B00034380
:103F1000002E00D092E162460A43002B00D1F4E16A
:103F2000002A0DD06346C718874280416D18404271
:103F30002D182B0200D512E23A00BB462A4315D0B9
:103F40005B466A07DF083A430023E8084CE0634613
:103F5000C71AB84292416B1A52429B1A1A0200D5F4
:103F600087E03A001D001A43A0D100240023002559
:103F700070E6B04D361A0D407B0700D080E7330065
:103F800084E74B462A0002437ED05A1E012B00D103
:103F90001FE1A94CA34200D198E1382A00DC9CE142
:103FA0006246571EBC45924152428D1A44461E003D
:103FB0002A0200D586E637E61A000F00203AD740DD
:103FC000B846202B05D04022D31A994063460B43B4
:103FD0009A4657467B1E9F4143461F4346E7954AF4
:103FE000331A11404A07C80805035B052D0B5B0D0A
:103FF00030E680231B041D4200D1FBE01D0000279A
:10400000FDE58D4A934200D103E762468218824261
:104010008041691840420818C707520817434508ED
:10402000520700D4AEE10F221E003A40042A00D00D
:10403000FAE5FF086A073A430009D5E763464F07E8
:10404000DA081743C80824E6471EB84280414042B8
:104050002D1A1E002A0200D534E6E5E5002B00D01B
:104060000DE1002A00D069E180250024724B2D0368
:10407000F0E563461F1ABC459241012443464D1B9F
:104080005242AD1A1C4011E7624644460D00D70863
:10409000C8E66346C618864280416918404209183E
:1040A0000B0200D40CE1634B70081940CB070343AB
:1040B0004A08400700D43BE10F201840042800D1F3
:1040C00036E11F1D9F42AD416D420223AD18FF082E
:1040D000A8E6002B00D140E64B469B1B002E00D1EA
:1040E00050E7382B2EDD63465F1EBC45924152429D
:1040F0008D1A44464E462B0200D5E3E594E563460F
:10410000C71AB84280416D1A40422D1A2B0200D5C1
:10411000C9E66A07FF0801233A43E80864E71A0082
:104120000F00203AD740B846202B05D04022D31AA2
:10413000994063460B439A4657467B1E9F41434630
:104140001F435CE680223C00120415431F2B26DC33
:1041500020222F00D21A060090409740DE40421ED7
:104160009041DD4037430743491B6346DF1BBC4595
:10417000924152424E468D1A7DE6002B00D1C1E697
:104180004B469B1B002E00D1D0E5382B36DD802519
:104190002D04294200D1DDE04E4600272FE51A000C
:1041A0002E00203AD640202B05D04022D31A9D4025
:1041B0002F000743BB465F467B1E9F413743D4E732
:1041C000002A00D1D1E6012443460D00E3461C40FD
:1041D000B6E663461F1ABC4592414D1B5242AD1ACA
:1041E0002B0200D55EE66A07FF08444601233A43E6
:1041F000E808F9E6471C17E53B00EBE580221204CE
:1042000015431F2B6CDC20222F00D21A0600904091
:104210009740DE40421E9041DD4037430743491935
:1042200067446745924152424E465518ECE5C046F8
:10423000FE070000FFFF7FFFFF070000002B00D1FB
:10424000FCE6C7086B071F436346E8080B4300D131
:104250001FE580231B03184207D0CA081A4204D165
:1042600063461000DF0849070F437B0FFF00FF087C
:104270005B071F430DE562460D00D708D2E5C7086E
:104280006B071F43E808002A00D102E580231B03C7
:104290001842EAD0CA081A42E7D163460124DF086F
:1042A0004346490710000F431C40DEE76044604569
:1042B000924169185242891806000B0200D5F2E6B5
:1042C0004A07F60801233243C8088DE66346DF0833
:1042D0004B0744461F43C808DBE44446130035E758
:1042E0001A002E00203AD640202B05D04022D31AA7
:1042F0009D402F000743BB465F467B1E9F413743CF
:104300008EE7202300271B1AF5E40023002A00D1A2
:1043100092E567460D00FF0884E53A001A4300D194
:1043200023E61D00BB460BE617003300FF0879E5C6
:10433000DB0852071A430809022355E663460124A5
:10434000DA0843464F071743C8081C40A1E41E0083
:10435000471C69E467460D004E46013764E40F4B85
:10436000FF081D406A076D0201233A432D0B71E4DB
:10437000130046E73300FF0854E567460D001E00B2
:10438000013751E46A07FF083A4300092CE6C008E8
:104390006A0702430023E80826E6C046FFFF7FFFC6
:1043A0000B00020070B5164D0C0382B049000020CE
:1043B00000920193240B490DDE0FA94204DD114840
:1043C000814203DD104BF01802B070BD8020400325
:1043D00020430E4C641A1F2C08DD0D4B5B1AD8408D
:1043E00003005842002EEFD11800EDE7094B009A68
:1043F0009C46030061448B40E2401343F1E7C04612
:10440000FE0300001D040000FFFFFF7F33040000D7
:1044100013040000EDFBFFFF70B5002816D0C31792
:10442000C5185D40C40F2800FDF73CFE104B1B1A59
:104430005B055B0D0A2814DC02002E001532964045
:104440000B22121AD5402D032D0B03E0002400236C
:10445000002500261B052B43E407234330001900E9
:1044600070BD0B3885402D0300262D0BF2E7C046AA
:104470001E04000010B5041E10D0FDF713FE0E4BF5
:104480001B1A5B055B0D0A280FDC0B222100121A98
:10449000D14015300A038440120B01E000230022B2
:1044A0001B0513432000190010BD22000B38824069
:1044B00012030024120BF3E71E04000070B5420241
:1044C0004300C40FFE201B0E591C550A08420CD095
:1044D000E02189008C466D07120B63441B051343D2
:1044E000E40723432800190070BD002B14D1002DD0
:1044F0001BD02800FDF7D6FD0A281CDC0B232A0060
:104500001B1ADA40030015339D400E4B12031B1A91
:104510005B05120B5B0DE1E7002D09D0130B802228
:1045200012031A436D07084BD8E700230022D5E792
:104530000022054BD2E703002A000B3B9A400025DE
:10454000E3E7C04689030000FF070000844610002F
:1045500062468C461900634600E0C0461FB500F075
:10456000F5F8002801D40021C8421FBD10B500F0A5
:1045700037F84042013010BD10B500F0E7F80028D0
:1045800001DB002010BD012010BDC04610B500F0B9
:10459000DDF8002801DD002010BD012010BDC0465F
:1045A00010B500F063F8002801DC002010BD0120E8
:1045B00010BDC04610B500F059F8002801DA0020FF
:1045C00010BD012010BDC04610B5002903D1FDF774
:1045D00069FD203002E00800FDF764FD10BDC04613
:1045E000F0B55746DE464E464546E0B50D000400A0
:1045F000E80F83460903D80F090B82461A488C46F8
:104600001F0369005E00490D3F0B760D81421AD0F1
:10461000864211D00120B1420FD1BC450DD1A2423A
:104620000BD1D3451ED0002907D1614611430A00A2
:10463000531E9A41100000E00120F0BCBB46B24678
:10464000A946A046F0BD01208E42F6D1614639430D
:104650000F0017432743F0D15B465246981A431E7A
:104660009841EAE70020E8E7FF070000F0B5574669
:104670004E464546DE46E0B50D000E034900490DA5
:104680008A46DF0FE90FBC4683B02F4F04008046F7
:104690000191580019039146360B090B400DBA459C
:1046A0001DD0B8420DD05746002F2AD134430028E0
:1046B00024D10A4336D0002C41D16346580001383A
:1046C00015E0114338D15346002B01D12643F4D0D5
:1046D000019B634507D1019B5800013807E0264341
:1046E0002AD1504521D00120019B5F42384303B0BD
:1046F000F0BCBB46B246A946A046F0BD002CDCD0BB
:10470000E6E70028EFD0019B6345ECD18245EADC67
:10471000E1DB8E42E7D8DED1C845E4D80020C845A9
:10472000E5D2D8E7002CE2D0DDE7114304D1019BAC
:104730006345D8D10020DAE702204042D7E7019B49
:104740006345E6D0CFE7C046FF070000F0B5574607
:104750004E464546DE46E0B50D000E034900490DC4
:104760008A46DF0FE90FBC4683B02E4F0400804617
:104770000191580019039146360B090B400DBA45BB
:104780001ED0B8420DD05746002F27D13443002801
:1047900033D10A4334D0002C40D16346580001384D
:1047A00015E0114312D15346002B01D12643F4D01A
:1047B000019B63451DD00120019B5F42384306E009
:1047C000264303D15045F6D111431CD0022003B03B
:1047D000F0BCBB46B246A946A046F0BD0028EAD0D0
:1047E000019B6345E7D18245E5DC02DB8E42E2D8DE
:1047F0000ED0019B58000138E9E7002CCDD0D7E757
:10480000002CE4D0D7E7019B00206345DFD0D2E73E
:10481000C845D0D80020C845D9D2EAE7019B6345F6
:10482000E4D0C8E7FF0700000020044B10B51B6868
:10483000834201D01B68984710BDC046E42E00207B
:10484000054B10B51B68002B04D05A69002A01D013
:104850005B69984710BDC046E42E00208023074ABC
:10486000DB00D16B0B43D3630222054B19680A436B
:104870001A60012219680A431A607047001002404A
:104880000028024080220D4B1206DA67BFF34F8FDB
:10489000BFF36F8F01210A4A93788B439370802274
:1048A000084BD201196B0A431A631A6B06490A4076
:1048B0001A63DA6B0A40DA637047C04604E100E02D
:1048C0000038024000100240FFBFFFFF144B10B53C
:1048D0001A680123920606D5124B134A9B7813706F
:1048E000124A137000230024114A21001370114B47
:1048F00014221C70104B11481C70114B1C80114B62
:104900001C70114B1C70FDF74FF9142221000F4849
:10491000FDF74AF901220E4B1C800E4B1A7010BD98
:104920000008004818110020FA290020F929002069
:10493000162F0020152F0020142F0020002F0020FC
:10494000EA2E0020F8290020F7290020EC2E002074
:10495000182F00201A2F00200122034B1A7000226A
:10496000024B1A807047C046D62E0020D42E00205D
:10497000F7B5040000933F2851D100252A4805705F
:104980000325654329482E5C8E4207D145196E7870
:10499000964203D1AD78009B9D423FD003256543ED
:1049A000009B415540194270837018206043204C91
:1049B000112600192B27002407231D1B063BAB40A3
:1049C00035001A4200D03D0005550134082CF3D1C2
:1049D00003000400020011262B270F330834103285
:1049E0000193019B1D1B0123AB403500194200D0F0
:1049F0003D00257001349442F3D1040011262B2789
:104A0000183417300123811A8B40009D31001D425C
:104A100000D0390011700132A242F3D1F7BD002855
:104A2000AED101250048AAE7D32E0020C81D0020E2
:104A3000E81E0020F8B505000E0017000024200035
:104A40003B00320029000134FFF792FF402CF6D1E1
:104A5000F8BD000080210A4B89011A681B680B40D1
:104A6000D20403D40120002B06D0704780229B047F
:104A700012069B18980FF8E7024B1878F5E7C04626
:104A800000040048F424002000B5372827D8032864
:104A900004D8002300E00423180000BD04383328A4
:104AA000F7D8FDF79DFA4E40464640F61A404E4074
:104AB0004040F6F64E62F6F666F65450405846F61A
:104AC0004A4A4A4A4A4A4A4A4A6AF6F6F6F6F6F61E
:104AD000F6F6F6F6F6F6F6F6F6520623DCE7284B7F
:104AE000C01882B20023332AD6D83328D1D8FDF794
:104AF00077FA281A36381AD01CD02830D0D0D0D027
:104B0000283ED0D026D0D02A1A343A1ED0D0D0D2C7
:104B1000D042D0D0D0D0D0D0D0D0D0D0D0D0D0D023
:104B2000D0D0D0D022220123B6E70523B4E7072353
:104B3000B2E70823B0E70923AEE70A23ACE70C236A
:104B4000AAE70D23A8E70E23A6E70F23A4E7102367
:104B5000A2E71123A0E712239EE713239CE7142367
:104B60009AE7152398E7162396E7172394E7182367
:104B700092E7192390E703238EE702238CE7C046D0
:104B8000FCFDFFFF0A4930B50A68FF2A0EDC094B1D
:104B9000094D1B68094CD3182B4003D5084D013B28
:104BA0002B4301335B00013218530A6030BDC0460D
:104BB000C41D0020C01D0020FF000080C01B00207D
:104BC00000FFFFFF70B506000C000025A54200DBCA
:104BD00070BD3000FFF7D6FF0135F7E770B506006E
:104BE0000C1E00DC01240025701E0E280CD8FDF7D9
:104BF00001FA080F11131515181815151B1B1D1F89
:104C000021005020FFF7BEFF0135AC42ECD170BD52
:104C10005120F7E75220F5E74F20F3E75020FF300F
:104C2000F0E7A8204000EDE74A20EBE74D20E9E758
:104C30004E20F4E7A520F5E70139CBB210B504000A
:104C40000E2B07D8111E00DC0121094A5B00985A7F
:104C5000FFF7B8FF1C20062C06D0073C631E9C41C2
:104C60001423604298431C30FF30FFF78BFF10BDC8
:104C70002810010070B50D000C1E00DC01241C285A
:104C80000ED12E30FFF77EFF4A20FFF77BFF0F4843
:104C90002100FFF797FF83204000FFF773FF70BDEF
:104CA0004A20FFF76FFF4A20FFF76CFF0848FFF725
:104CB00069FF012D03DD0548611EFFF783FF1C20FE
:104CC000FF30FFF75FFF2A20E7E7C04651020000F0
:104CD0004D0200000B000B3B70B504000B4D012B87
:104CE00006D82B20AC4200D00948FFF74BFF70BD1F
:104CF0000139CBB20E2BF4D8111E00DC0121054A7C
:104D00005B00985AFFF75EFFEBE7C04637020000F2
:104D10002B0200002810010010B50448FFF732FFF5
:104D20001C20FF30FFF72EFF10BDC0464D020000D3
:104D3000812310B59B0098421BD004D8042816D0BC
:104D4000122818D010BD83239B0098420BD00D4B26
:104D50009842F7D14A20FFF715FF8A208000FFF71D
:104D600011FF522000E04A20FFF70CFFEAE74F2036
:104D7000FAE74D20F8E74D20FFF704FF8A20800076
:104D8000F2E7C046120200000022044B1A605A608B
:104D90009A609A81024B1A707047C046B01B00207F
:104DA000AC1B0020030000B50B20272B11D017D817
:104DB00000200F2B10D8042B0BD9581F0A2809D814
:104DC000FDF718F92F08083108080608332B2D00C5
:104DD000012000BD0020FCE71A2BFAD10530F8E7CE
:104DE000134A06209342F4D00DD8123A043093426D
:104DF000EFD0104A04309342EBD00F4A9B185A422E
:104E00005341D800E5E70D4A0D209342E1D00C4A0A
:104E100000209342DDD10C30DBE70320D9E70420EA
:104E2000D7E70720D5E70920D3E70220D1E7C0461E
:104E30001A0200000A020000FBFDFFFF2102000031
:104E40002302000010B5FFF79FFF0022014B1A60FC
:104E500010BDC046A81B00200F4970B500220D00F0
:104E600004000E480378934206D1102B0CD05A1C34
:104E70005B000270EC5270BD02318E1E3688A64275
:104E8000F9D00132D2B2EEE71E2228000449FCF725
:104E9000D5FDEC83EFE7C046541B0020531B0020D8
:104EA000561B00209521084A0300821892B2012067
:104EB00049018A4207D3054A00209B181F229BB252
:104EC0009A424041C0B2704700C0FFFF40ADFFFFB3
:104ED0000200E03A012310B5072A04D9292802D09C
:104EE000FFF7E0FF03000120184010BD70B504007B
:104EF0000D00002A02D10025280070BD904700282F
:104F0000F9D06D79002DF6D02000FFF7A5FFF3E76B
:104F100037B58AB201AB040019800020120A052AB5
:104F20000DD81D780F2D0AD80130042C07D8062380
:104F300063439B181B015B1983400149585A3EBDCE
:104F400046100100034B1879013843425841C0B262
:104F50007047C046181100200200393A03000120B2
:104F60000C2A0CD9703A824209D92C2B07D0180090
:104F7000293B1738424250415A4253411843704727
:104F80002C2814D10C4B002908D001221A700B4B8D
:104F90001A7000220A4B1A70012070471A78002AF2
:104FA000FAD01970054B1970054B1970F4E71738D2
:104FB00043425841C0B2F0E73C1B00203B1B00209D
:104FC0003A1B0020F82210B5441EFF3C030052019A
:104FD0000020944208D20A3BFF3B1800421E904139
:104FE0005A42534140001843884710BD0423020928
:104FF00001D113000200910802D00A000233DBB293
:1050000052089818C0B27047054B1B7803431A1E0C
:1050100001D0DB06DA0F034B1A70034B1870704790
:10502000F01A0020771A0020F11A00200123834093
:1050300010B5034A10781843C0B2FFF7E5FF10BD62
:10504000F11A00200123834010B5034A10789843D9
:10505000FFF7DAFF10BDC046F11A002073B582B227
:1050600001AB1880120A052A1CD81B780F2B19D8FF
:105070000320012612019B18DA0850430A4A350022
:105080008018072213409D400022EDB20B00D34050
:10509000845C33405B4263402B405C40845401326B
:1050A000032AF3D173BDC0464A1A002037B583B234
:1050B00001AA10801B0A0020052B16D811780F2991
:1050C00013D807241B01CB180321020001251C4023
:1050D000DB085943054BC9188B5CE3402B409340D8
:1050E00001321843C0B2032AF6D13EBD4A1A00204D
:1050F00070B50B4B1C7801231D00854028001D0056
:105100008D402900934001432000CDB298432140B7
:105110008D4201D11C43E0B2FFF776FF70BDC0465F
:10512000F11A00200721054B054A1B7812789A4294
:1051300000D1704701330B40F9E7C0468E1A0020BA
:105140008D1A002070B50B4C23781A008243100092
:105150002270050007221540104209D1984207D05D
:10516000054B5B785B0703D5C008FFF76BFF257025
:1051700070BDC046881A00208A1A002070B5134AF4
:10518000134B144D10781B782C781843002C18D032
:10519000114B9B78012B03D1104B1B787F2B11D81F
:1051A00006210F4B002259181E78002E01D0013223
:1051B000D2B201338B42F7D1002A01D000232B70E9
:1051C000204370BD1E21074BECE7C046511B002059
:1051D0008C1A0020861A0020101100208A1A002044
:1051E0004A15002052150020024A13788343137099
:1051F0007047C046511B0020030010B5E7280AD8AD
:10520000DF280AD8312800D173E00FD8292866D0CA
:105210002A2800D174E0180010BDE0380728FAD819
:10522000FCF7DEFE18F927303DF9474C392808D045
:10523000822806D03528EED1374A12789206EAD570
:1052400006E0354A1178890761D152781207E2D514
:105250002923E0E730480121027814000C400A427B
:1052600045D140780842D6D02300D206D3D4E323D8
:10527000D1E7294A12785107CDD50023D206CAD4E6
:10528000E333C8E72449E2230A785007C3D44878B7
:1052900001210400023B0C400842E5D0BBE71E4A56
:1052A00051788907B7D512780023D206B3D4E733F3
:1052B000B1E7194A12781107F6D4ACE71649E6238C
:1052C0000A781007A7D4487802210400023B0C405A
:1052D0000842A0D12300D2069DD4E7239BE70E4AC3
:1052E0001178890615D45278120700D493E7392330
:1052F00091E7094A1278520600D48CE72A238AE7FC
:10530000054A1278520600D485E7312383E7E0236B
:1053100081E735237FE7C0468A1A002030B5254C47
:1053200021784B070DD514220240043A53425A41CA
:1053300018230340083B5D426B419A4201D00C2385
:1053400058400B070DD514220240143A53425A41DB
:1053500018230340183B5D426B419A4201D00C2355
:1053600058406478E3070DD511220240013A5342B8
:105370005A4118230340083B5D426B419A4201D0D9
:1053800009235840A4070DD511220240113A534277
:105390005A4118230340183B5C4263419A4201D0B2
:1053A00009235840C90603D5030701D5182398439C
:1053B00030BDC0468A1A002070B5FFF71DFFA42338
:1053C0000400DB0198424CD2A023DB01984200D3B9
:1053D0009BE0DF281CD8CC2859D8A7280AD8A428B5
:1053E00000D979E0012869D0031F9BB2A02B65D9B1
:1053F000002463E00300A83B9BB21A2BF8D8583472
:10540000504BE4B26400E35A8824E4011C4355E0A5
:105410008023DB01984219D28026B601B04200D326
:1054200083E0E7284AD9F822431EFF3B9BB2520192
:105430009342DDD2000AC0B2FFF770FF0500E0B270
:10544000FFF7DAFE2D02284384B237E0C0B2FFF73F
:10545000D3FEF0231B0123403B4C18430443A4B26A
:105460002CE0A523DB0198421DD2384B98423CD852
:10547000374B98420DD8374B984231D80322C4B2EB
:10548000A3081440023AA2405B01334C13431C436F
:10549000E5E70321012201408A40C3065B0F5B015F
:1054A0002E4C1343F3E72E4B984209D81F202D4B67
:1054B00020409C4223D82C4C00020443201C70BD89
:1054C0002A4BC3189BB21F2B00D991E7F823040283
:1054D0005B011C40264B99E78023243CDB01D6E787
:1054E0001F230340234C1B0290E7032101220140AC
:1054F0008A40C3065B0F5B011F4C1343C7E7FFF7EE
:105500000DFF80240002A401A8E71F202040FFF720
:1055100005FFE3051B0F1B0202B2C00602D5FF21E7
:1055200012010A40154C1343B1E7C004C00EFFF747
:10553000F5FE0500E0B2FFF75FFE2D0205432E43A6
:10554000B4B2BBE7C00D010000A0FFFF5F52000036
:105550003F5200001F520000008DFFFF008CFFFF34
:10556000BF5200009F520000F4A0000040ADFFFFBA
:10557000F0A00000F1A00000008AFFFF0090FFFFF4
:10558000F0B50424104A114B12781B7885B001AF96
:105590001A433880009203AE009B0122234113423C
:1055A00005D1013CF8D20025280005B0F0BD3B88AC
:1055B000E5B2338031682800FFF7AAFCFFF7FCFE54
:1055C00080B20128EDD0EFE7F11A0020F01A002098
:1055D00013B54379008801AA10800198002B0DD0E3
:1055E00000290BD0FFF7CCFF040001000198FFF762
:1055F00035FD20000199FFF78BFC16BDFFF756FD26
:105600000400F6E71FB501AC20800198FFF7B8FF52
:10561000228803AB1A800399FFF77AFCFFF7CCFED0
:1056200004B010BD10B500240379A3421ED0008839
:10563000FFF7E8FFC2B20004030F062B18D00F21BA
:10564000062B0DD80E330B40012B0FD80124F02A66
:105650000CD007D80024E72393426441E4B205E06C
:105660000633F0E7F43A53425A41D4B2200010BD59
:10567000E72393426441F13A53425A411443EDE720
:10568000002070470020704710B5024B1B689847F8
:1056900010BDC046B00E002010B50B00041E02D194
:1056A000C80FC00110BDC11742184A4012B2D1182C
:1056B000002B0BDB9B1A5801FCF778FB2023181AF0
:1056C000C0B2002CEEDA4042C0B2EBE74801D11A7A
:1056D000FCF76CFB6023F2E71FB5030A0190303141
:1056E000D8B20E4B4900C95CE5234B431B121C3357
:1056F0009A1AD317D2185A40D200821A01AC131C3E
:10570000120400D500231BB2013058430012A378C5
:10571000607020881B04184304B010BDF80E01000F
:10572000030C84B001903031D8B2114B4900C95CF0
:10573000E5234B431B121C339A1AD317D2185A4035
:10574000D200821A131C120400D500231AB2431C83
:10575000534301AA1288FF2110001B12120A0840AD
:1057600012020B401B041043184304B07047C0469C
:10577000F80E01007FB5040A0190E4B21000E51AAA
:10578000FFF78AFF8300C01AEDB22D18EDB2013485
:105790006C4301AE2412B378747030881B04184334
:1057A00004B070BD7FB5040C051CE4B21000E61A0D
:1057B000FFF772FF8300C01AFF23F6B236181800F5
:1057C000F6B20134744328402D0A1D4024122D02E4
:1057D0001C40034B284324041840204304B070BDF0
:1057E000FFFF00FF7FB5040A0190100008AA15789A
:1057F000E4B25D1BFFF750FF6519EDB22D1AEDB253
:1058000001346C4301AE2412B378747030881B04E9
:10581000184304B070BD00007FB5051C040C1000D7
:1058200008AA1678E4B29E1BFFF736FFFF23A619DD
:10583000F6B2361A1800F6B20134744328402D0A25
:105840001D4024122D021C40034B28432404184001
:10585000204304B070BDC046FFFF00FF84B001A923
:1058600001908B780A7008881B04184304B07047B5
:105870001FB5074B30314900CB5C01AC01909B1A3E
:105880002370A37820881B04184304B010BDC046C1
:10589000F80E01001FB5074B303149005B185B78EB
:1058A00001AC01909B1A2370A37820881B04184335
:1058B00004B010BDF80E0100F0B5303115000E4AED
:1058C0004B00D3185F7885B03E00203E019001ACBC
:1058D000C0B273B2360602D52023DB1B5BB249008F
:1058E000525C521BD2188018A378207020881B04A9
:1058F000184305B0F0BDC046F80E010084B004AAFC
:105900000190107803225A43521001A980188B7815
:10591000087008881B04184304B0704730B585B080
:10592000019010001D00FFF7B7FE01AC4019A378ED
:10593000207020881B04184305B030BD30B585B0F9
:105940000190100008AA147801AD1C1BFFF7A4FEFB
:10595000E4B2241AAB782C7028881B04184305B0D5
:1059600030BD00007FB50D4D30335B00EE185B5D40
:105970007678703B59437F23203E72435118CA17F3
:105980001A405218D21101AC01901218A37822705B
:1059900020881B04184304B070BDC046F80E0100F7
:1059A0007FB50D4D30335B00EE185B5D7678703B54
:1059B00059433F23203E72435118CA171A405218C8
:1059C000921101AC01901218A378227020881B0458
:1059D000184304B070BDC046F80E01007FB5134DEA
:1059E00030335B00EE1876780190203E72435E5DA6
:1059F00001AC3500703DC0B26BB22D0602D57023EC
:105A00009B1B5BB23825EB1A594303238A187F216D
:105A10005343DA170A40D218D2118018A3782070A5
:105A200020881B04184304B070BDC046F80E010066
:105A30000C4B3031490084B001905818C95C0323E5
:105A40004078091A4B43DBB2991AC9B2202801D910
:105A5000D218D1B201AA9378117010881B04184390
:105A600004B07047F80E010030B50C4B30314900DE
:105A7000CD5C85B0AB1A019001ACC0B2D9B21B06A7
:105A800001D5521BD1B219234B431B12C0182070F1
:105A9000A37820881B04184305B030BDF80E010020
:105AA0001FB501900520434306AA128801A9D31807
:105AB0001A1C9BB2FF2B00D9FF22D3438A78DBB29A
:105AC0009B181C1CFF2B00D9FF240A88FF23100001
:105AD000120A1840120223401B041043184304B05A
:105AE00010BD30B585B0019008A800881B18C817F4
:105AF00009184140D0171218424009B29BB292B225
:105B00000901FF2900DDFF2112B21201FF2A00DD89
:105B1000FF220C1C15B209B201A8A94200DD141C19
:105B20001B191A1C9BB2FF2B00D9FF22D34382788A
:105B3000DBB29B18191CFF2B00D9FF210288FF2321
:105B40001000120A184012020B401B0410431843A5
:105B500005B030BD7FB5050C160008AA019012886B
:105B6000E8B201ACFF25482B06D8D31A1A1C9BB209
:105B7000AB4200D92A1C95B2083189B2102905D947
:105B8000330008339BB2102B00D9FF250321ED43CE
:105B90000C4BF2170A405B7892199210EDB2D218B2
:105BA00040192270011CFF2800D9FF212288FF2301
:105BB0001000120A184012020B401B041043184335
:105BC00004B070BDE01E002084B004AA12880190C9
:105BD000D21A131C92B2FF2A00D9FF23DBB2D94399
:105BE00001AA9078C9B24018011CFF2800D9FF21F2
:105BF00010781B1813701288FF231000120A184027
:105C000012020B401B041043184304B070471FB529
:105C100006AA128801A9D31A1A1C9BB20190FF2B65
:105C200000D9FF22D3438A78DBB29B181C1CFF2BC0
:105C300000D9FF240A88FF231000120A184012021C
:105C400023401B041043184304B010BD10B5FEF7E9
:105C5000F1FE10BD354B70B51B78002B2AD1344BAB
:105C60001B78002B26D1FA2390261021314ADB0025
:105C7000F6051478002C19D1346825000D400C422B
:105C800014D1012313703C222B4B1D702B4B1A8017
:105C90002B4B323A1A709870363210385A700428EA
:105CA0000CD8FCF7A7F9080B0F203100013B9BB281
:105CB000002BDED170BD234A9278DA70180009F00B
:105CC000BDF9F7E700222D21DA7006325A714B3206
:105CD0009A71063ADA71153A1A72053A19715A72BE
:105CE0009972DA72EAE70621002259714B319971F3
:105CF0000639D9711539DA7019722D3205391A71D0
:105D00009A7259720532ECE70621002259714B3123
:105D100099710639D9711539DA7019722D32053930
:105D20001A719A7259720632DBE7C0461E110020C2
:105D30001B2F0020A52F0020A42F002016110020CB
:105D4000222F00201811002003000020104A10B557
:105D50001278824218D10F490C78E0B2002C14D18D
:105D60009022D2051268D2060ED40B4A0134147068
:105D70000A4A0C7010700A220948027036324270CA
:105D8000837009F05BF9200010BD1000FCE7C046ED
:105D90001E110020A52F0020A42F0020622F00201C
:105DA000222F002070B51F4B9B78012B20D11E4B5A
:105DB0001B787F2B1CD9FFF7E1F91C4C1C4D607040
:105DC000202229002000FBF743FF002828D02022B2
:105DD00021002800FBF7D4FD164B1B68002B1FD0B9
:105DE0009B68002B1CD0062222702000984717E0E9
:105DF000FFF7C4F9104C114D207008222900200033
:105E0000FBF726FF00280BD0082221002800FBF713
:105E1000B7FD084B1B68002B02D05B68002BE4D158
:105E200070BDC046101100208A1A002050150020B5
:105E3000221A0020FC29002048150020421A0020C8
:105E400010B5002803D0FFF7CFF9FFF7ABFF10BD67
:105E500010B5002805D0034B1A7810431870FFF7CF
:105E6000A1FF10BD511B002010B5094C2378002B59
:105E70000CD1084B1A7802231A4207D1064A11782E
:105E80000B431370FFF78EFF0123237010BDC04634
:105E9000741B0020521B0020511B002010B500284D
:105EA00005D0034B1A7810431870FFF77BFF10BD25
:105EB0008C1A002010B5002805D0034A13788343BC
:105EC0001370FFF76FFF10BD8C1A002070B5324CB5
:105ED000062200212000FBF767FEF822DF212F4B6E
:105EE00052021B6849021340C91A06222000FBF720
:105EF00047FD23786678A578E07821796279FF2BD1
:105F00001DD12B00334003400B401340FF2B31D1F8
:105F100002232370013B32226370E3700023A270DE
:105F200023716371FEF796FD1D4B1870012828D070
:105F3000022828D0002801D10223237070BD002B35
:105F400016D1002E18D12B0003430B431343DFD08F
:105F5000642D01D96423A370012801D90123E370C2
:105F6000012901D900232371012ADBD90023D8E7B5
:105F7000022B01D902232370032EE9D90323637076
:105F8000E6E72070DAE7002323706378013B022BF9
:105F9000D4D901236370D1E7181100200014024006
:105FA000F4240020F0B52C4E040033780D000133AA
:105FB000DBB291B0142B00D10023284A12789A4208
:105FC00021D04022002168466F46FBF7EDFD082DE9
:105FD0001BD12A002100F81CFBF7D2FC0B233278DE
:105FE0001F49204892013980801839004022BB7037
:105FF000FBF7C6FC33780133DBB233703378132BF5
:1060000001D90023337011B0F0BD20780238042884
:1060100020D8FBF7EFFF180A111F03002A00210008
:10602000F81CFBF7ADFC0C23D9E72A002100F81C73
:10603000FBF7A6FC0F23D2E72A002100F81CFBF790
:106040009FFC0E23CBE72A002100F81CFBF798FCED
:106050000D23C4E70023C2E7F5240020F629002021
:106060000A400000F6240020084B10B51B780400FD
:10607000012B02D80821FFF795FF054B1B68002B69
:1060800002D020005B68984710BDC0461811002060
:10609000E42E0020084B10B51B780400012B02D819
:1060A0002021FFF77FFF054B1B68002B02D020004B
:1060B0009B68984710BDC04618110020E42E0020B0
:1060C000084B10B51B780400012B02D80621FFF7FE
:1060D00069FF054B1B68002B02D02000DB68984746
:1060E00010BDC04618110020E42E0020084B10B54A
:1060F0001B780400012B02D80321FFF753FF054B47
:106100001B68002B02D020001B69984710BDC046B9
:1061100018110020E42E002070B50C00150000219D
:106120000600FBF741FD90236219DB009A4200D97B
:106130001D1B002D05D003492A0030006118FBF714
:106140001FFC70BD402A002013B56B469C1D002328
:106150000100022220002380FFF7DEFF208816BD09
:10616000902070B51024164B16491A78164BC005AE
:106170000D78002D04D10568254201D1002A03D0F5
:10618000013B9BB2002BF3D18022104B52029A604C
:1061900009F0F2FE0C210E4B1A688A431A601A6845
:1061A0000C490A401A60012219680A431A60BFF3B9
:1061B0004F8F094B094ADA60BFF34F8FC046FDE7A6
:1061C000D22E0020A52F0020A08C0000000C00483B
:1061D000001402400FFEFFFF00ED00E00400FA058E
:1061E00037B56B460400DD1D2A000121006807F069
:1061F00089FC23682878013323603EBD8023124A3E
:10620000DB01D16B10B50B43D36307F01FFF7F2277
:106210000E490F4B0A700F49013A0A700E494F3A66
:10622000C7200A6099782E3A0A43C0219A700B4A17
:106230008000135809061B021B0A0B4313508023CE
:106240001B06136010BDC04600100240803802409B
:106250000038024082380240A038024000E100E0ED
:10626000802370B5274ADB01116C86B00B431364A1
:10627000012600230225042469462348029304933F
:10628000059300960195039609F0FCFC69461E48AB
:10629000009509F0F7FC69461B48009409F0F2FCF0
:1062A000082369461848009309F0ECFC4022174B7C
:1062B00019689143196019682143196019680E43E0
:1062C0001E6019680D4338211D60186888432839FD
:1062D00001438020196019688143196019680C48CE
:1062E0000140196019680B480140196019680A4893
:1062F0000140196059680C435C6019680A431A60D0
:1063000006B070BD00100240000800480038004090
:10631000FF7FFFFFFFF7FFFFFFFDFFFFF0B510233B
:10632000002603258BB0954804A90493069607968A
:1063300008960996059509F0A5FC8023904A9B00D4
:10634000516C02A80B435364029608F0CDFE029BE9
:106350008C4C013300D0F7E002228B4B99680A4342
:106360009A60012299680A439A60E369874A134058
:10637000E3611823E2691343E361226C844B1A4002
:106380009023DB00134307222364236A93431D43B6
:10639000804B2562804A1B68934200D9C9E0802265
:1063A000236BD2051B021B0A134380222363A36FB6
:1063B000D2001B0B1B031343A367A36F774A134041
:1063C0000122A367A3691343A361E3681342FCD0CE
:1063D0008023E16F724ADB0411400B43E36704231F
:1063E000A1691943A1616F49C86F1842FCD1276D9B
:1063F000E06F1040A022D2040243E267A269134377
:10640000A3610423CA6F1A42FCD10F20BFB27843A4
:10641000256DADB2401BFCF73BF96349FBF76AFF02
:10642000061CFEF74BF8009001910021301CFBF791
:1064300025FE00225D4B002800D180E000980199E4
:10644000FCF776F900900191E81BFCF721F9011C9B
:106450005748FBF74FFFFEF731F80022534BFCF78C
:1064600067F9FBF75DFEA66F80B2360B360330434B
:10647000A06700980199FDF793FFA56F474B0004B3
:106480001D400543A567E369404A13401822E361B4
:10649000E3699343E361236C3D4A1340072223647D
:1064A000236A93432362236B1B021B0A2363414B22
:1064B00063618022E36AD2051B021B0A1343E36275
:1064C000A369002BFCDB0723226A9A43043B134396
:1064D00001222362A3691343A361E3681342FCD042
:1064E000A3690423A2691A42FCD12022E3699343E1
:1064F000E3611823E2691343E361E369234A13402C
:106500000122E361E3691343E361E3681342FCD0D2
:106510000F22236C93432364226C1D4B1A40E0230B
:106520009B00134323640423A2691343A3610BB0AC
:10653000F0BD8022236B12061B021B0A34E7009871
:106540000199FDF7F5FA7DE703A8039608F0CCFD65
:106550000122A169039B0A43A261A16F1A05090BDD
:106560000903120D0A43A267A26F0C491B0C5BB210
:106570001B040A401343A3679BE7C046000800487A
:10658000001002400024014000140240FFDFFFFF22
:106590003FF8FFFFF024002005A24A04FFFF00FFA0
:1065A000FFFFFFF804240140000060410000E03FCD
:1065B0000000604AFEFF000010B50AF04EF900210D
:1065C0000248034AFBF7F0FA10BDC046002A00203B
:1065D000C20400000122264B10B5D96B9024114350
:1065E000D9632449E4054A608021586C490201437B
:1065F00059643C21204BD963986A3431884310395F
:106600000143996200215964196B11431963802178
:10661000586D0902014359650821986A014399623E
:10662000996D20001143996519681143196004217F
:1066300007F0E9FDA36A114A1340A362A023A26AEE
:10664000DB0013433022A362236993432361202399
:106650002269134342222361094B1A60094BDB78FC
:10666000002B04D111210848084AFBF79DFA10BD00
:10667000001002400000024000400140FFF0FFFF18
:1066800078000240E01E0020E81E00200206000004
:10669000002270B52F4B304C1A70E36B3C2B01D0AD
:1066A000FFF798FF04232D4DAA6A1A42FCD12C490A
:1066B0002C4B48792C4A00280ED12C48007802280F
:1066C00006D02B480078002802D00978002903D191
:1066D00028490978002905D10121197080235B021E
:1066E000936070BD24490120097889072CD09060FF
:1066F0001A78002A04D0002202301A7008F0C2FB77
:106700000122C0200021A36DC0009343A3651B4B51
:1067100019541B4819541B4B1B491C4899601C49B0
:10672000986119601B491C48596059611B491861DF
:106730001C334B621A4BCB621A4B8B620423AB6245
:10674000A36D1A43A265CCE7187080235B029360A7
:10675000D6E7C046D32E0020004001400000024092
:106760001B2F0020D81E0020000C0048181100200C
:10677000D72E0020DE2E0020E01E0020E81E002084
:1067800001060000881E0020F73E00C0172100C04F
:10679000D722002044400140E9240020FC000240B0
:1067A000768000AA2C02024070B5802401222D4D73
:1067B000640286B011002800AC6007F024FD90232D
:1067C000AC60DB0508241E0018009C60210001223B
:1067D00007F019FDB460022628003100AE600122E6
:1067E00007F011FD80219020AE6020228901C005B4
:1067F00007F009FD002220211B4807F004FD80213D
:1068000020221A48490107F0FEFC80212022174867
:10681000890107F0F8FC9020002524196946C0057D
:1068200000940195029503960495059509F02AFABE
:10683000C120C0210E4B80005A6B5D631A680906A7
:1068400022431A609A6922439A61DA691443094A19
:10685000DC6113581B021B0A0B4313508023136087
:1068600006B070BD000C0048000800480004004855
:106870000004014000E100E010230D4AC320116C28
:1068800080000B4313642F220A4B9A63FA22D20032
:10689000DA630122DA601A60074B084A195811407E
:1068A000802212040A431A508022D2011A607047D3
:1068B000001002400010004000E100E0FFFF00FF78
:1068C0009B4BF7B51B780400002B00D008E2012099
:1068D000FEBD1C2C05D8122C1AD8062C2FD0072C44
:1068E00021D02000FEF7D0F8013804281DD81A2C3A
:1068F0004AD032D8601F83B20A2B16D80A2814D87F
:10690000FBF778FB4D1313421313441347494B0015
:10691000200013380928E4D8FBF762FB1CE3E315D9
:10692000E3E3E3E30509FEF7F7F90020D0E7814848
:10693000FEF728F983204000FEF724F9F5E7FEF77B
:10694000EBF90023DBE17C48FEF71CF94C20FEF755
:1069500019F9F6E71A20FF30EEE7784B9C4222D077
:1069600009D8774B9C421AD003339C420CD0272C79
:10697000DBD17448E0E7744B9C4212D0734B9C42CD
:10698000F7D0734B9C42D0D17248D5E79420800059
:10699000D2E77148D0E77148CEE76748CCE7D4200A
:1069A000F5E76448C8E76E48C6E76E4E3778052FAE
:1069B00008D82A23FB40DB0704D523001E3B092B04
:1069C00000D89FE2E3B2292B20D1002F00D191E221
:1069D000FEF7DAF90022644B1A603378002B0FD1EE
:1069E000614E3468002C0BDD604B1F78002F07D1FF
:1069F0005F4860496200FAF7C3FF5F4B37601C6075
:106A00002B78002B91D1584A13608EE72000FEF7B7
:106A10003BF803000200072F00D95CE13800FBF7C8
:106A2000FDFA0800ED0039018801B001F6014E02BF
:106A30006302581E182800D95CE2FBF7EFFA470002
:106A40004700470047004E003E0216013900400053
:106A500019005B02510057005B00BE00620062003B
:106A60006200620062006200620062006200620016
:106A7000012333700023272C01D023001D3B3F4A04
:106A800013602000FEF700F80028A6D03C4BC3405E
:106A9000DB07A2D5354B1B78002B9ED1324A1368F9
:106AA000072B9ADC591C1160324A5B009C5294E718
:106AB00002233370314B01221C811A73E1E7042356
:106AC00033702E4B01225C815A73DAE72000FEF707
:106AD00069F90121FEF782F8D3E701210E20F9E7D9
:106AE00001210620FEF7C6F8002308E02000FEF78B
:106AF0001FF9F9E7234BE3185A42534102332B7035
:106B0000BFE7113B1800082B55D8FBF773FA4F521B
:106B1000053D40434C4909002A20FEF733F8B0E711
:106B20000548FEF72FF84C20FEF72CF8DCE7C046AE
:106B3000A61B00204D0200004F0200000A020000C8
:106B4000050200004A0200002102000023020000AA
:106B50001A0200004F030000510200005202000020
:106B60004D030000AC1B0020A81B0020A41B00202C
:106B7000941B0020841B0020801B0020B01B0020E1
:106B8000FE17FE03E7FDFFFFFEF7C6F8ACE7FEF7D2
:106B9000C3F876E7AE48FDF7F5FF83204000BCE779
:106BA0005020FDF7EFFF1A20FF30B6E74D20FDF72C
:106BB000E9FF4C20B1E71E20F6E7A64B01931B78B6
:106BC000002B00D05DE7A44F3A68002A00D158E7B7
:106BD000012201990A700093009A3B689A4203DBF4
:106BE0000023019A13704CE7009B9C4A5B00D05A2B
:106BF000FFF766FE009B0133EDE70B22984B196807
:106C00000F1E00DC0127501E0D2864D8FBF706FA82
:106C100021002100210021002A0055012D001B0028
:106C20001E0063000E00300037003B00092900DD24
:106C300027E70A224A430021272C01D021001D39D1
:106C400052181A601DE70222327034E704223270B3
:106C500038E72000FEF7A6F83900FDF7BFFFFEF782
:106C600093F80EE701210E20F7E70723337008E7BA
:106C700039000620FDF7FEFF00232B70EFE7200010
:106C8000FEF756F8F8E7774BE3185A4253410233C0
:106C9000F3E70B22724F3B680093002B01DC0123CA
:106CA0000093501E092816D8FBF7B8F92B003600C0
:106CB0002B002B006600070115000A0015003A00A2
:106CC0003B899C4207D120000099FDF7D3FF3B8907
:106CD000062BC4D1D0E7FEF757F80022624B1A60AA
:106CE000624D2B785A1E022A00D9F0E5023B012B97
:106CF00000D95AE6E3B2292B00D0EAE5283B2B70F5
:106D000013E63B8920000193FEF74CF8009A01003E
:106D10000198FDF791FFDAE701220B213889F8E7A6
:106D2000032333700023272C01D023001D3B7B60FD
:106D3000A7E6581E0A28CED8FBF766F90B00B2006A
:106D40000B000B001D00BF00CDFFCDFFCDFFCDFF21
:106D50007A00434F20003B890093FEF723F83B68FD
:106D60000100002B00DC01237A685A43632A00DD0E
:106D700063220098CDE73A4F01220E213889C8E7F7
:106D80000B22374B1F680097002F01DC0121009177
:106D9000501E09289FD8FBF737F924002E00240045
:106DA00024008C0090009EFF9EFF0A0031005B894A
:106DB00001939C428FD14A20FDF7E4FE4A20FDF763
:106DC000E1FE012F04DD009929480139FDF7FAFEA3
:106DD000284B019A2B20934200D02748FDF7D2FE82
:106DE0003DE720005F89FDF7DDFF01003800009AD4
:106DF000FDF770FF33E71F4A5B89EBE7052232702E
:106E00000022272C01D022001D3A5A6039E6581E74
:106E10000A2800D95FE7FBF7F7F83100430031009B
:106E200031004B0050005EFF5EFF5EFF5EFF0B0017
:106E30000B4A5168092900DD23E60A234B43002150
:106E4000272C01D021001D395B18536019E6C0467C
:106E50004D020000A41B0020801B0020941B00207A
:106E6000B01B0020E7FDFFFFA81B0020A51B002092
:106E700051020000370200002B020000264F2000C4
:106E80007B890093FDF78EFF3B680100002B00DC3F
:106E900001237A685A43632A00DD63220098A7E73A
:106EA0001D4A5168092900DDEBE50A234B43CCE775
:106EB000194B01220E2158899AE70623D6E6062BA4
:106EC00000D008E7144F3B7B002B03D001220F2199
:106ED00038891EE77B7B002B03D001220F217889A4
:106EE00086E701210F20B8E6072B00D0F3E68B20C0
:106EF000400073E7094B1A68002A00DCE7E400222F
:106F00001A60E4E4781E0428F4D8FBF77DF876FED6
:106F1000C2FE91FF39FF91FFB01B0020A81B00208B
:106F20000122124B10B51A7000233C21104A137035
:106F3000104A1180104A1370104A1370104A1370CF
:106F4000104A13705371104A1370104A138072B6AE
:106F5000FFF72AFC62B607F0CFF89622D20080181D
:106F600003220B4B18600B4B1A7010BD1E11002032
:106F7000212F002016110020A52F0020622F0020B5
:106F8000A42F00201B2F0020D72E0020D82E002059
:106F9000401B00203D1B002010B583280ED106F0B9
:106FA00051FFC00709D5532006F084FFFEF7FAFE13
:106FB000532006F0B5FFFEF7F5FE10BD84280AD178
:106FC00006F040FF4007F8D5472006F073FFFEF7B4
:106FD000E9FE4720EDE7031FDBB2A02BE9D9030050
:106FE0002033DBB2072B07D807230340012098404A
:106FF000C0B2FEF7F9F8DEE703005B33DBB2022B29
:1070000003D8002006F022FFD7E703005833DBB295
:107010001A2B03D8002006F033FFCEE703003333EA
:10702000DBB2122BC9D806F04FFE07F095F8C4E783
:1070300010B500280FD082280ED106F003FF80077C
:1070400009D5392006F036FFFEF7ACFE392006F0F0
:1070500067FFFEF7A7FE10BDFFF79EFFFBE70000EE
:1070600070B5002426000E4D2B78002B05D00D4A5C
:107070006300D05CFFF7DCFF2E700B4B0135E3188B
:1070800001341E70042CEFD1084C2378002B05D05E
:107090000220FEF7A9F8FEF785FE267070BDC046F7
:1070A000791B002020100100751B0020741B00209C
:1070B00070B50025104C2088002804D0C0B2FFF71E
:1070C000B7FF0023238001350234042DF3D1D120F2
:1070D000FFF762FFD220FFF75FFF0022074B1A7015
:1070E000074B1A80074A084B12781A70FDF7AAFE60
:1070F000FFF7B6FF70BDC046481B0020461B0020AE
:10710000441B0020501B0020A51B0020352310B578
:10711000064C03220649601C2370FAF731FC8123D8
:107120005B42A38006F0C6FC10BDC046E01E0020F6
:10713000AC0801008023064A1B06D16C0B43D364C4
:107140008023044A9B0351690B4353617047C04637
:10715000001402400004014010B5034B70461A6948
:107160005A6107F031F810BD0004014010B5FFF777
:10717000F3FF10BD802310B5DB05DA6970461A6293
:1071800007F022F810BD000010B5034B7046DA6915
:107190001A6207F019F810BD0004004010B5034B47
:1071A0007046DA691A6207F00FF810BD0008004057
:1071B00010B5034B70461A6E5A6607F005F810BDFD
:1071C000000002402B4B70B51A6975465A612A4B74
:1071D0001978002912D110231A420FD0274C227897
:1071E000002A0BD0264A10789022D2051268002877
:1071F00008D1110019401A4200D12170280006F070
:10720000E3FF70BD16001E401A420DD02378012BFB
:10721000F4D1013340221B482370FAF7C5FC8020CB
:10722000400107F00BFFE9E72378022BE6D1154B6D
:107230001A78154B1B78002B07D07F2313403B2B6C
:1072400003D107F055FE2670D8E70A2A04D107F0CB
:107250004FFE00232370D1E70C4A13780133DBB2D1
:107260001370022B02D900231370F3E7012308489F
:107270002370D6E7000401401E110020A52F002036
:10728000A42F0020642F0020632F0020622F0020F5
:10729000222F00207346F0B589B00393B34BB44955
:1072A000DA691A620B78002B12D0B24A13780133D4
:1072B000DBB2092B01D813700AE00023137090236E
:1072C000DB051868102304001C4018421AD10C700A
:1072D000A94B1B78022B09D0A84B1D78002D13D089
:1072E0005B79002B10D10920FEF72EFDA449087808
:1072F00000285ED0A34A138801339BB2312B2AD8D1
:1073000013802BE00523D6E70B78002BEED1002D60
:10731000ECD19D4B9D4C1A7823789A42E6D09C4B39
:107320001A78002AE2D19022D2051268D206DDD462
:1073300001221A70974B20781D70974B8001C0185E
:1073400007F07CFE23780133DBB223702378132B04
:10735000CCD92570CAE7002313800B708F4A1378AD
:107360000133DBB2022B00D9DBE113708C4A1378B6
:107370000133DBB2042B00D9E2E11370894C8A4A55
:107380002388158801339BB22380AB420CD30023A2
:1073900023807A4B1B78002B06D11120FEF7D4FCFA
:1073A000002801D10A3D2580039806F00DFF09B0A1
:1073B000F0BD7E4A7E49137809780133DBB200299B
:1073C00000D192E0032B01D81370C7E7794B1070FE
:1073D000DB6F04221C00784D14401342BED1774865
:1073E0002F6D037876495E007752AE6901333243E0
:1073F000DBB2AA61092B01D80370AFE704707148B2
:1074000014220500FAF7BCFA2E00280022002300FF
:1074100021004F002C88BF5BA74200D21900570003
:10742000F75BA74200D91A000133DBB202350A2B01
:10743000EFD10024230091421DD108330288013B83
:10744000A418DBB2A4B20230002BF7D15E4B5F4D23
:107450009C4248D85E4B9C421AD964205D4AE3089E
:107460009B1858435C49FAF7A1FC5C4BC0B29C42A4
:107470002CD900232FE0994204D09A4202D00588EB
:107480006419A4B20133DBB202300A2BF3D1DDE779
:107490002B780133DBB2032B12D82B700020504B1A
:1074A0001870504B1870344B9A78824202D0987002
:1074B000FDF752FA00224C4B1A803D4B1A704DE7F3
:1074C000002301222B70494B1A70E7E72B78013318
:1074D000DBB2092B01D82B70E1E7002301222B70CE
:1074E000424B1A70DBE76420C3E7132B00D86BE72D
:1074F000304B1170DB6F04221C002F4D14401342DF
:107500000DD12E482F6D03782D495E007752AE695C
:1075100001333243DBB2AA61092B04D80370324A2B
:1075200013880133ECE6274D047014222800FAF783
:1075300027FA2F4B10491B7801938B780293019BFC
:10754000022B59D1264A62331370264A1370029ACD
:107550009A4205D001228B70264B1A70FDF7FCF978
:107560000022224B1A70194B1A70D8E70010004005
:107570001E110020212F0020181100201B2F002099
:107580001A2F0020182F0020F5240020F6290020B3
:10759000A52F0020A42F0020F6240020E82E002094
:1075A000E32E0020C22E002016110020152F0020EF
:1075B000162F00200424014000240140142F002035
:1075C000002F0020EC2E0020D74F0000F7290020CC
:1075D0004F3A0000B7F8FFFFB20200008F400000F2
:1075E000FA290020F9290020EA2E0020F82900209D
:1075F000D02E0020DA2E002028002E0023002200AA
:10760000250001006F0034887F5AA74200D2150080
:107610005F00CF5BA74200D913000132D2B202361D
:107620000A2AEFD1002422009D4247D10823028874
:10763000013BA418DBB2A4B20230002BF7D1C14B3E
:10764000C14DC24EC24F9C4200D922E2C14B9C4266
:1076500000D824E26420C04AE3089B185843BF497D
:10766000FAF7A4FB019BC0B2012B00D024E2031C5B
:10767000002800D10123D8B23B78B94A83424AD2CC
:10768000B84B1188994208D9002133781180622BB8
:1076900002D80133DBB233703B700022B24B2A7048
:1076A0001A703378029A934200D138E7AF4A937048
:1076B0000122AF4B1A70FDF74FF930E7AA4204D010
:1076C0009A4202D001886418A4B20132D2B20230C8
:1076D0000A2AF3D1B3E72B780133DBB22B70092BE5
:1076E00004D9002301222B709F4B1A70019B002BA1
:1076F000C2D13B789A4A834210D99A4B1188994259
:10770000CFD9019933781180002B02D0013BDBB235
:1077100033703B70C5E700231380BEE7019B1380E5
:10772000BFE700231370934A934913688B4200D13B
:107730001CE6002B00D119E690481160036015E6A5
:1077400000208F4B10701A78884C824211D018702C
:107750002378012B0BD0022B00D19BE0834208D170
:107760006078022803D0032801D0012801D1FEF758
:1077700071FA844E3378002B15D0834D2B78022B71
:1077800000D189E0032B00D18BE0012B04D1122022
:10779000FEF760FA02232B702B78032B03D9012309
:1077A0002B7000233370794A13780133DBB2FF2B3F
:1077B00000D100231370764A13780133DBB2FF2B1C
:1077C00000D10023734913700878002806D1724A4B
:1077D000138801339BB2312B68D8138096216F4AEE
:1077E0004900138801339BB28B4268D213806C4BE3
:1077F0006C4E01931B78002B16D0962233885200D2
:1078000001339BB2338093420FD3674B1B78002B1D
:1078100008D19023DB051B68DB0603D4634B1B7880
:10782000002B52D191235B0033802378022B00D1AF
:1078300084E04F4B1A78002A04D0002210201A70DE
:10784000FEF708FA00225A4B1A705A4B1A680023A6
:10785000920608D590238022DB051B689201134015
:107860005A42534101339621534A49001370534AF7
:10787000138801339BB28B4200D3AFE01380962173
:107880004F4A4900138801339BB28B4200D3EBE08F
:10789000138073E508206AE71320FEF7DBF9032362
:1078A00079E71420FEF7D6F9042374E7012310804A
:1078B00022780B70002A91D12D4A13708EE7002395
:1078C000138001223F4B1A7091E701223E4B1A7040
:1078D00072B63E4BDF271968F8235B0219407F021E
:1078E0002000791A0532FAF7B3F900281FD0384B77
:1078F000062221001800029304ADFAF741F808F0BF
:1079000047FB344B28000593049708F019FB08F057
:1079100033FB08F03DFB4023029A2B812D4B2800BE
:1079200007920593049708F0DDFA08F025FB62B68C
:107930000023254A1370019A137075E7264B1A7BB2
:107940005B7B82E7D74F0000F7290020FA2900204F
:10795000F92900204F3A0000B7F8FFFFB2020000FB
:10796000EA2E0020C3090000F82900201811002089
:10797000DA2E0020FC29002008140100E42E00204B
:10798000E22E0020E12E002014110020E02E002025
:10799000DF2E0020DE2E0020DC2E0020D82E00203E
:1079A000D62E0020D42E0020A52F0020D32E00207C
:1079B000D12E002000080048D02E0020CE2E00201E
:1079C000C62E0020D72E0020D22E00200014024008
:1079D000002A0020FF41FEFF0038024000232578E6
:1079E0001380022D00D14AE7374A1178994244D1D9
:1079F000364B1B78002B08D1354B1B78002B04D15C
:107A0000344B1B78002B00D139E7002D00D036E72E
:107A10006478012C0CD12D4B1A78002A00D12EE766
:107A2000002205201A70FEF715F92B4B1C7026E773
:107A3000022C0DD1264B1A78002A00D11FE7002214
:107A400006201A70FEF706F90122234B1A7016E77A
:107A5000032C00D013E71F4B1A78002A00D10EE741
:107A6000002207201A70EDE700211C4B11801A78C4
:107A70008A4200D182E4197080E4002DC8D0012D23
:107A800000D0FCE604201370FEF7E4F8124B1D70E2
:107A9000F5E6019B6420012B12D16320ECE5019BEC
:107AA000012B00D1E6E52B7800200133DBB22B70EF
:107AB000042B00D915E619E6094B9C4200D80AE6CA
:107AC00000232B7012E6C046CC2E0020CB2E0020C7
:107AD000CA2E0020C92E0020C82E0020C42E00204F
:107AE0008F400000F8B50025C0246C430B4B0027E5
:107AF000E4180DE07300F2B2E35AF9B2E8B20136CD
:107B000005F0E6FF102EF5D101372034062F01D005
:107B10000026EFE70135052DE6D1F8BD461001003E
:107B200010B586B00400019172B608F031FA6A46C9
:107B300004230294E443138202A801AB0593039447
:107B400008F0D0F908F018FA62B6012006B010BDAE
:107B50000200F820E02370B51D4C0D0021684002A2
:107B600001405B025B1A1E68F02321685B02014042
:107B70005B1A1B68002B13D1164BF318591E8B414F
:107B8000F8202668216840020E335B03014006405E
:107B90009E1B5B1A10495B189E4209D9802014E095
:107BA000AB20002E11D10B495B1859424B41E7E73E
:107BB000316801310AD1F82320685B0211041840B2
:107BC00029438019FFF7ACFF012070BD0436E3E7BD
:107BD0000014024012111111FC1F00009023F0B597
:107BE00087B000928A1805900191DB009A4201D972
:107BF0005B1A0093009B002B3DD000273A00019BAD
:107C00000599DB19895C404A4033D05C884225D015
:107C1000D1549021C9008B4220D2590803910121EF
:107C20008B43D35A039819000493FFF791FF8028E0
:107C300014D1F820E022354C400223685202034060
:107C4000D31A19682368F02403406402E31A1B68FE
:107C5000002912D026001400002B0FD00137009B02
:107C6000BFB23A009F42CAD32948019B009A0599A6
:107C70001818F9F785FE07B0F0BD1600254BF02265
:107C8000E5186B1E9D41520294466B032500634428
:107C90000293280008F0D2FD80239B00ED18029B80
:107CA0009D42F6D11C492000FFF73AFF0499039842
:107CB000FFF74EFF0128D1D10025134A6B009B1816
:107CC0001A88002A18D1154B01359D42F5D1114B68
:107CD000F5186B1E9D41F0236D035B02ED1830001B
:107CE00008F0ACFD80239B00F618B542F7D10021C7
:107CF0002000FFF715FFB1E71988280089B2FFF7C8
:107D000027FF0128DFD0A9E7002A00200014024045
:107D1000402A00200040FEFFEEEEEEEE41020000A1
:107D200037B50D000400FEF70FFAA84206D06B46E7
:107D30000222981D21000580FFF750FF37BD00008B
:107D40000A4910B54A785307DB0F83420CD0012350
:107D5000034004209B0082431A434A700988FFF7BE
:107D6000DFFF0220FDF7EEF910BDC0468A1A0020A1
:107D7000002337B504000D000422010001A801937F
:107D8000FEF7CAF9019B9D4205D00422210001A8FB
:107D90000195FFF723FF37BDF8B5F827724D734AF9
:107DA0002B687F02724E3B40136013680021714ABA
:107DB0003000F9F7F9FEE022F0212B6852023B4037
:107DC000D31A1C682B6849023B40CB1A1B68002C55
:107DD00031D0002B00D0ADE0F8202B682A6840029B
:107DE0000340024090206449C000C91A634B9B1AAB
:107DF000994245D8624B9C4259D0013400D0A2E050
:107E0000E024F02764027F02200008F017FD8023A1
:107E10009B00E418BC42F7D1F822DF212B68520204
:107E2000134049023000C91A4022F9F7A9FD012286
:107E3000544B1A70F8BD2A6853483A402968801A92
:107E4000524A3940521A90420CD8002BC4D0013308
:107E50004DD1F02460020134E4B208F0EFFC002CB4
:107E6000F8D1D9E790271168FF00090CB942ECD28C
:107E700011688C46674602CA090C49007752E2E74E
:107E80001A68120C8242B5D21F6804CB120C520041
:107E9000B752ADE7200008F0D1FC80239B00E41826
:107EA000BC42F7D100212000FFF73AFEB4E70024DE
:107EB0006300F3181A88002A11D1354B01349C4213
:107EC000F6D1E02000214002FFF72AFEF0246002F4
:107ED0000134E4B208F0B2FC002CF8D19CE7198818
:107EE000200089B2FFF734FE0128E6D094E7630052
:107EF000F3181A88002A15D1254B01349C42F6D17B
:107F0000F0200021E024F0274002FFF709FE640280
:107F10007F02200008F092FC80239B00E418BC4202
:107F2000F7D179E71988200089B2FFF711FE0128FF
:107F3000E2D071E71248844208D0013403D1140022
:107F40000F008342A6D008F088FC65E7F0240133D7
:107F5000F9D160020134E4B208F070FC002CF8D1D1
:107F6000E020210040029FE700140240EC240020A2
:107F7000002A0020C2040000FFFF010004E001000D
:107F8000EEEEEEEEEA240020FFDF010004C0010067
:107F900041020000902030B510240F4B0F491A7891
:107FA0000F4BC0050D78002D04D10568254201D185
:107FB000002A03D0013B9BB2002BF3D18022094B56
:107FC00052029A60BFF34F8F074B084ADA60BFF343
:107FD0004F8FC046FDE7C046D22E0020A52F0020BF
:107FE000A08C0000000C004800ED00E00400FA0541
:107FF000012210B511000D4806F005F980239020EC
:108000000A4C5B02A36001220821C00506F0FBF8C0
:10801000802390221B03D2059360022101222000BD
:1080200006F0F1F880239B02A36010BD000C00480D
:1080300070B5002406000D00A04206D006F05CF8E2
:10804000801B80B2A8426441E4B2200070BD70473A
:1080500010B500240D4B1C7005F08CFF200005F0BE
:10806000F5FE200005F00CFF094B1C70FDF79AFE91
:10807000062221000748F9F797FD074B1C70074BB4
:108080001C70074B1C7006F067F810BD511B0020D8
:108090008C1A0020711A0020701A00206F1A00201C
:1080A0006E1A002010B50400832811D105F0CAFE15
:1080B000C0070CD4532005F0FDFEFDF773FE6420CD
:1080C00006F0E0FE532005F02BFFFDF76BFE10BD20
:1080D00084280DD105F0B6FE4007F8D4472005F0FE
:1080E000E9FEFDF75FFE642006F0CCFE4720EAE7DC
:1080F000031FDBB2A02B23D8284B9A78012A13D177
:10810000274B197800237F290FD9264BC1085B180C
:108110009978072303409A400A420DD0200005F0C9
:10812000FFFEFDF73FFE07E000231F4AD15CA1429E
:10813000F4D00133062BF9D1200005F0BBFEC4E7D3
:1081400003002033DBB2072B08D8072101230140AD
:108150008B40164A11780B431370B6E703005B336C
:10816000DBB2022B04D8243CA0B205F06FFEAEE7D0
:1081700003005833DBB21A2B05D80D4A5B00985A1E
:1081800005F07EFEA3E703003333DBB2122B9ED84B
:1081900005F044FD05F0E0FF99E7C046101100200E
:1081A0008A1A0020501500204A150020511B00207B
:1081B000C00D010010B5002812D0822811D105F0A1
:1081C00041FE80070CD4392005F074FEFDF7EAFD6E
:1081D000502006F057FE392005F0A2FEFDF7E2FD23
:1081E00010BDFFF75FFFFBE770B5C2B20500010AE3
:1081F000C30425D50F230B40013BDBB2072B58D816
:108200003149CB5C502A4CD0512A4CD0522A4CD008
:1082100003244F2A24D1002B22D100212B4A0B000A
:10822000105D88421CD02A4D11552B5D8B4206D122
:10823000284B6200985CFFF7BDFF01232B5570BDF2
:10824000012302200B40014200D0034304200142DD
:1082500000D0034308200142D4D00343502A2FD139
:108260001E001D4A1478A6439C43002E02D0300005
:10827000FDF7EEFD002C02D02000FDF7E1FDEDB290
:108280002800FFF797FF2800FEF7D2FE002C02D04F
:108290002000FDF7DDFD002ED1D03000FDF7D0FD30
:1082A000CDE70024B7E70124B5E70224B3E70024B3
:1082B000B3E7502AFBD00023512AA7D10124ACE711
:1082C000512AA3D1CCE7C04618100100751B00202D
:1082D000791B002020100100511B0020F8B504007C
:1082E00000230B4D0B49E6B22F782B70FCF76AFE8A
:1082F0003000FFF75FFF012006F0C4FD3000FEF7FD
:1083000097FE20000449FCF75DFE2F70F8BDC046C3
:10831000511B00209D5E0000B55E000010B550208E
:10832000FFF7DCFF10BD10B54F20FFF7D7FF10BDE2
:1083300010B55220FFF7D2FF4A20FFF7CFFF10BD44
:1083400010B55120FFF7CAFF4A20FFF7C7FF10BD45
:108350000A2010B5FF30FFF7C1FF10BD10B54E2049
:10836000FFF7BCFF10BD10B54B20FFF7B7FF10BDE6
:1083700070B50D000400FFF71DFF281E00D101207D
:1083800006F080FD2000FEF753FE70BD002110B501
:10839000392800D15031FFF7EBFF10BD73B54B7991
:1083A00005000C00002B3AD04A78052A34D8097809
:1083B0000F2931D8374B12019B185B5CFF2B2BD058
:1083C0000026354A915D99421CD105F095FE031CAB
:1083D00080B2324A7600002800D10123B3522A2D00
:1083E0001FD16379002B2AD005222D4B1B78134017
:1083F000934224D12A20FCF72FFD4C20FFF7C6FF23
:10840000012076BD0136242EDCD12A2D09D1EBE7DF
:10841000244A13700020F4E72A2D10D1E4E72A281B
:108420000DD02C2D0BD16379002B08D11E4A117869
:10843000002904D013701D4A13701D4A13706B4637
:108440009E1D022221003000F9F79AFA3388002B92
:10845000E0D16379002BDBD0164B174A1B781278DA
:108460001343D7D00124DB06D4D52800FCF7F4FC55
:108470000C4A1378002BC3D11470104A137005F006
:108480003BFE80B20E4A031C002800D1231C13803F
:10849000B6E7C046F80E0100D40E0100F21A002023
:1084A000511B0020EF1A00203C1B00203B1B00202A
:1084B0003A1B0020F11A0020F01A0020EE1A0020CA
:1084C000EC1A0020F0B5B54BB54EB64D87B0336011
:1084D0002B7804000191002B02D00022B24B1A60CD
:1084E0002300E03B9BB20393072B0CD8AF4B039ABE
:1084F0009B5C002B07D00198AD4940790A78002891
:1085000036D013430B70002220000199FCF7EEFCDB
:1085100000282BD12000FCF7C5FC00280AD1A54B70
:10852000A54A1B781278134332681178002B22D1A8
:10853000002923D02000A14A0199FCF7D7FC029022
:10854000002813D13268019B51885B79A14259D12F
:108550009B4E9C4C002B28D005F0CEFD80B2031C16
:10856000002800D101233380002323700020B7E1CD
:108570009A430A70C7E70B41DB07DBD5536A002B30
:108580000DD020009847002809D033689B6A002B43
:10859000D0D0019A2000517998470028CAD0019B79
:1085A0005B79002BC6D0200087E02378002B0BD00E
:1085B000854D2888002802D0C0B2FEF739FD00237F
:1085C0002B8000233380D0E73388002BF9D02B7821
:1085D000042B02D1FEF76CFDF3E7D368002B0DD11D
:1085E0007A4B1B78002BECD0794B2A781A70FEF767
:1085F00037FD04232B70FCF725FCE2E798470028A1
:10860000EED1DEE72A78042A0AD1039907292CD86B
:10861000002B05D023009343E12BC4D0FEF748FD87
:108620006A4B019A05931B785779002B00D1E9E03A
:108630003268927C002A00D1E4E0292C00D06CE161
:10864000002F00D1FEE02B78002B00D0E1E0584B4A
:1086500022221B781900914300D0DAE09A0700D457
:10866000CCE05C48FFF73AFE9DE7002B49D00F2C89
:108670000ED80A2CD2D9200022224D4B0B381B7861
:1086800013400428CAD8F9F7ABFC12C91B263100E5
:10869000282C32D02C2CC1D105F02EFD80B24E4AB0
:1086A000031C002800D101232C20138005E0CF20DB
:1086B0004A4B1880FFF7F6FC0B20FCF7CDFB55E783
:1086C000CE20002B00D00C30444B5880C0B2FFF7B6
:1086D00071FD0D20F1E7CD20002B00D00C303F4B79
:1086E0009880C0B2FFF766FD0E20E6E7D0203B4B36
:1086F000D880FFF7D7FC0F20DFE7D220FFF7D2FCAE
:1087000051E70F2C0AD80A2C8AD920000B380428EC
:1087100086D8F9F765FC1785222D3800282C69D0FA
:108720002C2C00D07CE72E4F2B4A3B780492002B58
:1087300058D0D120FEF730FC029B3B700023049AF6
:1087400013806DE7254F3888002800D168E7C0B254
:10875000FEF76EFC00233B8062E7204F78880028FC
:1087600000D15DE7C0B2FEF763FC00237B8057E7D2
:108770001A4FB888002800D152E7C0B2FEF758FC63
:108780000023BB804CE7154FF888002800D147E74D
:10879000C0B2FEF74DFC0023FB8041E7A00E0100B4
:1087A000E81A0020A51B0020E41A0020960E010004
:1087B000521B0020F11A0020F01A00209D830000B7
:1087C000E21A0020E01A0020DE1A0020A61B00207A
:1087D000501B002035020000441B0020481B0020D5
:1087E000461B0020049B1B88002BA7D0D120FFF73D
:1087F000CDFDA3E7D220FEF7CFFB11E7002B08D079
:1088000035202FE7292C00D087E0002F1AD0002B2D
:1088100018D02222AD4B1B78934313D12E78B31E70
:10882000012B0FD9012E5DD1A94B1B78002B09D14B
:108830002B70FCF707FB05F05FFCA64B002800D16E
:1088400030001860019B5E79002E00D164E1A24BDC
:108850001B78002B0ED0A14B1B78012B0AD1A04B0B
:108860001B681D6B002D05D0984B19782F88002FA1
:1088700000D0A8E00B2C00D1BCE00D2C00D11DE1F4
:108880000E2C00D11EE10F2C00D11DE1002E00D0D6
:10889000B7E0E52C09D1934D2B78002B05D00220B1
:1088A000FCF7A2FCFDF77EFA2E7000228E488F4D59
:1088B0000378D1B299420FD2511C4E00AE5BA64252
:1088C00000D095E0013B8A49DBB203705B005B5A44
:1088D00052005352012302930120029B5840C0B220
:1088E00007B0F0BD7B4E3768002F09D100233360FD
:1088F000FCF7A8FA01232B70FCF7A4FA2920DCE688
:1089000005F0FAFB7B4BC01B9842EFD805F0F4FB57
:10891000002800D10130306094E7392C00D091E775
:10892000754B0493002F17D0744B2A781A7005F0FA
:10893000E3FB80B2031C002800D10123049A1380BA
:10894000059B1B78002B05D001232B70FCF77AFACE
:10895000FEF786FB3920B0E6049B1888002800D17A
:1089600070E73368198AFFF763FB049B5A4A1F803C
:10897000137800280BD0002B00D163E75F4A574BD8
:1089800012781A70FCF75EFAFEF76AFB5AE70121CB
:108990004B4018004F4B1F603368DB6A002B01D03F
:1089A0009847F1E7002805D01170FCF74BFA4B4BC4
:1089B0001F70E9E71770FCF745FA514B1F60514BE8
:1089C0001F60514BF4E7BC4210D1EB78AA780B4002
:1089D000002A07D1002B09D1FCF734FA6B689847BD
:1089E00038006AE61A4201D09343F3E708353DE7C1
:1089F0000A005EE70025384B1B78002B04D10120CC
:108A00006EE701256D42F6E7E52C00D1CBE5039B2F
:108A1000072BF4D92D4B1E782D4B32001B78019378
:108A200022239A4317D06B1C22D0019B002B22D10A
:108A30002A4B1F78012F20D12000FCF70DFA334C70
:108A4000635D002B00D091E5314B6A00985CFFF725
:108A5000B1FB67558AE527001E4202D08027BF0080
:108A600027433800FCF710F8002810D1292C0ED02D
:108A7000019B002B01D0FCF7E5F9B606BFD520001D
:108A8000FCF726FA0028BAD1FDF7EEF9B7E738006F
:108A9000FDF716FF0028F0D12000FCF7DDF96B1C74
:108AA00000D163E5019B002B00D05FE50B4B1B78E9
:108AB000012B00D05AE5174A535557E50125002EE2
:108AC00099D12DE00225FAE70325F8E7521B002093
:108AD000AC1B0020E41A0020A61B0020A51B0020D0
:108AE000E81A0020741B0020531B0020521B00209A
:108AF000541B0020B70B0000DA1A0020DC1A0020FB
:108B0000C41D0020C01D0020D81A0020791B0020A1
:108B100020100100751B00200B2C00D0ADE63500A5
:108B20000027074B074E5F55735DBB4200D1BCE683
:108B3000054B6A00985CFEF77BFA7755B5E6C046B0
:108B4000751B0020791B0020201001000A4B8000BB
:108B5000C35870B55A1C0DD072B60F221C001340BA
:108B600094430E3A15009D402000290005F04BFB70
:108B7000A56062B670BDC046800D01000300DA68D2
:108B80000800511C10B5D96019698A4204D21C68CA
:108B9000002C02D05968A04710BD9B689854FBE791
:108BA000F7B51E00C36804000093089B15000191EF
:108BB0009B070DD0002D0DD1089B9B0715D4F7BD49
:108BC00020212000FFF7DAFF0137B742F8D3F1E7A1
:108BD0001700FAE7019B013D2000595DFFF7CEFF2A
:108BE000E8E720212000FFF7C9FFE368009A9B1AFD
:108BF000B342F6D3E3E70000F0B58FB01D00169C3A
:108C000004900392002921D123051BD4302304AA08
:108C10001372203B9C4301310A00A30745D4012372
:108C20001598234000283ED0002B3ED0039B002BFC
:108C300002D10C331C4202D0159B013B15930A0054
:108C400030232AE0102DE7D1AC43E5E76123A206EB
:108C500000D541230E000027DBB20A3B0593290013
:108C60003000F9F79FF8059BCAB2D3188446DBB2EF
:108C7000092901D83032D3B2082004AA1218791C6D
:108C8000D355B542C8D82029C6D00F006646E6E7BE
:108C9000082604A88019835401321598904204D9FB
:108CA000202AF5D101E0002BC9D1302304E00826A9
:108CB00004A88019835401321498904201D9202AC3
:108CC000F5D1082D03D1914201D210239C432C4BA6
:108CD0001C423AD0230522D4002A20D0149B934270
:108CE00002D0159B93421AD1914202D2013A002A36
:108CF00015D0244BEB40DB071FD591423DD2013A02
:108D0000102D12D1A3062CD4202A10D12022159B7D
:108D10000498009406A9FFF743FF0FB0F0BD102D93
:108D2000F0D0022D09D1202AF0D0622300E0782370
:108D3000082004A909188B540132202AE6D0082003
:108D4000302304A909188B540132202ADED0039B5A
:108D5000002B0AD02D23082004A909188B540132B6
:108D6000D5E75823202AE3D1D0E7630701D52B2389
:108D7000F1E72307CBD52023EDE7102DD3D1C1E7B1
:108D800010200000040001007FB5074B0A0001938A
:108D90000023029303930493044B010001A805935D
:108DA00005F04EFE07B000BD89560000FFFFFF7FB3
:108DB00013B56B46DC1D0023010001222000237047
:108DC000FDF7AAF9207816BDF8B51400D31D6A4640
:108DD000DB08DB00D31A00AF9D4605002200684681
:108DE0000E00FDF799F9220069462800F8F730FFD8
:108DF000002804D0220031002800FEF7EFFEBD4617
:108E0000F8BD37B50D000400FFF7D2FFA84206D029
:108E10006B460122D81D21000570FEF7DFFE37BD2D
:108E20001FB50124FDF7C8FB00201A49FEF778FFA3
:108E300000210220FFF7E5FF174B210003201C70E3
:108E4000FFF7DFFFA42104204901FEF769FFFEF7C9
:108E50005DF921000F20FEF78BFF102200216846EC
:108E6000F8F7A2FE220068462521FFF7ADFF042196
:108E70001320FEF77DFF102200216846F8F794FECC
:108E8000042226216846FFF79FFF04F0A7FF04F0A5
:108E900011FE1FBDE3FE0000F01A00207FB52A4A34
:108EA000030CDBB2D45C050AEDB223002100019073
:108EB000002D2DD0062001AB1E78FF217043F8F75E
:108EC00075FF5522524242437600B218032656439C
:108ED000FF21F6B232008E1B4B1B6A437543121200
:108EE0002D128A1A491B6343624361431B121212FB
:108EF0000912DBB2D2B2C9B2062820D8F9F77AF843
:108F0000040613161A1F040022000C00210014008E
:108F1000FF22200011401040090213401B040843A7
:108F2000184304B070BD1A000B00EFE711001A00DF
:108F30002300EAE722001C0013000A00E6E7110004
:108F400022001C00F0E7C046780B0100010030B59C
:108F5000C0B2012916D9F723FF225B01994202D83A
:108F60004A090832D2B20124A01840100500454336
:108F7000ADB2C3B2A94206D2013BDAB29442F3D9F0
:108F8000013CE0B230BDFF28FCD00133DCB2F5E794
:108F90001FB51C0001904BB2080601D549424BB2E7
:108FA0003820C01A80B292B252434043801880B237
:108FB000FFF7CCFF0323434301AAE418147093780E
:108FC00010881B04184304B010BD0000054A064B6E
:108FD00011884B4305495B189BB2180AC018C0B2F0
:108FE00013807047AE0E00200508000019360000FF
:108FF00010B50400FFF7EAFF60430012C0B210BDD5
:109000000F21430615D40B000200034092060B49C2
:10901000920F52005218517812784B431B119B1833
:1090200040B2DBB2002801DA5B42DBB2803BD8B24F
:109030007047C343DAB20B400133E7E7700B01001E
:109040001FB5040C01905008FFF7DAFF0200803AC8
:10905000E4B2D3B2120603D580235B421B1ADBB203
:1090600001AA1288FF2110005B000134DBB26343C8
:10907000120A1B12084012020B401B041043184333
:1090800004B010BD30B585B00190C4B25008FFF7F0
:10909000B7FF0200803A01ADD3B2120603D5802398
:1090A0005B421B1ADBB20D225B00DBB253431B1287
:1090B000E4182C70AB7828881B04184305B030BD29
:1090C0007FB50E00041C01901000FFF799FF3036A9
:1090D0000E4B7600F35C01ADC018C0B20200803ABE
:1090E000E4B2D3B2120603D580235B421B1ADBB273
:1090F0000D225B00DBB253431B12E4182C70AB78DB
:1091000028881B04184304B070BDC046F80E010047
:109110001FB53C23FF334B43154A01901168040CE3
:10912000C918144B89B21879E4B2C0080130484319
:109130000012C0B2FFF764FF0200803AD3B21206F9
:1091400003D580235B421B1ADBB201AA1288FF21E0
:1091500010005B000134DBB26343120A1B120840AB
:1091600012020B401B041043184304B010BDC0464C
:1091700058190020E01E0020024B1A781043187086
:109180007047C04654190020F0B50379070089B034
:10919000002B00D1E6E10121FCF71AFA0022B84BBE
:1091A00005001A80B74B1A707B7993420BD004F0FC
:1091B000A3FFB54B1860B54B1B78013B012B02D8C0
:1091C0000122B34B1A70B34B1A78002A0ED02C2D03
:1091D00000D1A5E1B04A954200D100E2AF4A9542E4
:1091E00000D1FCE1E02D18D000221A70AC4A954263
:1091F00000D118E245D8A84A954200D1EFE12CD819
:10920000E72D00D1BBE10BD8652D00D1C0E1E32DE6
:1092100000D1ABE12C2D00D182E1390028008EE194
:10922000A423DB019D4200D1E2E19E4B9D42F4D19B
:109230007B79002B00D0B0E09B4B3A889A4200D05B
:10924000ABE09A4B1A79012A00D1A6E001221A71EB
:1092500000225A71964B0332DCE1904B9D4200D1C3
:10926000BDE1944BEB189BB2032BD6D8924BE81878
:109270007B79022800D993E1F8F7D0FE9A01A20188
:10928000AB018E4AA81882B20E2AC6D80E28C4D8BE
:10929000F8F7BAFE0F002B0040005B006E00B8002C
:1092A000C400E0003A01C3FFC3FFC3FFC3FFD50101
:1092B000EA017A79824B002A12D001241C70FBF754
:1092C000E1FA7A4B1A78A2420BD000201C70FCF70E
:1092D000C1FCFBF741FB7B4B1C7004F00DFF00E071
:1092E0001A70794B00221A8057E07A79774B002A5E
:1092F000F6D001221A70FBF7C5FA6C4B1A78002AD7
:1093000002D15A78012AECD00124002220001A70E0
:109310005C70DCE77A796E4B002AE1D001221A708A
:10932000FBF7B0FA614B1A78002A02D15A78022A68
:10933000D7D0002202201A705870FCF78BFCFBF784
:109340000BFB01225F4B1A70C7E77A79614B002A49
:10935000C6D001221A70FBF795FA544B1A78002AEE
:1093600002D15A78032ABCD0002203201A70E3E706
:109370007B79002B11D04D4B1A78022A0DD0022296
:1093800008201A70FCF766FCFCF738FFFBF7E4FADC
:1093900000224C4B1A7004F0AFFE7C79002C00D1F7
:1093A00011E24D4BEB189BB27F2B01D900F039FE37
:1093B000EDB20F2D00D9C7E00121912007AA04F0DA
:1093C000A1FB04AB1C7B002C00D0BDE0002D00D025
:1093D00060E10126079407A8FCF702FF002800D1EE
:1093E000B2E0012800D0A6E107A8FCF7F9FE0400CE
:1093F0000138032800D962E1F8F710FE5C0168012A
:109400006E0174017B793549354A002B04D0012364
:109410000B7000231370C0E70B70FBE77A79002A0A
:10942000BBD1224B18795979012805D10129B4D132
:109430005A71FBF791FAB0E70029F9D10122E32034
:109440005A71FDF7A9FDE720FDF7A6FD6520FDF7A0
:10945000A3FDEEE77B79002B9FD0224C23787F2B56
:1094600042D9FEF7F5FD7F222378134000222370B6
:109470000E4BDA70FBF770FA0D4B03221A708CE773
:10948000D82E0020D72E0020801A00203D1B00205F
:109490007C1A00207B1A0020225200002352000078
:1094A000037C00000152000002030000181100209C
:1094B0007A1A0020B787FFFFB687FFFF0082FFFF01
:1094C000CC2E0020C82E0020CE2E0020CB2E002037
:1094D000CA2E0020C92E00200089FFFF3B1B002060
:1094E0003A1B00208A1A0020DB090BD1FEF7B0FDE1
:1094F000802322785B42134301222370C14BDA7030
:10950000FBF72AFAC04BB8E77A79002A00D044E783
:109510001A78002A00D040E701211970BB4BADE753
:109520007979002909D11B78002B06D0B74A137826
:109530000133DBB2032B17D8137039002C20FEF750
:10954000C1FF002800D028E7B14B1B785B0709D08A
:109550007B79002B06D0AF4B5B785B0702D50220EE
:10956000FBF7F0FD09B0F0BD1170E6E7A54B5B79A4
:10957000002B01D000237B713900E320DFE7A14BF2
:109580005B79002B01D000237B713900E720D6E7FF
:109590009C4B5B79002B00D1FFE600237B71FCE63E
:1095A000002B00D0F9E69C4BDB78C72BAAD8F4E659
:1095B000002B00D0F1E6984BDB78002BA2D0ECE634
:1095C000002B00D0E9E6944B1B79FF2B00D0E4E69A
:1095D00098E7002B00D0E0E68F4B1B79EDE77B7915
:1095E000002B02D001228D4B48E700228B4B45E730
:1095F0007B79002B00D0D0E6894B3A889A4200D084
:10960000CBE6804B1A79002A00D1C6E600221A71F7
:10961000844B01321A70E220FDF7BEFCE320FDF717
:10962000BBFCE6200DE77A797F4B002A05D00122AA
:109630001A7000237B717D4B54E61A70FBE77B792F
:10964000002B00D1A9E67A4B1C681E68FBF702FAD2
:10965000E1046C4CB60424780300F20FC90F0094A7
:10966000744807F015F998E67979002900D094E656
:10967000644B01201C796B4A002C06D118715C7177
:1096800003231370FBF7D2FCC5E719711070FBF7C9
:10969000D9FCC0E7922C00D156E72000012107AA8F
:1096A00004F030FA04AB1B7B0134002BF2D1013DF6
:1096B000EDB28BE607A8FCF793FDFEF767FE3000DE
:1096C00005F0E0FB002C00D085E63DE707A8FCF79D
:1096D00087FDFEF76FFDF2E707A8FCF781FDFDF7B8
:1096E000A7FCECE707A8FCF77BFD0025040004229B
:1096F000514B1B5D134215D10120002D0FD0FA22D2
:10970000002392002800E917F8F73CFC00234B4A9D
:1097100080185941FA2200239200F8F7E1FC05F085
:10972000B1FBCCE70A2307A85D43FCF759FD303CA9
:1097300065190400DBE70722414B1B5C0393C30858
:109740001040404ADBB2D25C02411100314004912A
:109750003D49C95C014131400D003C49CC5C0441AC
:109760003440324205D0E120FEF79CFC300005F089
:1097700089FB002D05D0E620FEF794FC300005F0B3
:1097800081FB03980021FEF7F3FD300005F07AFB22
:10979000002D05D0E620FDF7FFFB300005F072FB41
:1097A000049B002B05D0E120FDF7F6FB300005F00F
:1097B00069FB002C00D10EE62C20FEF7E7FD3000FF
:1097C00005F060FB07E6224BE818062801D900F0F7
:1097D0001BFCF8F70FFC0E12040B3F434700262337
:1097E000E1221100200006F0C1FCADE62723E522AE
:1097F000F7E72623E122E021F4E72723E522E4210D
:10980000F0E7C04618110020791A0020781A0020CD
:10981000881A00208A1A0020E01E0020771A0020F3
:10982000010300007A1A0020C42E0020C62E00205A
:1098300000040048F40A0100B1080100E703000039
:10984000160E0100060E0100F60D0100F60D0100D6
:10985000E883FFFF2623E122E221C3E72723E52255
:10986000E621BFE728230122E521BBE70123227877
:109870001343237004202188FEF752FAFEF7E8FB19
:1098800062E60823627813432CE002232278EFE794
:1098900004232278ECE708232278E9E701236278A1
:1098A000F1E702236278EEE710232278E0E7202335
:1098B0002278DDE740232278DAE7FEF7C9FB802330
:1098C00022785B42D4E70C2322789A43D0E7032323
:1098D00062789A43D7E7012223789343C9E70822A5
:1098E000637893436370C5E702222378F5E7042287
:1098F0002378F2E708222378EFE701226378F0E784
:1099000002226378EDE710222378E6E7202223780D
:10991000E3E740222378E0E7FEF79AFB7F222378F3
:109920001340A6E70C222378D7E703226378D8E711
:109930000122042023785907C90F8A4391008343E9
:109940000B430821D2008B4392E701210800637882
:10995000DA07D20F904302228B4303434100934323
:109960000B43BFE7012223785906C90F8A439201AE
:109970004021E8E7FEF76CFB01222378D9094A4031
:109980007F21D2010B4073E701210E20FFF739FA46
:1099900070E70021F9E701222378D906C90F8A432D
:1099A00012011021CFE7012108002378DA07D20F36
:1099B00090430200C7E7012263781907C90F8A4361
:1099C0000821D2008B435EE755221B789343190090
:1099D000481E8141AB4A35201170002B00D10C3854
:1099E00004F068FAFCF7DEF9AEE5012003F034FF7D
:1099F000AAE5002B33D003F091FFA5E5002B33D06F
:109A000003F0BEFFA0E5002B33D003F0D9FF9BE5A8
:109A1000002B33D003F0F8FF96E5002B33D004F091
:109A200015F891E52222984B1B781340974AA81805
:109A30000E2835D8F8F7D4FA080ED9DD11E216E76A
:109A40001BEC20F1252A2F0003F016FF0120FFF761
:109A500093FB79E503F024FFF8E7002BCBD003F06C
:109A60004FFF71E5002BCBD003F07EFF6CE5002BA0
:109A7000CBD003F093FF67E5002BCBD003F0B2FF10
:109A800062E5002BCBD003F0D1FF5DE5002B04D0C5
:109A900003F0FEFF58E5002BFAD003F0E7FF53E593
:109AA0007B4B9D4215D07B4B9D421DD07A4BEB18D2
:109AB0009BB21F2B1DD8002C2AD11F2301342B4011
:109AC0009C40E4B221000320FFF79BF9734B1C700C
:109AD0003AE50120002C09D0FBF7A8FA0322022165
:109AE0000120FBF705FB2FE50220F3E7FBF7AAFABD
:109AF000F4E7002C2BD06A4B9D421CD0694B9D4251
:109B000010D0694B01209D4212D0684B9D421AD063
:109B1000674B9D4211D0033B9D4218D1FEF798FA46
:109B2000FCF71EFB634B587801234007C00F5840D9
:109B3000FEF706F908E50020FAE7FCF73DFD0020F6
:109B40005D49FEF7EDF8FEF783FAFEF723FA3B884E
:109B500006AD2B800698002C5AD0FBF711FD0400AF
:109B600001000698FBF77AFA2A8807AB1A802000D2
:109B70000799FBF7CDF9FBF71FFC0022BB797D7934
:109B80001B0903934D4B041C05931B7804925B0740
:109B90002BD00495954228D023041B0E19000F32B8
:109BA0009143402910D0C1B20A0000202032D2B225
:109BB0000490072A19D91F229343202B04D101298D
:109BC00013D9039B834210D000223A4B04925B7856
:109BD0005B070AD50220FBF7B5FA0722059B1B7825
:109BE00013405A425341DBB204932304180F0B284D
:109BF00000D989E0F8F712FA10001000660066003C
:109C0000DF00F30088008800FE006B017E017E010A
:109C1000FBF74CFA0400A7E726052304360F1B0EBA
:109C20000F2B00D93601E4B2002D13D0002E0DD039
:109C300023002033DBB2072B02D9214A002C00D1AC
:109C4000114A137833431370FCF7ACF82000FEF789
:109C5000B1FA59E02000FDF7EBF9002E54D02300B3
:109C60002033DBB2072B01D9002C03D13000FBF7E6
:109C7000BBFA03E0124A1378B3431370FCF792F86F
:109C800042E0C046851A0020511B0020C087FFFF1C
:109C9000777C0000787C000020ADFFFFF01A0020E8
:109CA0005B7C00005C7C00005A7C0000017C0000B2
:109CB000037C00008A1A0020FFFF0000881A0020A1
:109CC0008C1A00200F22230426051B0E360F934307
:109CD000202B00D03601E4B2002C07D0012C52D04A
:109CE000039B002D5BD0002B2CD0AFE7B34B5B78F0
:109CF0005B0722D4002D05D0002E05D0B04A137882
:109D00003343BAE7002EB1D1049B002B00D19CE075
:109D1000059B1878012302001A40184200D094E0F5
:109D20007A71C008FBF782F93800FFF72DFA059B1E
:109D30001878C008FBF786F987E0039B002D11D047
:109D4000002B03D13000FCF783F8DDE7039B012BE8
:109D5000DAD19C4A13781900334331408E42D3D074
:109D60001370D1E7002BCFD13000FCF769F8954A8A
:109D70001378334201D0B3431370934A13783342BC
:109D8000C2D0B343ECE7039B002D02D0052BBBD818
:109D9000D8E7042BB8D83000FCF752F8B4E7002B12
:109DA000F9D05020392C00D0012005F06BF82000AC
:109DB000FDF73EF9A8E72005800F09D00128A3D1BF
:109DC0000020854201D0A005800D04F059F89BE7E2
:109DD000002D01D0A005800D04F038F894E7E0B222
:109DE000002D04D003F01AFF04F0B6F98CE703F05D
:109DF0006BFFF9E723049B019B0F32D1002D22D189
:109E0000102023065B0F9B002107DBB2090F99404E
:109E10000200C9B22240204203D00F229A40D2430E
:109E2000D2B224056948A40F022C14D0032C16D0FA
:109E3000012C04D003780A431A40027003E003782F
:109E40000B431343037003F0F1FF00213800FBF7CD
:109E5000BFFBFFF787FB03780A435A40EDE70A434D
:109E6000EBE7A3059B0FDAB2002D21D0DB07EAD583
:109E70002206520F92002007D2B2000F9040C1B2CA
:109E8000102003002340204203D00F239340DB43E4
:109E9000DBB22405A40F022C11D0032C14D04C4AA1
:109EA000012C08D010780B431840FBF7ADF8CAE737
:109EB000012AC8D9DCE7107808431843F5E7444A7B
:109EC0000B4310785840F0E719430800EDE7E6B27D
:109ED0002405240F002D06D02000FBF7A7F8300042
:109EE000FBF7B6FFAFE73000FBF7AAFF2000FBF758
:109EF000A9F8A8E7E6B23000F038042843D8F8F70C
:109F000079F80326141B2200039B002D0AD0042B92
:109F100099D80120E404E40EA0402D4B1B78584052
:109F2000C0B2C2E7052B8ED8F3E7E004C00E002DC7
:109F3000DDD1FBF77BF886E7281EB6D00120E404CC
:109F4000E40EA040ECE71D4B5B785A0704D4E00414
:109F5000C00E002DCBD0ECE7002D09D0E004C00EE0
:109F60005B07E6D50323C2001343059A1370E0E7AD
:109F70000120FBF7E7F8039B012B00D863E70220E1
:109F8000FBF7E0F85FE7039B002D08D0002B03D020
:109F90003000FEF70FF956E7E004C00EC9E7002BCA
:109FA00009D05020392E00D0012004F06BFF300082
:109FB000FDF73EF847E7E004C00E98E78A1A002054
:109FC000511B0020861A0020871A0020F01A00205A
:109FD000F11A0020314A324B954200D1F4E422229A
:109FE0001B7813402F4AA8180A2800D958E5F8F71B
:109FF0000BF8FCFC00FD34FD05FD39FD0AFD3EFDBE
:10A000000FFD43FD14FD48FD244B9D4200D009E5A2
:10A01000254B35201B78002B00D10C3803F080FF36
:10A02000E0E4224BE818062801D8FFF7D2FB002213
:10A030001F4B1A701F4BEB189BB2222BCAD804205F
:10A04000FCF782F81C4C1D4B2080E818212801D910
:10A05000FFF70CFCF7F7D8FF3FFCA7FC48FC19FC06
:10A060001CFC4BFC1FFC4EFC57FC28FC9FFC2BFCF3
:10A070005AFC2EFC5DFC86FC31FC60FC8EFC37FC3F
:10A0800066FC6CFC22FC51FC25FC54FC3BFC69FC8E
:10A0900079FC98FC9DFC15FC43FCAFFC167C000091
:10A0A000511B0020E087FFFF851A0020E883FFFF97
:10A0B000841A00200090FFFF8A1A0020FF8FFFFF04
:10A0C000F8B51A4883790F2B2BD84379002B28D069
:10A0D000174B05881A78174B46881C7807239C462F
:10A0E000154FA2421DD0D300DB191979002919D0D0
:10A0F0001988A94216D15979002913D15988891B89
:10A1000089B2C7290ED80F241021827922400A4330
:10A1100082719A79224011439971FFF735F8FBF764
:10A1200001F8F8BD634601321A40DAE7D01A002080
:10A130008E1A00208D1A0020901A0020F0B504001D
:10A1400087B00622010002A8F7F71AFC774E65795E
:10A15000337922790193002B13D1002A0FD0002DDF
:10A1600000D1DEE02000FBF75DFA002800D1D8E046
:10A17000082221003000F7F703FCFFF7A1FF0125BB
:10A1800043E073796788009373880099FB1A9BB248
:10A19000002900D19FE0C72B67D8002AEFD0B37900
:10A1A000328821880F2B52D891420DD1002D49D1F0
:10A1B0000F221340013213433000B371FEF7E4FF66
:10A1C000B379A371002520E0002D3BD12678677874
:10A1D0002A003900300006F00DFA2A00390030005C
:10A1E00006F008FA051EEDD10298FBF70BFAC3B290
:10A1F00000040F21020F032A0AD8012A11D9000EE8
:10A20000014213D0A2790F2A10D8280007B0F0BD60
:10A2100006320A40012A0ED92000FEF7B5FF009D44
:10A22000F3E7000E014201D0002BEED02033DBB269
:10A23000072BEAD9F0E7EF2BE7D90F33DBB2022B7C
:10A24000E3D9E9E70123B2791343B371BAE7914245
:10A250002AD1002D28D1A3712000FEF795FF0822F6
:10A2600021003000F7F78CFB89E7B3790F2B08D872
:10A270003000FEF789FF082200213000F7F794FC38
:10A28000A0E7002A00D17AE73188228891420BD1D9
:10A29000002D09D12000A371FEF776FF08222900C6
:10A2A0003000F7F781FC6AE72000FBF7BBF90028D4
:10A2B00037D0002D35D0B3791F2B00D858E732881E
:10A2C00004A80280019A47800271002283714271C2
:10A2D000FEF75AFF4CE7C72BCDD8002A00D14EE736
:10A2E000002D1ED0328823889A4210D1B379DA0724
:10A2F000B5D40F2BB3D90F21A3718B43F02BABD067
:10A30000A3791A09013212010B401343A3E720007D
:10A31000FBF788F9002800D02AE70123B27913431C
:10A32000B3712000FEF730FF29E7C046D01A0020A5
:10A33000F0B50D0A8BB0EDB202AA02905160002D6B
:10A3400002D000212F4B1970002302A9CB81029B60
:10A3500004AC04931679002E09D001212000267147
:10A360006571FBF735F901212000FBF731F96571C3
:10A3700006AD2100082228002671F7F701FB28000E
:10A38000FFF7DCFE041E1DD11F4B204F00931B78EE
:10A390000822290008A801933E78F7F7F1FA2B79F3
:10A3A000002B0FD00723751C1D40019B9D4212D02E
:10A3B0001748F6000822801908A9F7F7E1FA3D705E
:10A3C000FAF7B0FE0725104C104B20781B7883421B
:10A3D0000CD10BB0F0BDFDF73BFE009B0822210025
:10A3E0000C483C701C70F7F7DFFBEBE7084BC00034
:10A3F000C018FFF7A3FE0028EBD0237801332B40D1
:10A400002370E0E78C1A00208E1A00208D1A00209D
:10A41000901A0020D01A0020F7B503F06DFE094E07
:10A4200084B23388A3420BD06D4600272F8003F0FF
:10A4300063FEAF80688000980199FFF779FF348050
:10A44000F7BDC046201A002010B5FAF791FA10BDEA
:10A45000F0B5C04B95B01A78BF4C012301908242F1
:10A4600008D12378BD4A9B0712789B0F9B1A5A1E6E
:10A470009341DBB2BA4DAB7063796A789A4205D0EA
:10A480000022110010006B70FBF7E0FB019B2D2BED
:10A4900031D8581E2C2835D8F7F7C0FD3D0069008B
:10A4A000C800FE002F013301350137013B013D019A
:10A4B000410143014501470149014B014D014F0154
:10A4C00051015301570159019001F90138027002FD
:10A4D0007202740276023803D6033D0449044C0428
:10A4E0004E04500452045404560458045A045C04A4
:10A4F0009604FA043405019BFF2B01D100F005FD01
:10A50000002066E0AB78002BFAD00022110010008A
:10A51000FBF79CFBF4E7287803F08CF912AB18806A
:10A520000322611C87B2C6B213A8F7F729FA139861
:10A53000FEF7B4FC03020404C2B21B0E3F0A0092F1
:10A54000240E0293F3B29F4204D800203F23BB4263
:10A5500040413DE0834B6A789B5D1A4205D0220062
:10A560003000029B0099FFF76FFF0136EAE7287879
:10A5700003F060F983B2784F12AA1B0A108000938F
:10A58000BA78FB787E7813AD2E706A70AB70C4B267
:10A590001398FEF783FC02040302C1B2120E1B0ED5
:10A5A0000591039204933B79F6182E701398FEF7E9
:10A5B00075FC0126030405021B0EC7B202932D0E83
:10A5C000009AE3B29A421DD800203F2393424041B3
:10A5D000C0B2634B1A7801321A70002801D000F023
:10A5E000A6FC0221604A11709B78002B01D000F07C
:10A5F0009EFC019B002B01D000F099FC03331370EB
:10A6000000F095FC574B564A1B5D52781A4207D012
:10A61000334207D02B003900029A2000FFF714FFC5
:10A620000134CDE7049B039A0599F6E7287803F0F7
:10A6300001F912AB1880237985B201339B08A77802
:10A64000E6782D0A0093C4B2E3B29D4204D80020FC
:10A650003F23AB424041BBE7424A414B125D5B782E
:10A66000134217D041496300CB5C00991B094B434F
:10A67000394913AA497857705B181370967013986C
:10A68000FEF70CFC02040302C1B2120E20001B0EE6
:10A69000FFF7DAFE0134D7E7287803F0CBF812ABE6
:10A6A0001880237985B201339B08A778E6782D0AB4
:10A6B0000093C4B2E3B29D42C9D92A4A284B125D25
:10A6C0005B78134217D02A496300CB5C009913AA28
:10A6D0004B4321495B11497857705B181370967092
:10A6E0001398FEF7DBFB02040302C1B2120E200036
:10A6F0001B0EFFF7A9FE0134DCE71E4804F04EF9FB
:10A7000067E71D48FAE71D48F8E71D4803F03AFEE1
:10A710005FE71C48FAE71C4803F0A2FE59E71B4814
:10A72000FAE71B48EAE71B48E8E71B48E6E71B484F
:10A73000E4E71B48F0E71B48E8E71B48E6E71B484F
:10A74000EAE71B4803F004FF43E71A48FAE71A4810
:10A75000F8E7C046D00E0020E01E0020CF0E0020FB
:10A76000CC0E0020D80F0100D10E0020590F01009F
:10A77000580F010041900000D956000021570000F9
:10A7800075570000A5570000E55700001958000054
:10A790005D5800007158000095580000B95800003D
:10A7A000FD580000918F00001D5900003D59000028
:10A7B00065590000A1590000DD590000287803F018
:10A7C00039F812AB188087B2061C0A212079F7F7F6
:10A7D00063FABE4B02301D68C0B2ADB245432D12C4
:10A7E0003F0AEDB2F6B2F1B28F4200D8ADE6B84AF8
:10A7F000B84B925D5B78134224D0B74A7300D35CA8
:10A800006278202B20D9A378E0781B021343000440
:10A810002A001843FBF70CF902040DAB120E187056
:10A820005A701B88000213AA000E138090701398B0
:10A83000FEF734FB02040102C3B2120E090E30000F
:10A84000FFF702FE0136CEE7A378E0781B02134340
:10A8500000042A001843FBF7EBF802040EAB120EBB
:10A8600018705A701B88000213AA000E1380907093
:10A870001398FEF713FB0204030210A9120E1B0E1D
:10A880004A708B700870D2B2C1B2DBB2D7E72E78B3
:10A89000002E18D122791032131CFF2A00D9FF2371
:10A8A0008A4A013310689BB280B2584300120A21D1
:10A8B00080B2F7F777FA89B2002904D14020FEF779
:10A8C00097FB864B1880300002F0B4FF13AB188062
:10A8D000AB7884B2C6B2240A002B10D17F4D2888F1
:10A8E00086420ED8A0420CD2C0B203F093FE4123A0
:10A8F0002B8006E0300003F08DFE0136F6B2B44244
:10A90000F8D800203F23A342404161E62E78002E74
:10A9100017D122791032131CFF2A00D9FF230133EB
:10A920009AB26A4B1B689BB253436D4A1B12534346
:10A930006C4A9BB2934204D84020FEF759FB6A4B05
:10A940001880300002F076FF13AB1880AB7884B229
:10A95000C6B2240A002B0ED1634D28888642D0D877
:10A96000A042CED2C0B203F07DFEC0E7300003F0BB
:10A9700079FE0136F6B2B442F8D8C2E75B48BDE6CC
:10A980005B48BBE65B48B9E65B4A504B12681B6804
:10A9900000209A4200D91CE6AB78834251D1287836
:10A9A00002F048FF0327C6B2774383B21B0A009325
:10A9B000524B10AA10800293FF18009AF3B29A42E9
:10A9C00072D813003F2A38D9551E03225A434C49E6
:10A9D000033A0298F7F732F8FEF7F8FA800771D4D5
:10A9E000FEF7F4FA06008020FEF702FBE27813ABD4
:10A9F0007F309A701E7058701398FEF74FFA01045A
:10AA00000202090EC0B2120E032675433B4BE854F6
:10AA10005B1959709A702279374D1032131CFF2A36
:10AA200000D9FF2311219BB2594336480912F7F789
:10AA3000BDF9264B1B68C018286000203F23009AF0
:10AA4000C4E5002211001000FBF700F92E4B2B4E3D
:10AA50000093FEF7BBFA0223184221D1FEF7B6FAA3
:10AA600007008020FEF7C4FAE27813AB7F309A70BB
:10AA70001F7058701398FEF711FA0204030211A90F
:10AA8000120E1B0E08704A708B70C0B2D2B2DBB2CD
:10AA9000B370009B307072700336B342D9D17EE739
:10AAA000002002000300F3E7094B6A789B5D1A421D
:10AAB00005D03000BB787A783978FFF7C5FC0337CA
:10AAC00001367AE70020010002009DE758190020B6
:10AAD000D80F0100CC0E0020590F0100A40E002059
:10AAE000CDCCFFFF33330000A60E00208590000080
:10AAF000C1900000695A0000301600207015002037
:10AB000073150020B80B0000301600200323E478F2
:10AB1000FF2063439F10FBB221000793F7F746F92C
:10AB2000C3B20693AB78C54A0592002B0CD0002225
:10AB300011001000FBF78AF8602200210598F7F752
:10AB400033F80022BE4B1A700025BE4A1378013339
:10AB50001370059B0093BC4B009EEB1803930023DE
:10AB60000293B74B029A1B7813433AD1F5F766FB71
:10AB7000B64B984235DC009B1C70039B1B780493FA
:10AB8000FF2B0ED03078079B834237D2C01BE11BCE
:10AB90007843F7F70BF9C1B20B0022000498FFF7D6
:10ABA00053FC029B10360133DBB20293039B10333C
:10ABB0000393029B062BD4D1009B013501330093F4
:10ABC000102DC8D19F4B06991A788A4201D10022D4
:10ABD0001A709B4A13780133DBB21C2B16D8137002
:10ABE0008EE43378002BC8D09C42C6D9954A06998A
:10ABF00012788A42C1D1013B3370BEE7390060430D
:10AC0000F7F7D4F80023C2B21900C7E70023137086
:10AC10000522059F601E503710217B1B052A03D19A
:10AC20005E5DB44200D158551E78A64201D318701B
:10AC30001C740139C9B201330029EFD1013AD2B2F3
:10AC40001035002AE8D15BE4287802F0F3FD83B2E6
:10AC50001B0A11AE3080009323790133191CFF2B9E
:10AC600000D9FF217A4889B2F7F7A0F8347885B285
:10AC7000009BE1B2994200D3DFE6764A764B125D43
:10AC80005B78134236D07548754F0278013A52B25C
:10AC9000130631D52B00734A177990780137D17894
:10ACA0003A1CFF2F00D9FF22013292B253431B12EC
:10ACB0001A1C9BB2FF2B00D9FF22D2434123D2B2F0
:10ACC0005A43684B12125B78D21812AB1A70997003
:10ACD00058701298FEF7E2F80204030213A9120E4C
:10ACE0001B0E08704A708B70D2B2C1B2DBB220006A
:10ACF000FFF7AAFB0134BBE7BB5C8B4209D1130011
:10AD00000C335B00C3185E789B781B0233439D4273
:10AD1000C1D8013ABCE75449504B1B78013B181C81
:10AD2000002B00DA0020C0B203F0C4FC51E44E490D
:10AD30000020F9E74D49EFE74C49F9E74C49EBE7CB
:10AD40004B49F5E74B49E7E74A49F1E74A49E3E769
:10AD50004949EDE72E78002E17D122790532131CD0
:10AD6000FF2A00D9FF2301339AB2444B1B689BB2E0
:10AD70005343434A1B125343424A9BB2934204D863
:10AD80004020FEF735F9404B1880300002F052FDAC
:10AD900013AB1880AB7884B2C6B2240A002B10D152
:10ADA000394D2888864200D9ABE5A04200D3A8E5FA
:10ADB000C0B203F029FD9AE5300003F025FD01360D
:10ADC000F6B2B442F8D89CE52E78002E17D122793D
:10ADD0000532131CFF2A00D9FF2301339AB2274BF7
:10ADE0001B689BB25343264A1B125343254A9BB20E
:10ADF000934204D84020FEF7FBF8244B1880300023
:10AE000002F018FD13AB1880AB7884B2C6B2240AE6
:10AE1000002B10D11D4D2888864200D971E5A04233
:10AE200000D36EE5C0B203F02DFD60E5300003F005
:10AE300029FD0136F6B2B442F8D862E53616002094
:10AE40003516002034160020F80E01005455550523
:10AE5000FFFF0000D80F0100CC0E002026190020B3
:10AE600037190020E01E0020A15A0000E35A00001C
:10AE7000555B0000C95B00000F5C00005819002002
:10AE8000CDCCFFFF33330000A80E0020AA0E002017
:10AE90002E78002E17D122790532131CFF2A00D9F3
:10AEA000FF2301339AB2284B1B689BB25343274AB6
:10AEB0001B125343264A9BB2934204D84020FEF70C
:10AEC00097F8244B1880300002F0B4FC13AB1880C4
:10AED000AB7884B2C6B2240A002B10D11D4D28884D
:10AEE000864200D90DE5A04200D30AE5C0B203F0C6
:10AEF0000FFDFCE4300003F00BFD0136F6B2B44266
:10AF0000F8D8FEE41448FFF7F9FB0F4B1B681B054C
:10AF10009B0F022B10D0032B12D00022012B08D044
:10AF200011001420FAF792FE02220C4B1A7015B091
:10AF3000F0BD14211000F5E7142200210800F1E70C
:10AF400014221100FAE7C04658190020CDCCFFFFAB
:10AF500033330000AC0E002011910000D10E002010
:10AF60000023F0B599B0079372B6E94D03332A690F
:10AF7000E84C134380222B61236852021343236061
:10AF80000123216880200B43802110262360490380
:10AF9000800323680B4202D023680342F9D0236860
:10AFA000134202D023689B03F3D52368334202D0B7
:10AFB00023689B06EDD52368DB0702D523689B0732
:10AFC000E7D5236EDB0702D5236E9B07E1D5236E01
:10AFD000DB0502D5236E9B05DBD56368CE4ACF4ED9
:10AFE000134063606368CE4A1340636063680193F3
:10AFF000A368A7680293A368E2680393120AC94B87
:10B00000D2B25343C84A93420CD9C84A5B08136072
:10B0100003F094F9802362681B013240134363609C
:10B0200003F076F907220321636893430B436360BF
:10B030006368BF493340636063680B406360606866
:10B04000C0081040022800D1FFE2032800D136E3F7
:10B05000013843425841B74B40421840C018B64BE4
:10B06000186063681B051B0F0B2B00D829E3060033
:10B0700063685B055B0F0233DE40E022AB4BD2011D
:10B080001E6061683300114206D0320063689B0481
:10B090009B0F0133DA401300A84AA24913602368CA
:10B0A000A74A13402360F6F7F7FDE768A54B0002B7
:10B0B0001F40A54B0743E7609E4200D80BE30323E4
:10B0C0002A6913432B612368A04A012513401022EB
:10B0D0002360236893432360236E9D4A13402366B5
:10B0E000236EAB43236603F029F98023E26B5B02F6
:10B0F0001343E3638023E26B9B021343E3638023E8
:10B10000E26BDB021343E3638023E26B1B03134315
:10B11000E3638023E26BDB011343E36362B68D4B91
:10B120008D4A00265A6104228C4C31001A828C48C8
:10B1300034321D705E60DE602570F6F735FD894B98
:10B14000894A666015701A00B832157040221A8557
:10B15000B4331A80854BA660E360FBF781F8FBF7F8
:10B16000DDF8834B1B78B34201D1FCF715FEFBF7EA
:10B1700031FAFBF719FBFAF7A9FEF9F7A7FBFBF782
:10B180007BFB7C4B1B78022B00D0B7E2F9F766FB08
:10B190000022794B1A70012400223C21774B784819
:10B1A0001C70784B1A70784B1980C02377491B04A8
:10B1B0000D6A05402B43C0250B620B6A2D061B024E
:10B1C0001B0A2B430B62724B724D1A70724B1C7030
:10B1D000724B1A70724B5D60724D1D60724B734DF5
:10B1E0001D60734D5D60734B734D9A621D630D6AF4
:10B1F000284008629A601B605B60DA626F499A833C
:10B200001961596101219D8B494228009961110002
:10B21000186259628031D963996569496948D96072
:10B22000190048310C80684D684905600800684D78
:10B230000830C5670800883002600800654D94300A
:10B2400005600800A030046008000225AC300580CD
:10B250000800A830DA655A651A6503605B640B0064
:10B26000BC331C600B005C48B833B4311A600A6010
:10B2700003F056FF62B6594B2000DC7005F0DEF992
:10B28000574B584A1A603A4B1B78002B01D1FCF7F8
:10B2900083FD102200215448F6F786FC00229021FD
:10B2A00001268C461100514B1A70514B1A70514BAC
:10B2B00067461800DC6F574301944E4C9D6FE719A9
:10B2C000019C5C30D8640434181DC06F1B605B6047
:10B2D0001E72FD6027006F435861C71918615862DC
:10B2E00045489F61DC611D629962D96218635B63A6
:10B2F00072B61800743000781C6F09308000241872
:10B30000180088306360017062B60132903375E0D6
:10B310000020024000100240FFFFFF8FFFF0FFFF00
:10B32000FFFFFFF040420F00FF6BDC029C16002085
:10B33000FF8FFFFF00093D0098160020F024002039
:10B34000FFFFFFFEFF00FFFF3FE45904FFFFEFFF99
:10B35000FFFEFFFFA016002000080040501800204C
:10B360007C180020C0160020EC160020780C01008C
:10B37000EA24002018110020C82E00201E110020F1
:10B38000FFFF00FF212F00201611002000ED00E03C
:10B39000D12E00203F190100DE2E0020632F002057
:10B3A00010E000E00700010000180020D03000206D
:10B3B00000400020B81900209C0C0100C819002092
:10B3C000EC1900204C1300201C130020A8120020B0
:10B3D00009D10000B9010000401300201011002025
:10B3E000B00E0020815600003C1800204D180020AF
:10B3F0004C180020D40E0020FBD30000032A00D0FC
:10B4000056E7C64BC64AD86F9D6F043004006C43A4
:10B410001A651A1DD26F1B6014195A611A615A629B
:10B42000C04A5B601E72D9609C61D8611D629962DE
:10B43000D9621A635B6372B61A0074321278186F9D
:10B440001132920013508433197062B6B64DAB7846
:10B45000B343AB7072B6B54C2378012B07D0802272
:10B46000B34B1206DA67BFF34F8FBFF36F8F002322
:10B4700001222600636022700193F768002F0FD02D
:10B480007869002804D002210C30494203F010FFF3
:10B49000B869002804D002210C30494203F008FFAB
:10B4A0000027019BF760013301930436082BE4D198
:10B4B00002F014FE62B6322003F0E4FC72B69D4B3B
:10B4C000202239009C486360F6F76EFB2378012B3D
:10B4D0003DD102F0BBFD994A0F970F9B934200D8D4
:10B4E0000FE17F26964B97491B680868334003435A
:10B4F0000B609549954B1B78087895490E78334336
:10B500000B7094490B7803430B7000230F930F9B30
:10B51000934200D8F9E02F238F4AC020116800061B
:10B520000B4313601F238D4A11780B4313701E23A6
:10B530008B4A11780B43C72113708A4A89005358EC
:10B540001B021B0A0343535080231B061360022374
:10B55000237062B6AA78013B13433220AB7003F02C
:10B5600091FC72B602F020FD00257F4B18607F4BE6
:10B570001D607F4B1D6062B67E4C256072B62368ED
:10B58000AB4202D0200002F07BFD80217A4B2000EC
:10B5900009022561E360656103F01EFC62B602F0FA
:10B5A0003FFC02F005FC002801D102F017FC00244A
:10B5B00020000134E4B2FDF7C9FA102CF8D10F25B0
:10B5C00001276E4C6E4E2068431C09D072B60300F2
:10B5D00039002B4099402022A84302F014FE62B6A5
:10B5E0000434A642EFD1674D0C2200212800F6F763
:10B5F000DBFA0C2200216448F6F7D6FA0020FAF7AD
:10B60000A3FD624B984200D182E0FDF709FC0220C5
:10B61000FDF7CEFB5E4B18700420FAF795FD5D4CEC
:10B62000208004F0EDFD0A2003F02CFC04F0E8FD7E
:10B630002B8801252B4200D1B6E0FAF7BDFF002090
:10B640005549FCF76DFBFAF78BFD7800400BF8F7D6
:10B6500011FFFB2300229B05F7F7A2FF029B0600C8
:10B660001809C0B20F00F8F705FF02000B00300008
:10B670003900F7F75DF8019B0F001903090F060069
:10B6800001314648F6F708FBF8F7F4FE02000B001C
:10B6900030003900F7F784FF032206000120039BE6
:10B6A0000F0013409B189840F8F7B6FE02000B00FD
:10B6B00030003900F7F756FCF6F732FDCFE4374893
:10B6C000CDE4636806001B0500D4D6E463685B051F
:10B6D0005B0F0133D0E4324B9E4204D903232A6925
:10B6E0009A43013BEDE42F4B03219E4203D92A6983
:10B6F00001238A43E5E42B698B43E3E4F9F7C2F8BD
:10B7000049E50F9B01330F93E7E60F9B0133FDE6FD
:10B7100002F04EFB002800D079E776E78810002081
:10B72000E4100020FBD10000003802405018002037
:10B7300004E100E0A80C01005C1800200E270000C6
:10B74000B0380240B438024092380240903802408B
:10B750009438024096380240A038024080380240B7
:10B760008238024000E100E0101800200C18002090
:10B77000081800201418002009EE0000B80C010081
:10B78000D00C0100D61800202C180020E3FE000089
:10B79000EE1800208A1A0020FFFF0000006CDC0277
:10B7A0003FAEEB023F787D010320FDF701FBD94B53
:10B7B000D94E187033781843031E01D003112B4063
:10B7C0000027D64A1370FAF705FFD54B1022FF2148
:10B7D000D4481F70F6F7E8F9D34B1022FF21D34865
:10B7E0001F70F6F7E1F9D24D082217212800FAF769
:10B7F00093FCD04B1F702B78032B01D8FBF786FCF2
:10B8000002F07AFCCC4BCD4A1860CD4BCD491B6879
:10B810009B06DB0F1370CA782378D809904206D0B4
:10B82000501E82417F20D2010340134323700B79C5
:10B83000002B07D03078F9F7D9FB012802D001207E
:10B84000F9F7F4FB0024C04B1C60C04B1C70C04BCC
:10B850001C80C04B1C70C04B1C80C04B1C80C04B5C
:10B860001C70C04B1C805C809C80DC80BE4B1C80AC
:10B87000BE4B1C70BE4B1C60BE4B1C70F9F784FAAB
:10B88000BD4BBE4A1C60BE4B1C60BE4B1C70BE4B09
:10B890001C60BE4B1C60BE4B1C70BE4B1A6001226C
:10B8A000BD4B1A70F9F7CEFAF9F7CCFABB4BBC4A8C
:10B8B0001C70BC4B21001C70BB4B11201C70BB4B7F
:10B8C00014701C7054705C7094709C70D470DC7038
:10B8D00001F0F6FF6A222300A978687802F02EF8BA
:10B8E0001C2320002B71FDF747FCB14BB14A1A60B5
:10B8F0000021B14BB14A1C78B14D1378A34252D00C
:10B900000F21E85C01330B400E390528F6D8F6F715
:10B9100067FB40F5333A030D137001220320A94B56
:10B920001A70A94BD87004F089FEE1E70024137067
:10B93000A44B1C70A54B1C70A54B1C7002F01AFB8D
:10B9400006222100A348F6F72FF9A34B20001C7014
:10B95000A24B1C70A24B1C7002F078FA200002F07F
:10B960008FFA02F063FA9F4B1C709F4B1878431EAE
:10B9700098410130944BD5E713709B4B1B78002BFB
:10B98000F8D10120F6E7137001228F4B1000DA7016
:10B99000C9E701258C4C28001370E57004F04EFEB9
:10B9A0002800A570BFE7002900D0137004F028FC20
:10B9B00000238E4A8E4CD05AE15A0A2B00D123E143
:10B9C00002338842F7D08B4B0592029300230193F8
:10B9D000019B874A5B00D35A0493059B049A1B88FA
:10B9E000934200D186E06A46127900260A92049AB0
:10B9F0005A40019B09921A017F4BD3180B930123E4
:10BA00000393039B099A13426AD0049A1340069346
:10BA10000123B3400893029B089A1B881A4210D155
:10BA20000A9B10AC6370267002F066FB0123237141
:10BA3000069B60805A1E9341637110981199FEF71E
:10BA400077FC0024069BA34205D10B9B9B5DFF2B3B
:10BA500001D007930134344F3B781B19082B1DDDAF
:10BA60000823611C1D1B2A00C9196448F5F788FFCB
:10BA7000210009312A00C9196148F5F781FF6100E9
:10BA800019316A00C9192948F5F77AFF21001131E7
:10BA90002A005C48C919F5F773FF3D70002C16D0D9
:10BAA00007982149544B303040000A78C55C1B1878
:10BAB0005B788C186372079B0020637413000C334F
:10BAC0005B00CB1801326570587098700A70069B45
:10BAD000002B05D1029B089A1B889343029A13807E
:10BAE000039B01365B009BB20393102E89D1059B0B
:10BAF000049A1A80019B01330193059B023305933D
:10BB0000029B02330293019B062B00D060E702F0F8
:10BB1000F3FA7EE0F01A0020F11A0020771A0020D4
:10BB2000261900203F190020FD18002016190020BA
:10BB3000E01E002054190020801A0020181A00204E
:10BB40000008004818110020E81A0020501B0020AF
:10BB5000E21A0020E01A0020DE1A0020441B002018
:10BB6000461B0020481B0020DA1A0020DC1A0020A7
:10BB7000E41A0020A51B0020A81B0020E98100007A
:10BB8000801B0020A41B0020C41D0020C01D00201D
:10BB9000D81A002038180020A61B0020521B0020B5
:10BBA000751B0020531B0020741B0020791B0020F4
:10BBB000FC290020B40E00204D1800204C18002055
:10BBC0003C180020D418002010110020511B002028
:10BBD0008C1A0020711A0020701A00206F1A0020A1
:10BBE0006E1A0020FC180020CF180020F01800204A
:10BBF000D6180020E2180020F80E0100FE180020E0
:10BC0000061900200E190020884200D0DBE6FEF75E
:10BC100003FC904C0027266802F06EFA831B050097
:10BC2000019302F069FA2060010038008A4B1B780A
:10BC30009C461C00894BF618761BC3B29C4511D854
:10BC4000002F01D0844B1C70854D864F2C783E7898
:10BC5000032C00D9A0E12000F6F7E0F91F0039001D
:10BC60001F052C0503007C4A0C335B00D218937827
:10BC700055781B022B439E4204D20127013CE4B2BB
:10BC80000130DAE7019D5B199DB20295FF252B403B
:10BC90005370029B1D0A9570F2E70022724B7348A5
:10BCA0001A70734B293219606B49F5F769FE714BB5
:10BCB0001B78002B07D1704B03221B781C0014400B
:10BCC000134200D09C0801233C702B7064E13000CB
:10BCD000FEF7BEFB002E00D15EE1634B1878013801
:10BCE000C0B201F0A7FD654A0DAB12781880002A9A
:10BCF00021D1634B1B78002B00D1CFE0002400231F
:10BD000020001A0019000134FEF79EFB402CF6D1EA
:10BD10005C4C2378182B00D998E00023C8211A0026
:10BD20000120FEF791FB2378312B00D8C8E00022D8
:10BD3000544B1A70C4E01A7805925B780693524B04
:10BD40001B781C1C042B00D9042402F0D5F906230F
:10BD50000134E4B21B1B80B218416B4600270190EE
:10BD60001B7902935B00DBB204930393FAB21300D6
:10BD700005993D33DBB2994259D80699994256D973
:10BD80004248434B00784349013800241B78097826
:10BD9000042821D8F6F72EF9030F19531F00552058
:10BDA00042430298039C8218D0B2120614D5FF2495
:10BDB000241A640007E055205043AA2400060BD43F
:10BDC000013CFF3C5443E4B206E00298C3185520FE
:10BDD00042439B18DBB2FF240EAA1370517094707B
:10BDE0000E98FDF75BF810AB187004000504000214
:10BDF0002D0E000E5D709870274BC0B21E78C821C2
:10BE00007043F5F7D3FFC3B2E8B2C821704308937B
:10BE1000F5F7CCFFC5B2E0B2C8217043F5F7C6FF15
:10BE2000C1B238002A00089B3D30FEF70DFB039B92
:10BE30000137563BDBB20393032F97D159E7019AA1
:10BE4000049C1206C8D5019AD443B2E700231A0015
:10BE5000190065E750190020FD180020FFFF0000C1
:10BE6000D10E00205C190020CC0E002026190020E5
:10BE700058190020FC180020E01E0020B2190020F4
:10BE8000F8290020E02E002085100020B3190020A2
:10BE9000B11900208410002086100020C04B1878B3
:10BEA000002800D101E2BF4B1B78022B00D9F8E13A
:10BEB000BD4AD05CBD4AD15CBD4AD25CF8F7BAFD40
:10BEC000BC4B1B78002B29D1B54B1B78002B25D1FF
:10BED000B94B1D78B94B1B78042B00D16AE3002DB8
:10BEE00000D053E3032B00D8CAE3B54A0EAB527817
:10BEF0001A70FF225A70373A9A700E98FCF7CEFFEC
:10BF00000204030210A9120E1B0E08704A708B70F7
:10BF1000D2B2C1B2DBB23A20FEF796FAA94B1B7837
:10BF2000002B39D1A84B1B78002B35D1A14B1B78A6
:10BF3000002B31D19A4B1C78002C2DD1A04BA34E55
:10BF40005B780193A24B35881F5D002D00D1A0E3E3
:10BF500002F0D2F8401B80B2C72800D994E3019ABE
:10BF60000EAB1A70FF225A70373A101A98700E985A
:10BF7000FCF794FF0204030210A9120E1B0E4A7074
:10BF80008B700870DBB2D2B2C1B238000134FEF758
:10BF90005BFA0236242CD5D18E4C0622210010A843
:10BFA000F5F7EEFC6378042604930223E356052795
:10BFB00002930323E356A65701930023E757019A00
:10BFC000A370E37023716371029B134340D0824BD3
:10BFD0001D8802F091F8814A401B137880B2002B33
:10BFE00001D100F04BFF142832DDFF2B01D00133CB
:10BFF0001370029B002B08D001F0C8FD029AFF23AA
:10C00000002A00DDFE3B4343A370019B002B08D0B8
:10C0100001F0BCFD019AFF23002A00DDFE3B4343F3
:10C02000E37002202056002812D00323E356039326
:10C03000002B0DD001F09AFD002800D10130654D94
:10C04000A870039801F092FD002800D143E3E87046
:10C050003B0033433CD0624B1D8802F04DF8614AEF
:10C06000401B137880B2002B01D100F001FF502853
:10C070002EDDFF2B01D001331370564D002E07D05B
:10C0800001F0A4FDFF23002E00DDFE3B43432B7196
:10C09000002F07D001F09AFDFF23002F00DDFE3BAB
:10C0A00043436B7104202856002811D00526AE5753
:10C0B000002E0DD001F05AFD002800D10130454D71
:10C0C0002871300001F052FD002800D106E36871AC
:10C0D0004049049A4B7893421AD102228A56002A88
:10C0E00002D0029B9A4213D103200856002802D0A6
:10C0F000019B98420CD10523CB56002B01D09F42C7
:10C1000006D1097949B2002902D10243134301D073
:10C1100002F022F8062210A92000F5F731FC01F008
:10C1200085FE314B1A78824202D0187001F0E4FF8C
:10C130002E4B1B78002B6ED000252D4B01950293C2
:10C14000029B1C68002C5BD0019B002B00D0C8E236
:10C15000012672B6F3B2039320686369F1B298477F
:10C16000431E9841054362B6224801F036FF00287D
:10C1700012D0A3692068F1B2984700280CD072B69B
:10C180001D4F63683A002068F1B2984762B60020FC
:10C190001A49BA6C03F00EFF0136092ED9D12FE0EF
:10C1A0007B1A0020781A00207B0D0100780D010019
:10C1B000750D0100F8290020A61B0020A51B0020FA
:10C1C000E01E0020771A0020C82E0020F21A00205E
:10C1D000D40E0100711A002060190020701A00208E
:10C1E0005E1900206F1A002062190020B01900208B
:10C1F000600F0020D40E0020641900206A1900206E
:10C20000019B01330193029B90330293019B032B0B
:10C2100096D1C14B1D7072B6C04F3B6F1B78042B7B
:10C2200001D100F01CFC62B601F066FFBC4C0500B9
:10C230002378012B04D00022BA4B1A70BA4B1A8013
:10C240002022BA4BBA4E1B6813409A06D20F0192B5
:10C25000002B16D03778002F13D1B64B1A78022A4C
:10C260000FD0022208201A70F9F7F4FCF9F7C6FF84
:10C27000F8F772FBB04B1F7001F03EFF0122AF4B8D
:10C280001A706B4620781B7933700023042801D97B
:10C2900000F0A2FCF5F7C2FE48047E04A204AA0442
:10C2A0005505C8221100100008E6A34E3378002B74
:10C2B00056D0A04D2B78022B52D0002B1DD16A787E
:10C2C0001800511E022902D80E32D0B205339C4A02
:10C2D0009C4CD278012A1BD12278092A14D8032534
:10C2E0005D4399494A199378695C5278FEF7ACF836
:10C2F0002378132B00D91AE5E2E5012B01D00300C6
:10C30000E5E712200323E2E700231A001900EDE716
:10C31000022A0ED12278182A07D803255D438A49BC
:10C320004A199378695C5278FBE400231A001900DB
:10C33000F7E403275F438449CA199378795C5278FC
:10C34000FEF782F82378EF2B00D8B9E5002323709D
:10C3500033702B78002B00D0B2E501227B4BE8E450
:10C360007B4B1878002859D07A4B1B78012B23D1AE
:10C3700079497A4B0A78012A06D900201A78087080
:10C38000032A17D9033A1A7000251C78744B1A5DDA
:10C39000744B585D00231900FEF756F82300783CD3
:10C3A0000833DAB2E4B21B0600D4140001350A2DBA
:10C3B000ECD185E57F22E6E7022B0BD10024694B07
:10C3C000FF22185D002301341900FEF73DF80A2C06
:10C3D000F5D175E5574B9E786D2E1DD80A2130009A
:10C3E000F5F7E4FC0027FF24C5B2142E06D900247B
:10C3F0003223B3426441FF276442E4B20026F3B221
:10C400009D4200D85CE5574B3A00985D210000231F
:10C41000FEF71AF80136F2E70A25E8E7524E534DC7
:10C4200033782A781900474C11434CD021781829C9
:10C430002DD8002B23D0C82211001000F8F7FAFAEB
:10C440004B4B1B78002B00D13AE53A4A1378012B6D
:10C4500000D191E0022B00D193E0002B00D02FE51A
:10C460005378022B4ED0032B51D0012B00D027E55F
:10C47000C7331A0019000F20FDF7E6FF20E5002A58
:10C48000DED0C82211001C20FDF7DEFF05E0002BE6
:10C490000ED002000100F8F7CDFA2378312BCFD966
:10C4A000002323703378002B07D0013B3370C7E79C
:10C4B000002AF2D01A001900E5E72B78002BBFD034
:10C4C000013B2B70BCE721701A4C2578022D17D147
:10C4D00001F0B8FC054213D0264B1B78002B0FD07F
:10C4E000C8231A0019001C20FDF7AEFF6379002B4A
:10C4F000A6D0C82336201A001900FDF7A5FF9FE734
:10C500000023EEE7C82310201A001900B4E7C8235F
:10C5100011201A001900AFE7B01900208810002080
:10C520003D1B0020D72E0020D82E002000080048F8
:10C53000181A002018110020C82E00207C1A002094
:10C540001B2F0020E02E00205A0D0100DA2E0020C3
:10C550003B1B0020D02E0020DF2E00203A1B0020A5
:10C56000D00C0100500D0100791A00207A1A002029
:10C57000771A0020D12E0020C82312201A0019009B
:10C580007AE7C82313201A00190075E7042B11D08D
:10C59000012B06D09A1E012A55D88024002625009A
:10C5A0000CE0C54B1D78002D01D000F06DFC2E0075
:10C5B000FF2403E0FF242600002D48D1BF4B1B6859
:10C5C0000193002B01D09B8A019384273800FF211F
:10C5D0006043F5F7EBFBC3B23800FF2170430293D1
:10C5E000F5F7E4FBC3B23800FF2168430393F5F786
:10C5F000DDFB029B039AC1B20198FDF725FFB04B0A
:10C600001A78131C642A00D964230320DBB2584330
:10C6100064216330F5F7CAFB3D27C3B201933800AC
:10C62000019B3D38C0B232002900A446834202D8A3
:10C63000002211009446380063460137FDF704FFDD
:10C64000402FECD151E4002B03D00024FF2600251D
:10C65000B4E79C4B1C68002CF7D001F04DFD974BC4
:10C66000994A1B68001B9042EFD8002BEDD09C69C3
:10C67000002CEAD0250C260AEDB2F6B2E4B29DE712
:10C680002C002E00FF2599E700210B000A003180C5
:10C690007BE42B002A00290077E48C4B8C4A1E7027
:10C6A0008C4B1B789B079B0F1370F9F7F1FF03234B
:10C6B000FFF70BFB884B1B78002B01D001F0FAF938
:10C6C000864B1C6801F018FD001B0F2800D863E49E
:10C6D0000023FFF7FAFA0123EB70B9E401236B7131
:10C6E000F6E472B60021636920689847431E9841BA
:10C6F000054362B602988C3801F06FFC002800D127
:10C700007EE50021A36920689847002800D177E5DD
:10C7100072B6734E0021320063682068984762B693
:10C720006B4670491879B26C03F044FC68E500234D
:10C7300063700C33A37010E060780138032830D8A0
:10C740000023F5F757FC02171A2601F0D5FC030E5B
:10C75000A370030CE37040BAA080634B1B68002BEE
:10C7600000D158E55B69002B00D154E52021200061
:10C77000984750E501F054FBE9E700232200190037
:10C78000A578E81802320528E7D851709170013376
:10C79000F7E76380A380E0E76378022B04D0052BE2
:10C7A0000FD0FF232370D8E712230CAA9B185988B7
:10C7B0001A880904114309BA2D20C9B2FCF721FBDC
:10C7C000CBE7002001F048F8C7E761780020042992
:10C7D000C1D8A278052ABED8E3780F2BBBD8C025D4
:10C7E0004D435201AD185B00ED1828002E30FCF7C8
:10C7F000DFFA060228002F30FCF7DAFAB6B230432F
:10C8000080B2A8E7A388E2785BBAA17860789BB28F
:10C8100001F05EF9A1E7FBF765F99EE76278032A6C
:10C820006ED1082B2ED0092B67D0A07801380328B1
:10C8300093D8F5F7DFFB020E1B22C9220CABDB7C81
:10C840005A43244B120A99785878002301F076F85D
:10C8500083E7E378002B02D101F022F87DE701F0B5
:10C860000BF80021E07801F02BF876E7194BE2781D
:10C8700000201A71FCF780FC6FE7164B2179DA78FB
:10C88000E078E2E7A0780138032800D965E7114B8A
:10C89000F5F7B0FB020A2C2EFF20DB78C8215843A5
:10C8A000F5F784FAE07058E71A7800239107994267
:10C8B00000D09308E37050E7AC1B0020E81A00207A
:10C8C000FA290020E41A0020B70B0000D00E002047
:10C8D000CF0E0020E01E002054190020581900201F
:10C8E000641900206A190020FC2900201B79E1E767
:10C8F0005A78E2709B7823712FE701F0DBF82CE780
:10C90000022A00D04DE7082B1FD0092B00D124E7C5
:10C91000A0780138032800D91FE7F5F76BFB020662
:10C920000E10C44BE2781A7017E7E378C24A13700E
:10C93000591E8B41C14A13700FE7C14BF2E7C14B3F
:10C94000E2781A70C04B2279EDE7A078013803280D
:10C9500000D902E7F5F74EFB02050C0EB54B1B782C
:10C96000A8E7B64B1A7800239A42A3D0B24BF6E759
:10C97000B34BF4E7B34B1B78E370B34B1B78BAE7C8
:10C9800010236370E9E6002363709233D2E60CABA8
:10C99000D97C11230CAA9B1858781A7800021043EE
:10C9A00040BA80B211AA01F0ADF8D6E611232700F3
:10C9B0000CAA9B185D781A782D021543E6786DBA9B
:10C9C000ADB27619AE4200D1C7E6912D04D89F4B87
:10C9D0003979E818FCF715FA01350137F2E701F06B
:10C9E000A9F8BAE60523CCE71123F02726000CAA04
:10C9F0009B185D781A782D021543E3786DBAADB2B5
:10CA00005B190193BF00019BAB4200D1A5E600205A
:10CA1000BD4203D228002E30FCF7CAF9307101352F
:10CA20000136F0E71123F02726000CAA9B185D7849
:10CA30001A782D021543E3786DBAADB25B190193F4
:10CA4000BF00019BAB4200D187E6BD4204D2280063
:10CA500031792E30FCF7D5F901350136F1E762B6B0
:10CA600072B6002510AB0193794B9C6A002C08D15B
:10CA7000DA68002A34D05A69141D12689C62A21820
:10CA8000DA62FB6A02932023029A5B1B161B9E420A
:10CA900000D91E00210032000198F4F771FF019BBC
:10CAA0006B489B190193029BA4198462AD19A342A0
:10CAB00011D8C368C269013BC36043699B1882698E
:10CAC0004361934201D3436A436100238362036B52
:10CAD000002B00D0984762B61F2D02D872B6C3E76C
:10CAE00062B66A426A415B4B1A70202D01D0FFF793
:10CAF0009BFB10AC2378581E122800D951E6F5F79D
:10CB000083FA16FE1BFE4BFE64FE81FE8AFE8DFE3E
:10CB10008DFE8DFE50FE50FE3FFF42FF46FF55FF4B
:10CB20006EFF71FF73FF91FF4B4B1B78022B24D0DC
:10CB30004A4B1D6801F0E0FA494B401B98421CD952
:10CB4000484B1B78002B18D19023DB051B68DB06B4
:10CB500013D4454B1D78002D0FD10126267001F00E
:10CB6000CBFA424B96301860414B1D705E71414BC1
:10CB70001D70414B1D80414B1E70F7F76BFF404EFF
:10CB8000040033783F4D834200D00EE100232B7028
:10CB9000FEF7AEFE3C4A1578002D0CD01370374AD4
:10CBA00023701370344A1380314A537101F0A4FA90
:10CBB0002A4B1860E1E72D4B1E6801F09DFA801B9F
:10CBC0009528DAD901222D4B1D702B4B1D802F4B40
:10CBD0001A70FBF70DFA02232370CEE72A4A117868
:10CBE0000029CAD01370FAF79BF9C6E7274F1F4EEA
:10CBF0003B78002B10D1264A13700122254B1A7066
:10CC00001C4B1A7001F078FA01F076FAC8239B00E9
:10CC1000C01830600423DFE7356801F06DFA962311
:10CC2000401BDB009842A8D31B4A1378012B35D850
:10CC30000133D7E786100020B3190020B219002075
:10CC400085100020B119002084100020EE030000A0
:10CC5000881000200C11002018110020801A0020DC
:10CC6000DF930400A52F0020D22E0020401B0020BF
:10CC70001B2F0020C82E0020D82E0020D72E0020E9
:10CC8000F42400201C1A00207C1A00201E11002011
:10CC90001D1A0020E22E00201F1A00207C4B1A785B
:10CCA000002A4CD101251D7080237A4ADB00D16B0C
:10CCB0003D700B43D3630222774B19680A431A6015
:10CCC0001A682A431A60F9F7CBFAF9F727FBF9F744
:10CCD00081FCF9F769FDF9F7CFFD704B1B78022B4A
:10CCE0002AD1F7F7BBFD3D7000253C226C4B1D702F
:10CCF0006C4B1A806C4A6D4B116A1940C0231B049F
:10CD00000B43C0211362136A09061B021B0A0B4363
:10CD10001362674B1D705D71664B1D70F7F7D6FD92
:10CD2000654B1D70654B1D7001F0E6F99623DB0025
:10CD3000C018306003234FE7F7F7A4FDD3E7FBF7F4
:10CD400029F95F4B1B78002B0FD15949534A497879
:10CD50001278914209D15B4A237013705A4A1370BA
:10CD60004B4A1370594B1D6007E7594E376801F065
:10CD7000C3F9C823C01B9B00984212D3524A1378B0
:10CD8000022B09D8013313700122524B1A70C823A9
:10CD90009B00ED183560F0E600234A4923700B70C4
:10CDA000DDE701224B4B1A70E7E62B784A4F0193DF
:10CDB000002B06D101332B7001F09EF93880FEF76D
:10CDC00097FD3F8801F098F9C01B80B2632801D815
:10CDD000FEF78EFD00223470304E2A707378012CDD
:10CDE0000DD0022C06D0944201D0FEF781FD1D002B
:10CDF000022405E0591E01251400022900D81D0057
:10CE00003278A24216D1002C01D0FEF771FDAB4260
:10CE100001D1FEF76DFDF7F735FD00237570337016
:10CE2000022D23D0032D21D00120012D1BD0F7F797
:10CE300093FD0BE0022C10D108203470F8F70AFFA4
:10CE4000F9F7DCF9F7F788FD00230193234B019AEA
:10CE50001A7001F051F9FEF74BFD012CDBD1F7F709
:10CE600011FD00203470F8F7F5FEE0E72800FAE73E
:10CE70000A2801DDFFF7FFF8FFF72AF90A2801DD8C
:10CE8000FFF7B5F8FFF7E4F80024FF26FFF7FAFBF9
:10CE90001E1A002000100240002802401811002035
:10CEA000212F00201611002000ED00E0FFFF00FF01
:10CEB0001B2F0020D72E0020DE2E0020632F002005
:10CEC0001E1100201F1A00201D1A0020801A0020A9
:10CED000401B0020E22E00201A1A0020C82E00203D
:10CEE000014B58787047C046101100200023F0B560
:10CEF000394C743085B06360C178827809020A4386
:10CF0000090A03291FD00DD801295ED01800022973
:10CF100001D132485B3360602360002800D02000DC
:10CF200005B0F0BD42790579120218002A43212983
:10CF300044D02229EFD1022AEDD8294B9100C858BC
:10CF4000284B9B5CE7E7D2B21800032AE3D8100015
:10CF5000F5F750F83E02050812232348DBE71623B5
:10CF60002248D8E7224B1E78002E24D1012231001E
:10CF70001A7068460F32F4F717FE6D4631001D4BEC
:10CF80004A10AA5C1C481709C75D4E009E19B7706D
:10CF90000027BC46F7700F374E1C3A40825C760083
:10CFA0009E19B27062460231F2702029E8D14232F5
:10CFB0001A703F3A5A700F480378ACE7022AAAD891
:10CFC0000E4B9200D0580923A5E712230C48A2E784
:10CFD00004230C489FE7C046BC300020081701001E
:10CFE0007817010075170100F0160100D81601002E
:10CFF0007630002077300020C7160100841701002A
:10D0000063170100041701000368002B07D091008B
:10D010001960511E8A41024B19780A431A707047F1
:10D02000B01900200368181E02D018688008C0B22A
:10D03000704700000368002B01D10020704772B6D2
:10D0400003681A68998862B6002AF6D00020044B5B
:10D050009B8B5B1A9BB293424041C0B2EEE7C04645
:10D06000B81900204B1E072B0BD889000B58002B3A
:10D0700007D091001960511E8A41024B19780A436A
:10D080001A707047B019002003000020082906D844
:10D090008900CB58181E02D018688008C0B27047AB
:10D0A000082901D900207047890040180368002B27
:10D0B000F8D072B603681A68998862B6002AF1D06F
:10D0C0000020044B9B8B5B1A9BB293424041C0B241
:10D0D000E9E7C046B81900200A4BC2B29A73012290
:10D0E000002805D1597C114201D0987DC0B270470B
:10D0F000197D00201142FAD09A7DD87D0002801857
:10D10000F5E7C04600380240FEE7036910B5196034
:10D11000C268013AC260C2699B1882690361934286
:10D1200001D3436A036100238362036B002B00D0A9
:10D13000984710BDF0B501268E40002745891C0098
:10D14000354345818D1CAD00401940681425806928
:10D15000826003604760C7607F2001404D431548EF
:10D1600040190500B8352D78BD420AD0124DAE7B6E
:10D17000A973F6B2BB4205D1B94201D10F4B197068
:10D18000AE73F0BD002AFCD0BC239C4684446346A9
:10D190001A600200C430C03214600760002903D155
:10D1A0000322064B1A70EBE701238B40044ADBB2E3
:10D1B0001370E5E7C0160020003802402030002040
:10D1C000823802400300006F10B50278042A13D1A0
:10D1D0001A007432117801228A40448922420BD10C
:10D1E0001A695C69A24202D1DC68002C04D1DB69B7
:10D1F0000432043BFFF79EFF10BD10B5406BFFF7F4
:10D20000E1FF10BDF8B507000020104C0D00A67B13
:10D21000A073F6B2FFF760FF002811D080B2031CA4
:10D22000A84200D92B1C002209499BB29A4209D37B
:10D230006C22237D93432375237D6B3A934323759F
:10D24000A673F8BD0878B8540132EFE70038024001
:10D250002038024010B50A4B9A7B9873D2B200284E
:10D2600006D010219873587C014359749A7310BDED
:10D27000072404490C7098736021587CF4E7C04679
:10D2800000380240203000207F23F0B518400029EC
:10D2900001D1002A0FD104261E4B9C7B98735D7C24
:10D2A000E4B2354202D05D7CB5435D7401265D7CFD
:10D2B000354201D09C73F0BD002A03D15A7C324321
:10D2C0005A74F7E79D7B9873EDB2002807D15E7C16
:10D2D000B6070DD59D730122597C0A43F0E75F7CA8
:10D2E0003742F7D11F7C9D73FEB2002FF3D001E0CF
:10D2F00040269D73084D80004019151CB24200D98C
:10D30000351C0022ADB28E5C013206709542FAD80F
:10D31000E1E7C0460038024020380240F7B5274B0D
:10D320007F250193142305406B4300910199CB188D
:10D3300018002C30007800280BD0214C0120A67B4F
:10D34000A573677CF6B2390001408C46074201D0D4
:10D35000A673F7BD07000099AF4019636146996352
:10D360001849FFB25A630F70002A0FD1002D0BD15C
:10D37000019BDA8C144B002A04D104321A700A2360
:10D380006374E5E70622F9E76074E1E70099002994
:10D39000DFD01F8D974200D9170028000099BAB23C
:10D3A000FFF772FF0123002DEAD1074A1370034BE8
:10D3B0001B8D9F42E3D30223E2E7C046C016002044
:10D3C00000380240803802402030002070B5040050
:10D3D00008000125854011001A0023892B43238171
:10D3E000831C9B00E418636800245B6999601A60E1
:10D3F0005C60DC60FFF792FF70BD436B10B5186F87
:10D400000278042A11D11A007432117801228A405C
:10D410000489224209D15A691C69944202D1DB680D
:10D42000002B02D108CAFFF7D1FF10BD10B50F24A1
:10D43000054A11784B1C2340044C24789C4202D0AE
:10D44000034C1370605410BD4D1800204C18002080
:10D450003C18002010B50B4B9A7B9873D2B2002871
:10D4600006D020219873187D014319759A7310BD59
:10D47000072405490C7060219873587C0143597446
:10D48000F4E7C046003802402030002070B50500A7
:10D4900064350400287800283AD00638C3B20F2B30
:10D4A0002ED80F282CD8F4F7A5FD332B2B08212CD0
:10D4B0002B2B2B2B2B2B2B2B333323007A331A784C
:10D4C0005B78E06E1B02134398420FD2E368198A1F
:10D4D000F4F768FC002909D172B60B000A0020009D
:10D4E000FFF774FF62B60A232B7009E014232B7038
:10D4F00072B6002320001A001900FFF71BFE62B667
:10D5000070BD236F002B01D0200098470023EBE76C
:10D510000020FFF79FFE0020FFF79CFF63681B6859
:10D52000002B02D00621200098470623DCE770B5C7
:10D53000050064352B780400142B24D017D8062B53
:10D5400006D002D8002B03D070BD093B022BFBD8BC
:10D550000020FFF77FFE0020FFF77CFF63681B6859
:10D56000002B02D0062120009847062315E0152B3A
:10D57000EAD10A3B2B7072B600231A001900FFF79C
:10D5800025FF62B6E0E7C3689B695B68002BDBD1CF
:10D59000036F002B00D0984700232B70D4E703685B
:10D5A00010B50400002B08D09A6C981D0021F4F7E8
:10D5B000FBFA002223681A609A8010BD70B505003E
:10D5C000040024352368002B08D09A6C981D002194
:10D5D000F4F7EAFA002223681A609A800434AC4215
:10D5E000F0D170BDF0B58E008619506985B00C0081
:10D5F0001500F260002803D014220021F4F7D4FAB9
:10D60000A869002803D014220021F4F7CDFA002CD9
:10D6100012D140215E4B5F4A180011801A00198513
:10D62000B632190014700122B8302A312C3302703E
:10D630000C701A7005B0F0BD7F2121400629F9D881
:10D64000F468236800930323009A13405A1E022AA9
:10D6500000D99AE01B02013BFF3B4F4A0193937BA9
:10D66000DBB202939173A3699C46181E2AD014233F
:10D670004B434748658AC0180300B4331D80060039
:10D680000323009FB6361F4037700127B83007705C
:10D69000E8B29173D074019B507D5E425E41B60149
:10D6A0003043802603235075107D304310753800B9
:10D6B000984080B2854204D90133102BF7D1002362
:10D6C00018009BB26669002E28D014234B433048C3
:10D6D000009FC018050003232A351F40248A2F709D
:10D6E000012704852C300770E0B291731074019B00
:10D6F000957C58425841800105434020032395748E
:10D70000557C284350743800984080B2844204D934
:10D710000133102BF7D1002318009BB20A2B2DD810
:10D720006446033B1A4D9BB2002C12D06C68917377
:10D73000E708FFB29777D77F6404240F2743D77792
:10D74000D47F5F013C43E4B2D4771024177D3C437F
:10D750001475002E12D06C689173E108C9B211776C
:10D76000517F6404240F21435177517F5B010B43A8
:10D77000DBB253770823517C0B435374044B596835
:10D7800040185860029B937354E7C0239B0064E7E2
:10D79000C01600207417002000380240006810B541
:10D7A000002806D0034B9B8B826483800630F4F7FD
:10D7B000E7F810BDB81900200168130010B5002962
:10D7C00005D08A6C981D9A640631F4F7D9F810BD1B
:10D7D0000B7810B5082B0AD89B001858002806D0E3
:10D7E000034B9B8B826483800630F4F7C9F810BD2D
:10D7F000B8190020030010B51000082909D88900C5
:10D80000C958002905D08A6C063182640630F4F7C5
:10D81000B7F810BD064B10B5D968087518680268CE
:10D8200053601A6001220275D860F2F7B5FC10BD92
:10D83000B81900200D23584382B0C0B201AA10705D
:10D84000C018031CC0B2402800D940231078DBB2B6
:10D850001B02184302B07047012310B5044A117827
:10D860004B4013700022034B1A70FBF785FC10BD70
:10D87000E01E0020D10E0020074B0322197808007B
:10D880001040114201D1054A1070032219789143CA
:10D89000023A0A431A707047E01E0020D10E0020A1
:10D8A000054B1A78920702D00021044A1170032117
:10D8B0001A788A431A707047E01E0020D10E0020AB
:10D8C000020008000C4910B50B789B0712D0012309
:10D8D000002A04D02C339A4201D812331340032477
:10D8E0000A789B002240134300220B70034B1A70EE
:10D8F000FBF742FC10BDC046E01E0020D10E002008
:10D90000054B10B51878800801302D2800D901206A
:10D910000121FFF7D5FF10BDE01E0020064B10B51A
:10D92000187880080138C0B2002800D12D300121BC
:10D93000FFF7C6FF10BDC046E01E002070B5084CC2
:10D940000500180023789B0709D06570A170131C8F
:10D95000C82A01D9034B1B78E370FBF70DFC70BD9F
:10D96000E01E00202014010010B5044B5878DA782E
:10D97000997808300123FFF7E1FF10BDE01E002079
:10D9800010B5054B5878DA780838997880B20123B9
:10D99000FFF7D4FF10BDC046E01E002010B50748B9
:10D9A0008378C2781033191CFF2B00D9FF21012383
:10D9B0004078C9B2FFF7C2FF10BDC046E01E00208C
:10D9C00010B507488378C278103B191C002B00DA89
:10D9D000002101234078C9B2FFF7B0FF10BDC04657
:10D9E000E01E002010B50748C37810331A1CFF2B27
:10D9F00000D9FF22817801234078D2B2FFF79EFF41
:10DA000010BDC046E01E002010B50748C378103B8B
:10DA10001A1C002B00DA0022817801234078D2B250
:10DA2000FFF78CFF10BDC046E01E002010B5064A6F
:10DA300013791033191CFF2B00D9FF21012011711C
:10DA4000FBF79AFB10BDC046E01E002010B5064A49
:10DA50001379103B191C002B00DA002101201171F1
:10DA6000FBF78AFB10BDC046E01E002010B5064A39
:10DA700006495379FF3B58424341CB5C0120537127
:10DA8000FBF77AFB10BDC046E01E00209017010096
:10DA900010B5064A06495379FF3B58424341CB5CD7
:10DAA00001205371FBF768FB10BDC046E01E00204B
:10DAB00090170100082210B517210348FBF784F9DD
:10DAC0000022024B1A7010BDE01E002054190020E5
:10DAD00070B51D00042813D8052911D80F2A0FD8B6
:10DAE000C02343434C015200A418E4182000290A23
:10DAF0002E30FBF786F92000E9B22F30FBF781F9D1
:10DB000070BD0000F8B504000E00170005002B1BC7
:10DB10009BB2B34200D3F8BD1B190020912B03D850
:10DB2000034BE818FBF744F93B1B58550135EEE76A
:10DB3000EE030000F0B585B0102200216846F4F72E
:10DB400033F80A269224084F2500102C00D91025FE
:10DB500039002A006846013EFBF736F97F19641B3D
:10DB6000002EF1D105B0F0BDEE030000B523434314
:10DB700098B2002B07DA803B1BB2D817C0B2C0188E
:10DB8000001240B27047803080B2F9E710B50D4BFB
:10DB900014201B78DA0712D400189A070FD4283003
:10DBA0005B070CD4084B48381B78002B07D0483053
:10DBB0001D2B04D81E215843F4F7F8F880B2C0B2E8
:10DBC00010BDC0466E1A0020701A002010B5012446
:10DBD000104B02211B78234215D104220B4210D195
:10DBE000134214D10C4B187800280ED027280ED8D9
:10DBF000C0002631F4F7DAF802002000002A01D034
:10DC000092B2D0B210BD0A00FBE72200F9E7082269
:10DC1000F7E7C0466E1A00206F1A00200300CD38C7
:10DC200010B5122810D8F4F7E5F90A10141A323298
:10DC30003232323232321E23282E3C424600FFF767
:10DC4000A5FF1F4B4042D87010BDFFF79FFF1C4B34
:10DC5000F9E7FFF79BFF1A4B40429870F4E7FFF794
:10DC600095FF174BF9E7FFF7B1FF154B1871EBE77D
:10DC7000FFF7ACFF124B4042F8E7FFF7A7FF104B4E
:10DC800040425871E0E7FFF7A1FF0D4BF9E7012291
:10DC9000D13B9A400A4913000A0049780B4353705C
:10DCA000D2E70123074A11780B431370CCE7054AEA
:10DCB00002231178F8E7034A04231178F4E7C046F9
:10DCC000711A00206E1A0020032200B5344B9A56B8
:10DCD000CD2814D1002A01DA0022DA70D9789A7896
:10DCE0000A4351B2002A01D12E4A11701A795B7988
:10DCF00013435AB2002B01D12B4B1A7000BDCE2812
:10DD000002D1002AE8DCE9E702229A56CF2804D1A2
:10DD1000002AE3DA00229A70E0E7D02802D1002A34
:10DD2000F8DCDBE704229A56D92804D1002AD5DD95
:10DD300000221A71D2E7DA2802D1002ACEDAF7E7F8
:10DD400005229A56DB2804D1002AC7DA00225A712C
:10DD5000C4E7DC2802D1002AF8DCBFE7D1380E285E
:10DD6000BCD8F4F73DF90808080808080808BBBB48
:10DD7000BBBB0E141800012181405A788A435A70A7
:10DD8000ACE7012009490A7882430A70A6E70749EF
:10DD900002200A78F8E7054904200A78F4E7C0462B
:10DDA000711A0020701A00206F1A00206E1A0020CD
:10DDB00037B52A20FAF7FCFF05002B20FAF7F8FF09
:10DDC00004002C20FAF7F4FF0023262D04D1092C9F
:10DDD00002D126384342434118003EBD10B5FF2111
:10DDE0002A20FBF70EF8FF212B20FBF70AF8FF2172
:10DDF0002C20FBF706F800212D20FBF702F8F9F79D
:10DE000071FEFFF797FE26212A20FAF7FAFF092173
:10DE10002B20FAF7F6FF26212C20FAF7F2FF10BD8F
:10DE200010B52D20FAF7C4FF10BD0000044B10B54B
:10DE30001B68181E03D01B68181E00D0984710BD21
:10DE4000FC29002010B5FFF7F1FF10BD0A4B07B504
:10DE50001A8882420FD01880084B1B68002B0AD00A
:10DE60001B69002B07D0694603224871000A88719C
:10DE70000A7101A8984707BDCE300020FC29002078
:10DE80000A4B07B51A8882420FD01880084B1B68CE
:10DE9000002B0AD01B69002B07D069460422487169
:10DEA000000A88710A7101A8984707BDCC3000208C
:10DEB000FC29002070B5164B9B78012B17D0154913
:10DEC000012300220D005B428C78A0421ED05E1C14
:10DED00002D1002C00D113000132D4B2013152B270
:10DEE000062CF1D15A1C11D0EB1898700EE00A4A9A
:10DEF00012787F2AE3D9C108EF2807D8074A5218B9
:10DF0000072101408B4091780B43937070BDC04650
:10DF100010110020481500208A1A002050150020FA
:10DF200010B5104B9A78012A0CD0062300210E4A16
:10DF30009478844200D19170013BDBB20132002B16
:10DF4000F6D10EE0094B1B787F2BEED9C108EF28E4
:10DF500007D8074B5B18072101408A409978914305
:10DF6000997010BD10110020481500208A1A002059
:10DF70005015002010B5084B9B78012B09D1074B99
:10DF80001B787F2B05D91E2205480021F3F70CFED4
:10DF900010BD06220348F8E7101100208A1A00205D
:10DFA000521500204A15002010B5084B08499A8BDD
:10DFB0000C68084B90B2944204D980241A68640219
:10DFC00012191A601B680860C01810BDB81900202B
:10DFD000C8300020C43000207047030072B60169C9
:10DFE0004269002091420BD1DA68824208D01A6F50
:10DFF00074331B78013098401389184043425841CC
:10E0000062B670477047FEE7F0B5082000240E495D
:10E010004A680E6815008B68AB4210D8D51E0026E2
:10E02000AB4203D303339B1A9B089E00CB68921923
:10E03000934207D8013810310028E9D1F0BD80CED5
:10E0400080C5E9E710C2F3E7441601000122182059
:10E050000A4BD97B1143D973997881439970082170
:10E06000987801439970D9781143D9700221D878F2
:10E070000143D97059780A435A70704700380240FA
:10E08000036881689A6852189A60426813605A60FF
:10E09000002301220360024B52429A617047C0463E
:10E0A000B81900200C4B10B51868D9680268536085
:10E0B0001A600122D860002302758A680B750B690B
:10E0C0001B689C689442FBD85A680B604A601160D8
:10E0D0005960F2F761F810BDB8190020054B10B572
:10E0E0001A68DB6892689B689A4201D9FFF7DAFFE9
:10E0F00010BDC046B819002070B5EFF3108301259C
:10E100009D4302D0EFF3058372B6FFF74DFF0F4E2C
:10E110000F4A3368C41A0F480168A14208D9116830
:10E12000293B29392934FF3BFF39FF343360116023
:10E1300016680460002D04D0EFF30583DB0502D0E0
:10E1400062B6A01970BDFFF7C9FFF9E710180020EB
:10E15000081800200C18002010B5FFF7CDFF83B27F
:10E160000B488278C1780A4301D00A4A13800279A9
:10E1700041790A4301D0084A1380084B1B68002BE1
:10E1800005D0DB68002B02D002220270984710BD38
:10E19000711A0020601900205E190020FC2900205F
:10E1A00010B572B6034BDB6898610F20FFF732FBA6
:10E1B00010BDC046B8190020EFF30983203383F364
:10E1C000098862B6704700000F3011D072B6EFF3C5
:10E1D0000983203B83F3098880225204DA61064ACE
:10E1E0001168D26889689268914202D9034A9A619B
:10E1F0007047034AFBE7C046B8190020C70100007A
:10E20000CA010000FEE7F7B50323150001271D40F2
:10E21000002352090C0049083C4027D03E009E4094
:10E220008469B4438461C469B4435E00B446C46184
:10E230004469032601946446A6403400B446019E16
:10E24000A64334006646144344610469B4432C4336
:10E25000046107240F261C40A400A640F443072BAA
:10E2600008D8866A34408462002907D09200AD0045
:10E270000133CFE7C66A3440C462F5E7F7BD162321
:10E28000036001204042704700207047180070472B
:10E2900000207047030010B572B6094A1068546830
:10E2A0004118A14205D962B60C2201201A604042F1
:10E2B00005E08842F7D8116062B60028F4D010BD9E
:10E2C0000018002010B51400582200212000F3F798
:10E2D0006BFC80239B010020636010BD0120704710
:10E2E00072B6024B024ADA65FEE7C046B819002052
:10E2F000160B010072B6024B024ADA65FEE7C04611
:10E30000B81900201B0B0100012070477047000066
:10E310008022074B07491B6852048868D21A064BB3
:10E3200003438B608B681B021B0A9A42FAD3704727
:10E330001830002010E000E0FFFFFF000C4B10B58C
:10E3400018680C49F3F7A8FC0B4C0C4B206059687B
:10E350000B4A0A435A609A68120E12069A60042207
:10E3600019680A431A60012219680A431A6010BD2D
:10E370009C160020A08601001830002010E000E06C
:10E38000FFFFFF00F0B5304B87B007001878FFF7AC
:10E3900051FAC4B2250002AB18802C4B30351A79E3
:10E3A0002B4B52081B6801329BB253431B12DBB24A
:10E3B0000093284B86B26D00360AED18E3B29E42F8
:10E3C00006D83F230020B3424041C0B207B0F0BDA1
:10E3D000214A1D4B125D5B78134231D06A781F4889
:10E3E000203A13B20193194B29785B7870399C4617
:10E3F0006246437880781B021343000409B2019AF5
:10E400001843009BB84703AB02041870120E0002B9
:10E410005A70000E98701B8804AA1380907004989C
:10E42000FAF73CFD0204030205A9120E1B0E087048
:10E430004A708B70D2B2C1B2DBB22000FCF704F894
:10E4400002350134BAE7C046CC0E0020E01E0020A1
:10E4500058190020F80E0100D80F0100E11E00201D
:10E46000F0B5354B8BB005901878FFF7E3F9C4B2DF
:10E47000270083B21B0A06AA0393304B10801A7937
:10E480002F4B52081B6801329BB253431B12DBB265
:10E49000049330372B4B7F00FF18039AE3B29A4264
:10E4A00006D83F23002093424041C0B20BB0F0BDDC
:10E4B000254A214B125D5B7813423AD03D787E7835
:10E4C000703D203EADB2B6B22800330068437343BE
:10E4D000C01880B2FAF73AFD32B2049E29B20300A6
:10E4E000164D1A4800966E78457880782D0235438F
:10E4F00000042843059DA84707AB02041870120EBC
:10E5000000025A70000E98701B8808AA1380907041
:10E510000898FAF7C3FC0204030209A9120E1B0EA5
:10E5200008704A708B70D2B2C1B2DBB22000FBF728
:10E530008BFF02370134B0E7CC0E0020E01E002034
:10E5400058190020F80E0100D80F0100E11E00202C
:10E55000F0B52B4B89B007001878FFF76BF9294B02
:10E56000294A1B7915689B080133ADB25D432D1212
:10E57000EDB286B2C4B228004030C0B2FAF740FD16
:10E58000803843B228000293FAF73AFD803843B24C
:10E59000360A0393E3B29E4206D83F230020B342DB
:10E5A0004041C0B209B0F0BD1849154A095D527822
:10E5B0000A4222D01649134A009550784A7812022E
:10E5C00002438878029900041043039AB847020472
:10E5D00005AB120E18705A701B88000206AA000EB6
:10E5E000138090700698FAF759FC02040302C1B236
:10E5F000120E20001B0EFBF727FF0134CAE7C046AE
:10E60000CC0E0020E01E002058190020D80F010079
:10E61000E11E0020F7B5104B104A5B78825C0400C5
:10E62000134217D00E4B03205D789F78DE78FAF7FF
:10E63000DFFC6B4640012D1A1D705F709E700098C4
:10E64000FAF72CFC02040302C1B2120E20001B0ECA
:10E65000FBF7FAFEF7BDC046CC0E0020D80F010034
:10E66000E01E002037B5104B104A5B78825C040036
:10E67000134217D0FAF7AAFC05008020FAF7B8FC7D
:10E680000B4B7F30DA786B469A701D70587000988B
:10E69000FAF704FC02040302C1B2120E20001B0EA2
:10E6A000FBF7D2FE37BDC046CC0E0020D80F0100CC
:10E6B000E01E0020F0B54E4B8FB0079018780991FE
:10E6C000FFF7B8F883B21B0A06934A4BC7B21B7810
:10E6D0000AAA08933B0010803033474A5B009B181E
:10E6E000069A0493FBB29A4206D83F230020934235
:10E6F0004041C0B20FB0F0BD404A3D4BD25D5B78A7
:10E7000013422FD0002403223D490BA8F3F738F918
:10E71000079B079A0293374BD3180393039B089ADE
:10E72000013303936B461B7A9A421FD8354B0BAAD1
:10E73000DB7801335C432412947012880CAB1A808E
:10E740009C700C98FAF7AAFB020403020DA9120EA2
:10E750001B0E08704A708B70D2B2C1B2DBB23800A7
:10E76000FBF772FE049B01370233B9E7049B1D7867
:10E77000039B1B78ED1AABB20593049B05985E785A
:10E78000039B40431B7AF61AB6B233007343C0189A
:10E7900080B2FAF7DBFB1B4A030012790132111C2D
:10E7A000FF2A00D9FF210298124A0C3040001218AB
:10E7B000507892780131120289B202434A43694685
:10E7C0000BAD1212AC7090B21424095F32B2099CE6
:10E7D00000900B98A04703041B0E6B70029B040271
:10E7E000240E0133AC702870E4B2029396E7C04661
:10E7F000CC0E002026190020F80E0100D80F0100D1
:10E80000E11E0020E01E0020F7B51A4B1A4A5B7883
:10E81000825C050013422BD0184B194A5F789E7812
:10E82000DC781B791068DB08013380B25843001292
:10E83000C0B2FAF7E5FB0200803AD3B2120603D564
:10E8400080235B421B1ADBB26A465B00DBB20134F9
:10E850005C4324121770567094700098FAF71EFBF0
:10E8600002040302C1B2120E28001B0EFBF7ECFDDE
:10E87000F7BDC046CC0E0020D80F0100E01E0020DE
:10E8800058190020F0B51E4A1E4B825C5B780500CB
:10E8900085B0134231D01C4BDA785F789E780192B4
:10E8A0001A4A1B791068DB08013380B25843001202
:10E8B000C0B2FAF7A5FB0300803BDCB21B0603D510
:10E8C00080246442241AE4B21F20FAF791FB64000A
:10E8D000E3B2019C02AA01345C4380192412177030
:10E8E000507094700298FAF7D9FA02040302C1B288
:10E8F000120E28001B0EFBF7A7FD05B0F0BDC046A9
:10E90000D80F0100CC0E0020E01E00205819002076
:10E91000F0B51E4A1E4B825C5B78050085B0134241
:10E9200031D01C4BDA785F789E7801921A4A1B79B5
:10E930001068DB08013380B258430012C0B2FAF706
:10E940005FFB0300803BDCB21B0603D580246442DE
:10E95000241AE4B21F20FAF74BFB6400E3B2019CD7
:10E9600002AA01345C43C0192412107056709470CE
:10E970000298FAF793FA02040302C1B2120E2800B9
:10E980001B0EFBF761FD05B0F0BDC046D80F0100BE
:10E99000CC0E0020E01E002058190020F0B5234FB7
:10E9A00087B006003878FEF745FF214B85B21A790B
:10E9B000204B92081B6802329BB253431B12DBB2FE
:10E9C0002D0A0193C4B2E1B28D4206D83F23002044
:10E9D000AB424041C0B207B0F0BD174B7A781B5D27
:10E9E0001A4220D0154A124B587853781B02034321
:10E9F0009078019A00041843B047020403AB120E4A
:10EA000018705A701B88000204AA000E13809070C0
:10EA10000498FAF743FA02040302C1B2120E20006E
:10EA20001B0EFBF711FD0134CDE7C046CC0E0020D4
:10EA3000E01E002058190020D80F0100E11E002020
:10EA4000F0B507000D0014008BB02978002911D112
:10EA50003B68002B0BD13A69002A08D0B96800291D
:10EA600005D0FB68934200D3531E0022CA54F868B5
:10EA70000BB0F0BD0020013525290AD03800FAF787
:10EA80007DF8E2E72D2B1CD0302B22D12F3B150037
:10EA900018432B786A1C2B2B15D0F3D8202B14D0BD
:10EAA000232B14D0002104912A2B1FD108CC0493CE
:10EAB0008B4204DA02231843049B5B420493150043
:10EAC00014E00223E3E70423E1E70823DFE7102350
:10EAD000DDE71E000021303E04910A31092EE1D805
:10EAE0002A786E1C1300303B092B0FD900222B789B
:10EAF00005922E2B29D18022120110436A786B1CBB
:10EB000011003039092916D80A260CE0049B35007B
:10EB10004B43303BD3180493E2E7059B7343303BF0
:10EB2000D31805932B001A785D1C11003039092980
:10EB3000F3D91D0009E02A2AFBD108CC0235059340
:10EB4000DB43059ADB171A4005922B786A1C6C2B65
:10EB50001FD017D8682B24D06A2B2BD029780135E9
:10EB600078298BD8632928D8622973D0632900D1EA
:10EB700098E0252982D0582900D07FE72023184328
:10EB8000103B4AE0742B01D07A2BE7D180239B0005
:10EB90000BE06B786C2BF9D1C023DB0018430235F6
:10EBA000DCE76B78682B03D0802315001843D5E78A
:10EBB000C023F3E78023DB00F7E70B000126643B6B
:10EBC000DBB29E4032007F4B1A401E4213D17329A4
:10EBD00000D18FE0702900D050E77B4B02CC03437B
:10EBE000002900D0E4E0009305220A233800774989
:10EBF000F9F7D6FF29E7642901D0692906D18023D6
:10EC0000DB01184310239843063B06E008236F29D5
:10EC100003D0F7D9DB187829F4D1020501D50122F8
:10EC200090438022D200024041041DD5002A00D02A
:10EC30000BE7216882050FD502900498CE1701904A
:10EC40000598CA0F8919714000903800F9F7D4FF70
:10EC50000434FAE60223E0E7420601D549B2EBE7C5
:10EC60000206E9D509B2E7E7002A00D0EDE60C215B
:10EC700006008E43810506D50499029601910599F7
:10EC800000912168E1E72168420607D5C9B2049ADC
:10EC900002960192059A00920022D6E70006F6D568
:10ECA00089B2F4E7022302001A40012605921842B5
:10ECB0000DD1059E03E020213800F9F75FFF049B8A
:10ECC0000136B342F7D80226002B00D05E1C02CCDE
:10ECD0003800C9B2F9F752FF059B002B00D1B4E60A
:10ECE000049BB34200D8B0E620213800F9F746FF74
:10ECF0000136F5E7230004CB06920793002A08D1DA
:10ED00000090062238003249049BF9F749FF079C1E
:10ED10009BE6059B002B00D12E4B069A1400D318BE
:10ED20002278002A01D09C4214D1069B0200E41AEA
:10ED300080231B011A400892184203D0059B9C4275
:10ED400000D91C00022302001A400992184212D175
:10ED5000260006E00134E3E720213800F9F70EFF32
:10ED60000136049BB342F7D8049A0023A24200D391
:10ED7000131B01341C19069E03E038000136F9F715
:10ED8000FDFE3178002907D0089B002BF5D0069BAB
:10ED9000059A9B189E42F0D1099B002BB7D0049B8B
:10EDA000A342B4D920213800F9F7E8FE0134F6E790
:10EDB00002930A230193059B380000931023F9F76F
:10EDC0001BFF42E62108120001200000270B010072
:10EDD000200B0100FFFFFF7F10B50A4C23699A68E2
:10EDE00091420CD85A6881600360426010609A6852
:10EDF0005860521A9A6001235B42A36110BD1B68E0
:10EE0000891AECE7B819002010B572B6FFF7CCF8F4
:10EE1000094C2368002B02D02000FFF731F9802134
:10EE20000023064A200009022361E2606361FFF7C4
:10EE3000D3FF62B610BDC0461418002009EE0000D2
:10EE400070B50E4B0500DE6886B04B1C13D00C4B22
:10EE500068460393002304960593FFF7BDFF28003F
:10EE6000FEF7D8FC009B002B02D06846FFF708F99C
:10EE7000B06906B070BDFEF7CDFCF9E7B819002007
:10EE80003DF1000010B5010072B60820FFF7D8FF71
:10EE900062B610BD70B5764672B6134D134AAB8B91
:10EEA00001339BB2AB832B69934204D162B630002D
:10EEB000FFF78AF970BD9A68013A9A602C69A368D5
:10EEC000002BF3D1226861680A605160236062B64A
:10EED0002000E3682169984772B661690029EDD086
:10EEE0002000FFF779FFE9E7B8190020C8190020D2
:10EEF000F7B5464B464C1A780193002A05D0237883
:10EF00000A2B01D0BB232370F7BDA378112B68D146
:10EF1000E378404D404F2B703E78002B07D0022EF7
:10EF200054D03E4B1B78002B4ED0F9F761F8237973
:10EF30006B70B3424FD00122394B1A702B78002BE3
:10EF400001D000232B706379AB707A789A4208D095
:10EF5000002E06D10122324B1A702B78002B00D0E4
:10EF60002E70304AA3791178EB70994206D0137055
:10EF700001222D4B022E00D100221A70B422E37917
:10EF8000217A2B71637A92011B020B43934207D0C3
:10EF9000264A1378002B03D101331370244A1370CF
:10EFA000A37ABB2BB0D1019ABA3B1370214B224AF2
:10EFB0001A800023174A13705371194A13701A4AA2
:10EFC00013701A4A13709FE72B70B0E7194B2A7021
:10EFD000194A1A80ABE7022EB5D1164B164A1A8091
:10EFE000B1E7092BDCD10B4BE2781978002908D066
:10EFF000002A06D108490978022900D001325A7145
:10F00000CEE7012ACCD100221A70F8E7632F002046
:10F01000642F00201B2F002018110020D72E002065
:10F02000E22E00201F110020C82E0020E12E00201B
:10F030001411002016110020DC050000F0B572B696
:10F040008022274B9205904226D30022F8261100F9
:10F05000244F76051F259C68240C2C40022C05D8D3
:10F06000455C4C1CDD60045D0231DC609C68344210
:10F0700002D0DC68BC5401323F29EBD93F2A09D8C1
:10F08000F821490598680842FCD0D8681549885489
:10F090000132F3E762B6F0BD0022F82610001F250A
:10F0A0001400104F76059968090C2940022902D8EE
:10F0B000DC600230DC609968314202D0D968B95412
:10F0C00001323F28EFD93F2AE4D8F8214905986852
:10F0D0000842FCD0D868034988540132F3E7C0469F
:10F0E00000380040642F002080220A4B520019692A
:10F0F00030B5094C114209D01969084D29401961F0
:10F100002168016019690A431A6130BD23680360F0
:10F11000FBE7C0460020024074E8FF1FFFFEFFFF30
:10F1200000238268037503691B6899689142FBD2CA
:10F130005A680360426010605860704710B572B63C
:10F14000087D052807D8F2F755FF0C060603120EB6
:10F1500000228B691A6001235B4208008B61FFF774
:10F16000DFFF62B610BD8A699368013393604A6815
:10F170000B6813605A60EEE70300006810B5834225
:10F1800006D002681A60536000238361FFF7C8FF4E
:10F1900010BDF8B50B0009339B00C3185C6805006F
:10F1A0000E00002C54D072B62300002288331A704F
:10F1B00067692269BA4202D1E368002B27D1B31CE8
:10F1C0009B00EB185B685B691B68002B1FD023005A
:10F1D0008C33186800280BD0BA4204D10022E368AF
:10F1E0001100934201D1390004C98368006898472F
:10F1F000E368E2690133E36063699B18A2696361B4
:10F20000934201D3636A63612000FFF7B5FF62692F
:10F210002369934216D1E368002B13D0B31C9B00E3
:10F22000EB185B681A68022A11D15A691168002923
:10F230000DD01A8A0B00013A1340114207D12A005F
:10F24000743200E008CA31002800FEF7BFF862B649
:10F25000F8BD0B0011339B0010B51C58002C26D0B4
:10F2600072B602318900401843689B695B68002BC5
:10F2700019D0230074331B78226F02339B00D318FC
:10F280005B689B695A6823691A60E2680132E26030
:10F29000E2699B18A2692361934201D3636A2361E7
:10F2A0002000FFF769FF2000FDF78CFF62B610BD5C
:10F2B0000300006810B5002804D000221A608161A4
:10F2C000FFF72EFF10BD0000F0B50600643633785E
:10F2D000040085B0002B01D00023337023002700E9
:10F2E0007433B84A7C3700931178013219700133B6
:10F2F0009F42F9D163689B68002B17D1009B602166
:10F300001A7815000D400A4231D00020FDF7A2FF07
:10F310000020FEF79FF863681B68002B02D00621CF
:10F32000200098470623337005B0F0BD20009847B1
:10F330000028E3D023007A331A785B78E16E1B0251
:10F340001343994201D91900E366009B1B787F2B78
:10F3500000D87BE1002900D16EE10923337072B639
:10F360000021E36EA26E2000FEF730F86CE123006E
:10F370007F2075331B7802401B021343924A93424D
:10F3800000D141E124D880225200934254D00DD8BC
:10F39000012B4BD0022B00D1C4E0002BB5D12200B1
:10F3A0007C32A2660222E2662367C3E78122520012
:10F3B000934200D1E4E0FF32FF329342A5D1230013
:10F3C00076331B78012BA0D13A88013313433CE0FC
:10F3D0008022120193425DD020D8A022D200934215
:10F3E00038D07A4A9B18012B00D98EE72300783356
:10F3F0001A785B7821001B02134322006068763282
:10F4000077314768127820000978B847002800D182
:10F410007BE74368A3660368E36619E09022120164
:10F4200093423CD06A4A934200D06EE7694BA36690
:10F430000223E3660023B7E7230076331B78012B12
:10F4400000D062E702223B8893433B80A566E566D5
:10F4500025676FE7009A12889A4213D1230076330A
:10F460001A785D491A720395039B8B420ED95B4B48
:10F470001A7063681B68002B02D001212000984796
:10F48000032323700023A366E3668DE7039B013308
:10F490000393E9E723007F33A3660123BCE72378C6
:10F4A000042B2DD172B64E4AA36825001340A360E9
:10F4B00023002C33103501932F68002F0FD078696B
:10F4C000002804D002210C304942FFF7F1FEB86950
:10F4D000002804D002210C304942FFF7E9FE002346
:10F4E000019A08C59542E7D162B6220003217F3216
:10F4F0001370636821701B68002B01D020009847AF
:10F50000230076331B78002BBCD022007F3213708F
:10F510000423237063681B68002BB3D002212000F2
:10F520009847AFE723000F221421783318782D4B2A
:10F530000240514340B25B18002811DA2C331B788B
:10F54000002B00D1E1E6254B9A735B7C002A03D1A6
:10F550009B0603D5244B6AE7DB06FBD4234B66E707
:10F56000B8331B78002B00D1CFE61C4B20219A73B7
:10F57000002A03D15B7C0B42F0D0EBE71B7DFAE75E
:10F58000230076331B78002B00D0BEE623007833AF
:10F590001B780F2218001040134200D172E75AB2B4
:10F5A0000E4B002A24DA9A7B987398733020597C8A
:10F5B000D2B2814359744021587C014359749A73E3
:10F5C00060E7C046E01600200203000000FAFFFFDB
:10F5D000020C0000411601000E2700000038024016
:10F5E00001000100C01600203F1601003D16010079
:10F5F0009A7B98739873187DD2B2884318758020CF
:10F60000197D01431975DAE7230076331B78002B47
:10F6100000D07AE6230078331B780F2218001040C0
:10F62000134200D12EE75BB2002B02DAFDF712FE87
:10F6300028E7FDF70FFF25E71423337072B60B00A0
:10F640000A002000FDF776FD62B66DE6002906D0BF
:10F650001523337072B60021E36EA26EF1E70B231F
:10F66000337072B60B000A007DE6C046F0B5BC4FA1
:10F6700089B07B7BDBB202933B7BDBB203937346A7
:10F680000493B84B1B68DAB201927F221340B64A4A
:10F69000136001237A781A4202D17A7813437B707F
:10F6A000BB7BDBB20593019B5B0754D50023AF4ABC
:10F6B0000793079B934200D8AFE0A022AC4E0021F5
:10F6C00030005200F2F770FA00254023A94AAA4CF4
:10F6D00073601570A94A3100E26001222C310A7072
:10F6E00031003385B436B83133803E3B0A70237025
:10F6F000E567A560E368002B12D072B6E668706912
:10F70000002804D002210C304942FFF7D1FDB06936
:10F71000002804D002210C304942FFF7C9FD62B62F
:10F7200000210135E1600434082DE3D10124944B1C
:10F7300091481970914B934AC3608D4B14701A0015
:10F74000B832147040221A85B4331A8043681B689B
:10F750008B4200D098470821019B0B4210D08A4A67
:10F760001388002B5FD0029B8B4003990B43874982
:10F770000888984255D00B801388013B9BB21380B8
:10F78000019BDB0737D50A227F4B1A80804B023A58
:10F790001A60804B1A78002A2DD00022764C1A70FD
:10F7A0002378052B27D02200803213700523237085
:10F7B00063681B68002B02D00421200098470025B5
:10F7C000A560E368002B12D072B6E6687069002865
:10F7D00004D002210C304942FFF76AFDB0690028CD
:10F7E00004D002210C304942FFF762FD62B60135B8
:10F7F0000434082DE5D1684B1A78002A2ED1674BC6
:10F80000674968481A78002A00D01FE1059BBB733E
:10F810000498FEF7D9FC09B0F0BD079B01330793AC
:10F8200047E70A23ABE703227B781340012BA7D1DC
:10F830005D4A1160574A11780029A1D14E481370D2
:10F84000017805299CD1030080331B78037043683D
:10F850001B68002B00D193E7984791E701251B789F
:10F860004F4AD05C514B8540EDB21D70B8730028F3
:10F8700000D0A1E004217A7C3E4ED3B20A4204D0EB
:10F880007B7C8B437B743070B5E7DA0601D5802230
:10F890007A743278D0B2062AADD8F2F7A1FB041CF4
:10F8A000AC355DAC5D00DB07A5D50020FDF714FC91
:10F8B000010008289FD13E48FDF7A4FC2C4BDB8CAF
:10F8C000002B06D0402300212B487B74FFF7FCFC63
:10F8D00091E74823F7E7264B5A6B1C8D986BA242A1
:10F8E0000AD9196B00199863121B091900205A6371
:10F8F0001963FDF713FD7EE70021801898635963B3
:10F900001D48FDF7C3FD76E7DB0700D473E7002051
:10F91000FDF7E2FB0500274C83B219002068019334
:10F92000FDF770FC23685B192360114C2200C43280
:10F930001368B4345B1913602388019A934208D981
:10F9400000210D48FDF7F3FD48237B74443B3370E1
:10F9500051E740237B744EE700213170D0E7C04669
:10F9600000380240B0380240B43802400E27000090
:10F97000C01600202030002050180020780C010014
:10F98000B4180020EC160020201100201E300020AA
:10F99000A03802401C3000209038024092380240CB
:10F9A0003D15010096380240A438024094380240C8
:10F9B000E01600207C17002004227B7C134202D03A
:10F9C0007B7C93437B74142343435A4EF3185C6B44
:10F9D000002C18D01A8D196B94420DD99D6B891883
:10F9E000AD18A41A19639D635C63A24200D922007A
:10F9F00092B2FDF749FCFEE69A6B091912199A6357
:10FA0000002219635A6314214B4B4C4C1D70414327
:10FA1000851CAB00E3185A6876185369B16B5960BE
:10FA20000121814023898B4323819368002B02D0DD
:10FA300001002000984772B6AD0064196368002188
:10FA400058690C30FFF734FC62B6D4E601251A7809
:10FA500001268C5CA540EDB20570BC733A7D324244
:10FA600000D1CFE6802320009843FDF735FB142218
:10FA7000624383B29C462F4B9B181A00C032126817
:10FA800082421FD3BC332E491B68A200521819189A
:10FA90008B424AD114226243264B9B181900BC3179
:10FAA0000A68C03312180A608A6812188A601A68D5
:10FAB000121A1A606C223B7D93433B753B7D6B3A77
:10FAC00093433B75142363431A4AD3181900B43186
:10FAD0000988614504D8C0331B688B4200D38EE689
:10FAE0001420184B60431D70A61C144DB300EB1876
:10FAF00059681218C4328B6912685A600122A240F8
:10FB00006B8993436B81CB68002B02D021002800C6
:10FB1000984772B6B600AD196B689B6918005968B2
:10FB20000C30FFF7C5FB62B669E616781E7001332C
:10FB3000AEE7C046C01600208438024050180020AE
:10FB4000203802408638024070B5022504006D421C
:10FB50002068844200D170BD036823605C608561C9
:10FB6000FFF7DEFAF4E7036A10B5C360436A436146
:10FB7000036100238362C362FFF7E6FF10BD00004C
:10FB8000080070B5052962D8F2F734FA37610337F7
:10FB9000376272B60026364C2300220000257433EB
:10FBA000206F19783832FDF71DFD01362000FFF770
:10FBB000DAFF25729034032EEED12E4C2E4B2F4AB5
:10FBC0001978206FFDF70EFD636A200063612361E1
:10FBD000E560A562E562FFF7B7FF20002572FDF73B
:10FBE000F1FA62B6264B1B78AB4202D00520FDF736
:10FBF0001DFC0220FDF71AFC29E0FDF717FC72B688
:10FC0000002501261A4C20002672FFF79DFF2000D8
:10FC1000FFF7A9FF23008C331B68002B02D0DA68A2
:10FC20001868904701359034032DECD10123114C15
:10FC300020002372FFF788FF0023626A2000E36040
:10FC400062612261A362E362FFF77EFF62B670BD6C
:10FC500072B6074B0022190098310A7094214900AE
:10FC60001A725A54034B1A7262B60520C2E7C04694
:10FC7000D40E002088100020FC100020C0100020AE
:10FC8000D4180020F0B587B00B6803911F22012122
:10FC9000019304005B0801980293002B00D0A0E0C0
:10FCA0009040F2F7FFF9039B5B690493072800DD9E
:10FCB000ACE01F220121A56A0198029B002B00D015
:10FCC00096E09040F2F7EEF90F23800083401F2268
:10FCD00001219D430198029B002B00D08FE09040B2
:10FCE000F2F7E0F9049B800083402B43A3621F22BC
:10FCF0000121039BA5699E680198029B002B00D0FF
:10FD0000B4E09040F2F7CEF901210B0083401F22AE
:10FD10009D430198029B002B00D0AEE09040F2F78B
:10FD2000C1F986401F2201212E43039BA66165690C
:10FD3000DE680198029B002B00D0A5E09040F2F70E
:10FD4000B1F90323400083401F2201219D43019804
:10FD5000029B002B00D09EE09040F2F7A3F94000F8
:10FD600086401F2201212E43039B6661E5691E69BF
:10FD70000198029B002B00D094E09040F2F792F99A
:10FD800001210B0083401F229D430198029B002B01
:10FD900000D08EE09040F2F785F986401F220121C5
:10FDA0002E43039BE6615D6826690198029B002B48
:10FDB00000D085E09040F2F775F9032340008340BE
:10FDC00001229E431F230299002900D07FE0019861
:10FDD0009840F2F767F9400085403543256107B048
:10FDE000F0BD1D0040000D402843013A5B0854E778
:10FDF0001E0040000E403043013A5B085EE71E00E3
:10FE000040000E403043013A5B0865E7019B1F222A
:10FE10001D0A5E0A28003300E76A002B14D19040C7
:10FE2000F2F740F90F238000834001229F431F23F4
:10FE3000002E14D128009840F2F734F9049B80007A
:10FE400083403B43E36252E74100059118000121E2
:10FE500008400599013A014308005B08DDE73100DD
:10FE60006D0011400D43013B7608E1E71F004000A3
:10FE70000F403843013A5B0840E71F0040000F4045
:10FE80003843013A5B0846E71F0040000F40384303
:10FE9000013A5B084FE71F0040000F403843013A2A
:10FEA0005B0856E71F0040000F403843013A5B08EB
:10FEB00060E71F0040000F403843013A5B0866E7E7
:10FEC0001F0040000F403843013A5B086FE701997B
:10FED0000298490010400843029901904908013BEB
:10FEE000029170E7154AF0B553699B0614D5FF25BA
:10FEF000F02603895468033399080139E401E409C1
:10FF000049062143516051680468090E09062143DE
:10FF100051609B08002B00D1F0BD4168013B9BB2B2
:10FF20002142F9D1C1680F1D0968C76097689160C7
:10FF30001168A94331431160ECE7C046002002403C
:10FF40000B4B5A69920611D506C80A420ED15A685F
:10FF5000084802405A605A68120E12060A435A6054
:10FF6000FF22196891430E3A0A431A607047C0464F
:10FF700000200240FFFFFFFE044B5A69920603D5A2
:10FF80009A6A00229A625B697047C046002002406C
:10FF9000054B5A69920606D49A6A044A9A629A6A8A
:10FFA000034A9A625B6970470020024033221100C5
:10FFB00088776655F0B587B001900491029272B6C9
:10FFC0009023019A544D5343EB181A6F1278042A68
:10FFD00002D062B607B0F0BD002288331B780392CE
:10FFE000934201D16423039362B69023019A534351
:10FFF000ED1872B690270024019A049B5743009392
:020000021000EC
:10000000454BDB190593059B9B6A002B0AD1424E99
:10001000F619F368002B2ED033691A1DB262F2690B
:100020009B18F3623C4BDB19986ADE6A029B361A16
:100030001B1B9E4200D91E00402E47D9402200992A
:10004000F1F79EFC009B403440330093324BDB19A8
:100050009B6A4033304AD219D16A9362994204D8DC
:10006000D16928000439FDF750F862B6029BA3421B
:1000700018D972B6C7E7337A002B0FD1274B039AF2
:10008000DB68002A0AD06A681D605A606421136028
:1000900004206B60FEF7D4FE0028BADA62B6029B39
:1000A000A34220D872B6902201991B4B4A439B1859
:1000B0009A6A002A00D18CE71B69043AD11A9A4245
:1000C00000D186E72800FDF720F882E7320000998A
:1000D000F1F756FC009BA4199B1900930E4BDB19FA
:1000E0009B6A9B19B6E772B69023019A0A4E534356
:1000F000F61833006242544188331A7828001443BA
:100100001C70FFF721FD2800FFF72DFD002333723F
:10011000FDF7E4FF62B66CE7D40E0020B8190020AA
:1001200010B5010008220120FFF744FF10BD10B5F3
:10013000010020220020FFF73DFF10BD10B5010097
:1001400006220020FFF736FF10BD10B50100032284
:100150000020FFF72FFF10BD0A0010B5202903D1A2
:1001600001000220FFF726FF10BD0000F7B50C00CC
:1001700001931500204B00280CD01970FDF7BCFF2F
:100180001E4B18800723012023409840C0B2F5F78A
:100190005FFEF7BD1E788E4229D1184B1F88FDF7F0
:1001A000ABFFC01B80B2C72821D82C002034E4B29A
:1001B000AE420FD033000126072730003B40984065
:1001C000C0B2F5F73DFEBC4204D82F40BE40F0B2AD
:1001D000F5F73EFE0198F8F7D9F8072CD9D8072390
:1001E00001201D40A840C0B2F5F72AFED1E7072341
:1001F00001201C40A040F6E7841A002016300020A1
:10020000F0B58DB00C22002109A8F1F7CDFCA74B69
:100210000124019300230F250093019B1B685A1CA6
:100220002BD072B601261F002B409E40AF433100F9
:10023000012238003604FDF7E6FFBE6062B6E343F4
:1002400006279C469A4809A902680B88561C00D1CB
:1002500010E11600AE4336682A40D640012216420D
:1002600000D007E12343013FFFB20B80043002318D
:10027000002FE9D10098F8F769FC009B6400013376
:10028000DBB20093019BA4B204330193009B102BBB
:10029000C3D1884D0C22280009A9F1F7D9FC041E0E
:1002A00004D00C22280009A9F1F76AFB0022824E33
:1002B000824B35781A70954200D179E1FDF71CFF29
:1002C0007F4A13681060C11A98425BD07F2900D919
:1002D0007F210022CBB207937A4B32701A70774B92
:1002E00004921B7805920193774B06920093714B11
:1002F00002930020754B039313189C466646039B9C
:100300009B5D5F0820D08F4200DDB6E00126674686
:100310003340039EF35500D0BAE001278740029E88
:10032000009B36881B883E40B4461E00BE43370003
:1003300066463743019E7B4033435E1EB341DBB2CA
:100340000193009B05951F8001301028D4D1009B9C
:10035000103202330093029B02330293602AC8D109
:10036000049B002B02D0574B5F3A1A70059B002B61
:1003700002D0524B019A1A70069B002B02D0012228
:100380004D4B1A70002C09D14E4B1B78002B51D0CD
:10039000002D03D1FDF7B0FE494B18600023012169
:1003A0001C008C46474A02931370424A0092464A08
:1003B000009909880391039811884840002105900D
:1003C0004248019060468840070080B2049001983E
:1003D0005E18805D450806953D00059F3D4259D059
:1003E0000698002811D1049C03982040441EA04187
:1003F0000A242043019CA055C007C40F002852D0F6
:100400001088049D02944540158001311029D9D1EE
:1004100000991033023100910232602BC8D1029B47
:10042000002B02D00122254B1A70002C02D0012291
:10043000214B1A70264C2378002B55D0254E357849
:10044000002D51D1244B254A1B78127813434BD0F1
:10045000DB0649D5224B23491888F7F7E9FD002828
:1004600042D0012325703370F7F7F2FDF8F7D8FC7E
:10047000F7F790FD62461340F5E6079E0695BF1B11
:1004800001267F0033403B436746039EF3555BE7FD
:10049000049359E74508B8D0C507B6D46546284047
:1004A000019DA855B1E76446AFE7C046800D010045
:1004B000B80C01002C18002014300020153000204A
:1004C000103000200C300020D6180020AC2F002067
:1004D000EF1A0020EE1A0020F11A0020F01A002076
:1004E000EC1A0020B80B0000FDF706FE32490A683E
:1004F000002A20D0314B324C1D7880B2002D02D022
:100500002568854217D0206001202E4C1870236882
:100510002D485D00285A2D4D01332B4003D52C4D1D
:10052000013B2B43013323602A4B013A1B680A60CD
:10053000002B00D09847284C2368002B33D0274A43
:100540001088002818D0264D2A78002A14D1198A3C
:10055000F7F76EFD00280FD001232B7023689B68EE
:10056000002B22D0984700281FD02368D8881D4B25
:100570001880C0B2F7F71EFE1B4B1B78042B12D15C
:100580001A4B188800280ED0194D2B78002B0AD151
:100590002368198AF7F74CFD002804D00123D120E5
:1005A0002B70F7F77FFD0DB0F0BD23689888DEE76C
:1005B000002C00D1E8E6EDE6C41D0020D81A00208A
:1005C000A82F0020C01D0020C01B0020FF000080BD
:1005D00000FFFFFF38180020E81A0020E21A002070
:1005E000E01A0020DE1A0020A51B0020441B00207A
:1005F000461B0020F7B50E4C0E4B24781B78019457
:100600000D4C019DAB4201D10020FEBDDE00A519BD
:100610006F788F4205D1365D864202D16D79954261
:1006200003D1072501332B40EBE70120EDE7C0465E
:100630008D1A00208E1A0020901A0020054B0238D7
:100640001B7841424841023B59424B41024A184003
:100650001070704718110020D12E002010B5743092
:10066000C3790A4984791B020A782343022B0AD1F1
:10067000012A01D0062A05D1054B4A78D8785A704C
:10068000FFF7DCFF10BD024BF8E7C04674300020D6
:100690001011002070B504007F2374342178050008
:1006A0000B40212B00D08DE04BB2002B49DA637850
:1006B000022B2ED0032B20D0012B42D12379022BE9
:1006C00001D9002070BDA1780829FAD8514AD25C1E
:1006D000022AF6D8902353434F4A9B58002BF0D060
:1006E0004E4C5E6818682200B0474D4BAB66A36C59
:1006F0000022EB662A670120E4E76279237912027F
:100700001A431ED14749484B8978836619700123E3
:10071000EFE72379022BD4D8A1780829D1D83D4A14
:10072000D25C022ACDD8902353433B4A9B58002BDE
:10073000C7D05A69186890473C4B1870AB660123C4
:10074000D6E763780A2B1ED00B2B0CD0092B39D19E
:100750006279237912021A4302239A4332D1344A2E
:10076000AA66344AC5E7637922791B02134307D18D
:10077000A2782C4B511E8A41D8789A70FFF75EFF01
:100780000023AB66B4E7274BE678D8781E70FFF7F6
:1007900055FF2379022B00D993E7A178082900D9C6
:1007A0008FE71C4AD25C022A00D98AE79023534380
:1007B000194A9B58002B00D183E732001C69186846
:1007C000A047DDE7602300269943812913D1637890
:1007D000062B10D16379227968681B02A178134334
:1007E000E27844682800A047B04200D169E7436836
:1007F000AB6603687CE7D82464000F4B9B59002B41
:1008000003D19036A642F8D15BE72800984700282C
:10081000F7D070E7C4160100600F002024300020DC
:100820002A3000201011002071300020703000208C
:10083000743000205D060100580F00201FB5040031
:1008400072B6FFF7A5FB0094E44368460194FFF7F6
:1008500077FBFFF791FB62B61FBD70B5E024F02572
:1008600064026D022000FFF7E9FF80239B00E4187B
:10087000AC42F7D1E02000214002F7F751F9F02413
:1008800060020134E4B2FFF7D9FF002CF8D170BD4B
:100890000FB407B5044805A90191F8F775FA03B03C
:0C08A00008BC04B01847C046F40A010070
:1008AC0000FFC80000202020202020202020282805
:1008BC002828282020202020202020202020202014
:1008CC002020202020881010101010101010101054
:1008DC001010101010040404040404040404041084
:1008EC001010101010104141414141410101010112
:1008FC0001010101010101010101010101010101DC
:10090C0010101010101042424242424202020202E7
:10091C0002020202020202020202020202020202AB
:10092C00101010102000000000000000000000005B
:10093C0000000000000000000000000000000000AB
:10094C00000000000000000000000000000000009B
:10095C00000000000000000000000000000000008B
:10096C00000000000000000000000000000000007B
:10097C00000000000000000000000000000000006B
:10098C00000000000000000000000000000000005B
:10099C00000000000000000000000000000000004B
:1009AC000000000000000000C6170000CC1600007C
:1009BC00CC160000CC160000CC160000CC160000A3
:1009CC00CC160000CC160000CC160000CC16000093
:1009DC00CC16000028170000E0160000CC16000012
:1009EC00CC160000CC160000CC160000E01600005F
:1009FC00CC160000CC160000CC160000CC16000063
:100A0C0042160000081700005A170000CC16000010
:100A1C00CC1600003C170000CC1600000817000094
:100A2C00CC160000CC160000D41700008A2400005D
:100A3C00B6230000A02300001C240000A02300000B
:100A4C0050240000A02300001C240000B62300004A
:100A5C00B6230000502400001C2400008C2300004E
:100A6C008C2300008C2300005A240000B6230000C5
:100A7C00B6230000A0230000F6240000A0230000F1
:100A8C0050240000A0230000F6240000B623000030
:100A9C00B623000050240000F62400008C23000034
:100AAC008C2300008C230000F0310000A4300000E7
:100ABC001C300000463000001C3000008831000063
:100ACC001C30000046300000A4300000A4300000B0
:100ADC0088310000463000003E3000003E300000FF
:100AEC003E300000AA310000325034473A256420D1
:100AFC00424C453A256420504F533A2564204D4FC3
:100B0C0044453A25640A0063300065786974006BCB
:100B1C00696C6C00296C6C756E2800296C696E28E8
:100B2C00000000002A0000DD1D8300002C0000DD09
:100B3C00278300002D0000FF318300002E0022FFD0
:100B4C0041830000380000FF51830000090011DDD3
:100B5C005D830000050011DD6783000000000000CC
:100B6C0000000000003131295A1B750A00010101F7
:100B7C00010101010101020202020202020202034E
:100B8C00030303030303030404040404040405051E
:100B9C0005050506060606060707070707080808E1
:100BAC0008090909090A0A0A0B0B0B0C0C0C0D0D90
:100BBC000D0E0E0E0F0F0F10101111111212131328
:100BCC001414151516161717181819191A1A1B1BA1
:100BDC001C1D1D1E1E1F20202122222324242526FD
:100BEC0026272829292A2B2C2D2D2E2F3031323235
:100BFC00333435363738393A3B3C3D3E3F40414241
:100C0C00434445464748494A4C4D4E4F5051535426
:100C1C00555658595A5B5D5E5F61626465666869DA
:100C2C006B6C6D6F7072737577787A7B7D7E80825A
:100C3C00838587888A8C8E8F91939596989A9C9EA3
:100C4C00A0A2A3A5A7A9ABADAFB1B3B5B7BABCBEB3
:100C5C00C0C2C4C6C9CBCDCFD1D4D6D8DBDDDFE280
:100C6C00E4E7E9EBEEF0F3F5F8FAFDFF0000000025
:100C7C00C9F200008DD400002FD5000040004000C8
:100C8C009012002090120020010000008812002019
:100C9C00130B0100A81200206813002081FB000038
:100CAC00EDCE000095060100000000000004004895
:100CBC0003040048040400480504004806040048E6
:100CCC00070400480004080C1014181C2024282CBD
:100CDC003034383C4044484C5054585C6064686C28
:100CEC007074787C8084888C9094989CA0A4A8AC18
:100CFC00B0B4B8BCC0C4C8CCD0D4D8DCE0E4E8EC08
:100D0C00F0F4F8FFFFF8F4F0ECE8E4E0DCD8D4D031
:100D1C00CCC8C4C0BCB8B4B0ACA8A4A09C989490E7
:100D2C008C8884807C7874706C6864605C585450D7
:100D3C004C4844403C3834302C2824201C181410C7
:100D4C000C0804000102030405060708090AFF0049
:100D5C0000FF8000FFFF0000FF0000FFFF0000FF0E
:100D6C008000FFFFFFFF0000000000C800C800C8A3
:100D7C00000000000F0C00480E0C00480F08004843
:100D8C000E0800480D080048030C0048020C0048EF
:100D9C000C0800480B0800480A0800480E000048E0
:100DAC0009080048080800480708004806080048D9
:100DBC000F040048E200E900EA00B500B600B700F5
:100DCC00CD008301CC008A019201940121022302FF
:100DDC0024022502260227022A02B300B4006F0067
:100DEC0070009F01CB019F02A002000000000000D8
:100DFC0000000000000000000000000000007E0F5A
:100E0C0000D4FFFFFFC700000078000000000000C6
:100E1C0000002A2B28000000000000000000000049
:100E2C00000000000029000000002C1E34202122AC
:100E3C0024342627252E362D3738271E1F20212215
:100E4C00232425263333362E37381F04050607088E
:100E5C00090A0B0C0D0E0F1011121314151617187E
:100E6C00191A1B1C1D2F3130232D350405060708BC
:100E7C00090A0B0C0D0E0F1011121314151617185E
:100E8C00191A1B1C1D2F3130354C0102040810207F
:100E9C00408000000400167EE600E700454F00008D
:100EAC0000000000C8000100000000000080FF00EE
:100EBC00000000009D830000594F0000814F00008E
:100ECC0000000000300B01001D2E2C1F11202122D0
:100EDC0016232425302F17180F121E13152D102B27
:100EEC00142A0D0E2829343537383B3C00FFFFFF00
:100EFC00FFFFFFFFFFFFFFFFFFFFFFFFFF010203ED
:100F0C000405060708090A0B0C0DFFFF0E0F101144
:100F1C0012131415161718191A1BFFFF1C1D1E1F70
:100F2C002021222324252627FF28FFFF29FF2A2BF7
:100F3C002C2D2E2F30313233FF34FFFF353637FF57
:100F4C00FF38FFFFFF393A3B3CFFFFFF000A100A56
:100F5C00200A300A400A500A600A700A800A900A75
:100F6C00A00AB00AC00ADC0A041418142814381495
:100F7C00481458146814781488149814A814B814C5
:100F8C00C814DE14041E1C1E2C1E3C1E4C1E5C1EA3
:100F9C006C1E7C1E8C1E9C1EAC1EBC1ED81E0828F3
:100FAC00232833284328532863287328832893281D
:100FBC00A328B428E0280032143228326E32B03222
:100FCC00C032D028E028E141E141E14101010101B9
:100FDC0001010101010101010101010101010101F5
:100FEC0001010101010101010101010101010101E5
:100FFC0001010101010101010101010101010101D5
:10100C00010101010101010101000000102000405B
:10101C00000000805000510052004F00500251025D
:10102C0052024F024F034F03500350034F034F0321
:10103C004A024A024D024D034A03290000000000F7
:10104C000000000000000000000000000000000094
:10105C000000000000000000000000001E001F0047
:10106C002000210022002300240025002600270058
:10107C002D002E002A00000000002B0014001A0086
:10108C000800150017001C0018000C0012001300BB
:10109C002F00300031000000000039000400160061
:1010AC00070009000A000B000D000E000F003300B2
:1010BC0034000000280000000000E10000001D00CA
:1010CC001B00060019000500110010003600370047
:1010DC0038000000E50000000000E000E300E20042
:1010EC00000000002C00000000000000167E2452BE
:1010FC006500E40000000000000029000000000072
:10110C0000000000000000000000000000000000D3
:10111C000000000000000000000000001E001F0086
:10112C002000210022002300240025002600270097
:10113C002D002E002A00000000002B0014001A00C5
:10114C000800150017001C0018000C0012001300FA
:10115C002F003000310000000000390004001600A0
:10116C00070009000A000B000D000E000F003300F1
:10117C0034000000280000000000E10000001D0009
:10118C001B00060019000500110010003600370086
:10119C0038000000E50000000000E000E200E30081
:1011AC00000000002C00000000000000167E2452FD
:1011BC006500E400000000000000350000000000A5
:1011CC000000000000000000000000000000000013
:1011DC000000000000000000000000003A003B008E
:1011EC003C003D003E003F004000410042004300F7
:1011FC00440045002A00000000002B00017E027E06
:10120C00037E007E4600470048000C0012001300CD
:10121C002A78297821780000000039000052015208
:10122C000700090049004A004B000E000F0024780B
:10123C0023780000280000000000E1000000437843
:10124C000000487847784C004D004E004A784978A9
:10125C0052000000057E00000000E000067EE20067
:10126C000000000042780000000000005000510017
:10127C004F000000000000000000350000000000DE
:10128C000000000000000000000000000000000052
:10129C00000000000000000000000000BE00BD00C7
:1012AC00C100C20022002300AC00AE00AB00A800BD
:1012BC00AA00A9002A00000000002B00017E027E7B
:1012CC00037E007E4600470048000C00120013000D
:1012DC002A78297821780000000039000052015248
:1012EC000700090049004A004B000E004B0024780F
:1012FC0023780000280000000000E100000000003E
:10130C000000487847784C004D004E004A784978E8
:10131C0052000000057E00000000E000E200E30047
:10132C000000000042780000000000005000510056
:10133C004F00000000000000000001000000000051
:10134C000000000000000000000000000000000091
:10135C000000000000000000000000003A003B000C
:10136C003C003D003E003F00400041004200430075
:10137C00440045000100000000000100017E027ED7
:10138C00037E007E0100010001000100010001004C
:10139C00AA00A900010000000000010001000100EA
:1013AC000100010001000100010001000100010029
:1013BC00010000000100000000000100000001001D
:1013CC000100010001000100010001000100010009
:1013DC0001000000010000000000010001000100FC
:1013EC0000000000010000000000000001000100EE
:1013FC00010001000000000000000000294800006E
:10140C006960000095600000C1600000ED600000A4
:10141C0041480000C805010902A10185020901A18A
:10142C000005091901290815002501950875018188
:10143C00020501093009311581257F950275088156
:10144C000609381581257F950175088106050C0A5A
:10145C0038021581257F950175088106C0C00501EC
:10146C000980A101850319012AB700150126B700CF
:10147C00950175108100C0050C0901A101850419A5
:10148C00012AA002150126A002950175108100C049
:10149C0005010906A1018506050719E029E71500D4
:1014AC0025019508750181020507190029EF150022
:1014BC00250195F07501810205081901290595058D
:1014CC0075019102950175039101C00660FF0961D8
:1014DC00A1010962150026FF0095207508810209FB
:1014EC0063150026FF00952075089102C0050109BF
:1014FC0006A101050719E029E715002501950875D6
:10150C000181029501750881010507190029FF1554
:10151C000026FF00950675088100050819012905AC
:10152C001500250195057501910295017503910131
:10153C00C0000001000200010003000100020001D4
:10154C000004000100020001000300010002000180
:10155C00000500010002000100030001000200016F
:10156C000004000100020001000300010002000160
:10157C00000600010002000100030001000200014E
:10158C000004000100020001000300010002000140
:10159C00000500010002000100030001000200012F
:1015AC000004000100020001000300010002000120
:1015BC00000700010002000100030001000200010D
:1015CC000004000100020001000300010002000100
:1015DC0000050001000200010003000100020001EF
:1015EC0000040001000200010003000100020001E0
:1015FC0000060001000200010003000100020001CE
:10160C0000040001000200010003000100020001BF
:10161C0000050001000200010003000100020001AE
:10162C00000400010002000100030001000200019F
:10163C000000000100000000801D0100D0300020DF
:10164C00D0300020D0300020801D010000000000B0
:10165C000000000000000000801D010000000000E0
:10166C000000000000000000801D010000000000D0
:10167C000000000000000000801D010000000000C0
:10168C000000000000000000801D010000000000B0
:10169C000000000000000000801D010000000000A0
:1016AC000000000000000000801D01000000000090
:1016BC000000000000000000010200303132333421
:1016CC00353637383941424344454600160343000A
:1016DC00490044004F004F00200051004B003600E1
:1016EC00310000001203520044004D00430054002E
:1016FC004D005A00540000000403090409025B0069
:10170C00030100A0FA0904000001030101000921F2
:10171C00110100012244000705810308000109049E
:10172C000100020300000009211101000122220026
:10173C0007058203200001070503032000010904AB
:10174C000200010300000009211101000122B60072
:10175C00070584032000011201000200000040B0C4
:10176C003635300500010203014422B6F91401009C
:10177C00D7140100211401001A17010033170100BE
:10178C0053170100FF0000005245454E54206D6177
:10179C006C6C6F63207375636365656465640000CE
:1017AC002E2E2F2E2E2F2E2E2F2E2E2F2E2E2F2E48
:1017BC002E2F6E65776C69622F6C6962632F737460
:1017CC00646C69622F72616E642E63002C206675E6
:1017DC006E6374696F6E3A2000000000617373656C
:1017EC007274696F6E2022257322206661696C65A4
:1017FC00643A2066696C6520222573222C206C6962
:10180C006E65202564257325730A0000232D302B6B
:10181C0020000000686C4C00656667454647000078
:10182C00303132333435363738394142434445460A
:10183C0000000000303132333435363738396162CC
:08184C00636465660000000002
:081854000809FF7F01000000FC
:10185C00040C00200000000044110020AC110020FA
:10186C001412002000000000000000000000000026
:10187C00000000000000000000000000000000005C
:10188C00000000000000000000000000000000004C
:10189C00000000000000000000000000000000003C
:1018AC0000000000030000004411002000000000B4
:1018BC00000000000000000000000000000000001C
:1018CC00000000000000000000000000000000000C
:1018DC0000000000000000000000000000000000FC
:1018EC0000000000000000000000000000000000EC
:1018FC0000000000200000000000000000000000BC
:10190C0000000000000000000000000000000000CB
:10191C0000000000000000000000000000000000BB
:10192C0000000000000000000000000000000000AB
:10193C00000000000000000000000000000000009B
:10194C00080000000000000000000600000000007D
:10195C00000000000000000000000000000000007B
:10196C00000000000000000000000000000000006B
:10197C00000000000000000000000000000000005B
:10198C00000000000000000000000000200000002B
:10199C000000000000000400000000000000000037
:1019AC00000000000000000000000000000000002B
:1019BC00000000000000000000000000000000001B
:1019CC00000000000000000000000000000000000B
:1019DC0000000000000000000300000000000000F8
:1019EC0000000300000000000000000000000000E8
:1019FC0000000000000000000000000000000000DB
:101A0C0000000000000000000000000000000000CA
:101A1C0000000000000000000000000000000000BA
:101A2C0000000000030000000000000000000200A5
:101A3C00000000000000000000000000000000009A
:101A4C00000000000000000000000000000000008A
:101A5C00000000000000000000000000000000007A
:101A6C00000000000000000000000000000000006A
:101A7C00060000005C0C0020A80C002000000000F8
:101A8C0000000000D80D00208C0D0020400D00201F
:101A9C0000000000F40C002000000000000000001A
:101AAC00240E0020B9D700009DD700009FD5000060
:101ABC0009D0000025D0000035D00000280E0020F1
:101ACC00B9D700009DD700009FD5000009D00000B9
:101ADC0025D0000035D000002C0E0020F5D70000DA
:101AEC00D1D70000BDD5000065D0000089D0000022
:101AFC00A1D00000410041004100410041003905E6
:101B0C0085560000E1CE0000210101002F010100EB
:101B1C003D0101004B0101005901010000FF00FFD4
:101B2C00FF030000000000000000000000000000A7
:101B3C000000000000000000000000000000000099
:101B4C000000000000000000000000000000000089
:101B5C000000000000000000000000000300000076
:101B6C000000000093F100000000000020000000C5
:101B7C000000000000000000020000000000000057
:101B8C000000000000000000000000000000000049
:101B9C0000000000501800200400000004000000A9
:101BAC0020000000281400200000000000000000AD
:101BBC00880E002000000000000000000000000063
:101BCC000000000000000000000000000000000009
:101BDC0000000000000000000000000000000000F9
:101BEC0000000000000000000000000003000000E6
:101BFC000000000093F1000000000000080000004D
:101C0C0000000000000000000200000000000000C6
:101C1C0000000000000000000000000000000000B8
:101C2C00000000005018002001000000040000001B
:101C3C0008000000F8130020000000000000000065
:101C4C006C0E0020000000000000000000000000EE
:101C5C000000000000000000000000000000000078
:101C6C000000000000000000000000000000000068
:101C7C000000000000000000000000000300000055
:101C8C000000000093F100000000000020000000A4
:101C9C000000000000000000020000000000000036
:101CAC000000000000000000000000000000000028
:101CBC00000000005018002002000000040000008A
:101CCC00200000006813002000000000000000004D
:101CDC00500E0020FF02C8000000000000000000B1
:101CEC0000000000000000000000000000000000E8
:101CFC0000000000000000000000000000000000D8
:101D0C0000000000000000000000000000000000C7
:101D1C0003000000000000000000000053F200006F
:101D2C000000200000000000000000000200000085
:101D3C000000000000000000000000000000000097
:101D4C0000000000000000005018002003000000FC
:101D5C000400000020000000B81400200000000067
:101D6C000000010001003C0002013201000001FFF3
:041D7C00140000004F
:040000030000019167
:00000001FF
