:100000000004002091010000ED090100EF13010040
:100010009301000093010000930100009301000090
:100020009301000093010000930100009301000080
:100030009301000093010000930100003D140100B2
:100040009301000093010000930100002948000083
:10005000930100004D48000061480000B9480000CD
:100060009301000093010000A548000093010000E7
:1000700093010000930100009149000069480000CD
:100080007D480000914800009301000093010000AA
:100090009301000093010000930100009301000010
:1000A0009301000093010000930100009301000000
:1000B0009301000093010000930100004D1901001D
:1000C00072B6244880F30888234880F30988022008
:1000D00080F31488BFF36F8F0FF084FC0FF077F874
:1000E0001E481F491B4A914202DA08600431FAE7B0
:1000F0001C49194A914202DA08600431FAE71A49A8
:100100001A4A1B4B9A4204DA086810600431043220
:10011000F8E700201749184A914202DA08600431D2
:10012000FAE70FF063FC0FF05EFC144C144DAC4288
:1001300003DA216888470434F9E70AF05FFC114CC0
:10014000114DAC4203DA216888470434F9E70F49BE
:100150000847000000040020000C002055555555AC
:100160000000002000040020942D0100000C00205D
:100170000013002000130020C0300020C000000049
:10018000C0000000C0000000C0000000E9F900004D
:1001900096E700F000F8FEE7F0B544464D465646B7
:1001A0005F46F0B46B46CB60C3689D46F0BCA0468A
:1001B000A946B246BB46F0BD62B6281CA047002047
:1001C00010F0CEFBFEE710F02FFB024A024B13604B
:1001D000FEE7C04604ED00E00000008002B4714676
:1001E00049084900095649008E4402BC7047C04680
:1001F00002B4714649084900095C49008E4402BCBA
:100200007047C04603B47146490840004900095E82
:1002100049008E4403BC704703B47146490840004E
:100220004900095A49008E4403BC70470022430824
:100230008B4274D303098B425FD3030A8B4244D3AE
:10024000030B8B4228D3030C8B420DD3FF220902F0
:1002500012BA030C8B4202D31212090265D0030BAF
:100260008B4219D300E0090AC30B8B4201D3CB03A5
:10027000C01A5241830B8B4201D38B03C01A5241E7
:10028000430B8B4201D34B03C01A5241030B8B42E9
:1002900001D30B03C01A5241C30A8B4201D3CB02D4
:1002A000C01A5241830A8B4201D38B02C01A5241B9
:1002B000430A8B4201D34B02C01A5241030A8B42BC
:1002C00001D30B02C01A5241CDD2C3098B4201D3D4
:1002D000CB01C01A524183098B4201D38B01C01A52
:1002E000524143098B4201D34B01C01A52410309C9
:1002F0008B4201D30B01C01A5241C3088B4201D378
:10030000CB00C01A524183088B4201D38B00C01A24
:10031000524143088B4201D34B00C01A5241411A4B
:1003200000D20146524110467047FFE701B5002058
:1003300000F0F0F802BDC0460029F7D076E770471C
:1003400003460B437FD4002243088B4274D3030936
:100350008B425FD3030A8B4244D3030B8B4228D3D7
:10036000030C8B420DD3FF22090212BA030C8B42FD
:1003700002D31212090265D0030B8B4219D300E09D
:10038000090AC30B8B4201D3CB03C01A5241830B22
:100390008B4201D38B03C01A5241430B8B4201D3D2
:1003A0004B03C01A5241030B8B4201D30B03C01AFB
:1003B0005241C30A8B4201D3CB02C01A5241830A75
:1003C0008B4201D38B02C01A5241430A8B4201D3A4
:1003D0004B02C01A5241030A8B4201D30B02C01ACE
:1003E0005241CDD2C3098B4201D3CB01C01A524135
:1003F00083098B4201D38B01C01A524143098B42BE
:1004000001D34B01C01A524103098B4201D30B01A6
:10041000C01A5241C3088B4201D3CB00C01A5241CB
:1004200083088B4201D38B00C01A524143088B4290
:1004300001D34B00C01A5241411A00D20146524129
:10044000104670475DE0CA0F00D04942031000D348
:100450004042534000229C4603098B422DD3030A9D
:100460008B4212D3FC22890112BA030A8B420CD3AD
:10047000890192118B4208D3890192118B4204D3D6
:1004800089013AD0921100E08909C3098B4201D356
:10049000CB01C01A524183098B4201D38B01C01A90
:1004A000524143098B4201D34B01C01A5241030907
:1004B0008B4201D30B01C01A5241C3088B4201D3B6
:1004C000CB00C01A524183088B4201D38B00C01A63
:1004D0005241D9D243088B4201D34B00C01A52413A
:1004E000411A00D20146634652415B10104601D3C7
:1004F0004042002B00D54942704763465B1000D351
:10050000404201B5002000F005F802BD0029F8D0F6
:1005100016E770477047C046844608006146FFE70B
:100520001FB500F00FFB002801D40021C8421FBDF9
:1005300010B500F097FA4042013010BD10B500F040
:1005400001FB002801DB002010BD012010BDC046CA
:1005500010B500F0F7FA002801DD002010BD0120E1
:1005600010BDC04610B500F0A5FA002801DC00203F
:1005700010BD012010BDC04610B500F09BFA002848
:1005800001DA002010BD012010BDC0461C2101234E
:100590001B04984201D3000C10391B0A984201D366
:1005A000000A08391B09984201D30009043902A244
:1005B000105C40187047C0460403020201010101AB
:1005C0000000000000000000002B11D1002A0FD114
:1005D000002900D1002802D00021C943080007B437
:1005E000024802A14018029003BDC04629FFFFFF48
:1005F00003B4684601B5029800F052F8019B9E468C
:1006000002B00CBC7047C046F0B5CE469946030C0C
:100610009C46130447461B0C1D000E006146040453
:10062000240C80B50700100C4B43654341436043E5
:100630002C0CC01824188C46A34203D980235B02DB
:100640009846C444494679435643230C2D042D0C47
:100650008919634424046019C918C0BCB946B0465E
:10066000F0BDC04670B500220C4B04000D0002F036
:1006700043FA002804D12000290002F033F970BDAC
:10068000064B00222000290001F0F4FC02F02AF9B8
:1006900080231B069C466044F1E7C0460000E04111
:1006A000F0B557464E464546DE46E0B504000D001F
:1006B0009246994683B08B4230D82DD04946504659
:1006C00002F024FA29000600200002F01FFA331A73
:1006D0009846203B34D49B4653465A469340424664
:1006E0001F00534693401E00AF423BD8AF4200D19B
:1006F00079E05B46A41BBD41002B00DA76E00022C6
:1007000000230092019301235A4693400193012351
:1007100042469340009329E08242CFD90022002331
:10072000009201930C9B002B01D01C605D6000982F
:10073000019903B0F0BCBB46B246A946A046F0BD45
:1007400042469B4620239B1A5246DA4041461300FC
:100750004A468A40170042461F43534693401E00B4
:10076000AF42C3D900220023009201934346002BDD
:10077000D8D0FB0772081A4346467B080EE0AB420E
:1007800001D1A2420CD8A41A9D41012024196D4127
:100790000021013E24184D41002E06D0AB42EED977
:1007A000013E24196D41002EF8D1009801995B4655
:1007B00000196941002B24DB2B005A464646D340E2
:1007C0002A001C00F2405B461500002B2ADB2600A5
:1007D0009E40330026004746BE403200801A9941B1
:1007E000009001919EE7A342BCD882E742462023B5
:1007F00000219B1A0022009101920122DA4001920D
:1008000085E7424620239B1A2A0046469A40230049
:10081000F340464613432A001C00F2405B46150095
:10082000002BD4DA202342462F009B1B9740260042
:10083000DE403B003343CDE7F0B546464F46D64653
:100840004502C0B5C30F470098460E1C6D0A3F0E07
:100850005BD0FF2F21D08023ED00DB041D4300235C
:1008600099469A467F3F74027300640A1B0EF60F86
:10087000002B20D0FF2B43D080220020E400D204A4
:1008800014437F3B4246FF1A4B4672400F2B00D960
:100890009DE071499B00CB589F46002D5AD10823FB
:1008A0009946063B74029A467300FF27640A1B0EA2
:1008B000F60F002BDED1002C3BD1012342464946E6
:1008C000724019430E2918D86448890041588F4650
:1008D0005346022B00D1B8E0032B6ED042462C00C9
:1008E000012B40D100200024C0052043D207104333
:1008F000E0BCBA46B146A846F0BDFF200024F3E7AD
:10090000002C20D10223FF3FD8E7002D05D104237E
:100910009946033B00279A46A5E72800FFF736FED5
:100920007627431F9D4000237F4299469A463F1AEF
:1009300099E72000FFF72AFE431F9C4076235B4285
:100940001B1A00209EE703234A461A4391460320C0
:10095000FC3397E70C239946093BFF279A4682E729
:1009600003282CD0320038007F30002847DD630791
:1009700004D00F232340042B00D00434230103D5DB
:100980003800374B80301C40FE28B6DCA401640AD6
:10099000C0B2A9E780240022FF20E403A4E780235B
:1009A000DB031D4201D01C420BD08024E4032C4306
:1009B00064024246FF20640A96E746462C008023E4
:1009C000DB031C4364023200FF20640A8CE76D01E4
:1009D000600185422DD21B230024013F01262900FE
:1009E00064006D00002901DB854201D32D1A3443D8
:1009F000013B002BF3D16B1E9D412C43B3E7012338
:100A00001B1A1B2B00DD6DE721009E37D940BC402F
:100A10000B00611E8C412343590704D00F2119405C
:100A2000042900D00433590113D49B0100205C0A2F
:100A30005AE71A2301242D1AD0E7981E4342584141
:100A4000404232000024C0B24EE74246FF2000245C
:100A50004AE70120002447E75420010094200100C8
:100A6000FFFFFFF770B542004E024C0045026D0AD1
:100A7000120EC30F760A240EC90FFF2A10D0FF2CC6
:100A80000CD00120A2420AD1B54208D18B420FD02E
:100A9000002A04D12800431E984100E0012070BDC7
:100AA0000120FF2CFBD13543F9D14B401800F6E76C
:100AB0000020F4E730B5420044024D02C30F480065
:100AC000640A120E6D0A000EC90FFF2A18D0FF2803
:100AD0000AD0002A1ED100280AD1002D29D0002CCE
:100AE0002DD14800013830BD002D25D1002A01D17B
:100AF000002CF6D08B4219D001205B421843F2E75C
:100B0000002C19D1FF28F7D1002D15D100208B42E0
:100B1000F2D1E8E70028EFD08B42EDD18242EBDC46
:100B200004DBAC42E8D80020AC42DCD258000138EB
:100B3000D9E7002CD7D0DFE702204042D3E78B4231
:100B4000DAD1EEE730B5420044024D02C30F48004F
:100B5000640A120E6D0A000EC90FFF2A17D0FF2873
:100B60000AD0002A1BD100280AD1002D1DD0002C4C
:100B70002DD14800013811E0002D0ED1002A01D1FD
:100B8000002CF6D08B420CD15800013806E0002C26
:100B900003D1FF2805D1002D15D0022030BD00283B
:100BA00006D101205B421843F8E7002CF6D0F8E7A5
:100BB0008B42F6D18242F4DCE6DBAC42F1D8002075
:100BC000AC42EBD2E0E700208B42EAD1E6E78B4271
:100BD000E7D1F2E770B5002812D0C317C5185D4001
:100BE000C40F2800FFF7D2FC9E231B1A962B0FDCA4
:100BF000082838D0083885406D026D0AD8B202E066
:100C0000002400200025C0052843E407204370BDD0
:100C1000992B14DC421F95402A00154911405507B5
:100C20001CD00F252A40042A18D00431CA084901D3
:100C300015D59F235202181A550AC0B2E3E70200E5
:100C400029001B3291404A1E91410522121AD540BB
:100C50002A000A43064911405507E2D1CA08520248
:100C6000550AD8B2CFE76D026D0A8E30CBE7C04689
:100C7000FFFFFFFBF0B54F464646D646C0B50D0315
:100C800082B0009201934E00C300CC0F690A450F59
:100C90009C46009A019B0D435F001903D80F009BEF
:100CA000490A5B0F1943009B760D7F0DDA00F31B99
:100CB000844258D0002B13DD002F00D088E00800BC
:100CC000104300D159E1581E012B00D1C2E2B14FAF
:100CD000BB4200D141E1382800DD6AE2030064E153
:100CE000002B00D1B1E0BB1B002E00D0E1E1644637
:100CF0002C4300D176E25C1E012B00D1E8E2A54E28
:100D0000B34200D1B7E2382C00DC6BE3541EA242A0
:100D1000924152428D1AA0461E0004002A0268D455
:100D200043461F1D47459B415B42ED182B0200D4F3
:100D30009DE3984A0136964200D1EBE0964A73054E
:100D40002A405B0D5107FF0852020F43120B1B058F
:100D50001343E40723433800190002B0E0BCBA464D
:100D6000B146A846F0BD002B00DCD7E0002F00D034
:100D70009AE00800104300D1FFE0581E012B00D17B
:100D800048E2844FBB4200D1E7E0382800DCB8E2FB
:100D900080221204154200D149E31E0000231500F1
:100DA00098467C4B01369E4200D1B3E07A4B01213C
:100DB0001D4043465A081940EF070A4317436D0880
:100DC0007B07B3D00F233B40042BAFD0B846A7E737
:100DD0007048864200D1C0E0382B00DCE2E00123FD
:100DE0005B4263449C45804140422D1A98462B0249
:100DF00096D501235B429846684D2800FFF7C6FB55
:100E00000300083B20214046CA1AD0400200404659
:100E10009D4098402A438046B34200DA72E1981B15
:100E200043460130091A45468B40C5405E1EB3411A
:100E300017008F402B431F43C2403B001500002684
:100E40001343BDD10027002281E7554F731C3B425D
:100E500000D01BE163460F002B431743002E00D048
:100E6000C4E1002B00D145E2002F00D107E1634629
:100E70009B1A9846C445B6416B1A76429B1B802646
:100E80003604334200D1CBE26346D31A9A429241F0
:100E90001F00491B52428A1A9C46174300D0EDE2BC
:100EA00004000023002252E73A48864255D0382BEE
:100EB00000DD48E18020000401431F2B00DDE3E159
:100EC0002027F81A824608005746B840814610008D
:100ED0004F46D840074338005746BA40D940571EBE
:100EE000BA416D18104360448046E045804140425D
:100EF0002D182B0200D554E743465B0700D1B9E219
:100F00000F2342461340042B00D009E7330042462A
:100F1000D20834E033000022002718E7002B00D16C
:100F20008FE0BB1B002E00D033E16046284300D188
:100F300040E2581E012B00D10AE2164EB34200D106
:100F400085E2382800DC87E280252D04294200D183
:100F50009CE21E000023984623E763466E07D808EC
:100F60000643ED0837002F4311D0802212032A4395
:100F700012033700074B120BE9E66246D2086E07F0
:100F80001643044AED089342ECD03700D6E0014BFB
:100F90000022DCE6FF070000FFFF7FFFFFFF7F006E
:100FA000FE0700008020000401431F2B00DDB1E09C
:100FB0002027F81A824608005746B840814610009C
:100FC0004F46D840074338005746BA40D940571ECD
:100FD000BA416D1A104363461B1A9C4580419846DE
:100FE00040422D1A2B0287D56D026D0A002D00D0CC
:100FF00003E74046FFF7CAFA030018331F2B00DC53
:1010000000E74246083882409E4200DD91E09B1B8B
:10101000581C1F2800DCF8E117001F3BDF40202888
:1010200005D040231B1A9A40531E9A411743002FA4
:101030003CD000267B0700D0C4E63500B84633001C
:1010400065E7CB48731C034200D085E063462B4321
:10105000002E00D092E10F001743002B00D1D8E101
:10106000002F0CD06244624580416D1840422D181B
:101070002B0200D5F2E1170094462F4316D06346A9
:101080006F07D80807430023ED0857E063469B1A13
:101090009846C445BF416B1A7F42DB1B1F0200D537
:1010A000AEE047461D001F43A0D1002400230022CC
:1010B0004DE6B04CA74200D1DDE0382B00DD85E0E5
:1010C0008024240425431F2B00DDECE02026F41AA5
:1010D000A1462C004E46B4406646DE403443A0464E
:1010E00066464C46A640DD40741EA6414446491B58
:1010F0003443131B9A4292415242984604003E00E8
:101100008D1A6FE7F61A03009B4D15405B0700D060
:10111000F6E6FBE618000F002038C740202B03D06E
:101120004020C31A99400A43531E9A411000384385
:1011300051E79149F31A0A405707D5082A035B057E
:10114000120B5B0D03E680231B041D4200D1BBE0A4
:101150001D000023984624E68648834200D1DAE643
:10116000624462458041691840420918C807520824
:10117000104380464D08520705D00F221E00024042
:10118000042A00D0CCE542466F07D20817430D0968
:10119000D4E77848874200D1D5E0382B00DCB2E0B4
:1011A00080252D04294200D14CE100233E009846C1
:1011B000F7E50122524262449445804140422D1A93
:1011C00090461E002A0200D513E6A9E5531E9A4256
:1011D000924152428D1A984604003E002B0200D5DF
:1011E00007E69DE504000D00D208C8E6002B00D0FC
:1011F000E3E0002F3FD1802200245E4B1203A6E5DE
:101200006346D31A9A4292414D1B524298460400BB
:10121000AD1AEBE662441600664580416A1840420A
:101220001218130200D49DE0534973080A40D107F5
:10123000194357085B0700D1FEE00F230B40042B36
:1012400000D1F9E00B1D98468845AD416D4202235F
:10125000ED195CE663469B1A9C4580416D1A40423D
:101260002D1A98462B020DD443466F07DB081F4307
:10127000ED08012362E74E07D20804001643CD08AB
:1012800070E604000126AFE618000F002038C740C2
:10129000202B03D04020C31A99400A43531E9A4181
:1012A000100038431FE61C002E00203CE640202B97
:1012B00005D04024E31A9D4063462B439C46644678
:1012C000631E9C41344314E701236344984627E599
:1012D0006346D31A9A4292414D1B5242AD1A984628
:1012E0002B02CED443466F07DB081F4304000123C3
:1012F000ED0823E7002F00D1D7E604000D00944647
:10130000BDE60300D9E58020000405431F2B6BDCFC
:101310002020C01A804628004646B0406646DE407F
:101320000643B14660464646B040DD40461EB041E9
:101330004E4649193043804690449045924152426E
:101340003E005518D5E54E07D2081643CD0809E6EC
:1013500063469E1896429241691852428A181302B7
:1013600000D561E75707F60801233743D508E5E6BE
:10137000FE070000FF070000FFFF7FFF002BE2D009
:101380006346DE086B071E430B00ED08134300D1D4
:10139000E8E580231B031D4206D0C808184203D18C
:1013A0000500D60849070E43730FF600F6085B07E1
:1013B0001E43D7E50D00D208E1E56346DE086B0762
:1013C0001E43ED08002F00D1CCE580231B031D42F6
:1013D000EAD0CF081F42E7D1D608490704003D00F4
:1013E0000E43E1E723006EE618002E002038C640C9
:1013F000202B05D04020C31A9D4063462B439C46BA
:101400006046431E9841304395E720210023091A86
:101410000EE50023002F00D1BAE50D00904676E5D9
:1014200047461F4300D140E61D00C44627E601227F
:10143000624490461E0073E4C9087F0702230F43ED
:1014400015097BE6531C98460D003E0068E4D6085B
:101450004B071E43CD0885E5030057E7114BD20823
:101460002B405F0717435A02120B01236FE433002E
:10147000B8464CE54346DA08330080E532420AD0EC
:10148000084B04001A40674601235BE40132904692
:101490000D001E0044E4DB0857071F43040000232F
:1014A000D5084BE6FFFF7FFFF0B5DE4645465746C1
:1014B0004E46E0B587B0009201930B031B0B9B4691
:1014C000CA0F4B00040080465B0D029200D1BFE0C2
:1014D0008F4A934238D05946420FC9000A438021AF
:1014E00009041143C20090468A4A894692469A44AA
:1014F000002300240393009E019F3B031B0B7A00F3
:1015000030009B46520DFD0F002A00D17FE0804B3A
:101510009A426ED05946730FC9000B4380210904CB
:1015200019438B467B49F3008C46514662448A1A24
:1015300092460021029E6E40F6B20F2C00D9F9E0CF
:10154000754AA400125997465A460243914600D064
:10155000B6E09A460223904608240393CBE72E0078
:1015600000210023002288461B051343F60733435E
:101570004046190007B0F0BCBB46B246A946A0469B
:10158000F0BDCB464346029D0399022900D1FAE102
:10159000032900D1A1E00129E1D0604A52449046DC
:1015A0004446002C00DC00E25A0704D00F221A4007
:1015B000042A00D07FE22E00DA085B46DB0106D564
:1015C0005946574B802419408B46E4005444554BF0
:1015D0009C4209DC5B465B07134398465B46640507
:1015E0005A02120B630DBFE7002100228846484BC8
:1015F000BAE75B46009A13434B4A9446E244002BF9
:1016000059D10222144300220221934692E75B46FD
:10161000009A134349D05B46002B00D1A4E1584601
:10162000FEF7B4FF030002000B3B1D27009EFB1AD0
:1016300011005846DE4008398840330003439B467A
:10164000009B8B40394952448A460021924471E7FD
:101650005B460343994621D05B46002B00D171E1E4
:101660005846FEF793FF0B235B429C4602008444DE
:1016700066461D239B1B260011005846DE40083994
:10168000884033000343994623008B409846284BFB
:1016900000249B1A9A46002303932CE700239846C4
:1016A0009A4601330424039325E7012214430022C0
:1016B000012193463EE7032303211C43330039E70E
:1016C0009A460323D9460C24039314E7002380226F
:1016D000984600260E4B120346E780225946120315
:1016E0000A43120398462E00094B120B3CE7802256
:1016F00049461203114202D059461142F0D08022CD
:101700004B4612031A431203029E014B120B2BE7A6
:10171000FF07000001FCFFFFD0200100FF030000D5
:10172000FFFFFFFEFE07000001F8FFFFF3030000CC
:101730000DFCFFFFCB4500D2FAE000D1F5E001221D
:10174000524294460022444648469046E2445A4655
:101750001F0E12021B020293130C994617433B04FF
:101760001B0C49460093FEF7E7FD009A0B04424329
:10177000210C050019438A4207D9C919013D8F423E
:1017800003D88A4201D9851EC919881A4946FEF72D
:10179000D3FD009A240442430904240C03000C43A3
:1017A000A24204D9E419013BA74200D8F7E002990C
:1017B000A01A2D040C0C09041D43090C2A0C2B043F
:1017C000AB460D001B0C5D430591634351430494EC
:1017D00062435B182C0CE318994203D9802149021B
:1017E0008C466244190C2D041B042D0C8A185D19BB
:1017F000904200D287E000D182E043465D1BA845BD
:101800009B41801A5B42C01AB14B534498461C005E
:10181000874200D10CE14946FEF78EFD0200009B95
:1018200003905A430B04290C19438A420AD9030036
:10183000C919013B03938F4204D88A4202D9831EFF
:101840000393C919881A4946FEF776FD0A00120467
:1018500094462A0465460099120C414303002A432A
:10186000914207D9D2190138974203D8914201D940
:10187000981ED219039B521A1B0403430598190C96
:1018800005008C461904090C4D43894661460095B4
:101890006546484304994D43AC464D464D4329188F
:1018A000009D2D0CA9464944884203D9802040025E
:1018B0008146CC44009D080C2D0409042D0C604485
:1018C0004D1982420FD30BD001221343814A924516
:1018D0006CDB1A1D9A429B415B42D2089B446CE62A
:1018E000002D00D193E0591EBA188C46BA4200D29E
:1018F00085E0824200D2C7E000D1D5E00B00E3E7EB
:10190000A84500D379E75B46591E029B9C46E044FC
:101910001C0098459B415B42DB19C018874238D2B6
:10192000824278D875D08B4667E7434500D906E7F1
:101930004A46D40750084246520814434246D2074A
:10194000904604E7FEF722FE15239C4684440200DD
:10195000634620321C2B00DC8AE6230008388340D3
:1019600099460023984692E6FEF710FE0300020017
:10197000153320321C2B00DC57E6009908388140D3
:1019800000238B465EE600212E0000228846524B43
:10199000EAE58742C7D14445C2D98B462DE7A2422A
:1019A00000D804E7831EE41901E72E000122414616
:1019B000521A382A00DDD3E51F2A3FDC47481C00B5
:1019C0005044594683408140D440581E83412143AE
:1019D0000B435946D1400A00590709D00F2119403D
:1019E000042905D0191D99429B415B42D2180B0076
:1019F000110268D50021012300228846B4E50B00BE
:101A0000824200D060E7029A954200D05CE7350040
:101A1000C6E5454587D902235B429C46029BE344C9
:101A20009C46E04498459B415B42DB19C018E4E6C4
:101A3000002B36DD012300229B44BEE51F214046DA
:101A40004942091A5846C8400100202A04D0584685
:101A5000234A5244904003435A1E934107200B43AC
:101A6000010000221940184209D00F211940042911
:101A70001FD0181D98428941030049424907DB08DD
:101A80000B43984600236FE50299023B49008C46C0
:101A900002998C4589414942C919521861460291FF
:101AA000AEE701235B4281E70299A942ECD363468A
:101AB000A9E70021E3E71A1D9A429B415B422E00F1
:101AC000D2089B4479E551075202120BD7E7C04672
:101AD000FF03000002FCFFFFFF0700001E040000E0
:101AE0003E040000F0B557464E464546DE46E0B59A
:101AF0001F000B031B0B16009846CA0F4B00040077
:101B0000924685B05B0D00D1C2E1CC4A934200D130
:101B100028E14146420FC9000A43802109041143CC
:101B2000C2009146C64A884693469B44002300253E
:101B300001933C037A00FB0F3000240B520D0093FD
:101B400000D185E1BD4B9A4200D160E1BC4B9C467F
:101B5000624493440A2D00DD14E1730FE4001C433A
:101B600080231B042343F0005246009900264A407C
:101B70009246022D11DD0122AA40A6211400C900BF
:101B80000C400A4200D0FDE0902189000A4200D0BA
:101B9000D4E18821114200D0EFE049464A460904C9
:101BA000140C090C020C0F0015000004000C654316
:101BB00047430195B9462F000D0006005543AC463A
:101BC0004D4666432D0CB4446544AE4205D93E00F3
:101BD00080277F02BC46664401964F463F043F0C77
:101BE0002E0C2D04ED1902951D0C1B041B0C0095E9
:101BF0001D001F0065434F43AC46009D69436C4385
:101C00003D0CA946614449448C4503D980256D02A9
:101C1000AC4664443F040D0C3F0C0904C919AC46A2
:101C20007518039545462E04360C2F0C3500454398
:101C30007843804638006444AC462D0CA946504396
:101C4000724342444A44904503D980256D02A84618
:101C50004044150CA84665462D042D0CAC463500B5
:101C60005D4312046244AC467B43009D4044984669
:101C70002B006E4365467B4346442D0CAD191F0077
:101C80000093A84504D980235B02984647440097F7
:101C9000039B019E98462B044644984663468E4219
:101CA00089411B041B0C4344B61849421B195F1899
:101CB00096429241BC465242804691468C458941AB
:101CC000A3429B41E044C14449425B429145924159
:101CD0000B43804589412D0C494252420A435B190E
:101CE0009B18009A029994464A4663445B02D20DBF
:101CF0001A43904672020A43511E8A41F60D16435A
:101D00004A4652021643B146DB0154D44D4A5A4466
:101D1000002A00DC18E133005B0715D00F215B4679
:101D20003140042910D04946081D48458941814663
:101D3000494288444146C90106D54146424A1140BC
:101D400080228846D2009A18404B9A4200DD2BE14F
:101D500041464B464C07DB081C4352054B021B0B0C
:101D6000520D1AE042460243914600D0E0E09B4605
:101D70000223904608250193DBE6009A9846924696
:101D800081460196019B022B00D10DE1032B35D03A
:101D9000012B1BD100220023002412051A435346B5
:101DA000DB071A432000110005B0F0BCBB46B24669
:101DB000A946A046F0BD01227308324013434246B3
:101DC000D2071343994643465B08984680225B46F8
:101DD000D2005A440133002A00DCB6E049464907E4
:101DE000A8D00F214846014004299CD1A2E70F2D1D
:101DF00000D1FDE0009BA0469A46B14680234246B2
:101E00001B0313431B034C460C4A1B0BC5E70B4932
:101E100033008C462343E344002B77D1022129432E
:101E20000A29AFDC5046009C60408246002D00D15C
:101E30000EE10D00002002269DE6C046FF070000CF
:101E400001FCFFFFFF030000FFFFFFFEFE07000095
:101E5000230033434BD0002C00D1BBE02000FEF721
:101E600095FB030002000B3B1D20C31A3000D84035
:101E700011000300300008398C4088402343594644
:101E80008A1A78498B4693440A2D00DC6CE679E780
:101E900043460343994623D04346002B00D187E0B5
:101EA0004046FEF773FB0B235B429C4602008444D2
:101EB00011004046083988401D23804660461B1AA1
:101EC0002000D840030040460343984623008B403F
:101ED0009946644B00259B1A9B460023019328E6F4
:101EE000002398469B4601330425019321E60122F5
:101EF00015430A2D00DD45E7524600994A409246B7
:101F0000022D00DC46E70020012634E603231D43B2
:101F10000A2D00DD6BE75346009A882153400122C9
:101F2000AA409A4603262300114200D135E624E751
:101F30009B46032381460C250193FAE500239A462C
:101F40008023494A1B0328E75B460121891A382967
:101F500000DD1FE71F295ADD1F204042821A40463C
:101F6000D040202908D0414A9446424663449A40D2
:101F700013004A461A4391464A460721531E9A4186
:101F80000C00024300231440114209D008311140D3
:101F9000042960D0111D9142A4410A0064426407E3
:101FA000D20814430022F8E6002300242E4AF4E667
:101FB000FEF7ECFA15239C46844402006346203267
:101FC0001C2B00DC74E7002399462300083883406B
:101FD00098467EE7FEF7DAFA030002001533203256
:101FE0001C2B00DC40E7330008388340002046E724
:101FF000802342461B031A4200D1FFE61C4200D058
:10200000FCE6009A234392463400174AC5E6184A74
:10201000404694464A4663449840CA4010434A4664
:102020009A40531E9A4143460243CB40510709D080
:102030000F211140042905D0111D914292415242B5
:102040009B180A00190208D5012200230024A4E6E7
:1020500000230024A1E60024A2E75C075B021B0B1F
:102060009EE7C0460DFCFFFFFF0700003E04000096
:102070001E040000F0B54E464546DE465746E0B524
:1020800083B0009001910D034E000199760DCC0FA5
:10209000690A009D6D0F0D43009900920193C800DD
:1020A0001903019BCB4A5B005B0D9946019B83465C
:1020B000DB0F98464B0A0099490F1943009BDB0040
:1020C0009C469A46914500D173E0012347465F4004
:1020D0004B46B846F31ABC4216D0002B00DC9AE2FD
:1020E0004F46002F00D082E067460F4300D13AE10F
:1020F0005F1E012B00D1A4E2934200D12EE1382FC4
:1021000000DD43E23B003EE1002B00DCD7E24F461E
:10211000002F00D0F8E067460F4300D123E15F1E97
:10212000012B00D157E2934200D117E1382F00DC98
:1021300004E380221204154200D1AAE31E00150018
:102140000027A44B01369E4200D103E10122A24B9D
:102150003A401D4079081143EA070A436D085307C6
:1021600009D00F231340042B05D017003A1DBA42A3
:10217000BF417F42ED192B0200D477E39549013628
:102180008E4200D1E6E0944973050D405B0D69076E
:10219000D2086D020A432D0B1B052B43E407234392
:1021A0001000190003B0F0BCBB46B246A946A046D9
:1021B000F0BD8A4BF21863460B434CD0444550D0D7
:1021C000002A6CD0002E00D17DE1634644464F07C3
:1021D000DA081743C8083A00024300D1CDE0802551
:1021E0002D0305432D033A007A4B2D0BD4E796427D
:1021F00000D1B3E0382B00DCC2E0471EB84280417A
:1022000040422D1A2B02B1D50127754D7F4228007F
:10221000FEF7BCF90838202339001A1A8540D1404E
:1022200087402943B04200DA45E1801B01301B1A88
:102230003D009F40C5407A1E97410A009A402F43B7
:102240003A43C14013000D0000260B4300D086E73F
:1022500000220025A0E7474601235F40B8464445D9
:10226000AED1002A00D1EFE0002E00D088E14B462D
:102270002A00024300D1A0E25A1E012B00D1B7E28E
:10228000544EB34200D17BE1382A00DC12E38025B2
:102290002D04294200D112E31E00002751E7514AC4
:1022A000731C134200D0F4E062462B000A43034340
:1022B000002E00D074E1002B00D123E2002A00D1CF
:1022C000E0E06346C71AB842924180266B1A524238
:1022D0009B1A3604334200D1C1E26346181A844582
:1022E00092414D1B5242AD1A0124020043462A433B
:1022F0001C40002A00D1DBE0354200D1E9E2364B38
:1023000002001D40012342E7964227D0382B00DD12
:1023100011E18022120411431F2B00DDA1E12022D4
:102320000F00D21A914697406246DA401743B846EA
:1023300062464F46BA40D940571EBA4147466D18CB
:1023400017433F188742804140422D182B0200D589
:10235000F7E634E03300002500221DE7C0086F07D0
:102360000743E80837E7C7086A071743194AE80828
:10237000934200D12FE73A00D8E0164B00250BE737
:102380008022120411431F2B00DDB7E020220F0032
:10239000D21A914697406246DA401743B8466246E1
:1023A0004F46BA40D940571EBA4147466D1A1743A7
:1023B000C71BB842804140422D1A2B0216D47B071E
:1023C00000D179E20F233B40042B00D0CEE633004E
:1023D000FF08C9E7FF070000FFFF7FFF01F8FFFFCD
:1023E000FFFF7F00FE070000444601266D026D0AD4
:1023F000002D00D00BE73800FEF7C8F803001830B6
:102400001F2800DC07E73900083B9940864200DDC1
:1024100087E0831B581C1F2800DC14E20A001F3BC6
:10242000DA40202805D040231B1A99404B1E9941C1
:102430000A43002A3CD00026530700D091E617003B
:1024400035003300FF088FE7CA4A731C13427AD164
:102450002B000343002E00D092E162460A43002B7A
:1024600000D1F4E1002A0DD06346C71887428041AD
:102470006D1840422D182B0200D512E23A00BB46DF
:102480002A4315D05B466A07DF083A430023E80871
:102490004CE06346C71AB84292416B1A52429B1AEB
:1024A0001A0200D587E03A001D001A43A0D100248B
:1024B0000023002570E6B04D361A0D407B0700D092
:1024C00080E7330084E74B462A0002437ED05A1E41
:1024D000012B00D11FE1A94CA34200D198E1382A79
:1024E00000DC9CE16246571EBC45924152428D1A67
:1024F00044461E002A0200D586E637E61A000F0081
:10250000203AD740B846202B05D04022D31A994014
:1025100063460B439A4657467B1E9F4143461F43E3
:1025200046E7954A331A11404A07C80805035B0578
:102530002D0B5B0D30E680231B041D4200D1FBE018
:102540001D000027FDE58D4A934200D103E7624656
:10255000821882428041691840420818C707520811
:1025600017434508520700D4AEE10F221E003A403F
:10257000042A00D0FAE5FF086A073A430009D5E7C4
:1025800063464F07DA081743C80824E6471EB842D7
:10259000804140422D1A1E002A0200D534E6E5E5AE
:1025A000002B00D00DE1002A00D069E18025002435
:1025B000724B2D03F0E563461F1ABC45924101247E
:1025C00043464D1B5242AD1A1C4011E76246444639
:1025D0000D00D708C8E66346C618864280416918D0
:1025E000404209180B0200D40CE1634B70081940FB
:1025F000CB0703434A08400700D43BE10F201840B3
:10260000042800D136E11F1D9F42AD416D420223D7
:10261000AD18FF08A8E6002B00D140E64B469B1BF7
:10262000002E00D150E7382B2EDD63465F1EBC45DF
:10263000924152428D1A44464E462B0200D5E3E5A4
:1026400094E56346C71AB84280416D1A40422D1A7C
:102650002B0200D5C9E66A07FF0801233A43E808C0
:1026600064E71A000F00203AD740B846202B05D067
:102670004022D31A994063460B439A4657467B1E25
:102680009F4143461F435CE680223C0012041543F1
:102690001F2B26DC20222F00D21A060090409740E4
:1026A000DE40421E9041DD4037430743491B6346ED
:1026B000DF1BBC45924152424E468D1A7DE6002BEF
:1026C00000D1C1E64B469B1B002E00D1D0E5382B34
:1026D00036DD80252D04294200D1DDE04E4600275D
:1026E0002FE51A002E00203AD640202B05D040229C
:1026F000D31A9D402F000743BB465F467B1E9F4178
:102700003743D4E7002A00D1D1E6012443460D0027
:10271000E3461C40B6E663461F1ABC4592414D1B7A
:102720005242AD1A2B0200D55EE66A07FF08444606
:1027300001233A43E808F9E6471C17E53B00EBE5BF
:102740008022120415431F2B6CDC20222F00D21A8A
:10275000060090409740DE40421E9041DD403743E6
:102760000743491967446745924152424E465518FE
:10277000ECE5C046FE070000FFFF7FFFFF070000FB
:10278000002B00D1FCE6C7086B071F436346E8082F
:102790000B4300D11FE580231B03184207D0CA0852
:1027A0001A4204D163461000DF0849070F437B0F2C
:1027B000FF00FF085B071F430DE562460D00D708C9
:1027C000D2E5C7086B071F43E808002A00D102E5DD
:1027D00080231B031842EAD0CA081A42E7D1634695
:1027E0000124DF084346490710000F431C40DEE781
:1027F00060446045924169185242891806000B02F4
:1028000000D5F2E64A07F60801233243C8088DE6F0
:102810006346DF084B0744461F43C808DBE44446D1
:10282000130035E71A002E00203AD640202B05D0A1
:102830004022D31A9D402F000743BB465F467B1EB4
:102840009F4137438EE7202300271B1AF5E400231E
:10285000002A00D192E567460D00FF0884E53A00A2
:102860001A4300D123E61D00BB460BE617003300D8
:10287000FF0879E5DB0852071A430809022355E6E9
:1028800063460124DA0843464F071743C8081C4033
:10289000A1E41E00471C69E467460D004E4601375F
:1028A00064E40F4BFF081D406A076D0201233A43A1
:1028B0002D0B71E4130046E73300FF0854E567462B
:1028C0000D001E00013751E46A07FF083A43000972
:1028D0002CE6C0086A0702430023E80826E6C04643
:1028E000FFFF7FFF0B00020070B5164D0C0382B096
:1028F0004900002000920193240B490DDE0FA942EC
:1029000004DD1148814203DD104BF01802B070BDA8
:102910008020400320430E4C641A1F2C08DD0D4B11
:102920005B1AD84003005842002EEFD11800EDE7A3
:10293000094B009A9C46030061448B40E2401343DC
:10294000F1E7C046FE0300001D040000FFFFFF7F0B
:102950003304000013040000EDFBFFFF70B50028F6
:1029600016D0C317C5185D40C40F2800FDF70EFE32
:10297000104B1B1A5B055B0D0A2814DC02002E00AD
:10298000153296400B22121AD5402D032D0B03E071
:1029900000240023002500261B052B43E4072343C6
:1029A0003000190070BD0B3885402D0300262D0B1B
:1029B000F2E7C0461E04000010B5041E10D0FDF75B
:1029C000E5FD0E4B1B1A5B055B0D0A280FDC0B2285
:1029D0002100121AD14015300A038440120B01E085
:1029E000002300221B0513432000190010BD220004
:1029F0000B38824012030024120BF3E71E04000080
:102A000070B542024300C40FFE201B0E591C550A2C
:102A100008420CD0E02189008C466D07120B6344FC
:102A20001B051343E40723432800190070BD002B46
:102A300014D1002D1BD02800FDF7A8FD0A281CDCAE
:102A40000B232A001B1ADA40030015339D400E4B5E
:102A500012031B1A5B05120B5B0DE1E7002D09D079
:102A6000130B802212031A436D07084BD8E700238B
:102A70000022D5E70022054BD2E703002A000B3BDA
:102A80009A400025E3E7C04689030000FF070000E5
:102A90008446100062468C461900634600E0C0463A
:102AA0001FB500F0F5F8002801D40021C8421FBD71
:102AB00010B500F037F84042013010BD10B500F0FD
:102AC000E7F8002801DB002010BD012010BDC04642
:102AD00010B500F0DDF8002801DD002010BD012058
:102AE00010BDC04610B500F063F8002801DC0020DE
:102AF00010BD012010BDC04610B500F059F80028E7
:102B000001DA002010BD012010BDC04610B500291B
:102B100003D1FDF73BFD203002E00800FDF736FD54
:102B200010BDC046F0B55746DE464E464546E0B5B8
:102B30000D000400E80F83460903D80F090B8246F5
:102B40001A488C461F0369005E00490D3F0B760D45
:102B500081421AD0864211D00120B1420FD1BC452A
:102B60000DD1A2420BD1D3451ED0002907D1614619
:102B700011430A00531E9A41100000E00120F0BCEE
:102B8000BB46B246A946A046F0BD01208E42F6D112
:102B9000614639430F0017432743F0D15B46524645
:102BA000981A431E9841EAE70020E8E7FF07000073
:102BB000F0B557464E464546DE46E0B50D000E03DD
:102BC0004900490D8A46DF0FE90FBC4683B02F4FFD
:102BD000040080460191580019039146360B090BF9
:102BE000400DBA451DD0B8420DD05746002F2AD10E
:102BF0003443002824D10A4336D0002C41D1634607
:102C00005800013815E0114338D15346002B01D14B
:102C10002643F4D0019B634507D1019B580001383E
:102C200007E026432AD1504521D00120019B5F4275
:102C3000384303B0F0BCBB46B246A946A046F0BD3F
:102C4000002CDCD0E6E70028EFD0019B6345ECD1F7
:102C50008245EADCE1DB8E42E7D8DED1C845E4D824
:102C60000020C845E5D2D8E7002CE2D0DDE71143CB
:102C700004D1019B6345D8D10020DAE7022040420D
:102C8000D7E7019B6345E6D0CFE7C046FF070000CA
:102C9000F0B557464E464546DE46E0B50D000E03FC
:102CA0004900490D8A46DF0FE90FBC4683B02E4F1D
:102CB000040080460191580019039146360B090B18
:102CC000400DBA451ED0B8420DD05746002F27D12F
:102CD0003443002833D10A4334D0002C40D163461A
:102CE0005800013815E0114312D15346002B01D191
:102CF0002643F4D0019B63451DD00120019B5F4218
:102D0000384306E0264303D15045F6D111431CD089
:102D1000022003B0F0BCBB46B246A946A046F0BDB7
:102D20000028EAD0019B6345E7D18245E5DC02DB60
:102D30008E42E2D80ED0019B58000138E9E7002C02
:102D4000CDD0D7E7002CE4D0D7E7019B0020634526
:102D5000DFD0D2E7C845D0D80020C845D9D2EAE7AD
:102D6000019B6345E4D0C8E7FF070000114B70B535
:102D70001C680500236B002B03D000221D615A61E3
:102D800070BD182000F064F9031E20630CD00A4ABD
:102D900000210260094A4260094A82600B22828156
:102DA000012018615961E8E700224621054B0648D9
:102DB00000F0A8F8000C00200E33CDAB34126DE605
:102DC000ECDE0500CC2C0100E42C0100184B70B5A2
:102DD0001D682C6B002C0ED020696169154A164BBA
:102DE000FDF712FC0122002312184B415800400845
:102DF0002261636170BD182000F02AF9041E286367
:102E00000FD00E4B012203600D4B43600D4B8360CE
:102E10000B23838100230261436107480A4A064B62
:102E2000E6E700225221094B094800F06BF8C04642
:102E3000000C00202D7F954C2DF451580E33CDAB56
:102E400034126DE6ECDE05002E7F954CCC2C010093
:102E5000E42C0100F0B588420AD98B18984207D2B9
:102E6000531E002A03D0CA5CC254013BFBD2F0BD02
:102E700005000F2A0AD8561E002AF8D00023CC5C81
:102E80001A00EC5401339642F9D1F0E703273E00D3
:102E90000D430C0003002E402F422DD11500103D94
:102EA0002D09AC462F013F1825681D6065685D60DF
:102EB000A5689D60E5681034DD601D001033BD42DB
:102EC000F2D165460F230C2401352D014919134019
:102ED0004519144213D0043B9B0801339B008C59C5
:102EE000AC5104369E42FAD103231A40AD19891918
:102EF000561E002AC2D1BAE70500561EBEE71A00C8
:102F0000B9E7C04670B514001A000A4B06001B68EA
:102F100084B0D868002C0AD0074B084D019300916B
:102F200033002900029400F0B3F800F089F8044B54
:102F30001C00F2E7000C0020102D0100202D0100E4
:102F40001C2D0100130010B50022FFF7DBFFC04667
:102F5000F0B50500830749D0541E002A45D0030070
:102F60000326CAB202E00135013C3ED301332A7088
:102F70003342F8D1032C30D9FF220A401502AD1894
:102F80002A04AD180F2C34D92700103F3F093E0109
:102F9000B4461E001A0010366644156055609560F0
:102FA000D56010329642F8D101373F01DB190F2767
:102FB0000C22274022403C00002A0ED03E1FB608BB
:102FC000B400A4461A001C1D644420C2A242FCD1D5
:102FD00003240136B6009B193C40002C05D0C9B231
:102FE0001C19197001339C42FBD1F0BD0300140081
:102FF000C0E72700E2E7C04630B5032A1AD90B0024
:1030000003439B0711D0551E002303E05A1C9D4229
:1030100013D01300C25CCC5CA242F7D0101B0DE0B1
:10302000043A04300431032A04D904680B689C4232
:10303000F6D0E8E7551E002AE6D1002030BDC04694
:10304000062010B500F00EF901200EF0EBFFC0468F
:1030500010B5034B0100186800F074FF10BDC046A6
:10306000000C002010B5034B0100186800F0F2FFBF
:1030700010BDC046000C00200CB400B583B004ABFA
:1030800004CB019300F0C8F903B008BC02B01847A4
:103090000EB400B582B003AB0100054804CB006854
:1030A000019300F0B9F902B008BC03B01847C0465C
:1030B000000C0020F0B505000F2A31D903273E008F
:1030C0000D430C0003002E402F4234D11500103D5B
:1030D0002D09AC462F013F1865685D60A5689D60AD
:1030E000E568DD60256810341D601D001033BD42A9
:1030F000F2D165460F230C2401352D0149191340E7
:10310000451914421AD0043B9B0801339B008C598B
:10311000AC5104369E42FAD10323AD1989191A40E5
:10312000561E002A06D00023CC5C1A00EC54013352
:103130009642F9D1F0BD0500561EF4E71A00EFE7FC
:10314000C36B10B50400002B01D0002010BD8021FE
:1031500000F0F8FEE063002806D002000023803271
:1031600008C09042FCD1F0E701204042EEE7C046A3
:1031700070B505000C0016001F2907D8C06B002889
:1031800009D0A40004192068266070BD16230360CE
:1031900001204042F9E78021280000F0D3FE010021
:1031A00003000022E86380310028F1D004C38B4281
:1031B000FCD1E6E770B505000C001F291ED8C36BD3
:1031C000002B0ED08A009B181A68002A09D0012A09
:1031D00005D0511C0ED0002120001960904700201E
:1031E00070BD280001F0BEFA22000100280001F0A5
:1031F000A5FAF5E7162303600120F1E71623036023
:1032000001204042ECE7C04670B505000C001F29C4
:1032100024D8C36B002B14D0A2009B181A68002A74
:1032200009D0511C0BD0012A07D0002120001960C1
:103230009047002070BD0120FCE70320FAE7022040
:10324000F8E7802100F07EFE031EE86306D000212F
:103250000200803002C28242FCD1DDE70120404200
:10326000E8E7C046144B70B504001D681F281DD840
:10327000EB6B002B0DD082009B181A68002A08D037
:10328000012A04D0511C0DD0002119609047002064
:1032900070BD280001F066FA22000100280001F04C
:1032A0004DFAF5E7162301202B60F1E716230120E4
:1032B0002B604042ECE7C046000C0020114B70B57B
:1032C00004000E001D681F2807D8E86B002809D0ED
:1032D000A40004192068266070BD16232B6001200D
:1032E0004042F9E78021280000F02CFE0100030095
:1032F0000022E86380310028F1D004C39942FCD158
:10330000E6E7C046000C00200C4B10B51C68E36BD0
:10331000002B01D0002010BD8021200000F012FE03
:10332000E063002806D002000023803208C09042EB
:10333000FCD1EFE701204042EDE7C046000C002041
:10334000174B70B504001D681F2825D8EB6B002BA8
:1033500014D0A2009B181A68002A09D0511C0BD067
:10336000012A07D00021200019609047002070BD7D
:103370000120FCE70320FAE70220F8E7802128007B
:1033800000F0E0FD031EE86306D00021020080305B
:1033900002C29042FCD1DCE701204042E7E7C04690
:1033A000000C0020936810B5013B9360002B04DAF9
:1033B0009469A34207DB0A2905D01368581C1060E2
:1033C0000800197010BD00F0A1FEFBE7F8B506007B
:1033D0000F00002B0DD01400D51802E00134AC42D0
:1033E00007D03A0030002178FFF7DCFF431CF5D10D
:1033F000F8BD0020FCE7C04610B514009268002319
:10340000002A05D0220000F08BF900220300A26000
:1034100000221800626010BDF0B54E464546DE46FB
:103420005746E0B58146884614001E009FB000282C
:1034300003D0036A002B00D11FE143469B891B0781
:1034400000D48FE043461B69002B00D18AE00023A3
:1034500006AD6B6120336B761033AB765346A346D3
:10346000874F059603935B461B78002B00D19BE0AA
:103470005C4603E063780134002B7DD0252BF9D125
:103480005B46E31A9A465C457BD12378002B00D13A
:103490008AE0012300225B42069207930022002368
:1034A0000892099300234332AB54AB6501339B462A
:1034B000013406E05A46C01B82401C0029680A43BA
:1034C0002A6005223800217800F0F0F8631C1E0005
:1034D0000028EFD12A68D10602D543212030685454
:1034E000110702D543212B20685421782A2967D15E
:1034F000059B191D1B680591002B00DA98E0EB6015
:1035000061782E2900D172E05E4C0322200000F089
:10351000CDF8002806D04023001B83402A680136DE
:1035200013432B603178731C062257489B4629763B
:1035300000F0BCF8002800D180E0544B002B67D08D
:1035400005AA0092290042464846514B00E000BFC0
:103550000390039B013327D0039A6B69944663441D
:103560006B6180E74146484600F062FC002800D1CC
:103570006DE7012040421CE05B46E31A9A465C4539
:1035800012D03B0000264746A0464C46994602E032
:103590000136B24543D95B463A002000995DFFF7FA
:1035A00001FF0130F4D1B84643469B895B06E0D465
:1035B00068691FB0F0BCBB46B246A946A046F0BD44
:1035C00008003038260009289BD8EA68140000E07B
:1035D0000133A2001219197852001418080030386B
:1035E0000928F5D91E00EC602E2900D08CE77178EF
:1035F0002A292DD1059BB01C1A1D1B6805926B60F2
:10360000002B02DA01235B426B60B17806007BE796
:103610000722059B07339343083305939CE74B46EA
:103620006A69A146524444466A61B8461F002CE7C5
:103630005B42EB6002231A432A6061E705AA00920D
:10364000290042464846124B00F0BCFE039080E73A
:1036500008000023303801366B60092800D953E791
:103660001A0093009B1871785B001A180800303814
:1036700001360928F5D96A6046E700F0D7FADCE69A
:10368000502D0100582D01005C2D010000000000AC
:10369000CD33000010B504001300034A10680A007F
:1036A0002100FFF7B9FE10BD000C002070B5CCB2B0
:1036B00083070DD0531E002A0FD0032504E00130EC
:1036C000284206D0013B08D30278A242F7D170BD50
:1036D0001300032B03D8002B14D10020F7E7FF229F
:1036E0000A401502AD182A040B4EAD1803E0043B46
:1036F0000430032BEFD9026808496A4051189143FE
:103700003142F4D0C31802E001309842E5D002788B
:10371000A242F9D1DBE7C04680808080FFFEFEFE3A
:10372000F0B54E46DE4657464546E0B5936883B051
:103730000C0091460090002B5FD00C23CA5E13074B
:1037400063D50B69002B60D04B461F68930723D5C8
:10375000A36A00269A46B34B00259846216A002D9D
:1037600016D02B00454500D9AE4B32000098D0470B
:10377000002859DD4B464A469B6836181B1A2D1AFD
:103780009360002B39D0A36A216A9A46002DE8D1B4
:103790003E687D680837E2E7D30762D50023B84664
:1037A00000209A4600261F00002E45D000284CD04D
:1037B0003B00B3469E4200D99B4620682269A5681B
:1037C0006369904203D9ED18AB4500DDFEE05B452F
:1037D00000DDEEE0A56A5246216A0098A847051E62
:1037E00022DD01207F1B19D04B464A469B68AA4424
:1037F0005B1B761B9360002BD6D1002003B0F0BC7E
:10380000BB46B246A946A046F0BD2100009800F094
:103810000FFB00280DD10C23E25E95E721000098F4
:1038200000F0C2FA0028DFD00C22A35E402213432E
:10383000A38101204042E1E70822434694465E68A6
:10384000E044002EF8D01B689A4632000A21504608
:10385000FFF72CFF002800D1DBE053460130C71AE8
:10386000A6E7002380219A4689008B465646554696
:103870002068A36884469846002D5CD059460A42C9
:103880005DD09A46AB4200D990E09023DB001A420B
:1038900032D02169431A6069019343001B18D80F85
:1038A000C3185810019B824601335B19834201D92A
:1038B0009A461800520500D497E00100009800F0E5
:1038C00041FB8046031E00D1A6E0019A2169FFF763
:1038D000F1FBA389544A134080221343A38143463A
:1038E0002361019B1A004244944622605246A84636
:1038F000AA46D31A6261A360524631006046FFF7C0
:10390000A9FA4246A8460025A36820689B1A50449D
:10391000A36020604B4642469B6846449B1A4A4639
:10392000936000D169E70C23E25E2068A3688446B7
:103930009846002DA2D13E687D6808379AE7226933
:1039400082421BD362699046AA4217D8802328007E
:103950001B069D4200D335484146FCF7F1FC434627
:10396000A26A43439046216A32000098C04700286B
:1039700000DC59E780464346ED1ACBE79846AB4258
:1039800000D9A84642463100FFF764FA4246A368D0
:1039900020689B1A4044A3602060002BEBD12100DB
:1039A000009800F001FA0028E5D03DE7A846AA46B5
:1039B000A2E75A465146FFF74DFA5A46A3685D46BC
:1039C0009B1AA36023685B4423600AE751462A00E0
:1039D000FFF740FA236821005B190098236000F08C
:1039E000E3F9002800D1FCE61EE70200009800F091
:1039F00009FC8046002800D071E7009D216928005D
:103A000000F028FB8022A3899343743A1BB22A60FA
:103A10000CE7731C1F00CCE6009A0C3313600C22D9
:103A2000A35E03E700FCFF7F7FFBFFFFFFFFFF7F3D
:103A30000020704710B5034A0349044800F0C0FB5A
:103A400010BDC046500C0020A93D0000040C002011
:103A500041680B4B10B50400994201D000F0A4F965
:103A6000A168084B994202D0200000F09DF9E1685E
:103A7000054B994202D0200000F096F910BDC046D7
:103A8000041300206C130020D41300200020704782
:103A9000F8B5CE464746344C344B354A2000002515
:103AA00080B51A600423082200215C30256065601F
:103AB000A560656625616561A561E360FFF748FA69
:103AC0002C4B2000994663622B4B2C4F9846A362E7
:103AD000CC23E5502A4B2B4E63678023082200211C
:103AE000C430E550E7622663A566E5662567A567ED
:103AF000E5672462FFF72CFA220088236832E2503F
:103B00004A460433E250424620000433E250043374
:103B1000E7500433E6503833E5500433E5500433BE
:103B2000E550194A5C33E550583BE2500433E55008
:103B30002D300433E550082204330021FF30E550D6
:103B4000FFF706FA2200F023D032E2504A4604334F
:103B5000E25042460433E2500433E7500433E65067
:103B6000C0BCB946B046F8BD0413002000130020C5
:103B7000353A00006D47000099470000D947000022
:103B8000090001000948000012000200F8B5244BAA
:103B900007001B68002B3BD0224E7368B468013BC2
:103BA00003D51BE06834013B18D30C22A55E002D21
:103BB000F8D120001C4B08220021E36065662560D7
:103BC000A560656025616561A5615C30FFF7C0F99E
:103BD0006563A563A564E5642000F8BD3568002D24
:103BE00001D02E00D9E7D6213800490000F0AAF90B
:103BF000041E10D00423D0220560250043600C3041
:103C00000021A0605200FFF7A3F934602E00C4E742
:103C1000FFF73EFFC0E70C2330603B60DCE7C046A7
:103C200000130020500C00200100FFFF036A10B5B4
:103C3000002B00D010BD044B0362044B1B68002B0B
:103C4000F8D1FFF725FFF5E7513A000000130020F7
:103C50007047C0467047C04610B50020024A03496D
:103C600000F0AEFA10BDC046500C0020313A000002
:103C700010B50020024A034900F0A2FA10BDC04668
:103C8000500C00208D3A0000F0B5C64600B50C225D
:103C90008B5E07000C001A073CD44A68002A5CDDE2
:103CA000E66A002E32D000223D68216A3A60DA04CA
:103CB00057D4002201233800B0470200431C65D0CE
:103CC0000C21635EE66A216A5B0706D56368D21A37
:103CD000636B002B01D0236CD21A00233800B0474D
:103CE000431C40D00023636023692360A389DB0465
:103CF0004AD4616B3D60002908D0230044339942C7
:103D000002D0380000F0A6F900236363002080BCD5
:103D1000B846F0BD0E69002EF8D00D680022AD1B2C
:103D20000E609B0700D14A69A260002D04DCEDE71C
:103D300036182D1A002DE9DDA36A320098463800A6
:103D40002B00216AC0470028F2DC4022A3891343DC
:103D50001BB20120A3814042D9E70A6C002A9FDCF4
:103D6000D4E7626DB0E739680C22A35E1D2916D82E
:103D70000C4ACA40D20712D5002262602269226032
:103D8000DB04B6D50029B4D16065B2E73B68002BEF
:103D900096D01D2B01D0162BD7D13D60B6E740221F
:103DA0001343D6E7010040200B6970B505000C00F5
:103DB000002B08D0002802D0036A002B0AD00C2266
:103DC000A35E002B01D1002070BD21002800FFF769
:103DD0005BFFF9E7FFF72AFFF1E7C04670B5041E65
:103DE00018D00F4B1D680369002B08D0002D02D09E
:103DF0002B6A002B0AD00C22A35E002B01D10020DD
:103E000070BD21002800FFF73FFFF9E72800FFF70A
:103E10000DFFF0E7034A0449044800F0D1F9EFE749
:103E2000000C0020500C0020A93D0000040C0020D4
:103E3000314B70B5050018680C00002802D0026AEA
:103E4000002A4FD00C22A35E1A071DD52269002A32
:103E500024D0D90708D50021A1606169002049421A
:103E6000A161002A08D070BD0021980700D46169C3
:103E70000020A160002AF6D11A06F4D5402213438F
:103E8000A38101204042EEE7DA062ED55A0714D46A
:103E9000226908210B43A381002ADAD1A0218020C6
:103EA0008900800019408142D3D02100280000F011
:103EB000BDFB0C22A35E2269CBE7616B00290AD00F
:103EC00022004432914204D0280000F0C3F80C22B2
:103ED000A35E00226263242293430022626022696F
:103EE0002260D6E7FFF7A2FEACE709222A60402253
:103EF0001343A381C5E7C046000C002070B5104EE7
:103F0000050033680C00002B15D0210028000EF0AE
:103F10006EF8431C0CD00323C41C9C43A04205D064
:103F2000211A28000EF063F8013001D0200070BD86
:103F300001246442FAE700210EF059F83060E4E70A
:103F40003C140020F8B50323CE464746CD1C9D43C4
:103F50000835060080B50C2D1ED20C25A9421DD8AF
:103F6000300000F05FFB3A4F7A68002A1AD0140044
:103F700004E063682200002B14D01C0023685B1B44
:103F8000F7D40B2B27D96119256094425BD051607F
:103F90000B6063684B600DE0002DDFDA0C2300201E
:103FA000336014E029003000FFF7A8FF0400431C31
:103FB00019D00560300000F037FB200007220B30DD
:103FC000231D9043C21A984201D01B1AA350C0BCB3
:103FD000B946B046F8BD6368944202D05360E9E741
:103FE00043467B60E6E77B689846002B24D0444636
:103FF00063689846002BFAD1236800219946300067
:10400000A1440DF0F4FF814516D123683000ED1A6C
:104010002900FFF773FF01300ED023687A685B191F
:1040200023605368002B02D1DAE71A005B689C42D8
:10403000FBD100235360BDE70C233000336000F058
:10404000F3FA0020C3E779600B6063684B60B1E767
:104050003C14002070B50500002915D00C1F236802
:10406000002B23DB280000F0DDFA274A1368002B21
:1040700005D0A3420BD92168601883422CD02800B8
:104080006360146000F0D0FA70BDA34210D81A002B
:104090005B68002BF9D1106811188C4218D02CD312
:1040A00063605460280000F0BFFAEDE7E418D9E738
:1040B00011685018A04214D01FD82168601883429C
:1040C000EED118685B684118216063605460E9E7CD
:1040D00023681B181360E5E718685B6841182160C6
:1040E000CDE720680918501811608342DAD11868AA
:1040F0005B68411811605360D4E70C2328002B60E3
:1041000000F092FAC0E7C04640140020F8B5050060
:104110000E001400002802D0036A002B41D0A369CE
:10412000A360A3891B071BD52369002B18D0FF228E
:10413000F7B2616916402268D31A99421FDD013334
:10414000A1680139A160511C2160177062699A420F
:104150001ED0A389DB0701D50A2E19D03000F8BD87
:1041600021002800FFF764FE002817D1FF222369F1
:10417000F7B2616916402268D31A9942DFDC210048
:104180002800FFF711FE002808D101232268D7E795
:1041900021002800FFF708FE0028DFD00126764224
:1041A000DCE7FFF743FDBAE7030010B50A00034957
:1041B00008681900FFF7AAFF10BDC046000C0020D8
:1041C000F8B54746CE46884680B58146170000269A
:1041D0007D68BC68013D0DD4A389012B07D90E224F
:1041E000A35E013303D021004846C047064368342C
:1041F000013DF1D23F68002FEAD13000C0BCB94682
:10420000B046F8BDF0B5C64607000E00140000B574
:1042100000292DD0002A27D000F0FCFA80468442E5
:1042200003D835004308A34210D321003800FFF71C
:1042300089FE051E0AD0220044450BD83100280013
:10424000FEF738FF31003800FFF704FF280080BC7C
:10425000B846F0BD310042462800FEF72BFF310082
:104260003800FFF7F7FEF1E7FFF7F4FE0025EDE772
:104270001100FFF767FE0500E8E7C046F8B55746AE
:104280004E464546DE46E0B51F000A9B92469846DC
:104290000A698B6806000C009A4200DA1A0053463D
:1042A0001A604323E35C002B02D0514601320A60BE
:1042B0002268910661D55346524606201B68023398
:1042C000136022681100104208D100208146193085
:1042D0008346E168A344994247DC11004323E35C31
:1042E0005A1E934189060AD53020E11843310870DF
:1042F00045215A1C615CA21843320233117022001E
:10430000390030004332C04701301DD053460625E6
:104310001B68E1689C462368A26820692B40042B37
:1043200031D0824239DD00239946121A914400258A
:104330001A3402E001354D452FDA012322003900FD
:104340003000C0470130F5D101204042F0BCBB46EF
:10435000B246A946A046F8BD01239C465346E568EF
:104360001B68E144ED1A4D4524DD01235A4639000E
:104370003000C0470130EFD1E6E7062111420ED0F0
:104380005A1E9341BBE76346C91ACB43DB170B4068
:1043900099468242C9DC0029C9DC0020D6E700200A
:1043A00053468146193083461B68E168A34499420D
:1043B000DBDC92E743232168E35C5A1E93418906C4
:1043C00092D49CE7F0B54E46994643239C46574607
:1043D0004546DE468C446346E0B587B002930C0048
:1043E000097E90460700109A002914D00B00583B14
:1043F000DBB2202B48D888489B00C3589F461368DF
:1044000021681D1D606915601B680E0602D44906EF
:1044100000D5DCE018600023029D23614B4621009B
:1044200000933800434605AAFFF728FF01301ED04D
:104430002A00414638002369C847013017D0236855
:10444000E068059E9B071BD5B04219DD19239A46EB
:104450000025A24404E0E0680135831BAB420FDD78
:104460000123524641463800C8470130F3D10120AC
:10447000404207B0F0BCBB46B246A946A046F0BDDC
:10448000B042F6DA3000F4E725004223012042353D
:10449000E154432300222061E254BFE713682168FE
:1044A000181D10600D0602D44D0600D594E01A6860
:1044B00016006368002A00DA92E0584A93460A22FE
:1044C00003924BE01368206840CB050601D44006F8
:1044D0007FD41360514B9B466F2900D191E00A2392
:1044E000039337E013682500191D11601A684223F1
:1044F00001204235E254CCE71368191D11601D6894
:10450000002128006268FFF7D1F8002800D181E07F
:10451000401B6060BDE7202321680B4323604521D9
:10452000782060543E498B46116840C9180603D470
:10453000580601D53604360C1160DA0702D5202260
:1045400013432360002E03D120222368934323606A
:104550001023039343230022E2546368A360002BDB
:1045600018DB042122688A432260002E12D1029DAA
:10457000002B49D1039B082B1ED0029B5B1B2361A0
:104580004CE745235821E154244923688B46CBE767
:104590002368C4E7039B9A46029D30005146FBF70F
:1045A000CBFE5B465B5C013D2B7033000600534540
:1045B000F3D2039B082BE0D12368DB07DDD56268CB
:1045C00023699A42D9DC3023013D2B70D5E718804E
:1045D00021E73604360C7CE700269E5F320068E750
:1045E00043222D20A054A360002B02DB0423994317
:1045F00021600A239A46094B76429B460A2303937D
:10460000CAE708230393A5E75B4625001B784235DC
:104610002B70AFE760683CE714220100642D0100B5
:10462000782D01007047C0467047C046F0B50C2396
:10463000CD5E06000C0097B0AA0707D523004733CC
:10464000236023610123636117B0F0BD0E23C95EAF
:1046500000292BDB6A460DF0D7FC002824DB8027DD
:10466000FF0039003000019DFFF76CFC002833D0BB
:104670008022A38920601343A381F0231B021D40E5
:104680008023206167619B019D42DDD130000E23B4
:10469000E15E0DF0C5FC0028D6D00322A389934328
:1046A00001221343A381CFE70C23E55E0F4B2D06B8
:1046B000ED171D408023DB009C4665442900300037
:1046C000FFF740FC002807D08022A3892060134315
:1046D000A38120616561B7E70C22A35E9A05B3D47C
:1046E0000322934302221343A381A7E740FCFFFF69
:1046F00070B50C001E000E23C95E150096B000298F
:1047000014DB6A460DF080FC00280FDBF0230199D2
:104710001B021940084B9C4661444B42594180237F
:10472000DB00002031602B6016B070BDA389002132
:104730001B06F4D54023F4E700E0FFFF002370B52B
:10474000074D0400080011002B600DF073FC431CA2
:1047500000D070BD2B68002BFBD02360F9E7C0466A
:104760004414002010B50DF06DFC10BD70B50C00A8
:104770000E25495F0DF030FC002803DB636D1B182C
:10478000636570BDA389024A1340A381F9E7C0465F
:10479000FFEFFFFF00207047F8B50C001F000C234F
:1047A000C95E05001600CB050AD40A4B3200194039
:1047B0002800A1810E23E15E3B000DF014FCF8BD42
:1047C0000E23E15E002202230DF00BFC0C23E15EC0
:1047D000EBE7C046FFEFFFFF70B50C000E25495F09
:1047E0000DF0FFFB431C07D08023A2895B0113431C
:1047F0001BB26065A38170BDA389024A13401BB23E
:10480000F8E7C046FFEFFFFF10B50E23C95E0DF0BD
:10481000ECFB10BD0B1F1B68181F002B00DB704743
:104820000B58C018FBE7C0468023064A1B06D16C14
:104830000B43D3648023044A9B0351690B435361A8
:104840007047C046001402400004014010B5034BFD
:1048500070461A695A610CF0DBF810BD0004014083
:1048600010B5FFF7F3FF10BD802310B5DB05DA6943
:1048700070461A620CF0CCF810BD000010B5034B66
:104880007046DA691A620CF0C3F810BD00040040EB
:1048900010B5034B7046DA691A620CF0B9F810BD16
:1048A0000008004010B5034B70461A6E5A660CF0B3
:1048B000AFF810BD000002402D4B70B51A69754667
:1048C0005A612C4B1978002912D110231A420FD0AB
:1048D000294C2278002A0BD0284A10789022D20541
:1048E0001268002808D1110019401A4200D1217025
:1048F00028000CF08DF870BD16001E401A4210D032
:104900002378012BF4D1013323701D4C4022200069
:10491000FEF71EFB802221005201402001F0ACFC7A
:10492000E6E72378022BE3D1164B15481B78027873
:10493000002B07D07F2313403B2B03D101F0E2FD76
:104940002670D5E70A2A04D101F0DCFD002323708C
:10495000CEE70D4A13780133DBB21370022B02D974
:1049600000231370F3E701230100084A2370D4E702
:1049700000040140020D002058200020D61F002016
:10498000182000207E190020D71F0020D81F0020EB
:104990007346F7B50193BC4BBC49DA691A620B78D0
:1049A000002B12D0BA4A13780133DBB2092B01D89D
:1049B00013700AE0002313709023DB05186810239E
:1049C00004001C4018421AD10C70B24B1B78022B09
:1049D00009D0B14B1A78002A13D05B79002B10D183
:1049E000092001F05FFDAD49087800283AD0AC4AB3
:1049F000138801339BB2312B06D8138007E00523BF
:104A0000D6E701F09BFCEEE7002313800B70A54A6C
:104A100013780133DBB2022B00D974E01370A24A81
:104A200013780133DBB2042B00D97FE013709F4C65
:104A30009F4D23882A8801339BB223809A420DD848
:104A400000232380944B1B78002B07D1112001F009
:104A500029FD002802D12B880A3B238001980BF006
:104A6000D7FFF7BD934A9449137809780133DBB235
:104A7000002923D0032B01D81370C8E78F4B107087
:104A8000DB6F04221C008E4D14401342BFD18D48B1
:104A90002F6D03788C495E007752AE690133324343
:104AA000DBB2AA61092B01D80370B0E714220470AD
:104AB0008648FEF7FFFA00F0A1FDA8E7132BDBD92B
:104AC0007E4B1170DB6F04221C007D4D144013429D
:104AD0000DD17C482F6D03787B495E007752AE691B
:104AE00001333243DBB2AA61092B04D80370784A40
:104AF0001388013381E7142204707448FEF7DAFA50
:104B000000F010FEF3E70023137009F07FFE714CF4
:104B1000A04200D183E7002800D180E709F076FEAB
:104B20006D4B1860200009F06BFE78E700216B4B9D
:104B300011701A788A4202D0197000F09DFA684B01
:104B40001B78002B01D000F0B1FA664A13780133CC
:104B5000DBB2FF2B00D100231370634A13780133BB
:104B6000DBB2FF2B00D1002360494A4C0878137058
:104B7000002806D15E4A138801339BB2312B2BD813
:104B8000138096215B4A4900138801339BB28B4204
:104B90002BD21380584B594D00931B78002B19D002
:104BA00096222B88520001339BB22B8093422ED346
:104BB000534B1B78002B0BD19023DB051A68102375
:104BC00016001E401A4203D14E4B1B78002B12D107
:104BD00091235B002B801AE00123108022780B7058
:104BE000002ACED1484A1370CBE70023138001225C
:104BF000464B1A70CEE70123454F062231002000B4
:104C00003B7001F0EDF8009B3E701E702E80237803
:104C1000022B2FD03C4B1A78002A04D000221020FF
:104C20001A7001F0C3FB00223A4B1A703A4B1A6813
:104C30000023920608D590238022DB051B68920191
:104C400013405A42534101339621344A49001370AC
:104C5000334A138801339BB28B426BD21380962167
:104C6000304A4900138801339BB28B4200D3A6E03F
:104C70001380DCE62C4B2D4A197B5B7B1B020B431C
:104C8000138001222A4BD0E700100040020D0020C3
:104C9000D51F00205D0C0020681400207F14002028
:104CA000801400205B1400205A14002058140020A7
:104CB000000D0020861400208314002004240140ED
:104CC00000240140891400209E1400208A14002032
:104CD00084140020A0220100701400207814002009
:104CE000D41F002057140020561400205F14002009
:104CF0005C1400207A140020B7140020B4140020A3
:104D000058200020B21400208214002079140020C2
:104D1000B61400205E140020000800487C14002017
:104D20005414002052140020003802407614002051
:104D300074140020002325781380022D8FD02C4A74
:104D40001178994247D12B4B1B78002B08D12A4B65
:104D50001B78002B04D1294B1B78002B00D17EE758
:104D6000002D00D07BE76478012C0CD1214B1A7800
:104D7000002A00D173E7002205201A7001F016FB0B
:104D80001F4B1C706BE7022C0DD11B4B1A78002AAD
:104D900000D164E7002206201A7001F007FB01220F
:104DA000174B1A705BE7032C00D058E7134B1A78A7
:104DB000002A00D153E7002207201A70EDE70021F6
:104DC000104B11801A788A4200D130E60122197006
:104DD0000D4B1A702BE6002DC5D0012D00D03EE7FB
:104DE0000420137001F0E2FA054B1D7037E7C0464E
:104DF0006614002065140020641400206314002051
:104E000067140020621400206114002070B52D4C3E
:104E100006220021200000F0C5FF23786678A578DF
:104E2000E07821796279FF2B1FD12B0033400340BA
:104E30000B401340FF2B33D102232370013B32225E
:104E40006370E3700023A2702371637101F00CFDA5
:104E50001D4B18701D4B1870012828D0022828D02F
:104E6000002801D10223237070BD002B16D1002E23
:104E700018D12B0003430B431343DDD0642D01D91C
:104E80006423A370012801D90123E370012901D90A
:104E900000232371012AD9D90023D6E7022B01D997
:104EA00002232370032EE9D903236370E6E7207001
:104EB000DAE7002323706378013B022BD4D9012366
:104EC0006370D1E75D0C0020501400204F140020C7
:104ED00010B5084C2378DB090BD104F05DFA802370
:104EE00022785B42134301222370034BDA7000F0F7
:104EF000B9FF10BDDE2D00205D0C002010B5084C60
:104F000023787F2B0AD904F047FA7F2223781340B5
:104F100000222370034BDA7000F0A4FF10BDC046DE
:104F2000DE2D00205D0C002037B56B460400DD1D32
:104F30002A000121006808F05BFD2368287801330E
:104F400023603EBD0420704710B508F0ECFC10BD96
:104F500010B508F004FD10BDF7B508F0E2FC00251F
:104F6000002413E0E3B2EFB21900F2B2380001936B
:104F700003F0F4FCF2B2030001993800013608F0A6
:104F8000EEFC102EEED10134062C01D00026E9E70C
:104F90000135042DE4D1F7BD10B508F0F9FC10BDC2
:104FA00010B508F00CFD10BD002310B5032806D87D
:104FB000052904D80F2A02D808F0B5FC0300180010
:104FC00010BD1020704710B508F00FFD80B210BD65
:104FD00010B508F00DFD10BD10B508F025FD10BD91
:104FE00010B508F09FFC08F039FD10BDF7B50500BD
:104FF0000F2815D808F0F9FC01AE32000121013864
:1050000008F0F6FC3478002C0AD108F0EEFC07001A
:10501000002D06D12A0031000948019409F0E0F87A
:10502000F7BDBC42FCD020003200012108F0E0FCBA
:1050300033780134002BF4D1013DEDB2E8E7C046EE
:10504000294F00000020044B10B51B68834201D09B
:105050001B68984710BDC04670140020054B10B562
:105060001B68002B04D05A69002A01D05B6998475D
:1050700010BDC046701400200B4A10B51378012BE8
:105080000DD0022B0DD0002B08D15078022803D070
:10509000032801D0012801D101F088F910BD0020BA
:1050A000FAE70820F8E7C0465D0C002010B50D4C6B
:1050B0002378022B0CD0032B12D01220012B08D006
:1050C000032B04D9012300222370074B1A7010BD53
:1050D000132001F06BF923780133DBB22370EFE783
:1050E0001420F6E7FE0C0020D41F0020F0B591B08C
:1050F00005000E0001F050F8041E1FD137003D2EB0
:1051000000D93D27402200216846FDF721FF082EE7
:1051100016D16B4632002900D81CFDF7CBFF0B24BB
:1051200069461C4B1C4A1B781C489B010A80C0180E
:1051300040228C70FDF7BEFF01F04EF811B0F0BDBB
:10514000287802380428EBD8FBF748F81B0B13EA41
:1051500003006B463A002900D81CFDF7ABFF0C2476
:10516000DEE76B463A002900D81CFDF7A3FF0F24A9
:10517000D6E76B463A002900D81CFDF79BFF0E24AA
:10518000CEE76B463A002900D81CFDF793FF0D24AB
:10519000C6E7C046D21F00200A400000D0280020E9
:1051A000084B10B51B780400012B02D80821FFF72B
:1051B0009DFF054B1B68002B02D020005B689847C1
:1051C00010BDC0465D0C002070140020084B10B5C7
:1051D0001B780400012B02D82021FFF787FF054B25
:1051E0001B68002B02D020009B68984710BDC0466A
:1051F0005D0C002070140020084B10B51B780400D3
:10520000012B02D80621FFF771FF054B1B68002B0D
:1052100002D02000DB68984710BDC0465D0C00201E
:1052200070140020084B10B51B780400012B02D825
:105230000321FFF75BFF054B1B68002B02D020000A
:105240001B69984710BDC0465D0C002070140020FB
:105250008023074ADB00D16B0B43D3630222054B4B
:1052600019680A431A60012219680A431A607047D4
:10527000001002400028024080230B4ADB01D16B62
:1052800010B50B43D3630BF0ABF97F23074A1370C0
:10529000074A013B13702F22064BA0331A600BF014
:1052A000ABF80BF081F910BD0010024080380240CD
:1052B000823802400038024010B50BF085F90BF03F
:1052C000A3F88022064BD201196B0A431A631A6BAA
:1052D00004490A401A63DA6B0A40DA6310BDC0461B
:1052E00000100240FFBFFFFFF7B50222604B040031
:1052F000986802439A600122986802439A605D4B65
:105300005D48DA690240DA611822D8690243DA613D
:10531000186C5A4A10409022D20002431A64487B0B
:1053200007211A6A8A4302431A620131032801D80D
:10533000534B195C534B1868FAF778FF524B98425D
:1053400000D98AE08022236BD2051B021B0A13437B
:1053500080222363A36FD2001B0B1B031343A3679D
:10536000A36F4A4A13400122A367A3691343A361B1
:10537000E3681342FCD08023E16F454ADB0411400F
:105380000B43E3670423A1691943A161E118C86FC6
:105390001842FCD1276DE06F1040A022D2040243D6
:1053A000E267A2691343A3610423CA6F1A42FCD1C6
:1053B0000F20BFB27843256DADB2401BFBF70AFC4E
:1053C0003449FBF739FA061CFDF71AFB00900191EE
:1053D0000021301CFBF7C6F800222F4B002842D0DA
:1053E00000980199FBF746FC00900191E81BFBF740
:1053F000F1FB011C2948FBF71FFAFDF701FB002216
:10540000254BFBF737FCFBF72DF9A66F80B2360B67
:1054100036033043A06700980199FDF763FAA56F42
:105420001A4B00041D400543A567E369124A012099
:1054300013401822E361E3699343E361236C0F4A4D
:10544000134007222364236A93432362236B1B02C6
:105450001B0A2363124B6361FEBD8022236B12067D
:105460001B021B0A73E700980199FCF703FEBBE7D8
:105470000014024000240140FFDFFFFF3FF8FFFF60
:10548000B8220100C42E0020001BB700FFFF00FF60
:10549000FFFFFFF8000060410000E03F0000604AAD
:1054A000FEFF0000002337B504000D00084801A9E5
:1054B00001930AF093FB019B29002000013303D1E3
:1054C000FFF712FF01203EBD0AF066FFFBE7C04672
:1054D00074080000002330B587B00293039304934F
:1054E000059303336946019318480D3300930AF07E
:1054F000EBFD8023164A174C516C174D9B000B4354
:10550000536429002000FFF7CDFF8022E36AD20513
:105510001B021B0A1343E362290020000AF006FF66
:105520000123E2681A42FCD00F22236C93432364C8
:10553000226C0A4B1A40E0239B001343236404238C
:10554000A2691343A36107B030BDC04600080048FC
:105550000010024000240140BC2201003FF8FFFF80
:10556000002349004118884200D17047038002306F
:10557000F9E70000134B10B51A680123920606D50F
:10558000114B124A9B781370114A137000230024A8
:10559000104A0A211370104B10481C70104B1C70DD
:1055A000104B1C80104B1C70104B1C70FFF7D8FF69
:1055B0000A210F48FFF7D4FF01220E4B1C800E4B2F
:1055C0001A7010BD000800485D0C002088140020EF
:1055D0008714002083140020861400209E140020CD
:1055E00089140020841400207E1400207D140020E3
:1055F0008A140020801400207F14002000223A4BDF
:1056000070B510001D0011004E002C889E5BA64254
:1056100000D2110046009E5BA64200D91000013264
:10562000D2B202350A2AEFD10024220081421DD1D4
:1056300008321988013A6418D2B2A4B20233002A9F
:10564000F7D12A4B2A4D9C424CD82A4B9C421AD95E
:105650006420294AE3089B1858432849FAF770FE4A
:10566000274BC0B29C4230D9002333E0914204D092
:10567000904202D01D886419A4B20132D2B2023322
:105680000A2AF3D1DDE72B780133DBB2032B16D8DE
:105690002B7000201B4B18701B4B18701B4B9A78FB
:1056A000824202D0987000F0DDFB0023184A13708C
:1056B000184A1370184A1380184A137070BD0023DB
:1056C00001222B70164B1A70E3E72B780133DBB203
:1056D000092B01D82B70DDE7002301222B70104B22
:1056E0001A70D7E76420BFE78A140020D74F000064
:1056F0007D1400204F3A0000B7F8FFFFB20200000F
:105700008F40000088140020871400205D0C0020CA
:1057100089140020861400208414002083140020A3
:105720007E140020F0B5674B85B01B780193664B63
:1057300002939B780393019B022B15D1634A62333A
:105740001370634A1370039A9A4206D0029A9370B8
:105750000122604B1A7000F085FB00225E4B1A702C
:105760005E4B1A7005B0F0BD00235D4A18001400AE
:10577000190017004E002588F65BAE4200D21900D2
:105780004600BE5BAE4200D918000133DBB20234E2
:105790000A2BEFD100242300814243D10833118822
:1057A000013B6418DBB2A4B20232002BF7D14D4B9F
:1057B000464E474F494D9C425DD84B4B9C4261D968
:1057C00064204A4AE3089B1858434949FAF7B8FD50
:1057D000019BC0B2012B38D1031C002800D101234A
:1057E000D8B23B78434A83423FD2434B1188994217
:1057F00008D9002133781180622B02D80133DBB243
:1058000033703B700022344B2A701A703378039A3D
:105810009342A7D0029A937001222E4B1A7000F087
:1058200021FB9FE7994204D0984202D01588641961
:10583000A4B20133DBB202320A2BF3D1B7E7002363
:1058400001222B70244B1A7025E02C4B9C4217D858
:105850002B780133DBB2092B01D82B701CE000231D
:1058600001222B701C4B1A7016E000231380C9E72D
:10587000019B1380CAE7019B6320012BB1D001304B
:105880000023EAE7019B012BA9D02B780133DBB27F
:10589000042BD4D82B700020019B002BA1D13B7886
:1058A000144A8342E4D9144B11889942AED9019924
:1058B00033781180002B02D0013BDBB233703B7098
:1058C000A4E7C0467C1400205D0C00208814002052
:1058D00087140020821400207E1400207D140020F4
:1058E0008A140020D74F00004F3A0000B7F8FFFF9E
:1058F000B202000084140020C30900008F400000A1
:1059000010B586B00400019172B60AF0EFF86A464D
:1059100004230294E443138202A801AB0593039489
:105920000AF02CF90AF0F8F862B6012006B010BDB2
:105930000200F820E02370B51D4C0D0021684002E4
:1059400001405B025B1A1E68F02321685B02014084
:105950005B1A1B68002B13D1164BF318591E8B4191
:10596000F8202668216840020E335B0301400640A0
:105970009E1B5B1A10495B189E4209D9802014E0D7
:10598000AB20002E11D10B495B1859424B41E7E780
:10599000316801310AD1F82320685B0211041840F4
:1059A00029438019FFF7ACFF012070BD0436E3E7FF
:1059B0000014024012111111FC1F00001FB5040059
:1059C00072B60AF093F80094E443684601940AF032
:1059D000B3F80AF0A1F862B61FBD70B5E024F02557
:1059E00064026D022000FFF7E9FF80239B00E418AA
:1059F000AC42F7D1E02000214002FFF781FFF02404
:105A000060020134E4B2FFF7D9FF002CF8D170BD79
:105A100010B5FFF7E2FF00210248034AFDF798FAAC
:105A200010BDC046BC140020C2040000F7B5754B81
:105A300001931B78D9B2002B4BD1F827724D734AD2
:105A40002B687F02724E3B40136013683000714A2E
:105A5000FDF77EFAE022F0212B6852023B40D31A78
:105A60001C682B6849023B40CB1A1B68002C31D0C4
:105A7000002B00D0ACE0F8202B682A6840020340DD
:105A8000024090206449C000C91A644B9B1A994295
:105A900044D8634B9C4258D0013400D0A1E0E024AC
:105AA000F02764027F022000FFF788FF80239B001D
:105AB000E418BC42F7D1F822DF212B6852021340D0
:105AC00049024022C91A3000FDF7F4FA0123019A75
:105AD0001370F7BD90202A6852493A408A1A296803
:105AE0009446514A3940521AC00094450CD8002BB4
:105AF000C1D0013349D1F02460020134E4B2FFF790
:105B00005DFF002CF8D1D6E71168090C8142EED276
:105B1000176802CA090C49007752E6E71A68120CA6
:105B20008242B6D21F6804CB120C5200B752AEE7C5
:105B30002000FFF743FF80239B00E418BC42F7D10D
:105B400000212000FFF7DCFEB5E700246300F31816
:105B50001A88002A11D1354B01349C42F6D1E0203D
:105B600000214002FFF7CCFEF02460020134E4B2D1
:105B7000FFF724FF002CF8D19DE71988200089B297
:105B8000FFF7D6FE0128E6D095E76300F3181A88E0
:105B9000002A15D1254B01349C42F6D1F02000217A
:105BA000E024F0274002FFF7ABFE64027F022000F2
:105BB000FFF704FF80239B00E418BC42F7D17AE78B
:105BC0001988200089B2FFF7B3FE0128E2D072E7FE
:105BD0001348844208D0013403D114000F008342DB
:105BE000A6D0FFF7FAFE66E7F0240133F9D1600290
:105BF0000134E4B2FFF7E2FE002CF8D1E0202100EE
:105C000040029FE7B8140020001402400C28002036
:105C1000BC140020C2040000FFFF010004E00100EA
:105C2000EEEEEEEEFFDF010004C0010041020000D5
:105C300070B50C00150000210600FDF789F99023CE
:105C40006219DB009A4200D91D1B002D05D00349C3
:105C50002A0030006118FDF72DFA70BDFC140020F9
:105C60009023F0B587B000928A1805900191DB006F
:105C70009A4201D95B1A0093009B002B3DD000276C
:105C80003A00019B0599DB19895C404A4033D05C9E
:105C9000884225D0D1549021C9008B4220D2590886
:105CA000039101218B43D35A039819000493FFF702
:105CB0003FFE802814D1F820E022354C40022368B2
:105CC00052020340D31A19682368F0240340640287
:105CD000E31A1B68002912D026001400002B0FD0F5
:105CE0000137009BBFB23A009F42CAD32948019BAB
:105CF000009A05991818FDF7DDF907B0F0BD1600F8
:105D0000254BF022E5186B1E9D41520294466B0311
:105D10002500634402932800FFF750FE80239B0078
:105D2000ED18029B9D42F6D11C492000FFF7E8FDCB
:105D300004990398FFF7FCFD0128D1D10025134AEF
:105D40006B009B181A88002A18D1154B01359D420B
:105D5000F5D1114BF5186B1E9D41F0236D035B02CD
:105D6000ED183000FFF72AFE80239B00F618B5429D
:105D7000F7D100212000FFF7C3FDB1E71988280003
:105D800089B2FFF7D5FD0128DFD0A9E7BC140020B8
:105D900000140240FC1400200040FEFFEEEEEEEE88
:105DA0004102000070B50C00150000210600FDF74F
:105DB000CFF86319402B01D940252D1B002D0CD0A5
:105DC000F822064B52021B6830001340E11ADF2311
:105DD0005B022A00C918FDF76DF970BD001402407E
:105DE000F0B58B1887B00D0014000190402B01D93D
:105DF0004024641A002C2DD072B6174BDF27196887
:105E0000F8235B0219407F02791A22000198691871
:105E1000FDF7F2F800281CD0104E2200019902ACC8
:105E2000A8190F4DFDF746F909F060FE2000029712
:105E3000039509F081FE09F06FFE09F057FE40233B
:105E40002000238105960297039509F097FE09F03B
:105E500063FE62B607B0F0BD00140240BC1400201F
:105E6000FF41FEFF0122034B1A700022024B1A80F1
:105E70007047C046B7140020B4140020064B074AF0
:105E80001A800023064A13705371064A1370064A9B
:105E90001370064A13707047000D0020DC050000E7
:105EA000681400207814002067140020D41F0020FC
:105EB000044B1B78002B04D003780A2B01D0BB23A2
:105EC000037070477E190020F7B5040000933F2847
:105ED00051D100252A4805700325654329482E5CC9
:105EE0008E4207D145196E78964203D1AD78009B5A
:105EF0009D423FD003256543009B415540194270A8
:105F0000837018206043204C112600192B27002491
:105F100007231D1B063BAB4035001A4200D03D0055
:105F200005550134082CF3D10300040002001126AA
:105F30002B270F33083410320193019B1D1B0123C3
:105F4000AB403500194200D03D0025700134944229
:105F5000F3D1040011262B27183417300123811A9E
:105F60008B40009D31001D4200D03900117001327C
:105F7000A242F3D1F7BD0028AED101250048AAE71F
:105F8000B214002010280020D0190020F8B5050018
:105F90000E001700002420003B00320029000134CD
:105FA000FFF792FF402CF6D1F8BD00000122264BEE
:105FB00010B5D96B90241143D9632449E4054A6094
:105FC0008021586C4902014359643C21204BD9631C
:105FD000986A343188431039014399620021596429
:105FE000196B114319638021586D090201435965EA
:105FF0000821986A01439962996D200011439965BF
:1060000019681143196004210BF03DFAA36A114A83
:106010001340A362A023A26ADB0013433022A362D1
:10602000236993432361202322691343422223617E
:10603000094B1A6007F062FB002804D111210748C0
:10604000074AFCF785FF10BD001002400000024027
:1060500000400140FFF0FFFF78000240D01900200F
:1060600002060000042370B52E4CA26A1A42FCD12D
:106070002D4B2E4D5A792E4E002A0ED12D4A1278D4
:10608000022A06D02C4A1278002A02D01B78002B54
:1060900003D12A4B1B78002B05D101232B708023C1
:1060A0005B02B36070BD07F0A3FA0123002834D06F
:1060B000B3602B78002B04D0002303202B700AF050
:1060C00054FC0121C02500201D4AED00936D8B4337
:1060D00093651C4B58551C4D58551C4B1C481E684D
:1060E0001C4B304398601C481C4D18601C485D6078
:1060F000304398611B485D6118611B481C33436243
:106100001A4B1D6870232B43C362194B836204230F
:10611000A362936D19439165C4E72B7080235B02E2
:10612000B360CEE700000240681400206014002035
:10613000000C00485D0C0020791400205F14002042
:1061400000400140D0190020010600009822010003
:10615000F03E000080190020BF1D00204440014097
:1061600010210000D11F0020FC0002409C220100F1
:106170002C0202400022064B10B51A70054BDB6B57
:106180003C2B01D0FFF712FFFFF76CFF10BDC0469C
:10619000B214002000400140064B1B780133DBB2F3
:1061A000142B00D10023044A1078C01A43425841EE
:1061B000C0B27047D21F0020D31F0020044B1878B4
:1061C000044B1B78C01A43425841C0B27047C046C6
:1061D000D21F0020D31F0020054A13780133DBB201
:1061E00013701378132B01D9002313707047C04626
:1061F000D21F0020054A13780133DBB213701378E5
:10620000132B01D9002313707047C046D31F002001
:10621000802310B5144ADB01116C86B00B43136464
:10622000022401220023694610480092039202933F
:1062300004930593019409F047FF69460B480094C5
:1062400009F042FF042369460848009309F03CFF27
:10625000082369460548009309F036FF04490548BC
:1062600000F0BAFB06B010BD001002400008004864
:10627000DC22010000380040F0B572B60123802412
:106280000340A405A2422BD3002B02D015782A4C40
:10629000E5600024284D83420BD3A0421ED9F8228A
:1062A000254B52059D681542FCD0DB680B55013427
:1062B000F3E71F27AE68360C3E40022E05D8D75CA8
:1062C0005E1CEF60965D0233EE60F827AE687F05D6
:1062D0003E42E0D0EE680E550134DCE762B6F0BD18
:1062E000002B02D00022144BDA60F824002364054E
:1062F0001D001E00A446104A85420BD39842EDD9DA
:10630000F8240D4A640595682542FCD0D268CA5429
:106310000133F3E71F279468240C3C40022C02D879
:10632000D6600235D660674694683C42E4D0D468B3
:10633000CC540133E0E7C04600380040144B10B5A0
:106340001B78002B22D1134B1B78002B1ED1FFF79B
:1063500035FF00281AD1104B1A78002A16D1902246
:10636000D205116810220800104011420ED10F3AD8
:106370001A700A4B0A4918700A4B40201A780A4BC7
:106380009201D218FFF778FFFFF734FF10BDC04627
:10639000020D00206814002058200020D61F002085
:1063A00018200020D31F0020D0280020354B70B5C6
:1063B0001B78002B2AD1344B1B78002B26D1FA23D3
:1063C00090261021314ADB00F6051478002C19D1F3
:1063D000346825000D400C4214D1012313703C2277
:1063E0002B4B1D702B4B1A800A232B4A1370907075
:1063F00036331038537004280CD8F9F7F9FE080B1F
:1064000010213200013B9BB2002BDED170BD234B2B
:106410009B78D37040202249FFF72EFFF6E7002338
:106420002D21D370063353714B339371063BD371D7
:10643000153B1372053B117153729172D372E9E7E8
:106440000621002351714B3191710639D1711539F3
:10645000D37011722D330539137193725172053354
:10646000ECE70621002351714B3191710639D1714E
:106470001539D37011722D3305391371937251721E
:106480000633DBE7020D00206814002058200020AE
:10649000D61F0020000D0020D81F00205D0C00201A
:1064A0001820002003000020104A10B51278824204
:1064B00019D10F490C78E0B2002C15D19022D205E9
:1064C0001268D2060FD40B4A013414700A4A0C70B9
:1064D0000A2110704020094A1170094950709370C8
:1064E000FFF7CAFE200010BD1000FCE7020D0020DF
:1064F00058200020D61F0020D71F0020D81F0020C2
:1065000018200020F8B5404E04003278002A03D04D
:106510004021FFF7CDFCF8BD8378112B5ED1C37805
:106520003A4D3B4F2B70002B08D03B78022B48D0C4
:10653000384B1B78002B42D000F00EF922793B78C3
:106540006A709A4242D00121334A11702A78002A97
:1065500001D000222A706279AA707978914208D01D
:10656000002B06D101212C4A11702A78002A00D074
:106570002B702A49A2790878EA70904205D00A70F7
:10658000274A022B28D001231370B422E379217A01
:106590002B71637A92011B020B43934207D0214A6D
:1065A0001378002B03D1013313701F4A1370A37AA1
:1065B000BB2BB0D1BA3B3370FFF760FCABE72B705D
:1065C000BCE71A4B2A701A4A1A80B7E7022BC2D1CD
:1065D000164A17491180BEE70023D5E7092BE6D1FB
:1065E0000A4BC2781978002908D0002A06D1084938
:1065F0000978022900D001325A71D8E7012AD6D190
:1066000000221A70F8E7C0467E19002068140020A6
:106610005D0C002079140020781400205C0C002010
:1066200067140020D41F0020FE0C0020000D002065
:10663000DC050000902070B51024164B16491A781E
:10664000164BC0050D78002D04D10568254201D1F7
:10665000002A03D0013B9BB2002BF3D18022104BC8
:1066600052029A6009F058FA0C210E4B1A688A43BC
:106670001A601A680C490A401A60012219680A4314
:106680001A60BFF34F8F094B094ADA60BFF34F8F8F
:10669000C046FDE7B614002058200020A08C000062
:1066A000000C0048001402400FFEFFFF00ED00E068
:1066B0000400FA05902030B510240F4B0F491A78CA
:1066C0000F4BC0050D78002D04D10568254201D17E
:1066D000002A03D0013B9BB2002BF3D18022094B4F
:1066E00052029A60BFF34F8F074B084ADA60BFF33C
:1066F0004F8FC046FDE7C046B6140020582000204A
:10670000A08C0000000C004800ED00E00400FA0539
:1067100010230D4AC320116C80000B4313642F22F9
:106720000A4B9A63FA22D200DA630122DA601A6015
:10673000074B084A19581140802212040A431A5084
:106740008022D2011A607047001002400010004001
:1067500000E100E0FFFF00FF012210B511000D482D
:106760000AF091FE802390200A4C5B02A360012274
:106770000821C0050AF087FE802390221B03D20562
:1067800093600221012220000AF07DFE80239B02FB
:10679000A36010BD000C004870B5802401222D4D6F
:1067A000640286B011002800AC600AF06CFE9023F1
:1067B000AC60DB0508241E0018009C60210001224B
:1067C0000AF061FEB460022628003100AE600122AA
:1067D0000AF059FE80219020AE6020228901C00578
:1067E0000AF051FE002220211B480AF04CFE8021B5
:1067F00020221A4849010AF046FE8021202217482B
:1068000089010AF040FE9020002524196946C00540
:1068100000940195029503960495059509F054FCA2
:10682000C120C0210E4B80005A6B5D631A680906B7
:1068300022431A609A6922439A61DA691443094A29
:10684000DC6113581B021B0A0B4313508023136097
:1068500006B070BD000C0048000800480004004865
:106860000004014000E100E080210A4B89011A6820
:106870001B680B40D20403D40120002B06D07047C4
:1068800080229B0412069B18980FF8E7024B187899
:10689000F5E7C046000400485014002070B5254EAE
:1068A0000400737801280BD0022802D000281CD0E5
:1068B00070BD5A1E1D00022A00D90125002400E0E7
:1068C0001D003278A24213D1002CF1D19D42EFD0AD
:1068D000FEF7F2FC002375703370022D03D0032DF8
:1068E00001D0012D21D128001DE01D000224E8E780
:1068F000022C12D108203470FFF758FDFEF7BCFCC3
:10690000FFF7B0FA00230C4A137001220B4B1A70E8
:1069100008F04EFA0A4B1880CAE7012CD8D1FEF7CE
:10692000CBFC00203470FFF741FDFFF79BFA0123F9
:10693000E9E7C0465D0C0020671400204A140020DF
:1069400048140020F8B5FFF78FFF114E040033788C
:10695000104D834202D100232B70F8BD2B780E4FCF
:10696000002B05D101332B7008F022FA3880F4E7B0
:10697000388808F06DF96328EFD9002332782B703E
:10698000064B20001A703470FFF788FFE5E7C04619
:10699000501400204E1400204C1400204F140020EE
:1069A00010B5FFF7CFFF10BD084B37B51C681D6849
:1069B000FFF75AFFE104064CAA0424780300D20F23
:1069C000C90F0094034804F01BFB37BD00040048C6
:1069D0005D0C0020042301004022036810B593439E
:1069E0000A6803600423012A48D102681343036044
:1069F0004A680123002A45D102689A4302608A68E6
:106A00000223002A42D102689A430260FF24CB6825
:106A1000E400DB00234038240268A24313430A69E0
:106A200003608023012A35D10268134303604B6958
:106A3000012B33D1802302681B02134303608B694F
:106A4000012B2FD1802302681B0113430360CB6904
:106A5000012B2BD1802302689B001343036080230A
:106A600002685B00134303600423426813434360DE
:106A70004023026813430360012010BD02689A435B
:106A80000260B5E7026813430360B8E70268134386
:106A90000360BBE702689A430260C8E70368054ADF
:106AA0001340CBE70368044A1340CFE70368034A67
:106AB0001340D8E7FF7FFFFFFFF7FFFFFFFDFFFF5A
:106AC00003001E3B02000120092B0FD84B790A4915
:106AD000002B06D00A23088843439BB2272A06D1FD
:106AE0000B800023C85E43425841C0B270471D3B33
:106AF000D2180A80F5E7C046602000200449002231
:106B00008B5EDA17D21AD20F9B1A0B807047C046E1
:106B100060200020024B1A78002A00D118707047BC
:106B2000622000204B7910B5002B0AD0064B0022C2
:106B30009B5E002B02DD01F095FF10BD01F058FFB8
:106B4000FBE701F06BFFF8E760200020F8B5502765
:106B5000FF3704000D001600B84216D0A8235B00D2
:106B600098420ED24A2812D04D2800D13C4C522CCB
:106B70002BD84E2C0DD80F2C1ED8042C11D8012048
:106B800041E09842F3D10524F1E71A24EFE72724E6
:106B9000EDE72000503802284BD8F9F729FB39409F
:106BA0004500601F0A28EAD8F9F718FB48E9E91FF1
:106BB000E9E932E9393E43001A2C16D0272CDED100
:106BC0000220FFF7A7FF4A2026E0254B9C423BD03E
:106BD0001AD8244B9C4231D0013B9C42CFD904337C
:106BE0009C4202D0204B9C42C9D10120FFF792FF6A
:106BF000380029003043FFF795FF1C4A0021535EFF
:106C0000002B26D10020F8BD194B9C42D8D0B6E706
:106C10000220FFF77FFF502029003043EBE70120DF
:106C2000FFF778FF5120F7E70220FFF773FF5220AC
:106C3000F2E70120FFF76EFF4F20EDE70220FFF79C
:106C400069FFA8204000E7E70120FFF763FF4D2020
:106C5000E2E7591E1180012B00DD88E7D2E7C0462C
:106C600021020000050200001A020000602000203E
:106C700023020000014B024A1A6070475C2000208A
:106C8000157100001C20002210B5044BFF301A7053
:106C900001F0E8FE00F020FA10BDC046E62000201A
:106CA00010B54C2001F0DEFE00F018FB10BD000016
:106CB0008320002210B5054B40001A7001F0D2FE6F
:106CC000502002F018F900F007FA10BDE62000206D
:106CD0004B7910B5002B16D00A2816D01A2817D1D8
:106CE0005020FF3001F0BEFE5020FF3001F0BAFE10
:106CF000A820400001F0B6FED420800001F0B2FED2
:106D0000054B1B689847002010BD82204000F5E726
:106D100000F0E2F9F7E7C046E82000204B7910B513
:106D2000002B0ED00A280ED01A280FD15020FF3089
:106D300001F098FED420800001F094FE054B1B6802
:106D40009847002010BD82204000F5E700F0C4F90C
:106D5000F7E7C046E82000204B7910B50400002B6F
:106D60000CD0292808D04C2002F0C5F8200001F0F2
:106D700079FE502002F0BFF800F0AEF9002010BDFF
:106D80000300487900280BD00C2B04D1054B064A90
:106D900000201A607047042BFCD1024B034AF7E72E
:106DA0000120F7E75C2000201D6D0000D16C000081
:106DB00070B504000D00FFF783FE00280CD0802280
:106DC000290020009200FFF7C1FE002806D102F042
:106DD000E3FA384B1B689847002070BD290020005B
:106DE000FFF7CEFF0028F7D06B79002BF4D0324BA1
:106DF0001B88A34256D12F4D304B2A68304C9A4203
:106E00001BD14A2002F077F82E4801F02BFE002219
:106E1000A35E002B0FDD2C4801F024FEFFF76EFE71
:106E20002A4801F01FFE0022A35E002B03D05A1E49
:106E30002280012BF4DC2B68CDE7254B9A421DD133
:106E40004A2002F058F81F4801F00CFE1C20FF30C9
:106E500001F008FE4C2002F04EF80022A35E002B49
:106E600003D05A1E2280012BEADC4A2002F043F8AC
:106E70000122184B1A7000F02FF9ADE74A2002F0FA
:106E80003AF8124801F0EEFD0022A35E002B03D079
:106E90005A1E2280012BF4DC2B68984701220D4BEF
:106EA0001A7099E700F018F92900200000F07CFA28
:106EB00093E7C046E8200020EC200020A16C0000F1
:106EC000602000204D0200004F020000510200002F
:106ED000856C0000E62000201C20012210B5044B28
:106EE000FF301A7001F0BEFD00F0F6F810BDC0468C
:106EF000E62000200122832010B5054B90401A7037
:106F000001F0B0FD502001F0F6FF00F0E5F810BDF3
:106F1000E6200020084B10B51B78002B05D04D2033
:106F200001F0E9FF4F2001F0E6FF1A20FF3001F0E9
:106F300099FD00F0D1F810BDE62000200A4B50204A
:106F40001B7810B5002B06D04D2001F0D4FF4F2048
:106F500001F0D1FF522001F0CEFF1A20FF3001F0E6
:106F600081FD00F0B9F810BDE62000200622044B98
:106F70001A80044B044A1A60044B054A1A60704791
:106F8000EC200020E8200020A16C00005C20002004
:106F9000B16D00000722044B1A80044B044A1A60AA
:106FA000044B054A1A607047EC200020E8200020BE
:106FB000856C00005C200020B16D00001C22044B99
:106FC0001A80044B044A1A60044B054A1A60704741
:106FD000EC200020E8200020B16C00005C200020A4
:106FE000B16D00000022034B1A80034B034A1A6064
:106FF0007047C046EC200020E8200020756C00009F
:10700000014B024A1A6070475C200020596D000055
:10701000044B1A78012A04D802221A700022024B6B
:107020001A707047E5200020E420002030B50B4A9C
:107030001378022B0FD10A4C23783F2B0CD8094927
:107040005D0068520849013323700968074B994273
:1070500001D10123137030BD0023FBE7E5200020A0
:10706000E4200020642000205C200020A9730000A0
:10707000F7B50F4D01902B78012B08D10024023376
:107080002B700C4B1B78A34202D801232B70F7BD49
:10709000094E0A4B6700B85B1B68019998470028A6
:1070A00002D0B85B01F0DEFC0134E4B2E9E7C0468F
:1070B000E5200020E4200020642000205C20002047
:1070C000014B18787047C046D02D00200120704732
:1070D000012070470120704710B501F0DDF8002253
:1070E000024B1A70024B034A1A6010BDD02D0020CB
:1070F0005C200020A97300004B7910B5002B07D04D
:107100000A2803D14130FF3001F0ACFCFFF7E4FF67
:10711000002010BD70B504000D00FFF7D7FF002858
:107120001ED029002000FFF7CBFC002818D08022B9
:10713000290020009200FFF709FD002810D0290047
:107140002000FFF71DFE00280AD06B79002B07D026
:107150001C2C12D8122C05D8062C1DD0072C1ED0A2
:10716000002070BD20001338092808D8F9F740F82E
:107170001D07071407070707171A292C1CD0FF2C17
:10718000EED98023FF2221009B0091439942E7D052
:10719000200001F067FCE3E7FFF782FDE0E7FFF77F
:1071A00071FDDDE7FFF784FDDAE71A20FF3001F01B
:1071B00059FCFFF791FFD3E7044B4F201B78012BBD
:1071C00000D0502001F097FEF3E7C0466220002077
:1071D00070B504000D00FFF77BFF002830D02900B8
:1071E0002000FFF76DFC00282AD0512C1AD011D8AE
:1071F0000D2C17D00E2C0FD06B79002B20D01C2C0F
:107200002BD8122C1ED8062C36D0072C18D1FFF7FD
:1072100063FE15E0522CEFD10220FFF77BFC290022
:1072200022480BE0224B1B78002B02D14A2001F0B0
:1072300062FE0120FFF76EFC29001E48FFF772FC7A
:10724000002070BD20001338092808D8F8F7C6FFC1
:107250001E07071407070707DF1B292C1DD0FF2C6B
:10726000EED98023FF2221009B0091439942E7D071
:10727000200001F0F7FBE3E79420800001F0F2FB2F
:10728000FFF70EFDDCE7FFF735FED9E71A20FF30E8
:1072900001F0E8FBFFF720FFD2E7054B4F201B78FA
:1072A000012B00D0502001F026FEF3E7520200002F
:1072B000622000205102000070B504000D00FFF7AD
:1072C00009FF002807D06B79002B05D01800292C66
:1072D00002D1FFF701FF002070BD704710B5FFF726
:1072E000FCFF03220E4B1A700E4B1A681378591EBE
:1072F0008B41911CDBB20832002B02D002F04CF81B
:1073000009E00878013103005C1EA341DBB2914221
:10731000F2D10028F2D1044B044A1A6010BDC046D5
:10732000D02D0020340E00205C200020B972000017
:107330007047000010B5FFF7FBFF0122054B1A70E4
:107340000022054B1A70FFF74DFE044B044A1A60E9
:1073500010BDC046D02D0020622000205C200020FF
:10736000157100007047000010B5FFF7FBFF022207
:10737000084B4D201A700022074B1A7001F0BBFD1C
:107380004F2001F0B8FD054801F06CFB044B054AA5
:107390001A6010BDD02D0020622000205202000093
:1073A0005C200020D171000070B504000D0000F0D9
:1073B0007DFF002817D029002000FFF781FB00285F
:1073C00011D0002229002000FFF7C0FB00280AD0BE
:1073D0006B79002B07D0372C00D1A5E027D8201FD0
:1073E00083B2182B12D9002070BD182828D8F8F7BE
:1073F000FFFE3A275E522727942732272727272781
:107400003E6F27275B27277527926600182817D815
:10741000F8F7EEFE2B163E4716168616241616169D
:1074200016163661167A53166A67167D5B001623A8
:10743000FF339C4263D03E4BE01883B2182BD4D963
:10744000FF2CD0D98023FF2221009B009143994239
:10745000C9D0200055E04A2001F04DFDFFF73EFF66
:10746000FFF7D6FDBFE74D20F6E74F20F4E74A20AF
:1074700001F041FD8A20800001F0F4FA5220EBE790
:107480004D2001F038FD8A20800001F0EBFAE5E79D
:10749000FFF76CFDE4E7274801F0E4FAFFF7F2FBA1
:1074A000DEE7FFF777FDDBE74A2001F024FD214806
:1074B00001F0D8FAFFF7F4FBD2E71F48F8E71D48C0
:1074C00001F0D0FAFFF7F4FB8DE7FFF777FD8AE7CD
:1074D000FFF734FDC4E7FFF71DFDC1E7FFF744FFE9
:1074E00081E7FFF727FF7EE71E20FF3001F0BAFAA1
:1074F0000A2009F03AFA502001F0FDFC73E78E20D3
:10750000400001F0AFFA6EE7FFF77AFDA8E74C20E4
:1075100001F0A8FAA4E72A20FAE74E20FF30F0E7AE
:10752000064B074A1A605EE72800FFF7A1FD5AE7FD
:10753000FCFDFFFF4D0200004F0200005C20002018
:10754000F9700000014B18787047C046EE2000200B
:10755000012210B5024B1A70FFF7BEFD10BDC046E8
:10756000EE200020054B10B51A78002A02D0002228
:107570001A7010BDFFF7ECFFFBE7C046EE200020BD
:10758000294BF7B51B7805000E00002B03D1012312
:1075900000930098FEBDC022244B9201C3189BB2F9
:1075A000934203D28B790F2BF1D9C5B22B1F352B08
:1075B00006D9F8226B1EFF3B9BB252019342E6D2E2
:1075C00002F0B4FA070002F0E9FA04003C4301902B
:1075D000E4B2FFF775FD032807D1002C05D1392D42
:1075E00001D8292DD3D1240202E00F2CFBD924018C
:1075F00002F0B8FA02F020FB0D4B2C431B6831005F
:1076000020009847009073790500002B02D02000DD
:10761000FFF70CFD380002F09FFA002DB9D0019859
:1076200002F0F8FAB3E7C046EE20002000E0FFFFCA
:107630005C20002005490B78002B05D101220A703F
:1076400003494A71034A13707047C046F82000206E
:10765000681400206714002070477047084B82B000
:107660001A7801900023022A05D101ABDB78023B96
:107670005A425341DBB2034A137002B07047C0460E
:107680005D0C00205E14002010B50D4C2378002BFB
:1076900005D000220B4B1A70FFF782F910BD0A4B80
:1076A0001B78022BF8D0094B186807F0D8FA084B62
:1076B000984201D9FFF7BEFF2378002BECD0E8E712
:1076C000F8200020791400205D0C0020F420002018
:1076D000DF93040010B5FEF79BFDFDF7FBFEFEF700
:1076E000A5F9FEF763FCFFF757F8FDF78FFBFDF7F1
:1076F00041FFFFF70DF8164B1B78022B25D1FDF744
:10770000A7FD0022134B1A70012400223C21124BCA
:107710001C70124B1A70124B19801249124B086AD6
:107720001840C0231B040343C0200B620B6A0006F1
:107730001B021B0A03430B620C4B1A700C4B1C7090
:107740000C4B1A700C4B1A7010BDFDF7B5FDDBE742
:107750005D0C002067140020020D0020D51F0020C2
:10776000000D002000ED00E0FFFF00FF5E14002090
:107770005F1400207E1900206114002010B507F06E
:10778000F3FA0F4B0F4918600F48CA780378DC09E9
:10779000944206D0541EA2417F24D20123401343B9
:1077A00003700B79002B08D0084B187801F051FAC0
:1077B000012802D0012001F091FE00F057FD10BD1C
:1077C000F42000205D0C0020DE2D0020712100201F
:1077D00070B52E4D287800281ED16A780300511EFE
:1077E000022902D80E32D0B20533294A294CD27868
:1077F000012A1DD12278092A16D803255D4326497E
:107800004A199378695C527804F014FA2378132BA0
:1078100001D90023237070BD012802D0002003008D
:10782000E3E712200323E0E700231A001900EBE747
:10783000022A13D12278182A0CD803255D43164951
:107840004A199378695C527804F0F4F92378312B63
:10785000DFD8E0E700231A001900F5E703265E43AE
:107860000D498A199378715C527804F0E3F9237812
:10787000EF2BD0D90023094A237013702B78002BEB
:10788000C9D10122064B1A70C5E7C0465D0C002025
:107890006814002057140020E30C00206714002017
:1078A0008214002010B50024002320001A001900C3
:1078B000013404F0BFF9402CF6D10A4C2378182B80
:1078C0000BD80023C8211A00012004F0B3F9237853
:1078D000312B01D90023237010BD00231A00190099
:1078E000F2E7C0465714002070B5194D194C2A789C
:1078F0002378182A0CD8C822002B0CD1164A1278EB
:10790000002A16D0C82211001C2004F093F906E0CA
:10791000002B0FD0002211001000FEF737FB2B7850
:10792000312B06D900232B702378002B09D0013B83
:10793000237070BD084A1278002AF0D01A0019008E
:10794000E2E7054A1378002BF3D0013B1370F0E710
:1079500057140020FC200020FB200020F8B52C4B01
:107960001B78012B23D12B492B4B0A78012A06D9EE
:1079700000201A780870032A17D9033A1A700025D4
:107980001C78264B1A5D264B585D0023190004F025
:1079900051F92300783C0833DAB2E4B21B0600D474
:1079A000140001350A2DECD1F8BD7F22E6E7022B49
:1079B0000BD100241A4BFF22185D0023013419005B
:1079C00004F038F90A2CF5D1EEE7164B9E786D2EAF
:1079D0001CD80A213000F8F7B3FC0027FF24C5B2F9
:1079E000142E06D900243223B3426441FF27644297
:1079F000E4B20026F3B2AB42D6D2094B3A00985D0E
:107A00002100002304F016F90136F3E70A25E9E71F
:107A10007C14002056140020FD200020630C002060
:107A2000260E00205D0C002070B5144B144A1B7804
:107A30001278134302D0FFF757FF70BD114C124A62
:107A400025781370022D17D106F0FCFE054213D0E5
:107A50000E4B1B78002B0FD0C8231A0019001C20D6
:107A600004F0E8F86379002BE7D0C82336201A0029
:107A7000190004F0DFF8E0E70023EEE7FC20002027
:107A8000FB2000205D0C0020571400205E14002015
:107A900010B5084B1B78022B08D8074AD05C074A60
:107AA000D15C074AD25CFEF771FA10BDC822110002
:107AB0001000F8E7F92000204D2301004A230100BF
:107AC00047230100284B10B51B78002B03D0FFF78C
:107AD000E9FE002010BD254B1B78002B02D0FFF7DC
:107AE000D7FFF6E7224B1B78002B06D0214B1B78E3
:107AF000022B02D0FFF76CFEEBE71F4B1B78002B2D
:107B000002D0FFF72BFFE4E7FFF78EFF1B4B1B783C
:107B1000002BDED0174A1378012B1BD0022B1ED06E
:107B2000002BD6D15378022B0AD0032B0DD0012B7A
:107B3000CFD1C7331A0019000F2004F07BF8C8E733
:107B4000C82310201A001900F7E7C82311201A00D3
:107B50001900F2E7C82312201A001900EDE7C82324
:107B600013201A001900E8E77E140020FA200020F4
:107B7000671400205D0C0020FE200020FF20002064
:107B8000F0B5484B8BB01B7804900591002B78D052
:107B9000454B1A78131C042A00D904230133DCB2A4
:107BA00007F006F906231B1B18416B4600270290BD
:107BB0001B7A03935B00DBB206930193FAB21300C6
:107BC00004993D33DBB2994254D80599994251D971
:107BD0003648374B00783749013800241B7809783C
:107BE000042821D8F8F704FB030F19571F0055206C
:107BF00042430398019C8218D0B2120614D5FF2488
:107C0000241A640007E055205043AA2400060BD430
:107C1000013CFF3C5443E4B206E00398C3185520EE
:107C200042439B18DBB2FF2408AA13705170947072
:107C3000089803F083FB204B04001E780504000223
:107C4000000EC8217043F8F77BFB2D0EC3B2E8B2DB
:107C5000C82170430793F8F773FBC5B2E0B2C8219F
:107C60007043F8F76DFBC1B238002A00079B3D3026
:107C700003F0E0FF019B0137563BDBB20193032F7A
:107C80009CD105990498FFF71DFF0599049800F011
:107C9000B3FD0BB0F0BD029A069C1206C4D5029A41
:107CA000D443AEE7F1200020050D0020F020002095
:107CB000EF200020030D0020040D002000B54278C5
:107CC0000300022A3CD10278082A1DD0092A1AD0C2
:107CD000072A35D180780138032814D8DA78F8F7E4
:107CE00087FA02050B0D174B1A700CE0164B1A7031
:107CF000511E8A41154BF7E7154BF5E715491B79DE
:107D00000A70154A137000BD807801380328FAD82C
:107D1000F8F76EFA02060D0F0A4A1278DA70F2E7E7
:107D20000A4A117800229142F8D0074AF5E7084A3A
:107D3000F3E7084A1278DA70074A12781A71E2E714
:107D4000FF22D1E7040D0020F0200020F1200020C8
:107D5000050D0020EF200020030D0020F0B50027C6
:107D6000B14B85B01F80B14B05001F704B790C00E3
:107D7000BB4234D0AE4B1E78019306F0F5FFAD4BFD
:107D800018600293019B1B78BB4212D0019B1F70AD
:107D9000A94B5F7106F0E8FF029BA84A1860012317
:107DA0001370A74A1370A74A137007F001F8A64B87
:107DB0001880002E13D1A54B1B78002B0FD002ABDF
:107DC0009F1D022221003800FBF774F9A04B3A886E
:107DD0009A4204D1FFF72EFC300005B0F0BD9D4B58
:107DE0001A78002A0ED02C2D00D173E19A4A9542C0
:107DF00000D1AEE1994A954200D1AAE1E02D18D018
:107E000000221A70964A954200D1CDE14BD8924A91
:107E1000954200D19DE133D8E72D00D16FE10BD819
:107E2000652D00D16BE1E32D00D168E12C2D00D14F
:107E300050E1210028005CE1A423DB019D4200D138
:107E400090E1884B9D42F4D16379002B00D0C1E0D2
:107E500002AB9D1D022221002800FBF72BF9824B6B
:107E60002A889A4200D0B5E0804B1A79012A00D1C5
:107E7000B0E001221A7100225A717D4B03328AE16F
:107E8000764B9D4200D164E17A4BEB18032BD0D89E
:107E9000794BE8186379022800D938E1F8F7BCF982
:107EA00042014A015301754AA81882B20E2AC0D86D
:107EB0000E28BED8F8F7A6F90F002F004400610085
:107EC000740090009C00F2000301BDFFBDFFBDFFE8
:107ED000BDFF84018B016279694B002A16D0012411
:107EE0001C70FDF7E9F9614B1A78A2420FD000200F
:107EF0001C70FEF75BFAFDF7B5FF514B1C70514B40
:107F00001C7006F055FF504B188000E01A705D4B56
:107F100000221A805EE062795B4B002AF6D00122D3
:107F20001A70FDF7C9F9514B1A78002A02D15A7814
:107F3000012AECD00124002220001A705C70D8E7DE
:107F40006279524B002AE1D001221A70FDF7B4F990
:107F5000464B1A78002A02D15A78022AD7D000223A
:107F600002201A705870FEF721FAFDF77BFF0122FC
:107F7000334B1A70334B1A70C3E76279444B002AB3
:107F8000C4D001221A70FDF797F9384B1A78002AED
:107F900002D15A78032ABAD0002203201A70E1E7EE
:107FA0006379002B16D0314B1A78022A12D00222A4
:107FB00008201A70FEF7FAF9FDF75EF9FDF752FF97
:107FC00000221F4B1A701F4B01321A7006F0F0FE90
:107FD0001D4B18800126FFE663792E492E4A002B9F
:107FE00004D001230B7000231370F3E70B70FBE741
:107FF0006279002AEED11D4B18795979012805D1F3
:108000000129E7D15A71FDF72DFFE3E70029F9D1E6
:108010000122E3205A7100F005FFE72000F002FF83
:10802000652000F0FFFEEEE77A14002079140020AE
:10803000F8200020F420002068140020781400208C
:10804000671400204A14002048140020FF2000205C
:108050000D030000FA2000202252000023520000ED
:10806000037C000001520000020300005D0C0020B0
:10807000FB200020B787FFFFB687FFFF0082FFFFCE
:10808000661400205414002065140020641400209D
:1080900063140020FE200020FD2000206379002BC7
:1080A00098D0564B03241B787F2B04D9FCF726FF6E
:1080B000534B1C708EE7FCF70BFF524BF9E76279CC
:1080C000002A87D11A78002A84D1012119704E4BD9
:1080D0001A707FE76179002909D11B78002B06D03F
:1080E000494A13780133DBB2032B06D81370210001
:1080F0002C2000F055F906006EE61170F7E7434BAF
:108100005B79002B00D165E70023637162E7002BE8
:1081100000D05FE705F0F2FAC72800D85AE703223B
:10812000384BD5E7002B00D054E705F0E7FA0028DC
:10813000F5D04FE7002B00D04CE705F075FBFF288A
:1081400000D047E7EBE7002B00D043E705F06CFBDE
:10815000EDE76379002B02D001222D4BB8E7002216
:108160002B4BB5E76379002B00D033E702AB9D1DA5
:10817000022221002800FAF79DFF264B2A889A4206
:1081800000D027E7214B1A79002A00D122E70022EC
:108190001A711B4B01321A70E22000F043FEE320FB
:1081A00000F040FEE62036E762791B4B002A05D03E
:1081B00001221A7000236371184BA9E61A70FBE7BD
:1081C0006379002B00D105E7FEF7EEFB02E761794A
:1081D000002900D0FEE60D4B01201C79084A002C36
:1081E00006D118715C710323137001F077F9D3E79E
:1081F0001971107001F07EF9CEE7C046DE2D002027
:10820000FB200020FC200020F92000205D0C002035
:10821000FF200020010300006214002052140020FF
:1082200010B50400487900281ED0F822631EFF3BD9
:108230009BB25201934208D2FF2380222100920078
:1082400099432340914201D010BD23001A1F232AD5
:1082500002D92B3B0D2BF7D84C2000F04CFE200010
:1082600000F000FC0020EFE70120EDE710B5FFF77C
:108270006FF9FFF733F8112005F0E2F905F032FA53
:10828000040005F035FA78220100200005F024FAF8
:108290001C2005F0BFFA10BD0022024B1A70024BE1
:1082A0001A8070473A210020602000204B7910B5D9
:1082B000002B63D00622FF32904240D00132904220
:1082C00010D2283882B2102A17D8102815D8F7F7FC
:1082D0008FFF3D14263F2B2D141414141414141462
:1082E00014143800264A904234D008D80A22FF32AB
:1082F000904222D0234A904231D0180010BD224A29
:10830000904218D00A3290421BD0204A9042F4D1B9
:1083100001221F4B1A701F4B1F4A1A6002E05020A7
:1083200000F0E9FD0023E8E74F20F9E7522000F0D4
:10833000E2FD4A20F4E75120F9E74E20F0E74B2018
:10834000EEE70A20FF3000F08DFBEBE72820E7E79F
:108350002B20E5E74D2000F0CEFD4C20E0E70F4C50
:108360000022A35E012B06D1A520400000F07AFB7D
:1083700000232380D6E74E20FF30F7E70123BCE738
:108380000D0200000A0200002E020000150200008B
:108390003A2100205C200020218200006020002083
:1083A000F0B585B00D00040001F0C0FB0600FFF73A
:1083B000C9F80390FEF784FE00230193039B02900B
:1083C000002B09D003003343DBB2002B04D1012280
:1083D000B34B1B785A4001926F79002F00D145E1D1
:1083E000032C0CD91D2C00D980E106F0E1FC231FE1
:1083F000AC495B00021C002800D101225A52019BAB
:108400006A79002B0BD0A84BA849E3180B4239D04E
:10841000A74B9C423CD0A74BCD209C4233D0002A96
:1084200011D1019B002B0ED1A34F3B78002B03D120
:10843000A24B1B88002B06D0D12000F0F3FC0023B8
:108440009E4A3B701380292C27D1B30725D5DD2305
:108450001E4222D16B79002B00D161E101F066FB55
:10846000040001F07FFB964800F0FCFA200001F0C8
:1084700073FB55E12378002B00D10DE14F2000F074
:108480003AFD09E1CF20002A04D000F055FC47E175
:10849000CE20F8E700F0C6FC42E1B3062DD522005D
:1084A0001E3A92B2102A61D8864BD340DB0700D423
:1084B000B6E06B79002B00D132E120002738072885
:1084C00012D8F7F795FE161104111111180F352463
:1084D00001F02CFB050001F045FB200000F0C2FA82
:1084E0002800C4E74524F3E71D3CE4B23934E4B284
:1084F000EEE70A24FAE74424EAE7292C36D1039B65
:10850000002B4BD06B79704C002B19D0029B013B98
:10851000DBB2012B01D80123BFE0614B1B78002B9C
:1085200002D0FEF7D9FDF6E7029B032B01D0FEF740
:10853000D3FD0023237006F03BFC644B1880EFE072
:108540002578002D00D0A8E0604C2088002807D0B6
:1085500006F07EFBC72803D92580FEF7BDFDDFE0CE
:1085600000232920238000F0C6FCD9E0392C57D104
:10857000022000F09BFF002808D06B79002B00D16F
:10858000CEE0FEF7EFFFFEF7A9FEC9E0032000F002
:108590008DFF071EF1D1039B002B1BD1290020006A
:1085A000FEF7EEFF002800D1BAE0029B032B5BD15F
:1085B00023001E3B092B57D811231E4254D06B7940
:1085C000002B51D00A20272C01D01D3CE0B23930BD
:1085D000C0B2C8E76E793E4C3E4D002E0CD0029BD7
:1085E0005A1E93412B7006F0E3FB2080FEF774FDCA
:1085F0003800FEF71BFD93E02088002806D10023F9
:1086000023802B78002B00D08AE0BCE706F020FB0B
:10861000C728F4D92B782680002B00D180E0B2E760
:10862000019B002B1BD02C2C19D16E79234C002ED2
:1086300003D006F0BDFB208072E01F4D2B78002B8D
:1086400006D0D12000F0EEFB2E700023238067E0DF
:108650002388002BF9D0D12000F04DFCF5E72B2C1E
:108660009CD144231E4299D001205AE01A4B9C42CF
:1086700000D0C4E6194B1A4C1F702378002B03D08E
:10868000D02000F0CFFB2770164B174C1A78002A29
:1086900000D1EFE600221A700023237040E0C046AC
:1086A0003A21002000210020B0CBFFFFFFFB00009B
:1086B00051310000523200003B2100203C210020BB
:1086C00035020000FF8B01004421002042210020E0
:1086D000402100203E210020407E00003721002064
:1086E0003521002036210020342100200E4B9C42F1
:1086F00000D084E6012400220C4B019D1C700C4B21
:1087000025401A7006F054FB0A4B6C4018800A4B47
:10871000D0201D70094B1C70019B002B00D0B4E6CB
:10872000002005B0F0BDC046407E0000372100208B
:10873000362100203821002035210020342100205E
:10874000264B70B51B78002B26D0254C2578002DA4
:1087500022D1244B188806F07BFAC7281CD90123A4
:108760002370214C2378002B03D0D02000F05AFB3B
:108770002570FEF7E7FE00280ED0FEF7A1FC0028CA
:108780000AD11A4B1B78002B06D101F0CFF9002833
:1087900002D1283000F0AFFB154B188800281CD000
:1087A000144C2378002B18D106F052FAC72814D99C
:1087B000FEF7C8FE002810D0FEF782FC00280CD17E
:1087C0000A4B1B78002B08D101F0B0F9002804D126
:1087D000D13000F0B1FA0123237070BD37210020A1
:1087E0003621002038210020352100203A210020A8
:1087F0003C2100203B210020F0B54D4B85B001937A
:108800001B78002B3FD04B4B1B78002B38D14A4BA9
:108810001B78002B34D1019B1B78002B30D1474BA8
:108820001C78002C2CD104F05DFFC827444D00902B
:10883000444B29881E5D002900D176E0080006F02F
:1088400007FAC72800D96EE0009A02AB1A70FF221F
:10885000381A5A709870029802F070FD02040302F0
:1088600003A9120E1B0E4A708B700870DBB2D2B2D5
:10887000C1B23000013403F0DDF902351A2CD7D132
:10888000002005B0F0BD2D4B1C78002CBBD1FEF7AD
:1088900059FE071E38D0FEF713FC25002600009471
:1088A000032807D83C00284B1B5C0093274B1E5C19
:1088B000274B1D5C274B1B78002B2BD1002CA2D003
:1088C0002B0032000020009903F0B4F9224B1A78F3
:1088D000131C642A00D964230320DBB258436421AB
:1088E0006330F7F72DFD3D24C7B223003D3BDBB2DB
:1088F0009F4214D92B00320000992000013403F06C
:1089000099F9402CF1D17EE7FF23012405000600F0
:108910000093CFE7FF23002580260093D0E70023B4
:108920001A001900E9E7002129800B000A00A0E7DE
:108930007E140020FF20002067140020FA20002071
:10894000002100205C230100582301005423010072
:10895000502301003A2100208814002030B5050082
:108960000C000120032D0BD8052909D80F2A07D8A0
:1089700006216943091909018A188240014BD05A1E
:1089800030BDC04676230100F822411EFF390300A6
:1089900030B500205201914217D2802280248021DC
:1089A0009200D8051A40C00FE4000901DD040DD57E
:1089B0000001002A01D020221043234201D040228E
:1089C00010430B4201D08023184330BD002A01D050
:1089D00002221043234201D0042210430B42F4D060
:1089E0000823F1E710B50C00FFF7CEFFA04710BD3C
:1089F0000300E03B10B50400072B02D9054900280D
:108A000000D105492000FFF7EDFFE0B200F094F936
:108A100010BDC0464D930000078F000010B5040044
:108A2000C0B200F0FFF92300E03B072B02D9044954
:108A3000002C00D103492000FFF7D4FF10BDC04631
:108A40005D930000178F000070B50D000400FFF764
:108A5000CFFF281E00D1012007F087FF2000FFF77D
:108A6000DDFF70BD002110B5392800D15031FFF76E
:108A7000EBFF10BD012070470120704710B5FFF7D4
:108A8000FBFF10BD012070477047704710B5FFF71E
:108A9000FCFF10BD012070477047000013B5019125
:108AA00010496B4609780090002915D15B79002B9D
:108AB0000DD0002A0BD000F0A9FD040001000098A1
:108AC00000F07CFD2000009901F0F2FB16BD00983B
:108AD00000F088FD0400F5E7009800F097FD00998C
:108AE000F2E7C0464C21002010B504000A000188BE
:108AF000408800040843A188FFF7D0FF10BD10B5DF
:108B000004000121FFF7F0FF2100FFF7B3FF002869
:108B100006D001212000FFF7E7FF2100FFF7AEFF9D
:108B200010BD70B500210400FFF7DEFF0500210035
:108B3000FFF7AAFF28002100FFF7A8FF70BD70B55E
:108B400001210400FFF7D0FF21000500FFF79AFF85
:108B5000002801D1002070BD21002800FFF7FEF899
:108B60000028F7D02100280005F0D8FC0028F1D01B
:108B70002100280005F0E8FB0028EBD021002800A8
:108B800004F0B4FF0028E5D02100280004F084FFA1
:108B90000028DFD02100280002F0C0FA0028D9D038
:108BA0002100280002F00AFB0028D3D02100280071
:108BB00005F01EFC0028CDD02100280001F074FC37
:108BC0000028C7D02100280001F080FC0028C1D077
:108BD0002100280001F09CFCBDE70123834010B573
:108BE000D8B200F02AFC10BD10B504000120A0404E
:108BF000C0B201F018F92000FFF7EFFF10BD01200F
:108C0000704710B5FFF7FBFF10BD10B5040000F072
:108C1000C3FB2000FFF73EFF2000FFF7F2FF10BD6F
:108C200010B50120FFF7F1FFFDF704FD10BD10B5F1
:108C30000020FFF7EAFFFDF73DFD10BD10B500F085
:108C400029F8002004F062FCFFF726FF05F0E1FFA1
:108C500010BD0423020901D113000200910802D0C3
:108C60000A000233DBB252089818C0B270470120E4
:108C70007047704770B5051CFFF7F9FF041E02D05E
:108C8000281CFFF7F6FF200070BD704710B5FFF7F6
:108C9000F1FF10BD10B505F0C9FDFFF7F7FF10BDDE
:108CA00010B505F0C3FD074B04001A78824207D0C7
:108CB000187006F059F8044B18602000FFF7E6FF23
:108CC00010BDC046452100204821002030B50B0AC8
:108CD00085B0DBB26C4600900191002B01D000F012
:108CE00057FF00236A46D381009B02AD0293A388FD
:108CF000AB80DBB2002B05D10298696800F0A2FEC0
:108D000005B030BD2800FFF7FAFE0028F4D1F7E7E0
:108D1000037910B5012B02D1008800F099FC10BD39
:108D200010B5002904D005F037F805F0FFF810BDA4
:108D300005F088F8F9E7000010B5041E12D082286B
:108D400011D105F07FFD80070CD4392005F072FEAB
:108D500000F0D0FF502007F008FE392005F086FE15
:108D600000F0C8FF10BD83280DD105F06BFDC007D2
:108D7000F8D4532005F05EFE00F0BCFF642007F03D
:108D8000F4FD5320EAE784280DD105F05BFD400790
:108D9000E8D4472005F04EFE00F0ACFF642007F059
:108DA000E4FD4720DAE7031FDBB2A02B0CD805F067
:108DB000D7FD002804D0200005F058FE00F09AFFEF
:108DC000200005F037FECBE703002033DBB2072B92
:108DD00007D80723034001209840C0B200F0ACFE42
:108DE000BEE703005B33DBB2022B04D8243CA0B205
:108DF00005F054FDB6E703005833DBB21A2B05D853
:108E0000074A5B00985A05F063FDABE70300333374
:108E1000DBB2122BA6D804F0BFFF05F087F8A1E75C
:108E20007626010010B500280FD082280ED105F05B
:108E300009FD800709D5392005F0FCFD00F05AFF37
:108E4000392005F013FE00F055FF10BD83280AD12C
:108E500005F0F8FCC007F8D5532005F0EBFD00F055
:108E600049FF5320EDE784280AD105F0EBFC4007C9
:108E7000EBD5472005F0DEFD00F03CFF4720E0E7A2
:108E8000031FDBB2A02BDCD903002033DBB2072B9E
:108E900007D80723034001209840C0B200F054FED9
:108EA000D1E703005B33DBB2022B03D8002005F0CF
:108EB000F5FCCAE703005833DBB21A2B03D80020B5
:108EC00005F006FDC1E703003333DBB2122BBCD83B
:108ED00004F0B8FF05F02AF8B7E770B50D000400FC
:108EE000FFF72AFF281E00D1012007F03EFD2000D9
:108EF000FFF798FF70BD002110B5392800D150311F
:108F0000FFF7EBFF10BD10B5002803D000F014FEF2
:108F100000F0F0FE10BD10B5002803D000F014FEE4
:108F200000F0E8FE10BD0000F0B585B087790C1C9C
:108F30004579029000F0F0FD23043F09019003936E
:108F4000002828D00195002D25D023041B0E0F22C8
:108F50001900914340290FD0E1B20A0000202032CD
:108F6000D2B20190072A16D91F229343202B03D196
:108F7000012910D987420ED00022AA4B01925B78BA
:108F80005B0708D5022000F0EFFE00F0C5FD0123CD
:108F90004340DBB201932304180F0B283ED8F7F7A8
:108FA0003BF90C000C0057005700B300C7003D0010
:108FB0003D00CC002D014301430126052304360F5B
:108FC0001B0E0F2B00D93601E4B2002D12D0002E5B
:108FD0000BD023002033DBB23000072B01D9002C4B
:108FE00005D100F0A9FD00F085FE200051E000F061
:108FF000BFFDF8E72000FFF715FF002E0ED023007D
:109000002033DBB23000072B01D9002C02D100F055
:109010009BFD01E000F0B4FD00F06CFE019B002B15
:1090200000D1B0E000F070FD012302001A401842A8
:1090300000D0A8E0029B5A7100F060FD00F04EFAEB
:10904000029800F061F900F059FD00F053FA9AE03F
:109050000F22230426051B0E360F9343202B00D02E
:109060003601E4B2002C06D0012C36D0002D3FD0C2
:10907000002F1CD0B9E76B4B5B785B0713D4002D36
:109080000AD0002E04D0300000F056FD00F032FE71
:109090000020FFF751FEC1E72800FFF7C3FE002EB6
:1090A000BCD03000B3E7002D0BD0002F03D130002F
:1090B000FFF729FFB2E7012FB0D1300000F08EFD9D
:1090C000ACE7002FAAD13000FFF725FF300000F0F9
:1090D00093FD300000F06EFDA0E7002D02D0052FBB
:1090E0009CD8E4E7042F99D83000FFF714FF95E7E8
:1090F000002FF9D05020392C00D0012007F035FC8A
:109100002000FFF78FFE89E72005800F09D0012896
:1091100084D10020854201D0A005800D05F0D8FB48
:109120007CE7002D01D0A005800D05F0B7FB75E7A9
:109130002900E0B2FFF7F4FD70E723049B019B0FC9
:109140002CD1002D1BD1102123065B0F9B00220781
:10915000DBB2120F9A400800D2B22040214203D065
:109160000F209840C043C0B22405A40F1043022C26
:109170000ED0032C0FD0012C07D000F06DF905F0B4
:1091800055FBFFF783FD05B0F0BD00F05BF9F6E796
:1091900000F06CF9F3E700F050F9F0E7A3059B0F3E
:1091A000DAB2002D1ED0DB07E9D5102123065B0FB4
:1091B0009B002207DBB2120F9A400800D2B2204077
:1091C000214203D00F209840C043C0B22405A40F11
:1091D0001043022C0CD0032C0DD0012C05D000F034
:1091E000ABF9CCE7012ACAD9DFE700F09BF9C6E763
:1091F00000F0ACF9C3E700F049F9C0E7E6B2240596
:10920000240F002D06D0200000F068F93000FFF791
:109210007AFEB4E73000FFF77EFE200000F06AF926
:10922000ADE7C046DE2D0020E6B23000F03804285D
:109230003DD8F6F7DDFF032510172100002D06D0DD
:10924000042F9CD8E004C00E00F060F997E7052FCA
:1092500000D994E7F6E7E004C00E002DDED100F05F
:109260003DF98CE7002D04D0E004C00E00F02EF98B
:1092700085E700F015F982E71A4B5B785B0704D4A9
:10928000E004C00E002DC9D0E9E7002D05D0E004B0
:109290000321C00E00F046FD71E7012000F064FDDF
:1092A000012F00D86BE7022000F05EFD67E7002D7C
:1092B00008D0002F03D03000FFF73EFD5FE7E00449
:1092C000C00ECCE7002F09D05020392E00D001204D
:1092D00007F04BFB3000FFF7A5FD50E7E004C00EA0
:1092E0009CE7C046DE2D002070B50400218840793F
:1092F00000F0B8F9051C00F033F900F09DF8291CC6
:109300002000FFF711FE70BD037910B50400002B9B
:1093100011D0FFF714FC00280ED100F0FDFB00284F
:1093200009D06379002B06D0074B5B785B0702D529
:10933000022000F019FD10BD2000FFF7D5FF20002E
:10934000FFF7EFFBF7E7C046DE2D002010B5002841
:1093500003D000F00DFC00F0CDFC10BD10B50028CE
:1093600003D000F00DFC00F0C5FC10BD10B50020CE
:1093700005F094FA002005F0ABFA00F009FC00F0CB
:10938000B9FC04F0EDFD04F0D1FD10BD10B505F001
:1093900089FBFFF7EBFF10BD10B500F0E3FBFFF713
:1093A000F5FF10BDC2B20004000F062818D00F232D
:1093B00006280ED80E3003400020012B08D80120CB
:1093C000F02A05D007D80020E72393424041C0B2DD
:1093D00070470630EFE7F43A100043425841F6E791
:1093E0001000F13843425841E721002391425B418C
:1093F0001843EDE703000279002010B5824204D043
:10940000188800F025F9FFF7CDFF10BD82B002B03B
:10941000704782B002B07047704710B5FFF7FCFF8D
:1094200010BD704710B5FFF7FCFFFFF7F6FF014BCB
:10943000187010BD72210020704710B5FFF7F2FFC1
:1094400010BD000010B5034B1B781843FFF7EAFF6F
:1094500010BDC0467221002010B5034B1B78184088
:10946000FFF7E0FF10BDC0467221002010B5034B8E
:109470001B785840FFF7D6FF10BDC0467221002070
:10948000704710B5FFF7FCFF10BD704710B5FFF730
:10949000FCFFFFF7F6FF014B187010BD7121002093
:1094A00010B50020FFF7F2FF10BD0000064B1B783F
:1094B000002B03D143425841C0B27047034118000A
:1094C00001231840F9E7C0467121002001238340A1
:1094D00010B5D8B2FFF7DAFF10BD000001238340BA
:1094E00010B5034A10781843C0B2FFF7CFFF10BD84
:1094F000712100200123834010B5034A107898435E
:10950000FFF7C4FF10BDC046712100200123834036
:1095100010B5034A10785840C0B2FFF7B7FF10BD2E
:109520007121002010B5034B1B781843FFF7AEFFE5
:1095300010BDC0467121002010B5034B1B781840A8
:10954000FFF7A4FF10BDC0467121002010B5034BEA
:109550001B785840FFF79AFF10BDC04671210020CC
:109560007047032370B50126CC086343D218072344
:10957000350019408D400021EDB20300CB40545C12
:1095800033405B4263402B405C405454013103291B
:10959000F3D170BD30B50724032300220440C00876
:1095A000434301251000C9188B5CE3402B409340D6
:1095B00001321843C0B2032AF6D130BD07B583B2D9
:1095C00001AA10801B0A0800052B07D811780F2963
:1095D00004D81B01024AC918FFF7C3FF07BDC046E4
:1095E0004D21002007B583B201AA10801B0A00207C
:1095F000052B07D812780F2A04D81B010249D0186E
:10960000FFF7C8FF0EBDC0464D210020F7B503246B
:1096100001270D4A0D4B12781B7801AE1A4330809A
:109620000092009B23413B4204D1013CF9D200252A
:109630002800FEBDE5B22800316800F049FE80B286
:109640000128F2D0F4E7C0467121002072210020E9
:1096500007B501AB18800198FFF7D8FF019900F01A
:1096600037FE0EBD13B501AB19800E4B1B78002BD6
:1096700003D00198FFF7ECFF16BD00280CD001982D
:10968000FFF7C4FF040001000198FFF797FF2000D7
:10969000019900F01DFEEFE70198FFF7A3FF04001A
:1096A000F5E7C0464C21002030B50400012005003C
:1096B0008D4029000500954098402A0003002000B5
:1096C0000A43D1B2984322408A4201D11C43E0B2FE
:1096D00030BD000010B504001300044A10780A00E1
:1096E0002100FFF7E1FFFFF7D1FE10BD712100203F
:1096F00070B507250B4B1C780B4B1B78A34200D190
:1097000070BD0A4BE200D15A9B1858889A88000411
:109710000843D988013409041143FFF77AFE2C402D
:10972000EAE7C04673210020742100207621002042
:10973000064B10B558881A88D988000410439A88B7
:1097400009041143FFF765FE10BDC046B621002095
:10975000F8B51A4883790F2B2BD84379002B28D0E2
:10976000174B05881A78174B46881C7807239C46A8
:10977000154FA2421DD0D300DB191979002919D049
:109780001988A94216D15979002913D15988891B02
:1097900089B2C7290ED80F241021827922400A43AA
:1097A00082719A79224011439971FFF7ADFDFFF75D
:1097B0009FFFF8BD634601321A40DAE7B621002068
:1097C000732100207421002076210020F7B50E4C73
:1097D0000E4B24781B7801940D4C019DAB4201D1B6
:1097E0000020FEBDDE00A5196F788F4205D1365DE1
:1097F000864202D16D79954203D1072501332B4072
:10980000EBE70120EDE7C046742100207321002022
:1098100076210020F0B5040087B002AF06220100D7
:109820003800F9F747FC864D66792B792279002BB1
:1098300018D1002A00D1CEE0002E00D1F7E02000A0
:10984000FFF7D8FD002800D1F1E008222100280010
:10985000F9F730FC2800FFF75BFAFFF779FFFFF715
:1098600067FFB8E0638801936B79019900936B8877
:10987000CB1A00999BB2002900D1AEE0C72B00D9CA
:1098800086E0002A00D1A6E0AB792A8821880F2B38
:1098900054D8914211D1002E4BD10F2213400132E6
:1098A0001343AB71FFF744FF2800FFF72DFDAB79A1
:1098B000A3710025280007B0F0BD002E39D125780E
:1098C0006778320039002800FFF780FF2800320057
:1098D0003900FFF77BFF051EEBD10298FFF7B8FEBA
:1098E000C3B200040F21020F032A08D8012A0FD99E
:1098F000000E014211D0A2790F2A0ED8DAE7063203
:109900000A40012A0ED92000FFF7FEFC009DD1E796
:10991000000E014201D0002BCCD02033DBB2072B4C
:10992000C8D9F0E7EF2BC5D90F33DBB2022BC1D971
:10993000E9E70123AA791343AB71BAE791420BD14E
:10994000002E09D1A3712000FFF7DEFC08222100C0
:109950002800F9F7AFFB82E72000FFF74BFD002856
:1099600065D0002E63D0AB791F2B0BD92A8804A8B1
:109970000280019A42802A79837102710022427129
:10998000FFF7C2FC082221002800F9F793FB64E7E7
:10999000AB790F2B0ED802987968FFF737FD2800B6
:1099A000FFF7B2FC082200212800F9F7D1FAFFF7EF
:1099B000BFFE7EE7002A0ED0298822889142CBD1B3
:1099C000002EC9D12000A371FFF79EFC08223100B0
:1099D0002800F9F7BDFA01256CE7C72B2BD8002A20
:1099E000F9D0002E23D02A8823889A4216D1AB7949
:1099F000DA070DD40F2B0BD90F21A3718B43F02B5A
:109A0000A1D0A3791A09013212010B40134399E73F
:109A1000082221002800F9F74DFBDCE72000FFF7C2
:109A2000E9FC0028AED10123AA791343AB712000D1
:109A3000FFF76AFCCFE702987968FFF7E7FCB1E728
:109A4000B6210020F0B585B0009068466C460191C3
:109A5000FFF7E0FE2379071E244E254D0CD0002B86
:109A600003D000980199FFF7D4FC072728783378B2
:109A7000834222D105B0F0BD02AA03CC03C2002B61
:109A8000F3D0072233785C1C14402A7894420AD021
:109A90001848DB000822C01802A9F9F70BFB347044
:109AA000FFF726FEE1E7FFF777FC082239001248AE
:109AB00037702F70F9F74CFAD7E70E4CC000001939
:109AC000FFF7A8FE0028D5D02B78DB001A5BE4183E
:109AD0006088E188A3880004090419431043FFF754
:109AE00098FC2B7801333B402B70BFE7742100209A
:109AF0007321002076210020B6210020014B187828
:109B0000C0087047E6210020024B18780723184050
:109B10007047C046E6210020034B18780723184001
:109B2000431E9841C0B27047E6210020014B1878CF
:109B30007047C04612220020024B1A78104318705A
:109B40007047C04612220020024A137883431370E4
:109B50007047C04612220020014B18707047C04663
:109B6000122200200022014B1A707047122200209E
:109B7000024B1A78104318707047C046112200201B
:109B8000024A1378834313707047C04611220020A5
:109B90000022014B1A70704711220020014B1878E7
:109BA0007047C046E8210020704710B5FFF7FCFF62
:109BB00010BD0000030010B5044A1078034203D022
:109BC00098431070FFF7F1FF10BDC046E721002059
:109BD000704710B5FFF7FCFF10BD0000010010B585
:109BE000044A13781940814203D003431370FFF7EE
:109BF000F0FF10BDE8210020030010B5044A1078E2
:109C0000034203D098431070FFF7E3FF10BDC04636
:109C1000E8210020064B10B55B785B0706D5054BA5
:109C20001A78824202D01870FFF7D3FF10BDC046E9
:109C3000DE2D0020E821002010B5044B1A78002A00
:109C400003D000201870FFF7C4FF10BDE8210020EA
:109C500010B5094A094B14781B781C43084B1B7834
:109C6000002B06D01C4304F059FE002801D0FFF75A
:109C7000E3FF200010BDC046122200201122002068
:109C8000E821002070B50B4C2568FFF7E1FF287034
:109C90002468094D082229002000F9F7ADF90028B1
:109CA00007D0082221002800F9F704FA200004F068
:109CB000CDFD70BD340E0020DE21002070B50B4CB0
:109CC0002568FFF7C5FF68702468094D2022290028
:109CD0002000F9F791F9002807D020222100280060
:109CE000F9F7E8F9200004F0BDFD70BD300E00204A
:109CF000BE21002010B504F091FD002806D0054BD0
:109D00001B787F2B02D9FFF7D9FF10BDFFF7BAFFF1
:109D1000FBE7C046DE2D0020704710B5FFF7FCFFC3
:109D200010BD0000094B10B55B785B070AD5084CE5
:109D3000C30019432170FFF7D1FB2078C008FFF75B
:109D4000ECFF10BDFFF7CAFBFBE7C046DE2D00208D
:109D5000E6210020002010B5024B1870FFF7DDFF50
:109D600010BDC046E621002010B5094A137819003D
:109D7000814311704A070AD1994208D0054B5B789C
:109D80005B0704D5C808FFF7B5FBFFF7E3FF10BD7D
:109D9000E6210020DE2D002003000A4810B542789D
:109DA0005107C90F99420BD001210B4003319B0091
:109DB0008A431A43427000F03EF80220FFF7D4FFB6
:109DC00010BDC046DE2D0020044B10B5587801238D
:109DD0004007C00F5840FFF7DFFF10BDDE2D002009
:109DE00010B50120FFF7D8FF10BD10B50020FFF718
:109DF000D3FF10BD704710B5FFF7FCFF10BD10B5C5
:109E000000F0BEFB10BD10B500F0A6FB002801D08D
:109E100004F032FB10BD10B500F0BEFB10BD10B554
:109E200000F0C7FB10BD10B500F0C8FB10BD10B5A9
:109E300000F0CAFB10BD10B500F0CDFB10BD10B591
:109E400000F0CFFB10BD10B500F0D1FB10BD10B578
:109E500000F0D3FB10BD10B500F0D5FB10BD10B560
:109E600000F0E2FB10BD000007B500F06FFB00F052
:109E70007FFB6A4600236846137000F094FB0120C4
:109E80000B4B187000F09AFB0A4B01A81B8803804B
:109E900000F0A1FB01F096FEFFF7DDFFFFF7DFFF0B
:109EA00004F017FBFFF7A7FF01F080FE07BDC046D7
:109EB000722100204C20010010B5FFF7D5FF10BD26
:109EC000F7B504F075FF094E0400338883420BD0C8
:109ED0006D4600272F8004F06BFFAF8068800098EC
:109EE0000199FEF7F3FE3480F7BDC046142200202E
:109EF00010B504F039FF024B1860024B186010BD1A
:109F00001C220020182200207047704710B5FFF770
:109F1000FCFF10BD704710B5FFF7FCFFFFF7F6FF21
:109F200010BD704710B5FFF7FCFFFDF727FC10BD13
:109F30000120704710B5054800F08AFBFBF776FD5D
:109F4000FFF7E2FFFFF7E7FF10BDC046A5A4000042
:109F50000120704710B5FFF7FBFF10BD7047704739
:109F600010B5FFF7FBFFFFF7FAFFFDF78DFB10BD04
:109F700010B5FFF748FF002801D1FFF79DFF084803
:109F8000FFF749FF0748FFF752FF03F0C6FCFFF752
:109F900046FFFFF752FA044B1878FFF772FA10BD2C
:109FA00020220020DE2D00207121002010B504F0B9
:109FB000C1FE04F0A1FA00F0E9FBFFF7D9FF04F0BD
:109FC0002BFCFEF762FE03F071FAFFF7ABFF10BD4A
:109FD00070B50D001600040001F0FEFF32002900EC
:109FE000200004F027FE70BDF0B589B0FFF7A0FF98
:109FF00000280BD1FFF764FF04F00FFC03F0B6F963
:10A0000003F0D8FFFEF74CFE09B0F0BD00F0D4FB22
:10A010002F4F00243D0020000134E4B22E8800F0D0
:10A020002FFB062C51D002358642F4D0294B1B78E9
:10A030009B0701D500F02AFBFFF78CFF0024059059
:10A04000200000F01DFB3B880290984235D0434031
:10A050009BB20493012300250193019B049A1342B0
:10A0600021D0029A13405A1E9341DBB20393059B01
:10A07000002B13D02900200004F0D0FD00280DD1C2
:10A0800006AE3570747004F093FE01233371039BA8
:10A090007080737106980799FEF718FE290020005A
:10A0A000039AFFF795FF019B01355B009BB2EDB270
:10A0B0000193102DD1D1029B3B800134E4B20237D1
:10A0C000062CBDD1FFF714FF96E78642AED191E78B
:10A0D000D22D00202022002070B500F003F9A42327
:10A0E0000400DB0198424ED2A023DB01984200D34A
:10A0F0009FE0DF281CD8CC285BD8A7280AD8A42842
:10A1000000D97AE0012831D0031F9BB2A02B2DD9B2
:10A1100000242BE00300A83B9BB21A2BF8D858343C
:10A12000544BE4B26400E35A8824E4011C431DE06C
:10A130008023DB0198421BD28026B601B04200D3B7
:10A1400087E0E72812D9431EFF3B013EFF3E9BB24A
:10A15000B342DDD2000AC0B200F056F90500E0B209
:10A1600000F0C0F82D023540284384B2201C70BD99
:10A17000C0B200F0B7F8F0231B0123403E4C184357
:10A180000443A4B2F2E7A523DB0198421DD23B4B66
:10A1900098423BD83A4B98420DD83A4B984230D827
:10A1A0000322C4B2A3081440023AA2405B01364C19
:10A1B00013431C43E5E70321012201408A40C30603
:10A1C0005B0F5B01314C1343F3E7314B984208D8E6
:10A1D0001F20304B20409C4222D82F4C00020443C9
:10A1E000C4E72E4BC3189BB21F2B00D990E7F8236E
:10A1F00004025B011C402A4B98E78023243CDB01CE
:10A20000D7E71F230340274C1B028FE703210122BE
:10A2100001408A40C3065B0F5B01234C1343C8E730
:10A2200000F0F2F8F823802400025B011840A4013A
:10A23000D5E71F20204000F0E7F8E3051B0F1B02C5
:10A2400002B2C00602D5FF2112010A40174C134387
:10A25000AFE7C004C00E00F0D7F80500E0B200F090
:10A2600041F8F8232D025B011D4005432E43B4B293
:10A270007CE7C046AC26010000A0FFFF5F52000053
:10A280003F5200001F520000008DFFFF008CFFFFB7
:10A29000BF5200009F520000F4A0000040ADFFFF3D
:10A2A000F0A00000F1A00000008AFFFF0090FFFF77
:10A2B00007B58BB201AA1180190A0023052905D818
:10A2C00012780F2A02D8FAF76FFE030018000EBDAD
:10A2D00007B501AB19800199FFF7EAFFFFF7FCFE14
:10A2E0000EBD0000030010B5E7280AD8DF280AD801
:10A2F000312800D173E00FD8292866D02A2800D150
:10A3000074E0180010BDE0380728FAD8F5F766FFAA
:10A3100018F927303DF9474C392808D0822806D053
:10A320003528EED1374A12789206EAD506E0354A4A
:10A330001178890761D152781207E2D52923E0E725
:10A3400030480121027814000C400A4245D140787F
:10A350000842D6D02300D206D3D4E323D1E7294A3A
:10A3600012785107CDD50023D206CAD4E333C8E70B
:10A370002449E2230A785007C3D448780121040015
:10A38000023B0C400842E5D0BBE71E4A51788907E2
:10A39000B7D512780023D206B3D4E733B1E7194A10
:10A3A00012781107F6D4ACE71649E6230A781007AD
:10A3B000A7D4487802210400023B0C400842A0D1F7
:10A3C0002300D2069DD4E7239BE70E4A1178890625
:10A3D00015D45278120700D493E7392391E7094A3C
:10A3E0001278520600D48CE72A238AE7054A1278AD
:10A3F000520600D485E7312383E7E02381E7352344
:10A400007FE7C046DE2D002030B5254C21784B0774
:10A410000DD514220240043A53425A4118230340F6
:10A42000083B5D426B419A4201D00C2358400B0718
:10A430000DD514220240143A53425A4118230340C6
:10A44000183B5D426B419A4201D00C23584064781E
:10A45000E3070DD511220240013A53425A41182315
:10A460000340083B5D426B419A4201D009235840AA
:10A47000A4070DD511220240113A53425A41182324
:10A480000340183B5C4263419A4201D00923584083
:10A49000C90603D5030701D51823984330BDC0462C
:10A4A000DE2D002000207047074B10B5C318012493
:10A4B0001F2B06D84C79002C03D11F231840FEF720
:10A4C00093FB200010BDC04620ADFFFF030048797C
:10A4D00010B5002813D00B4A93420DD00A4A93427C
:10A4E00003D00A4A934204D010BDFFF76DFC002050
:10A4F000FAE7FFF775FCFAE7FFF777FCF7E70120CB
:10A50000F2E7C0465B7C00005C7C00005A7C0000E7
:10A510000300487910B5002811D00A4A93420BD0A5
:10A52000094A934206D0033A934202D1FEF778FBE0
:10A53000002010BDFFF763FCFEF779FBF8E7012070
:10A54000F7E7C046017C0000037C000010B5002046
:10A5500000F0E0FD10BD000010B5002000F067FD28
:10A56000024BC01843425841C0B210BD1D01FFFF4D
:10A5700010B50020014900F0B5FD10BDE3FE00005C
:10A5800010B5002000F0C6FD0020024900F0AAFD31
:10A5900010BDC046FFFF000010B50400022000F00F
:10A5A0003AFD207010BD10B50178022000F08EFD3C
:10A5B00010BD10B5032000F02EFD10BD10B5010038
:10A5C000032000F083FD10BD10B50400042000F04E
:10A5D0002EFD208010BD10B50188042000F082FD02
:10A5E00010BD10B508221721FBF722FB10BD10B5D6
:10A5F0000822172100F04DFD10BD10B501000E20FE
:10A6000000F064FD10BD1FB501210F2000F076FDA4
:10A61000102200216846F8F79BFC0122252168469C
:10A6200000F037FD05B000BD1FB50421132000F078
:10A6300065FD102200216846F8F78AFC04222621D5
:10A64000684600F026FD05B000BD00207047000000
:10A65000014B18607047C046380E002010B5024B01
:10A660001B68984710BDC046380E0020704710B5D3
:10A67000FFF7FCFF10BD10B5FEF762F810BD00003B
:10A68000014B4000185A7047EC2D00207047000025
:10A690000A4B8000C35870B55A1C0DD072B60F22F9
:10A6A0001C00134094430E3A15009D4020002900E1
:10A6B00006F0E9FEA56062B670BDC046E426010062
:10A6C000F8B5002420000134E4B2FFF7E1FF102CBC
:10A6D000F8D10F250127094C094E2068431C09D0E9
:10A6E00072B6030039002B4099402022A84306F09F
:10A6F000CAFE62B60434B442EFD1F8BD242701008B
:10A700003C270100F7B51F4B01928A00D358040083
:10A7100000915A1C32D072B60F2501261F002B4023
:10A720009E40AF43310001223800360406F0ABFEF4
:10A73000BE6062B6FCF790FF0C239C46019B00268E
:10A74000DF431149A4440A682388501C17D0100025
:10A75000A84300682A40D040012210420FD10126B0
:10A76000019A13432380023404316445EBD10098ED
:10A77000FFF78EFF31000098FCF76FFFF7BD3B40FD
:10A78000F0E7C046E42601002427010010B5FFF7DA
:10A7900097FF0C2200210648F8F7DAFB0C22002173
:10A7A0000448F8F7D5FB00F03BF8FFF760FF10BD59
:10A7B000EC2D0020E02D002030B585B00C220021CA
:10A7C00001A8F8F7C5FB00240125210001342A0067
:10A7D00001A86D00E4B2FFF795FFADB2102CF4D1E3
:10A7E0000D4C0C22200001A9F8F706FC05006B1E99
:10A7F0009D41EDB2002804D00C22200001A9F8F7F9
:10A8000059FC2A000549200000F00CF80400FFF76D
:10A8100032FF200005B030BDE02D0020EC2D0020DF
:10A8200070470000F0B5140000226D4E6D4B357876
:10A830008BB0039001911A70954200D1CBE004F0E7
:10A8400093FA030068490A680B60801A934256D055
:10A850007F2800D97F20C3B208930023634A337056
:10A860001370604A079312780693029205930026AC
:10A87000DA0009925E4A0492099A04999446B44413
:10A880006246895C4A0822D0824200DD8CE00122C7
:10A8900011406246049FB95400D090E00399019A98
:10A8A000C95AD25A8C4601216746B1400F40BC4676
:10A8B00017008F43390067463943029F4A403A43A5
:10A8C000571EBA41D2B20292019A0695D152013670
:10A8D000102ED1D102330C2BC9D1079B002B02D0F3
:10A8E0000122424B1A70069B002B02D03D4B029A6C
:10A8F0001A70059B002B02D00122394B1A70002CD4
:10A900000AD12C00394B1B78002B49D0002C03D1E5
:10A9100004F02AFA344B186000231800334A0293DB
:10A920001370039A324DD15A019AD25A5140DA002B
:10A9300005920F000022012191408C4689B20491BA
:10A9400005998E18A95D4C08069464463C4238D09F
:10A950000699002913D103990498C95A0140481E49
:10A9600081410A200143A955C907C80F002930D0E9
:10A970000199049CC95A02904C400199CC52013271
:10A98000102AD8D102330C2BCBD1029B002B02D042
:10A99000144B0F3A1A70002802D00122104B1A7083
:10A9A000104B18780BB0F0BD089F0595D21B0127FE
:10A9B0005200394011436246049FB95487E707911A
:10A9C00085E74C08DBD0CC07D9D401242140A95518
:10A9D000D5E70120D3E7002C00D193E798E7C046E4
:10A9E0002A220020282200202422002029220020C0
:10A9F0002B22002010B5FFF7F7FA10BD10B504F0B8
:10AA00003CF904F0F2FBFFF795FA04F0F3FBFFF7D3
:10AA1000CDFA04F0FBFB04F001FCFFF7EBFF04F0C0
:10AA200001FC04F0BBFBFFF79BFAF4E70300DA68D4
:10AA30000800511C10B5D96019698A4204D21C68FB
:10AA4000002C02D05968A04710BD9B689854FBE7C2
:10AA5000F7B51E00C36804000093089B1500019120
:10AA60009B070DD0002D0DD1089B9B0715D4F7BD7A
:10AA700020212000FFF7DAFF0137B742F8D3F1E7D2
:10AA80001700FAE7019B013D2000595DFFF7CEFF5B
:10AA9000E8E720212000FFF7C9FFE368009A9B1A2E
:10AAA000B342F6D3E3E70000F0B58FB01D00169C6B
:10AAB00004900392002921D123051BD4302304AA3A
:10AAC0001372203B9C4301310A00A30745D40123A4
:10AAD0001598234000283ED0002B3ED0039B002B2E
:10AAE00002D10C331C4202D0159B013B15930A0086
:10AAF00030232AE0102DE7D1AC43E5E76123A2061D
:10AB000000D541230E000027DBB20A3B0593290044
:10AB10003000F5F711FC059BCAB2D3188446DBB2AE
:10AB2000092901D83032D3B2082004AA1218791C9E
:10AB3000D355B542C8D82029C6D00F006646E6E7EF
:10AB4000082604A88019835401321598904204D92C
:10AB5000202AF5D101E0002BC9D1302304E00826DA
:10AB600004A88019835401321498904201D9202AF4
:10AB7000F5D1082D03D1914201D210239C432C4BD7
:10AB80001C423AD0230522D4002A20D0149B9342A1
:10AB900002D0159B93421AD1914202D2013A002A67
:10ABA00015D0244BEB40DB071FD591423DD2013A33
:10ABB000102D12D1A3062CD4202A10D12022159BAF
:10ABC0000498009406A9FFF743FF0FB0F0BD102DC5
:10ABD000F0D0022D09D1202AF0D0622300E07823A2
:10ABE000082004A909188B540132202AE6D0082035
:10ABF000302304A909188B540132202ADED0039B8C
:10AC0000002B0AD02D23082004A909188B540132E7
:10AC1000D5E75823202AE3D1D0E7630701D52B23BA
:10AC2000F1E72307CBD52023EDE7102DD3D1C1E7E2
:10AC3000102000000400010010B5FFF70FFD10BD4B
:10AC4000F0B507000D0014008BB02978002911D150
:10AC50003B68002B0BD13A69002A08D0B96800295B
:10AC600005D0FB68934200D3531E0022CA54F868F3
:10AC70000BB0F0BD0020013525290AD03800FFF7C0
:10AC8000D5FEE2E72D2B1CD0302B22D12F3B150017
:10AC900018432B786A1C2B2B15D0F3D8202B14D0FB
:10ACA000232B14D0002104912A2B1FD108CC04930C
:10ACB0008B4204DA02231843049B5B420493150081
:10ACC00014E00223E3E70423E1E70823DFE710238E
:10ACD000DDE71E000021303E04910A31092EE1D843
:10ACE0002A786E1C1300303B092B0FD900222B78D9
:10ACF00005922E2B29D18022120110436A786B1CF9
:10AD000011003039092916D80A260CE0049B3500B9
:10AD10004B43303BD3180493E2E7059B7343303B2E
:10AD2000D31805932B001A785D1C110030390929BE
:10AD3000F3D91D0009E02A2AFBD108CC023505937E
:10AD4000DB43059ADB171A4005922B786A1C6C2BA3
:10AD50001FD017D8682B24D06A2B2BD02978013527
:10AD600078298BD8632928D8622973D0632900D128
:10AD700098E0252982D0582900D07FE72023184366
:10AD8000103B4AE0742B01D07A2BE7D180239B0043
:10AD90000BE06B786C2BF9D1C023DB001843023534
:10ADA000DCE76B78682B03D0802315001843D5E7C8
:10ADB000C023F3E78023DB00F7E70B000126643BA9
:10ADC000DBB29E4032007F4B1A401E4213D17329E2
:10ADD00000D18FE0702900D050E77B4B02CC0343B9
:10ADE000002900D0E4E0009305220A2338007749C7
:10ADF000FFF72EFE29E7642901D0692906D18023B7
:10AE0000DB01184310239843063B06E008236F2913
:10AE100003D0F7D9DB187829F4D1020501D5012236
:10AE200090438022D200024041041DD5002A00D068
:10AE30000BE7216882050FD502900498CE17019088
:10AE40000598CA0F8919714000903800FFF72CFE51
:10AE50000434FAE60223E0E7420601D549B2EBE703
:10AE60000206E9D509B2E7E7002A00D0EDE60C2199
:10AE700006008E43810506D5049902960191059935
:10AE800000912168E1E72168420607D5C9B2049A1A
:10AE900002960192059A00920022D6E70006F6D5A6
:10AEA00089B2F4E7022302001A40012605921842F3
:10AEB0000DD1059E03E020213800FFF7B7FD049B6C
:10AEC0000136B342F7D80226002B00D05E1C02CC1C
:10AED0003800C9B2FFF7AAFD059B002B00D1B4E6EC
:10AEE000049BB34200D8B0E620213800FFF79EFD56
:10AEF0000136F5E7230004CB06920793002A08D118
:10AF00000090062238003249049BFFF7A1FD079C00
:10AF10009BE6059B002B00D12E4B069A1400D318FC
:10AF20002278002A01D09C4214D1069B0200E41A28
:10AF300080231B011A400892184203D0059B9C42B3
:10AF400000D91C00022302001A400992184212D1B3
:10AF5000260006E00134E3E720213800FFF766FD14
:10AF60000136049BB342F7D8049A0023A24200D3CF
:10AF7000131B01341C19069E03E038000136FFF74D
:10AF800055FD3178002907D0089B002BF5D0069B92
:10AF9000059A9B189E42F0D1099B002BB7D0049BC9
:10AFA000A342B4D920213800FFF740FD0134F6E771
:10AFB00002930A230193059B380000931023FFF7A7
:10AFC00073FD42E621081200012000002A2301003F
:10AFD00023230100FFFFFF7F7FB5074B0A0001938A
:10AFE0000023029303930493044B010001A80593EB
:10AFF000FFF726FE07B000BD39AC0000FFFFFF7F62
:10B000000FB407B504A901C90191FFF7E5FF03B02B
:10B0100008BC04B0184713B56B46DC1D00230100C3
:10B02000012220002370FAF703FE207816BD13B525
:10B030006B469C1D00230100022220002380FAF7AA
:10B04000F7FD208816BD002307B5010001A80422E2
:10B050000193FAF7EDFD01980EBD07B56A460300AE
:10B06000D01D017001221900FAF7FAFD07BD07B5DE
:10B070006A460300901D018002221900FAF7F0FDD4
:10B0800007BD07B504220191010001A8FAF7E8FD08
:10B0900007BDF8B51400D31D6A46DB08DB00D31AE0
:10B0A00000AF9D460500220068460E00FAF7C0FD7D
:10B0B000220069462800F7F79FFF002804D02200ED
:10B0C00031002800FAF7CCFDBD46F8BD70B50D0083
:10B0D0000400FFF7A0FFA84203D029002000FFF7DB
:10B0E000BCFF70BD70B50D000400FFF7A0FFA842C3
:10B0F00003D029002000FFF7BAFF70BD70B50D0026
:10B100000400FFF7A0FFA84203D029002000FFF7AA
:10B11000B8FF70BD10B5FAF77BFC10BD4B7910B5C8
:10B120000400002B01D1012010BDFEF7FFFC2223FB
:10B13000214A0340A0180A28F5D8F5F759F8060A5D
:10B140000F14191E23282D32370002F018FA0020A0
:10B15000EAE7002B04D002F0A3FAF8E7002BFAD0BC
:10B1600002F088FAF3E7002B04D002F0EDFAEEE7E4
:10B17000002BFAD002F0D4FAE9E7002B04D002F059
:10B1800013FBE4E7002BFAD002F0F6FADFE7002B1E
:10B1900004D002F039FBDAE7002BFAD002F01CFBF6
:10B1A000D5E7002B04D002F067FBD0E7002BFAD0E4
:10B1B00002F04EFBCBE7C046E087FFFF70B54C794D
:10B1C0000500002C02D00124200070BDFEF7AEFC6B
:10B1D00022232A4A0340A8180E28F4D8F5F708F8C5
:10B1E000080B0E11161B20252A2F34393E43480028
:10B1F00002F0DEF9E8E702F0F3F9E5E702F0BFF963
:10B20000E2E7002B04D002F04BFADDE7002BFAD086
:10B2100002F030FAD8E7002B04D002F095FAD3E719
:10B22000002BFAD002F07CFACEE7002B04D002F01B
:10B23000BBFAC9E7002BFAD002F09EFAC4E7002B54
:10B2400004D002F0E1FABFE7002BFAD002F0C4FA12
:10B25000BAE7002B04D002F00FFBB5E7002BFAD0C1
:10B2600002F0F6FAB0E7002B04D002F031FBABE7B6
:10B27000002BFAD002F016FBA6E7C046C087FFFFFE
:10B280007FB5050A040CEDB20190E4B2002D10D197
:10B29000002901D0284B1C5D23002100FF22134010
:10B2A000180011400902144024040843204304B04C
:10B2B00070BD01AB1E78002901D01F4B1C5D06201C
:10B2C000FF217043F5F73CF855235B42434376007A
:10B2D000F31803265E43FF21F6B233008E1B4A1B90
:10B2E0006B4375431B122D12CB1A491B62436343F8
:10B2F000614312121B120912D2B2DBB2C9B2062884
:10B3000016D8F4F775FF0406090C10150400230085
:10B310000C0021001400C1E713000A00F9E719002E
:10B3200013002200F4E7230014001A000B00F0E7DA
:10B33000190023001400F0E7472701001FB5012181
:10B34000FFF79EFFFF210200030A0B40000C08409C
:10B350000A401B021A43030402481040184305B078
:10B3600000BDC046FFFF00FF010030B5C0B201299B
:10B3700016D9F723FF225B01994202D84A09083205
:10B38000D2B20124A018401005004543ADB2C3B2AB
:10B39000A94206D2013BDAB29442F3D9013CE0B2B1
:10B3A00030BDFF28FCD00133DCB2F5E7054A064B7F
:10B3B00011884B4305495B189BB2180AC018C0B2EC
:10B3C000138070474C0E002005080000193600005D
:10B3D00010B50400FFF7EAFF60430012C0B210BDD1
:10B3E0000F21430615D40B000200034092060B49BF
:10B3F000920F52005218517812784B431B119B1830
:10B4000040B2DBB2002801DA5B42DBB2803BD8B24B
:10B410007047C343DAB20B400133E7E73F2701002F
:10B420001FB5040C01905008FFF7DAFF0200803AC4
:10B43000E4B2D3B2120603D580235B421B1ADBB2FF
:10B4400001AA1288FF2110005B000134DBB26343C4
:10B45000120A1B12084012020B401B04104318432F
:10B4600004B010BD1FB5030A01903031D8B20E4BA5
:10B470004900C95CE5234B431B121C339A1AD317AE
:10B48000D2185A40D200821A01AC131C120400D503
:10B4900000231BB2013058430012A378607020884B
:10B4A0001B04184304B010BD060D0020030C84B02B
:10B4B00001903031D8B2114B4900C95CE5234B43B0
:10B4C0001B121C339A1AD317D2185A40D200821A70
:10B4D000131C120400D500231AB2431C534301AAC3
:10B4E0001288FF2110001B12120A084012020B40A2
:10B4F0001B041043184304B07047C046060D0020DB
:10B5000084B001A901908B780A7008881B04184345
:10B5100004B070471FB5074B30314900CB5C01AC1C
:10B5200001909B1A2370A37820881B04184304B051
:10B5300010BDC046060D00201FB5074B3031490035
:10B540005B185B7801AC01909B1A2370A37820886C
:10B550001B04184304B010BD060D0020F0B53031B7
:10B5600015000E4A4B00D3185F7885B03E00203E90
:10B57000019001ACC0B273B2360602D52023DB1BAA
:10B580005BB24900525C521BD2188018A37820701D
:10B5900020881B04184305B0F0BDC046060D0020EE
:10B5A00084B004AA0190107803225A43521001A9D2
:10B5B00080188B78087008881B04184304B0704703
:10B5C0001FB51C0001904BB2080601D549424BB291
:10B5D0003820C01A80B292B252434043801880B2E1
:10B5E000FFF7C2FE0323434301AAE41814709378C3
:10B5F00010881B04184304B010BD00007FB50D4D2A
:10B6000030335B00EE185B5D7678703B59437F23E7
:10B61000203E72435118CA171A405218D21101AC79
:10B6200001901218A378227020881B04184304B0DC
:10B6300070BDC046060D00207FB50D4D30335B0058
:10B64000EE185B5D7678703B59433F23203E724392
:10B650005118CA171A405218921101AC01901218D1
:10B66000A378227020881B04184304B070BDC04624
:10B67000060D00207FB5134D30335B00EE18767851
:10B680000190203E72435E5D01AC3500703DC0B25A
:10B690006BB22D0602D570239B1B5BB23825EB1ACB
:10B6A000594303238A187F215343DA170A40D218DB
:10B6B000D2118018A378207020881B04184304B08E
:10B6C00070BDC046060D00200C4B3031490084B0DF
:10B6D00001905818C95C03234078091A4B43DBB228
:10B6E000991AC9B2202801D9D218D1B201AA9378E7
:10B6F000117010881B04184304B07047060D002019
:10B7000030B585B00190C4B25008FFF769FE020061
:10B71000803A01ADD3B2120603D580235B421B1AD7
:10B72000DBB20D225B00DBB253431B12E4182C701A
:10B73000AB7828881B04184305B030BD7FB50E00D8
:10B74000041C01901000FFF74BFE30360E4B7600C4
:10B75000F35C01ADC018C0B20200803AE4B2D3B2CB
:10B76000120603D580235B421B1ADBB20D225B005D
:10B77000DBB253431B12E4182C70AB7828881B04EF
:10B78000184304B070BDC046060D002030B50C4B08
:10B7900030314900CD5C85B0AB1A019001ACC0B22C
:10B7A000D9B21B0601D5521BD1B219234B431B1230
:10B7B000C0182070A37820881B04184305B030BD42
:10B7C000060D00201FB50B1C01AC0190FF2900D90C
:10B7D000FF23DB43DAB24123534322781B129B1829
:10B7E0002370A37820881B04184304B010BD1FB534
:10B7F00001900520434306AA128801A9D3181A1CF8
:10B800009BB2FF2B00D9FF22D3438A78DBB29B186F
:10B810001C1CFF2B00D9FF240A88FF231000120AEA
:10B820001840120223401B041043184304B010BDFB
:10B8300030B585B0019008A800881B18C8170918F2
:10B840004140D0171218424009B29BB292B209018E
:10B85000FF2900DDFF2112B21201FF2A00DDFF22C5
:10B860000C1C15B209B201A8A94200DD141C1B1959
:10B870001A1C9BB2FF2B00D9FF22D3438278DBB284
:10B880009B18191CFF2B00D9FF210288FF231000F1
:10B89000120A184012020B401B041043184305B053
:10B8A00030BD00007FB5050C160008AA0190128873
:10B8B000E8B201ACFF25482B06D8D31A1A1C9BB25C
:10B8C000AB4200D92A1C95B2083189B2102905D99A
:10B8D000330008339BB2102B00D9FF250321ED4321
:10B8E0000C4BF2170A405B7892199210EDB2D21805
:10B8F00040192270011CFF2800D9FF212288FF2354
:10B900001000120A184012020B401B041043184387
:10B9100004B070BDF82D002084B004AA12880190F4
:10B92000D21A131C92B2FF2A00D9FF23DBB2D943EB
:10B9300001AA9078C9B24018011CFF2800D9FF2144
:10B9400010781B1813701288FF231000120A184079
:10B9500012020B401B041043184304B070471FB57C
:10B9600006AA128801A9D31A1A1C9BB20190FF2BB8
:10B9700000D9FF22D3438A78DBB29B181C1CFF2B13
:10B9800000D9FF240A88FF231000120A184012026F
:10B9900023401B041043184304B010BD1FB53C23C3
:10B9A000FF334B43154A01901168040CC918144B1E
:10B9B00089B21879E4B2C008013048430012C0B21D
:10B9C000FFF70EFD0200803AD3B2120603D58023A2
:10B9D0005B421B1ADBB201AA1288FF2110005B0038
:10B9E0000134DBB26343120A1B12084012020B40FF
:10B9F0001B041043184304B010BDC046002E0020A5
:10BA0000F82D0020024B1A78104318707047C0467A
:10BA10005223002010B50B00041E02D1C80FC00134
:10BA200010BDC11742184A4012B2D118002B0BDBCF
:10BA30009B1A5801F4F784FC2023181AC0B2002C7A
:10BA4000EEDA4042C0B2EBE74801D11AF4F778FCD5
:10BA50006023F2E77FB5040A0190E4B21000E51A12
:10BA6000FFF7D8FF8300C01AEDB22D18EDB20134F4
:10BA70006C4301AE2412B378747030881B041843F1
:10BA800004B070BD7FB5040C051CE4B21000E61ACA
:10BA9000FFF7C0FF8300C01AFF23F6B23618180064
:10BAA000F6B20134744328402D0A1D4024122D02A1
:10BAB0001C40034B284324041840204304B070BDAD
:10BAC000FFFF00FF7FB5040A0190100008AA157857
:10BAD000E4B25D1BFFF79EFF6519EDB22D1AEDB2C2
:10BAE00001346C4301AE2412B378747030881B04A7
:10BAF000184304B070BD00007FB5051C040C100095
:10BB000008AA1678E4B29E1BFFF784FFFF23A6194C
:10BB1000F6B2361A1800F6B20134744328402D0AE2
:10BB20001D4024122D021C40034B284324041840BE
:10BB3000204304B070BDC046FFFF00FF30B585B0A4
:10BB4000019010001D00FFF765FF01AC4019A378BC
:10BB5000207020881B04184305B030BD30B585B077
:10BB60000190100008AA147801AD1C1BFFF752FFCA
:10BB7000E4B2241AAB782C7028881B04184305B053
:10BB800030BD00001FB5FFF7D9FBFF210200030AFB
:10BB90000B40000C08400A401B021A4303040248F1
:10BBA0001040184305B000BDFFFF00FF10B503486B
:10BBB000FEF749F90022024B1A7010BDF82D002043
:10BBC00052230020352310B5084C03220849601C7D
:10BBD0002370F7F76FFA812320005B42A380FEF702
:10BBE00032F90022034B1A7010BDC046F82D002018
:10BBF0004E200100522300200020704770B5040041
:10BC00000E001500FFF7F8FF044B24011B199B5D84
:10BC1000FF2B02D02B540130C0B270BD060D0020A6
:10BC200010B5024BDB68984710BDC046CC2201001E
:10BC300070470000F8B50C0015001E00FFF7F8FF74
:10BC4000002805DB034B2A005F6821003300B8475A
:10BC5000F8BDC046CC220100F0B51E4B0500C35C08
:10BC600085B00B4234D01C4E1C4A33791468DB0873
:10BC70000133A4B25C4302AF711C03223800F7F712
:10BC800019FA24127378E0B20193FFF7A9FB0300BD
:10BC9000803BF678DCB21B0603D580246442241A6C
:10BCA000E4B21F20FFF794FB6400E4B20136664360
:10BCB000019B361218183870BE700298FFF762FFA9
:10BCC00002040302C1B21B0E2800120EFFF7B2FFDE
:10BCD00005B0F0BDE60D0020F82D0020002E00205C
:10BCE000F0B51E4B0500C35C85B00B4234D01C4E32
:10BCF0001C4A33791468DB080133A4B25C4302AFF9
:10BD0000711C03223800F7F7D5F92412B378E0B29A
:10BD10000193FFF765FB0300803BF678DCB21B065E
:10BD200003D580246442241AE4B21F20FFF750FB9D
:10BD30006400E4B201366643019B3612181878702D
:10BD4000BE700298FFF71EFF02040302C1B21B0E71
:10BD50002800120EFFF76EFF05B0F0BDE60D0020C3
:10BD6000F82D0020002E0020194BF7B5C35C05000C
:10BD70000B422CD0174C184A23791768DB08013383
:10BD8000BFB25F430322611C68463F12F7F792F986
:10BD9000F8B2FFF725FB0200803A6E46E478D3B292
:10BDA000120603D580235B421B1ADBB25B00DBB2B9
:10BDB00001345C432412B4700098FFF7E3FE0204E0
:10BDC0000302C1B21B0E2800120EFFF733FFF7BDAE
:10BDD000E60D0020F82D0020002E00200E4B37B578
:10BDE000C35C04000B4216D0FFF7E0FA6D462870E2
:10BDF0008020FFF7EDFA094B7F306870DB78AB707D
:10BE00000098FFF7BFFE02040302C1B21B0E200020
:10BE1000120EFFF70FFF37BDE60D0020F82D0020B2
:10BE20000F4B73B5C35C04000B4218D003220D49BD
:10BE30000D4D6846F7F73EF903206D78FFF7C8FA15
:10BE40006E4640012D1A35700098FFF79BFE0204E4
:10BE50000302C1B21B0E2000120EFFF7EBFE73BDF2
:10BE6000E60D0020F92D0020F82D002010B5024B22
:10BE70009B68984710BDC046CC220100F0B5032551
:10BE8000504B89B0DC7806006543AD10EBB2210061
:10BE9000FF200593F4F754FAC3B20493B3784A4AE7
:10BEA0000292002B0CD0002211001000FFF7DEFFE1
:10BEB000602200210298F7F74BF80022434B1A70DA
:10BEC000434A137801331370029B019300230093BC
:10BED0000027019E3D4B1B783B435CD1F6F776FF74
:10BEE0003C4B984257DC019B1C703800009906AA15
:10BEF000FFF784FE002811D006AB1B78307803933F
:10BF0000059B984254D9401B611B6843F4F718FA0B
:10BF1000C1B20B0022000398FFF78CFE0137FFB27D
:10BF20001036062FD6D1009B0133DBB20093019B64
:10BF300001330193009B102BCAD1254B04991A7829
:10BF40008A4201D100221A70204A13780133DBB2F1
:10BF50001C2B35D90023102013700522029E651E6C
:10BF600050360099331A052A03D11F5CBC4200D118
:10BF70001D541F78A74201D31D701C740139C9B22A
:10BF800001330029EFD1013AD2B21030002AE8D1B2
:10BF9000002009B0F0BD3378002BA6D09C42A4D974
:10BFA0000B4A049912788A429FD1013B33709CE777
:10BFB00029006043F4F7C4F90023C2B21900AAE7CC
:10BFC0001370E5E7F82D0020822300205123002084
:10BFD0005023002054555505F0B585B005000E00DE
:10BFE0001700FDF7B5FF009000283CD00024A742C1
:10BFF00005D13100280002AAFFF700FE0400274DFA
:10C000002A781319082B1EDD0826611C361B320006
:10C0100049192348F7F74EF8210009313200491930
:10C020002048F7F747F861001931720049191E4896
:10C03000F7F740F82100113132001C484919F7F791
:10C0400039F8F2B22A7000210800144B9C46184BB4
:10C050000193CDB2AB18DBB2AC4206D8002802D0B7
:10C060000E4BA4181C7005B0F0BD02A80F5C604612
:10C07000C5183800019E30304000865D6F746E70C8
:10C08000019E0C33301840785B00687200256344D1
:10C09000581C5D70013145700098DAE75323002089
:10C0A000542300205C2300206C2300206423002004
:10C0B000060D00200D4B10B51B681B059B0F022BB6
:10C0C0000CD0032B0ED00022012B04D01100142021
:10C0D000FFF7CCFE10BD14211000F9E71422002157
:10C0E0000800F5E714221100FAE7C046002E0020F0
:10C0F000012070470120704710B5FFF7FBFF10BD0E
:10C1000010B5FFF7F5FFFFF7F7FF10BD0D235843FC
:10C1100082B0C0B201AA1070C018031CC0B240287F
:10C1200000D940231078DBB21B02184302B07047DD
:10C13000F0B58BB0039000780591FFF7E7FFC4B22C
:10C14000270083B21B0A07AA02932D4B10801A798D
:10C150002C4B52081B6801329BB253431B12DBB2BB
:10C1600004933037284B7F00FF18029AE3B29A42BB
:10C1700006D83F23002093424041C0B20BB0F0BD2F
:10C18000224B039A1B5D52781A4236D03D787E7856
:10C19000703D203EADB2B6B230002B0070436B4311
:10C1A000C01880B2FFF7E0F832B2049E29B2030053
:10C1B000134D174800966E78457880782D023543E8
:10C1C00000042843059DA84709AB1870020400022B
:10C1D000120E000E5A7098700998FFF7D3FC0204F3
:10C1E000030208A9120E1B0E08704A708B70D2B29F
:10C1F000C1B2DBB22000FFF71DFD02370134B4E706
:10C20000F82D0020002E0020060D0020E60D002055
:10C21000F92D002010B50249FFF78AFF10BDC04676
:10C22000C5BA000010B50249FFF782FF10BDC04635
:10C23000F9BA000010B50249FFF77AFF10BDC046F9
:10C24000A1B5000010B50249FFF772FF10BDC0464E
:10C250005DBB0000F0B5070089B000780391FFF7DF
:10C2600055FFC4B2250005AB86B21880330A01938E
:10C27000274B30351A79274B52081B6801329BB285
:10C2800053431B12DBB20293234B6D00ED18019A4E
:10C29000E3B29A4206D83F23002093424041C0B205
:10C2A00009B0F0BD1D4B7A781B5D1A422CD0184B9B
:10C2B0001B485B786A789C46664643782978807884
:10C2C0001B023343203A7039000409B212B21843FA
:10C2D000039E029BB04707AB187002040002120EC7
:10C2E000000E5A7098700798FFF74CFC0204030286
:10C2F00006A9120E1B0E08704A708B70D2B2C1B222
:10C30000DBB22000FFF796FC02350134BFE7C046E0
:10C31000F82D0020002E0020060D0020E60D002044
:10C32000F92D002010B50249FFF794FF10BDC0465B
:10C3300055BA000010B50249FFF78CFF10BDC0468A
:10C3400085BA000010B50249FFF784FF10BDC04652
:10C35000C1B5000010B50249FFF77CFF10BDC04613
:10C360003DBB0000F0B5060087B000780F00FFF776
:10C37000CDFE03AB1880214B85B21A79204B920871
:10C380001B6802329BB253431B12DBB22D0A01938E
:10C39000C4B2E1B28D4206D83F230020AB424041F7
:10C3A000C0B207B0F0BD174B72781B5D1A4223D0A4
:10C3B000154A124B587853781B0203439078019A20
:10C3C00000041843B84705AB187002040002120EAF
:10C3D000000E5A7098700598FFF7D4FB0204030210
:10C3E00004A9120E1B0E08704A708B70D2B2C1B233
:10C3F000DBB22000FFF71EFC0134CAE7F82D002055
:10C40000002E0020E60D0020F92D002010B5024975
:10C41000FFF7A8FF10BDC04621B4000010B50249C7
:10C42000FFF7A0FF10BDC04665B4000010B502497B
:10C43000FFF798FF10BDC046ADB4000010B502492B
:10C44000FFF790FF10BDC04601B5000010B50249CE
:10C45000FFF788FF10BDC04615B5000010B50249B2
:10C46000FFF780FF10BDC04639B5000010B5024986
:10C47000FFF778FF10BDC0465DB5000010B502495A
:10C48000FFF770FF10BDC04601B7000010B50249AC
:10C49000FFF768FF10BDC0463DB7000010B5024968
:10C4A000FFF760FF10BDC0468DB7000010B5024910
:10C4B000FFF758FF10BDC0469DB90000F0B507005A
:10C4C0008BB000780591FFF721FE07AB86B218808C
:10C4D000330A0293284B294A1B7915689B080133BC
:10C4E000ADB25D432D12EDB2C4B228004030C0B2EF
:10C4F000FEF776FF803843B228000393FEF770FF03
:10C50000803843B20493029AE3B29A4206D83F239A
:10C51000002093424041C0B20BB0F0BD184A797878
:10C52000125D114226D01749134A009550784A7877
:10C53000059E120202438878039900041043049A6E
:10C54000B04709AB187002040002120E000E5A70B8
:10C5500098700998FFF716FB0204030208A9120E4F
:10C560001B0E08704A708B70D2B2C1B2DBB22000D1
:10C57000FFF760FB0134C6E7F82D0020002E0020F5
:10C58000E60D0020F92D002010B50249FFF796FFB7
:10C5900010BDC046FDB5000010B50249FFF78EFF83
:10C5A00010BDC04639B6000010B50249FFF786FF3E
:10C5B00010BDC04675B60000F0B5070089B0007820
:10C5C0000291FFF7A3FD05AC354B20801B7985B2A6
:10C5D00001332D0A191CFF2B00D9FF21314889B2E4
:10C5E000F3F7AEFE247886B2E3B201939D4206D8FB
:10C5F0003F230020AB424041C0B209B0F0BD2A4BFE
:10C600007A781B5D1A4238D02848294B0278039368
:10C61000013A52B2130632D53300214A1179013161
:10C620000A1CFF2900D9FF22013292B253431B1288
:10C63000204A99B21A4B587853781B0203439078DA
:10C6400000041843029B984707AB187002040002CD
:10C65000120E000E5A7098700798FFF793FA0204B2
:10C66000030206A9120E1B0E08704A708B70D2B21C
:10C67000C1B2DBB22000FFF7DDFA0134B4E7039B5F
:10C6800001999B5C8B4209D113000C335B00C318EA
:10C6900059789B781B020B43B342BED3013AB9E7EA
:10C6A000F82D0020FFFF0000E60D0020042E0020E2
:10C6B000152E0020F92D002010B50249FFF77CFF50
:10C6C00010BDC046C5B70000F0B591B0089008781D
:10C6D0000B920991FFF71AFD83B21B0A0793474B90
:10C6E000C7B21B780DAA0A933B0010803033444A2E
:10C6F0005B009B18079A0593FBB29A4206D83F232A
:10C70000002093424041C0B211B0F0BD3D4B099AA8
:10C71000DB5D52781A422BD0002403223A490EA83E
:10C72000F6F7C8FC089B089A0493344BD31803937C
:10C73000039B0A9A013303936B461B7C9A421BD8D6
:10C74000324BDB7801335C430EAB24129C700E98A5
:10C75000FFF718FA020403020FA9120E1B0E08704D
:10C760004A708B70D2B2C1B2DBB23800FFF762FA06
:10C77000059B01370233BDE7059B1D78039B1B78A2
:10C78000ED1AABB20693059B06985E78039B404377
:10C790001B7AF61AB6B233007343C01880B2FEF7A4
:10C7A000E3FD1A4A030012790132111CFF2A00D955
:10C7B000FF210498114A0C304000121850789278EA
:10C7C0000131120289B202434A4369460EAD121288
:10C7D000AC7090B21824095F32B20B9C00900E9896
:10C7E000A04703041B0E6B70049B0402240E01334C
:10C7F000AC702870E4B204939AE7C046042E00207F
:10C80000060D0020E60D0020F92D0020F82D002057
:10C81000064B10B51C780100013C054A201C002C79
:10C8200000DA0020C0B2FFF74FFF10BD042E002039
:10C83000EFB7000010B501000020024AFFF744FFE7
:10C8400010BDC046EFB70000064B10B51C780100C4
:10C85000013C054A201C002C00DA0020C0B2FFF782
:10C8600033FF10BD042E002031B8000010B50100C8
:10C870000020024AFFF728FF10BDC04631B8000073
:10C88000064B10B51C780100013C054A201C002C09
:10C8900000DA0020C0B2FFF717FF10BD042E002001
:10C8A000A5B8000010B501000020024AFFF70CFFF8
:10C8B00010BDC046A5B80000064B10B51C7801009D
:10C8C000013C054A201C002C00DA0020C0B2FFF712
:10C8D000FBFE10BD042E002019B9000010B50100A8
:10C8E0000020024AFFF7F0FE10BDC04619B9000053
:10C8F000064B10B51C780100013C054A201C002C99
:10C9000000DA0020C0B2FFF7DFFE10BD042E0020C9
:10C910005FB9000010B501000020024AFFF7D4FE05
:10C9200010BDC0465FB90000F7B507000078FFF7FB
:10C93000EDFB6B46164A1880164B86B25978537831
:10C94000C4B290781B020B4300041843FFF71AF996
:10C9500001AD0304287000021B0E000E360A6B7036
:10C96000A870E3B29E4205D83F230020B342404165
:10C97000C0B2FEBD084B7A781B5D1A4205D020007C
:10C98000AB786A782978FFF755F90134E9E7C046B2
:10C99000F92D0020F82D0020E60D0020F0B589B01B
:10C9A00002900078FFF7B2FB04AA108005ACC2B277
:10C9B00083B2224D1B0A22492000039203220193D5
:10C9C000F6F778FB05986E78FFF7DCF806AF38705D
:10C9D000030400021B0E000EB8707B702B7907ADAC
:10C9E000F61826700598FFF7CDF801260304287085
:10C9F00000021B0E000E039C6B70A870019AE3B23C
:10CA00009A4206D83F23002093424041C0B209B069
:10CA1000F0BD0C4B029A1B5D52781A4207D033428C
:10CA200007D0AB786A7829782000FFF703F9013442
:10CA3000E4E7BB787A783978F6E7C046F82D00202D
:10CA4000F92D0020E60D0020F0B5050087B0007834
:10CA5000FFF75CFB04AE1D4F83B203AA10801B0AD4
:10CA600003221B49C4B230000193F6F723FB3B7944
:10CA700001339F08019AE3B29A4206D83F2300206F
:10CA800093424041C0B207B0F0BD124B6A781B5DC3
:10CA90001A4219D0104A6300D35C0C4A1B097B432D
:10CAA00052789B1833703068FFF76CF80204030269
:10CAB00005A9120E1B0E08704A708B70D2B2C1B25B
:10CAC000DBB22000FFF7B6F80134D3E7F82D0020E1
:10CAD000F92D0020E60D0020670D0020F0B50500BF
:10CAE00087B00078FFF712FB04AE1D4F83B203AA94
:10CAF00010801B0A03221B49C4B230000193F6F7D1
:10CB0000D9FA3B7901339F08019AE3B29A4206D8D9
:10CB10003F23002093424041C0B207B0F0BD124B0A
:10CB20006A781B5D1A4219D0104A6300D35C0C4A24
:10CB30007B4352785B119B1833703068FFF722F803
:10CB40000204030205A9120E1B0E08704A708B70B6
:10CB5000D2B2C1B2DBB22000FFF76CF80134D3E7E8
:10CB6000F82D0020F92D0020E60D0020660D002094
:10CB7000F0B5060087B000780F00FFF7C7FA02ABE8
:10CB80001880354B85B2041C0A211879F3F74EFB47
:10CB9000324B02301B68C0B29BB243431B12DBB264
:10CBA0002D0A0193E4B2E1B28D4206D83F23002062
:10CBB000AB424041C0B207B0F0BD294B72781B5D5B
:10CBC0001A4227D0274A6300D25C234B5878202A88
:10CBD00022D99A7812020243D87800041043019AAD
:10CBE000B84704AB187002040002120E000E5A700F
:10CBF00098700498FEF7C6FF0204010203AB120E00
:10CC0000090E5A7099701870D2B2C3B2C9B220001E
:10CC1000FFF710F80134C6E79A7812020243D87879
:10CC200000041043019AB84705AB187002040002D3
:10CC3000120E000E5A7098700598FEF7A3FF0204BA
:10CC4000030203A9120E1B0E4A708B700870DBB230
:10CC5000D2B2C1B2DBE7C046F82D0020002E002082
:10CC6000E60D0020670D002010B50249FFF780FF98
:10CC700010BDC046C9B60000F7B504780500002C09
:10CC800019D11F4B1A791032131CFF2A00D9FF2328
:10CC90001C4A013310689BB280B2584300120A212B
:10CCA00080B2F3F749FB89B2002904D14020FEF796
:10CCB0008FFB154B18802000FFF728FAAB7886B25F
:10CCC000C4B2360A002B12D10F4F3888844210D8D4
:10CCD000B0420ED26978C0B2FFF7A2F841233B8080
:10CCE00007E020006978FFF79BF80134E4B2B44212
:10CCF000F7D33F230020B3424041C0B2FEBDC0463F
:10CD0000F82D0020002E0020440E0020F7B50478F6
:10CD10000500002C18D11E4B1A791032131CFF2A63
:10CD200000D9FF2301339AB21A4B1B689BB25343BD
:10CD3000194A1B125343194A9BB2934204D840200C
:10CD4000FEF746FB164B18802000FFF7DFF9AB78A3
:10CD500086B2C4B2360A002B12D1114F38888442F1
:10CD600010D8B0420ED26978C0B2FFF737F841232D
:10CD70003B8007E020006978FFF730F80134E4B227
:10CD8000B442F7D33F230020B3424041C0B2FEBDBE
:10CD9000F82D0020002E0020CDCCFFFF3333000003
:10CDA000420E0020F7B504780500002C18D11E4B68
:10CDB0001A790532131CFF2A00D9FF2301339AB2D6
:10CDC0001A4B1B689BB25343194A1B125343194A0F
:10CDD0009BB2934204D84020FEF7FAFA164B188013
:10CDE0002000FFF793F9AB7886B2C4B2360A002B65
:10CDF00012D1114F3888844210D8B0420ED26978CF
:10CE0000C0B2FEF7B1FF41233B8007E02000697804
:10CE1000FEF7AAFF0134E4B2B442F7D33F23002067
:10CE2000B3424041C0B2FEBDF82D0020002E0020CC
:10CE3000CDCCFFFF33330000400E0020F7B504785F
:10CE40000500002C18D11E4B1A790532131CFF2A3D
:10CE500000D9FF2301339AB21A4B1B689BB253438C
:10CE6000194A1B125343194A9BB2934204D84020DB
:10CE7000FEF7AEFA164B18802000FFF747F9AB78A3
:10CE800086B2C4B2360A002B12D1114F38888442C0
:10CE900010D8B0420ED26978C0B2FEF721FF41230C
:10CEA0003B8007E020006978FEF71AFF0134E4B206
:10CEB000B442F7D33F230020B3424041C0B2FEBD8D
:10CEC000F82D0020002E0020CDCCFFFF33330000D2
:10CED0003E0E0020F7B504780500002C18D11E4B3B
:10CEE0001A790532131CFF2A00D9FF2301339AB2A5
:10CEF0001A4B1B689BB25343194A1B125343194ADE
:10CF00009BB2934204D84020FEF762FA164B188079
:10CF10002000FFF7FBF8AB7886B2C4B2360A002BCC
:10CF200012D1114F3888844210D8B0420ED269789D
:10CF3000C0B2FEF791FE41233B8007E020006978F4
:10CF4000FEF78AFE0134E4B2B442F7D33F23002057
:10CF5000B3424041C0B2FEBDF82D0020002E00209B
:10CF6000CDCCFFFF333300003C0E0020F0B5C54BA5
:10CF700087B01A78C44B019002930123824209D1F1
:10CF8000029BC24A1B7812789B079B0F9B1A5A1E62
:10CF90009341DBB2BE4CA370029B62785B799A42EC
:10CFA00005D00022110010006370FEF75FFF019BA7
:10CFB0002D2B31D8581E2C2848D8F3F72DF95000C6
:10CFC000540058005C006000640068006C00700051
:10CFD000740078007C008000840088008C00900041
:10CFE000940098009C00A000A400A800AC00B00031
:10CFF000B400B800BC00C00079017D018101850149
:10D0000089018D019101950199019D01A101A50160
:10D01000A901AD01B101B501019BFF2B00D187E151
:10D0200000209B4B1A7801321A70002800D084E14E
:10D030000221984A11709B78002B00D07DE1019B62
:10D04000002B00D079E10333137076E1A378002B35
:10D05000E6D0002211001000FEF708FFE0E72000F4
:10D06000FFF762FCDDE72000FFF798FCD9E720001E
:10D07000FFF7EAFCD5E72000FFF730FDD1E72000FD
:10D08000FFF7C4F9CDE72000FFF7C8F9C9E7200092
:10D09000FFF7CCF9C5E72000FFF744F9C1E720000E
:10D0A000FFF748F9BDE72000FFF7B4F8B9E7200023
:10D0B000FFF7B8F8B5E72000FFF7C0F9B1E72000A7
:10D0C000FFF7C4F9ADE72000FFF7C8F9A9E7200092
:10D0D000FFF7CCF9A5E72000FFF7ACF8A1E72000A7
:10D0E000FFF730F99DE72000FFF734F999E72000BA
:10D0F000FFF7A8F895E72000FFF746FA91E7200030
:10D10000FFF74AFA8DE72000FFF74EFA89E7200083
:10D11000FFF7AAFD85E72000FFF7AEFD81E72000BD
:10D12000FFF7F4FD7DE72000FFF7A8F979E720007D
:10D13000FFF7ACF975E72000FFF7B0F971E7564A41
:10D14000564B12681B6800209A4200D969E7A37801
:10D1500083423DD12078FEF7D9FF0327C5B26F4344
:10D1600004AB18804E4B86B2360AFF18EBB29E42D3
:10D1700061D83F2E26D903273A007243484D4949CA
:10D18000033A2800F5F766FEFEF710F9741E7C439B
:10D1900080075ED500232B552C196370A370029B6A
:10D1A0003D4C1A791032131CFF2A00D9FF2311219C
:10D1B0009BB259433C480912F3F7C2F8374B1B683E
:10D1C000C018206000203F23B3424041C0B228E78E
:10D1D0000022002711001000FEF748FE304DFEF738
:10D1E000E5F80223184208D000232B706B70AB7057
:10D1F00001370335402FF2D1ACE7FEF7D7F805AE83
:10D2000030708020FEF7E4F8029B7F307070DB788E
:10D21000B37003237B430598214E0393FEF7B2FCC2
:10D22000039B039A985503040002B6181B0E000EC8
:10D230007370B070DCE71D4B62785B5D1A4205D0FD
:10D240002800BB787A783978FEF7F4FC033701358B
:10D250008CE7FEF7ABF805AF38708020FEF7B8F822
:10D26000029B7F307870DB78BB700598FEF78AFCF4
:10D270002855030400022D191B0E000E6B70A870B8
:10D280008DE7C0464A0E0020F82D00204B0E0020EE
:10D29000470E0020460E00204C230020002E0020C8
:10D2A0008B2200208E220020B80B0000E60D00200B
:10D2B0002000FEF7E3FDB3E62000FFF7FDF9B0E63E
:10D2C0002000FFF7A5FAACE62000FFF7B3FAA8E6C6
:10D2D0002000FFF7B9FAA4E62000FFF7C7FAA0E69E
:10D2E0002000FFF7CDFA9CE62000FFF7DBFA98E676
:10D2F0002000FFF7E1FA94E62000FFF7EFFA90E64E
:10D300002000FFF7F5FA8CE62000FFF703FB88E624
:10D310002000FFF747FD84E62000FFF78FFD80E641
:10D320002000FFF7D7FD7CE62000FFF7BFF878E686
:10D33000FEF7C0FE0222024B1A7007B0F0BDC046D5
:10D34000460E00200120704737B500780138C0B282
:10D35000FEF7DCFE85B22D0AC4B229002000FFF7DB
:10D36000F1FF29002000FAF70BFC37BDF7B5424D5D
:10D37000286801F074FC040001F0F6FC2860002528
:10D380002F003E4B01001B789C4618003C4B1B1B9A
:10D390000193EBB29C450ED8002F01D0374B18708B
:10D3A000384C394F25783E78032D46D82800F2F7BF
:10D3B0001FFF1D3745512B00304A0C335B00D2183C
:10D3C000937856781B023343019E9E4204D2012774
:10D3D0000138C0B20135DCE71B199EB20096FF266A
:10D3E00033405370009B1E0A9670F3E70022274BD0
:10D3F00027481A70274B293219602049F5F75AFE41
:10D40000254B1B78002B07D1244B03221B781D00D2
:10D410001540134200D09D0801233D7023700CE09D
:10D420003000FFF7A3FD002E07D02378022B01D197
:10D43000FEF766FE1548FFF787FFF7BD184B194A40
:10D440001E70164B1B789B079B0F1370FEF7E8FBB3
:10D450000323E3E7144D2B78002B04D00F48FCF78F
:10D46000F2FC00232B700B4B186801F0F8FB0F281F
:10D47000E3D90023D2E7C0467C23002053230020B9
:10D48000FFFF0000460E002080230020470E0020F2
:10D49000042E0020002E002081230020F82D0020E3
:10D4A0004A0E00204B0E00205223002070B50025AC
:10D4B0000F4B1B6898470F4B1022FF210E481D7021
:10D4C000F5F746FD0D4B1022FF210D481D70F5F7B5
:10D4D0003FFD01230B4E0C4C30002370FCF7AFFCDA
:10D4E00033782570032B01D8FEF76CFB70BDC04666
:10D4F000CC220100042E00201D2E002053230020EA
:10D500006C230020F82D00205223002070B5041E4B
:10D510000B4D12D02E78002E0FD13000FFF726FDD4
:10D52000084B094A1E70094B1B789B079B0F137011
:10D53000FEF776FB0322064B1A702C7070BDC046B6
:10D54000812300204A0E00204B0E0020F82D0020E1
:10D55000460E0020012310B5044A11784B40137089
:10D560000022034B1A70FEF74DFA10BDF82D002073
:10D57000460E002010B50020FFF7ECFF10BD10B5DF
:10D580000120FFF7E7FF10BD074B032219780800C1
:10D590001040114201D1054A1070032219789143BD
:10D5A000023A0A431A707047F82D0020460E0020F8
:10D5B00010B5FFF7E9FF0120FEF724FA10BD0000C7
:10D5C000054B1A78920702D00021044A11700321FA
:10D5D0001A788A431A707047F82D0020460E0020F2
:10D5E00010B5FFF7EDFF0120FEF70CFA10BD0000AB
:10D5F000024B18788007800F7047C046F82D002036
:10D60000020008000C4910B50B789B0712D00123CB
:10D61000002A04D02C339A4201D812331340032439
:10D620000A789B002240134300220B70034B1A70B0
:10D63000FEF7E8F910BDC046F82D0020460E002088
:10D6400010B50021FFF7DCFF10BD0000014B18787A
:10D6500080087047F82D0020054B0100187810B5A0
:10D66000800801302D2800D90120FFF7C9FF10BD27
:10D67000F82D002010B50120FFF7EEFF10BD0000CF
:10D68000064B0100187810B580080138C0B2002898
:10D6900000D12D30FFF7B4FF10BDC046F82D00209B
:10D6A00010B50120FFF7ECFF10BD000070B5084C6D
:10D6B0000500180023789B0709D06570A170131C22
:10D6C000C82A01D9034B1B78E370FEF79BF970BDA4
:10D6D000F82D00203C27010010B50023FFF7E6FFDE
:10D6E00010BD0000014B58787047C046F82D00204F
:10D6F000014B98787047C046F82D0020014BD87830
:10D700007047C046F82D002010B503000348C278CA
:10D71000817840780830FFF7C9FF10BDF82D002050
:10D7200010B50120FFF7F0FF10BD000010B5030099
:10D730000448C27881784078083880B2FFF7B6FF95
:10D7400010BDC046F82D002010B50120FFF7EEFFF8
:10D7500010BD000010B5030006488478C27810346C
:10D76000211CFF2C00D9FF214078C9B2FFF79EFF92
:10D7700010BDC046F82D002010B50120FFF7EAFFCC
:10D7800010BD000010B5030006488478C278103C34
:10D79000211C002C00DA00214078C9B2FFF786FF77
:10D7A00010BDC046F82D002010B50120FFF7EAFF9C
:10D7B00010BD000010B503000648C17810310A1CE6
:10D7C000FF2900D9FF228178D2B24078FFF76EFF9F
:10D7D00010BDC046F82D002010B50120FFF7EAFF6C
:10D7E00010BD000010B503000648C17810390A1CAE
:10D7F000002900DA00228178D2B24078FFF756FF84
:10D8000010BDC046F82D002010B50120FFF7EAFF3B
:10D8100010BD000010B5034B18710020FEF7F2F8A0
:10D8200010BDC046F82D0020014B18797047C04646
:10D83000F82D002010B5054A13791033191CFF2B61
:10D8400000D9FF211171FEF7DDF810BDF82D002081
:10D8500010B50120FFF7EEFF10BD000010B5054A1E
:10D860001379103B191C002B00DA00211171FEF70F
:10D87000C9F810BDF82D002010B50120FFF7EEFF0C
:10D8800010BD000010B5054A05495379FF3B5C42C5
:10D890006341CB5C5371FEF7B5F810BDF82D002045
:10D8A0003D27010010B50120FFF7ECFF10BD00007F
:10D8B00010B5054A05495379FF3B5C426341CB5C97
:10D8C0005371FEF79FF810BDF82D00203D27010091
:10D8D00010B50120FFF7ECFF10BD10B501F012F8F4
:10D8E00010BD10B5FCF78BFA10BD10B50020FCF789
:10D8F000C7FE0123184010BD10B5FCF75DFF0A20DC
:10D9000003F033F8FCF758FFFFF7EFFF002803D0D0
:10D91000FFF7E7FFF8F78EFE10BD10B5FFF7ECFF3D
:10D9200010BD70477047030070B50020032B15D859
:10D93000052913D80F2A11D84C015200A418C0226F
:10D940005343E41820002E30FDF765FB050220004C
:10D950002F30FDF760FBADB2284380B270BD70B5CB
:10D960001D00032813D8052911D80F2A0FD8C0236A
:10D9700043434C015200A418E4182000290A2E3019
:10D98000FDF7A4FB2000E9B22F30FDF79FFB70BD2F
:10D99000F7B5C02705001600040043180193BF0027
:10D9A000019B9C4200D1F7BD0020BC4203D2200065
:10D9B0002E30FDF730FB731B18550134F0E7F7B537
:10D9C000C02705001600040043180193BF00019B07
:10D9D0009C4200D1F7BDBC4205D22000731B195DEB
:10D9E0002E30FDF773FB0134F1E7A92040007047AA
:10D9F000F7B5A92704001600050001917F002B1B35
:10DA0000019A9BB2934200D3F7BD1B190020BB4281
:10DA100003D2044BE818FDF7FEFA331B58550135C5
:10DA2000EDE7C0462E030000F7B5A9270400160055
:10DA3000050001917F002B1B019A9BB2934200D3FA
:10DA4000F7BD1B19BB4205D2331B595D024BE818C9
:10DA5000FDF73CFB0135EEE72E030000F0B585B085
:10DA6000102200216846A924F5F772FA1626094FFC
:10DA700064002500102C00D9102539002A006846C2
:10DA8000013EFDF706FB7F19641B002EF1D105B0A6
:10DA9000F0BDC0462E030000124A10B501230C0051
:10DAA000904215D1FCF742F8617903000E4A002933
:10DAB00010D0AA210B401900481E81412920117065
:10DAC000002B00D00C3000F0B5FFFCF713F9002359
:10DAD000180010BD13782920002B00D00C3000F066
:10DAE000C5FFF2E7167C0000E223002070B50500B8
:10DAF0004879002800D1CCE0674BEB18222B00D9E5
:10DB0000ABE0664C2000FCF792F9654BE818212841
:10DB100012D8F2F76DFB3FAD48191C4B1F4E57282A
:10DB2000A52B5A2E5D8731608F37676D22512554A2
:10DB30003B6A7A99A31543B50123227813434FE03A
:10DB40000823627813432CE002232278F6E70423AB
:10DB50002278F3E708232278F0E701236278F1E7DF
:10DB600002236278EEE710232278E7E72023227869
:10DB7000E4E740232278E1E7FBF70EFC80232278DC
:10DB80005B42DBE70C2322789A43D7E703236278D2
:10DB90009A43D7E701222378934321E00822637850
:10DBA0009343637053E002222378F5E7042223783D
:10DBB000F2E708222378EFE701226378F0E70222F8
:10DBC0006378EDE710222378E6E720222378E3E765
:10DBD00040222378E0E7FBF7DFFB7F222378134026
:10DBE000237034E00C222378D6E703226378D7E74A
:10DBF0000122042023785907C90F8A4391008343E7
:10DC00000B430821D2008B4398E701210800637879
:10DC1000DA07D20F904302228B4303434100934320
:10DC20000B43BEE7012223785906C90F8A439201AC
:10DC30004021E8E7FBF7B0FB01222378D9094A40ED
:10DC40007F21D2010B4079E70120FCF700F9200089
:10DC5000FCF7F1F8FBF7A0FB002070BD0020F4E713
:10DC600001222378D906C90F8A4312011021CAE77D
:10DC7000012108002378DA07D20F90430200C2E79F
:10DC8000012263781907C90F8A430821D2008B4308
:10DC900058E70120E1E7C0460090FFFFDE2D00209D
:10DCA000FF8FFFFFB523434398B2002B07DA803B79
:10DCB0001BB2D817C0B2C018001240B270478030F3
:10DCC00080B2F9E710B5164B1B78DA070AD5154B69
:10DCD0001B785B007F20834203D87E38002B00D066
:10DCE000D8B210BD9A0703D50E4B1B789B00F1E705
:10DCF0005B0703D50B4B1B78DB00EBE70A4B18786F
:10DD000000280BD0094B1978064B1B788842F3D2B8
:10DD10005843C000F2F714FB83B2DBE70823DFE7C8
:10DD2000EA230020530E0020E9230020520E002099
:10DD300010B5154B1A7801231A4207D0134B1B78E4
:10DD40009B080120002B0ED0D8B20CE0910703D520
:10DD50000E4B1B785B08F4E7520705D50B4B1B787D
:10DD60007F208342EDD910BD094A10780028EBD0FE
:10DD7000084B1978054B1B788842F1D25843F2F7CB
:10DD8000DFFA83B2ECE7C046EA2300204F0E002002
:10DD9000E82300204E0E00200300CD3810B51228D5
:10DDA00010D8F2F725FA0A10141A3232323232320F
:10DDB00032321E23282E3C424600FFF783FF1F4BC2
:10DDC0004042D87010BDFFF77DFF1C4BF9E7FFF70D
:10DDD00079FF1A4B40429870F4E7FFF773FF174B37
:10DDE000F9E7FFF7A5FF154B1871EBE7FFF7A0FF69
:10DDF000124B4042F8E7FFF79BFF104B404258712F
:10DE0000E0E7FFF795FF0D4BF9E70122D13B9A4080
:10DE10000A4913000A0049780B435370D2E70123E3
:10DE2000074A11780B431370CCE7054A0223117897
:10DE3000F8E7034A04231178F4E7C046EB230020F7
:10DE4000EA230020032200B5344B9A56CD2814D182
:10DE5000002A01DA0022DA70D9789A780A4351B29E
:10DE6000002A01D12E4A11701A795B7913435AB2F4
:10DE7000002B01D12B4B1A7000BDCE2802D1002AF5
:10DE8000E8DCE9E702229A56CF2804D1002AE3DA37
:10DE900000229A70E0E7D02802D1002AF8DCDBE704
:10DEA00004229A56D92804D1002AD5DD00221A71FD
:10DEB000D2E7DA2802D1002ACEDAF7E705229A560D
:10DEC000DB2804D1002AC7DA00225A71C4E7DC2813
:10DED00002D1002AF8DCBFE7D1380E28BCD8F2F70F
:10DEE0007DF90808080808080808BBBBBBBB0E146E
:10DEF0001800012181405A788A435A70ACE701200A
:10DF000009490A7882430A70A6E7074902200A787D
:10DF1000F8E7054904200A78F4E7C046EB2300201F
:10DF2000E9230020E8230020EA23002010B500F0B8
:10DF30003FFF030007488278C1780A4301D0064AB0
:10DF40001380027941790A4301D0044A138000F01A
:10DF500097FC10BDEB230020E6230020E4230020E3
:10DF6000062210B500210548F4F7F2FF0023044A09
:10DF70001370044A1370044A137010BDEB23002081
:10DF8000E9230020E8230020EA2300200222825611
:10DF900003000120002A0BD103229A56002A07D140
:10DFA00004229A56002A03D105201856431E984190
:10DFB0007047000073B5534C062221006846F5F700
:10DFC00079F800236D46A370E37023716371AB7819
:10DFD000EA7813430BD04C4B188800F039FE4B49BC
:10DFE0000B78002B26D04A4A127890422BDC2B79F2
:10DFF0006A7913430BD0474B188800F029FE464935
:10E000000B78002B49D0454A127890424EDC29000B
:10E01000200000F063FD002804D12000FFF7B6FFC8
:10E02000002801D0FFF782FF290006222000F5F723
:10E0300041F873BD3A4A16780A2272439042D6DDFF
:10E0400001330B7001E0FF2BFAD10226AE57002EF0
:10E0500007D0FFF737FEFF23002E00DDFE3B4343D2
:10E06000A3700326AE57002E07D0FFF72BFEFF2329
:10E07000002E00DDFE3B4343E370022020560028C3
:10E08000B5D00326A657002EB1D0FFF70BFEA07027
:10E090003000FFF707FEE070A9E7224A16780A224F
:10E0A00072439042B3DD01330B7001E0FF2BFAD1D4
:10E0B0000426AE57002E07D0FFF73AFEFF23002EAE
:10E0C00000DDFE3B434323710526AE57002E07D0EB
:10E0D000FFF72EFEFF23002E00DDFE3B434363715E
:10E0E00004202056002800D191E70526A657002ECF
:10E0F00000D18CE7FFF7D6FD20713000FFF7D2FD8D
:10E10000607184E7EB230020E6230020E923002050
:10E11000540E0020E4230020E8230020500E0020AD
:10E12000550E0020510E0020F7B5294BC2081B5C8C
:10E130000127009307231840264B0C009B5C0341EA
:10E1400019003940019124498D5C244905418E5CB8
:10E150003D4006413E403B4207D0E120FAF7ECFD4E
:10E16000201E00D1380002F000FC002D07D0E62070
:10E17000FAF7E2FD201E00D1012002F0F6FB009824
:10E180002100FAF7AAFE201E00D1012002F0EDFBCB
:10E19000002D07D0E620FAF745FE201E00D1012011
:10E1A00002F0E3FB019B002B07D0E120FAF73AFED7
:10E1B000201E00D1012002F0D8FB002E07D02C2019
:10E1C000FAF799FE201E00D1012002F0CEFBF7BD28
:10E1D00047280100E7280100D7280100C7280100CF
:10E1E000F7B504000E0001923000A047002817D0B8
:10E1F000012847D13000A04705000138032807D87F
:10E20000F1F7F6FF020F14193000A047FAF773FE7A
:10E21000019B181E00D1012002F0A7FB002DE3D1C5
:10E22000F7BD3000A047FAF787FDF1E73000A047BF
:10E23000FAF7F8FDECE73000A047002705000422BC
:10E24000124B5B5D134215D10120002F0FD0FA2233
:10E25000002392003800F917F2F7D6F900230C4A90
:10E2600080185941FA2200239200F2F7ADF902F02A
:10E270007CFBCDE70A2330005F43A047303DEF1918
:10E280000500DCE70199FFF74FFFADE71121010021
:10E29000E7030000F8B5140042791D0006AB1F78B3
:10E2A000274B002A11D01C7000F082FD254B1880EE
:10E2B00023002033DBB2072B06D80723012023409D
:10E2C0009840C0B2FAF71FFEF8BD1E78A6422DD1C5
:10E2D0001C4B188800F0BCFCC72827D82C00203421
:10E2E000AE4215D033002033DBB2072B06D807230C
:10E2F00001201E40B040C0B2FAF70DFEE3B2072B7A
:10E3000006D8072301202B409840C0B2FAF7FBFD46
:10E310003800E4B2FAF7EFFD072CD5D80723012027
:10E320001D40A840C0B2FAF7F6FDCDE72300203328
:10E33000DBB2072BC8D8072301201C40A040F1E71F
:10E34000F4230020F2230020204B13B5C0180C004A
:10E35000062833D8F1F74CFF141A040E20262C009F
:10E3600026230093BB331A0019492000FFF792FFC0
:10E37000002016BD27230093BE331A001549F4E789
:10E380002623E02200931449BB33EEE72723E4223F
:10E3900000931249BE33E8E72623E2220093104996
:10E3A000BB33E2E72723E62200930E49BE33DCE7C6
:10E3B0002823E52200930C49273BD6E74B79002B15
:10E3C00002D00022094B1A700120D2E7E883FFFF38
:10E3D0001A7C00001B7C0000187C0000197C0000E7
:10E3E0001C7C00001D7C00001E7C0000F42300202B
:10E3F000164B70B5984204D0154B98421CD00120A2
:10E4000070BD4B79002B12D000F024F8FBF766F8B2
:10E4100000F020F8040000F023F8050000F026F8D2
:10E42000290002002000FBF755F90020E8E700F082
:10E4300011F8FBF75FF8EBE74B79002B02D000F007
:10E440000FF8E3E700F00CF8F3E7C046777C000034
:10E45000787C0000014B18787047C046580E0020A9
:10E46000014B18787047C046570E0020014B1878B2
:10E470007047C046560E002073B56B46DC1D9D1DCF
:10E480005E1D30002200290000F087F9337800205B
:10E49000262B06D12B78092B03D12078193843423B
:10E4A000584176BD10B5002805D019220921262033
:10E4B00000F08AF910BDFF2211001000F8E7704744
:10E4C000704710B50400FFF7FBFF200000F091F942
:10E4D00010BD10B500F060F90020FFF7E3FF002049
:10E4E000FFF7EFFFF6F738FDF6F77AFD192209215D
:10E4F000262000F069F910BD10B5FFF7E0FF00F02D
:10E5000073F9FFF7DDFFFFF7B7FF002801D1FFF731
:10E51000E0FF10BD10B5FFF72DF810BD03004879DE
:10E5200010B5002808D0054A9A187F2A03D8D8B217
:10E53000F6F75CFD002010BD0120FCE70089FFFF1D
:10E540000020704710B504000078013803280BD86C
:10E55000F1F74EFE020B1215FFF7D0F8FF23C8218A
:10E560005843F1F7EDFE607010BDFFF741F8002849
:10E57000F9D0FFF76BF8F6E7FFF756F9F3E7FFF787
:10E58000B1F86070FFF7B4F8A070EDE770B5040063
:10E5900000780138032816D8F1F72AFE02101C2053
:10E5A000FFF7A0F80500FFF7A3F8C9220100637880
:10E5B0005A43120A2800FFF78FF804E06378002B13
:10E5C00002D1FEF7FDFF70BDFEF7DEFF6078FFF7BA
:10E5D00037F8F8E76078FFF71DF9F4E76578A47875
:10E5E000FFF78CF821000200E4E703001A7810B569
:10E5F0000230082A06D0092A07D0072A08D1FFF7D7
:10E60000C5FF10BDFFF79EFFFBE7FDF7CFFAF8E768
:10E61000FF221A70F5E7437810B5032B02D1FFF7FC
:10E62000E4FF10BDF9F74AFBFBE770B504000D00ED
:10E63000FFF786FF002817D120780138122840D82C
:10E64000F1F7D6FD0A133A545A666969693F3F6E7D
:10E650007278838E91949F00002363700C33A370B3
:10E6600029002000FFF739F970BD607801380328D0
:10E6700027D8F1F7BDFD020C0F1B00F075FB030E50
:10E68000A370030CE370030A23716071E8E700F0E4
:10E69000ABF8F4E700231900A678E21CF01805286F
:10E6A000DED81170517001330232F7E70023A370F6
:10E6B000E37023716371D3E76378022B04D0052BD9
:10E6C00010D0FF232370CBE7E278A37812021A431D
:10E6D000237960791B0413430006184300BAFFF73F
:10E6E000F0FEBDE7A078FFF715FFB9E7E278A17863
:10E6F0006078F6F729FCC6E7637922791B02134399
:10E700005BBAE278A17860789BB2F6F721FCA7E7C4
:10E71000F6F722FCA4E729002000FFF77CFF9FE723
:10E72000F6F74FFC60709BE7F6F74DFC030A637049
:10E73000A07095E7A07863780002184340BAE178AA
:10E74000221D80B2F6F744FC8AE7A07863780002C5
:10E75000184340BAE178221D80B2F6F73DFC7FE70E
:10E76000F6F73EFC7CE7F6F7EDFBDBE7A078637895
:10E770000002184340BAE178221D80B2F6F70CFC83
:10E780006EE7A07863780002184340BAE178221D52
:10E7900080B2F6F705FC63E7704770B506000D0020
:10E7A0001400002803D02A20FCF735FC3070002D1F
:10E7B00003D02B20FCF72FFC2870002C03D02C203A
:10E7C000FCF729FC207070BD70B50D00140001002D
:10E7D0002A20FCF77BFC29002B20FCF777FC21008A
:10E7E0002C20FCF773FC70BD10B52D20FCF713FC3A
:10E7F00010BD10B5C1B22D20FCF768FC10BD0000A3
:10E80000014B18607047C046FC230020014B18687C
:10E810007047C046FC2300207047704710B500F0D9
:10E82000CFF9013843425841C0B210BD044B10B576
:10E830001B68181E03D01B68181E00D0984710BD17
:10E84000FC23002010B5FFF7F1FF10BD044B10B5FD
:10E850001B68002B03D05B68002B00D0984710BDCD
:10E86000FC230020054B10B51B68002B05D09B68CE
:10E87000002B02D006220270984710BDFC23002016
:10E88000054B10B51B68002B05D0DB68002B02D0B0
:10E8900002220270984710BDFC2300200A4B07B5E6
:10E8A0001A8882420FD01880084B1B68002B0AD0B0
:10E8B0001B69002B07D0694603224871000A887142
:10E8C0000A7101A8984707BDF8230020FC23002007
:10E8D0000A4B07B51A8882420FD01880084B1B6874
:10E8E000002B0AD01B69002B07D06946042248710F
:10E8F000000A88710A7101A8984707BDF623002015
:10E90000FC230020044B10B51B68002B03D05B696F
:10E91000002B00D0984710BDFC2300200D4B10B5F4
:10E920001C68FFF77BFF02340622002807D00A4B41
:10E930001B787F2B03D9094B18321C680234002046
:10E94000A2182178002901D00130C0B201349442CC
:10E95000F7D110BD340E0020DE2D0020300E002037
:10E9600010B5041E01D1002010BDFFF757FF00288D
:10E970000AD1104B1B689A1C08331178A14217D09A
:10E9800001329A42F9D1EEE70B4B1B787F2BF0D97D
:10E99000E208EF2CE7D8094B01201B689B189A78F6
:10E9A0000723234098401040431E9841C0B2DBE744
:10E9B0000120D9E7340E0020DE2D0020300E00208B
:10E9C0000123002270B55B42851CAC5C8C420BD0ED
:10E9D0005E1C02D1002C00D153B20132062AF4D1C0
:10E9E0005A1C01D0C318997070BD002210B5831C49
:10E9F00008301C788C4200D11A7001338342F8D160
:10EA000010BDCB08EF2907D8C01807231940063BD3
:10EA10008B408278134383707047CB08EF2907D867
:10EA2000C0180723012219408A40837893438370DA
:10EA30007047000010B50400FFF7F0FE002809D071
:10EA4000074B1B787F2B05D9064B21001868FFF771
:10EA5000D8FF10BD044B21001868FFF7B1FFF8E79D
:10EA6000DE2D0020300E0020340E002010B50400F2
:10EA7000FFF7D4FE002809D0074B1B787F2B05D960
:10EA8000064B21001868FFF7C8FF10BD044B21009A
:10EA90001868FFF7AAFFF8E7DE2D0020300E0020EF
:10EAA000340E002010B5FFF7B9FE00280BD0084B3C
:10EAB0001B787F2B07D91E22064B186802300021D5
:10EAC000F4F746FA10BD044B062218680230F6E748
:10EAD000DE2D0020300E0020340E002010B54A78C4
:10EAE000447803000120944223D102229A56002A3E
:10EAF00003D002240C5794421BD103229A56002AB9
:10EB000004D003240C570120944212D105229A56B6
:10EB1000002A04D005240C570120944209D100207A
:10EB20001B795BB2834204D004200856C01A431EEE
:10EB3000984110BD07B5F8F791FD07BD07B5054928
:10EB40000130C870042201A8F4F7B4FA0198FFF765
:10EB5000F1FF07BD590E0020032307B50449042225
:10EB600001A8CB70F4F7A6FA0198FFF7E3FF07BD01
:10EB7000590E002010B5FFF7E1FF10BD012307B5C6
:10EB80000449042201A8CB70F4F794FA0198FFF726
:10EB9000D1FF07BD590E002010B5FFF7EFFF10BDE4
:10EBA00007B5431E984105490422887001A8F4F76F
:10EBB00081FA0198FFF7BEFF07BDC046590E00203D
:10EBC000014B98787047C046590E002007B505499B
:10EBD0000422487001A8F4F76DFA0198FFF7AAFF24
:10EBE00007BDC046590E0020014B58787047C046FB
:10EBF000590E002007B505490422087001A8F4F752
:10EC000059FA0198FFF796FF07BDC046590E00203C
:10EC1000704710B5FFF7FCFF10BD0000044B40002B
:10EC2000C25A012088401040431E9841C0B270472C
:10EC30000024002010B50C00002A06D10121A140BB
:10EC4000024B4000C25A8A43C25210BD0024002029
:10EC500010B5040000F0ACF8001B80B210BD10B578
:10EC6000040000F081F8001B10BD10B50400102254
:10EC70000021F4F76DF9200010BD10B501F008FF78
:10EC800001F0C4FC10BD10B5FAF76CFFFAF780FF75
:10EC9000FFF708FFFFF764F90020FFF7FFFD0020F2
:10ECA000FFF716FEF9F7CAFF10BD000010B5084BBC
:10ECB00008499A8B0C68084B90B2944204D980247E
:10ECC0001A68640212191A601B680860C01810BD27
:10ECD000482E0020282400202424002010B572B6DD
:10ECE000FFF7E4FF074C2368002B02D0200001F05F
:10ECF000E7FC802100232000034A090201F0D8FC30
:10ED000062B610BD0C240020DDEC000010B572B618
:10ED1000FFF7CCFF0022044B1860044B1A60044B31
:10ED20001A6062B610BDC046342400203024002092
:10ED30002C24002010B5FFF7E9FF0023084C2360C6
:10ED400072B62368002B02D0200001F0B9FC8021AC
:10ED500000232000034A090201F0AAFC62B610BD9C
:10ED60000C240020DDEC000070B501F075FC0500FE
:10ED7000FFF79CFF0B4E0C4A3368C41A0B4801681E
:10ED8000A14208D91168293B29392934FF3BFF39B1
:10ED9000FF343360116016680460280001F064FCE1
:10EDA000A01970BD342400202C2400203024002021
:10EDB00010B5FFF7D9FF80B210BD704701007F2367
:10EDC000743170B5050008780340212B45D143B25A
:10EDD000002B1DDA4B78022B16D0032B05D0012B0C
:10EDE00016D1280000F0AEFC70BD4C790B792402DE
:10EDF0001C430DD1FFF7E4FE2C4B1870AB660123CA
:10EE0000EB662C670120EFE7280000F0A1FDEBE79F
:10EE10004B780A2B1AD00B2B0CD0092B1DD14A7919
:10EE20000B7912021A4302239A4316D1204A214C2D
:10EE3000AA66E5E74B790A791B02134302D1887869
:10EE4000FFF7AEFE00231C00AB66D9E7C878FFF7DA
:10EE5000D1FE280000F0A2FDC6E7602300249843FD
:10EE6000812814D14B78062B11D14B790A79686827
:10EE70001B02466813432800CA788978B047A0422D
:10EE800001D10020B0E74368AB660368B8E7D82635
:10EE90007600094B1B59002B03D19034B442F8D1B2
:10EEA000EFE7280098470028F7D0ABE74024002080
:10EEB00044240020F9EE0000880F0020002370B5E4
:10EEC0000B4C74306360C279817912020A43417934
:10EED0000579090229438578C078064B000228434A
:10EEE00000F0D4F920606068002800D0200070BDD8
:10EEF000382400203C240020030010B57433997995
:10EF0000DB79074A1B0210780B43022B04D101283E
:10EF100001D0062802D15078FFF758FE10BDC04638
:10EF20004424002010B50F24054A11784B1C2340BF
:10EF3000044C24789C4202D0034C1370605410BDE2
:10EF40003D2E00203E2E00202D2E0020080010B562
:10EF500005292DD8F1F74CF91C2C031C1C2D72B679
:10EF60001C4800F085FA1C4800F082FA1B4800F0AB
:10EF70007FFA1B4800F08CFA62B61A4B1B78002B04
:10EF800002D00520FFF7CEFF0220FFF7CBFF0FE0F6
:10EF9000FFF7C8FF72B60F4800F045FA0E4800F0C0
:10EFA00042FA0E4800F03FFA0D4800F04FFA62B600
:10EFB00010BD72B6074800F055FA074800F052FA43
:10EFC000064800F04FFA064800F04FFA62B60520F6
:10EFD000DBE7C046040F0020940F0020241000201F
:10EFE000780E002046240020102210B5002104488D
:10EFF000F3F7AEFF0022034B1A70034B1A7010BDDB
:10F000002D2E00203D2E00203E2E0020F8B50F258D
:10F0100001240021234B244A1E781378B34233D1B4
:10F02000002900D01370F8BD1370204B1C70204BCA
:10F0300019780800431E9841C0B2FFF78DFDE8E73C
:10F0400013700022194B1A70FFF71DFE184B197828
:10F050000800431E9841C0B2FFF78CFDD9E713703A
:10F06000134B19780800431E9841C0B2FFF766FDA4
:10F07000CFE7002113700800F8E71370FFF77EFD5B
:10F080002000FFF78DFDC4E718000A4F0133385CFC
:10F0900021002B400528C1D8F1F7A0F8EFC0E1EB23
:10F0A000C6D2C0463D2E00203E2E00204624002021
:10F0B0005F2F00202D2E002070B50400154D280074
:10F0C00000F06EF9280000F093F9134D280000F0CD
:10F0D00067F9280000F08CF9104D280000F060F965
:10F0E000280000F085F90E4D280000F06DF9280089
:10F0F00000F08CF901F088F9200001F073FE322055
:10F1000001F033FC0749200001F05BFE01F074F9C7
:10F1100070BDC046040F0020940F00202410002072
:10F12000780E0020F82801009023434307B50448D7
:10F13000181800230093643300F02FFA0EBDC04668
:10F14000040F002010B50400FFF73AFD082221004B
:10F15000002803D10130FFF7E7FF10BD0120FAE7D7
:10F1600010B5010020220020FFF7DEFF10BD10B512
:10F17000010006220020FFF7D7FF10BD10B50100E7
:10F1800003220020FFF7D0FF10BD0A0010B5202990
:10F1900003D101000220FFF7C7FF10BD00B589B001
:10F1A000002320226946064800F04CFA002801D1CD
:10F1B00009B000BD20216846FFF737FAF0E7C046E6
:10F1C000780E002010B5FFF7F8FD10BD704710B5A0
:10F1D000FFF7F8FF02F0FEFEFFF7F8FF10BD10B5D5
:10F1E00002F0F9FEF8F776FA10BD10B5FFF7D4FC7F
:10F1F00010BD000010B5FFF7F7FE0348FFF75CFFF6
:10F20000322001F0B2FB10BDE02E002010B5024804
:10F21000FFF7F6FA10BDC046600E002010B5FFF7EC
:10F22000F5FE10BD10B500F01FFB10BDF0B5144B7E
:10F2300085B01D78002D20D101226C460F2668462E
:10F240001A70FFF712FD2B000E490F4D5A10A05CEB
:10F250005A000709EF5D8A18977000273040D77071
:10F260005A1C285C52008A1802339070D770202BE9
:10F27000ECD122330B703F3B4B7005B0F0BDC04664
:10F2800047240020482400202429010070B51D00D7
:10F29000030A032B19D00AD8012B31D00022140005
:10F2A000022B01D1194C5B3210002C6070BD002282
:10F2B0001400212B1DD0222BF6D10229F4D8144B97
:10F2C0008A00D458134B5A5CEEE70022C0B21400F7
:10F2D0000328E9D8F0F78CFF1702050812220E4C1C
:10F2E000E2E716220D4CDFE7FFF7A0FF0C4C227877
:10F2F000DAE70229D8D80B4B8900CC580932D3E77A
:10F300001222094CD0E70422084CCDE76529010000
:10F310000C290100082901004D29010035290100AF
:10F320004824002018290100C0290100612901009A
:10F3300037B5446B226F1378042B12D12500743536
:10F340002978033B8B4012891A420AD1200001A977
:10F3500001F081FC021E04D02978019B206F01F08E
:10F36000C0FD37BD026F70B513780400042B11D1B6
:10F37000050074352978033B8B4052891A4209D124
:10F3800001F0BDFB021E05D0E3692978206F043B24
:10F3900001F094FD70BD10B5406BFFF7E3FF10BDA9
:10F3A0001FB503005C33C364064B021D0193836FDA
:10F3B000029000930121C36FD26F01F026FC05B0CB
:10F3C00000BDC04631F300001FB503005C33036588
:10F3D000064B021D0193836F029000930121C36FBE
:10F3E000D26F01F067FB05B000BDC04697F3000087
:10F3F00072B6030074331B78026F09339B00D31875
:10F40000586000238830037062B6704772B60300FC
:10F4100074331B78026F11339B00985000238430A3
:10F42000037062B670470123022110B50400037215
:10F43000494201F0CDFA20008C3401F0FEFB236834
:10F44000002B02D0DA681868904710BD0123022112
:10F4500010B504000372494201F0BAFA200001F02D
:10F4600041FB10BD002303727047002303727047F5
:10F470000300020010B50400743319783832006FAD
:10F4800001F0D8FC200001F0D8FB0023237210BD4E
:10F490000300020010B50400743319783832006F8D
:10F4A00001F0C8FC200001F01DFB002320002372A6
:10F4B000FFF758FF10BD0B0009339B00C318F7B5C9
:10F4C0005C6805000E00002C44D072B623000022B8
:10F4D00088331A70226963699A4202D1E368002B6B
:10F4E00019D1B31C9B00EB185B685B691B68002B90
:10F4F00011D027008C373B68002B09D001A92000D0
:10F5000001F0A9FB01003868019A836800689847F8
:10F51000200001F0AEFB200001A901F09CFB019B43
:10F52000021E12D1B31C9B00EB185B681A68022AFA
:10F530000FD15A69116800290BD01A8A0B00013AC1
:10F540001340114205D12A0074323100280001F025
:10F55000C8FC62B6F7BD0B0011339B0010B51C58F8
:10F56000002C19D072B602318900401843689B699B
:10F570005B68002B0CD0230074331B78226F02339E
:10F580009B00D3185B6820009B69596801F0C1FAA1
:10F590002000FFF7E7FE62B610BDF7B51D0008AB0F
:10F5A0001B78040016000091019372B6036F1B785C
:10F5B000042B02D062B60020FEBD070088373B78DE
:10F5C000002B03D001356B425D416D4262B62B00CA
:10F5D00032002000009901F08DFB864214D972B6EA
:10F5E000434258413B780221184301233870494275
:10F5F0002372200001F0ECF9200001F01EFB002333
:10F60000237201F025F9E1E7019B002B01D00120D5
:10F61000D2E7200001F0ABFBF9E7030072B6016905
:10F620004269002091420BD1DA68824208D01A6FF9
:10F6300074331B7801309840138918404342584175
:10F6400062B6704737B5140072B6026F1278042A9A
:10F6500002D062B600203EBD050084352A78002A1B
:10F6600003D001335A4253415B4262B6220001F09B
:10F6700091FA43424341201A2B7043425841C0B291
:10F68000E9E70000006810B5002806D0034B9B8B0B
:10F69000826483800630F3F70DFD10BD482E0020F4
:10F6A0000168130010B5002905D08A6C981D9A6472
:10F6B0000631F3F7FFFC10BD036810B50400002B02
:10F6C00008D09A6C981D0021F3F742FC00222368B1
:10F6D0001A609A8010BD00000B7810B5082B0AD86C
:10F6E0009B001858002806D0034B9B8B82648380B4
:10F6F0000630F3F7DFFC10BD482E0020030010B5E4
:10F700001000082909D88900C958002905D08A6C39
:10F71000063182640630F3F7CDFC10BD70B50500EC
:10F72000040024352368002B08D09A6C981D002112
:10F73000F3F70EFC002223681A609A800434AC426E
:10F74000F0D170BD020070B574321379040000204E
:10F75000022B18D89178082915D80B4AD25C022AB6
:10F7600011D890235343094A9B58181E0BD0084DBB
:10F7700018685E682A00B047064B0120A366AB6C90
:10F78000E3660023236770BD000F0020900F002068
:10F79000BC260020C22600200368002B07D0910061
:10F7A0001960511E8A41024B19780A431A7070473A
:10F7B000082700200368181E02D018688008C0B20D
:10F7C000704700000368002B01D10020704772B61B
:10F7D00003681A68998862B6002AF6D00020044BA4
:10F7E0009B8B5B1A9BB293424041C0B2EEE7C0468E
:10F7F000482E00204B1E072B0BD889000B58002BDE
:10F8000007D091001960511E8A41024B19780A43B2
:10F810001A7070470827002003000020082906D826
:10F820008900CB58181E02D018688008C0B27047F3
:10F83000082901D900207047890040180368002B6F
:10F84000F8D072B603681A68998862B6002AF1D0B7
:10F850000020044B9B8B5B1A9BB293424041C0B289
:10F86000E9E7C046482E0020F0B5344B85B01B7840
:10F87000002B3BD00025324E01953468002C2ED051
:10F88000002D35D10123029372B66B461B7A206896
:10F890000393039963699847431E9841019B03436F
:10F8A000019362B62748FFF7B8FE002812D0A3697B
:10F8B00003992068984700280CD072B6224F6368DD
:10F8C0003A0003992068984762B600201F49BA6C35
:10F8D000FFF72AFC029B01330293092BD4D1013597
:10F8E0009036032DC9D1154B019A1A7005B0F0BDA1
:10F8F00072B60021636920689847431E9841019BB6
:10F900000343019362B630008C38FFF786FE00286F
:10F91000E5D00021A369206898470028DFD072B69F
:10F92000094F00213A0063682068984762B607498A
:10F93000BA6CE8B2FFF7F8FBD1E7C0460827002011
:10F94000900F0020040F0020702600207626002053
:10F95000020010B57432137904000020022B16D86F
:10F960009178082913D80A4AD25C022A0FD890232A
:10F970005343084A9B58181E09D05A691868904783
:10F98000054B1870A36601200023E066236710BDB5
:10F99000000F0020900F00206C260020020070B5A0
:10F9A0007432137904000020022B16D891780829AC
:10F9B00013D80A48C55C0020022D0ED890236B4353
:10F9C00007481B58181E08D018681D69D278A84728
:10F9D00000230120A366E366236770BD000F0020AB
:10F9E000900F002070477047FEE70000F0B5082038
:10F9F00000240E494A680E6815008B68AB4210D887
:10FA0000D51E0026AB4203D303339B1A9B089E00EE
:10FA1000CB689219934207D8013810310028E9D1F8
:10FA2000F0BD80CE80C5E9E710C2F3E7F02A0100FF
:10FA3000164B70B5041E1D6800D1ED08FA21280090
:10FA40008900F0F7F3FB124E124930602800F0F7FE
:10FA5000EDFB114E114930602800F0F7E7FB104E26
:10FA6000104B30605968104AA4000A4304215A60C0
:10FA70009A68120E12069A601A688A431443012289
:10FA80001C6019680A431A6070BDC046B82E002079
:10FA9000142700201027000010270020A086010056
:10FAA0000C27002010E000E0FFFFFF000B4B30B5FB
:10FAB0001B680B4C434380200A4A40040A4DC01A7D
:10FAC000013989B2A14200D130BD93682B439360C4
:10FAD00093681B021B0A9842FAD3F1E70C27002017
:10FAE000FFFF000010E000E0FFFFFF00074B0120D8
:10FAF0005A69920608D49A6A054A9A629A6A054A2D
:10FB00009A6258698006C00F7047C04600200240C4
:10FB10003322110088776655064B01205A699206F8
:10FB200006D59A6A00229A625B699B06DB0F5840F1
:10FB30007047C046002002400E4B10B55C690200C1
:10FB40002021200008400C4213D006CA00200A429F
:10FB50000FD15A68084802405A605A680120120EB4
:10FB600012060A435A60FF22196891430E3A0A436B
:10FB70001A6010BD00200240FFFFFFFE164AF0B5DC
:10FB800053699B0601D40020F0BDFF25F0260389B0
:10FB90005468033399080139E401E4094906214313
:10FBA000516051680468090E0906214351609B08A1
:10FBB000002B01D10120E7E74168013B9BB22142C4
:10FBC000E1D1C1680F1D0968C7609768916011682D
:10FBD000A94331431160EBE7002002400B4A0C4B74
:10FBE0008018802230B51C69520014420AD01C696A
:10FBF000084D2C401C610068086019690A431A61AD
:10FC0000012030BD03680B60FAE7C04600E0FF1F2B
:10FC100000200240FFFEFFFFFA220E4B12011A6085
:10FC2000C8220D4B52001A600C4B693AFF3A1A6019
:10FC30000B4B0C4A59680A435A609A68120E120616
:10FC40009A60042219680A431A60012219680A435B
:10FC50001A607047202700201C270020182700204A
:10FC600010E000E0FFFFFF000B4B30B51B680B4CB2
:10FC7000434380200A4A40040A4DC01A013989B220
:10FC8000A14200D130BD93682B43936093681B025F
:10FC90001B0A9842FAD3F1E720270020FFFF00005B
:10FCA00010E000E0FFFFFF0070B5FFF7B5FF012196
:10FCB0000800FFF7D9FF202610250A4C236833429D
:10FCC00000D070BD012123680800AB432360FFF71B
:10FCD000CBFF0121236808002B432360FFF7C4FFFB
:10FCE000EBE7C046001002400323F0B5CC4E89B0CC
:10FCF00032690400134380223361CB6952030F0041
:10FD0000134202D001680A43026080225202134269
:10FD100002D021680A4322601022190011401342C8
:10FD200002D02068024322600122134202D02368DD
:10FD30001A43226080233A6A5B001A4202D0206E86
:10FD40000343236601231A4202D0226E1343236623
:10FD5000002901D0FFF7A8FF1023802180209C46B6
:10FD6000890340028022AF4D52032B68134202D018
:10FD700023680B42F6D02B68034202D023689B0312
:10FD8000F0D562462B68134202D023689B06E9D562
:10FD90002B68DB0702D523689B07E3D52B6EDB07B7
:10FDA00002D5236E9B07DDD52B6EDB0502D5236EB6
:10FDB0009B05D7D562683B689B491B070A401343E4
:10FDC000636062687B6899491B060A40134363605D
:10FDD000BB68012B00D10AE1023B5A425341944ACD
:10FDE0005B421340934A94466344009363680593CF
:10FDF000A368A06802934000A368400B0493F2F745
:10FE0000DBFDFB2300229B05F1F76CFE029B0690B5
:10FE100007911809FF231840F2F7CEFD02000B00EE
:10FE200006980799F0F726FF059B029003911903A6
:10FE3000090F00980131F0F7F9F9F2F7BDFD020062
:10FE40000B0002980399F1F74DFE032300900191F6
:10FE50000120049A134003339840F2F77FFD02001B
:10FE60000B0000980199F1F71FFBF0F7FBFB724ABA
:10FE7000BB69724900900292022B00D0B9E088421F
:10FE80001FD9F0236A681B011A4202D07B69002B3C
:10FE900017D1009B029A5B0801201360FFF7C8FD91
:10FEA0006268674B1A4080231B011343072263607B
:10FEB00063689343BA690121134308006360FFF745
:10FEC000F5FD07226368B96993430B43636061687A
:10FED0007B695B481B0201400B43636061683B69BF
:10FEE00058481B0301400B4363606368DB08134001
:10FEF000022B0BD0032B00D190E0013B5A4253411F
:10FF00004C4A5B4294461340634400934E4B009A24
:10FF10001A604E4B1A6063681B051B0F0B2B00D831
:10FF2000A8E063685B055B0F0233DA400492029B32
:10FF3000049A61681A60E022D201049B114206D043
:10FF40006368049A9B049B0F0133DA401300404A14
:10FF50001360FB6902938023029A5B041A4200D16A
:10FF600093E0226813432360EB68009839490593B6
:10FF7000F0F75CF9059A384B000213400343EB603D
:10FF8000049A364B9A4200D883E003233269134324
:10FF90003361029BDB0203D42368314A13402360A0
:10FFA000029BDB0303D423682E4A134023601022F4
:10FFB000029B134202D12368934323600122029BD8
:10FFC000134202D1236893432360396ACB0503D4DB
:10FFD000236E254A134023660122114202D1236E6B
:10FFE000934323660120FFF723FD09B0F0BD1F4BAB
:10FFF000FBE6FF23EA68120A1A40164B53438B4272
:020000021000EC
:1000000000D85EE7029A5B0801201360FFF710FD3D
:100010000B4B62681A4080231B014CE7144B74E7BA
:100020000020024000100240FFFFFF8FFFFFFFF0A3
:1000300000639F0200093D00B82E0020FF6BDC0228
:10004000FFF0FFFFFF8FFFFFB02E0020BC2E00202F
:10005000C42E002040420F00FF00FFFF3FE4590480
:10006000FFFFEFFFFFFFFEFFFFFEFFFF00127A0022
:10007000006CDC026368009A04921B0500D456E70A
:1000800063685B055B0F01334FE723680B4A13403E
:1000900069E70B4B049A9A4204D9032332699A43C5
:1000A000013B74E7074B049A03219A4203D9326952
:1000B00001238A436BE733698B4369E7FFFFFFFE48
:1000C0003FAEEB023F787D01F0B587B00B6803913E
:1000D0001F220121019304005B0801980293002B69
:1000E00000D0A1E09040F0F751FA039B5B690493C4
:1000F000072800DDADE01F220121A56A0198029BBF
:10010000002B00D097E09040F0F740FA0F238000DA
:1001100083401F2201219D430198029B002B00D0A8
:1001200090E09040F0F732FA049B800083402B432C
:10013000A3621F220121039BA5699E680198029B6F
:10014000002B00D0B5E09040F0F720FA01210B0021
:1001500083401F229D430198029B002B00D0AFE0FB
:100160009040F0F713FA86401F2201212E43039B93
:10017000A6616569DE680198029B002B00D0A6E0AD
:100180009040F0F703FA0323400083401F2201212F
:100190009D430198029B002B00D09FE09040F0F718
:1001A000F5F9400086401F2201212E43039B666122
:1001B000E5691E690198029B002B00D095E09040F4
:1001C000F0F7E4F901210B0083401F229D430198C1
:1001D000029B002B00D08FE09040F0F7D7F98640CB
:1001E0001F2201212E43039BE6615D682669019869
:1001F000029B002B00D086E09040F0F7C7F9032364
:100200004000834001229E431F230299002900D011
:1002100080E001989840F0F7B9F94000854001204E
:100220003543256107B0F0BD1D0040000D40284357
:10023000013A5B0853E71E0040000E403043013A8C
:100240005B085DE71E0040000E403043013A5B084A
:1002500064E7019B1F221D0A5E0A28003300E76A3B
:10026000002B14D19040F0F791F90F2380008340C8
:1002700001229F431F23002E14D128009840F0F73D
:1002800085F9049B800083403B43E36251E74100D2
:1002900005911800012108400599013A0143080021
:1002A0005B08DDE731006D0011400D43013B76082E
:1002B000E1E71F0040000F403843013A5B083FE789
:1002C0001F0040000F403843013A5B0845E71F001C
:1002D00040000F403843013A5B084EE71F004000E2
:1002E0000F403843013A5B0855E71F0040000F40BC
:1002F0003843013A5B085FE71F0040000F40384376
:10030000013A5B0865E71F0040000F403843013A9F
:100310005B086EE701990298490010400843029972
:1003200001904908013B02916FE7000030B58369F5
:10033000002BFCDB0725164C4B7B226AAA43134398
:1003400001222362836913438361C3681342FCD093
:100350008369042382691A42FCD12024C2690B7884
:10036000A2435B011343C361C2694B68083CA243CB
:10037000DB001343C361C2694B8906495B030A4032
:100380001343C3610123C2691343C36130BDC04637
:1003900000240140FFDFFFFF002313B5040001A983
:1003A0000C480193FFF71AFC0120A269019B02434C
:1003B000A261A16F1A05090B0903120D0A43A26776
:1003C000A26F05491B0C5BB20A401B041343A367D1
:1003D00016BDC04674080000FFFF00FF1821054A43
:1003E000C00093788B43937093780343DBB2937090
:1003F0007047C046003802400123024A91780B43FF
:1004000093707047003802400121024A93788B4371
:1004100093707047003802400123024A51780B4321
:100420005370704700380240144BC0B210B5987337
:10043000C0208000C9B2104094040FD51974FF2168
:10044000D2010A40002801D1BF390A43997C0A43EE
:100450009A744022597C0A435A7410BD5207D20F35
:10046000D974D201002801D140210A43597D0A43A1
:1004700080215A751A7D0A431A75EEE7003802404A
:100480000A4BC2B29A73002804D16022597C0A43F5
:100490005A74704780229201914202D11022597CF5
:1004A000F5E72022197D0A431A75F2E70038024069
:1004B0000F4BC2B29A73002804D104215A7C8A439C
:1004C0005A74704780229201914207D130215A7CA0
:1004D0008A435A744022597C0A43F1E760211A7D0D
:1004E0008A431A751A7D20310A431A75E9E7C04616
:1004F000003802400A4BC2B29A730122002805D18B
:10050000597C114201D0987DC0B27047197D0020FE
:100510001142FAD09A7DD87D00028018F5E7C046D6
:1005200000380240C0B2002803D0024B1A681043C2
:1005300018607047A0380240054BB03318687F231D
:100540001840034BB4331A6802431A607047C04620
:10055000003802401F220749024080310B78000C0E
:1005600013430B701E21034B084082331A78024359
:100570001A7070470038024010B50A4B094A903390
:1005800092321B78127807491204100094310C78CB
:10059000184323430B70034B120C963319780A430C
:1005A0001A7010BD00380240C720C021054A8000E3
:1005B000135809061B021B0A0B43135080231B060A
:1005C0001360704700E100E08022044B1206DA67F6
:1005D000BFF34F8FBFF36F8F7047C04604E100E059
:1005E00070B50125084C2800E37B2B43E373FFF72C
:1005F000F5FEE3781D430223E570E2781343E370D0
:10060000FFF70AFF70BDC04600380240012310B555
:10061000064C23700023636000F012FA0449054879
:1006200000F026F90223237062B610BD402E002090
:10063000702B0100482E002072B60322024BD865B1
:10064000024B1A70FEE7C046482E0020402E0020C4
:1006500010B500F047F810BDEFF31080C30702D4C7
:10066000EFF3058372B6704710B5C00704D4EFF3FB
:100670000583DB0501D062B610BD00F0E9F8FAE7AA
:1006800010B50A4C23699A6891420CD85A68816067
:100690000360426010609A685860521A9A600123A1
:1006A0005B42A36110BD1B68891AECE7482E00204D
:1006B00010B503610023C2604361FFF7E1FF10BD85
:1006C000036881689A6852189A60426813605A6099
:1006D000002301220360024B52429A617047C046D8
:1006E000482E002070B5114D114AAB8B01339BB2DF
:1006F000AB832B69934206D09A68013A9A602C69C1
:10070000A368002B00D070BD226861680A60516048
:10071000236062B62000E3682169984772B6616978
:100720000029ECD02000FFF7ABFFE8E7482E0020BF
:10073000582E002000238268037503691B6899689E
:100740009142FBD25A680360426010605860704763
:1007500000238268037503691B6899689142FBD87E
:100760005A680360426010605860704710B572B6F6
:10077000087D052807D8EFF73BFD0C060603120E8F
:1007800000228B691A6001235B4208008B61FFF72E
:10079000D1FF62B610BD8A699368013393604A68DD
:1007A0000B6813605A60EEE710B5FFF7C3FF10BD8A
:1007B000064B10B5D96808751868026853601A604E
:1007C00001220275D860EFF7E7FC10BD482E00202B
:1007D00030B50D4B0400DD6887B04B1C10D02B00EA
:1007E00068460A4AFFF764FF2000FFF7E1FF009B1D
:1007F000002B02D06846FFF763FFA86907B030BD41
:10080000FFF7D6FFF9E7C046482E00206D0701002C
:10081000044BDA68196890688B68984280414042BE
:100820007047C046482E0020084B10B51C68D86899
:10083000226853601A6001222275DC60FFF788FF8E
:1008400001002000EFF7A8FC10BDC046482E002094
:10085000054B10B51A68DB6892689B689A4201D90B
:10086000FFF7E2FF10BDC046482E0020FEE7000063
:1008700070B5002504001A4B86B0856201630E0036
:10088000586000F0BBF8230010332361636101233B
:100890005B42A361134BA58324606460A560E5629D
:1008A000998B2B000A002100226263623431200000
:1008B0000D4AE565803300F01DF801230B4AE06026
:1008C00003750092726803930192094BB2686846FF
:1008D00002920493059500F033F806B070BDC0464F
:1008E000402E0020482E0020332301003823010031
:1008F0006D08010002228B604B62002308618A822E
:1009000008000B62CB617047836802001800116910
:1009100028384C3BC36019615169D2685961064956
:100920001962022303750023044982604375016143
:1009300042620362C3617047B9010000482E002083
:1009400010B5FFF7E1FFFFF72FFF10BD10B5034B08
:10095000DB6898610F20FFF72BFF10BD482E0020A9
:1009600010B572B6FFF7F2FF10BD10B5010072B6F8
:100970000820FFF72DFF62B610BD0300006810B518
:10098000002804D000221A608161FFF70DFF10BD1E
:10099000084B10B5DB68002908D0426818605A601F
:1009A000136043600420FFF713FF10BD0120404295
:1009B000FBE7C046482E00200300006810B58342C4
:1009C00005D002681A6053608161FFF7EDFE10BD2B
:1009D00070B504000D002068844200D170BD03682A
:1009E00023605C608561FFF7DFFEF4E7EFF30983C6
:1009F000203383F3098862B670470000024A034936
:100A0000136A0B401362704700ED00E0FFFF00FF28
:100A100010B50F300FD072B6EFF30984203C84F389
:100A2000098880235B04E361FFF7F2FE024B002894
:100A300000D1024BA36110BDC7010000CA01000034
:100A4000024B034A1A60034A5A607047A82E0020DE
:100A5000C030002000400020030030B5084C481E84
:100A600025684942AA18101808406268C3189342C2
:100A700003D8AB4201D3236030BD0020FCE7C04661
:100A8000A82E002010B572B6FFF7E6FF62B610BDC3
:100A900010B500F0ADFC00F0F5FC00F076F900F0C8
:100AA0007FF9FEF79CFB00F001F810BD10B500F0D7
:100AB000CFFC10BD30B5039D01722C000021043322
:100AC0005C43C361049B14190363059B05620060CA
:100AD0004060C16042610261846142628162C162C0
:100AE000436330BD0023022110B5426AC3604261F6
:100AF00002618362C3624942FFF76AFF10BD036966
:100B00004269934203D1C2680020824200D1181D7D
:100B10007047036910B51960C2680132C260C269CA
:100B20009B1882690361934201D3436A03610021E8
:100B3000FFF742FF10BD70B504000D00E368002B05
:100B400007D062690020131D1268A3629B18E3623C
:100B500008E0237A002B06D129002000FFF718FFB8
:100B60000028EBDA70BD02204042FBE7C36810B5F5
:100B7000013BC269C36043699B1882694361934228
:100B800001D3436A436100238362036B002B00D0CF
:100B9000984710BDF7B504000E000092019372B69D
:100BA0000027A36A002B08D120000199FFF7C3FF9B
:100BB000002802D062B63800FEBDA16AE56A009B3B
:100BC0006D1ADB1B9D4200D91D00402D14D9300049
:100BD0004022F2F76FFAA36A403640334037E26AA8
:100BE000A3629A4202D82000FFF7C0FF62B6009BC2
:100BF0009F42E0D272B6D4E730002A00F2F75AFAE8
:100C0000A36A76195B197F19E9E7043310B50172FD
:100C10001900C3610023029C83626143C362039B8A
:100C200051180363049B00604060C460426102612C
:100C3000816104624262436310BD036A10B5C36000
:100C4000436A022143610361002349428362C36214
:100C5000FFF7BEFE10BD4269036910B5934204D18F
:100C60000023C46818009C4201D1100008C80B6022
:100C700010BDC36810B50133C269C36043699B18D6
:100C800082694361934201D3436A43610021FFF7C4
:100C900093FE10BD70B504000D00E368002B07D073
:100CA000236900201A1DA262E2699B18E36208E032
:100CB000237A002B06D129002000FFF769FE0028C7
:100CC000EBDA70BD02204042FBE7036910B5196002
:100CD000C268013AC260C2699B188269036193428B
:100CE00001D3436A036100238362036B002B00D0AE
:100CF000984710BDF7B504000E000092019372B63C
:100D00000027A36A002B08D120000199FFF7C2FF3A
:100D1000002802D062B63800FEBDA06AE56A009BDA
:100D20002D1ADB1B9D4200D91D00402D16D9310024
:100D30004022F2F7BFF9A36A403640334037E26AF7
:100D4000A3629A4204D8E16920000439FFF7BDFF8D
:100D500062B6009B9F42DED272B6D2E731002A0013
:100D6000F2F7A8F9A36A76195B197F19E7E710B5BE
:100D700072B6836A002B06D00269043B991A93422B
:100D800001D0FFF7A2FF62B610BD10B500F06CFBFA
:100D900010BD0123037000234360C36003747047D8
:100DA00010B500F05BFF10BD012310B53822040020
:100DB000037000212C30F2F7CBF800236360A360AE
:100DC00010BD10B5040072B62022416000210C3025
:100DD000F2F7BEF8200000F05DFF0223237062B638
:100DE000002010BD70B5040072B600F07BFF002338
:100DF00025006360013323700C352C342B68002BE5
:100E000010D05869002804D002210C304942FFF765
:100E1000B4FD2B689869002804D002210C304942A7
:100E2000FFF7ABFD002308C5A542E7D1FFF710FD92
:100E300062B670BD8B1C9B0070B5C318050050696D
:100E40000E0014005A60002803D014220021F2F78B
:100E50007FF8A069002803D014220021F2F778F867
:100E60003100280000F070FF70BD000070B5050073
:100E7000060004008368104A1035134083602C3646
:100E80002B68002B10D05869002804D002210C30A8
:100E90004942FFF772FD2B689869002804D00221AF
:100EA0000C304942FFF769FD002308C5B542E7D180
:100EB000200000F0EBFF70BD0100010070B50125BE
:100EC0008D4044892C4344818C1CA400041964681F
:100ED000A46923600023A2606360E36001F010F85E
:100EE00070BD70B501258D4004892C4304818C1C94
:100EF000A40004196468646923600023A26063602D
:100F0000E36001F00BF870BDF8B5022305000600A0
:100F1000037000230400C36783600C352C362B68F4
:100F2000002B13D072B62B685869002804D0022118
:100F30000C304942FFF721FD2B689869002804D046
:100F400002210C304942FFF718FD62B6002780C528
:100F5000B542E4D1230064331F70200000F0CAFEC4
:100F600063681B68BB4202D0390020009847F8BD77
:100F7000037870B50400052B29D00200803213706D
:100F80000523037043681B68002B01D00421984798
:100F9000250000230C35A3602C342B68002B13D0C4
:100FA00072B62B685869002804D002210C304942DF
:100FB000FFF7E3FC2B689869002804D002210C306D
:100FC0004942FFF7DAFC62B60435A542E5D170BDAF
:100FD000017810B5052908D1030080331B78037010
:100FE00043681B68002B00D0984710BDF7B506007A
:100FF000643633780400002B01D0002333702700BF
:1010000074373A002000019700F070FF63689B6816
:10101000002B18D1019B1A78602315001D401A423D
:1010200032D00021200000F0A1FF0021200000F0BC
:1010300087FF63681B68002B02D0062120009847B9
:1010400006233370F7BD200098470028E2D0230024
:101050007A331A785B78E16E1B021343994201D907
:101060001900E366019B1B787F2B00D817E100294C
:1010700000D10AE10923337072B60021E36EA26E3B
:101080002000FFF72EFF08E123007F2175331B7836
:101090000A401B021343894A934200D1DDE026D85F
:1010A00080225200934257D00DD8012B4ED0022BF4
:1010B00000D1A3E0002BB4D122007C32A266022230
:1010C000E2662367C3E781225200934200D1ACE07D
:1010D000FF32FF329342A4D1230076331B78012BD9
:1010E0009FD122007C32118801330B433FE08022E4
:1010F0001201934258D021D8A022D20093423BD073
:101100006F4A9B18012B00D98BE7230078331A789C
:101110005B7821001B02134322006068763240682E
:1011200077310700127820000978B847002800D1ED
:1011300077E74368A3660368E3661BE09022120129
:10114000934236D05F4A934200D06AE75E4BA36673
:101150000223E3660023B4E7230076331B78012BD8
:1011600000D05EE7220002217C3213888B4313807B
:10117000A566E56625676AE7019A12889A420FD14B
:10118000230076331A7820001A7200F0C7FD6368D6
:101190001B68002B02D001212000984703232370F5
:1011A0000023A366E3668CE723007F33A366012355
:1011B000C2E72378042B0FD172B62000FFF756FE4A
:1011C00062B6230003217F331D70636821701B68A2
:1011D000002B01D020009847230076331B78002B8A
:1011E000DED022007F3213700423237063681B68F3
:1011F000002BD5D0022120009847D1E723000F21F2
:1012000078331B78200019405BB2002B0ADA00F01B
:1012100057FE012804D0022800D002E72B4B96E7A6
:101220002B4B94E700F034FEF3E7230076331B7872
:10123000002B00D0F5E6230078331B780F2219002D
:1012400011401342ACD05BB22000002B02DA00F058
:10125000B1FEA5E700F0A0FEA2E7230076331B78DD
:10126000002B00D0DDE6230078331B780F22190015
:101270001140134294D05BB22000002B02DA00F040
:1012800075FE8DE700F05CFE8AE71423337072B6BA
:101290000B000A002000FFF711FE62B6D2E600291B
:1012A00006D01523337072B60021E36EA26EF1E70B
:1012B0000B23337072B60B000A00E1E60203000054
:1012C00000FAFFFF020C0000802B01007E2B0100C2
:1012D0007C2B010070B505006435040028780028D7
:1012E0003AD00638C3B20F2B2ED80F282CD8EEF7E1
:1012F0007FFF332B2B08212C2B2B2B2B2B2B2B2B3A
:10130000333323007A331A785B78E06E1B02134381
:1013100098420FD2E368198AEFF70EF8002909D135
:1013200072B60B000A002000FFF7DBFD62B60A234D
:101330002B7009E014232B7072B6002320001A00D2
:101340001900FFF7BBFD62B670BD236F002B01D003
:10135000200098470023EBE70021200000F006FE64
:101360000021200000F0ECFD63681B68002B02D018
:101370000621200098470623DAE770B5050064359A
:101380002B780400142B26D019D8062B06D002D8AF
:10139000002B03D070BD093B022BFBD8002120009D
:1013A00000F0E4FD0021200000F0CAFD63681B6826
:1013B000002B02D0062120009847062315E0152BAC
:1013C000E8D10A3B2B7072B600231A001900FFF710
:1013D00088FD62B6DEE7C3689B695B68002BD9D1E4
:1013E000036F002B00D0984700232B70D2E7FEE755
:1013F00010B572B60F4C10492000FEF775FC802323
:10140000E26B5B021343E3638023E26B9B021343B3
:10141000E3638023E26BDB021343E3638023E26B2D
:101420001B031343E3638023E26BDB011343E3639A
:1014300062B610BD00100240842B010010B5744646
:1014400072B6FFF705F962B62000FFF7E1FA10BDAA
:10145000024B034A5A60034A1A60704710E000E0EA
:101460003F1901000700010010B5044C2000FFF7F0
:1014700090FC034B63610423238210BDC82E00201F
:101480000008004070470323F0B501248C46032177
:1014900087B013400493930823400093D30823405C
:1014A0000193530919400F23D209134005930023D8
:1014B00002910499624622422DD0270007269F40C0
:1014C0001E40059DB200039295408269009EBA437A
:1014D00032438261C269019EBA433243C2614269AA
:1014E0005F0016000322BA409643D7433200029EA3
:1014F000324342610F22039EB240049ED243022E29
:101500001ED1072B17D8866A16402E4386620269C1
:101510003A400A43026162465208944620D0009A3B
:10152000890052000092019A013352000192029AFE
:1015300092000292BEE7C66A16402E43C662E6E7F4
:1015400006693E400E430661072B04D8866A1640A2
:101550002E438662DFE7C66A32402A43C262DAE778
:1015600007B0F0BD094BC208D2B21A775A7F4004C7
:10157000000F02435A775A7F49010A43D2B25A7781
:101580000822597C0A435A747047C046003802400A
:101590007047704770B50E4DC0B20C00A8731100B3
:1015A0009B0403D52000FFF7DDFF70BDE308DBB22D
:1015B000AB77EB7F6404240F2343EB77EB7F510180
:1015C0000B43DBB2EB7710232A7D13432B75ECE73B
:1015D00000380240802310B59843FEF78BFF10BD02
:1015E0007F2318400A4B997B98735A7CC9B2002814
:1015F00007D19207D20F01305040800180B2997319
:1016000070470020D207FAD4187CC0B2F7E7C04672
:1016100000380240F7B57F24134D0440AB7B200017
:10162000DBB20193AC730F001600FFF7D3FF80B25B
:10163000002812D0031CB04200D9331C98B20B4BC7
:10164000A400E418002383420AD36C222B7D934329
:101650002B752B7D6B3A93432B75019BAB73FEBDB2
:101660002278FA540133EEE7003802402038024075
:10167000F7B57F25160000910540002901D1002A09
:1016800039D104221D4CA77BA573637CFFB21342A2
:1016900002D0637C93436374627C01231100194080
:1016A00001911A4203D00120A773404206E0002EA8
:1016B00005D13000627C13436374A773FEBD28001C
:1016C000FFF78EFF031E01980FD09BB2301C9E4285
:1016D00000D9181C0A4BAD00ED18002380B2009A07
:1016E000D25C01332A708342F9D30123627C134315
:1016F0006374A773E2E70220D7E7C04600380240D0
:1017000020380240F7B52B4B7F2501931423054069
:101710006B4300910199CB1818002C3000780028F9
:1017200042D0254C0120A67BA573677CF6B2390018
:1017300001408C46074202D0A6730438FEBD070064
:101740000099AF401963614699631C49FFB25A631F
:101750000F70002A11D1002D0BD1019BDA8C184B90
:10176000002A04D104321A700A23637402E00622AC
:10177000F9E760740020A673E0E70099002916D00D
:101780001F8D974200D9170028000099BAB2FFF7C1
:101790006FFF0123002DE8D1094A1370054B1B8D03
:1017A000BB42E1D80223E0E702204042C6E7012025
:1017B000FBE7C046802F00200038024080380240FE
:1017C000EC2700207F2370B5142418404443184BA5
:1017D0001B191C00B8342478002C23D0154CA57B91
:1017E000A073EDB2002A06D1002801D1124B187067
:1017F0000020A57370BD002917D01E00BC363160D3
:101800001900C0310A600022C4331A60904203D12B
:10181000094B03321A70EBE701238340074ADBB21E
:101820001370E5E702204042E4E70120FBE7C046F1
:10183000802F002000380240EC2700208238024030
:10184000F7B504223B4C3C4E617CCBB2114205D033
:10185000637C934363740023337023E0DA0601D57D
:10186000802262743278D0B2062A1BD8EEF7C0FC10
:10187000041D1A365E1A5E00DB0713D50020FEF742
:1018800039FE82B2082A0DD100202C49FFF7C2FE92
:101890002B4BDB8C002B06D040230021294863749E
:1018A000FFF7A4FBF7BD4823F7E7254B5A6B1C8DC8
:1018B000986BA2420AD9196B20189863121B091958
:1018C00000205A631963FFF71DFFEBE70021121890
:1018D0009A6359631B48FFF7FDFCE3E7DB07E1D59B
:1018E0000020FEF707FE0500174F83B21A00396883
:1018F00000200193FFF78EFE3B68ADB25B193B60A1
:101900000F4B1900C4310A68B43355190D601B8898
:10191000019A934207D900210A48FFF72EFD482378
:101920006374443B98E740236374BBE70021317044
:10193000D0E7C04600380240EC270020A02F00204E
:10194000802F0020E02E00203C300020F0B5AE4C6F
:1019500087B0667B237B7F22DBB2019373460293C1
:10196000AA4BF6B21B68DFB21340A94A13600123E9
:1019700062781A4202D1627813436370A37BDBB2B0
:1019800003937B0720D50023A24A0593059B93422E
:1019900053D9A022A04D002128005200F1F7D8FA17
:1019A000402300219D4A6B609D4811709D4A29008B
:1019B000C26001222C310A7029002B85B831B43560
:1019C0000A702B80FFF7A0FA08210F420FD0964A29
:1019D0001388002B37D08E40019B1E43934B1988F0
:1019E000B1422ED01E801388013B9BB21380FF07AB
:1019F00010D50A228C4B1A808D4B023A1A608D4BFF
:101A00001A78002A06D000221A70FFF7C2FD844817
:101A1000FFF7AEFA0425884B1A78002A25D1874BA8
:101A2000874988481A78002A00D07BE0039BA3737B
:101A30000298FEF7EDFF07B0F0BD059B013305935B
:101A4000A4E70A23D2E7032263781340012BCED107
:101A50007D4A1160774A11780029C8D17048137007
:101A6000FFF7B6FAFFF794FDC1E71B78744AD05C24
:101A700001238340DBB29C466246744B1A70A0730C
:101A8000002802D1FFF7DCFEC5E7637C2B4202D0C1
:101A9000637CAB436374142343435F49CB185E6B91
:101AA000002E18D01A8D1F6B96420DD9B9189F6B56
:101AB000B61ABF1819639F635E63B24200D9320041
:101AC00092B2FFF7D5FDA6E79A6BBF1992199A63F8
:101AD00000221F635A6362465D4B514E871C1A7089
:101AE000BB00F3185A6853690193142343439C467F
:101AF0006144896B019B59600121814033898B438B
:101B000033819368002B02D001003000984772B6F1
:101B1000BF00F6197368002158690C30FEF72DFFDD
:101B200062B678E701261A7801278D5CAE40F6B2DE
:101B30000670A573227D3A4200D173E72800FFF7B3
:101B400049FD14226A4383B29C461800324B9B180D
:101B50001A00C032126890421FD8BC333D491B683E
:101B6000AA005218C1188B424AD114226A432A4B48
:101B70009B181900BC310A68C03312180A608A68C1
:101B800012188A601A68121A1A606C22237D934315
:101B90002375237D6B3A9343237514236B431E4AAD
:101BA000D3181900B4310988614504D8C0331B68C3
:101BB0008B4200D333E71420274B68431E70AF1CC1
:101BC000174EBB00F31859681218C4328B6912689B
:101BD0005A600122AA40738993437381CB68002B1A
:101BE00002D029003000984772B6BF00F61973681A
:101BF0009B69180059680C30FEF7BFFE62B60EE70D
:101C000017781F700133AEE700380240B038024049
:101C1000B43802400E270000802F0020EC2700205F
:101C2000E02E0020A82C0100FC120020EA27002052
:101C3000A0380240E8270020903802409238024045
:101C4000A82B010096380240A43802409438024084
:101C500084380240203802408638024010B5094CD2
:101C60002000FFF7A1F80121074B084A11701A0064
:101C7000B832117040221A85B4331A80044BE360E5
:101C800010BDC046E02E0020802F0020AC2F002089
:101C9000A82C0100037813B5012B19D1FEF7A0FC85
:101CA00000230F4C0193019BA34212D9FEF744FC81
:101CB000FEF762FC00230193019BA3420DD92F2064
:101CC000FEF730FC01204042FEF744FCFEF76CFCBE
:101CD00013BD019B01330193E5E7019B0133EAE763
:101CE0000E270000037810B5012B01D0FEF76CFC25
:101CF00010BD00000121064B064AC360064B11705F
:101D00001A00B832117040221A85B4331A80704715
:101D1000A82C0100AC2F0020802F0020002382B0CF
:101D2000074A0193019B934205D97E300278054B07
:101D30001A7002B07047019B01330193F2E7C0466D
:101D40000E27000000380240F0B585B0002912D1FE
:101D500040204B4B4B4A1C0010801A001885B632AD
:101D6000180011700122B8342A302C33227001700F
:101D70001A7005B0F0BD7F230B400193062BF8D8F5
:101D80000323023189004018466832681340591E07
:101D9000022971D81B02013BFF3B3B4902938B7B1D
:101DA000DBB20393019B8B73B3691D001C1E1ED015
:101DB0001420019C324B60431B1818000324012798
:101DC000718AB43022408270B8330180029A01983F
:101DD0001F70FEF729FB738A3D00A540ADB2AB42F0
:101DE00004D90134102CF7D100242500A4B2736962
:101DF000002B22D014220198214B42439B1818003B
:101E0000032432682A3022400127318A027080225E
:101E100019852C331F70029B92011A430198FEF71B
:101E200003FB338A3D00A540ADB2AB4204D9013477
:101E3000102CF7D100242500A4B2114F0A2C14D87D
:101E4000B369033CA4B2002B05D0002322007968BB
:101E50000198FFF79FFB7369002B06D00A4B019A8C
:101E6000786821009A73FFF77DFB7B68039AED1871
:101E7000054B7D609A737CE7C0239B008DE7C046CD
:101E8000802F0020343000200038024070470000CE
:101E900014234B43084A985C002809D0074B2022A2
:101EA0009973002905D1587C1040434258410130B4
:101EB0007047187DF8E7C0463830002000380240EF
:101EC00014234B43074A985C00280AD0064B9973A9
:101ED000587C2023002900D0102318404342584149
:101EE00001307047AC2F0020003802400023034827
:101EF000C15CD1540133082BFAD17047A02F0020C8
:101F000003008A1C92009B1810B55B6808009B694F
:101F10001A689968FFF756FC10BD704770B50C0041
:101F20008B1C9B00C018436820005D692A68A96863
:101F3000FFF7E8FB2A68A9682000FFF7EEFF70BDF5
:101F40007F2070B5074C0840A57BA073EDB2002838
:101F500002D10722044B1A700021FEF791FAA573F3
:101F600070BDC04600380240EC2700207F2070B5CD
:101F7000074C0840A57BA073EDB2002802D10722D0
:101F8000044B1A7080218901FEF77AFAA57370BD9F
:101F900000380240EC2700207F2070B5044C084038
:101FA000A57B0021EDB2A073FEF782FAA57370BD88
:101FB000003802407F200840802170B5044C890120
:101FC000A57BA073EDB2FEF773FAA57370BDC04692
:101FD00000380240704770471623036001204042DA
:101FE000704700207047180070470020704710B5F8
:101FF0000022040008000121FEF744FD002802D160
:102000000C230138236010BD10B5140058220021A4
:102010002000F0F79DFF80239B010020636010BD2E
:102020000120704710B50248FEF706FBF1F708F8EB
:102030003D23010010B50248FEF7FEFAF1F700F863
:0A20400042230100012070477047A1
:10204C00801400FFC8000000CE090000FA08000050
:10205C00E408000060090000E40800009409000096
:10206C00E408000060090000FA080000FA0800000B
:10207C009409000060090000D0080000D00800009E
:10208C00D00800009E090000FA080000FA080000C1
:10209C00E40800003A0A0000E4080000940900007B
:1020AC00E40800003A0A0000FA080000FA080000F0
:1020BC00940900003A0A0000D0080000D008000083
:1020CC00D008000034170000E8150000601500006F
:1020DC008A15000060150000CC1600006015000089
:1020EC008A150000E8150000E8150000CC16000069
:1020FC008A15000082150000821500008215000070
:10210C00EE1600000020202020202020202028284F
:10211C00282828202020202020202020202020209B
:10212C0020202020208810101010101010101010DB
:10213C00101010101004040404040404040404100B
:10214C001010101010104141414141410101010199
:10215C000101010101010101010101010101010163
:10216C00101010101010424242424242020202026F
:10217C000202020202020202020202020202020233
:10218C0010101010200000000000000000000000E3
:10219C000000000000000000000000000000000033
:1021AC000000000000000000000000000000000023
:1021BC000000000000000000000000000000000013
:1021CC000000000000000000000000000000000003
:1021DC0000000000000000000000000000000000F3
:1021EC0000000000000000000000000000000000E3
:1021FC0000000000000000000000000000000000D3
:10220C00000000000000000082450000884400002F
:10221C008844000088440000884400008844000082
:10222C008844000088440000884400008844000072
:10223C0088440000E44400009C44000088440000F2
:10224C008844000088440000884400009C4400003E
:10225C008844000088440000884400008844000042
:10226C00FE430000C44400001645000088440000F2
:10227C0088440000F844000088440000C444000076
:10228C00884400008844000090450000070000C00E
:10229C00068000AA45500000A1510000CD5100005D
:1022AC00F9510000255200005D50000001020406A7
:1022BC00000000000300000000000000000300000C
:1022CC00AD5F0000C95E00008D5F0000756100000D
:1022DC0001000000010000000100000002000000ED
:1022EC0000000000000000000000000000000000E2
:1022FC000000000000000000325034473A256420F2
:10230C00424C453A256420504F533A2564204D4F9A
:10231C0044453A25640A00296C6C756E2800296CBA
:10232C00696E28006330006D61696E0069646C65CC
:10233C000065786974006B696C6C000000C800C89B
:10234C0000C80000FF808000000000FF00808000BB
:10235C001D2E2C1F1120212216232425302F171857
:10236C000F121E13152D102B142A2900000000002B
:10237C000000000000000000000000000000000051
:10238C000000000000000000000000001E001F0004
:10239C002000210022002300240025002600270015
:1023AC002D002E002A00000000002B0014001A0043
:1023BC000800150017001C0018000C001200130078
:1023CC002F0030003100000000003900040016001E
:1023DC00070009000A000B000D000E000F0033006F
:1023EC0034000000280000000000E10000001D0087
:1023FC001B00060019000500110010003600370004
:10240C0038000000523200000000E000E300E2005F
:10241C00000000002C00000000000000225250348C
:10242C005131407E00000000000029000000000037
:10243C000000000000000000000000000000000090
:10244C000000000000000000000000001E001F0043
:10245C002000210022002300240025002600270054
:10246C002D002E002A00000000002B0014001A0082
:10247C000800150017001C0018000C0012001300B7
:10248C002F0030003100000000003900040016005D
:10249C00070009000A000B000D000E000F003300AE
:1024AC0034000000280000000000E10000001D00C6
:1024BC001B00060019000500110010003600370043
:1024CC0038000000523200000000E000E200E3009F
:1024DC00000000002C0000000000000023525038C7
:1024EC005131407E0000000000003500000000006B
:1024FC0000000000000000000000000000000000D0
:10250C000000000000000000000000003A003B004A
:10251C003C003D003E003F004000410042004300B3
:10252C00AA00A9002A00000000002B00017E027EF8
:10253C00037E007E4600470048000C00120013008A
:10254C002A782978217800000000390000520152C5
:10255C000700090049004A004B000E000F002478C8
:10256C0023780000280000000000E1000000437800
:10257C000000487847784C004D004E004A78497866
:10258C0052000000057E00000000E000067EE20024
:10259C0000000000427800000000000050005100D4
:1025AC004F0000000000000000003500000000009B
:1025BC00000000000000000000000000000000000F
:1025CC00000000000000000000000000BE00BD0084
:1025DC00C100C20022002300AC00AE00AB00A8007A
:1025EC00AA00A9002A00000000002B00017E027E38
:1025FC00037E007E4600470048000C0012001300CA
:10260C002A78297821780000000039000052015204
:10261C000700090049004A004B000E004B002478CB
:10262C0023780000280000000000E10000000000FA
:10263C000000487847784C004D004E004A784978A5
:10264C0052000000057E00000000E000E200E30004
:10265C000000000042780000000000005000510013
:10266C004F000000000000000000E200E900EA005A
:10267C00B500B600B700CD008301CC008A019201F1
:10268C0094012102230224022502260227022A0297
:10269C00B300B4006F0070009F01CB019F02A00239
:1026AC00E200E900EA00B500B600B700CD008301F6
:1026BC00CC008A01920194012102230224022502FA
:1026CC00260227022A02B300B4006F0070009F019B
:1026DC00CB019F02A00200000F0C00480E0C00481A
:1026EC000F0800480E0800480D080048030C00486D
:1026FC00020C00480C0800480B0800480A08004867
:10270C000E0000480908004808080048070800485F
:10271C00060800480F040048000400480304004861
:10272C000404004805040048060400480704004857
:10273C00C8FF00003131295A1B750A000101010143
:10274C000101010101020202020202020202030360
:10275C000303030303030404040404040405050530
:10276C0005050606060606070707070708080808F2
:10277C00090909090A0A0A0B0B0B0C0C0C0D0D0D9F
:10278C000E0E0E0F0F0F1010111111121213131435
:10279C0014151516161717181819191A1A1B1B1CAD
:1027AC001D1D1E1E1F202021222223242425262607
:1027BC00272829292A2B2C2D2D2E2F30313232333C
:1027CC003435363738393A3B3C3D3E3F4041424345
:1027DC004445464748494A4C4D4E4F505153545529
:1027EC005658595A5B5D5E5F616264656668696BD9
:1027FC006C6D6F7072737577787A7B7D7E80828357
:10280C008587888A8C8E8F91939596989A9C9EA09A
:10281C00A2A3A5A7A9ABADAFB1B3B5B7BABCBEC0A7
:10282C00C2C4C6C9CBCDCFD1D4D6D8DBDDDFE2E470
:10283C00E7E9EBEEF0F3F5F8FAFDFF00000000001D
:10284C000000002A2B2800000000000000000000FF
:10285C0000000000000029000000002C1E34202184
:10286C002224342627252E362D3738271E1F2021CB
:10287C0022232425263333362E37381F040506072A
:10288C0008090A0B0C0D0E0F101112131415161744
:10289C0018191A1B1C1D2F3130232D350405060762
:1028AC0008090A0B0C0D0E0F101112131415161724
:1028BC0018191A1B1C1D2F3130354C00000000005C
:1028CC0000000000000000000000000000000000FC
:1028DC000000000000000000000000000000007E6E
:1028EC000F00D4FFFFFFC700000078004DEF000081
:1028FC00BDEE0000BDED0000000000004422B6005B
:10290C00AA2A0100D2290100F4290100772901002B
:10291C0090290100B029010030313233343536377B
:10292C0038394142434445460016034300490044AC
:10293C00004F004F00200051004B003600310000CA
:10294C00001203520044004D00430054004D005A45
:10295C0000540000000403090409025B0003010099
:10296C00A0FA090400000103010100092111010072
:10297C00012244000705810308000109040100023B
:10298C000300000009211101000122220007058229
:10299C0003200001070503032000010904020001C4
:1029AC000300000009211101000122B60007058473
:1029BC00032000011201000200000040B036353047
:1029CC000500010203010660FF0961A101096215FE
:1029DC000026FF009520750881020963150026FF6B
:1029EC0000952075089102C005010902A10185021C
:1029FC000901A100050919012908150025019508EF
:102A0C00750181020501093009311581257F950277
:102A1C007508810609381581257F95017508810691
:102A2C00050C0A38021581257F950175088106C0B1
:102A3C00C005010980A101850319012AB700150100
:102A4C0026B700950175108100C0050C0901A10184
:102A5C00850419012AA002150126A0029501751002
:102A6C008100C005010906A1018506050719E029A9
:102A7C00E715002501950875018102050719002944
:102A8C00EF1500250195F075018102050819012942
:102A9C0005950575019102950175039101C005011C
:102AAC000906A101050719E029E71500250195087C
:102ABC00750181029501750881010507190029FF2F
:102ACC00150026FF009506750881000508190129D7
:102ADC000515002501950575019102950175039168
:102AEC0001C0000094340100C0300020C030002030
:102AFC00C0300020943401000000000000000000F1
:102B0C0000000000943401000000000000000000F0
:102B1C0000000000943401000000000000000000E0
:102B2C0000000000943401000000000000000000D0
:102B3C0000000000943401000000000000000000C0
:102B4C0000000000943401000000000000000000B0
:102B5C0000000000943401000000000000000000A0
:102B6C00000000003023010028270020E827002067
:102B7C000100000000000000000000000000000048
:102B8C000200000000A24A04000000000000000047
:102B9C000300000001000100000000000000010023
:102BAC00020001000300010002000100040001000A
:102BBC0002000100030001000200010005000100F9
:102BCC0002000100030001000200010004000100EA
:102BDC0002000100030001000200010006000100D8
:102BEC0002000100030001000200010004000100CA
:102BFC0002000100030001000200010005000100B9
:102C0C0002000100030001000200010004000100A9
:102C1C000200010003000100020001000700010096
:102C2C000200010003000100020001000400010089
:102C3C000200010003000100020001000500010078
:102C4C000200010003000100020001000400010069
:102C5C000200010003000100020001000600010057
:102C6C000200010003000100020001000400010049
:102C7C000200010003000100020001000500010038
:102C8C000200010003000100020001000400010029
:102C9C00020001000300010002000100000000001E
:102CAC00ED0F0100D51201007B1301004000400024
:102CBC00F8270020F827002001000000ED27002055
:102CCC005245454E54206D616C6C6F632073756377
:102CDC0063656564656400002E2E2F2E2E2F2E2E1C
:102CEC002F2E2E2F2E2E2F2E2E2F6E65776C696287
:102CFC002F6C6962632F7374646C69622F72616EDE
:102D0C00642E63002C2066756E6374696F6E3A20B6
:102D1C0000000000617373657274696F6E20222568
:102D2C007322206661696C65643A2066696C652063
:102D3C00222573222C206C696E6520256425732551
:102D4C00730A0000232D302B20000000686C4C000F
:102D5C0065666745464700003031323334353637C7
:102D6C00383941424344454600000000303132338B
:102D7C0034353637383961626364656600000000AB
:082D8C0014D9FE7F01000000D4
:102D9400040C002000000000041300206C13002029
:102DA400D413002000000000000000000000000018
:102DB400000000000000000000000000000000000F
:102DC40000000000000000000000000000000000FF
:102DD40000000000000000000000000000000000EF
:102DE400000000000300000004130020FF02013271
:102DF4000100000004080C1014181C2024282C3096
:102E040034383C4044484C5054585C6064686C709E
:102E140074787C8084888C9094989CA0A4A8ACB08E
:102E2400B4B8BCC0C4C8CCD0D4D8DCE0E4E8ECF07E
:102E3400F4F8FFFFF8F4F0ECE8E4E0DCD8D4D0CC0C
:102E4400C8C4C0BCB8B4B0ACA8A4A09C9894908CDE
:102E54008884807C7874706C6864605C5854504CCE
:102E64004844403C3834302C2824201C1814100CBE
:102E7400080400FF0000FF8000FFFF0000FF0000C7
:102E8400FFFF0000FF8000FFFFFFFF0000000100C4
:102E94003C0001FFC80200FFFFFFFFFFFFFFFFFF31
:102EA400FFFFFFFFFFFFFF010203040506070809F8
:102EB4000A0B0C0DFFFF0E0F101112131415161729
:102EC40018191A1BFFFF1C1D1E1F20212223242555
:102ED4002627FF28FFFF29FF2A2B2C2D2E2F3031E8
:102EE4003233FF34FFFF353637FFFF38FFFFFF393A
:102EF4003A3B3CFFFFFF000A100A200A300A400A4E
:102F0400500A600A700A800A900AA00AB00AC00A2D
:102F1400DC0A0414181428143814481458146814B7
:102F2400781488149814A814B814C814DE14041E51
:102F34001C1E2C1E3C1E4C1E5C1E6C1E7C1E8C1EFD
:102F44009C1EAC1EBC1ED81E0828232833284328E8
:102F540053286328732883289328A328B428E028B7
:102F64000032143228326E32B032C032D028E02817
:102F7400E141E141E14101010101010101010101DD
:102F8400010101010101010101010101010101012D
:102F9400010101010101010101010101010101011D
:102FA400010101010101010101010101010101010D
:102FB4000101010000000102030405060708090AD3
:102FC400E9210020092200204BA600004100410015
:102FD4004100410041000300FF00FFFF39052808BC
:102FE40050011E0A14010302010000010000000048
:102FF400E9EB000045F1000061F100006FF1000011
:103004007DF100008BF100000000000000000000D2
:1030140000000000000000000000000000000000AC
:10302400000000000000000000000000000000009C
:10303400000000000000000000000000000000008C
:1030440003000000000000000000000057F500002D
:10305400000020000000000000000000020000004A
:10306400000000000000000000000000000000005C
:103074000000000000000000E02E0020030000001B
:1030840004000000200000008C2400200000000048
:103094000102000000000000000000000000000029
:1030A400000000000000000000000000000000001C
:1030B400000000000000000000000000000000000C
:1030C40000000000000000000000000003000000F9
:1030D40000000000B7F40000000000002000000021
:1030E40000000000000000000200000000000000DA
:1030F40000000000000000000000000000000000CC
:1031040000000000E02E0020040000000400000085
:1031140020000000DC25002000000000000000006A
:103124008C110020000000000000000000000000DE
:10313400000000000000000000000000000000008B
:10314400000000000000000000000000000000007B
:103154000000000000000000000000000300000068
:1031640000000000B7F400000000000008000000A8
:103174000000000000000000020000000000000049
:10318400000000000000000000000000000000003B
:1031940000000000E02E00200100000004000000F8
:1031A40008000000AC250020000000000000000022
:1031B40020110020000000000000000000000000BA
:1031C40000000000000000000000000000000000FB
:1031D40000000000000000000000000000000000EB
:1031E40000000000000000000000000003000000D8
:1031F40000000000B7F40000000000002000000000
:1032040000000000000000000200000000000000B8
:1032140000000000000000000000000000000000AA
:1032240000000000E02E0020020000000400000066
:10323400200000001C250020000000000000000009
:10324400B4100020D0100020A1F6000085F6000084
:10325400B9F6000099F70000B5F70000C5F70000C3
:10326400D410002000000000000000000000000056
:10327400000000000000000000000000000000004A
:10328400000000000000000000000000000000003A
:10329400000000000000000000000000000000002A
:1032A40000000000000000000000000020000000FA
:1032B4003C110020A1F6000085F60000B9F60000DC
:1032C40099F70000B5F70000C5F700004011002091
:1032D40000000000000000000000000000000000EA
:1032E40000000000000000000000000000000000DA
:1032F40000000000000000000000000000000000CA
:1033040000000000000000000000000000000000B9
:10331400000000000000000008000000A8110020C8
:10332400FDF60000D9F600001DF70000F5F70000D7
:1033340019F8000031F8000000000000000000004F
:10334400B0120020641200201812002000000000B7
:10335400CC1100200000000000000000000000006C
:103364000000060000000000000000000000000053
:103374000000000000000000000000000000000049
:103384000000000000000000000000000000000039
:103394000000000000000000000000000000000029
:1033A40000000000200000000000000000000400F5
:1033B4000000000000000000000000000000000009
:1033C40000000000000000000000000000000000F9
:1033D40000000000000000000000000000000000E9
:1033E40000000000000000000000000000000000D9
:1033F40003000000000000000000030000000000C3
:1034040000000000000000000000000000000000B8
:1034140000000000000000000000000000000000A8
:103424000000000000000000000000000000000098
:103434000000000000000000000000000300000085
:103444000000000000000200000000000000000076
:103454000000000000000000000000000000000068
:103464000000000000000000000000000000000058
:103474000000000000000000000000000000000048
:10348400000000000000000006000000140000001E
:040000030000019167
:00000001FF
