:10000000000400209101000015F0000061F00000E4
:100010009301000093010000930100009301000090
:100020009301000093010000930100009301000080
:1000300093010000930100009301000035F60000D9
:10004000930100009301000093010000097100007A
:10005000930100002D7100004171000099710000B2
:1000600093010000930100008571000093010000DE
:1000700093010000930100006972000049710000C3
:100080005D71000071710000930100009301000098
:100090009301000093010000930100009301000010
:1000A0009301000093010000930100009301000000
:1000B0009301000093010000930100000DFE000079
:1000C00072B6244880F30888234880F30988022008
:1000D00080F31488BFF36F8F07F094FF0EF0AAFE31
:1000E0001E481F491B4A914202DA08600431FAE7B0
:1000F0001C49194A914202DA08600431FAE71A49A8
:100100001A4A1B4B9A4204DA086810600431043220
:10011000F8E700201749184A914202DA08600431D2
:10012000FAE70EF09FFE0EF09BFE144C144DAC420D
:1001300003DA216888470434F9E70AF015F9114C0D
:10014000114DAC4203DA216888470434F9E70F49BE
:100150000847000000040020000C002055555555AC
:100160000000002000040020FC1F0100000C002003
:10017000241100204011002000310020C0000000A8
:10018000C0000000C0000000C000000063EE0000DE
:1001900096E700F000F8FEE7F0B544464D465646B7
:1001A0005F46F0B46B46CB60C3689D46F0BCA0468A
:1001B000A946B246BB46F0BD62B6281CA047002047
:1001C0000EF01CFFFEE70EF09BFE024A024B13608E
:1001D000FEE7C04604ED00E000000080114B70B562
:1001E0001C680500236B002B03D000221D615A619F
:1001F00070BD182000F094F8031E20630CD00A4A4A
:1002000000210260094A4260094A82600B22828111
:10021000012018615961E8E700224621054B064894
:1002200000F050F8000C00200E33CDAB34126DE618
:10023000ECDE0500341F01004C1F0100184B70B5A7
:100240001D682C6B002C0ED020696169154A164B75
:1002500001F098FE0122002312184B41580040087B
:100260002261636170BD182000F05AF8041E2863F3
:100270000FD00E4B012203600D4B43600D4B83608A
:100280000B23838100230261436107480A4A064B1E
:10029000E6E700225221094B094800F013F8C04656
:1002A000000C00202D7F954C2DF451580E33CDAB12
:1002B00034126DE6ECDE05002E7F954C341F0100F4
:1002C0004C1F010070B514001A000A4B06001B6891
:1002D00084B0D868002C0AD0074B084D01930091D8
:1002E00033002900029400F03BF800F011F8044BB1
:1002F0001C00F2E7000C0020781F0100881F01009D
:10030000841F0100130010B50022FFF7DBFFC04679
:10031000062010B500F0C8F801200EF00FFFC0460F
:1003200010B5034B0100186800F02EFF10BDC04649
:10033000000C002010B5034B0100186800F0ACFF62
:1003400010BDC046000C00200CB400B583B004AB57
:1003500004CB019300F082F903B008BC02B0184747
:100360000EB400B582B003AB0100054804CB0068B1
:10037000019300F073F902B008BC03B01847C046FF
:10038000000C0020C36B10B50400002B01D000202E
:1003900010BD802100F0F8FEE063002806D00200C6
:1003A0000023803208C09042FCD1F0E70120404297
:1003B000EEE7C04670B505000C0016001F2907D8EF
:1003C000C06B002809D0A40004192068266070BD05
:1003D0001623036001204042F9E78021280000F045
:1003E000D3FE010003000022E86380310028F1D031
:1003F00004C38B42FCD1E6E770B505000C001F2951
:100400001ED8C36B002B0ED08A009B181A68002AD6
:1004100009D0012A05D0511C0ED0002120001960FE
:100420009047002070BD280001F004FB220001006D
:10043000280001F0EBFAF5E7162303600120F1E74D
:100440001623036001204042ECE7C04670B505006A
:100450000C001F2924D8C36B002B14D0A2009B18BA
:100460001A68002A09D0511C0BD0012A07D000219C
:10047000200019609047002070BD0120FCE7032098
:10048000FAE70220F8E7802100F07EFE031EE86311
:1004900006D000210200803002C28242FCD1DDE79A
:1004A00001204042E8E7C046144B70B504001D68C7
:1004B0001F281DD8EB6B002B0DD082009B181A68EB
:1004C000002A08D0012A04D0511C0DD00021196047
:1004D0009047002070BD280001F0ACFA2200010016
:1004E000280001F093FAF5E7162301202B60F1E7CD
:1004F000162301202B604042ECE7C046000C002090
:10050000114B70B504000E001D681F2807D8E86B5A
:10051000002809D0A40004192068266070BD1623A5
:100520002B6001204042F9E78021280000F02CFEDA
:10053000010003000022E86380310028F1D004C3E9
:100540009942FCD1E6E7C046000C00200C4B10B5E8
:100550001C68E36B002B01D0002010BD802120001F
:1005600000F012FEE063002806D002000023803273
:1005700008C09042FCD1EFE701204042EDE7C046C1
:10058000000C0020174B70B504001D681F2825D8EB
:10059000EB6B002B14D0A2009B181A68002A09D01C
:1005A000511C0BD0012A07D0002120001960904770
:1005B000002070BD0120FCE70320FAE70220F8E7E5
:1005C0008021280000F0E0FD031EE86306D0002132
:1005D0000200803002C29042FCD1DCE701204042A0
:1005E000E7E7C046000C0020936810B5013B93601C
:1005F000002B04DA9469A34207DB0A2905D01368AB
:10060000581C10600800197010BD00F0A1FEFBE737
:10061000F8B506000F00002B0DD01400D51802E02D
:100620000134AC4207D03A0030002178FFF7DCFFFC
:10063000431CF5D1F8BD0020FCE7C04610B51400FE
:1006400092680023002A05D0220000F08BF90022D6
:100650000300A26000221800626010BDF0B54E4693
:100660004546DE465746E0B58146884614001E00E2
:100670009FB0002803D0036A002B00D11FE143463E
:100680009B891B0700D48FE043461B69002B00D1D8
:100690008AE0002306AD6B6120336B761033AB76B6
:1006A0005346A346874F059603935B461B78002B62
:1006B00000D19BE05C4603E063780134002B7DD0E1
:1006C000252BF9D15B46E31A9A465C457BD123780A
:1006D000002B00D18AE0012300225B42069207939F
:1006E000002200230892099300234332AB54AB65E8
:1006F00001339B46013406E05A46C01B82401C0071
:1007000029680A432A6005223800217800F0F0F8B1
:10071000631C1E000028EFD12A68D10602D54321B0
:1007200020306854110702D543212B2068542178CA
:100730002A2967D1059B191D1B680591002B00DA3A
:1007400098E0EB6061782E2900D172E05E4C0322C4
:10075000200000F0CDF8002806D04023001B834085
:100760002A68013613432B603178731C06225748E0
:100770009B46297600F0BCF8002800D180E0544B5D
:10078000002B67D005AA0092290042464846514BEB
:1007900000E000BF0390039B013327D0039A6B69ED
:1007A000944663446B6180E74146484600F062FC32
:1007B000002800D16DE7012040421CE05B46E31AAF
:1007C0009A465C4512D03B0000264746A0464C4660
:1007D000994602E00136B24543D95B463A00200013
:1007E000995DFFF701FF0130F4D1B84643469B897C
:1007F0005B06E0D468691FB0F0BCBB46B246A946B0
:10080000A046F0BD08003038260009289BD8EA68C9
:10081000140000E00133A2001219197852001418D4
:10082000080030380928F5D91E00EC602E2900D0C8
:100830008CE771782A292DD1059BB01C1A1D1B68E5
:1008400005926B60002B02DA01235B426B60B1788A
:1008500006007BE70722059B073393430833059384
:100860009CE74B466A69A146524444466A61B846D1
:100870001F002CE75B42EB6002231A432A6061E70A
:1008800005AA0092290042464846124B00F0BCFEE1
:10089000039080E708000023303801366B60092898
:1008A00000D953E71A0093009B1871785B001A185F
:1008B0000800303801360928F5D96A6046E700F0AB
:1008C000D7FADCE6B81F0100C01F0100C41F0100F9
:1008D000000000001106000010B504001300034AD8
:1008E00010680A002100FFF7B9FE10BD000C0020BF
:1008F00070B5CCB283070DD0531E002A0FD003254C
:1009000004E00130284206D0013B08D30278A2421D
:10091000F7D170BD1300032B03D8002B14D1002096
:10092000F7E7FF220A401502AD182A040B4EAD1856
:1009300003E0043B0430032BEFD9026808496A4006
:10094000511891433142F4D0C31802E0013098426B
:10095000E5D00278A242F9D1DBE7C04680808080F2
:10096000FFFEFEFEF0B54E46DE4657464546E0B574
:10097000936883B00C0091460090002B5FD00C234D
:10098000CA5E130763D50B69002B60D04B461F6806
:10099000930723D5A36A00269A46B34B00259846B1
:1009A000216A002D16D02B00454500D9AE4B3200F0
:1009B0000098D047002859DD4B464A469B683618B8
:1009C0001B1A2D1A9360002B39D0A36A216A9A460C
:1009D000002DE8D13E687D680837E2E7D30762D58D
:1009E0000023B84600209A4600261F00002E45D05E
:1009F00000284CD03B00B3469E4200D99B4620685D
:100A00002269A5686369904203D9ED18AB4500DD02
:100A1000FEE05B4500DDEEE0A56A5246216A0098E3
:100A2000A847051E22DD01207F1B19D04B464A46F0
:100A30009B68AA445B1B761B9360002BD6D10020D9
:100A400003B0F0BCBB46B246A946A046F0BD2100AB
:100A5000009800F00FFB00280DD10C23E25E95E713
:100A60002100009800F0C2FA0028DFD00C22A35E1B
:100A700040221343A38101204042E1E7082243467C
:100A800094465E68E044002EF8D01B689A46320017
:100A90000A215046FFF72CFF002800D1DBE0534627
:100AA0000130C71AA6E7002380219A4689008B46A9
:100AB000564655462068A36884469846002D5CD06B
:100AC00059460A425DD09A46AB4200D990E0902345
:100AD000DB001A4232D02169431A60690193430056
:100AE0001B18D80FC3185810019B824601335B199D
:100AF000834201D99A461800520500D497E00100BC
:100B0000009800F041FB8046031E00D1A6E0019A48
:100B1000216900F035FFA389544A13408022134312
:100B2000A38143462361019B1A00424494462260FC
:100B30005246A846AA46D31A6261A36052463100C3
:100B4000604600F07BFF4246A8460025A368206867
:100B50009B1A5044A36020604B4642469B68464423
:100B60009B1A4A46936000D169E70C23E25E206835
:100B7000A36884469846002DA2D13E687D68083758
:100B80009AE7226982421BD362699046AA4217D82B
:100B9000802328001B069D4200D33548414601F0C2
:100BA00005F94346A26A43439046216A3200009801
:100BB000C047002800DC59E780464346ED1ACBE7E2
:100BC0009846AB4200D9A8464246310000F036FFB5
:100BD0004246A36820689B1A4044A3602060002B13
:100BE000EBD12100009800F001FA0028E5D03DE7A4
:100BF000A846AA46A2E75A46514600F01FFF5A46A9
:100C0000A3685D469B1AA36023685B4423600AE7E0
:100C100051462A0000F012FF236821005B1900985A
:100C2000236000F0E3F9002800D1FCE61EE7020093
:100C3000009800F009FC8046002800D071E7009D74
:100C40002169280000F028FB8022A3899343743A8D
:100C50001BB22A600CE7731C1F00CCE6009A0C3311
:100C600013600C22A35E03E700FCFF7F7FFBFFFF06
:100C7000FFFFFF7F0020704710B5034A0349044877
:100C800000F0C0FB10BDC046500C0020ED0F00006E
:100C9000040C002041680B4B10B50400994201D0B0
:100CA00000F0A4F9A168084B994202D0200000F09E
:100CB0009DF9E168054B994202D0200000F096F9B9
:100CC00010BDC04644110020AC11002014120020B9
:100CD00000207047F8B5CE464746344C344B354A71
:100CE0002000002580B51A600423082200215C3012
:100CF00025606560A560656625616561A561E36045
:100D000000F052FF2C4B2000994663622B4B2C4F76
:100D10009846A362CC23E5502A4B2B4E6367802371
:100D200008220021C430E550E7622663A566E56627
:100D30002567A567E567246200F036FF2200882357
:100D40006832E2504A460433E250424620000433FF
:100D5000E2500433E7500433E6503833E5500433AF
:100D6000E5500433E550194A5C33E550583BE250F6
:100D70000433E5502D300433E550082204330021BC
:100D8000FF30E55000F010FF2200F023D032E25097
:100D90004A460433E25042460433E2500433E750FB
:100DA0000433E650C0BCB946B046F8BD441100203B
:100DB00040110020790C0000ED1A0000191B000002
:100DC000591B000009000100891B000012000200ED
:100DD000F8B5244B07001B68002B3BD0224E7368EC
:100DE000B468013B03D51BE06834013B18D30C22E7
:100DF000A55E002DF8D120001C4B08220021E360E5
:100E000065662560A560656025616561A5615C30EA
:100E100000F0CAFE6563A563A564E5642000F8BD23
:100E20003568002D01D02E00D9E7D62138004900C1
:100E300000F0AAF9041E10D00423D022056025007A
:100E400043600C300021A060520000F0ADFE346021
:100E50002E00C4E7FFF73EFFC0E70C2330603B6085
:100E6000DCE7C04640110020500C00200100FFFFCD
:100E7000036A10B5002B00D010BD044B0362044B75
:100E80001B68002BF8D1FFF725FFF5E7950C000054
:100E9000401100207047C0467047C04610B5002082
:100EA000024A034900F0AEFA10BDC046500C0020C3
:100EB000750C000010B50020024A034900F0A2FAA8
:100EC00010BDC046500C0020D10C0000F0B5C64645
:100ED00000B50C228B5E07000C001A073CD44A6850
:100EE000002A5CDDE66A002E32D000223D68216ACD
:100EF0003A60DA0457D4002201233800B0470200D8
:100F0000431C65D00C21635EE66A216A5B0706D547
:100F10006368D21A636B002B01D0236CD21A0023B2
:100F20003800B047431C40D000236360236923602E
:100F3000A389DB044AD4616B3D60002908D02300FB
:100F40004433994202D0380000F0A6F900236363CD
:100F5000002080BCB846F0BD0E69002EF8D00D68A8
:100F60000022AD1B0E609B0700D14A69A260002DD4
:100F700004DCEDE736182D1A002DE9DDA36A3200F6
:100F8000984638002B00216AC0470028F2DC402236
:100F9000A38913431BB20120A3814042D9E70A6C05
:100FA000002A9FDCD4E7626DB0E739680C22A35EAB
:100FB0001D2916D80C4ACA40D20712D500226260F9
:100FC00022692260DB04B6D50029B4D16065B2E79E
:100FD0003B68002B96D01D2B01D0162BD7D13D603E
:100FE000B6E740221343D6E7010040200B6970B5F5
:100FF00005000C00002B08D0002802D0036A002B4B
:101000000AD00C22A35E002B01D1002070BD21006C
:101010002800FFF75BFFF9E7FFF72AFFF1E7C0467B
:1010200070B5041E18D00F4B1D680369002B08D043
:10103000002D02D02B6A002B0AD00C22A35E002BBD
:1010400001D1002070BD21002800FFF73FFFF9E724
:101050002800FFF70DFFF0E7034A0449044800F0B9
:10106000D1F9EFE7000C0020500C0020ED0F00003C
:10107000040C0020314B70B5050018680C000028E6
:1010800002D0026A002A4FD00C22A35E1A071DD597
:101090002269002A24D0D90708D50021A1606169FE
:1010A00000204942A161002A08D070BD00219807A4
:1010B00000D461690020A160002AF6D11A06F4D597
:1010C00040221343A38101204042EEE7DA062ED5E9
:1010D0005A0714D4226908210B43A381002ADAD1CC
:1010E000A02180208900800019408142D3D02100B6
:1010F000280000F0BDFB0C22A35E2269CBE7616BE8
:1011000000290AD022004432914204D0280000F085
:10111000C3F80C22A35E00226263242293430022C0
:10112000626022692260D6E7FFF7A2FEACE70922DF
:101130002A6040221343A381C5E7C046000C00206B
:1011400070B5104E050033680C00002B15D021003F
:1011500028000DF0CDFF431C0CD00323C41C9C437E
:10116000A04205D0211A28000DF0C2FF013001D0A5
:10117000200070BD01246442FAE700210DF0B8FFA1
:101180003060E4E77C120020F8B50323CE464746E2
:10119000CD1C9D430835060080B50C2D1ED20C25B4
:1011A000A9421DD8300000F05FFB3A4F7A68002A50
:1011B0001AD0140004E063682200002B14D01C0035
:1011C00023685B1BF7D40B2B27D961192560944248
:1011D0005BD051600B6063684B600DE0002DDFDA7F
:1011E0000C230020336014E029003000FFF7A8FF33
:1011F0000400431C19D00560300000F037FB2000CC
:1012000007220B30231D9043C21A984201D01B1AAB
:10121000A350C0BCB946B046F8BD6368944202D042
:101220005360E9E743467B60E6E77B689846002B1E
:1012300024D0444663689846002BFAD123680021E5
:1012400099463000A1440DF053FF814516D1236823
:101250003000ED1A2900FFF773FF01300ED023682C
:101260007A685B1923605368002B02D1DAE71A0011
:101270005B689C42FBD100235360BDE70C23300028
:10128000336000F0F3FA0020C3E779600B60636815
:101290004B60B1E77C12002070B50500002915D025
:1012A0000C1F2368002B23DB280000F0DDFA274AFF
:1012B0001368002B05D0A3420BD921686018834224
:1012C0002CD028006360146000F0D0FA70BDA342F7
:1012D00010D81A005B68002BF9D1106811188C42E5
:1012E00018D02CD363605460280000F0BFFAEDE7FB
:1012F000E418D9E711685018A04214D01FD821680B
:1013000060188342EED118685B6841182160636001
:101310005460E9E723681B181360E5E718685B6809
:1013200041182160CDE720680918501811608342E8
:10133000DAD118685B68411811605360D4E70C2358
:1013400028002B6000F092FAC0E7C046801200200F
:10135000F8B505000E001400002802D0036A002B27
:1013600041D0A369A360A3891B071BD52369002B68
:1013700018D0FF22F7B2616916402268D31A994249
:101380001FDD0133A1680139A160511C2160177074
:1013900062699A421ED0A389DB0701D50A2E19D0B3
:1013A0003000F8BD21002800FFF764FE002817D1A7
:1013B000FF222369F7B2616916402268D31A994265
:1013C000DFDC21002800FFF711FE002808D10123EF
:1013D0002268D7E721002800FFF708FE0028DFD0A9
:1013E00001267642DCE7FFF743FDBAE7030010B5BC
:1013F0000A00034908681900FFF7AAFF10BDC0469C
:10140000000C0020F8B54746CE46884680B5814698
:10141000170000267D68BC68013D0DD4A389012B0F
:1014200007D90E22A35E013303D021004846C047EE
:1014300006436834013DF1D23F68002FEAD1300005
:10144000C0BCB946B046F8BDF0B5C64607000E00B0
:10145000140000B500292DD0002A27D000F09AFBF7
:101460008046844203D835004308A34210D32100AC
:101470003800FFF789FE051E0AD0220044450BD82C
:101480003100280000F07CFA31003800FFF704FF3B
:10149000280080BCB846F0BD31004246280000F06C
:1014A0006FFA31003800FFF7F7FEF1E7FFF7F4FEBF
:1014B0000025EDE71100FFF767FE0500E8E7C046ED
:1014C000F8B557464E464546DE46E0B51F000A9B36
:1014D000924698460A698B6806000C009A4200DA28
:1014E0001A0053461A604323E35C002B02D0514696
:1014F00001320A602268910661D5534652460620A1
:101500001B680233136022681100104208D10020CA
:10151000814619308346E168A344994247DC1100B3
:101520004323E35C5A1E934189060AD53020E11813
:101530004331087045215A1C615CA21843320233C2
:1015400011702200390030004332C04701301DD0F5
:10155000534606251B68E1689C462368A2682069FB
:101560002B40042B31D0824239DD00239946121AD8
:10157000914400251A3402E001354D452FDA01234C
:10158000220039003000C0470130F5D1012040422F
:10159000F0BCBB46B246A946A046F8BD01239C4616
:1015A0005346E5681B68E144ED1A4D4524DD0123EF
:1015B0005A4639003000C0470130EFD1E6E7062136
:1015C00011420ED05A1E9341BBE76346C91ACB4362
:1015D000DB170B4099468242C9DC0029C9DC002098
:1015E000D6E7002053468146193083461B68E168E0
:1015F000A3449942DBDC92E743232168E35C5A1E53
:101600009341890692D49CE7F0B54E469946432310
:101610009C4657464546DE468C446346E0B587B057
:1016200002930C00097E90460700109A002914D0FE
:101630000B00583BDBB2202B48D888489B00C3588E
:101640009F46136821681D1D606915601B680E06A2
:1016500002D4490600D5DCE018600023029D236116
:101660004B46210000933800434605AAFFF728FFA8
:1016700001301ED02A00414638002369C847013096
:1016800017D02368E068059E9B071BD5B04219DD83
:1016900019239A460025A24404E0E0680135831B23
:1016A000AB420FDD0123524641463800C8470130A6
:1016B000F3D10120404207B0F0BCBB46B246A94678
:1016C000A046F0BDB042F6DA3000F4E72500422330
:1016D00001204235E154432300222061E254BFE758
:1016E00013682168181D10600D0602D44D0600D540
:1016F00094E01A6816006368002A00DA92E0584AFB
:1017000093460A2203924BE01368206840CB0506FB
:1017100001D440067FD41360514B9B466F2900D102
:1017200091E00A23039337E013682500191D116027
:101730001A68422301204235E254CCE71368191D90
:1017400011601D68002128006268FFF7D1F80028A9
:1017500000D181E0401B6060BDE7202321680B437E
:1017600023604521782060543E498B46116840C96A
:10177000180603D4580601D53604360C1160DA0772
:1017800002D5202213432360002E03D12022236898
:10179000934323601023039343230022E25463689E
:1017A000A360002B18DB042122688A432260002EEC
:1017B00012D1029D002B49D1039B082B1ED0029B06
:1017C0005B1B23614CE745235821E15424492368DE
:1017D0008B46CBE72368C4E7039B9A46029D300003
:1017E000514600F0DFFA5B465B5C013D2B70330035
:1017F00006005345F3D2039B082BE0D12368DB0797
:10180000DDD5626823699A42D9DC3023013D2B7013
:10181000D5E7188021E73604360C7CE700269E5F6A
:10182000320068E743222D20A054A360002B02DB86
:101830000423994321600A239A46094B76429B462A
:101840000A230393CAE708230393A5E75B46250011
:101850001B7842352B70AFE760683CE764110100EC
:10186000CC1F0100E01F01007047C0467047C04612
:10187000F0B50C23CD5E06000C0097B0AA0707D583
:1018800023004733236023610123636117B0F0BD58
:101890000E23C95E00292BDB6A460DF041FC0028AF
:1018A00024DB8027FF0039003000019DFFF76CFC2E
:1018B000002833D08022A38920601343A381F02322
:1018C0001B021D408023206167619B019D42DDD189
:1018D00030000E23E15E0DF02FFC0028D6D003224D
:1018E000A389934301221343A381CFE70C23E55E31
:1018F0000F4B2D06ED171D408023DB009C466544F1
:1019000029003000FFF740FC002807D08022A3897F
:1019100020601343A38120616561B7E70C22A35EB9
:101920009A05B3D40322934302221343A381A7E76A
:1019300040FCFFFF70B50C001E000E23C95E1500B1
:1019400096B0002914DB6A460DF0EAFB00280FDB95
:10195000F02301991B021940084B9C4661444B42FD
:1019600059418023DB00002031602B6016B070BD30
:10197000A38900211B06F4D54023F4E700E0FFFF14
:10198000F0B505000F2A31D903273E000D430C00A6
:1019900003002E402F4234D11500103D2D09AC46D6
:1019A0002F013F1865685D60A5689D60E568DD6092
:1019B000256810341D601D001033BD42F2D165460C
:1019C0000F230C2401352D014919134045191442E8
:1019D0001AD0043B9B0801339B008C59AC51043650
:1019E0009E42FAD10323AD1989191A40561E002AC6
:1019F00006D00023CC5C1A00EC5401339642F9D196
:101A0000F0BD0500561EF4E71A00EFE7002370B59D
:101A1000074D0400080011002B600DF099FB431CDA
:101A200000D070BD2B68002BFBD02360F9E7C046C7
:101A30008412002010B50DF095FB10BDF0B5884262
:101A40000AD98B18984207D2531E002A03D0CA5CC9
:101A5000C254013BFBD2F0BD05000F2A0AD8561E26
:101A6000002AF8D00023CC5C1A00EC5401339642D3
:101A7000F9D1F0E703273E000D430C0003002E4090
:101A80002F422DD11500103D2D09AC462F013F18D6
:101A900025681D6065685D60A5689D60E568103417
:101AA000DD601D001033BD42F2D165460F230C24CA
:101AB00001352D01491913404519144213D0043B37
:101AC0009B0801339B008C59AC5104369E42FAD1DD
:101AD00003231A40AD198919561E002AC2D1BAE74C
:101AE0000500561EBEE71A00B9E7C04670B50C00E7
:101AF0000E25495F0DF0F1FA002803DB636D1B181A
:101B0000636570BDA389024A1340A381F9E7C0460B
:101B1000FFEFFFFF00207047F8B50C001F000C23FB
:101B2000C95E05001600CB050AD40A4B32001940E5
:101B30002800A1810E23E15E3B000DF0D5FAF8BD2F
:101B40000E23E15E002202230DF0CCFA0C23E15EAD
:101B5000EBE7C046FFEFFFFF70B50C000E25495FB5
:101B60000DF0C0FA431C07D08023A2895B01134308
:101B70001BB26065A38170BDA389024A13401BB2EA
:101B8000F8E7C046FFEFFFFF10B50E23C95E0DF06A
:101B9000ADFA10BD0B1F1B68181F002B00DB704730
:101BA0000B58C018FBE7C046F0B50500830749D0C5
:101BB000541E002A45D003000326CAB202E00135B4
:101BC000013C3ED301332A703342F8D1032C30D983
:101BD000FF220A401502AD182A04AD180F2C34D983
:101BE0002700103F3F093E01B4461E001A00103680
:101BF0006644156055609560D56010329642F8D104
:101C000001373F01DB190F270C22274022403C00FF
:101C1000002A0ED03E1FB608B400A4461A001C1DB0
:101C2000644420C2A242FCD103240136B6009B19B1
:101C30003C40002C05D0C9B21C19197001339C42DC
:101C4000FBD1F0BD03001400C0E72700E2E7C04667
:101C500030B5032A1AD90B0003439B0711D0551E38
:101C6000002303E05A1C9D4213D01300C25CCC5CDD
:101C7000A242F7D0101B0DE0043A04300431032ACD
:101C800004D904680B689C42F6D0E8E7551E002A88
:101C9000E6D1002030BDC046002243088B4274D3F9
:101CA00003098B425FD3030A8B4244D3030B8B425D
:101CB00028D3030C8B420DD3FF22090212BA030C66
:101CC0008B4202D31212090265D0030B8B4219D347
:101CD00000E0090AC30B8B4201D3CB03C01A524167
:101CE000830B8B4201D38B03C01A5241430B8B42AF
:101CF00001D34B03C01A5241030B8B4201D30B0398
:101D0000C01A5241C30A8B4201D3CB02C01A5241BE
:101D1000830A8B4201D38B02C01A5241430A8B4281
:101D200001D34B02C01A5241030A8B4201D30B026A
:101D3000C01A5241CDD2C3098B4201D3CB01C01A84
:101D4000524183098B4201D38B01C01A524143098E
:101D50008B4201D34B01C01A524103098B4201D37C
:101D60000B01C01A5241C3088B4201D3CB00C01AE9
:101D7000524183088B4201D38B00C01A5241430861
:101D80008B4201D34B00C01A5241411A00D2014686
:101D9000524110467047FFE701B5002000F0F0F80F
:101DA00002BDC0460029F7D076E7704703460B43D3
:101DB0007FD4002243088B4274D303098B425FD344
:101DC000030A8B4244D3030B8B4228D3030C8B4270
:101DD0000DD3FF22090212BA030C8B4202D3121256
:101DE000090265D0030B8B4219D300E0090AC30B2B
:101DF0008B4201D3CB03C01A5241830B8B4201D3D8
:101E00008B03C01A5241430B8B4201D34B03C01AC0
:101E10005241030B8B4201D30B03C01A5241C30A38
:101E20008B4201D3CB02C01A5241830A8B4201D3A9
:101E30008B02C01A5241430A8B4201D34B02C01A93
:101E40005241030A8B4201D30B02C01A5241CDD238
:101E5000C3098B4201D3CB01C01A524183098B4283
:101E600001D38B01C01A524143098B4201D34B016C
:101E7000C01A524103098B4201D30B01C01A5241CF
:101E8000C3088B4201D3CB00C01A524183088B4256
:101E900001D38B00C01A524143088B4201D34B003F
:101EA000C01A5241411A00D20146524110467047B1
:101EB0005DE0CA0F00D04942031000D340425340B6
:101EC00000229C4603098B422DD3030A8B4212D376
:101ED000FC22890112BA030A8B420CD389019211A8
:101EE0008B4208D3890192118B4204D389013AD0E5
:101EF000921100E08909C3098B4201D3CB01C01ABA
:101F0000524183098B4201D38B01C01A52414309CC
:101F10008B4201D34B01C01A524103098B4201D3BA
:101F20000B01C01A5241C3088B4201D3CB00C01A27
:101F3000524183088B4201D38B00C01A5241D9D23F
:101F400043088B4201D34B00C01A5241411A00D2C0
:101F50000146634652415B10104601D34042002BBC
:101F600000D54942704763465B1000D3404201B53B
:101F7000002000F005F802BD0029F8D016E77047F0
:101F80007047C046F0B5CE469946030C9C461304F4
:101F900047461B0C1D000E0061460404240C80B54E
:101FA0000700100C4B436543414360432C0CC018A1
:101FB00024188C46A34203D980235B029846C4446C
:101FC000494679435643230C2D042D0C891963444B
:101FD00024046019C918C0BCB946B046F0BDC0465B
:101FE00002B4714649084900095649008E4402BCB2
:101FF0007047C04602B4714649084900095C49006F
:102000008E4402BC7047C04603B471464908400084
:102010004900095E49008E4403BC704703B4714611
:10202000490840004900095A49008E4403BC7047E2
:10203000844608006146FFE71FB500F0E1FA00287A
:1020400001D40021C8421FBD10B500F069FA40421A
:10205000013010BD10B500F0D3FA002801DB0020DC
:1020600010BD012010BDC04610B500F0C9FA00280F
:1020700001DD002010BD012010BDC04610B500F0EC
:1020800077FA002801DC002010BD012010BDC046F9
:1020900010B500F06DFA002801DA002010BD012013
:1020A00010BDC0461C2101231B04984201D3000C23
:1020B00010391B0A984201D3000A08391B099842BB
:1020C00001D30009043902A2105C40187047C046D1
:1020D00004030202010101010000000000000000F1
:1020E000002B11D1002A0FD1002900D1002802D0E5
:1020F0000021C943080007B4024802A14018029019
:1021000003BDC0467DFEFFFF03B4684601B50298DB
:1021100000F024F8019B9E4602B00CBC7047C046FC
:1021200070B500220C4B04000D0002F043FA0028A9
:1021300004D12000290002F033F970BD064B0022C3
:102140002000290001F0F4FC02F02AF980231B068C
:102150009C466044F1E7C0460000E041F0B55746B8
:102160004E464546DE46E0B504000D0092469946CF
:1021700083B08B4230D82DD04946504602F024FA25
:1021800029000600200002F01FFA331A9846203B6F
:1021900034D49B4653465A46934042461F0053460A
:1021A00093401E00AF423BD8AF4200D179E05B467E
:1021B000A41BBD41002B00DA76E000220023009230
:1021C000019301235A4693400193012342469340D1
:1021D000009329E08242CFD900220023009201938C
:1021E0000C9B002B01D01C605D600098019903B02E
:1021F000F0BCBB46B246A946A046F0BD42469B464F
:1022000020239B1A5246DA40414613004A468A4030
:10221000170042461F43534693401E00AF42C3D9A6
:1022200000220023009201934346002BD8D0FB07E5
:1022300072081A4346467B080EE0AB4201D1A24227
:102240000CD8A41A9D41012024196D410021013EA2
:1022500024184D41002E06D0AB42EED9013E241980
:102260006D41002EF8D1009801995B460019694133
:10227000002B24DB2B005A464646D3402A001C0084
:10228000F2405B461500002B2ADB26009E403300FF
:1022900026004746BE403200801A994100900191C5
:1022A0009EE7A342BCD882E74246202300219B1A26
:1022B0000022009101920122DA40019285E7424614
:1022C00020239B1A2A0046469A402300F3404646A4
:1022D00013432A001C00F2405B461500002BD4DAA1
:1022E000202342462F009B1B97402600DE403B00E8
:1022F0003343CDE7F0B546464F46D6464502C0B516
:10230000C30F470098460E1C6D0A3F0E5BD0FF2F8F
:1023100021D08023ED00DB041D43002399469A461B
:102320007F3F74027300640A1B0EF60F002B20D04F
:10233000FF2B43D080220020E400D20414437F3BD3
:102340004246FF1A4B4672400F2B00D99DE071495F
:102350009B00CB589F46002D5AD108239946063B37
:1023600074029A467300FF27640A1B0EF60F002BB7
:10237000DED1002C3BD1012342464946724019432D
:102380000E2918D86448890041588F465346022BBD
:1023900000D1B8E0032B6ED042462C00012B40D177
:1023A00000200024C0052043D2071043E0BCBA46F9
:1023B000B146A846F0BDFF200024F3E7002C20D151
:1023C0000223FF3FD8E7002D05D104239946033BA4
:1023D00000279A46A5E72800FFF764FE7627431FEB
:1023E0009D4000237F4299469A463F1A99E7200074
:1023F000FFF758FE431F9C4076235B421B1A0020C8
:102400009EE703234A461A4391460320FC3397E78D
:102410000C239946093BFF279A4682E703282CD0D4
:10242000320038007F30002847DD630704D00F23D7
:102430002340042B00D00434230103D53800374B4C
:1024400080301C40FE28B6DCA401640AC0B2A9E7B3
:1024500080240022FF20E403A4E78023DB031D4245
:1024600001D01C420BD08024E4032C43640242467A
:10247000FF20640A96E746462C008023DB031C43BA
:1024800064023200FF20640A8CE76D01600185421E
:102490002DD21B230024013F0126290064006D007A
:1024A000002901DB854201D32D1A3443013B002B67
:1024B000F3D16B1E9D412C43B3E701231B1A1B2B49
:1024C00000DD6DE721009E37D940BC400B00611E46
:1024D0008C412343590704D00F211940042900D00F
:1024E0000433590113D49B0100205C0A5AE71A23D4
:1024F00001242D1AD0E7981E434258414042320031
:102500000024C0B24EE74246FF2000244AE70120E3
:10251000002447E7E811010028120100FFFFFFF740
:1025200070B542004E024C0045026D0A120EC30FF8
:10253000760A240EC90FFF2A10D0FF2C0CD00120E0
:10254000A2420AD1B54208D18B420FD0002A04D151
:102550002800431E984100E0012070BD0120FF2C9F
:10256000FBD13543F9D14B401800F6E70020F4E7E2
:1025700030B5420044024D02C30F4800640A120EF7
:102580006D0A000EC90FFF2A18D0FF280AD0002AB2
:102590001ED100280AD1002D29D0002C2DD14800B1
:1025A000013830BD002D25D1002A01D1002CF6D0F4
:1025B0008B4219D001205B421843F2E7002C19D15D
:1025C000FF28F7D1002D15D100208B42F2D1E8E78A
:1025D0000028EFD08B42EDD18242EBDC04DBAC4231
:1025E000E8D80020AC42DCD258000138D9E7002CF2
:1025F000D7D0DFE702204042D3E78B42DAD1EEE7C3
:1026000030B5420044024D02C30F4800640A120E66
:102610006D0A000EC90FFF2A17D0FF280AD0002A22
:102620001BD100280AD1002D1DD0002C2DD148002F
:10263000013811E0002D0ED1002A01D1002CF6D076
:102640008B420CD15800013806E0002C03D1FF2842
:1026500005D1002D15D0022030BD002806D1012063
:102660005B421843F8E7002CF6D0F8E78B42F6D12E
:102670008242F4DCE6DBAC42F1D80020AC42EBD283
:10268000E0E700208B42EAD1E6E78B42E7D1F2E7B0
:1026900070B5002812D0C317C5185D40C40F2800BC
:1026A000FFF700FD9E231B1A962B0FDC082838D05D
:1026B000083885406D026D0AD8B202E0002400207F
:1026C0000025C0052843E407204370BD992B14DC86
:1026D000421F95402A001549114055071CD00F256F
:1026E0002A40042A18D00431CA08490115D59F236D
:1026F0005202181A550AC0B2E3E7020029001B3241
:1027000091404A1E91410522121AD5402A000A43DF
:10271000064911405507E2D1CA085202550AD8B2FB
:10272000CFE76D026D0A8E30CBE7C046FFFFFFFB9F
:10273000F0B54F464646D646C0B50D0382B000926E
:1027400001934E00C300CC0F690A450F9C46009AC6
:10275000019B0D435F001903D80F009B490A5B0FD3
:102760001943009B760D7F0DDA00F31B844258D08D
:10277000002B13DD002F00D088E00800104300D1AB
:1027800059E1581E012B00D1C2E2B14FBB4200D12A
:1027900041E1382800DD6AE2030064E1002B00D14A
:1027A000B1E0BB1B002E00D0E1E164462C4300D118
:1027B00076E25C1E012B00D1E8E2A54EB34200D1C7
:1027C000B7E2382C00DC6BE3541EA2429241524225
:1027D0008D1AA0461E0004002A0268D443461F1D1D
:1027E00047459B415B42ED182B0200D49DE3984A7C
:1027F0000136964200D1EBE0964A73052A405B0D04
:102800005107FF0852020F43120B1B051343E40745
:1028100023433800190002B0E0BCBA46B146A846CE
:10282000F0BD002B00DCD7E0002F00D09AE00800BC
:10283000104300D1FFE0581E012B00D148E2844F25
:10284000BB4200D1E7E0382800DCB8E28022120465
:10285000154200D149E31E000023150098467C4B29
:1028600001369E4200D1B3E07A4B01211D40434620
:102870005A081940EF070A4317436D087B07B3D086
:102880000F233B40042BAFD0B846A7E770488642E1
:1028900000D1C0E0382B00DCE2E001235B4263445E
:1028A0009C45804140422D1A98462B0296D5012323
:1028B0005B429846684D2800FFF7F4FB0300083B95
:1028C00020214046CA1AD040020040469D40984010
:1028D0002A438046B34200DA72E1981B4346013036
:1028E000091A45468B40C5405E1EB34117008F4014
:1028F0002B431F43C2403B00150000261343BDD1AC
:102900000027002281E7554F731C3B4200D01BE19A
:1029100063460F002B431743002E00D0C4E1002B69
:1029200000D145E2002F00D107E163469B1A98468B
:10293000C445B6416B1A76429B1B8026360433424F
:1029400000D1CBE26346D31A9A4292411F00491B41
:1029500052428A1A9C46174300D0EDE2040000233D
:10296000002252E73A48864255D0382B00DD48E134
:102970008020000401431F2B00DDE3E12027F81A2B
:10298000824608005746B840814610004F46D8405E
:10299000074338005746BA40D940571EBA416D1810
:1029A000104360448046E045804140422D182B0290
:1029B00000D554E743465B0700D1B9E20F234246F6
:1029C0001340042B00D009E733004246D20834E01C
:1029D00033000022002718E7002B00D18FE0BB1B3B
:1029E000002E00D033E16046284300D140E2581E5B
:1029F000012B00D10AE2164EB34200D185E23828FD
:102A000000DC87E280252D04294200D19CE21E00D3
:102A10000023984623E763466E07D8080643ED086F
:102A200037002F4311D0802212032A4312033700AC
:102A3000074B120BE9E66246D2086E071643044ABA
:102A4000ED089342ECD03700D6E0014B0022DCE6E3
:102A5000FF070000FFFF7FFFFFFF7F00FE07000072
:102A60008020000401431F2B00DDB1E02027F81A6D
:102A7000824608005746B840814610004F46D8406D
:102A8000074338005746BA40D940571EBA416D1A1D
:102A9000104363461B1A9C458041984640422D1ABC
:102AA0002B0287D56D026D0A002D00D003E740464A
:102AB000FFF7F8FA030018331F2B00DC00E742464B
:102AC000083882409E4200DD91E09B1B581C1F2865
:102AD00000DCF8E117001F3BDF40202805D0402331
:102AE0001B1A9A40531E9A411743002F3CD00026D0
:102AF0007B0700D0C4E63500B846330065E7CB4815
:102B0000731C034200D085E063462B43002E00D0A7
:102B100092E10F001743002B00D1D8E1002F0CD019
:102B20006244624580416D1840422D182B0200D549
:102B3000F2E1170094462F4316D063466F07D8087A
:102B400007430023ED0857E063469B1A9846C445A7
:102B5000BF416B1A7F42DB1B1F0200D5AEE0474628
:102B60001D001F43A0D10024002300224DE6B04CDD
:102B7000A74200D1DDE0382B00DD85E0802424046D
:102B800025431F2B00DDECE02026F41AA1462C0083
:102B90004E46B4406646DE403443A04666464C4648
:102BA000A640DD40741EA6414446491B3443131B16
:102BB0009A4292415242984604003E008D1A6FE7B5
:102BC000F61A03009B4D15405B0700D0F6E6FBE6C6
:102BD00018000F002038C740202B03D04020C31A14
:102BE00099400A43531E9A411000384351E79149D6
:102BF000F31A0A405707D5082A035B05120B5B0D31
:102C000003E680231B041D4200D1BBE01D0000230E
:102C1000984624E68648834200D1DAE6624462455B
:102C20008041691840420918C8075208104380467D
:102C30004D08520705D00F221E000240042A00D082
:102C4000CCE542466F07D20817430D09D4E7784810
:102C5000874200D1D5E0382B00DCB2E080252D047E
:102C6000294200D14CE100233E009846F7E50122BD
:102C7000524262449445804140422D1A90461E00C3
:102C80002A0200D513E6A9E5531E9A429241524208
:102C90008D1A984604003E002B0200D507E69DE5FC
:102CA00004000D00D208C8E6002B00D0E3E0002F9E
:102CB0003FD1802200245E4B1203A6E56346D31A5F
:102CC0009A4292414D1B524298460400AD1AEBE6DF
:102CD00062441600664580416A1840421218130289
:102CE00000D49DE0534973080A40D107194357089F
:102CF0005B0700D1FEE00F230B40042B00D1F9E06D
:102D00000B1D98468845AD416D420223ED195CE6E6
:102D100063469B1A9C4580416D1A40422D1A984685
:102D20002B020DD443466F07DB081F43ED08012338
:102D300062E74E07D20804001643CD0870E604008F
:102D40000126AFE618000F002038C740202B03D023
:102D50004020C31A99400A43531E9A411000384339
:102D60001FE61C002E00203CE640202B05D040240E
:102D7000E31A9D4063462B439C466446631E9C4178
:102D8000344314E701236344984627E56346D31A86
:102D90009A4292414D1B5242AD1A98462B02CED414
:102DA00043466F07DB081F4304000123ED0823E7B8
:102DB000002F00D1D7E604000D009446BDE60300C5
:102DC000D9E58020000405431F2B6BDC2020C01AAE
:102DD000804628004646B0406646DE400643B1467F
:102DE00060464646B040DD40461EB0414E46491959
:102DF0003043804690449045924152423E005518DF
:102E0000D5E54E07D2081643CD0809E663469E185D
:102E100096429241691852428A18130200D561E71E
:102E20005707F60801233743D508E5E6FE070000FB
:102E3000FF070000FFFF7FFF002BE2D06346DE08A4
:102E40006B071E430B00ED08134300D1E8E5802318
:102E50001B031D4206D0C808184203D10500D6083E
:102E600049070E43730FF600F6085B071E43D7E5CC
:102E70000D00D208E1E56346DE086B071E43ED084E
:102E8000002F00D1CCE580231B031D42EAD0CF08E0
:102E90001F42E7D1D608490704003D000E43E1E791
:102EA00023006EE618002E002038C640202B05D0E7
:102EB0004020C31A9D4063462B439C466046431EF8
:102EC0009841304395E720210023091A0EE500239D
:102ED000002F00D1BAE50D00904676E547461F4326
:102EE00000D140E61D00C44627E601226244904618
:102EF0001E0073E4C9087F0702230F4315097BE610
:102F0000531C98460D003E0068E4D6084B071E434C
:102F1000CD0885E5030057E7114BD2082B405F072A
:102F200017435A02120B01236FE43300B8464CE5F5
:102F30004346DA08330080E532420AD0084B0400E9
:102F40001A40674601235BE4013290460D001E00E3
:102F500044E4DB0857071F4304000023D5084BE671
:102F6000FFFF7FFFF0B5DE46454657464E46E0B5CB
:102F700087B0009201930B031B0B9B46CA0F4B00BB
:102F8000040080465B0D029200D1BFE08F4A93425D
:102F900038D05946420FC9000A4380210904114321
:102FA000C20090468A4A894692469A4400230024E9
:102FB0000393009E019F3B031B0B7A0030009B464E
:102FC000520DFD0F002A00D17FE0804B9A426ED057
:102FD0005946730FC9000B438021090419438B46DE
:102FE0007B49F3008C46514662448A1A924600217E
:102FF000029E6E40F6B20F2C00D9F9E0754AA4008B
:10300000125997465A460243914600D0B6E09A4676
:103010000223904608240393CBE72E0000210023CF
:10302000002288461B051343F60733434046190028
:1030300007B0F0BCBB46B246A946A046F0BDCB46A1
:103040004346029D0399022900D1FAE1032900D1E8
:10305000A1E00129E1D0604A524490464446002C48
:1030600000DC00E25A0704D00F221A40042A00D0E4
:103070007FE22E00DA085B46DB0106D55946574B46
:10308000802419408B46E4005444554B9C4209DC93
:103090005B465B07134398465B4664055A02120B76
:1030A000630DBFE7002100228846484BBAE75B4624
:1030B000009A13434B4A9446E244002B59D1022212
:1030C000144300220221934692E75B46009A134381
:1030D00049D05B46002B00D1A4E15846FEF7E2FF41
:1030E000030002000B3B1D27009EFB1A11005846EF
:1030F000DE4008398840330003439B46009B8B40E9
:10310000394952448A460021924471E75B460343A1
:10311000994621D05B46002B00D171E15846FEF75D
:10312000C1FF0B235B429C460200844466461D237C
:103130009B1B260011005846DE40083988403300AA
:103140000343994623008B409846284B00249B1A42
:103150009A46002303932CE7002398469A460133AE
:103160000424039325E701221443002201219346FE
:103170003EE7032303211C43330039E79A46032328
:10318000D9460C24039314E7002380229846002696
:103190000E4B120346E78022594612030A431203DC
:1031A00098462E00094B120B3CE780224946120339
:1031B000114202D059461142F0D080224B461203F0
:1031C0001A431203029E014B120B2BE7FF0700006C
:1031D00001FCFFFF64120100FF030000FFFFFFFE80
:1031E000FE07000001F8FFFFF30300000DFCFFFFE6
:1031F000CB4500D2FAE000D1F5E0012252429446DC
:103200000022444648469046E2445A461F0E1202A7
:103210001B020293130C994617433B041B0C4946AF
:103220000093FEF7BFFD009A0B044243210C0500FA
:1032300019438A4207D9C919013D8F4203D88A42EE
:1032400001D9851EC919881A4946FEF7ABFD009AB7
:10325000240442430904240C03000C43A24204D971
:10326000E419013BA74200D8F7E00299A01A2D0407
:103270000C0C09041D43090C2A0C2B04AB460D0051
:103280001B0C5D43059163435143049462435B18F7
:103290002C0CE318994203D9802149028C466244E0
:1032A000190C2D041B042D0C8A185D19904200D2B4
:1032B00087E000D182E043465D1BA8459B41801A10
:1032C0005B42C01AB14B534498461C00874200D160
:1032D0000CE14946FEF766FD0200009B03905A434D
:1032E0000B04290C19438A420AD90300C919013B6E
:1032F00003938F4204D88A4202D9831E0393C919CB
:10330000881A4946FEF74EFD0A00120494462A0424
:1033100065460099120C414303002A43914207D9A4
:10332000D2190138974203D8914201D9981ED21977
:10333000039B521A1B0403430598190C05008C4685
:103340001904090C4D43894661460095654648437A
:1033500004994D43AC464D464D432918009D2D0C14
:10336000A9464944884203D9802040028146CC4482
:10337000009D080C2D0409042D0C60444D19824257
:103380000FD30BD001221343814A92456CDB1A1DE7
:103390009A429B415B42D2089B446CE6002D00D1CF
:1033A00093E0591EBA188C46BA4200D285E0824298
:1033B00000D2C7E000D1D5E00B00E3E7A84500D379
:1033C00079E75B46591E029B9C46E0441C009845E9
:1033D0009B415B42DB19C018874238D2824278D8C1
:1033E00075D08B4667E7434500D906E74A46D407C0
:1033F00050084246520814434246D207904604E71A
:10340000FEF750FE15239C4684440200634620329A
:103410001C2B00DC8AE623000838834099460023F1
:10342000984692E6FEF73EFE030002001533203276
:103430001C2B00DC57E600990838814000238B469E
:103440005EE600212E0000228846524BEAE58742C4
:10345000C7D14445C2D98B462DE7A24200D804E724
:10346000831EE41901E72E0001224146521A382A30
:1034700000DDD3E51F2A3FDC47481C005044594675
:1034800083408140D440581E834121430B43594619
:10349000D1400A00590709D00F211940042905D04D
:1034A000191D99429B415B42D2180B00110268D54D
:1034B0000021012300228846B4E50B00824200D09F
:1034C00060E7029A954200D05CE73500C6E54545C5
:1034D00087D902235B429C46029BE3449C46E0441E
:1034E00098459B415B42DB19C018E4E6002B36DDB2
:1034F000012300229B44BEE51F2140464942091A90
:103500005846C8400100202A04D05846234A524455
:10351000904003435A1E934107200B4301000022B1
:103520001940184209D00F21194004291FD0181D35
:1035300098428941030049424907DB080B439846FA
:1035400000236FE50299023B49008C4602998C45A5
:1035500089414942C919521861460291AEE70123D7
:103560005B4281E70299A942ECD36346A9E70021B7
:10357000E3E71A1D9A429B415B422E00D2089B440E
:1035800079E551075202120BD7E7C046FF0300004E
:1035900002FCFFFFFF0700001E0400003E040000C5
:1035A000F0B557464E464546DE46E0B51F000B03D4
:1035B0001B0B16009846CA0F4B000400924685B0BC
:1035C0005B0D00D1C2E1CC4A934200D128E14146D3
:1035D000420FC9000A43802109041143C2009146E9
:1035E000C64A884693469B440023002501933C032A
:1035F0007A00FB0F3000240B520D009300D185E1BF
:10360000BD4B9A4200D160E1BC4B9C46624493445E
:103610000A2D00DD14E1730FE4001C4380231B041A
:103620002343F0005246009900264A409246022D5C
:1036300011DD0122AA40A6211400C9000C400A4253
:1036400000D0FDE0902189000A4200D0D4E1882119
:10365000114200D0EFE049464A460904140C090C17
:10366000020C0F0015000004000C65434743019550
:10367000B9462F000D0006005543AC464D46664343
:103680002D0CB4446544AE4205D93E0080277F022C
:10369000BC46664401964F463F043F0C2E0C2D0459
:1036A000ED1902951D0C1B041B0C00951D001F003D
:1036B00065434F43AC46009D69436C433D0CA946AE
:1036C000614449448C4503D980256D02AC4664446D
:1036D0003F040D0C3F0C0904C919AC46751803953D
:1036E00045462E04360C2F0C350045437843804662
:1036F00038006444AC462D0CA94650437243424402
:103700004A44904503D980256D02A8464044150CD3
:10371000A84665462D042D0CAC4635005D431204C9
:103720006244AC467B43009D404498462B006E4368
:1037300065467B4346442D0CAD191F000093A845F8
:1037400004D980235B02984647440097039B019E5F
:1037500098462B044644984663468E4289411B0492
:103760001B0C4344B61849421B195F1896429241FC
:10377000BC465242804691468C458941A3429B41BA
:10378000E044C14449425B42914592410B4380452C
:1037900089412D0C494252420A435B199B18009AF9
:1037A000029994464A4663445B02D20D1A439046FE
:1037B00072020A43511E8A41F60D16434A465202CE
:1037C0001643B146DB0154D44D4A5A44002A00DC6A
:1037D00018E133005B0715D00F215B463140042907
:1037E00010D04946081D48458941814649428844D0
:1037F0004146C90106D54146424A114080228846C9
:10380000D2009A18404B9A4200DD2BE141464B46CC
:103810004C07DB081C4352054B021B0B520D1AE0F0
:1038200042460243914600D0E0E09B460223904688
:1038300008250193DBE6009A984692468146019658
:10384000019B022B00D10DE1032B35D0012B1BD1A5
:1038500000220023002412051A435346DB071A43B3
:103860002000110005B0F0BCBB46B246A946A046F8
:10387000F0BD01227308324013434246D20713437E
:10388000994643465B08984680225B46D2005A44DC
:103890000133002A00DCB6E049464907A8D00F21D1
:1038A0004846014004299CD1A2E70F2D00D1FDE03C
:1038B000009BA0469A46B146802342461B03134311
:1038C0001B034C460C4A1B0BC5E70B4933008C46C7
:1038D0002343E344002B77D1022129430A29AFDC9B
:1038E0005046009C60408246002D00D10EE10D0044
:1038F000002002269DE6C046FF07000001FCFFFFF6
:10390000FF030000FFFFFFFEFE070000230033431C
:103910004BD0002C00D1BBE02000FEF7C3FB03001E
:1039200002000B3B1D20C31A3000D84011000300D9
:10393000300008398C408840234359468A1A784918
:103940008B4693440A2D00DC6CE679E7434603433B
:10395000994623D04346002B00D187E04046FEF72E
:10396000A1FB0B235B429C460200844411004046AD
:10397000083988401D23804660461B1A2000D84025
:10398000030040460343984623008B409946644B0E
:1039900000259B1A9B460023019328E600239846A6
:1039A0009B4601330425019321E6012215430A2D8C
:1039B00000DD45E7524600994A409246022D00DC60
:1039C00046E70020012634E603231D430A2D00DDCF
:1039D0006BE75346009A882153400122AA409A4639
:1039E00003262300114200D135E624E79B4603233A
:1039F00081460C250193FAE500239A468023494A23
:103A00001B0328E75B460121891A382900DD1FE7DF
:103A10001F295ADD1F204042821A4046D0402029EB
:103A200008D0414A9446424663449A4013004A46AD
:103A30001A4391464A460721531E9A410C000243FD
:103A400000231440114209D008311140042960D0EC
:103A5000111D9142A4410A0064426407D208144334
:103A60000022F8E6002300242E4AF4E6FEF71AFBB3
:103A700015239C4684440200634620321C2B00DC44
:103A800074E70023994623000838834098467EE770
:103A9000FEF708FB03000200153320321C2B00DC6C
:103AA00040E7330008388340002046E78023424641
:103AB0001B031A4200D1FFE61C4200D0FCE6009A2C
:103AC000234392463400174AC5E6184A40469446B6
:103AD0004A4663449840CA4010434A469A40531E9F
:103AE0009A4143460243CB40510709D00F21114070
:103AF000042905D0111D9142924152429B180A009F
:103B0000190208D5012200230024A4E60023002482
:103B1000A1E60024A2E75C075B021B0B9EE7C04600
:103B20000DFCFFFFFF0700003E0400001E04000024
:103B3000F0B54E464546DE465746E0B583B00090A8
:103B400001910D034E000199760DCC0F690A009D7D
:103B50006D0F0D43009900920193C8001903019B5A
:103B6000CB4A5B005B0D9946019B8346DB0F984671
:103B70004B0A0099490F1943009BDB009C469A466B
:103B8000914500D173E0012347465F404B46B8465C
:103B9000F31ABC4216D0002B00DC9AE24F46002FED
:103BA00000D082E067460F4300D13AE15F1E012B4F
:103BB00000D1A4E2934200D12EE1382F00DD43E290
:103BC0003B003EE1002B00DCD7E24F46002F00D047
:103BD000F8E067460F4300D123E15F1E012B00D1BF
:103BE00057E2934200D117E1382F00DC04E3802232
:103BF0001204154200D1AAE31E0015000027A44BB1
:103C000001369E4200D103E10122A24B3A401D4001
:103C100079081143EA070A436D08530709D00F23B7
:103C20001340042B05D017003A1DBA42BF417F4212
:103C3000ED192B0200D477E3954901368E4200D16D
:103C4000E6E0944973050D405B0D6907D2086D02EB
:103C50000A432D0B1B052B43E407234310001900D7
:103C600003B0F0BCBB46B246A946A046F0BD8A4BA5
:103C7000F21863460B434CD0444550D0002A6CD018
:103C8000002E00D17DE1634644464F07DA08174312
:103C9000C8083A00024300D1CDE080252D0305433A
:103CA0002D033A007A4B2D0BD4E7964200D1B3E0B6
:103CB000382B00DCC2E0471EB842804140422D1A3A
:103CC0002B02B1D50127754D7F422800FEF7EAF996
:103CD0000838202339001A1A8540D14087402943EB
:103CE000B04200DA45E1801B01301B1A3D009F40C5
:103CF000C5407A1E97410A009A402F433A43C1407B
:103D000013000D0000260B4300D086E7002200259B
:103D1000A0E7474601235F40B8464445AED1002A9C
:103D200000D1EFE0002E00D088E14B462A0002438C
:103D300000D1A0E25A1E012B00D1B7E2544EB3428B
:103D400000D17BE1382A00DC12E380252D042942D2
:103D500000D112E31E00002751E7514A731C1342A1
:103D600000D0F4E062462B000A430343002E00D04B
:103D700074E1002B00D123E2002A00D1E0E0634689
:103D8000C71AB842924180266B1A52429B1A3604D7
:103D9000334200D1C1E26346181A844592414D1B5B
:103DA0005242AD1A0124020043462A431C40002A15
:103DB00000D1DBE0354200D1E9E2364B02001D4084
:103DC000012342E7964227D0382B00DD11E1802203
:103DD000120411431F2B00DDA1E120220F00D21A93
:103DE000914697406246DA401743B84662464F46CE
:103DF000BA40D940571EBA4147466D1817433F187D
:103E00008742804140422D182B0200D5F7E634E06E
:103E10003300002500221DE7C0086F070743E808AC
:103E200037E7C7086A071743194AE808934200D1E1
:103E30002FE73A00D8E0164B00250BE7802212044A
:103E400011431F2B00DDB7E020220F00D21A91464C
:103E500097406246DA401743B84662464F46BA403A
:103E6000D940571EBA4147466D1A1743C71BB8427F
:103E7000804140422D1A2B0216D47B0700D179E2F3
:103E80000F233B40042B00D0CEE63300FF08C9E7E8
:103E9000FF070000FFFF7FFF01F8FFFFFFFF7F002C
:103EA000FE070000444601266D026D0A002D00D079
:103EB0000BE73800FEF7F6F8030018301F2800DC87
:103EC00007E73900083B9940864200DD87E0831B05
:103ED000581C1F2800DC14E20A001F3BDA4020288F
:103EE00005D040231B1A99404B1E99410A43002AD2
:103EF0003CD00026530700D091E617003500330070
:103F0000FF088FE7CA4A731C13427AD12B00034380
:103F1000002E00D092E162460A43002B00D1F4E16A
:103F2000002A0DD06346C718874280416D18404271
:103F30002D182B0200D512E23A00BB462A4315D0B9
:103F40005B466A07DF083A430023E8084CE0634613
:103F5000C71AB84292416B1A52429B1A1A0200D5F4
:103F600087E03A001D001A43A0D100240023002559
:103F700070E6B04D361A0D407B0700D080E7330065
:103F800084E74B462A0002437ED05A1E012B00D103
:103F90001FE1A94CA34200D198E1382A00DC9CE142
:103FA0006246571EBC45924152428D1A44461E003D
:103FB0002A0200D586E637E61A000F00203AD740DD
:103FC000B846202B05D04022D31A994063460B43B4
:103FD0009A4657467B1E9F4143461F4346E7954AF4
:103FE000331A11404A07C80805035B052D0B5B0D0A
:103FF00030E680231B041D4200D1FBE01D0000279A
:10400000FDE58D4A934200D103E762468218824261
:104010008041691840420818C707520817434508ED
:10402000520700D4AEE10F221E003A40042A00D00D
:10403000FAE5FF086A073A430009D5E763464F07E8
:10404000DA081743C80824E6471EB84280414042B8
:104050002D1A1E002A0200D534E6E5E5002B00D01B
:104060000DE1002A00D069E180250024724B2D0368
:10407000F0E563461F1ABC459241012443464D1B9F
:104080005242AD1A1C4011E7624644460D00D70863
:10409000C8E66346C618864280416918404209183E
:1040A0000B0200D40CE1634B70081940CB070343AB
:1040B0004A08400700D43BE10F201840042800D1F3
:1040C00036E11F1D9F42AD416D420223AD18FF082E
:1040D000A8E6002B00D140E64B469B1B002E00D1EA
:1040E00050E7382B2EDD63465F1EBC45924152429D
:1040F0008D1A44464E462B0200D5E3E594E563460F
:10410000C71AB84280416D1A40422D1A2B0200D5C1
:10411000C9E66A07FF0801233A43E80864E71A0082
:104120000F00203AD740B846202B05D04022D31AA2
:10413000994063460B439A4657467B1E9F41434630
:104140001F435CE680223C00120415431F2B26DC33
:1041500020222F00D21A060090409740DE40421ED7
:104160009041DD4037430743491B6346DF1BBC4595
:10417000924152424E468D1A7DE6002B00D1C1E697
:104180004B469B1B002E00D1D0E5382B36DD802519
:104190002D04294200D1DDE04E4600272FE51A000C
:1041A0002E00203AD640202B05D04022D31A9D4025
:1041B0002F000743BB465F467B1E9F413743D4E732
:1041C000002A00D1D1E6012443460D00E3461C40FD
:1041D000B6E663461F1ABC4592414D1B5242AD1ACA
:1041E0002B0200D55EE66A07FF08444601233A43E6
:1041F000E808F9E6471C17E53B00EBE580221204CE
:1042000015431F2B6CDC20222F00D21A0600904091
:104210009740DE40421E9041DD4037430743491935
:1042200067446745924152424E465518ECE5C046F8
:10423000FE070000FFFF7FFFFF070000002B00D1FB
:10424000FCE6C7086B071F436346E8080B4300D131
:104250001FE580231B03184207D0CA081A4204D165
:1042600063461000DF0849070F437B0FFF00FF087C
:104270005B071F430DE562460D00D708D2E5C7086E
:104280006B071F43E808002A00D102E580231B03C7
:104290001842EAD0CA081A42E7D163460124DF086F
:1042A0004346490710000F431C40DEE76044604569
:1042B000924169185242891806000B0200D5F2E6B5
:1042C0004A07F60801233243C8088DE66346DF0833
:1042D0004B0744461F43C808DBE44446130035E758
:1042E0001A002E00203AD640202B05D04022D31AA7
:1042F0009D402F000743BB465F467B1E9F413743CF
:104300008EE7202300271B1AF5E40023002A00D1A2
:1043100092E567460D00FF0884E53A001A4300D194
:1043200023E61D00BB460BE617003300FF0879E5C6
:10433000DB0852071A430809022355E663460124A5
:10434000DA0843464F071743C8081C40A1E41E0083
:10435000471C69E467460D004E46013764E40F4B85
:10436000FF081D406A076D0201233A432D0B71E4DB
:10437000130046E73300FF0854E567460D001E00B2
:10438000013751E46A07FF083A4300092CE6C008E8
:104390006A0702430023E80826E6C046FFFF7FFFC6
:1043A0000B00020070B5164D0C0382B049000020CE
:1043B00000920193240B490DDE0FA94204DD114840
:1043C000814203DD104BF01802B070BD8020400325
:1043D00020430E4C641A1F2C08DD0D4B5B1AD8408D
:1043E00003005842002EEFD11800EDE7094B009A68
:1043F0009C46030061448B40E2401343F1E7C04612
:10440000FE0300001D040000FFFFFF7F33040000D7
:1044100013040000EDFBFFFF70B5002816D0C31792
:10442000C5185D40C40F2800FDF73CFE104B1B1A59
:104430005B055B0D0A2814DC02002E001532964045
:104440000B22121AD5402D032D0B03E0002400236C
:10445000002500261B052B43E407234330001900E9
:1044600070BD0B3885402D0300262D0BF2E7C046AA
:104470001E04000010B5041E10D0FDF713FE0E4BF5
:104480001B1A5B055B0D0A280FDC0B222100121A98
:10449000D14015300A038440120B01E000230022B2
:1044A0001B0513432000190010BD22000B38824069
:1044B00012030024120BF3E71E04000070B5420241
:1044C0004300C40FFE201B0E591C550A08420CD095
:1044D000E02189008C466D07120B63441B051343D2
:1044E000E40723432800190070BD002B14D1002DD0
:1044F0001BD02800FDF7D6FD0A281CDC0B232A0060
:104500001B1ADA40030015339D400E4B12031B1A91
:104510005B05120B5B0DE1E7002D09D0130B802228
:1045200012031A436D07084BD8E700230022D5E792
:104530000022054BD2E703002A000B3B9A400025DE
:10454000E3E7C04689030000FF070000844610002F
:1045500062468C461900634600E0C0461FB500F075
:10456000F5F8002801D40021C8421FBD10B500F0A5
:1045700037F84042013010BD10B500F0E7F80028D0
:1045800001DB002010BD012010BDC04610B500F0B9
:10459000DDF8002801DD002010BD012010BDC0465F
:1045A00010B500F063F8002801DC002010BD0120E8
:1045B00010BDC04610B500F059F8002801DA0020FF
:1045C00010BD012010BDC04610B5002903D1FDF774
:1045D00069FD203002E00800FDF764FD10BDC04613
:1045E000F0B55746DE464E464546E0B50D000400A0
:1045F000E80F83460903D80F090B82461A488C46F8
:104600001F0369005E00490D3F0B760D81421AD0F1
:10461000864211D00120B1420FD1BC450DD1A2423A
:104620000BD1D3451ED0002907D1614611430A00A2
:10463000531E9A41100000E00120F0BCBB46B24678
:10464000A946A046F0BD01208E42F6D1614639430D
:104650000F0017432743F0D15B465246981A431E7A
:104660009841EAE70020E8E7FF070000F0B5574669
:104670004E464546DE46E0B50D000E034900490DA5
:104680008A46DF0FE90FBC4683B02F4F04008046F7
:104690000191580019039146360B090B400DBA459C
:1046A0001DD0B8420DD05746002F2AD134430028E0
:1046B00024D10A4336D0002C41D16346580001383A
:1046C00015E0114338D15346002B01D12643F4D0D5
:1046D000019B634507D1019B5800013807E0264341
:1046E0002AD1504521D00120019B5F42384303B0BD
:1046F000F0BCBB46B246A946A046F0BD002CDCD0BB
:10470000E6E70028EFD0019B6345ECD18245EADC67
:10471000E1DB8E42E7D8DED1C845E4D80020C845A9
:10472000E5D2D8E7002CE2D0DDE7114304D1019BAC
:104730006345D8D10020DAE702204042D7E7019B49
:104740006345E6D0CFE7C046FF070000F0B5574607
:104750004E464546DE46E0B50D000E034900490DC4
:104760008A46DF0FE90FBC4683B02E4F0400804617
:104770000191580019039146360B090B400DBA45BB
:104780001ED0B8420DD05746002F27D13443002801
:1047900033D10A4334D0002C40D16346580001384D
:1047A00015E0114312D15346002B01D12643F4D01A
:1047B000019B63451DD00120019B5F42384306E009
:1047C000264303D15045F6D111431CD0022003B03B
:1047D000F0BCBB46B246A946A046F0BD0028EAD0D0
:1047E000019B6345E7D18245E5DC02DB8E42E2D8DE
:1047F0000ED0019B58000138E9E7002CCDD0D7E757
:10480000002CE4D0D7E7019B00206345DFD0D2E73E
:10481000C845D0D80020C845D9D2EAE7019B6345F6
:10482000E4D0C8E7FF0700000020044B10B51B6868
:10483000834201D01B68984710BDC046EC2D002074
:10484000054B10B51B68002B04D05A69002A01D013
:104850005B69984710BDC046EC2D00208023074AB5
:10486000DB00D16B0B43D3630222054B19680A436B
:104870001A60012219680A431A607047001002404A
:104880000028024080220D4B1206DA67BFF34F8FDB
:10489000BFF36F8F01210A4A93788B439370802274
:1048A000084BD201196B0A431A631A6B06490A4076
:1048B0001A63DA6B0A40DA637047C04604E100E02D
:1048C0000038024000100240FFBFFFFF144B10B53C
:1048D0001A680123920606D5124B134A9B7813706F
:1048E000124A137000230024114A21001370114B47
:1048F00014221C70104B11481C70114B1C80114B62
:104900001C70114B1C70FDF74FF9142221000F4849
:10491000FDF74AF901220E4B1C800E4B1A7010BD98
:10492000000800480C110020022900200129002065
:104930001E2E00201D2E00201C2E0020082E0020E0
:10494000F22D002000290020FF280020F42D002057
:10495000202E0020222E00200122034B1A7000225C
:10496000024B1A807047C046DE2D0020DC2D00204F
:10497000F7B5040000933F2851D100252A4805705F
:104980000325654329482E5C8E4207D145196E7870
:10499000964203D1AD78009B9D423FD003256543ED
:1049A000009B415540194270837018206043204C91
:1049B000112600192B27002407231D1B063BAB40A3
:1049C00035001A4200D03D0005550134082CF3D1C2
:1049D00003000400020011262B270F330834103285
:1049E0000193019B1D1B0123AB403500194200D0F0
:1049F0003D00257001349442F3D1040011262B2789
:104A0000183417300123811A8B40009D31001D425C
:104A100000D0390011700132A242F3D1F7BD002855
:104A2000AED101250048AAE7DB2D0020D01C0020D4
:104A3000F01D0020F8B505000E001700002420002E
:104A40003B00320029000134FFF792FF402CF6D1E1
:104A5000F8BD000080210A4B89011A681B680B40D1
:104A6000D20403D40120002B06D0704780229B047F
:104A700012069B18980FF8E7024B1878F5E7C04626
:104A800000040048FC23002000B5372827D803285D
:104A900004D8002300E00423180000BD04383328A4
:104AA000F7D8FDF79DFA4E40464640F61A404E4074
:104AB0004040F6F64E62F6F666F65450405846F61A
:104AC0004A4A4A4A4A4A4A4A4A6AF6F6F6F6F6F61E
:104AD000F6F6F6F6F6F6F6F6F6520623DCE7284B7F
:104AE000C01882B20023332AD6D83328D1D8FDF794
:104AF00077FA281A36381AD01CD02830D0D0D0D027
:104B0000283ED0D026D0D02A1A343A1ED0D0D0D2C7
:104B1000D042D0D0D0D0D0D0D0D0D0D0D0D0D0D023
:104B2000D0D0D0D022220123B6E70523B4E7072353
:104B3000B2E70823B0E70923AEE70A23ACE70C236A
:104B4000AAE70D23A8E70E23A6E70F23A4E7102367
:104B5000A2E71123A0E712239EE713239CE7142367
:104B60009AE7152398E7162396E7172394E7182367
:104B700092E7192390E703238EE702238CE7C046D0
:104B8000FCFDFFFF0A4930B50A68FF2A0EDC094B1D
:104B9000094D1B68094CD3182B4003D5084D013B28
:104BA0002B4301335B00013218530A6030BDC0460D
:104BB000CC1C0020C81C0020FF000080C81A002068
:104BC00000FFFFFF70B506000C000025A54200DBCA
:104BD00070BD3000FFF7D6FF0135F7E770B506006E
:104BE0000C1E00DC01240025701E0E280CD8FDF7D9
:104BF00001FA080F11131515181815151B1B1D1F89
:104C000021005020FFF7BEFF0135AC42ECD170BD52
:104C10005120F7E75220F5E74F20F3E75020FF300F
:104C2000F0E7A8204000EDE74A20EBE74D20E9E758
:104C30004E20F4E7A520F5E7013870B50C000E28EA
:104C400014D8FDF7D7F9260B141B191916161919C4
:104C5000080828241D001148210005E0104D4A20B5
:104C6000FFF790FF2800611CFFF7ACFF70BD0D4DF2
:104C7000F5E7D4208000EFE70B48EDE70B48EBE7C2
:104C80000B4C4A20FFF77EFF01212000ECE7094C86
:104C9000F7E79420EEE70848DEE7C0464A02000046
:104CA00051020000520200004F0300004F020000BA
:104CB0004A0300004D0300004D02000010B504003F
:104CC0000800111E00DC0121FFF7B6FF1C2C04D0E8
:104CD0001C20FF30FFF756FF10BD83204000FFF778
:104CE00051FF2920F6E7000070B506000D000C1EEC
:104CF00000DC01244A201C2E10D1FFF743FF4A207C
:104D0000FFF740FF21001048FFF75CFF83204000C1
:104D1000FFF738FF2920FFF735FF70BDFFF732FF9F
:104D20004A20FFF72FFF0948FFF72CFF012D03DD75
:104D30000548611EFFF746FF1C20FF30FFF722FFEA
:104D4000062EEAD02A20E6E7510200004D020000BC
:104D500070B50400080003000B3B1100074D012B48
:104D600006D82B20AC4200D00548FFF70BFF70BDE2
:104D7000002A00DC0121FFF75FFFF2E737020000A5
:104D80002B02000010B54A20FFF7FCFE0148FFF798
:104D9000F9FE10BD4D02000010B51A2824D00DD820
:104DA000053883B20A2B15D80A2813D8FDF722F943
:104DB0002912121C12121E1221252700154B98428F
:104DC00025D008D8144B98421BD0033398420BD0FF
:104DD000272818D010BD114B984216D0104B98427E
:104DE00011D0104B9842F5D10F4803E09420800079
:104DF00000E00E48FFF7C6FEECE70D48FAE70D4865
:104E0000F8E7D420F3E70C48F4E70C48F2E70C4845
:104E1000F0E7C0460A02000005020000210200007F
:104E2000230200001A0200004F030000510200009C
:104E3000520200004F0200004A0200004D02000032
:104E40004D030000812310B59B0098421BD004D86D
:104E5000042816D0122818D010BD83239B00984236
:104E60000BD00D4B9842F7D14A20FFF78BFE8A20DA
:104E70008000FFF787FE522000E04A20FFF782FE05
:104E8000EAE74F20FAE74D20F8E74D20FFF77AFEDA
:104E90008A208000F2E7C046120200000023034A85
:104EA0001360034A1370034A13707047C41A00203A
:104EB000C11A0020C01A00200023064A1360536064
:104EC00093609381044A1370044A1370044A137068
:104ED0007047C046B01A0020AE1A0020AD1A00205C
:104EE000AC1A0020030000B50B20272B11D017D8D7
:104EF00000200F2B10D8042B0BD9581F0A2809D8D3
:104F0000FDF778F82F08083108080608332B2D0024
:104F1000012000BD0020FCE71A2BFAD10530F8E78C
:104F2000134A06209342F4D00DD8123A043093422B
:104F3000EFD0104A04309342EBD00F4A9B185A42EC
:104F40005341D800E5E70D4A0D209342E1D00C4AC9
:104F500000209342DDD10C30DBE70320D9E70420A9
:104F6000D7E70720D5E70920D3E70220D1E7C046DD
:104F70001A0200000A020000FBFDFFFF21020000F0
:104F8000230200000022024B1A60024B1A70704785
:104F9000A81A0020A51A002010B5FFF78DFFFFF713
:104FA000F1FF10BD034B01201B78002B01D1024BF8
:104FB00018787047AD1A0020AC1A00200F4970B560
:104FC00000220D0004000E480378934206D1102BF6
:104FD0000CD05A1C5B000270EC5270BD02318E1E68
:104FE0003688A642F9D00132D2B2EEE71E2228005E
:104FF0000449FCF723FDEC83EFE7C046541A002078
:10500000531A0020561A0020002270B50C490D4D8D
:105010000B78D4B2A34201D800200DE0541C6600E6
:10502000AE5B864209D10120013BDBB20B70064921
:105030005B005B5A5200535270BD2200E9E7C04644
:10504000531A0020521A0020541A00209521084AB1
:105050000300821892B2012049018A4207D3054A0F
:1050600000209B181F229BB29A424041C0B2704759
:1050700000C0FFFF40ADFFFF0200E03A012310B582
:10508000072A04D9292802D0FFF7E0FF03000120F6
:10509000184010BD084A094B10781B781843084B7C
:1050A0001B681B78002803D15A425341D8B270477D
:1050B000184101231840FAE7511A0020501A002025
:1050C0004C1A002070B504000D00002A02D1002502
:1050D000280070BD90470028F9D06D79002DF6D0DA
:1050E000064B1B78002B03D1FFF75CFF002801D093
:1050F000FFF752FF2000FFF761FFE9E7AE1A00203B
:1051000037B58AB201AB040019800020120A052AC3
:105110000DD81D780F2D0AD80130042C07D806238E
:1051200063439B181B015B1983400149585A3EBDDC
:10513000E0170100034B1879013843425841C0B2CF
:105140007047C0460C1100200200393A03000120CC
:105150000C2A0CD9703A824209D92C2B07D018009E
:10516000293B1738424250415A4253411843704735
:105170002C2814D10C4B002908D001221A700B4B9B
:105180001A7000220A4B1A70012070471A78002A00
:10519000FAD01970054B1970054B1970F4E71738E0
:1051A00043425841C0B2F0E7161A0020151A0020F9
:1051B000141A0020F82210B5441EFF3C03005201CF
:1051C0000020944208D20A3BFF3B1800421E904147
:1051D0005A42534140001843884710BD0423020936
:1051E00001D113000200910802D00A000233DBB2A1
:1051F00052089818C0B27047054B1B7803431A1E1B
:1052000001D0DB06DA0F034B1A70034B187070479E
:10521000501A002057190020511A00200123834002
:1052200010B5034A10781843C0B2FFF7E5FF10BD70
:10523000511A00200123834010B5034A1078984387
:10524000FFF7DAFF10BDC046511A002073B582B2D5
:1052500001AB1880120A052A1CD81B780F2B19D80D
:105260000320012612019B18DA0850430A4A350030
:105270008018072213409D400022EDB20B00D3405E
:10528000845C33405B4263402B405C408454013279
:10529000032AF3D173BDC0462A19002037B583B263
:1052A00001AA10801B0A0020052B16D811780F299F
:1052B00013D807241B01CB180321020001251C4031
:1052C000DB085943054BC9188B5CE3402B409340E6
:1052D00001321843C0B2032AF6D13EBD2A1900207C
:1052E00070B50B4B1C7801231D00854028001D0064
:1052F0008D402900934001432000CDB298432140C6
:105300008D4201D11C43E0B2FFF776FF70BDC0466D
:10531000511A00200721054B054A1B7812789A4242
:1053200000D1704701330B40F9E7C0466E190020E9
:105330006D19002070B50B4C23781A0082431000C1
:105340002270050007221540104209D1984207D06B
:10535000054B5B785B0703D5C008FFF76BFF257033
:1053600070BDC046681900206A19002070B5134A44
:10537000134B144D10781B782C781843002C18D040
:10538000114B9B78012B03D1104B1B787F2B11D82D
:1053900006210F4B002259181E78002E01D0013231
:1053A000D2B201338B42F7D1002A01D000232B70F7
:1053B000204370BD1E21074BECE7C046521A002067
:1053C0006C19002066190020041100206A190020C1
:1053D0004A15002052150020024A137883431370A7
:1053E0007047C046521A0020030010B5E7280AD8BB
:1053F000DF280AD8312800D173E00FD8292866D0D9
:105400002A2800D174E0180010BDE0380728FAD827
:10541000FCF7E6FD18F927303DF9474C392808D04C
:10542000822806D03528EED1374A12789206EAD57E
:1054300006E0354A1178890761D152781207E2D522
:105440002923E0E730480121027814000C400A4289
:1054500045D140780842D6D02300D206D3D4E323E6
:10546000D1E7294A12785107CDD50023D206CAD4F4
:10547000E333C8E72449E2230A785007C3D44878C5
:1054800001210400023B0C400842E5D0BBE71E4A64
:1054900051788907B7D512780023D206B3D4E73301
:1054A000B1E7194A12781107F6D4ACE71649E6239A
:1054B0000A781007A7D4487802210400023B0C4068
:1054C0000842A0D12300D2069DD4E7239BE70E4AD1
:1054D0001178890615D45278120700D493E739233E
:1054E00091E7094A1278520600D48CE72A238AE70A
:1054F000054A1278520600D485E7312383E7E0237A
:1055000081E735237FE7C0466A19002030B5254C76
:1055100021784B070DD514220240043A53425A41D8
:1055200018230340083B5D426B419A4201D00C2393
:1055300058400B070DD514220240143A53425A41E9
:1055400018230340183B5D426B419A4201D00C2363
:1055500058406478E3070DD511220240013A5342C6
:105560005A4118230340083B5D426B419A4201D0E7
:1055700009235840A4070DD511220240113A534285
:105580005A4118230340183B5C4263419A4201D0C0
:1055900009235840C90603D5030701D518239843AA
:1055A00030BDC0466A19002070B5FFF71DFFA42367
:1055B0000400DB0198424CD2A023DB01984200D3C7
:1055C0009BE0DF281CD8CC2859D8A7280AD8A428C3
:1055D00000D979E0012869D0031F9BB2A02B65D9BF
:1055E000002463E00300A83B9BB21A2BF8D8583480
:1055F000504BE4B26400E35A8824E4011C4355E0B4
:105600008023DB01984219D28026B601B04200D334
:1056100083E0E7284AD9F822431EFF3B9BB25201A0
:105620009342DDD2000AC0B2FFF770FF0500E0B27E
:10563000FFF7DAFE2D02284384B237E0C0B2FFF74D
:10564000D3FEF0231B0123403B4C18430443A4B278
:105650002CE0A523DB0198421DD2384B98423CD860
:10566000374B98420DD8374B984231D80322C4B2F9
:10567000A3081440023AA2405B01334C13431C437D
:10568000E5E70321012201408A40C3065B0F5B016D
:105690002E4C1343F3E72E4B984209D81F202D4B75
:1056A00020409C4223D82C4C00020443201C70BD97
:1056B0002A4BC3189BB21F2B00D991E7F823040291
:1056C0005B011C40264B99E78023243CDB01D6E795
:1056D0001F230340234C1B0290E7032101220140BA
:1056E0008A40C3065B0F5B011F4C1343C7E7FFF7FC
:1056F0000DFF80240002A401A8E71F202040FFF72F
:1057000005FFE3051B0F1B0202B2C00602D5FF21F5
:1057100012010A40154C1343B1E7C004C00EFFF755
:10572000F5FE0500E0B2FFF75FFE2D0205432E43B4
:10573000B4B2BBE76815010000A0FFFF5F52000094
:105740003F5200001F520000008DFFFF008CFFFF42
:10575000BF5200009F520000F4A0000040ADFFFFC8
:10576000F0A00000F1A00000008AFFFF0090FFFF02
:10577000F0B50424104A114B12781B7885B001AFA4
:105780001A433880009203AE009B0122234113424A
:1057900005D1013CF8D20025280005B0F0BD3B88BA
:1057A000E5B2338031682800FFF7AAFCFFF7FCFE62
:1057B00080B20128EDD0EFE7511A0020501A0020E6
:1057C00013B54379008801AA10800198002B0DD0F1
:1057D00000290BD0FFF7CCFF040001000198FFF770
:1057E00035FD20000199FFF78BFC16BDFFF756FD34
:1057F0000400F6E71FB501AC20800198FFF7B8FF61
:10580000228803AB1A800399FFF77AFCFFF7CCFEDE
:1058100004B010BD10B500240379A3421ED0008847
:10582000FFF7E8FFC2B20004030F062B18D00F21C8
:10583000062B0DD80E330B40012B0FD80124F02A74
:105840000CD007D80024E72393426441E4B205E07A
:105850000633F0E7F43A53425A41D4B2200010BD67
:10586000E72393426441F13A53425A411443EDE72E
:10587000002070470020704710B5024B1B68984706
:1058800010BDC046A40E0020354B70B51B78002B10
:105890002AD1344B1B78002B26D1FA2390261021D5
:1058A000314ADB00F6051478002C19D13468250044
:1058B0000D400C4214D1012313703C222B4B1D7060
:1058C0002B4B1A802B4B323A1A70987036321038A4
:1058D0005A7004280CD8FCF78DFB080B0F20310000
:1058E000013B9BB2002BDED170BD234A9278DA7067
:1058F000180009F073FFF7E700222D21DA70063255
:105900005A714B329A71063ADA71153A1A72053A9F
:1059100019715A729972DA72EAE7062100225971F6
:105920004B3199710639D9711539DA7019722D32E6
:1059300005391A719A7259720532ECE70621002274
:1059400059714B3199710639D9711539DA7019725B
:105950002D3205391A719A7259720632DBE7C04648
:1059600012110020232E0020AD2E0020AC2E00208E
:105970000A1100202A2E00200C1100200300002014
:10598000104A10B51278824218D10F490C78E0B253
:10599000002C14D19022D2051268D2060ED40B4AE4
:1059A000013414700A4A0C7010700A2209480270FF
:1059B00036324270837009F011FF200010BD1000D4
:1059C000FCE7C04612110020AD2E0020AC2E0020B6
:1059D0006A2E00202A2E002070B51F4B9B78012BC9
:1059E00020D11E4B1B787F2B1CD9FFF7BFFC1C4C12
:1059F0001C4D6070202229002000FCF729F90028A6
:105A000028D0202221002800FBF7BAFF164B1B6884
:105A1000002B1FD09B68002B1CD006222270200078
:105A2000984717E0FFF7A2FC104C114D2070082298
:105A300029002000FCF70CF900280BD008222100D7
:105A40002800FBF79DFF084B1B68002B02D05B680A
:105A5000002BE4D170BDC046041100206A1900205B
:105A600050150020021900200429002048150020AC
:105A70002219002010B5002803D0FFF7ADFCFFF776
:105A8000ABFF10BD10B5002805D0034B1A781043AA
:105A90001870FFF7A1FF10BD521A002010B5084B77
:105AA00008491A780223087802431A4206D10343B0
:105AB0000B70FFF791FF0122034B1A7010BDC04617
:105AC000741A0020521A0020751A002010B5002800
:105AD00005D0034B1A7810431870FFF77DFF10BDF7
:105AE0006C19002010B5002805D0034A13788343B1
:105AF0001370FFF771FF10BD6C19002070B5324CA8
:105B0000062200212000FCF74FF8F822DF212F4B5E
:105B100052021B6849021340C91A06222000FBF7F3
:105B20002FFF23786678A578E07821796279FF2BBA
:105B30001DD12B00334003400B401340FF2B31D1CC
:105B400002232370013B32226370E3700023A270B2
:105B500023716371FEF77EFF1D4B1870012828D05A
:105B6000022828D0002801D10223237070BD002B09
:105B700016D1002E18D12B0003430B431343DFD063
:105B8000642D01D96423A370012801D90123E37096
:105B9000012901D900232371012ADBD90023D8E789
:105BA000022B01D902232370032EE9D9032363704A
:105BB000E6E72070DAE7002323706378013B022BCD
:105BC000D4D901236370D1E70C11002000140240E6
:105BD000FC230020F0B52C4E040033780D00013377
:105BE000DBB291B0142B00D10023284A12789A42DC
:105BF00021D04022002168466F46FBF7D5FF082DD3
:105C00001BD12A002100F81CFBF7BAFE0B233278C7
:105C10001F49204892013980801839004022BB700A
:105C2000FBF7AEFE33780133DBB233703378132BDE
:105C300001D90023337011B0F0BD20780238042858
:105C400020D8FCF7D7F9180A111F03002A002100F9
:105C5000F81CFBF795FE0C23D9E72A002100F81C5D
:105C6000FBF78EFE0F23D2E72A002100F81CFBF77A
:105C700087FE0E23CBE72A002100F81CFBF780FEED
:105C80000D23C4E70023C2E7FD230020FE280020E7
:105C90000A400000FE230020084B10B51B780400CA
:105CA000012B02D80821FFF795FF054B1B68002B3D
:105CB00002D020005B68984710BDC0460C11002040
:105CC000EC2D0020084B10B51B780400012B02D8E6
:105CD0002021FFF77FFF054B1B68002B02D020001F
:105CE0009B68984710BDC0460C110020EC2D002089
:105CF000084B10B51B780400012B02D80621FFF7D2
:105D000069FF054B1B68002B02D02000DB68984719
:105D100010BDC0460C110020EC2D0020084B10B522
:105D20001B780400012B02D80321FFF753FF054B1A
:105D30001B68002B02D020001B69984710BDC0468D
:105D40000C110020EC2D002070B50C001500002176
:105D50000600FBF729FF90236219DB009A4200D965
:105D60001D1B002D05D003492A0030006118FBF7E8
:105D700007FE70BD4829002013B56B469C1D00230B
:105D80000100022220002380FFF7DEFF208816BDDD
:105D9000902070B51024164B16491A78164BC00582
:105DA0000D78002D04D10568254201D1002A03D0C9
:105DB000013B9BB2002BF3D18022104B52029A6020
:105DC0000AF0AAFC0C210E4B1A688A431A601A6862
:105DD0000C490A401A60012219680A431A60BFF38D
:105DE0004F8F094B094ADA60BFF34F8FC046FDE77A
:105DF000DA2D0020AD2E0020A08C0000000C004801
:105E0000001402400FFEFFFF00ED00E00400FA0561
:105E100037B56B460400DD1D2A000121006808F03B
:105E20009FFD23682878013323603EBD8023124AFA
:105E3000DB01D16B10B50B43D36309F035F87F223A
:105E40000E490F4B0A700F49013A0A700E494F3A3A
:105E5000C7200A6099782E3A0A43C0219A700B4AEB
:105E60008000135809061B021B0A0B4313508023A2
:105E70001B06136010BDC04600100240803802406F
:105E80000038024082380240A038024000E100E0C1
:105E9000802370B5274ADB01116C86B00B43136475
:105EA0000126002302250424694623480293049313
:105EB00005930096019503960AF0B4FA69461E48C8
:105EC00000950AF0AFFA69461B4800940AF0AAFA56
:105ED00008236946184800930AF0A4FA4022174B99
:105EE00019689143196019682143196019680E43B4
:105EF0001E6019680D4338211D60186888432839D1
:105F000001438020196019688143196019680C48A1
:105F10000140196019680B480140196019680A4866
:105F20000140196059680C435C6019680A431A60A3
:105F300006B070BD00100240000800480038004064
:105F4000FF7FFFFFFFF7FFFFFFFDFFFFF0B510230F
:105F5000002603258BB0954804A90493069607965E
:105F60000896099605950AF05DFA8023904A9B00F1
:105F7000516C02A80B435364029609F085FC029B06
:105F80008C4C013300D0F7E002228B4B99680A4316
:105F90009A60012299680A439A60E369874A13402C
:105FA000E3611823E2691343E361226C844B1A40D6
:105FB0009023DB00134307222364236A93431D438A
:105FC000804B2562804A1B68934200D9C9E0802239
:105FD000236BD2051B021B0A134380222363A36F8A
:105FE000D2001B0B1B031343A367A36F774A134015
:105FF0000122A367A3691343A361E3681342FCD0A2
:106000008023E16F724ADB0411400B43E3670423F2
:10601000A1691943A1616F49C86F1842FCD1276D6E
:10602000E06F1040A022D2040243E267A26913434A
:10603000A3610423CA6F1A42FCD10F20BFB2784378
:10604000256DADB2401BFCF723FB6349FCF752F909
:10605000061CFEF733FA009001910021301CFCF77A
:106060000DF800225D4B002800D180E000980199D6
:10607000FCF75EFB00900191E81BFCF709FB011C9B
:106080005748FCF737F9FEF719FA0022534BFCF793
:106090004FFBFCF745F8A66F80B2360B3603304352
:1060A000A06700980199FEF77BF9A56F474B0004A4
:1060B0001D400543A567E369404A13401822E36188
:1060C000E3699343E361236C3D4A13400722236451
:1060D000236A93432362236B1B021B0A2363414BF6
:1060E00063618022E36AD2051B021B0A1343E36249
:1060F000A369002BFCDB0723226A9A43043B13436A
:1061000001222362A3691343A361E3681342FCD015
:10611000A3690423A2691A42FCD12022E3699343B4
:10612000E3611823E2691343E361E369234A1340FF
:106130000122E361E3691343E361E3681342FCD0A6
:106140000F22236C93432364226C1D4B1A40E023DF
:106150009B00134323640423A2691343A3610BB080
:10616000F0BD8022236B12061B021B0A34E7009845
:106170000199FDF7DDFC7DE703A8039609F084FB98
:106180000122A169039B0A43A261A16F1A05090BB1
:106190000903120D0A43A267A26F0C491B0C5BB2E4
:1061A0001B040A401343A3679BE7C046000800484E
:1061B000001002400024014000140240FFDFFFFFF6
:1061C0003FF8FFFFF823002005A24A04FFFF00FF6D
:1061D000FFFFFFF804240140000060410000E03FA1
:1061E0000000604AFEFF000010B50AF00EFF00211B
:1061F0000248034AFBF7D8FC10BDC046082900201E
:10620000C20400000122264B10B5D96B9024114323
:10621000D9632449E4054A608021586C490201434E
:1062200059643C21204BD963986A34318843103932
:106230000143996200215964196B1143196380214C
:10624000586D0902014359650821986A0143996212
:10625000996D200011439965196811431960042153
:1062600008F0FFFEA36A114A1340A362A023A26AAA
:10627000DB0013433022A36223699343236120236D
:106280002269134342222361094B1A60094BDB78D0
:10629000002B04D111210848084AFBF785FC10BDEA
:1062A000001002400000024000400140FFF0FFFFEC
:1062B00078000240E81D0020F01D002002060000CA
:1062C000002270B52F4B304C1A70E36B3C2B01D081
:1062D000FFF798FF04232D4DAA6A1A42FCD12C49DE
:1062E0002C4B48792C4A00280ED12C4800780228E3
:1062F00006D02B480078002802D00978002903D165
:1063000028490978002905D10121197080235B02F1
:10631000936070BD24490120097889072CD09060D2
:106320001A78002A04D0002202301A7009F07AF993
:106330000122C0200021A36DC0009343A3651B4B25
:1063400019541B4819541B4B1B491C4899601C4984
:10635000986119601B491C48596059611B491861B3
:106360001C334B621A4BCB621A4B8B620423AB6219
:10637000A36D1A43A265CCE7187080235B0293607B
:10638000D6E7C046DB2D002000400140000002405F
:10639000232E0020E01D0020000C00480C110020DE
:1063A000DF2D0020E62D0020E81D0020F01D00203C
:1063B00001060000901D0020F73E00C0172100C01C
:1063C000DF21002044400140F1230020FC00024076
:1063D000768000AA2C02024070B5802401222D4D47
:1063E000640286B011002800AC6008F03AFE9023E9
:1063F000AC60DB0508241E0018009C60210001220F
:1064000008F02FFEB460022628003100AE600122A1
:1064100008F027FE80219020AE6020228901C0056F
:1064200008F01FFE002220211B4808F01AFE8021E0
:1064300020221A48490108F014FE80212022174822
:10644000890108F00EFE9020002524196946C00538
:1064500000940195029503960495059509F0E2FFD5
:10646000C120C0210E4B80005A6B5D631A6809067B
:1064700022431A609A6922439A61DA691443094AED
:10648000DC6113581B021B0A0B431350802313605B
:1064900006B070BD000C0048000800480004004829
:1064A0000004014000E100E010230D4AC320116CFC
:1064B00080000B4313642F220A4B9A63FA22D20006
:1064C000DA630122DA601A60074B084A1958114052
:1064D000802212040A431A508022D2011A607047A7
:1064E000001002400010004000E100E0FFFF00FF4C
:1064F000F8B5632910DD63213A4B1B78002B11D0CE
:10650000394BC018FEF75EFB384B1B78002B07D0C9
:106510003748FEF737FBF8BD0029EDDC0121EBE73A
:106520003448F6E7002800D04942334D2A68531812
:1065300019001C00643111DA64246442A11A9442E7
:10654000E9D02A4E307800290CDB002812D12648E9
:10655000FEF738FB2748FEF715FB1FE0642BEDDD47
:106560006424EBE7111B00281ED0002900DC012168
:10657000224816E0002B13DD002A03DA5120514295
:10658000FEF720FB4A20FEF7FDFA21001648FEF731
:1065900019FB1848FEF7F6FA002333702C60BAE7AF
:1065A0001148FEF70FFBF9E7002B04DB002900DCA4
:1065B00001211248CCE7012A0DDD5220511EFEF7C1
:1065C00001FB01274A20FEF7DDFA0C48391BFEF7D4
:1065D000F9FA3770E2E7012AF3D001215120891A34
:1065E000EDE7C046C01A002051020000C11A002089
:1065F0004A0200004D020000C41A002052020000AE
:10660000A34BF7B51B780400002B01D100F000FC70
:10661000A04D2E78731E022B01D900F0F9FBB31E9A
:10662000012B00D954E12000FEF72EFA0300E0B25E
:10663000994F29280CD1032E01D1FEF7A3FA01238B
:1066400000222B70954B3A701A70FEF727FC25E05C
:106650003A78002A2FD0002290493A700A70904967
:106660000A60062B1AD1032E21D18E4C8E4D237831
:1066700093420DD18D4B19682B78934208D1012993
:106680000FDD52200139FEF79DFA4A20FEF77AFA13
:106690008748FEF777FA01232B702370FEF70CFC76
:1066A00026E00129F1D001235120591AEBE7804857
:1066B000FEF768FAF2E7022B1CD1784A1278002A1A
:1066C0001FD076480278012A12D8754D29686329AF
:1066D00000DD63210A234B430021272C01D0210038
:1066E0001D395B18632B00DD632301322B600270C0
:1066F0000020FEBD0A2BE4D0062B02D1053B3B70E7
:10670000F6E70021654A11701C2C05D8122C0BD815
:10671000062C33D0072C12D00E2B5CD1032E4FD178
:106720000C3B192CBAD118E0200013380928F3D8F3
:10673000FBF756FC3AF2F224F2F2F2F20515032EC0
:1067400006D1594B1B78002B02D15A48FEF71AFA92
:106750001C20FF30FEF716FA01232B7075E7032E7D
:1067600006D1514B1B78002B02D15248FEF70AFA92
:1067700083204000FEF706FA2920EBE7032E10D114
:10678000494B1B78002B02D14A48FEF7FBF91C202D
:10679000FF30FEF7F7F98A208000FEF7F3F90023B7
:1067A000DBE71C20FF30F8E7032E06D13E4B1B78B9
:1067B000002B02D13F48FEF7E5F91A20FF30D9E758
:1067C0003D4B9C4200D069E703232B70FEF766FB2C
:1067D000FEF7D8FA62E7042B1BD8002B00D15DE747
:1067E0002F4B1D68002D00DC01250027032E43D10F
:1067F0001A2C31D8042C00D850E70123A3402F4A8B
:10680000134234D12E4A134200D147E72900012018
:106810002FE0052B00D041E7032E34D1214D224E2D
:106820002B78002B10D13378002B0DD01F4B4D202F
:106830001C68FEF7A7F9002C03DA51206142FEF72D
:10684000C1F94A20FEF79EF91E48FEF79BF9002386
:10685000337001332B7021E782239B009C4206D0CA
:10686000194B9C4203D0194B9C42CFD016E729000C
:106870000020FFF73DFE11E720000137FEF78CFAFC
:10688000AF42F9D10AE72000FEF786FA06E7C046D4
:106890008F1A00208E1A0020AC1A0020AD1A00209A
:1068A000B01A0020C01A0020C11A0020C41A00200B
:1068B0004A0300004F0200001902000000210004FA
:1068C000204000004D0300001A02000005020000F5
:1068D000B34B1E780093052E08D82A23F340DB071C
:1068E00004D523001E3B092B00D893E2E3B2292BE9
:1068F00029D1002E00D185E2FEF7DEFAFEF742FB39
:10690000009B1B78002B17D1A64F3E68002E13DD8D
:10691000A54B00931B78002B00D170E2A34B1C7891
:10692000002C09D1A248A3497200FBF729F8A24B19
:106930003C601E60009B1C702B78002B00D0D7E6BB
:10694000FEF720FBD4E62000FEF79EF803000200CD
:10695000072E00D974E13000FBF760FB0800C5008A
:1069600057019201B901F80136024B02581E18284E
:1069700000D947E2FBF752FB57005700570057007A
:106980005E007801ED0047004F00190046026100EB
:1069900068006C00B3007900790079007900790013
:1069A000790079007900790079000123009A137049
:1069B0000023272C01D023001D3B804A13602000B8
:1069C000FEF762F800289BD07D4A0123C2401A429C
:1069D00096D083407B4A134204D1082805D1A31FD7
:1069E000012B02D80122704B1A70704B1B78002BC0
:1069F00086D16C4A1368072B82DC591C11606D4AE2
:106A00005B009C527CE70223009A13706B4B0122BF
:106A10001C811A73D3E70423009A1370674B012279
:106A20005C815A73CBE72000FEF75CFA0121FEF788
:106A3000D5F8C4E701210E20F9E701210620FEF771
:106A400053F900232B70BAE72000FEF7FBF9F8E7B3
:106A50005D4BE61873425E4102362E70FEF71EFA59
:106A6000032EACD1FEF78EF9A9E7113B1800082BD5
:106A700033D8FBF7BFFA2A300510161C2825090069
:106A80002A20FEF77FF89AE75048FEF77BF84C2063
:106A9000FEF778F8D5E74E48FEF774F81C20FF3073
:106AA000F6E74B48FEF76EF81C20FF30E9E7484850
:106AB000FEF768F883204000FEF764F82920E0E73D
:106AC0005020FEF75FF81A20EFE74D20FEF75AF846
:106AD0002C20FEF757F84C20D3E71E20E5E700F006
:106AE000AFF96CE70B22354B19680191002901DCE5
:106AF00001200190501E0E2800D9A1E0FBF77AFA80
:106B00001D1D1D1D26B4291519A0086C73772D00B5
:106B1000092900DD53E70A224A430021272C01D02E
:106B200021001D3952181A6049E7022200990A70A3
:106B30006DE7042200990A7071E72000FEF7D2F990
:106B40000199FEF74BF8FEF7B7F938E701210E205F
:106B5000F7E70723009A137031E7FEF7ADF9164BFC
:106B60001B68002B00DC2AE71A4E376800F068F932
:106B70003168C91B002900DC21E76320FBF716F907
:106B8000061E00DC01260127019BBB4200D116E74F
:106B9000BE4200D113E700F053F90137F4E7C046D5
:106BA000AE1A0020A81A0020A51A0020A41A00205E
:106BB000901A00207E1A0020A01A0020B01A00208F
:106BC000FE17FE030012BE03E7FDFFFF4F020000A9
:106BD0004D020000CC1C002006200199FEF784F82D
:106BE00000232B70AFE72000FEF72CF9F8E78E4B5F
:106BF000E61873425E4102362E70FEF74FF9032EFF
:106C0000A1D1FEF7BFF89EE70B22884E3768002F10
:106C100000DC0127501E092812D8FBF7EBF91621DA
:106C2000161653251105112733899C4208D13900C6
:106C30002000FEF759F83389062B00D083E7CFE711
:106C4000FEF73AF9FEF79EF9E2E43389200001935A
:106C5000FEF748F93A0001000198FEF72FF8EAE73D
:106C600001220B213089F8E7062373E70323009AFA
:106C700013700023272C01D023001D3B73609EE678
:106C8000581E0A28DCD8FBF7BFF90B0092000B0056
:106C90000B001C00EFFFDBFFDBFFDBFFDBFF720005
:106CA0002000FEF71FF9614E010033683789002B81
:106CB00000DC012372685A43632A00DD6322380036
:106CC000CBE75A4E01220E213089C6E70B22574BE3
:106CD0001E68371E00DC0127501E0928B0D8FBF7BC
:106CE0007FF91E281E1E6FC3AFAF052B5B89019372
:106CF0009C42A5D14A20FDF745FF4A20FDF742FFFF
:106D0000012E03DD4A48791EFDF75CFF494B019ACD
:106D10002B20934200D04848FDF734FF13E72000B2
:106D20005E89FEF7DFF83A0001003000FEF710F848
:106D300009E7404A5B89EBE7052200990A700022C7
:106D4000272C01D022001D3A5A6038E6581E0A2826
:106D500000D975E7FBF758F91A002B001A001A0042
:106D6000330088FF74FF74FF74FF74FF0B002F4A19
:106D70005168092900DD22E60A234B430021272C14
:106D800001D021001D395B18536018E62000FEF782
:106D9000A9F8264E010033687789002B00DC012317
:106DA00072685A43632A00DD63223800BEE71F4A37
:106DB0005168092900DD02E60A234B43E4E71B4B37
:106DC00001220E215889B1E7062B00D038E7174E73
:106DD000337B002B03D001220F2130893DE7737BE9
:106DE000002B03D001220F2170899FE701210F2082
:106DF000A7E6072B00D023E78B2040008CE7FEF7A7
:106E0000C1F899E50D4B1B68002B01DDFEF7BAF8C0
:106E100001206EE4701E0428F4D8FBF7F5F863FE39
:106E2000F5FEA8FF57FFA8FFE7FDFFFFB01A0020FF
:106E300051020000370200002B020000A81A0020B7
:106E400070B50D4D2C78002C0ED10C4E3368002BF4
:106E50000AD001232B7033689C4206DB0023084ACA
:106E60002B701360074A137070BD074A6300D05A35
:106E7000FFF7C6FB0134EEE7A41A0020A01A002099
:106E8000A81A0020A51A0020901A00200122124BF7
:106E900010B51A7000233C21104A1370104A11805B
:106EA000104A1370104A1370104A1370104A13706E
:106EB0005371104A1370104A138072B6FFF78CFAA0
:106EC00062B608F047F89622D200801803220B4BD6
:106ED00018600B4B1A7010BD12110020292E0020D3
:106EE0000A110020AD2E00206A2E0020AC2E0020BA
:106EF000232E0020DF2D0020E02D0020181A002076
:106F0000171A002010B583280ED107F0C9FEC0075C
:106F100009D5532007F0FCFEFEF75EFD532007F075
:106F20002DFFFEF759FD10BD84280AD107F0B8FEE9
:106F30004007F8D5472007F0EBFEFEF74DFD472050
:106F4000EDE7031FDBB2A02BE9D903002033DBB24E
:106F5000072B07D80723034001209840C0B2FEF753
:106F60003BFADEE703005B33DBB2022B03D80020E1
:106F700007F09AFED7E703005833DBB21A2B03D889
:106F8000002007F0ABFECEE703003333DBB2122B59
:106F9000C9D807F0C7FD08F00DF8C4E710B5002800
:106FA0000FD082280ED107F07BFE800709D539204B
:106FB00007F0AEFEFEF710FD392007F0DFFEFEF70A
:106FC0000BFD10BDFFF79EFFFBE7000070B500242E
:106FD0002600104D2B78002B05D00F4A6300D05CA3
:106FE000FFF7DCFF2E700D4B0135E31801341E70E6
:106FF000042CEFD10A4C2378002B0AD00220094B35
:107000001B78034203D1FEF7E7F9FEF7E5FC002306
:10701000237070BD7A1A0020D8170100761A00205C
:10702000751A0020741A002070B50025114C2088B4
:10703000002804D0C0B2FFF7B1FF00232380013540
:107040000234042DF3D1D120FFF75CFFD220FFF7EB
:1070500059FF0022084B1A70084B1A80084A094B46
:1070600012781A70FDF71AFFFDF796FFFFF7AEFFD3
:1070700070BDC046401A00203E1A00203C1A002075
:10708000481A00208E1A0020184B70B51A78002A72
:1070900023D000241C70164D2B78A3421ED8012348
:1070A000144E154C32781A4205D022781A4202D179
:1070B000E020FFF727FF022332781A4205D022781A
:1070C0001A4202D1E420FFF71DFF00230B4A337060
:1070D00013700B4A23702B70137070BD094B620044
:1070E000985C0134FFF75AFFE4B2D4E73A1A002063
:1070F000201A00201F1A00201E1A00201D1A00202E
:107100001C1A0020221A00208023064A1B06D16C7C
:107110000B43D3648023044A9B0351690B4353619F
:107120007047C046001402400004014010B5034BF4
:1071300070461A695A6107F075FF10BD00040140DE
:1071400010B5FFF7F3FF10BD802310B5DB05DA693A
:1071500070461A6207F066FF10BD000010B5034BC1
:107160007046DA691A6207F05DFF10BD0004004046
:1071700010B5034B7046DA691A6207F053FF10BD71
:107180000008004010B5034B70461A6E5A6607F0AF
:1071900049FF10BD000002402B4B70B51A697546BF
:1071A0005A612A4B1978002912D110231A420FD0A4
:1071B000274C2278002A0BD0264A10789022D2053C
:1071C0001268002808D1110019401A4200D121701C
:1071D000280007F027FF70BD16001E401A420DD090
:1071E0002378012BF4D1013340221B482370FAF796
:1071F000DBFC8020400108F0F1FAE9E72378022B5C
:10720000E6D1154B1A78154B1B78002B07D07F233E
:1072100013403B2B03D108F03BFA2670D8E70A2A2B
:1072200004D108F035FA00232370D1E70C4A137813
:107230000133DBB21370022B02D900231370F3E782
:10724000012308482370D6E70004014012110020F2
:10725000AD2E0020AC2E00206C2E00206B2E0020C6
:107260006A2E00202A2E00207346F0B589B00393C1
:10727000B34BB449DA691A620B78002B12D0B24AC8
:1072800013780133DBB2092B01D813700AE0002315
:1072900013709023DB051868102304001C4018426B
:1072A0001AD10C70A94B1B78022B09D0A84B1D7862
:1072B000002D13D05B79002B10D10920FEF75EFB67
:1072C000A449087800285ED0A34A138801339BB2F2
:1072D000312B2AD813802BE00523D6E70B78002B1F
:1072E000EED1002DECD19D4B9D4C1A7823789A421B
:1072F000E6D09C4B1A78002AE2D19022D20512687F
:10730000D206DDD401221A70974B20781D70974B5E
:107310008001C01808F062FA23780133DBB22370D1
:107320002378132BCCD92570CAE7002313800B7068
:107330008F4A13780133DBB2022B00D9DBE11370E3
:107340008C4A13780133DBB2042B00D9E2E11370CD
:10735000894C8A4A2388158801339BB22380AB422B
:107360000CD3002323807A4B1B78002B06D11120ED
:10737000FEF704FB002801D10A3D2580039807F0A1
:1073800051FE09B0F0BD7E4A7E4913780978013379
:10739000DBB2002900D192E0032B01D81370C7E7BC
:1073A000794B1070DB6F04221C00784D144013429F
:1073B000BED177482F6D037876495E007752AE696B
:1073C00001333243DBB2AA61092B01D80370AFE766
:1073D0000470714814220500FAF7D2FA2E00280032
:1073E0002200230021004F002C88BF5BA74200D25F
:1073F00019005700F75BA74200D91A000133DBB22E
:1074000002350A2BEFD10024230091421DD108330D
:107410000288013BA418DBB2A4B20230002BF7D1E2
:107420005E4B5F4D9C4248D85E4B9C421AD964200B
:107430005D4AE3089B1858435C49FAF7B7FC5C4B7C
:10744000C0B29C422CD900232FE0994204D09A422A
:1074500002D005886419A4B20133DBB202300A2BD2
:10746000F3D1DDE72B780133DBB2032B12D82B707D
:107470000020504B1870504B1870344B9A78824251
:1074800002D09870FDF768FA00224C4B1A803D4BF1
:107490001A704DE7002301222B70494B1A70E7E761
:1074A0002B780133DBB2092B01D82B70E1E70023E5
:1074B00001222B70424B1A70DBE76420C3E7132BC9
:1074C00000D86BE7304B1170DB6F04221C002F4D8E
:1074D000144013420DD12E482F6D03782D495E00C4
:1074E0007752AE6901333243DBB2AA61092B04D86B
:1074F0000370324A13880133ECE6274D04701422DE
:107500002800FAF73DFA2F4B10491B7801938B782E
:107510000293019B022B59D1264A62331370264AEB
:107520001370029A9A4205D001228B70264B1A7072
:10753000FDF712FA0022224B1A70194B1A70D8E785
:107540000010004012110020292E00200C110020F4
:10755000232E0020222E0020202E0020FD2300209C
:10756000FE280020AD2E0020AC2E0020FE2300209F
:10757000F02D0020EB2D0020CA2D00200A11002044
:107580001D2E00201E2E0020042401400024014056
:107590001C2E0020082E0020F42D0020D74F0000C4
:1075A000FF2800204F3A0000B7F8FFFFB2020000AA
:1075B0008F4000000229002001290020F22D002028
:1075C00000290020D82D0020E22D002028002E00C8
:1075D00023002200250001006F0034887F5AA74253
:1075E00000D215005F00CF5BA74200D91300013223
:1075F000D2B202360A2AEFD1002422009D4247D19E
:1076000008230288013BA418DBB2A4B20230002B8D
:10761000F7D1C14BC14DC24EC24F9C4200D922E2AC
:10762000C14B9C4200D824E26420C04AE3089B1866
:107630005843BF49FAF7BAFB019BC0B2012B00D0F7
:1076400024E2031C002800D10123D8B23B78B94AB8
:1076500083424AD2B84B1188994208D90021337825
:107660001180622B02D80133DBB233703B700022F1
:10767000B24B2A701A703378029A934200D138E7DD
:10768000AF4A93700122AF4B1A70FDF765F930E7EE
:10769000AA4204D09A4202D001886418A4B20132EE
:1076A000D2B202300A2AF3D1B3E72B780133DBB22E
:1076B0002B70092B04D9002301222B709F4B1A70C9
:1076C000019B002BC2D13B789A4A834210D99A4B36
:1076D00011889942CFD9019933781180002B02D0BB
:1076E000013BDBB233703B70C5E700231380BEE77C
:1076F000019B1380BFE700231370934A93491368DB
:107700008B4200D11CE6002B00D119E69048116095
:10771000036015E600208F4B10701A78884C824267
:1077200011D018702378012B0BD0022B00D19BE0D5
:10773000834208D16078022803D0032801D00128B1
:1077400001D1FEF7A1F8844E3378002B15D0834D7C
:107750002B78022B00D189E0032B00D18BE0012B89
:1077600004D11220FEF790F802232B702B78032B04
:1077700003D901232B7000233370794A1378013326
:10778000DBB2FF2B00D100231370764A137801334C
:10779000DBB2FF2B00D10023734913700878002857
:1077A00006D1724A138801339BB2312B68D81380FB
:1077B00096216F4A4900138801339BB28B4268D2ED
:1077C00013806C4B6C4E01931B78002B16D09622C5
:1077D0003388520001339BB2338093420FD3674BFF
:1077E0001B78002B08D19023DB051B68DB0603D434
:1077F000634B1B78002B52D191235B00338023789D
:10780000022B00D184E04F4B1A78002A04D00022CA
:1078100010201A70FEF738F800225A4B1A705A4B93
:107820001A680023920608D590238022DB051B6886
:10783000920113405A42534101339621534A490061
:107840001370534A138801339BB28B4200D3AFE0CD
:10785000138096214F4A4900138801339BB28B4213
:1078600000D3EBE0138073E508206AE71320FEF7EE
:107870000BF8032379E71420FEF706F8042374E7D6
:107880000123108022780B70002A91D12D4A1370A9
:107890008EE70023138001223F4B1A7091E70122EB
:1078A0003E4B1A7072B63E4BDF271968F8235B0215
:1078B00019407F022000791A0532FAF7C9F9002829
:1078C0001FD0384B062221001800029304ADFAF7AE
:1078D00057F808F02DFF344B28000593049708F063
:1078E000FFFE08F019FF08F023FF4023029A2B81C6
:1078F0002D4B280007920593049708F0C3FE08F06B
:107900000BFF62B60023254A1370019A137075E7C6
:10791000264B1A7B5B7B82E7D74F0000FF280020B5
:1079200002290020012900204F3A0000B7F8FFFF8C
:10793000B2020000F22D0020C3090000002900203F
:107940000C110020E22D002004290020A01B0100C2
:10795000EC2D0020EA2D0020E92D00200811002048
:10796000E82D0020E72D0020E62D0020E42D00204A
:10797000E02D0020DE2D0020DC2D0020AD2E00208B
:10798000DB2D0020D92D002000080048D82D002034
:10799000D62D0020CE2D0020DF2D0020DA2D002056
:1079A0000014024008290020FF41FEFF0038024079
:1079B000002325781380022D00D14AE7374A117839
:1079C000994244D1364B1B78002B08D1354B1B789C
:1079D000002B04D1344B1B78002B00D139E7002D4C
:1079E00000D036E76478012C0CD12D4B1A78002A90
:1079F00000D12EE7002205201A70FDF745FF2B4B22
:107A00001C7026E7022C0DD1264B1A78002A00D1D3
:107A10001FE7002206201A70FDF736FF0122234BD4
:107A20001A7016E7032C00D013E71F4B1A78002AB0
:107A300000D10EE7002207201A70EDE700211C4B51
:107A400011801A788A4200D182E4197080E4002DF6
:107A5000C8D0012D00D0FCE604201370FDF714FF00
:107A6000124B1D70F5E6019B6420012B12D163209F
:107A7000ECE5019B012B00D1E6E52B7800200133DA
:107A8000DBB22B70042B00D915E619E6094B9C429A
:107A900000D80AE600232B7012E6C046D42D002041
:107AA000D32D0020D22D0020D12D0020D02D00205C
:107AB000CC2D00208F400000F8B50025C0246C4379
:107AC0000B4B0027E4180DE07300F2B2E35AF9B251
:107AD000E8B2013606F02AFF102EF5D10137203426
:107AE000062F01D00026EFE70135052DE6D1F8BDC0
:107AF000E017010010B586B00400019172B608F0DD
:107B000017FE6A4604230294E443138202A801ABE1
:107B10000593039408F0B6FD08F0FEFD62B601205F
:107B200006B010BD0200F820E02370B51D4C0D001A
:107B30002168400201405B025B1A1E68F023216845
:107B40005B0201405B1A1B68002B13D1164BF31824
:107B5000591E8B41F8202668216840020E335B03D2
:107B6000014006409E1B5B1A10495B189E4209D9D2
:107B7000802014E0AB20002E11D10B495B18594234
:107B80004B41E7E7316801310AD1F82320685B02F5
:107B90001104184029438019FFF7ACFF012070BD84
:107BA0000436E3E70014024012111111FC1F00001B
:107BB0009023F0B587B000928A1805900191DB0000
:107BC0009A4201D95B1A0093009B002B3DD00027FD
:107BD0003A00019B0599DB19895C404A4033D05C2F
:107BE000884225D0D1549021C9008B4220D2590817
:107BF000039101218B43D35A039819000493FFF793
:107C000091FF802814D1F820E022354C40022368EF
:107C100052020340D31A19682368F0240340640217
:107C2000E31A1B68002912D026001400002B0FD085
:107C30000137009BBFB23A009F42CAD32948019B3B
:107C4000009A05991818F9F79BFE07B0F0BD1600C9
:107C5000254BF022E5186B1E9D41520294466B03A2
:107C6000250063440293280009F0C0F980239B009B
:107C7000ED18029B9D42F6D11C492000FFF73AFF08
:107C800004990398FFF74EFF0128D1D10025134A2C
:107C90006B009B181A88002A18D1154B01359D429C
:107CA000F5D1114BF5186B1E9D41F0236D035B025E
:107CB000ED18300009F09AF980239B00F618B542C0
:107CC000F7D100212000FFF715FFB1E71988280040
:107CD00089B2FFF727FF0128DFD0A9E70829002094
:107CE00000140240482900200040FEFFEEEEEEEEB8
:107CF0004102000037B50D000400FEF73DF8A84230
:107D000006D06B460222981D21000580FFF750FF28
:107D100037BD00000A4910B54A785307DB0F83428C
:107D20000CD00123034004209B0082431A434A7075
:107D30000988FFF7DFFF0220FDF7FCFA10BDC046FF
:107D40006A190020002337B504000D000422010049
:107D500001A80193FDF7F8FF019B9D4205D0042285
:107D6000210001A80195FFF723FF37BDF8B5F827DB
:107D7000724D734A2B687F02724E3B40136013684A
:107D80000021714A3000F9F70FFFE022F0212B6843
:107D900052023B40D31A1C682B6849023B40CB1A65
:107DA0001B68002C31D0002B00D0ADE0F8202B68F0
:107DB0002A6840020340024090206449C000C91A6A
:107DC000634B9B1A994245D8624B9C4259D001346F
:107DD00000D0A2E0E024F02764027F02200009F036
:107DE00005F980239B00E418BC42F7D1F822DF217B
:107DF0002B685202134049023000C91A4022F9F799
:107E0000BFFD0122544B1A70F8BD2A6853483A400E
:107E10002968801A524A3940521A90420CD8002BD5
:107E2000C4D001334DD1F02460020134E4B209F032
:107E3000DDF8002CF8D1D9E790271168FF00090C74
:107E4000B942ECD211688C46674602CA090C490057
:107E50007752E2E71A68120C8242B5D21F6804CB4F
:107E6000120C5200B752ADE7200009F0BFF8802392
:107E70009B00E418BC42F7D100212000FFF73AFE36
:107E8000B4E700246300F3181A88002A11D1354B97
:107E900001349C42F6D1E02000214002FFF72AFE87
:107EA000F02460020134E4B209F0A0F8002CF8D10B
:107EB0009CE71988200089B2FFF734FE0128E6D03C
:107EC00094E76300F3181A88002A15D1254B013472
:107ED0009C42F6D1F0200021E024F0274002FFF779
:107EE00009FE64027F02200009F080F880239B00D5
:107EF000E418BC42F7D179E71988200089B2FFF76E
:107F000011FE0128E2D071E71248844208D0013402
:107F100003D114000F008342A6D009F076F865E77C
:107F2000F0240133F9D160020134E4B209F05EF8C3
:107F3000002CF8D1E020210040029FE7001402400D
:107F4000F423002008290020C2040000FFFF0100E4
:107F500004E00100EEEEEEEEF2230020FFDF010070
:107F600004C0010041020000902030B510240F4BE6
:107F70000F491A780F4BC0050D78002D04D1056804
:107F8000254201D1002A03D0013B9BB2002BF3D143
:107F90008022094B52029A60BFF34F8F074B084A69
:107FA000DA60BFF34F8FC046FDE7C046DA2D0020F0
:107FB000AD2E0020A08C0000000C004800ED00E079
:107FC0000400FA05012210B511000D4807F049F828
:107FD000802390200A4C5B02A36001220821C00587
:107FE00007F03FF8802390221B03D2059360022103
:107FF0000122200007F035F880239B02A36010BD0A
:10800000000C00487047000010B500240D4B1C7098
:1080100006F0DEFE200006F047FE200006F05EFEC1
:10802000094B1C70FDF7D8FC062221000748F9F720
:10803000BBFD074B1C70074B1C70074B1C7006F0F8
:10804000B9FF10BD521A00206C19002051190020F0
:10805000501900204F1900204E19002010B50400BF
:10806000832811D106F01CFEC0070CD4532006F063
:108070004FFEFDF7B1FC642007F0D4FA532006F060
:108080007DFEFDF7A9FC10BD84280DD106F008FE89
:108090004007F8D4472006F03BFEFDF79DFC642026
:1080A00007F0C0FA4720EAE7031FDBB2A02B23D872
:1080B000284B9A78012A13D1274B197800237F295E
:1080C0000FD9264BC1085B189978072303409A40C3
:1080D0000A420DD0200006F051FEFDF77DFC07E0BE
:1080E00000231F4AD15CA142F4D00133062BF9D101
:1080F000200006F00DFEC4E703002033DBB2072B9F
:1081000008D80721012301408B40164A11780B4300
:108110001370B6E703005B33DBB2022B04D8243CB8
:10812000A0B206F0C1FDAEE703005833DBB21A2B54
:1081300005D80D4A5B00985A06F0D0FDA3E703006E
:108140003333DBB2122B9ED806F096FC06F032FFDA
:1081500099E7C046041100206A190020501500203C
:108160004A150020521A00206815010010B5002899
:1081700012D0822811D106F093FD80070CD439204B
:1081800006F0C6FDFDF728FC502007F04BFA392019
:1081900006F0F4FDFDF720FC10BDFFF75FFFFBE7E5
:1081A00070B5C2B20500010AC30425D50F230B40E8
:1081B000013BDBB2072B58D83149CB5C502A4CD05D
:1081C000512A4CD0522A4CD003244F2A24D1002BC0
:1081D00022D100212B4A0B00105D88421CD02A4D71
:1081E00011552B5D8B4206D1284B6200985CFFF73E
:1081F000BDFF01232B5570BD012302200B4001421E
:1082000000D003430420014200D003430820014270
:10821000D4D00343502A2FD11E001D4A1478A64300
:108220009C43002E02D03000FDF72CFC002C02D025
:108230002000FDF71FFCEDB22800FFF797FF280094
:10824000FEF7ACFE002C02D02000FDF71BFC002E38
:10825000D1D03000FDF70EFCCDE70024B7E70124B4
:10826000B5E70224B3E70024B3E7502AFBD000238C
:10827000512AA7D10124ACE7512AA3D1CCE7C046AB
:10828000D0170100761A00207A1A0020D8170100B2
:10829000521A0020F8B5040000230B4D0B49E6B23A
:1082A0002F782B70FCF786FF3000FFF75FFF01206F
:1082B00007F0B8F93000FEF771FE20000449FCF722
:1082C00079FF2F70F8BDC046521A0020CD5A000029
:1082D000E55A000010B55020FFF7DCFF10BD10B5C7
:1082E0004F20FFF7D7FF10BD10B55220FFF7D2FF88
:1082F0004A20FFF7CFFF10BD10B55120FFF7CAFF8E
:108300004A20FFF7C7FF10BD0A2010B5FF30FFF766
:10831000C1FF10BD10B54E20FFF7BCFF10BD10B55A
:108320004B20FFF7B7FF10BD70B50D000400FFF73D
:108330001DFF281E00D1012007F074F92000FEF770
:108340002DFE70BD002110B5392800D15031FFF746
:10835000EBFF10BD73B54B7905000C00002B3AD034
:108360004A78052A34D809780F2931D8374B1201B9
:108370009B185B5CFF2B2BD00026354A915D994200
:108380001CD106F0E7FD031C80B2324A76000028BB
:1083900000D10123B3522A2D1FD16379002B2AD09B
:1083A00005222D4B1B781340934224D12A20FCF741
:1083B00005FE4C20FFF7C6FF012076BD0136242EB6
:1083C000DCD12A2D09D1EBE7244A13700020F4E711
:1083D0002A2D10D1E4E72A280DD02C2D0BD163795A
:1083E000002B08D11E4A1178002904D013701D4AB1
:1083F00013701D4A13706B469E1D0222210030002F
:10840000F9F7BEFA3388002BE0D16379002BDBD07B
:10841000164B174A1B7812781343D7D00124DB067A
:10842000D4D52800FCF7CAFD0C4A1378002BC3D121
:108430001470104A137006F08DFD80B20E4A031CB2
:10844000002800D1231C1380B6E7C046B0160100F7
:108450008C160100CC190020521A0020CB190020E4
:10846000161A0020151A0020141A0020511A002094
:10847000501A0020CA190020C8190020F0B5BE4BC0
:10848000BE4A87B01A60BE4B070003931B78019168
:10849000002B02D00022BB4B1A60019BBA4D5B79C6
:1084A00002933B00E03B9BB20493072B3AD8B74BB7
:1084B000049A9B5C002B06D0B54902980A780028E4
:1084C0002DD013430B702B78002B00D1C7E0380060
:1084D000FCF7BCFD041E00D0C1E0FF2F00D9BEE0B8
:1084E000019B5A793B001E3B9BB2102B78D8A949BF
:1084F000CC5C002A76D13800002C00D0200000226D
:10850000A54BA6491B789A4200D1A8E002318D1EE6
:108510002D88854200D1FAE00132D2B2F3E79A43C6
:108520000A70D0E7392FCED1029A9D4B9D4E002A7A
:108530002ED001241C70FCF7ADFD2B784440347024
:10854000002B01D0FEF7A0FD3378002B1CD02B7838
:10855000002B01D0FEF798FD8D4B01211A781123D5
:1085600013405C1EA3419048297003708F4B11404B
:108570001970D20603D50222C9B20A431A7000222A
:108580008B4B1A70844B1A703920FCF717FDA4E04E
:10859000029934781A781970002C04D0FEF774FD13
:1085A000029B33708FE7002A8DD0824B754A1E786C
:1085B0001460002E0AD101221A70FCF76FFCFCF740
:1085C000EBFC039B1E70FEF701FD7CE71C70FCF7C3
:1085D000E3FC794B1C60794B1C60794B1C70F2E713
:1085E000002A7CD06C4D2B780B2B01D93800CCE7BE
:1085F000002C0BD0E0B2FFF7B9FD2B780B2BF5D890
:108600005A1C2A70654A5B009C52EFE7664BE02FCC
:108610001ED00221E42F1CD01B78002B08D1694CFE
:108620002378002B04D1E020FFF718FD01232370ED
:108630005F4AF8B2137801331370FFF797FD2B7878
:108640000B2BD3D85A1C2A70544A5B009F52CDE79B
:10865000012101221A70554A13780B43137000222E
:1086600038000199FCF72EFD002836D13800FCF7C0
:10867000EDFC002813D1FCF70DFD00280FD03E4C77
:1086800023685B6A002B00D1A6E0380098470028D9
:1086900000D1A1E023689B6A002B00D0ADE0380038
:1086A000494A0199FCF70EFD002816D1019B324E74
:1086B0005D7933685A88BA4200D0DDE0434E444CBD
:1086C000002D00D1A6E006F045FC80B2031C002876
:1086D00000D10123338000232370002019E2E02F12
:1086E00005D00323E42F03D03800140007E702234A
:1086F0002D4A5B4214702D4ADCB2117838000B40D1
:108700001370FCF781FC2F4A13782340A6E7002260
:10871000304ED1B28B420DD9511C4D00755B854254
:1087200028D11D49013BDBB20B701C495B005B5A31
:1087300052005352C0B2FEF731FC002C8FD11C4ABC
:108740001378002B8BD0013BDBB21370002B86D14A
:1087500001251C4C23782B4200D180E7134B1B785A
:108760002B4200D07BE7E020FEF7CCFB2378AB4325
:10877000237074E70A00CCE74C1A00205816010059
:108780008E1A0020C41900203A1A00204F1601004A
:10879000741A00203E160100201A0020221A002020
:1087A000C0190020BF1900201C1A00201E1A00202A
:1087B0001D1A00208F1A0020CC1C0020C81C00208D
:1087C000BE1900201F1A002055830000BC1900208C
:1087D000BA190020201A0020019B5B79002B00D1E0
:1087E0005DE7934B1B78002B04D1FCF7DBFB0028E3
:1087F00000D1FBE6FCF7D0FBF8E6019A380051798E
:108800009847002800D14AE7019B5B79002B00D1F3
:1088100045E7EBE62278002A0BD0864D2888002811
:1088200002D0C0B2FEF7BAFB00232B8000233380B6
:1088300052E73288002AF9D07F4A1278042A02D1FE
:10884000FEF7F2FBF2E7DB68002B11D17B4B1B78C4
:10885000002BEBD0039A7A4B12781A70FEF7B6FB16
:108860000423039A1370FCF719FBFCF795FBDDE773
:1088700098470028EAD1D9E76F4B02931B78042B65
:108880000BD1049A072A2DD8002D06D03A009A431E
:10889000E12A00D1AAE6FEF7C7FB684B019A1B78D4
:1088A0005279002B00D1D7E03168897C002900D1B2
:1088B000D2E0292F00D0F2E0002A00D1EFE0029BA5
:1088C0001B78002B00D0CDE05E4B22221B781900D4
:1088D000914300D0C6E09A0700D4A5E05A48FFF7BC
:1088E000D9FC83E6002D47D00F2F0ED80A2FD2D9FE
:1088F00038002222534B0B381B7813400428CAD867
:10890000F9F76EFB12C919242F00282F30D02C2F15
:10891000C1D106F01FFB80B24C4A031C002800D1D5
:1089200001232C20138030E6CF20494B1880FFF71D
:1089300095FB0B2029E6CE20002B00D00C30444BB9
:108940005880C0B2FFF712FC0D201EE6CD20002B90
:1089500000D00C303E4B9880C0B2FFF707FC0E20D1
:1089600013E6D0203A4BD880FFF778FB0F200CE6B7
:10897000D220FFF773FB39E60F2F0AD80A2F8CD9C4
:1089800038000B38042888D8F9F72AFB1687212CE1
:108990003700282F44D02C2F00D07EE72D4C2B4AB7
:1089A00023780592002B33D0D120FEF7ABFA257047
:1089B0000023059A138070E7254C2088002800D1F9
:1089C0006BE7C0B2FEF7EAFA0023238065E7204C8C
:1089D0006088002800D160E7C0B2FEF7DFFA00230C
:1089E00063805AE71A4CA088002800D155E7C0B22E
:1089F000FEF7D4FA0023A3804FE7154CE088002847
:108A000000D14AE7C0B2FEF7C9FA0023E38044E789
:108A1000059B1B88002BCBD0D120FFF793FCC7E729
:108A2000D220FEF76FFA38E7002B1BD0352056E72F
:108A3000AE1A0020B81900208E1A00208F1A0020CC
:108A4000481A0020741A0020350200003C1A002049
:108A5000401A00203E1A0020292F20D1002A1ED0C3
:108A6000002B1CD02222874B1B78934317D1029BEB
:108A70001C78A31E012B12D9012C4CD1824B1B78E0
:108A8000002B0CD1029A1370FCF708FAFCF784FA59
:108A900006F060FA7D4B002800D120001860019B91
:108AA0005A79002A00D1D9E0794B1B78002B0CD0E1
:108AB000029B1B78012B08D133681C6B002C04D05F
:108AC000704B19782588002D43D10B2F56D00D2FD0
:108AD00000D1BBE00E2F00D1BCE00F2F00D1BBE0D6
:108AE000002A52D1E52F0ED16A4C2378002B0AD0F0
:108AF0000220644B1B78034203D1FCF76DFCFCF7AA
:108B00006BFF002323703800FCF77EFA01235840E6
:108B1000C0B207B0F0BD5D4C2568002D0CD100231C
:108B20002360FCF739FA0123039A1370FCF7B6F9B6
:108B3000FCF732FA292028E506F00CFA564B401BC8
:108B40009842ECD806F006FA002800D101302060E7
:108B5000A5E7AF4210D1E378A0780B40002807D1F9
:108B6000002B09D1FCF718FA6368984728000CE538
:108B7000184201D08343F3E70834A3E70024444BB1
:108B80001B78002B04D10120C3E701246442F6E7DF
:108B9000E52F00D12AE5049B072BF4D9394B1D782A
:108BA000394B2A001B78019322239A4317D0631C68
:108BB00022D0019B002B26D1029B1E78012E1ED1B4
:108BC0003800FCF7FBF9354D2B5D002B00D084E518
:108BD000334B6200985CFFF7C9FA2E557DE53E00E5
:108BE0001D4202D08026B6003E433000FBF74CFF0A
:108BF000002814D1292F12D0019B002B03D1FCF7A0
:108C0000D1F9002801D0FCF7C7F9AD06BBD5380073
:108C1000FCF732FA0028B6D1FCF740FFB3E730008A
:108C2000FDF7EEFC0028F0D13800FCF7C7F9631C13
:108C300000D152E5019B002B00D04EE5029B1B7832
:108C4000012B00D049E5174A135546E50124002AB7
:108C500095D107E00224FAE70324F8E70B2F00D0B0
:108C600035E7140000260F4B0C4D1E552B5DB3420B
:108C700000D148E70A4B6200985CFEF78FF92E5549
:108C800041E7C046741A0020AE1A0020C419002023
:108C90008F1A0020751A0020B70B00007A1A0020E6
:108CA000D8170100761A00200A4B8000C35870B50F
:108CB0005A1C0DD072B60F221C00134094430E3A7A
:108CC00015009D402000290006F0CBF9A56062B692
:108CD00070BDC046281501000300DA680800511C69
:108CE00010B5D96019698A4204D21C68002C02D0E0
:108CF0005968A04710BD9B689854FBE7F7B51E0064
:108D0000C36804000093089B150001919B070DD0D8
:108D1000002D0DD1089B9B0715D4F7BD2021200005
:108D2000FFF7DAFF0137B742F8D3F1E71700FAE7A8
:108D3000019B013D2000595DFFF7CEFFE8E72021B0
:108D40002000FFF7C9FFE368009A9B1AB342F6D3ED
:108D5000E3E70000F0B58FB01D00169C049003926D
:108D6000002921D123051BD4302304AA1372203BF0
:108D70009C4301310A00A30745D4012315982340E1
:108D800000283ED0002B3ED0039B002B02D10C3399
:108D90001C4202D0159B013B15930A0030232AE0A8
:108DA000102DE7D1AC43E5E76123A20600D54123AE
:108DB0000E000027DBB20A3B059329003000F8F7CC
:108DC000F1FF059BCAB2D3188446DBB2092901D84A
:108DD0003032D3B2082004AA1218791CD355B542F8
:108DE000C8D82029C6D00F006646E6E7082604A8A2
:108DF0008019835401321598904204D9202AF5D164
:108E000001E0002BC9D1302304E0082604A8801912
:108E1000835401321498904201D9202AF5D1082DAB
:108E200003D1914201D210239C432C4B1C423AD0D7
:108E3000230522D4002A20D0149B934202D0159BF4
:108E400093421AD1914202D2013A002A15D0244B02
:108E5000EB40DB071FD591423DD2013A102D12D1D4
:108E6000A3062CD4202A10D12022159B049800940C
:108E700006A9FFF743FF0FB0F0BD102DF0D0022D73
:108E800009D1202AF0D0622300E07823082004A929
:108E900009188B540132202AE6D00820302304A977
:108EA00009188B540132202ADED0039B002B0AD0F4
:108EB0002D23082004A909188B540132D5E7582323
:108EC000202AE3D1D0E7630701D52B23F1E723075D
:108ED000CBD52023EDE7102DD3D1C1E71020000022
:108EE000040001007FB5074B0A00019300230293A1
:108EF00003930493044B010001A8059306F070F955
:108F000007B000BD79580000FFFFFF7F13B56B4627
:108F1000DC1D00230100012220002370FCF714FF58
:108F2000207816BDF8B51400D31D6A46DB08DB00B7
:108F3000D31A00AF9D460500220068460E00FCF7DC
:108F400003FF220069462800F8F782FE002804D0BB
:108F5000220031002800FEF72BFEBD46F8BD37B5D4
:108F60000D000400FFF7D2FFA84206D06B46012295
:108F7000D81D21000570FEF71BFE37BDF0B5037943
:108F8000070089B0002B00D1E6E10121FCF718FCB5
:108F90000022B84B05001A80B74B1A707B799342B8
:108FA0000BD005F0D7FFB54B1860B54B1B78013BD4
:108FB000012B02D80122B34B1A70B34B1A78002A46
:108FC0000ED02C2D00D1A5E1B04A954200D100E28F
:108FD000AF4A954200D1FCE1E02D18D000221A7072
:108FE000AC4A954200D118E245D8A84A954200D132
:108FF000EFE12CD8E72D00D1BBE10BD8652D00D1D6
:10900000C0E1E32D00D1ABE12C2D00D182E139008C
:1090100028008EE1A423DB019D4200D1E2E19E4BBA
:109020009D42F4D17B79002B00D0B0E09B4B3A8875
:109030009A4200D0ABE09A4B1A79012A00D1A6E0FF
:1090400001221A7100225A71964B0332DCE1904BD7
:109050009D4200D1BDE1944BEB189BB2032BD6D8B7
:10906000924BE8187B79022800D993E1F8F7D6FFF4
:109070009A01A201AB018E4AA81882B20E2AC6D864
:109080000E28C4D8F8F7C0FF0F002B0040005B008B
:109090006E00B800C400E0003A01C3FFC3FFC3FF85
:1090A000C3FFD501EA017A79824B002A12D001244C
:1090B0001C70FBF7E7FB7A4B1A78A2420BD000201A
:1090C0001C70FCF7E1FBFBF747FC7B4B1C7005F0C9
:1090D00041FF00E01A70794B00221A8057E07A793C
:1090E000774B002AF6D001221A70FBF7CBFB6C4BB2
:1090F0001A78002A02D15A78012AECD001240022E1
:1091000020001A705C70DCE77A796E4B002AE1D09F
:1091100001221A70FBF7B6FB614B1A78002A02D1C4
:109120005A78022AD7D0002202201A705870FCF711
:10913000ABFBFBF711FC01225F4B1A70C7E77A7992
:10914000614B002AC6D001221A70FBF79BFB544BDF
:109150001A78002A02D15A78032ABCD000220320B0
:109160001A70E3E77B79002B11D04D4B1A78022A55
:109170000DD0022208201A70FCF786FBFCF756FE81
:10918000FBF7EAFB00224C4B1A7005F0E3FE7C79FA
:10919000002C00D111E24D4BEB189BB27F2B01D973
:1091A00000F039FEEDB20F2D00D9C7E0012191206A
:1091B00007AA05F0D5FB04AB1C7B002C00D0BDE05A
:1091C000002D00D060E10126079407A8FCF720FEDF
:1091D000002800D1B2E0012800D0A6E107A8FCF7E2
:1091E00017FE04000138032800D962E1F8F716FFE2
:1091F0005C0168016E0174017B793549354A002BA9
:1092000004D001230B7000231370C0E70B70FBE741
:109210007A79002ABBD1224B18795979012805D1D6
:109220000129B4D15A71FBF797FBB0E70029F9D1B6
:109230000122E3205A71FDF765FEE720FDF762FE8B
:109240006520FDF75FFEEEE77B79002B9FD0224C77
:1092500023787F2B42D9FEF7D7FE7F222378134055
:10926000002223700E4BDA70FBF776FB0D4B0322C6
:109270001A708CE7E02D0020DF2D002060190020FF
:10928000171A00205C1900205B19002022520000F0
:1092900023520000037C0000015200000203000082
:1092A0000C1100205A190020B787FFFFB687FFFF77
:1092B0000082FFFFD42D0020D02D0020D62D0020CD
:1092C000D32D0020D22D0020D12D00200089FFFFBA
:1092D000151A0020141A00206A190020DB090BD18E
:1092E000FEF792FE802322785B4213430122237013
:1092F000C14BDA70FBF730FBC04BB8E77A79002A34
:1093000000D044E71A78002A00D040E70121197004
:10931000BB4BADE77979002909D11B78002B06D02A
:10932000B74A13780133DBB2032B17D81370390017
:109330002C20FFF7A3F8002800D028E7B14B1B78BA
:109340005B0709D07B79002B06D0AF4B5B785B07BE
:1093500002D50220FBF7EEFF09B0F0BD1170E6E781
:10936000A54B5B79002B01D000237B713900E320F2
:10937000DFE7A14B5B79002B01D000237B71390023
:10938000E720D6E79C4B5B79002B00D1FFE600235A
:109390007B71FCE6002B00D0F9E69C4BDB78C72BF9
:1093A000AAD8F4E6002B00D0F1E6984BDB78002B2E
:1093B000A2D0ECE6002B00D0E9E6944B1B79FF2B02
:1093C00000D0E4E698E7002B00D0E0E68F4B1B7955
:1093D000EDE77B79002B02D001228D4B48E700227C
:1093E0008B4B45E77B79002B00D0D0E6894B3A8840
:1093F0009A4200D0CBE6804B1A79002A00D1C6E60B
:1094000000221A71844B01321A70E220FDF77AFDB6
:10941000E320FDF777FDE6200DE77A797F4B002A00
:1094200005D001221A7000237B717D4B54E61A701F
:10943000FBE77B79002B00D1A9E67A4B1C681E68FC
:10944000FBF708FBE1046C4CB60424780300F20F30
:10945000C90F0094744807F0F3FD98E67979002964
:1094600000D094E6644B01201C796B4A002C06D195
:1094700018715C7103231370FBF7D0FEC5E71971F7
:109480001070FBF7D7FEC0E7922C00D156E7200002
:10949000012107AA05F064FA04AB1B7B0134002B01
:1094A000F2D1013DEDB28BE607A8FCF7B1FCFEF767
:1094B00049FF300006F0B6F8002C00D085E63DE705
:1094C00007A8FCF7A5FCFEF751FEF2E707A8FCF79A
:1094D0009FFCFDF763FDECE707A8FCF799FC00256E
:1094E00004000422514B1B5D134215D10120002DB5
:1094F0000FD0FA22002392002800E917F8F742FD66
:1095000000234B4A80185941FA2200239200F8F7B1
:10951000E7FD06F087F8CCE70A2307A85D43FCF7D0
:1095200077FC303C65190400DBE70722414B1B5CEC
:109530000393C3081040404ADBB2D25C02411100E1
:10954000314004913D49C95C014131400D003C4925
:10955000CC5C04413440324205D0E120FEF77EFD70
:10956000300006F05FF8002D05D0E620FEF776FD0E
:10957000300006F057F803980021FEF7D5FE3000C2
:1095800006F050F8002D05D0E620FDF7BBFC3000BA
:1095900006F048F8049B002B05D0E120FDF7B2FC53
:1095A000300006F03FF8002C00D10EE62C20FEF72C
:1095B000C9FE300006F036F807E6224BE818062808
:1095C00001D900F01BFCF8F715FD0E12040B3F4308
:1095D00047002623E1221100200007F097F9ADE6AD
:1095E0002723E522F7E72623E122E021F4E72723DA
:1095F000E522E421F0E7C0460C11002059190020B3
:1096000058190020681900206A190020E81D002060
:1096100057190020010300005A190020CC2D00200A
:10962000CE2D002000040048A412010061100100AA
:10963000E7030000BE150100AE1501009E150100F4
:109640009E150100E883FFFF2623E122E221C3E704
:109650002723E522E621BFE728230122E521BBE7F6
:10966000012322781343237004202188FEF742FB54
:10967000FEF7CAFC62E60823627813432CE002235B
:109680002278EFE704232278ECE708232278E9E741
:1096900001236278F1E702236278EEE71023227853
:1096A000E0E720232278DDE740232278DAE7FEF79F
:1096B000ABFC802322785B42D4E70C2322789A43C8
:1096C000D0E7032362789A43D7E7012223789343B4
:1096D000C9E70822637893436370C5E702222378C1
:1096E000F5E704222378F2E708222378EFE7012246
:1096F0006378F0E702226378EDE710222378E6E74B
:1097000020222378E3E740222378E0E7FEF77CFC81
:109710007F2223781340A6E70C222378D7E7032281
:109720006378D8E70122042023785907C90F8A43B8
:10973000910083430B430821D2008B4392E7012120
:1097400008006378DA07D20F904302228B43034369
:10975000410093430B43BFE7012223785906C90F09
:109760008A4392014021E8E7FEF74EFC012223786C
:10977000D9094A407F21D2010B4073E701210E2015
:10978000FFF7EDFB70E70021F9E701222378D90606
:10979000C90F8A4312011021CFE701210800237865
:1097A000DA07D20F90430200C7E701226378190756
:1097B000C90F8A430821D2008B435EE755221B78EC
:1097C00093431900481E8141AB4A35201170002B8C
:1097D00000D10C3805F09CFAFCF7FEF8AEE501204C
:1097E00004F054FFAAE5002B33D004F0B1FFA5E547
:1097F000002B33D004F0DEFFA0E5002B33D004F0C3
:10980000F9FF9BE5002B33D005F018F896E5002B07
:1098100033D005F035F891E52222984B1B781340A0
:10982000974AA8180E2835D8F8F7DAFB080ED9DDC4
:1098300011E216E71BEC20F1252A2F0004F036FF79
:10984000012003F01FFE79E504F044FFF8E7002B48
:10985000CBD004F06FFF71E5002BCBD004F09EFF5E
:109860006CE5002BCBD004F0B3FF67E5002BCBD029
:1098700004F0D2FF62E5002BCBD004F0F1FF5DE5F0
:10988000002B04D005F01EF858E5002BFAD005F0A7
:1098900007F853E57B4B9D4215D07B4B9D421DD075
:1098A0007A4BEB189BB21F2B1DD8002C2AD11F23FB
:1098B00001342B409C40E4B221000320FFF74FFB12
:1098C000734B1C703AE50120002C09D0FBF7A6FC75
:1098D000032202210120FBF703FD2FE50220F3E71D
:1098E000FBF7A8FCF4E7002C2BD06A4B9D421CD060
:1098F000694B9D4210D0694B01209D4212D0684BAC
:109900009D421AD0674B9D4211D0033B9D4218D116
:10991000FEF77AFBFCF73CFA634B587801234007CB
:10992000C00F5840FEF7F6F908E50020FAE7FCF70B
:109930005BFC00205D49FEF7DDF9FEF765FBFEF7F5
:1099400013FB3B8806AD2B800698002C5AD0FBF702
:109950000FFF040001000698FBF778FC2A8807AB8C
:109960001A8020000799FBF7CBFBFBF71DFE0022B6
:10997000BB797D791B0903934D4B041C05931B7820
:1099800004925B072BD00495954228D023041B0E2C
:1099900019000F329143402910D0C1B20A000020B3
:1099A0002032D2B20490072A19D91F229343202BC8
:1099B00004D1012913D9039B834210D000223A4BD2
:1099C00004925B785B070AD50220FBF7B3FC072201
:1099D000059B1B7813405A425341DBB20493230486
:1099E000180F0B2800D989E0F8F718FB10001000B9
:1099F00066006600DF00F30088008800FE006B014F
:109A00007E017E01FBF74AFC0400A7E7260523043C
:109A1000360F1B0E0F2B00D93601E4B2002D13D0E8
:109A2000002E0DD023002033DBB2072B02D9214AB0
:109A3000002C00D1114A137833431370FBF7CCFF8D
:109A40002000FEF793FB59E02000FDF7A7FA002E57
:109A500054D023002033DBB2072B01D9002C03D1D3
:109A60003000FBF7B9FC03E0124A1378B3431370DC
:109A7000FBF7B2FF42E0C04665190020521A0020F1
:109A8000C087FFFF777C0000787C000020ADFFFFDF
:109A9000501A00205B7C00005C7C00005A7C0000B7
:109AA000017C0000037C00006A190020FFFF000019
:109AB000681900206C1900200F22230426051B0EB4
:109AC000360F9343202B00D03601E4B2002C07D090
:109AD000012C52D0039B002D5BD0002B2CD0AFE784
:109AE000B34B5B785B0722D4002D05D0002E05D048
:109AF000B04A13783343BAE7002EB1D1049B002B50
:109B000000D19CE0059B1878012302001A401842FE
:109B100000D094E07A71C008FBF780FB3800FFF7B3
:109B20002DFA059B1878C008FBF784FB87E0039BA0
:109B3000002D11D0002B03D13000FBF7A3FFDDE790
:109B4000039B012BDAD19C4A13781900334331402F
:109B50008E42D3D01370D1E7002BCFD13000FBF76A
:109B600089FF954A1378334201D0B3431370934A67
:109B700013783342C2D0B343ECE7039B002D02D0ED
:109B8000052BBBD8D8E7042BB8D83000FBF772FF01
:109B9000B4E7002BF9D05020392C00D0012005F07B
:109BA00041FD2000FDF7FAF9A8E72005800F09D054
:109BB0000128A3D10020854201D0A005800D05F029
:109BC0008DF89BE7002D01D0A005800D05F06CF805
:109BD00094E7E0B2002D04D004F04EFF05F0EAF95E
:109BE0008CE704F09FFFF9E723049B019B0F32D120
:109BF000002D22D1102023065B0F9B002107DBB232
:109C0000090F99400200C9B22240204203D00F221E
:109C10009A40D243D2B224056948A40F022C14D032
:109C2000032C16D0012C04D003780A431A4002708A
:109C300003E003780B431343037005F025F800217C
:109C40003800FBF7BDFDFFF787FB03780A435A4056
:109C5000EDE70A43EBE7A3059B0FDAB2002D21D015
:109C6000DB07EAD52206520F92002007D2B2000F7E
:109C70009040C1B2102003002340204203D00F23A4
:109C80009340DB43DBB22405A40F022C11D0032C3C
:109C900014D04C4A012C08D010780B431840FBF725
:109CA000ABFACAE7012AC8D9DCE7107808431843A1
:109CB000F5E7444A0B4310785840F0E71943080091
:109CC000EDE7E6B22405240F002D06D02000FBF7B7
:109CD000A5FA3000FBF7D6FEAFE73000FBF7CAFE6F
:109CE0002000FBF7A7FAA8E7E6B23000F038042816
:109CF00043D8F8F77FF90326141B2200039B002D9D
:109D00000AD0042B99D80120E404E40EA0402D4B86
:109D10001B785840C0B2C2E7052B8ED8F3E7E004A9
:109D2000C00E002DDDD1FBF779FA86E7281EB6D0EC
:109D30000120E404E40EA040ECE71D4B5B785A07D9
:109D400004D4E004C00E002DCBD0ECE7002D09D0E8
:109D5000E004C00E5B07E6D50323C2001343059A57
:109D60001370E0E70120FBF7E5FA039B012B00D815
:109D700063E70220FBF7DEFA5FE7039B002D08D0C4
:109D8000002B03D03000FEF7F1F956E7E004C00ED7
:109D9000C9E7002B09D05020392E00D0012005F052
:109DA00041FC3000FDF7FAF847E7E004C00E98E701
:109DB0006A190020521A0020661900206719002035
:109DC000501A0020511A0020314A324B954200D1DE
:109DD000F4E422221B7813402F4AA8180A2800D93D
:109DE00058E5F8F711F9FCFC00FD34FD05FD39FDDF
:109DF0000AFD3EFD0FFD43FD14FD48FD244B9D4231
:109E000000D009E5254B35201B78002B00D10C38FC
:109E100004F0B4FFE0E4224BE818062801D8FFF76D
:109E2000D2FB00221F4B1A701F4BEB189BB2222B48
:109E3000CAD80420FBF7A0FF1C4C1D4B2080E8185B
:109E4000212801D9FFF70CFCF8F7DEF83FFCA7FC4E
:109E500048FC19FC1CFC4BFC1FFC4EFC57FC28FC6E
:109E60009FFC2BFC5AFC2EFC5DFC86FC31FC60FC4C
:109E70008EFC37FC66FC6CFC22FC51FC25FC54FC7F
:109E80003BFC69FC79FC98FC9DFC15FC43FCAFFC99
:109E9000167C0000521A0020E087FFFF65190020A1
:109EA000E883FFFF641900200090FFFF6A1900207B
:109EB000FF8FFFFFF8B51A4883790F2B2BD8437912
:109EC000002B28D0174B05881A78174B46881C782A
:109ED00007239C46154FA2421DD0D300DB191979E8
:109EE000002919D01988A94216D15979002913D10E
:109EF0005988891B89B2C7290ED80F24102182796D
:109F000022400A4382719A79224011439971FFF7E6
:109F100035F8FBF7FFF9F8BD634601321A40DAE77E
:109F2000B01900206E1900206D1900207019002052
:109F3000F0B5040087B00622010002A8F7F720FD63
:109F4000774E6579337922790193002B13D1002A5A
:109F50000FD0002D00D1DEE02000FBF75BFC0028D5
:109F600000D1D8E0082221003000F7F709FDFFF703
:109F7000A1FF012543E073796788009373880099F6
:109F8000FB1A9BB2002900D19FE0C72B67D8002A9B
:109F9000EFD0B379328821880F2B52D891420DD15E
:109FA000002D49D10F221340013213433000B37109
:109FB000FEF7E4FFB379A371002520E0002D3BD12B
:109FC000267867782A003900300006F0EBFE2A0078
:109FD0003900300006F0E6FE051EEDD10298FBF7D1
:109FE00009FCC3B200040F21020F032A0AD8012A78
:109FF00011D9000E014213D0A2790F2A10D82800DF
:10A0000007B0F0BD06320A40012A0ED92000FEF743
:10A01000B5FF009DF3E7000E014201D0002BEED00A
:10A020002033DBB2072BEAD9F0E7EF2BE7D90F3368
:10A03000DBB2022BE3D9E9E70123B2791343B37111
:10A04000BAE791422AD1002D28D1A3712000FEF752
:10A0500095FF082221003000F7F792FC89E7B379D9
:10A060000F2B08D83000FEF789FF082200213000AE
:10A07000F7F79AFDA0E7002A00D17AE73188228815
:10A0800091420BD1002D09D12000A371FEF776FF7C
:10A09000082229003000F7F787FD6AE72000FBF768
:10A0A000B9FB002837D0002D35D0B3791F2B00D84D
:10A0B00058E7328804A80280019A47800271002282
:10A0C00083714271FEF75AFF4CE7C72BCDD8002AA7
:10A0D00000D14EE7002D1ED0328823889A4210D13D
:10A0E000B379DA07B5D40F2BB3D90F21A3718B4302
:10A0F000F02BABD0A3791A09013212010B401343A4
:10A10000A3E72000FBF786FB002800D02AE7012305
:10A11000B2791343B3712000FEF730FF29E7C04640
:10A12000B0190020F0B50D0A8BB0EDB202AA029072
:10A130005160002D02D000212F4B1970002302A97D
:10A14000CB81029B04AC04931679002E09D0012127
:10A15000200026716571FBF733FB01212000FBF71E
:10A160002FFB657106AD2100082228002671F7F744
:10A1700007FC2800FFF7DCFE041E1DD11F4B204FFB
:10A1800000931B780822290008A801933E78F7F76E
:10A19000F7FB2B79002B0FD00723751C1D40019B6B
:10A1A0009D4212D01748F6000822801908A9F7F737
:10A1B000E7FB3D70FBF7AEF80725104C104B2078FD
:10A1C0001B7883420CD10BB0F0BDFDF71DFF009B47
:10A1D000082221000C483C701C70F7F7E5FCEBE707
:10A1E000084BC000C018FFF7A3FE0028EBD023786F
:10A1F00001332B402370E0E76C1900206E1900201A
:10A200006D19002070190020B0190020F7B504F076
:10A21000A1FE094E84B23388A3420BD06D460027BD
:10A220002F8004F097FEAF80688000980199FFF7B7
:10A2300079FF3480F7BDC046001900201FB5012406
:10A24000FBF7D2FF00201A49FDF754FD0021022040
:10A25000FEF785FE174B210003201C70FEF77FFEE2
:10A26000A42104204901FDF745FD04F04BFB21002A
:10A270000F20FDF767FD102200216846F7F794FCD8
:10A28000220068462521FEF74DFE04211320FDF72C
:10A2900059FD102200216846F7F786FC042226218A
:10A2A0006846FEF73FFE04F0C7FC04F01DFB1FBD2F
:10A2B000E3FE0000501A00207FB52A4A030CDBB2EF
:10A2C000D45C050AEDB2230021000190002D2DD0B1
:10A2D000062001AB1E78FF217043F7F767FD55227A
:10A2E000524242437600B21803265643FF21F6B28B
:10A2F00032008E1B4B1B6A43754312122D128A1AB1
:10A30000491B6343624361431B1212120912DBB201
:10A31000D2B2C9B2062820D8F7F76CFE040613168D
:10A320001A1F040022000C0021001400FF2220004C
:10A3300011401040090213401B040843184304B0A5
:10A3400070BD1A000B00EFE711001A002300EAE7C6
:10A3500022001C0013000A00E6E7110022001C0086
:10A36000F0E7C046201301000023F0B599B0079331
:10A3700072B6E94D03332A69E84C134380222B61FE
:10A3800023685202134323600123216880200B437A
:10A390008021102623604903800323680B4202D0EA
:10A3A00023680342F9D02368134202D023689B0339
:10A3B000F3D52368334202D023689B06EDD523688A
:10A3C000DB0702D523689B07E7D5236EDB0702D5A1
:10A3D000236E9B07E1D5236EDB0502D5236E9B051B
:10A3E000DBD56368CE4ACF4E134063606368CE4AC4
:10A3F0001340636063680193A368A7680293A3682E
:10A40000E2680393120AC94BD2B25343C84A93423B
:10A410000CD9C84A5B08136004F0BEFE8023626852
:10A420001B0132401343636004F0A0FE07220321A6
:10A43000636893430B4363606368BF493340636061
:10A4400063680B4063606068C0081040022800D158
:10A45000FFE2032800D136E3013843425841B74BAD
:10A4600040421840C018B64B186063681B051B0FAC
:10A470000B2B00D829E3060063685B055B0F0233F2
:10A48000DE40E022AB4BD2011E6061683300114216
:10A4900006D0320063689B049B0F0133DA4013003F
:10A4A000A84AA24913602368A74A13402360F7F71C
:10A4B000F3FBE768A54B00021F40A54B0743E7608D
:10A4C0009E4200D80BE303232A6913432B612368C0
:10A4D000A04A012513401022236023689343236080
:10A4E000236E9D4A13402366236EAB43236604F01C
:10A4F00053FE8023E26B5B021343E3638023E26B32
:10A500009B021343E3638023E26BDB021343E363A9
:10A510008023E26B1B031343E3638023E26BDB01C5
:10A520001343E36362B68D4B8D4A00265A610422C1
:10A530008C4C31001A828C4834321D705E60DE60B3
:10A540002570F7F731FB894B894A666015701A0050
:10A55000B832157040221A85B4331A80854BA66034
:10A56000E360FBF795FCFBF7F1FC834B1B78B342F0
:10A5700001D1FDF7FBFBFBF745FEFBF72DFFFBF7DA
:10A58000BDFAFAF7A3F9FBF78FFF7C4B1B78022B80
:10A5900000D0B7E2FAF762F90022794B1A70012471
:10A5A00000223C21774B78481C70784B1A70784B0E
:10A5B0001980C02377491B040D6A05402B43C02531
:10A5C0000B620B6A2D061B021B0A2B430B62724B9C
:10A5D000724D1A70724B1C70724B1A70724B5D6028
:10A5E000724D1D60724B734D1D60734D5D60734BFA
:10A5F000734D9A621D630D6A284008629A601B6061
:10A600005B60DA626F499A831961596101219D8B00
:10A610004942280099611100186259628031D9635A
:10A62000996569496948D960190048310C80684DBD
:10A63000684905600800684D0830C5670800883023
:10A6400002600800654D943005600800A030046089
:10A6500008000225AC3005800800A830DA655A658C
:10A660001A6503605B640B00BC331C600B005C4824
:10A67000B833B4311A600A6005F022F962B6594B5A
:10A680002000DC7006F0B2FB574B584A1A603A4B78
:10A690001B78002B01D1FDF769FB102200215448E3
:10A6A000F7F782FA0022902101268C461100514BC7
:10A6B0001A70514B1A70514B67461800DC6F5743A4
:10A6C00001944E4C9D6FE719019C5C30D8640434B2
:10A6D000181DC06F1B605B601E72FD6027006F431A
:10A6E0005861C7191861586245489F61DC611D6255
:10A6F0009962D96218635B6372B61800743000788F
:10A700001C6F0930800024181800883063600170C5
:10A7100062B60132903375E0002002400010024022
:10A72000FFFFFF8FFFF0FFFFFFFFFFF040420F0032
:10A73000FF6BDC0274150020FF8FFFFF00093D0056
:10A7400070150020F8230020FFFFFFFEFF00FFFF31
:10A750003FE45904FFFFEFFFFFFEFFFF78150020E5
:10A7600000080040301700205C170020A0150020D2
:10A77000CC15002020140100F22300200C11002031
:10A78000D02D002012110020FFFF00FF292E0020F5
:10A790000A11002000ED00E0D92D00203F19010032
:10A7A000E62D00206B2E002010E000E007000100E5
:10A7B000E016002000310020004000209818002002
:10A7C00044140100A8180020CC1800204C130020CD
:10A7D0001C130020A812002055CD0000B901000074
:10A7E0004013002004110020A40E00207158000026
:10A7F0001C1700202D1700202C170020C80E002049
:10A8000047D00000032A00D056E7C64BC64AD86F8F
:10A810009D6F043004006C431A651A1DD26F1B60D3
:10A8200014195A611A615A62C04A5B601E72D9607B
:10A830009C61D8611D629962D9621A635B6372B6CA
:10A840001A0074321278186F113292001350843348
:10A85000197062B6B64DAB78B343AB7072B6B54CF7
:10A860002378012B07D08022B34B1206DA67BFF39F
:10A870004F8FBFF36F8F0023012226006360227089
:10A880000193F768002F0FD07869002804D00221C7
:10A890000C30494205F0DCF8B869002804D00221E8
:10A8A0000C30494205F0D4F80027019BF7600133D2
:10A8B00001930436082BE4D104F03EFB62B632204B
:10A8C00004F0B0FE72B69D4B202239009C486360B4
:10A8D000F7F76AF92378012B3DD104F0E5FA994A9C
:10A8E0000F970F9B934200D80FE17F26964B974915
:10A8F0001B680868334003430B609549954B1B78F0
:10A90000087895490E7833430B7094490B780343CC
:10A910000B7000230F930F9B934200D8F9E02F2375
:10A920008F4AC020116800060B4313601F238D4A15
:10A9300011780B4313701E238B4A11780B43C721E8
:10A9400013708A4A890053581B021B0A0343535051
:10A9500080231B0613600223237062B6AA78013B92
:10A9600013433220AB7004F05DFE72B604F04AFA75
:10A9700000257F4B18607F4B1D607F4B1D6062B6CA
:10A980007E4C256072B62368AB4202D0200004F0F2
:10A99000A5FA80217A4B200009022561E3606561F8
:10A9A00004F0EAFD62B604F069F904F02FF900281A
:10A9B00001D104F041F9002420000134E4B2FEF793
:10A9C00073F9102CF8D10F2501276E4C6E4E2068BC
:10A9D000431C09D072B6030039002B409940202255
:10A9E000A84304F03EFB62B60434A642EFD1674DA3
:10A9F0000C2200212800F7F7D7F80C220021644828
:10AA0000F7F7D2F80020FBF7B7F9624B984200D174
:10AA100082E0FFF713FC0220FEF778FA5E4B187015
:10AA20000420FBF7A9F95D4C208005F0B9FF0A204E
:10AA300004F0F8FD05F0B4FF2B8801252B4200D16E
:10AA4000B6E0FBF7D1FB00205549FDF753F9FBF7C2
:10AA50009FF97800400BF9F70DFDFB2300229B05C1
:10AA6000F8F79EFD029B06001809C0B20F00F9F727
:10AA700001FD02000B0030003900F7F759FE019B81
:10AA80000F001903090F060001314648F7F704F9D2
:10AA9000F9F7F0FC02000B0030003900F8F780FDF8
:10AAA000032206000120039B0F0013409B189840CF
:10AAB000F9F7B2FC02000B0030003900F8F752FA47
:10AAC000F7F72EFBCFE43748CDE4636806001B059B
:10AAD00000D4D6E463685B055B0F0133D0E4324BEE
:10AAE0009E4204D903232A699A43013BEDE42F4B8C
:10AAF00003219E4203D92A6901238A43E5E42B6995
:10AB00008B43E3E4F9F7BEFE49E50F9B01330F9356
:10AB1000E7E60F9B0133FDE604F078F8002800D04B
:10AB200079E776E77C100020D810002047CE00009F
:10AB3000003802403017002004E100E0501401000A
:10AB40003C1700200E270000B0380240B438024005
:10AB500092380240903802409438024096380240C1
:10AB6000A0380240803802408238024000E100E014
:10AB7000F0160020EC160020E8160020F416002045
:10AB8000A9F500006014010078140100B617002038
:10AB90000C170020E3FE0000CE1700206A190020E9
:10ABA000FFFF0000006CDC023FAEEB023F787D014E
:10ABB0000320FEF7ABF9874B874E187033781843A4
:10ABC000031E01D003112B400027844A1370FBF7AA
:10ABD00019FB834B1022FF2182481F70F6F7E4FF18
:10ABE000814B1022FF2181481F70F6F7DDFF804D59
:10ABF000082217212800FBF7A7F87E4B1F702B783F
:10AC0000032B01D803F07EFE04F0A4F97A4B7B4AB3
:10AC100018607B4B7B491B689B06DB0F1370CA785F
:10AC20002378D809904206D0501E82417F20D2015D
:10AC30000340134323700B79002B07D03078FAF7C9
:10AC4000CDFA012802D00120FAF7E8FA00246E4B71
:10AC50001C606E4B1C706E4B1C806E4B1C706E4BE0
:10AC60001C806E4B1C806E4B1C706E4B1C805C807D
:10AC70009C80DC806C4B1C706C4B1C706C4B1C7093
:10AC80006C4B1C706C4B1C706C4B1C706C4B1C70B8
:10AC90006C4B1C706C4B1C606C4B1C70FAF7FEF814
:10ACA000FAF70AF9FAF76EF9694B6A4A1C606A4BBF
:10ACB0001C706A4B1C606A4B1C606A4B1C706A4BB0
:10ACC0001A600122694B1A70FAF7E8F8FAF764F98A
:10ACD000FAF7E4F8FAF760F9654B664A1C70664BC0
:10ACE00021001C70654B11201C70654B14701C708A
:10ACF00054705C7094709C70D470DC7003F0FAFC3B
:10AD00006A222300A978687803F032FD1C23200012
:10AD10002B7102F0B7FB5B4B5B4A1A6000245B4B64
:10AD20005B4A19785B4D1378994200D1C8E00F2433
:10AD3000E85C013323400E3C0528F5D8F7F750F9BD
:10AD400040F4333A030D137001220320524B1A7062
:10AD5000524BD87006F04AF8E0E7002413704E4BCF
:10AD60001C704F4B1C704F4B1C7004F031F80622C6
:10AD700021004D48F6F718FF4C4B20001C704C4B3F
:10AD80001C704C4B1C7003F08FFF200003F0A6FFDB
:10AD900003F07AFF484B1C70484B1878431E9841CB
:10ADA00001303E4BD5E71370444B1B78002BF8D194
:10ADB0000120F6E713700122384B1000DA70C9E762
:10ADC0000125364C28001370E57006F00FF82800B6
:10ADD000A570BFE7501A0020511A00205719002013
:10ADE000061800201F180020DD170020F61700208D
:10ADF000E81D00203418002060190020F8180020F9
:10AE0000000800480C1100204C1A0020481A0020AD
:10AE1000BC190020BA190020B81900203C1A0020E3
:10AE20003E1A0020401A0020BF190020C01900203F
:10AE30003A1A0020201A00201D1A00201C1A002097
:10AE40001F1A00201E1A0020C41900208E1A00208C
:10AE5000A01A0020A1810000A41A0020CC1C002010
:10AE6000C81C0020BE190020181700208F1A0020CF
:10AE7000741A0020761A0020531A0020751A002038
:10AE80007A1A002004290020A80E00202D17002087
:10AE90002C1700201C170020B417002004110020DC
:10AEA000521A00206C19002051190020501900205E
:10AEB0004F1900204E190020DC170020AF1700208A
:10AEC000002C00D0117005F06BFD0023C94ACA4C5C
:10AED000D05AE15A0A2B00D1A9E002338842F7D0B8
:10AEE000C64B0592029300230193019BC24A5B006B
:10AEF000D35A0493059B049A1B88934200D186E0A1
:10AF00006A46127900260A92049A5A40019B0992D5
:10AF10001A01BB4BD3180B9301230393039B099A8C
:10AF200013426AD0049A134006930123B340089356
:10AF3000029B089A1B881A4210D10A9B10AC6370BE
:10AF4000267004F007F801232371069B60805A1EC7
:10AF50009341637110981199FFF7E4F80024069B60
:10AF6000A34205D10B9B9B5DFF2B01D007930134BE
:10AF7000A44F3B781B19082B1DDD0823611C1D1BEA
:10AF80002A00C919A048F6F7FBFC210009312A0064
:10AF9000C9199E48F6F7F4FC610019316A00C91915
:10AFA0009B48F6F7EDFC210011312A009948C91998
:10AFB000F6F7E6FC3D70002C16D007989149904BAF
:10AFC000303040000A78C55C1B185B788C186372BF
:10AFD000079B0020637413000C335B00CB18013215
:10AFE0006570587098700A70069B002B05D1029B03
:10AFF000089A1B889343029A1380039B01365B00D7
:10B000009BB20393102E89D1059B049A1A80019B51
:10B0100001330193059B02330593029B0233029394
:10B02000019B062B00D060E703F094FF04E0884208
:10B0300000D055E7FFF7EAF8774C0027266803F0C1
:10B0400089FF831B0500019303F084FF206001004A
:10B0500038006C4B1B789C461C00704BF618761B16
:10B06000C3B29C4511D8002F01D0664B1C706C4DAB
:10B070006C4F2C783E78032C00D9BAE12000F6F70B
:10B08000CDFF1F0039003F054C0503005D4A0C331E
:10B090005B00D218937855781B022B439E4204D252
:10B0A0000127013CE4B20130DAE7019D5B199DB252
:10B0B0000295FF252B405370029B1D0A9570F2E705
:10B0C0000022594B59481A70594B293219604D4981
:10B0D000F6F756FC574B1B78002B07D1564B032233
:10B0E0001B781C001440134200D09C0801233C70C4
:10B0F0002B707EE1300002F041FD002E00D178E19E
:10B10000494B18780138C0B202F0E2FA4B4A0DAB55
:10B1100012781880002A21D1494B1B78002B00D1CE
:10B12000E2E00024002320001A001900013402F09C
:10B13000B1F9402CF6D1434C2378182B00D9CDE03F
:10B140000023C8211A00012002F0A4F92378312B32
:10B1500000D8DBE000223B4B1A70D7E01A7805924A
:10B160005B780693384B1B781C1C042B00D90424F5
:10B1700003F0F0FE06230134E4B21B1B80B2184139
:10B180006B46002701901B7902935B00DBB20493AE
:10B190000393FAB2130005993D33DBB2994200D90B
:10B1A0008CE00699994200D888E02848284B00781E
:10B1B0002849013800241B780978042853D8F6F769
:10B1C00019FF030F4B865100552042430298039C00
:10B1D0008218D0B2120646D5FF24241A640007E074
:10B1E00055205043AA2400063DD4013CFF3C544363
:10B1F000E4B238E0D0170020B6170020C2170020B4
:10B20000B0160100DD170020DE170020E617002031
:10B21000F6170020EE17002030180020FFFF000076
:10B22000C50E00203C180020C00E0020061800208B
:10B2300038180020DC170020E81D0020921800209C
:10B2400000290020E82D002079100020931800200C
:10B2500091180020781000200298C318552042430E
:10B260009B18DBB2FF240EAA1370517094700E98D5
:10B27000FFF722F810AB18700400050400022D0E31
:10B28000000E5D709870174BC0B21E78C8217043D5
:10B29000F6F78CFDC3B2E8B2C82170430893F6F705
:10B2A00085FDC5B2E0B2C8217043F6F77FFDC1B29B
:10B2B00038002A00089B3D3002F0ECF8039B013770
:10B2C000563BDBB20393032F00D062E724E7019AD9
:10B2D000049C1206C7D5019AD4437FE700231A00C5
:10B2E000190030E77A100020C24B1878002800D1EE
:10B2F00008E2C14B1B78022B00D9FFE1BF4AD05CAA
:10B30000BF4AD15CBF4AD25CF9F794FBBE4B1B78B5
:10B31000002B30D1B74B1B78002B2CD1BB4B1D78A9
:10B32000BB4B1C78042C00D1B8E3002D00D05BE3AC
:10B33000002C00D1CFE3012C00D1CFE3023C012C43
:10B3400000D8CBE3B34A0EAB52781A70FF225A7082
:10B35000373A9A700E98FEF7AFFF0204030210A965
:10B36000120E1B0E08704A708B70D2B2C1B2DBB2E3
:10B370003A2002F08FF8A84B1B78002B39D1A74B4D
:10B380001B78002B35D1A04B1B78002B31D1994B6A
:10B390001C78002C2DD19F4BA14E5B780193A14BC3
:10B3A00035881F5D002D00D1A6E303F0D3FD401BBF
:10B3B00080B2C72800D99AE3019A0EAB1A70FF2217
:10B3C0005A70373A101A98700E98FEF775FF0204FB
:10B3D000030210A9120E1B0E4A708B700870DBB2AC
:10B3E000D2B2C1B23800013402F054F80236242C33
:10B3F000D5D18D4C0622210010A8F6F7C1FA63784A
:10B40000042604930223E356052702930323E356FD
:10B41000A65701930023E757019AA370E3702371A5
:10B420006371029B134340D0804B1D8803F092FD53
:10B430007F4A401B137880B2002B01D100F052FFED
:10B44000142832DDFF2B01D001331370029B002B37
:10B4500008D003F0C9FA029AFF23002A00DDFE3B60
:10B460004343A370019B002B08D003F0BDFA019A5F
:10B47000FF23002A00DDFE3B4343E37002202056F9
:10B48000002812D00323E3560393002B0DD003F0C2
:10B490009BFA002800D10130634DA870039803F097
:10B4A00093FA002800D149E3E8703B0033433CD0D5
:10B4B000604B1D8803F04EFD5F4A401B137880B23D
:10B4C000002B01D100F008FF50282EDDFF2B01D00A
:10B4D00001331370544D002E07D003F0A5FAFF235B
:10B4E000002E00DDFE3B43432B71002F07D003F0FD
:10B4F0009BFAFF23002F00DDFE3B43436B710420CA
:10B500002856002811D00526AE57002E0DD003F086
:10B510005BFA002800D10130434D2871300003F060
:10B5200053FA002800D10CE368713F49049A4B7824
:10B5300093421AD102228A56002A02D0029B9A42D2
:10B5400013D103200856002802D0019B98420CD149
:10B550000523CB56002B01D09F4206D1097949B271
:10B56000002902D10243134301D003F023FD062238
:10B5700010A92000F6F704FA03F086FB2F4B1A7887
:10B58000824202D0187003F0E5FC2D4B1B78002B93
:10B590006ED000252B4B01950293029B1C68002C5A
:10B5A0005BD0019B002B00D0CEE2012672B6F3B235
:10B5B000039320686369F1B29847431E984105439D
:10B5C00062B6214803F037FC002843D0A369206805
:10B5D000F1B2984700283DD072B61C4F63683A001C
:10B5E0002068F1B2984762B600201949BA6C05F09C
:10B5F000B1F82FE05B190020581900202315010035
:10B60000201501001D150100002900208F1A0020BF
:10B610008E1A0020E81D002057190020D02D002090
:10B62000CC1900208C160100511900204018002070
:10B63000501900203E1800204F1900204218002009
:10B6400090180020540F0020C80E0020441800203D
:10B650004A1800200136092EA8D1019B013301931D
:10B66000029B90330293019B032B96D1C14B1D701B
:10B6700072B6C14F3B6F1B78042B01D100F023FC45
:10B6800062B603F067FCBD4C05002378012B04D0A3
:10B690000022BB4B1A70BB4B1A802022BA4BBB4E08
:10B6A0001B6813409A06D20F0192002B16D03778F0
:10B6B000002F13D1B64B1A78022A0FD0022208208D
:10B6C0001A70FAF7E1F8FAF7B1FBF9F745F9B14B5F
:10B6D0001F7003F03FFC0122AF4B1A706B462078BD
:10B6E0001B7933700023042801D900F0A9FCF6F778
:10B6F00095FC4F048504A904B1045C05C82211001F
:10B70000100001E6A34E3378002B56D0A04D2B78C5
:10B71000022B52D0002B1DD16A781800511E02292D
:10B7200002D80E32D0B205339C4A9D4CD278012A01
:10B730001BD12278092A14D803255D4399494A1957
:10B740009378695C527801F0A5FE2378132B00D919
:10B7500000E5DBE5012B01D00300E5E71220032320
:10B76000E2E700231A001900EDE7022A0ED1227841
:10B77000182A07D803255D438A494A199378695CDA
:10B780005278E1E400231A001900DDE403275F4347
:10B790008449CA199378795C527801F07BFE23784A
:10B7A000EF2B00D8B2E50023237033702B78002BE9
:10B7B00000D0ABE501227C4BCEE47C4B187800280E
:10B7C00059D07B4B1B78012B23D17A497A4B0A78CD
:10B7D000012A06D900201A780870032A17D9033ADB
:10B7E0001A7000251C78754B1A5D754B585D002347
:10B7F000190001F04FFE2300783C0833DAB2E4B2BE
:10B800001B0600D4140001350A2DECD17EE57F2201
:10B81000E6E7022B0BD10024694BFF22185D0023C1
:10B820000134190001F036FE0A2CF5D16EE5584BB3
:10B830009E786D2E1DD80A213000F6F7B7FA002742
:10B84000FF24C5B2142E06D900243223B34264412A
:10B85000FF276442E4B20026F3B29D4200D855E5CA
:10B86000574B3A00985D2100002301F013FE01368A
:10B87000F2E70A25E8E7534E534D33782A7819004A
:10B88000474C11434CD0217818292DD8002B23D0B8
:10B89000C82211001000F9F7CDF84C4B1B78002B93
:10B8A00000D133E53A4A1378012B00D192E0022B04
:10B8B00000D194E0002B00D028E55378022B4ED025
:10B8C000032B51D0012B00D020E5C7331A001900FB
:10B8D0000F2001F0DFFD19E5002ADED0C82211009B
:10B8E0001C2001F0D7FD05E0002B0ED00200010066
:10B8F000F9F7A0F82378312BCFD9002323703378C0
:10B90000002B07D0013B3370C7E7002AF2D01A00A2
:10B910001900E5E72B78002BBFD0013B2B70BCE76B
:10B9200021701B4C2578022D17D103F0B9F905427F
:10B9300013D0274B1B78002B0FD0C8231A001900F7
:10B940001C2001F0A7FD6379002BA6D0C823362068
:10B950001A00190001F09EFD9FE70023EEE7C823BF
:10B9600010201A001900B4E7C82311201A0019008A
:10B97000AFE7C046901800207C100020171A002066
:10B98000DF2D0020E02D002000080048F8180020DE
:10B990000C110020D02D00205C190020232E002047
:10B9A000E82D002002150100E22D0020151A0020CC
:10B9B000D82D0020E72D0020141A00207814010053
:10B9C000F8140100591900205A19002057190020B5
:10B9D000D92D0020C82312201A00190079E7C823A6
:10B9E00013201A00190074E7042C57D0022C78D0C9
:10B9F000032C7AD0012C04D0002C55D00026FF2433
:10BA000050E0C34B1D78002D01D000F071FC2C00DC
:10BA1000FF26C04B1B680193002B01D09B8A01932A
:10BA200084273800FF217043F6F7C0F9C3B238000D
:10BA3000FF2160430293F6F7B9F9C3B23800FF2142
:10BA400068430393F6F7B2F9029B039AC1B20198D7
:10BA500001F020FDB04B1A78131C642A00D964232E
:10BA60000320DBB2584364216330F6F79FF93D278A
:10BA7000C3B201933800019B3D38C0B222002900B7
:10BA8000B446834202D8002211009446380063462F
:10BA9000013701F0FFFC402FECD153E4FF242600D6
:10BAA000002DB6D00025B4E79C4B1C68002CA5D017
:10BAB00003F050FA974B9A4A1B68001B90429DD89E
:10BAC000002B9BD09E69002E98D0350C340AEDB225
:10BAD000E4B2F6B29DE72600FF259AE72E00002487
:10BAE000FAE780260024350093E78026F7E7002157
:10BAF0000B000A00318075E42B002A00290071E454
:10BB0000884B894A1E70894B1B789B079B0F1370CB
:10BB1000FAF7D6FB0323FFF7EBFA854B1B78002BD4
:10BB200001D002F0E1FE834B1C6803F013FA001B06
:10BB30000F2800D85DE40023FFF7DAFA0123EB7049
:10BB4000B3E401236B71F0E472B6002163692068ED
:10BB50009847431E9841054362B602988C3803F01B
:10BB60006AF9002800D178E50021A3692068984788
:10BB7000002800D171E572B66F4E00213200636873
:10BB80002068984762B66B466C491879B26C04F02D
:10BB9000E1FD62E5002363700C33A37010E0607870
:10BBA0000138032830D80023F6F724FA02171A26A2
:10BBB00003F0D0F9030EA370030CE37040BAA08029
:10BBC0005F4B1B68002B00D152E55B69002B00D155
:10BBD0004EE52021200098474AE503F04FF8E9E7B9
:10BBE000002322001900A578E81802320528E7D8BA
:10BBF000517091700133F7E76380A380E0E76378C9
:10BC0000022B04D0052B0FD0FF232370D8E712237B
:10BC10000CAA9B1859881A880904114309BA2D20C7
:10BC2000C9B2FDF79CF9CBE7002002F02FFDC7E772
:10BC3000617800200429C1D8A278052ABED8E3780B
:10BC40000F2BBBD8C0254D435201AD185B00ED183A
:10BC500028002E30FDF75AF9060228002F30FDF794
:10BC600055F9B6B2304380B2A8E7A388E2785BBA50
:10BC7000A17860789BB202F059FEA1E7FBF71CFFA8
:10BC80009EE76278032A6FD1082B2ED0092B68D04B
:10BC9000A0780138032893D8F6F7ACF9020E1B22DE
:10BCA000C9220CABDB7C5A43204B120A9978587896
:10BCB000002302F05DFD83E7E378002B02D102F060
:10BCC00009FD7DE702F0F2FC0021E07802F012FDB0
:10BCD00076E7164BE27800201A7101F0D3FB6FE78C
:10BCE000124B2179DA78E078E2E7A078013803286E
:10BCF00000D965E70D4BF6F77DF902252D2FFF20C2
:10BD0000DB78C8215843F6F751F8E07058E7C04691
:10BD1000AE1A00204C1A002002290020C41900206D
:10BD2000B70B0000C40E0020C30E0020E81D002049
:10BD30003418002038180020441800204A18002029
:10BD4000042900201A7800239107994200D0930813
:10BD5000E37035E71B79FBE75A78E2709B78237133
:10BD60002EE702F0C1FD2BE7022A00D04CE7082B9A
:10BD70001FD0092B00D123E7A0780138032800D970
:10BD80001EE7F6F737F902060E10C44BE2781A7078
:10BD900016E7E378C24A1370591E8B41C14A1370EB
:10BDA0000EE7C14BF2E7C14BE2781A70C04B227923
:10BDB000EDE7A0780138032800D901E7F6F71AF972
:10BDC00002050C0EB54B1B78C2E7B64B1A78002360
:10BDD0009A42BDD0B24BF6E7B34BF4E7B34B1B78B6
:10BDE000E370B34B1B78BAE710236370E8E60023D7
:10BDF00063709233D1E60CABD97C11230CAA9B184B
:10BE000058781A780002104340BA80B211AA02F0A2
:10BE1000A7FDD5E6112327000CAA9B185D781A7898
:10BE20002D021543E6786DBAADB27619AE4200D157
:10BE3000C6E6912D04D89F4B3979E818FDF78FF8A5
:10BE400001350137F2E702F0A3FDB9E60523CCE79F
:10BE50001123F02726000CAA9B185D781A782D0272
:10BE60001543E3786DBAADB25B190193BF00019B36
:10BE7000AB4200D1A4E60020BD4203D228002E3000
:10BE8000FDF744F8307101350136F0E71123F02752
:10BE900026000CAA9B185D781A782D021543E378CA
:10BEA0006DBAADB25B190193BF00019BAB4200D1EB
:10BEB00086E6BD4204D2280031792E30FDF74FF8D6
:10BEC00001350136F1E762B672B6002510AB019379
:10BED000794B9C6A002C08D1DA68002A34D05A6960
:10BEE000141D12689C62A218DA62FB6A0293202376
:10BEF000029A5B1B161B9E4200D91E0021003200D5
:10BF00000198F5F73DFD019B6B489B190193029B3E
:10BF1000A4198462AD19A34211D8C368C269013B58
:10BF2000C36043699B1882694361934201D3436AAA
:10BF3000436100238362036B002B00D0984762B6F5
:10BF40001F2D02D872B6C3E762B66A426A415B4BE4
:10BF50001A70202D01D0FFF794FB10AC2378581EE7
:10BF6000122800D950E6F6F74FF815FE1AFE4AFEE1
:10BF700063FE80FE89FE8CFE8CFE8CFE4FFE4FFE23
:10BF80003FFF42FF46FF55FF6EFF71FF73FF91FFBA
:10BF90004B4B1B78022B24D04A4B1D6802F0DAFF72
:10BFA000494B401B98421CD9484B1B78002B18D199
:10BFB0009023DB051B68DB0613D4454B1D78002D51
:10BFC0000FD10126267002F0C5FF424B9630186053
:10BFD000414B1D705E71414B1D70414B1D80414BAB
:10BFE0001E70F8F737FD404E040033783F4D834212
:10BFF00000D00EE100232B70FEF790FE3C4A15782E
:10C00000002D0CD01370374A23701370344A1380FC
:10C01000314A537102F09EFF2A4B1860E1E72D4B25
:10C020001E6802F097FF801B9528DAD901222D4B5C
:10C030001D702B4B1D802F4B1A70FBF7C3FF022383
:10C040002370CEE72A4A11780029CAD01370FAF774
:10C050001DFFC6E7274F1F4E3B78002B10D1264A05
:10C0600013700122254B1A701C4B1A7002F072FFDC
:10C0700002F070FFC8239B00C01830600423DFE784
:10C08000356802F067FF9623401BDB009842A8D377
:10C090001B4A1378012B35D80133D7E77A100020DB
:10C0A0009318002092180020791000209118002089
:10C0B00078100020EE0300007C100020001100200A
:10C0C0000C11002060190020DF930400AD2E002029
:10C0D000DA2D0020181A0020232E0020D02D002059
:10C0E000E02D0020DF2D0020FC230020FC18002084
:10C0F0005C19002012110020FD180020EA2D0020FC
:10C10000FF1800207C4B1A78002A4CD101251D70A5
:10C1100080237A4ADB00D16B3D700B43D36302224C
:10C12000774B19680A431A601A682A431A60F9F7AC
:10C13000AFFEF9F70BFFFAF765F8FAF74DF9FAF7E2
:10C14000B3F9704B1B78022B2AD1F8F787FB3D70AF
:10C1500000253C226C4B1D706C4B1A806C4A6D4B59
:10C16000116A1940C0231B040B43C0211362136AD8
:10C1700009061B021B0A0B431362674B1D705D719E
:10C18000664B1D70F8F7A2FB654B1D70654B1D706B
:10C1900002F0E0FE9623DB00C018306003234FE777
:10C1A000F8F770FBD3E7FBF7DFFE5F4B1B78002B44
:10C1B0000FD15949534A49781278914209D15B4AC3
:10C1C000237013705A4A13704B4A1370594B1D60F9
:10C1D00007E7594E376802F0BDFEC823C01B9B001D
:10C1E000984212D3524A1378022B09D801331370A4
:10C1F0000122524B1A70C8239B00ED183560F0E6FF
:10C2000000234A4923700B70DDE701224B4B1A7063
:10C21000E7E62B784A4F0193002B06D101332B70B0
:10C2200002F098FE3880FEF779FD3F8802F092FE1A
:10C23000C01B80B2632801D8FEF770FD0022347065
:10C24000304E2A707378012C0DD0022C06D0944207
:10C2500001D0FEF763FD1D00022405E0591E0125F3
:10C260001400022900D81D003278A24216D1002CF9
:10C2700001D0FEF753FDAB4201D1FEF74FFDF8F7B9
:10C2800001FB002375703370022D23D0032D21D0C4
:10C290000120012D1BD0F8F75FFB0BE0022C10D121
:10C2A00008203470F9F7F0FAF9F7C0FDF8F754FBFD
:10C2B00000230193234B019A1A7002F04BFEFEF704
:10C2C0002DFD012CDBD1F8F7DDFA00203470F9F7F1
:10C2D000DBFAE0E72800FAE70A2801DDFFF7F8F8C3
:10C2E000FFF723F90A2801DDFFF7AEF8FFF7DDF8C5
:10C2F0000026FF24FFF7F0FBFE180020001002408C
:10C30000002802400C110020292E00200A110020D4
:10C3100000ED00E0FFFF00FF232E0020DF2D0020B6
:10C32000E62D00206B2E002012110020FF180020A7
:10C33000FD18002060190020181A0020EA2D0020A6
:10C34000FA180020D02D0020010030B5C0B201291C
:10C3500016D9F723FF225B01994202D84A09083215
:10C36000D2B20124A018401005004543ADB2C3B2BB
:10C37000A94206D2013BDAB29442F3D9013CE0B2C1
:10C3800030BDFF28FCD00133DCB2F5E7054A064B8F
:10C3900011884B4305495B189BB2180AC018C0B2FC
:10C3A0001380704720110020050800001936000096
:10C3B00010B50400FFF7EAFF60430012C0B210BDE1
:10C3C0000F21430615D40B000200034092060B49CF
:10C3D000920F52005218517812784B431B119B1840
:10C3E00040B2DBB2002801DA5B42DBB2803BD8B25C
:10C3F0007047C343DAB20B400133E7E72A1F01005D
:10C4000010B50B00041E02D1C80FC00110BDC1172A
:10C4100042184A4012B2D118002B0BDB9B1A58016C
:10C42000F5F7C4FC2023181AC0B2002CEEDA404203
:10C43000C0B2EBE74801D11AF5F7B8FC6023F2E788
:10C440001FB5040C01905008FFF7BAFF0200803AB4
:10C45000E4B2D3B2120603D580235B421B1ADBB2CF
:10C4600001AA1288FF2110005B000134DBB2634394
:10C47000120A1B12084012020B401B0410431843FF
:10C4800004B010BD1FB5030A01903031D8B20E4B75
:10C490004900C95CE5234B431B121C339A1AD3177E
:10C4A000D2185A40D200821A01AC131C120400D5D3
:10C4B00000231BB2013058430012A378607020881B
:10C4C0001B04184304B010BDB0160100030C84B067
:10C4D00001903031D8B2114B4900C95CE5234B4380
:10C4E0001B121C339A1AD317D2185A40D200821A40
:10C4F000131C120400D500231AB2431C534301AA93
:10C500001288FF2110001B12120A084012020B4071
:10C510001B041043184304B07047C046B016010016
:10C520007FB5040A0190E4B21000E51AFFF768FF36
:10C530008300C01AEDB22D18EDB201346C4301AE88
:10C540002412B378747030881B04184304B070BD93
:10C550007FB5040C051CE4B21000E61AFFF750FF8B
:10C560008300C01AFF23F6B236181800F6B2013461
:10C57000744328402D0A1D4024122D021C40034BF9
:10C58000284324041840204304B070BDFFFF00FF7F
:10C590007FB5040A0190100008AA1578E4B25D1B6B
:10C5A000FFF72EFF6519EDB22D1AEDB201346C4381
:10C5B00001AE2412B378747030881B04184304B0A1
:10C5C00070BD00007FB5051C040C100008AA167889
:10C5D000E4B29E1BFFF714FFFF23A619F6B2361A2A
:10C5E0001800F6B20134744328402D0A1D4024126D
:10C5F0002D021C40034B284324041840204304B060
:10C6000070BDC046FFFF00FF84B001A901908B7888
:10C610000A7008881B04184304B070471FB5074B05
:10C6200030314900CB5C01AC01909B1A2370A37898
:10C6300020881B04184304B010BDC046B01601008A
:10C640001FB5074B303149005B185B7801AC019096
:10C650009B1A2370A37820881B04184304B010BDD4
:10C66000B0160100F0B5303115000E4A4B00D3185A
:10C670005F7885B03E00203E019001ACC0B273B23D
:10C68000360602D52023DB1B5BB24900525C521BED
:10C69000D2188018A378207020881B04184305B096
:10C6A000F0BDC046B016010084B004AA0190107815
:10C6B00003225A43521001A980188B780870088809
:10C6C0001B04184304B070471FB51C0001904BB207
:10C6D000080601D549424BB23820C01A80B292B246
:10C6E00052434043801880B2FFF72EFE032343439A
:10C6F00001AAE4181470937810881B04184304B03E
:10C7000010BD30B585B0019010001D00FFF778FE18
:10C7100001AC4019A378207020881B04184305B091
:10C7200030BD30B585B00190100008AA147801AD75
:10C730001C1BFFF765FEE4B2241AAB782C70288826
:10C740001B04184305B030BD7FB50D4D30335B0081
:10C75000EE185B5D7678703B59437F23203E724331
:10C760005118CA171A405218D21101AC0190121870
:10C77000A378227020881B04184304B070BDC04603
:10C78000B01601007FB50D4D30335B00EE185B5DD8
:10C790007678703B59433F23203E72435118CA17A5
:10C7A0001A405218921101AC01901218A37822700D
:10C7B00020881B04184304B070BDC046B0160100A9
:10C7C0007FB5134D30335B00EE1876780190203E34
:10C7D00072435E5D01AC3500703DC0B26BB22D0698
:10C7E00002D570239B1B5BB23825EB1A59430323F8
:10C7F0008A187F215343DA170A40D218D2118018C1
:10C80000A378207020881B04184304B070BDC04674
:10C81000B01601000C4B3031490084B0019058181B
:10C82000C95C03234078091A4B43DBB2991AC9B299
:10C83000202801D9D218D1B201AA9378117010889A
:10C840001B04184304B07047B016010030B585B022
:10C850000190C4B25008FFF7B3FD0200803A01AD69
:10C86000D3B2120603D580235B421B1ADBB20D2222
:10C870005B00DBB253431B12E4182C70AB782888A2
:10C880001B04184305B030BD7FB50E00041C019099
:10C890001000FFF795FD30360E4B7600F35C01ADCE
:10C8A000C018C0B20200803AE4B2D3B2120603D577
:10C8B00080235B421B1ADBB20D225B00DBB25343C9
:10C8C0001B12E4182C70AB7828881B04184304B0A2
:10C8D00070BDC046B016010030B50C4B3031490078
:10C8E000CD5C85B0AB1A019001ACC0B2D9B21B06C9
:10C8F00001D5521BD1B219234B431B12C018207013
:10C90000A37820881B04184305B030BDB016010081
:10C910001FB501900520434306AA128801A9D31828
:10C920001A1C9BB2FF2B00D9FF22D3438A78DBB2BB
:10C930009B181C1CFF2B00D9FF240A88FF23100022
:10C94000120A1840120223401B041043184304B07B
:10C9500010BD30B585B0019008A800881B18C81715
:10C9600009184140D0171218424009B29BB292B246
:10C970000901FF2900DDFF2112B21201FF2A00DDAB
:10C98000FF220C1C15B209B201A8A94200DD141C3B
:10C990001B191A1C9BB2FF2B00D9FF22D3438278AC
:10C9A000DBB29B18191CFF2B00D9FF210288FF2343
:10C9B0001000120A184012020B401B0410431843C7
:10C9C00005B030BD7FB5050C160008AA019012888D
:10C9D000E8B201ACFF25482B06D8D31A1A1C9BB22B
:10C9E000AB4200D92A1C95B2083189B2102905D969
:10C9F000330008339BB2102B00D9FF250321ED43F0
:10CA00000C4BF2170A405B7892199210EDB2D218D3
:10CA100040192270011CFF2800D9FF212288FF2322
:10CA20001000120A184012020B401B041043184356
:10CA300004B070BDE81D002084B004AA12880190E3
:10CA4000D21A131C92B2FF2A00D9FF23DBB2D943BA
:10CA500001AA9078C9B24018011CFF2800D9FF2113
:10CA600010781B1813701288FF231000120A184048
:10CA700012020B401B041043184304B070471FB54B
:10CA800006AA128801A9D31A1A1C9BB20190FF2B87
:10CA900000D9FF22D3438A78DBB29B181C1CFF2BE2
:10CAA00000D9FF240A88FF231000120A184012023E
:10CAB00023401B041043184304B010BD1FB53C2392
:10CAC000FF334B43154A01901168040CC918144BED
:10CAD00089B21879E4B2C008013048430012C0B2EC
:10CAE000FFF76EFC0200803AD3B2120603D5802312
:10CAF0005B421B1ADBB201AA1288FF2110005B0007
:10CB00000134DBB26343120A1B12084012020B40CD
:10CB10001B041043184304B010BDC0463818002051
:10CB2000E81D002010B5F7F785FF10BD014B5878C0
:10CB30007047C046041100200023F0B5394C743012
:10CB400085B06360C178827809020A43090A032923
:10CB50001FD00DD801295ED01800022901D132481A
:10CB60005B3360602360002800D0200005B0F0BD7A
:10CB700042790579120218002A43212944D022293A
:10CB8000EFD1022AEDD8294B9100C858284B9B5C65
:10CB9000E7E7D2B21800032AE3D81000F5F72AFA23
:10CBA0003E02050812232348DBE716232248D8E774
:10CBB000224B1E78002E24D1012231001A706846C3
:10CBC0000F32F4F7F1FF6D4631001D4B4A10AA5C9D
:10CBD0001C481709C75D4E009E19B7700027BC4658
:10CBE000F7700F374E1C3A40825C76009E19B27087
:10CBF00062460231F2702029E8D142321A703F3A7F
:10CC00005A700F480378ACE7022AAAD80E4B92005C
:10CC1000D0580923A5E712230C48A2E704230C48A7
:10CC20009FE7C046C42F0020A01E0100101F010076
:10CC30000D1F0100881E0100701E01007E2F0020C4
:10CC40007F2F00205F1E01001C1F0100FB1E010042
:10CC50009C1E01000368002B07D091001960511E33
:10CC60008A41024B19780A431A70704790180020C5
:10CC70000368181E02D018688008C0B27047000010
:10CC80000368002B01D10020704772B603681A6850
:10CC9000998862B6002AF6D00020044B9B8B5B1A61
:10CCA0009BB293424041C0B2EEE7C04698180020C4
:10CCB0004B1E072B0BD889000B58002B07D0910077
:10CCC0001960511E8A41024B19780A431A70704745
:10CCD0009018002003000020082906D88900CB58AE
:10CCE000181E02D018688008C0B27047082901D900
:10CCF00000207047890040180368002BF8D072B6F6
:10CD000003681A68998862B6002AF1D00020044BA3
:10CD10009B8B5B1A9BB293424041C0B2E9E7C0468D
:10CD2000981800200A4BC2B29A730122002805D13C
:10CD3000597C114201D0987DC0B27047197D002006
:10CD40001142FAD09A7DD87D00028018F5E7C046DE
:10CD500000380240FEE7036910B51960C268013A65
:10CD6000C260C2699B1882690361934201D3436A1E
:10CD7000036100238362036B002B00D0984710BD32
:10CD8000F0B501268E40002745891C0035434581BA
:10CD90008D1CAD00401940681425806982600360D5
:10CDA0004760C7607F2001404D431548401905008A
:10CDB000B8352D78BD420AD0124DAE7BA973F6B2BC
:10CDC000BB4205D1B94201D10F4B1970AE73F0BD12
:10CDD000002AFCD0BC239C46844463461A600200AF
:10CDE000C430C03214600760002903D10322064B0F
:10CDF0001A70EBE701238B40044ADBB21370E5E7BE
:10CE0000A015002000380240282F00208238024060
:10CE10000300006F10B50278042A13D11A0074328F
:10CE2000117801228A40448922420BD11A695C6937
:10CE3000A24202D1DC68002C04D1DB690432043B3D
:10CE4000FFF79EFF10BD10B5406BFFF7E1FF10BD6F
:10CE5000F8B507000020104C0D00A67BA073F6B2B9
:10CE6000FFF760FF002811D080B2031CA84200D950
:10CE70002B1C002209499BB29A4209D36C22237DC4
:10CE800093432375237D6B3A93432375A673F8BDB3
:10CE90000878B8540132EFE70038024020380240E9
:10CEA00010B50A4B9A7B9873D2B2002806D0102195
:10CEB0009873587C014359749A7310BD0724044930
:10CEC0000C7098736021587CF4E7C046003802402B
:10CED000282F00207F23F0B51840002901D1002A17
:10CEE0000FD104261E4B9C7B98735D7CE4B23542C7
:10CEF00002D05D7CB5435D7401265D7C354201D076
:10CF00009C73F0BD002A03D15A7C32435A74F7E770
:10CF10009D7B9873EDB2002807D15E7CB6070DD5D6
:10CF20009D730122597C0A43F0E75F7C3742F7D1B9
:10CF30001F7C9D73FEB2002FF3D001E040269D734D
:10CF4000084D80004019151CB24200D9351C002242
:10CF5000ADB28E5C013206709542FAD8E1E7C04668
:10CF60000038024020380240F7B5274B7F25019357
:10CF7000142305406B4300910199CB1818002C3005
:10CF8000007800280BD0214C0120A67BA573677C7C
:10CF9000F6B2390001408C46074201D0A673F7BDB6
:10CFA00007000099AF401963614699631849FFB2C1
:10CFB0005A630F70002A0FD1002D0BD1019BDA8C20
:10CFC000144B002A04D104321A700A236374E5E773
:10CFD0000622F9E76074E1E700990029DFD01F8D90
:10CFE000974200D9170028000099BAB2FFF772FFE4
:10CFF0000123002DEAD1074A1370034B1B8D9F427A
:10D00000E3D30223E2E7C046A01500200038024027
:10D0100080380240282F002070B504000800012548
:10D02000854011001A0023892B432381831C9B0018
:10D03000E418636800245B6999601A605C60DC60D6
:10D04000FFF792FF70BD436B10B5186F0278042A8A
:10D0500011D11A007432117801228A4004892242C7
:10D0600009D15A691C69944202D1DB68002B02D1B4
:10D0700008CAFFF7D1FF10BD10B50F24054A11787B
:10D080004B1C2340044C24789C4202D0034C137068
:10D09000605410BD2D1700202C1700201C170020F5
:10D0A000036810B50400002B08D09A6C981D00216D
:10D0B000F4F77AFD002223681A609A8010BD70B5DB
:10D0C0000500040024352368002B08D09A6C981DB5
:10D0D0000021F4F769FD002223681A609A80043465
:10D0E000AC42F0D170BD0000F0B58E0086195069D9
:10D0F00085B00C001500F260002803D01422002136
:10D10000F4F752FDA869002803D014220021F4F797
:10D110004BFD002C12D140215E4B5F4A180011805C
:10D120001A001985B632190014700122B8302A315C
:10D130002C3302700C701A7005B0F0BD7F212140B5
:10D140000629F9D8F468236800930323009A134052
:10D150005A1E022A00D99AE01B02013BFF3B4F4AAC
:10D160000193937BDBB202939173A3699C46181ED3
:10D170002AD014234B434748658AC0180300B433B0
:10D180001D8006000323009FB6361F40377001271D
:10D19000B8300770E8B29173D074019B507D5E4245
:10D1A0005E41B6013043802603235075107D304325
:10D1B00010753800984080B2854204D90133102B95
:10D1C000F7D1002318009BB26669002E28D01423E3
:10D1D0004B433048009FC018050003232A351F40E9
:10D1E000248A2F70012704852C300770E0B29173D8
:10D1F0001074019B957C58425841800105434020A2
:10D2000003239574557C284350743800984080B2AD
:10D21000844204D90133102BF7D1002318009BB2AC
:10D220000A2B2DD86446033B1A4D9BB2002C12D01A
:10D230006C689173E708FFB29777D77F6404240F77
:10D240002743D777D47F5F013C43E4B2D4771024DF
:10D25000177D3C431475002E12D06C689173E10861
:10D26000C9B21177517F6404240F21435177517F54
:10D270005B010B43DBB253770823517C0B435374A0
:10D28000044B596840185860029B937354E7C023BD
:10D290009B0064E7A01500205416002000380240CF
:10D2A00010B50B4B9A7B9873D2B2002806D0202180
:10D2B0009873187D014319759A7310BD07240549A9
:10D2C0000C7060219873587C01435974F4E7C04690
:10D2D00000380240282F002070B505006435040096
:10D2E000287800283AD00638C3B20F2B2ED80F2842
:10D2F0002CD8F4F77FFE332B2B08212C2B2B2B2B38
:10D300002B2B2B2B333323007A331A785B78E06E88
:10D310001B02134398420FD2E368198AF4F742FDC7
:10D32000002909D172B60B000A002000FFF774FE35
:10D3300062B60A232B7009E014232B7072B6002307
:10D3400020001A001900FFF71BFD62B670BD236FA5
:10D35000002B01D0200098470023EBE70020FFF7C7
:10D360009FFD0020FFF79CFF63681B68002B02D025
:10D370000621200098470623DCE770B505006435D8
:10D380002B780400142B24D017D8062B06D002D8F3
:10D39000002B03D070BD093B022BFBD80020FFF708
:10D3A0007FFD0020FFF77CFF63681B68002B02D025
:10D3B000062120009847062315E0152BEAD10A3BE9
:10D3C0002B7072B600231A001900FFF725FE62B613
:10D3D000E0E7C3689B695B68002BDBD1036F002B20
:10D3E00000D0984700232B70D4E70000006810B5E8
:10D3F000002806D0034B9B8B826483800630F4F7B1
:10D40000BFFA10BD981800200168130010B500295C
:10D4100005D08A6C981D9A640631F4F7B1FA10BDF4
:10D420000B7810B5082B0AD89B001858002806D096
:10D43000034B9B8B826483800630F4F7A1FA10BD06
:10D4400098180020030010B51000082909D8890099
:10D45000C958002905D08A6C063182640630F4F779
:10D460008FFA10BD064B10B5D968087518680268A8
:10D4700053601A6001220275D860F2F78DFE10BD6C
:10D4800098180020024B1A78104318707047C04655
:10D490003418002010B5F7F76BFA10BDF7B5104B34
:10D4A000104A5B78825C0400134217D00E4B0320B5
:10D4B0005D789F78DE78FEF77BFF6B4640012D1A82
:10D4C0001D705F709E700098FCF7F6FE0204030268
:10D4D000C1B2120E20001B0EFFF7DCFFF7BDC046E5
:10D4E000C00E002090170100E81D002037B5104B3A
:10D4F000104A5B78825C0400134217D0FEF746FFA7
:10D5000005008020FEF754FF0B4B7F30DA786B4626
:10D510009A701D7058700098FCF7CEFE020403024A
:10D52000C1B2120E20001B0EFFF7B4FF37BDC0467C
:10D53000C00E002090170100E81D0020F7B51A4B1F
:10D540001A4A5B78825C050013422BD0184B194AAB
:10D550005F789E78DC781B791068DB08013380B235
:10D5600058430012C0B2FEF72BFF0200803AD3B23C
:10D57000120603D580235B421B1ADBB26A465B00AE
:10D58000DBB201345C43241217705670947000981B
:10D59000FCF792FE02040302C1B2120E28001B0E19
:10D5A000FFF778FFF7BDC046C00E002090170100BE
:10D5B000E81D002038180020F0B51E4A1E4B825C82
:10D5C0005B78050085B0134231D01C4BDA785F7868
:10D5D0009E7801921A4A1B791068DB08013380B2E9
:10D5E00058430012C0B2FEF7EBFE0300803BDCB2F2
:10D5F0001B0603D580246442241AE4B21F20FEF7E0
:10D60000D7FE6400E3B2019C02AA01345C43801996
:10D6100024121770507094700298FCF74DFE0204AB
:10D620000302C1B2120E28001B0EFFF733FF05B034
:10D63000F0BDC04690170100C00E0020E81D00207C
:10D6400038180020F0B51E4A1E4B825C5B7805003E
:10D6500085B0134231D01C4BDA785F789E78019206
:10D660001A4A1B791068DB08013380B25843001254
:10D67000C0B2FEF7A5FE0300803BDCB21B0603D55B
:10D6800080246442241AE4B21F20FEF791FE640055
:10D69000E3B2019C02AA01345C43C0192412107049
:10D6A000567094700298FCF707FE02040302C1B2A0
:10D6B000120E28001B0EFFF7EDFE05B0F0BDC046B0
:10D6C00090170100C00E0020E81D0020381800202F
:10D6D0000D23584382B0C0B201AA1070C018031CB9
:10D6E000C0B2402800D940231078DBB21B02184397
:10D6F00002B07047F0B5304B87B007001878FFF7DD
:10D70000E7FFC4B2250002AB18802C4B30351A79E4
:10D710002B4B52081B6801329BB253431B12DBB2E6
:10D720000093284B86B26D00360AED18E3B29E4294
:10D7300006D83F230020B3424041C0B207B0F0BD3D
:10D74000214A1D4B125D5B78134231D06A781F4825
:10D75000203A13B20193194B29785B7870399C46B3
:10D760006246437880781B021343000409B2019A91
:10D770001843009BB84703AB02041870120E000256
:10D780005A70000E98701B8804AA13809070049839
:10D79000FCF792FD0204030205A9120E1B0E08708D
:10D7A0004A708B70D2B2C1B2DBB22000FFF772FEBA
:10D7B00002350134BAE7C046C00E0020E81D002043
:10D7C00038180020B016010090170100E91D002054
:10D7D000F0B5354B8BB005901878FFF779FFC4B2E0
:10D7E000270083B21B0A06AA0393304B10801A79D4
:10D7F0002F4B52081B6801329BB253431B12DBB202
:10D80000049330372B4B7F00FF18039AE3B29A4200
:10D8100006D83F23002093424041C0B20BB0F0BD78
:10D82000254A214B125D5B7813423AD03D787E78D1
:10D83000703D203EADB2B6B228003300684373435A
:10D84000C01880B2FEF780FD32B2049E29B20300F8
:10D85000164D1A4800966E78457880782D0235432B
:10D8600000042843059DA84707AB02041870120E58
:10D8700000025A70000E98701B8808AA13809070DE
:10D880000898FCF719FD0204030209A9120E1B0EE9
:10D8900008704A708B70D2B2C1B2DBB22000FFF7C1
:10D8A000F9FD02370134B0E7C00E0020E81D00206A
:10D8B00038180020B016010090170100E91D002063
:10D8C000F0B52B4B89B007001878FFF701FF294B03
:10D8D000294A1B7915689B080133ADB25D432D12AF
:10D8E000EDB286B2C4B228004030C0B2FEF768FD87
:10D8F000803843B228000293FEF762FD803843B2BD
:10D90000360A0393E3B29E4206D83F230020B34277
:10D910004041C0B209B0F0BD1849154A095D5278BE
:10D920000A4222D01649134A009550784A781202CA
:10D9300002438878029900041043039AB84702040E
:10D9400005AB120E18705A701B88000206AA000E52
:10D95000138090700698FCF7AFFC02040302C1B27A
:10D96000120E20001B0EFFF795FD0134CAE7C046DA
:10D97000C00E0020E81D002038180020901701007C
:10D98000E91D0020F0B54E4B8FB007901878099133
:10D99000FFF79EFE83B21B0A06934A4BC7B21B7861
:10D9A0000AAA08933B0010803033474A5B009B185B
:10D9B000069A0493FBB29A4206D83F230020934272
:10D9C0004041C0B20FB0F0BD404A3D4BD25D5B78E4
:10D9D00013422FD0002403223D490BA8F3F7D0FFB8
:10D9E000079B079A0293374BD3180393039B089A1C
:10D9F000013303936B461B7A9A421FD8354B0BAA0F
:10DA0000DB7801335C432412947012880CAB1A80CB
:10DA10009C700C98FCF750FC020403020DA9120E36
:10DA20001B0E08704A708B70D2B2C1B2DBB23800E4
:10DA3000FFF730FD049B01370233B9E7049B1D78E3
:10DA4000039B1B78ED1AABB20593049B05985E7897
:10DA5000039B40431B7AF61AB6B233007343C018D7
:10DA600080B2FEF771FC1B4A030012790132111CCF
:10DA7000FF2A00D9FF210298124A0C3040001218E8
:10DA8000507892780131120289B202434A436946C2
:10DA90000BAD1212AC7090B21424095F32B2099C23
:10DAA00000900B98A04703041B0E6B70029B0402AE
:10DAB000240E0133AC702870E4B2029396E7C0469E
:10DAC000C00E002006180020B016010090170100BB
:10DAD000E91D0020E81D0020F0B5234F87B00600A7
:10DAE0003878FFF7F5FD214B85B21A79204B920863
:10DAF0001B6802329BB253431B12DBB22D0A019307
:10DB0000C4B2E1B28D4206D83F230020AB4240416F
:10DB1000C0B207B0F0BD174B7A781B5D1A4220D017
:10DB2000154A124B587853781B0203439078019A98
:10DB300000041843B047020403AB120E18705A7069
:10DB40001B88000204AA000E138090700498FCF752
:10DB5000B3FB02040302C1B2120E20001B0EFFF73A
:10DB600099FC0134CDE7C046C00E0020E81D00201E
:10DB70003818002090170100E91D0020F0B5C04BB7
:10DB800095B01A78BF4C01230190824208D12378C6
:10DB9000BD4A9B0712789B0F9B1A5A1E9341DBB21A
:10DBA000BA4DAB7063796A789A4205D000221100B1
:10DBB00010006B70FEF7B6FF019B2D2B31D8581E5D
:10DBC0002C2835D8F4F72AFA3D006900C800FE0079
:10DBD0002F013301350137013B013D014101430173
:10DBE0004501470149014B014D014F0151015301CD
:10DBF000570159019001F901380270027202740252
:10DC000076023803D6033D0449044C044E04500404
:10DC100052045404560458045A045C049604FA044A
:10DC20003405019BFF2B01D100F005FD002066E0CB
:10DC3000AB78002BFAD0002211001000FEF772FF23
:10DC4000F4E72878FFF744FD12AB18800322611C2B
:10DC500087B2C6B213A8F3F793FE1398FCF72CFB18
:10DC600003020404C2B21B0E3F0A0092240E029368
:10DC7000F3B29F4204D800203F23BB4240413DE025
:10DC8000834B6A789B5D1A4205D022003000029BCC
:10DC90000099FFF7FFFB0136EAE72878FFF718FD48
:10DCA00083B2784F12AA1B0A10800093BA78FB78CF
:10DCB0007E7813AD2E706A70AB70C4B21398FCF707
:10DCC000FBFA02040302C1B2120E1B0E059103926D
:10DCD00004933B79F6182E701398FCF7EDFA0126A1
:10DCE000030405021B0EC7B202932D0E009AE3B285
:10DCF0009A421DD800203F2393424041C0B2634B5B
:10DD00001A7801321A70002801D000F0A6FC022116
:10DD1000604A11709B78002B01D000F09EFC019BA3
:10DD2000002B01D000F099FC0333137000F095FC38
:10DD3000574B564A1B5D52781A4207D0334207D0E0
:10DD40002B003900029A2000FFF7A4FB0134CDE735
:10DD5000049B039A0599F6E72878FFF7B9FC12AB04
:10DD60001880237985B201339B08A778E6782D0ABD
:10DD70000093C4B2E3B29D4204D800203F23AB42DB
:10DD80004041BBE7424A414B125D5B78134217D0DA
:10DD900041496300CB5C00991B094B43394913AAE5
:10DDA000497857705B18137096701398FCF784FAD3
:10DDB00002040302C1B2120E20001B0EFFF76AFB21
:10DDC0000134D7E72878FFF783FC12AB188023795A
:10DDD00085B201339B08A778E6782D0A0093C4B278
:10DDE000E3B29D42C9D92A4A284B125D5B7813429F
:10DDF00017D02A496300CB5C009913AA4B432149F1
:10DE00005B11497857705B18137096701398FCF784
:10DE100053FA02040302C1B2120E20001B0EFFF7D8
:10DE200039FB0134DCE71E48FFF756FE67E71D4863
:10DE3000FAE71D48F8E71D48FFF75CFC5FE71C4860
:10DE4000FAE71C48FFF7C4FC59E71B48FAE71B48F0
:10DE5000EAE71B48E8E71B48E6E71B48E4E71B48FE
:10DE6000F0E71B48E8E71B48E6E71B48EAE71B48E2
:10DE7000FFF726FD43E71A48FAE71A48F8E7C046D5
:10DE8000C40E0020E81D0020C30E0020C00E00209C
:10DE900090170100C50E0020111701001017010096
:10DEA00041C4000085C40000CDC4000021C50000AD
:10DEB00051C5000091C50000C5C5000009C600009D
:10DEC0001DC6000041C6000065C60000A9C60000CE
:10DED000C9C6000003C7000023C7000049C70000EF
:10DEE00085C70000C1C700002878FFF7F1FB12AB1F
:10DEF000188087B2061C0A212079F3F7CDFEBE4BAD
:10DF000002301D68C0B2ADB245432D123F0AEDB2DA
:10DF1000F6B2F1B28F4200D8ADE6B84AB84B925D86
:10DF20005B78134224D0B74A7300D35C6278202B0D
:10DF300020D9A378E0781B02134300042A00184379
:10DF4000FEF768FC02040DAB120E18705A701B88A5
:10DF5000000213AA000E138090701398FCF7ACF91E
:10DF600002040102C3B2120E090E3000FFF792FA4A
:10DF70000136CEE7A378E0781B02134300042A00A1
:10DF80001843FEF747FC02040EAB120E18705A70CD
:10DF90001B88000213AA000E138090701398FCF7E0
:10DFA0008BF90204030210A9120E1B0E4A708B702B
:10DFB0000870D2B2C1B2DBB2D7E72E78002E18D1EA
:10DFC00022791032131CFF2A00D9FF238A4A013319
:10DFD00010689BB280B2584300120A2180B2F3F756
:10DFE000E1FE89B2002904D14020FEF7E1F9864B19
:10DFF00018803000FFF76CFB13AB1880AB7884B24D
:10E00000C6B2240A002B10D17F4D288886420ED834
:10E01000A0420CD2C0B2FFF741FA41232B8006E0A8
:10E020003000FFF73BFA0136F6B2B442F8D80020D0
:10E030003F23A342404161E62E78002E17D122797A
:10E040001032131CFF2A00D9FF2301339AB26A4B06
:10E050001B689BB253436D4A1B1253436C4A9BB2DD
:10E06000934204D84020FEF7A3F96A4B1880300091
:10E07000FFF72EFB13AB1880AB7884B2C6B2240A2C
:10E08000002B0ED1634D28888642D0D8A042CED234
:10E09000C0B2FFF72BFAC0E73000FFF727FA0136CE
:10E0A000F6B2B442F8D8C2E75B48BDE65B48BBE6CF
:10E0B0005B48B9E65B4A504B12681B6800209A42E5
:10E0C00000D91CE6AB78834251D12878FFF700FBDA
:10E0D0000327C6B2774383B21B0A0093524B10AAA0
:10E0E00010800293FF18009AF3B29A4272D813007C
:10E0F0003F2A38D9551E03225A434C49033A029805
:10E10000F3F79CFCFEF742F9800771D4FEF73EF965
:10E1100006008020FEF74CF9E27813AB7F309A704E
:10E120001E7058701398FCF7C7F801040202090E1C
:10E13000C0B2120E032675433B4BE8545B1959706D
:10E140009A702279374D1032131CFF2A00D9FF2311
:10E1500011219BB2594336480912F3F727FE264B8B
:10E160001B68C018286000203F23009AC4E50022E5
:10E1700011001000FEF7D6FC2E4B2B4E0093FEF73D
:10E1800005F90223184221D1FEF700F9070080208B
:10E19000FEF70EF9E27813AB7F309A701F7058705B
:10E1A0001398FCF789F80204030211A9120E1B0E42
:10E1B00008704A708B70C0B2D2B2DBB2B370009BF1
:10E1C000307072700336B342D9D17EE7002002006E
:10E1D0000300F3E7094B6A789B5D1A4205D03000D3
:10E1E000BB787A783978FFF755F9033701367AE743
:10E1F0000020010002009DE7381800209017010060
:10E20000C00E00201117010016110020CDCCFFFF19
:10E2100033330000181100204DC8000089C80000E9
:10E22000D9C8000098300020D82F0020DB2F002014
:10E23000B80B0000983000200323E478FF206343EC
:10E240009F10FBB221000793F3F7B0FDC3B2069312
:10E25000AB78C54A0592002B0CD0002211001000AB
:10E26000FEF760FC602200210598F3F79DFC002278
:10E27000BE4B1A700025BE4A137801331370059BFC
:10E280000093BC4B009EEB18039300230293B74B03
:10E29000029A1B7813433AD1F1F7D0FFB64B98425C
:10E2A00035DC009B1C70039B1B780493FF2B0ED066
:10E2B0003078079B834237D2C01BE11B7843F3F7CA
:10E2C00075FDC1B20B0022000498FFF7E3F8029B32
:10E2D00010360133DBB20293039B10330393029B8E
:10E2E000062BD4D1009B013501330093102DC8D1EA
:10E2F0009F4B06991A788A4201D100221A709B4AD4
:10E3000013780133DBB21C2B16D813708EE43378EC
:10E31000002BC8D09C42C6D9954A069912788A42E9
:10E32000C1D1013B3370BEE739006043F3F73EFDD6
:10E330000023C2B21900C7E7002313700522059F0E
:10E34000601E503710217B1B052A03D15E5DB4424D
:10E3500000D158551E78A64201D318701C7401399B
:10E36000C9B201330029EFD1013AD2B21035002AE7
:10E37000E8D15BE42878FFF7ABF983B21B0A11AE52
:10E380003080009323790133191CFF2B00D9FF2122
:10E390007A4889B2F3F70AFD347885B2009BE1B27E
:10E3A000994200D3DFE6764A764B125D5B781342E2
:10E3B00036D07548754F0278013A52B2130631D5FE
:10E3C0002B00734A177990780137D1783A1CFF2FC8
:10E3D00000D9FF22013292B253431B121A1C9BB286
:10E3E000FF2B00D9FF22D2434123D2B25A43684BBC
:10E3F00012125B78D21812AB1A709970587012987A
:10E40000FBF75AFF0204030213A9120E1B0E087039
:10E410004A708B70D2B2C1B2DBB22000FFF73AF87B
:10E420000134BBE7BB5C8B4209D113000C335B00AA
:10E43000C3185E789B781B0233439D42C1D8013AD2
:10E44000BCE75449504B1B78013B181C002B00DAE9
:10E450000020C0B2FFF796FA51E44E490020F9E7D8
:10E460004D49EFE74C49F9E74C49EBE74B49F5E7F4
:10E470004B49E7E74A49F1E74A49E3E74949EDE70C
:10E480002E78002E17D122790532131CFF2A00D9CD
:10E49000FF2301339AB2444B1B689BB25343434A58
:10E4A0001B125343424A9BB2934204D84020FDF7CB
:10E4B0007FFF404B18803000FFF70AF913AB18803C
:10E4C000AB7884B2C6B2240A002B10D1394D28880B
:10E4D000864200D9ABE5A04200D3A8E5C0B2FFF761
:10E4E0002DF89AE53000FFF729F80136F6B2B4426C
:10E4F000F8D89CE52E78002E17D122790532131C0E
:10E50000FF2A00D9FF2301339AB2274B1B689BB225
:10E510005343264A1B125343254A9BB2934204D8C5
:10E520004020FDF745FF244B18803000FFF7D0F85E
:10E5300013AB1880AB7884B2C6B2240A002B10D17A
:10E540001D4D2888864200D971E5A04200D36EE5B2
:10E55000C0B2FFF731F860E53000FFF72DF8013663
:10E56000F6B2B442F8D862E59E3000209D3000201B
:10E570009C300020B016010054555505FFFF0000E7
:10E5800090170100C00E0020061800201718002068
:10E59000E81D002011C9000053C90000C5C90000D2
:10E5A00039CA00007FCA000038180020CDCCFFFF18
:10E5B000333300001A1100201C1100202E78002E89
:10E5C00017D122790532131CFF2A00D9FF2301330A
:10E5D0009AB2284B1B689BB25343274A1B125343E2
:10E5E000264A9BB2934204D84020FDF7E1FE244B1B
:10E5F00018803000FFF76CF813AB1880AB7884B24A
:10E60000C6B2240A002B10D11D4D2888864200D99D
:10E610000DE5A04200D30AE5C0B2FFF713F8FCE411
:10E620003000FFF70FF80136F6B2B442F8D8FEE436
:10E630001448FFF7F9FB0F4B1B681B059B0F022BC0
:10E6400010D0032B12D00022012B08D0110014206F
:10E65000FEF768FA02220C4B1A7015B0F0BD1421B7
:10E660001000F5E7142200210800F1E71422110040
:10E67000FAE7C04638180020CDCCFFFF3333000046
:10E680001E110020BDCA0000C50E0020012310B5D8
:10E69000044A11784B4013700022034B1A70FEF7A6
:10E6A000F1FE10BDE81D0020C50E0020074B03221F
:10E6B000197808001040114201D1054A1070032258
:10E6C00019789143023A0A431A707047E81D0020F6
:10E6D000C50E0020054B1A78920702D00021044A8B
:10E6E000117003211A788A431A707047E81D0020C0
:10E6F000C50E0020020008000C4910B50B789B07DE
:10E7000012D00123002A04D02C339A4201D81233AC
:10E71000134003240A789B002240134300220B700D
:10E72000034B1A70FEF7AEFE10BDC046E81D002078
:10E73000C50E0020054B10B51878800801302D2833
:10E7400000D901200121FFF7D5FF10BDE81D0020F1
:10E75000064B10B5187880080138C0B2002800D1E7
:10E760002D300121FFF7C6FF10BDC046E81D002077
:10E7700070B5084C0500180023789B0709D0657018
:10E78000A170131CC82A01D9034B1B78E370FEF754
:10E7900079FE70BDE81D0020B81B010010B5044BC8
:10E7A0005878DA78997808300123FFF7E1FF10BD37
:10E7B000E81D002010B5054B5878DA7808389978AC
:10E7C00080B20123FFF7D4FF10BDC046E81D002032
:10E7D00010B507488378C2781033191CFF2B00D975
:10E7E000FF2101234078C9B2FFF7C2FF10BDC04628
:10E7F000E81D002010B507488378C278103B191C2B
:10E80000002B00DA002101234078C9B2FFF7B0FFE6
:10E8100010BDC046E81D002010B50748C37810336E
:10E820001A1CFF2B00D9FF22817801234078D2B235
:10E83000FFF79EFF10BDC046E81D002010B5074839
:10E84000C378103B1A1C002B00DA002281780123C8
:10E850004078D2B2FFF78CFF10BDC046E81D002003
:10E8600010B5064A13791033191CFF2B00D9FF216C
:10E8700001201171FEF706FE10BDC046E81D002004
:10E8800010B5064A1379103B191C002B00DA002141
:10E8900001201171FEF7F6FD10BDC046E81D0020F5
:10E8A00010B5064A06495379FF3B58424341CB5CB9
:10E8B00001205371FEF7E6FD10BDC046E81D0020A3
:10E8C000281F010010B5064A06495379FF3B5842FC
:10E8D0004341CB5C01205371FEF7D4FD10BDC0460F
:10E8E000E81D0020281F0100082210B51721034849
:10E8F000FAF718FB0022024B1A7010BDE81D002029
:10E9000034180020352310B5064C03220649601C3C
:10E910002370F3F735F881235B42A380FFF7E4FF10
:10E9200010BDC046E81D00205C10010070B51D0040
:10E93000042813D8052911D80F2A0FD8C023434320
:10E940004C015200A418E4182000290A2E30FAF7CE
:10E9500006FB2000E9B22F30FAF701FB70BD000082
:10E96000F8B504000E00170005002B1B9BB2B34244
:10E9700000D3F8BD1B190020912B03D8034BE818D6
:10E98000FAF7C4FA3B1B58550135EEE7EE030000D9
:10E99000F0B585B0102200216846F3F705F90A2684
:10E9A0009224084F2500102C00D9102539002A0088
:10E9B0006846013EFAF7B6FA7F19641B002EF1D1C2
:10E9C00005B0F0BDEE030000B523434398B2002B21
:10E9D00007DA803B1BB2D817C0B2C018001240B291
:10E9E0007047803080B2F9E710B50D4B14201B78CA
:10E9F000DA0712D400189A070FD428305B070CD41A
:10EA0000084B48381B78002B07D048301D2B04D802
:10EA10001E215843F3F7CAF980B2C0B210BDC046F8
:10EA20004E1900205019002010B50124104B02216E
:10EA30001B78234215D104220B4210D1134214D16A
:10EA40000C4B187800280ED027280ED8C00026318D
:10EA5000F3F7ACF902002000002A01D092B2D0B244
:10EA600010BD0A00FBE72200F9E70822F7E7C046DD
:10EA70004E1900204F1900200300CD3810B5122880
:10EA800010D8F3F7B7FA0A10141A3232323232328F
:10EA900032321E23282E3C424600FFF7A5FF1F4BB3
:10EAA0004042D87010BDFFF79FFF1C4BF9E7FFF7FE
:10EAB0009BFF1A4B40429870F4E7FFF795FF174B06
:10EAC000F9E7FFF7B1FF154B1871EBE7FFF7ACFF64
:10EAD000124B4042F8E7FFF7A7FF104B4042587136
:10EAE000E0E7FFF7A1FF0D4BF9E70122D13B9A4088
:10EAF0000A4913000A0049780B435370D2E70123F7
:10EB0000074A11780B431370CCE7054A02231178AA
:10EB1000F8E7034A04231178F4E7C04651190020AE
:10EB20004E190020032200B5344B9A56CD2814D13B
:10EB3000002A01DA0022DA70D9789A780A4351B2B1
:10EB4000002A01D12E4A11701A795B7913435AB207
:10EB5000002B01D12B4B1A7000BDCE2802D1002A08
:10EB6000E8DCE9E702229A56CF2804D1002AE3DA4A
:10EB700000229A70E0E7D02802D1002AF8DCDBE717
:10EB800004229A56D92804D1002AD5DD00221A7110
:10EB9000D2E7DA2802D1002ACEDAF7E705229A5620
:10EBA000DB2804D1002AC7DA00225A71C4E7DC2826
:10EBB00002D1002AF8DCBFE7D1380E28BCD8F3F721
:10EBC0000FFA0808080808080808BBBBBBBB0E14EE
:10EBD0001800012181405A788A435A70ACE701201D
:10EBE00009490A7882430A70A6E7074902200A7891
:10EBF000F8E7054904200A78F4E7C04651190020D7
:10EC0000501900204F1900204E19002037B52A2036
:10EC1000FAF77CF905002B20FAF778F904002C208C
:10EC2000FAF774F90023262D04D1092C02D12938D2
:10EC30004342434118003EBD10B5FF212A20FAF798
:10EC40008EF9FF212B20FAF78AF9FF212C20FAF701
:10EC500086F900212D20FAF782F9F8F72DFFFFF74A
:10EC600097FE26212A20FAF77AF909212B20FAF7B4
:10EC700076F929212C20FAF772F910BD10B52D2054
:10EC8000FAF744F910BD0000044B10B51B68181EBC
:10EC900003D01B68181E00D0984710BD042900201F
:10ECA00010B5FFF7F1FF10BD0A4B07B51A88824275
:10ECB0000FD01880084B1B68002B0AD01B69002B53
:10ECC00007D0694603224871000A88710A7101A8B9
:10ECD000984707BDD62F0020042900200A4B07B50E
:10ECE0001A8882420FD01880084B1B68002B0AD06C
:10ECF0001B69002B07D0694604224871000A8871FD
:10ED00000A7101A8984707BDD42F002004290020CC
:10ED100070B5164B9B78012B17D0154901230022A3
:10ED20000D005B428C78A0421ED05E1C02D1002CEC
:10ED300000D113000132D4B2013152B2062CF1D10C
:10ED40005A1C11D0EB1898700EE00A4A12787F2AEC
:10ED5000E3D9C108EF2807D8074A52180721014014
:10ED60008B4091780B43937070BDC0460411002016
:10ED7000481500206A1900205015002010B5104BCE
:10ED80009A78012A0CD0062300210E4A94788442F6
:10ED900000D19170013BDBB20132002BF6D10EE0C5
:10EDA000094B1B787F2BEED9C108EF2807D8074BFA
:10EDB0005B18072101408A4099789143997010BDF2
:10EDC00004110020481500206A1900205015002069
:10EDD00010B5084B9B78012B09D1074B1B787F2B73
:10EDE00005D91E2205480021F2F7DEFE10BD0622DD
:10EDF0000348F8E7041100206A190020521500208A
:10EE00004A15002010B5084B08499A8B0C68084B2E
:10EE100090B2944204D980241A68640212191A60CC
:10EE20001B680860C01810BD98180020D02F002063
:10EE3000CC2F00207047030072B6016942690020A0
:10EE400091420BD1DA68824208D01A6F74331B7872
:10EE500001309840138918404342584162B67047C8
:10EE60007047FEE7F0B5082000240E494A680E6896
:10EE700015008B68AB4210D8D51E0026AB4203D3D9
:10EE800003339B1A9B089E00CB689219934207D8C4
:10EE9000013810310028E9D1F0BD80CE80C5E9E706
:10EEA00010C2F3E7DC1D0100012218200A4BD97BB8
:10EEB0001143D97399788143997008219878014357
:10EEC0009970D9781143D9700221D8780143D9704B
:10EED00059780A435A7070470038024003688168C5
:10EEE0009A6852189A60426813605A60002301229F
:10EEF0000360024B52429A617047C0469818002046
:10EF00000C4B10B51868D968026853601A6001226A
:10EF1000D860002302758A680B750B691B689C68B2
:10EF20009442FBD85A680B604A6011605960F1F74F
:10EF300033F910BD98180020054B10B51A68DB682E
:10EF400092689B689A4201D9FFF7DAFF10BDC0466C
:10EF50009818002070B5EFF3108301259D4302D06F
:10EF6000EFF3058372B6FFF74DFF0F4E0F4A33687C
:10EF7000C41A0F480168A14208D91168293B2939F0
:10EF80002934FF3BFF39FF34336011601668046099
:10EF9000002D04D0EFF30583DB0502D062B6A01983
:10EFA00070BDFFF7C9FFF9E7F0160020E816002052
:10EFB000EC16002010B5FFF7CDFF83B20B48827826
:10EFC000C1780A4301D00A4A1380027941790A4381
:10EFD00001D0084A1380084B1B68002B05D0DB6862
:10EFE000002B02D002220270984710BD5119002058
:10EFF000401800203E1800200429002010B572B6E9
:10F00000034BDB6898610F20FEF72CFA10BDC04659
:10F0100098180020EFF30983203383F3098862B640
:10F02000704700000F3011D072B6EFF30983203B18
:10F0300083F3098880225204DA61064A1168D26893
:10F0400089689268914202D9034A9A617047034ADB
:10F05000FBE7C04698180020C7010000CA01000065
:10F06000FEE7F7B50323150001271D4000235209D1
:10F070000C0049083C4027D03E009E408469B443C0
:10F080008461C469B4435E00B446C4614469032624
:10F0900001946446A6403400B446019EA643340061
:10F0A0006646144344610469B4432C430461072455
:10F0B0000F261C40A400A640F443072B08D8866AFC
:10F0C00034408462002907D09200AD000133CFE7BD
:10F0D000C66A3440C462F5E7F7BD16230360012019
:10F0E000404270470020704718007047002070476A
:10F0F000030010B572B6094A106854684118A1425D
:10F1000005D962B60C2201201A60404205E088420F
:10F11000F7D8116062B60028F4D010BDE0160020C8
:10F1200010B51400582200212000F2F73DFD802385
:10F130009B010020636010BD0120704772B6024B36
:10F14000024ADA65FEE7C04698180020C6120100A0
:10F1500072B6024B024ADA65FEE7C04698180020F4
:10F16000CB12010001207047704700008022074B3E
:10F1700007491B6852048868D21A064B03438B6008
:10F180008B681B021B0A9A42FAD37047202F00207B
:10F1900010E000E0FFFFFF000C4B10B518680C49B1
:10F1A000F2F77AFD0B4C0C4B206059680B4A0A436E
:10F1B0005A609A68120E12069A60042219680A436D
:10F1C0001A60012219680A431A6010BD74150020E4
:10F1D000A0860100202F002010E000E0FFFFFF00CC
:10F1E000F0B507000D0014008BB02978002911D16B
:10F1F0003B68002B0BD13A69002A08D0B968002976
:10F2000005D0FB68934200D3531E0022CA54F8680D
:10F210000BB0F0BD0020013525290AD03800F9F7E0
:10F220005BFDE2E72D2B1CD0302B22D12F3B1500AC
:10F2300018432B786A1C2B2B15D0F3D8202B14D015
:10F24000232B14D0002104912A2B1FD108CC049326
:10F250008B4204DA02231843049B5B42049315009B
:10F2600014E00223E3E70423E1E70823DFE71023A8
:10F27000DDE71E000021303E04910A31092EE1D85D
:10F280002A786E1C1300303B092B0FD900222B78F3
:10F2900005922E2B29D18022120110436A786B1C13
:10F2A00011003039092916D80A260CE0049B3500D4
:10F2B0004B43303BD3180493E2E7059B7343303B49
:10F2C000D31805932B001A785D1C110030390929D9
:10F2D000F3D91D0009E02A2AFBD108CC0235059399
:10F2E000DB43059ADB171A4005922B786A1C6C2BBE
:10F2F0001FD017D8682B24D06A2B2BD02978013542
:10F3000078298BD8632928D8622973D0632900D142
:10F3100098E0252982D0582900D07FE72023184380
:10F32000103B4AE0742B01D07A2BE7D180239B005D
:10F330000BE06B786C2BF9D1C023DB00184302354E
:10F34000DCE76B78682B03D0802315001843D5E7E2
:10F35000C023F3E78023DB00F7E70B000126643BC3
:10F36000DBB29E4032007F4B1A401E4213D17329FC
:10F3700000D18FE0702900D050E77B4B02CC0343D3
:10F38000002900D0E4E0009305220A2338007749E1
:10F39000F9F7B4FC29E7642901D0692906D1802353
:10F3A000DB01184310239843063B06E008236F292E
:10F3B00003D0F7D9DB187829F4D1020501D5012251
:10F3C00090438022D200024041041DD5002A00D083
:10F3D0000BE7216882050FD502900498CE170190A3
:10F3E0000598CA0F8919714000903800F9F7B2FCEE
:10F3F0000434FAE60223E0E7420601D549B2EBE71E
:10F400000206E9D509B2E7E7002A00D0EDE60C21B3
:10F4100006008E43810506D504990296019105994F
:10F4200000912168E1E72168420607D5C9B2049A34
:10F4300002960192059A00920022D6E70006F6D5C0
:10F4400089B2F4E7022302001A400126059218420D
:10F450000DD1059E03E020213800F9F73DFC049B07
:10F460000136B342F7D80226002B00D05E1C02CC36
:10F470003800C9B2F9F730FC059B002B00D1B4E687
:10F48000049BB34200D8B0E620213800F9F724FCF1
:10F490000136F5E7230004CB06920793002A08D132
:10F4A0000090062238003249049BF9F727FC079C9C
:10F4B0009BE6059B002B00D12E4B069A1400D31817
:10F4C0002278002A01D09C4214D1069B0200E41A43
:10F4D00080231B011A400892184203D0059B9C42CE
:10F4E00000D91C00022302001A400992184212D1CE
:10F4F000260006E00134E3E720213800F9F7ECFBB1
:10F500000136049BB342F7D8049A0023A24200D3E9
:10F51000131B01341C19069E03E038000136F9F76D
:10F52000DBFB3178002907D0089B002BF5D0069B28
:10F53000059A9B189E42F0D1099B002BB7D0049BE3
:10F54000A342B4D920213800F9F7C6FB0134F6E70D
:10F5500002930A230193059B380000931023F9F7C7
:10F56000F9FB42E62108120001200000D712010039
:10F57000D0120100FFFFFF7F10B50A4C23699A6883
:10F5800091420CD85A6881600360426010609A68AA
:10F590005860521A9A6001235B42A36110BD1B6838
:10F5A000891AECE79818002010B572B6FFF72AFC0C
:10F5B000094C2368002B02D02000FFF78FFC80212C
:10F5C0000023064A200009022361E2606361FFF71D
:10F5D000D3FF62B610BDC046F4160020A9F50000A6
:10F5E00070B50E4B0500DE6886B04B1C13D00C4B7B
:10F5F00068460393002304960593FFF7BDFF280098
:10F60000FDF730FF009B002B02D06846FFF766FC39
:10F61000B06906B070BDFDF725FFF9E79818002026
:10F62000DDF8000010B5010072B60820FFF7D8FF22
:10F6300062B610BD70B5764672B6134D134AAB8BE9
:10F6400001339BB2AB832B69934204D162B6300085
:10F65000FFF7E8FC70BD9A68013A9A602C69A368CC
:10F66000002BF3D1226861680A605160236062B6A2
:10F670002000E3682169984772B661690029EDD0DE
:10F680002000FFF779FFE9E798180020A81800206C
:10F69000F7B5464B464C1A780193002A05D02378DB
:10F6A0000A2B01D0BB232370F7BDA378112B68D19F
:10F6B000E378404D404F2B703E78002B07D0022E50
:10F6C00054D03E4B1B78002B4ED0F8F77BFC2379AF
:10F6D0006B70B3424FD00122394B1A702B78002B3C
:10F6E00001D000232B706379AB707A789A4208D0EE
:10F6F000002E06D10122324B1A702B78002B00D03D
:10F700002E70304AA3791178EB70994206D01370AD
:10F7100001222D4B022E00D100221A70B422E3796F
:10F72000217A2B71637A92011B020B43934207D01B
:10F73000264A1378002B03D101331370244A137027
:10F74000A37ABB2BB0D1019ABA3B1370214B224A4A
:10F750001A800023174A13705371194A13701A4AFA
:10F7600013701A4A13709FE72B70B0E7194B2A7079
:10F77000194A1A80ABE7022EB5D1164B164A1A80E9
:10F78000B1E7092BDCD10B4BE2781978002908D0BE
:10F79000002A06D108490978022900D001325A719D
:10F7A000CEE7012ACCD100221A70F8E76B2E002098
:10F7B0006C2E0020232E00200C110020DF2D0020B5
:10F7C000EA2D002013110020D02D0020E92D00206B
:10F7D000081100200A110020DC050000F0B572B607
:10F7E0008022274B9205904226D30022F826110052
:10F7F000244F76051F259C68240C2C40022C05D82C
:10F80000455C4C1CDD60045D0231DC609C68344268
:10F8100002D0DC68BC5401323F29EBD93F2A09D819
:10F82000F821490598680842FCD0D86815498854E1
:10F830000132F3E762B6F0BD0022F82610001F2562
:10F840001400104F76059968090C2940022902D846
:10F85000DC600230DC609968314202D0D968B9546A
:10F8600001323F28EFD93F2AE4D8F82149059868AA
:10F870000842FCD0D868034988540132F3E7C046F7
:10F88000003800406C2E002080220A4B520019697B
:10F8900030B5094C114209D01969084D2940196148
:10F8A0002168016019690A431A6130BD2368036049
:10F8B000FBE7C0460020024074E8FF1FFFFEFFFF89
:10F8C00000238268037503691B6899689142FBD223
:10F8D0005A680360426010605860704710B572B695
:10F8E000087D052807D8F2F785FB0C060603120EE3
:10F8F00000228B691A6001235B4208008B61FFF7CD
:10F90000DFFF62B610BD8A699368013393604A686D
:10F910000B6813605A60EEE70300006810B583427D
:10F9200006D002681A60536000238361FFF7C8FFA6
:10F9300010BDF8B50B0009339B00C3185C680500C7
:10F940000E00002C54D072B62300002288331A70A7
:10F9500067692269BA4202D1E368002B27D1B31C40
:10F960009B00EB185B685B691B68002B1FD02300B2
:10F970008C33186800280BD0BA4204D10022E36807
:10F980001100934201D1390004C983680068984787
:10F99000E368E2690133E36063699B18A26963610C
:10F9A000934201D3636A63612000FFF7B5FF626988
:10F9B0002369934216D1E368002B13D0B31C9B003C
:10F9C000EB185B681A68022A11D15A69116800297C
:10F9D0000DD01A8A0B00013A1340114207D12A00B8
:10F9E000743200E008CA31002800FDF715FB62B64A
:10F9F000F8BD0B0011339B0010B51C58002C26D00D
:10FA000072B602318900401843689B695B68002B1D
:10FA100019D0230074331B78226F02339B00D31854
:10FA20005B689B695A6823691A60E2680132E26088
:10FA3000E2699B18A2692361934201D3636A23613F
:10FA40002000FFF769FF2000FDF7E2F962B610BD64
:10FA50000300006810B5002804D000221A608161FC
:10FA6000FFF72EFF10BD0000F0B5060064363378B6
:10FA7000040085B0002B01D0002333702300270041
:10FA80007433B84A7C37009311780132197001330E
:10FA90009F42F9D163689B68002B17D1009B6021BE
:10FAA0001A7815000D400A4231D00020FDF7F8F910
:10FAB0000020FDF7F5FB63681B68002B02D00621D0
:10FAC000200098470623337005B0F0BD200098470A
:10FAD0000028E3D023007A331A785B78E16E1B02AA
:10FAE0001343994201D91900E366009B1B787F2BD1
:10FAF00000D87BE1002900D16EE10923337072B692
:10FB00000021E36EA26E2000FDF786FA6CE123006F
:10FB10007F2075331B7802401B021343924A9342A5
:10FB200000D141E124D880225200934254D00DD814
:10FB3000012B4BD0022B00D1C4E0002BB5D1220009
:10FB40007C32A2660222E2662367C3E7812252006A
:10FB5000934200D1E4E0FF32FF329342A5D123006B
:10FB600076331B78012BA0D13A88013313433CE054
:10FB70008022120193425DD020D8A022D20093426D
:10FB800038D07A4A9B18012B00D98EE723007833AE
:10FB90001A785B7821001B021343220060687632DA
:10FBA00077314768127820000978B847002800D1DB
:10FBB0007BE74368A3660368E36619E090221201BD
:10FBC00093423CD06A4A934200D06EE7694BA366E9
:10FBD0000223E3660023B7E7230076331B78012B6B
:10FBE00000D062E702223B8893433B80A566E5662E
:10FBF00025676FE7009A12889A4213D12300763363
:10FC00001A785D491A720395039B8B420ED95B4BA0
:10FC10001A7063681B68002B02D0012120009847EE
:10FC2000032323700023A366E3668DE7039B013360
:10FC30000393E9E723007F33A3660123BCE723781E
:10FC4000042B2DD172B64E4AA36825001340A36041
:10FC500023002C33103501932F68002F0FD07869C3
:10FC6000002804D002210C304942FFF7F1FEB869A8
:10FC7000002804D002210C304942FFF7E9FE00239E
:10FC8000019A08C59542E7D162B6220003217F326E
:10FC90001370636821701B68002B01D02000984707
:10FCA000230076331B78002BBCD022007F321370E8
:10FCB0000423237063681B68002BB3D0022120004B
:10FCC0009847AFE723000F221421783318782D4B83
:10FCD0000240514340B25B18002811DA2C331B78E4
:10FCE000002B00D1E1E6254B9A735B7C002A03D1FF
:10FCF0009B0603D5244B6AE7DB06FBD4234B66E760
:10FD0000B8331B78002B00D1CFE61C4B20219A730F
:10FD1000002A03D15B7C0B42F0D0EBE71B7DFAE7B6
:10FD2000230076331B78002B00D0BEE62300783307
:10FD30001B780F2218001040134200D172E75AB20C
:10FD40000E4B002A24DA9A7B987398733020597CE2
:10FD5000D2B2814359744021587C014359749A733B
:10FD600060E7C046C01500200203000000FAFFFF54
:10FD7000020C0000D91D01000E27000000380240CF
:10FD800001000100A0150020D71D0100D51D0100B4
:10FD90009A7B98739873187DD2B288431875802027
:10FDA000197D01431975DAE7230076331B78002BA0
:10FDB00000D07AE6230078331B780F221800104019
:10FDC000134200D12EE75BB2002B02DAFDF768F890
:10FDD00028E7FDF765FA25E71423337072B60B00A8
:10FDE0000A002000FCF7CCFF62B66DE6002906D0C1
:10FDF0001523337072B60021E36EA26EF1E70B2378
:10FE0000337072B60B000A007DE6C046F0B5BC4FF9
:10FE100089B07B7BDBB202933B7BDBB203937346FF
:10FE20000493B84B1B68DAB201927F221340B64AA2
:10FE3000136001237A781A4202D17A7813437B70D7
:10FE4000BB7BDBB20593019B5B0754D50023AF4A14
:10FE50000793079B934200D8AFE0A022AC4E00214D
:10FE600030005200F1F7A0FE00254023A94AAA4C19
:10FE700073601570A94A3100E26001222C310A70CA
:10FE800031003385B436B83133803E3B0A7023707D
:10FE9000E567A560E368002B12D072B6E66870696A
:10FEA000002804D002210C304942FFF7D1FDB0698F
:10FEB000002804D002210C304942FFF7C9FD62B688
:10FEC00000210135E1600434082DE3D10124944B75
:10FED00091481970914B934AC3608D4B14701A006E
:10FEE000B832147040221A85B4331A8043681B68F4
:10FEF0008B4200D098470821019B0B4210D08A4AC0
:10FF00001388002B5FD0029B8B4003990B438749DA
:10FF10000888984255D00B801388013B9BB2138010
:10FF2000019BDB0737D50A227F4B1A80804B023AB0
:10FF30001A60804B1A78002A2DD00022764C1A7055
:10FF40002378052B27D022008032137005232370DD
:10FF500063681B68002B02D004212000984700250D
:10FF6000A560E368002B12D072B6E66870690028BD
:10FF700004D002210C304942FFF76AFDB069002825
:10FF800004D002210C304942FFF762FD62B6013510
:10FF90000434082DE5D1684B1A78002A2ED1674B1E
:10FFA000674968481A78002A00D01FE1059BBB7397
:10FFB0000498FFF737F809B0F0BD079B01330793AA
:10FFC00047E70A23ABE703227B781340012BA7D135
:10FFD0005D4A1160574A11780029A1D14E4813702B
:10FFE000017805299CD1030080331B780370436896
:10FFF0001B68002B00D193E7984791E701251B78F8
:020000021000EC
:100000004F4AD05C514B8540EDB21D70B87300284B
:1000100000D0A1E004217A7C3E4ED3B20A4204D043
:100020007B7C8B437B743070B5E7DA0601D5802288
:100030007A743278D0B2062AADD8F1F7D1FF041C19
:10004000AC355DAC5D00DB07A5D50020FCF76AFE92
:10005000010008289FD13E48FCF7FAFE2C4BDB8CB0
:10006000002B06D0402300212B487B74FFF7FCFCBB
:1000700091E74823F7E7264B5A6B1C8D986BA242F9
:100080000AD9196B00199863121B091900205A63C9
:100090001963FCF769FF7EE70021801898635963B4
:1000A0001D48FDF719F976E7DB0700D473E7002058
:1000B000FCF738FE0500274C83B219002068019335
:1000C000FCF7C6FE23685B192360114C2200C43282
:1000D0001368B4345B1913602388019A934208D9DA
:1000E00000210D48FDF749F948237B74443B3370E8
:1000F00051E740237B744EE700213170D0E7C046C2
:1001000000380240B0380240B43802400E270000E8
:10011000A0150020282F00203017002020140100F7
:1001200094170020CC15002014110020262F002049
:10013000A0380240242F002090380240923802401C
:10014000D51C010096380240A43802409438024081
:10015000C01500205C16002004227B7C134202D0D4
:100160007B7C93437B74142343435A4EF3185C6B9C
:10017000002C18D01A8D196B94420DD99D6B8918DB
:10018000AD18A41A19639D635C63A24200D92200D2
:1001900092B2FCF79FFEFEE69A6B091912199A6358
:1001A000002219635A6314214B4B4C4C1D70414380
:1001B000851CAB00E3185A6876185369B16B596017
:1001C0000121814023898B4323819368002B02D036
:1001D00001002000984772B6AD00641963680021E1
:1001E00058690C30FFF734FC62B6D4E601251A7862
:1001F00001268C5CA540EDB20570BC733A7D32429D
:1002000000D1CFE6802320009843FCF78BFD142219
:10021000624383B29C462F4B9B181A00C03212686F
:1002200082421FD3BC332E491B68A20052181918F2
:100230008B424AD114226243264B9B181900BC31D1
:100240000A68C03312180A608A6812188A601A682D
:10025000121A1A606C223B7D93433B753B7D6B3ACF
:1002600093433B75142363431A4AD3181900B431DE
:100270000988614504D8C0331B688B4200D38EE6E1
:100280001420184B60431D70A61C144DB300EB18CE
:1002900059681218C4328B6912685A600122A24050
:1002A0006B8993436B81CB68002B02D0210028001F
:1002B000984772B6B600AD196B689B69180059680B
:1002C0000C30FFF7C5FB62B669E616781E70013385
:1002D000AEE7C046A0150020843802403017002049
:1002E000203802408638024070B5022504006D4275
:1002F0002068844200D170BD036823605C60856122
:10030000FFF7DEFAF4E7036A10B5C360436A43619E
:10031000036100238362C362FFF7E6FF10BD0000A4
:10032000080070B5052962D8F1F764FE376103371C
:10033000376272B60026364C230022000025743343
:10034000206F19783832FCF7CFFE01362000FFF716
:10035000DAFF25729034032EEED12E4C2E4B2F4A0D
:100360001978206FFCF7C0FE636A20006361236187
:10037000E560A562E562FFF7B7FF20002572FCF794
:1003800047FD62B6264B1B78AB4202D00520FCF736
:1003900073FE0220FCF770FE29E0FCF76DFE72B6DA
:1003A000002501261A4C20002672FFF79DFF200031
:1003B000FFF7A9FF23008C331B68002B02D0DA68FB
:1003C0001868904701359034032DECD10123114C6E
:1003D00020002372FFF788FF0023626A2000E36099
:1003E00062612261A362E362FFF77EFF62B670BDC5
:1003F00072B6074B0022190098310A709421490007
:100400001A725A54034B1A7262B60520C2E7C046EC
:10041000C80E00207C100020F0100020B410002036
:10042000B4170020F0B587B00B6803911F2201219B
:10043000019304005B0801980293002B00D0A0E018
:100440009040F1F72FFE039B5B690493072800DDC2
:10045000ACE01F220121A56A0198029B002B00D06D
:1004600096E09040F1F71EFE0F23800083401F228C
:1004700001219D430198029B002B00D08FE090400A
:10048000F1F710FE049B800083402B43A3621F22E0
:100490000121039BA5699E680198029B002B00D057
:1004A000B4E09040F1F7FEFD01210B0083401F22D4
:1004B0009D430198029B002B00D0AEE09040F1F7E5
:1004C000F1FD86401F2201212E43039BA661656931
:1004D000DE680198029B002B00D0A5E09040F1F768
:1004E000E1FD0323400083401F2201219D43019829
:1004F000029B002B00D09EE09040F1F7D3FD40001E
:1005000086401F2201212E43039B6661E5691E6917
:100510000198029B002B00D094E09040F1F7C2FDBF
:1005200001210B0083401F229D430198029B002B59
:1005300000D08EE09040F1F7B5FD86401F220121EA
:100540002E43039BE6615D6826690198029B002BA0
:1005500000D085E09040F1F7A5FD032340008340E3
:1005600001229E431F230299002900D07FE00198B9
:100570009840F1F797FD400085403543256107B06D
:10058000F0BD1D0040000D402843013A5B0854E7D0
:100590001E0040000E403043013A5B085EE71E003B
:1005A00040000E403043013A5B0865E7019B1F2283
:1005B0001D0A5E0A28003300E76A002B14D1904020
:1005C000F1F770FD0F238000834001229F431F231A
:1005D000002E14D128009840F1F764FD049B8000A0
:1005E00083403B43E36252E741000591180001213B
:1005F00008400599013A014308005B08DDE7310036
:100600006D0011400D43013B7608E1E71F004000FB
:100610000F403843013A5B0840E71F0040000F409D
:100620003843013A5B0846E71F0040000F4038435B
:10063000013A5B084FE71F0040000F403843013A82
:100640005B0856E71F0040000F403843013A5B0843
:1006500060E71F0040000F403843013A5B0866E73F
:100660001F0040000F403843013A5B086FE70199D3
:100670000298490010400843029901904908013B43
:10068000029170E7154AF0B553699B0614D5FF2512
:10069000F02603895468033399080139E401E40919
:1006A00049062143516051680468090E0906214337
:1006B00051609B08002B00D1F0BD4168013B9BB20B
:1006C0002142F9D1C1680F1D0968C7609768916020
:1006D0001168A94331431160ECE7C0460020024095
:1006E0000B4B5A69920611D506C80A420ED15A68B8
:1006F000084802405A605A68120E12060A435A60AD
:10070000FF22196891430E3A0A431A607047C046A7
:1007100000200240FFFFFFFE044B5A69920603D5FA
:100720009A6A00229A625B697047C04600200240C4
:10073000054B5A69920606D49A6A044A9A629A6AE2
:10074000034A9A625B69704700200240332211001D
:1007500088776655F0B587B001900491029272B621
:100760009023019A544D5343EB181A6F1278042AC0
:1007700002D062B607B0F0BD002288331B78039226
:10078000934201D16423039362B69023019A5343A9
:10079000ED1872B690270024019A049B57430093EA
:1007A000454BDB190593059B9B6A002B0AD1424EF2
:1007B000F619F368002B2ED033691A1DB262F26964
:1007C0009B18F3623C4BDB19986ADE6A029B361A6F
:1007D0001B1B9E4200D91E00402E47D94022009983
:1007E000F1F7CEF8009B403440330093324BDB19D5
:1007F0009B6A4033304AD219D16A9362994204D835
:10080000D16928000439FCF7A6FA62B6029BA3421C
:1008100018D972B6C7E7337A002B0FD1274B039A4A
:10082000DB68002A0AD06A681D605A606421136080
:1008300004206B60FEF7D4FE0028BADA62B6029B91
:10084000A34220D872B6902201991B4B4A439B18B1
:100850009A6A002A00D18CE71B69043AD11A9A429D
:1008600000D186E72800FCF776FA82E7320000998B
:10087000F1F786F8009BA4199B1900930E4BDB1926
:100880009B6A9B19B6E772B69023019A0A4E5343AE
:10089000F61833006242544188331A782800144312
:1008A0001C70FFF721FD2800FFF72DFD0023337298
:1008B000FEF742FB62B66CE7C80E002098180020D5
:1008C00010B5010008220120FFF744FF10BD10B54C
:1008D000010020220020FFF73DFF10BD10B50100F0
:1008E00006220020FFF736FF10BD10B501000322DD
:1008F0000020FFF72FFF10BD0A0010B5202903D1FB
:1009000001000220FFF726FF10BD0000F7B50C0024
:1009100001931500204B00280CD01970FEF71AFB2C
:100920001E4B18800723012023409840C0B2F5F7E2
:10093000A9F8F7BD1E788E4229D1184B1F88FEF703
:1009400009FBC01B80B2C72821D82C002034E4B298
:10095000AE420FD033000126072730003B409840BD
:10096000C0B2F5F787F8BC4204D82F40BE40F0B2C1
:10097000F5F788F80198F7F7E5FC072CD9D8072395
:1009800001201D40A840C0B2F5F774F8D1E7072355
:1009900001201C40A040F6E7641900201E2F002013
:1009A000F0B58DB00C22002109A8F1F7FDF8A94B94
:1009B0000124019300230F250093019B1B685A1CFF
:1009C0002BD072B601261F002B409E40AF43310052
:1009D000012238003604FEF744FBBE6062B6E343F2
:1009E00006279C469C4809A902680B88561C00D122
:1009F00014E11600AE4336682A40D6400122164262
:100A000000D00BE12343013FFFB20B8004300231E1
:100A1000002FE9D10098F8F747F9009B64000133F3
:100A2000DBB20093019BA4B204330193009B102B13
:100A3000C3D18A4D0C22280009A9F1F709F9041E37
:100A400004D00C22280009A9F0F79AFF0022844E56
:100A5000844B35781A70954200D181E1FEF77AFA1D
:100A6000814A13681060C11A98425BD07F2900D96F
:100A70007F210022CBB207937C4B32701A70794BE6
:100A800005921B7804920193794B06920093734B65
:100A900002930020774B039313189C466646039BF2
:100AA0009B5D5F0820D08F4200DDBAE001266746DB
:100AB0003340039EF35500D0BEE001278740029EDD
:100AC000009B36881B883E40B4461E00BE4337005C
:100AD00066463743019E7B4033435E1EB341DBB223
:100AE0000193009B04951F8001301028D4D1009BF6
:100AF000103202330093029B02330293602AC8D162
:100B0000059B002B02D0594B5F3A1A70049B002BB7
:100B100002D0544B019A1A70069B002B02D001227E
:100B20004F4B1A70002C09D1504B1B78002B51D021
:100B3000002D03D1FEF70EFA4B4B18600023012164
:100B40001C008C46494A02931370444A0092484A5A
:100B50000099098803910398118848400021059065
:100B60004448019060468840070080B20490019894
:100B70005E18805D450806953D00059F3D425DD0AD
:100B80000698002811D1049C03982040441EA041DF
:100B90000A242043019CA055C007C40F002856D04A
:100BA0001088049D02944540158001311029D9D147
:100BB00000991033023100910232602BC8D1029BA0
:100BC000002B02D00122274B1A70002C02D00122E8
:100BD000234B1A70284C2378002B59D0274E357898
:100BE000002D55D1264B274A1B78127813434FD03E
:100BF000DB064DD5244B1F88002F49D0FEF7AAF9FC
:100C0000224BC01B80B2984242D901232570337019
:100C1000F7F7FAF9F9F712FBF7F7A6F9624613406E
:100C2000F1E6079E0695BF1B01267F0033403B433C
:100C30006746039EF35557E7059355E74508B4D03B
:100C4000C507B2D465462840019DA855ADE7644666
:100C5000ABE7C04628150100601401000C17002006
:100C60001C2F00201D2F0020182F0020142F0020E3
:100C7000B6170020B42E0020CB190020CA1900207E
:100C8000511A0020501A0020C8190020B70B00008C
:100C9000FEF760F934490A68002A20D0334B344CFF
:100CA0001D7880B2002D02D02568854217D02060C3
:100CB0000120304C187023682F485D00285A2F4DB2
:100CC00001332B4003D52E4D013B2B4301332360D1
:100CD0002C4B013A1B680A60002B00D098472A4D24
:100CE0002B68002B37D0294A1788002F1AD0284CA0
:100CF0002278002A16D11E8AFEF72CF9C01B80B27A
:100D000086420FD8012323702B689B68002B24D0C8
:100D10009847002821D02B68D8881E4B1880C0B275
:100D2000F7F724FA1C4B1B78042B14D11B4B1E889D
:100D3000002E10D01A4C2378002B0CD12B681D8A62
:100D4000FEF708F9801B80B2854204D80123D12028
:100D50002370F7F783F90DB0F0BD2B689888DCE7B6
:100D6000002C00D1E0E6E5E6CC1C0020BE190020F6
:100D7000B02E0020C81C0020C81A0020FF000080F0
:100D800000FFFFFF181700204C1A0020BC1900209C
:100D9000BA190020B81900208E1A00203C1A002031
:100DA0003E1A0020F7B50E4C0E4B24781B780194A8
:100DB0000D4C019DAB4201D10020FEBDDE00A51906
:100DC0006F788F4205D1365D864202D16D799542AA
:100DD00003D1072501332B40EBE70120EDE7C046A7
:100DE0006D1900206E19002070190020054B023883
:100DF0001B7841424841023B59424B41024A18404C
:100E0000107070470C110020D92D002010B57430DF
:100E1000C3790A4984791B020A782343022B0AD139
:100E2000012A01D0062A05D1054B4A78D8785A7094
:100E3000FFF7DCFF10BD024BF8E7C0467C2F002017
:100E40000411002070B504007F237434217805005C
:100E50000B40212B00D08DE04BB2002B49DA637898
:100E6000022B2ED0032B20D0012B42D12379022B31
:100E700001D9002070BDA1780829FAD8514AD25C66
:100E8000022AF6D8902353434F4A9B58002BF0D0A8
:100E90004E4C5E6818682200B0474D4BAB66A36CA1
:100EA0000022EB662A670120E4E7627923791202C7
:100EB0001A431ED14749484B89788366197001232C
:100EC000EFE72379022BD4D8A1780829D1D83D4A5D
:100ED000D25C022ACDD8902353433B4A9B58002B27
:100EE000C7D05A69186890473C4B1870AB6601230D
:100EF000D6E763780A2B1ED00B2B0CD0092B39D1E7
:100F00006279237912021A4302239A4332D1344A76
:100F1000AA66344AC5E7637922791B02134307D1D5
:100F2000A2782C4B511E8A41D8789A70FFF75EFF49
:100F30000023AB66B4E7274BE678D8781E70FFF73E
:100F400055FF2379022B00D993E7A178082900D90E
:100F50008FE71C4AD25C022A00D98AE790235343C8
:100F6000194A9B58002B00D183E732001C6918688E
:100F7000A047DDE7602300269943812913D16378D8
:100F8000062B10D16379227968681B02A17813437C
:100F9000E27844682800A047B04200D169E743687E
:100FA000AB6603687CE7D82464000F4B9B59002B89
:100FB00003D19036A642F8D15BE728009847002875
:100FC000F7D070E75C1E0100540F00202C2F00208A
:100FD000322F002004110020792F0020782F0020CC
:100FE0007C2F00200D0E01004C0F00201FB50400C7
:100FF00072B6FFF79DFB0094E44368460194FFF747
:101000006FFBFFF789FB62B61FBD70B5E024F025CA
:1010100064026D022000FFF7E9FF80239B00E418C3
:10102000AC42F7D1E02000214002F6F763FDF02446
:1010300060020134E4B2FFF7D9FF002CF8D170BD93
:101040000FB407B5044805A90191F7F74BFF03B0AA
:0C10500008BC04B01847C046A412010000
:10105C0000FFC8000020202020202020202028284D
:10106C00282828202020202020202020202020205C
:10107C00202020202088101010101010101010109C
:10108C0010101010100404040404040404040410CC
:10109C00101010101010414141414141010101015A
:1010AC000101010101010101010101010101010124
:1010BC001010101010104242424242420202020230
:1010CC0002020202020202020202020202020202F4
:1010DC0010101010200000000000000000000000A4
:1010EC0000000000000000000000000000000000F4
:1010FC0000000000000000000000000000000000E4
:10110C0000000000000000000000000000000000D3
:10111C0000000000000000000000000000000000C3
:10112C0000000000000000000000000000000000B3
:10113C0000000000000000000000000000000000A3
:10114C000000000000000000000000000000000093
:10115C000000000000000000C6170000CC160000C4
:10116C00CC160000CC160000CC160000CC160000EB
:10117C00CC160000CC160000CC160000CC160000DB
:10118C00CC16000028170000E0160000CC1600005A
:10119C00CC160000CC160000CC160000E0160000A7
:1011AC00CC160000CC160000CC160000CC160000AB
:1011BC0042160000081700005A170000CC16000059
:1011CC00CC1600003C170000CC16000008170000DD
:1011DC00CC160000CC160000D41700008A240000A6
:1011EC00B6230000A02300001C240000A023000054
:1011FC0050240000A02300001C240000B623000093
:10120C00B6230000502400001C2400008C23000096
:10121C008C2300008C2300005A240000B62300000D
:10122C00B6230000A0230000F6240000A023000039
:10123C0050240000A0230000F6240000B623000078
:10124C00B623000050240000F62400008C2300007C
:10125C008C2300008C230000F0310000A43000002F
:10126C001C300000463000001C30000088310000AB
:10127C001C30000046300000A4300000A4300000F8
:10128C0088310000463000003E3000003E30000047
:10129C003E300000AA310000325034473A25642019
:1012AC00424C453A256420504F533A2564204D4F0B
:1012BC0044453A25640A0063300065786974006B14
:1012CC00696C6C00296C6C756E2800296C696E2831
:1012DC00000000002A0000DDD58200002C0000DD9B
:1012EC00DF8200002D0000FFE98200002E0022FFAB
:1012FC00F9820000380000FF09830000090011DDAD
:10130C0015830000050011DD1F83000000000000A4
:10131C0000000000000101010101010101010202B4
:10132C000202020202020203030303030303030487
:10133C000404040404040505050505060606060652
:10134C00070707070708080808090909090A0A0A0C
:10135C000B0B0B0C0C0C0D0D0D0E0E0E0F0F0F10AE
:10136C001011111112121313141415151616171738
:10137C00181819191A1A1B1B1C1D1D1E1E1F2020A4
:10138C00212222232424252626272829292A2B2CEE
:10139C002D2D2E2F30313232333435363738393A11
:1013AC003B3C3D3E3F404142434445464748494A09
:1013BC004C4D4E4F50515354555658595A5B5D5ED7
:1013CC005F616264656668696B6C6D6F7072737572
:1013DC0077787A7B7D7E8082838587888A8C8E8FD6
:1013EC0091939596989A9C9EA0A2A3A5A7A9ABAD04
:1013FC00AFB1B3B5B7BABCBEC0C2C4C6C9CBCDCFF2
:10140C00D1D4D6D8DBDDDFE2E4E7E9EBEEF0F3F59F
:10141C00F8FAFDFF0000000069FA0000D9D20000C4
:10142C007BD300004000400090120020901200205E
:10143C000100000088120020C3120100A812002035
:10144C00681300202103010039CB0000450E010078
:10145C000000000000040048030400480404004895
:10146C000504004806040048070400480004080C62
:10147C001014181C2024282C3034383C4044484C80
:10148C005054585C6064686C7074787C8084888C70
:10149C009094989CA0A4A8ACB0B4B8BCC0C4C8CC60
:1014AC00D0D4D8DCE0E4E8ECF0F4F8FFFFF8F4F08A
:1014BC00ECE8E4E0DCD8D4D0CCC8C4C0BCB8B4B040
:1014CC00ACA8A4A09C9894908C8884807C78747030
:1014DC006C6864605C5854504C4844403C38343020
:1014EC002C2824201C1814100C08040001020304DE
:1014FC0005060708090AFF0000FF8000FFFF000037
:10150C00FF0000FFFF0000FF8000FFFFFFFF000057
:10151C00000000C800C800C8000000000F0C004804
:10152C000E0C00480F0800480E0800480D08004833
:10153C00030C0048020C00480C0800480B0800483B
:10154C000A0800480E00004809080048080800482E
:10155C0007080048060800480F040048E200E900AC
:10156C00EA00B500B600B700CD008301CC008A01BB
:10157C009201940121022302240225022602270251
:10158C002A02B300B4006F0070009F01CB019F02D0
:10159C00A00200000000000000000000000000009D
:1015AC000000000000007E0F00D4FFFFFFC700000A
:1015BC00007800000000000000002A2B280000002A
:1015CC0000000000000000000000000000290000E6
:1015DC0000002C1E3420212224342627252E362DC3
:1015EC003738271E1F202122232425263333362E5D
:1015FC0037381F0405060708090A0B0C0D0E0F10CF
:10160C001112131415161718191A1B1C1D2F313013
:10161C00232D350405060708090A0B0C0D0E0F10B7
:10162C001112131415161718191A1B1C1D2F3130F3
:10163C00354C3A3B3C3D3E3F4041424300000000AC
:10164C000044450102040810204080000400167E6E
:10165C00E600E7003551000000000000C800010062
:10166C00000000000080FF00000000005583000017
:10167C00495100007151000000000000E01201000F
:10168C001D2E2C1F1120212216232425302F171834
:10169C000F121E13152D102B142A0D0E282934355C
:1016AC0037383B3C00FFFFFFFFFFFFFFFFFFFFFF53
:1016BC00FFFFFFFFFF0102030405060708090A0BE1
:1016CC000C0DFFFF0E0F101112131415161718190D
:1016DC001A1BFFFF1C1D1E1F202122232425262739
:1016EC00FF28FFFF29FF2A2B2C2D2E2F30313233D0
:1016FC00FF34FFFF353637FFFF38FFFFFF393A3B2A
:10170C003CFFFFFF000A100A200A300A400A500A68
:10171C00600A700A800A900AA00AB00AC00ADC0AA1
:10172C000414181428143814481458146814781411
:10173C0088149814A814B814C814DE14041E1C1EA3
:10174C002C1E3C1E4C1E5C1E6C1E7C1E8C1E9C1E7D
:10175C00AC1EBC1ED81E0828232833284328532827
:10176C006328732883289328A328B428E028003200
:10177C00143228326E32B032C032D028E028E14127
:10178C00E141E141010101010101010101010101FD
:10179C00010101010101010101010101010101012D
:1017AC00010101010101010101010101010101011D
:1017BC00010101010101010101010101010101010D
:1017CC00010000001020004000000080500051007B
:1017DC0052004F0029000000000000000000000033
:1017EC0000000000000000000000000000000000ED
:1017FC000000000000001E001F002000210022003D
:10180C00230024002500260027002D002E002A008E
:10181C00000000002B0014001A000800150017002F
:10182C001C0018000C00120013002F0030003100B7
:10183C0000000000390004001600070009000A002F
:10184C000B000D000E000F003300340000002800C8
:10185C0000000000E10000001D001B000600190044
:10186C000500110010003600370038000000E500BC
:10187C0000000000E000E300E200000000002C008B
:10188C00000000000000167E24526500E4000000F9
:10189C000000000029000000000000000000000013
:1018AC00000000000000000000000000000000002C
:1018BC000000000000001E001F002000210022007C
:1018CC00230024002500260027002D002E002A00CE
:1018DC00000000002B0014001A000800150017006F
:1018EC001C0018000C00120013002F0030003100F7
:1018FC0000000000390004001600070009000A006F
:10190C000B000D000E000F00330034000000280007
:10191C0000000000E10000001D001B000600190083
:10192C000500110010003600370038000000E500FB
:10193C0000000000E000E200E300000000002C00CA
:10194C00000000000000167E24526500E400000038
:10195C000000000035000000000000000000000046
:10196C00000000000000000000000000000000006B
:10197C000000000000003A003B003C003D003E002F
:10198C003F004000410042004300440045002A0053
:10199C00000000002B00017E027E037E007E4600CC
:1019AC00470048000C00120013002A78297821788F
:1019BC0000000000390000520152070009004900E4
:1019CC004A004B000E000F002478237800002800FA
:1019DC0000000000E10000004378000048784778E0
:1019EC004C004D004E004A78497852000000057EAC
:1019FC0000000000E000067EE200000000004278DB
:101A0C00000000000000500051004F0000000000DA
:101A1C000000000035000000000000000000000085
:101A2C0000000000000000000000000000000000AA
:101A3C00000000000000BE00BD00C100C20022007A
:101A4C002300AC00AE00AB00A800AA00A9002A003D
:101A5C00000000002B00017E027E037E007E46000B
:101A6C00470048000C00120013002A7829782178CE
:101A7C000000000039000052015207000900490023
:101A8C004A004B000E004B002478237800002800FD
:101A9C0000000000E10000000000000048784778DA
:101AAC004C004D004E004A78497852000000057EEB
:101ABC0000000000E000E200E300000000004278BB
:101ACC00000000000000500051004F00000000001A
:101ADC0000000000010000000000000000000000F9
:101AEC0000000000000000000000000000000000EA
:101AFC000000000000003A003B003C003D003E00AE
:101B0C003F004000410042004300440045000100FA
:101B1C00000000000100017E027E037E007E0100B9
:101B2C0001000100010001000100AA00A900010050
:101B3C000000000001000100010001000100010093
:101B4C000100010001000100010001000000010082
:101B5C000000000001000000010001000100010074
:101B6C000100010001000100010001000000010062
:101B7C000000000001000100010000000000010055
:101B8C000000000000000100010001000100000045
:101B9C000000000029480000995C0000C55C0000B2
:101BAC00F15C00001D5D000041480000C805010902
:101BBC0002A10185020901A10005091901290815D5
:101BCC0000250195087501810205010930093115BF
:101BDC0081257F95027508810609381581257F9529
:101BEC000175088106050C0A38021581257F9501BF
:101BFC0075088106C0C005010980A1018503190182
:101C0C002AB700150126B700950175108100C00593
:101C1C000C0901A101850419012AA002150126A0B5
:101C2C0002950175108100C005010906A101850608
:101C3C00050719E029E715002501950875018102B2
:101C4C000507190029EF1500250195F07501810292
:101C5C000508190129059505750191029501750372
:101C6C009101C00660FF0961A1010962150026FF00
:101C7C00009520750881020963150026FF00952048
:101C8C0075089102C005010906A101050719E02993
:101C9C00E7150025019508750181029501750881EC
:101CAC00010507190029FF150026FF009506750888
:101CBC0081000508190129051500250195057501F7
:101CCC009102950175039101C00000010002000111
:101CDC0000030001000200010004000100020001E9
:101CEC0000030001000200010005000100020001D8
:101CFC0000030001000200010004000100020001C9
:101D0C0000030001000200010006000100020001B6
:101D1C0000030001000200010004000100020001A8
:101D2C000003000100020001000500010002000197
:101D3C000003000100020001000400010002000188
:101D4C000003000100020001000700010002000175
:101D5C000003000100020001000400010002000168
:101D6C000003000100020001000500010002000157
:101D7C000003000100020001000400010002000148
:101D8C000003000100020001000600010002000136
:101D9C000003000100020001000400010002000128
:101DAC000003000100020001000500010002000117
:101DBC000003000100020001000400010002000108
:101DCC0000030001000200010000000100000000FF
:101DDC0020250100003100200031002000310020BE
:101DEC0020250100000000000000000000000000A1
:101DFC002025010000000000000000000000000091
:101E0C002025010000000000000000000000000080
:101E1C002025010000000000000000000000000070
:101E2C002025010000000000000000000000000060
:101E3C002025010000000000000000000000000050
:101E4C002025010000000000000000000000000040
:101E5C0001020030313233343536373839414243A0
:101E6C004445460016034300490044004F004F0010
:101E7C00200051004B0036003100000012035200CC
:101E8C0044004D00430054004D005A005400000023
:101E9C000403090409025B00030100A0FA09040011
:101EAC000001030101000921110100012244000776
:101EBC000581030800010904010002030000000968
:101ECC0021110100012222000705820320000107D5
:101EDC0005030320000109040200010300000009AE
:101EEC00211101000122B600070584032000011214
:101EFC0001000200000040B036353005000102033D
:101F0C00014422B6911C01006F1C0100B91B010099
:101F1C00B21E0100CB1E0100EB1E0100FF000031C0
:101F2C0031295A1B750A00005245454E54206D61EB
:101F3C006C6C6F6320737563636565646564000026
:101F4C002E2E2F2E2E2F2E2E2F2E2E2F2E2E2F2EA0
:101F5C002E2F6E65776C69622F6C6962632F7374B8
:101F6C00646C69622F72616E642E63002C2066753E
:101F7C006E6374696F6E3A200000000061737365C4
:101F8C007274696F6E2022257322206661696C65FC
:101F9C00643A2066696C6520222573222C206C69BA
:101FAC006E65202564257325730A0000232D302BC4
:101FBC0020000000686C4C006566674546470000D1
:101FCC003031323334353637383941424344454663
:101FDC000000000030313233343536373839616225
:081FEC0063646566000000005B
:081FF4006801FF7F01000000FD
:101FFC00040C00200000000044110020AC11002053
:10200C00141200200000000000000000000000007E
:10201C0000000000000000000000000000000000B4
:10202C0000000000000000000000000000000000A4
:10203C000000000000000000000000000000000094
:10204C00000000000300000044110020000000000C
:10205C000000000000000000000000000000000074
:10206C000000000000000000000000000000000064
:10207C000000000000000000000000000000000054
:10208C000000000000000000000000000000000044
:10209C000000000020000000000000000000000014
:1020AC000000000000000000000000000000000024
:1020BC000000000000000000000000000000000014
:1020CC000000000000000000000000000000000004
:1020DC0000000000000000000000000000000000F4
:1020EC0008000000000000000000060000000000D6
:1020FC0000000000000000000000000000000000D4
:10210C0000000000000000000000000000000000C3
:10211C0000000000000000000000000000000000B3
:10212C000000000000000000000000002000000083
:10213C00000000000000040000000000000000008F
:10214C000000000000000000000000000000000083
:10215C000000000000000000000000000000000073
:10216C000000000000000000000000000000000063
:10217C000000000000000000030000000000000050
:10218C000000030000000000000000000000000040
:10219C000000000000000000000000000000000033
:1021AC000000000000000000000000000000000023
:1021BC000000000000000000000000000000000013
:1021CC0000000000030000000000000000000200FE
:1021DC0000000000000000000000000000000000F3
:1021EC0000000000000000000000000000000000E3
:1021FC0000000000000000000000000000000000D3
:10220C0000000000000000000000000000000000C2
:10221C00060000005C0C0020A80C00200000000050
:10222C0000000000D80D00208C0D0020400D002077
:10223C0000000000F40C0020000000000000000072
:10224C00240E002009D40000EDD30000A1D0000022
:10225C0055CC000071CC000081CC0000280E002071
:10226C0009D40000EDD30000A1D0000055CC000033
:10227C0071CC000081CC00002C0E002045D4000055
:10228C0021D40000BFD00000B1CC0000D5CC0000A0
:10229C00EDCC0000755800002DCB0000C1080100EA
:1022AC00CF080100DD080100EB080100F90801006E
:1022BC0000FF00FFFF030000000000000000000012
:1022CC000000000000000000000000000000000002
:1022DC0000000000000000000000000000000000F2
:1022EC0000000000000000000000000000000000E2
:1022FC00030000000000000033F9000000000000A3
:10230C00200000000000000000000000020000009F
:10231C0000000000000000000000000000000000B1
:10232C000000000000000000301700200400000036
:10233C000400000020000000281400200000000011
:10234C0000000000880E00200000000000000000CB
:10235C000000000000000000000000000000000071
:10236C000000000000000000000000000000000061
:10237C000000000000000000000000000000000051
:10238C00030000000000000033F900000000000012
:10239C000800000000000000000000000200000027
:1023AC000000000000000000000000000000000021
:1023BC0000000000000000003017002001000000A9
:1023CC000400000008000000F813002000000000CA
:1023DC00000000006C0E0020000000000000000057
:1023EC0000000000000000000000000000000000E1
:1023FC0000000000000000000000000000000000D1
:10240C0000000000000000000000000000000000C0
:10241C00030000000000000033F900000000000081
:10242C00200000000000000000000000020000007E
:10243C000000000000000000000000000000000090
:10244C000000000000000000301700200200000017
:10245C0004000000200000006813002000000000B1
:10246C0000000000500E0020FF02C8000000000019
:10247C000000000000000000000000000000000050
:10248C000000000000000000000000000000000040
:10249C000000000000000000000000000000000030
:1024AC00000000000300000000000000000000001D
:1024BC00F3F9000000002000000000000000000004
:1024CC0002000000000000000000000000000000FE
:1024DC000000000000000000000000003017002089
:1024EC00030000000400000020000000B8140020CD
:1024FC00000000000000010001003C00020132015C
:10250C00000001FF14004100410041004100410066
:04251C00390500007D
:040000030000019167
:00000001FF
