:10000000000400209101000045ED000091ED00008A
:100010009301000093010000930100009301000090
:100020009301000093010000930100009301000080
:1000300093010000930100009301000095ED000082
:10004000930100009301000093010000A5580000F7
:1000500093010000C9580000DD5800003559000028
:10006000930100009301000021590000930100005A
:1000700093010000930100004D640000E55800006A
:10008000F95800000D590000930100009301000091
:100090009301000093010000930100009301000010
:1000A0009301000093010000930100009301000000
:1000B0009301000093010000930100004D12010024
:1000C00072B6244880F30888234880F30988022008
:1000D00080F31488BFF36F8F08F05EFC0EF06CFCA9
:1000E0001E481F491B4A914202DA08600431FAE7B0
:1000F0001C49194A914202DA08600431FAE71A49A8
:100100001A4A1B4B9A4204DA086810600431043220
:10011000F8E700201749184A914202DA08600431D2
:10012000FAE70EF04DFC0EF048FC144C144DAC42B6
:1001300003DA216888470434F9E70FF0A5F8114C79
:10014000114DAC4203DA216888470434F9E70F49BE
:100150000847000000040020000C002055555555AC
:100160000000002000040020702E0100000C002080
:10017000241100204011002084320020C000000023
:10018000C0000000C0000000C0000000BDE9000089
:1001900096E700F000F8FEE7F0B544464D465646B7
:1001A0005F46F0B46B46CB60C3689D46F0BCA0468A
:1001B000A946B246BB46F0BD62B6281CA047002047
:1001C0000EF0ACFDFEE70EF037FC024A024B136066
:1001D000FEE7C04604ED00E000000080114B70B562
:1001E0001C680500236B002B03D000221D615A619F
:1001F00070BD182000F094F8031E20630CD00A4A4A
:1002000000210260094A4260094A82600B22828111
:10021000012018615961E8E700224621054B064894
:1002200000F050F8000C00200E33CDAB34126DE618
:10023000ECDE0500A82D0100C02D0100184B70B5A3
:100240001D682C6B002C0ED020696169154A164B75
:1002500001F098FE0122002312184B41580040087B
:100260002261636170BD182000F05AF8041E2863F3
:100270000FD00E4B012203600D4B43600D4B83608A
:100280000B23838100230261436107480A4A064B1E
:10029000E6E700225221094B094800F013F8C04656
:1002A000000C00202D7F954C2DF451580E33CDAB12
:1002B00034126DE6ECDE05002E7F954CA82D010072
:1002C000C02D010070B514001A000A4B06001B680F
:1002D00084B0D868002C0AD0074B084D01930091D8
:1002E00033002900029400F03BF800F011F8044BB1
:1002F0001C00F2E7000C0020EC2D0100FC2D010099
:10030000F82D0100130010B50022FFF7DBFFC046F7
:10031000062010B500F0C8F8012011F037FAC046E9
:1003200010B5034B0100186800F02EFF10BDC04649
:10033000000C002010B5034B0100186800F0ACFF62
:1003400010BDC046000C00200CB400B583B004AB57
:1003500004CB019300F082F903B008BC02B0184747
:100360000EB400B582B003AB0100054804CB0068B1
:10037000019300F073F902B008BC03B01847C046FF
:10038000000C0020C36B10B50400002B01D000202E
:1003900010BD802100F0F8FEE063002806D00200C6
:1003A0000023803208C09042FCD1F0E70120404297
:1003B000EEE7C04670B505000C0016001F2907D8EF
:1003C000C06B002809D0A40004192068266070BD05
:1003D0001623036001204042F9E78021280000F045
:1003E000D3FE010003000022E86380310028F1D031
:1003F00004C38B42FCD1E6E770B505000C001F2951
:100400001ED8C36B002B0ED08A009B181A68002AD6
:1004100009D0012A05D0511C0ED0002120001960FE
:100420009047002070BD280001F004FB220001006D
:10043000280001F0EBFAF5E7162303600120F1E74D
:100440001623036001204042ECE7C04670B505006A
:100450000C001F2924D8C36B002B14D0A2009B18BA
:100460001A68002A09D0511C0BD0012A07D000219C
:10047000200019609047002070BD0120FCE7032098
:10048000FAE70220F8E7802100F07EFE031EE86311
:1004900006D000210200803002C28242FCD1DDE79A
:1004A00001204042E8E7C046144B70B504001D68C7
:1004B0001F281DD8EB6B002B0DD082009B181A68EB
:1004C000002A08D0012A04D0511C0DD00021196047
:1004D0009047002070BD280001F0ACFA2200010016
:1004E000280001F093FAF5E7162301202B60F1E7CD
:1004F000162301202B604042ECE7C046000C002090
:10050000114B70B504000E001D681F2807D8E86B5A
:10051000002809D0A40004192068266070BD1623A5
:100520002B6001204042F9E78021280000F02CFEDA
:10053000010003000022E86380310028F1D004C3E9
:100540009942FCD1E6E7C046000C00200C4B10B5E8
:100550001C68E36B002B01D0002010BD802120001F
:1005600000F012FEE063002806D002000023803273
:1005700008C09042FCD1EFE701204042EDE7C046C1
:10058000000C0020174B70B504001D681F2825D8EB
:10059000EB6B002B14D0A2009B181A68002A09D01C
:1005A000511C0BD0012A07D0002120001960904770
:1005B000002070BD0120FCE70320FAE70220F8E7E5
:1005C0008021280000F0E0FD031EE86306D0002132
:1005D0000200803002C29042FCD1DCE701204042A0
:1005E000E7E7C046000C0020936810B5013B93601C
:1005F000002B04DA9469A34207DB0A2905D01368AB
:10060000581C10600800197010BD00F0A1FEFBE737
:10061000F8B506000F00002B0DD01400D51802E02D
:100620000134AC4207D03A0030002178FFF7DCFFFC
:10063000431CF5D1F8BD0020FCE7C04610B51400FE
:1006400092680023002A05D0220000F08BF90022D6
:100650000300A26000221800626010BDF0B54E4693
:100660004546DE465746E0B58146884614001E00E2
:100670009FB0002803D0036A002B00D11FE143463E
:100680009B891B0700D48FE043461B69002B00D1D8
:100690008AE0002306AD6B6120336B761033AB76B6
:1006A0005346A346874F059603935B461B78002B62
:1006B00000D19BE05C4603E063780134002B7DD0E1
:1006C000252BF9D15B46E31A9A465C457BD123780A
:1006D000002B00D18AE0012300225B42069207939F
:1006E000002200230892099300234332AB54AB65E8
:1006F00001339B46013406E05A46C01B82401C0071
:1007000029680A432A6005223800217800F0F0F8B1
:10071000631C1E000028EFD12A68D10602D54321B0
:1007200020306854110702D543212B2068542178CA
:100730002A2967D1059B191D1B680591002B00DA3A
:1007400098E0EB6061782E2900D172E05E4C0322C4
:10075000200000F0CDF8002806D04023001B834085
:100760002A68013613432B603178731C06225748E0
:100770009B46297600F0BCF8002800D180E0544B5D
:10078000002B67D005AA0092290042464846514BEB
:1007900000E000BF0390039B013327D0039A6B69ED
:1007A000944663446B6180E74146484600F062FC32
:1007B000002800D16DE7012040421CE05B46E31AAF
:1007C0009A465C4512D03B0000264746A0464C4660
:1007D000994602E00136B24543D95B463A00200013
:1007E000995DFFF701FF0130F4D1B84643469B897C
:1007F0005B06E0D468691FB0F0BCBB46B246A946B0
:10080000A046F0BD08003038260009289BD8EA68C9
:10081000140000E00133A2001219197852001418D4
:10082000080030380928F5D91E00EC602E2900D0C8
:100830008CE771782A292DD1059BB01C1A1D1B68E5
:1008400005926B60002B02DA01235B426B60B1788A
:1008500006007BE70722059B073393430833059384
:100860009CE74B466A69A146524444466A61B846D1
:100870001F002CE75B42EB6002231A432A6061E70A
:1008800005AA0092290042464846124B00F0BCFEE1
:10089000039080E708000023303801366B60092898
:1008A00000D953E71A0093009B1871785B001A185F
:1008B0000800303801360928F5D96A6046E700F0AB
:1008C000D7FADCE62C2E0100342E0100382E010070
:1008D000000000001106000010B504001300034AD8
:1008E00010680A002100FFF7B9FE10BD000C0020BF
:1008F00070B5CCB283070DD0531E002A0FD003254C
:1009000004E00130284206D0013B08D30278A2421D
:10091000F7D170BD1300032B03D8002B14D1002096
:10092000F7E7FF220A401502AD182A040B4EAD1856
:1009300003E0043B0430032BEFD9026808496A4006
:10094000511891433142F4D0C31802E0013098426B
:10095000E5D00278A242F9D1DBE7C04680808080F2
:10096000FFFEFEFEF0B54E46DE4657464546E0B574
:10097000936883B00C0091460090002B5FD00C234D
:10098000CA5E130763D50B69002B60D04B461F6806
:10099000930723D5A36A00269A46B34B00259846B1
:1009A000216A002D16D02B00454500D9AE4B3200F0
:1009B0000098D047002859DD4B464A469B683618B8
:1009C0001B1A2D1A9360002B39D0A36A216A9A460C
:1009D000002DE8D13E687D680837E2E7D30762D58D
:1009E0000023B84600209A4600261F00002E45D05E
:1009F00000284CD03B00B3469E4200D99B4620685D
:100A00002269A5686369904203D9ED18AB4500DD02
:100A1000FEE05B4500DDEEE0A56A5246216A0098E3
:100A2000A847051E22DD01207F1B19D04B464A46F0
:100A30009B68AA445B1B761B9360002BD6D10020D9
:100A400003B0F0BCBB46B246A946A046F0BD2100AB
:100A5000009800F00FFB00280DD10C23E25E95E713
:100A60002100009800F0C2FA0028DFD00C22A35E1B
:100A700040221343A38101204042E1E7082243467C
:100A800094465E68E044002EF8D01B689A46320017
:100A90000A215046FFF72CFF002800D1DBE0534627
:100AA0000130C71AA6E7002380219A4689008B46A9
:100AB000564655462068A36884469846002D5CD06B
:100AC00059460A425DD09A46AB4200D990E0902345
:100AD000DB001A4232D02169431A60690193430056
:100AE0001B18D80FC3185810019B824601335B199D
:100AF000834201D99A461800520500D497E00100BC
:100B0000009800F041FB8046031E00D1A6E0019A48
:100B1000216900F035FFA389544A13408022134312
:100B2000A38143462361019B1A00424494462260FC
:100B30005246A846AA46D31A6261A36052463100C3
:100B4000604600F07BFF4246A8460025A368206867
:100B50009B1A5044A36020604B4642469B68464423
:100B60009B1A4A46936000D169E70C23E25E206835
:100B7000A36884469846002DA2D13E687D68083758
:100B80009AE7226982421BD362699046AA4217D82B
:100B9000802328001B069D4200D33548414601F0C2
:100BA00005F94346A26A43439046216A3200009801
:100BB000C047002800DC59E780464346ED1ACBE7E2
:100BC0009846AB4200D9A8464246310000F036FFB5
:100BD0004246A36820689B1A4044A3602060002B13
:100BE000EBD12100009800F001FA0028E5D03DE7A4
:100BF000A846AA46A2E75A46514600F01FFF5A46A9
:100C0000A3685D469B1AA36023685B4423600AE7E0
:100C100051462A0000F012FF236821005B1900985A
:100C2000236000F0E3F9002800D1FCE61EE7020093
:100C3000009800F009FC8046002800D071E7009D74
:100C40002169280000F028FB8022A3899343743A8D
:100C50001BB22A600CE7731C1F00CCE6009A0C3311
:100C600013600C22A35E03E700FCFF7F7FFBFFFF06
:100C7000FFFFFF7F0020704710B5034A0349044877
:100C800000F0C0FB10BDC046500C0020ED0F00006E
:100C9000040C002041680B4B10B50400994201D0B0
:100CA00000F0A4F9A168084B994202D0200000F09E
:100CB0009DF9E168054B994202D0200000F096F9B9
:100CC00010BDC04644110020AC11002014120020B9
:100CD00000207047F8B5CE464746344C344B354A71
:100CE0002000002580B51A600423082200215C3012
:100CF00025606560A560656625616561A561E36045
:100D000000F052FF2C4B2000994663622B4B2C4F76
:100D10009846A362CC23E5502A4B2B4E6367802371
:100D200008220021C430E550E7622663A566E56627
:100D30002567A567E567246200F036FF2200882357
:100D40006832E2504A460433E250424620000433FF
:100D5000E2500433E7500433E6503833E5500433AF
:100D6000E5500433E550194A5C33E550583BE250F6
:100D70000433E5502D300433E550082204330021BC
:100D8000FF30E55000F010FF2200F023D032E25097
:100D90004A460433E25042460433E2500433E750FB
:100DA0000433E650C0BCB946B046F8BD441100203B
:100DB00040110020790C0000ED1A0000191B000002
:100DC000591B000009000100891B000012000200ED
:100DD000F8B5244B07001B68002B3BD0224E7368EC
:100DE000B468013B03D51BE06834013B18D30C22E7
:100DF000A55E002DF8D120001C4B08220021E360E5
:100E000065662560A560656025616561A5615C30EA
:100E100000F0CAFE6563A563A564E5642000F8BD23
:100E20003568002D01D02E00D9E7D62138004900C1
:100E300000F0AAF9041E10D00423D022056025007A
:100E400043600C300021A060520000F0ADFE346021
:100E50002E00C4E7FFF73EFFC0E70C2330603B6085
:100E6000DCE7C04640110020500C00200100FFFFCD
:100E7000036A10B5002B00D010BD044B0362044B75
:100E80001B68002BF8D1FFF725FFF5E7950C000054
:100E9000401100207047C0467047C04610B5002082
:100EA000024A034900F0AEFA10BDC046500C0020C3
:100EB000750C000010B50020024A034900F0A2FAA8
:100EC00010BDC046500C0020D10C0000F0B5C64645
:100ED00000B50C228B5E07000C001A073CD44A6850
:100EE000002A5CDDE66A002E32D000223D68216ACD
:100EF0003A60DA0457D4002201233800B0470200D8
:100F0000431C65D00C21635EE66A216A5B0706D547
:100F10006368D21A636B002B01D0236CD21A0023B2
:100F20003800B047431C40D000236360236923602E
:100F3000A389DB044AD4616B3D60002908D02300FB
:100F40004433994202D0380000F0A6F900236363CD
:100F5000002080BCB846F0BD0E69002EF8D00D68A8
:100F60000022AD1B0E609B0700D14A69A260002DD4
:100F700004DCEDE736182D1A002DE9DDA36A3200F6
:100F8000984638002B00216AC0470028F2DC402236
:100F9000A38913431BB20120A3814042D9E70A6C05
:100FA000002A9FDCD4E7626DB0E739680C22A35EAB
:100FB0001D2916D80C4ACA40D20712D500226260F9
:100FC00022692260DB04B6D50029B4D16065B2E79E
:100FD0003B68002B96D01D2B01D0162BD7D13D603E
:100FE000B6E740221343D6E7010040200B6970B5F5
:100FF00005000C00002B08D0002802D0036A002B4B
:101000000AD00C22A35E002B01D1002070BD21006C
:101010002800FFF75BFFF9E7FFF72AFFF1E7C0467B
:1010200070B5041E18D00F4B1D680369002B08D043
:10103000002D02D02B6A002B0AD00C22A35E002BBD
:1010400001D1002070BD21002800FFF73FFFF9E724
:101050002800FFF70DFFF0E7034A0449044800F0B9
:10106000D1F9EFE7000C0020500C0020ED0F00003C
:10107000040C0020314B70B5050018680C000028E6
:1010800002D0026A002A4FD00C22A35E1A071DD597
:101090002269002A24D0D90708D50021A1606169FE
:1010A00000204942A161002A08D070BD00219807A4
:1010B00000D461690020A160002AF6D11A06F4D597
:1010C00040221343A38101204042EEE7DA062ED5E9
:1010D0005A0714D4226908210B43A381002ADAD1CC
:1010E000A02180208900800019408142D3D02100B6
:1010F000280000F0BDFB0C22A35E2269CBE7616BE8
:1011000000290AD022004432914204D0280000F085
:10111000C3F80C22A35E00226263242293430022C0
:10112000626022692260D6E7FFF7A2FEACE70922DF
:101130002A6040221343A381C5E7C046000C00206B
:1011400070B5104E050033680C00002B15D021003F
:10115000280010F0F5FA431C0CD00323C41C9C4358
:10116000A04205D0211A280010F0EAFA013001D07F
:10117000200070BD01246442FAE7002110F0E0FA7B
:101180003060E4E77C120020F8B50323CE464746E2
:10119000CD1C9D430835060080B50C2D1ED20C25B4
:1011A000A9421DD8300000F05FFB3A4F7A68002A50
:1011B0001AD0140004E063682200002B14D01C0035
:1011C00023685B1BF7D40B2B27D961192560944248
:1011D0005BD051600B6063684B600DE0002DDFDA7F
:1011E0000C230020336014E029003000FFF7A8FF33
:1011F0000400431C19D00560300000F037FB2000CC
:1012000007220B30231D9043C21A984201D01B1AAB
:10121000A350C0BCB946B046F8BD6368944202D042
:101220005360E9E743467B60E6E77B689846002B1E
:1012300024D0444663689846002BFAD123680021E5
:1012400099463000A14410F07BFA814516D12368FD
:101250003000ED1A2900FFF773FF01300ED023682C
:101260007A685B1923605368002B02D1DAE71A0011
:101270005B689C42FBD100235360BDE70C23300028
:10128000336000F0F3FA0020C3E779600B60636815
:101290004B60B1E77C12002070B50500002915D025
:1012A0000C1F2368002B23DB280000F0DDFA274AFF
:1012B0001368002B05D0A3420BD921686018834224
:1012C0002CD028006360146000F0D0FA70BDA342F7
:1012D00010D81A005B68002BF9D1106811188C42E5
:1012E00018D02CD363605460280000F0BFFAEDE7FB
:1012F000E418D9E711685018A04214D01FD821680B
:1013000060188342EED118685B6841182160636001
:101310005460E9E723681B181360E5E718685B6809
:1013200041182160CDE720680918501811608342E8
:10133000DAD118685B68411811605360D4E70C2358
:1013400028002B6000F092FAC0E7C046801200200F
:10135000F8B505000E001400002802D0036A002B27
:1013600041D0A369A360A3891B071BD52369002B68
:1013700018D0FF22F7B2616916402268D31A994249
:101380001FDD0133A1680139A160511C2160177074
:1013900062699A421ED0A389DB0701D50A2E19D0B3
:1013A0003000F8BD21002800FFF764FE002817D1A7
:1013B000FF222369F7B2616916402268D31A994265
:1013C000DFDC21002800FFF711FE002808D10123EF
:1013D0002268D7E721002800FFF708FE0028DFD0A9
:1013E00001267642DCE7FFF743FDBAE7030010B5BC
:1013F0000A00034908681900FFF7AAFF10BDC0469C
:10140000000C0020F8B54746CE46884680B5814698
:10141000170000267D68BC68013D0DD4A389012B0F
:1014200007D90E22A35E013303D021004846C047EE
:1014300006436834013DF1D23F68002FEAD1300005
:10144000C0BCB946B046F8BDF0B5C64607000E00B0
:10145000140000B500292DD0002A27D000F09AFBF7
:101460008046844203D835004308A34210D32100AC
:101470003800FFF789FE051E0AD0220044450BD82C
:101480003100280000F07CFA31003800FFF704FF3B
:10149000280080BCB846F0BD31004246280000F06C
:1014A0006FFA31003800FFF7F7FEF1E7FFF7F4FEBF
:1014B0000025EDE71100FFF767FE0500E8E7C046ED
:1014C000F8B557464E464546DE46E0B51F000A9B36
:1014D000924698460A698B6806000C009A4200DA28
:1014E0001A0053461A604323E35C002B02D0514696
:1014F00001320A602268910661D5534652460620A1
:101500001B680233136022681100104208D10020CA
:10151000814619308346E168A344994247DC1100B3
:101520004323E35C5A1E934189060AD53020E11813
:101530004331087045215A1C615CA21843320233C2
:1015400011702200390030004332C04701301DD0F5
:10155000534606251B68E1689C462368A2682069FB
:101560002B40042B31D0824239DD00239946121AD8
:10157000914400251A3402E001354D452FDA01234C
:10158000220039003000C0470130F5D1012040422F
:10159000F0BCBB46B246A946A046F8BD01239C4616
:1015A0005346E5681B68E144ED1A4D4524DD0123EF
:1015B0005A4639003000C0470130EFD1E6E7062136
:1015C00011420ED05A1E9341BBE76346C91ACB4362
:1015D000DB170B4099468242C9DC0029C9DC002098
:1015E000D6E7002053468146193083461B68E168E0
:1015F000A3449942DBDC92E743232168E35C5A1E53
:101600009341890692D49CE7F0B54E469946432310
:101610009C4657464546DE468C446346E0B587B057
:1016200002930C00097E90460700109A002914D0FE
:101630000B00583BDBB2202B48D888489B00C3588E
:101640009F46136821681D1D606915601B680E06A2
:1016500002D4490600D5DCE018600023029D236116
:101660004B46210000933800434605AAFFF728FFA8
:1016700001301ED02A00414638002369C847013096
:1016800017D02368E068059E9B071BD5B04219DD83
:1016900019239A460025A24404E0E0680135831B23
:1016A000AB420FDD0123524641463800C8470130A6
:1016B000F3D10120404207B0F0BCBB46B246A94678
:1016C000A046F0BDB042F6DA3000F4E72500422330
:1016D00001204235E154432300222061E254BFE758
:1016E00013682168181D10600D0602D44D0600D540
:1016F00094E01A6816006368002A00DA92E0584AFB
:1017000093460A2203924BE01368206840CB0506FB
:1017100001D440067FD41360514B9B466F2900D102
:1017200091E00A23039337E013682500191D116027
:101730001A68422301204235E254CCE71368191D90
:1017400011601D68002128006268FFF7D1F80028A9
:1017500000D181E0401B6060BDE7202321680B437E
:1017600023604521782060543E498B46116840C96A
:10177000180603D4580601D53604360C1160DA0772
:1017800002D5202213432360002E03D12022236898
:10179000934323601023039343230022E25463689E
:1017A000A360002B18DB042122688A432260002EEC
:1017B00012D1029D002B49D1039B082B1ED0029B06
:1017C0005B1B23614CE745235821E15424492368DE
:1017D0008B46CBE72368C4E7039B9A46029D300003
:1017E000514600F0DFFA5B465B5C013D2B70330035
:1017F00006005345F3D2039B082BE0D12368DB0797
:10180000DDD5626823699A42D9DC3023013D2B7013
:10181000D5E7188021E73604360C7CE700269E5F6A
:10182000320068E743222D20A054A360002B02DB86
:101830000423994321600A239A46094B76429B462A
:101840000A230393CAE708230393A5E75B46250011
:101850001B7842352B70AFE760683CE79C1F0100A6
:10186000402E0100542E01007047C0467047C0460C
:10187000F0B50C23CD5E06000C0097B0AA0707D583
:1018800023004733236023610123636117B0F0BD58
:101890000E23C95E00292BDB6A460FF069FF002882
:1018A00024DB8027FF0039003000019DFFF76CFC2E
:1018B000002833D08022A38920601343A381F02322
:1018C0001B021D408023206167619B019D42DDD189
:1018D00030000E23E15E0FF057FF0028D6D0032220
:1018E000A389934301221343A381CFE70C23E55E31
:1018F0000F4B2D06ED171D408023DB009C466544F1
:1019000029003000FFF740FC002807D08022A3897F
:1019100020601343A38120616561B7E70C22A35EB9
:101920009A05B3D40322934302221343A381A7E76A
:1019300040FCFFFF70B50C001E000E23C95E1500B1
:1019400096B0002914DB6A460FF012FF00280FDB67
:10195000F02301991B021940084B9C4661444B42FD
:1019600059418023DB00002031602B6016B070BD30
:10197000A38900211B06F4D54023F4E700E0FFFF14
:10198000F0B505000F2A31D903273E000D430C00A6
:1019900003002E402F4234D11500103D2D09AC46D6
:1019A0002F013F1865685D60A5689D60E568DD6092
:1019B000256810341D601D001033BD42F2D165460C
:1019C0000F230C2401352D014919134045191442E8
:1019D0001AD0043B9B0801339B008C59AC51043650
:1019E0009E42FAD10323AD1989191A40561E002AC6
:1019F00006D00023CC5C1A00EC5401339642F9D196
:101A0000F0BD0500561EF4E71A00EFE7002370B59D
:101A1000074D0400080011002B600FF0C1FE431CAD
:101A200000D070BD2B68002BFBD02360F9E7C046C7
:101A30008412002010B50FF0BDFE10BDF0B5884235
:101A40000AD98B18984207D2531E002A03D0CA5CC9
:101A5000C254013BFBD2F0BD05000F2A0AD8561E26
:101A6000002AF8D00023CC5C1A00EC5401339642D3
:101A7000F9D1F0E703273E000D430C0003002E4090
:101A80002F422DD11500103D2D09AC462F013F18D6
:101A900025681D6065685D60A5689D60E568103417
:101AA000DD601D001033BD42F2D165460F230C24CA
:101AB00001352D01491913404519144213D0043B37
:101AC0009B0801339B008C59AC5104369E42FAD1DD
:101AD00003231A40AD198919561E002AC2D1BAE74C
:101AE0000500561EBEE71A00B9E7C04670B50C00E7
:101AF0000E25495F0FF018FE002803DB636D1B18ED
:101B0000636570BDA389024A1340A381F9E7C0460B
:101B1000FFEFFFFF00207047F8B50C001F000C23FB
:101B2000C95E05001600CB050AD40A4B32001940E5
:101B30002800A1810E23E15E3B000FF0FCFDF8BD03
:101B40000E23E15E002202230FF0F3FD0C23E15E81
:101B5000EBE7C046FFEFFFFF70B50C000E25495FB5
:101B60000FF0E7FD431C07D08023A2895B011343DC
:101B70001BB26065A38170BDA389024A13401BB2EA
:101B8000F8E7C046FFEFFFFF10B50E23C95E0FF068
:101B9000D4FD10BD0B1F1B68181F002B00DB704706
:101BA0000B58C018FBE7C046F0B50500830749D0C5
:101BB000541E002A45D003000326CAB202E00135B4
:101BC000013C3ED301332A703342F8D1032C30D983
:101BD000FF220A401502AD182A04AD180F2C34D983
:101BE0002700103F3F093E01B4461E001A00103680
:101BF0006644156055609560D56010329642F8D104
:101C000001373F01DB190F270C22274022403C00FF
:101C1000002A0ED03E1FB608B400A4461A001C1DB0
:101C2000644420C2A242FCD103240136B6009B19B1
:101C30003C40002C05D0C9B21C19197001339C42DC
:101C4000FBD1F0BD03001400C0E72700E2E7C04667
:101C500030B5032A1AD90B0003439B0711D0551E38
:101C6000002303E05A1C9D4213D01300C25CCC5CDD
:101C7000A242F7D0101B0DE0043A04300431032ACD
:101C800004D904680B689C42F6D0E8E7551E002A88
:101C9000E6D1002030BDC046002243088B4274D3F9
:101CA00003098B425FD3030A8B4244D3030B8B425D
:101CB00028D3030C8B420DD3FF22090212BA030C66
:101CC0008B4202D31212090265D0030B8B4219D347
:101CD00000E0090AC30B8B4201D3CB03C01A524167
:101CE000830B8B4201D38B03C01A5241430B8B42AF
:101CF00001D34B03C01A5241030B8B4201D30B0398
:101D0000C01A5241C30A8B4201D3CB02C01A5241BE
:101D1000830A8B4201D38B02C01A5241430A8B4281
:101D200001D34B02C01A5241030A8B4201D30B026A
:101D3000C01A5241CDD2C3098B4201D3CB01C01A84
:101D4000524183098B4201D38B01C01A524143098E
:101D50008B4201D34B01C01A524103098B4201D37C
:101D60000B01C01A5241C3088B4201D3CB00C01AE9
:101D7000524183088B4201D38B00C01A5241430861
:101D80008B4201D34B00C01A5241411A00D2014686
:101D9000524110467047FFE701B5002000F0F0F80F
:101DA00002BDC0460029F7D076E7704703460B43D3
:101DB0007FD4002243088B4274D303098B425FD344
:101DC000030A8B4244D3030B8B4228D3030C8B4270
:101DD0000DD3FF22090212BA030C8B4202D3121256
:101DE000090265D0030B8B4219D300E0090AC30B2B
:101DF0008B4201D3CB03C01A5241830B8B4201D3D8
:101E00008B03C01A5241430B8B4201D34B03C01AC0
:101E10005241030B8B4201D30B03C01A5241C30A38
:101E20008B4201D3CB02C01A5241830A8B4201D3A9
:101E30008B02C01A5241430A8B4201D34B02C01A93
:101E40005241030A8B4201D30B02C01A5241CDD238
:101E5000C3098B4201D3CB01C01A524183098B4283
:101E600001D38B01C01A524143098B4201D34B016C
:101E7000C01A524103098B4201D30B01C01A5241CF
:101E8000C3088B4201D3CB00C01A524183088B4256
:101E900001D38B00C01A524143088B4201D34B003F
:101EA000C01A5241411A00D20146524110467047B1
:101EB0005DE0CA0F00D04942031000D340425340B6
:101EC00000229C4603098B422DD3030A8B4212D376
:101ED000FC22890112BA030A8B420CD389019211A8
:101EE0008B4208D3890192118B4204D389013AD0E5
:101EF000921100E08909C3098B4201D3CB01C01ABA
:101F0000524183098B4201D38B01C01A52414309CC
:101F10008B4201D34B01C01A524103098B4201D3BA
:101F20000B01C01A5241C3088B4201D3CB00C01A27
:101F3000524183088B4201D38B00C01A5241D9D23F
:101F400043088B4201D34B00C01A5241411A00D2C0
:101F50000146634652415B10104601D34042002BBC
:101F600000D54942704763465B1000D3404201B53B
:101F7000002000F005F802BD0029F8D016E77047F0
:101F80007047C046F0B5CE469946030C9C461304F4
:101F900047461B0C1D000E0061460404240C80B54E
:101FA0000700100C4B436543414360432C0CC018A1
:101FB00024188C46A34203D980235B029846C4446C
:101FC000494679435643230C2D042D0C891963444B
:101FD00024046019C918C0BCB946B046F0BDC0465B
:101FE00002B4714649084900095649008E4402BCB2
:101FF0007047C04602B4714649084900095C49006F
:102000008E4402BC7047C04603B471464908400084
:102010004900095E49008E4403BC704703B4714611
:10202000490840004900095A49008E4403BC7047E2
:10203000844608006146FFE71FB500F0E1FA00287A
:1020400001D40021C8421FBD10B500F069FA40421A
:10205000013010BD10B500F0D3FA002801DB0020DC
:1020600010BD012010BDC04610B500F0C9FA00280F
:1020700001DD002010BD012010BDC04610B500F0EC
:1020800077FA002801DC002010BD012010BDC046F9
:1020900010B500F06DFA002801DA002010BD012013
:1020A00010BDC0461C2101231B04984201D3000C23
:1020B00010391B0A984201D3000A08391B099842BB
:1020C00001D30009043902A2105C40187047C046D1
:1020D00004030202010101010000000000000000F1
:1020E000002B11D1002A0FD1002900D1002802D0E5
:1020F0000021C943080007B4024802A14018029019
:1021000003BDC0467DFEFFFF03B4684601B50298DB
:1021100000F024F8019B9E4602B00CBC7047C046FC
:1021200070B500220C4B04000D0002F043FA0028A9
:1021300004D12000290002F033F970BD064B0022C3
:102140002000290001F0F4FC02F02AF980231B068C
:102150009C466044F1E7C0460000E041F0B55746B8
:102160004E464546DE46E0B504000D0092469946CF
:1021700083B08B4230D82DD04946504602F024FA25
:1021800029000600200002F01FFA331A9846203B6F
:1021900034D49B4653465A46934042461F0053460A
:1021A00093401E00AF423BD8AF4200D179E05B467E
:1021B000A41BBD41002B00DA76E000220023009230
:1021C000019301235A4693400193012342469340D1
:1021D000009329E08242CFD900220023009201938C
:1021E0000C9B002B01D01C605D600098019903B02E
:1021F000F0BCBB46B246A946A046F0BD42469B464F
:1022000020239B1A5246DA40414613004A468A4030
:10221000170042461F43534693401E00AF42C3D9A6
:1022200000220023009201934346002BD8D0FB07E5
:1022300072081A4346467B080EE0AB4201D1A24227
:102240000CD8A41A9D41012024196D410021013EA2
:1022500024184D41002E06D0AB42EED9013E241980
:102260006D41002EF8D1009801995B460019694133
:10227000002B24DB2B005A464646D3402A001C0084
:10228000F2405B461500002B2ADB26009E403300FF
:1022900026004746BE403200801A994100900191C5
:1022A0009EE7A342BCD882E74246202300219B1A26
:1022B0000022009101920122DA40019285E7424614
:1022C00020239B1A2A0046469A402300F3404646A4
:1022D00013432A001C00F2405B461500002BD4DAA1
:1022E000202342462F009B1B97402600DE403B00E8
:1022F0003343CDE7F0B546464F46D6464502C0B516
:10230000C30F470098460E1C6D0A3F0E5BD0FF2F8F
:1023100021D08023ED00DB041D43002399469A461B
:102320007F3F74027300640A1B0EF60F002B20D04F
:10233000FF2B43D080220020E400D20414437F3BD3
:102340004246FF1A4B4672400F2B00D99DE071495F
:102350009B00CB589F46002D5AD108239946063B37
:1023600074029A467300FF27640A1B0EF60F002BB7
:10237000DED1002C3BD1012342464946724019432D
:102380000E2918D86448890041588F465346022BBD
:1023900000D1B8E0032B6ED042462C00012B40D177
:1023A00000200024C0052043D2071043E0BCBA46F9
:1023B000B146A846F0BDFF200024F3E7002C20D151
:1023C0000223FF3FD8E7002D05D104239946033BA4
:1023D00000279A46A5E72800FFF764FE7627431FEB
:1023E0009D4000237F4299469A463F1A99E7200074
:1023F000FFF758FE431F9C4076235B421B1A0020C8
:102400009EE703234A461A4391460320FC3397E78D
:102410000C239946093BFF279A4682E703282CD0D4
:10242000320038007F30002847DD630704D00F23D7
:102430002340042B00D00434230103D53800374B4C
:1024400080301C40FE28B6DCA401640AC0B2A9E7B3
:1024500080240022FF20E403A4E78023DB031D4245
:1024600001D01C420BD08024E4032C43640242467A
:10247000FF20640A96E746462C008023DB031C43BA
:1024800064023200FF20640A8CE76D01600185421E
:102490002DD21B230024013F0126290064006D007A
:1024A000002901DB854201D32D1A3443013B002B67
:1024B000F3D16B1E9D412C43B3E701231B1A1B2B49
:1024C00000DD6DE721009E37D940BC400B00611E46
:1024D0008C412343590704D00F211940042900D00F
:1024E0000433590113D49B0100205C0A5AE71A23D4
:1024F00001242D1AD0E7981E434258414042320031
:102500000024C0B24EE74246FF2000244AE70120E3
:10251000002447E72020010060200100FFFFFFF7B3
:1025200070B542004E024C0045026D0A120EC30FF8
:10253000760A240EC90FFF2A10D0FF2C0CD00120E0
:10254000A2420AD1B54208D18B420FD0002A04D151
:102550002800431E984100E0012070BD0120FF2C9F
:10256000FBD13543F9D14B401800F6E70020F4E7E2
:1025700030B5420044024D02C30F4800640A120EF7
:102580006D0A000EC90FFF2A18D0FF280AD0002AB2
:102590001ED100280AD1002D29D0002C2DD14800B1
:1025A000013830BD002D25D1002A01D1002CF6D0F4
:1025B0008B4219D001205B421843F2E7002C19D15D
:1025C000FF28F7D1002D15D100208B42F2D1E8E78A
:1025D0000028EFD08B42EDD18242EBDC04DBAC4231
:1025E000E8D80020AC42DCD258000138D9E7002CF2
:1025F000D7D0DFE702204042D3E78B42DAD1EEE7C3
:1026000030B5420044024D02C30F4800640A120E66
:102610006D0A000EC90FFF2A17D0FF280AD0002A22
:102620001BD100280AD1002D1DD0002C2DD148002F
:10263000013811E0002D0ED1002A01D1002CF6D076
:102640008B420CD15800013806E0002C03D1FF2842
:1026500005D1002D15D0022030BD002806D1012063
:102660005B421843F8E7002CF6D0F8E78B42F6D12E
:102670008242F4DCE6DBAC42F1D80020AC42EBD283
:10268000E0E700208B42EAD1E6E78B42E7D1F2E7B0
:1026900070B5002812D0C317C5185D40C40F2800BC
:1026A000FFF700FD9E231B1A962B0FDC082838D05D
:1026B000083885406D026D0AD8B202E0002400207F
:1026C0000025C0052843E407204370BD992B14DC86
:1026D000421F95402A001549114055071CD00F256F
:1026E0002A40042A18D00431CA08490115D59F236D
:1026F0005202181A550AC0B2E3E7020029001B3241
:1027000091404A1E91410522121AD5402A000A43DF
:10271000064911405507E2D1CA085202550AD8B2FB
:10272000CFE76D026D0A8E30CBE7C046FFFFFFFB9F
:10273000F0B54F464646D646C0B50D0382B000926E
:1027400001934E00C300CC0F690A450F9C46009AC6
:10275000019B0D435F001903D80F009B490A5B0FD3
:102760001943009B760D7F0DDA00F31B844258D08D
:10277000002B13DD002F00D088E00800104300D1AB
:1027800059E1581E012B00D1C2E2B14FBB4200D12A
:1027900041E1382800DD6AE2030064E1002B00D14A
:1027A000B1E0BB1B002E00D0E1E164462C4300D118
:1027B00076E25C1E012B00D1E8E2A54EB34200D1C7
:1027C000B7E2382C00DC6BE3541EA2429241524225
:1027D0008D1AA0461E0004002A0268D443461F1D1D
:1027E00047459B415B42ED182B0200D49DE3984A7C
:1027F0000136964200D1EBE0964A73052A405B0D04
:102800005107FF0852020F43120B1B051343E40745
:1028100023433800190002B0E0BCBA46B146A846CE
:10282000F0BD002B00DCD7E0002F00D09AE00800BC
:10283000104300D1FFE0581E012B00D148E2844F25
:10284000BB4200D1E7E0382800DCB8E28022120465
:10285000154200D149E31E000023150098467C4B29
:1028600001369E4200D1B3E07A4B01211D40434620
:102870005A081940EF070A4317436D087B07B3D086
:102880000F233B40042BAFD0B846A7E770488642E1
:1028900000D1C0E0382B00DCE2E001235B4263445E
:1028A0009C45804140422D1A98462B0296D5012323
:1028B0005B429846684D2800FFF7F4FB0300083B95
:1028C00020214046CA1AD040020040469D40984010
:1028D0002A438046B34200DA72E1981B4346013036
:1028E000091A45468B40C5405E1EB34117008F4014
:1028F0002B431F43C2403B00150000261343BDD1AC
:102900000027002281E7554F731C3B4200D01BE19A
:1029100063460F002B431743002E00D0C4E1002B69
:1029200000D145E2002F00D107E163469B1A98468B
:10293000C445B6416B1A76429B1B8026360433424F
:1029400000D1CBE26346D31A9A4292411F00491B41
:1029500052428A1A9C46174300D0EDE2040000233D
:10296000002252E73A48864255D0382B00DD48E134
:102970008020000401431F2B00DDE3E12027F81A2B
:10298000824608005746B840814610004F46D8405E
:10299000074338005746BA40D940571EBA416D1810
:1029A000104360448046E045804140422D182B0290
:1029B00000D554E743465B0700D1B9E20F234246F6
:1029C0001340042B00D009E733004246D20834E01C
:1029D00033000022002718E7002B00D18FE0BB1B3B
:1029E000002E00D033E16046284300D140E2581E5B
:1029F000012B00D10AE2164EB34200D185E23828FD
:102A000000DC87E280252D04294200D19CE21E00D3
:102A10000023984623E763466E07D8080643ED086F
:102A200037002F4311D0802212032A4312033700AC
:102A3000074B120BE9E66246D2086E071643044ABA
:102A4000ED089342ECD03700D6E0014B0022DCE6E3
:102A5000FF070000FFFF7FFFFFFF7F00FE07000072
:102A60008020000401431F2B00DDB1E02027F81A6D
:102A7000824608005746B840814610004F46D8406D
:102A8000074338005746BA40D940571EBA416D1A1D
:102A9000104363461B1A9C458041984640422D1ABC
:102AA0002B0287D56D026D0A002D00D003E740464A
:102AB000FFF7F8FA030018331F2B00DC00E742464B
:102AC000083882409E4200DD91E09B1B581C1F2865
:102AD00000DCF8E117001F3BDF40202805D0402331
:102AE0001B1A9A40531E9A411743002F3CD00026D0
:102AF0007B0700D0C4E63500B846330065E7CB4815
:102B0000731C034200D085E063462B43002E00D0A7
:102B100092E10F001743002B00D1D8E1002F0CD019
:102B20006244624580416D1840422D182B0200D549
:102B3000F2E1170094462F4316D063466F07D8087A
:102B400007430023ED0857E063469B1A9846C445A7
:102B5000BF416B1A7F42DB1B1F0200D5AEE0474628
:102B60001D001F43A0D10024002300224DE6B04CDD
:102B7000A74200D1DDE0382B00DD85E0802424046D
:102B800025431F2B00DDECE02026F41AA1462C0083
:102B90004E46B4406646DE403443A04666464C4648
:102BA000A640DD40741EA6414446491B3443131B16
:102BB0009A4292415242984604003E008D1A6FE7B5
:102BC000F61A03009B4D15405B0700D0F6E6FBE6C6
:102BD00018000F002038C740202B03D04020C31A14
:102BE00099400A43531E9A411000384351E79149D6
:102BF000F31A0A405707D5082A035B05120B5B0D31
:102C000003E680231B041D4200D1BBE01D0000230E
:102C1000984624E68648834200D1DAE6624462455B
:102C20008041691840420918C8075208104380467D
:102C30004D08520705D00F221E000240042A00D082
:102C4000CCE542466F07D20817430D09D4E7784810
:102C5000874200D1D5E0382B00DCB2E080252D047E
:102C6000294200D14CE100233E009846F7E50122BD
:102C7000524262449445804140422D1A90461E00C3
:102C80002A0200D513E6A9E5531E9A429241524208
:102C90008D1A984604003E002B0200D507E69DE5FC
:102CA00004000D00D208C8E6002B00D0E3E0002F9E
:102CB0003FD1802200245E4B1203A6E56346D31A5F
:102CC0009A4292414D1B524298460400AD1AEBE6DF
:102CD00062441600664580416A1840421218130289
:102CE00000D49DE0534973080A40D107194357089F
:102CF0005B0700D1FEE00F230B40042B00D1F9E06D
:102D00000B1D98468845AD416D420223ED195CE6E6
:102D100063469B1A9C4580416D1A40422D1A984685
:102D20002B020DD443466F07DB081F43ED08012338
:102D300062E74E07D20804001643CD0870E604008F
:102D40000126AFE618000F002038C740202B03D023
:102D50004020C31A99400A43531E9A411000384339
:102D60001FE61C002E00203CE640202B05D040240E
:102D7000E31A9D4063462B439C466446631E9C4178
:102D8000344314E701236344984627E56346D31A86
:102D90009A4292414D1B5242AD1A98462B02CED414
:102DA00043466F07DB081F4304000123ED0823E7B8
:102DB000002F00D1D7E604000D009446BDE60300C5
:102DC000D9E58020000405431F2B6BDC2020C01AAE
:102DD000804628004646B0406646DE400643B1467F
:102DE00060464646B040DD40461EB0414E46491959
:102DF0003043804690449045924152423E005518DF
:102E0000D5E54E07D2081643CD0809E663469E185D
:102E100096429241691852428A18130200D561E71E
:102E20005707F60801233743D508E5E6FE070000FB
:102E3000FF070000FFFF7FFF002BE2D06346DE08A4
:102E40006B071E430B00ED08134300D1E8E5802318
:102E50001B031D4206D0C808184203D10500D6083E
:102E600049070E43730FF600F6085B071E43D7E5CC
:102E70000D00D208E1E56346DE086B071E43ED084E
:102E8000002F00D1CCE580231B031D42EAD0CF08E0
:102E90001F42E7D1D608490704003D000E43E1E791
:102EA00023006EE618002E002038C640202B05D0E7
:102EB0004020C31A9D4063462B439C466046431EF8
:102EC0009841304395E720210023091A0EE500239D
:102ED000002F00D1BAE50D00904676E547461F4326
:102EE00000D140E61D00C44627E601226244904618
:102EF0001E0073E4C9087F0702230F4315097BE610
:102F0000531C98460D003E0068E4D6084B071E434C
:102F1000CD0885E5030057E7114BD2082B405F072A
:102F200017435A02120B01236FE43300B8464CE5F5
:102F30004346DA08330080E532420AD0084B0400E9
:102F40001A40674601235BE4013290460D001E00E3
:102F500044E4DB0857071F4304000023D5084BE671
:102F6000FFFF7FFFF0B5DE46454657464E46E0B5CB
:102F700087B0009201930B031B0B9B46CA0F4B00BB
:102F8000040080465B0D029200D1BFE08F4A93425D
:102F900038D05946420FC9000A4380210904114321
:102FA000C20090468A4A894692469A4400230024E9
:102FB0000393009E019F3B031B0B7A0030009B464E
:102FC000520DFD0F002A00D17FE0804B9A426ED057
:102FD0005946730FC9000B438021090419438B46DE
:102FE0007B49F3008C46514662448A1A924600217E
:102FF000029E6E40F6B20F2C00D9F9E0754AA4008B
:10300000125997465A460243914600D0B6E09A4676
:103010000223904608240393CBE72E0000210023CF
:10302000002288461B051343F60733434046190028
:1030300007B0F0BCBB46B246A946A046F0BDCB46A1
:103040004346029D0399022900D1FAE1032900D1E8
:10305000A1E00129E1D0604A524490464446002C48
:1030600000DC00E25A0704D00F221A40042A00D0E4
:103070007FE22E00DA085B46DB0106D55946574B46
:10308000802419408B46E4005444554B9C4209DC93
:103090005B465B07134398465B4664055A02120B76
:1030A000630DBFE7002100228846484BBAE75B4624
:1030B000009A13434B4A9446E244002B59D1022212
:1030C000144300220221934692E75B46009A134381
:1030D00049D05B46002B00D1A4E15846FEF7E2FF41
:1030E000030002000B3B1D27009EFB1A11005846EF
:1030F000DE4008398840330003439B46009B8B40E9
:10310000394952448A460021924471E75B460343A1
:10311000994621D05B46002B00D171E15846FEF75D
:10312000C1FF0B235B429C460200844466461D237C
:103130009B1B260011005846DE40083988403300AA
:103140000343994623008B409846284B00249B1A42
:103150009A46002303932CE7002398469A460133AE
:103160000424039325E701221443002201219346FE
:103170003EE7032303211C43330039E79A46032328
:10318000D9460C24039314E7002380229846002696
:103190000E4B120346E78022594612030A431203DC
:1031A00098462E00094B120B3CE780224946120339
:1031B000114202D059461142F0D080224B461203F0
:1031C0001A431203029E014B120B2BE7FF0700006C
:1031D00001FCFFFF9C200100FF030000FFFFFFFE3A
:1031E000FE07000001F8FFFFF30300000DFCFFFFE6
:1031F000CB4500D2FAE000D1F5E0012252429446DC
:103200000022444648469046E2445A461F0E1202A7
:103210001B020293130C994617433B041B0C4946AF
:103220000093FEF7BFFD009A0B044243210C0500FA
:1032300019438A4207D9C919013D8F4203D88A42EE
:1032400001D9851EC919881A4946FEF7ABFD009AB7
:10325000240442430904240C03000C43A24204D971
:10326000E419013BA74200D8F7E00299A01A2D0407
:103270000C0C09041D43090C2A0C2B04AB460D0051
:103280001B0C5D43059163435143049462435B18F7
:103290002C0CE318994203D9802149028C466244E0
:1032A000190C2D041B042D0C8A185D19904200D2B4
:1032B00087E000D182E043465D1BA8459B41801A10
:1032C0005B42C01AB14B534498461C00874200D160
:1032D0000CE14946FEF766FD0200009B03905A434D
:1032E0000B04290C19438A420AD90300C919013B6E
:1032F00003938F4204D88A4202D9831E0393C919CB
:10330000881A4946FEF74EFD0A00120494462A0424
:1033100065460099120C414303002A43914207D9A4
:10332000D2190138974203D8914201D9981ED21977
:10333000039B521A1B0403430598190C05008C4685
:103340001904090C4D43894661460095654648437A
:1033500004994D43AC464D464D432918009D2D0C14
:10336000A9464944884203D9802040028146CC4482
:10337000009D080C2D0409042D0C60444D19824257
:103380000FD30BD001221343814A92456CDB1A1DE7
:103390009A429B415B42D2089B446CE6002D00D1CF
:1033A00093E0591EBA188C46BA4200D285E0824298
:1033B00000D2C7E000D1D5E00B00E3E7A84500D379
:1033C00079E75B46591E029B9C46E0441C009845E9
:1033D0009B415B42DB19C018874238D2824278D8C1
:1033E00075D08B4667E7434500D906E74A46D407C0
:1033F00050084246520814434246D207904604E71A
:10340000FEF750FE15239C4684440200634620329A
:103410001C2B00DC8AE623000838834099460023F1
:10342000984692E6FEF73EFE030002001533203276
:103430001C2B00DC57E600990838814000238B469E
:103440005EE600212E0000228846524BEAE58742C4
:10345000C7D14445C2D98B462DE7A24200D804E724
:10346000831EE41901E72E0001224146521A382A30
:1034700000DDD3E51F2A3FDC47481C005044594675
:1034800083408140D440581E834121430B43594619
:10349000D1400A00590709D00F211940042905D04D
:1034A000191D99429B415B42D2180B00110268D54D
:1034B0000021012300228846B4E50B00824200D09F
:1034C00060E7029A954200D05CE73500C6E54545C5
:1034D00087D902235B429C46029BE3449C46E0441E
:1034E00098459B415B42DB19C018E4E6002B36DDB2
:1034F000012300229B44BEE51F2140464942091A90
:103500005846C8400100202A04D05846234A524455
:10351000904003435A1E934107200B4301000022B1
:103520001940184209D00F21194004291FD0181D35
:1035300098428941030049424907DB080B439846FA
:1035400000236FE50299023B49008C4602998C45A5
:1035500089414942C919521861460291AEE70123D7
:103560005B4281E70299A942ECD36346A9E70021B7
:10357000E3E71A1D9A429B415B422E00D2089B440E
:1035800079E551075202120BD7E7C046FF0300004E
:1035900002FCFFFFFF0700001E0400003E040000C5
:1035A000F0B557464E464546DE46E0B51F000B03D4
:1035B0001B0B16009846CA0F4B000400924685B0BC
:1035C0005B0D00D1C2E1CC4A934200D128E14146D3
:1035D000420FC9000A43802109041143C2009146E9
:1035E000C64A884693469B440023002501933C032A
:1035F0007A00FB0F3000240B520D009300D185E1BF
:10360000BD4B9A4200D160E1BC4B9C46624493445E
:103610000A2D00DD14E1730FE4001C4380231B041A
:103620002343F0005246009900264A409246022D5C
:1036300011DD0122AA40A6211400C9000C400A4253
:1036400000D0FDE0902189000A4200D0D4E1882119
:10365000114200D0EFE049464A460904140C090C17
:10366000020C0F0015000004000C65434743019550
:10367000B9462F000D0006005543AC464D46664343
:103680002D0CB4446544AE4205D93E0080277F022C
:10369000BC46664401964F463F043F0C2E0C2D0459
:1036A000ED1902951D0C1B041B0C00951D001F003D
:1036B00065434F43AC46009D69436C433D0CA946AE
:1036C000614449448C4503D980256D02AC4664446D
:1036D0003F040D0C3F0C0904C919AC46751803953D
:1036E00045462E04360C2F0C350045437843804662
:1036F00038006444AC462D0CA94650437243424402
:103700004A44904503D980256D02A8464044150CD3
:10371000A84665462D042D0CAC4635005D431204C9
:103720006244AC467B43009D404498462B006E4368
:1037300065467B4346442D0CAD191F000093A845F8
:1037400004D980235B02984647440097039B019E5F
:1037500098462B044644984663468E4289411B0492
:103760001B0C4344B61849421B195F1896429241FC
:10377000BC465242804691468C458941A3429B41BA
:10378000E044C14449425B42914592410B4380452C
:1037900089412D0C494252420A435B199B18009AF9
:1037A000029994464A4663445B02D20D1A439046FE
:1037B00072020A43511E8A41F60D16434A465202CE
:1037C0001643B146DB0154D44D4A5A44002A00DC6A
:1037D00018E133005B0715D00F215B463140042907
:1037E00010D04946081D48458941814649428844D0
:1037F0004146C90106D54146424A114080228846C9
:10380000D2009A18404B9A4200DD2BE141464B46CC
:103810004C07DB081C4352054B021B0B520D1AE0F0
:1038200042460243914600D0E0E09B460223904688
:1038300008250193DBE6009A984692468146019658
:10384000019B022B00D10DE1032B35D0012B1BD1A5
:1038500000220023002412051A435346DB071A43B3
:103860002000110005B0F0BCBB46B246A946A046F8
:10387000F0BD01227308324013434246D20713437E
:10388000994643465B08984680225B46D2005A44DC
:103890000133002A00DCB6E049464907A8D00F21D1
:1038A0004846014004299CD1A2E70F2D00D1FDE03C
:1038B000009BA0469A46B146802342461B03134311
:1038C0001B034C460C4A1B0BC5E70B4933008C46C7
:1038D0002343E344002B77D1022129430A29AFDC9B
:1038E0005046009C60408246002D00D10EE10D0044
:1038F000002002269DE6C046FF07000001FCFFFFF6
:10390000FF030000FFFFFFFEFE070000230033431C
:103910004BD0002C00D1BBE02000FEF7C3FB03001E
:1039200002000B3B1D20C31A3000D84011000300D9
:10393000300008398C408840234359468A1A784918
:103940008B4693440A2D00DC6CE679E7434603433B
:10395000994623D04346002B00D187E04046FEF72E
:10396000A1FB0B235B429C460200844411004046AD
:10397000083988401D23804660461B1A2000D84025
:10398000030040460343984623008B409946644B0E
:1039900000259B1A9B460023019328E600239846A6
:1039A0009B4601330425019321E6012215430A2D8C
:1039B00000DD45E7524600994A409246022D00DC60
:1039C00046E70020012634E603231D430A2D00DDCF
:1039D0006BE75346009A882153400122AA409A4639
:1039E00003262300114200D135E624E79B4603233A
:1039F00081460C250193FAE500239A468023494A23
:103A00001B0328E75B460121891A382900DD1FE7DF
:103A10001F295ADD1F204042821A4046D0402029EB
:103A200008D0414A9446424663449A4013004A46AD
:103A30001A4391464A460721531E9A410C000243FD
:103A400000231440114209D008311140042960D0EC
:103A5000111D9142A4410A0064426407D208144334
:103A60000022F8E6002300242E4AF4E6FEF71AFBB3
:103A700015239C4684440200634620321C2B00DC44
:103A800074E70023994623000838834098467EE770
:103A9000FEF708FB03000200153320321C2B00DC6C
:103AA00040E7330008388340002046E78023424641
:103AB0001B031A4200D1FFE61C4200D0FCE6009A2C
:103AC000234392463400174AC5E6184A40469446B6
:103AD0004A4663449840CA4010434A469A40531E9F
:103AE0009A4143460243CB40510709D00F21114070
:103AF000042905D0111D9142924152429B180A009F
:103B0000190208D5012200230024A4E60023002482
:103B1000A1E60024A2E75C075B021B0B9EE7C04600
:103B20000DFCFFFFFF0700003E0400001E04000024
:103B3000F0B54E464546DE465746E0B583B00090A8
:103B400001910D034E000199760DCC0F690A009D7D
:103B50006D0F0D43009900920193C8001903019B5A
:103B6000CB4A5B005B0D9946019B8346DB0F984671
:103B70004B0A0099490F1943009BDB009C469A466B
:103B8000914500D173E0012347465F404B46B8465C
:103B9000F31ABC4216D0002B00DC9AE24F46002FED
:103BA00000D082E067460F4300D13AE15F1E012B4F
:103BB00000D1A4E2934200D12EE1382F00DD43E290
:103BC0003B003EE1002B00DCD7E24F46002F00D047
:103BD000F8E067460F4300D123E15F1E012B00D1BF
:103BE00057E2934200D117E1382F00DC04E3802232
:103BF0001204154200D1AAE31E0015000027A44BB1
:103C000001369E4200D103E10122A24B3A401D4001
:103C100079081143EA070A436D08530709D00F23B7
:103C20001340042B05D017003A1DBA42BF417F4212
:103C3000ED192B0200D477E3954901368E4200D16D
:103C4000E6E0944973050D405B0D6907D2086D02EB
:103C50000A432D0B1B052B43E407234310001900D7
:103C600003B0F0BCBB46B246A946A046F0BD8A4BA5
:103C7000F21863460B434CD0444550D0002A6CD018
:103C8000002E00D17DE1634644464F07DA08174312
:103C9000C8083A00024300D1CDE080252D0305433A
:103CA0002D033A007A4B2D0BD4E7964200D1B3E0B6
:103CB000382B00DCC2E0471EB842804140422D1A3A
:103CC0002B02B1D50127754D7F422800FEF7EAF996
:103CD0000838202339001A1A8540D14087402943EB
:103CE000B04200DA45E1801B01301B1A3D009F40C5
:103CF000C5407A1E97410A009A402F433A43C1407B
:103D000013000D0000260B4300D086E7002200259B
:103D1000A0E7474601235F40B8464445AED1002A9C
:103D200000D1EFE0002E00D088E14B462A0002438C
:103D300000D1A0E25A1E012B00D1B7E2544EB3428B
:103D400000D17BE1382A00DC12E380252D042942D2
:103D500000D112E31E00002751E7514A731C1342A1
:103D600000D0F4E062462B000A430343002E00D04B
:103D700074E1002B00D123E2002A00D1E0E0634689
:103D8000C71AB842924180266B1A52429B1A3604D7
:103D9000334200D1C1E26346181A844592414D1B5B
:103DA0005242AD1A0124020043462A431C40002A15
:103DB00000D1DBE0354200D1E9E2364B02001D4084
:103DC000012342E7964227D0382B00DD11E1802203
:103DD000120411431F2B00DDA1E120220F00D21A93
:103DE000914697406246DA401743B84662464F46CE
:103DF000BA40D940571EBA4147466D1817433F187D
:103E00008742804140422D182B0200D5F7E634E06E
:103E10003300002500221DE7C0086F070743E808AC
:103E200037E7C7086A071743194AE808934200D1E1
:103E30002FE73A00D8E0164B00250BE7802212044A
:103E400011431F2B00DDB7E020220F00D21A91464C
:103E500097406246DA401743B84662464F46BA403A
:103E6000D940571EBA4147466D1A1743C71BB8427F
:103E7000804140422D1A2B0216D47B0700D179E2F3
:103E80000F233B40042B00D0CEE63300FF08C9E7E8
:103E9000FF070000FFFF7FFF01F8FFFFFFFF7F002C
:103EA000FE070000444601266D026D0A002D00D079
:103EB0000BE73800FEF7F6F8030018301F2800DC87
:103EC00007E73900083B9940864200DD87E0831B05
:103ED000581C1F2800DC14E20A001F3BDA4020288F
:103EE00005D040231B1A99404B1E99410A43002AD2
:103EF0003CD00026530700D091E617003500330070
:103F0000FF088FE7CA4A731C13427AD12B00034380
:103F1000002E00D092E162460A43002B00D1F4E16A
:103F2000002A0DD06346C718874280416D18404271
:103F30002D182B0200D512E23A00BB462A4315D0B9
:103F40005B466A07DF083A430023E8084CE0634613
:103F5000C71AB84292416B1A52429B1A1A0200D5F4
:103F600087E03A001D001A43A0D100240023002559
:103F700070E6B04D361A0D407B0700D080E7330065
:103F800084E74B462A0002437ED05A1E012B00D103
:103F90001FE1A94CA34200D198E1382A00DC9CE142
:103FA0006246571EBC45924152428D1A44461E003D
:103FB0002A0200D586E637E61A000F00203AD740DD
:103FC000B846202B05D04022D31A994063460B43B4
:103FD0009A4657467B1E9F4143461F4346E7954AF4
:103FE000331A11404A07C80805035B052D0B5B0D0A
:103FF00030E680231B041D4200D1FBE01D0000279A
:10400000FDE58D4A934200D103E762468218824261
:104010008041691840420818C707520817434508ED
:10402000520700D4AEE10F221E003A40042A00D00D
:10403000FAE5FF086A073A430009D5E763464F07E8
:10404000DA081743C80824E6471EB84280414042B8
:104050002D1A1E002A0200D534E6E5E5002B00D01B
:104060000DE1002A00D069E180250024724B2D0368
:10407000F0E563461F1ABC459241012443464D1B9F
:104080005242AD1A1C4011E7624644460D00D70863
:10409000C8E66346C618864280416918404209183E
:1040A0000B0200D40CE1634B70081940CB070343AB
:1040B0004A08400700D43BE10F201840042800D1F3
:1040C00036E11F1D9F42AD416D420223AD18FF082E
:1040D000A8E6002B00D140E64B469B1B002E00D1EA
:1040E00050E7382B2EDD63465F1EBC45924152429D
:1040F0008D1A44464E462B0200D5E3E594E563460F
:10410000C71AB84280416D1A40422D1A2B0200D5C1
:10411000C9E66A07FF0801233A43E80864E71A0082
:104120000F00203AD740B846202B05D04022D31AA2
:10413000994063460B439A4657467B1E9F41434630
:104140001F435CE680223C00120415431F2B26DC33
:1041500020222F00D21A060090409740DE40421ED7
:104160009041DD4037430743491B6346DF1BBC4595
:10417000924152424E468D1A7DE6002B00D1C1E697
:104180004B469B1B002E00D1D0E5382B36DD802519
:104190002D04294200D1DDE04E4600272FE51A000C
:1041A0002E00203AD640202B05D04022D31A9D4025
:1041B0002F000743BB465F467B1E9F413743D4E732
:1041C000002A00D1D1E6012443460D00E3461C40FD
:1041D000B6E663461F1ABC4592414D1B5242AD1ACA
:1041E0002B0200D55EE66A07FF08444601233A43E6
:1041F000E808F9E6471C17E53B00EBE580221204CE
:1042000015431F2B6CDC20222F00D21A0600904091
:104210009740DE40421E9041DD4037430743491935
:1042200067446745924152424E465518ECE5C046F8
:10423000FE070000FFFF7FFFFF070000002B00D1FB
:10424000FCE6C7086B071F436346E8080B4300D131
:104250001FE580231B03184207D0CA081A4204D165
:1042600063461000DF0849070F437B0FFF00FF087C
:104270005B071F430DE562460D00D708D2E5C7086E
:104280006B071F43E808002A00D102E580231B03C7
:104290001842EAD0CA081A42E7D163460124DF086F
:1042A0004346490710000F431C40DEE76044604569
:1042B000924169185242891806000B0200D5F2E6B5
:1042C0004A07F60801233243C8088DE66346DF0833
:1042D0004B0744461F43C808DBE44446130035E758
:1042E0001A002E00203AD640202B05D04022D31AA7
:1042F0009D402F000743BB465F467B1E9F413743CF
:104300008EE7202300271B1AF5E40023002A00D1A2
:1043100092E567460D00FF0884E53A001A4300D194
:1043200023E61D00BB460BE617003300FF0879E5C6
:10433000DB0852071A430809022355E663460124A5
:10434000DA0843464F071743C8081C40A1E41E0083
:10435000471C69E467460D004E46013764E40F4B85
:10436000FF081D406A076D0201233A432D0B71E4DB
:10437000130046E73300FF0854E567460D001E00B2
:10438000013751E46A07FF083A4300092CE6C008E8
:104390006A0702430023E80826E6C046FFFF7FFFC6
:1043A0000B00020070B5164D0C0382B049000020CE
:1043B00000920193240B490DDE0FA94204DD114840
:1043C000814203DD104BF01802B070BD8020400325
:1043D00020430E4C641A1F2C08DD0D4B5B1AD8408D
:1043E00003005842002EEFD11800EDE7094B009A68
:1043F0009C46030061448B40E2401343F1E7C04612
:10440000FE0300001D040000FFFFFF7F33040000D7
:1044100013040000EDFBFFFF70B5002816D0C31792
:10442000C5185D40C40F2800FDF73CFE104B1B1A59
:104430005B055B0D0A2814DC02002E001532964045
:104440000B22121AD5402D032D0B03E0002400236C
:10445000002500261B052B43E407234330001900E9
:1044600070BD0B3885402D0300262D0BF2E7C046AA
:104470001E04000010B5041E10D0FDF713FE0E4BF5
:104480001B1A5B055B0D0A280FDC0B222100121A98
:10449000D14015300A038440120B01E000230022B2
:1044A0001B0513432000190010BD22000B38824069
:1044B00012030024120BF3E71E04000070B5420241
:1044C0004300C40FFE201B0E591C550A08420CD095
:1044D000E02189008C466D07120B63441B051343D2
:1044E000E40723432800190070BD002B14D1002DD0
:1044F0001BD02800FDF7D6FD0A281CDC0B232A0060
:104500001B1ADA40030015339D400E4B12031B1A91
:104510005B05120B5B0DE1E7002D09D0130B802228
:1045200012031A436D07084BD8E700230022D5E792
:104530000022054BD2E703002A000B3B9A400025DE
:10454000E3E7C04689030000FF070000844610002F
:1045500062468C461900634600E0C0461FB500F075
:10456000F5F8002801D40021C8421FBD10B500F0A5
:1045700037F84042013010BD10B500F0E7F80028D0
:1045800001DB002010BD012010BDC04610B500F0B9
:10459000DDF8002801DD002010BD012010BDC0465F
:1045A00010B500F063F8002801DC002010BD0120E8
:1045B00010BDC04610B500F059F8002801DA0020FF
:1045C00010BD012010BDC04610B5002903D1FDF774
:1045D00069FD203002E00800FDF764FD10BDC04613
:1045E000F0B55746DE464E464546E0B50D000400A0
:1045F000E80F83460903D80F090B82461A488C46F8
:104600001F0369005E00490D3F0B760D81421AD0F1
:10461000864211D00120B1420FD1BC450DD1A2423A
:104620000BD1D3451ED0002907D1614611430A00A2
:10463000531E9A41100000E00120F0BCBB46B24678
:10464000A946A046F0BD01208E42F6D1614639430D
:104650000F0017432743F0D15B465246981A431E7A
:104660009841EAE70020E8E7FF070000F0B5574669
:104670004E464546DE46E0B50D000E034900490DA5
:104680008A46DF0FE90FBC4683B02F4F04008046F7
:104690000191580019039146360B090B400DBA459C
:1046A0001DD0B8420DD05746002F2AD134430028E0
:1046B00024D10A4336D0002C41D16346580001383A
:1046C00015E0114338D15346002B01D12643F4D0D5
:1046D000019B634507D1019B5800013807E0264341
:1046E0002AD1504521D00120019B5F42384303B0BD
:1046F000F0BCBB46B246A946A046F0BD002CDCD0BB
:10470000E6E70028EFD0019B6345ECD18245EADC67
:10471000E1DB8E42E7D8DED1C845E4D80020C845A9
:10472000E5D2D8E7002CE2D0DDE7114304D1019BAC
:104730006345D8D10020DAE702204042D7E7019B49
:104740006345E6D0CFE7C046FF070000F0B5574607
:104750004E464546DE46E0B50D000E034900490DC4
:104760008A46DF0FE90FBC4683B02E4F0400804617
:104770000191580019039146360B090B400DBA45BB
:104780001ED0B8420DD05746002F27D13443002801
:1047900033D10A4334D0002C40D16346580001384D
:1047A00015E0114312D15346002B01D12643F4D01A
:1047B000019B63451DD00120019B5F42384306E009
:1047C000264303D15045F6D111431CD0022003B03B
:1047D000F0BCBB46B246A946A046F0BD0028EAD0D0
:1047E000019B6345E7D18245E5DC02DB8E42E2D8DE
:1047F0000ED0019B58000138E9E7002CCDD0D7E757
:10480000002CE4D0D7E7019B00206345DFD0D2E73E
:10481000C845D0D80020C845D9D2EAE7019B6345F6
:10482000E4D0C8E7FF0700000020044B10B51B6868
:10483000834201D01B68984710BDC0461C29002048
:10484000054B10B51B68002B04D05A69002A01D013
:104850005B69984710BDC0461C290020F7B50400CD
:1048600000933F2851D100252A4805700325654350
:1048700029482E5C8E4207D145196E78964203D1A5
:10488000AD78009B9D423FD003256543009B415579
:1048900040194270837018206043204C1126001983
:1048A0002B27002407231D1B063BAB4035001A4273
:1048B00000D03D0005550134082CF3D1030004005D
:1048C000020011262B270F33083410320193019B6D
:1048D0001D1B0123AB403500194200D03D0025705F
:1048E00001349442F3D1040011262B2718341730D9
:1048F0000123811A8B40009D31001D4200D03900F8
:1049000011700132A242F3D1F7BD0028AED10125CA
:104910000048AAE70B2900200018002020190020D9
:10492000F8B505000E001700002420003B003200FF
:1049300029000134FFF792FF402CF6D1F8BD0000AA
:1049400000B5372827D8032804D8002300E0042323
:10495000180000BD04383328F7D8FDF741FB4E405E
:10496000464640F61A404E404040F6F64E62F6F695
:1049700066F65450405846F64A4A4A4A4A4A4A4A13
:104980004A6AF6F6F6F6F6F6F6F6F6F6F6F6F6F6FF
:10499000F6520623DCE7284BC01882B20023332AE4
:1049A000D6D83328D1D8FDF71BFB281A36381AD0B1
:1049B0001CD02830D0D0D0D0283ED0D026D0D02A7D
:1049C0001A343A1ED0D0D0D2D042D0D0D0D0D0D00D
:1049D000D0D0D0D0D0D0D0D0D0D0D0D022220123AF
:1049E000B6E70523B4E70723B2E70823B0E70923B6
:1049F000AEE70A23ACE70C23AAE70D23A8E70E23B2
:104A0000A6E70F23A4E71023A2E71123A0E71223B0
:104A10009EE713239CE714239AE7152398E71623B0
:104A200096E7172394E7182392E7192390E70323C7
:104A30008EE702238CE7C046FCFDFFFF10B5074C54
:104A40002268FF2A08DC064B06491B68D318DBB234
:104A50005B0001325852226010BDC046FC17002096
:104A6000F8170020F615002010B54A20FFF7E6FFE2
:104A70000148FFF7E3FF10BD4D02000010B51A28F2
:104A800024D00DD8053883B20A2B15D80A2813D89C
:104A9000FDF7B0FA2712121C12121E1221252E0049
:104AA000154B984226D008D8144B984219D003339E
:104AB00098420BD0272816D010BD114B984214D025
:104AC000104B98420FD0104B9842F5D10F4803E09D
:104AD0009420800000E00E48FFF7B0FFECE70D489F
:104AE000FAE7D420F5E70C48F6E70C48FFF7A6FFF5
:104AF0000B48F1E70B48EFE70A020000050200004F
:104B000021020000230200001A0200004F030000EF
:104B100051020000520200004A0200004D02000053
:104B20004F0200004D03000010B54D20FFF786FF37
:104B30002C20FFF783FF4C20FFF780FF5020FFF76A
:104B40007DFF10BD812310B59B0098421BD004D877
:104B5000042816D0122818D010BD83239B00984239
:104B60000BD00D4B9842F7D14A20FFF767FF8A2000
:104B70008000FFF763FF522000E04A20FFF75EFF4E
:104B8000EAE74F20FAE74D20F8E74D20FFF756FF00
:104B90008A208000F2E7C046120200000021074B85
:104BA000074A196001231360064A1370064A117000
:104BB000064A1370064A13707047C046F01500206D
:104BC000EC150020EB150020EA150020E915002067
:104BD000E8150020030000B50B20272B11D017D8B3
:104BE00000200F2B10D8042B0BD9581F0A2809D8E6
:104BF000FDF700FA2F08083108080608332B2D00AE
:104C0000012000BD0020FCE71A2BFAD10530F8E79F
:104C1000134A06209342F4D00DD8123A043093423E
:104C2000EFD0104A04309342EBD00F4A9B185A42FF
:104C30005341D800E5E70D4A0D209342E1D00C4ADC
:104C400000209342DDD10C30DBE70320D9E70420BC
:104C5000D7E70720D5E70920D3E70220D1E7C046F0
:104C60001A0200000A020000FBFDFFFF2102000003
:104C7000230200000A4B30B51B78002B0AD1094CE7
:104C800023683F2B07DC084A5D00A852074AD1542D
:104C90000133236030BD0122054B1A70FAE7C0468C
:104CA000CC150020C8150020461500200515002051
:104CB00004150020034B01201B78002B01D1024B6F
:104CC00018787047CE150020CD1500200F4970B51B
:104CD00000220D0004000E480378934206D1102BE9
:104CE0000CD05A1C5B000270EC5270BD02318E1E5B
:104CF0003688A642F9D00132D2B2EEE71E22280051
:104D00000449FCF79BFEEC83EFE7C0460414002047
:104D10000314002006140020002270B50C490D4D2C
:104D20000B78D4B2A34201D800200DE0541C6600D9
:104D3000AE5B864209D10120013BDBB20B70064914
:104D40005B005B5A5200535270BD2200E9E7C04637
:104D50000314002002140020041400209521084AA6
:104D60000300821892B2012049018A4207D3054A02
:104D700000209B181F229BB29A424041C0B270474C
:104D800000C0FFFF40ADFFFF0200E03A012310B575
:104D9000072A04D9292802D0FFF7E0FF03000120E9
:104DA000184010BD084A094B10781B781843084B6F
:104DB0001B681B78002803D15A425341D8B2704770
:104DC000184101231840FAE70114002000140020C4
:104DD000FC13002037B58AB201AB04001980002013
:104DE000120A052A0DD81D780F2D0AD80130042C7F
:104DF00007D8062363439B181B015B1983400149B5
:104E0000585A3EBD0C240100034B18790138434227
:104E10005841C0B27047C046640C00200200393AC5
:104E2000030001200C2A0CD9703A824209D92C2B9C
:104E300007D01800293B1738424250415A4253418B
:104E4000184370472C2814D10C4B002908D001229C
:104E50001A700B4B1A7000220A4B1A70012070470F
:104E60001A78002AFAD01970054B1970054B197081
:104E7000F4E7173843425841C0B2F0E7C6130020A8
:104E8000C5130020C4130020F82210B5441EFF3CB7
:104E9000030052010020944208D20A3BFF3B180055
:104EA000421E90415A42534140001843884710BD6A
:104EB000054B1B7803431A1E01D0DB06DA0F034BA8
:104EC0001A70034B1870704700140020051300205F
:104ED000011400200123834010B5034A1078984341
:104EE000FFF7E6FF10BDC0460114002073B582B283
:104EF00001AB1880120A052A1CD81B780F2B19D871
:104F00000320012612019B18DA0850430A4A350093
:104F10008018072213409D400022EDB20B00D340C1
:104F2000845C33405B4263402B405C4084540132DC
:104F3000032AF3D173BDC046D812002037B583B21F
:104F400001AA10801B0A0020052B16D811780F2902
:104F500013D807241B01CB180321020001251C4094
:104F6000DB085943054BC9188B5CE3402B40934049
:104F700001321843C0B2032AF6D13EBDD812002038
:104F800070B50B4B1C7801231D00854028001D00C7
:104F90008D402900934001432000CDB29843214029
:104FA0008D4201D11C43E0B2FFF782FF70BDC046C5
:104FB000011400200721054B054A1B7812789A42FC
:104FC00000D1704701330B40F9E7C0461A130020A7
:104FD0001913002070B50B4C23781A00824310007F
:104FE0002270050007221540104209D1984207D0CF
:104FF000054B5B785B0703D5C008FFF76BFF257097
:1050000070BDC046141300201613002070B5134A5B
:10501000134B144D10781B782C781843002C18D0A3
:10502000114B9B78012B03D1104B1B787F2B11D890
:1050300006210F4B002259181E78002E01D0013294
:10504000D2B201338B42F7D1002A01D000232B705A
:10505000204370BD1E21074BECE7C0460214002020
:1050600018130020121300205C0C002016130020DF
:105070008A12002092120020024A13788343137090
:105080007047C0460214002003000020104A10B5EB
:105090001278824218D10F490C78E0B2002C14D15A
:1050A0009022D2051268D2060ED40B4A0134147035
:1050B0000A4A0C7010700A22094802703632427097
:1050C00083700CF02FFC200010BD1000FCE7C046E0
:1050D0006A0C0020DD290020DC2900209A2900200C
:1050E0005A29002070B51F4B9B78012B20D11E4BF5
:1050F0001B787F2B1CD9FFF789FF1C4C1C4D60705F
:10510000202229002000FCF7A3FD002828D020221F
:1051100021002800FCF734FC164B1B68002B1FD025
:105120009B68002B1CD0062222702000984717E0B5
:10513000FFF76CFF104C114D207008222900200051
:10514000FCF786FD00280BD0082221002800FCF780
:1051500017FC084B1B68002B02D05B68002BE4D1C6
:1051600070BDC0465C0C0020161300209012002079
:10517000B01200203424002088120020D012002019
:1051800010B5002803D0FFF777FFFFF7ABFF10BD86
:1051900010B5002805D0034B1A7810431870FFF79C
:1051A000A1FF10BD0214002010B5084B08491A7861
:1051B0000223087802431A4206D103430B70FFF71B
:1051C00091FF0122034B1A7010BDC0462414002029
:1051D000021400202514002010B5002805D0034B30
:1051E0001A7810431870FFF77DFF10BD18130020C8
:1051F00010B5002805D0034A137883431370FFF7D6
:1052000071FF10BD18130020F0B52C4E0400337848
:105210000D000133DBB291B0142B00D10023284ADA
:1052200012789A4221D04022002168466F46FCF74E
:10523000BBFC082D1BD12A002100F81CFCF7A0FBA9
:105240000B2332781F492048920139808018390099
:105250004022BB70FCF794FB33780133DBB2337030
:105260003378132B01D90023337011B0F0BD2078AF
:105270000238042820D8FCF7BDFE180A111F0300CD
:105280002A002100F81CFCF77BFB0C23D9E72A003D
:105290002100F81CFCF774FB0F23D2E72A00210041
:1052A000F81CFCF76DFB0E23CBE72A002100F81C4D
:1052B000FCF766FB0D23C4E70023C2E72D1F002087
:1052C0002E2400200A4000002E1F0020084B10B59D
:1052D0001B780400012B02D80821FFF795FF054B2E
:1052E0001B68002B02D020005B68984710BDC046A9
:1052F000640C00201C290020084B10B51B7804000A
:10530000012B02D82021FFF77FFF054B1B68002BE4
:1053100002D020009B68984710BDC046640C002056
:105320001C290020084B10B51B780400012B02D863
:105330000621FFF769FF054B1B68002B02D02000F8
:10534000DB68984710BDC046640C00201C29002073
:10535000084B10B51B780400012B02D80321FFF77E
:1053600053FF054B1B68002B02D020001B69984798
:1053700010BDC046640C00201C2900200E4B70B5E7
:105380001B78002B17D10D4D2C68002C0BDD0C4920
:1053900062000C48FCF7F4FA22000B480B49FCF7BA
:1053A000EFFA0B4B1C6000230A4A2B6013700A4A69
:1053B00013700A4A136070BDCC150020C815002078
:1053C00046150020841400204414002005150020F8
:1053D000401400203C140020041500203814002044
:1053E00037B56B460400DD1D2A000121006809F075
:1053F00043F923682878013323603EBD0122264B00
:1054000010B5D96B90241143D9632449E4054A604F
:105410008021586C4902014359643C21204BD963D7
:10542000986A3431884310390143996200215964E4
:10543000196B114319638021586D090201435965A5
:105440000821986A01439962996D2000114399657A
:10545000196811431960042109F0CAFCA36A114AB2
:105460001340A362A023A26ADB0013433022A3628D
:10547000236993432361202322691343422223613A
:10548000094B1A60094BDB78002B04D11121084825
:10549000084AFCF789FB10BD0010024000000240E2
:1054A00000400140FFF0FFFF780002401819002083
:1054B0002019002002060000002270B52F4B304C4E
:1054C0001A70E36B3C2B01D0FFF798FF04232D4D9E
:1054D000AA6A1A42FCD12C492C4B48792C4A002844
:1054E0000ED12C480078022806D02B4800780028DE
:1054F00002D00978002903D128490978002905D16B
:105500000121197080235B02936070BD2449012042
:10551000097889072CD090601A78002A04D00022DC
:1055200002301A7009F006FC0122C0200021A36D90
:10553000C0009343A3651B4B19541B4819541B4BC4
:105540001B491C4899601C49986119601B491C48FB
:10555000596059611B4918611C334B621A4BCB626D
:105560001A4B8B620423AB62A36D1A43A265CCE78E
:10557000187080235B029360D6E7C0460B29002099
:105580000040014000000240532900201019002073
:10559000000C0048640C00200F2900201629002070
:1055A000181900202019002001060000C018002052
:1055B000F73E00C0172100C00F1D002044400140ED
:1055C000211F0020FC000240768000AA2C0202402D
:1055D00010B583280ED109F03DF9C00709D5532035
:1055E00009F070F9FFF77EFD532009F0A1F9FFF7EC
:1055F00079FD10BD84280AD109F02CF94007F8D5AF
:10560000472009F05FF9FFF76DFD4720EDE7031F25
:10561000DBB2A02BE9D903002033DBB2072B07D87C
:105620000723034001209840C0B2FFF725FDDEE7C5
:1056300003005B33DBB2022B03D8002009F00EF924
:10564000D7E703005833DBB21A2B03D8002009F048
:105650001FF9CEE703003333DBB2122BC9D809F0B0
:1056600079F809F05BFAC4E710B500280FD082285A
:105670000ED109F0EFF8800709D5392009F022F999
:10568000FFF730FD392009F053F9FFF72BFD10BD6E
:10569000FFF79EFFFBE7000070B500242600104DC9
:1056A0002B78002B05D00F4A6300D05CFFF7DCFF9E
:1056B0002E700D4B0135E31801341E70042CEFD110
:1056C0000A4C2378002B0AD00220094B1B78034296
:1056D00003D1FFF7D1FCFFF705FD0023237070BD58
:1056E0002A140020C82301002614002025140020BD
:1056F00024140020184B70B51A78002A23D00024F7
:105700001C70164D2B78A3421ED80123144E154C45
:1057100032781A4205D022781A4202D1E020FFF7EF
:1057200057FF022332781A4205D022781A4202D15A
:10573000E420FFF74DFF00230B4A337013700B4A30
:1057400023702B70137070BD094B6200985C01349C
:10575000FFF78AFFE4B2D4E7EA130020D013002059
:10576000CF130020CE130020CD130020CC13002037
:10577000D2130020F0B50424104A114B12781B7884
:1057800085B001AF1A433880009203AE009B01221E
:105790002341134205D1013CF8D20025280005B071
:1057A000F0BD3B88E5B2338031682800FFF712FB7B
:1057B00008F090FC80B20128EDD0EFE70114002042
:1057C0000014002013B54379008801AA10800198C5
:1057D000002B0DD000290BD0FFF7CCFF04000100F7
:1057E0000198FFF783FB20000199FFF7F3FA16BD3C
:1057F000FFF7A4FB0400F6E71FB501AC2080019879
:10580000FFF7B8FF228803AB1A800399FFF7E2FA8B
:1058100008F060FC04B010BD10B500240379A34269
:105820001ED00088FFF7E8FFC2B20004030F062B6A
:1058300018D00F21062B0DD80E330B40012B0FD89B
:105840000124F02A0CD007D80024E72393426441B6
:10585000E4B205E00633F0E7F43A53425A41D4B2D9
:10586000200010BDE72393426441F13A53425A416C
:105870001443EDE70A4910B54A785307DB0F83421A
:105880000CD00123034004209B0082431A434A703A
:10589000098808F054FD0220FFF79CFB10BDC046AC
:1058A000161300208023064A1B06D16C0B43D364D9
:1058B0008023044A9B0351690B4353617047C046E0
:1058C000001402400004014010B5034B70461A69F1
:1058D0005A6109F03FFA10BD0004014010B5FFF70E
:1058E000F3FF10BD802310B5DB05DA6970461A623C
:1058F00009F030FA10BD000010B5034B7046DA69AC
:105900001A6209F027FA10BD0004004010B5034BDD
:105910007046DA691A6209F01DFA10BD00080040ED
:1059200010B5034B70461A6E5A6609F013FA10BD93
:10593000000002402B4B70B51A6975465A612A4B1C
:105940001978002912D110231A420FD0274C22783F
:10595000002A0BD0264A10789022D205126800281F
:1059600008D1110019401A4200D12170280009F015
:10597000F1F970BD16001E401A420DD02378012B9C
:10598000F4D1013340221B482370FCF70DF980202D
:1059900040010BF0C7FFE9E72378022BE6D1154B56
:1059A0001A78154B1B78002B07D07F2313403B2B15
:1059B00003D10BF011FF2670D8E70A2A04D10BF0AF
:1059C0000BFF00232370D1E70C4A13780133DBB2BD
:1059D0001370022B02D900231370F3E70123084848
:1059E0002370D6E7000401406A0C0020DD29002066
:1059F000DC2900209C2900209B2900209A290020D6
:105A00005A290020F8B50025C0246C430B4B002711
:105A1000E4180DE07300F2B2E35AF9B2E8B20136CD
:105A200008F010FE102EF5D101372034062F01D0DA
:105A30000026EFE70135052DE6D1F8BD0C24010065
:105A40008023074ADB00D16B0B43D3630222054B53
:105A500019680A431A60012219680A431A607047DC
:105A600000100240002802408023124ADB01D16B63
:105A700010B50B43D36308F0C5FF7F220E490F4BCF
:105A80000A700F49013A0A700E494F3AC7200A605E
:105A900099782E3A0A43C0219A700B4A8000135815
:105AA00009061B021B0A0B43135080231B061360BD
:105AB00010BDC0460010024080380240003802404D
:105AC00082380240A038024000E100E080220D4B05
:105AD0001206DA67BFF34F8FBFF36F8F01210A4AB7
:105AE00093788B4393708022084BD201196B0A4341
:105AF0001A631A6B06490A401A63DA6B0A40DA63C2
:105B00007047C04604E100E0003802400010024047
:105B1000FFBFFFFFF0B51023002603258BB095488B
:105B200004A90493069607960896099605950BF026
:105B30006BFF8023904A9B00516C02A80B43536477
:105B400002960BF045FF029B8C4C013300D0F7E02E
:105B500002228B4B99680A439A60012299680A4392
:105B60009A60E369874A1340E3611823E2691343AB
:105B7000E361226C844B1A409023DB00134307221D
:105B80002364236A93431D43804B2562804A1B682C
:105B9000934200D9C9E08022236BD2051B021B0A65
:105BA000134380222363A36FD2001B0B1B031343F9
:105BB000A367A36F774A13400122A367A369134326
:105BC000A361E3681342FCD08023E16F724ADB04D7
:105BD00011400B43E3670423A1691943A1616F4995
:105BE000C86F1842FCD1276DE06F1040A022D2048C
:105BF0000243E267A2691343A3610423CA6F1A42F6
:105C0000FCD10F20BFB27843256DADB2401BFCF72D
:105C10003FFD6349FCF76EFB061CFEF74FFC00904E
:105C200001910021301CFCF729FA00225D4B00286D
:105C300000D180E000980199FCF77AFD0090019175
:105C4000E81BFCF725FD011C5748FCF753FBFEF74A
:105C500035FC0022534BFCF76BFDFCF761FAA66F95
:105C600080B2360B36033043A06700980199FEF7E7
:105C700097FBA56F474B00041D400543A567E369EB
:105C8000404A13401822E361E3699343E361236CC4
:105C90003D4A134007222364236A93432362236B04
:105CA0001B021B0A2363414B63618022E36AD20516
:105CB0001B021B0A1343E362A369002BFCDB0723CF
:105CC000226A9A43043B134301222362A3691343CC
:105CD000A361E3681342FCD0A3690423A2691A42BA
:105CE000FCD12022E3699343E3611823E269134363
:105CF000E361E369234A13400122E361E36913434B
:105D0000E361E3681342FCD00F22236C93432364C6
:105D1000226C1D4B1A40E0239B0013432364042391
:105D2000A2691343A3610BB0F0BD8022236B12065E
:105D30001B021B0A34E700980199FDF7F9FE7DE785
:105D400003A803960BF044FE0122A169039B0A43BA
:105D5000A261A16F1A05090B0903120D0A43A2677C
:105D6000A26F0C491B0C5BB21B040A401343A367D0
:105D70009BE7C04600080048001002400024014094
:105D800000140240FFDFFFFF3FF8FFFF281F002045
:105D900005A24A04FFFF00FFFFFFFFF804240140B3
:105DA000000060410000E03F0000604AFEFF00008C
:105DB000144B10B51A680123920606D5124B134AEC
:105DC0009B781370124A137000230024114A21009B
:105DD0001370114B14221C70104B11481C70114B86
:105DE0001C80114B1C70114B1C70FBF7DDFE142244
:105DF00021000F48FBF7D8FE01220E4B1C800E4BF2
:105E00001A7010BD00080048640C002032240020E5
:105E1000312400204E2900204D2900204C2900204B
:105E20003829002022290020302400202F2400209F
:105E300024290020502900205229002010B586B0C6
:105E40000400019172B60BF065FF6A4604230294C8
:105E5000E443138202A801AB059303940BF004FF03
:105E60000BF04CFF62B6012006B010BD0200F82016
:105E7000E02370B51D4C0D002168400201405B021B
:105E80005B1A1E68F02321685B0201405B1A1B68E5
:105E9000002B13D1164BF318591E8B41F82026689E
:105EA000216840020E335B03014006409E1B5B1AD3
:105EB00010495B189E4209D9802014E0AB20002EC7
:105EC00011D10B495B1859424B41E7E73168013169
:105ED0000AD1F82320685B02110418402943801975
:105EE000FFF7ACFF012070BD0436E3E70014024069
:105EF00012111111FC1F000010B50BF0AFFF0021B3
:105F00000248034AFBF750FE10BDC046382400206B
:105F1000C204000070B50C00150000210600FBF75C
:105F200043FE90236219DB009A4200D91D1B002D0D
:105F300005D003492A0030006118FBF721FD70BD30
:105F4000782400209023F0B587B000928A1805903D
:105F50000191DB009A4201D95B1A0093009B002B50
:105F60003DD000273A00019B0599DB19895C404A26
:105F70004033D05C884225D0D1549021C9008B4257
:105F800020D25908039101218B43D35A0398190059
:105F90000493FFF76BFF802814D1F820E022354CE2
:105FA0004002236852020340D31A19682368F02480
:105FB00003406402E31A1B68002912D02600140073
:105FC000002B0FD00137009BBFB23A009F42CAD3CB
:105FD0002948019B009A05991818FBF7D1FC07B0D6
:105FE000F0BD1600254BF022E5186B1E9D415202B4
:105FF00094466B0325006344029328000BF01FFFB7
:1060000080239B00ED18029B9D42F6D11C49200085
:10601000FFF714FF04990398FFF728FF0128D1D157
:106020000025134A6B009B181A88002A18D1154BBB
:1060300001359D42F5D1114BF5186B1E9D41F023A2
:106040006D035B02ED1830000BF0F9FE80239B001E
:10605000F618B542F7D100212000FFF7EFFEB1E7B7
:106060001988280089B2FFF701FF0128DFD0A9E7CE
:106070003824002000140240782400200040FEFF55
:10608000EEEEEEEE410200000122034B1A700022F8
:10609000024B1A807047C0460E2900200C290020B0
:1060A000F8B5F827724D734A2B687F02724E3B4059
:1060B000136013680021714A3000FBF775FDE02280
:1060C000F0212B6852023B40D31A1C682B6849020E
:1060D0003B40CB1A1B68002C31D0002B00D0ADE028
:1060E000F8202B682A68400203400240902064494F
:1060F000C000C91A634B9B1A994245D8624B9C4217
:1061000059D0013400D0A2E0E024F02764027F02DD
:1061100020000BF094FE80239B00E418BC42F7D1D2
:10612000F822DF212B685202134049023000C91ABD
:106130004022FBF725FC0122544B1A70F8BD2A6857
:1061400053483A402968801A524A3940521A9042BC
:106150000CD8002BC4D001334DD1F024600201349F
:10616000E4B20BF06CFE002CF8D1D9E7902711684F
:10617000FF00090CB942ECD211688C46674602CA8E
:10618000090C49007752E2E71A68120C8242B5D234
:106190001F6804CB120C5200B752ADE720000BF081
:1061A0004EFE80239B00E418BC42F7D10021200062
:1061B000FFF744FEB4E700246300F3181A88002AAE
:1061C00011D1354B01349C42F6D1E0200021400230
:1061D000FFF734FEF02460020134E4B20BF02FFE2E
:1061E000002CF8D19CE71988200089B2FFF73EFE09
:1061F0000128E6D094E76300F3181A88002A15D125
:10620000254B01349C42F6D1F0200021E024F027F8
:106210004002FFF713FE64027F0220000BF00FFE26
:1062200080239B00E418BC42F7D179E7198820004D
:1062300089B2FFF71BFE0128E2D071E712488442C1
:1062400008D0013403D114000F008342A6D00BF014
:1062500005FE65E7F0240133F9D160020134E4B2B0
:106260000BF0EDFD002CF8D1E020210040029FE76B
:1062700000140240241F002038240020C204000023
:10628000FFFF010004E00100EEEEEEEE221F002011
:10629000FFDF010004C0010041020000802370B54F
:1062A000274ADB01116C86B00B43136401260023DF
:1062B000022504246946234802930493059300961B
:1062C000019503960BF0A0FB69461E4800950BF064
:1062D0009BFB69461B4800940BF096FB082369461C
:1062E000184800930BF090FB4022174B196891431C
:1062F000196019682143196019680E431E601968F6
:106300000D4338211D6018688843283901438020D7
:10631000196019688143196019680C4801401960B7
:1063200019680B480140196019680A480140196052
:1063300059680C435C6019680A431A6006B070BD66
:10634000001002400008004800380040FF7FFFFFB7
:10635000FFF7FFFFFFFDFFFF354B70B51B78002BEC
:106360002AD1344B1B78002B26D1FA2390261021FA
:10637000314ADB00F6051478002C19D13468250069
:106380000D400C4214D1012313703C222B4B1D7085
:106390002B4B1A802B4B323A1A70987036321038C9
:1063A0005A7004280CD8FBF725FE080B0F2031008B
:1063B000013B9BB2002BDED170BD234A9278DA708C
:1063C00018000BF0AFFAF7E700222D21DA70063241
:1063D0005A714B329A71063ADA71153A1A72053AC5
:1063E00019715A729972DA72EAE70621002259711C
:1063F0004B3199710639D9711539DA7019722D320C
:1064000005391A719A7259720532ECE70621002299
:1064100059714B3199710639D9711539DA70197280
:106420002D3205391A719A7259720632DBE7C0466D
:106430006A0C002053290020DD290020DC290020DF
:10644000620C00205A290020640C00207346F0B52D
:1064500089B00393B34BB449DA691A620B78002B05
:1064600012D0B24A13780133DBB2092B01D8137072
:106470000AE0002313709023DB0518681023040042
:106480001C4018421AD10C70A94B1B78022B09D062
:10649000A84B1D78002D13D05B79002B10D109205B
:1064A000FEF7F2FDA449087800285ED0A34A1388BD
:1064B00001339BB2312B2AD813802BE00523D6E77A
:1064C0000B78002BEED1002DECD19D4B9D4C1A7812
:1064D00023789A42E6D09C4B1A78002AE2D1902287
:1064E000D2051268D206DDD401221A70974B2078AB
:1064F0001D70974B8001C0180BF014FA23780133FC
:10650000DBB223702378132BCCD92570CAE7002384
:1065100013800B708F4A13780133DBB2022B00D942
:10652000DBE113708C4A13780133DBB2042B00D902
:10653000E2E11370894C8A4A2388158801339BB2A3
:106540002380AB420CD3002323807A4B1B78002B93
:1065500006D11120FEF798FD002801D10A3D2580C3
:10656000039808F0F7FB09B0F0BD7E4A7E49137826
:1065700009780133DBB2002900D192E0032B01D866
:106580001370C7E7794B1070DB6F04221C00784D45
:1065900014401342BED177482F6D037876495E00D0
:1065A0007752AE6901333243DBB2AA61092B01D8BD
:1065B0000370AFE70470714814220500FBF7E0F99F
:1065C0002E0028002200230021004F002C88BF5BF2
:1065D000A74200D219005700F75BA74200D91A0062
:1065E0000133DBB202350A2BEFD1002423009142A4
:1065F0001DD108330288013BA418DBB2A4B20230DB
:10660000002BF7D15E4B5F4D9C4248D85E4B9C42BD
:106610001AD964205D4AE3089B1858435C49FBF78C
:10662000C5FB5C4BC0B29C422CD900232FE09942A1
:1066300004D09A4202D005886419A4B20133DBB2B7
:1066400002300A2BF3D1DDE72B780133DBB2032BC9
:1066500012D82B700020504B1870504B1870344BD0
:106660009A78824202D09870FFF70EFD00224C4BC0
:106670001A803D4B1A704DE7002301222B70494BC5
:106680001A70E7E72B780133DBB2092B01D82B70A6
:10669000E1E7002301222B70424B1A70DBE76420F4
:1066A000C3E7132B00D86BE7304B1170DB6F04226C
:1066B0001C002F4D144013420DD12E482F6D03782E
:1066C0002D495E007752AE6901333243DBB2AA61D5
:1066D000092B04D80370324A13880133ECE6274DA6
:1066E000047014222800FBF74BF92F4B10491B783C
:1066F00001938B780293019B022B59D1264A623376
:106700001370264A1370029A9A4205D001228B70A8
:10671000264B1A70FFF7B8FC0022224B1A70194B57
:106720001A70D8E7001000406A0C00205929002098
:10673000640C0020532900205229002050290020F9
:106740002D1F00202E240020DD290020DC29002020
:106750002E1F0020202900201B290020FA280020BD
:10676000620C00204D2900204E2900200424014005
:10677000002401404C290020382900202429002031
:10678000D74F00002F2400204F3A0000B7F8FFFF3A
:10679000B20200008F40000032240020312400208B
:1067A000222900203024002008290020122900205E
:1067B00028002E0023002200250001006F003488ED
:1067C0007F5AA74200D215005F00CF5BA74200D9D5
:1067D00013000132D2B202360A2AEFD1002422007D
:1067E0009D4247D108230288013BA418DBB2A4B222
:1067F0000230002BF7D1C14BC14DC24EC24F9C425B
:1068000000D922E2C14B9C4200D824E26420C04A55
:10681000E3089B185843BF49FBF7C8FA019BC0B275
:10682000012B00D024E2031C002800D10123D8B2A0
:106830003B78B94A83424AD2B84B1188994208D969
:10684000002133781180622B02D80133DBB2337020
:106850003B700022B24B2A701A703378029A93422E
:1068600000D138E7AF4A93700122AF4B1A70FFF79F
:106870000BFC30E7AA4204D09A4202D00188641887
:10688000A4B20132D2B202300A2AF3D1B3E72B7894
:106890000133DBB22B70092B04D9002301222B70AA
:1068A0009F4B1A70019B002BC2D13B789A4A8342BE
:1068B00010D99A4B11889942CFD901993378118018
:1068C000002B02D0013BDBB233703B70C5E70023E5
:1068D0001380BEE7019B1380BFE700231370934A28
:1068E000934913688B4200D11CE6002B00D119E6B6
:1068F00090481160036015E600208F4B10701A78E5
:10690000884C824211D018702378012B0BD0022BB7
:1069100000D19BE0834208D16078022803D003288D
:1069200001D0012801D1FFF717FD844E3378002BE9
:1069300015D0834D2B78022B00D189E0032B00D199
:106940008BE0012B04D11220FFF706FD02232B70F0
:106950002B78032B03D901232B7000233370794A42
:1069600013780133DBB2FF2B00D100231370764A7A
:1069700013780133DBB2FF2B00D10023734913706E
:106980000878002806D1724A138801339BB2312B54
:1069900068D8138096216F4A4900138801339BB24F
:1069A0008B4268D213806C4B6C4E01931B78002B8A
:1069B00016D096223388520001339BB23380934223
:1069C0000FD3674B1B78002B08D19023DB051B6886
:1069D000DB0603D4634B1B78002B52D191235B0061
:1069E00033802378022B00D184E04F4B1A78002AA1
:1069F00004D0002210201A70FFF7AEFC00225A4B80
:106A00001A705A4B1A680023920608D590238022E8
:106A1000DB051B68920113405A4253410133962112
:106A2000534A49001370534A138801339BB28B4277
:106A300000D3AFE0138096214F4A490013880133F9
:106A40009BB28B4200D3EBE0138073E508206AE72A
:106A50001320FFF781FC032379E71420FFF77CFC68
:106A6000042374E70123108022780B70002A91D14F
:106A70002D4A13708EE70023138001223F4B1A70BA
:106A800091E701223E4B1A7072B63E4BDF27196820
:106A9000F8235B0219407F022000791A0532FBF7C8
:106AA000D7F800281FD0384B062221001800029387
:106AB00004ADFAF765FF0BF02DF9344B2800059370
:106AC00004970BF0FFF80BF019F90BF023F94023B2
:106AD000029A2B812D4B28000792059304970BF007
:106AE000C3F80BF00BF962B60023254A1370019A24
:106AF000137075E7264B1A7B5B7B82E7D74F00004C
:106B00002F24002032240020312400204F3A00009E
:106B1000B7F8FFFFB202000022290020C3090000DD
:106B200030240020640C002012290020342400208E
:106B3000CC2701001C2900201A2900201929002037
:106B4000600C002018290020172900201629002099
:106B500014290020102900200E2900200C290020D3
:106B6000DD2900200B290020092900200008004809
:106B70000829002006290020FE2800200F290020D7
:106B80000A2900200014024038240020FF41FEFFA3
:106B900000380240002325781380022D00D14AE7F7
:106BA000374A1178994244D1364B1B78002B08D1D3
:106BB000354B1B78002B04D1344B1B78002B00D1B4
:106BC00039E7002D00D036E76478012C0CD12D4B2D
:106BD0001A78002A00D12EE7002205201A70FFF74C
:106BE000BBFB2B4B1C7026E7022C0DD1264B1A78D1
:106BF000002A00D11FE7002206201A70FFF7ACFB25
:106C00000122234B1A7016E7032C00D013E71F4B09
:106C10001A78002A00D10EE7002207201A70EDE74B
:106C200000211C4B11801A788A4200D182E419702D
:106C300080E4002DC8D0012D00D0FCE604201370A4
:106C4000FFF78AFB124B1D70F5E6019B6420012BB8
:106C500012D16320ECE5019B012B00D1E6E52B78F6
:106C600000200133DBB22B70042B00D915E619E6A6
:106C7000094B9C4200D80AE600232B7012E6C0465E
:106C800004290020032900200229002001290020D6
:106C900000290020FC2800208F400000902070B5C3
:106CA0001024164B16491A78164BC0050D78002D86
:106CB00004D10568254201D1002A03D0013B9BB2D3
:106CC000002BF3D18022104B52029A600BF016F881
:106CD0000C210E4B1A688A431A601A680C490A4044
:106CE0001A60012219680A431A60BFF34F8F094BDB
:106CF000094ADA60BFF34F8FC046FDE70A2900203A
:106D0000DD290020A08C0000000C00480014024087
:106D10000FFEFFFF00ED00E00400FA05902030B503
:106D200010240F4B0F491A780F4BC0050D78002D1A
:106D300004D10568254201D1002A03D0013B9BB252
:106D4000002BF3D18022094B52029A60BFF34F8F80
:106D5000074B084ADA60BFF34F8FC046FDE7C046D5
:106D60000A290020DD290020A08C0000000C00482A
:106D700000ED00E00400FA0510230D4AC320116C59
:106D800080000B4313642F220A4B9A63FA22D2002D
:106D9000DA630122DA601A60074B084A1958114079
:106DA000802212040A431A508022D2011A607047CE
:106DB000001002400010004000E100E0FFFF00FF73
:106DC000012210B511000D4808F012F88023902020
:106DD0000A4C5B02A36001220821C00508F008F8F4
:106DE000802390221B03D205936002210122200000
:106DF00007F0FEFF80239B02A36010BD000C00483B
:106E000070B5802401222D4D640286B01100280047
:106E1000AC6007F0EDFF9023AC60DB0508241E009A
:106E200018009C602100012207F0E2FFB4600226F6
:106E300028003100AE60012207F0DAFF80219020A7
:106E4000AE6020228901C00507F0D2FF0022202178
:106E50001B4807F0CDFF802120221A48490107F086
:106E6000C7FF802120221748890107F0C1FF902029
:106E7000002524196946C0050094019502950396E2
:106E8000049505950AF0C0FDC120C0210E4B80007D
:106E90005A6B5D631A68090622431A609A69224395
:106EA0009A61DA691443094ADC6113581B021B0A10
:106EB0000B4313508023136006B070BD000C0048D4
:106EC00000080048000400480004014000E100E020
:106ED00080210A4B89011A681B680B40D20403D435
:106EE0000120002B06D0704780229B0412069B18BD
:106EF000980FF8E7024B1878F5E7C0460004004801
:106F00002C1F002070B5324C062200212000FAF719
:106F10004BFEF822DF212F4B52021B68490213401F
:106F2000C91A06222000FAF72BFD23786678A57887
:106F3000E07821796279FF2B1DD12B00334003408B
:106F40000B401340FF2B31D102232370013B32222F
:106F50006370E3700023A27023716371FFF7B8FFC1
:106F60001D4B1870012828D0022828D0002801D1F4
:106F70000223237070BD002B16D1002E18D12B00D8
:106F800003430B431343DFD0642D01D96423A37063
:106F9000012801D90123E370012901D900232371BC
:106FA000012ADBD90023D8E7022B01D90223237061
:106FB000032EE9D903236370E6E72070DAE70023A4
:106FC00023706378013B022BD4D901236370D1E78E
:106FD000640C0020001402402C1F002070B5060035
:106FE0000C000025A54200DB70BD3000FDF726FD3A
:106FF0000135F7E7FA20034B1B68C01AC343DB17C0
:1070000018407047FC17002070B50E0015000400F2
:10701000FFF7F0FF2900801B002D00DC0121FAF7AB
:10702000C5FE002800DC0120002C00DC0124A04269
:1070300000DD200070BD70B50500081E00DC0120D9
:1070400001220021FFF7E0FF00240600681E0E2841
:107050000CD8FAF7CFFF080F1113151518181515CE
:107060001B1B1D1F21005020FDF7E8FC0134A64228
:10707000ECD170BD5120F7E75220F5E74F20F3E740
:107080005020FF30F0E7A8204000EDE74A20EBE772
:107090004D20E9E74E20F4E7A520F5E770B506009E
:1070A000751EEDB20C0010000E2D30D81D4A52573F
:1070B000D2181D4B595709182000FFF7A5FF0400EF
:1070C0000E2E1ED00F2E24D0022E06D0032E0CD052
:1070D000164B6D002100E85A04E04A20FDF7AEFC93
:1070E0001348611CFFF77AFF11E04A20FDF7A6FC68
:1070F0004D20FDF7A3FC4F20FDF7A0FC0D48611CBF
:10710000F0E74A20FDF79AFC0B48FDF797FC2000BA
:1071100070BD4D20FDF792FC4F20FDF78FFC074816
:10712000F3E7C046D0230100DF230100EE23010076
:1071300051020000520200004D0300004A0300000B
:10714000F8B506000C000120111E00DC01002E4BDA
:107150002E4AE3401F0007403B001770062E03D164
:10716000002F28D1012212E000231C2EFAD1A01EEC
:107170000B2807D8FAF73EFF0909211F1F06061F33
:107180001F06061F0023022201E001230322200024
:10719000FFF784FF0500062E11D11C20FF30FDF7FC
:1071A0004DFC002F23D08A208000FDF747FC5020A3
:1071B000FDF744FC1BE00023E8E70123E3E71C2E76
:1071C0001ED183204000FDF739FC2920FDF736FC55
:1071D000A01E0B280BD8FAF70DFF1010060B0B0A98
:1071E0000A0B0B0A0A0E29005020FFF7F7FEF8BD24
:1071F000A8204000DCE74A20DAE75220691CF4E7C7
:107200001C20FF30D4E7C0460CC00000F41500205D
:1072100070B501230400081E00DC1800234A137017
:107220001C2C1AD102220421FFF7EEFE04004A2092
:10723000FDF704FC4A20FDF701FC21001C48FFF784
:10724000CDFE83204000FDF7F9FB2920FDF7F6FB7A
:1072500021005220FFF7C2FE70BD0421062C00D190
:1072600021000122FFF7D0FE05004A20FDF7E6FBD2
:107270004A20FDF7E3FB0F48FDF7E0FB0E48FDF762
:10728000DDFB012D03D00A48691EFFF7A7FE1C2075
:10729000FF30FDF7D3FB062CDED18A208000FDF7FE
:1072A000CDFB5020FDF7CAFBD6E7C046F415002001
:1072B000510200004D0200004F020000F8B5050029
:1072C000081E00DC0120174FBD420ED12B260621DF
:1072D0000222FFF799FE04004A20012C08D1FDF795
:1072E000ADFB3000FDF7AAFBF8BD05210E4EEFE720
:1072F000FDF7A4FB4A20FDF7A1FB21000B48FFF797
:107300006DFE3000FDF79AFB2920FDF797FB522018
:107310002100FFF763FE4A20FDF790FBBD42E3D159
:107320004F20DFE7370200002B020000510200006F
:1073300070B503000E00141E00DC0124254A2B2525
:10734000934200D0244D701E0E283BD8FAF752FE0F
:10735000080F11083A3A3A3A3A3A08080D352B0024
:1073600001211800FFF7AAFF70BD2100F9E7611C99
:10737000F7E7062101222000FFF746FE04004A201D
:10738000FDF75CFB4D20FDF759FB4F20FDF756FB49
:107390001248611CFFF722FE2800FDF74FFB292051
:1073A000FDF74CFBE0E74D20FDF748FB4F20FDF7D4
:1073B00045FB0B48FDF742FBEEE74A20FDF73EFB9D
:1073C0000848F7E70023022221003000FFF766FE9D
:1073D000E2E7C046370200002B0200005202000024
:1073E0004A0300004D03000010B50400081E00DC35
:1073F000012001220021FFF707FE034B0100E018E6
:10740000FFF7ECFD10BDC0465102000010B500288A
:1074100000DC01200022074B1A7001321100FFF737
:10742000F3FD01000448FFF7D9FD1C20FF30FDF7F4
:1074300005FB10BDF41500204F02000010B5002818
:1074400000DC01200022094B02211A700132FFF7F3
:10745000DBFD010094208000FFF7C0FD8320400089
:10746000FDF7ECFA2A20FDF7E9FA10BDF41500202B
:1074700000220E4B10B51A70904200DC0120012250
:107480000221FFF7C1FD04000948FDF7D7FA012CDE
:1074900006D00848611EFFF7A1FD0548FDF7CEFAAA
:1074A0001C20FF30FDF7CAFA10BDC046F4150020BD
:1074B0004D0200005102000070B50400081E00DCFF
:1074C000012000218C4202D10C4B1978013101229C
:1074D000FFF79AFD0500002C09D1084B1B78002B03
:1074E00002D04D20FDF7AAFA4F20FDF7A7FA1A2087
:1074F0002900FF30FFF772FD70BDC046F415002073
:10750000F8B504000800632914DD6320032101227B
:10751000FFF77AFD384B01001B78002B10D02000BC
:10752000FFF762FF354B1B78002B07D03448FDF77F
:1075300085FAF8BD0029E9DC0120E7E73148F6E7E4
:10754000002C00D04142304E33685A18110014000C
:10755000643110DA64246442E11A9C42E9D0274D78
:10756000287800290BDB00280ED1FFF73DFF2548C6
:10757000FDF764FA1EE0642AEEDD6424ECE7191BD3
:1075800000281DD0012018E0002A15DD002B04DAA8
:107590000222512059420AF03DFC4A20FDF74EFAE2
:1075A0000122210019480AF035FC1648FDF746FA79
:1075B00000232B703460BCE70020FFF715FFF9E7CC
:1075C000002A01DB0120D0E7012B0FDD0122522030
:1075D000591E0AF01FFC01274A20FDF72FFA00224E
:1075E0000B48391B0AF016FC2F70E3E7012BF2D091
:1075F00001225120D11AECE7E0150020E11500200E
:107600004A0200004D020000E41500205102000073
:10761000520200000022F0B5564B050087B008006A
:107620001A70632917DD632001220221FFF7ECFCA9
:10763000514B04001B78002B11D00B20002D00D0E3
:107640000F20002685B228000136FDF717FAB44254
:10765000F9D107B0F0BD0029E6DC0120E4E7474F8F
:107660003A680192464A16680392019AB21A049245
:10767000444A059212780292002D3AD0002A10D086
:107680008619642EE5DC1D003F480135FDF7D6F96B
:10769000AC42F9D1039B1E603A4A3C4B12781A70F7
:1076A000D7E7019BC518B54208DA029E3648013675
:1076B000FDF7C4F9B442F9D13D60EDE70135642D21
:1076C000C7DC2920FDF7BAF9049B4F20591E029A06
:1076D0000AF0A0FB049B029AE11A2B4802310AF03F
:1076E00099FB039B059A1D600123013E3E601370C8
:1076F000D2E7029B002B0DD1019B1E1A330064338D
:10770000A7DB942001358000FDF798F9AC42F8D151
:107710003E60C1E7019A331A029393420ADD942036
:1077200001358000FDF78AF9AC42F8D1039B029A3B
:107730001A60B1E7013E361A3300643300DA88E795
:107740002920FDF77BF9049B2A00591E50200AF0DE
:1077500061FB9420049B2A00E11A023180000AF0A8
:1077600059FB019B039A01331360059B3E601D701A
:1077700092E7C046E8150020EA150020F015002029
:10778000EC150020EB1500204F020000E915002049
:10779000F8B504000D000F2811D804281CD90538AD
:1077A0000A2819D8FAF73AFC8000180018002A00B5
:1077B000180018006D001800F300D40071007B4B16
:1077C00098421BD036D87A4B984200D16CE011D841
:1077D0001A2813D0272834D0280001220021FFF7CF
:1077E00013FC0025060020000135FDF747F9AE42E5
:1077F000F9D13EE082239B009842EDD16D4B1E787B
:10780000002E44D0280003220021FFF7FDFB0024B6
:10781000050094208000FDF711F96748FDF70EF987
:1078200001346648FDF70AF9A542F2D10122644B02
:107830001A7029E0634B984200D16BE0624B98428A
:10784000CAD15F4B1B78002B60D1604B1B78002B9B
:107850005CD05F4A5F4B14681B682920E41AFDF76F
:10786000EDF850200122611E0AF0D4FA5A48FDF7C3
:10787000E5F80122524B1A7000224E4B1A70574BFA
:10788000D6E70020FFF7C6FEF8BD0120FAE7012287
:1078900031002800FFF7B8FB070020000136FDF794
:1078A000EDF8B742F9D1C1E7454B01221F78002F0F
:1078B0001FD1464E3378002B1BD002212800FFF742
:1078C000A3FB01220221FFF79FFB04002920FDF703
:1078D000B5F894208000FDF7B1F8D4202100800095
:1078E000FFF77CFB37700122354B1A700022314BB9
:1078F0009EE728000021FFF787FB002506002000F7
:107900000135FDF7BBF8AE42F9D1ECE72000FDF7F9
:10791000B5F8AEE72A4D2B78002B10D12B4B1E78F3
:10792000002E0CD12A4A2B4B14681B682920E41A1C
:10793000FDF784F832004F20611E0AF06BFA2148EF
:10794000FDF79CF8012200211A4B2A70197096E766
:107950001B4B1C78002C0CD11C4B1B78002B08D027
:107960002920FDF76BF894208000FDF767F81B4B8A
:107970001C70280001220221FFF746FB00240500AD
:1079800017480134FDF75AF8A542F9D1ABE72800B2
:1079900001220021FFF738FB0024050011480134C3
:1079A000FDF74CF8A542F9D19DE7C0461A02000048
:1079B00005020000E91500204F0300004F020000FF
:1079C000EA1500202102000023020000EB15002030
:1079D000EC150020F01500204A020000E8150020F8
:1079E000520200005102000000230121094A1360E5
:1079F000094A1370094A1370094A1360094A13604F
:107A0000094A1170094A1170094A1370094A137022
:107A10007047C046E4150020E1150020E015002065
:107A2000F0150020EC150020EB150020EA150020D1
:107A3000E9150020E81500200023064A1360536072
:107A400093609381044A1370044A1370044A1370BC
:107A50007047C046D0150020CF150020CE1500205D
:107A6000CD1500200023064A1360064A1370064A0B
:107A70001370064A13700122054B1A607047C04606
:107A8000C81500203C1400200415002034140020E8
:107A900030140020F0B5574B87B01B78002B27D14E
:107AA000554B1B78002B23D1544B1B680293544B2E
:107AB0001B78002B09D0534B1F68012F1ADC502074
:107AC000FCF7BCFF00224E4B1A70029B002B00DC1F
:107AD0008DE04D4B1B78002B00D188E04B4B1B7881
:107AE000002B00D083E0FDF749FC0122454B1A60D2
:107AF00007B0F0BD454B1B78002BE0D1029B002B5B
:107B00004ADC434B1D68002DD9DD424B424A0193AC
:107B10000023D15C002944D1AB42D0DA5A1C1100B9
:107B2000FF200592A94240D101995A00545A81215F
:107B3000012289008C4208D047D80122042C04D0AD
:107B40002200123A51424A415200EB1A5E1E012BAA
:107B5000B5D0E3B2B6180493FFF74CFA4342421E85
:107B6000DB171A4031001000FAF720F9013F060038
:107B7000B84200DD3E0000230393039B9E429ED04B
:107B8000049B122B02D12000FCF7DCFF059FAF42C3
:107B900026D1039B0133EFE7204B029D204A01933E
:107BA000B6E70133AB42B4D189E7019C4A00A25A3F
:107BB00002404B2A04D8492A00D980E70131B1E7B5
:107BC0004D3A052A00D87AE7F8E783210122890097
:107BD0008C42BAD0134902328C42B6D00022B4E7AC
:107BE000019A7B00D05AFCF729FF0137CFE7FFF756
:107BF00039FF7AE7CC1500202F140020C81500208B
:107C000034140020301400203C14002004150020FF
:107C10004014002084140020441400204615002045
:107C2000051500201202000010B5FFF733FFFFF723
:107C300003FFFFF717FF10BD70B504000D00002A09
:107C400002D10025280070BD90470028F9D06D7939
:107C5000002DF6D0064B1B78002B03D1FDF72AF838
:107C6000002801D0FFF7E0FF2000FDF72FF8E9E73B
:107C7000CF15002010B50400012801D1FFF70AFF3D
:107C8000044B1C70FFF7B0FEFFF7D6FEFFF7EAFECD
:107C900010BDC0462F140020F0B5AE4BB5B01B7818
:107CA00004000293002B11D0AB4F3D78002D10D172
:107CB000E3B2292B06D0A94B1B78002B02D001225E
:107CC000A74B1A7000212000FCF7D4FF012035B02B
:107CD000F0BD032DFAD82000FCF732FEAB1E009059
:107CE0000390012B00D9BFE1E0B29E4E292837D185
:107CF000FCF7A4FE032D25D19B4B1B78002B18D13C
:107D00009A4B1B78002B11D1994B1C68002C0DDD70
:107D1000FFF770F9811ECB43DB171940A14200DD4C
:107D20002100002902D05220FFF758F94A20FCF721
:107D300085FE012300223B708E4B32701A70FFF7D4
:107D400053FE35E08C4B1B78002B07D18B4B1B78F7
:107D5000002BEED18A4B1B78002BEAD05020E6E7AF
:107D60003378002B36D00024824B34701C70854B46
:107D70001C60009B062B1BD1032D22D17A4C7B4D1E
:107D80002378002B0ED17A4B19682B78002B09D160
:107D9000012910DD0122522001390AF03BF84A2066
:107DA000FCF74CFE7848FCF749FE01232B7023704A
:107DB000FFF742FE2CE00129F1D001225120511A97
:107DC000EBE77148FCF73AFE01226C4B1A706F4BDF
:107DD0001C70EDE7009B022B1CD1664B1B78002B1F
:107DE00021D064480278012A12D8664D2968632997
:107DF00000DD63210A234B430021272C01D0210001
:107E00001D395B18632B00DD632301322B60027088
:107E100000205CE7009B0A2BE3D0009B062B02D1DD
:107E2000053B3370F4E70022524B1A701C2C23D808
:107E3000122C16D8062C70D0072C2CD0009B0E2BA1
:107E400000D0BAE0032D00D0ACE0192CB0D10C3B2F
:107E50003B70FFF7C9FD4E48FCF7F0FDFCF79EFEB6
:107E6000A6E7200013380928E8D8FAF7B9F808E798
:107E7000E756E7E7E7E7142A464B9C42DED1032D9D
:107E800006D13A4B1B78002B02D14148FCF7D6FDB6
:107E90001A20FF3023E0404B032D0FD10121334A3C
:107EA00019701278002A02D13948FCF7C7FD1C204E
:107EB000FF30FCF7C3FD01233B7040E700221A703E
:107EC000F5E7354B032D0ED10121284A19701278A0
:107ED000002A02D12E48FCF7B1FD83204000FCF7B8
:107EE000ADFD2920E5E78320002240001A70FCF751
:107EF000A5FD2920FCF7A2FD204B1B78002BDAD131
:107F00001F4B1B78002BD6D0244A254B11681B68C9
:107F10005020C91AFFF762F8CDE7032D13D10121D4
:107F2000124B1A781C4B1970002A02D11848FCF722
:107F300085FD1C20FF30FCF781FD8A208000FCF7C6
:107F40007DFD0023B8E700221C20134BFF301A7080
:107F5000F5E7C0462E1400202F1400203C1400200A
:107F600034140020CD150020E0150020E11500207C
:107F7000E4150020CE150020E8150020EA150020A9
:107F8000EB150020D01500204A030000E915002061
:107F90004F02000013020000F4150020EC15002031
:107FA000F0150020B44B9C4200D001E703233B7046
:107FB000FFF71AFDFCF758FDFAE6009B042B1AD8D0
:107FC000002B00D1F4E6AD4B1968002900DC01213B
:107FD0002000032D45D11A2C32D8042C00D8E7E616
:107FE0000123A340A64A134235D1A64A134200D129
:107FF000DEE6012030E0009B052B00D0D8E6032D03
:108000002DD1A14DA14E2B78002B11D13378002B0F
:108010000ED09F4B4D201C68FCF710FD002C04DA9D
:1080200002225120614209F0F5FE4A20FCF706FDCC
:108030009848FCF703FD0023337001332B70B7E63B
:1080400082239B009C4206D0934B9C4203D0934BCF
:108050009C42CED0ACE60020FFF752FAA8E6012100
:108060008F48FFF795FBA3E68E4B1A780192052AFD
:1080700008D82A220199CA40D20703D522001E3A05
:10808000092A21D9E2B2292A60D1019B002B00D113
:10809000D7E3FFF7D1FCFFF7E5FC824B1B78002B01
:1080A00000D0B5E6804B1B68002B00DCB0E67F4BB0
:1080B0001B78002B00D1ABE67D4B1B78002B00D149
:1080C000BBE3FDF75BF9A3E60B25009A0F2A3FD12E
:1080D000019A002A4BD0012A00D14CE1052393429A
:1080E0009B415B420293FFF7A7FC009B013BDBB285
:1080F000182BD2D8009B6F4ADA4001231A42CCD009
:10810000009A93406C4A134205D1009B082B05D17D
:10811000A31F012B02D80122654B1A700021029B7C
:108120008B420FD10123019A93402A22134200D09F
:1081300077E30099153A13400A395A1E93414A428F
:10814000514119402000FCF795FDA6E7009DBCE7D2
:10815000019A072A00D98FE21000F9F75FFF0800A3
:108160000C016C02AD02D302FE0236035A03681EF4
:10817000182800D965E3F9F751FF380038003800B6
:1081800038003F003300360025002C00190064033E
:10819000420049005200CD006500650065006500A1
:1081A00065006500650065006500650001221A70C4
:1081B0000023272C01D023001D3B304A13600023ED
:1081C00002930DE102221A702C4B013A1C811A73A2
:1081D000F5E704221A70294B033A5C815A73EEE7E3
:1081E00006221A70EBE70722FBE72000FCF7F2FCFF
:1081F0000121FEF720FFE2E701210E20F9E701212E
:108200000620FFF705F800233B70D8E72000FCF7B5
:1082100099FC002301223B70284B1A60CFE7284BC2
:10822000E5186B425D4102353D70FFF7DDFB032D24
:1082300002D1FCF719FCC2E72248FCF7FFFBFCF770
:10824000ADFCBCE728001138082861D80025F9F7F3
:10825000D1FE5C05093B454F54590D000120FFF745
:10826000D5F8ACE70120FFF7E9F8A8E70120FFF710
:10827000CDF83D70A3E7C04619020000D0150020DC
:108280000021000420400000E0150020E11500203E
:10829000E41500204D0300001A0200000502000052
:1082A0000A020000CF150020C81500202F1400205E
:1082B0003C140020FE37FE030032BE0330140020C1
:1082C000E7FDFFFF4F020000C34BC4481D70FCF7E1
:1082D000B5FB1C20FF30FCF7B1FBCAE7BE4BBF4823
:1082E0001D70FCF7ABFB1C20FF30FCF7A7FB66E71B
:1082F00001211C20FEF78CFF61E701210020FFF720
:10830000DBF85CE701210800F9E7FCF70DFC56E714
:108310001E20E9E7B24B01931B78002B00D04EE7FB
:10832000B04B1B68002B00D149E7AF4E3568002DDC
:1083300004DDFEF75FFE854200DD40E7AB4D2B68B4
:108340000293FFF78FFB0122019B00201A7000F0BF
:108350008DFA0023019A13703B78002B02D1012083
:10836000FFF788FC029A2B689B1A00223360A04B0F
:108370001A60A04B35E7A04A11680E1E019100DC7F
:108380000126681E182800D976E1F9F747FE370064
:108390003700370037004000430046002B00310013
:1083A0007501190017011C0141014800FB00E7009D
:1083B000D100D5000E010A011201DF00E400D9004E
:1083C000019B092B09DC0A2301994B430021272C2F
:1083D00001D021001D395B18136000230293013383
:1083E000019382E602211970012314811373F4E7CB
:1083F00004211970012354815373EEE72000FCF728
:10840000E9FB3100FEF717FEFFF716FBE5E7012158
:108410000E20F7E706221A70DFE70722FBE7FFF7D7
:108420000BFB704B1B68002BD7DD6F4B1D68002DBD
:1084300003DDFEF7DFFD8542CFDC6C4B1F68FFF7E5
:1084400011FB0122664B1A70019B092B07DD0A21E3
:108450003000F9F7ABFC1D3080B2FFF71DFC0A219C
:108460003000F9F789FD2725002901D01D318DB293
:108470002800FFF711FC012000F0F8F90022584B0A
:108480001A705E4B1B78934202D10120FFF7F2FB7A
:10849000564B554A1B681168DB1B8B4200DD13608D
:1084A000504B1F68002F38DD019B092B3ADD0A2154
:1084B0003000F9F77BFC14AB1D301880012304AAAF
:1084C0001370590014AA8D52012204A95E1CCA54CB
:1084D00014AA94464A4B4B4DDB194B4901932A7819
:1084E000002A07D177003B0060460F881F5204AB7B
:1084F0009A550136019B9D4203D001350231402E31
:10850000EDD1720014A94048F9F73AFA32003D481B
:1085100004A9F9F735FA334B1E600022344B1A6078
:10852000344B78E7019B0026012BD1DD3300C8E7EF
:108530003000FEF76BFF67E73000FEF77FFF63E771
:108540003000FEF763FF00233B705DE73100002041
:10855000FEF7B2FF58E731000120F9E7022E00DAFA
:108560000226FEF747FD013E0123032800DD8310AC
:108570009E4200DD1E0000250135FCF7D5FAAE4213
:10858000FAD141E7300001220021FEF73DFD002530
:1085900006001E200135FF30FCF750FAAE42F8D13C
:1085A00032E73000FEF764FF2EE73000FEF760FF91
:1085B000C9E731001C20FEF72BFE25E7310006201D
:1085C000FEF726FEBFE72000FCF7BCFA00233B7055
:1085D0000E4B1E6018E7C046F41500204D02000047
:1085E000CC1500204014002038140020FC17002077
:1085F000C81500203C140020D01500202F140020A6
:10860000431400204414002084140020301400205F
:10861000914BE5186B425D4102353D70FFF7E4F97F
:10862000032D02D1FCF720FAEEE68C48FCF706FA9F
:10863000FCF7B4FAE8E68A4A1668002E00DC012648
:10864000681E092818D8F9F7D5FC1D291D1D58BD2D
:108650001705172E824D2B899C420DD13100200029
:10866000FEF7D6FD2B89062B01D100233B70FFF7C7
:10867000E3F90023029338E5FFF7DEF9FFF7F2F99B
:10868000FFF712FB764D20002B890293FCF7A2FA2C
:10869000320001000298FEF753FDE3E7704D01221E
:1086A0000B212889F7E7032119700023272C01D01B
:1086B00023001D3B5360DCE7681E0A28DCD8F9F76D
:1086C000A3FC0B0076000B000B001C008100DBFFFD
:1086D000DBFFDBFFDBFF57002000FCF77BFA604D80
:1086E00001002B682E89002B00DC01236A685A43A5
:1086F000632A00DD63223000CDE7594D01220E21AF
:108700002889C8E7564A1668002E00DC0126681E34
:108710000928B1D8F9F764FC0D170D0D1B56B0B040
:10872000051F53899C42A7D131002000FEF7C6FDEA
:108730009DE720005589FCF74DFA32000100280022
:10874000FEF7F6FD93E750890B210122F8E75089E7
:1087500001220E21F4E70521A6E7681E0A288BD81E
:10876000F9F73EFC142514142D308A8A8A8A0600F3
:108770003B4A5168092900DD7BE70A234B4300216E
:10878000272C01D021001D395B1893E72000FCF74E
:1087900021FA334D01002B686E89002B00DC012388
:1087A0006A685A43632A00DD63223000C8E72C4A16
:1087B0005168092900DD5CE70A234B437AE7284B1F
:1087C0005889C5E706221A7053E7062D00D053E7F3
:1087D000234E337B002B0ED001220F213089FEF770
:1087E000AFFC3389062B02D100221E4B1A70FFF713
:1087F00023F9019579E4737B002B05D001220F2129
:108800007089FEF795FDF2E701210F20FEF713FCBA
:10881000EDE7072D00D02FE78B204000FCF70EF985
:10882000E5E723001E3B092B01D80B230393039993
:108830000B394B425941C9B284E4FFF713F9FFF7F2
:10884000E7FA094B1B68002B01DCFFF73FFAFFF743
:1088500009F9FFF73BFAC046E7FDFFFF4F020000B2
:10886000D01500202F140020C815002070B5050079
:10887000002401260F4B1B68A34200DC70BD002DB5
:1088800003D00D4B1B5D002B0ED10C4A6300D05A58
:108890000B4B1B78002B09D10A4B1B78002B01D006
:1088A000094B1E70FCF7CAF80134E3E7FFF7F4F94F
:1088B000FAE7C0464014002044140020841400202D
:1088C0002F1400203C1400203414002070B5002523
:1088D0000F4C2088002804D0C0B2FCF7C5FE00234E
:1088E000238001350234042DF3D1D120FCF770FE32
:1088F000D220FCF76DFE0022064B1A70064B1A8040
:10890000064B1878FFF7B6F9FCF7C6FE70BDC046F7
:10891000F0130020EE130020EC130020F8130020C9
:108920000122124B10B51A7000233C21104A13701B
:10893000104A1180104A1370104A1370104A1370B5
:10894000104A13705371104A1370104A138072B694
:10895000FEF756FA62B606F099F89622D200801811
:1089600003220B4B18600B4B1A7010BD6A0C0020D1
:1089700059290020620C0020DD2900209A290020BE
:10898000DC290020532900200F2900201029002075
:10899000C8130020C713002070470423020901D127
:1089A00013000200910802D00A000233DBB2520821
:1089B0009818C0B27047000010B500240D4B1C7011
:1089C00005F0E0FF200005F049FF200005F060FF02
:1089D000094B1C70FCF786FB062221000748F9F7BB
:1089E000E3F8074B1C70074B1C70074B1C7006F01C
:1089F00095F810BD0214002018130020FF1200206B
:108A0000FE120020FD120020FC12002010B5040010
:108A1000832811D105F01EFFC0070CD4532005F0A8
:108A200051FFFCF75FFB642006F084F9532005F04A
:108A30007FFFFCF757FB10BD84280DD105F00AFF1E
:108A40004007F8D4472005F03DFFFCF74BFB6420BE
:108A500006F070F94720EAE7031FDBB2A02B23D80A
:108A6000284B9A78012A13D1274B197800237F29A4
:108A70000FD9264BC1085B189978072303409A4009
:108A80000A420DD0200005F053FFFCF72BFB07E056
:108A900000231F4AD15CA142F4D00133062BF9D147
:108AA000200005F00FFFC4E703002033DBB2072BE3
:108AB00008D80721012301408B40164A11780B4347
:108AC0001370B6E703005B33DBB2022B04D8243CFF
:108AD000A0B205F0C3FEAEE703005833DBB21A2B99
:108AE00005D80D4A5B00985A05F0D2FEA3E70300B3
:108AF0003333DBB2122B9ED805F0D6FD06F00EF80C
:108B000099E7C0465C0C002016130020901200204C
:108B10008A120020021400205821010010B50028FC
:108B200012D0822811D105F095FE80070CD439208F
:108B300005F0C8FEFCF7D6FA502006F0FBF8392005
:108B400005F0F6FEFCF7CEFA10BDFFF75FFFFBE77E
:108B500070B5C2B20500010AC30425D50F230B402E
:108B6000013BDBB2072B58D83149CB5C502A4CD0A3
:108B7000512A4CD0522A4CD003244F2A24D1002B06
:108B800022D100212B4A0B00105D88421CD02A4DB7
:108B900011552B5D8B4206D1284B6200985CFFF784
:108BA000BDFF01232B5570BD012302200B40014264
:108BB00000D003430420014200D0034308200142B7
:108BC000D4D00343502A2FD11E001D4A1478A64347
:108BD0009C43002E02D03000FCF7DAFA002C02D0C1
:108BE0002000FCF7CDFAEDB22800FFF797FF280030
:108BF000FCF73AFD002C02D02000FCF7C9FA002E49
:108C0000D1D03000FCF7BCFACDE70024B7E701244F
:108C1000B5E70224B3E70024B3E7502AFBD00023D2
:108C2000512AA7D10124ACE7512AA3D1CCE7C046F1
:108C3000C0230100261400202A140020C8230100AC
:108C40000214002070B504000D00E6B20949FCF7DB
:108C50001BF93000FFF762FF5020002D00D10120EA
:108C600006F068F83000FCF7FFFC20000249FCF732
:108C70000BF970BDD9510000F1510000002170B511
:108C8000034C25782170FFF7DDFF257070BDC046CD
:108C90000214002010B55020FFF7F0FF10BD10B5F2
:108CA0004F20FFF7EBFF10BD10B55220FFF7E6FF96
:108CB0004A20FFF7E3FF10BD10B55120FFF7DEFF9C
:108CC0004A20FFF7DBFF10BD0A2010B5FF30FFF789
:108CD000D5FF10BD10B54E20FFF7D0FF10BD10B569
:108CE0004B20FFF7CBFF10BD70B50D000400FFF760
:108CF00015FF281E00D1012006F01CF82000FCF70B
:108D0000B3FC70BD002110B5392800D15031FFF7F8
:108D1000EBFF10BD73B54B7905000C00002B3AD06A
:108D20004A78052A34D809780F2931D8374B1201EF
:108D30009B185B5CFF2B2BD00026354A915D994236
:108D40001CD105F0A3FE031C80B2324A7600002835
:108D500000D10123B3522A2D1FD16379002B2AD0D1
:108D600005222D4B1B781340934224D12A20FBF778
:108D7000ADFF4C20FFF7C6FF012076BD0136242E43
:108D8000DCD12A2D09D1EBE7244A13700020F4E747
:108D90002A2D10D1E4E72A280DD02C2D0BD1637990
:108DA000002B08D11E4A1178002904D013701D4AE7
:108DB00013701D4A13706B469E1D02222100300065
:108DC000F8F7DEFD3388002BE0D16379002BDBD090
:108DD000164B174A1B7812781343D7D00124DB06B1
:108DE000D4D52800FBF772FF0C4A1378002BC3D1AF
:108DF0001470104A137005F049FE80B20E4A031C2D
:108E0000002800D1231C1380B6E7C046A022010031
:108E10007C2201007C130020021400207B13002020
:108E2000C6130020C5130020C41300200114002025
:108E3000001400207A13002078130020F0B5C24BF4
:108E4000C24A85B01A60C24B070003931B78009199
:108E5000002B02D00022BF4B1A60009BBE4D5B79F5
:108E600001933B00E03B9BB20293072B3AD8BB4BEC
:108E7000029A9B5C002B06D0B94901980A78002819
:108E80002DD013430B702B78002B00D1CDE0380090
:108E9000FBF764FF041E00D0C7E0FF2F00D9C4E039
:108EA000009B5A793B001E3B9BB2102B7ED8AD49EC
:108EB000CC5C002A7CD13800002C00D0200000229D
:108EC000A94EAA4933789A4200D1AEE002318D1EF4
:108ED0002D88854200D100E10132D2B2F3E79A43F6
:108EE0000A70D0E7392FCED1019AA14BA14E002AAA
:108EF0002ED001241C70FBF755FF2B7844403470B2
:108F0000002B01D0FCF7F6FB3378002B1CD02B781C
:108F1000002B01D0FCF7EEFB914B01211A781123B5
:108F200013405C1EA341944829700370934B114079
:108F30001970D20603D50222C9B20A431A70002260
:108F40008F4B1A70884B1A703920FBF7BFFEAAE0CE
:108F5000019934781A781970002C04D0FCF7CAFBF8
:108F6000019B33708FE7002A8DD07A4A854B1460BD
:108F70001E78854A1470002E0CD101221A70FEF75B
:108F800033FDFEF759FDFEF76DFD039B1E70FCF7E8
:108F900083FB78E71C70FEF74FFDFEF763FD7B4B0C
:108FA0001C607B4B1C607B4B1C70F0E7002A7CD064
:108FB0006D4D2B780B2B01D93800C6E7002C0BD058
:108FC000E0B2FFF7ABFD2B780B2BF5D85A1C2A70BB
:108FD000664A5B009C52EFE7674BE02F1ED00221F0
:108FE000E42F1CD01B78002B08D16B4C2378002B6E
:108FF00004D1E020FFF70AFD01232370604AF8B294
:10900000137801331370FFF789FD2B780B2BD3D81E
:109010005A1C2A70554A5B009F52CDE7012101225C
:109020001A70564A13780B431370002238000099C7
:10903000FEF702FE002836D13800FBF78FFE00282D
:1090400013D1FBF7AFFE00280FD03F4C23685B6ABB
:10905000002B00D1AAE038009847002800D1A5E0F5
:1090600023689B6A002B00D0B1E038004B4A00997E
:10907000FEF7E2FD002816D1009B334D5C792B688A
:109080005A88BA4200D0DCE0454E464D002C00D153
:10909000AAE005F0FBFC80B2031C002800D10123EC
:1090A000338000232B70002030E2E02F05D0032313
:1090B000E42F03D03800140001E702232E4A5B425C
:1090C00014702E4ADCB2117838000B401370FBF795
:1090D00023FE314A13782340A6E7334900228C4609
:1090E000D1B299420ED2511C4D00019161464D5BA7
:1090F000854227D1013B1D49DBB233705B005B5ACF
:1091000052005352C0B2FCF7AFFA002C8DD11C4A6A
:109110001378002B89D0013BDBB21370002B84D174
:1091200001251D4C23782B4200D17EE7134B1B7881
:109130002B4200D079E7E020FCF74AFA2378AB43D2
:10914000237072E7019ACBE7FC130020482201004C
:109150002F14002074130020EA1300203F22010086
:10916000241400202E220100D0130020D21300204E
:109170007113002070130020CC130020CE130020A8
:10918000CD1300202E1400206F130020FC170020A8
:10919000F81700206E130020CF130020158D00005B
:1091A0006C1300206A130020D0130020009B5B7911
:1091B000002B00D159E79F4B1B78002B04D1FBF704
:1091C00079FD002800D1F7E6FEF72EFDF4E6009ABF
:1091D000380051799847002800D146E7009B5B7919
:1091E000002B00D141E7E7E62A78002A0BD0924C09
:1091F0002088002802D0C0B2FCF736FA0023238072
:10920000002333804EE73288002AF9D08B4C227835
:10921000042A02D1FFF75AFBF2E7DB68002B0CD1DE
:10922000874B1B78002BEBD0864B22781A70FCF70B
:1092300033FA0420FEF71EFDE2E798470028EFD13D
:10924000DEE77E4B01931B78042B0BD1029A072A91
:109250002ED8002C06D03A009A43E12A00D1ABE682
:10926000FFF734FB764B009A03931B785279002B5F
:1092700000D1F5E02968897C002900D1F0E0292F90
:1092800000D009E1002A00D1EEE0019B1B78002B01
:1092900000D0B3E06C4B22221B781900914300D020
:1092A000ACE09A0700D4A5E06848FFF7E7FC83E646
:1092B000002C47D00F2F0ED80A2FD1D938002222E8
:1092C000614B0B381B7813400428C9D8F8F788FE87
:1092D00012C819242F00282F30D02C2FC0D105F010
:1092E000D5FB80B25A4A031C002800D101232C2050
:1092F00013802AE6CF20574B1880FFF787FB0B20FF
:1093000023E6CE20002B00D00C30524B5880C0B248
:10931000FFF704FC0D2018E6CD20002B00D00C3008
:109320004C4B9880C0B2FFF7F9FB0E200DE6D02021
:10933000484BD880FFF76AFB0F2006E6D220FFF7E4
:1093400065FB39E60F2F0AD80A2F8BD938000B3866
:10935000042887D8F8F744FE1686212C3700282FDA
:1093600044D02C2F00D07DE73B4E394A337803920E
:10937000002B33D0D120FCF72BF934700023039A53
:1093800013806FE7334C2088002800D16AE7C0B211
:10939000FCF76AF90023238064E72E4C60880028DC
:1093A00000D15FE7C0B2FCF75FF90023638059E7A3
:1093B000284CA088002800D154E7C0B2FCF754F92B
:1093C0000023A3804EE7234CE088002800D149E722
:1093D000C0B2FCF749F90023E38043E7039B1B88F5
:1093E000002BCBD0D120FFF78DFCC7E7D220FCF7B4
:1093F000EFF837E73520002B00D056E72222124B3A
:109400001B78934348D1019B1C78A31E012B43D9A1
:10941000012C00D08BE0074B187800283CD1FEF7D8
:1094200029FC05F033FB0D4B002800D1200018600B
:1094300032E0C046CF150020681300202F14002012
:109440002E140020F8130020241400203502000000
:10945000EC130020F0130020EE1300207413002002
:10946000292F19D1002A5FD18C4A1178002913D0F5
:1094700000261670B3420FD0894B1C68B44247D007
:1094800005F004FB001BC72842D9864B1E60FEF77F
:10949000CBFB0120FEF7EEFB009B5A79002A00D19E
:1094A000E8E0039B1B78002B0CD0019B1B78012B61
:1094B00008D12B681C6B002C04D07B4B19782588B5
:1094C000002D52D10B2F65D00D2F00D1CAE00E2FE9
:1094D00000D1CBE00F2F00D1CAE0002A61D1E52FE7
:1094E0000ED1724C2378002B0AD002206E4B1B78D1
:1094F000034203D1FBF7C0FDFBF7F4FD002323700B
:109500003800FBF709FC01235840C0B205B0F0BD9C
:1095100005F0BCFA634B002800D10130186000212F
:109520002920FFF78FFBB7E7002BB5D066E75D4C2E
:109530002568002D07D100232360FEF775FB01206D
:10954000FEF798FB0FE005F0A1FA594B401B98423B
:10955000F1D80124514B1C7005F098FA504B0028AB
:1095600000D1200018602920EFE4AF4210D1E37849
:10957000A0780B40002807D1002B09D1FEF754FB3F
:10958000636898472800E0E4184201D08343F3E77A
:10959000083494E70024474B1B78002B04D10120AA
:1095A000B4E701246442F6E7E52F00D104E5029B0D
:1095B000072BF4D93C4B1D783F4B2A001B780093B6
:1095C00022239A4317D0631C22D0009B002B26D164
:1095D000019B1E78012E1ED13800FBF777FB374D1B
:1095E0002B5D002B00D05EE5354B6200985CFFF7E9
:1095F00095FA2E5557E53E001D4202D08026B60052
:109600003E433000FBF79CF9002814D1292F12D0DB
:10961000009B002B03D1FBF74DFB002801D0FEF788
:1096200003FBAD06BBD53800FBF7AEFB0028B6D177
:10963000FBF7BAFDB3E73000FEF72EFB0028F0D1B0
:109640003800FBF743FB631C00D12CE5009B002B8B
:1096500000D028E5019B1B78012B00D023E5194A97
:10966000135520E50124002A95D107E00224FAE7EA
:109670000324F8E70B2F00D026E714000026114B37
:109680000E4D1E552B5DB34200D139E70C4B6200E5
:10969000985CFBF7E9FF2E5532E7C0466F130020B8
:1096A00064130020741300202414002025140020CB
:1096B000B70B00002E140020CF1500202A14002024
:1096C000C8230100261400200123834010B5034A5B
:1096D00010781843C0B2FBF7EBFB10BD011400205B
:1096E000F0B50379070089B0002B00D1E6E1012134
:1096F000FCF768F80022B84B05001A80B74B1A70C7
:109700007B7993420BD005F0C1F9B54B1860B54B8E
:109710001B78013B012B02D80122B34B1A70B34BCB
:109720001A78002A0ED02C2D00D1A5E1B04A95421E
:1097300000D100E2AF4A954200D1FCE1E02D18D003
:1097400000221A70AC4A954200D118E245D8A84AC6
:10975000954200D1EFE12CD8E72D00D1BBE10BD829
:10976000652D00D1C0E1E32D00D1ABE12C2D00D15E
:1097700082E1390028008EE1A423DB019D4200D163
:10978000E2E19E4B9D42F4D17B79002B00D0B0E00A
:109790009B4B3A889A4200D0ABE09A4B1A79012A47
:1097A00000D1A6E001221A7100225A71964B0332B1
:1097B000DCE1904B9D4200D1BDE1944BEB189BB294
:1097C000032BD6D8924BE8187B79022800D993E175
:1097D000F8F724FC9A01A201AB018E4AA81882B2C4
:1097E0000E2AC6D80E28C4D8F8F70EFC0F002B009E
:1097F00040005B006E00B800C400E0003A01C3FF07
:10980000C3FFC3FFC3FFD501EA017A79824B002A67
:1098100012D001241C70FCF759F97A4B1A78A24235
:109820000BD000201C70FCF797FDFCF72DFC7B4B48
:109830001C7005F02BF900E01A70794B00221A8099
:1098400057E07A79774B002AF6D001221A70FCF79C
:109850003DF96C4B1A78002A02D15A78012AECD0D3
:109860000124002220001A705C70DCE77A796E4BCC
:10987000002AE1D001221A70FCF728F9614B1A780E
:10988000002A02D15A78022AD7D0002202201A7068
:109890005870FCF761FDFCF7F7FB01225F4B1A7073
:1098A000C7E77A79614B002AC6D001221A70FCF70B
:1098B0000DF9544B1A78002A02D15A78032ABCD0E9
:1098C000002203201A70E3E77B79002B11D04D4B67
:1098D0001A78022A0DD0022208201A70FCF73CFDEB
:1098E000FCF7C2F8FCF7D0FB00224C4B1A7005F0D5
:1098F000CDF87C79002C00D111E24D4BEB189BB2D6
:109900007F2B01D900F039FEEDB20F2D00D9C7E051
:109910000121912007AA04F0AFFE04AB1C7B002CB0
:1099200000D0BDE0002D00D060E10126079407A81B
:10993000FBF756FD002800D1B2E0012800D0A6E1D7
:1099400007A8FBF74DFD04000138032800D962E1A8
:10995000F8F764FB5C0168016E0174017B7935499D
:10996000354A002B04D001230B7000231370C0E78D
:109970000B70FBE77A79002ABBD1224B1879597911
:10998000012805D10129B4D15A71FCF77DFBB0E75C
:109990000029F9D10122E3205A71FBF719FEE720D3
:1099A000FBF716FE6520FBF713FEEEE77B79002B35
:1099B0009FD0224C23787F2B42D9FEF7FDFF7F22D8
:1099C00023781340002223700E4BDA70FCF75CFB07
:1099D0000D4B03221A708CE7102900200F2900205C
:1099E0000C130020C71300200A13002009130020C5
:1099F0002252000023520000037C000001520000AC
:109A000002030000640C002008130020B787FFFF4A
:109A1000B687FFFF0082FFFF0429002000290020F5
:109A20000629002003290020022900200129002006
:109A30000089FFFFC5130020C41300201613002067
:109A4000DB090BD1FEF7B8FF802322785B4213437A
:109A500001222370C14BDA70FCF716FBC04BB8E74C
:109A60007A79002A00D044E71A78002A00D040E72B
:109A700001211970BB4BADE77979002909D11B7819
:109A8000002B06D0B74A13780133DBB2032B17D86B
:109A9000137039002C20FFF7D1F9002800D028E7F7
:109AA000B14B1B785B0709D07B79002B06D0AF4BFD
:109AB0005B785B0702D50220FBF78CFA09B0F0BD9A
:109AC0001170E6E7A54B5B79002B01D000237B7179
:109AD0003900E320DFE7A14B5B79002B01D00023A5
:109AE0007B713900E720D6E79C4B5B79002B00D1D6
:109AF000FFE600237B71FCE6002B00D0F9E69C4BCF
:109B0000DB78C72BAAD8F4E6002B00D0F1E6984BFF
:109B1000DB78002BA2D0ECE6002B00D0E9E6944BDA
:109B20001B79FF2B00D0E4E698E7002B00D0E0E69D
:109B30008F4B1B79EDE77B79002B02D001228D4BF7
:109B400048E700228B4B45E77B79002B00D0D0E61D
:109B5000894B3A889A4200D0CBE6804B1A79002A8A
:109B600000D1C6E600221A71844B01321A70E2203D
:109B7000FBF72EFDE320FBF72BFDE6200DE77A79BE
:109B80007F4B002A05D001221A7000237B717D4B88
:109B900054E61A70FBE77B79002B00D1A9E67A4BDB
:109BA0001C681E68FDF794F9E1046C4CB604247837
:109BB0000300F20FC90F0094744807F0FFFD98E608
:109BC0007979002900D094E6644B01201C796B4A16
:109BD000002C06D118715C7103231370FFF774FD1C
:109BE000C5E719711070FBF775F9C0E7922C00D129
:109BF00056E72000012107AA04F03EFD04AB1B7BC1
:109C00000134002BF2D1013DEDB28BE607A8FBF742
:109C1000E7FBFFF777F8300005F08CF8002C00D058
:109C200085E63DE707A8FBF7DBFBFEF777FFF2E7EA
:109C300007A8FBF7D5FBFBF717FDECE707A8FBF739
:109C4000CFFB002504000422514B1B5D134215D1AC
:109C50000120002D0FD0FA22002392002800E917DE
:109C6000F8F790F900234B4A80185941FA22002353
:109C70009200F8F735FA05F05DF8CCE70A2307A85B
:109C80005D43FBF7ADFB303C65190400DBE70722C1
:109C9000414B1B5C0393C3081040404ADBB2D25CCB
:109CA00002411100314004913D49C95C01413140FC
:109CB0000D003C49CC5C04413440324205D0E120E7
:109CC000FEF7A4FE300005F035F8002D05D0E620A3
:109CD000FEF79CFE300005F02DF803980021FFF7F9
:109CE00003F8300005F026F8002D05D0E620FBF73C
:109CF0006FFC300005F01EF8049B002B05D0E1201E
:109D0000FBF766FC300005F015F8002C00D10EE6DC
:109D10002C20FEF7F7FF300005F00CF807E6224B89
:109D2000E818062801D900F01BFCF8F763F90E12B9
:109D3000040B3F4347002623E1221100200007F0D7
:109D4000FBFFADE62723E522F7E72623E122E0210A
:109D5000F4E72723E522E421F0E7C046640C002065
:109D600007130020061300201413002016130020F0
:109D7000181900200513002001030000081300201B
:109D8000FC280020FE28002000040048DC20010000
:109D9000991E0100E7030000AE2101009E21010091
:109DA0008E2101008E210100E883FFFF2623E1229E
:109DB000E221C3E72723E522E621BFE7282301228A
:109DC000E521BBE701232278134323700420218877
:109DD00004F0B5FAFEF7F0FD62E60823627813435B
:109DE0002CE002232278EFE704232278ECE7082313
:109DF0002278E9E701236278F1E702236278EEE74F
:109E000010232278E0E720232278DDE74023227820
:109E1000DAE7FEF7D1FD802322785B42D4E70C23FA
:109E200022789A43D0E7032362789A43D7E7012246
:109E300023789343C9E70822637893436370C5E7A7
:109E400002222378F5E704222378F2E70822237818
:109E5000EFE701226378F0E702226378EDE7102252
:109E60002378E6E720222378E3E740222378E0E71F
:109E7000FEF7A2FD7F2223781340A6E70C22237869
:109E8000D7E703226378D8E7012204202378590713
:109E9000C90F8A43910083430B430821D2008B43AF
:109EA00092E7012108006378DA07D20F904302227B
:109EB0008B430343410093430B43BFE701222378C5
:109EC0005906C90F8A4392014021E8E7FEF774FD65
:109ED00001222378D9094A407F21D2010B4073E740
:109EE00001210E2004F0FAF970E70021F9E70122C0
:109EF0002378D906C90F8A4312011021CFE7012127
:109F000008002378DA07D20F90430200C7E7012246
:109F100063781907C90F8A430821D2008B435EE793
:109F200055221B7893431900481E8141AB4A3520C6
:109F30001170002B00D10C3804F0C4FCFBF7D2F8F0
:109F4000AEE5012004F086FAAAE5002B33D004F038
:109F5000C3FAA5E5002B33D004F0DAFAA0E5002B14
:109F600033D004F0F5FA9BE5002B33D004F014FB5A
:109F700096E5002B33D004F031FB91E52222984B7B
:109F80001B781340974AA8180E2835D8F8F728F8F8
:109F9000080ED9DD11E216E71BEC20F1252A2F006F
:109FA00004F068FA012004F017FA79E504F076FA73
:109FB000F8E7002BCBD004F081FA71E5002BCBD071
:109FC00004F09AFA6CE5002BCBD004F0AFFA67E509
:109FD000002BCBD004F0CEFA62E5002BCBD004F0FE
:109FE000EDFA5DE5002B04D004F01AFB58E5002BD8
:109FF000FAD004F003FB53E57B4B9D4215D07B4B1D
:10A000009D421DD07A4BEB189BB21F2B1DD8002C04
:10A010002AD11F2301342B409C40E4B221000320AD
:10A0200004F05CF9734B1C703AE50120002C09D058
:10A03000FFF74AFB032202210120FAF7A1FF2FE5D7
:10A040000220F3E7FAF746FFF4E7002C2BD06A4B27
:10A050009D421CD0694B9D4210D0694B01209D420E
:10A0600012D0684B9D421AD0674B9D4211D0033BE2
:10A070009D4218D1FEF7A0FCFCF710FE634B587808
:10A0800001234007C00F5840FBF7F4FB08E5002010
:10A09000FAE7FBF731FF00205D4904F050F9FEF7C5
:10A0A0008BFCFCF73BFE3B8806AD2B800698002C12
:10A0B0005AD0FBF75FFB040001000698FAF716FF81
:10A0C0002A8807AB1A8020000799FAF783FE04F06C
:10A0D00001F80022BB797D791B0903934D4B041CC9
:10A0E00005931B7804925B072BD00495954228D0EA
:10A0F00023041B0E19000F329143402910D0C1B226
:10A100000A0000202032D2B20490072A19D91F2257
:10A110009343202B04D1012913D9039B834210D0F0
:10A1200000223A4B04925B785B070AD50220FAF7CB
:10A1300051FF0722059B1B7813405A425341DBB263
:10A1400004932304180F0B2800D989E0F7F766FF62
:10A150001000100066006600DF00F3008800880031
:10A16000FE006B017E017E01FAF7E8FE0400A7E71E
:10A1700026052304360F1B0E0F2B00D93601E4B23F
:10A18000002D13D0002E0DD023002033DBB2072B7F
:10A1900002D9214A002C00D1114A1378334313709D
:10A1A000FAF7A0FF2000FEF7B9FC59E02000FBF70A
:10A1B0005BFA002E54D023002033DBB2072B01D9E9
:10A1C000002C03D13000FAF757FF03E0124A13784E
:10A1D000B3431370FAF786FF42E0C0461113002024
:10A1E00002140020C087FFFF777C0000787C00000D
:10A1F00020ADFFFF001400205B7C00005C7C0000B1
:10A200005A7C0000017C0000037C00001613002033
:10A21000FFFF000014130020181300200F22230456
:10A2200026051B0E360F9343202B00D03601E4B2D7
:10A23000002C07D0012C52D0039B002D5BD0002BAB
:10A240002CD0AFE7B34B5B785B0722D4002D05D051
:10A25000002E05D0B04A13783343BAE7002EB1D1AF
:10A26000049B002B00D19CE0059B18780123020081
:10A270001A40184200D094E07A71C008FFF724FA1F
:10A280003800FFF72DFA059B1878C008FAF722FE70
:10A2900087E0039B002D11D0002B03D13000FAF78B
:10A2A00077FFDDE7039B012BDAD19C4A1378190075
:10A2B000334331408E42D3D01370D1E7002BCFD13E
:10A2C0003000FAF75DFF954A1378334201D0B3436B
:10A2D0001370934A13783342C2D0B343ECE7039B25
:10A2E000002D02D0052BBBD8D8E7042BB8D83000FE
:10A2F000FAF746FFB4E7002BF9D05020392C00D0F4
:10A30000012004F017FD2000FBF7AEF9A8E72005B7
:10A31000800F09D00128A3D10020854201D0A005DB
:10A32000800D04F0B5FA9BE7002D01D0A005800D4B
:10A3300004F094FA94E7E0B2002D04D004F0B4F9EC
:10A3400004F0ECFB8CE704F005FAF9E723049B0129
:10A350009B0F32D1002D22D1102023065B0F9B00D2
:10A360002107DBB2090F99400200C9B22240204206
:10A3700003D00F229A40D243D2B224056948A40FD9
:10A38000022C14D0032C16D0012C04D003780A43DD
:10A390001A40027003E003780B431343037004F088
:10A3A0004DFA00213800FBF70DFAFFF787FB037821
:10A3B0000A435A40EDE70A43EBE7A3059B0FDAB2E5
:10A3C000002D21D0DB07EAD52206520F920020078C
:10A3D000D2B2000F9040C1B21020030023402042AF
:10A3E00003D00F239340DB43DBB22405A40F022CE0
:10A3F00011D0032C14D04C4A012C08D010780B43F8
:10A400001840FAF755FDCAE7012AC8D9DCE71078E9
:10A4100008431843F5E7444A0B4310785840F0E7E7
:10A4200019430800EDE7E6B22405240F002D06D0FD
:10A430002000FFF749F93000FAF7AAFEAFE7300035
:10A44000FAF79EFE2000FAF745FDA8E7E6B23000D5
:10A45000F038042843D8F7F7CDFD0326141B22005B
:10A46000039B002D0AD0042B99D80120E404E40EAC
:10A47000A0402D4B1B785840C0B2C2E7052B8ED8A8
:10A48000F3E7E004C00E002DDDD1FFF71DF986E7EC
:10A49000281EB6D00120E404E40EA040ECE71D4BDA
:10A4A0005B785A0704D4E004C00E002DCBD0ECE753
:10A4B000002D09D0E004C00E5B07E6D50323C200DF
:10A4C0001343059A1370E0E70120FAF783FD039B1D
:10A4D000012B00D863E70220FAF77CFD5FE7039BBE
:10A4E000002D08D0002B03D03000FEF717FB56E7F5
:10A4F000E004C00EC9E7002B09D05020392E00D04F
:10A50000012004F017FC3000FBF7AEF847E7E00449
:10A51000C00E98E71613002002140020121300202A
:10A52000131300200014002001140020314A324B84
:10A53000954200D1F4E422221B7813402F4AA81838
:10A540000A2800D958E5F7F75FFDFCFC00FD34FD53
:10A5500005FD39FD0AFD3EFD0FFD43FD14FD48FDDF
:10A56000244B9D4200D009E5254B35201B78002B5C
:10A5700000D10C3804F0DCF9E0E4224BE81806289E
:10A5800001D8FFF7D2FB00221F4B1A701F4BEB18AC
:10A590009BB2222BCAD8042003F094FE1C4C1D4B06
:10A5A0002080E818212801D9FFF70CFCF7F72CFDD3
:10A5B0003FFCA7FC48FC19FC1CFC4BFC1FFC4EFCA0
:10A5C00057FC28FC9FFC2BFC5AFC2EFC5DFC86FCF7
:10A5D00031FC60FC8EFC37FC66FC6CFC22FC51FC00
:10A5E00025FC54FC3BFC69FC79FC98FC9DFC15FCAB
:10A5F00043FCAFFC167C000002140020E087FFFF44
:10A6000011130020E883FFFF101300200090FFFFCC
:10A6100016130020FF8FFFFFF8B51A4883790F2B20
:10A620002BD84379002B28D0174B05881A78174B65
:10A6300046881C7807239C46154FA2421DD0D300A4
:10A64000DB191979002919D01988A94216D159792D
:10A65000002913D15988891B89B2C7290ED80F2424
:10A660001021827922400A4382719A792240114353
:10A670009971FFF735F8FAF79DFCF8BD6346013292
:10A680001A40DAE75C1300201A1300201913002087
:10A690001C130020F0B5040087B00622010002A8B8
:10A6A000F7F76EF9774E6579337922790193002BAC
:10A6B00013D1002A0FD0002D00D1DEE02000FBF7DF
:10A6C000ABF8002800D1D8E0082221003000F7F7CD
:10A6D00057F9FFF7A1FF012543E0737967880093DD
:10A6E00073880099FB1A9BB2002900D19FE0C72B09
:10A6F00067D8002AEFD0B379328821880F2B52D83F
:10A7000091420DD1002D49D10F2213400132134344
:10A710003000B371FEF7E4FFB379A371002520E0A8
:10A72000002D3BD1267867782A003900300007F0E9
:10A730004DFB2A003900300007F048FB051EEDD123
:10A740000298FBF759F8C3B200040F21020F032A45
:10A750000AD8012A11D9000E014213D0A2790F2A7A
:10A7600010D8280007B0F0BD06320A40012A0ED9E1
:10A770002000FEF7B5FF009DF3E7000E014201D077
:10A78000002BEED02033DBB2072BEAD9F0E7EF2B1A
:10A79000E7D90F33DBB2022BE3D9E9E70123B27922
:10A7A0001343B371BAE791422AD1002D28D1A37186
:10A7B0002000FEF795FF082221003000F7F7E0F8AF
:10A7C00089E7B3790F2B08D83000FEF789FF0822FC
:10A7D00000213000F7F7E8F9A0E7002A00D17AE776
:10A7E0003188228891420BD1002D09D12000A3711C
:10A7F000FEF776FF082229003000F7F7D5F96AE75F
:10A800002000FBF709F8002837D0002D35D0B379A8
:10A810001F2B00D858E7328804A80280019A47808D
:10A820000271002283714271FEF75AFF4CE7C72B79
:10A83000CDD8002A00D14EE7002D1ED032882388C3
:10A840009A4210D1B379DA07B5D40F2BB3D90F21BF
:10A85000A3718B43F02BABD0A3791A0901321201FB
:10A860000B401343A3E72000FAF7D6FF002800D0DF
:10A870002AE70123B2791343B3712000FEF730FFBA
:10A8800029E7C0465C130020F0B50D0A8BB0EDB28D
:10A8900002AA02905160002D02D000212F4B1970A6
:10A8A000002302A9CB81029B04AC04931679002EED
:10A8B00009D00121200026716571FAF783FF01217B
:10A8C0002000FAF77FFF657106AD210008222800FD
:10A8D0002671F7F755F82800FFF7DCFE041E1DD19E
:10A8E0001F4B204F00931B780822290008A80193D2
:10A8F0003E78F7F745F82B79002B0FD00723751C0E
:10A900001D40019B9D4212D01748F6000822801975
:10A9100008A9F7F735F83D70FAF74CFB0725104CFE
:10A92000104B20781B7883420CD10BB0F0BDFEF7A2
:10A9300043F8009B082221000C483C701C70F7F77C
:10A9400033F9EBE7084BC000C018FFF7A3FE00285F
:10A95000EBD0237801332B402370E0E7181300205D
:10A960001A130020191300201C1300205C13002070
:10A97000030010B5E7280AD8DF280AD8312800D10B
:10A9800073E00FD8292866D02A2800D174E0180077
:10A9900010BDE0380728FAD8F7F722FB18F927305E
:10A9A0003DF9474C392808D0822806D03528EED109
:10A9B000374A12789206EAD506E0354A11788907B7
:10A9C00061D152781207E2D52923E0E7304801210E
:10A9D000027814000C400A4245D140780842D6D093
:10A9E0002300D206D3D4E323D1E7294A12785107B2
:10A9F000CDD50023D206CAD4E333C8E72449E223E5
:10AA00000A785007C3D4487801210400023B0C4067
:10AA10000842E5D0BBE71E4A51788907B7D51278BE
:10AA20000023D206B3D4E733B1E7194A12781107ED
:10AA3000F6D4ACE71649E6230A781007A7D448787D
:10AA400002210400023B0C400842A0D12300D206A0
:10AA50009DD4E7239BE70E4A1178890615D45278D6
:10AA6000120700D493E7392391E7094A1278520676
:10AA700000D48CE72A238AE7054A1278520600D4CC
:10AA800085E7312383E7E02381E735237FE7C0466D
:10AA90001613002030B5254C21784B070DD5142214
:10AAA0000240043A53425A4118230340083B5D4296
:10AAB0006B419A4201D00C2358400B070DD514224C
:10AAC0000240143A53425A4118230340183B5D4256
:10AAD0006B419A4201D00C2358406478E3070DD5AE
:10AAE00011220240013A53425A4118230340083BC5
:10AAF0005D426B419A4201D009235840A4070DD50D
:10AB000011220240113A53425A4118230340183B84
:10AB10005C4263419A4201D009235840C90603D5DB
:10AB2000030701D51823984330BDC04616130020F3
:10AB30000020704700207047FEE70300DA68080035
:10AB4000511C10B5D96019698A4204D21C68002CC6
:10AB500002D05968A04710BD9B689854FBE70000DD
:10AB600010B5024B1B68984710BDC046C40E0020AC
:10AB7000F7B51E00C36804000093089B15000191FF
:10AB80009B070DD0002D0DD1089B9B0715D4F7BD59
:10AB900020212000FFF7D1FF0137B742F8D3F1E7BA
:10ABA0001700FAE7019B013D2000595DFFF7C5FF43
:10ABB000E8E720212000FFF7C0FFE368009A9B1A16
:10ABC000B342F6D3E3E70000F0B58FB01D00169C4A
:10ABD00004900392002921D123051BD4302304AA19
:10ABE0001372203B9C4301310A00A30745D4012383
:10ABF0001598234000283ED0002B3ED0039B002B0D
:10AC000002D10C331C4202D0159B013B15930A0064
:10AC100030232AE0102DE7D1AC43E5E76123A206FB
:10AC200000D541230E000027DBB20A3B0593290023
:10AC30003000F7F7B7F8059BCAB2D3188446DBB2E9
:10AC4000092901D83032D3B2082004AA1218791C7D
:10AC5000D355B542C8D82029C6D00F006646E6E7CE
:10AC6000082604A88019835401321598904204D90B
:10AC7000202AF5D101E0002BC9D1302304E00826B9
:10AC800004A88019835401321498904201D9202AD3
:10AC9000F5D1082D03D1914201D210239C432C4BB6
:10ACA0001C423AD0230522D4002A20D0149B934280
:10ACB00002D0159B93421AD1914202D2013A002A46
:10ACC00015D0244BEB40DB071FD591423DD2013A12
:10ACD000102D12D1A3062CD4202A10D12022159B8E
:10ACE0000498009406A9FFF743FF0FB0F0BD102DA4
:10ACF000F0D0022D09D1202AF0D0622300E0782381
:10AD0000082004A909188B540132202AE6D0082013
:10AD1000302304A909188B540132202ADED0039B6A
:10AD2000002B0AD02D23082004A909188B540132C6
:10AD3000D5E75823202AE3D1D0E7630701D52B2399
:10AD4000F1E72307CBD52023EDE7102DD3D1C1E7C1
:10AD500010200000040001007FB52A4A030CDBB27A
:10AD6000D45C050AEDB2230021000190002D2DD006
:10AD7000062001AB1E78FF217043F7F717F8552224
:10AD8000524242437600B21803265643FF21F6B2E0
:10AD900032008E1B4B1B6A43754312122D128A1A06
:10ADA000491B6343624361431B1212120912DBB257
:10ADB000D2B2C9B2062820D8F7F71CF90406131638
:10ADC0001A1F040022000C0021001400FF222000A2
:10ADD00011401040090213401B040843184304B0FB
:10ADE00070BD1A000B00EFE711001A002300EAE71C
:10ADF00022001C0013000A00E6E7110022001C00DC
:10AE0000F0E7C0465E2B0100010030B5C0B2012959
:10AE100016D9F723FF225B01994202D84A0908326A
:10AE2000D2B20124A018401005004543ADB2C3B210
:10AE3000A94206D2013BDAB29442F3D9013CE0B216
:10AE400030BDFF28FCD00133DCB2F5E7054A064BE4
:10AE500011884B4305495B189BB2180AC018C0B251
:10AE600013807047C20E002005080000193600004C
:10AE700010B50400FFF7EAFF60430012C0B210BD36
:10AE80000F21430615D40B000200034092060B4924
:10AE9000920F52005218517812784B431B119B1895
:10AEA00040B2DBB2002801DA5B42DBB2803BD8B2B1
:10AEB0007047C343DAB20B400133E7E7562B01007A
:10AEC00010B50B00041E02D1C80FC00110BDC11780
:10AED00042184A4012B2D118002B0BDB9B1A5801C2
:10AEE000F6F764FF2023181AC0B2002CEEDA4042B5
:10AEF000C0B2EBE74801D11AF6F758FF6023F2E73A
:10AF00001FB5040C01905008FFF7BAFF0200803A09
:10AF1000E4B2D3B2120603D580235B421B1ADBB224
:10AF200001AA1288FF2110005B000134DBB26343E9
:10AF3000120A1B12084012020B401B041043184354
:10AF400004B010BD1FB5030A01903031D8B20E4BCA
:10AF50004900C95CE5234B431B121C339A1AD317D3
:10AF6000D2185A40D200821A01AC131C120400D528
:10AF700000231BB2013058430012A3786070208870
:10AF80001B04184304B010BDA0220100030C84B0C0
:10AF900001903031D8B2114B4900C95CE5234B43D5
:10AFA0001B121C339A1AD317D2185A40D200821A95
:10AFB000131C120400D500231AB2431C534301AAE8
:10AFC0001288FF2110001B12120A084012020B40C7
:10AFD0001B041043184304B07047C046A022010070
:10AFE0007FB5040A0190E4B21000E51AFFF768FF8C
:10AFF0008300C01AEDB22D18EDB201346C4301AEDE
:10B000002412B378747030881B04184304B070BDE8
:10B010007FB5040C051CE4B21000E61AFFF750FFE0
:10B020008300C01AFF23F6B236181800F6B20134B6
:10B03000744328402D0A1D4024122D021C40034B4E
:10B04000284324041840204304B070BDFFFF00FFD4
:10B050007FB5040A0190100008AA1578E4B25D1BC0
:10B06000FFF72EFF6519EDB22D1AEDB201346C43D6
:10B0700001AE2412B378747030881B04184304B0F6
:10B0800070BD00007FB5051C040C100008AA1678DE
:10B09000E4B29E1BFFF714FFFF23A619F6B2361A7F
:10B0A0001800F6B20134744328402D0A1D402412C2
:10B0B0002D021C40034B284324041840204304B0B5
:10B0C00070BDC046FFFF00FF84B001A901908B78DE
:10B0D0000A7008881B04184304B070471FB5074B5B
:10B0E00030314900CB5C01AC01909B1A2370A378EE
:10B0F00020881B04184304B010BDC046A0220100E4
:10B100001FB5074B303149005B185B7801AC0190EB
:10B110009B1A2370A37820881B04184304B010BD29
:10B12000A0220100F0B5303115000E4A4B00D318B3
:10B130005F7885B03E00203E019001ACC0B273B292
:10B14000360602D52023DB1B5BB24900525C521B42
:10B15000D2188018A378207020881B04184305B0EB
:10B16000F0BDC046A022010084B004AA019010786E
:10B1700003225A43521001A980188B78087008885E
:10B180001B04184304B070471FB51C0001904BB25C
:10B19000080601D549424BB23820C01A80B292B29B
:10B1A00052434043801880B2FFF72EFE03234343EF
:10B1B00001AAE4181470937810881B04184304B093
:10B1C00010BD30B585B0019010001D00FFF778FE6E
:10B1D00001AC4019A378207020881B04184305B0E7
:10B1E00030BD30B585B00190100008AA147801ADCB
:10B1F0001C1BFFF765FEE4B2241AAB782C7028887C
:10B200001B04184305B030BD7FB50D4D30335B00D6
:10B21000EE185B5D7678703B59437F23203E724386
:10B220005118CA171A405218D21101AC01901218C5
:10B23000A378227020881B04184304B070BDC04658
:10B24000A02201007FB50D4D30335B00EE185B5D31
:10B250007678703B59433F23203E72435118CA17FA
:10B260001A405218921101AC01901218A378227062
:10B2700020881B04184304B070BDC046A022010002
:10B280007FB5134D30335B00EE1876780190203E89
:10B2900072435E5D01AC3500703DC0B26BB22D06ED
:10B2A00002D570239B1B5BB23825EB1A594303234D
:10B2B0008A187F215343DA170A40D218D211801816
:10B2C000A378207020881B04184304B070BDC046CA
:10B2D000A02201000C4B3031490084B00190581875
:10B2E000C95C03234078091A4B43DBB2991AC9B2EF
:10B2F000202801D9D218D1B201AA937811701088F0
:10B300001B04184304B07047A022010030B585B07B
:10B310000190C4B25008FFF7B3FD0200803A01ADBE
:10B32000D3B2120603D580235B421B1ADBB20D2277
:10B330005B00DBB253431B12E4182C70AB782888F7
:10B340001B04184305B030BD7FB50E00041C0190EE
:10B350001000FFF795FD30360E4B7600F35C01AD23
:10B36000C018C0B20200803AE4B2D3B2120603D5CC
:10B3700080235B421B1ADBB20D225B00DBB253431E
:10B380001B12E4182C70AB7828881B04184304B0F7
:10B3900070BDC046A022010030B50C4B30314900D1
:10B3A000CD5C85B0AB1A019001ACC0B2D9B21B061E
:10B3B00001D5521BD1B219234B431B12C018207068
:10B3C000A37820881B04184305B030BDA0220100DB
:10B3D0001FB501900520434306AA128801A9D3187E
:10B3E0001A1C9BB2FF2B00D9FF22D3438A78DBB211
:10B3F0009B181C1CFF2B00D9FF240A88FF23100078
:10B40000120A1840120223401B041043184304B0D0
:10B4100010BD30B585B0019008A800881B18C8176A
:10B4200009184140D0171218424009B29BB292B29B
:10B430000901FF2900DDFF2112B21201FF2A00DD00
:10B44000FF220C1C15B209B201A8A94200DD141C90
:10B450001B191A1C9BB2FF2B00D9FF22D343827801
:10B46000DBB29B18191CFF2B00D9FF210288FF2398
:10B470001000120A184012020B401B04104318431C
:10B4800005B030BD7FB5050C160008AA01901288E2
:10B49000E8B201ACFF25482B06D8D31A1A1C9BB280
:10B4A000AB4200D92A1C95B2083189B2102905D9BE
:10B4B000330008339BB2102B00D9FF250321ED4345
:10B4C0000C4BF2170A405B7892199210EDB2D21829
:10B4D00040192270011CFF2800D9FF212288FF2378
:10B4E0001000120A184012020B401B0410431843AC
:10B4F00004B070BD1819002084B004AA128801900D
:10B50000D21A131C92B2FF2A00D9FF23DBB2D9430F
:10B5100001AA9078C9B24018011CFF2800D9FF2168
:10B5200010781B1813701288FF231000120A18409D
:10B5300012020B401B041043184304B070471FB5A0
:10B5400006AA128801A9D31A1A1C9BB20190FF2BDC
:10B5500000D9FF22D3438A78DBB29B181C1CFF2B37
:10B5600000D9FF240A88FF231000120A1840120293
:10B5700023401B041043184304B010BD1FB53C23E7
:10B58000FF334B43154A01901168040CC918144B42
:10B5900089B21879E4B2C008013048430012C0B241
:10B5A000FFF76EFC0200803AD3B2120603D5802367
:10B5B0005B421B1ADBB201AA1288FF2110005B005C
:10B5C0000134DBB26343120A1B12084012020B4023
:10B5D0001B041043184304B010BDC046B83100200E
:10B5E0001819002010B5F9F739F910BD10B5F9F7A1
:10B5F00097F910BD0D23584382B0C0B201AA107054
:10B60000C018031CC0B2402800D940231078DBB218
:10B610001B02184302B07047B523434398B2002B76
:10B6200007DA803B1BB2D817C0B2C018001240B274
:10B630007047803080B2F9E710B50D4B14201B78AD
:10B64000DA0712D400189A070FD428305B070CD4FD
:10B65000084B48381B78002B07D048301D2B04D8E6
:10B660001E215843F6F7A2FB80B2C0B210BDC046FF
:10B67000FC120020FE12002010B50124104B022104
:10B680001B78234215D104220B4210D1134214D14E
:10B690000C4B187800280ED027280ED8C000263171
:10B6A000F6F784FB02002000002A01D092B2D0B24B
:10B6B00010BD0A00FBE72200F9E70822F7E7C046C1
:10B6C000FC120020FD120020014B58787047C04644
:10B6D0005C0C002010B5084B08499A8B0C68084B8D
:10B6E00090B2944204D980241A68640212191A6034
:10B6F0001B680860C01810BD18320020C02D002043
:10B70000BC2D00200023F0B5394C743085B0636047
:10B71000C178827809020A43090A03291FD00DD88B
:10B7200001295ED01800022901D132485B336060E4
:10B730002360002800D0200005B0F0BD42790579D3
:10B74000120218002A43212944D02229EFD1022ACB
:10B75000EDD8294B9100C858284B9B5CE7E7D2B243
:10B760001800032AE3D81000F6F744FC3E0205084F
:10B7700012232348DBE716232248D8E7224B1E7802
:10B78000002E24D1012231001A7068460F32F6F7DC
:10B790000BFA6D4631001D4B4A10AA5C1C48170974
:10B7A000C75D4E009E19B7700027BC46F7700F3773
:10B7B0004E1C3A40825C76009E19B270624602319D
:10B7C000F2702029E8D142321A703F3A5A700F487D
:10B7D0000378ACE7022AAAD80E4B9200D05809236E
:10B7E000A5E712230C48A2E704230C489FE7C046B4
:10B7F000B42D0020CC2A01003C2B0100392B010084
:10B80000B42A01009C2A01006E2D00206F2D00201B
:10B810008B2A0100482B0100272B0100C82A0100B8
:10B82000030072B601694269002091420BD1DA68C7
:10B83000824208D01A6F74331B7801309840138904
:10B8400018404342584162B6704700000368002B1D
:10B8500007D091001960511E8A41024B19780A43A2
:10B860001A707047103200200368181E02D0186842
:10B870008008C0B2704700000368002B01D100208F
:10B88000704772B603681A68998862B6002AF6D0C3
:10B890000020044B9B8B5B1A9BB293424041C0B289
:10B8A000EEE7C046183200204B1E072B0BD889004C
:10B8B0000B58002B07D091001960511E8A41024B92
:10B8C00019780A431A7070471032002003000020D4
:10B8D000082906D88900CB58181E02D0186880089D
:10B8E000C0B27047082901D900207047890040186C
:10B8F0000368002BF8D072B603681A68998862B69C
:10B90000002AF1D00020044B9B8B5B1A9BB2934220
:10B910004041C0B2E9E7C046183200200A4BC2B22B
:10B920009A730122002805D1597C114201D0987DDB
:10B93000C0B27047197D00201142FAD09A7DD87D9F
:10B9400000028018F5E7C0460038024003688168AD
:10B950009A6852189A60426813605A600023012264
:10B960000360024B52429A617047C0461832002071
:10B97000036910B51960C268013AC260C2699B18B8
:10B9800082690361934201D3436A036100238362A6
:10B99000036B002B00D0984710BD0000F0B50126C6
:10B9A0008E40002745891C00354345818D1CAD0024
:10B9B0004019406814258069826003604760C76051
:10B9C0007F2001404D43154840190500B8352D78BA
:10B9D000BD420AD0124DAE7BA973F6B2BB4205D16F
:10B9E000B94201D10F4B1970AE73F0BD002AFCD0E3
:10B9F000BC239C46844463461A600200C430C032B3
:10BA000014600760002903D10322064B1A70EBE78C
:10BA100001238B40044ADBB21370E5E7202F00209E
:10BA200000380240182D0020823802400300006FC9
:10BA300010B50278042A13D11A0074321178012249
:10BA40008A40448922420BD11A695C69A24202D120
:10BA5000DC68002C04D1DB690432043BFFF79EFF55
:10BA600010BD10B5406BFFF7E1FF10BD8022074B02
:10BA700007491B6852048868D21A064B03438B603F
:10BA80008B681B021B0A9A42FAD37047102D0020C4
:10BA900010E000E0FFFFFF000C4B10B518680C49E8
:10BAA000F6F7FAF80B4C0C4B206059680B4A0A4326
:10BAB0005A609A68120E12069A60042219680A43A4
:10BAC0001A60012219680A431A6010BDF42E002082
:10BAD000A0860100102D002010E000E0FFFFFF0015
:10BAE000F0B5304B87B007001878FFF783FDC4B27C
:10BAF000250002AB18802C4B30351A792B4B52089D
:10BB00001B6801329BB253431B12DBB20093284BDC
:10BB100086B26D00360AED18E3B29E4206D83F2386
:10BB20000020B3424041C0B207B0F0BD214A1D4BD6
:10BB3000125D5B78134231D06A781F48203A13B205
:10BB40000193194B29785B7870399C46624643789B
:10BB500080781B021343000409B2019A1843009B2A
:10BB6000B84703AB02041870120E00025A70000EA0
:10BB700098701B8804AA138090700498FFF7ECF863
:10BB80000204030205A9120E1B0E08704A708B7086
:10BB9000D2B2C1B2DBB22000FFF724FD023501347E
:10BBA000BAE7C046E00E002018190020B831002086
:10BBB000A02201008023010019190020F0B5354BA7
:10BBC0008BB005901878FFF715FDC4B2270083B23B
:10BBD0001B0A06AA0393304B10801A792F4B520888
:10BBE0001B6801329BB253431B12DBB20493303704
:10BBF0002B4B7F00FF18039AE3B29A4206D83F23EB
:10BC0000002093424041C0B20BB0F0BD254A214B09
:10BC1000125D5B7813423AD03D787E78703D203ECD
:10BC2000ADB2B6B22800330068437343C01880B287
:10BC3000FFF7EAF832B2049E29B20300164D1A4803
:10BC400000966E78457880782D02354300042843AD
:10BC5000059DA84707AB02041870120E00025A7027
:10BC6000000E98701B8808AA138090700898FFF740
:10BC700073F80204030209A9120E1B0E08704A7021
:10BC80008B70D2B2C1B2DBB22000FFF7ABFC02373F
:10BC90000134B0E7E00E002018190020B831002070
:10BCA000A02201008023010019190020F0B52B4BC0
:10BCB00089B007001878FFF79DFC294B294A1B79AA
:10BCC00015689B080133ADB25D432D12EDB286B20B
:10BCD000C4B228004030C0B2FFF7D2F8803843B277
:10BCE00028000293FFF7CCF8803843B2360A03935A
:10BCF000E3B29E4206D83F230020B3424041C0B287
:10BD000009B0F0BD1849154A095D52780A4222D09F
:10BD10001649134A009550784A78120202438878EF
:10BD2000029900041043039AB847020405AB120EAF
:10BD300018705A701B88000206AA000E13809070BB
:10BD40000698FFF709F802040302C1B2120E2000A0
:10BD50001B0EFFF747FC0134CAE7C046E00E002087
:10BD600018190020B8310020802301001919002083
:10BD7000F7B5104B104A5B78825C0400134217D071
:10BD80000E4B03205D789F78DE78FFF771F86B46E5
:10BD900040012D1A1D705F709E700098FEF7DCFF49
:10BDA00002040302C1B2120E20001B0EFFF71AFCA0
:10BDB000F7BDC046E00E00208023010018190020C6
:10BDC00037B5104B104A5B78825C0400134217D0E1
:10BDD000FFF73CF805008020FFF74AF80B4B7F3057
:10BDE000DA786B469A701D7058700098FEF7B4FFB1
:10BDF00002040302C1B2120E20001B0EFFF7F2FB79
:10BE000037BDC046E00E0020802301001819002035
:10BE1000F0B54E4B8FB0079018780991FFF7EAFB09
:10BE200083B21B0A06934A4BC7B21B780AAA08932F
:10BE30003B0010803033474A5B009B18069A0493FE
:10BE4000FBB29A4206D83F23002093424041C0B241
:10BE50000FB0F0BD404A3D4BD25D5B7813422FD00E
:10BE6000002403223D490BA8F5F78AFD079B079A9A
:10BE70000293374BD3180393039B089A0133039320
:10BE80006B461B7A9A421FD8354B0BAADB780133DD
:10BE90005C432412947012880CAB1A809C700C982E
:10BEA000FEF75AFF020403020DA9120E1B0E0870C2
:10BEB0004A708B70D2B2C1B2DBB23800FFF792FB8E
:10BEC000049B01370233B9E7049B1D78039B1B7861
:10BED000ED1AABB20593049B05985E78039B404333
:10BEE0001B7AF61AB6B233007343C01880B2FEF75D
:10BEF0008BFF1B4A030012790132111CFF2A00D963
:10BF0000FF210298124A0C304000121850789278A3
:10BF10000131120289B202434A4369460BAD121243
:10BF2000AC7090B21424095F32B2099C00900B9857
:10BF3000A04703041B0E6B70029B0402240E013306
:10BF4000AC702870E4B2029396E7C046E00E002081
:10BF500086310020A0220100802301001919002051
:10BF600018190020F7B51A4B1A4A5B78825C050055
:10BF700013422BD0184B194A5F789E78DC781B79D6
:10BF80001068DB08013380B258430012C0B2FEF7DC
:10BF900077FF0200803AD3B2120603D580235B42BA
:10BFA0001B1ADBB26A465B00DBB201345C4324122D
:10BFB0001770567094700098FEF7CEFE02040302CC
:10BFC000C1B2120E28001B0EFFF70CFBF7BDC046D6
:10BFD000E00E00208023010018190020B831002055
:10BFE000F0B51E4A1E4B825C5B78050085B013429B
:10BFF00031D01C4BDA785F789E7801921A4A1B790F
:10C000001068DB08013380B258430012C0B2FEF75B
:10C0100037FF0300803BDCB21B0603D5802464425B
:10C02000241AE4B21F20FEF723FF6400E3B2019C50
:10C0300002AA01345C438019241217705070947066
:10C040000298FEF789FE02040302C1B2120E280014
:10C050001B0EFFF7C7FA05B0F0BDC04680230100F4
:10C06000E00E002018190020B8310020F0B51E4A5B
:10C070001E4B825C5B78050085B0134231D01C4BAF
:10C08000DA785F789E7801921A4A1B791068DB088B
:10C09000013380B258430012C0B2FEF7F1FE030034
:10C0A000803BDCB21B0603D580246442241AE4B230
:10C0B0001F20FEF7DDFE6400E3B2019C02AA0134FA
:10C0C0005C43C01924121070567094700298FEF7E9
:10C0D00043FE02040302C1B2120E28001B0EFFF73A
:10C0E00081FA05B0F0BDC04680230100E00E0020BB
:10C0F00018190020B8310020F0B5234F87B0060092
:10C100003878FFF777FA214B85B21A79204B9208DD
:10C110001B6802329BB253431B12DBB22D0A019300
:10C12000C4B2E1B28D4206D83F230020AB42404169
:10C13000C0B207B0F0BD174B7A781B5D1A4220D011
:10C14000154A124B587853781B0203439078019A92
:10C1500000041843B047020403AB120E18705A7063
:10C160001B88000204AA000E138090700498FEF74A
:10C17000F3FD02040302C1B2120E20001B0EFFF7F2
:10C1800031FA0134CDE7C046E00E00201819002036
:10C19000B83100208023010019190020F0B50700F4
:10C1A0000D0014008BB02978002911D13B68002BB9
:10C1B0000BD13A69002A08D0B968002905D0FB687C
:10C1C000934200D3531E0022CA54F8680BB0F0BD4E
:10C1D0000020013525290AD03800FEF7AEFCE2E741
:10C1E0002D2B1CD0302B22D12F3B150018432B7840
:10C1F0006A1C2B2B15D0F3D8202B14D0232B14D052
:10C20000002104912A2B1FD108CC04938B4204DA1D
:10C2100002231843049B5B420493150014E002239D
:10C22000E3E70423E1E70823DFE71023DDE71E004F
:10C230000021303E04910A31092EE1D82A786E1C83
:10C240001300303B092B0FD900222B7805922E2B9F
:10C2500029D18022120110436A786B1C11003039F9
:10C26000092916D80A260CE0049B35004B43303BC5
:10C27000D3180493E2E7059B7343303BD31805932F
:10C280002B001A785D1C110030390929F3D91D00E3
:10C2900009E02A2AFBD108CC02350593DB43059A35
:10C2A000DB171A4005922B786A1C6C2B1FD017D80D
:10C2B000682B24D06A2B2BD02978013578298BD88C
:10C2C000632928D8622973D0632900D198E02529F1
:10C2D00082D0582900D07FE720231843103B4AE042
:10C2E000742B01D07A2BE7D180239B000BE06B7875
:10C2F0006C2BF9D1C023DB0018430235DCE76B78E7
:10C30000682B03D0802315001843D5E7C023F3E73B
:10C310008023DB00F7E70B000126643BDBB29E4085
:10C3200032007F4B1A401E4213D1732900D18FE097
:10C33000702900D050E77B4B02CC0343002900D08A
:10C34000E4E0009305220A2338007749FEF710FC49
:10C3500029E7642901D0692906D18023DB0118432C
:10C3600010239843063B06E008236F2903D0F7D932
:10C37000DB187829F4D1020501D5012290438022EF
:10C38000D200024041041DD5002A00D00BE72168ED
:10C3900082050FD502900498CE1701900598CA0F18
:10C3A0008919714000903800FEF70EFC0434FAE65B
:10C3B0000223E0E7420601D549B2EBE70206E9D5E0
:10C3C00009B2E7E7002A00D0EDE60C2106008E4313
:10C3D000810506D50499029601910599009121687D
:10C3E000E1E72168420607D5C9B2049A0296019294
:10C3F000059A00920022D6E70006F6D589B2F4E746
:10C40000022302001A400126059218420DD1059E12
:10C4100003E020213800FEF790FB049B0136B34275
:10C42000F7D80226002B00D05E1C02CC3800C9B21F
:10C43000FEF783FB059B002B00D1B4E6049BB342BF
:10C4400000D8B0E620213800FEF777FB0136F5E78B
:10C45000230004CB06920793002A08D100900622FD
:10C4600038003249049BFEF783FB079C9BE6059B43
:10C47000002B00D12E4B069A1400D3182278002AE4
:10C4800001D09C4214D1069B0200E41A80231B01B8
:10C490001A400892184203D0059B9C4200D91C0008
:10C4A000022302001A400992184212D1260006E027
:10C4B0000134E3E720213800FEF73FFB0136049BFF
:10C4C000B342F7D8049A0023A24200D3131B0134CD
:10C4D0001C19069E03E038000136FEF72EFB31786A
:10C4E000002907D0089B002BF5D0069B059A9B18C6
:10C4F0009E42F0D1099B002BB7D0049BA342B4D934
:10C5000020213800FEF719FB0134F6E702930A23D5
:10C510000193059B380000931023FEF755FB42E67C
:10C52000210812000120000002210100FB2001006F
:10C53000FFFFFF7FF8B507000020104C0D00A67B21
:10C54000A073F6B2FFF7EAF9002811D080B2031CFD
:10C55000A84200D92B1C002209499BB29A4209D358
:10C560006C22237D93432375237D6B3A934323757C
:10C57000A673F8BD0878B8540132EFE700380240DE
:10C580002038024010B50A4B9A7B9873D2B200282B
:10C5900006D010219873587C014359749A7310BDCA
:10C5A000072404490C7098736021587CF4E7C04656
:10C5B00000380240182D00207F23F0B518400029D4
:10C5C00001D1002A0FD104261E4B9C7B98735D7C01
:10C5D000E4B2354202D05D7CB5435D7401265D7CDA
:10C5E000354201D09C73F0BD002A03D15A7C3243FE
:10C5F0005A74F7E79D7B9873EDB2002807D15E7CF3
:10C60000B6070DD59D730122597C0A43F0E75F7C84
:10C610003742F7D11F7C9D73FEB2002FF3D001E0AB
:10C6200040269D73084D80004019151CB24200D968
:10C63000351C0022ADB28E5C013206709542FAD8EC
:10C64000E1E7C0460038024020380240F7B5274BEA
:10C650007F250193142305406B4300910199CB186A
:10C6600018002C30007800280BD0214C0120A67B2C
:10C67000A573677CF6B2390001408C46074201D0B1
:10C68000A673F7BD07000099AF401963614699632F
:10C690001849FFB25A630F70002A0FD1002D0BD139
:10C6A000019BDA8C144B002A04D104321A700A233D
:10C6B0006374E5E70622F9E76074E1E70099002971
:10C6C000DFD01F8D974200D9170028000099BAB219
:10C6D000FFF772FF0123002DEAD1074A1370034BC5
:10C6E0001B8D9F42E3D30223E2E7C046202F0020A8
:10C6F0000038024080380240182D002070B5040038
:10C7000008000125854011001A0023892B4323814D
:10C71000831C9B00E418636800245B6999601A60BD
:10C720005C60DC60FFF792FF70BD436B10B5186F63
:10C730000278042A11D11A007432117801228A4039
:10C740000489224209D15A691C69944202D1DB68EA
:10C75000002B02D108CAFFF7D1FF10BD10B50F247E
:10C76000054A11784B1C2340044C24789C4202D08B
:10C77000034C1370605410BDAD300020AC3000206D
:10C780009C300020054B02381B7841424841023B57
:10C7900059424B41024A184010707047640C002007
:10C7A0000929002010B57430C3790A4984791B0225
:10C7B0000A782343022B0AD1012A01D0062A05D187
:10C7C000054B4A78D8785A70FFF7DCFF10BD024B52
:10C7D000F8E7C0466C2D00205C0C002070B504000A
:10C7E0007F237434217805000B40212B00D08DE08D
:10C7F0004BB2002B49DA6378022B2ED0032B20D0CA
:10C80000012B42D12379022B01D9002070BDA178E0
:10C810000829FAD8514AD25C022AF6D89023534309
:10C820004F4A9B58002BF0D04E4C5E68186822008F
:10C83000B0474D4BAB66A36C0022EB662A67012024
:10C84000E4E76279237912021A431ED14749484B23
:10C850008978836619700123EFE72379022BD4D8F6
:10C86000A1780829D1D83D4AD25C022ACDD890239C
:10C8700053433B4A9B58002BC7D05A6918689047CE
:10C880003C4B1870AB660123D6E763780A2B1ED0A9
:10C890000B2B0CD0092B39D16279237912021A4360
:10C8A00002239A4332D1344AAA66344AC5E76379EF
:10C8B00022791B02134307D1A2782C4B511E8A41C7
:10C8C000D8789A70FFF75EFF0023AB66B4E7274B7A
:10C8D000E678D8781E70FFF755FF2379022B00D930
:10C8E00093E7A178082900D98FE71C4AD25C022A75
:10C8F00000D98AE790235343194A9B58002B00D153
:10C9000083E732001C691868A047DDE76023002632
:10C910009943812913D16378062B10D16379227949
:10C9200068681B02A1781343E27844682800A04796
:10C93000B04200D169E74368AB6603687CE7D8245E
:10C9400064000F4B9B59002B03D19036A642F8D1BF
:10C950005BE7280098470028F7D070E7882A010095
:10C96000740F00201C2D0020222D00205C0C0020C4
:10C97000692D0020682D00206C2D0020A5C7000027
:10C980006C0F0020006810B5002806D0034B9B8B6D
:10C99000826483800630F4F7F3FF10BD1832002064
:10C9A0000168130010B5002905D08A6C981D9A649F
:10C9B0000631F4F7E5FF10BD0B7810B5082B0AD847
:10C9C0009B001858002806D0034B9B8B8264838001
:10C9D0000630F4F7D5FF10BD18320020030010B563
:10C9E0001000082909D88900C958002905D08A6C87
:10C9F000063182640630F4F7C3FF10BD10B50A4C4F
:10CA000023699A6891420CD85A6881600360426039
:10CA100010609A685860521A9A6001235B42A361C1
:10CA200010BD1B68891AECE71832002010B572B6E9
:10CA3000FEF750FE094C2368002B02D02000FEF7C1
:10CA400085FF80210023064A200009022361E2605D
:10CA50006361FFF7D3FF62B610BDC046743000209B
:10CA60002DCA000000238268037503691B6899685A
:10CA70009142FBD25A680360426010605860704770
:10CA80000300006810B5834206D002681A60536044
:10CA900000238361FFF7E6FF10BDF8B50B000933F3
:10CAA0009B00C3185C6805000E00002C54D072B6C1
:10CAB0002300002288331A7067692269BA4202D1C2
:10CAC000E368002B27D1B31C9B00EB185B685B6904
:10CAD0001B68002B1FD023008C33186800280BD054
:10CAE000BA4204D10022E3681100934201D1390017
:10CAF00004C9836800689847E368E2690133E3602A
:10CB000063699B18A2696361934201D3636A63619D
:10CB10002000FFF7B5FF62692369934216D1E368ED
:10CB2000002B13D0B31C9B00EB185B681A68022A19
:10CB300011D15A69116800290DD01A8A0B00013AE7
:10CB40001340114207D12A00743200E008CA3100B4
:10CB50002800FFF7D3FD62B6F8BD0B0011339B0030
:10CB600010B51C58002C26D072B60231890040182E
:10CB700043689B695B68002B19D0230074331B78D2
:10CB8000226F02339B00D3185B689B695A68236944
:10CB90001A60E2680132E260E2699B18A2692361CF
:10CBA000934201D3636A23612000FFF769FF2000ED
:10CBB000FEF73CFF62B610BD10B572B6087D0528C1
:10CBC00007D8F5F717FA0C060603120E00228B6938
:10CBD0001A6001235B4208008B61FFF743FF62B6D6
:10CBE00010BD8A699368013393604A680B681360CB
:10CBF0005A60EEE70300006810B5002804D0002258
:10CC00001A608161FFF72EFF10BD70B50225040088
:10CC10006D422068844200D170BD036823605C606F
:10CC20008561FFF71FFFF4E7036A10B5C360436A2D
:10CC30004361036100238362C362FFF7E6FF10BD17
:10CC400010B50B4B9A7B9873D2B2002806D02021E6
:10CC50009873187D014319759A7310BD072405490F
:10CC60000C7060219873587C01435974F4E7C046F6
:10CC700000380240182D0020F0B5060064363378E5
:10CC8000040085B0002B01D000233370230027005F
:10CC90007433B84A7C37009311780132197001332C
:10CCA0009F42F9D163689B68002B17D1009B6021DC
:10CCB0001A7815000D400A4231D00020FFF762FCBF
:10CCC0000020FFF7BDFF63681B68002B02D0062120
:10CCD000200098470623337005B0F0BD2000984728
:10CCE0000028E3D023007A331A785B78E16E1B02C8
:10CCF0001343994201D91900E366009B1B787F2BEF
:10CD000000D87BE1002900D16EE10923337072B6AF
:10CD10000021E36EA26E2000FFF7F0FC6CE123001F
:10CD20007F2075331B7802401B021343924A9342C3
:10CD300000D141E124D880225200934254D00DD832
:10CD4000012B4BD0022B00D1C4E0002BB5D1220027
:10CD50007C32A2660222E2662367C3E78122520088
:10CD6000934200D1E4E0FF32FF329342A5D1230089
:10CD700076331B78012BA0D13A88013313433CE072
:10CD80008022120193425DD020D8A022D20093428B
:10CD900038D07A4A9B18012B00D98EE723007833CC
:10CDA0001A785B7821001B021343220060687632F8
:10CDB00077314768127820000978B847002800D1F9
:10CDC0007BE74368A3660368E36619E090221201DB
:10CDD00093423CD06A4A934200D06EE7694BA36607
:10CDE0000223E3660023B7E7230076331B78012B89
:10CDF00000D062E702223B8893433B80A566E5664C
:10CE000025676FE7009A12889A4213D12300763380
:10CE10001A785D491A720395039B8B420ED95B4BBE
:10CE20001A7063681B68002B02D00121200098470C
:10CE3000032323700023A366E3668DE7039B01337E
:10CE40000393E9E723007F33A3660123BCE723783C
:10CE5000042B2DD172B64E4AA36825001340A3605F
:10CE600023002C33103501932F68002F0FD07869E1
:10CE7000002804D002210C304942FFF7BBFEB869FC
:10CE8000002804D002210C304942FFF7B3FE0023F2
:10CE9000019A08C59542E7D162B6220003217F328C
:10CEA0001370636821701B68002B01D02000984725
:10CEB000230076331B78002BBCD022007F32137006
:10CEC0000423237063681B68002BB3D00221200069
:10CED0009847AFE723000F221421783318782D4BA1
:10CEE0000240514340B25B18002811DA2C331B7802
:10CEF000002B00D1E1E6254B9A735B7C002A03D11D
:10CF00009B0603D5244B6AE7DB06FBD4234B66E77D
:10CF1000B8331B78002B00D1CFE61C4B20219A732D
:10CF2000002A03D15B7C0B42F0D0EBE71B7DFAE7D4
:10CF3000230076331B78002B00D0BEE62300783325
:10CF40001B780F2218001040134200D172E75AB22A
:10CF50000E4B002A24DA9A7B987398733020597C00
:10CF6000D2B2814359744021587C014359749A7359
:10CF700060E7C046402F00200203000000FAFFFFD8
:10CF8000020C0000052A01000E27000000380240B4
:10CF900001000100202F0020032A0100012A0100C6
:10CFA0009A7B98739873187DD2B288431875802045
:10CFB000197D01431975DAE7230076331B78002BBE
:10CFC00000D07AE6230078331B780F221800104037
:10CFD000134200D12EE75BB2002B02DAFFF7D2FA40
:10CFE00028E7FFF72DFE25E71423337072B60B00F8
:10CFF0000A002000FEF7D2FC62B66DE6002906D0DA
:10D000001523337072B60021E36EA26EF1E70B2395
:10D01000337072B60B000A007DE6C04670B505009D
:10D0200064350400287800283AD00638C3B20F2BA4
:10D030002ED80F282CD8F4F7DDFF332B2B08212C0A
:10D040002B2B2B2B2B2B2B2B333323007A331A78C0
:10D050005B78E06E1B02134398420FD2E368198A93
:10D06000F4F7A0FE002909D172B60B000A002000D7
:10D07000FFF744FB62B60A232B7009E014232B70E0
:10D0800072B6002320001A001900FEF787FC62B672
:10D0900070BD236F002B01D0200098470023EBE7E1
:10D0A0000020FFF76FFA0020FFF7CAFD63681B68D6
:10D0B000002B02D00621200098470623DCE770B53C
:10D0C000050064352B780400142B24D017D8062BC8
:10D0D00006D002D8002B03D070BD093B022BFBD831
:10D0E0000020FFF74FFA0020FFF7AAFD63681B68D6
:10D0F000002B02D0062120009847062315E0152BAF
:10D10000EAD10A3B2B7072B600231A001900FFF710
:10D11000F5FA62B6E0E7C3689B695B68002BDBD178
:10D12000036F002B00D0984700232B70D4E713B572
:10D130006B46DC1D00230100012220002370F8F75C
:10D14000E9FE207816BD37B52A20FFF7F0FF05006D
:10D150002B20FFF7ECFF04002C20FFF7E8FF002353
:10D16000262D04D1102C02D1083843424341180027
:10D170003EBD10B52D20FFF7DAFF10BD036810B5D6
:10D180000400002B08D09A6C981D0021F4F70CFDC8
:10D19000002223681A609A8010BD70B50500040053
:10D1A00024352368002B08D09A6C981D0021F4F7D1
:10D1B000FBFC002223681A609A800434AC42F0D150
:10D1C00070BD0000F0B58E008619506985B00C0066
:10D1D0001500F260002803D014220021F4F7E4FCCB
:10D1E000A869002803D014220021F4F7DDFC002CEC
:10D1F00012D140215E4B5F4A180011801A00198538
:10D20000B632190014700122B8302A312C33027062
:10D210000C701A7005B0F0BD7F2121400629F9D8A5
:10D22000F468236800930323009A13405A1E022ACD
:10D2300000D99AE01B02013BFF3B4F4A0193937BCD
:10D24000DBB202939173A3699C46181E2AD0142363
:10D250004B434748658AC0180300B4331D8006005D
:10D260000323009FB6361F4037700127B830077080
:10D27000E8B29173D074019B507D5E425E41B6016D
:10D280003043802603235075107D304310753800DD
:10D29000984080B2854204D90133102BF7D1002386
:10D2A00018009BB26669002E28D014234B433048E7
:10D2B000009FC018050003232A351F40248A2F70C1
:10D2C000012704852C300770E0B291731074019B24
:10D2D000957C5842584180010543402003239574B2
:10D2E000557C284350743800984080B2844204D959
:10D2F0000133102BF7D1002318009BB20A2B2DD835
:10D300006446033B1A4D9BB2002C12D06C6891739B
:10D31000E708FFB29777D77F6404240F2743D777B6
:10D32000D47F5F013C43E4B2D4771024177D3C43A3
:10D330001475002E12D06C689173E108C9B2117790
:10D34000517F6404240F21435177517F5B010B43CC
:10D35000DBB253770823517C0B435374044B596859
:10D3600040185860029B937354E7C0239B0064E706
:10D37000202F0020D42F002000380240080070B574
:10D38000052962D8F4F736FE37610337376272B683
:10D390000026364C2300220000257433206F1978B4
:10D3A0003832FFF70FFF01362000FFF73DFC2572F2
:10D3B0009034032EEED12E4C2E4B2F4A1978206F2D
:10D3C000FFF700FF636A200063612361E560A562E7
:10D3D000E562FFF71AFC20002572FEF727FB62B614
:10D3E000264B1B78AB4202D00520FFF7B7F902208D
:10D3F000FFF7B4F929E0FFF7B1F972B6002501266D
:10D400001A4C20002672FFF700FC2000FFF70CFCEE
:10D4100023008C331B68002B02D0DA681868904711
:10D4200001359034032DECD10123114C20002372DF
:10D43000FFF7EBFB0023626A2000E3606261226178
:10D44000A362E362FFF7E1FB62B670BD72B6074B01
:10D450000022190098310A70942149001A725A5416
:10D46000034B1A7262B60520C2E7C046E80E0020E0
:10D470009C10002010110020D41000203431002016
:10D48000002337B504000D000422010001A8019318
:10D49000F8F740FD019B9D4205D00422210001A820
:10D4A0000195F8F74FFD37BDF8B51400D31D6A4656
:10D4B000DB08DB00D31A00AF9D460500220068465A
:10D4C0000E00F8F727FD220069462800F4F7C0FB9C
:10D4D000002804D0220031002800F8F733FDBD46B3
:10D4E000F8BD0000082210B517210348FFF7DCFF44
:10D4F0000022024B1A7010BD18190020B431002010
:10D50000352310B5064C03220649601C2370F4F73E
:10D5100037FA81235B42A380FFF7E4FF10BDC046CA
:10D5200018190020941E0100F0B585B010220021CA
:10D530006846F4F739FB0A269224084F2500102C80
:10D5400000D9102539002A006846013EFFF7ACFFDC
:10D550007F19641B002EF1D105B0F0BDEE03000071
:10D56000F0B5C04B95B01A78BF4C012301908242B0
:10D5700008D12378BD4A9B0712789B0F9B1A5A1E2D
:10D580009341DBB2BA4DAB7063796A789A4205D0A9
:10D590000022110010006B70FEF728F8019B2D2B64
:10D5A00031D8581E2C2835D8F4F738FD3D006900D5
:10D5B000C800FE002F013301350137013B013D0159
:10D5C000410143014501470149014B014D014F0113
:10D5D00051015301570159019001F90138027002BC
:10D5E0007202740276023803D6033D0449044C04E7
:10D5F0004E04500452045404560458045A045C0463
:10D600009604FA043405019BFF2B01D100F005FDBF
:10D61000002066E0AB78002BFAD000221100100049
:10D62000FDF7E4FFF4E72878FDF7E4FF12AB18807C
:10D630000322611C87B2C6B213A8F4F7A1F91398AC
:10D64000FDF78AFB03020404C2B21B0E3F0A0092DC
:10D65000240E0293F3B29F4204D800203F23BB4222
:10D6600040413DE0834B6A789B5D1A4205D0220021
:10D670003000029B0099FDF7B5FF0136EAE72878F4
:10D68000FDF7B8FF83B2784F12AA1B0A10800093EF
:10D69000BA78FB787E7813AD2E706A70AB70C4B226
:10D6A0001398FDF759FB02040302C1B2120E1B0EC0
:10D6B0000591039204933B79F6182E701398FDF7A9
:10D6C0004BFB0126030405021B0EC7B202932D0E6D
:10D6D000009AE3B29A421DD800203F239342404172
:10D6E000C0B2634B1A7801321A70002801D000F0E2
:10D6F000A6FC0221604A11709B78002B01D000F03B
:10D700009EFC019B002B01D000F099FC03331370A9
:10D7100000F095FC574B564A1B5D52781A4207D0D1
:10D72000334207D02B003900029A2000FDF75AFF40
:10D730000134CDE7049B039A0599F6E72878FDF7B5
:10D7400059FF12AB1880237985B201339B08A77863
:10D75000E6782D0A0093C4B2E3B29D4204D80020BB
:10D760003F23AB424041BBE7424A414B125D5B78ED
:10D77000134217D041496300CB5C00991B094B430E
:10D78000394913AA497857705B181370967013982B
:10D79000FDF7E2FA02040302C1B2120E20001B0ED2
:10D7A000FDF720FF0134D7E72878FDF723FF12AB00
:10D7B0001880237985B201339B08A778E6782D0A73
:10D7C0000093C4B2E3B29D42C9D92A4A284B125DE4
:10D7D0005B78134217D02A496300CB5C009913AAE7
:10D7E0004B4321495B11497857705B181370967051
:10D7F0001398FDF7B1FA02040302C1B2120E200021
:10D800001B0EFDF7EFFE0134DCE71E48FEF774FC4B
:10D8100067E71D48FAE71D48F8E71D48FEF760F97D
:10D820005FE71C48FAE71C48FEF7C8F959E71B48B0
:10D83000FAE71B48EAE71B48E8E71B48E6E71B480E
:10D84000E4E71B48F0E71B48E8E71B48E6E71B480E
:10D85000EAE71B48FEF72AFA43E71A48FAE71A48AC
:10D86000F8E7C046E40E002018190020E30E00205F
:10D87000E00E002080230100E50E002001230100BE
:10D880000023010001AF000045AF00008DAF000094
:10D89000E1AF000011B0000051B0000085B0000001
:10D8A000C9B00000DDB0000001B1000025B10000EA
:10D8B00069B1000089B10000C3B10000E3B100000C
:10D8C00009B2000045B2000081B200002878FDF7DF
:10D8D00091FE12AB188087B2061C0A212079F4F75A
:10D8E000DBF9BE4B02301D68C0B2ADB245432D120C
:10D8F0003F0AEDB2F6B2F1B28F4200D8ADE6B84AB7
:10D90000B84B925D5B78134224D0B74A7300D35C66
:10D910006278202B20D9A378E0781B0213430004FF
:10D920002A001843FDF7D6FC02040DAB120E187046
:10D930005A701B88000213AA000E1380907013986F
:10D94000FDF70AFA02040102C3B2120E090E3000FA
:10D95000FDF748FE0136CEE7A378E0781B021343BB
:10D9600000042A001843FDF7B5FC02040EAB120EAA
:10D9700018705A701B88000213AA000E1380907052
:10D980001398FDF7E9F90204030210A9120E1B0E09
:10D990004A708B700870D2B2C1B2DBB2D7E72E7872
:10D9A000002E18D122791032131CFF2A00D9FF2330
:10D9B0008A4A013310689BB280B2584300120A2190
:10D9C00080B2F4F7EFF989B2002904D14020FDF7C5
:10D9D0004FFA864B18803000FDF70CFE13AB188011
:10D9E000AB7884B2C6B2240A002B10D17F4D2888B0
:10D9F00086420ED8A0420CD2C0B2FEF7B9F941233C
:10DA00002B8006E03000FEF7B3F90136F6B2B442DF
:10DA1000F8D800203F23A342404161E62E78002E33
:10DA200017D122791032131CFF2A00D9FF230133AA
:10DA30009AB26A4B1B689BB253436D4A1B12534305
:10DA40006C4A9BB2934204D84020FDF711FA6A4B0E
:10DA500018803000FDF7CEFD13AB1880AB7884B290
:10DA6000C6B2240A002B0ED1634D28888642D0D836
:10DA7000A042CED2C0B2FEF7A3F9C0E73000FEF755
:10DA80009FF90136F6B2B442F8D8C2E75B48BDE66A
:10DA90005B48BBE65B48B9E65B4A504B12681B68C3
:10DAA00000209A4200D91CE6AB78834251D12878F5
:10DAB000FDF7A0FD0327C6B2774383B21B0A00938C
:10DAC000524B10AA10800293FF18009AF3B29A42A8
:10DAD00072D813003F2A38D9551E03225A434C49A5
:10DAE000033A0298F3F7AAFFFDF7B0F9800771D463
:10DAF000FDF7ACF906008020FDF7BAF9E27813AB28
:10DB00007F309A701E7058701398FDF725F9010444
:10DB10000202090EC0B2120E032675433B4BE854B5
:10DB20005B1959709A702279374D1032131CFF2AF5
:10DB300000D9FF2311219BB2594336480912F4F74B
:10DB400035F9264B1B68C018286000203F23009A37
:10DB5000C4E5002211001000FDF748FD2E4B2B4EAE
:10DB60000093FDF773F90223184221D1FDF76EF9F6
:10DB700007008020FDF77CF9E27813AB7F309A70C4
:10DB80001F7058701398FDF7E7F80204030211A9FB
:10DB9000120E1B0E08704A708B70C0B2D2B2DBB28C
:10DBA000B370009B307072700336B342D9D17EE7F8
:10DBB000002002000300F3E7094B6A789B5D1A42DC
:10DBC00005D03000BB787A783978FDF70BFD033744
:10DBD00001367AE70020010002009DE7B8310020FD
:10DBE00080230100E00E002001230100B80E002078
:10DBF000CDCCFFFF33330000BA0E00200DB3000080
:10DC000049B3000099B30000882E0020C82D0020E1
:10DC1000CB2D0020B80B0000882E00200323E478D1
:10DC2000FF2063439F10FBB221000793F4F7BEF877
:10DC3000C3B20693AB78C54A0592002B0CD00022E4
:10DC400011001000FDF7D2FC602200210598F3F7C7
:10DC5000ABFF0022BE4B1A700025BE4A1378013379
:10DC60001370059B0093BC4B009EEB18039300239D
:10DC70000293B74B029A1B7813433AD1F2F7DEFABC
:10DC8000B64B984235DC009B1C70039B1B780493B9
:10DC9000FF2B0ED03078079B834237D2C01BE11B8D
:10DCA0007843F4F783F8C1B20B0022000498FDF723
:10DCB00099FC029B10360133DBB20293039B1033B5
:10DCC0000393029B062BD4D1009B013501330093B3
:10DCD000102DC8D19F4B06991A788A4201D1002293
:10DCE0001A709B4A13780133DBB21C2B16D81370C1
:10DCF0008EE43378002BC8D09C42C6D9954A069949
:10DD000012788A42C1D1013B3370BEE739006043CB
:10DD1000F4F74CF80023C2B21900C7E700231370D0
:10DD20000522059F601E503710217B1B052A03D159
:10DD30005E5DB44200D158551E78A64201D31870DA
:10DD40001C740139C9B201330029EFD1013AD2B2B2
:10DD50001035002AE8D15BE42878FDF74BFC83B24C
:10DD60001B0A11AE3080009323790133191CFF2B5D
:10DD700000D9FF217A4889B2F4F718F8347885B2CF
:10DD8000009BE1B2994200D3DFE6764A764B125D02
:10DD90005B78134236D07548754F0278013A52B21B
:10DDA000130631D52B00734A177990780137D17853
:10DDB0003A1CFF2F00D9FF22013292B253431B12AB
:10DDC0001A1C9BB2FF2B00D9FF22D2434123D2B2AF
:10DDD0005A43684B12125B78D21812AB1A709970C2
:10DDE00058701298FCF7B8FF0204030213A9120E30
:10DDF0001B0E08704A708B70D2B2C1B2DBB2200029
:10DE0000FDF7F0FB0134BBE7BB5C8B4209D113008B
:10DE10000C335B00C3185E789B781B0233439D4232
:10DE2000C1D8013ABCE75449504B1B78013B181C40
:10DE3000002B00DA0020C0B2FDF7EAFF51E44E49A2
:10DE40000020F9E74D49EFE74C49F9E74C49EBE78A
:10DE50004B49F5E74B49E7E74A49F1E74A49E3E728
:10DE60004949EDE72E78002E17D122790532131C8F
:10DE7000FF2A00D9FF2301339AB2444B1B689BB29F
:10DE80005343434A1B125343424A9BB2934204D822
:10DE90004020FCF7EDFF404B18803000FDF7AAFB57
:10DEA00013AB1880AB7884B2C6B2240A002B10D111
:10DEB000394D2888864200D9ABE5A04200D3A8E5B9
:10DEC000C0B2FEF74FF89AE53000FEF74BF8013686
:10DED000F6B2B442F8D89CE52E78002E17D12279FC
:10DEE0000532131CFF2A00D9FF2301339AB2274BB6
:10DEF0001B689BB25343264A1B125343254A9BB2CD
:10DF0000934204D84020FCF7B3FF244B1880300024
:10DF1000FDF770FB13AB1880AB7884B2C6B2240A4D
:10DF2000002B10D11D4D2888864200D971E5A042F2
:10DF300000D36EE5C0B2FEF753F860E53000FEF79F
:10DF40004FF80136F6B2B442F8D862E58E2E0020C2
:10DF50008D2E00208C2E0020A02201005455550546
:10DF6000FFFF000080230100E00E0020863100202A
:10DF70009731002018190020D1B3000013B400001D
:10DF800085B40000F9B400003FB50000B8310020AE
:10DF9000CDCCFFFF33330000BC0E0020BE0E0020AE
:10DFA0002E78002E17D122790532131CFF2A00D9B2
:10DFB000FF2301339AB2284B1B689BB25343274A75
:10DFC0001B125343264A9BB2934204D84020FCF7CD
:10DFD0004FFF244B18803000FDF70CFB13AB18806B
:10DFE000AB7884B2C6B2240A002B10D11D4D28880C
:10DFF000864200D90DE5A04200D30AE5C0B2FEF783
:10E0000035F8FCE43000FEF731F80136F6B2B442E0
:10E01000F8D8FEE41448FFF7F9FB0F4B1B681B050B
:10E020009B0F022B10D0032B12D00022012B08D003
:10E0300011001420FDF7DAFA02220C4B1A7015B009
:10E04000F0BD14211000F5E7142200210800F1E7CB
:10E0500014221100FAE7C046B8310020CDCCFFFFF2
:10E0600033330000C00E00207DB50000E50E002017
:10E07000064B10B5D96808751868026853601A60B5
:10E0800001220275D860F2F787F810BD183200201F
:10E0900070B50E4B0500DE6886B04B1C13D00C4BE0
:10E0A00068460393002304960593FEF7A7FC280017
:10E0B000FFF7DEFF009B002B02D06846FDF746FC11
:10E0C000B06906B070BDFFF7D3FFF9E71832002042
:10E0D000B9CB000070B5FCF74BFCA4230400DB01B6
:10E0E00098424CD2A023DB01984200D39BE0DF286A
:10E0F0001CD8CC2859D8A7280AD8A42800D979E058
:10E10000012869D0031F9BB2A02B65D9002463E0CE
:10E110000300A83B9BB21A2BF8D85834504BE4B2FA
:10E120006400E35A8824E4011C4355E08023DB01AA
:10E13000984219D28026B601B04200D383E0E72886
:10E140004AD9F822431EFF3B9BB252019342DDD2D3
:10E15000000AC0B2FCF79EFC0500E0B2FCF708FC28
:10E160002D02284384B237E0C0B2FCF701FCF02353
:10E170001B0123403B4C18430443A4B22CE0A523CD
:10E18000DB0198421DD2384B98423CD8374B98421D
:10E190000DD8374B984231D80322C4B2A30814409B
:10E1A000023AA2405B01334C13431C43E5E70321D1
:10E1B000012201408A40C3065B0F5B012E4C1343D2
:10E1C000F3E72E4B984209D81F202D4B20409C424C
:10E1D00023D82C4C00020443201C70BD2A4BC318CA
:10E1E0009BB21F2B00D991E7F82304025B011C406E
:10E1F000264B99E78023243CDB01D6E71F2303400D
:10E20000234C1B0290E70321012201408A40C306F0
:10E210005B0F5B011F4C1343C7E7FCF73BFC8024FB
:10E220000002A401A8E71F202040FCF733FCE3050F
:10E230001B0F1B0202B2C00602D5FF2112010A40C9
:10E24000154C1343B1E7C004C00EFCF723FC0500D6
:10E25000E0B2FCF78DFB2D0205432E43B4B2BBE7C1
:10E260005821010000A0FFFF5F5200003F52000054
:10E270001F520000008DFFFF008CFFFFBF52000007
:10E280009F520000F4A0000040ADFFFFF0A000008E
:10E29000F1A00000008AFFFF0090FFFF7FB5074B51
:10E2A0000A0001930023029303930493044B01009B
:10E2B00001A80593FDF772FF07B000BD61AB000038
:10E2C000FFFFFF7F13B56B469C1D00230100022258
:10E2D00020002380F7F71EFE208816BD37B50D00FD
:10E2E0000400FEF724FFA84206D06B460122D81D89
:10E2F00021000570F7F726FE37BD10B5FF212A2053
:10E30000FFF7ECFFFF212B20FFF7E8FFFF212C2078
:10E31000FFF7E4FF00212D20FFF7E0FFF7F772FB86
:10E32000FFF702F926212A20FFF7D8FF10212B2022
:10E33000FFF7D4FF08212C20FFF7D0FF10BD37B521
:10E340000D000400FFF7BEFFA84206D06B46022274
:10E35000981D21000580F7F7F5FD37BD1FB5012495
:10E36000F7F7CAFD00201A49FFF7E9FF0021022054
:10E37000FFF7B4FF174B210003201C70FFF7AEFF1F
:10E38000A42104204901FFF7DAFFFFF7B9F82100C3
:10E390000F20FFF775F8102200216846F3F704FC00
:10E3A000220068462521FFF77FF804211320FFF79C
:10E3B00067F8102200216846F3F7F6FB04222621B5
:10E3C0006846FFF771F8FFF798FFFFF78BF81FBD5E
:10E3D000E3FE000000140020024B1A78104318706E
:10E3E0007047C046B4310020020008000C4910B547
:10E3F0000B789B0712D00123002A04D02C339A42B9
:10E4000001D81233134003240A789B00224013439F
:10E4100000220B70034B1A70FFF7DEFF10BDC046E1
:10E4200018190020E50E002070B5084C05001800F2
:10E4300023789B0709D06570A170131CC82A01D9E5
:10E44000034B1B78E370FFF7C7FF70BD181900205E
:10E45000E4270100012310B5044A11784B401370E2
:10E460000022034B1A70FFF7B7FF10BD18190020E8
:10E47000E50E0020074B03221978080010401142D6
:10E4800001D1054A1070032219789143023A0A43D8
:10E490001A70704718190020E50E0020054B1A78F5
:10E4A000920702D00021044A117003211A788A438E
:10E4B0001A70704718190020E50E0020054B10B5A2
:10E4C0001878800801302D2800D901200121FFF79C
:10E4D0008BFF10BD18190020064B10B51878800866
:10E4E0000138C0B2002800D12D300121FFF77CFF98
:10E4F00010BDC0461819002010B5044B5878DA78C2
:10E50000997808300123FFF78FFF10BD18190020FC
:10E5100010B5054B5878DA780838997880B201231D
:10E52000FFF782FF10BDC0461819002010B507483C
:10E530008378C2781033191CFF2B00D9FF210123E7
:10E540004078C9B2FFF770FF10BDC046181900200F
:10E5500010B507488378C278103B191C002B00DAED
:10E56000002101234078C9B2FFF75EFF10BDC0460D
:10E570001819002010B50748C37810331A1CFF2B58
:10E5800000D9FF22817801234078D2B2FFF74CFFF7
:10E5900010BDC0461819002010B50748C378103BBD
:10E5A0001A1C002B00DA0022817801234078D2B2B5
:10E5B000FFF73AFF10BDC0461819002010B5064AF3
:10E5C00013791033191CFF2B00D9FF210120117181
:10E5D000FFF702FF10BDC0461819002010B5064A0B
:10E5E0001379103B191C002B00DA00210120117156
:10E5F000FFF7F2FE10BDC0461819002010B5064AFC
:10E6000006495379FF3B58424341CB5C012053718B
:10E61000FFF7E2FE10BDC04618190020542B010080
:10E6200010B5064A06495379FF3B58424341CB5C3B
:10E6300001205371FFF7D0FE10BDC046181900200D
:10E64000542B010070B51D00042813D8052911D8DA
:10E650000F2A0FD8C02343434C015200A418E418DA
:10E660002000290A2E30FFF739FE2000E9B22F30B2
:10E67000FFF734FE70BD0000F8B504000E0017006F
:10E6800005002B1B9BB2B34200D3F8BD1B19002021
:10E69000912B03D8034BE818FEF749FD3B1B585557
:10E6A0000135EEE7EE0300000300CD3810B5122867
:10E6B00010D8F3F79FFC0A10141A32323232323279
:10E6C00032321E23282E3C424600FCF7B5FF1F4B7A
:10E6D0004042D87010BDFCF7AFFF1C4BF9E7FCF7C8
:10E6E000ABFF1A4B40429870F4E7FCF7A5FF174BBD
:10E6F000F9E7FCF7C1FF154B1871EBE7FCF7BCFF1E
:10E70000124B4042F8E7FCF7B7FF104B40425871FC
:10E71000E0E7FCF7B1FF0D4BF9E70122D13B9A404E
:10E720000A4913000A0049780B435370D2E70123CA
:10E73000074A11780B431370CCE7054A022311787E
:10E74000F8E7034A04231178F4E7C046FF120020DB
:10E75000FC120020032200B5344B9A56CD2814D168
:10E76000002A01DA0022DA70D9789A780A4351B285
:10E77000002A01D12E4A11701A795B7913435AB2DB
:10E78000002B01D12B4B1A7000BDCE2802D1002ADC
:10E79000E8DCE9E702229A56CF2804D1002AE3DA1E
:10E7A00000229A70E0E7D02802D1002AF8DCDBE7EB
:10E7B00004229A56D92804D1002AD5DD00221A71E4
:10E7C000D2E7DA2802D1002ACEDAF7E705229A56F4
:10E7D000DB2804D1002AC7DA00225A71C4E7DC28FA
:10E7E00002D1002AF8DCBFE7D1380E28BCD8F3F7F5
:10E7F000F7FB0808080808080808BBBBBBBB0E14D9
:10E800001800012181405A788A435A70ACE70120F0
:10E8100009490A7882430A70A6E7074902200A7864
:10E82000F8E7054904200A78F4E7C046FF12002003
:10E83000FE120020FD120020FC120020044B10B537
:10E840001B68181E03D01B68181E00D0984710BD07
:10E850003424002010B5FFF7F1FF10BD0A4B07B5B7
:10E860001A8882420FD01880084B1B68002B0AD0F0
:10E870001B69002B07D0694603224871000A887182
:10E880000A7101A8984707BDC62D00203424002036
:10E890000A4B07B51A8882420FD01880084B1B68B4
:10E8A000002B0AD01B69002B07D06946042248714F
:10E8B000000A88710A7101A8984707BDC42D00207D
:10E8C0003424002070B5164B9B78012B17D01549C6
:10E8D000012300220D005B428C78A0421ED05E1CFA
:10E8E00002D1002C00D113000132D4B2013152B256
:10E8F000062CF1D15A1C11D0EB1898700EE00A4A80
:10E9000012787F2AE3D9C108EF2807D8074A52189E
:10E91000072101408B4091780B43937070BDC04636
:10E920005C0C00208812002016130020901200209A
:10E9300010B5104B9A78012A0CD0062300210E4AFC
:10E940009478844200D19170013BDBB20132002BFC
:10E95000F6D10EE0094B1B787F2BEED9C108EF28CA
:10E9600007D8074B5B18072101408A4099789143EB
:10E97000997010BD5C0C0020881200201613002036
:10E980009012002010B5084B9B78012B09D1074B42
:10E990001B787F2B05D91E2205480021F3F704F9C7
:10E9A00010BD06220348F8E75C0C00201613002077
:10E9B000921200208A12002070477047FEE7000084
:10E9C000F0B5082000240E494A680E6815008B68CF
:10E9D000AB4210D8D51E0026AB4203D303339B1A9B
:10E9E0009B089E00CB689219934207D801381031DA
:10E9F0000028E9D1F0BD80CE80C5E9E710C2F3E779
:10EA0000082A0100012218200A4BD97B1143D9732F
:10EA10009978814399700821987801439970D97841
:10EA20001143D9700221D8780143D97059780A432B
:10EA30005A707047003802400C4B10B51868D968FE
:10EA4000026853601A600122D860002302758A6848
:10EA50000B750B691B689C689442FBD85A680B6065
:10EA60004A6011605960F1F797FB10BD1832002021
:10EA7000054B10B51A68DB6892689B689A4201D909
:10EA8000FFF7DAFF10BDC0461832002070B5EFF373
:10EA9000108301259D4302D0EFF3058372B6FCF786
:10EAA00019FE0F4E0F4A3368C41A0F480168A1427D
:10EAB00008D91168293B29392934FF3BFF39FF3434
:10EAC0003360116016680460002D04D0EFF30583F5
:10EAD000DB0502D062B6A01970BDFFF7C9FFF9E7E8
:10EAE00070300020683000206C300020F7B5FFF750
:10EAF000CDFF094E84B23388A3420BD06D46002768
:10EB00002F80FFF7C3FFAF80688000980199FBF763
:10EB1000BBFE3480F7BDC0468032002010B5FFF741
:10EB2000B5FF83B20B488278C1780A4301D00A4A04
:10EB30001380027941790A4301D0084A1380084BB7
:10EB40001B68002B05D0DB68002B02D0022202706C
:10EB5000984710BDFF120020C0310020BE310020B8
:10EB600034240020F0B587B001900491029272B66F
:10EB70009023019A544D5343EB181A6F1278042ACC
:10EB800002D062B607B0F0BD002288331B78039232
:10EB9000934201D16423039362B69023019A5343B5
:10EBA000ED1872B690270024019A049B57430093F6
:10EBB000454BDB190593059B9B6A002B0AD1424EFE
:10EBC000F619F368002B2ED033691A1DB262F26970
:10EBD0009B18F3623C4BDB19986ADE6A029B361A7B
:10EBE0001B1B9E4200D91E00402E47D9402200998F
:10EBF000F2F7C6FE009B403440330093324BDB19E2
:10EC00009B6A4033304AD219D16A9362994204D840
:10EC1000D16928000439FCF7ABFE62B6029BA3421F
:10EC200018D972B6C7E7337A002B0FD1274B039A56
:10EC3000DB68002A0AD06A681D605A60642113608C
:10EC400004206B60FFF724FA0028BADA62B6029B50
:10EC5000A34220D872B6902201991B4B4A439B18BD
:10EC60009A6A002A00D18CE71B69043AD11A9A42A9
:10EC700000D186E72800FCF77BFE82E7320000998E
:10EC8000F2F77EFE009BA4199B1900930E4BDB1933
:10EC90009B6A9B19B6E772B69023019A0A4E5343BA
:10ECA000F61833006242544188331A78280014431E
:10ECB0001C70FDF7AAFF2800FDF7B6FF0023337292
:10ECC000FFF7D6FE62B66CE7E80E0020183200208F
:10ECD00010B5010008220120FFF744FF10BD10B558
:10ECE000010020220020FFF73DFF10BD10B50100FC
:10ECF00006220020FFF736FF10BD10B501000322E9
:10ED00000020FFF72FFF10BD0A0010B5202903D106
:10ED100001000220FFF726FF10BD000010B572B6FB
:10ED2000034BDB6898610F20FFF7A2F910BDC046C6
:10ED30001832002010B5010072B60820FFF7A8F9BC
:10ED400062B610BDEFF30983203383F3098862B6FE
:10ED5000704700000F3011D072B6EFF30983203BEB
:10ED600083F3098880225204DA61064A1168D26866
:10ED700089689268914202D9034A9A617047034AAE
:10ED8000FBE7C04618320020C7010000CA0100009E
:10ED9000FEE7000070B5764672B6134D134AAB8B92
:10EDA00001339BB2AB832B69934204D162B630002E
:10EDB000FFF7D0FF70BD9A68013A9A602C69A3688A
:10EDC000002BF3D1226861680A605160236062B64B
:10EDD0002000E3682169984772B661690029EDD087
:10EDE0002000FDF70BFEE9E7183200202832002052
:10EDF000F7B50323150001271D40002352090C001D
:10EE000049083C4027D03E009E408469B443846159
:10EE1000C469B4435E00B446C461446903260194E6
:10EE20006446A6403400B446019EA64334006646BC
:10EE3000144344610469B4432C43046107240F263E
:10EE40001C40A400A640F443072B08D8866A34402F
:10EE50008462002907D09200AD000133CFE7C66A73
:10EE60003440C462F5E7F7BD0A4B8000C35870B563
:10EE70005A1C0DD072B60F221C00134094430E3A58
:10EE800015009D4020002900FFF7B2FFA56062B683
:10EE900070BDC046682D0100F0B58DB00C22002178
:10EEA00009A8F2F781FEA94B0124019300230F2545
:10EEB0000093019B1B685A1C2BD072B601261F00C1
:10EEC0002B409E40AF433100012238003604FFF74B
:10EED0008FFFBE6062B6E34306279C469C4809A9A3
:10EEE00002680B88561C00D114E11600AE43366848
:10EEF0002A40D6400122164200D00BE12343013FB5
:10EF0000FFB20B8004300231002FE9D10098FFF7E7
:10EF1000ABFF009B64000133DBB20093019BA4B202
:10EF200004330193009B102BC3D18A4D0C2228007F
:10EF300009A9F2F78DFE041E04D00C22280009A9AD
:10EF4000F2F71EFD0022844E844B35781A709542EC
:10EF500000D17AE1FFF79AFD814A13681060C11A67
:10EF600098425BD07F2900D97F210022CBB2079342
:10EF70007C4B32701A70794B06921B780592019384
:10EF8000794B04920093734B02930020774B0393C9
:10EF900013189C466646039B9B5D5F0820D08F42FA
:10EFA00000DDBAE0012667463340039EF35500D0EA
:10EFB000BEE001278740029E009B36881B883E40AA
:10EFC000B4461E00BE43370066463743019E7B4071
:10EFD00033435E1EB341DBB20193009B05951F8056
:10EFE00001301028D4D1009B103202330093029BD1
:10EFF00002330293602AC8D1069B002B02D0594BE2
:10F000005F3A1A70059B002B02D0544B019A1A707C
:10F01000049B002B02D001224F4B1A70002C09D107
:10F02000504B1B78002B51D0002D03D1FFF72EFD44
:10F030004B4B1860002301211C008C46494A029367
:10F040001370444A0092484A009909880391039832
:10F05000118848400021059044480190604688404E
:10F06000070080B2049001985E18805D45080695FF
:10F070003D00059F3D425DD00698002811D1049CBB
:10F0800003982040441EA0410A242043019CA0551F
:10F09000C007C40F002856D01088049D0294454034
:10F0A000158001311029D9D1009910330231009116
:10F0B0000232602BC8D1029B002B02D00122274BC9
:10F0C0001A70002C02D00122234B1A70284C23788E
:10F0D000002B59D0274E3578002D55D1264B274A85
:10F0E0001B78127813434FD0DB064DD5244B1F8875
:10F0F000002F49D0FFF7CAFC224BC01B80B29842B8
:10F1000042D9012325703370F9F756FCFFF726F931
:10F11000F7F704FE62461340F1E6079E0495BF1B15
:10F1200001267F0033403B436746039EF35557E774
:10F13000069355E74508B4D0C507B2D465462840C4
:10F14000019DA855ADE76446ABE7C046682D0100B8
:10F15000A02C01008C3000200C2D00200D2D002053
:10F16000082D0020042D002036310020A42C002082
:10F170007B1300207A1300200114002000140020CB
:10F1800078130020B70B0000FFF780FC314C226899
:10F19000002A19D0304B31491D78002D02D00D685E
:10F1A000A84211D0086001212D4D19702B682D49FE
:10F1B00058000133DBB22B602B4B013A1B68405ADD
:10F1C0002260002B00D09847284D2B68002B37D0A9
:10F1D000274A1788002F1AD0264C2278002A16D1E9
:10F1E0001E8AFFF753FCC01B80B286420FD8012352
:10F1F00023702B689B68002B24D09847002821D0CF
:10F200002B68D8881C4B1880C0B2F9F787FC1B4BC1
:10F210001B78042B14D11A4B1E88002E10D0194CC9
:10F220002378002B0CD12B681D8AFFF72FFC801B45
:10F2300080B2854204D80123D1202370F9F7E6FB80
:10F240000DB0F0BD2B689888DCE7002C00D1E7E614
:10F25000ECE6C046FC1700206E130020A02C002016
:10F26000F8170020F615002098300020FC1300202D
:10F270006C1300206A130020681300202F14002054
:10F28000EC130020EE1300200023F0B599B0079393
:10F2900072B6E94D03332A69E84C134380222B618F
:10F2A00023685202134323600123216880200B430B
:10F2B0008021102623604903800323680B4202D07B
:10F2C00023680342F9D02368134202D023689B03CA
:10F2D000F3D52368334202D023689B06EDD523681B
:10F2E000DB0702D523689B07E7D5236EDB0702D532
:10F2F000236E9B07E1D5236EDB0502D5236E9B05AC
:10F30000DBD56368CE4ACF4E134063606368CE4A54
:10F310001340636063680193A368A7680293A368BE
:10F32000E2680393120AC94BD2B25343C84A9342CC
:10F330000CD9C84A5B081360FCF7AEFB80236268F7
:10F340001B01324013436360FCF790FB072203214B
:10F35000636893430B4363606368BF4933406360F2
:10F3600063680B4063606068C0081040022800D1E9
:10F37000FFE2032800D136E3013843425841B74B3E
:10F3800040421840C018B64B186063681B051B0F3D
:10F390000B2B00D829E3060063685B055B0F023383
:10F3A000DE40E022AB4BD2011E60616833001142A7
:10F3B00006D0320063689B049B0F0133DA401300D0
:10F3C000A84AA24913602368A74A13402360F2F7B2
:10F3D00063FCE768A54B00021F40A54B0743E760AD
:10F3E0009E4200D80BE303232A6913432B61236851
:10F3F000A04A012513401022236023689343236011
:10F40000236E9D4A13402366236EAB432366FCF7AD
:10F4100043FB8023E26B5B021343E3638023E26BD5
:10F420009B021343E3638023E26BDB021343E3633A
:10F430008023E26B1B031343E3638023E26BDB0156
:10F440001343E36362B68D4B8D4A00265A61042252
:10F450008C4C31001A828C4834321D705E60DE6044
:10F460002570F2F7A1FB894B894A666015701A0076
:10F47000B832157040221A85B4331A80854BA660C5
:10F48000E360F6F70BFFF6F745FB834B1B78B342BF
:10F4900001D1F6F705FEF5F7B1FFF7F7B1FCF7F785
:10F4A00031FDF6F785FCF7F767FC7C4B1B78022BE8
:10F4B00000D0B7E2F6F7C4FA0022794B1A700124A3
:10F4C00000223C21774B78481C70784B1A70784B9F
:10F4D0001980C02377491B040D6A05402B43C025C2
:10F4E0000B620B6A2D061B021B0A2B430B62724B2D
:10F4F000724D1A70724B1C70724B1A70724B5D60B9
:10F50000724D1D60724B734D1D60734D5D60734B8A
:10F51000734D9A621D630D6A284008629A601B60F1
:10F520005B60DA626F499A831961596101219D8B91
:10F530004942280099611100186259628031D963EB
:10F54000996569496948D960190048310C80684D4E
:10F55000684905600800684D0830C56708008830B4
:10F5600002600800654D943005600800A03004601A
:10F5700008000225AC3005800800A830DA655A651D
:10F580001A6503605B640B00BC331C600B005C48B5
:10F59000B833B4311A600A60FDF764FA62B6594BA9
:10F5A0002000DC70FDF7EEF8574B584A1A603A4BD2
:10F5B0001B78002B01D1F6F773FD1022002154486F
:10F5C000F2F7F2FA0022902101268C461100514BED
:10F5D0001A70514B1A70514B67461800DC6F574335
:10F5E00001944E4C9D6FE719019C5C30D864043443
:10F5F000181DC06F1B605B601E72FD6027006F43AB
:10F600005861C7191861586245489F61DC611D62E5
:10F610009962D96218635B6372B61800743000781F
:10F620001C6F093080002418180088306360017056
:10F6300062B60132903375E00020024000100240B3
:10F64000FFFFFF8FFFF0FFFFFFFFFFF040420F00C3
:10F65000FF6BDC02F42E0020FF8FFFFF00093D004E
:10F66000F02E0020281F0020FFFFFFFEFF00FFFFFD
:10F670003FE45904FFFFEFFFFFFEFFFFF82E0020DD
:10F6800000080040B0300020DC300020202F002097
:10F690004C2F0020602C0100221F0020640C002051
:10F6A000002900206A0C0020FFFF00FF59290020DC
:10F6B000620C002000ED00E0092900203F19010044
:10F6C000162900209B29002010E000E0070001001F
:10F6D00060300020883200200040002018320020D6
:10F6E000842C0100283200204C320020A42A002063
:10F6F000742A0020002A002039AB0000B901000064
:10F70000982A00205C0C0020C40E002031AB0000C1
:10F710009C300020AD300020AC300020E80E0020EE
:10F720002BC70000032A00D056E7C64BC64AD86F45
:10F730009D6F043004006C431A651A1DD26F1B6064
:10F7400014195A611A615A62C04A5B601E72D9600C
:10F750009C61D8611D629962D9621A635B6372B65B
:10F760001A0074321278186F1132920013508433D9
:10F77000197062B6B64DAB78B343AB7072B6B54C88
:10F780002378012B07D08022B34B1206DA67BFF330
:10F790004F8FBFF36F8F002301222600636022701A
:10F7A0000193F768002F0FD07869002804D0022158
:10F7B0000C304942FDF71EFAB869002804D0022136
:10F7C0000C304942FDF716FA0027019BF760013320
:10F7D00001930436082BE4D1FFF74AF962B63220D0
:10F7E000FFF7A8FA72B69D4B202239009C4863604F
:10F7F000F2F7DAF92378012B3DD1FFF703F9994AA3
:10F800000F970F9B934200D80FE17F26964B9749A5
:10F810001B680868334003430B609549954B1B7880
:10F82000087895490E7833430B7094490B7803435D
:10F830000B7000230F930F9B934200D8F9E02F2306
:10F840008F4AC020116800060B4313601F238D4AA6
:10F8500011780B4313701E238B4A11780B43C72179
:10F8600013708A4A890053581B021B0A03435350E2
:10F8700080231B0613600223237062B6AA78013B23
:10F8800013433220AB70FFF755FA72B6FBF722FF35
:10F8900000257F4B18607F4B1D607F4B1D6062B65B
:10F8A0007E4C256072B62368AB4202D02000FCF784
:10F8B0004DF880217A4B200009022561E3606561E3
:10F8C000FDF79CF862B6FDF754FCFDF73CFC002800
:10F8D00001D1FEF712FD002420000134E4B2FFF74D
:10F8E000C3FA102CF8D10F2501276E4C6E4E2068FC
:10F8F000431C09D072B6030039002B4099402022E6
:10F90000A843FFF775FA62B60434A642EFD1674DFB
:10F910000C2200212800F2F747F90C22002164484C
:10F92000F2F742F90020FEF7CDFC624B984200D17D
:10F9300082E0FEF713FD0220FDF7F9FB5E4B187025
:10F940000420FEF7BFFC5D4C2080FFF7A5FA0A20DB
:10F95000FFF7F0F9FFF7A0FA2B8801252B4200D121
:10F96000B6E0F6F7C9FA00205549FEF7E8FCF7F7CC
:10F9700095F97800400BF4F77DFDFB2300229B05F1
:10F98000F3F70EFE029B06001809C0B20F00F4F751
:10F9900071FD02000B0030003900F2F7C9FE019B37
:10F9A0000F001903090F060001314648F2F774F9F8
:10F9B000F4F760FD02000B0030003900F3F7F0FDB2
:10F9C000032206000120039B0F0013409B18984060
:10F9D000F4F722FD02000B0030003900F3F7C2FA01
:10F9E000F2F79EFBCFE43748CDE4636806001B05C1
:10F9F00000D4D6E463685B055B0F0133D0E4324B7F
:10FA00009E4204D903232A699A43013BEDE42F4B1C
:10FA100003219E4203D92A6901238A43E5E42B6925
:10FA20008B43E3E4F6F752F849E50F9B01330F935C
:10FA3000E7E60F9B0133FDE6FDF785FB002800D0CC
:10FA400079E776E79C100020F810002063BA0000E8
:10FA500000380240B030002004E100E0902C0100AA
:10FA6000BC3000200E270000B0380240B4380240FD
:10FA70009238024090380240943802409638024052
:10FA8000A0380240803802408238024000E100E0A5
:10FA9000703000206C30002068300020743000206E
:10FAA0002DCA0000A02C0100B82C01003631002026
:10FAB0008C300020E3FE00004E31002016130020A1
:10FAC000FFFF0000006CDC023FAEEB023F787D01DF
:10FAD0000320FDF72CFB8A4B8A4E187033781843AD
:10FAE000031E01D003112B400027874A1370F5F73E
:10FAF00085FC864B1022FF2185481F70F2F754F8D1
:10FB0000844B1022FF2184481F70F2F74DF8834D7B
:10FB1000082217212800F6F7FDF9814B1F702B787A
:10FB2000032B01D8FDF7ECFCFEF7B0FF7D4B7E4ABE
:10FB300018607E4B7E491B689B06DB0F1370CA78EA
:10FB40002378D809904206D0501E82417F20D201EE
:10FB50000340134323700B79002B07D03078F8F75C
:10FB60001CFF012802D00120F9F7AEFD0024714BE3
:10FB70001C60714B1C70714B1C80714B1C70714B65
:10FB80001C80714B1C80714B1C70714B1C805C8005
:10FB90009C80DC806F4B1C706F4B1C706F4B1C701B
:10FBA0006F4B1C706F4B1C706F4B1C706F4B1C703D
:10FBB0006F4B1C706F4B1C606F4B1C70F7F714FF82
:10FBC000F7F73AFFF7F74EFF6C4B6D4A1C606D4B31
:10FBD0001C706D4B1C606D4B1C606D4B1C706D4B35
:10FBE0001C706D4B1A6001226C4B1A70F7F7FCFE0B
:10FBF000F7F722FFF7F736FF694B20001C70F8F784
:10FC000039F8684B684A1C70684B21001C70684BBF
:10FC100011201C70674B14701C7054705C709470D1
:10FC20009C70D470DC70FEF7DFFB6A222300A97899
:10FC30006878FEF7F9FB1C2320002B71FEF7CCFB44
:10FC40005D4B5E4A1A6000245D4B5E4A19785E4D3A
:10FC50001378994200D1CDE00F24E85C01332340B2
:10FC60000E3C0528F5D8F2F7BBF940F4333A030D02
:10FC7000137001220320554B1A70554BD870FCF7B6
:10FC800081FDE0E700241370504B1C70514B1C7039
:10FC9000514B1C70FEF776FE062221004F48F1F70B
:10FCA00083FF4F4B20001C704E4B1C704E4B1C7042
:10FCB000FEF7D4FD2000FEF7EBFDFEF7BFFD4B4B3A
:10FCC0001C704B4B1878431E98410130404BD5E7D0
:10FCD0001370474B1B78002BF8D10120F6E7137007
:10FCE00001223B4B1000DA70C9E70125384C28008F
:10FCF0001370E570FCF746FD2800A570BFE7C0460D
:10FD0000001400200114002005130020863100207B
:10FD10009F3100205D31002076310020181900202D
:10FD2000B43100200C130020783200200008004875
:10FD3000640C0020FC130020F81300206C1300203A
:10FD40006A13002068130020EC130020EE1300203B
:10FD5000F01300207013002071130020EA1300201C
:10FD6000D0130020CD130020CC130020CF1300208F
:10FD7000CE130020741300206F13002040140020C5
:10FD8000518B0000CC150020FC170020F817002034
:10FD90006E130020F4150020983000202E1400204F
:10FDA0002F14002024140020261400200314002007
:10FDB000251400202A14002034240020C80E00201E
:10FDC000AD300020AC3000209C30002034310020C9
:10FDD0005C0C00200214002018130020FF120020E9
:10FDE000FE120020FD120020FC1200205C310020D9
:10FDF0002F310020002C00D01170FFF74DF80023A8
:10FE0000CA4ACB4CD05AE15A0A2B00D1AAE002339D
:10FE10008842F7D0C74B0592029300230193019BC0
:10FE2000C34A5B00D35A0493059B049A1B889342F0
:10FE300000D187E06A46127900260A92049A5A4055
:10FE4000019B09921A01BC4BD3180B930123039316
:10FE5000039B099A13426BD0039A049B13400693A9
:10FE60000123B3400893029B089A1B881A4210D1C1
:10FE70000A9B10AC63702670FEF708FE0123237105
:10FE8000069B60805A1E9341637110981199FAF78E
:10FE9000FBFC0024069BA34205D10B9B9B5DFF2B23
:10FEA00001D007930134A54F3B781B19082B1DDDAA
:10FEB0000823611C1D1B2A00C919A148F1F760FD28
:10FEC000210009312A00C9199E48F1F759FD610046
:10FED00019316A00C9199C48F1F752FD210011310E
:10FEE0002A009A48C919F1F74BFD3D70002C16D035
:10FEF00007989249904B303040000A78C55C1B1837
:10FF00005B788C186372079B0020637413000C33BA
:10FF10005B00CB1801326570587098700A70069BB0
:10FF2000002B05D1029B089A1B889343029A1380E9
:10FF3000039B01365B009BB20393102E88D1059B77
:10FF4000049A1A80019B01330193059B02330593A8
:10FF5000029B02330293019B062B00D05FE7FEF762
:10FF600095FD04E0884200D054E7FEF7BFFD784CD1
:10FF700000272668FEF78AFD831B05000193FEF724
:10FF800085FD2060010038006C4B1B789C461C00EE
:10FF9000704BF618761BC3B29C4511D8002F01D0C8
:10FFA000664B1C706C4D6D4F2C783E78032C00D93D
:10FFB000BBE12000F2F732F81F0039002A053705AF
:10FFC00003005E4A0C335B00D218937855781B020D
:10FFD0002B439E4204D20127013CE4B20130DAE710
:10FFE000019D5B199DB20295FF252B405370029B2A
:10FFF0001D0A9570F2E70022594B5A481A705A4B65
:020000021000EC
:10000000293219604D49F1F7BBFC584B1B78002B86
:1000100007D1574B03221B781C001440134200D019
:100020009C0801233C702B707FE13000FDF798FAAB
:10003000002E00D179E14A4B18780138C0B2FBF7A5
:10004000D9FA4C4A0DAB12781880002A21D14A4BBC
:100050001B78002B00D1E3E00024002320001A00CD
:1000600019000134FBF7BEFA402CF6D1434C23783B
:10007000182B00D9CEE00023C8211A000120FBF77D
:10008000B1FA2378312B00D8DCE000223B4B1A7008
:10009000D8E01A7805925B780693394B1B781C1CC4
:1000A000042B00D90424FEF7F1FC06230134E4B24A
:1000B0001B1B80B218416B46002701901B790293ED
:1000C0005B00DBB204930393FAB2130005993D334E
:1000D000DBB2994200D98DE00699994200D889E0B7
:1000E0002848294B00782949013800241B780978D1
:1000F000042854D8F1F77EFF030F4C875200552097
:1001000042430298039C8218D0B2120647D5FF24BE
:10011000241A640007E055205043AA2400063ED468
:10012000013CFF3C5443E4B239E0C046503100206A
:100130003631002042310020A02201005D31002034
:100140005E31002066310020763100206E310020C3
:10015000B0310020FFFF0000E50E0020BC31002080
:10016000E00E002086310020B83100205C310020F4
:1001700018190020123200203024002018290020F5
:100180009910002013320020113200209810002016
:100190000298C318552042439B18DBB2FF240EAAD5
:1001A0001370517094700E98FAF7D6FD10AB18705A
:1001B0000400050400022D0E000E5D709870174BB0
:1001C000C0B21E78C8217043F1F7F0FDC3B2E8B2A7
:1001D000C82170430893F1F7E9FDC5B2E0B2C82128
:1001E0007043F1F7E3FDC1B238002A00089B3D30AF
:1001F000FBF7F8F9039B0137563BDBB20393032F60
:1002000000D061E723E7019A049C1206C7D5019A42
:10021000D4437EE700231A0019002FE79A1000202C
:10022000C34B1878002800D1FAE1C24B1B78022B8F
:1002300000D9F1E1C04AD05CC04AD15CC04AD25C6E
:10024000F4F76EFBBF4B1B78002B30D1B84B1B78FB
:10025000002B2CD1BC4B1D78BC4B1C78042C00D13E
:10026000A2E3002D00D045E3002C00D1B9E3012C1E
:1002700000D1B9E3023C012C00D8B5E3B44A0EAB7F
:1002800052781A70FF225A70373A9A700E98FAF71D
:1002900063FD0204030210A9120E1B0E08704A70BF
:1002A0008B70D2B2C1B2DBB23A20FBF79BF9A94BFB
:1002B0001B78002B39D1A84B1B78002B35D1A14BD3
:1002C0001B78002B31D19A4B1C78002C2DD1A04BE0
:1002D000A24E5B780193A24B35881F5D002D00D1A3
:1002E00090E3FEF7D3FB401B80B2C72800D984E31C
:1002F000019A0EAB1A70FF225A70373A101A987092
:100300000E98FAF729FD0204030210A9120E1B0E23
:100310004A708B700870DBB2D2B2C1B238000134BF
:10032000FBF760F90236242CD5D18E4C0622210031
:1003300010A8F1F725FB6378022703930323E35604
:10034000E757029305230426E356A657019300239B
:10035000A370E37023716371029B3B4336D0824BE1
:100360001D88FEF793FB814A401B137880B2002B57
:1003700001D100F039FF142828DDFF2B01D0013313
:100380001370002F07D0FBF757F9FF23002F00DD74
:10039000FE3B4343A370029B002B08D0FBF74CF9B4
:1003A000029AFF23002A00DDFE3B4343E370022054
:1003B000205600280AD003256557002D06D0FBF7EC
:1003C0002BF9A0702800FBF727F9E070019B33435D
:1003D00037D0674B1D88FEF759FB664A401B1378E0
:1003E00080B2002B01D100F0F9FE502829DDFF2B4F
:1003F00001D0013313705B4D002E07D0FBF73CF9A1
:10040000FF23002E00DDFE3B43432B71019B002B9D
:1004100008D0FBF731F9019AFF23002A00DDFE3BEB
:1004200043436B710420285600280AD00526AE5796
:10043000002E06D0FBF7F0F828713000FBF7ECF83F
:1004400068714849039A4B7893421AD102228A561E
:10045000002A01D0974214D103200856002802D068
:10046000029B98420DD10523CB56002B02D0019D53
:100470009D4206D1097949B2002902D102431343B2
:1004800001D0FEF74BFB062210A92000F1F778FA05
:10049000FEF7D4F9384B1A78824202D01870FEF772
:1004A000F5FA364B1B78002B3DD00025344B0195D7
:1004B0000293029B1C68002C2AD0019B002B00D0C9
:1004C000C2E2012672B6F3B2039320686369F1B207
:1004D0009847431E9841054362B62A48FBF7A0F9A6
:1004E000002812D0A3692068F1B2984700280CD0E8
:1004F00072B6254F63683A002068F1B2984762B639
:1005000000202249BA6CFEF72DFB0136092ED9D105
:10051000019B01330193029B90330293019B032BB8
:10052000C7D1164B1D7072B6194F3B6F1B7831E067
:100530000913002006130020632D0100602D010027
:100540005D2D0100302400202E1400202F140020E7
:100550001819002005130020002900207C1300201A
:100560007C220100FF120020C0310020FE1200207A
:10057000BE310020FD120020C231002010320020C8
:10058000740F0020E80E0020C4310020CA31002082
:100590009C100020042B01D100F017FC62B6FEF77E
:1005A00075FABE4C05002378012B04D00022BC4B09
:1005B0001A70BC4B1A802022BB4BBC4E1B681340E8
:1005C0009A06D20F0192002B16D03778002F13D144
:1005D000B74B1A78022A0FD0022208201A70F5F7BA
:1005E000BBFEF5F741FAF5F74FFDB24B1F70FEF772
:1005F0004DFA0122B04B1A706B4620781B7933708C
:100600000023042801D900F09DFCF1F707FD430405
:1006100079049D04A5045005C822110010000FE6BE
:10062000A44E3378002B56D0A14D2B78022B52D0FC
:10063000002B1DD16A781800511E022902D80E32F3
:10064000D0B205339D4A9E4CD278012A1BD1227824
:10065000092A14D803255D439A494A199378695C9D
:100660005278FAF7BFFF2378132B00D90DE5E9E59F
:10067000012B01D00300E5E712200323E2E700236A
:100680001A001900EDE7022A0ED12278182A07D89D
:1006900003255D438B494A199378695C5278EEE4EF
:1006A00000231A001900EAE403275F438549CA19A9
:1006B0009378795C5278FAF795FF2378EF2B00D87E
:1006C000C0E50023237033702B78002B00D0B9E5F0
:1006D00001227D4BDBE47D4B1878002859D07C4B00
:1006E0001B78012B23D17B497B4B0A78012A06D941
:1006F00000201A780870032A17D9033A1A700025C7
:100700001C78764B1A5D764B585D00231900FAF77A
:1007100069FF2300783C0833DAB2E4B21B0600D448
:10072000140001350A2DECD18CE57F22E6E7022B7F
:100730000BD100246A4BFF22185D002301341900FD
:10074000FAF750FF0A2CF5D17CE5594B9E786D2EB7
:100750001DD80A213000F1F729FB0027FF24C5B27C
:10076000142E06D900243223B3426441FF27644289
:10077000E4B20026F3B29D4200D863E5584B3A003C
:10078000985D21000023FAF72DFF0136F2E70A25D4
:10079000E8E7544E544D33782A781900484C1143F9
:1007A00048D02178182935D8002B2BD0C822110029
:1007B0001000F4F7B5F82378312B06D90023237005
:1007C0003378002B30D0013B3370484B1B78002B23
:1007D00000D137E5364A1378012B54D0022B57D07D
:1007E000002B00D02EE55378022B42D0032B45D0AE
:1007F000012B00D026E5C7331A0019000F20FAF7A5
:10080000F1FE1FE5002AE0D0C82211001C20FAF7F3
:10081000E9FED0E7002B02D002000100C9E7002A60
:10082000C9D01A001900F1E72B78002BCDD0013B7D
:100830002B70CAE721701E4C2578022D17D1FEF7C8
:1008400009F8054213D02A4B1B78002B0FD0C82380
:100850001A0019001C20FAF7C5FE6379002BB4D0EA
:10086000C82336201A001900FAF7BCFEADE70023B2
:10087000EEE7C82310201A001900C0E7C823112092
:100880001A001900BBE7C82312201A001900B6E7A6
:10089000C82313201A001900B1E7C046C71300206F
:1008A0000F2900201029002000080048783200207D
:1008B000640C0020002900200A1300205329002086
:1008C00018290020422D010012290020C513002004
:1008D0000829002017290020C4130020B82C01008B
:1008E000382D0100071300200813002005130020F5
:1008F00009290020042C57D0022C78D0032C7AD060
:10090000012C04D0002C55D00026FF2450E0C64B0B
:100910001D78002D01D000F06DFC2C00FF26C34B8C
:100920001B680193002B01D09B8A01938427380018
:10093000FF217043F1F73AFAC3B23800FF21604358
:100940000293F1F733FAC3B23800FF2168430393EF
:10095000F1F72CFA029B039AC1B20198FAF742FE12
:10096000B34B1A78131C642A00D964230320DBB22A
:10097000584364216330F1F719FA3D27C3B201935C
:100980003800019B3D38C0B222002900B4468342A2
:1009900002D8002211009446380063460137FAF766
:1009A00021FE402FECD169E4FF242600002DB6D0B3
:1009B0000025B4E79F4B1C68002CA5D0FEF766F815
:1009C0009A4B9D4A1B68001B90429DD8002B9BD0E0
:1009D0009E69002E98D0350C340AEDB2E4B2F6B21E
:1009E0009DE72600FF259AE72E000024FAE78026DF
:1009F0000024350093E78026F7E700210B000A006A
:100A000031808BE42B002A00290087E48B4B8C4A31
:100A10001E708C4B1B789B079B0F1370F4F74CFDDB
:100A20000323FFF700FB884B1B78002B01D0FCF75A
:100A300059FD864B1C68FEF729F8001B0F2800D8CB
:100A400073E40023FFF7EFFA72B6002163692068B0
:100A50009847431E9841054362B602988C38FAF7CE
:100A6000DFFE002800D153E50021A36920689847E4
:100A7000002800D14CE572B6754E00213200636843
:100A80002068984762B66B4672491879B26CFEF7D7
:100A900069F83DE5002363700C33A37016E06078BD
:100AA0000138032833D80025F1F7A4FA020B1D29D9
:100AB000FDF7ECFF030EA370030CE37040BAA080B7
:100AC00004E0FCF756FB658025716071624B1B6882
:100AD000002B00D127E55B69002B00D123E5202105
:100AE000200098471FE5002322001900A578E81888
:100AF00002320528EAD8517091700133F7E765801A
:100B0000A580E3E76378022B04D0052B0FD0FF23E9
:100B10002370DBE712230CAA9B1859881A88090452
:100B2000114309BA2D20C9B2FDF7D8FBCEE700204A
:100B3000FDF790FCCAE7617800200429BED8A278AE
:100B4000052ABBD8E3780F2BB8D8C0254D435201F6
:100B5000AD185B00ED1828002E30FCF7E8FA06020D
:100B600028002F30FCF7E3FAB6B2304380B2A5E795
:100B7000A388E2785BBAA17860789BB2FDF762FD4A
:100B8000A4E7F4F73FFFA1E76278032A6ED1082BB0
:100B90002ED0092B67D0A0780138032896D8F1F71A
:100BA00029FA020E1B22C9220CABDB7C5A43254BCF
:100BB000120A997858780023FDF736FC86E7E37827
:100BC000002B02D1FDF76AFC80E7FDF753FC002102
:100BD000E078FDF709FC79E71A4BE27800201A71FA
:100BE000FDF7FAFB72E7174B2179DA78E078E2E754
:100BF000A0780138032800D968E7124BF1F7FAF919
:100C0000020A122EFF20DB78C8215843F1F7CEF8F4
:100C1000E0705BE71A7800239107994200D09308AF
:100C2000E37053E71B79FBE7CF150020FC1300208E
:100C30003224002074130020B70B0000E40E0020C3
:100C4000E30E002018190020B4310020B831002034
:100C5000C4310020CA310020342400205A78E270C8
:100C60009B78237132E7FCF73DFC2FE7022A00D086
:100C70004DE7082B1FD0092B00D127E7A0780138BA
:100C8000032800D922E7F1F7B5F902060E10C44B8C
:100C9000E2781A701AE7E378C24A1370591E8B4142
:100CA000C14A137012E7C14BF2E7C14BE2781A70E8
:100CB000C04B2279EDE7A0780138032800D905E779
:100CC000F1F798F902050C0EB54B1B78A8E7B64B67
:100CD0001A7800239A42A3D0B24BF6E7B34BF4E75D
:100CE000B34B1B78E370B34B1B78BAE710236370E8
:100CF000ECE6002363709233CFE60CABD97C112372
:100D00000CAA9B1858781A780002104340BA80B297
:100D100011AAFDF7B1FCD9E6112327000CAA9B18F4
:100D20005D781A782D021543E6786DBAADB2761962
:100D3000B54200D1CAE6912D04D89F4B3979E81805
:100D4000FDF7CCFA01350137F2E7FCF7EDFBBDE624
:100D50000523CCE71123F02726000CAA9B185D7809
:100D60001A782D021543E3786DBAADB25B19019381
:100D7000BF00019BAB4200D1A8E60020BD4203D2D8
:100D800028002E30FCF7D3F9307101350136F0E739
:100D90001123F02726000CAA9B185D781A782D02E3
:100DA0001543E3786DBAADB25B190193BF00019BA7
:100DB000AB4200D18AE6BD4204D2280031792E3000
:100DC000FDF78CFA01350136F1E762B672B60025FF
:100DD00010AB0193794B9C6A002C08D1DA68002A89
:100DE00034D05A69141D12689C62A218DA62FB6A38
:100DF00002932023029A5B1B161B9E4200D91E0001
:100E0000210032000198F0F7BBFD019B6B489B1954
:100E10000193029BA4198462AD19A34211D8C3683F
:100E2000C269013BC36043699B1882694361934275
:100E300001D3436A436100238362036B002B00D01C
:100E4000984762B61F2D02D872B6C3E762B66A42EF
:100E50006A415B4B1A70202D01D0FFF7A0FB10AC4C
:100E60002378581E122800D951E6F1F7CDF813FE69
:100E700018FE4BFE64FE81FE8AFE8DFE8DFE8DFE09
:100E800050FE50FE3FFF42FF46FF55FF6EFF71FFD1
:100E900073FF91FF4B4B1B78022B24D04A4B1D68EC
:100EA000FDF7F4FD494B401B98421CD9484B1B7879
:100EB000002B18D19023DB051B68DB0613D4454BB0
:100EC0001D78002D0FD101262670FDF7DFFD424B66
:100ED00096301860414B1D705E71414B1D70414B47
:100EE0001D80414B1E70F5F7F3FF404E0400337830
:100EF0003F4D834200D00EE100232B70FEF7A3FE8E
:100F00003C4A1578002D0CD01370374A23701370AB
:100F1000344A1380314A5371FDF7B8FD2A4B1860EB
:100F2000E1E72D4B1E68FDF7B1FD801B9528DAD94E
:100F300001222D4B1D702B4B1D802F4B1A70F5F786
:100F40003FFF02232370CEE72A4A11780029CAD036
:100F50001370F7F7E5FCC6E7274F1F4E3B78002BD1
:100F600010D1264A13700122254B1A701C4B1A709F
:100F7000FDF78CFDFDF78AFDC8239B00C01830608B
:100F80000423DFE73568FDF781FD9623401BDB0076
:100F90009842A8D31B4A1378012B35D80133D7E7E1
:100FA0009A100020133200201232002099100020E5
:100FB0001132002098100020EE0300009C10002049
:100FC00020110020640C00200C130020DF9304008B
:100FD000DD2900200A290020C81300205329002001
:100FE00000290020102900200F2900202C1F00209C
:100FF0007C3200200A1300206A0C00207D32002081
:101000001A2900207F3200207C4B1A78002A4CD10C
:1010100001251D7080237A4ADB00D16B3D700B43A4
:10102000D3630222774B19680A431A601A682A436D
:101030001A60F5F733F9F4F76DFDF4F7DFF9F5F71A
:10104000DFFEF5F799FE704B1B78022B2AD1F4F7DF
:10105000F7FC3D7000253C226C4B1D706C4B1A80D8
:101060006C4A6D4B116A1940C0231B040B43C0210D
:101070001362136A09061B021B0A0B431362674BB8
:101080001D705D71664B1D70F4F792FE654B1D700F
:10109000654B1D70FDF7FAFC9623DB00C01830602D
:1010A00003234FE7F4F712FDD3E7F5F737FE5F4B65
:1010B0001B78002B0FD15949534A49781278914235
:1010C00009D15B4A237013705A4A13704B4A13704C
:1010D000594B1D6007E7594E3768FDF7D7FCC82309
:1010E000C01B9B00984212D3524A1378022B09D896
:1010F000013313700122524B1A70C8239B00ED1864
:101100003560F0E600234A4923700B70DDE70122C9
:101110004B4B1A70E7E62B784A4F0193002B06D110
:1011200001332B70FDF7B2FC3880FEF78CFD3F8851
:10113000FDF7ACFCC01B80B2632801D8FEF783FD2D
:1011400000223470304E2A707378012C0DD0022C9E
:1011500006D0944201D0FEF776FD1D00022405E082
:10116000591E01251400022900D81D003278A24220
:1011700016D1002C01D0FEF766FDAB4201D1FEF77F
:1011800062FDF4F7A3FC002375703370022D23D0A9
:10119000032D21D00120012D1BD0F4F775FF0BE0AA
:1011A000022C10D108203470F5F7D6F8F4F75CFC67
:1011B000F4F76AFF00230193234B019A1A70FDF79D
:1011C00065FCFEF740FD012CDBD1F4F77FFC00202D
:1011D0003470F5F7C1F8E0E72800FAE70A2801DDE6
:1011E000FFF707F9FFF72DF90A2801DDFFF7C7F828
:1011F000FFF7ECF80026FF24FFF7F4FB7E32002017
:101200000010024000280240640C002059290020F0
:10121000620C002000ED00E0FFFF00FF53290020DA
:101220000F290020162900209B2900206A0C00208D
:101230007F3200207D3200200C130020C8130020D4
:101240001A2900207A32002000290020F0B5BC4F76
:1012500089B07B7BDBB202933B7BDBB203937346AB
:101260000493B84B1B68DAB201927F221340B64A4E
:10127000136001237A781A4202D17A7813437B7083
:10128000BB7BDBB20593019B5B0754D50023AF4AC0
:101290000793079B934200D8AFE0A022AC4E0021F9
:1012A00030005200F0F780FC00254023A94AAA4CE8
:1012B00073601570A94A3100E26001222C310A7076
:1012C00031003385B436B83133803E3B0A70237029
:1012D000E567A560E368002B12D072B6E668706916
:1012E000002804D002210C304942FBF783FCB0698E
:1012F000002804D002210C304942FBF77BFC62B687
:1013000000210135E1600434082DE3D10124944B20
:1013100091481970914B934AC3608D4B14701A0019
:10132000B832147040221A85B4331A8043681B689F
:101330008B4200D098470821019B0B4210D08A4A6B
:101340001388002B5FD0029B8B4003990B43874986
:101350000888984255D00B801388013B9BB21380BC
:10136000019BDB0737D50A227F4B1A80804B023A5C
:101370001A60804B1A78002A2DD00022764C1A7001
:101380002378052B27D02200803213700523237089
:1013900063681B68002B02D00421200098470025B9
:1013A000A560E368002B12D072B6E6687069002869
:1013B00004D002210C304942FBF71CFCB069002824
:1013C00004D002210C304942FBF714FC62B601350F
:1013D0000434082DE5D1684B1A78002A2ED1674BCA
:1013E000674968481A78002A00D01FE1059BBB7343
:1013F0000498FDF7AFFC09B0F0BD079B01330793DC
:1014000047E70A23ABE703227B781340012BA7D1E0
:101410005D4A1160574A11780029A1D14E481370D6
:10142000017805299CD1030080331B780370436841
:101430001B68002B00D193E7984791E701251B78A3
:101440004F4AD05C514B8540EDB21D70B8730028F7
:1014500000D0A1E004217A7C3E4ED3B20A4204D0EF
:101460007B7C8B437B743070B5E7DA0601D5802234
:101470007A743278D0B2062AADD8F0F7B1FD041CE8
:10148000AC355DAC5D00DB07A5D50020FAF746FA68
:10149000010008289FD13E48FBF74CF82C4BDB8C11
:1014A000002B06D0402300212B487B74FBF7E4FB84
:1014B00091E74823F7E7264B5A6B1C8D986BA242A5
:1014C0000AD9196B00199863121B091900205A6375
:1014D0001963FBF7BBF87EE7002180189863596316
:1014E0001D48FBF79BFD76E7DB0700D473E7002080
:1014F000FAF714FA0500274C83B21900206801930B
:10150000FBF718F823685B192360114C2200C432E2
:101510001368B4345B1913602388019A934208D985
:1015200000210D48FBF7CBFD48237B74443B33700F
:1015300051E740237B744EE700213170D0E7C0466D
:1015400000380240B0380240B43802400E27000094
:10155000202F0020182D0020B0300020602C01002A
:10156000143100204C2F0020B60E0020162D002034
:10157000A0380240142D00209038024092380240DA
:101580000129010096380240A438024094380240F4
:10159000402F0020DC2F002004227B7C134202D04D
:1015A0007B7C93437B74142343435A4EF3185C6B48
:1015B000002C18D01A8D196B94420DD99D6B891887
:1015C000AD18A41A19639D635C63A24200D922007E
:1015D00092B2FAF7F1FFFEE69A6B091912199A63B3
:1015E000002219635A6314214B4B4C4C1D7041432C
:1015F000851CAB00E3185A6876185369B16B5960C3
:101600000121814023898B4323819368002B02D0E1
:1016100001002000984772B6AD006419636800218C
:1016200058690C30FBF7E6FA62B6D4E601251A7861
:1016300001268C5CA540EDB20570BC733A7D324248
:1016400000D1CFE6802320009843FAF767F91422EF
:10165000624383B29C462F4B9B181A00C03212681B
:1016600082421FD3BC332E491B68A200521819189E
:101670008B424AD114226243264B9B181900BC317D
:101680000A68C03312180A608A6812188A601A68D9
:10169000121A1A606C223B7D93433B753B7D6B3A7B
:1016A00093433B75142363431A4AD3181900B4318A
:1016B0000988614504D8C0331B688B4200D38EE68D
:1016C0001420184B60431D70A61C144DB300EB187A
:1016D00059681218C4328B6912685A600122A240FC
:1016E0006B8993436B81CB68002B02D021002800CB
:1016F000984772B6B600AD196B689B6918005968B7
:101700000C30FBF777FA62B669E616781E70013383
:10171000AEE7C046202F002084380240B0300020C1
:1017200020380240863802401623036001204042E0
:101730007047002070471800704700207047000075
:10174000030010B572B6094A106854684118A142E6
:1017500005D962B60C2201201A60404205E0884299
:10176000F7D8116062B60028F4D010BD60300020B8
:1017700010B51400582200212000F0F715FA80233C
:101780009B010020636010BD0120704772B6024BC0
:10179000024ADA65FEE7C04618320020082101003F
:1017A00072B6024B024ADA65FEE7C04618320020E4
:1017B0000D21010001207047704700000FB407B5EC
:1017C000044805A90191FCF769FD03B008BC04B009
:1017D0001847C046DC200100F7B5464B464C1A7846
:1017E0000193002A05D023780A2B01D0BB23237054
:1017F000F7BDA378112B68D1E378404D404F2B7093
:101800003E78002B07D0022E54D03E4B1B78002B85
:101810004ED0F5F7D5FA23796B70B3424FD0012241
:10182000394B1A702B78002B01D000232B70637971
:10183000AB707A789A4208D0002E06D10122324B42
:101840001A702B78002B00D02E70304AA3791178B3
:10185000EB70994206D0137001222D4B022E00D15D
:1018600000221A70B422E379217A2B71637A9201F3
:101870001B020B43934207D0264A1378002B03D157
:1018800001331370244A1370A37ABB2BB0D1019A91
:10189000BA3B1370214B224A1A800023174A137057
:1018A0005371194A13701A4A13701A4A13709FE73A
:1018B0002B70B0E7194B2A70194A1A80ABE7022E39
:1018C000B5D1164B164A1A80B1E7092BDCD10B4B68
:1018D000E2781978002908D0002A06D10849097849
:1018E000022900D001325A71CEE7012ACCD1002260
:1018F0001A70F8E79B2900209C290020532900201A
:10190000640C00200F2900201A290020B40E0020AA
:101910000029002019290020600C0020620C002002
:10192000DC050000F0B572B68022274B920590428C
:1019300026D30022F8261100244F76051F259C6827
:10194000240C2C40022C05D8455C4C1CDD60045D49
:101950000231DC609C68344202D0DC68BC54013245
:101960003F29EBD93F2A09D8F82149059868084250
:10197000FCD0D868154988540132F3E762B6F0BD4F
:101980000022F82610001F251400104F76059968D4
:10199000090C2940022902D8DC600230DC60996819
:1019A000314202D0D968B95401323F28EFD93F2AD9
:1019B000E4D8F821490598680842FCD0D868034962
:1019C00088540132F3E7C046003800409C290020CB
:1019D00080220A4B5200196930B5094C114209D0D6
:1019E0001969084D294019612168016019690A4384
:1019F0001A6130BD23680360FBE7C0460020024047
:101A000074E8FF1FFFFEFFFFF0B587B00B6803917E
:101A10001F220121019304005B0801980293002B0F
:101A200000D0A0E09040F0F73DFB039B5B6904937E
:101A3000072800DDACE01F220121A56A0198029B66
:101A4000002B00D096E09040F0F72CFB0F23800095
:101A500083401F2201219D430198029B002B00D04F
:101A60008FE09040F0F71EFB049B800083402B43E7
:101A7000A3621F220121039BA5699E680198029B16
:101A8000002B00D0B4E09040F0F70CFB01210B00DC
:101A900083401F229D430198029B002B00D0AEE0A3
:101AA0009040F0F7FFFA86401F2201212E43039B4E
:101AB000A6616569DE680198029B002B00D0A5E055
:101AC0009040F0F7EFFA0323400083401F220121EA
:101AD0009D430198029B002B00D09EE09040F0F7C0
:101AE000E1FA400086401F2201212E43039B6661DC
:101AF000E5691E690198029B002B00D094E090409C
:101B0000F0F7D0FA01210B0083401F229D4301987A
:101B1000029B002B00D08EE09040F0F7C3FA864085
:101B20001F2201212E43039BE6615D68266901980F
:101B3000029B002B00D085E09040F0F7B3FA03231E
:101B40004000834001229E431F230299002900D0B8
:101B50007FE001989840F0F7A5FA400085403543B2
:101B6000256107B0F0BD1D0040000D402843013A3B
:101B70005B0854E71E0040000E403043013A5B080A
:101B80005EE71E0040000E403043013A5B0865E707
:101B9000019B1F221D0A5E0A28003300E76A002B02
:101BA00014D19040F0F77EFA0F2380008340012289
:101BB0009F431F23002E14D128009840F0F772FA9B
:101BC000049B800083403B43E36252E74100059160
:101BD0001800012108400599013A014308005B08FB
:101BE000DDE731006D0011400D43013B7608E1E770
:101BF0001F0040000F403843013A5B0840E71F00D8
:101C000040000F403843013A5B0846E71F004000A0
:101C10000F403843013A5B084FE71F0040000F4078
:101C20003843013A5B0856E71F0040000F40384335
:101C3000013A5B0860E71F0040000F403843013A5B
:101C40005B0866E71F0040000F403843013A5B081D
:101C50006FE70199029849001040084302990190EA
:101C60004908013B029170E7154AF0B553699B069C
:101C700014D5FF25F02603895468033399080139E8
:101C8000E401E40949062143516051680468090EE2
:101C90000906214351609B08002B00D1F0BD41682B
:101CA000013B9BB22142F9D1C1680F1D0968C76091
:101CB000976891601168A94331431160ECE7C04611
:101CC000002002400B4B5A69920611D506C80A4201
:101CD0000ED15A68084802405A605A68120E12061D
:101CE0000A435A60FF22196891430E3A0A431A6068
:101CF0007047C04600200240FFFFFFFE044B5A69B8
:101D0000920603D59A6A00229A625B697047C046C0
:101D100000200240054B5A69920606D49A6A044A8A
:101D20009A629A6A034A9A625B697047002002408D
:101D30003322110088776655F7B50C000193150022
:101D4000204B00280CD01970FCF7A0FE1E4B188009
:101D50000723012023409840C0B2F3F719FAF7BDDA
:101D60001E788E4229D1184B1F88FCF78FFEC01BAE
:101D700080B2C72821D82C002034E4B2AE420FD064
:101D800033000126072730003B409840C0B2F3F7EC
:101D9000F7F9BC4204D82F40BE40F0B2F3F7F8F98F
:101DA0000198F6F7AFFF072CD9D8072301201D4073
:101DB000A840C0B2F3F7E4F9D1E7072301201C40A3
:101DC000A040F6E7101300200E2D0020F7B50E4CB2
:101DD0000E4B24781B7801940D4C019DAB4201D130
:101DE0000020FEBDDE00A5196F788F4205D1365D5B
:101DF000864202D16D79954203D1072501332B40EC
:101E0000EBE70120EDE7C046191300201A1300206C
:101E10001C13002070B505000C00160000290DDD14
:101E2000F5F7E8F8811BCB43DB171940A14200DD31
:101E30002100002902D02800F5F7D0F870BD1FB5A9
:101E4000040072B6FFF766FF0094E443684601940D
:101E5000FFF738FFFFF752FF62B61FBD70B5E024F1
:101E6000F02564026D022000FFF7E9FF80239B004C
:101E7000E418AC42F7D1E02000214002F3F7DEFF86
:101E8000F02460020134E4B2FFF7D9FF002CF8D14E
:021E900070BD23
:101E940000FFC80000202020202020202020282807
:101EA4002828282020202020202020202020202016
:101EB4002020202020881010101010101010101056
:101EC4001010101010040404040404040404041086
:101ED4001010101010104141414141410101010114
:101EE40001010101010101010101010101010101DE
:101EF40010101010101042424242424202020202EA
:101F040002020202020202020202020202020202AD
:101F1400101010102000000000000000000000005D
:101F240000000000000000000000000000000000AD
:101F3400000000000000000000000000000000009D
:101F4400000000000000000000000000000000008D
:101F5400000000000000000000000000000000007D
:101F6400000000000000000000000000000000006D
:101F7400000000000000000000000000000000005D
:101F8400000000000000000000000000000000004D
:101F94000000000000000000C6170000CC1600007E
:101FA400CC160000CC160000CC160000CC160000A5
:101FB400CC160000CC160000CC160000CC16000095
:101FC400CC16000028170000E0160000CC16000014
:101FD400CC160000CC160000CC160000E016000061
:101FE400CC160000CC160000CC160000CC16000065
:101FF40042160000081700005A170000CC16000013
:10200400CC1600003C170000CC1600000817000096
:10201400CC160000CC160000D41700008A2400005F
:10202400B6230000A02300001C240000A02300000D
:1020340050240000A02300001C240000B62300004C
:10204400B6230000502400001C2400008C23000050
:102054008C2300008C2300005A240000B6230000C7
:10206400B6230000A0230000F6240000A0230000F3
:1020740050240000A0230000F6240000B623000032
:10208400B623000050240000F62400008C23000036
:102094008C2300008C230000F0310000A4300000E9
:1020A4001C300000463000001C3000008831000065
:1020B4001C30000046300000A4300000A4300000B2
:1020C40088310000463000003E3000003E30000001
:1020D4003E300000AA310000325034473A256420D3
:1020E400424C453A256420504F533A2564204D4FC5
:1020F40044453A25640A00296C6C756E2800296CE5
:10210400696E280065786974006B696C6C006330D3
:10211400000000002A0000DD958C00002C0000DD8A
:102124009F8C00002D0000FFA98C00002E0022FFD0
:10213400B98C0000380000FFC98C0000090011DDD3
:10214400D58C0000050011DDDF8C000000000000CC
:1021540000000000E200E900EA00B500B600B700A4
:10216400CD008301CC008A01920194012102230253
:1021740024022502260227022A02B300B4006F00BB
:1021840070009F01CB019F02A0020000000000002C
:1021940000000000000000000000000000007E0FAE
:1021A40000D4FFFFFFC7000000780000000000001B
:1021B40000002A2B2800000000000000000000009E
:1021C400000000000029000000002C1E3420212201
:1021D40024342627252E362D3738271E1F2021226A
:1021E400232425263333362E37381F0405060708E3
:1021F400090A0B0C0D0E0F101112131415161718D3
:10220400191A1B1C1D2F3130232D35040506070810
:10221400090A0B0C0D0E0F101112131415161718B2
:10222400191A1B1C1D2F3130354C3A3B3C3D3E3FA7
:1022340040414243000000000044450102040810EC
:10224400204080000400167EE600E700094E0000EE
:1022540000000000C8000100000000000080FF0032
:1022640000000000158D00001D4E0000454E0000CA
:1022740000000000182101001D2E2C1F1120212216
:1022840016232425302F17180F121E13152D102B6B
:10229400142A0D0E2829343537383B3C00FFFFFF44
:1022A400FFFFFFFFFFFFFFFFFFFFFFFFFF01020331
:1022B4000405060708090A0B0C0DFFFF0E0F101189
:1022C40012131415161718191A1BFFFF1C1D1E1FB5
:1022D4002021222324252627FF28FFFF29FF2A2B3C
:1022E4002C2D2E2F30313233FF34FFFF353637FF9C
:1022F400FF38FFFFFF393A3B3CFFFFFF000A100A9B
:10230400200A300A400A500A600A700A800A900AB9
:10231400A00AB00AC00ADC0A0414181428143814D9
:10232400481458146814781488149814A814B81409
:10233400C814DE14041E1C1E2C1E3C1E4C1E5C1EE7
:102344006C1E7C1E8C1E9C1EAC1EBC1ED81E082837
:102354002328332843285328632873288328932861
:10236400A328B428E0280032143228326E32B03266
:10237400C032D028E028E141E141E14101010101FD
:102384000101010101010101010101010101010139
:102394000101010101010101010101010101010129
:1023A4000101010101010101010101010101010119
:1023B40001010101010101010100000010200040A0
:1023C400000000805000510052004F000101010143
:1023D40001010101010101010100000002040000EA
:1023E4000000000000000000020350020000000092
:1023F4004F024F034F03500350034F034F034A024E
:102404004A024D0200000000290000000000000004
:1024140000000000000000000000000000000000B8
:10242400000000000000000000001E001F0020004B
:1024340021002200230024002500260027002D006F
:102444002E002A00000000002B0014001A000800CF
:10245400150017001C0018000C00120013002F00B8
:1024640030003100000000003900040016000700AD
:1024740009000A000B000D000E000F0033003400A9
:102484000000280000000000E10000001D001B0007
:10249400060019000500110010003600370038004E
:1024A4000000E50000000000E000E300E20000009E
:1024B40000002C00000000000000167E245265007D
:1024C400E4000000000000002900000000000000FB
:1024D40000000000000000000000000000000000F8
:1024E400000000000000000000001E001F0020008B
:1024F40021002200230024002500260027002D00AF
:102504002E002A00000000002B0014001A0008000E
:10251400150017001C0018000C00120013002F00F7
:1025240030003100000000003900040016000700EC
:1025340009000A000B000D000E000F0033003400E8
:102544000000280000000000E10000001D001B0046
:10255400060019000500110010003600370038008D
:102564000000E50000000000E000E200E3000000DD
:1025740000002C00000000000000167E24526500BC
:10258400E40000000000000035000000000000002E
:102594000000000000000000000000000000000037
:1025A400000000000000000000003A003B003C0076
:1025B4003D003E003F004000410042004300440013
:1025C40045002A00000000002B00017E027E037EED
:1025D400007E4600470048000C00120013002A78D1
:1025E40029782178000000003900005201520700C8
:1025F400090049004A004B000E000F00247823789C
:102604000000280000000000E10000004378000002
:10261400487847784C004D004E004A78497852007B
:102624000000057E00000000E000067EE2000000DD
:1026340000004278000000000000500051004F00EC
:102644000000000000000000350000000000000051
:102654000000000000000000000000000000000076
:1026640000000000000000000000BE00BD00C1002A
:10267400C20022002300AC00AE00AB00A800AA00F8
:10268400A9002A00000000002B00017E027E037EC8
:10269400007E4600470048000C00120013002A7810
:1026A4002978217800000000390000520152070007
:1026B400090049004A004B000E004B00247823789F
:1026C4000000280000000000E100000000000000FD
:1026D400487847784C004D004E004A7849785200BB
:1026E4000000057E00000000E000E200E3000000BE
:1026F40000004278000000000000500051004F002C
:1027040000000000000000000100000000000000C4
:1027140000000000000000000000000000000000B5
:10272400000000000000000000003A003B003C00F4
:102734003D003E003F004000410042004300440091
:1027440045000100000000000100017E027E037EBE
:10275400007E010001000100010001000100AA0047
:10276400A9000100000000000100010001000100B7
:10277400010001000100010001000100010001004D
:102784000000010000000000010000000100010041
:10279400010001000100010001000100010001002D
:1027A4000000010000000000010001000100000021
:1027B4000000010000000000000001000100010011
:1027C400010000000000000029480000CD52000074
:1027D400F952000025530000515300004148000005
:1027E400C805010902A10185020901A10005091911
:1027F40001290815002501950875018102050109C3
:102804003009311581257F9502750881060938152F
:1028140081257F950175088106050C0A380215810A
:10282400257F950175088106C0C005010980A101B5
:10283400850319012AB700150126B7009501751003
:102844008100C0050C0901A101850419012AA00217
:10285400150126A002950175108100C00501090625
:10286400A1018506050719E029E71500250195084A
:10287400750181020507190029EF1500250195F05E
:102884007501810205081901290595057501910253
:10289400950175039101C00660FF0961A1010962F8
:1028A400150026FF0095207508810209631500268E
:1028B400FF00952075089102C005010906A10105D4
:1028C4000719E029E715002501950875018102958E
:1028D40001750881010507190029FF150026FF006D
:1028E40095067508810005081901290515002501BB
:1028F400950575019102950175039101C0000001D0
:1029040000020001000300010002000100040001B4
:1029140000020001000300010002000100050001A3
:102924000002000100030001000200010004000194
:102934000002000100030001000200010006000182
:102944000002000100030001000200010004000174
:102954000002000100030001000200010005000163
:102964000002000100030001000200010004000154
:102974000002000100030001000200010007000141
:102984000002000100030001000200010004000134
:102994000002000100030001000200010005000123
:1029A4000002000100030001000200010004000114
:1029B4000002000100030001000200010006000102
:1029C40000020001000300010002000100040001F4
:1029D40000020001000300010002000100050001E3
:1029E40000020001000300010002000100040001D4
:1029F40000020001000300010002000100000001C8
:102A0400000000009433010084320020843200204E
:102A14008432002094330100000000000000000014
:102A240000000000943301000000000000000000DA
:102A340000000000943301000000000000000000CA
:102A440000000000943301000000000000000000BA
:102A540000000000943301000000000000000000AA
:102A6400000000009433010000000000000000009A
:102A7400000000009433010000000000000000008A
:102A8400000000000102003031323334353637386B
:102A9400394142434445460016034300490044007B
:102AA4004F004F00200051004B0036003100000061
:102AB4001203520044004D00430054004D005A00DC
:102AC400540000000403090409025B00030100A090
:102AD400FA090400000103010100092111010001A8
:102AE40022440007058103080001090401000203D0
:102AF40000000009211101000122220007058203C0
:102B0400200001070503032000010904020001035A
:102B140000000009211101000122B6000705840309
:102B24002000011201000200000040B036353005DB
:102B340000010203014422B6BD2801009B280100C4
:102B4400E5270100DE2A0100F72A0100172B010006
:102B5400FF00003131295A1B750A000101010101EE
:102B64000101010102020202020202020203030342
:102B74000303030303040404040404040505050512
:102B840005060606060607070707070808080809D2
:102B94000909090A0A0A0B0B0B0C0C0C0D0D0D0E7E
:102BA4000E0E0F0F0F101011111112121313141413
:102BB400151516161717181819191A1A1B1B1C1D88
:102BC4001D1E1E1F202021222223242425262627E1
:102BD4002829292A2B2C2D2D2E2F30313232333413
:102BE40035363738393A3B3C3D3E3F404142434419
:102BF40045464748494A4C4D4E4F505153545556FB
:102C040058595A5B5D5E5F616264656668696B6CA6
:102C14006D6F7072737577787A7B7D7E8082838521
:102C240087888A8C8E8F91939596989A9C9EA0A261
:102C3400A3A5A7A9ABADAFB1B3B5B7BABCBEC0C26B
:102C4400C4C6C9CBCDCFD1D4D6D8DBDDDFE2E4E72F
:102C5400E9EBEEF0F3F5F8FAFDFF000000000000E8
:102C640079CC00001DD00000BFD00000400040001F
:102C7400E8290020E829002001000000DE290020C6
:102C840012210100002A0020C02A00207DD3000068
:102C940005B70000DDC70000000000000004004884
:102CA40003040048040400480504004806040048DE
:102CB400070400480004080C1014181C2024282CB5
:102CC4003034383C4044484C5054585C6064686C20
:102CD4007074787C8084888C9094989CA0A4A8AC10
:102CE400B0B4B8BCC0C4C8CCD0D4D8DCE0E4E8EC00
:102CF400F0F4F8FFFFF8F4F0ECE8E4E0DCD8D4D02A
:102D0400CCC8C4C0BCB8B4B0ACA8A4A09C989490DF
:102D14008C8884807C7874706C6864605C585450CF
:102D24004C4844403C3834302C2824201C181410BF
:102D34000C0804000102030405060708090AFF0041
:102D440000FF8000FFFF0000FF0000FFFF0000FF06
:102D54008000FFFFFFFF0000000000C800C800C89B
:102D6400000000000F0C00480E0C00480F0800483B
:102D74000E0800480D080048030C0048020C0048E7
:102D84000C0800480B0800480A0800480E000048D8
:102D940009080048080800480708004806080048D1
:102DA4000F0400485245454E54206D616C6C6F63AE
:102DB4002073756363656564656400002E2E2F2E91
:102DC4002E2F2E2E2F2E2E2F2E2E2F2E2E2F6E65A3
:102DD400776C69622F6C6962632F7374646C6962C7
:102DE4002F72616E642E63002C2066756E637469A5
:102DF4006F6E3A2000000000617373657274696F2E
:102E04006E2022257322206661696C65643A20660F
:102E1400696C6520222573222C206C696E6520253F
:102E240064257325730A0000232D302B2000000035
:102E3400686C4C00656667454647000030313233A4
:102E440034353637383941424344454600000000A2
:102E5400303132333435363738396162636465660C
:042E6400000000006A
:082E6800F4F2FE7F01000000FE
:102E7000040C00200000000044110020AC110020D0
:102E800014120020000000000000000000000000FC
:102E90000000000000000000000000000000000032
:102EA0000000000000000000000000000000000022
:102EB0000000000000000000000000000000000012
:102EC0000000000003000000441100200000010089
:102ED00001003C000201320100000100000000007E
:102EE00000000000000000000000000000000000E2
:102EF00000000000000000000000000000000000D2
:102F000000000000000000000000000000000000C1
:102F100000000000000000000000000000000000B1
:102F20000000000020000000000000000000000081
:102F30000000000000000000000000000000000091
:102F40000000000000000000000000000000000081
:102F50000000000000000000000000000000000071
:102F60000000000000000000000000000000000061
:102F70000800000000000000000006000000000043
:102F80000000000000000000000000000000000041
:102F90000000000000000000000000000000000031
:102FA0000000000000000000000000000000000021
:102FB00000000000000000000000000020000000F1
:102FC00000000000000004000000000000000000FD
:102FD00000000000000000000000000000000000F1
:102FE00000000000000000000000000000000000E1
:102FF00000000000000000000000000000000000D1
:1030000000000000000000000300000000000000BD
:1030100000000300000000000000000000000000AD
:1030200000000000000000000000000000000000A0
:103030000000000000000000000000000000000090
:103040000000000000000000000000000000000080
:10305000000000000300000000000000000002006B
:103060000000000000000000000000000000000060
:103070000000000000000000000000000000000050
:103080000000000000000000000000000000000040
:103090000000000000000000000000000000000030
:1030A000060000006C0C0020B80C0020000000009E
:1030B00000000000E80D00209C0D0020500D0020B5
:1030C00000000000040D00200000000000000000CF
:1030D000340E0020A1C9000085C900007DD1000088
:1030E0004DB8000069B8000079B80000380E002023
:1030F000A1C9000085C900007DD100004DB80000C5
:1031000069B8000079B800003C0E0020DDC900005D
:10311000B9C900009BD10000A9B80000CDB80000DB
:10312000E5B80000FF0014004100410041004100EB
:103130004100390535AB0000C9B60000D1EC0000F4
:10314000DFEC0000EDEC0000FBEC000009ED0000FE
:1031500000FF00FFFF03000000000000000000006F
:10316000000000000000000000000000000000005F
:10317000000000000000000000000000000000004F
:10318000000000000000000000000000000000003F
:1031900003000000000000009BCA000000000000C7
:1031A00020000000000000000000000002000000FD
:1031B000000000000000000000000000000000000F
:1031C0000000000000000000B030002004000000FB
:1031D0000400000020000000802B00200000000000
:1031E00000000000980E0020000000000000000019
:1031F00000000000000000000000000000000000CF
:1032000000000000000000000000000000000000BE
:1032100000000000000000000000000000000000AE
:1032200003000000000000009BCA00000000000036
:103230000800000000000000000000000200000084
:10324000000000000000000000000000000000007E
:103250000000000000000000B0300020010000006D
:103260000400000008000000502B002000000000B7
:10327000000000007C0E00200000000000000000A4
:10328000000000000000000000000000000000003E
:10329000000000000000000000000000000000002E
:1032A000000000000000000000000000000000001E
:1032B00003000000000000009BCA000000000000A6
:1032C00020000000000000000000000002000000DC
:1032D00000000000000000000000000000000000EE
:1032E0000000000000000000B030002002000000DC
:1032F0000400000020000000C02A002000000000A0
:1033000000000000600E0020FF02C8000000000066
:1033100000000000000000000000000000000000AD
:10332000000000000000000000000000000000009D
:10333000000000000000000000000000000000008D
:10334000000000000300000000000000000000007A
:103350005BCB000000002000000000000000000027
:10336000020000000000000000000000000000005B
:10337000000000000000000000000000B03000204D
:10338000030000000400000020000000102C0020BA
:043390000000000039
:040000030000019167
:00000001FF
