:1000000000040020910100000D1301000F1D0100EC
:100010009301000093010000930100009301000090
:100020009301000093010000930100009301000080
:100030009301000093010000930100005D1D010089
:100040009301000093010000930100002948000083
:10005000930100004D48000061480000B9480000CD
:100060009301000093010000A548000093010000E7
:1000700093010000930100009149000069480000CD
:100080007D480000914800009301000093010000AA
:100090009301000093010000930100009301000010
:1000A0009301000093010000930100009301000000
:1000B0009301000093010000930100006D220100F4
:1000C00072B6244880F30888234880F30988022008
:1000D00080F31488BFF36F8F10F014F90FF007FD51
:1000E0001E481F491B4A914202DA08600431FAE7B0
:1000F0001C49194A914202DA08600431FAE71A49A8
:100100001A4A1B4B9A4204DA086810600431043220
:10011000F8E700201749184A914202DA08600431D2
:10012000FAE710F0F3F810F0EEF8144C144DAC426E
:1001300003DA216888470434F9E70BF0F7F8114C2B
:10014000114DAC4203DA216888470434F9E70F49BE
:100150000847000000040020000C002055555555AC
:1001600000000020000400201C380100000C0020CA
:100170000013002000130020E0320020C000000027
:10018000C0000000C0000000C00000000903010022
:1001900096E700F000F8FEE7F0B544464D465646B7
:1001A0005F46F0B46B46CB60C3689D46F0BCA0468A
:1001B000A946B246BB46F0BD62B6281CA047002047
:1001C00011F05EF8FEE710F0BFFF024A024B136029
:1001D000FEE7C04604ED00E00000008002B4714676
:1001E00049084900095649008E4402BC7047C04680
:1001F00002B4714649084900095C49008E4402BCBA
:100200007047C04603B47146490840004900095E82
:1002100049008E4403BC704703B47146490840004E
:100220004900095A49008E4403BC70470022430824
:100230008B4274D303098B425FD3030A8B4244D3AE
:10024000030B8B4228D3030C8B420DD3FF220902F0
:1002500012BA030C8B4202D31212090265D0030BAF
:100260008B4219D300E0090AC30B8B4201D3CB03A5
:10027000C01A5241830B8B4201D38B03C01A5241E7
:10028000430B8B4201D34B03C01A5241030B8B42E9
:1002900001D30B03C01A5241C30A8B4201D3CB02D4
:1002A000C01A5241830A8B4201D38B02C01A5241B9
:1002B000430A8B4201D34B02C01A5241030A8B42BC
:1002C00001D30B02C01A5241CDD2C3098B4201D3D4
:1002D000CB01C01A524183098B4201D38B01C01A52
:1002E000524143098B4201D34B01C01A52410309C9
:1002F0008B4201D30B01C01A5241C3088B4201D378
:10030000CB00C01A524183088B4201D38B00C01A24
:10031000524143088B4201D34B00C01A5241411A4B
:1003200000D20146524110467047FFE701B5002058
:1003300000F0F0F802BDC0460029F7D076E770471C
:1003400003460B437FD4002243088B4274D3030936
:100350008B425FD3030A8B4244D3030B8B4228D3D7
:10036000030C8B420DD3FF22090212BA030C8B42FD
:1003700002D31212090265D0030B8B4219D300E09D
:10038000090AC30B8B4201D3CB03C01A5241830B22
:100390008B4201D38B03C01A5241430B8B4201D3D2
:1003A0004B03C01A5241030B8B4201D30B03C01AFB
:1003B0005241C30A8B4201D3CB02C01A5241830A75
:1003C0008B4201D38B02C01A5241430A8B4201D3A4
:1003D0004B02C01A5241030A8B4201D30B02C01ACE
:1003E0005241CDD2C3098B4201D3CB01C01A524135
:1003F00083098B4201D38B01C01A524143098B42BE
:1004000001D34B01C01A524103098B4201D30B01A6
:10041000C01A5241C3088B4201D3CB00C01A5241CB
:1004200083088B4201D38B00C01A524143088B4290
:1004300001D34B00C01A5241411A00D20146524129
:10044000104670475DE0CA0F00D04942031000D348
:100450004042534000229C4603098B422DD3030A9D
:100460008B4212D3FC22890112BA030A8B420CD3AD
:10047000890192118B4208D3890192118B4204D3D6
:1004800089013AD0921100E08909C3098B4201D356
:10049000CB01C01A524183098B4201D38B01C01A90
:1004A000524143098B4201D34B01C01A5241030907
:1004B0008B4201D30B01C01A5241C3088B4201D3B6
:1004C000CB00C01A524183088B4201D38B00C01A63
:1004D0005241D9D243088B4201D34B00C01A52413A
:1004E000411A00D20146634652415B10104601D3C7
:1004F0004042002B00D54942704763465B1000D351
:10050000404201B5002000F005F802BD0029F8D0F6
:1005100016E770477047C046844608006146FFE70B
:100520001FB500F00FFB002801D40021C8421FBDF9
:1005300010B500F097FA4042013010BD10B500F040
:1005400001FB002801DB002010BD012010BDC046CA
:1005500010B500F0F7FA002801DD002010BD0120E1
:1005600010BDC04610B500F0A5FA002801DC00203F
:1005700010BD012010BDC04610B500F09BFA002848
:1005800001DA002010BD012010BDC0461C2101234E
:100590001B04984201D3000C10391B0A984201D366
:1005A000000A08391B09984201D30009043902A244
:1005B000105C40187047C0460403020201010101AB
:1005C0000000000000000000002B11D1002A0FD114
:1005D000002900D1002802D00021C943080007B437
:1005E000024802A14018029003BDC04629FFFFFF48
:1005F00003B4684601B5029800F052F8019B9E468C
:1006000002B00CBC7047C046F0B5CE469946030C0C
:100610009C46130447461B0C1D000E006146040453
:10062000240C80B50700100C4B43654341436043E5
:100630002C0CC01824188C46A34203D980235B02DB
:100640009846C444494679435643230C2D042D0C47
:100650008919634424046019C918C0BCB946B0465E
:10066000F0BDC04670B500220C4B04000D0002F036
:1006700043FA002804D12000290002F033F970BDAC
:10068000064B00222000290001F0F4FC02F02AF9B8
:1006900080231B069C466044F1E7C0460000E04111
:1006A000F0B557464E464546DE46E0B504000D001F
:1006B0009246994683B08B4230D82DD04946504659
:1006C00002F024FA29000600200002F01FFA331A73
:1006D0009846203B34D49B4653465A469340424664
:1006E0001F00534693401E00AF423BD8AF4200D19B
:1006F00079E05B46A41BBD41002B00DA76E00022C6
:1007000000230092019301235A4693400193012351
:1007100042469340009329E08242CFD90022002331
:10072000009201930C9B002B01D01C605D6000982F
:10073000019903B0F0BCBB46B246A946A046F0BD45
:1007400042469B4620239B1A5246DA4041461300FC
:100750004A468A40170042461F43534693401E00B4
:10076000AF42C3D900220023009201934346002BDD
:10077000D8D0FB0772081A4346467B080EE0AB420E
:1007800001D1A2420CD8A41A9D41012024196D4127
:100790000021013E24184D41002E06D0AB42EED977
:1007A000013E24196D41002EF8D1009801995B4655
:1007B00000196941002B24DB2B005A464646D340E2
:1007C0002A001C00F2405B461500002B2ADB2600A5
:1007D0009E40330026004746BE403200801A9941B1
:1007E000009001919EE7A342BCD882E742462023B5
:1007F00000219B1A0022009101920122DA4001920D
:1008000085E7424620239B1A2A0046469A40230049
:10081000F340464613432A001C00F2405B46150095
:10082000002BD4DA202342462F009B1B9740260042
:10083000DE403B003343CDE7F0B546464F46D64653
:100840004502C0B5C30F470098460E1C6D0A3F0E07
:100850005BD0FF2F21D08023ED00DB041D4300235C
:1008600099469A467F3F74027300640A1B0EF60F86
:10087000002B20D0FF2B43D080220020E400D204A4
:1008800014437F3B4246FF1A4B4672400F2B00D960
:100890009DE071499B00CB589F46002D5AD10823FB
:1008A0009946063B74029A467300FF27640A1B0EA2
:1008B000F60F002BDED1002C3BD1012342464946E6
:1008C000724019430E2918D86448890041588F4650
:1008D0005346022B00D1B8E0032B6ED042462C00C9
:1008E000012B40D100200024C0052043D207104333
:1008F000E0BCBA46B146A846F0BDFF200024F3E7AD
:10090000002C20D10223FF3FD8E7002D05D104237E
:100910009946033B00279A46A5E72800FFF736FED5
:100920007627431F9D4000237F4299469A463F1AEF
:1009300099E72000FFF72AFE431F9C4076235B4285
:100940001B1A00209EE703234A461A4391460320C0
:10095000FC3397E70C239946093BFF279A4682E729
:1009600003282CD0320038007F30002847DD630791
:1009700004D00F232340042B00D00434230103D5DB
:100980003800374B80301C40FE28B6DCA401640AD6
:10099000C0B2A9E780240022FF20E403A4E780235B
:1009A000DB031D4201D01C420BD08024E4032C4306
:1009B00064024246FF20640A96E746462C008023E4
:1009C000DB031C4364023200FF20640A8CE76D01E4
:1009D000600185422DD21B230024013F01262900FE
:1009E00064006D00002901DB854201D32D1A3443D8
:1009F000013B002BF3D16B1E9D412C43B3E7012338
:100A00001B1A1B2B00DD6DE721009E37D940BC402F
:100A10000B00611E8C412343590704D00F2119405C
:100A2000042900D00433590113D49B0100205C0A2F
:100A30005AE71A2301242D1AD0E7981E4342584141
:100A4000404232000024C0B24EE74246FF2000245C
:100A50004AE70120002447E774290100B429010076
:100A6000FFFFFFF770B542004E024C0045026D0AD1
:100A7000120EC30F760A240EC90FFF2A10D0FF2CC6
:100A80000CD00120A2420AD1B54208D18B420FD02E
:100A9000002A04D12800431E984100E0012070BDC7
:100AA0000120FF2CFBD13543F9D14B401800F6E76C
:100AB0000020F4E730B5420044024D02C30F480065
:100AC000640A120E6D0A000EC90FFF2A18D0FF2803
:100AD0000AD0002A1ED100280AD1002D29D0002CCE
:100AE0002DD14800013830BD002D25D1002A01D17B
:100AF000002CF6D08B4219D001205B421843F2E75C
:100B0000002C19D1FF28F7D1002D15D100208B42E0
:100B1000F2D1E8E70028EFD08B42EDD18242EBDC46
:100B200004DBAC42E8D80020AC42DCD258000138EB
:100B3000D9E7002CD7D0DFE702204042D3E78B4231
:100B4000DAD1EEE730B5420044024D02C30F48004F
:100B5000640A120E6D0A000EC90FFF2A17D0FF2873
:100B60000AD0002A1BD100280AD1002D1DD0002C4C
:100B70002DD14800013811E0002D0ED1002A01D1FD
:100B8000002CF6D08B420CD15800013806E0002C26
:100B900003D1FF2805D1002D15D0022030BD00283B
:100BA00006D101205B421843F8E7002CF6D0F8E7A5
:100BB0008B42F6D18242F4DCE6DBAC42F1D8002075
:100BC000AC42EBD2E0E700208B42EAD1E6E78B4271
:100BD000E7D1F2E770B5002812D0C317C5185D4001
:100BE000C40F2800FFF7D2FC9E231B1A962B0FDCA4
:100BF000082838D0083885406D026D0AD8B202E066
:100C0000002400200025C0052843E407204370BDD0
:100C1000992B14DC421F95402A00154911405507B5
:100C20001CD00F252A40042A18D00431CA084901D3
:100C300015D59F235202181A550AC0B2E3E70200E5
:100C400029001B3291404A1E91410522121AD540BB
:100C50002A000A43064911405507E2D1CA08520248
:100C6000550AD8B2CFE76D026D0A8E30CBE7C04689
:100C7000FFFFFFFBF0B54F464646D646C0B50D0315
:100C800082B0009201934E00C300CC0F690A450F59
:100C90009C46009A019B0D435F001903D80F009BEF
:100CA000490A5B0F1943009B760D7F0DDA00F31B99
:100CB000844258D0002B13DD002F00D088E00800BC
:100CC000104300D159E1581E012B00D1C2E2B14FAF
:100CD000BB4200D141E1382800DD6AE2030064E153
:100CE000002B00D1B1E0BB1B002E00D0E1E1644637
:100CF0002C4300D176E25C1E012B00D1E8E2A54E28
:100D0000B34200D1B7E2382C00DC6BE3541EA242A0
:100D1000924152428D1AA0461E0004002A0268D455
:100D200043461F1D47459B415B42ED182B0200D4F3
:100D30009DE3984A0136964200D1EBE0964A73054E
:100D40002A405B0D5107FF0852020F43120B1B058F
:100D50001343E40723433800190002B0E0BCBA464D
:100D6000B146A846F0BD002B00DCD7E0002F00D034
:100D70009AE00800104300D1FFE0581E012B00D17B
:100D800048E2844FBB4200D1E7E0382800DCB8E2FB
:100D900080221204154200D149E31E0000231500F1
:100DA00098467C4B01369E4200D1B3E07A4B01213C
:100DB0001D4043465A081940EF070A4317436D0880
:100DC0007B07B3D00F233B40042BAFD0B846A7E737
:100DD0007048864200D1C0E0382B00DCE2E00123FD
:100DE0005B4263449C45804140422D1A98462B0249
:100DF00096D501235B429846684D2800FFF7C6FB55
:100E00000300083B20214046CA1AD0400200404659
:100E10009D4098402A438046B34200DA72E1981B15
:100E200043460130091A45468B40C5405E1EB3411A
:100E300017008F402B431F43C2403B001500002684
:100E40001343BDD10027002281E7554F731C3B425D
:100E500000D01BE163460F002B431743002E00D048
:100E6000C4E1002B00D145E2002F00D107E1634629
:100E70009B1A9846C445B6416B1A76429B1B802646
:100E80003604334200D1CBE26346D31A9A429241F0
:100E90001F00491B52428A1A9C46174300D0EDE2BC
:100EA00004000023002252E73A48864255D0382BEE
:100EB00000DD48E18020000401431F2B00DDE3E159
:100EC0002027F81A824608005746B840814610008D
:100ED0004F46D840074338005746BA40D940571EBE
:100EE000BA416D18104360448046E045804140425D
:100EF0002D182B0200D554E743465B0700D1B9E219
:100F00000F2342461340042B00D009E7330042462A
:100F1000D20834E033000022002718E7002B00D16C
:100F20008FE0BB1B002E00D033E16046284300D188
:100F300040E2581E012B00D10AE2164EB34200D106
:100F400085E2382800DC87E280252D04294200D183
:100F50009CE21E000023984623E763466E07D808EC
:100F60000643ED0837002F4311D0802212032A4395
:100F700012033700074B120BE9E66246D2086E07F0
:100F80001643044AED089342ECD03700D6E0014BFB
:100F90000022DCE6FF070000FFFF7FFFFFFF7F006E
:100FA000FE0700008020000401431F2B00DDB1E09C
:100FB0002027F81A824608005746B840814610009C
:100FC0004F46D840074338005746BA40D940571ECD
:100FD000BA416D1A104363461B1A9C4580419846DE
:100FE00040422D1A2B0287D56D026D0A002D00D0CC
:100FF00003E74046FFF7CAFA030018331F2B00DC53
:1010000000E74246083882409E4200DD91E09B1B8B
:10101000581C1F2800DCF8E117001F3BDF40202888
:1010200005D040231B1A9A40531E9A411743002FA4
:101030003CD000267B0700D0C4E63500B84633001C
:1010400065E7CB48731C034200D085E063462B4321
:10105000002E00D092E10F001743002B00D1D8E101
:10106000002F0CD06244624580416D1840422D181B
:101070002B0200D5F2E1170094462F4316D06346A9
:101080006F07D80807430023ED0857E063469B1A13
:101090009846C445BF416B1A7F42DB1B1F0200D537
:1010A000AEE047461D001F43A0D1002400230022CC
:1010B0004DE6B04CA74200D1DDE0382B00DD85E0E5
:1010C0008024240425431F2B00DDECE02026F41AA5
:1010D000A1462C004E46B4406646DE403443A0464E
:1010E00066464C46A640DD40741EA6414446491B58
:1010F0003443131B9A4292415242984604003E00E8
:101100008D1A6FE7F61A03009B4D15405B0700D060
:10111000F6E6FBE618000F002038C740202B03D06E
:101120004020C31A99400A43531E9A411000384385
:1011300051E79149F31A0A405707D5082A035B057E
:10114000120B5B0D03E680231B041D4200D1BBE0A4
:101150001D000023984624E68648834200D1DAE643
:10116000624462458041691840420918C807520824
:10117000104380464D08520705D00F221E00024042
:10118000042A00D0CCE542466F07D20817430D0968
:10119000D4E77848874200D1D5E0382B00DCB2E0B4
:1011A00080252D04294200D14CE100233E009846C1
:1011B000F7E50122524262449445804140422D1A93
:1011C00090461E002A0200D513E6A9E5531E9A4256
:1011D000924152428D1A984604003E002B0200D5DF
:1011E00007E69DE504000D00D208C8E6002B00D0FC
:1011F000E3E0002F3FD1802200245E4B1203A6E5DE
:101200006346D31A9A4292414D1B524298460400BB
:10121000AD1AEBE662441600664580416A1840420A
:101220001218130200D49DE0534973080A40D107F5
:10123000194357085B0700D1FEE00F230B40042B36
:1012400000D1F9E00B1D98468845AD416D4202235F
:10125000ED195CE663469B1A9C4580416D1A40423D
:101260002D1A98462B020DD443466F07DB081F4307
:10127000ED08012362E74E07D20804001643CD08AB
:1012800070E604000126AFE618000F002038C740C2
:10129000202B03D04020C31A99400A43531E9A4181
:1012A000100038431FE61C002E00203CE640202B97
:1012B00005D04024E31A9D4063462B439C46644678
:1012C000631E9C41344314E701236344984627E599
:1012D0006346D31A9A4292414D1B5242AD1A984628
:1012E0002B02CED443466F07DB081F4304000123C3
:1012F000ED0823E7002F00D1D7E604000D00944647
:10130000BDE60300D9E58020000405431F2B6BDCFC
:101310002020C01A804628004646B0406646DE407F
:101320000643B14660464646B040DD40461EB041E9
:101330004E4649193043804690449045924152426E
:101340003E005518D5E54E07D2081643CD0809E6EC
:1013500063469E1896429241691852428A181302B7
:1013600000D561E75707F60801233743D508E5E6BE
:10137000FE070000FF070000FFFF7FFF002BE2D009
:101380006346DE086B071E430B00ED08134300D1D4
:10139000E8E580231B031D4206D0C808184203D18C
:1013A0000500D60849070E43730FF600F6085B07E1
:1013B0001E43D7E50D00D208E1E56346DE086B0762
:1013C0001E43ED08002F00D1CCE580231B031D42F6
:1013D000EAD0CF081F42E7D1D608490704003D00F4
:1013E0000E43E1E723006EE618002E002038C640C9
:1013F000202B05D04020C31A9D4063462B439C46BA
:101400006046431E9841304395E720210023091A86
:101410000EE50023002F00D1BAE50D00904676E5D9
:1014200047461F4300D140E61D00C44627E601227F
:10143000624490461E0073E4C9087F0702230F43ED
:1014400015097BE6531C98460D003E0068E4D6085B
:101450004B071E43CD0885E5030057E7114BD20823
:101460002B405F0717435A02120B01236FE433002E
:10147000B8464CE54346DA08330080E532420AD0EC
:10148000084B04001A40674601235BE40132904692
:101490000D001E0044E4DB0857071F43040000232F
:1014A000D5084BE6FFFF7FFFF0B5DE4645465746C1
:1014B0004E46E0B587B0009201930B031B0B9B4691
:1014C000CA0F4B00040080465B0D029200D1BFE0C2
:1014D0008F4A934238D05946420FC9000A438021AF
:1014E00009041143C20090468A4A894692469A44AA
:1014F000002300240393009E019F3B031B0B7A00F3
:1015000030009B46520DFD0F002A00D17FE0804B3A
:101510009A426ED05946730FC9000B4380210904CB
:1015200019438B467B49F3008C46514662448A1A24
:1015300092460021029E6E40F6B20F2C00D9F9E0CF
:10154000754AA400125997465A460243914600D064
:10155000B6E09A460223904608240393CBE72E0078
:1015600000210023002288461B051343F60733435E
:101570004046190007B0F0BCBB46B246A946A0469B
:10158000F0BDCB464346029D0399022900D1FAE102
:10159000032900D1A1E00129E1D0604A52449046DC
:1015A0004446002C00DC00E25A0704D00F221A4007
:1015B000042A00D07FE22E00DA085B46DB0106D564
:1015C0005946574B802419408B46E4005444554BF0
:1015D0009C4209DC5B465B07134398465B46640507
:1015E0005A02120B630DBFE7002100228846484BC8
:1015F000BAE75B46009A13434B4A9446E244002BF9
:1016000059D10222144300220221934692E75B46FD
:10161000009A134349D05B46002B00D1A4E1584601
:10162000FEF7B4FF030002000B3B1D27009EFB1AD0
:1016300011005846DE4008398840330003439B467A
:10164000009B8B40394952448A460021924471E7FD
:101650005B460343994621D05B46002B00D171E1E4
:101660005846FEF793FF0B235B429C4602008444DE
:1016700066461D239B1B260011005846DE40083994
:10168000884033000343994623008B409846284BFB
:1016900000249B1A9A46002303932CE700239846C4
:1016A0009A4601330424039325E7012214430022C0
:1016B000012193463EE7032303211C43330039E70E
:1016C0009A460323D9460C24039314E7002380226F
:1016D000984600260E4B120346E780225946120315
:1016E0000A43120398462E00094B120B3CE7802256
:1016F00049461203114202D059461142F0D08022CD
:101700004B4612031A431203029E014B120B2BE7A6
:10171000FF07000001FCFFFFF0290100FF030000AC
:10172000FFFFFFFEFE07000001F8FFFFF3030000CC
:101730000DFCFFFFCB4500D2FAE000D1F5E001221D
:10174000524294460022444648469046E2445A4655
:101750001F0E12021B020293130C994617433B04FF
:101760001B0C49460093FEF7E7FD009A0B04424329
:10177000210C050019438A4207D9C919013D8F423E
:1017800003D88A4201D9851EC919881A4946FEF72D
:10179000D3FD009A240442430904240C03000C43A3
:1017A000A24204D9E419013BA74200D8F7E002990C
:1017B000A01A2D040C0C09041D43090C2A0C2B043F
:1017C000AB460D001B0C5D430591634351430494EC
:1017D00062435B182C0CE318994203D9802149021B
:1017E0008C466244190C2D041B042D0C8A185D19BB
:1017F000904200D287E000D182E043465D1BA845BD
:101800009B41801A5B42C01AB14B534498461C005E
:10181000874200D10CE14946FEF78EFD0200009B95
:1018200003905A430B04290C19438A420AD9030036
:10183000C919013B03938F4204D88A4202D9831EFF
:101840000393C919881A4946FEF776FD0A00120467
:1018500094462A0465460099120C414303002A432A
:10186000914207D9D2190138974203D8914201D940
:10187000981ED219039B521A1B0403430598190C96
:1018800005008C461904090C4D43894661460095B4
:101890006546484304994D43AC464D464D4329188F
:1018A000009D2D0CA9464944884203D9802040025E
:1018B0008146CC44009D080C2D0409042D0C604485
:1018C0004D1982420FD30BD001221343814A924516
:1018D0006CDB1A1D9A429B415B42D2089B446CE62A
:1018E000002D00D193E0591EBA188C46BA4200D29E
:1018F00085E0824200D2C7E000D1D5E00B00E3E7EB
:10190000A84500D379E75B46591E029B9C46E044FC
:101910001C0098459B415B42DB19C018874238D2B6
:10192000824278D875D08B4667E7434500D906E7F1
:101930004A46D40750084246520814434246D2074A
:10194000904604E7FEF722FE15239C4684440200DD
:10195000634620321C2B00DC8AE6230008388340D3
:1019600099460023984692E6FEF710FE0300020017
:10197000153320321C2B00DC57E6009908388140D3
:1019800000238B465EE600212E0000228846524B43
:10199000EAE58742C7D14445C2D98B462DE7A2422A
:1019A00000D804E7831EE41901E72E000122414616
:1019B000521A382A00DDD3E51F2A3FDC47481C00B5
:1019C0005044594683408140D440581E83412143AE
:1019D0000B435946D1400A00590709D00F2119403D
:1019E000042905D0191D99429B415B42D2180B0076
:1019F000110268D50021012300228846B4E50B00BE
:101A0000824200D060E7029A954200D05CE7350040
:101A1000C6E5454587D902235B429C46029BE344C9
:101A20009C46E04498459B415B42DB19C018E4E6C4
:101A3000002B36DD012300229B44BEE51F214046DA
:101A40004942091A5846C8400100202A04D0584685
:101A5000234A5244904003435A1E934107200B43AC
:101A6000010000221940184209D00F211940042911
:101A70001FD0181D98428941030049424907DB08DD
:101A80000B43984600236FE50299023B49008C46C0
:101A900002998C4589414942C919521861460291FF
:101AA000AEE701235B4281E70299A942ECD363468A
:101AB000A9E70021E3E71A1D9A429B415B422E00F1
:101AC000D2089B4479E551075202120BD7E7C04672
:101AD000FF03000002FCFFFFFF0700001E040000E0
:101AE0003E040000F0B557464E464546DE46E0B59A
:101AF0001F000B031B0B16009846CA0F4B00040077
:101B0000924685B05B0D00D1C2E1CC4A934200D130
:101B100028E14146420FC9000A43802109041143CC
:101B2000C2009146C64A884693469B44002300253E
:101B300001933C037A00FB0F3000240B520D0093FD
:101B400000D185E1BD4B9A4200D160E1BC4B9C467F
:101B5000624493440A2D00DD14E1730FE4001C433A
:101B600080231B042343F0005246009900264A407C
:101B70009246022D11DD0122AA40A6211400C900BF
:101B80000C400A4200D0FDE0902189000A4200D0BA
:101B9000D4E18821114200D0EFE049464A460904C9
:101BA000140C090C020C0F0015000004000C654316
:101BB00047430195B9462F000D0006005543AC463A
:101BC0004D4666432D0CB4446544AE4205D93E00F3
:101BD00080277F02BC46664401964F463F043F0C77
:101BE0002E0C2D04ED1902951D0C1B041B0C0095E9
:101BF0001D001F0065434F43AC46009D69436C4385
:101C00003D0CA946614449448C4503D980256D02A9
:101C1000AC4664443F040D0C3F0C0904C919AC46A2
:101C20007518039545462E04360C2F0C3500454398
:101C30007843804638006444AC462D0CA946504396
:101C4000724342444A44904503D980256D02A84618
:101C50004044150CA84665462D042D0CAC463500B5
:101C60005D4312046244AC467B43009D4044984669
:101C70002B006E4365467B4346442D0CAD191F0077
:101C80000093A84504D980235B02984647440097F7
:101C9000039B019E98462B044644984663468E4219
:101CA00089411B041B0C4344B61849421B195F1899
:101CB00096429241BC465242804691468C458941AB
:101CC000A3429B41E044C14449425B429145924159
:101CD0000B43804589412D0C494252420A435B190E
:101CE0009B18009A029994464A4663445B02D20DBF
:101CF0001A43904672020A43511E8A41F60D16435A
:101D00004A4652021643B146DB0154D44D4A5A4466
:101D1000002A00DC18E133005B0715D00F215B4679
:101D20003140042910D04946081D48458941814663
:101D3000494288444146C90106D54146424A1140BC
:101D400080228846D2009A18404B9A4200DD2BE14F
:101D500041464B464C07DB081C4352054B021B0B0C
:101D6000520D1AE042460243914600D0E0E09B4605
:101D70000223904608250193DBE6009A9846924696
:101D800081460196019B022B00D10DE1032B35D03A
:101D9000012B1BD100220023002412051A435346B5
:101DA000DB071A432000110005B0F0BCBB46B24669
:101DB000A946A046F0BD01227308324013434246B3
:101DC000D2071343994643465B08984680225B46F8
:101DD000D2005A440133002A00DCB6E049464907E4
:101DE000A8D00F214846014004299CD1A2E70F2D1D
:101DF00000D1FDE0009BA0469A46B14680234246B2
:101E00001B0313431B034C460C4A1B0BC5E70B4932
:101E100033008C462343E344002B77D1022129432E
:101E20000A29AFDC5046009C60408246002D00D15C
:101E30000EE10D00002002269DE6C046FF070000CF
:101E400001FCFFFFFF030000FFFFFFFEFE07000095
:101E5000230033434BD0002C00D1BBE02000FEF721
:101E600095FB030002000B3B1D20C31A3000D84035
:101E700011000300300008398C4088402343594644
:101E80008A1A78498B4693440A2D00DC6CE679E780
:101E900043460343994623D04346002B00D187E0B5
:101EA0004046FEF773FB0B235B429C4602008444D2
:101EB00011004046083988401D23804660461B1AA1
:101EC0002000D840030040460343984623008B403F
:101ED0009946644B00259B1A9B460023019328E6F4
:101EE000002398469B4601330425019321E60122F5
:101EF00015430A2D00DD45E7524600994A409246B7
:101F0000022D00DC46E70020012634E603231D43B2
:101F10000A2D00DD6BE75346009A882153400122C9
:101F2000AA409A4603262300114200D135E624E751
:101F30009B46032381460C250193FAE500239A462C
:101F40008023494A1B0328E75B460121891A382967
:101F500000DD1FE71F295ADD1F204042821A40463C
:101F6000D040202908D0414A9446424663449A40D2
:101F700013004A461A4391464A460721531E9A4186
:101F80000C00024300231440114209D008311140D3
:101F9000042960D0111D9142A4410A0064426407E3
:101FA000D20814430022F8E6002300242E4AF4E667
:101FB000FEF7ECFA15239C46844402006346203267
:101FC0001C2B00DC74E7002399462300083883406B
:101FD00098467EE7FEF7DAFA030002001533203256
:101FE0001C2B00DC40E7330008388340002046E724
:101FF000802342461B031A4200D1FFE61C4200D058
:10200000FCE6009A234392463400174AC5E6184A74
:10201000404694464A4663449840CA4010434A4664
:102020009A40531E9A4143460243CB40510709D080
:102030000F211140042905D0111D914292415242B5
:102040009B180A00190208D5012200230024A4E6E7
:1020500000230024A1E60024A2E75C075B021B0B1F
:102060009EE7C0460DFCFFFFFF0700003E04000096
:102070001E040000F0B54E464546DE465746E0B524
:1020800083B0009001910D034E000199760DCC0FA5
:10209000690A009D6D0F0D43009900920193C800DD
:1020A0001903019BCB4A5B005B0D9946019B83465C
:1020B000DB0F98464B0A0099490F1943009BDB0040
:1020C0009C469A46914500D173E0012347465F4004
:1020D0004B46B846F31ABC4216D0002B00DC9AE2FD
:1020E0004F46002F00D082E067460F4300D13AE10F
:1020F0005F1E012B00D1A4E2934200D12EE1382FC4
:1021000000DD43E23B003EE1002B00DCD7E24F461E
:10211000002F00D0F8E067460F4300D123E15F1E97
:10212000012B00D157E2934200D117E1382F00DC98
:1021300004E380221204154200D1AAE31E00150018
:102140000027A44B01369E4200D103E10122A24B9D
:102150003A401D4079081143EA070A436D085307C6
:1021600009D00F231340042B05D017003A1DBA42A3
:10217000BF417F42ED192B0200D477E39549013628
:102180008E4200D1E6E0944973050D405B0D69076E
:10219000D2086D020A432D0B1B052B43E407234392
:1021A0001000190003B0F0BCBB46B246A946A046D9
:1021B000F0BD8A4BF21863460B434CD0444550D0D7
:1021C000002A6CD0002E00D17DE1634644464F07C3
:1021D000DA081743C8083A00024300D1CDE0802551
:1021E0002D0305432D033A007A4B2D0BD4E796427D
:1021F00000D1B3E0382B00DCC2E0471EB84280417A
:1022000040422D1A2B02B1D50127754D7F4228007F
:10221000FEF7BCF90838202339001A1A8540D1404E
:1022200087402943B04200DA45E1801B01301B1A88
:102230003D009F40C5407A1E97410A009A402F43B7
:102240003A43C14013000D0000260B4300D086E73F
:1022500000220025A0E7474601235F40B8464445D9
:10226000AED1002A00D1EFE0002E00D088E14B462D
:102270002A00024300D1A0E25A1E012B00D1B7E28E
:10228000544EB34200D17BE1382A00DC12E38025B2
:102290002D04294200D112E31E00002751E7514AC4
:1022A000731C134200D0F4E062462B000A43034340
:1022B000002E00D074E1002B00D123E2002A00D1CF
:1022C000E0E06346C71AB842924180266B1A524238
:1022D0009B1A3604334200D1C1E26346181A844582
:1022E00092414D1B5242AD1A0124020043462A433B
:1022F0001C40002A00D1DBE0354200D1E9E2364B38
:1023000002001D40012342E7964227D0382B00DD12
:1023100011E18022120411431F2B00DDA1E12022D4
:102320000F00D21A914697406246DA401743B846EA
:1023300062464F46BA40D940571EBA4147466D18CB
:1023400017433F188742804140422D182B0200D589
:10235000F7E634E03300002500221DE7C0086F07D0
:102360000743E80837E7C7086A071743194AE80828
:10237000934200D12FE73A00D8E0164B00250BE737
:102380008022120411431F2B00DDB7E020220F0032
:10239000D21A914697406246DA401743B8466246E1
:1023A0004F46BA40D940571EBA4147466D1A1743A7
:1023B000C71BB842804140422D1A2B0216D47B071E
:1023C00000D179E20F233B40042B00D0CEE633004E
:1023D000FF08C9E7FF070000FFFF7FFF01F8FFFFCD
:1023E000FFFF7F00FE070000444601266D026D0AD4
:1023F000002D00D00BE73800FEF7C8F803001830B6
:102400001F2800DC07E73900083B9940864200DDC1
:1024100087E0831B581C1F2800DC14E20A001F3BC6
:10242000DA40202805D040231B1A99404B1E9941C1
:102430000A43002A3CD00026530700D091E617003B
:1024400035003300FF088FE7CA4A731C13427AD164
:102450002B000343002E00D092E162460A43002B7A
:1024600000D1F4E1002A0DD06346C71887428041AD
:102470006D1840422D182B0200D512E23A00BB46DF
:102480002A4315D05B466A07DF083A430023E80871
:102490004CE06346C71AB84292416B1A52429B1AEB
:1024A0001A0200D587E03A001D001A43A0D100248B
:1024B0000023002570E6B04D361A0D407B0700D092
:1024C00080E7330084E74B462A0002437ED05A1E41
:1024D000012B00D11FE1A94CA34200D198E1382A79
:1024E00000DC9CE16246571EBC45924152428D1A67
:1024F00044461E002A0200D586E637E61A000F0081
:10250000203AD740B846202B05D04022D31A994014
:1025100063460B439A4657467B1E9F4143461F43E3
:1025200046E7954A331A11404A07C80805035B0578
:102530002D0B5B0D30E680231B041D4200D1FBE018
:102540001D000027FDE58D4A934200D103E7624656
:10255000821882428041691840420818C707520811
:1025600017434508520700D4AEE10F221E003A403F
:10257000042A00D0FAE5FF086A073A430009D5E7C4
:1025800063464F07DA081743C80824E6471EB842D7
:10259000804140422D1A1E002A0200D534E6E5E5AE
:1025A000002B00D00DE1002A00D069E18025002435
:1025B000724B2D03F0E563461F1ABC45924101247E
:1025C00043464D1B5242AD1A1C4011E76246444639
:1025D0000D00D708C8E66346C618864280416918D0
:1025E000404209180B0200D40CE1634B70081940FB
:1025F000CB0703434A08400700D43BE10F201840B3
:10260000042800D136E11F1D9F42AD416D420223D7
:10261000AD18FF08A8E6002B00D140E64B469B1BF7
:10262000002E00D150E7382B2EDD63465F1EBC45DF
:10263000924152428D1A44464E462B0200D5E3E5A4
:1026400094E56346C71AB84280416D1A40422D1A7C
:102650002B0200D5C9E66A07FF0801233A43E808C0
:1026600064E71A000F00203AD740B846202B05D067
:102670004022D31A994063460B439A4657467B1E25
:102680009F4143461F435CE680223C0012041543F1
:102690001F2B26DC20222F00D21A060090409740E4
:1026A000DE40421E9041DD4037430743491B6346ED
:1026B000DF1BBC45924152424E468D1A7DE6002BEF
:1026C00000D1C1E64B469B1B002E00D1D0E5382B34
:1026D00036DD80252D04294200D1DDE04E4600275D
:1026E0002FE51A002E00203AD640202B05D040229C
:1026F000D31A9D402F000743BB465F467B1E9F4178
:102700003743D4E7002A00D1D1E6012443460D0027
:10271000E3461C40B6E663461F1ABC4592414D1B7A
:102720005242AD1A2B0200D55EE66A07FF08444606
:1027300001233A43E808F9E6471C17E53B00EBE5BF
:102740008022120415431F2B6CDC20222F00D21A8A
:10275000060090409740DE40421E9041DD403743E6
:102760000743491967446745924152424E465518FE
:10277000ECE5C046FE070000FFFF7FFFFF070000FB
:10278000002B00D1FCE6C7086B071F436346E8082F
:102790000B4300D11FE580231B03184207D0CA0852
:1027A0001A4204D163461000DF0849070F437B0F2C
:1027B000FF00FF085B071F430DE562460D00D708C9
:1027C000D2E5C7086B071F43E808002A00D102E5DD
:1027D00080231B031842EAD0CA081A42E7D1634695
:1027E0000124DF084346490710000F431C40DEE781
:1027F00060446045924169185242891806000B02F4
:1028000000D5F2E64A07F60801233243C8088DE6F0
:102810006346DF084B0744461F43C808DBE44446D1
:10282000130035E71A002E00203AD640202B05D0A1
:102830004022D31A9D402F000743BB465F467B1EB4
:102840009F4137438EE7202300271B1AF5E400231E
:10285000002A00D192E567460D00FF0884E53A00A2
:102860001A4300D123E61D00BB460BE617003300D8
:10287000FF0879E5DB0852071A430809022355E6E9
:1028800063460124DA0843464F071743C8081C4033
:10289000A1E41E00471C69E467460D004E4601375F
:1028A00064E40F4BFF081D406A076D0201233A43A1
:1028B0002D0B71E4130046E73300FF0854E567462B
:1028C0000D001E00013751E46A07FF083A43000972
:1028D0002CE6C0086A0702430023E80826E6C04643
:1028E000FFFF7FFF0B00020070B5164D0C0382B096
:1028F0004900002000920193240B490DDE0FA942EC
:1029000004DD1148814203DD104BF01802B070BDA8
:102910008020400320430E4C641A1F2C08DD0D4B11
:102920005B1AD84003005842002EEFD11800EDE7A3
:10293000094B009A9C46030061448B40E2401343DC
:10294000F1E7C046FE0300001D040000FFFFFF7F0B
:102950003304000013040000EDFBFFFF70B50028F6
:1029600016D0C317C5185D40C40F2800FDF70EFE32
:10297000104B1B1A5B055B0D0A2814DC02002E00AD
:10298000153296400B22121AD5402D032D0B03E071
:1029900000240023002500261B052B43E4072343C6
:1029A0003000190070BD0B3885402D0300262D0B1B
:1029B000F2E7C0461E04000010B5041E10D0FDF75B
:1029C000E5FD0E4B1B1A5B055B0D0A280FDC0B2285
:1029D0002100121AD14015300A038440120B01E085
:1029E000002300221B0513432000190010BD220004
:1029F0000B38824012030024120BF3E71E04000080
:102A000070B542024300C40FFE201B0E591C550A2C
:102A100008420CD0E02189008C466D07120B6344FC
:102A20001B051343E40723432800190070BD002B46
:102A300014D1002D1BD02800FDF7A8FD0A281CDCAE
:102A40000B232A001B1ADA40030015339D400E4B5E
:102A500012031B1A5B05120B5B0DE1E7002D09D079
:102A6000130B802212031A436D07084BD8E700238B
:102A70000022D5E70022054BD2E703002A000B3BDA
:102A80009A400025E3E7C04689030000FF070000E5
:102A90008446100062468C461900634600E0C0463A
:102AA0001FB500F0F5F8002801D40021C8421FBD71
:102AB00010B500F037F84042013010BD10B500F0FD
:102AC000E7F8002801DB002010BD012010BDC04642
:102AD00010B500F0DDF8002801DD002010BD012058
:102AE00010BDC04610B500F063F8002801DC0020DE
:102AF00010BD012010BDC04610B500F059F80028E7
:102B000001DA002010BD012010BDC04610B500291B
:102B100003D1FDF73BFD203002E00800FDF736FD54
:102B200010BDC046F0B55746DE464E464546E0B5B8
:102B30000D000400E80F83460903D80F090B8246F5
:102B40001A488C461F0369005E00490D3F0B760D45
:102B500081421AD0864211D00120B1420FD1BC452A
:102B60000DD1A2420BD1D3451ED0002907D1614619
:102B700011430A00531E9A41100000E00120F0BCEE
:102B8000BB46B246A946A046F0BD01208E42F6D112
:102B9000614639430F0017432743F0D15B46524645
:102BA000981A431E9841EAE70020E8E7FF07000073
:102BB000F0B557464E464546DE46E0B50D000E03DD
:102BC0004900490D8A46DF0FE90FBC4683B02F4FFD
:102BD000040080460191580019039146360B090BF9
:102BE000400DBA451DD0B8420DD05746002F2AD10E
:102BF0003443002824D10A4336D0002C41D1634607
:102C00005800013815E0114338D15346002B01D14B
:102C10002643F4D0019B634507D1019B580001383E
:102C200007E026432AD1504521D00120019B5F4275
:102C3000384303B0F0BCBB46B246A946A046F0BD3F
:102C4000002CDCD0E6E70028EFD0019B6345ECD1F7
:102C50008245EADCE1DB8E42E7D8DED1C845E4D824
:102C60000020C845E5D2D8E7002CE2D0DDE71143CB
:102C700004D1019B6345D8D10020DAE7022040420D
:102C8000D7E7019B6345E6D0CFE7C046FF070000CA
:102C9000F0B557464E464546DE46E0B50D000E03FC
:102CA0004900490D8A46DF0FE90FBC4683B02E4F1D
:102CB000040080460191580019039146360B090B18
:102CC000400DBA451ED0B8420DD05746002F27D12F
:102CD0003443002833D10A4334D0002C40D163461A
:102CE0005800013815E0114312D15346002B01D191
:102CF0002643F4D0019B63451DD00120019B5F4218
:102D0000384306E0264303D15045F6D111431CD089
:102D1000022003B0F0BCBB46B246A946A046F0BDB7
:102D20000028EAD0019B6345E7D18245E5DC02DB60
:102D30008E42E2D80ED0019B58000138E9E7002C02
:102D4000CDD0D7E7002CE4D0D7E7019B0020634526
:102D5000DFD0D2E7C845D0D80020C845D9D2EAE7AD
:102D6000019B6345E4D0C8E7FF070000114B70B535
:102D70001C680500236B002B03D000221D615A61E3
:102D800070BD182000F064F9031E20630CD00A4ABD
:102D900000210260094A4260094A82600B22828156
:102DA000012018615961E8E700224621054B0648D9
:102DB00000F0A8F8000C00200E33CDAB34126DE605
:102DC000ECDE0500543701006C370100184B70B57C
:102DD0001D682C6B002C0ED020696169154A164BBA
:102DE000FDF712FC0122002312184B415800400845
:102DF0002261636170BD182000F02AF9041E286367
:102E00000FD00E4B012203600D4B43600D4B8360CE
:102E10000B23838100230261436107480A4A064B62
:102E2000E6E700225221094B094800F06BF8C04642
:102E3000000C00202D7F954C2DF451580E33CDAB56
:102E400034126DE6ECDE05002E7F954C5437010000
:102E50006C370100F0B588420AD98B18984207D226
:102E6000531E002A03D0CA5CC254013BFBD2F0BD02
:102E700005000F2A0AD8561E002AF8D00023CC5C81
:102E80001A00EC5401339642F9D1F0E703273E00D3
:102E90000D430C0003002E402F422DD11500103D94
:102EA0002D09AC462F013F1825681D6065685D60DF
:102EB000A5689D60E5681034DD601D001033BD42DB
:102EC000F2D165460F230C2401352D014919134019
:102ED0004519144213D0043B9B0801339B008C59C5
:102EE000AC5104369E42FAD103231A40AD19891918
:102EF000561E002AC2D1BAE70500561EBEE71A00C8
:102F0000B9E7C04670B514001A000A4B06001B68EA
:102F100084B0D868002C0AD0074B084D019300916B
:102F200033002900029400F0B3F800F089F8044B54
:102F30001C00F2E7000C002098370100A8370100C0
:102F4000A4370100130010B50022FFF7DBFFC046D5
:102F5000F0B50500830749D0541E002A45D0030070
:102F60000326CAB202E00135013C3ED301332A7088
:102F70003342F8D1032C30D9FF220A401502AD1894
:102F80002A04AD180F2C34D92700103F3F093E0109
:102F9000B4461E001A0010366644156055609560F0
:102FA000D56010329642F8D101373F01DB190F2767
:102FB0000C22274022403C00002A0ED03E1FB608BB
:102FC000B400A4461A001C1D644420C2A242FCD1D5
:102FD00003240136B6009B193C40002C05D0C9B231
:102FE0001C19197001339C42FBD1F0BD0300140081
:102FF000C0E72700E2E7C04630B5032A1AD90B0024
:1030000003439B0711D0551E002303E05A1C9D4229
:1030100013D01300C25CCC5CA242F7D0101B0DE0B1
:10302000043A04300431032A04D904680B689C4232
:10303000F6D0E8E7551E002AE6D1002030BDC04694
:10304000062010B500F00EF901200FF07BFCC04601
:1030500010B5034B0100186800F074FF10BDC046A6
:10306000000C002010B5034B0100186800F0F2FFBF
:1030700010BDC046000C00200CB400B583B004ABFA
:1030800004CB019300F0C8F903B008BC02B01847A4
:103090000EB400B582B003AB0100054804CB006854
:1030A000019300F0B9F902B008BC03B01847C0465C
:1030B000000C0020F0B505000F2A31D903273E008F
:1030C0000D430C0003002E402F4234D11500103D5B
:1030D0002D09AC462F013F1865685D60A5689D60AD
:1030E000E568DD60256810341D601D001033BD42A9
:1030F000F2D165460F230C2401352D0149191340E7
:10310000451914421AD0043B9B0801339B008C598B
:10311000AC5104369E42FAD10323AD1989191A40E5
:10312000561E002A06D00023CC5C1A00EC54013352
:103130009642F9D1F0BD0500561EF4E71A00EFE7FC
:10314000C36B10B50400002B01D0002010BD8021FE
:1031500000F0F8FEE063002806D002000023803271
:1031600008C09042FCD1F0E701204042EEE7C046A3
:1031700070B505000C0016001F2907D8C06B002889
:1031800009D0A40004192068266070BD16230360CE
:1031900001204042F9E78021280000F0D3FE010021
:1031A00003000022E86380310028F1D004C38B4281
:1031B000FCD1E6E770B505000C001F291ED8C36BD3
:1031C000002B0ED08A009B181A68002A09D0012A09
:1031D00005D0511C0ED0002120001960904700201E
:1031E00070BD280001F0BEFA22000100280001F0A5
:1031F000A5FAF5E7162303600120F1E71623036023
:1032000001204042ECE7C04670B505000C001F29C4
:1032100024D8C36B002B14D0A2009B181A68002A74
:1032200009D0511C0BD0012A07D0002120001960C1
:103230009047002070BD0120FCE70320FAE7022040
:10324000F8E7802100F07EFE031EE86306D000212F
:103250000200803002C28242FCD1DDE70120404200
:10326000E8E7C046144B70B504001D681F281DD840
:10327000EB6B002B0DD082009B181A68002A08D037
:10328000012A04D0511C0DD0002119609047002064
:1032900070BD280001F066FA22000100280001F04C
:1032A0004DFAF5E7162301202B60F1E716230120E4
:1032B0002B604042ECE7C046000C0020114B70B57B
:1032C00004000E001D681F2807D8E86B002809D0ED
:1032D000A40004192068266070BD16232B6001200D
:1032E0004042F9E78021280000F02CFE0100030095
:1032F0000022E86380310028F1D004C39942FCD158
:10330000E6E7C046000C00200C4B10B51C68E36BD0
:10331000002B01D0002010BD8021200000F012FE03
:10332000E063002806D002000023803208C09042EB
:10333000FCD1EFE701204042EDE7C046000C002041
:10334000174B70B504001D681F2825D8EB6B002BA8
:1033500014D0A2009B181A68002A09D0511C0BD067
:10336000012A07D00021200019609047002070BD7D
:103370000120FCE70320FAE70220F8E7802128007B
:1033800000F0E0FD031EE86306D00021020080305B
:1033900002C29042FCD1DCE701204042E7E7C04690
:1033A000000C0020936810B5013B9360002B04DAF9
:1033B0009469A34207DB0A2905D01368581C1060E2
:1033C0000800197010BD00F0A1FEFBE7F8B506007B
:1033D0000F00002B0DD01400D51802E00134AC42D0
:1033E00007D03A0030002178FFF7DCFF431CF5D10D
:1033F000F8BD0020FCE7C04610B514009268002319
:10340000002A05D0220000F08BF900220300A26000
:1034100000221800626010BDF0B54E464546DE46FB
:103420005746E0B58146884614001E009FB000282C
:1034300003D0036A002B00D11FE143469B891B0781
:1034400000D48FE043461B69002B00D18AE00023A3
:1034500006AD6B6120336B761033AB765346A346D3
:10346000874F059603935B461B78002B00D19BE0AA
:103470005C4603E063780134002B7DD0252BF9D125
:103480005B46E31A9A465C457BD12378002B00D13A
:103490008AE0012300225B42069207930022002368
:1034A0000892099300234332AB54AB6501339B462A
:1034B000013406E05A46C01B82401C0029680A43BA
:1034C0002A6005223800217800F0F0F8631C1E0005
:1034D0000028EFD12A68D10602D543212030685454
:1034E000110702D543212B20685421782A2967D15E
:1034F000059B191D1B680591002B00DA98E0EB6015
:1035000061782E2900D172E05E4C0322200000F089
:10351000CDF8002806D04023001B83402A680136DE
:1035200013432B603178731C062257489B4629763B
:1035300000F0BCF8002800D180E0544B002B67D08D
:1035400005AA0092290042464846514B00E000BFC0
:103550000390039B013327D0039A6B69944663441D
:103560006B6180E74146484600F062FC002800D1CC
:103570006DE7012040421CE05B46E31A9A465C4539
:1035800012D03B0000264746A0464C46994602E032
:103590000136B24543D95B463A002000995DFFF7FA
:1035A00001FF0130F4D1B84643469B895B06E0D465
:1035B00068691FB0F0BCBB46B246A946A046F0BD44
:1035C00008003038260009289BD8EA68140000E07B
:1035D0000133A2001219197852001418080030386B
:1035E0000928F5D91E00EC602E2900D08CE77178EF
:1035F0002A292DD1059BB01C1A1D1B6805926B60F2
:10360000002B02DA01235B426B60B17806007BE796
:103610000722059B07339343083305939CE74B46EA
:103620006A69A146524444466A61B8461F002CE7C5
:103630005B42EB6002231A432A6061E705AA00920D
:10364000290042464846124B00F0BCFE039080E73A
:1036500008000023303801366B60092800D953E791
:103660001A0093009B1871785B001A180800303814
:1036700001360928F5D96A6046E700F0D7FADCE69A
:10368000D8370100E0370100E437010000000000F6
:10369000CD33000010B504001300034A10680A007F
:1036A0002100FFF7B9FE10BD000C002070B5CCB2B0
:1036B00083070DD0531E002A0FD0032504E00130EC
:1036C000284206D0013B08D30278A242F7D170BD50
:1036D0001300032B03D8002B14D10020F7E7FF229F
:1036E0000A401502AD182A040B4EAD1803E0043B46
:1036F0000430032BEFD9026808496A4051189143FE
:103700003142F4D0C31802E001309842E5D002788B
:10371000A242F9D1DBE7C04680808080FFFEFEFE3A
:10372000F0B54E46DE4657464546E0B5936883B051
:103730000C0091460090002B5FD00C23CA5E13074B
:1037400063D50B69002B60D04B461F68930723D5C8
:10375000A36A00269A46B34B00259846216A002D9D
:1037600016D02B00454500D9AE4B32000098D0470B
:10377000002859DD4B464A469B6836181B1A2D1AFD
:103780009360002B39D0A36A216A9A46002DE8D1B4
:103790003E687D680837E2E7D30762D50023B84664
:1037A00000209A4600261F00002E45D000284CD04D
:1037B0003B00B3469E4200D99B4620682269A5681B
:1037C0006369904203D9ED18AB4500DDFEE05B452F
:1037D00000DDEEE0A56A5246216A0098A847051E62
:1037E00022DD01207F1B19D04B464A469B68AA4424
:1037F0005B1B761B9360002BD6D1002003B0F0BC7E
:10380000BB46B246A946A046F0BD2100009800F094
:103810000FFB00280DD10C23E25E95E721000098F4
:1038200000F0C2FA0028DFD00C22A35E402213432E
:10383000A38101204042E1E70822434694465E68A6
:10384000E044002EF8D01B689A4632000A21504608
:10385000FFF72CFF002800D1DBE053460130C71AE8
:10386000A6E7002380219A4689008B465646554696
:103870002068A36884469846002D5CD059460A42C9
:103880005DD09A46AB4200D990E09023DB001A420B
:1038900032D02169431A6069019343001B18D80F85
:1038A000C3185810019B824601335B19834201D92A
:1038B0009A461800520500D497E00100009800F0E5
:1038C00041FB8046031E00D1A6E0019A2169FFF763
:1038D000F1FBA389544A134080221343A38143463A
:1038E0002361019B1A004244944622605246A84636
:1038F000AA46D31A6261A360524631006046FFF7C0
:10390000A9FA4246A8460025A36820689B1A50449D
:10391000A36020604B4642469B6846449B1A4A4639
:10392000936000D169E70C23E25E2068A3688446B7
:103930009846002DA2D13E687D6808379AE7226933
:1039400082421BD362699046AA4217D8802328007E
:103950001B069D4200D335484146FCF7F1FC434627
:10396000A26A43439046216A32000098C04700286B
:1039700000DC59E780464346ED1ACBE79846AB4258
:1039800000D9A84642463100FFF764FA4246A368D0
:1039900020689B1A4044A3602060002BEBD12100DB
:1039A000009800F001FA0028E5D03DE7A846AA46B5
:1039B000A2E75A465146FFF74DFA5A46A3685D46BC
:1039C0009B1AA36023685B4423600AE751462A00E0
:1039D000FFF740FA236821005B190098236000F08C
:1039E000E3F9002800D1FCE61EE70200009800F091
:1039F00009FC8046002800D071E7009D216928005D
:103A000000F028FB8022A3899343743A1BB22A60FA
:103A10000CE7731C1F00CCE6009A0C3313600C22D9
:103A2000A35E03E700FCFF7F7FFBFFFFFFFFFF7F3D
:103A30000020704710B5034A0349044800F0C0FB5A
:103A400010BDC046500C0020A93D0000040C002011
:103A500041680B4B10B50400994201D000F0A4F965
:103A6000A168084B994202D0200000F09DF9E1685E
:103A7000054B994202D0200000F096F910BDC046D7
:103A8000041300206C130020D41300200020704782
:103A9000F8B5CE464746344C344B354A2000002515
:103AA00080B51A600423082200215C30256065601F
:103AB000A560656625616561A561E360FFF748FA69
:103AC0002C4B2000994663622B4B2C4F9846A362E7
:103AD000CC23E5502A4B2B4E63678023082200211C
:103AE000C430E550E7622663A566E5662567A567ED
:103AF000E5672462FFF72CFA220088236832E2503F
:103B00004A460433E250424620000433E250043374
:103B1000E7500433E6503833E5500433E5500433BE
:103B2000E550194A5C33E550583BE2500433E55008
:103B30002D300433E550082204330021FF30E550D6
:103B4000FFF706FA2200F023D032E2504A4604334F
:103B5000E25042460433E2500433E7500433E65067
:103B6000C0BCB946B046F8BD0413002000130020C5
:103B7000353A00006D47000099470000D947000022
:103B8000090001000948000012000200F8B5244BAA
:103B900007001B68002B3BD0224E7368B468013BC2
:103BA00003D51BE06834013B18D30C22A55E002D21
:103BB000F8D120001C4B08220021E36065662560D7
:103BC000A560656025616561A5615C30FFF7C0F99E
:103BD0006563A563A564E5642000F8BD3568002D24
:103BE00001D02E00D9E7D6213800490000F0AAF90B
:103BF000041E10D00423D0220560250043600C3041
:103C00000021A0605200FFF7A3F934602E00C4E742
:103C1000FFF73EFFC0E70C2330603B60DCE7C046A7
:103C200000130020500C00200100FFFF036A10B5B4
:103C3000002B00D010BD044B0362044B1B68002B0B
:103C4000F8D1FFF725FFF5E7513A000000130020F7
:103C50007047C0467047C04610B50020024A03496D
:103C600000F0AEFA10BDC046500C0020313A000002
:103C700010B50020024A034900F0A2FA10BDC04668
:103C8000500C00208D3A0000F0B5C64600B50C225D
:103C90008B5E07000C001A073CD44A68002A5CDDE2
:103CA000E66A002E32D000223D68216A3A60DA04CA
:103CB00057D4002201233800B0470200431C65D0CE
:103CC0000C21635EE66A216A5B0706D56368D21A37
:103CD000636B002B01D0236CD21A00233800B0474D
:103CE000431C40D00023636023692360A389DB0465
:103CF0004AD4616B3D60002908D0230044339942C7
:103D000002D0380000F0A6F900236363002080BCD5
:103D1000B846F0BD0E69002EF8D00D680022AD1B2C
:103D20000E609B0700D14A69A260002D04DCEDE71C
:103D300036182D1A002DE9DDA36A320098463800A6
:103D40002B00216AC0470028F2DC4022A3891343DC
:103D50001BB20120A3814042D9E70A6C002A9FDCF4
:103D6000D4E7626DB0E739680C22A35E1D2916D82E
:103D70000C4ACA40D20712D5002262602269226032
:103D8000DB04B6D50029B4D16065B2E73B68002BEF
:103D900096D01D2B01D0162BD7D13D60B6E740221F
:103DA0001343D6E7010040200B6970B505000C00F5
:103DB000002B08D0002802D0036A002B0AD00C2266
:103DC000A35E002B01D1002070BD21002800FFF769
:103DD0005BFFF9E7FFF72AFFF1E7C04670B5041E65
:103DE00018D00F4B1D680369002B08D0002D02D09E
:103DF0002B6A002B0AD00C22A35E002B01D10020DD
:103E000070BD21002800FFF73FFFF9E72800FFF70A
:103E10000DFFF0E7034A0449044800F0D1F9EFE749
:103E2000000C0020500C0020A93D0000040C0020D4
:103E3000314B70B5050018680C00002802D0026AEA
:103E4000002A4FD00C22A35E1A071DD52269002A32
:103E500024D0D90708D50021A1606169002049421A
:103E6000A161002A08D070BD0021980700D46169C3
:103E70000020A160002AF6D11A06F4D5402213438F
:103E8000A38101204042EEE7DA062ED55A0714D46A
:103E9000226908210B43A381002ADAD1A0218020C6
:103EA0008900800019408142D3D02100280000F011
:103EB000BDFB0C22A35E2269CBE7616B00290AD00F
:103EC00022004432914204D0280000F0C3F80C22B2
:103ED000A35E00226263242293430022626022696F
:103EE0002260D6E7FFF7A2FEACE709222A60402253
:103EF0001343A381C5E7C046000C002070B5104EE7
:103F0000050033680C00002B15D0210028000EF0AE
:103F1000FEFC431C0CD00323C41C9C43A04205D0D0
:103F2000211A28000EF0F3FC013001D0200070BDF2
:103F300001246442FAE700210EF0E9FC3060E4E776
:103F40003C140020F8B50323CE464746CD1C9D43C4
:103F50000835060080B50C2D1ED20C25A9421DD8AF
:103F6000300000F05FFB3A4F7A68002A1AD0140044
:103F700004E063682200002B14D01C0023685B1B44
:103F8000F7D40B2B27D96119256094425BD051607F
:103F90000B6063684B600DE0002DDFDA0C2300201E
:103FA000336014E029003000FFF7A8FF0400431C31
:103FB00019D00560300000F037FB200007220B30DD
:103FC000231D9043C21A984201D01B1AA350C0BCB3
:103FD000B946B046F8BD6368944202D05360E9E741
:103FE00043467B60E6E77B689846002B24D0444636
:103FF00063689846002BFAD1236800219946300067
:10400000A1440EF084FC814516D123683000ED1ADE
:104010002900FFF773FF01300ED023687A685B191F
:1040200023605368002B02D1DAE71A005B689C42D8
:10403000FBD100235360BDE70C233000336000F058
:10404000F3FA0020C3E779600B6063684B60B1E767
:104050003C14002070B50500002915D00C1F236802
:10406000002B23DB280000F0DDFA274A1368002B21
:1040700005D0A3420BD92168601883422CD02800B8
:104080006360146000F0D0FA70BDA34210D81A002B
:104090005B68002BF9D1106811188C4218D02CD312
:1040A00063605460280000F0BFFAEDE7E418D9E738
:1040B00011685018A04214D01FD82168601883429C
:1040C000EED118685B684118216063605460E9E7CD
:1040D00023681B181360E5E718685B6841182160C6
:1040E000CDE720680918501811608342DAD11868AA
:1040F0005B68411811605360D4E70C2328002B60E3
:1041000000F092FAC0E7C04640140020F8B5050060
:104110000E001400002802D0036A002B41D0A369CE
:10412000A360A3891B071BD52369002B18D0FF228E
:10413000F7B2616916402268D31A99421FDD013334
:10414000A1680139A160511C2160177062699A420F
:104150001ED0A389DB0701D50A2E19D03000F8BD87
:1041600021002800FFF764FE002817D1FF222369F1
:10417000F7B2616916402268D31A9942DFDC210048
:104180002800FFF711FE002808D101232268D7E795
:1041900021002800FFF708FE0028DFD00126764224
:1041A000DCE7FFF743FDBAE7030010B50A00034957
:1041B00008681900FFF7AAFF10BDC046000C0020D8
:1041C000F8B54746CE46884680B58146170000269A
:1041D0007D68BC68013D0DD4A389012B07D90E224F
:1041E000A35E013303D021004846C047064368342C
:1041F000013DF1D23F68002FEAD13000C0BCB94682
:10420000B046F8BDF0B5C64607000E00140000B574
:1042100000292DD0002A27D000F0FCFA80468442E5
:1042200003D835004308A34210D321003800FFF71C
:1042300089FE051E0AD0220044450BD83100280013
:10424000FEF738FF31003800FFF704FF280080BC7C
:10425000B846F0BD310042462800FEF72BFF310082
:104260003800FFF7F7FEF1E7FFF7F4FE0025EDE772
:104270001100FFF767FE0500E8E7C046F8B55746AE
:104280004E464546DE46E0B51F000A9B92469846DC
:104290000A698B6806000C009A4200DA1A0053463D
:1042A0001A604323E35C002B02D0514601320A60BE
:1042B0002268910661D55346524606201B68023398
:1042C000136022681100104208D100208146193085
:1042D0008346E168A344994247DC11004323E35C31
:1042E0005A1E934189060AD53020E11843310870DF
:1042F00045215A1C615CA21843320233117022001E
:10430000390030004332C04701301DD053460625E6
:104310001B68E1689C462368A26820692B40042B37
:1043200031D0824239DD00239946121A914400258A
:104330001A3402E001354D452FDA012322003900FD
:104340003000C0470130F5D101204042F0BCBB46EF
:10435000B246A946A046F8BD01239C465346E568EF
:104360001B68E144ED1A4D4524DD01235A4639000E
:104370003000C0470130EFD1E6E7062111420ED0F0
:104380005A1E9341BBE76346C91ACB43DB170B4068
:1043900099468242C9DC0029C9DC0020D6E700200A
:1043A00053468146193083461B68E168A34499420D
:1043B000DBDC92E743232168E35C5A1E93418906C4
:1043C00092D49CE7F0B54E46994643239C46574607
:1043D0004546DE468C446346E0B587B002930C0048
:1043E000097E90460700109A002914D00B00583B14
:1043F000DBB2202B48D888489B00C3589F461368DF
:1044000021681D1D606915601B680E0602D44906EF
:1044100000D5DCE018600023029D23614B4621009B
:1044200000933800434605AAFFF728FF01301ED04D
:104430002A00414638002369C847013017D0236855
:10444000E068059E9B071BD5B04219DD19239A46EB
:104450000025A24404E0E0680135831BAB420FDD78
:104460000123524641463800C8470130F3D10120AC
:10447000404207B0F0BCBB46B246A946A046F0BDDC
:10448000B042F6DA3000F4E725004223012042353D
:10449000E154432300222061E254BFE713682168FE
:1044A000181D10600D0602D44D0600D594E01A6860
:1044B00016006368002A00DA92E0584A93460A22FE
:1044C00003924BE01368206840CB050601D44006F8
:1044D0007FD41360514B9B466F2900D191E00A2392
:1044E000039337E013682500191D11601A684223F1
:1044F00001204235E254CCE71368191D11601D6894
:10450000002128006268FFF7D1F8002800D181E07F
:10451000401B6060BDE7202321680B4323604521D9
:10452000782060543E498B46116840C9180603D470
:10453000580601D53604360C1160DA0702D5202260
:1045400013432360002E03D120222368934323606A
:104550001023039343230022E2546368A360002BDB
:1045600018DB042122688A432260002E12D1029DAA
:10457000002B49D1039B082B1ED0029B5B1B2361A0
:104580004CE745235821E154244923688B46CBE767
:104590002368C4E7039B9A46029D30005146FBF70F
:1045A000CBFE5B465B5C013D2B7033000600534540
:1045B000F3D2039B082BE0D12368DB07DDD56268CB
:1045C00023699A42D9DC3023013D2B70D5E718804E
:1045D00021E73604360C7CE700269E5F320068E750
:1045E00043222D20A054A360002B02DB0423994317
:1045F00021600A239A46094B76429B460A2303937D
:10460000CAE708230393A5E75B4625001B784235DC
:104610002B70AFE760683CE7342B0100EC370100FA
:10462000003801007047C0467047C046F0B50C2303
:10463000CD5E06000C0097B0AA0707D523004733CC
:10464000236023610123636117B0F0BD0E23C95EAF
:1046500000292BDB6A460EF067F9002824DB80274F
:10466000FF0039003000019DFFF76CFC002833D0BB
:104670008022A38920601343A381F0231B021D40E5
:104680008023206167619B019D42DDD130000E23B4
:10469000E15E0EF055F90028D6D00322A38993439A
:1046A00001221343A381CFE70C23E55E0F4B2D06B8
:1046B000ED171D408023DB009C4665442900300037
:1046C000FFF740FC002807D08022A3892060134315
:1046D000A38120616561B7E70C22A35E9A05B3D47C
:1046E0000322934302221343A381A7E740FCFFFF69
:1046F00070B50C001E000E23C95E150096B000298F
:1047000014DB6A460EF010F900280FDBF023019944
:104710001B021940084B9C4661444B42594180237F
:10472000DB00002031602B6016B070BDA389002132
:104730001B06F4D54023F4E700E0FFFF002370B52B
:10474000074D0400080011002B600EF003F9431C14
:1047500000D070BD2B68002BFBD02360F9E7C0466A
:104760004414002010B50EF0FDF810BD70B50C001B
:104770000E25495F0EF0C0F8002803DB636D1B189F
:10478000636570BDA389024A1340A381F9E7C0465F
:10479000FFEFFFFF00207047F8B50C001F000C234F
:1047A000C95E05001600CB050AD40A4B3200194039
:1047B0002800A1810E23E15E3B000EF0A4F8F8BDB5
:1047C0000E23E15E002202230EF09BF80C23E15E33
:1047D000EBE7C046FFEFFFFF70B50C000E25495F09
:1047E0000EF08FF8431C07D08023A2895B0113438E
:1047F0001BB26065A38170BDA389024A13401BB23E
:10480000F8E7C046FFEFFFFF10B50E23C95E0EF0BC
:104810007CF810BD0B1F1B68181F002B00DB7047B6
:104820000B58C018FBE7C0468023064A1B06D16C14
:104830000B43D3648023044A9B0351690B435361A8
:104840007047C046001402400004014010B5034BFD
:1048500070461A695A610CF06BFD10BD00040140EE
:1048600010B5FFF7F3FF10BD802310B5DB05DA6943
:1048700070461A620CF05CFD10BD000010B5034BD1
:104880007046DA691A620CF053FD10BD0004004056
:1048900010B5034B7046DA691A620CF049FD10BD81
:1048A0000008004010B5034B70461A6E5A660CF0B3
:1048B0003FFD10BD000002402D4B70B51A697546D2
:1048C0005A612C4B1978002912D110231A420FD0AB
:1048D000294C2278002A0BD0284A10789022D20541
:1048E0001268002808D1110019401A4200D1217025
:1048F00028000CF01DFD70BD16001E401A4210D09D
:104900002378012BF4D1013323701D4C4022200069
:10491000FEF71EFB802221005201402001F0A0FC86
:10492000E6E72378022BE3D1164B15481B78027873
:10493000002B07D07F2313403B2B03D101F0D6FD82
:104940002670D5E70A2A04D101F0D0FD0023237098
:10495000CEE70D4A13780133DBB21370022B02D974
:1049600000231370F3E701230100084A2370D4E702
:1049700000040140020D002058200020D61F002016
:10498000182000207E190020D71F0020D81F0020EB
:104990007346F7B50193BC4BBC49DA691A620B78D0
:1049A000002B12D0BA4A13780133DBB2092B01D89D
:1049B00013700AE0002313709023DB05186810239E
:1049C00004001C4018421AD10C70B24B1B78022B09
:1049D00009D0B14B1A78002A13D05B79002B10D183
:1049E000092001F053FDAD49087800283AD0AC4ABF
:1049F000138801339BB2312B06D8138007E00523BF
:104A0000D6E701F08FFCEEE7002313800B70A54A78
:104A100013780133DBB2022B00D974E01370A24A81
:104A200013780133DBB2042B00D97FE013709F4C65
:104A30009F4D23882A8801339BB223809A420DD848
:104A400000232380944B1B78002B07D1112001F009
:104A50001DFD002802D12B880A3B238001980CF011
:104A600067FCF7BD934A9449137809780133DBB2A8
:104A7000002923D0032B01D81370C8E78F4B107087
:104A8000DB6F04221C008E4D14401342BFD18D48B1
:104A90002F6D03788C495E007752AE690133324343
:104AA000DBB2AA61092B01D80370B0E714220470AD
:104AB0008648FEF7FFFA00F095FDA8E7132BDBD937
:104AC0007E4B1170DB6F04221C007D4D144013429D
:104AD0000DD17C482F6D03787B495E007752AE691B
:104AE00001333243DBB2AA61092B04D80370784A40
:104AF0001388013381E7142204707448FEF7DAFA50
:104B000000F004FEF3E7002313700AF00FFB714C72
:104B1000A04200D183E7002800D180E70AF006FB1D
:104B20006D4B186020000AF0FBFA78E700216B4B10
:104B300011701A788A4202D0197000F091FA684B0D
:104B40001B78002B01D000F0A5FA664A13780133D8
:104B5000DBB2FF2B00D100231370634A13780133BB
:104B6000DBB2FF2B00D1002360494A4C0878137058
:104B7000002806D15E4A138801339BB2312B2BD813
:104B8000138096215B4A4900138801339BB28B4204
:104B90002BD21380584B594D00931B78002B19D002
:104BA00096222B88520001339BB22B8093422ED346
:104BB000534B1B78002B0BD19023DB051A68102375
:104BC00016001E401A4203D14E4B1B78002B12D107
:104BD00091235B002B801AE00123108022780B7058
:104BE000002ACED1484A1370CBE70023138001225C
:104BF000464B1A70CEE70123454F062231002000B4
:104C00003B7001F0E1F8009B3E701E702E8023780F
:104C1000022B2FD03C4B1A78002A04D000221020FF
:104C20001A7001F0B7FB00223A4B1A703A4B1A681F
:104C30000023920608D590238022DB051B68920191
:104C400013405A42534101339621344A49001370AC
:104C5000334A138801339BB28B426BD21380962167
:104C6000304A4900138801339BB28B4200D3A6E03F
:104C70001380DCE62C4B2D4A197B5B7B1B020B431C
:104C8000138001222A4BD0E700100040020D0020C3
:104C9000D51F00205D0C0020681400207F14002028
:104CA000801400205B1400205A14002058140020A7
:104CB000000D0020861400208314002004240140ED
:104CC00000240140891400209E1400208A14002032
:104CD00084140020C02B01007014002078140020E0
:104CE000D41F002057140020561400205F14002009
:104CF0005C1400207A140020B7140020B4140020A3
:104D000058200020B21400208214002079140020C2
:104D1000B61400205E140020000800487C14002017
:104D20005414002052140020003802407614002051
:104D300074140020002325781380022D8FD02C4A74
:104D40001178994247D12B4B1B78002B08D12A4B65
:104D50001B78002B04D1294B1B78002B00D17EE758
:104D6000002D00D07BE76478012C0CD1214B1A7800
:104D7000002A00D173E7002205201A7001F00AFB17
:104D80001F4B1C706BE7022C0DD11B4B1A78002AAD
:104D900000D164E7002206201A7001F0FBFA01221C
:104DA000174B1A705BE7032C00D058E7134B1A78A7
:104DB000002A00D153E7002207201A70EDE70021F6
:104DC000104B11801A788A4200D130E60122197006
:104DD0000D4B1A702BE6002DC5D0012D00D03EE7FB
:104DE0000420137001F0D6FA054B1D7037E7C0465A
:104DF0006614002065140020641400206314002051
:104E000067140020621400206114002070B52D4C3E
:104E100006220021200000F0B9FF23786678A578EB
:104E2000E07821796279FF2B1FD12B0033400340BA
:104E30000B401340FF2B33D102232370013B32225E
:104E40006370E3700023A2702371637101F05EFD53
:104E50001D4B18701D4B1870012828D0022828D02F
:104E6000002801D10223237070BD002B16D1002E23
:104E700018D12B0003430B431343DDD0642D01D91C
:104E80006423A370012801D90123E370012901D90A
:104E900000232371012AD9D90023D6E7022B01D997
:104EA00002232370032EE9D903236370E6E7207001
:104EB000DAE7002323706378013B022BD4D9012366
:104EC0006370D1E75D0C0020501400204F140020C7
:104ED00010B5084C2378DB090BD104F025FF8023A3
:104EE00022785B42134301222370034BDA7000F0F7
:104EF000ADFF10BDEC2F00205D0C002010B5084C5C
:104F000023787F2B0AD904F00FFF7F2223781340E8
:104F100000222370034BDA7000F098FF10BDC046EA
:104F2000EC2F00205D0C002037B56B460400DD1D22
:104F30002A000121006809F0F3F923682878013379
:104F400023603EBD0520704710B509F084F910BDFF
:104F500010B509F09CF910BDF7B509F07AF90025F4
:104F6000002413E0E3B2EFB21900F2B2380001936B
:104F700004F0ACF9F2B2030001993800013609F0EF
:104F800086F9102EEED10134062C01D00026E9E777
:104F90000135052DE4D1F7BD10B509F091F910BD2B
:104FA00010B509F0A4F910BD1020704710B509F034
:104FB000B4F980B210BD10B509F0B2F910BD10B54A
:104FC00009F0C6F910BD10B509F044F909F0D8F997
:104FD00010BD0000F7B505000F2815D809F09DF9A0
:104FE00001AE32000121013809F09AF93478002C21
:104FF0000AD109F092F90700002D06D12A003100EC
:105000000948019409F07CFDF7BDBC42FCD02000AA
:105010003200012109F084F933780134002BF4D1F6
:10502000013DEDB2E8E7C046294F00000020044BE7
:1050300010B51B68834201D01B68984710BDC0465D
:1050400070140020054B10B51B68002B04D05A6962
:10505000002A01D05B69984710BDC046701400203B
:105060000B4A10B51378012B0DD0022B0DD0002B5D
:1050700008D15078022803D0032801D0012801D19B
:1050800001F088F910BD0020FAE70820F8E7C046D3
:105090005D0C002010B50D4C2378022B0CD0032B97
:1050A00012D01220012B08D0032B04D90123002297
:1050B0002370074B1A7010BD132001F06BF9237891
:1050C0000133DBB22370EFE71420F6E7FE0C00207B
:1050D000D41F0020F0B591B005000E0001F050F88B
:1050E000041E1FD137003D2E00D93D27402200214C
:1050F0006846FDF72DFF082E16D16B4632002900B9
:10510000D81CFDF7D7FF0B2469461C4B1C4A1B78A3
:105110001C489B010A80C01840228C70FDF7CAFF12
:1051200001F04EF811B0F0BD287802380428EBD811
:10513000FBF754F81B0B13EA03006B463A002900F7
:10514000D81CFDF7B7FF0C24DEE76B463A002900B8
:10515000D81CFDF7AFFF0F24D6E76B463A002900B5
:10516000D81CFDF7A7FF0E24CEE76B463A002900B6
:10517000D81CFDF79FFF0D24C6E7C046D21F0020B4
:105180000A400000E02A0020084B10B51B780400FC
:10519000012B02D80821FFF79DFF054B1B68002B50
:1051A00002D020005B68984710BDC0465D0C00200F
:1051B00070140020084B10B51B780400012B02D896
:1051C0002021FFF787FF054B1B68002B02D0200032
:1051D0009B68984710BDC0465D0C002070140020ED
:1051E000084B10B51B780400012B02D80621FFF7ED
:1051F00071FF054B1B68002B02D02000DB6898472D
:1052000010BDC0465D0C002070140020084B10B586
:105210001B780400012B02D80321FFF75BFF054B2D
:105220001B68002B02D020001B69984710BDC046A8
:105230005D0C0020701400208023074ADB00D16B36
:105240000B43D3630222054B19680A431A600122FB
:1052500019680A431A607047001002400028024093
:1052600080230B4ADB01D16B10B50B43D3630BF0EA
:1052700047FE7F23074A1370074A013B13702F2212
:10528000064BA0331A600BF047FD0BF01DFE10BD5E
:10529000001002408038024082380240003802404C
:1052A00010B50BF021FE0BF03FFD8022064BD20122
:1052B000196B0A431A631A6B04490A401A63DA6BC2
:1052C0000A40DA6310BDC04600100240FFBFFFFF76
:1052D000F7B50222604B0400986802439A600122ED
:1052E000986802439A605D4B5D48DA690240DA6172
:1052F0001822D8690243DA61186C5A4A1040902289
:10530000D20002431A64487B07211A6A8A43024387
:105310001A620131032801D8534B195C534B1868AA
:10532000FAF784FF524B984200D98AE08022236B1F
:10533000D2051B021B0A134380222363A36FD200F2
:105340001B0B1B031343A367A36F4A4A134001229D
:10535000A367A3691343A361E3681342FCD08023CE
:10536000E16F454ADB0411400B43E3670423A16965
:105370001943A161E118C86F1842FCD1276DE06F95
:105380001040A022D2040243E267A2691343A36142
:105390000423CA6F1A42FCD10F20BFB27843256D97
:1053A000ADB2401BFBF716FC3449FBF745FA061C6F
:1053B000FDF726FB009001910021301CFBF7D2F88D
:1053C00000222F4B002842D000980199FBF752FC95
:1053D00000900191E81BFBF7FDFB011C2948FBF73E
:1053E0002BFAFDF70DFB0022254BFBF743FCFBF7E7
:1053F00039F9A66F80B2360B36033043A0670098A8
:105400000199FDF76FFAA56F1A4B00041D40054383
:10541000A567E369124A012013401822E361E3699A
:105420009343E361236C0F4A134007222364236AEA
:1054300093432362236B1B021B0A2363124B63619A
:10544000FEBD8022236B12061B021B0A73E7009825
:105450000199FCF70FFEBBE7001402400024014055
:10546000FFDFFFFF3FF8FFFFD82B0100D430002003
:10547000001BB700FFFF00FFFFFFFFF800006041C7
:105480000000E03F0000604AFEFF0000002337B547
:1054900004000D00084801A901930BF02FF8019BAF
:1054A00029002000013303D1FFF712FF01203EBD88
:1054B0000BF002FCFBE7C04674080000002330B587
:1054C00087B00293039304930593033369460193D2
:1054D00018480D3300930BF087FA8023164A174CB7
:1054E000516C174D9B000B43536429002000FFF7BC
:1054F000CDFF8022E36AD2051B021B0A1343E3623D
:10550000290020000BF0A2FB0123E2681A42FCD024
:105510000F22236C93432364226C0A4B1A40E0232E
:105520009B00134323640423A2691343A36107B0C0
:1055300030BDC04600080048001002400024014071
:10554000DC2B01003FF8FFFF00234900411888428F
:1055500000D1704703800230F9E70000134B10B50B
:105560001A680123920606D5114B124A9B781370D4
:10557000114A137000230024104A0A211370104BA3
:1055800010481C70104B1C70104B1C80104B1C7072
:10559000104B1C70FFF7D8FF0A210F48FFF7D4FF0C
:1055A00001220E4B1C800E4B1A7010BD00080048E3
:1055B0005D0C002088140020871400208314002034
:1055C000861400209E1400208914002084140020DA
:1055D0007E1400207D1400208A14002080140020F6
:1055E0007F14002000223A4B70B510001D001100FE
:1055F0004E002C889E5BA64200D2110046009E5BA6
:10560000A64200D910000132D2B202350A2AEFD1E7
:105610000024220081421DD108321988013A641801
:10562000D2B2A4B20233002AF7D12A4B2A4D9C42AF
:105630004CD82A4B9C421AD96420294AE3089B186B
:1056400058432849FAF77CFE274BC0B29C4230D918
:10565000002333E0914204D0904202D01D886419A7
:10566000A4B20132D2B202330A2AF3D1DDE72B7899
:105670000133DBB2032B16D82B7000201B4B1870A4
:105680001B4B18701B4B9A78824202D0987000F026
:10569000DDFB0023184A1370184A1370184A138050
:1056A000184A137070BD002301222B70164B1A701C
:1056B000E3E72B780133DBB2092B01D82B70DDE750
:1056C000002301222B70104B1A70D7E76420BFE72C
:1056D0008A140020D74F00007D1400204F3A0000AC
:1056E000B7F8FFFFB20200008F40000088140020CE
:1056F000871400205D0C00208914002086140020EF
:1057000084140020831400207E140020F0B5674B21
:1057100085B01B780193664B02939B780393019BA2
:10572000022B15D1634A62331370634A1370039AD4
:105730009A4206D0029A93700122604B1A7000F0D0
:1057400085FB00225E4B1A705E4B1A7005B0F0BDEF
:1057500000235D4A18001400190017004E00258828
:10576000F65BAE4200D219004600BE5BAE4200D9E5
:1057700018000133DBB202340A2BEFD100242300DE
:10578000814243D108331188013B6418DBB2A4B2D3
:105790000232002BF7D14D4B464E474F494D9C42AC
:1057A0005DD84B4B9C4261D964204A4AE3089B1860
:1057B00058434949FAF7C4FD019BC0B2012B38D1C7
:1057C000031C002800D10123D8B23B78434A83420E
:1057D0003FD2434B1188994208D900213378118078
:1057E000622B02D80133DBB233703B700022344BA2
:1057F0002A701A703378039A9342A7D0029A937052
:1058000001222E4B1A7000F021FB9FE7994204D031
:10581000984202D015886419A4B20133DBB2023277
:105820000A2BF3D1B7E7002301222B70244B1A7007
:1058300025E02C4B9C4217D82B780133DBB2092B87
:1058400001D82B701CE0002301222B701C4B1A7016
:1058500016E000231380C9E7019B1380CAE7019B70
:105860006320012BB1D001300023EAE7019B012B1B
:10587000A9D02B780133DBB2042BD4D82B700020B5
:10588000019B002BA1D13B78144A8342E4D9144BED
:1058900011889942AED9019933781180002B02D03A
:1058A000013BDBB233703B70A4E7C0467C140020A0
:1058B0005D0C002088140020871400208214002032
:1058C0007E1400207D1400208A140020D74F000091
:1058D0004F3A0000B7F8FFFFB20200008414002026
:1058E000C30900008F40000010B586B0040001918C
:1058F00072B60AF08BFD6A4604230294E4431382D5
:1059000002A801AB059303940AF0C8FD0AF094FDC8
:1059100062B6012006B010BD0200F820E02370B589
:105920001D4C0D002168400201405B025B1A1E689D
:10593000F02321685B0201405B1A1B68002B13D126
:10594000164BF318591E8B41F82026682168400237
:105950000E335B03014006409E1B5B1A10495B1827
:105960009E4209D9802014E0AB20002E11D10B49B2
:105970005B1859424B41E7E7316801310AD1F823FE
:1059800020685B021104184029438019FFF7ACFF1F
:10599000012070BD0436E3E700140240121111111A
:1059A000FC1F00001FB5040072B60AF02FFD009422
:1059B000E443684601940AF04FFD0AF03DFD62B6EB
:1059C0001FBD70B5E024F02564026D022000FFF7D2
:1059D000E9FF80239B00E418AC42F7D1E0200021CE
:1059E0004002FFF781FFF02460020134E4B2FFF7C8
:1059F000D9FF002CF8D170BD10B5FFF7E2FF0021F0
:105A00000248034AFDF7A4FA10BDC046BC140020AA
:105A1000C2040000F7B5754B01931B78D9B2002B77
:105A20004BD1F827724D734A2B687F02724E3B4070
:105A3000136013683000714AFDF78AFAE022F02102
:105A40002B6852023B40D31A1C682B6849023B402A
:105A5000CB1A1B68002C31D0002B00D0ACE0F82012
:105A60002B682A6840020340024090206449C0002D
:105A7000C91A644B9B1A994244D8634B9C4258D034
:105A8000013400D0A1E0E024F02764027F0220006E
:105A9000FFF788FF80239B00E418BC42F7D1F8226F
:105AA000DF212B685202134049024022C91A3000FC
:105AB000FDF700FB0123019A1370F7BD90202A68BF
:105AC00052493A408A1A29689446514A3940521A32
:105AD000C00094450CD8002BC1D0013349D1F0242B
:105AE00060020134E4B2FFF75DFF002CF8D1D6E785
:105AF0001168090C8142EED2176802CA090C4900EC
:105B00007752E6E71A68120C8242B6D21F6804CBBD
:105B1000120C5200B752AEE72000FFF743FF80237C
:105B20009B00E418BC42F7D100212000FFF7DCFE07
:105B3000B5E700246300F3181A88002A11D1354B09
:105B400001349C42F6D1E02000214002FFF7CCFE58
:105B5000F02460020134E4B2FFF724FF002CF8D1F6
:105B60009DE71988200089B2FFF7D6FE0128E6D00C
:105B700095E76300F3181A88002A15D1254B0134E4
:105B80009C42F6D1F0200021E024F0274002FFF7EC
:105B9000ABFE64027F022000FFF704FF80239B001E
:105BA000E418BC42F7D17AE71988200089B2FFF7E0
:105BB000B3FE0128E2D072E71348844208D00134D2
:105BC00003D114000F008342A6D0FFF7FAFE66E768
:105BD000F0240133F9D160020134E4B2FFF7E2FEB0
:105BE000002CF8D1E020210040029FE7B8140020EB
:105BF000001402401C2A0020BC140020C204000033
:105C0000FFFF010004E00100EEEEEEEEFFDF010019
:105C100004C001004102000070B50C001500002115
:105C20000600FDF795F990236219DB009A4200D92E
:105C30001D1B002D05D003492A0030006118FDF717
:105C400039FA70BDFC1400209023F0B587B00092A3
:105C50008A1805900191DB009A4201D95B1A0093E2
:105C6000009B002B3DD000273A00019B0599DB19D2
:105C7000895C404A4033D05C884225D0D154902181
:105C8000C9008B4220D25908039101218B43D35A7A
:105C9000039819000493FFF73FFE802814D1F820E1
:105CA000E022354C4002236852020340D31A19689F
:105CB0002368F02403406402E31A1B68002912D011
:105CC00026001400002B0FD00137009BBFB23A0012
:105CD0009F42CAD32948019B009A05991818FDF7DD
:105CE000E9F907B0F0BD1600254BF022E5186B1E50
:105CF0009D41520294466B032500634402932800A1
:105D0000FFF750FE80239B00ED18029B9D42F6D1C9
:105D10001C492000FFF7E8FD04990398FFF7FCFDFC
:105D20000128D1D10025134A6B009B181A88002A3C
:105D300018D1154B01359D42F5D1114BF5186B1E4D
:105D40009D41F0236D035B02ED183000FFF72AFE42
:105D500080239B00F618B542F7D100212000FFF701
:105D6000C3FDB1E71988280089B2FFF7D5FD0128E6
:105D7000DFD0A9E7BC14002000140240FC1400206E
:105D80000040FEFFEEEEEEEE4102000070B50C00AA
:105D9000150000210600FDF7DBF86319402B01D93F
:105DA00040252D1B002D0CD0F822064B52021B68FB
:105DB00030001340E11ADF235B022A00C918FDF707
:105DC00079F970BD00140240F0B58B1887B00D0052
:105DD00014000190402B01D94024641A002C2DD0CE
:105DE00072B6174BDF271968F8235B0219407F0250
:105DF000791A220001986918FDF7FEF800281CD0D6
:105E0000104E2200019902ACA8190F4DFDF752F96E
:105E10000AF0FCFA2000029703950AF01DFB0AF035
:105E20000BFB0AF0F3FA402320002381059602972A
:105E300003950AF033FB0AF0FFFA62B607B0F0BD33
:105E400000140240BC140020FF41FEFF0122034B5E
:105E50001A700022024B1A807047C046B714002007
:105E6000B4140020064B074A1A800023064A137018
:105E70005371064A1370064A1370064A137070472E
:105E8000000D0020DC0500006814002078140020BC
:105E900067140020D41F0020044B1B78002B04D073
:105EA00003780A2B01D0BB23037070477E190020B2
:105EB000F7B5040000933F2851D100252A4805700A
:105EC0000325654329482E5C8E4207D145196E781B
:105ED000964203D1AD78009B9D423FD00325654398
:105EE000009B415540194270837018206043204C3C
:105EF000112600192B27002407231D1B063BAB404E
:105F000035001A4200D03D0005550134082CF3D16C
:105F100003000400020011262B270F33083410322F
:105F20000193019B1D1B0123AB403500194200D09A
:105F30003D00257001349442F3D1040011262B2733
:105F4000183417300123811A8B40009D31001D4207
:105F500000D0390011700132A242F3D1F7BD002800
:105F6000AED101250048AAE7B2140020202A002063
:105F7000D0190020F8B505000E00170000242000FD
:105F80003B00320029000134FFF792FF402CF6D18C
:105F9000F8BD00000122264B10B5D96B90241143A7
:105FA000D9632449E4054A608021586C49020143C1
:105FB00059643C21204BD963986A343188431039A5
:105FC0000143996200215964196B114319638021BF
:105FD000586D0902014359650821986A0143996285
:105FE000996D2000114399651968114319600421C6
:105FF0000BF0D9FEA36A114A1340A362A023A26A40
:10600000DB0013433022A3622369934323612023DF
:106010002269134342222361094B1A6008F006F8F3
:10602000002804D111210748074AFCF791FF10BD51
:10603000001002400000024000400140FFF0FFFF5E
:1060400078000240D019002002060000042370B539
:106050002E4CA26A1A42FCD12D4B2E4D5A792E4E4F
:10606000002A0ED12D4A1278022A06D02C4A127824
:10607000002A02D01B78002B03D12A4B1B78002B5F
:1060800005D101232B7080235B02B36070BD07F044
:1060900047FF0123002834D0B3602B78002B04D0B5
:1060A000002303202B700BF0F0F80121C025002005
:1060B0001D4AED00936D8B4393651C4B58551C4D49
:1060C00058551C4B1C481E681C4B304398601C489C
:1060D0001C4D18601C485D60304398611B485D6131
:1060E00018611B481C3343621A4B1D6870232B43F5
:1060F000C362194B83620423A362936D19439165B4
:10610000C4E72B7080235B02B360CEE7000002403F
:106110006814002060140020000C00485D0C002072
:10612000791400205F14002000400140D0190020A5
:1061300001060000B82B0100F03E0000801900208D
:10614000BF1D00204440014010210000D11F00204D
:10615000FC000240BC2B01002C0202400022064B36
:1061600010B51A70054BDB6B3C2B01D0FFF712FF0B
:10617000FFF76CFF10BDC046B21400200040014084
:10618000064B1B780133DBB2142B00D10023044AE9
:106190001078C01A43425841C0B27047D21F002045
:1061A000D31F0020044B1878044B1B78C01A4342BD
:1061B0005841C0B27047C046D21F0020D31F0020F4
:1061C000054A13780133DBB213701378132B01D90E
:1061D000002313707047C046D21F0020054A137871
:1061E0000133DBB213701378132B01D90023137022
:1061F0007047C046D31F0020802310B5144ADB012E
:10620000116C86B00B4313640224012200236946FB
:1062100010480092039202930493059301940AF0AC
:10622000E3FB69460B4800940AF0DEFB0423694651
:10623000084800930AF0D8FB0823694605480093F4
:106240000AF0D2FB0449054800F018FC06B010BD66
:106250000010024000080048FC2B010000380040FC
:10626000F0B572B6012380240340A405A2422BD3CB
:10627000002B02D015782A4CE5600024284D83427B
:106280000BD3A0421ED9F822254B52059D6815421A
:10629000FCD0DB680B550134F3E71F27AE68360CE2
:1062A0003E40022E05D8D75C5E1CEF60965D02333F
:1062B000EE60F827AE687F053E42E0D0EE680E55EE
:1062C0000134DCE762B6F0BD002B02D00022144B93
:1062D000DA60F824002364051D001E00A446104A5D
:1062E00085420BD39842EDD9F8240D4A6405956890
:1062F0002542FCD0D268CA540133F3E71F279468C3
:10630000240C3C40022C02D8D6600235D660674689
:1063100094683C42E4D0D468CC540133E0E7C046F2
:1063200000380040144B10B51B78002B22D1134BC2
:106330001B78002B1ED1FFF735FF00281AD1104B18
:106340001A78002A16D19022D2051168102208006E
:10635000104011420ED10F3A1A700A4B0A491870B8
:106360000A4B40201A780A4B9201D218FFF778FFA7
:10637000FFF734FF10BDC046020D00206814002056
:1063800058200020D61F002018200020D31F0020F6
:10639000E02A0020354B70B51B78002B2AD1344BF6
:1063A0001B78002B26D1FA2390261021314ADB00DE
:1063B000F6051478002C19D1346825000D400C42E4
:1063C00014D1012313703C222B4B1D702B4B1A80D0
:1063D0000A232B4A137090703633103853700428F8
:1063E0000CD8F9F705FF080B10213200013B9BB2D6
:1063F000002BDED170BD234B9B78D3704020224907
:10640000FFF72EFFF6E700232D21D37006335371DB
:106410004B339371063BD371153B1372053B1171DE
:1064200053729172D372E9E70621002351714B3107
:1064300091710639D1711539D37011722D33053927
:106440001371937251720533ECE7062100235171E9
:106450004B3191710639D1711539D37011722D33C9
:1064600005391371937251720633DBE7020D002078
:106470006814002058200020D61F0020000D0020A6
:10648000D81F00205D0C00201820002003000020F1
:10649000104A10B51278824219D10F490C78E0B237
:1064A000002C15D19022D2051268D2060FD40B4AC7
:1064B000013414700A4A0C700A2110704020094AF5
:1064C0001170094950709370FFF7CAFE200010BD8B
:1064D0001000FCE7020D002058200020D61F0020ED
:1064E000D71F0020D81F002018200020F8B5404EEC
:1064F00004003278002A03D04021FFF7CDFCF8BD1C
:106500008378112B5ED1C3783A4D3B4F2B70002B13
:1065100008D03B78022B48D0384B1B78002B42D058
:1065200000F00EF922793B786A709A4242D001213C
:10653000334A11702A78002A01D000222A70627929
:10654000AA707978914208D0002B06D101212C4AFB
:1065500011702A78002A00D02B702A49A279087875
:10656000EA70904205D00A70274A022B28D00123F6
:106570001370B422E379217A2B71637A92011B02A2
:106580000B43934207D0214A1378002B03D10133E8
:1065900013701F4A1370A37ABB2BB0D1BA3B337070
:1065A000FFF760FCABE72B70BCE71A4B2A701A4A66
:1065B0001A80B7E7022BC2D1164A17491180BEE7ED
:1065C0000023D5E7092BE6D10A4BC27819780029B8
:1065D00008D0002A06D108490978022900D00132E2
:1065E0005A71D8E7012AD6D100221A70F8E7C046BE
:1065F0007E190020681400205D0C00207914002012
:10660000781400205C0C002067140020D41F0020A8
:10661000FE0C0020000D0020DC050000902070B56D
:106620001024164B16491A78164BC0050D78002D0C
:1066300004D10568254201D1002A03D0013B9BB259
:10664000002BF3D18022104B52029A6009F0F4FE25
:106650000C210E4B1A688A431A601A680C490A40CA
:106660001A60012219680A431A60BFF34F8F094B61
:10667000094ADA60BFF34F8FC046FDE7B614002029
:1066800058200020A08C0000000C0048001402409C
:106690000FFEFFFF00ED00E00400FA05902030B58A
:1066A00010240F4B0F491A780F4BC0050D78002DA1
:1066B00004D10568254201D1002A03D0013B9BB2D9
:1066C000002BF3D18022094B52029A60BFF34F8F07
:1066D000074B084ADA60BFF34F8FC046FDE7C0465C
:1066E000B614002058200020A08C0000000C0048A8
:1066F00000ED00E00400FA0510230D4AC320116CE0
:1067000080000B4313642F220A4B9A63FA22D200B3
:10671000DA630122DA601A60074B084A19581140FF
:10672000802212040A431A508022D2011A60704754
:10673000001002400010004000E100E0FFFF00FFF9
:10674000012210B511000D480BF02DFB8023902085
:106750000A4C5B02A36001220821C0050BF023FB59
:10676000802390221B03D205936002210122200086
:106770000BF019FB80239B02A36010BD000C0048A6
:1067800070B5802401222D4D640286B011002800CE
:10679000AC600BF008FB9023AC60DB0508241E0006
:1067A00018009C60210001220BF0FDFAB460022663
:1067B00028003100AE6001220BF0F5FA8021902014
:1067C000AE6020228901C0050BF0EDFA00222021E5
:1067D0001B480BF0E8FA802120221A4849010BF0EF
:1067E000E2FA80212022174889010BF0DCFA902080
:1067F000002524196946C005009401950295039669
:10680000049505950AF0F0F8C120C0210E4B8000D8
:106810005A6B5D631A68090622431A609A6922431B
:106820009A61DA691443094ADC6113581B021B0A96
:106830000B4313508023136006B070BD000C00485A
:1068400000080048000400480004014000E100E0A6
:106850008023224ADB00D16B10B50B43D3630222A5
:1068600001241F4B19680A431A601A6822431A60F0
:10687000FFF7C2FCFEF722FEFFF78CFBFFF780FF5D
:10688000FFF73AFF174B1B78022B24D1FEF7D4FCFD
:10689000154B3C221C700024144B1C70144B1A80A6
:1068A000144A154B116A1940C0231B040B43C02125
:1068B0001362136A09061B021B0A0B4313620F4B78
:1068C0001C705C710E4B1C70FEF748FE0D4B1C706B
:1068D0000D4B1C7010BDFEF7E3FCD9E70010024021
:1068E000002802405D0C0020020D0020D51F002072
:1068F000000D002000ED00E0FFFF00FF6814002005
:10690000791400205F1400207E19002080210A4B9A
:1069100089011A681B680B40D20403D40120002BA4
:1069200006D0704780229B0412069B18980FF8E748
:10693000024B1878F5E7C0460004004850140020C8
:1069400070B5254E0400737801280BD0022802D0C0
:1069500000281CD070BD5A1E1D00022A00D9012536
:10696000002400E01D003278A24213D1002CF1D1A6
:106970009D42EFD0FEF794FC002375703370022D1A
:1069800003D0032D01D0012D21D128001DE01D00D1
:106990000224E8E7022C12D108203470FFF7FAFC39
:1069A000FEF75EFCFFF752FA00230C4A1370012237
:1069B0000B4B1A7008F08CFE0A4B1880CAE7012CAA
:1069C000D8D1FEF76DFC00203470FFF7E3FCFFF731
:1069D0003DFA0123E9E7C0465D0C00206714002062
:1069E0004A14002048140020F8B5FFF78FFF114E1D
:1069F00004003378104D834202D100232B70F8BD80
:106A00002B780E4F002B05D101332B7008F060FE60
:106A10003880F4E7388808F0ABFD6328EFD900230D
:106A200032782B70064B20001A703470FFF788FF05
:106A3000E5E7C046501400204E1400204C140020FE
:106A40004F14002010B5FFF7CFFF10BD084B37B52E
:106A50001C681D68FFF75AFFE104064CAA0424785D
:106A60000300D20FC90F0094034804F061FF37BD43
:106A7000000400485D0C0020242C01004022036823
:106A800010B593430A6803600423012A48D10268C1
:106A9000134303604A680123002A45D102689A43E0
:106AA00002608A680223002A42D102689A43026087
:106AB000FF24CB68E400DB00234038240268A243B3
:106AC00013430A6903608023012A35D10268134306
:106AD00003604B69012B33D1802302681B021343EF
:106AE00003608B69012B2FD1802302681B011343A4
:106AF0000360CB69012B2BD1802302689B001343D9
:106B00000360802302685B00134303600423426830
:106B1000134343604023026813430360012010BD08
:106B200002689A430260B5E7026813430360B8E75E
:106B3000026813430360BBE702689A430260C8E738
:106B40000368054A1340CBE70368044A1340CFE7C4
:106B50000368034A1340D8E7FF7FFFFFFFF7FFFFFB
:106B6000FFFDFFFF00B5372827D8032804D80023EE
:106B700000E00423180000BD04383328F7D8F9F7E3
:106B80002DFB4E40464640F61A404E404040F6F639
:106B90004E62F6F666F65450405846F64A4A4A4A5D
:106BA0004A4A4A4A4A6AF6F6F6F6F6F6F6F6F6F66D
:106BB000F6F6F6F6F6520623DCE7284BC01882B24A
:106BC0000023332AD6D83328D1D8F9F707FB281A5F
:106BD00036381AD01CD02830D0D0D0D0283ED0D0D3
:106BE00026D0D02A1A343A1ED0D0D0D2D042D0D01B
:106BF000D0D0D0D0D0D0D0D0D0D0D0D0D0D0D0D095
:106C000022220123B6E70523B4E70723B2E70823CE
:106C1000B0E70923AEE70A23ACE70C23AAE70D236C
:106C2000A8E70E23A6E70F23A4E71023A2E711236A
:106C3000A0E712239EE713239CE714239AE715236A
:106C400098E7162396E7172394E7182392E719236A
:106C500090E703238EE702238CE7C046FCFDFFFF8D
:106C600002001E3A0B2310B5092A02D9FFF77AFF5A
:106C70000300180010BD10B5FFF774FF431E9841C4
:106C8000C0B210BD002303604360836083817047FE
:106C90000068002800DC0120704700000A4930B578
:106CA0000A68FF2A0EDC094B094D1B68094CD318F2
:106CB0002B4003D5084D013B2B4301335B000132D0
:106CC00018530A6030BDC046682000206C200020A8
:106CD000FF0000807020002000FFFFFF70B50D4C0A
:106CE0002268002A14D00C4D0C492B685800405AD9
:106CF0000B4901330B4003D50A49013B0B430133D8
:106D00002B60094B013A1B682260002B00D098478A
:106D100070BDC046682000206C200020702000203C
:106D2000FF00008000FFFFFF5C200020014B186087
:106D30007047C0465C2000200023034A1360034ACA
:106D40001360034A13707047682000206C200020F5
:106D50006020002010B5FFF7A1FF10BD70B5060040
:106D60000C000025A54200DB70BD3000FFF796FF48
:106D70000135F7E7094B10B51B68002B0CD0084B09
:106D8000084A1978002902D01168814204D01060A5
:106D900001221A70FFF7A2FF10BDC0466820002034
:106DA000602000206420002070B506000C1E00DC6E
:106DB00001240025701E0E280CD8F9F719FA080FC7
:106DC00011131515181815151B1B1D1F2100502018
:106DD000FFF7C0FF0135AC42ECD170BD5120F7E7A1
:106DE0005220F5E74F20F3E75020FF30F0E7A820CE
:106DF0004000EDE74A20EBE74D20E9E74E20F4E7BD
:106E0000A520F5E70139CBB210B504000E2B07D849
:106E1000111E00DC0121094A5B00985AFFF79EFF12
:106E20001C20062C06D0073C631E9C4114236042A4
:106E300098431C30FF30FFF78DFF10BD682C010018
:106E400070B50D000C1E00DC01241C280ED12E3064
:106E5000FFF780FF4A20FFF77DFF0F482100FFF773
:106E60007DFF83204000FFF775FF70BD4A20FFF7CC
:106E700071FF4A20FFF76EFF0848FFF76BFF012DF7
:106E800003DD0548611EFFF769FF1C20FF30FFF797
:106E900061FF2A20E7E7C046510200004D020000D2
:106EA0000B000B3B70B504000B4D012B06D82B20BB
:106EB000AC4200D00948FFF74DFF70BD0139CBB29D
:106EC0000E2BF4D8111E00DC0121054A5B00985AF4
:106ED000FFF744FFEBE7C046370200002B0200003B
:106EE000682C010070B505004A200C00FFF732FF46
:106EF0004A20FFF72FFF012C03DD0648611EFFF734
:106F00002DFF054B2B209D4200D00448FFF722FFA8
:106F100070BDC04651020000370200002B02000085
:106F200010B51A2824D00DD8053883B20A2B15D8ED
:106F30000A2813D8F9F75CF92912121C12121E1232
:106F400021252700154B984225D008D8144B98428C
:106F50001BD0033398420BD0272818D010BD114BFB
:106F6000984216D0104B984211D0104B9842F5D150
:106F70000F4803E09420800000E00E48FFF7EAFE8F
:106F8000ECE70D48FAE70D48F8E7D420F3E70C48A2
:106F9000F4E70C48F2E70C48F0E7C0460A020000AC
:106FA0000502000021020000230200001A02000076
:106FB0004F03000051020000520200004F02000087
:106FC0004A0200004D0200004D03000010B54C20A5
:106FD000FFF7C0FE10BD10B52A20FFF7BBFE10BDA5
:106FE00010B50348FFF7B6FE4C20FFF7B3FE10BD07
:106FF0004F02000010B50448FFF7ACFE1C20FF3024
:10700000FFF7A8FE10BDC0464D02000010B5FFF707
:10701000F1FF10BD10B50448FFF79CFE832040002F
:10702000FFF798FE10BDC0464D02000010B50028C5
:1070300002D05020FFF78EFE1A20FF30FFF78AFEA5
:1070400010BD10B54D20FFF785FE4C20FFF782FEE6
:1070500010BD1E2010B5FF30FFF77CFE10BD8B2049
:1070600010B54000FFF776FE10BD0000812310B57B
:107070009B0098421BD004D8042816D0122818D0A0
:1070800010BD83239B0098420BD00D4B9842F7D143
:107090004A20FFF75FFE8A208000FFF75BFE522048
:1070A00000E04A20FFF756FEEAE74F20FAE74D20BE
:1070B000F8E74D20FFF74EFE8A208000F2E7C04639
:1070C00012020000030000B50B20272B11D017D8A7
:1070D00000200F2B10D8042B0BD9581F0A2809D8D1
:1070E000F9F786F82F08083108080608332B2D0019
:1070F000012000BD0020FCE71A2BFAD10530F8E78B
:10710000134A06209342F4D00DD8123A0430934229
:10711000EFD0104A04309342EBD00F4A9B185A42EA
:107120005341D800E5E70D4A0D209342E1D00C4AC7
:1071300000209342DDD10C30DBE70320D9E70420A7
:10714000D7E70720D5E70920D3E70220D1E7C046DB
:107150001A0200000A020000FBFDFFFF21020000EE
:107160002302000010B50348FFF78CFD0022024BFC
:107170001A7010BD9C220020AC22002010B5002403
:10718000074B1C70074B1C70FFF7ECFF064B1C6095
:10719000064B1C60064B1C70FFF7CEFD10BDC046B1
:1071A000AE220020AD220020882200207422002080
:1071B0007022002010B5FFF7B9FD10BDA24BF7B546
:1071C0001B780400002B00D18EE2A04E33785A1EAB
:1071D000022A00D988E2023B012B35D82000FFF7B4
:1071E000C1FCE2B20300292A02D1012333701BE063
:1071F0001C2C05D8122C0AD8062C1AD0072C11D01A
:10720000013B032B10D82000FFF78AFE0CE0200082
:1072100013380928F4D8F8F7E1FF13F3F310F3F368
:10722000F3F30509FFF7F2FE0020FEBDFFF7F2FEC3
:10723000FAE7FFF7DFFE0023D8E7FFF7D1FEFAE712
:107240000020FFF7F3FEEFE7814B20001A78009350
:10725000052A2ED82A23D340DB072AD5FFF700FDC5
:10726000009B05001878FF232340292B24D10028F8
:1072700000D133E2FFF776FF0022764B1A60009BC5
:107280001B78002B0FD1734D2C68002C0BDD724B3B
:107290001F78002F07D1714871496200FBF70AFF80
:1072A000704B2F601C603378002BBDD1694A13608E
:1072B000BAE7FFF757FCD3E7072800D93CE1F8F716
:1072C000ABFF0800D9001C015D018601B601F20187
:1072D0000702681E182800D900E2F8F79DFF550044
:1072E0005500550055005C004F0053003F0047001B
:1072F0001900FF015F0066006A009B0070007000CB
:1073000070007000700070007000700070007000FD
:107310000123009A13700023272C01D023001D3B6A
:10732000514A13602000FFF7A6FC0028A7D02000D8
:10733000FFF718FC1928A2D84C4BC340DB079ED599
:10734000454B1B78002B9AD1424A1368072B96DCD9
:10735000591C1160424A5B009C5290E70223009A3C
:1073600013700122404B1C811A73DBE70423009A3F
:10737000137001223C4B5C815A73D3E70623009AB9
:107380001370CFE70723FAE72000FFF79BFE0121E8
:10739000FFF70AFDC6E701210E20F9E701210620CB
:1073A000FFF74EFD00233370BCE72000FFF75EFEC1
:1073B000F8E72F4BE3185A4253410233F3E7280012
:1073C0001138082823D80025F8F712FF1E05080FEA
:1073D0001215181C0B00FFF7F9FDA3E7FFF7FBFDE3
:1073E000A0E7FFF7FDFD35709CE7FFF703FEFAE726
:1073F000FFF70CFE96E7FFF70DFE93E70020FFF77F
:1074000015FE8FE70120FAE7FFF71BFE8AE7FFF77B
:1074100020FE87E7104B1F780193002F82D1114D7A
:107420002A68002A00D17DE701221A702B689F424A
:1074300002DB0023019AA3E7084A7B00D05AFFF73A
:10744000BDFE0137F2E7C046AE220020AD2200208B
:10745000AC22002088220020702200207822002008
:107460008C220020742200209C220020FE17FE03A4
:10747000E7FDFFFF9D4F3800FFF70AFC0190681EF3
:107480000D2859D8F8F7BEFE1C001C001C001C007B
:1074900023007AFF7EFF6AFF72FF58000E0026006D
:1074A0002F0033003A68092A00DD3BE70A235343E3
:1074B0000022272C01D022001D3A9B183B6031E7A7
:1074C0002000FFF7FFFD0199FFF76EFC08E00121A6
:1074D0000E20F9E706200199FFF7B2FC0023337074
:1074E000FFF740FE1EE72000FFF7C0FDF6E7804BE8
:1074F000E3185A4253410233F1E77C4F3800FFF75B
:10750000C7FB0190681E092816D8F8F77BFE1B0000
:1075100025001B001B00290037FF15000A0015007D
:107520002D003B899C4207D120000199FFF788FC80
:107530003B89062BD4D1D1E7FFF714FE00226D4B17
:107540001A6042E62000FFF7BDFD3D8901002800DA
:10755000019AFFF757FCEBE701220B213889F8E786
:1075600001220E213889F4E70323009A13700023C7
:10757000272C01D023001D3B7B60D3E6681E0A2820
:10758000DAD8F8F73FFE0B0085000B000B001F0058
:10759000FBFED9FFD9FFD9FFD9FF65002000FFF717
:1075A00091FD524D2F8901902800FFF771FB6A6809
:1075B0004243632A00DD632238000199FFF722FC71
:1075C0002B89B6E7494D01220E212889F6E7474F5E
:1075D0003800FFF75DFB0190681E0928ACD8F8F76A
:1075E00011FE12001C00120012002000CDFEABFFA5
:1075F000ABFF0A0024007B899C429DD120000199A9
:10760000FFF770FC6CE72000FFF75CFD7D8901004F
:107610002800019AFFF744FC62E701220B217889D8
:10762000F8E7788901220E21F4E705239DE7681E1B
:107630000A2800D980E7F8F7E5FD1A002B001A00A8
:107640001A003300A1FE7FFF7FFF7FFF7FFF0B004B
:10765000264A5168092900DD64E60A234B430021CC
:10766000272C01D021001D395B1853605AE62000F9
:10767000FFF728FD1D4D6F8901902800FFF708FBDB
:107680006A684243632A00DD632238000199C1E73A
:10769000164A5168092900DD44E60A234B43E4E712
:1076A000124B5889BEE7062D00D045E70F4D2B7BC6
:1076B000002B03D001220F2128897FE76B7B002B51
:1076C00003D001220F216889A4E701210F20FBE6E6
:1076D000072D00D030E7FFF7C2FC01E7054B1A6821
:1076E000002A01DD00221A6001209EE59C22002074
:1076F000E7FDFFFF8822002010B5FFF73BFB10BD20
:10770000014B18787047C046AD220020014B187815
:107710007047C046AE220020024B1878431E9841A5
:10772000C0B27047AC220020044B10B51870FFF7B0
:1077300019FD0022024B1A6010BDC046AD22002088
:10774000882200200122054B10B51A70FFF70AFDB0
:107750000022034B1A60034B1A7010BDAE220020AA
:1077600088220020AD22002010B50024044B1C709C
:10777000FFF7F8FC034B1C60FFF7DEFA10BDC046B4
:10778000AE2200208822002010B5FFF7EBFC00227B
:10779000014B1A6010BDC0468822002070B5C2B2ED
:1077A0000500010AC30424D50F230B40013BDBB2C3
:1077B000072B47D82649CC5C502A29D0512A3DD0E6
:1077C000522A3DD003264F2A23D002F06FFE844375
:1077D00002D0200002F05FF8EDB2280001F074FF43
:1077E000280001F0E7FF002C27D0200002F05BF812
:1077F00023E0012402230C40194200D01C4304233F
:10780000194200D01C4308231942D5D01C43D3E7AA
:107810000026002CD9D100220E4B1400995D914214
:10782000D3D00D4C9A55A35D934206D10B4B7200F9
:10783000985C01F049FF0123A35570BD0126E8E7DC
:107840000226E6E70024502AB8D10026E3E7C04626
:10785000862C0100D4220020D0220020962C01008A
:107860000F4970B500220D0004000E4803789342C2
:1078700006D1102B0CD05A1C5B000270EC5270BD6C
:1078800002318E1E3688A642F9D00132D2B2EEE71E
:107890001E2228000449FBF7DDFAEC83EFE7C0461F
:1078A000B0220020AF220020B2220020E03880B2B7
:1078B000072809D8064B1B5C002B05D00548027829
:1078C000002902D01343037070479A430270FBE70C
:1078D0008E2C0100D8220020014B18787047C0463A
:1078E000D822002070B500242600094D2B78002BEB
:1078F00005D0084A6300D05C01F05CFF2E70064B97
:107900000135E31801341E70042CEFD170BDC04660
:10791000D0220020962C0100D422002010B5FFF7C1
:107920009FFF10BD10B5FFF729FC0C48FFF742FC84
:10793000FFF708FF0020FFF7F7FE0023084A094978
:107940001370094A0B701370084A4B701370537010
:107950008B709370CB70D37010BDC0469D770000C4
:10796000D8220020D4220020AF220020D0220020E4
:1079700010B5FFF7C1FE10BDF7B5040000250B28B8
:1079800009D001350D2806D001350E2803D0033D5E
:107990000F2800D104354E79002E28D16B1C0BD056
:1079A000304B314F5E557B5D002B05D02F4B6A006D
:1079B000985C01F0FFFE7E5500222D492D4D0B787D
:1079C000D0B283420DD9501C4700EF5BA7420CD1C7
:1079D0000126013BDBB20B7027495B005B5A52006A
:1079E000535201235E403000FEBD0200E8E7FFF77E
:1079F0008DFE0028F7D02300E03B072BF3D91F4B67
:107A00001A7822231100994306D0FFF785FE00283B
:107A1000E9D0FFF7B9FEE6E727001A4202D0802737
:107A2000BF0027433800FFF726F9002801D1292C91
:107A3000EBD1FFF771FE01903800FFF7BFFB002884
:107A4000D1D12000FFF70CFF6B1C01D10026CAE743
:107A5000019B002BFAD1FFF753FE0128F6D1014B11
:107A60005855F3E7D4220020D0220020962C0100A4
:107A7000AF220020AE220020B0220020D822002019
:107A800070B504000D00002A02D10025280070BD49
:107A900090470028F9D06D79002DF6D02000FFF72F
:107AA0003DFFF3E7054B10B51B68054A1978054BF8
:107AB00010781B78184302F0C0F910BDF0220020A6
:107AC000852300208623002070B500250F4C2088D8
:107AD000002804D0C0B201F06DFE002323800135E0
:107AE0000234042DF3D1D12001F064FED22001F044
:107AF00061FE0022064B1A70064B1A80064B18785E
:107B0000FFF712FEFFF7EEFE70BDC046DC2200203C
:107B1000E4220020E6220020EE22002010B507F02B
:107B2000D7FD031C002800D1012398B210BD70B509
:107B300000240D00A04204D007F01AFDA8426441C1
:107B4000E4B2200070BD00009521084A03008218AD
:107B500092B2012049018A4207D3054A00209B18AE
:107B60001F229BB29A424041C0B2704700C0FFFF43
:107B700040ADFFFF70B5050002F098FC040002F074
:107B8000B1FC280001F036FC200002F0A5FC70BD1D
:107B900010B54B20FFF7EEFF10BD10B54E20FFF7DC
:107BA000E9FF10BD0A2010B5FF30FFF7E3FF10BD5D
:107BB00010B55120FFF7DEFF4A20FFF7DBFF10BDB5
:107BC00010B55220FFF7D6FF4A20FFF7D3FF10BDB4
:107BD00010B54F20FFF7CEFF10BD10B55020FFF7B6
:107BE000C9FF10BDF7B504000D001700B34E326099
:107BF0004979FFF75BFE29002000BA69FFF740FFD3
:107C000000282AD12000FFF79FFF00280FD1FFF79F
:107C100049FF00280BD033681B6A002B24D02000BA
:107C20009847002820D033685B6A002B17D1FA6987
:107C300029002000FFF724FF071E0ED16B79009367
:107C400033685B88A34244D1009B9D4D9D4C002B23
:107C50000FD0FFF763FF27702880002070E120001D
:107C6000697998470028E2D06B79002BDFD020009B
:107C700087E02378002B0CD0934E3088002802D068
:107C8000C0B201F097FD0023338000232B802370C6
:107C9000E3E72B88002BF8D0FFF732FD042802D150
:107CA000FFF712FFF1E73368DB68002B0DD1FFF718
:107CB0002DFD0028E9D0FFF723FD844B1870FFF756
:107CC00011FE0420FFF730FDDFE798470028EED1D2
:107CD000DBE7FFF715FD04280CD12300E03B072B61
:107CE0002BD8009B002B05D023008343E12BBED073
:107CF000FFF7EAFEFFF70AFD6F79002800D1C0E028
:107D000033689B7C002B00D1BBE0292C00D0B8E06D
:107D1000002F00D10DE1FFF7F3FC002800D008E1AF
:107D2000FFF7DAFDDD23184200D002E1830700D41B
:107D3000A3E06748FFF71EFF99E7FFF7CDFD009A24
:107D40000300002A41D00F2C0CD80A2CD0D92000D7
:107D500022220B3813400428CAD8F8F73FFA0CC97E
:107D600015202B00282C2CD02C2CC1D1FFF7D6FEAF
:107D7000584B18807BE7CF20574B188001F0A4FCAC
:107D80000B20FFF7CBFD68E7CE20002B00D00C3096
:107D9000514B5880C0B201F097FC0D20F1E7CD2087
:107DA000002B00D00C304C4B9880C0B201F08CFC02
:107DB0000E20E6E7D020484BD88001F085FC0F204C
:107DC000DFE7D22001F080FC51E70F2C0AD80A2C03
:107DD00090D920000B3804288CD8F8F7FFF9168BBF
:107DE000212C3700282C44D02C2C83D13B4F394AEE
:107DF0003B780192002B34D0D12001F0DBFC009BBA
:107E00003B700023019A138074E7334F38880028B1
:107E100000D16FE7C0B201F0CDFC00233B8069E7E1
:107E20002D4F7888002800D164E7C0B201F0C2FC71
:107E300000237B805EE7284FB888002800D159E7EF
:107E4000C0B201F0B7FC0023BB8053E7224FF88893
:107E5000002800D14EE7C0B201F0ACFC0023FB804B
:107E600048E7019B1B88002BCBD0D12001F00BFDF4
:107E7000C7E7D22001F09EFC3CE7002859D035200E
:107E800058E7392C55D1002F3FD0FFF70BFE0028C3
:107E900029D02000FFF742FDFFF738FC01235840AE
:107EA0003368C0B29B6A002B03D09847FFF71AFDD6
:107EB000D3E6002814D0FFF745FCF7E7F0220020B6
:107EC000EC220020EA220020E8220020EE220020FE
:107ED00035020000E6220020DC220020E4220020FF
:107EE000FFF742FCE2E7FFF711FC002821D0FFF783
:107EF00007FC264B1870FFF711FE254B1880012058
:107F0000FFF712FCFFF7EEFCB1E6214B1888009357
:107F100000280ED03368198AFFF709FE009B1F80E6
:107F20001A4B1B7800280CD01800FFF7FDFBFFF759
:107F3000D9FC6B79002B08D129002000FFF71CFD2C
:107F4000FEBD012BF5D13800EFE7FFF7DFFB00287E
:107F5000F2D0FFF7D5FB0128EED13368DB6A002BA6
:107F6000EAD0FFF7B9FC3368DE6A3388002BE3D030
:107F70009C4209D1F378B27803409A4204D1FFF7CA
:107F800003FC7368984772E60836EEE7D9220020B2
:107F9000DA22002070B5FFF7EBFC1E4C2368002BA3
:107FA00033D01D4A1088002818D01C4D2A78002A8A
:107FB00014D1198AFFF7BBFD00280FD001232B70C5
:107FC00023689B68002B21D0984700281ED0236887
:107FD000D888134B1880C0B201F076FBFFF790FBF6
:107FE000042812D10F4B188800280ED00E4D2B7884
:107FF000002B0AD12368198AFFF799FD002804D0C5
:108000000123D1202B7001F05FFB70BD236898889D
:10801000DFE7C046F0220020EC220020EA22002008
:10802000E8220020E6220020E4220020024B1B6808
:10803000181E00D0988A7047F0220020002B15D11E
:10804000002816D0012906D00239012914D880222F
:108050001800130003E0002A11D11000FF2300993B
:108060000A70019A1070029A137070470022FF2064
:10807000F4E7FF220300F2E71A00FF20E9E7FF22FE
:108080001000ECE70122124B10B51A7000233C21BE
:10809000104A1370104A1180104A1370104A13705E
:1080A000104A1370104A13705371104A1370104A1B
:1080B000138072B6FEF764FB62B607F0E5FA96220B
:1080C000D200801803220B4B18600B4B1A7010BDA6
:1080D000020D0020D51F0020000D00205820002098
:1080E000D71F0020D61F002068140020791400201C
:1080F0007A140020FC2200200423002070477047DF
:10810000084B82B01A7801900023022A05D101ABF6
:10811000DB78023B5A425341DBB2034A137002B090
:108120007047C0465D0C00205E140020F7B507F0D4
:10813000ABFA834C05002378012B04D00022814B3D
:108140001A70814B1A802022804B814E1B6813408D
:108150009A06D20F0192002B1AD03778002F17D130
:108160007C4B1A78022A13D0022208201A70FEF7DC
:1081700011F9FDF775F8FDF769FE774B1F70774B26
:1081800001371F7007F0A4FA754B1880754B1F70EC
:108190006B4620781B793370042800D9CDE0F8F7BE
:1081A00027F80330545D99006A4B1B78022B25D0C9
:1081B0006D4B186807F0E3F96C4B98421ED96C4B75
:1081C0001B78002B1AD19023DB051B68DB0615D426
:1081D000684B1D78002D11D10126267007F054FA46
:1081E000654B96301860654B1D705E715A4B1D7063
:1081F0005A4B1D70544B1D80524B1E70FEF722FCD3
:10820000F7BD584A1578002D0DD0002313704D4A44
:10821000237013704C4A1380584A537107F034FA94
:10822000514B1860EAE7544B186807F0A8F99528F5
:10823000E4D90122434B1D70434B1D80504B1A70F3
:10824000FEF77EFA02232370D8E7464B1A78002AFD
:10825000D4D000221A70FFF715FFCFE7484E464DE5
:108260003378002B14D1474A1370474A01331370F7
:10827000394A1370394A137007F02AFA384B1880BC
:1082800007F002FAC8239B00C01828600423DAE72D
:10829000286807F074F99623DB009842AED33B4A76
:1082A0001378012B02D801331370D4E7384A1378BE
:1082B000002B0CD1013313703370FEF7C9FA07F0AD
:1082C000E3F99623DB00C01828600323BBE7FEF721
:1082D000E5F993E72A4B1B78002B0FD127491D4A5C
:1082E00049781278914209D1284A23701370254A9F
:1082F0001370274A13701C4B1D607FE71E4E3068B9
:1083000007F03DF9C8239B00984212D31D4A137809
:10831000022B09D80133137001221B4B1A70C8239A
:108320009B00ED18356069E70023184923700B7036
:10833000DEE70122144B1A7060E7002383E7C04692
:1083400004230020791400207A140020000800483B
:10835000F72200205D0C0020671400204A14002042
:1083600048140020FB22002000230020DF9304009B
:1083700058200020B6140020FC22002068140020A1
:10838000020D0020F922002078140020FA2200209B
:10839000F822002010B5FDF72FFFFDF78FF8FDF74D
:1083A00039FBFDF7F7FDFEF7EBF9FCF72FFDFDF7C5
:1083B000D5F8FEF7A1F9164B1B78022B25D1FCF757
:1083C0003BFF0022134B1A70012400223C21124B68
:1083D0001C70124B1A70124B19801249124B086A0A
:1083E0001840C0231B040343C0200B620B6A000625
:1083F0001B021B0A03430B620C4B1A700C4B1C70C4
:108400000C4B1A700C4B1A7010BDFCF749FFDBE7E0
:108410005D0C002067140020020D0020D51F0020F5
:10842000000D002000ED00E0FFFF00FF5E140020C3
:108430005F1400207E1900206114002010B507F0A1
:1084400023F9124B124A1860124B13491B68134848
:108450009B06DB0F1370CA780378DC09944206D0C0
:10846000541EA2417F24D2012340134303700B7991
:10847000002B08D00A4B187801F0B3F8012802D07D
:10848000012001F0EBFC00F0E7FD10BD002300200F
:10849000F7220020000800485D0C0020EC2F00208F
:1084A0008523002070B52E4D287800281ED16A78CB
:1084B0000300511E022902D80E32D0B20533294AD8
:1084C000294CD278012A1DD12278092A16D80325F1
:1084D0005D4326494A199378695C527804F042F862
:1084E0002378132B01D90023237070BD012802D0FB
:1084F00000200300E3E712200323E0E700231A0033
:108500001900EBE7022A13D12278182A0CD8032588
:108510005D4316494A199378695C527804F022F851
:108520002378312BDFD8E0E700231A001900F5E7A4
:1085300003265E430D498A199378715C527804F0E2
:1085400011F82378EF2BD0D90023094A2370137038
:108550002B78002BC9D10122064B1A70C5E7C04603
:108560005D0C00206814002057140020E30C00204C
:10857000671400208214002010B50024002320007E
:108580001A001900013403F0EDFF402CF6D10A4C1B
:108590002378182B0BD80023C8211A00012003F0E0
:1085A000E1FF2378312B01D90023237010BD002374
:1085B0001A001900F2E7C0465714002070B5194D93
:1085C000194C2A782378182A0CD8C822002B0CD1F1
:1085D000164A1278002A16D0C82211001C2003F077
:1085E000C1FF06E0002B0FD0002211001000FDF7A4
:1085F000C1FC2B78312B06D900232B702378002B5C
:1086000009D0013B237070BD084A1278002AF0D0CF
:108610001A001900E2E7054A1378002BF3D0013B5A
:108620001370F0E7571400200823002007230020D0
:10863000F8B52C4B1B78012B23D12B492B4B0A78F7
:10864000012A06D900201A780870032A17D9033A9C
:108650001A7000251C78264B1A5D264B585D0023A6
:10866000190003F07FFF2300783C0833DAB2E4B24C
:108670001B0600D4140001350A2DECD1F8BD7F2271
:10868000E6E7022B0BD100241A4BFF22185D0023D2
:108690000134190003F066FF0A2CF5D1EEE7164B02
:1086A0009E786D2E1CD80A213000F7F749FE00276E
:1086B000FF24C5B2142E06D900243223B3426441EC
:1086C000FF276442E4B20026F3B2AB42D6D2094B94
:1086D0003A00985D2100002303F044FF0136F3E7E0
:1086E0000A25E9E77C140020561400200923002005
:1086F000630C0020260E00205D0C002070B5144B8A
:10870000144A1B781278134302D0FFF757FF70BD4D
:10871000114C124A25781370022D17D106F022FD54
:10872000054213D00E4B1B78002B0FD0C8231A0024
:1087300019001C2003F016FF6379002BE7D0C82333
:1087400036201A00190003F00DFFE0E70023EEE7E2
:1087500008230020072300205D0C00205714002070
:108760005E14002010B5084B1B78022B08D8074A6E
:10877000D05C074AD15C074AD25CFDF7FBFB10BD19
:10878000C82211001000F8E705230020E62C0100A4
:10879000E32C0100E02C0100284B10B51B78002BC6
:1087A00003D0FFF7E9FE002010BD254B1B78002BFE
:1087B00002D0FFF7D7FFF6E7224B1B78002B06D03D
:1087C000214B1B78022B02D0FFF76CFEEBE71F4B0F
:1087D0001B78002B02D0FFF72BFFE4E7FFF78EFF9B
:1087E0001B4B1B78002BDED0174A1378012B1BD0B4
:1087F000022B1ED0002BD6D15378022B0AD0032B8C
:108800000DD0012BCFD1C7331A0019000F2003F070
:10881000A9FEC8E7C82310201A001900F7E7C823EB
:1088200011201A001900F2E7C82312201A001900BB
:10883000EDE7C82313201A001900E8E77E14002092
:1088400006230020671400205D0C00200A2300206E
:108850000B230020F0B5484B8BB01B78049005919A
:10886000002B78D0454B1A78131C042A00D9042316
:108870000133DCB206F02CFF06231B1B18416B46AC
:10888000002702901B7A03935B00DBB206930193EF
:10889000FAB2130004993D33DBB2994254D80599DA
:1088A000994251D93648374B00783749013800246E
:1088B0001B780978042821D8F7F79AFC030F195779
:1088C0001F00552042430398019C8218D0B2120623
:1088D00014D5FF24241A640007E055205043AA242D
:1088E00000060BD4013CFF3C5443E4B206E003987D
:1088F000C318552042439B18DBB2FF2408AA13700B
:1089000051709470089803F0B1F9204B04001E7860
:1089100005040002000EC8217043F7F711FD2D0E6B
:10892000C3B2E8B2C82170430793F7F709FDC5B297
:10893000E0B2C8217043F7F703FDC1B238002A0046
:10894000079B3D3003F00EFE019B0137563BDBB227
:108950000193032F9CD105990498FFF71DFF0599FA
:10896000049800F0D9FB0BB0F0BD029A069C1206E9
:10897000C4D5029AD443AEE7F6220020050D0020AC
:10898000F5220020F4220020030D0020040D002019
:1089900000B542780300022A3CD10278082A1DD093
:1089A000092A1AD0072A35D180780138032814D82B
:1089B000DA78F7F71DFC02050B0D174B1A700CE067
:1089C000164B1A70511E8A41154BF7E7154BF5E708
:1089D00015491B790A70154A137000BD807801385B
:1089E0000328FAD8F7F704FC02060D0F0A4A12789A
:1089F000DA70F2E70A4A117800229142F8D0074A69
:108A0000F5E7084AF3E7084A1278DA70074A12785D
:108A10001A71E2E7FF22D1E7040D0020F5220020C1
:108A2000F6220020050D0020F4220020030D002076
:108A300037B50022B34B05001A80B34B0C001A70F7
:108A40004B7993420BD006F01FFEB04B1860B04B31
:108A50001B78013B012B02D80122AE4B1A70AE4BA2
:108A60001A78002A0ED02C2D00D139E1AB4A95425C
:108A700000D1BFE1AA4A954200D1BBE1E02D18D058
:108A800000221A70A74A954200D1DEE14BD8A34AD2
:108A9000954200D1AEE133D8E72D00D177E10BD874
:108AA000652D00D17CE1E32D00D167E12C2D00D1B3
:108AB00016E12100280022E1A423DB019D4200D120
:108AC000A1E1994B9D42F4D16379002B00D0C1E024
:108AD0006B469D1D022221002800FAF7EBFA934B0A
:108AE0002A889A4200D0B5E0914B1A79012A00D128
:108AF000B0E001221A7100225A718E4B03329BE1C1
:108B0000874B9D4200D175E18B4BEB18032BD0D8DE
:108B10008A4BE8186379022800D949E1F7F77CFB12
:108B200053015B016401864AA81882B20E2AC0D89C
:108B30000E28BED8F7F766FB0F002F004400610037
:108B4000740090009C00B800C900BDFFBDFFBDFFD0
:108B5000BDFF95019C0162797A4B002A16D0012451
:108B60001C70FCF79DFB724B1A78A2420FD00020BC
:108B70001C70FDF70FFCFDF769F9734B1C70734B0C
:108B80001C7006F0A5FD724B188000E01A70714B46
:108B900000221A805EE062796F4B002AF6D0012233
:108BA0001A70FCF77DFB624B1A78002A02D15A78C2
:108BB000012AECD00124002220001A705C70D8E752
:108BC0006279664B002AE1D001221A70FCF768FB3B
:108BD000574B1A78002A02D15A78022AD7D000229D
:108BE00002201A705870FDF7D5FBFDF72FF901220E
:108BF000554B1A70554B1A70C3E76279584B002ACF
:108C0000C4D001221A70FCF74BFB494B1A78002A9A
:108C100002D15A78032ABAD0002203201A70E1E761
:108C20006379002B16D0424B1A78022A12D0022206
:108C300008201A70FDF7AEFBFCF712FBFDF706F9F2
:108C40000022414B1A70414B01321A7006F040FD70
:108C50003F4B188001203EBD63794249424A002BB8
:108C600004D001230B7000231370F3E70B70FBE7B4
:108C70006279002AEED12E4B18795979012805D155
:108C80000129E7D15A71FDF7E1F8E3E70029F9D1AD
:108C90000122E3205A7100F08DFDE72000F08AFDEB
:108CA000652000F087FDEEE76379002BD2D02F4BD3
:108CB00003241B787F2B04D9FCF720F91D4B1C7073
:108CC000C8E7FCF705F92A4BF9E76279002AC1D118
:108CD0001A78002ABED101211970264B1A70B9E703
:108CE0006179002909D11B78002B06D0214A13781D
:108CF0000133DBB2032B3FD8137021002C2000F08E
:108D0000CFF9A8E77A14002079140020002300206E
:108D100004230020FB220020062300202252000012
:108D200023520000037C00000152000002030000F7
:108D30005D0C002007230020B787FFFFB687FFFFE9
:108D40000082FFFF66140020671400204A140020F0
:108D500048140020541400206514002064140020DE
:108D6000631400200A23002009230020EC2F002098
:108D700008230020052300201170BEE7474B5B79D4
:108D8000002B01D0002363712100E320B7E7434BA0
:108D90005B79002B01D0002363712100E720AEE74F
:108DA0003E4B5B79002B00D154E70023637151E700
:108DB000002B00D04EE705F039F9C72800D849E765
:108DC0000322374B8AE7002B00D043E705F02EF94A
:108DD0000028F5D03EE7002B00D03BE705F0BCF9BA
:108DE000FF2800D036E7EBE7002B00D032E705F094
:108DF000B3F9EDE76379002B02D00122294B6DE72F
:108E00000022284B6AE76379002B00D022E76B46EB
:108E10009D1D022221002800FAF74CF9224B2A88D6
:108E20009A4200D016E71D4B1A79002A00D111E7AB
:108E300000221A711D4B01321A70E22000F0BAFCB8
:108E4000E32000F0B7FCE62025E76279184B002A02
:108E500005D001221A7000236371164B98E61A7030
:108E6000FBE76379002B00D1F4E6FDF7EFFDF1E6B7
:108E70006179002900D0EDE6084B01201C790B4AEE
:108E8000002C06D118715C710323137000F0E6FF0B
:108E9000D3E71971107000F0EDFFCEE75D0C0020F4
:108EA000082300200B2300200103000007230020DB
:108EB0006214002052140020034B187901384342F9
:108EC0005841C0B27047C0465D0C00202C2814D118
:108ED0000C4B002908D001221A700B4B1A7000228B
:108EE0000A4B1A70012070471A78002AFAD01970BC
:108EF000054B1970054B1970F4E717384342584178
:108F0000C0B2F0E7582300200A23002009230020E4
:108F100073B54B7905000C00002B57D04A78052A11
:108F200051D809780F294ED8364B12019B185B5C3B
:108F3000FF2B48D00026344A915D99421DD106F09E
:108F4000C7FB7600314A031C002800D10123B3522D
:108F50002A2D3DD16379002B48D001F0A7FAC00734
:108F600044D501F0A3FA400740D52A20FEF7D6FCED
:108F70004C2000F088FC012043E00136242EDBD198
:108F80002A2D25D1E9E76379002B19D0204A214BFE
:108F900010781B780421184300F04FFF00282FD0D1
:108FA0002800FEF7BBFC1C4A1378002BE3D10121FB
:108FB00011701A4A1370FEF7B1FD194B1880DAE7E9
:108FC000154A13701CE02A2D10D1C6E72A280DD0AF
:108FD0002C2D0BD16379002B08D1124A117800296E
:108FE00004D01370104A1370104A13706B469E1D04
:108FF000022221003000FAF75DF83388002BC2D03E
:10900000002076BD060D00201C2D0100102300203D
:1090100085230020862300200D2300200C23002020
:109020000E230020582300200A23002009230020BB
:109030000200393A030001200C2A0CD9703A82420E
:1090400009D92C2B07D01800293B17384242504130
:109050005A4253411843704710B5FEF763FC112084
:1090600004F086FF04F0D6FF040004F0D9FF6A2262
:109070000100200004F0C8FF1C2005F063F810BDBB
:1090800010B50400044B04211878204300F0D5FEED
:10909000024B1870200010BD862300200B230020F7
:1090A00010B5024AFEF79EFD10BDC046EC2C010033
:1090B00070B5134C2378002B1DD0124E3578002D3F
:1090C00019D1114A114B10781B780421184300F074
:1090D000B4FE00280FD00E4B0E491888FEF727FD6E
:1090E000002808D001232570337000F01DFE01F028
:1090F0008BFBFDF7D3FA06F0EBFAFEF74BFF70BDE2
:109100000D2300200C23002085230020862300202F
:109110000E230020B80B0000F0B5654B8BB0059313
:109120001B78002B7DD1634B1B78002B79D1FEF788
:10913000EDFA0600FEF7E4FA031F5A425341DBB290
:109140000500049308AC002E03D1002B01D10328A5
:109150004FD8002309AF02AA3B702370D375FEF7E6
:10916000DBFA172302A95B180200290030000297DE
:1091700000930194049BFEF761FFFEF757FF8426DE
:1091800005003878FF217043F7F7DAF8C7B2207886
:10919000FF217043F7F7D4F8C3B2049302ABD87D34
:1091A000FF217043F7F7CCF83B00049AC1B22800C6
:1091B00003F0D8F9404B1A78131C642A00D96423B1
:1091C0000320DBB2584364216330F7F7B9F83D253B
:1091D000C6B22B003D3BDBB29E4260D902ABD97DCB
:1091E00009AB22781B782800013503F0BBF9402D2C
:1091F000EFD104F00FFFFF236370373BA3702070A3
:10920000089802F033FD0204030209A9120E1B0E96
:1092100008704A708B70D2B2C1B2DBB23A2003F050
:10922000A1F9264B1B78002B36D1254B1B78002B40
:1092300032D1059B1B78002B2ED11E4B1C78002CA5
:109240002AD104F0E7FEC8271E4D04901E4B298842
:109250001E5D002929D0080006F08AF9C72822D807
:10926000049A08AB1A70FF22381A5A70987008983E
:1092700002F0FCFC0204030209A9120E1B0E4A7044
:109280008B700870DBB2D2B2C1B23000013403F08F
:1092900069F90235242CD9D100200BB0F0BD002291
:1092A000110013009FE7002129800B000A00ECE762
:1092B0007E14002006230020881400200B230020A9
:1092C00067140020102300201C2D010030B505007C
:1092D0000C000120042D0BD8052909D80F2A07D826
:1092E00006216943091909018A188240014BD05AA5
:1092F00030BDC046402D010007B58BB201AA1180D8
:10930000190A0023052905D812780F2A02D8FFF779
:10931000DDFF030018000EBDF822411EFF390300D7
:1093200030B500205201914217D280228024802142
:109330009200D8051A40C00FE4000901DD040DD5E4
:109340000001002A01D020221043234201D04022F4
:1093500010430B4201D08023184330BD002A01D0B6
:1093600002221043234201D0042210430B42F4D0C6
:109370000823F1E710B50C00FFF7CEFFA04710BDA2
:109380000300E03B10B50400072B02D90549002873
:1093900000D105492000FFF7EDFFE0B200F094F99D
:1093A00010BDC046DD9C00009798000010B5040079
:1093B000C0B200F0FFF92300E03B072B02D90449BB
:1093C000002C00D103492000FFF7D4FF10BDC04698
:1093D000ED9C0000A798000070B50D000400FFF799
:1093E000CFFF281E00D1012007F04FFF2000FFF71C
:1093F000DDFF70BD002110B5392800D15031FFF7D5
:10940000EBFF10BD012070470120704710B5FFF73A
:10941000FBFF10BD012070477047704710B5FFF784
:10942000FCFF10BD012070477047000013B501918B
:1094300010496B4609780090002915D15B79002B03
:109440000DD0002A0BD000F0A1FD0400010000980F
:1094500000F074FD20000099FFF74EFF16BD009844
:1094600000F080FD0400F5E7009800F08FFD009902
:10947000F2E7C0466023002010B504000A0001880E
:10948000408800040843A188FFF7D0FF10BD10B545
:1094900004000121FFF7F0FF2100FFF7B3FF0028D0
:1094A00006D001212000FFF7E7FF2100FFF7AEFF04
:1094B00010BD70B500210400FFF7DEFF050021009C
:1094C000FFF7AAFF28002100FFF7A8FF70BD70B5C5
:1094D00001210400FFF7D0FF21000500FFF79AFFEC
:1094E000002801D1002070BD21002800FFF7A0FA5C
:1094F0000028F7D02100280005F0A0FC0028F1D0BA
:109500002100280005F0B0FB0028EBD02100280046
:1095100004F07CFF0028E5D02100280004F04CFF77
:109520000028DFD02100280002F090FA0028D9D0CE
:109530002100280002F0DAFA0028D3D02100280008
:1095400005F0E6FB0028CDD02100280001F044FC06
:109550000028C7D02100280001F050FC0028C1D00D
:109560002100280001F06CFCBDE70123834010B509
:10957000D8B200F02AFC10BD10B504000120A040B4
:10958000C0B201F0F8F82000FFF7EFFF10BD012096
:10959000704710B5FFF7FBFF10BD10B5040000F0D9
:1095A000C3FB2000FFF73EFF2000FFF7F2FF10BDD6
:1095B00010B50120FFF7F1FFFDF730F810BD10B531
:1095C0000020FFF7EAFFFDF769F810BD10B500F0C5
:1095D00029F8002004F032FCFFF726FF05F0A9FF70
:1095E00010BD0423020901D113000200910802D02A
:1095F0000A000233DBB252089818C0B2704701204B
:109600007047704770B5051CFFF7F9FF041E02D0C4
:10961000281CFFF7F6FF200070BD704710B5FFF75C
:10962000F1FF10BD10B505F091FDFFF7F7FF10BD7C
:1096300010B505F08BFD074B04001A78824207D065
:10964000187006F021F8044B18602000FFF7E6FFC1
:1096500010BDC046592300205C23002030B50B0A02
:1096600085B0DBB26C4600900191002B01D000F078
:109670004FFF00236A46D381009B02AD0293A3886B
:10968000AB80DBB2002B05D10298696800F09AFE2E
:1096900005B030BD2800FFF7FAFE0028F4D1F7E747
:1096A000037910B5012B02D1008800F091FC10BDA8
:1096B00010B5002904D004F0FFFF05F0C7F810BD75
:1096C00005F050F8F9E7000010B5041E12D082280A
:1096D00011D105F047FD80070CD4392005F03AFE82
:1096E00000F0B0FF502007F0D0FD392005F04EFE0D
:1096F00000F0A8FF10BD83280DD105F033FDC00791
:10970000F8D4532005F026FE00F09CFF642007F0FB
:10971000BCFD5320EAE784280DD105F023FD400766
:10972000E8D4472005F016FE00F08CFF642007F017
:10973000ACFD4720DAE7031FDBB2A02B0CD805F005
:109740009FFD002804D0200005F020FE00F07AFFE5
:10975000200005F0FFFDCBE703002033DBB2072B31
:1097600007D80723034001209840C0B200F0A4FEB0
:10977000BEE703005B33DBB2022B04D8243CA0B26B
:1097800005F01CFDB6E703005833DBB21A2B05D8F1
:10979000074A5B00985A05F02BFDABE70300333313
:1097A000DBB2122BA6D804F087FF05F04FF8A1E733
:1097B0000031010010B500280FD082280ED105F02D
:1097C000D1FC800709D5392005F0C4FD00F03AFF2F
:1097D000392005F0DBFD00F035FF10BD83280AD1EC
:1097E00005F0C0FCC007F8D5532005F0B3FD00F02C
:1097F00029FF5320EDE784280AD105F0B3FC400788
:10980000EBD5472005F0A6FD00F01CFF4720E0E760
:10981000031FDBB2A02BDCD903002033DBB2072B04
:1098200007D80723034001209840C0B200F04CFE47
:10983000D1E703005B33DBB2022B03D8002005F035
:10984000BDFCCAE703005833DBB21A2B03D8002053
:1098500005F0CEFCC1E703003333DBB2122BBCD8DA
:1098600004F080FF04F0F2FFB7E770B50D000400CC
:10987000FFF72AFF281E00D1012007F006FD200077
:10988000FFF798FF70BD002110B5392800D1503185
:10989000FFF7EBFF10BD10B5002803D000F00CFE61
:1098A00000F0D0FE10BD10B5002803D000F00CFE73
:1098B00000F0C8FE10BD0000F0B585B087790C1C23
:1098C0004579029000F0E8FD23043F0901900393DD
:1098D000002828D00195002D25D023041B0E0F222F
:1098E0001900914340290FD0E1B20A000020203234
:1098F000D2B20190072A16D91F229343202B03D1FD
:10990000012910D987420ED00022AA4B01925B7820
:109910005B0708D5022000F0CFFE00F0BDFD01235B
:109920004340DBB201932304180F0B283ED8F6F70F
:1099300073FC0C000C0057005700B300C7003D003B
:109940003D00CC002D014301430126052304360FC1
:109950001B0E0F2B00D93601E4B2002D12D0002EC1
:109960000BD023002033DBB23000072B01D9002CB1
:1099700005D100F0A1FD00F065FE200051E000F0EF
:10998000B7FDF8E72000FFF715FF002E0ED02300EB
:109990002033DBB23000072B01D9002C02D100F0BC
:1099A00093FD01E000F0ACFD00F04CFE019B002BAC
:1099B00000D1B0E000F068FD012302001A40184217
:1099C00000D0A8E0029B5A7100F058FD00F046FA62
:1099D000029800F061F900F051FD00F04BFA9AE0B6
:1099E0000F22230426051B0E360F9343202B00D095
:1099F0003601E4B2002C06D0012C36D0002D3FD029
:109A0000002F1CD0B9E76B4B5B785B0713D4002D9C
:109A10000AD0002E04D0300000F04EFD00F012FEFF
:109A20000020FFF751FEC1E72800FFF7C3FE002E1C
:109A3000BCD03000B3E7002D0BD0002F03D1300095
:109A4000FFF729FFB2E7012FB0D1300000F080FD11
:109A5000ACE7002FAAD13000FFF725FF300000F05F
:109A600085FD300000F060FDA0E7002D02D0052F3D
:109A70009CD8E4E7042F99D83000FFF714FF95E74E
:109A8000002FF9D05020392C00D0012007F0FDFB29
:109A90002000FFF78FFE89E72005800F09D00128FD
:109AA00084D10020854201D0A005800D05F0A0FBE7
:109AB0007CE7002D01D0A005800D05F07FFB75E748
:109AC0002900E0B2FFF7F4FD70E723049B019B0F30
:109AD0002CD1002D1BD1102123065B0F9B002207E8
:109AE000DBB2120F9A400800D2B22040214203D0CC
:109AF0000F209840C043C0B22405A40F1043022C8D
:109B00000ED0032C0FD0012C07D000F06DF905F01A
:109B10001DFBFFF783FD05B0F0BD00F05BF9F6E734
:109B200000F06CF9F3E700F050F9F0E7A3059B0FA4
:109B3000DAB2002D1ED0DB07E9D5102123065B0F1A
:109B40009B002207DBB2120F9A400800D2B22040DD
:109B5000214203D00F209840C043C0B22405A40F77
:109B60001043022C0CD0032C0DD0012C05D000F09A
:109B7000A3F9CCE7012ACAD9DFE700F093F9C6E7D9
:109B800000F0A4F9C3E700F049F9C0E7E6B2240504
:109B9000240F002D06D0200000F060F93000FFF700
:109BA0007AFEB4E73000FFF77EFE200000F062F995
:109BB000ADE7C046EC2F0020E6B23000F0380428B4
:109BC0003DD8F6F715FB032510172100002D06D010
:109BD000042F9CD8E004C00E00F058F997E7052F39
:109BE00000D994E7F6E7E004C00E002DDED100F0C6
:109BF00035F98CE7002D04D0E004C00E00F027F901
:109C000085E700F015F982E71A4B5B785B0704D40F
:109C1000E004C00E002DC9D0E9E7002D05D0E00416
:109C20000321C00E00F026FD71E7012000F044FD85
:109C3000012F00D86BE7022000F03EFD67E7002D02
:109C400008D0002F03D03000FFF73EFD5FE7E004AF
:109C5000C00ECCE7002F09D05020392E00D00120B3
:109C600007F013FB3000FFF7A5FD50E7E004C00E3E
:109C70009CE7C046EC2F002070B504002188407995
:109C800000F0B0F9051C00F02BF900F09DF8291C3C
:109C90002000FFF711FE70BD037910B50400002B02
:109CA00011D0FFF714FC00280ED100F0F5FB0028BE
:109CB00009D06379002B06D0074B5B785B0702D590
:109CC000022000F0F9FC10BD2000FFF7D5FF2000B6
:109CD000FFF7EFFBF7E7C046EC2F002010B5002898
:109CE00003D000F005FC00F0ADFC10BD10B500285D
:109CF00003D000F005FC00F0A5FC10BD10B500205D
:109D000005F05CFA002005F073FA00F001FC00F0A9
:109D100099FC04F0B5FD04F099FD10BD10B505F0F7
:109D200051FBFFF7EBFF10BD10B500F0DBFBFFF7B9
:109D3000F5FF10BDC2B20004000F062818D00F2393
:109D400006280ED80E3003400020012B08D8012031
:109D5000F02A05D007D80020E72393424041C0B243
:109D600070470630EFE7F43A100043425841F6E7F7
:109D70001000F13843425841E721002391425B41F2
:109D80001843EDE703000279002010B5824204D0A9
:109D9000188800F01DF9FFF7CDFF10BD82B002B0AA
:109DA000704782B002B07047704710B5FFF7FCFFF4
:109DB00010BD704710B5FFF7FCFFFFF7F6FF014B32
:109DC000187010BD86230020704710B5FFF7F2FF12
:109DD00010BD000010B5034B1B781843FFF7EAFFD6
:109DE00010BDC0468623002010B5034B1B781840D9
:109DF000FFF7E0FF10BDC0468623002010B5034BDF
:109E00001B785840FFF7D6FF10BDC04686230020C0
:109E100010B5FFF735F910BD7047000010B5FFF71A
:109E2000FBFFFFF7F5FF014B187010BD85230020E5
:109E300010B50020FFF7F2FF10BD002803D14B4200
:109E40005941C8B27047084101231840FAE701237D
:109E5000834010B5D8B2FFF7E1FF10BD0123834066
:109E600010B5034A10781843C0B2FFF7D7FF10BDF2
:109E7000852300200123834010B5034A10789843BE
:109E8000FFF7CCFF10BDC04685230020012383408F
:109E900010B5034A10785840C0B2FFF7BFFF10BD9D
:109EA0008523002010B5034B1B781843FFF7B6FF3E
:109EB00010BDC0468523002010B5034B1B78184009
:109EC000FFF7ACFF10BDC0468523002010B5034B43
:109ED0001B785840FFF7A2FF10BDC0468523002025
:109EE0007047032370B50126CC086343D2180723BB
:109EF000350019408D400021EDB20300CB40545C89
:109F000033405B4263402B405C4054540131032991
:109F1000F3D170BD30B50724032300220440C008EC
:109F2000434301251000C9188B5CE3402B4093404C
:109F300001321843C0B2032AF6D130BD07B583B24F
:109F400001AA10801B0A0800052B07D811780F29D9
:109F500004D81B01024AC918FFF7C3FF07BDC0465A
:109F60006123002007B583B201AA10801B0A0020DC
:109F7000052B07D812780F2A04D81B010249D018E4
:109F8000FFF7C8FF0EBDC04661230020F7B50424CB
:109F900001270D4A0D4B12781B7801AE1A43308011
:109FA0000092009B23413B4204D1013CF9D20025A1
:109FB0002800FEBDE5B22800316800F021FE80B225
:109FC0000128F2D0F4E7C046852300208623002034
:109FD00007B501AB18800198FFF7D8FF019900F091
:109FE0000FFE0EBD13B501AB19800E4B1B78002B75
:109FF00003D00198FFF7ECFF16BD00280CD00198A4
:10A00000FFF7C4FF040001000198FFF797FF20004D
:10A01000019900F0F5FDEFE70198FFF7A3FF0400B9
:10A02000F5E7C0466023002030B50400012005009C
:10A030008D4029000500954098402A00030020002B
:10A040000A43D1B2984322408A4201D11C43E0B274
:10A0500030BD000010B504001300044A10780A0057
:10A060002100FFF7E1FFFFF7D9FE10BD8523002097
:10A0700070B507250B4B1C780B4B1B78A34200D106
:10A0800070BD0A4BE200D15A9B1858889A88000488
:10A090000843D988013409041143FFF782FE2C409C
:10A0A000EAE7C04687230020882300208A23002077
:10A0B000064B10B558881A88D988000410439A882E
:10A0C00009041143FFF76DFE10BDC046CA230020EE
:10A0D000F8B51A4883790F2B2BD84379002B28D059
:10A0E000174B05881A78174B46881C7807239C461F
:10A0F000154FA2421DD0D300DB191979002919D0C0
:10A100001988A94216D15979002913D15988891B78
:10A1100089B2C7290ED80F241021827922400A4320
:10A1200082719A79224011439971FFF7B5FDFFF7CB
:10A130009FFFF8BD634601321A40DAE7CA230020C8
:10A1400087230020882300208A230020F7B50E4CA7
:10A150000E4B24781B7801940D4C019DAB4201D12C
:10A160000020FEBDDE00A5196F788F4205D1365D57
:10A17000864202D16D79954203D1072501332B40E8
:10A18000EBE70120EDE7C04688230020872300206D
:10A190008A230020F0B5040087B002AF0622010038
:10A1A0003800F8F787FF864D66792B792279002BE6
:10A1B00018D1002A00D1CEE0002E00D1F7E0200017
:10A1C000FFF7E0FD002800D1F1E00822210028007F
:10A1D000F8F770FF2800FFF763FAFFF779FFFFF742
:10A1E00067FFB8E0638801936B79019900936B88EE
:10A1F000CB1A00999BB2002900D1AEE0C72B00D941
:10A2000086E0002A00D1A6E0AB792A8821880F2BAE
:10A2100054D8914211D1002E4BD10F22134001325C
:10A220001343AB71FFF744FF2800FFF735FDAB790F
:10A23000A3710025280007B0F0BD002E39D1257884
:10A240006778320039002800FFF780FF28003200CD
:10A250003900FFF77BFF051EEBD10298FFF7B8FE30
:10A26000C3B200040F21020F032A08D8012A0FD914
:10A27000000E014211D0A2790F2A0ED8DAE7063279
:10A280000A40012A0ED92000FFF706FD009DD1E704
:10A29000000E014201D0002BCCD02033DBB2072BC3
:10A2A000C8D9F0E7EF2BC5D90F33DBB2022BC1D9E8
:10A2B000E9E70123AA791343AB71BAE791420BD1C5
:10A2C000002E09D1A3712000FFF7E6FC082221002F
:10A2D0002800F8F7EFFE82E72000FFF753FD002883
:10A2E00065D0002E63D0AB791F2B0BD92A8804A828
:10A2F0000280019A42802A798371027100224271A0
:10A30000FFF7CAFC082221002800F8F7D3FE64E713
:10A31000AB790F2B0ED802987968FFF73FFD280024
:10A32000FFF7BAFC082200212800F8F711FEFFF71A
:10A33000BFFE7EE7002A0ED0298822889142CBD129
:10A34000002EC9D12000A371FFF7A6FC082231001E
:10A350002800F8F7FDFD01256CE7C72B2BD8002A54
:10A36000F9D0002E23D02A8823889A4216D1AB79BF
:10A37000DA070DD40F2B0BD90F21A3718B43F02BD0
:10A38000A1D0A3791A09013212010B40134399E7B6
:10A39000082221002800F8F78DFEDCE72000FFF7F7
:10A3A000F1FC0028AED10123AA791343AB71200040
:10A3B000FFF772FCCFE702987968FFF7EFFCB1E78F
:10A3C000CA230020F0B585B0009068466C46019124
:10A3D000FFF7E0FE2379071E244E254D0CD0002BFD
:10A3E00003D000980199FFF7DCFC07272878337821
:10A3F000834222D105B0F0BD02AA03CC03C2002BD8
:10A40000F3D0072233785C1C14402A7894420AD097
:10A410001848DB000822C01802A9F8F74BFE347078
:10A42000FFF726FEE1E7FFF77FFC0822390012481C
:10A4300037702F70F8F78CFDD7E70E4CC00000196D
:10A44000FFF7A8FE0028D5D02B78DB001A5BE418B4
:10A450006088E188A3880004090419431043FFF7CA
:10A46000A0FC2B7801333B402B70BFE788230020F2
:10A47000872300208A230020CA230020014B18785C
:10A48000C0087047FA230020024B187807231840B1
:10A490007047C046FA230020034B18780723184062
:10A4A000431E9841C0B27047FA230020014B187830
:10A4B0007047C04626240020024B1A7810431870BB
:10A4C0007047C04626240020024A13788343137045
:10A4D0007047C04626240020014B18707047C046C4
:10A4E000262400200022014B1A70704726240020E9
:10A4F000024B1A78104318707047C046252400207C
:10A50000024A1378834313707047C0462524002005
:10A510000022014B1A70704725240020704710B5A7
:10A52000FFF7FCFF10BD0000030010B5044A1078CF
:10A53000034203D098431070FFF7F1FF10BDC046EF
:10A54000FB230020704710B5FFF7FCFF10BD000093
:10A55000010010B5044A13781940814203D0034327
:10A560001370FFF7F0FF10BDFC230020030010B5AF
:10A57000044A1078034203D098431070FFF7E3FFBA
:10A5800010BDC046FC23002010B5044B1A78002AE9
:10A5900003D000201870FFF7D6FF10BDFC23002069
:10A5A00010B5094A094B14781B781C43084B1B78DB
:10A5B000002B06D01C4304F041FE002801D0FFF719
:10A5C000E3FF200010BDC0462624002025240020E3
:10A5D000FC23002070B50B4C2568FFF7E1FF2870C5
:10A5E0002468094D082229002000F8F705FD0028FD
:10A5F00007D0082221002800F8F75CFD200004F0B5
:10A60000B5FD70BD340E0020F223002070B50B4C58
:10A610002568FFF7C5FF68702468094D20222900CE
:10A620002000F8F7E9FC002807D0202221002800AC
:10A63000F8F740FD200004F0A5FD70BD300E0020AD
:10A64000D223002010B504F079FD002806D0054B78
:10A650001B787F2B02D9FFF7D9FF10BDFFF7BAFF98
:10A66000FBE7C046EC2F0020704710B5FFF7FCFF5A
:10A6700010BD0000094B10B55B785B070AD5084C8C
:10A68000C30019432170FFF7E9FB2078C008FFF7EA
:10A69000ECFF10BDFFF7E2FBFBE7C046EC2F00200C
:10A6A000FA230020002010B5024B1870FFF7DDFFE1
:10A6B00010BDC046FA23002010B5094A13781900CE
:10A6C000814311704A070AD1994208D0054B5B7843
:10A6D0005B0704D5C808FFF7CDFBFFF7E3FF10BD0C
:10A6E000FA230020EC2F002003000A4810B542781E
:10A6F0005107C90F99420BD001210B4003319B0038
:10A700008A431A43427000F03EF80220FFF7D4FF5C
:10A7100010BDC046EC2F0020044B10B55878012323
:10A720004007C00F5840FFF7DFFF10BDEC2F00209F
:10A7300010B50120FFF7D8FF10BD10B50020FFF7BE
:10A74000D3FF10BD704710B5FFF7FCFF10BD10B56B
:10A7500000F0AEFB10BD10B500F096FB002801D054
:10A7600004F01AFB10BD10B500F0AEFB10BD10B523
:10A7700000F0B7FB10BD10B500F0B8FB10BD10B570
:10A7800000F0BAFB10BD10B500F0BDFB10BD10B558
:10A7900000F0BFFB10BD10B500F0C1FB10BD10B53F
:10A7A00000F0C3FB10BD10B500F0C5FB10BD10B527
:10A7B00000F0D2FB10BD000007B500F05FFB00F019
:10A7C0006FFB6A4600236846137000F084FB01208B
:10A7D0000B4B187000F08AFB0A4B01A81B88038002
:10A7E00000F091FB01F086FEFFF7DDFFFFF7DFFFD2
:10A7F00004F0FFFAFFF7A7FF01F070FE07BDC046A7
:10A80000862300206C29010010B5FFF7D5FF10BD8D
:10A81000F7B504F05DFF094E0400338883420BD086
:10A820006D4600272F8004F053FFAF8068800098AA
:10A830000199FEF713FF3480F7BDC046282400209D
:10A8400010B504F021FF024B1860024B186010BDD8
:10A85000302400202C2400207047704710B5FFF7EB
:10A86000FCFF10BD704710B5FFF7FCFFFFF7F6FFC8
:10A8700010BD704710B5FFF7FCFFFDF7DFFD10BD01
:10A880000120704710B5054800F07AFBFBF7C2F8CD
:10A89000FFF7E2FFFFF7E7FF10BDC046D5AD0000B0
:10A8A0000120704710B5FFF7FBFF10BD70477047E0
:10A8B00010B5FFF7FBFFFFF7FAFFFDF737FC10BD00
:10A8C00010B5FFF748FF002801D1FFF79DFF0848AA
:10A8D000FFF749FF0748FFF752FF03F0B6FCFFF709
:10A8E00046FFFFF772FA044B1878FFF791FA10BD94
:10A8F00034240020EC2F00208523002010B504F024
:10A90000A9FE04F089FA00F0D9FBFFF7D9FF04F0A3
:10A9100013FCFEF782FE03F061FAFFF7ABFF10BDF8
:10A9200070B50D001600040001F0EEFF32002900A2
:10A93000200004F00FFE70BDF0B589B0FFF7A0FF56
:10A9400000280BD1FFF764FF04F0F7FB03F0A6F932
:10A9500003F0C0FFFEF76CFE09B0F0BD00F0C4FBD1
:10A960002F4F00243D0020000134E4B22E8800F077
:10A970001FFB062C51D002358642F4D0294B1B78A0
:10A980009B0701D500F01AFBFFF78CFF0024059010
:10A99000200000F00DFB3B880290984235D04340E8
:10A9A0009BB20493012300250193019B049A134257
:10A9B00021D0029A13405A1E9341DBB20393059BA8
:10A9C000002B13D02900200004F0B8FD00280DD181
:10A9D00006AE3570747004F07BFE01233371039B67
:10A9E0007080737106980799FEF738FE29002000E1
:10A9F000039AFFF795FF019B01355B009BB2EDB217
:10AA00000193102DD1D1029B3B800134E4B2023777
:10AA1000062CBDD1FFF714FF96E78642AED191E731
:10AA2000E02F00203424002070B500F0F3F8A423B8
:10AA30000400DB0198424ED2A023DB01984200D3F0
:10AA40009FE0DF281CD8CC285BD8A7280AD8A428E8
:10AA500000D97AE0012831D0031F9BB2A02B2DD959
:10AA600000242BE00300A83B9BB21A2BF8D85834E3
:10AA7000544BE4B26400E35A8824E4011C431DE013
:10AA80008023DB0198421BD28026B601B04200D35E
:10AA900087E0E72812D9431EFF3B013EFF3E9BB2F1
:10AAA000B342DDD2000AC0B200F046F90500E0B2C0
:10AAB00000F0B0F82D023540284384B2201C70BD50
:10AAC000C0B200F0A7F8F0231B0123403E4C18430E
:10AAD0000443A4B2F2E7A523DB0198421DD23B4B0D
:10AAE00098423BD83A4B98420DD83A4B984230D8CE
:10AAF0000322C4B2A3081440023AA2405B01364CC0
:10AB000013431C43E5E70321012201408A40C306A9
:10AB10005B0F5B01314C1343F3E7314B984208D88C
:10AB20001F20304B20409C4222D82F4C000204436F
:10AB3000C4E72E4BC3189BB21F2B00D990E7F82314
:10AB400004025B011C402A4B98E78023243CDB0174
:10AB5000D7E71F230340274C1B028FE70321012265
:10AB600001408A40C3065B0F5B01234C1343C8E7D7
:10AB700000F0E2F8F823802400025B011840A401F1
:10AB8000D5E71F20204000F0D7F8E3051B0F1B027C
:10AB900002B2C00602D5FF2112010A40174C13432E
:10ABA000AFE7C004C00E00F0C7F80500E0B200F047
:10ABB00031F8F8232D025B011D4005432E43B4B24A
:10ABC0007CE7C0463631010000A0FFFF5F52000065
:10ABD0003F5200001F520000008DFFFF008CFFFF5E
:10ABE000BF5200009F520000F4A0000040ADFFFFE4
:10ABF000F0A00000F1A00000008AFFFF0090FFFF1E
:10AC000007B501AB19800199FEF776FBFFF70CFF42
:10AC10000EBD0000030010B5E7280AD8DF280AD8C7
:10AC2000312800D173E00FD8292866D02A2800D116
:10AC300074E0180010BDE0380728FAD8F5F7CEFA0E
:10AC400018F927303DF9474C392808D0822806D01A
:10AC50003528EED1374A12789206EAD506E0354A11
:10AC60001178890761D152781207E2D52923E0E7EC
:10AC700030480121027814000C400A4245D1407846
:10AC80000842D6D02300D206D3D4E323D1E7294A01
:10AC900012785107CDD50023D206CAD4E333C8E7D2
:10ACA0002449E2230A785007C3D4487801210400DC
:10ACB000023B0C400842E5D0BBE71E4A51788907A9
:10ACC000B7D512780023D206B3D4E733B1E7194AD7
:10ACD00012781107F6D4ACE71649E6230A78100774
:10ACE000A7D4487802210400023B0C400842A0D1BE
:10ACF0002300D2069DD4E7239BE70E4A11788906EC
:10AD000015D45278120700D493E7392391E7094A02
:10AD10001278520600D48CE72A238AE7054A127873
:10AD2000520600D485E7312383E7E02381E735230A
:10AD30007FE7C046EC2F002030B5254C21784B072B
:10AD40000DD514220240043A53425A4118230340BD
:10AD5000083B5D426B419A4201D00C2358400B07DF
:10AD60000DD514220240143A53425A41182303408D
:10AD7000183B5D426B419A4201D00C2358406478E5
:10AD8000E3070DD511220240013A53425A411823DC
:10AD90000340083B5D426B419A4201D00923584071
:10ADA000A4070DD511220240113A53425A411823EB
:10ADB0000340183B5C4263419A4201D0092358404A
:10ADC000C90603D5030701D51823984330BDC046F3
:10ADD000EC2F002000207047074B10B5C31801244A
:10ADE0001F2B06D84C79002C03D11F231840FEF7E7
:10ADF000C3FB200010BDC04620ADFFFF0300487913
:10AE000010B5002813D00B4A93420DD00A4A934242
:10AE100003D00A4A934204D010BDFFF77DFC002006
:10AE2000FAE7FFF785FCFAE7FFF787FCF7E7012071
:10AE3000F2E7C0465B7C00005C7C00005A7C0000AE
:10AE40000300487910B5002811D00A4A93420BD06C
:10AE5000094A934206D0033A934202D1FEF7A8FB77
:10AE6000002010BDFFF773FCFEF7A9FBF8E70120F7
:10AE7000F7E7C046017C0000037C000010B500200D
:10AE800000F0E0FD10BD000010B5002000F067FDEF
:10AE9000024BC01843425841C0B210BD1D01FFFF14
:10AEA00010B50020014900F0B5FD10BDE3FE000023
:10AEB00010B5002000F0C6FD0020024900F0AAFDF8
:10AEC00010BDC046FFFF000010B50400022000F0D6
:10AED0003AFD207010BD10B50178022000F08EFD03
:10AEE00010BD10B5032000F02EFD10BD10B50100FF
:10AEF000032000F083FD10BD10B50400042000F015
:10AF00002EFD208010BD10B50188042000F082FDC8
:10AF100010BD10B508221721FAF77EFE10BD10B53E
:10AF20000822172100F04DFD10BD10B501000E20C4
:10AF300000F064FD10BD1FB501210F2000F076FD6B
:10AF4000102200216846F8F703F8012225216846FF
:10AF500000F037FD05B000BD1FB50421132000F03F
:10AF600065FD102200216846F7F7F2FF0422262132
:10AF7000684600F026FD05B000BD002070470000C7
:10AF8000014B18607047C046380E002010B5024BC8
:10AF90001B68984710BDC046380E0020704710B59A
:10AFA000FFF7FCFF10BD10B5FEF782F810BD0000E2
:10AFB000014B4000185A7047FA2F002070470000DC
:10AFC0000A4B8000C35870B55A1C0DD072B60F22C0
:10AFD0001C00134094430E3A15009D4020002900A8
:10AFE00006F0E1FEA56062B670BDC0466C3101009E
:10AFF000F8B5002420000134E4B2FFF7E1FF102C83
:10B00000F8D10F250127094C094E2068431C09D0AF
:10B0100072B6030039002B4099402022A84306F065
:10B02000C2FE62B60434B442EFD1F8BDAC310100C7
:10B03000C4310100F7B51F4B01928A00D3580400B8
:10B0400000915A1C32D072B60F2501261F002B40EA
:10B050009E40AF43310001223800360406F0A3FEC3
:10B06000BE6062B6FDF74AF80C239C46019B0026A1
:10B07000DF431149A4440A682388501C17D01000EC
:10B08000A84300682A40D040012210420FD1012677
:10B09000019A13432380023404316445EBD10098B4
:10B0A000FFF78EFF31000098FDF729F8F7BD3B4010
:10B0B000F0E7C0466C310100AC31010010B5FFF77C
:10B0C00097FF0C2200210648F7F742FF0C220021CF
:10B0D0000448F7F73DFF00F03BF8FFF760FF10BDB5
:10B0E000FA2F0020EE2F002030B585B00C22002171
:10B0F00001A8F7F72DFF00240125210001342A00C3
:10B1000001A86D00E4B2FFF795FFADB2102CF4D1A9
:10B110000D4C0C22200001A9F7F76EFF05006B1EF5
:10B120009D41EDB2002804D00C22200001A9F7F7C0
:10B13000C1FF2A000549200000F00CF80400FFF7C9
:10B1400032FF200005B030BDEE2F0020FA2F002086
:10B1500070470000F0B5140000226D4E6D4B35783D
:10B160008BB0039001911A70954200D1CBE004F0AE
:10B170008BFA030068490A680B60801A934256D024
:10B180007F2800D97F20C3B208930023634A33701D
:10B190001370604A07931278069302920593002673
:10B1A000DA0009925E4A0492099A04999446B444DA
:10B1B0006246895C4A0822D0824200DD8CE001228E
:10B1C00011406246049FB95400D090E00399019A5F
:10B1D000C95AD25A8C4601216746B1400F40BC463D
:10B1E00017008F43390067463943029F4A403A436C
:10B1F000571EBA41D2B20292019A0695D152013637
:10B20000102ED1D102330C2BC9D1079B002B02D0B9
:10B210000122424B1A70069B002B02D03D4B029A32
:10B220001A70059B002B02D00122394B1A70002C9A
:10B230000AD12C00394B1B78002B49D0002C03D1AC
:10B2400004F022FA344B186000231800334A0293AA
:10B250001370039A324DD15A019AD25A5140DA00F2
:10B2600005920F000022012191408C4689B2049181
:10B2700005998E18A95D4C08069464463C4238D066
:10B280000699002913D103990498C95A0140481E10
:10B2900081410A200143A955C907C80F002930D0B0
:10B2A0000199049CC95A02904C400199CC52013238
:10B2B000102AD8D102330C2BCBD1029B002B02D009
:10B2C000144B0F3A1A70002802D00122104B1A704A
:10B2D000104B18780BB0F0BD089F0595D21B0127C5
:10B2E0005200394011436246049FB95487E70791E1
:10B2F00085E74C08DBD0CC07D9D401242140A955DF
:10B30000D5E70120D3E7002C00D193E798E7C046AA
:10B310003E2400203C240020382400203D2400202E
:10B320003F24002010B5FFF707FB10BD10B504F057
:10B3300034F904F0EAFBFFF7A5FA04F0EBFBFFF7A2
:10B34000DDFA04F0F3FB04F0F9FBFFF7EBFF04F088
:10B35000F9FB04F0B3FBFFF7ABFAF4E70300DA689C
:10B360000800511C10B5D96019698A4204D21C68C2
:10B37000002C02D05968A04710BD9B689854FBE789
:10B38000F7B51E00C36804000093089B15000191E7
:10B390009B070DD0002D0DD1089B9B0715D4F7BD41
:10B3A00020212000FFF7DAFF0137B742F8D3F1E799
:10B3B0001700FAE7019B013D2000595DFFF7CEFF22
:10B3C000E8E720212000FFF7C9FFE368009A9B1AF5
:10B3D000B342F6D3E3E70000F0B58FB01D00169C32
:10B3E00004900392002921D123051BD4302304AA01
:10B3F0001372203B9C4301310A00A30745D401236B
:10B400001598234000283ED0002B3ED0039B002BF4
:10B4100002D10C331C4202D0159B013B15930A004C
:10B4200030232AE0102DE7D1AC43E5E76123A206E3
:10B4300000D541230E000027DBB20A3B059329000B
:10B440003000F4F779FF059BCAB2D3188446DBB20B
:10B45000092901D83032D3B2082004AA1218791C65
:10B46000D355B542C8D82029C6D00F006646E6E7B6
:10B47000082604A88019835401321598904204D9F3
:10B48000202AF5D101E0002BC9D1302304E00826A1
:10B4900004A88019835401321498904201D9202ABB
:10B4A000F5D1082D03D1914201D210239C432C4B9E
:10B4B0001C423AD0230522D4002A20D0149B934268
:10B4C00002D0159B93421AD1914202D2013A002A2E
:10B4D00015D0244BEB40DB071FD591423DD2013AFA
:10B4E000102D12D1A3062CD4202A10D12022159B76
:10B4F0000498009406A9FFF743FF0FB0F0BD102D8C
:10B50000F0D0022D09D1202AF0D0622300E0782368
:10B51000082004A909188B540132202AE6D00820FB
:10B52000302304A909188B540132202ADED0039B52
:10B53000002B0AD02D23082004A909188B540132AE
:10B54000D5E75823202AE3D1D0E7630701D52B2381
:10B55000F1E72307CBD52023EDE7102DD3D1C1E7A9
:10B56000102000000400010010B5FFF70FFD10BD12
:10B57000F0B507000D0014008BB02978002911D117
:10B580003B68002B0BD13A69002A08D0B968002922
:10B5900005D0FB68934200D3531E0022CA54F868BA
:10B5A0000BB0F0BD0020013525290AD03800FFF787
:10B5B000D5FEE2E72D2B1CD0302B22D12F3B1500DE
:10B5C00018432B786A1C2B2B15D0F3D8202B14D0C2
:10B5D000232B14D0002104912A2B1FD108CC0493D3
:10B5E0008B4204DA02231843049B5B420493150048
:10B5F00014E00223E3E70423E1E70823DFE7102355
:10B60000DDE71E000021303E04910A31092EE1D809
:10B610002A786E1C1300303B092B0FD900222B789F
:10B6200005922E2B29D18022120110436A786B1CBF
:10B6300011003039092916D80A260CE0049B350080
:10B640004B43303BD3180493E2E7059B7343303BF5
:10B65000D31805932B001A785D1C11003039092985
:10B66000F3D91D0009E02A2AFBD108CC0235059345
:10B67000DB43059ADB171A4005922B786A1C6C2B6A
:10B680001FD017D8682B24D06A2B2BD029780135EE
:10B6900078298BD8632928D8622973D0632900D1EF
:10B6A00098E0252982D0582900D07FE7202318432D
:10B6B000103B4AE0742B01D07A2BE7D180239B000A
:10B6C0000BE06B786C2BF9D1C023DB0018430235FB
:10B6D000DCE76B78682B03D0802315001843D5E78F
:10B6E000C023F3E78023DB00F7E70B000126643B70
:10B6F000DBB29E4032007F4B1A401E4213D17329A9
:10B7000000D18FE0702900D050E77B4B02CC03437F
:10B71000002900D0E4E0009305220A23380077498D
:10B72000FFF72EFE29E7642901D0692906D180237D
:10B73000DB01184310239843063B06E008236F29DA
:10B7400003D0F7D9DB187829F4D1020501D50122FD
:10B7500090438022D200024041041DD5002A00D02F
:10B760000BE7216882050FD502900498CE1701904F
:10B770000598CA0F8919714000903800FFF72CFE18
:10B780000434FAE60223E0E7420601D549B2EBE7CA
:10B790000206E9D509B2E7E7002A00D0EDE60C2160
:10B7A00006008E43810506D50499029601910599FC
:10B7B00000912168E1E72168420607D5C9B2049AE1
:10B7C00002960192059A00920022D6E70006F6D56D
:10B7D00089B2F4E7022302001A40012605921842BA
:10B7E0000DD1059E03E020213800FFF7B7FD049B33
:10B7F0000136B342F7D80226002B00D05E1C02CCE3
:10B800003800C9B2FFF7AAFD059B002B00D1B4E6B2
:10B81000049BB34200D8B0E620213800FFF79EFD1C
:10B820000136F5E7230004CB06920793002A08D1DE
:10B830000090062238003249049BFFF7A1FD079CC7
:10B840009BE6059B002B00D12E4B069A1400D318C3
:10B850002278002A01D09C4214D1069B0200E41AEF
:10B8600080231B011A400892184203D0059B9C427A
:10B8700000D91C00022302001A400992184212D17A
:10B88000260006E00134E3E720213800FFF766FDDB
:10B890000136049BB342F7D8049A0023A24200D396
:10B8A000131B01341C19069E03E038000136FFF714
:10B8B00055FD3178002907D0089B002BF5D0069B59
:10B8C000059A9B189E42F0D1099B002BB7D0049B90
:10B8D000A342B4D920213800FFF740FD0134F6E738
:10B8E00002930A230193059B380000931023FFF76E
:10B8F00073FD42E621081200012000004A2C0100DD
:10B90000432C0100FFFFFF7F7FB5074B0A00019327
:10B910000023029303930493044B010001A80593B1
:10B92000FFF726FE07B000BD69B50000FFFFFF7FEF
:10B930000FB407B504A901C90191FFF7E5FF03B0F2
:10B9400008BC04B0184713B56B46DC1D002301008A
:10B95000012220002370FAF75FF9207816BD13B595
:10B960006B469C1D00230100022220002380FAF771
:10B9700053F9208816BD002307B5010001A8042251
:10B980000193FAF749F901980EBD07B56A4603001D
:10B99000D01D017001221900FAF756F907BD07B54D
:10B9A0006A460300901D018002221900FAF74CF943
:10B9B00007BD07B504220191010001A8FAF744F977
:10B9C00007BDF8B51400D31D6A46DB08DB00D31AA7
:10B9D00000AF9D460500220068460E00FAF71CF9EC
:10B9E000220069462800F7F707FB002804D0220050
:10B9F00031002800FAF728F9BD46F8BD70B50D00F2
:10BA00000400FFF7A0FFA84203D029002000FFF7A1
:10BA1000BCFF70BD70B50D000400FFF7A0FFA84289
:10BA200003D029002000FFF7BAFF70BD70B50D00EC
:10BA30000400FFF7A0FFA84203D029002000FFF771
:10BA4000B8FF70BD10B5F9F7D7FF10BD4B7910B531
:10BA50000400002B01D1012010BDFEF727FD222399
:10BA6000214A0340A0180A28F5D8F4F7C1FB060ABA
:10BA70000F14191E23282D32370002F018FA002067
:10BA8000EAE7002B04D002F0A3FAF8E7002BFAD083
:10BA900002F088FAF3E7002B04D002F0EDFAEEE7AB
:10BAA000002BFAD002F0D4FAE9E7002B04D002F020
:10BAB00013FBE4E7002BFAD002F0F6FADFE7002BE5
:10BAC00004D002F039FBDAE7002BFAD002F01CFBBD
:10BAD000D5E7002B04D002F067FBD0E7002BFAD0AB
:10BAE00002F04EFBCBE7C046E087FFFF70B54C7914
:10BAF0000500002C02D00124200070BDFEF7D6FC0A
:10BB000022232A4A0340A8180E28F4D8F4F770FB21
:10BB1000080B0E11161B20252A2F34393E434800EE
:10BB200002F0DEF9E8E702F0F3F9E5E702F0BFF929
:10BB3000E2E7002B04D002F04BFADDE7002BFAD04D
:10BB400002F030FAD8E7002B04D002F095FAD3E7E0
:10BB5000002BFAD002F07CFACEE7002B04D002F0E2
:10BB6000BBFAC9E7002BFAD002F09EFAC4E7002B1B
:10BB700004D002F0E1FABFE7002BFAD002F0C4FAD9
:10BB8000BAE7002B04D002F00FFBB5E7002BFAD088
:10BB900002F0F6FAB0E7002B04D002F031FBABE77D
:10BBA000002BFAD002F016FBA6E7C046C087FFFFC5
:10BBB0007FB5050A040CEDB20190E4B2002D10D15E
:10BBC000002901D0284B1C5D23002100FF221340D7
:10BBD000180011400902144024040843204304B013
:10BBE00070BD01AB1E78002901D01F4B1C5D0620E3
:10BBF000FF217043F4F7A4FB55235B4243437600D7
:10BC0000F31803265E43FF21F6B233008E1B4A1B56
:10BC10006B4375431B122D12CB1A491B62436343BE
:10BC2000614312121B120912D2B2DBB2C9B206284A
:10BC300016D8F4F7DDFA0406090C101504002300E9
:10BC40000C0021001400C1E713000A00F9E71900F5
:10BC500013002200F4E7230014001A000B00F0E7A1
:10BC6000190023001400F0E7CF3101001FB50121B6
:10BC7000FFF79EFFFF210200030A0B40000C084063
:10BC80000A401B021A43030402481040184305B03F
:10BC900000BDC046FFFF00FF010030B5C0B2012962
:10BCA00016D9F723FF225B01994202D84A090832CC
:10BCB000D2B20124A018401005004543ADB2C3B272
:10BCC000A94206D2013BDAB29442F3D9013CE0B278
:10BCD00030BDFF28FCD00133DCB2F5E7054A064B46
:10BCE00011884B4305495B189BB2180AC018C0B2B3
:10BCF000138070474C0E0020050800001936000024
:10BD000010B50400FFF7EAFF60430012C0B210BD97
:10BD10000F21430615D40B000200034092060B4985
:10BD2000920F52005218517812784B431B119B18F6
:10BD300040B2DBB2002801DA5B42DBB2803BD8B212
:10BD40007047C343DAB20B400133E7E7C731010064
:10BD50001FB5040C01905008FFF7DAFF0200803A8B
:10BD6000E4B2D3B2120603D580235B421B1ADBB2C6
:10BD700001AA1288FF2110005B000134DBB263438B
:10BD8000120A1B12084012020B401B0410431843F6
:10BD900004B010BD1FB5030A01903031D8B20E4B6C
:10BDA0004900C95CE5234B431B121C339A1AD31775
:10BDB000D2185A40D200821A01AC131C120400D5CA
:10BDC00000231BB2013058430012A3786070208812
:10BDD0001B04184304B010BD060D0020030C84B0F2
:10BDE00001903031D8B2114B4900C95CE5234B4377
:10BDF0001B121C339A1AD317D2185A40D200821A37
:10BE0000131C120400D500231AB2431C534301AA89
:10BE10001288FF2110001B12120A084012020B4068
:10BE20001B041043184304B07047C046060D0020A1
:10BE300084B001A901908B780A7008881B0418430C
:10BE400004B070471FB5074B30314900CB5C01ACE3
:10BE500001909B1A2370A37820881B04184304B018
:10BE600010BDC046060D00201FB5074B30314900FC
:10BE70005B185B7801AC01909B1A2370A378208833
:10BE80001B04184304B010BD060D0020F0B530317E
:10BE900015000E4A4B00D3185F7885B03E00203E57
:10BEA000019001ACC0B273B2360602D52023DB1B71
:10BEB0005BB24900525C521BD2188018A3782070E4
:10BEC00020881B04184305B0F0BDC046060D0020B5
:10BED00084B004AA0190107803225A43521001A999
:10BEE00080188B78087008881B04184304B07047CA
:10BEF0001FB51C0001904BB2080601D549424BB258
:10BF00003820C01A80B292B252434043801880B2A7
:10BF1000FFF7C2FE0323434301AAE4181470937889
:10BF200010881B04184304B010BD00007FB50D4DF0
:10BF300030335B00EE185B5D7678703B59437F23AE
:10BF4000203E72435118CA171A405218D21101AC40
:10BF500001901218A378227020881B04184304B0A3
:10BF600070BDC046060D00207FB50D4D30335B001F
:10BF7000EE185B5D7678703B59433F23203E724359
:10BF80005118CA171A405218921101AC0190121898
:10BF9000A378227020881B04184304B070BDC046EB
:10BFA000060D00207FB5134D30335B00EE18767818
:10BFB0000190203E72435E5D01AC3500703DC0B221
:10BFC0006BB22D0602D570239B1B5BB23825EB1A92
:10BFD000594303238A187F215343DA170A40D218A2
:10BFE000D2118018A378207020881B04184304B055
:10BFF00070BDC046060D00200C4B3031490084B0A6
:10C0000001905818C95C03234078091A4B43DBB2EE
:10C01000991AC9B2202801D9D218D1B201AA9378AD
:10C02000117010881B04184304B07047060D0020DF
:10C0300030B585B00190C4B25008FFF769FE020028
:10C04000803A01ADD3B2120603D580235B421B1A9E
:10C05000DBB20D225B00DBB253431B12E4182C70E1
:10C06000AB7828881B04184305B030BD7FB50E009F
:10C07000041C01901000FFF74BFE30360E4B76008B
:10C08000F35C01ADC018C0B20200803AE4B2D3B292
:10C09000120603D580235B421B1ADBB20D225B0024
:10C0A000DBB253431B12E4182C70AB7828881B04B6
:10C0B000184304B070BDC046060D002030B50C4BCF
:10C0C00030314900CD5C85B0AB1A019001ACC0B2F3
:10C0D000D9B21B0601D5521BD1B219234B431B12F7
:10C0E000C0182070A37820881B04184305B030BD09
:10C0F000060D00201FB50B1C01AC0190FF2900D9D3
:10C10000FF23DB43DAB24123534322781B129B18EF
:10C110002370A37820881B04184304B010BD1FB5FA
:10C1200001900520434306AA128801A9D3181A1CBE
:10C130009BB2FF2B00D9FF22D3438A78DBB29B1836
:10C140001C1CFF2B00D9FF240A88FF231000120AB1
:10C150001840120223401B041043184304B010BDC2
:10C1600030B585B0019008A800881B18C8170918B9
:10C170004140D0171218424009B29BB292B2090155
:10C18000FF2900DDFF2112B21201FF2A00DDFF228C
:10C190000C1C15B209B201A8A94200DD141C1B1920
:10C1A0001A1C9BB2FF2B00D9FF22D3438278DBB24B
:10C1B0009B18191CFF2B00D9FF210288FF231000B8
:10C1C000120A184012020B401B041043184305B01A
:10C1D00030BD00007FB5050C160008AA019012883A
:10C1E000E8B201ACFF25482B06D8D31A1A1C9BB223
:10C1F000AB4200D92A1C95B2083189B2102905D961
:10C20000330008339BB2102B00D9FF250321ED43E7
:10C210000C4BF2170A405B7892199210EDB2D218CB
:10C2200040192270011CFF2800D9FF212288FF231A
:10C230001000120A184012020B401B04104318434E
:10C2400004B070BD0830002084B004AA12880190A8
:10C25000D21A131C92B2FF2A00D9FF23DBB2D943B2
:10C2600001AA9078C9B24018011CFF2800D9FF210B
:10C2700010781B1813701288FF231000120A184040
:10C2800012020B401B041043184304B070471FB543
:10C2900006AA128801A9D31A1A1C9BB20190FF2B7F
:10C2A00000D9FF22D3438A78DBB29B181C1CFF2BDA
:10C2B00000D9FF240A88FF231000120A1840120236
:10C2C00023401B041043184304B010BD1FB53C238A
:10C2D000FF334B43154A01901168040CC918144BE5
:10C2E00089B21879E4B2C008013048430012C0B2E4
:10C2F000FFF70EFD0200803AD3B2120603D5802369
:10C300005B421B1ADBB201AA1288FF2110005B00FE
:10C310000134DBB26343120A1B12084012020B40C5
:10C320001B041043184304B010BDC0461030002059
:10C3300008300020024B1A78104318707047C0462E
:10C340006625002010B50B00041E02D1C80FC001E5
:10C3500010BDC11742184A4012B2D118002B0BDB96
:10C360009B1A5801F3F7ECFF2023181AC0B2002CD7
:10C37000EEDA4042C0B2EBE74801D11AF3F7E0FF32
:10C380006023F2E77FB5040A0190E4B21000E51AD9
:10C39000FFF7D8FF8300C01AEDB22D18EDB20134BB
:10C3A0006C4301AE2412B378747030881B041843B8
:10C3B00004B070BD7FB5040C051CE4B21000E61A91
:10C3C000FFF7C0FF8300C01AFF23F6B2361818002B
:10C3D000F6B20134744328402D0A1D4024122D0268
:10C3E0001C40034B284324041840204304B070BD74
:10C3F000FFFF00FF7FB5040A0190100008AA15781E
:10C40000E4B25D1BFFF79EFF6519EDB22D1AEDB288
:10C4100001346C4301AE2412B378747030881B046D
:10C42000184304B070BD00007FB5051C040C10005B
:10C4300008AA1678E4B29E1BFFF784FFFF23A61913
:10C44000F6B2361A1800F6B20134744328402D0AA9
:10C450001D4024122D021C40034B28432404184085
:10C46000204304B070BDC046FFFF00FF30B585B06B
:10C47000019010001D00FFF765FF01AC4019A37883
:10C48000207020881B04184305B030BD30B585B03E
:10C490000190100008AA147801AD1C1BFFF752FF91
:10C4A000E4B2241AAB782C7028881B04184305B01A
:10C4B00030BD00001FB5FFF7D9FBFF210200030AC2
:10C4C0000B40000C08400A401B021A4303040248B8
:10C4D0001040184305B000BDFFFF00FF10B5034832
:10C4E000FEF759F90022024B1A7010BD08300020E7
:10C4F00066250020352310B5084C03220849601C2E
:10C500002370F6F7D7FD812320005B42A380FEF75E
:10C5100042F90022034B1A7010BDC04608300020BB
:10C520006E290100662500200020704770B50400C8
:10C530000E001500FFF7F8FF044B24011B199B5D4B
:10C54000FF2B02D02B540130C0B270BD060D00206D
:10C5500010B5024BDB68984710BDC046EC2B0100BC
:10C5600070470000F8B50C0015001E00FFF7F8FF3B
:10C57000002805DB034B2A005F6821003300B84721
:10C58000F8BDC046EC2B0100F0B51E4B0500C35CA6
:10C5900085B00B4234D01C4E1C4A33791468DB083A
:10C5A0000133A4B25C4302AF711C03223800F6F7DA
:10C5B00081FD24127378E0B20193FFF7A9FB030019
:10C5C000803BF678DCB21B0603D580246442241A33
:10C5D000E4B21F20FFF794FB6400E4B20136664327
:10C5E000019B361218183870BE700298FFF762FF70
:10C5F00002040302C1B21B0E2800120EFFF7B2FFA5
:10C6000005B0F0BDE60D00200830002010300020FD
:10C61000F0B51E4B0500C35C85B00B4234D01C4EF8
:10C620001C4A33791468DB080133A4B25C4302AFBF
:10C63000711C03223800F6F73DFD2412B378E0B2F6
:10C640000193FFF765FB0300803BF678DCB21B0625
:10C6500003D580246442241AE4B21F20FFF750FB64
:10C660006400E4B201366643019B361218187870F4
:10C67000BE700298FFF71EFF02040302C1B21B0E38
:10C680002800120EFFF76EFF05B0F0BDE60D00208A
:10C690000830002010300020194BF7B5C35C0500AE
:10C6A0000B422CD0174C184A23791768DB0801334A
:10C6B000BFB25F430322611C68463F12F6F7FAFCE3
:10C6C000F8B2FFF725FB0200803A6E46E478D3B259
:10C6D000120603D580235B421B1ADBB25B00DBB280
:10C6E00001345C432412B4700098FFF7E3FE0204A7
:10C6F0000302C1B21B0E2800120EFFF733FFF7BD75
:10C70000E60D002008300020103000200E4B37B519
:10C71000C35C04000B4216D0FFF7E0FA6D462870A8
:10C720008020FFF7EDFA094B7F306870DB78AB7043
:10C730000098FFF7BFFE02040302C1B21B0E2000E7
:10C74000120EFFF70FFF37BDE60D00200830002066
:10C750000F4B73B5C35C04000B4218D003220D4984
:10C760000D4D6846F6F7A6FC03206D78FFF7C8FA72
:10C770006E4640012D1A35700098FFF79BFE0204AB
:10C780000302C1B21B0E2000120EFFF7EBFE73BDB9
:10C79000E60D0020093000200830002010B5024BC3
:10C7A0009B68984710BDC046EC2B0100F0B50325EF
:10C7B000504B89B0DC7806006543AD10EBB2210028
:10C7C000FF200593F3F7BCFDC3B20493B3784A4A44
:10C7D0000292002B0CD0002211001000FFF7DEFFA8
:10C7E000602200210298F6F7B3FB0022434B1A7037
:10C7F000434A137801331370029B01930023009383
:10C800000027019E3D4B1B783B435CD1F6F7DEFAD7
:10C810003C4B984257DC019B1C703800009906AADB
:10C82000FFF784FE002811D006AB1B783078039305
:10C83000059B984254D9401B611B6843F3F780FD68
:10C84000C1B20B0022000398FFF78CFE0137FFB244
:10C850001036062FD6D1009B0133DBB20093019B2B
:10C8600001330193009B102BCAD1254B04991A78F0
:10C870008A4201D100221A70204A13780133DBB2B8
:10C880001C2B35D90023102013700522029E651E33
:10C8900050360099331A052A03D11F5CBC4200D1DF
:10C8A0001D541F78A74201D31D701C740139C9B2F1
:10C8B00001330029EFD1013AD2B21030002AE8D179
:10C8C000002009B0F0BD3378002BA6D09C42A4D93B
:10C8D0000B4A049912788A429FD1013B33709CE73E
:10C8E00029006043F3F72CFD0023C2B21900AAE728
:10C8F0001370E5E70830002096250020652500200C
:10C900006425002054555505F0B585B005000E008E
:10C910001700FDF7C5FF009000283CD00024A74277
:10C9200005D13100280002AAFFF700FE0400274DC0
:10C930002A781319082B1EDD0826611C361B3200CD
:10C9400049192348F6F7B6FB21000931320049198D
:10C950002048F6F7AFFB61001931720049191E48F3
:10C96000F6F7A8FB2100113132001C484919F6F7EF
:10C97000A1FBF2B22A7000210800144B9C46184B10
:10C980000193CDB2AB18DBB2AC4206D8002802D07E
:10C990000E4BA4181C7005B0F0BD02A80F5C6046D9
:10C9A000C5183800019E30304000865D6F746E708F
:10C9B000019E0C33301840785B0068720025634498
:10C9C000581C5D70013145700098DAE7672500203A
:10C9D0006825002070250020802500207825002073
:10C9E000060D00200D4B10B51B681B059B0F022B7D
:10C9F0000CD0032B0ED00022012B04D011001420E8
:10CA0000FFF7CCFE10BD14211000F9E7142200211D
:10CA10000800F5E714221100FAE7C04610300020A4
:10CA2000012070470120704710B5FFF7FBFF10BDD4
:10CA300010B5FFF7F5FFFFF7F7FF10BD0D235843C3
:10CA400082B0C0B201AA1070C018031CC0B2402846
:10CA500000D940231078DBB21B02184302B07047A4
:10CA6000F0B58BB0039000780591FFF7E7FFC4B2F3
:10CA7000270083B21B0A07AA02932D4B10801A7954
:10CA80002C4B52081B6801329BB253431B12DBB282
:10CA900004933037284B7F00FF18029AE3B29A4282
:10CAA00006D83F23002093424041C0B20BB0F0BDF6
:10CAB000224B039A1B5D52781A4236D03D787E781D
:10CAC000703D203EADB2B6B230002B0070436B43D8
:10CAD000C01880B2FFF7E0F832B2049E29B203001A
:10CAE000134D174800966E78457880782D023543AF
:10CAF00000042843059DA84709AB187002040002F2
:10CB0000120E000E5A7098700998FFF7D3FC0204B9
:10CB1000030208A9120E1B0E08704A708B70D2B265
:10CB2000C1B2DBB22000FFF71DFD02370134B4E7CC
:10CB30000830002010300020060D0020E60D0020F7
:10CB40000930002010B50249FFF78AFF10BDC0462A
:10CB5000F5C3000010B50249FFF782FF10BDC046C3
:10CB600029C4000010B50249FFF77AFF10BDC04686
:10CB7000D1BE000010B50249FFF772FF10BDC046DC
:10CB80008DC40000F0B5070089B000780391FFF76D
:10CB900055FFC4B2250005AB86B21880330A019355
:10CBA000274B30351A79274B52081B6801329BB24C
:10CBB00053431B12DBB20293234B6D00ED18019A15
:10CBC000E3B29A4206D83F23002093424041C0B2CC
:10CBD00009B0F0BD1D4B7A781B5D1A422CD0184B62
:10CBE0001B485B786A789C4666464378297880784B
:10CBF0001B023343203A7039000409B212B21843C1
:10CC0000039E029BB04707AB187002040002120E8D
:10CC1000000E5A7098700798FFF74CFC020403024C
:10CC200006A9120E1B0E08704A708B70D2B2C1B2E8
:10CC3000DBB22000FFF796FC02350134BFE7C046A7
:10CC40000830002010300020060D0020E60D0020E6
:10CC50000930002010B50249FFF794FF10BDC0460F
:10CC600085C3000010B50249FFF78CFF10BDC04618
:10CC7000B5C3000010B50249FFF784FF10BDC046E0
:10CC8000F1BE000010B50249FFF77CFF10BDC046A1
:10CC90006DC40000F0B5060087B000780F00FFF704
:10CCA000CDFE03AB1880214B85B21A79204B920838
:10CCB0001B6802329BB253431B12DBB22D0A019355
:10CCC000C4B2E1B28D4206D83F230020AB424041BE
:10CCD000C0B207B0F0BD174B72781B5D1A4223D06B
:10CCE000154A124B587853781B0203439078019AE7
:10CCF00000041843B84705AB187002040002120E76
:10CD0000000E5A7098700598FFF7D4FB02040302D6
:10CD100004A9120E1B0E08704A708B70D2B2C1B2F9
:10CD2000DBB22000FFF71EFC0134CAE70830002008
:10CD300010300020E60D00200930002010B5024917
:10CD4000FFF7A8FF10BDC04651BD000010B5024955
:10CD5000FFF7A0FF10BDC04695BD000010B5024909
:10CD6000FFF798FF10BDC046DDBD000010B50249B9
:10CD7000FFF790FF10BDC04631BE000010B502495C
:10CD8000FFF788FF10BDC04645BE000010B5024940
:10CD9000FFF780FF10BDC04669BE000010B5024914
:10CDA000FFF778FF10BDC0468DBE000010B50249E8
:10CDB000FFF770FF10BDC04631C0000010B502493A
:10CDC000FFF768FF10BDC0466DC0000010B50249F6
:10CDD000FFF760FF10BDC046BDC0000010B502499E
:10CDE000FFF758FF10BDC046CDC20000F0B50700E8
:10CDF0008BB000780591FFF721FE07AB86B2188053
:10CE0000330A0293284B294A1B7915689B08013382
:10CE1000ADB25D432D12EDB2C4B228004030C0B2B5
:10CE2000FEF776FF803843B228000393FEF770FFC9
:10CE3000803843B20493029AE3B29A4206D83F2361
:10CE4000002093424041C0B20BB0F0BD184A79783F
:10CE5000125D114226D01749134A009550784A783E
:10CE6000059E120202438878039900041043049A35
:10CE7000B04709AB187002040002120E000E5A707F
:10CE800098700998FFF716FB0204030208A9120E16
:10CE90001B0E08704A708B70D2B2C1B2DBB2200098
:10CEA000FFF760FB0134C6E7083000201030002097
:10CEB000E60D00200930002010B50249FFF796FF6B
:10CEC00010BDC0462DBF000010B50249FFF78EFF10
:10CED00010BDC04669BF000010B50249FFF786FFCC
:10CEE00010BDC046A5BF0000F0B5070089B00078AE
:10CEF0000291FFF7A3FD05AC354B20801B7985B26D
:10CF000001332D0A191CFF2B00D9FF21314889B2AA
:10CF1000F3F716FA247886B2E3B201939D4206D85D
:10CF20003F230020AB424041C0B209B0F0BD2A4BC4
:10CF30007A781B5D1A4238D02848294B027803932F
:10CF4000013A52B2130632D53300214A1179013128
:10CF50000A1CFF2900D9FF22013292B253431B124F
:10CF6000204A99B21A4B587853781B0203439078A1
:10CF700000041843029B984707AB18700204000294
:10CF8000120E000E5A7098700798FFF793FA020479
:10CF9000030206A9120E1B0E08704A708B70D2B2E3
:10CFA000C1B2DBB22000FFF7DDFA0134B4E7039B26
:10CFB00001999B5C8B4209D113000C335B00C318B1
:10CFC00059789B781B020B43B342BED3013AB9E7B1
:10CFD00008300020FFFF0000E60D00201430002084
:10CFE000253000200930002010B50249FFF77CFFF2
:10CFF00010BDC046F5C00000F0B591B008900878AB
:10D000000B920991FFF71AFD83B21B0A0793474B56
:10D01000C7B21B780DAA0A933B0010803033444AF4
:10D020005B009B18079A0593FBB29A4206D83F23F0
:10D03000002093424041C0B211B0F0BD3D4B099A6F
:10D04000DB5D52781A422BD0002403223A490EA805
:10D05000F6F730F8089B089A0493344BD3180393DF
:10D06000039B0A9A013303936B461B7C9A421BD89D
:10D07000324BDB7801335C430EAB24129C700E986C
:10D08000FFF718FA020403020FA9120E1B0E087014
:10D090004A708B70D2B2C1B2DBB23800FFF762FACD
:10D0A000059B01370233BDE7059B1D78039B1B7869
:10D0B000ED1AABB20693059B06985E78039B40433E
:10D0C0001B7AF61AB6B233007343C01880B2FEF76B
:10D0D000E3FD1A4A030012790132111CFF2A00D91C
:10D0E000FF210498114A0C304000121850789278B1
:10D0F0000131120289B202434A4369460EAD12124F
:10D10000AC7090B21824095F32B20B9C00900E985C
:10D11000A04703041B0E6B70049B0402240E013312
:10D12000AC702870E4B204939AE7C0461430002033
:10D13000060D0020E60D00200930002008300020F8
:10D14000064B10B51C780100013C054A201C002C40
:10D1500000DA0020C0B2FFF74FFF10BD14300020EE
:10D160001FC1000010B501000020024AFFF744FF74
:10D1700010BDC0461FC10000064B10B51C78010051
:10D18000013C054A201C002C00DA0020C0B2FFF749
:10D1900033FF10BD1430002061C1000010B5010044
:10D1A0000020024AFFF728FF10BDC04661C1000001
:10D1B000064B10B51C780100013C054A201C002CD0
:10D1C00000DA0020C0B2FFF717FF10BD14300020B6
:10D1D000D5C1000010B501000020024AFFF70CFF86
:10D1E00010BDC046D5C10000064B10B51C7801002B
:10D1F000013C054A201C002C00DA0020C0B2FFF7D9
:10D20000FBFE10BD1430002049C2000010B5010023
:10D210000020024AFFF7F0FE10BDC04649C20000E0
:10D22000064B10B51C780100013C054A201C002C5F
:10D2300000DA0020C0B2FFF7DFFE10BD143000207E
:10D240008FC2000010B501000020024AFFF7D4FE93
:10D2500010BDC0468FC20000F7B507000078FFF789
:10D26000EDFB6B46164A1880164B86B259785378F8
:10D27000C4B290781B020B4300041843FFF71AF95D
:10D2800001AD0304287000021B0E000E360A6B70FD
:10D29000A870E3B29E4205D83F230020B34240412C
:10D2A000C0B2FEBD084B7A781B5D1A4205D0200043
:10D2B000AB786A782978FFF755F90134E9E7C04679
:10D2C0000930002008300020E60D0020F0B589B0BC
:10D2D00002900078FFF7B2FB04AA108005ACC2B23E
:10D2E00083B2224D1B0A224920000392032201939C
:10D2F000F5F7E0FE05986E78FFF7DCF806AF3870BA
:10D30000030400021B0E000EB8707B702B7907AD72
:10D31000F61826700598FFF7CDF80126030428704B
:10D3200000021B0E000E039C6B70A870019AE3B202
:10D330009A4206D83F23002093424041C0B209B030
:10D34000F0BD0C4B029A1B5D52781A4207D0334253
:10D3500007D0AB786A7829782000FFF703F9013409
:10D36000E4E7BB787A783978F6E7C04608300020E1
:10D3700009300020E60D0020F0B5050087B00078E8
:10D38000FFF75CFB04AE1D4F83B203AA10801B0A9B
:10D3900003221B49C4B230000193F5F78BFE3B79A1
:10D3A00001339F08019AE3B29A4206D83F23002036
:10D3B00093424041C0B207B0F0BD124B6A781B5D8A
:10D3C0001A4219D0104A6300D35C0C4A1B097B43F4
:10D3D00052789B1833703068FFF76CF80204030230
:10D3E00005A9120E1B0E08704A708B70D2B2C1B222
:10D3F000DBB22000FFF7B6F80134D3E70830002095
:10D4000009300020E60D0020670D0020F0B5050072
:10D4100087B00078FFF712FB04AE1D4F83B203AA5A
:10D4200010801B0A03221B49C4B230000193F5F798
:10D4300041FE3B7901339F08019AE3B29A4206D834
:10D440003F23002093424041C0B207B0F0BD124BD1
:10D450006A781B5D1A4219D0104A6300D35C0C4AEB
:10D460007B4352785B119B1833703068FFF722F8CA
:10D470000204030205A9120E1B0E08704A708B707D
:10D48000D2B2C1B2DBB22000FFF76CF80134D3E7AF
:10D490000830002009300020E60D0020660D002035
:10D4A000F0B5060087B000780F00FFF7C7FA02ABAF
:10D4B0001880354B85B2041C0A211879F2F7B6FEA4
:10D4C000324B02301B68C0B29BB243431B12DBB22B
:10D4D0002D0A0193E4B2E1B28D4206D83F23002029
:10D4E000AB424041C0B207B0F0BD294B72781B5D22
:10D4F0001A4227D0274A6300D25C234B5878202A4F
:10D5000022D99A7812020243D87800041043019A73
:10D51000B84704AB187002040002120E000E5A70D5
:10D5200098700498FEF7C6FF0204010203AB120EC6
:10D53000090E5A7099701870D2B2C3B2C9B22000E5
:10D54000FFF710F80134C6E79A7812020243D87840
:10D5500000041043019AB84705AB1870020400029A
:10D56000120E000E5A7098700598FEF7A3FF020481
:10D57000030203A9120E1B0E4A708B700870DBB2F7
:10D58000D2B2C1B2DBE7C046083000201030002024
:10D59000E60D0020670D002010B50249FFF780FF5F
:10D5A00010BDC046F9BF0000F7B504780500002C97
:10D5B00019D11F4B1A791032131CFF2A00D9FF23EF
:10D5C0001C4A013310689BB280B2584300120A21F2
:10D5D00080B2F2F7B1FE89B2002904D14020FEF7F3
:10D5E0008FFB154B18802000FFF728FAAB7886B226
:10D5F000C4B2360A002B12D10F4F3888844210D89B
:10D60000B0420ED26978C0B2FFF7A2F841233B8046
:10D6100007E020006978FFF79BF80134E4B2B442D8
:10D62000F7D33F230020B3424041C0B2FEBDC04605
:10D630000830002010300020440E0020F7B5047898
:10D640000500002C18D11E4B1A791032131CFF2A2A
:10D6500000D9FF2301339AB21A4B1B689BB2534384
:10D66000194A1B125343194A9BB2934204D84020D3
:10D67000FEF746FB164B18802000FFF7DFF9AB786A
:10D6800086B2C4B2360A002B12D1114F38888442B8
:10D6900010D8B0420ED26978C0B2FFF737F84123F4
:10D6A0003B8007E020006978FFF730F80134E4B2EE
:10D6B000B442F7D33F230020B3424041C0B2FEBD85
:10D6C0000830002010300020CDCCFFFF33330000A5
:10D6D000420E0020F7B504780500002C18D11E4B2F
:10D6E0001A790532131CFF2A00D9FF2301339AB29D
:10D6F0001A4B1B689BB25343194A1B125343194AD6
:10D700009BB2934204D84020FEF7FAFA164B1880D9
:10D710002000FFF793F9AB7886B2C4B2360A002B2B
:10D7200012D1114F3888844210D8B0420ED2697895
:10D73000C0B2FEF7B1FF41233B8007E020006978CB
:10D74000FEF7AAFF0134E4B2B442F7D33F2300202E
:10D75000B3424041C0B2FEBD08300020103000206E
:10D76000CDCCFFFF33330000400E0020F7B5047826
:10D770000500002C18D11E4B1A790532131CFF2A04
:10D7800000D9FF2301339AB21A4B1B689BB2534353
:10D79000194A1B125343194A9BB2934204D84020A2
:10D7A000FEF7AEFA164B18802000FFF747F9AB786A
:10D7B00086B2C4B2360A002B12D1114F3888844287
:10D7C00010D8B0420ED26978C0B2FEF721FF4123D3
:10D7D0003B8007E020006978FEF71AFF0134E4B2CD
:10D7E000B442F7D33F230020B3424041C0B2FEBD54
:10D7F0000830002010300020CDCCFFFF3333000074
:10D800003E0E0020F7B504780500002C18D11E4B01
:10D810001A790532131CFF2A00D9FF2301339AB26B
:10D820001A4B1B689BB25343194A1B125343194AA4
:10D830009BB2934204D84020FEF762FA164B188040
:10D840002000FFF7FBF8AB7886B2C4B2360A002B93
:10D8500012D1114F3888844210D8B0420ED2697864
:10D86000C0B2FEF791FE41233B8007E020006978BB
:10D87000FEF78AFE0134E4B2B442F7D33F2300201E
:10D88000B3424041C0B2FEBD08300020103000203D
:10D89000CDCCFFFF333300003C0E0020F0B5C54B6C
:10D8A00087B01A78C44B019002930123824209D1B8
:10D8B000029BC24A1B7812789B079B0F9B1A5A1E29
:10D8C0009341DBB2BE4CA370029B62785B799A42B3
:10D8D00005D00022110010006370FEF75FFF019B6E
:10D8E0002D2B31D8581E2C2848D8F2F795FC500023
:10D8F000540058005C006000640068006C00700018
:10D90000740078007C008000840088008C00900007
:10D91000940098009C00A000A400A800AC00B000F7
:10D92000B400B800BC00C00079017D01810185010F
:10D9300089018D019101950199019D01A101A50127
:10D94000A901AD01B101B501019BFF2B00D187E118
:10D9500000209B4B1A7801321A70002800D084E115
:10D960000221984A11709B78002B00D07DE1019B29
:10D97000002B00D079E10333137076E1A378002BFC
:10D98000E6D0002211001000FEF708FFE0E72000BB
:10D99000FFF762FCDDE72000FFF798FCD9E72000E5
:10D9A000FFF7EAFCD5E72000FFF730FDD1E72000C4
:10D9B000FFF7C4F9CDE72000FFF7C8F9C9E7200059
:10D9C000FFF7CCF9C5E72000FFF744F9C1E72000D5
:10D9D000FFF748F9BDE72000FFF7B4F8B9E72000EA
:10D9E000FFF7B8F8B5E72000FFF7C0F9B1E720006E
:10D9F000FFF7C4F9ADE72000FFF7C8F9A9E7200059
:10DA0000FFF7CCF9A5E72000FFF7ACF8A1E720006D
:10DA1000FFF730F99DE72000FFF734F999E7200080
:10DA2000FFF7A8F895E72000FFF746FA91E72000F6
:10DA3000FFF74AFA8DE72000FFF74EFA89E720004A
:10DA4000FFF7AAFD85E72000FFF7AEFD81E7200084
:10DA5000FFF7F4FD7DE72000FFF7A8F979E7200044
:10DA6000FFF7ACF975E72000FFF7B0F971E7564A08
:10DA7000564B12681B6800209A4200D969E7A378C8
:10DA800083423DD12078FEF7D9FF0327C5B26F430B
:10DA900004AB18804E4B86B2360AFF18EBB29E429A
:10DAA00061D83F2E26D903273A007243484D494991
:10DAB000033A2800F5F7CEF9FEF710F9741E7C43FF
:10DAC00080075ED500232B552C196370A370029B31
:10DAD0003D4C1A791032131CFF2A00D9FF23112163
:10DAE0009BB259433C480912F2F72AFC374B1B689A
:10DAF000C018206000203F23B3424041C0B228E755
:10DB00000022002711001000FEF748FE304DFEF7FE
:10DB1000E5F80223184208D000232B706B70AB701D
:10DB200001370335402FF2D1ACE7FEF7D7F805AE49
:10DB300030708020FEF7E4F8029B7F307070DB7855
:10DB4000B37003237B430598214E0393FEF7B2FC89
:10DB5000039B039A985503040002B6181B0E000E8F
:10DB60007370B070DCE71D4B62785B5D1A4205D0C4
:10DB70002800BB787A783978FEF7F4FC0337013552
:10DB80008CE7FEF7ABF805AF38708020FEF7B8F8E9
:10DB9000029B7F307870DB78BB700598FEF78AFCBB
:10DBA0002855030400022D191B0E000E6B70A8707F
:10DBB0008DE7C0464A0E0020083000204B0E0020A2
:10DBC000470E0020460E0020602500201030002067
:10DBD0009F240020A2240020B80B0000E60D0020A6
:10DBE0002000FEF7E3FDB3E62000FFF7FDF9B0E605
:10DBF0002000FFF7A5FAACE62000FFF7B3FAA8E68D
:10DC00002000FFF7B9FAA4E62000FFF7C7FAA0E664
:10DC10002000FFF7CDFA9CE62000FFF7DBFA98E63C
:10DC20002000FFF7E1FA94E62000FFF7EFFA90E614
:10DC30002000FFF7F5FA8CE62000FFF703FB88E6EB
:10DC40002000FFF747FD84E62000FFF78FFD80E608
:10DC50002000FFF7D7FD7CE62000FFF7BFF878E64D
:10DC6000FEF7C0FE0222024B1A7007B0F0BDC0469C
:10DC7000460E00200120704737B500780138C0B249
:10DC8000FEF7DCFE85B22D0AC4B229002000FFF7A2
:10DC9000F1FF29002000FAF7DDFD37BDF7B5424D51
:10DCA000286801F06CFC040001F0EEFC28600025FF
:10DCB0002F003E4B01001B789C4618003C4B1B1B61
:10DCC0000193EBB29C450ED8002F01D0374B187052
:10DCD000384C394F25783E78032D46D82800F2F786
:10DCE00087FA1D3745512B00304A0C335B00D218A0
:10DCF000937856781B023343019E9E4204D201273B
:10DD00000138C0B20135DCE71B199EB20096FF2630
:10DD100033405370009B1E0A9670F3E70022274B96
:10DD200027481A70274B293219602049F5F7C2F9A4
:10DD3000254B1B78002B07D1244B03221B781D0099
:10DD40001540134200D09D0801233D7023700CE064
:10DD50003000FFF7A3FD002E07D02378022B01D15E
:10DD6000FEF766FE1548FFF787FFF7BD184B194A07
:10DD70001E70164B1B789B079B0F1370FEF7E8FB7A
:10DD80000323E3E7144D2B78002B04D00F48FCF756
:10DD900002FD00232B700B4B186801F0F0FB0F28DD
:10DDA000E3D90023D2E7C046902500206725002054
:10DDB000FFFF0000460E002094250020470E0020A3
:10DDC000143000201030002095250020083000205D
:10DDD0004A0E00204B0E00206625002070B500255D
:10DDE0000F4B1B6898470F4B1022FF210E481D70E8
:10DDF000F5F7AEF80D4B1022FF210D481D70F5F719
:10DE0000A7F801230B4E0C4C30002370FCF7BFFC2D
:10DE100033782570032B01D8FEF76CFB70BDC0462C
:10DE2000EC2B0100143000202D300020672500204D
:10DE300080250020083000206625002070B5041ED3
:10DE40000B4D12D02E78002E0FD13000FFF726FD9B
:10DE5000084B094A1E70094B1B789B079B0F1370D8
:10DE6000FEF776FB0322064B1A702C7070BDC0467D
:10DE7000952500204A0E00204B0E0020083000207F
:10DE8000460E0020012310B5044A11784B40137050
:10DE90000022034B1A70FEF74DFA10BD0830002027
:10DEA000460E002010B50020FFF7ECFF10BD10B5A6
:10DEB0000120FFF7E7FF10BD074B03221978080088
:10DEC0001040114201D1054A107003221978914384
:10DED000023A0A431A70704708300020460E0020AC
:10DEE00010B5FFF7E9FF0120FEF724FA10BD00008E
:10DEF000054B1A78920702D00021044A11700321C1
:10DF00001A788A431A70704708300020460E0020A5
:10DF100010B5FFF7EDFF0120FEF70CFA10BD000071
:10DF2000024B18788007800F7047C04608300020E9
:10DF3000020008000C4910B50B789B0712D0012392
:10DF4000002A04D02C339A4201D812331340032400
:10DF50000A789B002240134300220B70034B1A7077
:10DF6000FEF7E8F910BDC04608300020460E00203C
:10DF700010B50021FFF7DCFF10BD0000014B187841
:10DF80008008704708300020054B0100187810B554
:10DF9000800801302D2800D90120FFF7C9FF10BDEE
:10DFA0000830002010B50120FFF7EEFF10BD000083
:10DFB000064B0100187810B580080138C0B200285F
:10DFC00000D12D30FFF7B4FF10BDC046083000204F
:10DFD00010B50120FFF7ECFF10BD000070B5084C34
:10DFE0000500180023789B0709D06570A170131CE9
:10DFF000C82A01D9034B1B78E370FEF79BF970BD6B
:10E0000008300020C431010010B50023FFF7E6FFFF
:10E0100010BD0000014B58787047C0460830002002
:10E02000014B98787047C04608300020014BD878E3
:10E030007047C0460830002010B503000348C2787E
:10E04000817840780830FFF7C9FF10BD0830002004
:10E0500010B50120FFF7F0FF10BD000010B5030060
:10E060000448C27881784078083880B2FFF7B6FF5C
:10E0700010BDC0460830002010B50120FFF7EEFFAC
:10E0800010BD000010B5030006488478C278103433
:10E09000211CFF2C00D9FF214078C9B2FFF79EFF59
:10E0A00010BDC0460830002010B50120FFF7EAFF80
:10E0B00010BD000010B5030006488478C278103CFB
:10E0C000211C002C00DA00214078C9B2FFF786FF3E
:10E0D00010BDC0460830002010B50120FFF7EAFF50
:10E0E00010BD000010B503000648C17810310A1CAD
:10E0F000FF2900D9FF228178D2B24078FFF76EFF66
:10E1000010BDC0460830002010B50120FFF7EAFF1F
:10E1100010BD000010B503000648C17810390A1C74
:10E12000002900DA00228178D2B24078FFF756FF4A
:10E1300010BDC0460830002010B50120FFF7EAFFEF
:10E1400010BD000010B5034B18710020FEF7F2F867
:10E1500010BDC04608300020014B18797047C046FA
:10E160000830002010B5054A13791033191CFF2B15
:10E1700000D9FF211171FEF7DDF810BD0830002035
:10E1800010B50120FFF7EEFF10BD000010B5054AE5
:10E190001379103B191C002B00DA00211171FEF7D6
:10E1A000C9F810BD0830002010B50120FFF7EEFFC0
:10E1B00010BD000010B5054A05495379FF3B5C428C
:10E1C0006341CB5C5371FEF7B5F810BD08300020F9
:10E1D000C531010010B50120FFF7ECFF10BD0000B4
:10E1E00010B5054A05495379FF3B5C426341CB5C5E
:10E1F0005371FEF79FF810BD08300020C5310100B3
:10E2000010B50120FFF7ECFF10BD10B501F00AF8C2
:10E2100010BD10B5FCF79BFA10BD10B50020FCF73F
:10E22000C7FE0123184010BD10B5FCF75DFF0A20A2
:10E2300003F02BF8FCF758FFFFF7EFFF002803D09F
:10E24000FFF7E7FFF8F7EAF910BD10B5FFF7ECFFAD
:10E2500010BD70477047030070B50020042B15D81F
:10E26000052913D80F2A11D84C015200A418C02236
:10E270005343E41820002E30FDF765FB0502200013
:10E280002F30FDF760FBADB2284380B270BD70B592
:10E290001D00042813D8052911D80F2A0FD8C02330
:10E2A00043434C015200A418E4182000290A2E30E0
:10E2B000FDF7A4FB2000E9B22F30FDF79FFB70BDF6
:10E2C000F7B5F02705001600040043180193BF00BE
:10E2D000019B9C4200D1F7BD0020BC4203D220002C
:10E2E0002E30FDF730FB731B18550134F0E7F7B5FE
:10E2F000F02705001600040043180193BF00019B9E
:10E300009C4200D1F7BDBC4205D22000731B195DB1
:10E310002E30FDF773FB0134F1E7922070470000C7
:10E32000F8B504000E00170005002B1B9BB2B3428A
:10E3300000D3F8BD1B190020912B03D8034BE8181C
:10E34000FDF701FB3B1B58550135EEE7EE030000DE
:10E35000F8B504000E00170005002B1B9BB2B3425A
:10E3600000D3F8BD1B19912B05D83B1B595D034BFE
:10E37000E818FDF743FB0135EFE7C046EE03000068
:10E38000F0B585B0102200216846F4F7E1FD0A26B9
:10E390009224084F2500102C00D9102539002A009E
:10E3A0006846013EFDF70DFB7F19641B002EF1D17D
:10E3B00005B0F0BDEE030000124A10B501230C00B9
:10E3C000904215D1FCF772F8617903000E4A0029DA
:10E3D00010D0AA210B401900481E8141292011703C
:10E3E000002B00D00C3000F0B5FFFCF72BF9002318
:10E3F000180010BD13782920002B00D00C3000F03D
:10E40000C5FFF2E7167C0000F625002070B5050078
:10E410004879002800D1CCE0674BEB18222B00D9BB
:10E42000ABE0664C2000FCF7AAF9654BE818212800
:10E4300012D8F1F7DDFE3FAD48191C4B1F4E57288F
:10E44000A52B5A2E5D8731608F37676D2251255479
:10E450003B6A7A99A31543B50123227813434FE011
:10E460000823627813432CE002232278F6E7042382
:10E470002278F3E708232278F0E701236278F1E7B6
:10E4800002236278EEE710232278E7E72023227840
:10E49000E4E740232278E1E7FBF746FC802322787B
:10E4A0005B42DBE70C2322789A43D7E703236278A9
:10E4B0009A43D7E701222378934321E00822637827
:10E4C0009343637053E002222378F5E70422237814
:10E4D000F2E708222378EFE701226378F0E70222CF
:10E4E0006378EDE710222378E6E720222378E3E73C
:10E4F00040222378E0E7FBF717FC7F2223781340C4
:10E50000237034E00C222378D6E703226378D7E720
:10E510000122042023785907C90F8A4391008343BD
:10E520000B430821D2008B4398E701210800637850
:10E53000DA07D20F904302228B43034341009343F7
:10E540000B43BEE7012223785906C90F8A43920183
:10E550004021E8E7FBF7E8FB01222378D9094A408C
:10E560007F21D2010B4079E70120FCF718F9200048
:10E57000FCF709F9FBF7D8FB002070BD0020F4E799
:10E5800001222378D906C90F8A4312011021CAE754
:10E59000012108002378DA07D20F90430200C2E776
:10E5A000012263781907C90F8A430821D2008B43DF
:10E5B00058E70120E1E7C0460090FFFFEC2F002064
:10E5C000FF8FFFFFB523434398B2002B07DA803B50
:10E5D0001BB2D817C0B2C018001240B270478030CA
:10E5E00080B2F9E710B5164B1B78DA070AD5154B40
:10E5F0001B785B007F20834203D87E38002B00D03D
:10E60000D8B210BD9A0703D50E4B1B789B00F1E7DB
:10E610005B0703D50B4B1B78DB00EBE70A4B187845
:10E6200000280BD0094B1978064B1B788842F3D28F
:10E630005843C000F1F784FE83B2DBE70823DFE72D
:10E64000FE250020530E0020FD250020520E002044
:10E6500010B5154B1A7801231A4207D0134B1B78BB
:10E660009B080120002B0ED0D8B20CE0910703D5F7
:10E670000E4B1B785B08F4E7520705D50B4B1B7854
:10E680007F208342EDD910BD094A10780028EBD0D5
:10E69000084B1978054B1B788842F1D25843F1F7A3
:10E6A0004FFE83B2ECE7C046FE2500204F0E00204F
:10E6B000FC2500204E0E00200300CD3810B5122896
:10E6C00010D8F1F795FD0A10141A32323232323274
:10E6D00032321E23282E3C424600FFF783FF1F4B99
:10E6E0004042D87010BDFFF77DFF1C4BF9E7FFF7E4
:10E6F00079FF1A4B40429870F4E7FFF773FF174B0E
:10E70000F9E7FFF7A5FF154B1871EBE7FFF7A0FF3F
:10E71000124B4042F8E7FFF79BFF104B4042587105
:10E72000E0E7FFF795FF0D4BF9E70122D13B9A4057
:10E730000A4913000A0049780B435370D2E70123BA
:10E74000074A11780B431370CCE7054A022311786E
:10E75000F8E7034A04231178F4E7C046FF250020B8
:10E76000FE250020032200B5344B9A56CD2814D143
:10E77000002A01DA0022DA70D9789A780A4351B275
:10E78000002A01D12E4A11701A795B7913435AB2CB
:10E79000002B01D12B4B1A7000BDCE2802D1002ACC
:10E7A000E8DCE9E702229A56CF2804D1002AE3DA0E
:10E7B00000229A70E0E7D02802D1002AF8DCDBE7DB
:10E7C00004229A56D92804D1002AD5DD00221A71D4
:10E7D000D2E7DA2802D1002ACEDAF7E705229A56E4
:10E7E000DB2804D1002AC7DA00225A71C4E7DC28EA
:10E7F00002D1002AF8DCBFE7D1380E28BCD8F1F7E7
:10E80000EDFC0808080808080808BBBBBBBB0E14D1
:10E810001800012181405A788A435A70ACE70120E0
:10E8200009490A7882430A70A6E7074902200A7854
:10E83000F8E7054904200A78F4E7C046FF250020E0
:10E84000FD250020FC250020FE25002010B500F04D
:10E850003FFF030007488278C1780A4301D0064A87
:10E860001380027941790A4301D0044A138000F0F1
:10E8700097FC10BDFF250020FA250020F825002078
:10E88000062210B500210548F4F762FB0023044A74
:10E890001370044A1370044A137010BDFF25002042
:10E8A000FD250020FC250020FE25002002228256A6
:10E8B00003000120002A0BD103229A56002A07D117
:10E8C00004229A56002A03D105201856431E984167
:10E8D0007047000073B5534C062221006846F4F7D8
:10E8E000E9FB00236D46A370E37023716371AB787D
:10E8F000EA7813430BD04C4B188800F039FE4B4993
:10E900000B78002B26D04A4A127890422BDC2B79C8
:10E910006A7913430BD0474B188800F029FE46490B
:10E920000B78002B49D0454A127890424EDC2900E2
:10E93000200000F063FD002804D12000FFF7B6FF9F
:10E94000002801D0FFF782FF290006222000F4F7FB
:10E95000B1FB73BD3A4A16780A2272439042D6DD63
:10E9600001330B7001E0FF2BFAD10226AE57002EC7
:10E9700007D0FFF737FEFF23002E00DDFE3B4343A9
:10E98000A3700326AE57002E07D0FFF72BFEFF2300
:10E99000002E00DDFE3B4343E3700220205600289A
:10E9A000B5D00326A657002EB1D0FFF70BFEA070FE
:10E9B0003000FFF707FEE070A9E7224A16780A2226
:10E9C00072439042B3DD01330B7001E0FF2BFAD1AB
:10E9D0000426AE57002E07D0FFF73AFEFF23002E85
:10E9E00000DDFE3B434323710526AE57002E07D0C2
:10E9F000FFF72EFEFF23002E00DDFE3B4343637135
:10EA000004202056002800D191E70526A657002EA5
:10EA100000D18CE7FFF7D6FD20713000FFF7D2FD63
:10EA2000607184E7FF250020FA250020FD250020E5
:10EA3000540E0020F8250020FC250020500E002058
:10EA4000550E0020510E0020F7B5294BC2081B5C63
:10EA50000127009307231840264B0C009B5C0341C1
:10EA600019003940019124498D5C244905418E5C8F
:10EA70003D4006413E403B4207D0E120FAF724FEEC
:10EA8000201E00D1380002F000FC002D07D0E62047
:10EA9000FAF71AFE201E00D1012002F0F6FB0098C2
:10EAA0002100FAF7E2FE201E00D1012002F0EDFB6A
:10EAB000002D07D0E620FAF77DFE201E00D10120B0
:10EAC00002F0E3FB019B002B07D0E120FAF772FE76
:10EAD000201E00D1012002F0D8FB002E07D02C20F0
:10EAE000FAF7D1FE201E00D1012002F0CEFBF7BDC7
:10EAF000CF3201006F3301005F3301004F3301005B
:10EB0000F7B504000E0001923000A047002817D08E
:10EB1000012847D13000A04705000138032807D855
:10EB2000F1F766FB020F14193000A047FAF7ABFEAD
:10EB3000019B181E00D1012002F0A7FB002DE3D19C
:10EB4000F7BD3000A047FAF7BFFDF1E73000A0475E
:10EB5000FAF730FEECE73000A0470027050004225A
:10EB6000124B5B5D134215D10120002F0FD0FA220A
:10EB7000002392003800F917F1F746FD00230C4AF4
:10EB800080185941FA2200239200F1F71DFD02F08E
:10EB90007CFBCDE70A2330005F43A047303DEF19EF
:10EBA0000500DCE70199FFF74FFFADE7312A0100CF
:10EBB000E7030000F8B5140042791D0006AB1F788A
:10EBC000274B002A11D01C7000F082FD254B1880C5
:10EBD00023002033DBB2072B06D807230120234074
:10EBE0009840C0B2FAF757FEF8BD1E78A6422DD164
:10EBF0001C4B188800F0BCFCC72827D82C002034F8
:10EC0000AE4215D033002033DBB2072B06D80723E2
:10EC100001201E40B040C0B2FAF745FEE3B2072B18
:10EC200006D8072301202B409840C0B2FAF733FEE4
:10EC30003800E4B2FAF727FE072CD5D807230120C5
:10EC40001D40A840C0B2FAF72EFECDE723002033C6
:10EC5000DBB2072BC8D8072301201C40A040F1E7F6
:10EC60000826002006260020204B13B5C0180C00F3
:10EC7000062833D8F1F7BCFA141A040E20262C000B
:10EC800026230093BB331A0019492000FFF792FF97
:10EC9000002016BD27230093BE331A001549F4E760
:10ECA0002623E02200931449BB33EEE72723E42216
:10ECB00000931249BE33E8E72623E222009310496D
:10ECC000BB33E2E72723E62200930E49BE33DCE79D
:10ECD0002823E52200930C49273BD6E74B79002BEC
:10ECE00002D00022094B1A700120D2E7E883FFFF0F
:10ECF0001A7C00001B7C0000187C0000197C0000BE
:10ED00001C7C00001D7C00001E7C000008260020EA
:10ED1000164B70B5984204D0154B98421CD0012078
:10ED200070BD4B79002B12D000F024F8FBF796F859
:10ED300000F020F8040000F023F8050000F026F8A9
:10ED4000290002002000FBF785F90020E8E700F029
:10ED500011F8FBF78FF8EBE74B79002B02D000F0AE
:10ED60000FF8E3E700F00CF8F3E7C046777C00000B
:10ED7000787C0000014B18787047C046580E002080
:10ED8000014B18787047C046570E0020014B187889
:10ED90007047C046560E002073B56B46DC1D9D1DA6
:10EDA0005E1D30002200290000F087F93378002032
:10EDB000262B06D12B78092B03D120782238434209
:10EDC000584176BD10B5002805D022220921262001
:10EDD00000F08AF910BDFF2211001000F8E770471B
:10EDE000704710B50400FFF7FBFF200000F091F919
:10EDF00010BD10B500F060F90020FFF7E3FF002020
:10EE0000FFF7EFFFF6F7A8F8F6F7DDF82222092161
:10EE1000262000F069F910BD10B5FFF7E0FF00F003
:10EE200073F9FFF7DDFFFFF7B7FF002801D1FFF708
:10EE3000E0FF10BD10B5FFF735F810BD03004879AD
:10EE400010B5002808D0054A9A187F2A03D8D8B2EE
:10EE5000F6F7C0F8002010BD0120FCE70089FFFF95
:10EE60000020704710B504000078013803280BD843
:10EE7000F1F7BEF9020B1215FFF7D8F8FF23C821EE
:10EE80005843F1F75DFA607010BDFFF749F80028AC
:10EE9000F9D0FFF773F8F6E7FFF75EF9F3E7FFF74E
:10EEA000B9F86070FFF7BCF8A070EDE770B504002A
:10EEB00000780138032816D8F1F79AF902101C20BF
:10EEC000FFF7A8F80500FFF7ABF8C9220100637847
:10EED0005A43120A2800FFF797F804E06378002BE2
:10EEE00002D1FFF705F870BDFEF7E6FF6078FFF787
:10EEF0003FF8F8E76078FFF725F9F4E76578A4783C
:10EF0000FFF794F821000200E4E703001A7810B537
:10EF10000230082A06D0092A07D0072A08D1FFF7AD
:10EF2000C5FF10BDFFF79EFFFBE7FDF7D7FAF8E737
:10EF3000FF221A70F5E7437810B5032B02D1FFF7D3
:10EF4000E4FF10BDF9F724FDFBE770B504000D00E8
:10EF5000FFF786FF002817D120780138122840D803
:10EF6000F1F746F90A133A545A666969693F3F6EE8
:10EF70007278838E91949F00002363700C33A3708A
:10EF800029002000FFF741F970BD6078013803289F
:10EF900027D8F1F72DF9020C0F1B00F075FB030EBB
:10EFA000A370030CE370030A23716071E8E700F0BB
:10EFB000ABF8F4E700231900A678E21CF018052846
:10EFC000DED81170517001330232F7E70023A370CD
:10EFD000E37023716371D3E76378022B04D0052BB0
:10EFE00010D0FF232370CBE7E278A37812021A43F4
:10EFF000237960791B0413430006184300BAFFF716
:10F00000F0FEBDE7A078FFF715FFB9E7E278A17839
:10F010006078F5F799FFC6E7637922791B021343FD
:10F020005BBAE278A17860789BB2F5F791FFA7E729
:10F03000F5F792FFA4E729002000FFF77CFF9FE788
:10F04000F5F7B2FF60709BE7F5F7B0FF030A637056
:10F05000A07095E7A07863780002184340BAE17881
:10F06000221D80B2F5F7A7FF8AE7A0786378000237
:10F07000184340BAE178221D80B2F5F7A0FF7FE780
:10F08000F5F7A1FF7CE7F5F75DFFDBE7A078637894
:10F090000002184340BAE178221D80B2F5F77CFFE8
:10F0A0006EE7A07863780002184340BAE178221D29
:10F0B00080B2F5F775FF63E7704770B506000D0085
:10F0C0001400002803D02A20FCF73DFC3070002DEE
:10F0D00003D02B20FCF737FC2870002C03D02C2009
:10F0E000FCF731FC207070BD70B50D0014000100FC
:10F0F0002A20FCF783FC29002B20FCF77FFC210051
:10F100002C20FCF77BFC70BD10B52D20FCF71BFC00
:10F1100010BD10B5C1B22D20FCF770FC10BD000071
:10F12000014B18607047C04610260020014B18683C
:10F130007047C046102600207047704710B500F099
:10F14000CFF9013843425841C0B210BD044B10B54D
:10F150001B68181E03D01B68181E00D0984710BDEE
:10F160001026002010B5FFF7F1FF10BD044B10B5BD
:10F170001B68002B03D05B68002B00D0984710BDA4
:10F1800010260020054B10B51B68002B05D09B688E
:10F19000002B02D006220270984710BD10260020D6
:10F1A000054B10B51B68002B05D0DB68002B02D087
:10F1B00002220270984710BD102600200A4B07B5A6
:10F1C0001A8882420FD01880084B1B68002B0AD087
:10F1D0001B69002B07D0694603224871000A887119
:10F1E0000A7101A8984707BD0C26002010260020B0
:10F1F0000A4B07B51A8882420FD01880084B1B684B
:10F20000002B0AD01B69002B07D0694604224871E5
:10F21000000A88710A7101A8984707BD0A260020D4
:10F2200010260020044B10B51B68002B03D05B692F
:10F23000002B00D0984710BD102600200D4B10B5B4
:10F240001C68FFF77BFF02340622002807D00A4B18
:10F250001B787F2B03D9094B18321C68023400201D
:10F26000A2182178002901D00130C0B201349442A3
:10F27000F7D110BD340E0020EC2F0020300E0020FE
:10F2800010B5041E01D1002010BDFFF757FF002864
:10F290000AD1104B1B689A1C08331178A14217D071
:10F2A00001329A42F9D1EEE70B4B1B787F2BF0D954
:10F2B000E208EF2CE7D8094B01201B689B189A78CD
:10F2C0000723234098401040431E9841C0B2DBE71B
:10F2D0000120D9E7340E0020EC2F0020300E002052
:10F2E0000123002270B55B42851CAC5C8C420BD0C4
:10F2F0005E1C02D1002C00D153B20132062AF4D197
:10F300005A1C01D0C318997070BD002210B5831C1F
:10F3100008301C788C4200D11A7001338342F8D136
:10F3200010BDCB08EF2907D8C01807231940063BAA
:10F330008B408278134383707047CB08EF2907D83E
:10F34000C0180723012219408A40837893438370B1
:10F350007047000010B50400FFF7F0FE002809D048
:10F36000074B1B787F2B05D9064B21001868FFF748
:10F37000D8FF10BD044B21001868FFF7B1FFF8E774
:10F38000EC2F0020300E0020340E002010B50400B9
:10F39000FFF7D4FE002809D0074B1B787F2B05D937
:10F3A000064B21001868FFF7C8FF10BD044B210071
:10F3B0001868FFF7AAFFF8E7EC2F0020300E0020B6
:10F3C000340E002010B5FFF7B9FE00280BD0084B13
:10F3D0001B787F2B07D91E22064B186802300021AC
:10F3E000F3F7B6FD10BD044B062218680230F6E7AD
:10F3F000EC2F0020300E0020340E002010B54A788B
:10F40000447803000120944223D102229A56002A14
:10F4100003D002240C5794421BD103229A56002A8F
:10F4200004D003240C570120944212D105229A568D
:10F43000002A04D005240C570120944209D1002051
:10F440001B795BB2834204D004200856C01A431EC5
:10F45000984110BD07B5F8F753FE07BD07B505493C
:10F460000130C870042201A8F3F724FE0198FFF7C9
:10F47000F1FF07BD590E0020032307B504490422FC
:10F4800001A8CB70F3F716FE0198FFF7E3FF07BD65
:10F49000590E002010B5FFF7E1FF10BD012307B59D
:10F4A0000449042201A8CB70F3F704FE0198FFF78A
:10F4B000D1FF07BD590E002010B5FFF7EFFF10BDBB
:10F4C00007B5431E984105490422887001A8F3F747
:10F4D000F1FD0198FFF7BEFF07BDC046590E0020A1
:10F4E000014B98787047C046590E002007B5054972
:10F4F0000422487001A8F3F7DDFD0198FFF7AAFF89
:10F5000007BDC046590E0020014B58787047C046D1
:10F51000590E002007B505490422087001A8F3F729
:10F52000C9FD0198FFF796FF07BDC046590E0020A0
:10F53000704710B5FFF7FCFF10BD0000044B400002
:10F54000C25A012088401040431E9841C0B2704703
:10F550001426002010B50C00002A06D10121A1407C
:10F56000024B4000C25A8A43C25210BD14260020EA
:10F5700010B5040000F0ACF8001B80B210BD10B54F
:10F58000040000F081F8001B10BD10B5040010222B
:10F590000021F3F7DDFC200010BD10B501F008FFDD
:10F5A00001F0C4FC10BD10B5FAF79CFFFAF7B0FFEC
:10F5B000FFF708FFFFF764F90020FFF7FFFD0020C9
:10F5C000FFF716FEFAF702F810BD000010B5084B61
:10F5D00008499A8B0C68084B90B2944204D9802455
:10F5E0001A68640212191A601B680860C01810BDFE
:10F5F000583000203C2600203826002010B572B676
:10F60000FFF7E4FF074C2368002B02D0200001F035
:10F61000E7FC802100232000034A090201F0D8FC06
:10F6200062B610BD20260020FDF5000010B572B6B0
:10F63000FFF7CCFF0022044B1860044B1A60044B08
:10F640001A6062B610BDC04648260020442600203D
:10F650004026002010B5FFF7E9FF0023084C236087
:10F6600072B62368002B02D0200001F0B9FC802183
:10F6700000232000034A090201F0AAFC62B610BD73
:10F6800020260020FDF5000070B501F075FC050096
:10F69000FFF79CFF0B4E0C4A3368C41A0B480168F5
:10F6A000A14208D91168293B29392934FF3BFF3988
:10F6B000FF343360116016680460280001F064FCB8
:10F6C000A01970BD482600204026002044260020B6
:10F6D00010B5FFF7D9FF80B210BD704701007F233E
:10F6E000743170B5050008780340212B45D143B231
:10F6F000002B1DDA4B78022B16D0032B05D0012BE3
:10F7000016D1280000F0AEFC70BD4C790B792402B4
:10F710001C430DD1FFF7E4FE2C4B1870AB660123A0
:10F72000EB662C670120EFE7280000F0A1FDEBE776
:10F730004B780A2B1AD00B2B0CD0092B1DD14A79F0
:10F740000B7912021A4302239A4316D1204A214C04
:10F75000AA66E5E74B790A791B02134302D1887840
:10F76000FFF7AEFE00231C00AB66D9E7C878FFF7B1
:10F77000D1FE280000F0A2FDC6E7602300249843D4
:10F78000812814D14B78062B11D14B790A796868FE
:10F790001B02466813432800CA788978B047A04204
:10F7A00001D10020B0E74368AB660368B8E7D8260C
:10F7B0007600094B1B59002B03D19034B442F8D189
:10F7C000EFE7280098470028F7D0ABE75426002041
:10F7D0005826002019F80000880F0020002370B57B
:10F7E0000B4C74306360C279817912020A4341790B
:10F7F0000579090229438578C078064B0002284321
:10F8000000F0D4F920606068002800D0200070BDAE
:10F810004C26002050260020030010B5743399793F
:10F82000DB79074A1B0210780B43022B04D1012815
:10F8300001D0062802D15078FFF758FE10BDC0460F
:10F840005826002010B50F24054A11784B1C234080
:10F85000044C24789C4202D0034C1370605410BDB9
:10F860004D3000204E3000203D300020080010B503
:10F8700005292DD8F0F7BCFC1C2C031C1C2D72B6DE
:10F880001C4800F085FA1C4800F082FA1B4800F082
:10F890007FFA1B4800F08CFA62B61A4B1B78002BDB
:10F8A00002D00520FFF7CEFF0220FFF7CBFF0FE0CD
:10F8B000FFF7C8FF72B60F4800F045FA0E4800F097
:10F8C00042FA0E4800F03FFA0D4800F04FFA62B6D7
:10F8D00010BD72B6074800F055FA074800F052FA1A
:10F8E000064800F04FFA064800F04FFA62B60520CD
:10F8F000DBE7C046040F0020940F002024100020F6
:10F90000780E00205A260020102210B5002104484D
:10F91000F3F71EFB0022034B1A70034B1A7010BD45
:10F920003D3000204D3000204E300020F8B50F252E
:10F9300001240021234B244A1E781378B34233D18B
:10F94000002900D01370F8BD1370204B1C70204BA1
:10F9500019780800431E9841C0B2FFF78DFDE8E713
:10F9600013700022194B1A70FFF71DFE184B1978FF
:10F970000800431E9841C0B2FFF78CFDD9E7137011
:10F98000134B19780800431E9841C0B2FFF766FD7B
:10F99000CFE7002113700800F8E71370FFF77EFD32
:10F9A0002000FFF78DFDC4E718000A4F0133385CD3
:10F9B00021002B400528C1D8F0F710FCEFC0E1EB87
:10F9C000C6D2C0464D3000204E3000205A260020BE
:10F9D0007F3100203D30002070B50400154D280017
:10F9E00000F06EF9280000F093F9134D280000F0A4
:10F9F00067F9280000F08CF9104D280000F060F93C
:10FA0000280000F085F90E4D280000F06DF928005F
:10FA100000F08CF901F088F9200001F073FE32202B
:10FA200001F033FC0749200001F05BFE01F074F99E
:10FA300070BDC046040F0020940F00202410002049
:10FA4000780E0020803301009023434307B504481B
:10FA5000181800230093643300F02FFA0EBDC0463F
:10FA6000040F002010B50400FFF73AFD0822210022
:10FA7000002803D10130FFF7E7FF10BD0120FAE7AE
:10FA800010B5010020220020FFF7DEFF10BD10B5E9
:10FA9000010006220020FFF7D7FF10BD10B50100BE
:10FAA00003220020FFF7D0FF10BD0A0010B5202967
:10FAB00003D101000220FFF7C7FF10BD00B589B0D8
:10FAC000002320226946064800F04CFA002801D1A4
:10FAD00009B000BD20216846FFF737FAF0E7C046BD
:10FAE000780E002010B5FFF7F8FD10BD704710B577
:10FAF000FFF7F8FF02F0FEFEFFF7F8FF10BD10B5AC
:10FB000002F0F9FEF8F746FC10BD10B5FFF7D4FC83
:10FB100010BD000010B5FFF7F7FE0348FFF75CFFCC
:10FB2000322001F0B2FB10BD0031002010B50248B8
:10FB3000FFF7F6FA10BDC046600E002010B5FFF7C3
:10FB4000F5FE10BD10B500F01FFB10BDF0B5144B55
:10FB500085B01D78002D20D101226C460F26684605
:10FB60001A70FFF712FD2B000E490F4D5A10A05CC2
:10FB70005A000709EF5D8A18977000273040D77048
:10FB80005A1C285C52008A1802339070D770202BC0
:10FB9000ECD122330B703F3B4B7005B0F0BDC0463B
:10FBA0005B2600205C260020AC33010070B51D00F0
:10FBB000030A032B19D00AD8012B31D000221400DC
:10FBC000022B01D1194C5B3210002C6070BD002259
:10FBD0001400212B1DD0222BF6D10229F4D8144B6E
:10FBE0008A00D458134B5A5CEEE70022C0B21400CE
:10FBF0000328E9D8F0F7FCFA1702050812220E4C88
:10FC0000E2E716220D4CDFE7FFF7A0FF0C4C22784D
:10FC1000DAE70229D8D80B4B8900CC580932D3E750
:10FC20001222094CD0E70422084CCDE7ED33010045
:10FC30009433010090330100D5330100BD3301003E
:10FC40005C260020A033010048340100E9330100A4
:10FC500037B5446B226F1378042B12D1250074350D
:10FC60002978033B8B4012891A420AD1200001A94E
:10FC700001F081FC021E04D02978019B206F01F065
:10FC8000C0FD37BD026F70B513780400042B11D18D
:10FC9000050074352978033B8B4052891A4209D1FB
:10FCA00001F0BDFB021E05D0E3692978206F043BFB
:10FCB00001F094FD70BD10B5406BFFF7E3FF10BD80
:10FCC0001FB503005C33C364064B021D0193836FB1
:10FCD000029000930121C36FD26F01F026FC05B0A2
:10FCE00000BDC04651FC00001FB503005C33036536
:10FCF000064B021D0193836F029000930121C36F95
:10FD0000D26F01F067FB05B000BDC046B7FC000034
:10FD100072B6030074331B78026F09339B00D3184B
:10FD2000586000238830037062B6704772B60300D3
:10FD300074331B78026F11339B009850002384307A
:10FD4000037062B670470123022110B504000372EC
:10FD5000494201F0CDFA20008C3401F0FEFB23680B
:10FD6000002B02D0DA681868904710BD01230221E9
:10FD700010B504000372494201F0BAFA200001F004
:10FD800041FB10BD002303727047002303727047CC
:10FD90000300020010B50400743319783832006F84
:10FDA00001F0D8FC200001F0D8FB0023237210BD25
:10FDB0000300020010B50400743319783832006F64
:10FDC00001F0C8FC200001F01DFB0023200023727D
:10FDD000FFF758FF10BD0B0009339B00C318F7B5A0
:10FDE0005C6805000E00002C44D072B6230000228F
:10FDF00088331A70226963699A4202D1E368002B42
:10FE000019D1B31C9B00EB185B685B691B68002B66
:10FE100011D027008C373B68002B09D001A92000A6
:10FE200001F0A9FB01003868019A836800689847CF
:10FE3000200001F0AEFB200001A901F09CFB019B1A
:10FE4000021E12D1B31C9B00EB185B681A68022AD1
:10FE50000FD15A69116800290BD01A8A0B00013A98
:10FE60001340114205D12A0074323100280001F0FC
:10FE7000C8FC62B6F7BD0B0011339B0010B51C58CF
:10FE8000002C19D072B602318900401843689B6972
:10FE90005B68002B0CD0230074331B78226F023375
:10FEA0009B00D3185B6820009B69596801F0C1FA78
:10FEB0002000FFF7E7FE62B610BDF7B51D0008ABE6
:10FEC0001B78040016000091019372B6036F1B7833
:10FED000042B02D062B60020FEBD070088373B78B5
:10FEE000002B03D001356B425D416D4262B62B00A1
:10FEF00032002000009901F08DFB864214D972B6C1
:10FF0000434258413B78022118430123387049424B
:10FF10002372200001F0ECF9200001F01EFB002309
:10FF2000237201F025F9E1E7019B002B01D00120AC
:10FF3000D2E7200001F0ABFBF9E7030072B60169DC
:10FF40004269002091420BD1DA68824208D01A6FD0
:10FF500074331B780130984013891840434258414C
:10FF600062B6704737B5140072B6026F1278042A71
:10FF700002D062B600203EBD050084352A78002AF2
:10FF800003D001335A4253415B4262B6220001F072
:10FF900091FA43424341201A2B7043425841C0B268
:10FFA000E9E70000006810B5002806D0034B9B8BE2
:10FFB000826483800630F3F77DF810BD583000204E
:10FFC0000168130010B5002905D08A6C981D9A6449
:10FFD0000631F3F76FF810BD036810B50400002B6D
:10FFE00008D09A6C981D0021F2F7B2FF0022236816
:10FFF0001A609A8010BD00000B7810B5082B0AD843
:020000021000EC
:100000009B001858002806D0034B9B8B826483808A
:100010000630F3F74FF810BD58300020030010B53C
:100020001000082909D88900C958002905D08A6C10
:10003000063182640630F3F73DF810BD70B5050057
:10004000040024352368002B08D09A6C981D0021E9
:10005000F2F77EFF002223681A609A800434AC42D3
:10006000F0D170BD020070B5743213790400002025
:10007000022B18D89178082915D80B4AD25C022A8D
:1000800011D890235343094A9B58181E0BD0084D92
:1000900018685E682A00B047064B0120A366AB6C67
:1000A000E3660023236770BD000F0020900F00203F
:1000B000D0280020D62800200368002B07D091000C
:1000C0001960511E8A41024B19780A431A70704711
:1000D0001C2900200368181E02D018688008C0B2CE
:1000E000704700000368002B01D10020704772B6F2
:1000F00003681A68998862B6002AF6D00020044B7B
:100100009B8B5B1A9BB293424041C0B2EEE7C04664
:10011000583000204B1E072B0BD889000B58002BA2
:1001200007D091001960511E8A41024B19780A4389
:100130001A7070471C29002003000020082906D8E7
:100140008900CB58181E02D018688008C0B27047CA
:10015000082901D900207047890040180368002B46
:10016000F8D072B603681A68998862B6002AF1D08E
:100170000020044B9B8B5B1A9BB293424041C0B260
:10018000E9E7C04658300020F0B5344B85B01B7805
:10019000002B3BD00025324E01953468002C2ED028
:1001A000002D35D10123029372B66B461B7A20686D
:1001B0000393039963699847431E9841019B034346
:1001C000019362B62748FFF7B8FE002812D0A36952
:1001D00003992068984700280CD072B6224F6368B4
:1001E0003A0003992068984762B600201F49BA6C0C
:1001F000FFF72AFC029B01330293092BD4D101356E
:100200009036032DC9D1154B019A1A7005B0F0BD77
:1002100072B60021636920689847431E9841019B8C
:100220000343019362B630008C38FFF786FE002846
:10023000E5D00021A369206898470028DFD072B676
:10024000094F00213A0063682068984762B6074961
:10025000BA6CE8B2FFF7F8FBD1E7C0461C290020D2
:10026000900F0020040F0020842800208A280020FE
:10027000020010B57432137904000020022B16D846
:100280009178082913D80A4AD25C022A0FD8902301
:100290005343084A9B58181E09D05A69186890475A
:1002A000054B1870A36601200023E066236710BD8C
:1002B000000F0020900F002080280020020070B561
:1002C0007432137904000020022B16D89178082983
:1002D00013D80A48C55C0020022D0ED890236B432A
:1002E00007481B58181E08D018681D69D278A847FF
:1002F00000230120A366E366236770BD000F002082
:10030000900F002070477047FEE70000F0B508200E
:1003100000240E494A680E6815008B68AB4210D85D
:10032000D51E0026AB4203D303339B1A9B089E00C5
:10033000CB689219934207D8013810310028E9D1CF
:10034000F0BD80CE80C5E9E710C2F3E77835010043
:10035000164B70B5041E1D6800D1ED08FA21280067
:100360008900EFF763FF124E124930602800EFF763
:100370005DFF114E114930602800EFF757FF104E16
:10038000104B30605968104AA4000A4304215A6097
:100390009A68120E12069A601A688A431443012260
:1003A0001C6019680A431A6070BDC046C83000203E
:1003B000282900201027000024290020A086010001
:1003C0002029002010E000E0FFFFFF000B4B30B5BC
:1003D0001B680B4C434380200A4A40040A4DC01A54
:1003E000013989B2A14200D130BD93682B4393609B
:1003F00093681B021B0A9842FAD3F1E720290020D8
:10040000FFFF000010E000E0FFFFFF00074B0120AE
:100410005A69920608D49A6A054A9A629A6A054A03
:100420009A6258698006C00F7047C046002002409B
:100430003322110088776655064B01205A699206CF
:1004400006D59A6A00229A625B699B06DB0F5840C8
:100450007047C046002002400E4B10B55C69020098
:100460002021200008400C4213D006CA00200A4276
:100470000FD15A68084802405A605A680120120E8B
:1004800012060A435A60FF22196891430E3A0A4342
:100490001A6010BD00200240FFFFFFFE164AF0B5B3
:1004A00053699B0601D40020F0BDFF25F026038987
:1004B0005468033399080139E401E40949062143EA
:1004C000516051680468090E0906214351609B0878
:1004D000002B01D10120E7E74168013B9BB221429B
:1004E000E1D1C1680F1D0968C76097689160116804
:1004F000A94331431160EBE7002002400B4A0C4B4B
:100500008018802230B51C69520014420AD01C6940
:10051000084D2C401C610068086019690A431A6183
:10052000012030BD03680B60FAE7C04600E0FF1F02
:1005300000200240FFFEFFFFFA220E4B12011A605C
:10054000C8220D4B52001A600C4B693AFF3A1A60F0
:100550000B4B0C4A59680A435A609A68120E1206ED
:100560009A60042219680A431A60012219680A4332
:100570001A60704734290020302900202C290020DF
:1005800010E000E0FFFFFF000B4B30B51B680B4C89
:10059000434380200A4A40040A4DC01A013989B2F7
:1005A000A14200D130BD93682B43936093681B0236
:1005B0001B0A9842FAD3F1E734290020FFFF00001C
:1005C00010E000E0FFFFFF0070B5FFF7B5FF01216D
:1005D0000800FFF7D9FF202610250A4C2368334274
:1005E00000D070BD012123680800AB432360FFF7F2
:1005F000CBFF0121236808002B432360FFF7C4FFD2
:10060000EBE7C046001002400323F0B5CC4E89B0A2
:1006100032690400134380223361CB6952030F0017
:10062000134202D001680A43026080225202134240
:1006300002D021680A43226010221900114013429F
:1006400002D02068024322600122134202D02368B4
:100650001A43226080233A6A5B001A4202D0206E5D
:100660000343236601231A4202D0226E13432366FA
:10067000002901D0FFF7A8FF1023802180209C468D
:10068000890340028022AF4D52032B68134202D0EF
:1006900023680B42F6D02B68034202D023689B03E9
:1006A000F0D562462B68134202D023689B06E9D539
:1006B0002B68DB0702D523689B07E3D52B6EDB078E
:1006C00002D5236E9B07DDD52B6EDB0502D5236E8D
:1006D0009B05D7D562683B689B491B070A401343BB
:1006E000636062687B6899491B060A401343636034
:1006F000BB68012B00D10AE1023B5A425341944AA4
:100700005B421340934A94466344009363680593A5
:10071000A368A06802934000A368400B0493F2F71B
:100720004BF9FB2300229B05F1F7DCF9029B0690B5
:1007300007911809FF231840F2F73EF902000B0059
:1007400006980799F0F796FA059B02900391190312
:10075000090F00980131EFF769FDF2F72DF902005A
:100760000B0002980399F1F7BDF903230090019162
:100770000120049A134003339840F2F7EFF8020087
:100780000B0000980199F0F78FFEEFF76BFF724AAC
:10079000BB69724900900292022B00D0B9E08842F6
:1007A0001FD9F0236A681B011A4202D07B69002B13
:1007B00017D1009B029A5B0801201360FFF7C8FD68
:1007C0006268674B1A4080231B0113430722636052
:1007D00063689343BA690121134308006360FFF71C
:1007E000F5FD07226368B96993430B436360616851
:1007F0007B695B481B0201400B43636061683B6996
:1008000058481B0301400B4363606368DB081340D7
:10081000022B0BD0032B00D190E0013B5A425341F5
:100820004C4A5B4294461340634400934E4B009AFB
:100830001A604E4B1A6063681B051B0F0B2B00D808
:10084000A8E063685B055B0F0233DA400492029B09
:10085000049A61681A60E022D201049B114206D01A
:100860006368049A9B049B0F0133DA401300404AEB
:100870001360FB6902938023029A5B041A4200D141
:1008800093E0226813432360EB680098394905938D
:10089000EFF7CCFC059A384B000213400343EB60A2
:1008A000049A364B9A4200D883E0032332691343FB
:1008B0003361029BDB0203D42368314A1340236077
:1008C000029BDB0303D423682E4A134023601022CB
:1008D000029B134202D12368934323600122029BAF
:1008E000134202D1236893432360396ACB0503D4B2
:1008F000236E254A134023660122114202D1236E42
:10090000934323660120FFF723FD09B0F0BD1F4B81
:10091000FBE6FF23EA68120A1A40164B53438B4248
:1009200000D85EE7029A5B0801201360FFF710FD14
:100930000B4B62681A4080231B014CE7144B74E791
:100940000020024000100240FFFFFF8FFFFFFFF07A
:1009500000639F0200093D00C8300020FF6BDC02ED
:10096000FFF0FFFFFF8FFFFFC0300020CC300020E2
:10097000D430002040420F00FF00FFFF3FE4590445
:10098000FFFFEFFFFFFFFEFFFFFEFFFF00127A00F9
:10099000006CDC026368009A04921B0500D456E7E1
:1009A00063685B055B0F01334FE723680B4A134015
:1009B00069E70B4B049A9A4204D9032332699A439C
:1009C000013B74E7074B049A03219A4203D9326929
:1009D00001238A436BE733698B4369E7FFFFFFFE1F
:1009E0003FAEEB023F787D01F0B587B00B68039115
:1009F0001F220121019304005B0801980293002B40
:100A000000D0A1E09040EFF7C1FD039B5B69049328
:100A1000072800DDADE01F220121A56A0198029B95
:100A2000002B00D097E09040EFF7B0FD0F2380003F
:100A300083401F2201219D430198029B002B00D07F
:100A400090E09040EFF7A2FD049B800083402B4391
:100A5000A3621F220121039BA5699E680198029B46
:100A6000002B00D0B5E09040EFF790FD01210B0086
:100A700083401F229D430198029B002B00D0AFE0D2
:100A80009040EFF783FD86401F2201212E43039BF8
:100A9000A6616569DE680198029B002B00D0A6E084
:100AA0009040EFF773FD0323400083401F22012194
:100AB0009D430198029B002B00D09FE09040EFF7F0
:100AC00065FD400086401F2201212E43039B666185
:100AD000E5691E690198029B002B00D095E09040CB
:100AE000EFF754FD01210B0083401F229D43019825
:100AF000029B002B00D08FE09040EFF747FD86402F
:100B00001F2201212E43039BE6615D68266901983F
:100B1000029B002B00D086E09040EFF737FD0323C7
:100B20004000834001229E431F230299002900D0E8
:100B300080E001989840EFF729FD400085400120B2
:100B40003543256107B0F0BD1D0040000D4028432E
:100B5000013A5B0853E71E0040000E403043013A63
:100B60005B085DE71E0040000E403043013A5B0821
:100B700064E7019B1F221D0A5E0A28003300E76A12
:100B8000002B14D19040EFF701FD0F23800083402C
:100B900001229F431F23002E14D128009840EFF715
:100BA000F5FC049B800083403B43E36251E7410036
:100BB00005911800012108400599013A01430800F8
:100BC0005B08DDE731006D0011400D43013B760805
:100BD000E1E71F0040000F403843013A5B083FE760
:100BE0001F0040000F403843013A5B0845E71F00F3
:100BF00040000F403843013A5B084EE71F004000B9
:100C00000F403843013A5B0855E71F0040000F4092
:100C10003843013A5B085FE71F0040000F4038434C
:100C2000013A5B0865E71F0040000F403843013A76
:100C30005B086EE701990298490010400843029949
:100C400001904908013B02916FE7000030B58369CC
:100C5000002BFCDB0725164C4B7B226AAA4313436F
:100C600001222362836913438361C3681342FCD06A
:100C70008369042382691A42FCD12024C2690B785B
:100C8000A2435B011343C361C2694B68083CA243A2
:100C9000DB001343C361C2694B8906495B030A4009
:100CA0001343C3610123C2691343C36130BDC0460E
:100CB00000240140FFDFFFFF002313B5040001A95A
:100CC0000C480193FFF71AFC0120A269019B024323
:100CD000A261A16F1A05090B0903120D0A43A2674D
:100CE000A26F05491B0C5BB20A401B041343A367A8
:100CF00016BDC04674080000FFFF00FF1821054A1A
:100D0000C00093788B43937093780343DBB2937066
:100D10007047C046003802400123024A91780B43D5
:100D200093707047003802400121024A93788B4348
:100D300093707047003802400123024A51780B43F8
:100D40005370704700380240144BC0B210B598730E
:100D5000C0208000C9B2104094040FD51974FF213F
:100D6000D2010A40002801D1BF390A43997C0A43C5
:100D70009A744022597C0A435A7410BD5207D20F0C
:100D8000D974D201002801D140210A43597D0A4378
:100D900080215A751A7D0A431A75EEE70038024021
:100DA0000A4BC2B29A73002804D16022597C0A43CC
:100DB0005A74704780229201914202D11022597CCC
:100DC000F5E72022197D0A431A75F2E70038024040
:100DD0000F4BC2B29A73002804D104215A7C8A4373
:100DE0005A74704780229201914207D130215A7C77
:100DF0008A435A744022597C0A43F1E760211A7DE4
:100E00008A431A751A7D20310A431A75E9E7C046EC
:100E1000003802400A4BC2B29A730122002805D161
:100E2000597C114201D0987DC0B27047197D0020D5
:100E30001142FAD09A7DD87D00028018F5E7C046AD
:100E400000380240C0B2002803D0024B1A68104399
:100E500018607047A0380240054BB03318687F23F4
:100E60001840034BB4331A6802431A607047C046F7
:100E7000003802401F220749024080310B78000CE5
:100E800013430B701E21034B084082331A78024330
:100E90001A7070470038024010B50A4B094A903367
:100EA00092321B78127807491204100094310C78A2
:100EB000184323430B70034B120C963319780A43E3
:100EC0001A7010BD00380240C720C021054A8000BA
:100ED000135809061B021B0A0B43135080231B06E1
:100EE0001360704700E100E08022044B1206DA67CD
:100EF000BFF34F8FBFF36F8F7047C04604E100E030
:100F000070B50125084C2800E37B2B43E373FFF702
:100F1000F5FEE3781D430223E570E2781343E370A6
:100F2000FFF70AFF70BDC04600380240012310B52C
:100F3000064C23700023636000F012FA0449054850
:100F400000F026F90223237062B610BD5030002055
:100F5000F83501005830002072B60322024BD865E4
:100F6000024B1A70FEE7C046583000205030002077
:100F700010B500F047F810BDEFF31080C30702D49E
:100F8000EFF3058372B6704710B5C00704D4EFF3D2
:100F90000583DB0501D062B610BD00F0E9F8FAE781
:100FA00010B50A4C23699A6891420CD85A6881603E
:100FB0000360426010609A685860521A9A60012378
:100FC0005B42A36110BD1B68891AECE75830002012
:100FD00010B503610023C2604361FFF7E1FF10BD5C
:100FE000036881689A6852189A60426813605A6070
:100FF000002301220360024B52429A617047C046AF
:101000005830002070B5114D114AAB8B01339BB2A3
:10101000AB832B69934206D09A68013A9A602C6997
:10102000A368002B00D070BD226861680A6051601F
:10103000236062B62000E3682169984772B661694F
:101040000029ECD02000FFF7ABFFE8E75830002084
:101050006830002000238268037503691B68996863
:101060009142FBD25A68036042601060586070473A
:1010700000238268037503691B6899689142FBD855
:101080005A680360426010605860704710B572B6CD
:10109000087D052807D8EFF7ABF80C060603120EFB
:1010A00000228B691A6001235B4208008B61FFF705
:1010B000D1FF62B610BD8A699368013393604A68B4
:1010C0000B6813605A60EEE710B5FFF7C3FF10BD61
:1010D000064B10B5D96808751868026853601A6025
:1010E00001220275D860EFF757F810BD5830002084
:1010F00030B50D4B0400DD6887B04B1C10D02B00C1
:1011000068460A4AFFF764FF2000FFF7E1FF009BF3
:10111000002B02D06846FFF763FFA86907B030BD17
:10112000FFF7D6FFF9E7C046583000208D100100C8
:10113000044BDA68196890688B6898428041404295
:101140007047C04658300020084B10B51C68D8685E
:10115000226853601A6001222275DC60FFF788FF65
:1011600001002000EFF718F810BDC04658300020ED
:10117000054B10B51A68DB6892689B689A4201D9E2
:10118000FFF7E2FF10BDC04658300020FEE7000028
:1011900070B5002504001A4B86B0856201630E000D
:1011A000586000F0BBF82300103323616361012312
:1011B0005B42A361134BA58324606460A560E56274
:1011C000998B2B000A0021002262636234312000D7
:1011D0000D4AE565803300F01DF801230B4AE060FD
:1011E00003750092726803930192094BB2686846D6
:1011F00002920493059500F033F806B070BDC04626
:101200005030002058300020532C0100582C010091
:101210008D11010002228B604B62002308618A82DB
:1012200008000B62CB6170478368020018001169E7
:1012300028384C3BC36019615169D268596106492D
:10124000196202230375002304498260437501611A
:1012500042620362C3617047B90100005830002048
:1012600010B5FFF7E1FFFFF72FFF10BD10B5034BDF
:10127000DB6898610F20FFF72BFF10BD583000206E
:1012800010B572B6FFF7F2FF10BD10B5010072B6CF
:101290000820FFF72DFF62B610BD0300006810B5EF
:1012A000002804D000221A608161FFF70DFF10BDF5
:1012B000084B10B5DB68002908D0426818605A60F6
:1012C000136043600420FFF713FF10BD012040426C
:1012D000FBE7C046583000200300006810B5834289
:1012E00005D002681A6053608161FFF7EDFE10BD02
:1012F00070B504000D002068844200D170BD036801
:1013000023605C608561FFF7DFFEF4E7EFF309839C
:10131000203383F3098862B670470000024A03490C
:10132000136A0B401362704700ED00E0FFFF00FFFF
:1013300010B50F300FD072B6EFF30984203C84F360
:10134000098880235B04E361FFF7F2FE024B00286B
:1013500000D1024BA36110BDC7010000CA0100000B
:10136000024B034A1A60034A5A607047B8300020A3
:10137000E032002000400020030030B5084C481E39
:1013800025684942AA18101808406268C318934299
:1013900003D8AB4201D3236030BD0020FCE7C04638
:1013A000B830002010B572B6FFF7E6FF62B610BD88
:1013B00010B500F0ADFC00F0F5FC00F076F900F09F
:1013C0007FF9FEF79CFB00F001F810BD10B500F0AE
:1013D000CFFC10BD30B5039D01722C0000210433F9
:1013E0005C43C361049B14190363059B05620060A1
:1013F0004060C16042610261846142628162C16297
:10140000436330BD0023022110B5426AC3604261CC
:1014100002618362C3624942FFF76AFF10BD03693C
:101420004269934203D1C2680020824200D1181D54
:101430007047036910B51960C2680132C260C269A1
:101440009B1882690361934201D3436A03610021BF
:10145000FFF742FF10BD70B504000D00E368002BDC
:1014600007D062690020131D1268A3629B18E36213
:1014700008E0237A002B06D129002000FFF718FF8F
:101480000028EBDA70BD02204042FBE7C36810B5CC
:10149000013BC269C36043699B18826943619342FF
:1014A00001D3436A436100238362036B002B00D0A6
:1014B000984710BDF7B504000E000092019372B674
:1014C0000027A36A002B08D120000199FFF7C3FF72
:1014D000002802D062B63800FEBDA16AE56A009B12
:1014E0006D1ADB1B9D4200D91D00402D14D9300020
:1014F0004022F1F7DFFDA36A403640334037E26A0D
:10150000A3629A4202D82000FFF7C0FF62B6009B98
:101510009F42E0D272B6D4E730002A00F1F7CAFD4C
:10152000A36A76195B197F19E9E7043310B50172D4
:101530001900C3610023029C83626143C362039B61
:1015400051180363049B00604060C4604261026103
:10155000816104624262436310BD036A10B5C360D7
:10156000436A022143610361002349428362C362EB
:10157000FFF7BEFE10BD4269036910B5934204D166
:101580000023C46818009C4201D1100008C80B60F9
:1015900010BDC36810B50133C269C36043699B18AD
:1015A00082694361934201D3436A43610021FFF79B
:1015B00093FE10BD70B504000D00E368002B07D04A
:1015C000236900201A1DA262E2699B18E36208E009
:1015D000237A002B06D129002000FFF769FE00289E
:1015E000EBDA70BD02204042FBE7036910B51960D9
:1015F000C268013AC260C2699B1882690361934262
:1016000001D3436A036100238362036B002B00D084
:10161000984710BDF7B504000E000092019372B612
:101620000027A36A002B08D120000199FFF7C2FF11
:10163000002802D062B63800FEBDA06AE56A009BB1
:101640002D1ADB1B9D4200D91D00402D16D93100FB
:101650004022F1F72FFDA36A403640334037E26A5B
:10166000A3629A4204D8E16920000439FFF7BDFF64
:1016700062B6009B9F42DED272B6D2E731002A00EA
:10168000F1F718FDA36A76195B197F19E7E710B522
:1016900072B6836A002B06D00269043B991A934202
:1016A00001D0FFF7A2FF62B610BD10B500F06CFBD1
:1016B00010BD0123037000234360C36003747047AF
:1016C00010B500F05BFF10BD012310B538220400F7
:1016D000037000212C30F1F73BFC00236360A36012
:1016E00010BD10B5040072B62022416000210C30FC
:1016F000F1F72EFC200000F05DFF0223237062B69C
:10170000002010BD70B5040072B600F07BFF00230E
:1017100025006360013323700C352C342B68002BBB
:1017200010D05869002804D002210C304942FFF73C
:10173000B4FD2B689869002804D002210C3049427E
:10174000FFF7ABFD002308C5A542E7D1FFF710FD69
:1017500062B670BD8B1C9B0070B5C3180500506944
:101760000E0014005A60002803D014220021F1F763
:10177000EFFBA069002803D014220021F1F7E8FB59
:101780003100280000F070FF70BD000070B505004A
:10179000060004008368104A1035134083602C361D
:1017A0002B68002B10D05869002804D002210C307F
:1017B0004942FFF772FD2B689869002804D0022186
:1017C0000C304942FFF769FD002308C5B542E7D157
:1017D000200000F0EBFF70BD0100010070B5012595
:1017E0008D4044892C4344818C1CA40004196468F6
:1017F000A46923600023A2606360E36001F010F835
:1018000070BD70B501258D4004892C4304818C1C6A
:10181000A40004196468646923600023A260636003
:10182000E36001F00BF870BDF8B502230500060077
:10183000037000230400C36783600C352C362B68CB
:10184000002B13D072B62B685869002804D00221EF
:101850000C304942FFF721FD2B689869002804D01D
:1018600002210C304942FFF718FD62B6002780C5FF
:10187000B542E4D1230064331F70200000F0CAFE9B
:1018800063681B68BB4202D0390020009847F8BD4E
:10189000037870B50400052B29D002008032137044
:1018A0000523037043681B68002B01D0042198476F
:1018B000250000230C35A3602C342B68002B13D09B
:1018C00072B62B685869002804D002210C304942B6
:1018D000FFF7E3FC2B689869002804D002210C3044
:1018E0004942FFF7DAFC62B60435A542E5D170BD86
:1018F000017810B5052908D1030080331B780370E7
:1019000043681B68002B00D0984710BDF7B5060050
:10191000643633780400002B01D000233370270095
:1019200074373A002000019700F070FF63689B68ED
:10193000002B18D1019B1A78602315001D401A4214
:1019400032D00021200000F0A1FF0021200000F093
:1019500087FF63681B68002B02D006212000984790
:1019600006233370F7BD200098470028E2D02300FB
:101970007A331A785B78E16E1B021343994201D9DE
:101980001900E366019B1B787F2B00D817E1002923
:1019900000D10AE10923337072B60021E36EA26E12
:1019A0002000FFF72EFF08E123007F2175331B780D
:1019B0000A401B021343894A934200D1DDE026D836
:1019C00080225200934257D00DD8012B4ED0022BCB
:1019D00000D1A3E0002BB4D122007C32A266022207
:1019E000E2662367C3E781225200934200D1ACE054
:1019F000FF32FF329342A4D1230076331B78012BB0
:101A00009FD122007C32118801330B433FE08022BA
:101A10001201934258D021D8A022D20093423BD049
:101A20006F4A9B18012B00D98BE7230078331A7873
:101A30005B7821001B021343220060687632406805
:101A400077310700127820000978B847002800D1C4
:101A500077E74368A3660368E3661BE09022120100
:101A6000934236D05F4A934200D06AE75E4BA3664A
:101A70000223E3660023B4E7230076331B78012BAF
:101A800000D05EE7220002217C3213888B43138052
:101A9000A566E56625676AE7019A12889A420FD122
:101AA000230076331A7820001A7200F0C7FD6368AD
:101AB0001B68002B02D001212000984703232370CC
:101AC0000023A366E3668CE723007F33A36601232C
:101AD000C2E72378042B0FD172B62000FFF756FE21
:101AE00062B6230003217F331D70636821701B6879
:101AF000002B01D020009847230076331B78002B61
:101B0000DED022007F3213700423237063681B68C9
:101B1000002BD5D0022120009847D1E723000F21C8
:101B200078331B78200019405BB2002B0ADA00F0F2
:101B300057FE012804D0022800D002E72B4B96E77D
:101B40002B4B94E700F034FEF3E7230076331B7849
:101B5000002B00D0F5E6230078331B780F22190004
:101B600011401342ACD05BB22000002B02DA00F02F
:101B7000B1FEA5E700F0A0FEA2E7230076331B78B4
:101B8000002B00D0DDE6230078331B780F221900EC
:101B90001140134294D05BB22000002B02DA00F017
:101BA00075FE8DE700F05CFE8AE71423337072B691
:101BB0000B000A002000FFF711FE62B6D2E60029F2
:101BC00006D01523337072B60021E36EA26EF1E7E2
:101BD0000B23337072B60B000A00E1E6020300002B
:101BE00000FAFFFF020C0000083601000636010073
:101BF0000436010070B5050064350400287800281B
:101C00003AD00638C3B20F2B2ED80F282CD8EEF7B7
:101C1000EFFA332B2B08212C2B2B2B2B2B2B2B2BA5
:101C2000333323007A331A785B78E06E1B02134358
:101C300098420FD2E368198AEEF77EFB002909D19A
:101C400072B60B000A002000FFF7DBFD62B60A2324
:101C50002B7009E014232B7072B6002320001A00A9
:101C60001900FFF7BBFD62B670BD236F002B01D0DA
:101C7000200098470023EBE70021200000F006FE3B
:101C80000021200000F0ECFD63681B68002B02D0EF
:101C90000621200098470623DAE770B50500643571
:101CA0002B780400142B26D019D8062B06D002D886
:101CB000002B03D070BD093B022BFBD80021200074
:101CC00000F0E4FD0021200000F0CAFD63681B68FD
:101CD000002B02D0062120009847062315E0152B83
:101CE000E8D10A3B2B7072B600231A001900FFF7E7
:101CF00088FD62B6DEE7C3689B695B68002BD9D1BB
:101D0000036F002B00D0984700232B70D2E7FEE72B
:101D100010B572B60F4C10492000FEF775FC8023F9
:101D2000E26B5B021343E3638023E26B9B0213438A
:101D3000E3638023E26BDB021343E3638023E26B04
:101D40001B031343E3638023E26BDB011343E36371
:101D500062B610BD001002400C36010010B574468A
:101D600072B6FFF705F962B62000FFF7E1FA10BD81
:101D7000024B034A5A60034A1A60704710E000E0C1
:101D80003F1901000700010010B5044C2000FFF7C7
:101D900090FC034B63610423238210BDD8300020E4
:101DA0000008004070470323F0B501248C4603214E
:101DB00087B013400493930823400093D308234033
:101DC0000193530919400F23D209134005930023AF
:101DD00002910499624622422DD0270007269F4097
:101DE0001E40059DB200039295408269009EBA4351
:101DF00032438261C269019EBA433243C261426981
:101E00005F0016000322BA409643D7433200029E79
:101E1000324342610F22039EB240049ED243022EFF
:101E20001ED1072B17D8866A16402E438662026998
:101E30003A400A43026162465208944620D0009A12
:101E4000890052000092019A013352000192029AD5
:101E500092000292BEE7C66A16402E43C662E6E7CB
:101E600006693E400E430661072B04D8866A164079
:101E70002E438662DFE7C66A32402A43C262DAE74F
:101E800007B0F0BD094BC208D2B21A775A7F40049E
:101E9000000F02435A775A7F49010A43D2B25A7758
:101EA0000822597C0A435A747047C04600380240E1
:101EB0007047704770B50E4DC0B20C00A87311008A
:101EC0009B0403D52000FFF7DDFF70BDE308DBB204
:101ED000AB77EB7F6404240F2343EB77EB7F510157
:101EE0000B43DBB2EB7710232A7D13432B75ECE712
:101EF00000380240802310B59843FEF78BFF10BDD9
:101F00007F2318400A4B997B98735A7CC9B20028EA
:101F100007D19207D20F01305040800180B29973EF
:101F200070470020D207FAD4187CC0B2F7E7C04649
:101F300000380240F7B57F24134D0440AB7B2000EE
:101F4000DBB20193AC730F001600FFF7D3FF80B232
:101F5000002812D0031CB04200D9331C98B20B4B9E
:101F6000A400E418002383420AD36C222B7D934300
:101F70002B752B7D6B3A93432B75019BAB73FEBD89
:101F80002278FA540133EEE700380240203802404C
:101F9000F7B57F25160000910540002901D1002AE0
:101FA00039D104221D4CA77BA573637CFFB2134279
:101FB00002D0637C93436374627C01231100194057
:101FC00001911A4203D00120A773404206E0002E7F
:101FD00005D13000627C13436374A773FEBD2800F3
:101FE000FFF78EFF031E01980FD09BB2301C9E425C
:101FF00000D9181C0A4BAD00ED18002380B2009ADE
:10200000D25C01332A708342F9D30123627C1343EB
:102010006374A773E2E70220D7E7C04600380240A6
:1020200020380240F7B52B4B7F2501931423054040
:102030006B4300910199CB1818002C3000780028D0
:1020400042D0254C0120A67BA573677CF6B23900EF
:1020500001408C46074202D0A6730438FEBD07003B
:102060000099AF401963614699631C49FFB25A63F6
:102070000F70002A11D1002D0BD1019BDA8C184B67
:10208000002A04D104321A700A23637402E0062283
:10209000F9E760740020A673E0E70099002916D0E4
:1020A0001F8D974200D9170028000099BAB2FFF798
:1020B0006FFF0123002DE8D1094A1370054B1B8DDA
:1020C000BB42E1D80223E0E702204042C6E70120FC
:1020D000FBE7C046A03100200038024080380240B3
:1020E000FC2900207F2370B5142418404443184B6A
:1020F0001B191C00B8342478002C23D0154CA57B68
:10210000A073EDB2002A06D1002801D1124B18703D
:102110000020A57370BD002917D01E00BC363160A9
:102120001900C0310A600022C4331A60904203D102
:10213000094B03321A70EBE701238340074ADBB2F5
:102140001370E5E702204042E4E70120FBE7C046C8
:10215000A031002000380240FC29002082380240D3
:10216000F7B504223B4C3C4E617CCBB2114205D00A
:10217000637C934363740023337023E0DA0601D554
:10218000802262743278D0B2062A1BD8EEF730F87B
:10219000041D1A365E1A5E00DB0713D50020FEF719
:1021A00039FE82B2082A0DD100202C49FFF7C2FE69
:1021B0002B4BDB8C002B06D0402300212948637475
:1021C000FFF7A4FBF7BD4823F7E7254B5A6B1C8D9F
:1021D000986BA2420AD9196B20189863121B09192F
:1021E00000205A631963FFF71DFFEBE70021121867
:1021F0009A6359631B48FFF7FDFCE3E7DB07E1D572
:102200000020FEF707FE0500174F83B21A00396859
:1022100000200193FFF78EFE3B68ADB25B193B6077
:102220000F4B1900C4310A68B43355190D601B886F
:10223000019A934207D900210A48FFF72EFD48234F
:102240006374443B98E740236374BBE7002131701B
:10225000D0E7C04600380240FC290020C0310020F1
:10226000A0310020003100205C320020F0B5AE4CDF
:1022700087B0667B237B7F22DBB201937346029398
:10228000AA4BF6B21B68DFB21340A94A13600123C0
:1022900062781A4202D1627813436370A37BDBB287
:1022A00003937B0720D50023A24A0593059B934205
:1022B00053D9A022A04D002128005200F0F748FE7B
:1022C000402300219D4A6B609D4811709D4A290062
:1022D000C26001222C310A7029002B85B831B43537
:1022E0000A702B80FFF7A0FA08210F420FD0964A00
:1022F0001388002B37D08E40019B1E43934B1988C7
:10230000B1422ED01E801388013B9BB21380FF0781
:1023100010D50A228C4B1A808D4B023A1A608D4BD5
:102320001A78002A06D000221A70FFF7C2FD8448EE
:10233000FFF7AEFA0425884B1A78002A25D1874B7F
:10234000874988481A78002A00D07BE0039BA37352
:102350000298FEF7EDFF07B0F0BD059B0133059332
:10236000A4E70A23D2E7032263781340012BCED1DE
:102370007D4A1160774A11780029C8D170481370DE
:10238000FFF7B6FAFFF794FDC1E71B78744AD05CFB
:1023900001238340DBB29C466246744B1A70A073E3
:1023A000002802D1FFF7DCFEC5E7637C2B4202D098
:1023B000637CAB436374142343435F49CB185E6B68
:1023C000002E18D01A8D1F6B96420DD9B9189F6B2D
:1023D000B61ABF1819639F635E63B24200D9320018
:1023E00092B2FFF7D5FDA6E79A6BBF1992199A63CF
:1023F00000221F635A6362465D4B514E871C1A7060
:10240000BB00F3185A6853690193142343439C4655
:102410006144896B019B59600121814033898B4361
:1024200033819368002B02D001003000984772B6C8
:10243000BF00F6197368002158690C30FEF72DFFB4
:1024400062B678E701261A7801278D5CAE40F6B2B5
:102450000670A573227D3A4200D173E72800FFF78A
:1024600049FD14226A4383B29C461800324B9B18E4
:102470001A00C032126890421FD8BC333D491B6815
:10248000AA005218C1188B424AD114226A432A4B1F
:102490009B181900BC310A68C03312180A608A6898
:1024A00012188A601A68121A1A606C22237D9343EC
:1024B0002375237D6B3A9343237514236B431E4A84
:1024C000D3181900B4310988614504D8C0331B689A
:1024D0008B4200D333E71420274B68431E70AF1C98
:1024E000174EBB00F31859681218C4328B69126872
:1024F0005A600122AA40738993437381CB68002BF1
:1025000002D029003000984772B6BF00F6197368F0
:102510009B69180059680C30FEF7BFFE62B60EE7E3
:1025200017781F700133AEE700380240B038024020
:10253000B43802400E270000A0310020FC29002002
:102540000031002030370100FC120020FA29002061
:10255000A0380240F829002090380240923802400A
:102560003036010096380240A438024094380240C8
:1025700084380240203802408638024010B5094CA9
:102580002000FFF7A1F80121074B084A11701A003B
:10259000B832117040221A85B4331A80044BE360BC
:1025A00010BDC04600310020A0310020CC310020F9
:1025B00030370100037813B5012B19D1FEF7A0FCC9
:1025C00000230F4C0193019BA34212D9FEF744FC58
:1025D000FEF762FC00230193019BA3420DD92F203B
:1025E000FEF730FC01204042FEF744FCFEF76CFC95
:1025F00013BD019B01330193E5E7019B0133EAE73A
:102600000E270000037810B5012B01D0FEF76CFCFB
:1026100010BD00000121064B064AC360064B117035
:102620001A00B832117040221A85B4331A807047EC
:1026300030370100CC310020A0310020002382B0CF
:10264000074A0193019B934205D97E300278054BDE
:102650001A7002B07047019B01330193F2E7C04644
:102660000E27000000380240F0B585B0002912D1D5
:1026700040204B4B4B4A1C0010801A001885B63284
:10268000180011700122B8342A302C3322700170E6
:102690001A7005B0F0BD7F230B400193062BF8D8CC
:1026A0000323023189004018466832681340591EDE
:1026B000022971D81B02013BFF3B3B4902938B7BF4
:1026C000DBB20393019B8B73B3691D001C1E1ED0EC
:1026D0001420019C324B60431B181800032401276F
:1026E000718AB43022408270B8330180029A019816
:1026F0001F70FEF729FB738A3D00A540ADB2AB42C7
:1027000004D90134102CF7D100242500A4B2736938
:10271000002B22D014220198214B42439B18180011
:10272000032432682A3022400127318A0270802235
:1027300019852C331F70029B92011A430198FEF7F2
:1027400003FB338A3D00A540ADB2AB4204D901344E
:10275000102CF7D100242500A4B2114F0A2C14D854
:10276000B369033CA4B2002B05D000232200796892
:102770000198FFF79FFB7369002B06D00A4B019A63
:10278000786821009A73FFF77DFB7B68039AED1848
:10279000054B7D609A737CE7C0239B008DE7C046A4
:1027A000A031002054320020003802407047000061
:1027B00014234B43084A985C002809D0074B202279
:1027C0009973002905D1587C10404342584101308B
:1027D0007047187DF8E7C0465832002000380240A4
:1027E00014234B43074A985C00280AD0064B997380
:1027F000587C2023002900D0102318404342584120
:1028000001307047CC3100200038024000230348DB
:10281000C15CD1540133082BFAD17047C03100207C
:1028200003008A1C92009B1810B55B6808009B6926
:102830001A689968FFF756FC10BD704770B50C0018
:102840008B1C9B00C018436820005D692A68A9683A
:10285000FFF7E8FB2A68A9682000FFF7EEFF70BDCC
:102860007F2070B5074C0840A57BA073EDB200280F
:1028700002D10722044B1A700021FEF791FAA573CA
:1028800070BDC04600380240FC2900207F2070B592
:10289000074C0840A57BA073EDB2002802D10722A7
:1028A000044B1A7080218901FEF77AFAA57370BD76
:1028B00000380240FC2900207F2070B5044C0840FD
:1028C000A57B0021EDB2A073FEF782FAA57370BD5F
:1028D000003802407F200840802170B5044C8901F7
:1028E000A57BA073EDB2FEF773FAA57370BDC04669
:1028F00000380240704770471623036001204042B1
:10290000704700207047180070470020704710B5CE
:102910000022040008000121FEF744FD002802D136
:102920000C230138236010BD10B51400582200217B
:102930002000F0F70DFB80239B010020636010BD99
:102940000120704710B50248FEF706FBF0F778FB50
:102950005D2C010010B50248FEF7FEFAF0F770FB9F
:0A296000622C01000120704770474F
:10296C00801400FFC8000000CE090000FA08000027
:10297C00E408000060090000E4080000940900006D
:10298C00E408000060090000FA080000FA080000E2
:10299C009409000060090000D0080000D008000075
:1029AC00D00800009E090000FA080000FA08000098
:1029BC00E40800003A0A0000E40800009409000052
:1029CC00E40800003A0A0000FA080000FA080000C7
:1029DC00940900003A0A0000D0080000D00800005A
:1029EC00D008000034170000E81500006015000046
:1029FC008A15000060150000CC1600006015000060
:102A0C008A150000E8150000E8150000CC1600003F
:102A1C008A15000082150000821500008215000046
:102A2C00EE16000000202020202020202020282826
:102A3C002828282020202020202020202020202072
:102A4C0020202020208810101010101010101010B2
:102A5C0010101010100404040404040404040410E2
:102A6C001010101010104141414141410101010170
:102A7C00010101010101010101010101010101013A
:102A8C001010101010104242424242420202020246
:102A9C00020202020202020202020202020202020A
:102AAC0010101010200000000000000000000000BA
:102ABC00000000000000000000000000000000000A
:102ACC0000000000000000000000000000000000FA
:102ADC0000000000000000000000000000000000EA
:102AEC0000000000000000000000000000000000DA
:102AFC0000000000000000000000000000000000CA
:102B0C0000000000000000000000000000000000B9
:102B1C0000000000000000000000000000000000A9
:102B2C000000000000000000824500008844000006
:102B3C008844000088440000884400008844000059
:102B4C008844000088440000884400008844000049
:102B5C0088440000E44400009C44000088440000C9
:102B6C008844000088440000884400009C44000015
:102B7C008844000088440000884400008844000019
:102B8C00FE430000C44400001645000088440000C9
:102B9C0088440000F844000088440000C44400004D
:102BAC00884400008844000090450000070000C0E5
:102BBC00068000AA2D50000089510000B55100007C
:102BCC00E15100000D5200004550000001020406C6
:102BDC0000000000030000000000000000030000E3
:102BEC00955F0000B15E0000755F00005D61000044
:102BFC0001000000010000000100000002000000C4
:102C0C0000000000000000000000000000000000B8
:102C1C000000000000000000325034473A256420C8
:102C2C00424C453A256420504F533A2564204D4F71
:102C3C0044453A25640A00296C6C756E2800296C91
:102C4C00696E28006330006D61696E0069646C65A3
:102C5C000065786974006B696C6C0000500251025D
:102C6C0052024F024F034F03500350034F034F03C5
:102C7C004A024A024D024D034A0310200040000054
:102C8C0000800102040810204080500051005200C6
:102C9C004F0000002A0000DDDB7B00002C0000DD73
:102CAC00D17B00002D0000FFC17B00002E0022FF15
:102CBC00B17B0000380000FFA57B0000090011DD8E
:102CCC009B7B0000050011DD917B000000000000E3
:102CDC00000000000000C800C800C8000000000090
:102CEC000400167EE600E700B98E0000000000002C
:102CFC00C80001000000000000000000118F00005F
:102D0C0031900000CD8E000000000000A02C0100CE
:102D1C001D2E2C1F1120212216232425302F17188D
:102D2C000F121E13152D102B142A0D0E28293435B5
:102D3C0037383B3C29000000000000000000000078
:102D4C000000000000000000000000000000000077
:102D5C000000000000001E001F00200021002200C7
:102D6C00230024002500260027002D002E002A0019
:102D7C00000000002B0014001A00080015001700BA
:102D8C001C0018000C00120013002F003000310042
:102D9C0000000000390004001600070009000A00BA
:102DAC000B000D000E000F00330034000000280053
:102DBC0000000000E10000001D001B0006001900CF
:102DCC000500110010003600370038000000E50047
:102DDC0000000000E000E300E200000000002C0016
:102DEC00000000000000167E24526500E400000084
:102DFC00000000002900000000000000000000009E
:102E0C0000000000000000000000000000000000B6
:102E1C000000000000001E001F0020002100220006
:102E2C00230024002500260027002D002E002A0058
:102E3C00000000002B0014001A00080015001700F9
:102E4C001C0018000C00120013002F003000310081
:102E5C0000000000390004001600070009000A00F9
:102E6C000B000D000E000F00330034000000280092
:102E7C0000000000E10000001D001B00060019000E
:102E8C000500110010003600370038000000E50086
:102E9C0000000000E000E200E300000000002C0055
:102EAC00000000000000167E24526500E4000000C3
:102EBC0000000000350000000000000000000000D1
:102ECC0000000000000000000000000000000000F6
:102EDC000000000000003A003B003C003D003E00BA
:102EEC003F004000410042004300440045002A00DE
:102EFC00000000002B00017E027E037E007E460057
:102F0C00470048000C00120013002A782978217819
:102F1C00000000003900005201520700090049006E
:102F2C004A004B000E000F00247823780000280084
:102F3C0000000000E100000043780000487847786A
:102F4C004C004D004E004A78497852000000057E36
:102F5C0000000000E000067EE20000000000427865
:102F6C00000000000000500051004F000000000065
:102F7C000000000035000000000000000000000010
:102F8C000000000000000000000000000000000035
:102F9C00000000000000BE00BD00C100C200220005
:102FAC002300AC00AE00AB00A800AA00A9002A00C8
:102FBC00000000002B00017E027E037E007E460096
:102FCC00470048000C00120013002A782978217859
:102FDC0000000000390000520152070009004900AE
:102FEC004A004B000E004B00247823780000280088
:102FFC0000000000E1000000000000004878477865
:10300C004C004D004E004A78497852000000057E75
:10301C0000000000E000E200E30000000000427845
:10302C00000000000000500051004F0000000000A4
:10303C000000000001000000000000000000000083
:10304C000000000000000000000000000000000074
:10305C000000000000003A003B003C003D003E0038
:10306C003F00400041004200430044004500010085
:10307C00000000000100017E027E037E007E010044
:10308C0001000100010001000100AA00A9000100DB
:10309C00000000000100010001000100010001001E
:1030AC00010001000100010001000100000001000D
:1030BC0000000000010000000100010001000100FF
:1030CC0001000100010001000100010000000100ED
:1030DC0000000000010001000100000000000100E0
:1030EC0000000000000001000100010001000000D0
:1030FC0000000000E200E900EA00B500B600B700ED
:10310C00CD008301CC008A0192019401210223029B
:10311C0024022502260227022A02B300B4006F0003
:10312C0070009F01CB019F02A002E200E900EA00BF
:10313C00B500B600B700CD008301CC008A01920126
:10314C0094012102230224022502260227022A02CC
:10315C00B300B4006F0070009F01CB019F02A0026E
:10316C000F0C00480E0C00480F0800480E080048D1
:10317C000D080048030C0048020C00480C080048DD
:10318C000B0800480A0800480E00004809080048CF
:10319C000808004807080048060800480F040048C3
:1031AC0000040048030400480404004805040048D7
:1031BC000604004807040048C8FF00003131295AB2
:1031CC001B750A000101010101010101010202024A
:1031DC0002020202020203030303030303030404B7
:1031EC000404040404050505050506060606060781
:1031FC000707070708080808090909090A0A0A0B3A
:10320C000B0B0C0C0C0D0D0D0E0E0E0F0F0F1010DA
:10321C001111111212131314141515161617171861
:10322C001819191A1A1B1B1C1D1D1E1E1F202021CC
:10323C002222232424252626272829292A2B2C2D13
:10324C002D2E2F30313232333435363738393A3B34
:10325C003C3D3E3F404142434445464748494A4C29
:10326C004D4E4F50515354555658595A5B5D5E5FF5
:10327C00616264656668696B6C6D6F70727375778B
:10328C00787A7B7D7E8082838587888A8C8E8F91ED
:10329C00939596989A9C9EA0A2A3A5A7A9ABADAF17
:1032AC00B1B3B5B7BABCBEC0C2C4C6C9CBCDCFD101
:1032BC00D4D6D8DBDDDFE2E4E7E9EBEEF0F3F5F8AA
:1032CC00FAFDFF00000000000000002A2B2800007F
:1032DC0000000000000000000000000000002900B9
:1032EC000000002C1E3420212224342627252E36C3
:1032FC002D3738271E1F2021222324252633333631
:10330C002E37381F0405060708090A0B0C0D0E0F83
:10331C00101112131415161718191A1B1C1D2F3106
:10332C0030232D350405060708090A0B0C0D0E0F6A
:10333C00101112131415161718191A1B1C1D2F31E6
:10334C0030354C00000000000000000000000000C0
:10335C000000000000000000000000000000000061
:10336C00000000000000007E0F00D4FFFFFFC7002C
:10337C00000078006DF80000DDF70000DDF60000BD
:10338C00000000004422B600323501005A3401001E
:10339C007C340100FF330100183401003834010083
:1033AC00303132333435363738394142434445466F
:1033BC000016034300490044004F004F0020005109
:1033CC00004B003600310000001203520044004D47
:1033DC0000430054004D005A00540000000403093F
:1033EC000409025B00030100A0FA090400000103B8
:1033FC00010100092111010001224400070581038C
:10340C000800010904010002030000000921110158
:10341C000001222200070582032000010705030397
:10342C002000010904020001030000000921110120
:10343C00000122B6000705840320000112010002DE
:10344C0000000040B0363530050001020301066073
:10345C00FF0961A1010962150026FF00952075087E
:10346C0081020963150026FF00952075089102C0A2
:10347C0005010902A10185020901A1000509190133
:10348C0029081500250195087501810205010930EF
:10349C0009311581257F950275088106093815813A
:1034AC00257F950175088106050C0A3802158125C2
:1034BC007F950175088106C0C005010980A10185B1
:1034CC000319012AB700150126B700950175108163
:1034DC0000C0050C0901A101850419012AA00215DF
:1034EC000126A002950175108100C005010906A1F5
:1034FC00018506050719E029E715002501950875D2
:10350C000181020507190029EF1500250195F075B9
:10351C00018102050819012905950575019102958E
:10352C000175039101C005010906A101050719E008
:10353C0029E715002501950875018102950175088B
:10354C0081010507190029FF150026FF0095067556
:10355C000881000508190129051500250195057537
:10356C00019102950175039101C000001C3F0100FF
:10357C00E0320020E0320020E03200201C3F01004D
:10358C000000000000000000000000001C3F0100D3
:10359C000000000000000000000000001C3F0100C3
:1035AC000000000000000000000000001C3F0100B3
:1035BC000000000000000000000000001C3F0100A3
:1035CC000000000000000000000000001C3F010093
:1035DC000000000000000000000000001C3F010083
:1035EC00000000000000000000000000502C010052
:1035FC0038290020F82900200100000000000000FC
:10360C0000000000000000000200000000A24A04BC
:10361C000000000000000000030000000100010099
:10362C000000000000000100020001000300010086
:10363C00020001000400010002000100030001006F
:10364C00020001000500010002000100030001005E
:10365C00020001000400010002000100030001004F
:10366C00020001000600010002000100030001003D
:10367C00020001000400010002000100030001002F
:10368C00020001000500010002000100030001001E
:10369C00020001000400010002000100030001000F
:1036AC0002000100070001000200010003000100FC
:1036BC0002000100040001000200010003000100EF
:1036CC0002000100050001000200010003000100DE
:1036DC0002000100040001000200010003000100CF
:1036EC0002000100060001000200010003000100BD
:1036FC0002000100040001000200010003000100AF
:10370C00020001000500010002000100030001009D
:10371C00020001000400010002000100030001008E
:10372C0002000100000000000D190100F51B010052
:10373C009B1C010040004000082A0020082A0020A1
:10374C0001000000FD2900205245454E54206D61BA
:10375C006C6C6F63207375636365656465640000EE
:10376C002E2E2F2E2E2F2E2E2F2E2E2F2E2E2F2E68
:10377C002E2F6E65776C69622F6C6962632F737480
:10378C00646C69622F72616E642E63002C20667506
:10379C006E6374696F6E3A2000000000617373658C
:1037AC007274696F6E2022257322206661696C65C4
:1037BC00643A2066696C6520222573222C206C6982
:1037CC006E65202564257325730A0000232D302B8C
:1037DC0020000000686C4C00656667454647000099
:1037EC00303132333435363738394142434445462B
:1037FC0000000000303132333435363738396162ED
:08380C00636465660000000022
:083814008CCEFE7F01000000D4
:10381C00040C002000000000041300206C13002096
:10382C00D413002000000000000000000000000085
:10383C00000000000000000000000000000000007C
:10384C00000000000000000000000000000000006C
:10385C00000000000000000000000000000000005C
:10386C00000000000300000004130020FF020132DE
:10387C000100000004080C1014181C2024282C3003
:10388C0034383C4044484C5054585C6064686C700C
:10389C0074787C8084888C9094989CA0A4A8ACB0FC
:1038AC00B4B8BCC0C4C8CCD0D4D8DCE0E4E8ECF0EC
:1038BC00F4F8FFFFF8F4F0ECE8E4E0DCD8D4D0CC7A
:1038CC00C8C4C0BCB8B4B0ACA8A4A09C9894908C4C
:1038DC008884807C7874706C6864605C5854504C3C
:1038EC004844403C3834302C2824201C1814100C2C
:1038FC00080400FF0000FF8000FFFF0000FF000035
:10390C00FFFF0000FF8000FFFFFFFF000000010031
:10391C003C0001FFC80200FFFFFFFFFFFFFFFFFF9E
:10392C00FFFFFFFFFFFFFF01020304050607080965
:10393C000A0B0C0DFFFF0E0F101112131415161796
:10394C0018191A1BFFFF1C1D1E1F202122232425C2
:10395C002627FF28FFFF29FF2A2B2C2D2E2F303155
:10396C003233FF34FFFF353637FFFF38FFFFFF39A7
:10397C003A3B3CFFFFFF000A100A200A300A400ABB
:10398C00500A600A700A800A900AA00AB00AC00A9B
:10399C00DC0A041418142814381448145814681425
:1039AC00781488149814A814B814C814DE14041EBF
:1039BC001C1E2C1E3C1E4C1E5C1E6C1E7C1E8C1E6B
:1039CC009C1EAC1EBC1ED81E082823283328432856
:1039DC0053286328732883289328A328B428E02825
:1039EC000032143228326E32B032C032D028E02885
:1039FC00E141E141E141010101010101010101014B
:103A0C00010101010101010101010101010101019A
:103A1C00010101010101010101010101010101018A
:103A2C00010101010101010101010101010101017A
:103A3C000101010000000102030405060708090A40
:103A4C00FD2300201D2400207BAF0000410041001D
:103A5C004100410041000300FF00FFFF3905280829
:103A6C0050011E0A140103020100000100000000B5
:103A7C0009F5000065FA000081FA00008FFA0000D9
:103A8C009DFA0000ABFA00000000000000000000EE
:103A9C00000000000000000000000000000000001A
:103AAC00000000000000000000000000000000000A
:103ABC0000000000000000000000000000000000FA
:103ACC0003000000000000000000000077FE000072
:103ADC0000002000000000000000000002000000B8
:103AEC0000000000000000000000000000000000CA
:103AFC000000000000000000003100200300000066
:103B0C000400000020000000A0260020000000009F
:103B1C000102000000000000000000000000000096
:103B2C000000000000000000000000000000000089
:103B3C000000000000000000000000000000000079
:103B4C000000000000000000000000000300000066
:103B5C0000000000D7FD0000000000002000000065
:103B6C000000000000000000020000000000000047
:103B7C000000000000000000000000000000000039
:103B8C0000000000003100200400000004000000D0
:103B9C0020000000F02700200000000000000000C2
:103BAC008C1100200000000000000000000000004C
:103BBC0000000000000000000000000000000000F9
:103BCC0000000000000000000000000000000000E9
:103BDC0000000000000000000000000003000000D6
:103BEC0000000000D7FD00000000000008000000ED
:103BFC0000000000000000000200000000000000B7
:103C0C0000000000000000000000000000000000A8
:103C1C000000000000310020010000000400000042
:103C2C0008000000C0270020000000000000000079
:103C3C002011002000000000000000000000000027
:103C4C000000000000000000000000000000000068
:103C5C000000000000000000000000000000000058
:103C6C000000000000000000000000000300000045
:103C7C0000000000D7FD0000000000002000000044
:103C8C000000000000000000020000000000000026
:103C9C000000000000000000000000000000000018
:103CAC0000000000003100200200000004000000B1
:103CBC002000000030270020000000000000000061
:103CCC00B4100020D0100020C1FF0000A5FF0000A0
:103CDC00D9FF0000B9000100D5000100E50001008A
:103CEC00D4100020000000000000000000000000C4
:103CFC0000000000000000000000000000000000B8
:103D0C0000000000000000000000000000000000A7
:103D1C000000000000000000000000000000000097
:103D2C000000000000000000000000002000000067
:103D3C003C110020C1FF0000A5FF0000D9FF0000CE
:103D4C00B9000100D5000100E50001004011002080
:103D5C000000000000000000000000000000000057
:103D6C000000000000000000000000000000000047
:103D7C000000000000000000000000000000000037
:103D8C000000000000000000000000000000000027
:103D9C00000000000000000008000000A811002036
:103DAC001D000100F9FF00003D000100150101009C
:103DBC003901010051010100000000000000000069
:103DCC00B012002064120020181200200000000025
:103DDC00CC110020000000000000000000000000DA
:103DEC0000000600000000000000000000000000C1
:103DFC0000000000000000000000000000000000B7
:103E0C0000000000000000000000000000000000A6
:103E1C000000000000000000000000000000000096
:103E2C000000000020000000000000000000040062
:103E3C000000000000000000000000000000000076
:103E4C000000000000000000000000000000000066
:103E5C000000000000000000000000000000000056
:103E6C000000000000000000000000000000000046
:103E7C000300000000000000000003000000000030
:103E8C000000000000000000000000000000000026
:103E9C000000000000000000000000000000000016
:103EAC000000000000000000000000000000000006
:103EBC0000000000000000000000000003000000F3
:103ECC0000000000000002000000000000000000E4
:103EDC0000000000000000000000000000000000D6
:103EEC0000000000000000000000000000000000C6
:103EFC0000000000000000000000000000000000B6
:103F0C00000000000000000006000000140000008B
:040000030000019167
:00000001FF
