:10000000000400209101000015EA000061EA0000F0
:100010009301000093010000930100009301000090
:100020009301000093010000930100009301000080
:1000300093010000930100009301000065EA0000B5
:10004000930100009301000093010000255E000071
:1000500093010000495E00005D5E0000B55E000097
:100060009301000093010000A15E000093010000D5
:100070009301000093010000CD690000655E00005F
:10008000795E00008D5E0000930100009301000086
:100090009301000093010000930100009301000010
:1000A0009301000093010000930100009301000000
:1000B0009301000093010000930100001D0F010057
:1000C00072B6244880F30888234880F30988022008
:1000D00080F31488BFF36F8F08F08AFC0EF0ECFAFF
:1000E0001E481F491B4A914202DA08600431FAE7B0
:1000F0001C49194A914202DA08600431FAE71A49A8
:100100001A4A1B4B9A4204DA086810600431043220
:10011000F8E700201749184A914202DA08600431D2
:10012000FAE70EF0CDFA0EF0C8FA144C144DAC42BA
:1001300003DA216888470434F9E70EF00DFF114C0B
:10014000114DAC4203DA216888470434F9E70F49BE
:100150000847000000040020000C002055555555AC
:100160000000002000040020442B0100000C0020AF
:10017000241100204011002000320020C0000000A7
:10018000C0000000C0000000C0000000BDE600008C
:1001900096E700F000F8FEE7F0B544464D465646B7
:1001A0005F46F0B46B46CB60C3689D46F0BCA0468A
:1001B000A946B246BB46F0BD62B6281CA047002047
:1001C0000EF014FCFEE70EF0B7FA024A024B136081
:1001D000FEE7C04604ED00E000000080114B70B562
:1001E0001C680500236B002B03D000221D615A619F
:1001F00070BD182000F094F8031E20630CD00A4A4A
:1002000000210260094A4260094A82600B22828111
:10021000012018615961E8E700224621054B064894
:1002200000F050F8000C00200E33CDAB34126DE618
:10023000ECDE05007C2A0100942A0100184B70B501
:100240001D682C6B002C0ED020696169154A164B75
:1002500001F098FE0122002312184B41580040087B
:100260002261636170BD182000F05AF8041E2863F3
:100270000FD00E4B012203600D4B43600D4B83608A
:100280000B23838100230261436107480A4A064B1E
:10029000E6E700225221094B094800F013F8C04656
:1002A000000C00202D7F954C2DF451580E33CDAB12
:1002B00034126DE6ECDE05002E7F954C7C2A0100A1
:1002C000942A010070B514001A000A4B06001B683E
:1002D00084B0D868002C0AD0074B084D01930091D8
:1002E00033002900029400F03BF800F011F8044BB1
:1002F0001C00F2E7000C0020C02A0100D02A0100F7
:10030000CC2A0100130010B50022FFF7DBFFC04626
:10031000062010B500F0C8F8012011F09FF8C04683
:1003200010B5034B0100186800F02EFF10BDC04649
:10033000000C002010B5034B0100186800F0ACFF62
:1003400010BDC046000C00200CB400B583B004AB57
:1003500004CB019300F082F903B008BC02B0184747
:100360000EB400B582B003AB0100054804CB0068B1
:10037000019300F073F902B008BC03B01847C046FF
:10038000000C0020C36B10B50400002B01D000202E
:1003900010BD802100F0F8FEE063002806D00200C6
:1003A0000023803208C09042FCD1F0E70120404297
:1003B000EEE7C04670B505000C0016001F2907D8EF
:1003C000C06B002809D0A40004192068266070BD05
:1003D0001623036001204042F9E78021280000F045
:1003E000D3FE010003000022E86380310028F1D031
:1003F00004C38B42FCD1E6E770B505000C001F2951
:100400001ED8C36B002B0ED08A009B181A68002AD6
:1004100009D0012A05D0511C0ED0002120001960FE
:100420009047002070BD280001F004FB220001006D
:10043000280001F0EBFAF5E7162303600120F1E74D
:100440001623036001204042ECE7C04670B505006A
:100450000C001F2924D8C36B002B14D0A2009B18BA
:100460001A68002A09D0511C0BD0012A07D000219C
:10047000200019609047002070BD0120FCE7032098
:10048000FAE70220F8E7802100F07EFE031EE86311
:1004900006D000210200803002C28242FCD1DDE79A
:1004A00001204042E8E7C046144B70B504001D68C7
:1004B0001F281DD8EB6B002B0DD082009B181A68EB
:1004C000002A08D0012A04D0511C0DD00021196047
:1004D0009047002070BD280001F0ACFA2200010016
:1004E000280001F093FAF5E7162301202B60F1E7CD
:1004F000162301202B604042ECE7C046000C002090
:10050000114B70B504000E001D681F2807D8E86B5A
:10051000002809D0A40004192068266070BD1623A5
:100520002B6001204042F9E78021280000F02CFEDA
:10053000010003000022E86380310028F1D004C3E9
:100540009942FCD1E6E7C046000C00200C4B10B5E8
:100550001C68E36B002B01D0002010BD802120001F
:1005600000F012FEE063002806D002000023803273
:1005700008C09042FCD1EFE701204042EDE7C046C1
:10058000000C0020174B70B504001D681F2825D8EB
:10059000EB6B002B14D0A2009B181A68002A09D01C
:1005A000511C0BD0012A07D0002120001960904770
:1005B000002070BD0120FCE70320FAE70220F8E7E5
:1005C0008021280000F0E0FD031EE86306D0002132
:1005D0000200803002C29042FCD1DCE701204042A0
:1005E000E7E7C046000C0020936810B5013B93601C
:1005F000002B04DA9469A34207DB0A2905D01368AB
:10060000581C10600800197010BD00F0A1FEFBE737
:10061000F8B506000F00002B0DD01400D51802E02D
:100620000134AC4207D03A0030002178FFF7DCFFFC
:10063000431CF5D1F8BD0020FCE7C04610B51400FE
:1006400092680023002A05D0220000F08BF90022D6
:100650000300A26000221800626010BDF0B54E4693
:100660004546DE465746E0B58146884614001E00E2
:100670009FB0002803D0036A002B00D11FE143463E
:100680009B891B0700D48FE043461B69002B00D1D8
:100690008AE0002306AD6B6120336B761033AB76B6
:1006A0005346A346874F059603935B461B78002B62
:1006B00000D19BE05C4603E063780134002B7DD0E1
:1006C000252BF9D15B46E31A9A465C457BD123780A
:1006D000002B00D18AE0012300225B42069207939F
:1006E000002200230892099300234332AB54AB65E8
:1006F00001339B46013406E05A46C01B82401C0071
:1007000029680A432A6005223800217800F0F0F8B1
:10071000631C1E000028EFD12A68D10602D54321B0
:1007200020306854110702D543212B2068542178CA
:100730002A2967D1059B191D1B680591002B00DA3A
:1007400098E0EB6061782E2900D172E05E4C0322C4
:10075000200000F0CDF8002806D04023001B834085
:100760002A68013613432B603178731C06225748E0
:100770009B46297600F0BCF8002800D180E0544B5D
:10078000002B67D005AA0092290042464846514BEB
:1007900000E000BF0390039B013327D0039A6B69ED
:1007A000944663446B6180E74146484600F062FC32
:1007B000002800D16DE7012040421CE05B46E31AAF
:1007C0009A465C4512D03B0000264746A0464C4660
:1007D000994602E00136B24543D95B463A00200013
:1007E000995DFFF701FF0130F4D1B84643469B897C
:1007F0005B06E0D468691FB0F0BCBB46B246A946B0
:10080000A046F0BD08003038260009289BD8EA68C9
:10081000140000E00133A2001219197852001418D4
:10082000080030380928F5D91E00EC602E2900D0C8
:100830008CE771782A292DD1059BB01C1A1D1B68E5
:1008400005926B60002B02DA01235B426B60B1788A
:1008500006007BE70722059B073393430833059384
:100860009CE74B466A69A146524444466A61B846D1
:100870001F002CE75B42EB6002231A432A6061E70A
:1008800005AA0092290042464846124B00F0BCFEE1
:10089000039080E708000023303801366B60092898
:1008A00000D953E71A0093009B1871785B001A185F
:1008B0000800303801360928F5D96A6046E700F0AB
:1008C000D7FADCE6002B0100082B01000C2B0100FD
:1008D000000000001106000010B504001300034AD8
:1008E00010680A002100FFF7B9FE10BD000C0020BF
:1008F00070B5CCB283070DD0531E002A0FD003254C
:1009000004E00130284206D0013B08D30278A2421D
:10091000F7D170BD1300032B03D8002B14D1002096
:10092000F7E7FF220A401502AD182A040B4EAD1856
:1009300003E0043B0430032BEFD9026808496A4006
:10094000511891433142F4D0C31802E0013098426B
:10095000E5D00278A242F9D1DBE7C04680808080F2
:10096000FFFEFEFEF0B54E46DE4657464546E0B574
:10097000936883B00C0091460090002B5FD00C234D
:10098000CA5E130763D50B69002B60D04B461F6806
:10099000930723D5A36A00269A46B34B00259846B1
:1009A000216A002D16D02B00454500D9AE4B3200F0
:1009B0000098D047002859DD4B464A469B683618B8
:1009C0001B1A2D1A9360002B39D0A36A216A9A460C
:1009D000002DE8D13E687D680837E2E7D30762D58D
:1009E0000023B84600209A4600261F00002E45D05E
:1009F00000284CD03B00B3469E4200D99B4620685D
:100A00002269A5686369904203D9ED18AB4500DD02
:100A1000FEE05B4500DDEEE0A56A5246216A0098E3
:100A2000A847051E22DD01207F1B19D04B464A46F0
:100A30009B68AA445B1B761B9360002BD6D10020D9
:100A400003B0F0BCBB46B246A946A046F0BD2100AB
:100A5000009800F00FFB00280DD10C23E25E95E713
:100A60002100009800F0C2FA0028DFD00C22A35E1B
:100A700040221343A38101204042E1E7082243467C
:100A800094465E68E044002EF8D01B689A46320017
:100A90000A215046FFF72CFF002800D1DBE0534627
:100AA0000130C71AA6E7002380219A4689008B46A9
:100AB000564655462068A36884469846002D5CD06B
:100AC00059460A425DD09A46AB4200D990E0902345
:100AD000DB001A4232D02169431A60690193430056
:100AE0001B18D80FC3185810019B824601335B199D
:100AF000834201D99A461800520500D497E00100BC
:100B0000009800F041FB8046031E00D1A6E0019A48
:100B1000216900F035FFA389544A13408022134312
:100B2000A38143462361019B1A00424494462260FC
:100B30005246A846AA46D31A6261A36052463100C3
:100B4000604600F07BFF4246A8460025A368206867
:100B50009B1A5044A36020604B4642469B68464423
:100B60009B1A4A46936000D169E70C23E25E206835
:100B7000A36884469846002DA2D13E687D68083758
:100B80009AE7226982421BD362699046AA4217D82B
:100B9000802328001B069D4200D33548414601F0C2
:100BA00005F94346A26A43439046216A3200009801
:100BB000C047002800DC59E780464346ED1ACBE7E2
:100BC0009846AB4200D9A8464246310000F036FFB5
:100BD0004246A36820689B1A4044A3602060002B13
:100BE000EBD12100009800F001FA0028E5D03DE7A4
:100BF000A846AA46A2E75A46514600F01FFF5A46A9
:100C0000A3685D469B1AA36023685B4423600AE7E0
:100C100051462A0000F012FF236821005B1900985A
:100C2000236000F0E3F9002800D1FCE61EE7020093
:100C3000009800F009FC8046002800D071E7009D74
:100C40002169280000F028FB8022A3899343743A8D
:100C50001BB22A600CE7731C1F00CCE6009A0C3311
:100C600013600C22A35E03E700FCFF7F7FFBFFFF06
:100C7000FFFFFF7F0020704710B5034A0349044877
:100C800000F0C0FB10BDC046500C0020ED0F00006E
:100C9000040C002041680B4B10B50400994201D0B0
:100CA00000F0A4F9A168084B994202D0200000F09E
:100CB0009DF9E168054B994202D0200000F096F9B9
:100CC00010BDC04644110020AC11002014120020B9
:100CD00000207047F8B5CE464746344C344B354A71
:100CE0002000002580B51A600423082200215C3012
:100CF00025606560A560656625616561A561E36045
:100D000000F052FF2C4B2000994663622B4B2C4F76
:100D10009846A362CC23E5502A4B2B4E6367802371
:100D200008220021C430E550E7622663A566E56627
:100D30002567A567E567246200F036FF2200882357
:100D40006832E2504A460433E250424620000433FF
:100D5000E2500433E7500433E6503833E5500433AF
:100D6000E5500433E550194A5C33E550583BE250F6
:100D70000433E5502D300433E550082204330021BC
:100D8000FF30E55000F010FF2200F023D032E25097
:100D90004A460433E25042460433E2500433E750FB
:100DA0000433E650C0BCB946B046F8BD441100203B
:100DB00040110020790C0000ED1A0000191B000002
:100DC000591B000009000100891B000012000200ED
:100DD000F8B5244B07001B68002B3BD0224E7368EC
:100DE000B468013B03D51BE06834013B18D30C22E7
:100DF000A55E002DF8D120001C4B08220021E360E5
:100E000065662560A560656025616561A5615C30EA
:100E100000F0CAFE6563A563A564E5642000F8BD23
:100E20003568002D01D02E00D9E7D62138004900C1
:100E300000F0AAF9041E10D00423D022056025007A
:100E400043600C300021A060520000F0ADFE346021
:100E50002E00C4E7FFF73EFFC0E70C2330603B6085
:100E6000DCE7C04640110020500C00200100FFFFCD
:100E7000036A10B5002B00D010BD044B0362044B75
:100E80001B68002BF8D1FFF725FFF5E7950C000054
:100E9000401100207047C0467047C04610B5002082
:100EA000024A034900F0AEFA10BDC046500C0020C3
:100EB000750C000010B50020024A034900F0A2FAA8
:100EC00010BDC046500C0020D10C0000F0B5C64645
:100ED00000B50C228B5E07000C001A073CD44A6850
:100EE000002A5CDDE66A002E32D000223D68216ACD
:100EF0003A60DA0457D4002201233800B0470200D8
:100F0000431C65D00C21635EE66A216A5B0706D547
:100F10006368D21A636B002B01D0236CD21A0023B2
:100F20003800B047431C40D000236360236923602E
:100F3000A389DB044AD4616B3D60002908D02300FB
:100F40004433994202D0380000F0A6F900236363CD
:100F5000002080BCB846F0BD0E69002EF8D00D68A8
:100F60000022AD1B0E609B0700D14A69A260002DD4
:100F700004DCEDE736182D1A002DE9DDA36A3200F6
:100F8000984638002B00216AC0470028F2DC402236
:100F9000A38913431BB20120A3814042D9E70A6C05
:100FA000002A9FDCD4E7626DB0E739680C22A35EAB
:100FB0001D2916D80C4ACA40D20712D500226260F9
:100FC00022692260DB04B6D50029B4D16065B2E79E
:100FD0003B68002B96D01D2B01D0162BD7D13D603E
:100FE000B6E740221343D6E7010040200B6970B5F5
:100FF00005000C00002B08D0002802D0036A002B4B
:101000000AD00C22A35E002B01D1002070BD21006C
:101010002800FFF75BFFF9E7FFF72AFFF1E7C0467B
:1010200070B5041E18D00F4B1D680369002B08D043
:10103000002D02D02B6A002B0AD00C22A35E002BBD
:1010400001D1002070BD21002800FFF73FFFF9E724
:101050002800FFF70DFFF0E7034A0449044800F0B9
:10106000D1F9EFE7000C0020500C0020ED0F00003C
:10107000040C0020314B70B5050018680C000028E6
:1010800002D0026A002A4FD00C22A35E1A071DD597
:101090002269002A24D0D90708D50021A1606169FE
:1010A00000204942A161002A08D070BD00219807A4
:1010B00000D461690020A160002AF6D11A06F4D597
:1010C00040221343A38101204042EEE7DA062ED5E9
:1010D0005A0714D4226908210B43A381002ADAD1CC
:1010E000A02180208900800019408142D3D02100B6
:1010F000280000F0BDFB0C22A35E2269CBE7616BE8
:1011000000290AD022004432914204D0280000F085
:10111000C3F80C22A35E00226263242293430022C0
:10112000626022692260D6E7FFF7A2FEACE70922DF
:101130002A6040221343A381C5E7C046000C00206B
:1011400070B5104E050033680C00002B15D021003F
:10115000280010F05DF9431C0CD00323C41C9C43F1
:10116000A04205D0211A280010F052F9013001D018
:10117000200070BD01246442FAE7002110F048F914
:101180003060E4E77C120020F8B50323CE464746E2
:10119000CD1C9D430835060080B50C2D1ED20C25B4
:1011A000A9421DD8300000F05FFB3A4F7A68002A50
:1011B0001AD0140004E063682200002B14D01C0035
:1011C00023685B1BF7D40B2B27D961192560944248
:1011D0005BD051600B6063684B600DE0002DDFDA7F
:1011E0000C230020336014E029003000FFF7A8FF33
:1011F0000400431C19D00560300000F037FB2000CC
:1012000007220B30231D9043C21A984201D01B1AAB
:10121000A350C0BCB946B046F8BD6368944202D042
:101220005360E9E743467B60E6E77B689846002B1E
:1012300024D0444663689846002BFAD123680021E5
:1012400099463000A14410F0E3F8814516D1236897
:101250003000ED1A2900FFF773FF01300ED023682C
:101260007A685B1923605368002B02D1DAE71A0011
:101270005B689C42FBD100235360BDE70C23300028
:10128000336000F0F3FA0020C3E779600B60636815
:101290004B60B1E77C12002070B50500002915D025
:1012A0000C1F2368002B23DB280000F0DDFA274AFF
:1012B0001368002B05D0A3420BD921686018834224
:1012C0002CD028006360146000F0D0FA70BDA342F7
:1012D00010D81A005B68002BF9D1106811188C42E5
:1012E00018D02CD363605460280000F0BFFAEDE7FB
:1012F000E418D9E711685018A04214D01FD821680B
:1013000060188342EED118685B6841182160636001
:101310005460E9E723681B181360E5E718685B6809
:1013200041182160CDE720680918501811608342E8
:10133000DAD118685B68411811605360D4E70C2358
:1013400028002B6000F092FAC0E7C046801200200F
:10135000F8B505000E001400002802D0036A002B27
:1013600041D0A369A360A3891B071BD52369002B68
:1013700018D0FF22F7B2616916402268D31A994249
:101380001FDD0133A1680139A160511C2160177074
:1013900062699A421ED0A389DB0701D50A2E19D0B3
:1013A0003000F8BD21002800FFF764FE002817D1A7
:1013B000FF222369F7B2616916402268D31A994265
:1013C000DFDC21002800FFF711FE002808D10123EF
:1013D0002268D7E721002800FFF708FE0028DFD0A9
:1013E00001267642DCE7FFF743FDBAE7030010B5BC
:1013F0000A00034908681900FFF7AAFF10BDC0469C
:10140000000C0020F8B54746CE46884680B5814698
:10141000170000267D68BC68013D0DD4A389012B0F
:1014200007D90E22A35E013303D021004846C047EE
:1014300006436834013DF1D23F68002FEAD1300005
:10144000C0BCB946B046F8BDF0B5C64607000E00B0
:10145000140000B500292DD0002A27D000F09AFBF7
:101460008046844203D835004308A34210D32100AC
:101470003800FFF789FE051E0AD0220044450BD82C
:101480003100280000F07CFA31003800FFF704FF3B
:10149000280080BCB846F0BD31004246280000F06C
:1014A0006FFA31003800FFF7F7FEF1E7FFF7F4FEBF
:1014B0000025EDE71100FFF767FE0500E8E7C046ED
:1014C000F8B557464E464546DE46E0B51F000A9B36
:1014D000924698460A698B6806000C009A4200DA28
:1014E0001A0053461A604323E35C002B02D0514696
:1014F00001320A602268910661D5534652460620A1
:101500001B680233136022681100104208D10020CA
:10151000814619308346E168A344994247DC1100B3
:101520004323E35C5A1E934189060AD53020E11813
:101530004331087045215A1C615CA21843320233C2
:1015400011702200390030004332C04701301DD0F5
:10155000534606251B68E1689C462368A2682069FB
:101560002B40042B31D0824239DD00239946121AD8
:10157000914400251A3402E001354D452FDA01234C
:10158000220039003000C0470130F5D1012040422F
:10159000F0BCBB46B246A946A046F8BD01239C4616
:1015A0005346E5681B68E144ED1A4D4524DD0123EF
:1015B0005A4639003000C0470130EFD1E6E7062136
:1015C00011420ED05A1E9341BBE76346C91ACB4362
:1015D000DB170B4099468242C9DC0029C9DC002098
:1015E000D6E7002053468146193083461B68E168E0
:1015F000A3449942DBDC92E743232168E35C5A1E53
:101600009341890692D49CE7F0B54E469946432310
:101610009C4657464546DE468C446346E0B587B057
:1016200002930C00097E90460700109A002914D0FE
:101630000B00583BDBB2202B48D888489B00C3588E
:101640009F46136821681D1D606915601B680E06A2
:1016500002D4490600D5DCE018600023029D236116
:101660004B46210000933800434605AAFFF728FFA8
:1016700001301ED02A00414638002369C847013096
:1016800017D02368E068059E9B071BD5B04219DD83
:1016900019239A460025A24404E0E0680135831B23
:1016A000AB420FDD0123524641463800C8470130A6
:1016B000F3D10120404207B0F0BCBB46B246A94678
:1016C000A046F0BDB042F6DA3000F4E72500422330
:1016D00001204235E154432300222061E254BFE758
:1016E00013682168181D10600D0602D44D0600D540
:1016F00094E01A6816006368002A00DA92E0584AFB
:1017000093460A2203924BE01368206840CB0506FB
:1017100001D440067FD41360514B9B466F2900D102
:1017200091E00A23039337E013682500191D116027
:101730001A68422301204235E254CCE71368191D90
:1017400011601D68002128006268FFF7D1F80028A9
:1017500000D181E0401B6060BDE7202321680B437E
:1017600023604521782060543E498B46116840C96A
:10177000180603D4580601D53604360C1160DA0772
:1017800002D5202213432360002E03D12022236898
:10179000934323601023039343230022E25463689E
:1017A000A360002B18DB042122688A432260002EEC
:1017B00012D1029D002B49D1039B082B1ED0029B06
:1017C0005B1B23614CE745235821E15424492368DE
:1017D0008B46CBE72368C4E7039B9A46029D300003
:1017E000514600F0DFFA5B465B5C013D2B70330035
:1017F00006005345F3D2039B082BE0D12368DB0797
:10180000DDD5626823699A42D9DC3023013D2B7013
:10181000D5E7188021E73604360C7CE700269E5F6A
:10182000320068E743222D20A054A360002B02DB86
:101830000423994321600A239A46094B76429B462A
:101840000A230393CAE708230393A5E75B46250011
:101850001B7842352B70AFE760683CE7701C0100D5
:10186000142B0100282B01007047C0467047C0466A
:10187000F0B50C23CD5E06000C0097B0AA0707D583
:1018800023004733236023610123636117B0F0BD58
:101890000E23C95E00292BDB6A460FF0D1FD00281C
:1018A00024DB8027FF0039003000019DFFF76CFC2E
:1018B000002833D08022A38920601343A381F02322
:1018C0001B021D408023206167619B019D42DDD189
:1018D00030000E23E15E0FF0BFFD0028D6D00322BA
:1018E000A389934301221343A381CFE70C23E55E31
:1018F0000F4B2D06ED171D408023DB009C466544F1
:1019000029003000FFF740FC002807D08022A3897F
:1019100020601343A38120616561B7E70C22A35EB9
:101920009A05B3D40322934302221343A381A7E76A
:1019300040FCFFFF70B50C001E000E23C95E1500B1
:1019400096B0002914DB6A460FF07AFD00280FDB01
:10195000F02301991B021940084B9C4661444B42FD
:1019600059418023DB00002031602B6016B070BD30
:10197000A38900211B06F4D54023F4E700E0FFFF14
:10198000F0B505000F2A31D903273E000D430C00A6
:1019900003002E402F4234D11500103D2D09AC46D6
:1019A0002F013F1865685D60A5689D60E568DD6092
:1019B000256810341D601D001033BD42F2D165460C
:1019C0000F230C2401352D014919134045191442E8
:1019D0001AD0043B9B0801339B008C59AC51043650
:1019E0009E42FAD10323AD1989191A40561E002AC6
:1019F00006D00023CC5C1A00EC5401339642F9D196
:101A0000F0BD0500561EF4E71A00EFE7002370B59D
:101A1000074D0400080011002B600FF029FD431C46
:101A200000D070BD2B68002BFBD02360F9E7C046C7
:101A30008412002010B50FF025FD10BDF0B58842CE
:101A40000AD98B18984207D2531E002A03D0CA5CC9
:101A5000C254013BFBD2F0BD05000F2A0AD8561E26
:101A6000002AF8D00023CC5C1A00EC5401339642D3
:101A7000F9D1F0E703273E000D430C0003002E4090
:101A80002F422DD11500103D2D09AC462F013F18D6
:101A900025681D6065685D60A5689D60E568103417
:101AA000DD601D001033BD42F2D165460F230C24CA
:101AB00001352D01491913404519144213D0043B37
:101AC0009B0801339B008C59AC5104369E42FAD1DD
:101AD00003231A40AD198919561E002AC2D1BAE74C
:101AE0000500561EBEE71A00B9E7C04670B50C00E7
:101AF0000E25495F0FF080FC002803DB636D1B1887
:101B0000636570BDA389024A1340A381F9E7C0460B
:101B1000FFEFFFFF00207047F8B50C001F000C23FB
:101B2000C95E05001600CB050AD40A4B32001940E5
:101B30002800A1810E23E15E3B000FF064FCF8BD9C
:101B40000E23E15E002202230FF05BFC0C23E15E1A
:101B5000EBE7C046FFEFFFFF70B50C000E25495FB5
:101B60000FF04FFC431C07D08023A2895B01134375
:101B70001BB26065A38170BDA389024A13401BB2EA
:101B8000F8E7C046FFEFFFFF10B50E23C95E0FF068
:101B90003CFC10BD0B1F1B68181F002B00DB70479F
:101BA0000B58C018FBE7C046F0B50500830749D0C5
:101BB000541E002A45D003000326CAB202E00135B4
:101BC000013C3ED301332A703342F8D1032C30D983
:101BD000FF220A401502AD182A04AD180F2C34D983
:101BE0002700103F3F093E01B4461E001A00103680
:101BF0006644156055609560D56010329642F8D104
:101C000001373F01DB190F270C22274022403C00FF
:101C1000002A0ED03E1FB608B400A4461A001C1DB0
:101C2000644420C2A242FCD103240136B6009B19B1
:101C30003C40002C05D0C9B21C19197001339C42DC
:101C4000FBD1F0BD03001400C0E72700E2E7C04667
:101C500030B5032A1AD90B0003439B0711D0551E38
:101C6000002303E05A1C9D4213D01300C25CCC5CDD
:101C7000A242F7D0101B0DE0043A04300431032ACD
:101C800004D904680B689C42F6D0E8E7551E002A88
:101C9000E6D1002030BDC046002243088B4274D3F9
:101CA00003098B425FD3030A8B4244D3030B8B425D
:101CB00028D3030C8B420DD3FF22090212BA030C66
:101CC0008B4202D31212090265D0030B8B4219D347
:101CD00000E0090AC30B8B4201D3CB03C01A524167
:101CE000830B8B4201D38B03C01A5241430B8B42AF
:101CF00001D34B03C01A5241030B8B4201D30B0398
:101D0000C01A5241C30A8B4201D3CB02C01A5241BE
:101D1000830A8B4201D38B02C01A5241430A8B4281
:101D200001D34B02C01A5241030A8B4201D30B026A
:101D3000C01A5241CDD2C3098B4201D3CB01C01A84
:101D4000524183098B4201D38B01C01A524143098E
:101D50008B4201D34B01C01A524103098B4201D37C
:101D60000B01C01A5241C3088B4201D3CB00C01AE9
:101D7000524183088B4201D38B00C01A5241430861
:101D80008B4201D34B00C01A5241411A00D2014686
:101D9000524110467047FFE701B5002000F0F0F80F
:101DA00002BDC0460029F7D076E7704703460B43D3
:101DB0007FD4002243088B4274D303098B425FD344
:101DC000030A8B4244D3030B8B4228D3030C8B4270
:101DD0000DD3FF22090212BA030C8B4202D3121256
:101DE000090265D0030B8B4219D300E0090AC30B2B
:101DF0008B4201D3CB03C01A5241830B8B4201D3D8
:101E00008B03C01A5241430B8B4201D34B03C01AC0
:101E10005241030B8B4201D30B03C01A5241C30A38
:101E20008B4201D3CB02C01A5241830A8B4201D3A9
:101E30008B02C01A5241430A8B4201D34B02C01A93
:101E40005241030A8B4201D30B02C01A5241CDD238
:101E5000C3098B4201D3CB01C01A524183098B4283
:101E600001D38B01C01A524143098B4201D34B016C
:101E7000C01A524103098B4201D30B01C01A5241CF
:101E8000C3088B4201D3CB00C01A524183088B4256
:101E900001D38B00C01A524143088B4201D34B003F
:101EA000C01A5241411A00D20146524110467047B1
:101EB0005DE0CA0F00D04942031000D340425340B6
:101EC00000229C4603098B422DD3030A8B4212D376
:101ED000FC22890112BA030A8B420CD389019211A8
:101EE0008B4208D3890192118B4204D389013AD0E5
:101EF000921100E08909C3098B4201D3CB01C01ABA
:101F0000524183098B4201D38B01C01A52414309CC
:101F10008B4201D34B01C01A524103098B4201D3BA
:101F20000B01C01A5241C3088B4201D3CB00C01A27
:101F3000524183088B4201D38B00C01A5241D9D23F
:101F400043088B4201D34B00C01A5241411A00D2C0
:101F50000146634652415B10104601D34042002BBC
:101F600000D54942704763465B1000D3404201B53B
:101F7000002000F005F802BD0029F8D016E77047F0
:101F80007047C046F0B5CE469946030C9C461304F4
:101F900047461B0C1D000E0061460404240C80B54E
:101FA0000700100C4B436543414360432C0CC018A1
:101FB00024188C46A34203D980235B029846C4446C
:101FC000494679435643230C2D042D0C891963444B
:101FD00024046019C918C0BCB946B046F0BDC0465B
:101FE00002B4714649084900095649008E4402BCB2
:101FF0007047C04602B4714649084900095C49006F
:102000008E4402BC7047C04603B471464908400084
:102010004900095E49008E4403BC704703B4714611
:10202000490840004900095A49008E4403BC7047E2
:10203000844608006146FFE71FB500F0E1FA00287A
:1020400001D40021C8421FBD10B500F069FA40421A
:10205000013010BD10B500F0D3FA002801DB0020DC
:1020600010BD012010BDC04610B500F0C9FA00280F
:1020700001DD002010BD012010BDC04610B500F0EC
:1020800077FA002801DC002010BD012010BDC046F9
:1020900010B500F06DFA002801DA002010BD012013
:1020A00010BDC0461C2101231B04984201D3000C23
:1020B00010391B0A984201D3000A08391B099842BB
:1020C00001D30009043902A2105C40187047C046D1
:1020D00004030202010101010000000000000000F1
:1020E000002B11D1002A0FD1002900D1002802D0E5
:1020F0000021C943080007B4024802A14018029019
:1021000003BDC0467DFEFFFF03B4684601B50298DB
:1021100000F024F8019B9E4602B00CBC7047C046FC
:1021200070B500220C4B04000D0002F043FA0028A9
:1021300004D12000290002F033F970BD064B0022C3
:102140002000290001F0F4FC02F02AF980231B068C
:102150009C466044F1E7C0460000E041F0B55746B8
:102160004E464546DE46E0B504000D0092469946CF
:1021700083B08B4230D82DD04946504602F024FA25
:1021800029000600200002F01FFA331A9846203B6F
:1021900034D49B4653465A46934042461F0053460A
:1021A00093401E00AF423BD8AF4200D179E05B467E
:1021B000A41BBD41002B00DA76E000220023009230
:1021C000019301235A4693400193012342469340D1
:1021D000009329E08242CFD900220023009201938C
:1021E0000C9B002B01D01C605D600098019903B02E
:1021F000F0BCBB46B246A946A046F0BD42469B464F
:1022000020239B1A5246DA40414613004A468A4030
:10221000170042461F43534693401E00AF42C3D9A6
:1022200000220023009201934346002BD8D0FB07E5
:1022300072081A4346467B080EE0AB4201D1A24227
:102240000CD8A41A9D41012024196D410021013EA2
:1022500024184D41002E06D0AB42EED9013E241980
:102260006D41002EF8D1009801995B460019694133
:10227000002B24DB2B005A464646D3402A001C0084
:10228000F2405B461500002B2ADB26009E403300FF
:1022900026004746BE403200801A994100900191C5
:1022A0009EE7A342BCD882E74246202300219B1A26
:1022B0000022009101920122DA40019285E7424614
:1022C00020239B1A2A0046469A402300F3404646A4
:1022D00013432A001C00F2405B461500002BD4DAA1
:1022E000202342462F009B1B97402600DE403B00E8
:1022F0003343CDE7F0B546464F46D6464502C0B516
:10230000C30F470098460E1C6D0A3F0E5BD0FF2F8F
:1023100021D08023ED00DB041D43002399469A461B
:102320007F3F74027300640A1B0EF60F002B20D04F
:10233000FF2B43D080220020E400D20414437F3BD3
:102340004246FF1A4B4672400F2B00D99DE071495F
:102350009B00CB589F46002D5AD108239946063B37
:1023600074029A467300FF27640A1B0EF60F002BB7
:10237000DED1002C3BD1012342464946724019432D
:102380000E2918D86448890041588F465346022BBD
:1023900000D1B8E0032B6ED042462C00012B40D177
:1023A00000200024C0052043D2071043E0BCBA46F9
:1023B000B146A846F0BDFF200024F3E7002C20D151
:1023C0000223FF3FD8E7002D05D104239946033BA4
:1023D00000279A46A5E72800FFF764FE7627431FEB
:1023E0009D4000237F4299469A463F1A99E7200074
:1023F000FFF758FE431F9C4076235B421B1A0020C8
:102400009EE703234A461A4391460320FC3397E78D
:102410000C239946093BFF279A4682E703282CD0D4
:10242000320038007F30002847DD630704D00F23D7
:102430002340042B00D00434230103D53800374B4C
:1024400080301C40FE28B6DCA401640AC0B2A9E7B3
:1024500080240022FF20E403A4E78023DB031D4245
:1024600001D01C420BD08024E4032C43640242467A
:10247000FF20640A96E746462C008023DB031C43BA
:1024800064023200FF20640A8CE76D01600185421E
:102490002DD21B230024013F0126290064006D007A
:1024A000002901DB854201D32D1A3443013B002B67
:1024B000F3D16B1E9D412C43B3E701231B1A1B2B49
:1024C00000DD6DE721009E37D940BC400B00611E46
:1024D0008C412343590704D00F211940042900D00F
:1024E0000433590113D49B0100205C0A5AE71A23D4
:1024F00001242D1AD0E7981E434258414042320031
:102500000024C0B24EE74246FF2000244AE70120E3
:10251000002447E7F41C0100341D0100FFFFFFF712
:1025200070B542004E024C0045026D0A120EC30FF8
:10253000760A240EC90FFF2A10D0FF2C0CD00120E0
:10254000A2420AD1B54208D18B420FD0002A04D151
:102550002800431E984100E0012070BD0120FF2C9F
:10256000FBD13543F9D14B401800F6E70020F4E7E2
:1025700030B5420044024D02C30F4800640A120EF7
:102580006D0A000EC90FFF2A18D0FF280AD0002AB2
:102590001ED100280AD1002D29D0002C2DD14800B1
:1025A000013830BD002D25D1002A01D1002CF6D0F4
:1025B0008B4219D001205B421843F2E7002C19D15D
:1025C000FF28F7D1002D15D100208B42F2D1E8E78A
:1025D0000028EFD08B42EDD18242EBDC04DBAC4231
:1025E000E8D80020AC42DCD258000138D9E7002CF2
:1025F000D7D0DFE702204042D3E78B42DAD1EEE7C3
:1026000030B5420044024D02C30F4800640A120E66
:102610006D0A000EC90FFF2A17D0FF280AD0002A22
:102620001BD100280AD1002D1DD0002C2DD148002F
:10263000013811E0002D0ED1002A01D1002CF6D076
:102640008B420CD15800013806E0002C03D1FF2842
:1026500005D1002D15D0022030BD002806D1012063
:102660005B421843F8E7002CF6D0F8E78B42F6D12E
:102670008242F4DCE6DBAC42F1D80020AC42EBD283
:10268000E0E700208B42EAD1E6E78B42E7D1F2E7B0
:1026900070B5002812D0C317C5185D40C40F2800BC
:1026A000FFF700FD9E231B1A962B0FDC082838D05D
:1026B000083885406D026D0AD8B202E0002400207F
:1026C0000025C0052843E407204370BD992B14DC86
:1026D000421F95402A001549114055071CD00F256F
:1026E0002A40042A18D00431CA08490115D59F236D
:1026F0005202181A550AC0B2E3E7020029001B3241
:1027000091404A1E91410522121AD5402A000A43DF
:10271000064911405507E2D1CA085202550AD8B2FB
:10272000CFE76D026D0A8E30CBE7C046FFFFFFFB9F
:10273000F0B54F464646D646C0B50D0382B000926E
:1027400001934E00C300CC0F690A450F9C46009AC6
:10275000019B0D435F001903D80F009B490A5B0FD3
:102760001943009B760D7F0DDA00F31B844258D08D
:10277000002B13DD002F00D088E00800104300D1AB
:1027800059E1581E012B00D1C2E2B14FBB4200D12A
:1027900041E1382800DD6AE2030064E1002B00D14A
:1027A000B1E0BB1B002E00D0E1E164462C4300D118
:1027B00076E25C1E012B00D1E8E2A54EB34200D1C7
:1027C000B7E2382C00DC6BE3541EA2429241524225
:1027D0008D1AA0461E0004002A0268D443461F1D1D
:1027E00047459B415B42ED182B0200D49DE3984A7C
:1027F0000136964200D1EBE0964A73052A405B0D04
:102800005107FF0852020F43120B1B051343E40745
:1028100023433800190002B0E0BCBA46B146A846CE
:10282000F0BD002B00DCD7E0002F00D09AE00800BC
:10283000104300D1FFE0581E012B00D148E2844F25
:10284000BB4200D1E7E0382800DCB8E28022120465
:10285000154200D149E31E000023150098467C4B29
:1028600001369E4200D1B3E07A4B01211D40434620
:102870005A081940EF070A4317436D087B07B3D086
:102880000F233B40042BAFD0B846A7E770488642E1
:1028900000D1C0E0382B00DCE2E001235B4263445E
:1028A0009C45804140422D1A98462B0296D5012323
:1028B0005B429846684D2800FFF7F4FB0300083B95
:1028C00020214046CA1AD040020040469D40984010
:1028D0002A438046B34200DA72E1981B4346013036
:1028E000091A45468B40C5405E1EB34117008F4014
:1028F0002B431F43C2403B00150000261343BDD1AC
:102900000027002281E7554F731C3B4200D01BE19A
:1029100063460F002B431743002E00D0C4E1002B69
:1029200000D145E2002F00D107E163469B1A98468B
:10293000C445B6416B1A76429B1B8026360433424F
:1029400000D1CBE26346D31A9A4292411F00491B41
:1029500052428A1A9C46174300D0EDE2040000233D
:10296000002252E73A48864255D0382B00DD48E134
:102970008020000401431F2B00DDE3E12027F81A2B
:10298000824608005746B840814610004F46D8405E
:10299000074338005746BA40D940571EBA416D1810
:1029A000104360448046E045804140422D182B0290
:1029B00000D554E743465B0700D1B9E20F234246F6
:1029C0001340042B00D009E733004246D20834E01C
:1029D00033000022002718E7002B00D18FE0BB1B3B
:1029E000002E00D033E16046284300D140E2581E5B
:1029F000012B00D10AE2164EB34200D185E23828FD
:102A000000DC87E280252D04294200D19CE21E00D3
:102A10000023984623E763466E07D8080643ED086F
:102A200037002F4311D0802212032A4312033700AC
:102A3000074B120BE9E66246D2086E071643044ABA
:102A4000ED089342ECD03700D6E0014B0022DCE6E3
:102A5000FF070000FFFF7FFFFFFF7F00FE07000072
:102A60008020000401431F2B00DDB1E02027F81A6D
:102A7000824608005746B840814610004F46D8406D
:102A8000074338005746BA40D940571EBA416D1A1D
:102A9000104363461B1A9C458041984640422D1ABC
:102AA0002B0287D56D026D0A002D00D003E740464A
:102AB000FFF7F8FA030018331F2B00DC00E742464B
:102AC000083882409E4200DD91E09B1B581C1F2865
:102AD00000DCF8E117001F3BDF40202805D0402331
:102AE0001B1A9A40531E9A411743002F3CD00026D0
:102AF0007B0700D0C4E63500B846330065E7CB4815
:102B0000731C034200D085E063462B43002E00D0A7
:102B100092E10F001743002B00D1D8E1002F0CD019
:102B20006244624580416D1840422D182B0200D549
:102B3000F2E1170094462F4316D063466F07D8087A
:102B400007430023ED0857E063469B1A9846C445A7
:102B5000BF416B1A7F42DB1B1F0200D5AEE0474628
:102B60001D001F43A0D10024002300224DE6B04CDD
:102B7000A74200D1DDE0382B00DD85E0802424046D
:102B800025431F2B00DDECE02026F41AA1462C0083
:102B90004E46B4406646DE403443A04666464C4648
:102BA000A640DD40741EA6414446491B3443131B16
:102BB0009A4292415242984604003E008D1A6FE7B5
:102BC000F61A03009B4D15405B0700D0F6E6FBE6C6
:102BD00018000F002038C740202B03D04020C31A14
:102BE00099400A43531E9A411000384351E79149D6
:102BF000F31A0A405707D5082A035B05120B5B0D31
:102C000003E680231B041D4200D1BBE01D0000230E
:102C1000984624E68648834200D1DAE6624462455B
:102C20008041691840420918C8075208104380467D
:102C30004D08520705D00F221E000240042A00D082
:102C4000CCE542466F07D20817430D09D4E7784810
:102C5000874200D1D5E0382B00DCB2E080252D047E
:102C6000294200D14CE100233E009846F7E50122BD
:102C7000524262449445804140422D1A90461E00C3
:102C80002A0200D513E6A9E5531E9A429241524208
:102C90008D1A984604003E002B0200D507E69DE5FC
:102CA00004000D00D208C8E6002B00D0E3E0002F9E
:102CB0003FD1802200245E4B1203A6E56346D31A5F
:102CC0009A4292414D1B524298460400AD1AEBE6DF
:102CD00062441600664580416A1840421218130289
:102CE00000D49DE0534973080A40D107194357089F
:102CF0005B0700D1FEE00F230B40042B00D1F9E06D
:102D00000B1D98468845AD416D420223ED195CE6E6
:102D100063469B1A9C4580416D1A40422D1A984685
:102D20002B020DD443466F07DB081F43ED08012338
:102D300062E74E07D20804001643CD0870E604008F
:102D40000126AFE618000F002038C740202B03D023
:102D50004020C31A99400A43531E9A411000384339
:102D60001FE61C002E00203CE640202B05D040240E
:102D7000E31A9D4063462B439C466446631E9C4178
:102D8000344314E701236344984627E56346D31A86
:102D90009A4292414D1B5242AD1A98462B02CED414
:102DA00043466F07DB081F4304000123ED0823E7B8
:102DB000002F00D1D7E604000D009446BDE60300C5
:102DC000D9E58020000405431F2B6BDC2020C01AAE
:102DD000804628004646B0406646DE400643B1467F
:102DE00060464646B040DD40461EB0414E46491959
:102DF0003043804690449045924152423E005518DF
:102E0000D5E54E07D2081643CD0809E663469E185D
:102E100096429241691852428A18130200D561E71E
:102E20005707F60801233743D508E5E6FE070000FB
:102E3000FF070000FFFF7FFF002BE2D06346DE08A4
:102E40006B071E430B00ED08134300D1E8E5802318
:102E50001B031D4206D0C808184203D10500D6083E
:102E600049070E43730FF600F6085B071E43D7E5CC
:102E70000D00D208E1E56346DE086B071E43ED084E
:102E8000002F00D1CCE580231B031D42EAD0CF08E0
:102E90001F42E7D1D608490704003D000E43E1E791
:102EA00023006EE618002E002038C640202B05D0E7
:102EB0004020C31A9D4063462B439C466046431EF8
:102EC0009841304395E720210023091A0EE500239D
:102ED000002F00D1BAE50D00904676E547461F4326
:102EE00000D140E61D00C44627E601226244904618
:102EF0001E0073E4C9087F0702230F4315097BE610
:102F0000531C98460D003E0068E4D6084B071E434C
:102F1000CD0885E5030057E7114BD2082B405F072A
:102F200017435A02120B01236FE43300B8464CE5F5
:102F30004346DA08330080E532420AD0084B0400E9
:102F40001A40674601235BE4013290460D001E00E3
:102F500044E4DB0857071F4304000023D5084BE671
:102F6000FFFF7FFFF0B5DE46454657464E46E0B5CB
:102F700087B0009201930B031B0B9B46CA0F4B00BB
:102F8000040080465B0D029200D1BFE08F4A93425D
:102F900038D05946420FC9000A4380210904114321
:102FA000C20090468A4A894692469A4400230024E9
:102FB0000393009E019F3B031B0B7A0030009B464E
:102FC000520DFD0F002A00D17FE0804B9A426ED057
:102FD0005946730FC9000B438021090419438B46DE
:102FE0007B49F3008C46514662448A1A924600217E
:102FF000029E6E40F6B20F2C00D9F9E0754AA4008B
:10300000125997465A460243914600D0B6E09A4676
:103010000223904608240393CBE72E0000210023CF
:10302000002288461B051343F60733434046190028
:1030300007B0F0BCBB46B246A946A046F0BDCB46A1
:103040004346029D0399022900D1FAE1032900D1E8
:10305000A1E00129E1D0604A524490464446002C48
:1030600000DC00E25A0704D00F221A40042A00D0E4
:103070007FE22E00DA085B46DB0106D55946574B46
:10308000802419408B46E4005444554B9C4209DC93
:103090005B465B07134398465B4664055A02120B76
:1030A000630DBFE7002100228846484BBAE75B4624
:1030B000009A13434B4A9446E244002B59D1022212
:1030C000144300220221934692E75B46009A134381
:1030D00049D05B46002B00D1A4E15846FEF7E2FF41
:1030E000030002000B3B1D27009EFB1A11005846EF
:1030F000DE4008398840330003439B46009B8B40E9
:10310000394952448A460021924471E75B460343A1
:10311000994621D05B46002B00D171E15846FEF75D
:10312000C1FF0B235B429C460200844466461D237C
:103130009B1B260011005846DE40083988403300AA
:103140000343994623008B409846284B00249B1A42
:103150009A46002303932CE7002398469A460133AE
:103160000424039325E701221443002201219346FE
:103170003EE7032303211C43330039E79A46032328
:10318000D9460C24039314E7002380229846002696
:103190000E4B120346E78022594612030A431203DC
:1031A00098462E00094B120B3CE780224946120339
:1031B000114202D059461142F0D080224B461203F0
:1031C0001A431203029E014B120B2BE7FF0700006C
:1031D00001FCFFFF701D0100FF030000FFFFFFFE69
:1031E000FE07000001F8FFFFF30300000DFCFFFFE6
:1031F000CB4500D2FAE000D1F5E0012252429446DC
:103200000022444648469046E2445A461F0E1202A7
:103210001B020293130C994617433B041B0C4946AF
:103220000093FEF7BFFD009A0B044243210C0500FA
:1032300019438A4207D9C919013D8F4203D88A42EE
:1032400001D9851EC919881A4946FEF7ABFD009AB7
:10325000240442430904240C03000C43A24204D971
:10326000E419013BA74200D8F7E00299A01A2D0407
:103270000C0C09041D43090C2A0C2B04AB460D0051
:103280001B0C5D43059163435143049462435B18F7
:103290002C0CE318994203D9802149028C466244E0
:1032A000190C2D041B042D0C8A185D19904200D2B4
:1032B00087E000D182E043465D1BA8459B41801A10
:1032C0005B42C01AB14B534498461C00874200D160
:1032D0000CE14946FEF766FD0200009B03905A434D
:1032E0000B04290C19438A420AD90300C919013B6E
:1032F00003938F4204D88A4202D9831E0393C919CB
:10330000881A4946FEF74EFD0A00120494462A0424
:1033100065460099120C414303002A43914207D9A4
:10332000D2190138974203D8914201D9981ED21977
:10333000039B521A1B0403430598190C05008C4685
:103340001904090C4D43894661460095654648437A
:1033500004994D43AC464D464D432918009D2D0C14
:10336000A9464944884203D9802040028146CC4482
:10337000009D080C2D0409042D0C60444D19824257
:103380000FD30BD001221343814A92456CDB1A1DE7
:103390009A429B415B42D2089B446CE6002D00D1CF
:1033A00093E0591EBA188C46BA4200D285E0824298
:1033B00000D2C7E000D1D5E00B00E3E7A84500D379
:1033C00079E75B46591E029B9C46E0441C009845E9
:1033D0009B415B42DB19C018874238D2824278D8C1
:1033E00075D08B4667E7434500D906E74A46D407C0
:1033F00050084246520814434246D207904604E71A
:10340000FEF750FE15239C4684440200634620329A
:103410001C2B00DC8AE623000838834099460023F1
:10342000984692E6FEF73EFE030002001533203276
:103430001C2B00DC57E600990838814000238B469E
:103440005EE600212E0000228846524BEAE58742C4
:10345000C7D14445C2D98B462DE7A24200D804E724
:10346000831EE41901E72E0001224146521A382A30
:1034700000DDD3E51F2A3FDC47481C005044594675
:1034800083408140D440581E834121430B43594619
:10349000D1400A00590709D00F211940042905D04D
:1034A000191D99429B415B42D2180B00110268D54D
:1034B0000021012300228846B4E50B00824200D09F
:1034C00060E7029A954200D05CE73500C6E54545C5
:1034D00087D902235B429C46029BE3449C46E0441E
:1034E00098459B415B42DB19C018E4E6002B36DDB2
:1034F000012300229B44BEE51F2140464942091A90
:103500005846C8400100202A04D05846234A524455
:10351000904003435A1E934107200B4301000022B1
:103520001940184209D00F21194004291FD0181D35
:1035300098428941030049424907DB080B439846FA
:1035400000236FE50299023B49008C4602998C45A5
:1035500089414942C919521861460291AEE70123D7
:103560005B4281E70299A942ECD36346A9E70021B7
:10357000E3E71A1D9A429B415B422E00D2089B440E
:1035800079E551075202120BD7E7C046FF0300004E
:1035900002FCFFFFFF0700001E0400003E040000C5
:1035A000F0B557464E464546DE46E0B51F000B03D4
:1035B0001B0B16009846CA0F4B000400924685B0BC
:1035C0005B0D00D1C2E1CC4A934200D128E14146D3
:1035D000420FC9000A43802109041143C2009146E9
:1035E000C64A884693469B440023002501933C032A
:1035F0007A00FB0F3000240B520D009300D185E1BF
:10360000BD4B9A4200D160E1BC4B9C46624493445E
:103610000A2D00DD14E1730FE4001C4380231B041A
:103620002343F0005246009900264A409246022D5C
:1036300011DD0122AA40A6211400C9000C400A4253
:1036400000D0FDE0902189000A4200D0D4E1882119
:10365000114200D0EFE049464A460904140C090C17
:10366000020C0F0015000004000C65434743019550
:10367000B9462F000D0006005543AC464D46664343
:103680002D0CB4446544AE4205D93E0080277F022C
:10369000BC46664401964F463F043F0C2E0C2D0459
:1036A000ED1902951D0C1B041B0C00951D001F003D
:1036B00065434F43AC46009D69436C433D0CA946AE
:1036C000614449448C4503D980256D02AC4664446D
:1036D0003F040D0C3F0C0904C919AC46751803953D
:1036E00045462E04360C2F0C350045437843804662
:1036F00038006444AC462D0CA94650437243424402
:103700004A44904503D980256D02A8464044150CD3
:10371000A84665462D042D0CAC4635005D431204C9
:103720006244AC467B43009D404498462B006E4368
:1037300065467B4346442D0CAD191F000093A845F8
:1037400004D980235B02984647440097039B019E5F
:1037500098462B044644984663468E4289411B0492
:103760001B0C4344B61849421B195F1896429241FC
:10377000BC465242804691468C458941A3429B41BA
:10378000E044C14449425B42914592410B4380452C
:1037900089412D0C494252420A435B199B18009AF9
:1037A000029994464A4663445B02D20D1A439046FE
:1037B00072020A43511E8A41F60D16434A465202CE
:1037C0001643B146DB0154D44D4A5A44002A00DC6A
:1037D00018E133005B0715D00F215B463140042907
:1037E00010D04946081D48458941814649428844D0
:1037F0004146C90106D54146424A114080228846C9
:10380000D2009A18404B9A4200DD2BE141464B46CC
:103810004C07DB081C4352054B021B0B520D1AE0F0
:1038200042460243914600D0E0E09B460223904688
:1038300008250193DBE6009A984692468146019658
:10384000019B022B00D10DE1032B35D0012B1BD1A5
:1038500000220023002412051A435346DB071A43B3
:103860002000110005B0F0BCBB46B246A946A046F8
:10387000F0BD01227308324013434246D20713437E
:10388000994643465B08984680225B46D2005A44DC
:103890000133002A00DCB6E049464907A8D00F21D1
:1038A0004846014004299CD1A2E70F2D00D1FDE03C
:1038B000009BA0469A46B146802342461B03134311
:1038C0001B034C460C4A1B0BC5E70B4933008C46C7
:1038D0002343E344002B77D1022129430A29AFDC9B
:1038E0005046009C60408246002D00D10EE10D0044
:1038F000002002269DE6C046FF07000001FCFFFFF6
:10390000FF030000FFFFFFFEFE070000230033431C
:103910004BD0002C00D1BBE02000FEF7C3FB03001E
:1039200002000B3B1D20C31A3000D84011000300D9
:10393000300008398C408840234359468A1A784918
:103940008B4693440A2D00DC6CE679E7434603433B
:10395000994623D04346002B00D187E04046FEF72E
:10396000A1FB0B235B429C460200844411004046AD
:10397000083988401D23804660461B1A2000D84025
:10398000030040460343984623008B409946644B0E
:1039900000259B1A9B460023019328E600239846A6
:1039A0009B4601330425019321E6012215430A2D8C
:1039B00000DD45E7524600994A409246022D00DC60
:1039C00046E70020012634E603231D430A2D00DDCF
:1039D0006BE75346009A882153400122AA409A4639
:1039E00003262300114200D135E624E79B4603233A
:1039F00081460C250193FAE500239A468023494A23
:103A00001B0328E75B460121891A382900DD1FE7DF
:103A10001F295ADD1F204042821A4046D0402029EB
:103A200008D0414A9446424663449A4013004A46AD
:103A30001A4391464A460721531E9A410C000243FD
:103A400000231440114209D008311140042960D0EC
:103A5000111D9142A4410A0064426407D208144334
:103A60000022F8E6002300242E4AF4E6FEF71AFBB3
:103A700015239C4684440200634620321C2B00DC44
:103A800074E70023994623000838834098467EE770
:103A9000FEF708FB03000200153320321C2B00DC6C
:103AA00040E7330008388340002046E78023424641
:103AB0001B031A4200D1FFE61C4200D0FCE6009A2C
:103AC000234392463400174AC5E6184A40469446B6
:103AD0004A4663449840CA4010434A469A40531E9F
:103AE0009A4143460243CB40510709D00F21114070
:103AF000042905D0111D9142924152429B180A009F
:103B0000190208D5012200230024A4E60023002482
:103B1000A1E60024A2E75C075B021B0B9EE7C04600
:103B20000DFCFFFFFF0700003E0400001E04000024
:103B3000F0B54E464546DE465746E0B583B00090A8
:103B400001910D034E000199760DCC0F690A009D7D
:103B50006D0F0D43009900920193C8001903019B5A
:103B6000CB4A5B005B0D9946019B8346DB0F984671
:103B70004B0A0099490F1943009BDB009C469A466B
:103B8000914500D173E0012347465F404B46B8465C
:103B9000F31ABC4216D0002B00DC9AE24F46002FED
:103BA00000D082E067460F4300D13AE15F1E012B4F
:103BB00000D1A4E2934200D12EE1382F00DD43E290
:103BC0003B003EE1002B00DCD7E24F46002F00D047
:103BD000F8E067460F4300D123E15F1E012B00D1BF
:103BE00057E2934200D117E1382F00DC04E3802232
:103BF0001204154200D1AAE31E0015000027A44BB1
:103C000001369E4200D103E10122A24B3A401D4001
:103C100079081143EA070A436D08530709D00F23B7
:103C20001340042B05D017003A1DBA42BF417F4212
:103C3000ED192B0200D477E3954901368E4200D16D
:103C4000E6E0944973050D405B0D6907D2086D02EB
:103C50000A432D0B1B052B43E407234310001900D7
:103C600003B0F0BCBB46B246A946A046F0BD8A4BA5
:103C7000F21863460B434CD0444550D0002A6CD018
:103C8000002E00D17DE1634644464F07DA08174312
:103C9000C8083A00024300D1CDE080252D0305433A
:103CA0002D033A007A4B2D0BD4E7964200D1B3E0B6
:103CB000382B00DCC2E0471EB842804140422D1A3A
:103CC0002B02B1D50127754D7F422800FEF7EAF996
:103CD0000838202339001A1A8540D14087402943EB
:103CE000B04200DA45E1801B01301B1A3D009F40C5
:103CF000C5407A1E97410A009A402F433A43C1407B
:103D000013000D0000260B4300D086E7002200259B
:103D1000A0E7474601235F40B8464445AED1002A9C
:103D200000D1EFE0002E00D088E14B462A0002438C
:103D300000D1A0E25A1E012B00D1B7E2544EB3428B
:103D400000D17BE1382A00DC12E380252D042942D2
:103D500000D112E31E00002751E7514A731C1342A1
:103D600000D0F4E062462B000A430343002E00D04B
:103D700074E1002B00D123E2002A00D1E0E0634689
:103D8000C71AB842924180266B1A52429B1A3604D7
:103D9000334200D1C1E26346181A844592414D1B5B
:103DA0005242AD1A0124020043462A431C40002A15
:103DB00000D1DBE0354200D1E9E2364B02001D4084
:103DC000012342E7964227D0382B00DD11E1802203
:103DD000120411431F2B00DDA1E120220F00D21A93
:103DE000914697406246DA401743B84662464F46CE
:103DF000BA40D940571EBA4147466D1817433F187D
:103E00008742804140422D182B0200D5F7E634E06E
:103E10003300002500221DE7C0086F070743E808AC
:103E200037E7C7086A071743194AE808934200D1E1
:103E30002FE73A00D8E0164B00250BE7802212044A
:103E400011431F2B00DDB7E020220F00D21A91464C
:103E500097406246DA401743B84662464F46BA403A
:103E6000D940571EBA4147466D1A1743C71BB8427F
:103E7000804140422D1A2B0216D47B0700D179E2F3
:103E80000F233B40042B00D0CEE63300FF08C9E7E8
:103E9000FF070000FFFF7FFF01F8FFFFFFFF7F002C
:103EA000FE070000444601266D026D0A002D00D079
:103EB0000BE73800FEF7F6F8030018301F2800DC87
:103EC00007E73900083B9940864200DD87E0831B05
:103ED000581C1F2800DC14E20A001F3BDA4020288F
:103EE00005D040231B1A99404B1E99410A43002AD2
:103EF0003CD00026530700D091E617003500330070
:103F0000FF088FE7CA4A731C13427AD12B00034380
:103F1000002E00D092E162460A43002B00D1F4E16A
:103F2000002A0DD06346C718874280416D18404271
:103F30002D182B0200D512E23A00BB462A4315D0B9
:103F40005B466A07DF083A430023E8084CE0634613
:103F5000C71AB84292416B1A52429B1A1A0200D5F4
:103F600087E03A001D001A43A0D100240023002559
:103F700070E6B04D361A0D407B0700D080E7330065
:103F800084E74B462A0002437ED05A1E012B00D103
:103F90001FE1A94CA34200D198E1382A00DC9CE142
:103FA0006246571EBC45924152428D1A44461E003D
:103FB0002A0200D586E637E61A000F00203AD740DD
:103FC000B846202B05D04022D31A994063460B43B4
:103FD0009A4657467B1E9F4143461F4346E7954AF4
:103FE000331A11404A07C80805035B052D0B5B0D0A
:103FF00030E680231B041D4200D1FBE01D0000279A
:10400000FDE58D4A934200D103E762468218824261
:104010008041691840420818C707520817434508ED
:10402000520700D4AEE10F221E003A40042A00D00D
:10403000FAE5FF086A073A430009D5E763464F07E8
:10404000DA081743C80824E6471EB84280414042B8
:104050002D1A1E002A0200D534E6E5E5002B00D01B
:104060000DE1002A00D069E180250024724B2D0368
:10407000F0E563461F1ABC459241012443464D1B9F
:104080005242AD1A1C4011E7624644460D00D70863
:10409000C8E66346C618864280416918404209183E
:1040A0000B0200D40CE1634B70081940CB070343AB
:1040B0004A08400700D43BE10F201840042800D1F3
:1040C00036E11F1D9F42AD416D420223AD18FF082E
:1040D000A8E6002B00D140E64B469B1B002E00D1EA
:1040E00050E7382B2EDD63465F1EBC45924152429D
:1040F0008D1A44464E462B0200D5E3E594E563460F
:10410000C71AB84280416D1A40422D1A2B0200D5C1
:10411000C9E66A07FF0801233A43E80864E71A0082
:104120000F00203AD740B846202B05D04022D31AA2
:10413000994063460B439A4657467B1E9F41434630
:104140001F435CE680223C00120415431F2B26DC33
:1041500020222F00D21A060090409740DE40421ED7
:104160009041DD4037430743491B6346DF1BBC4595
:10417000924152424E468D1A7DE6002B00D1C1E697
:104180004B469B1B002E00D1D0E5382B36DD802519
:104190002D04294200D1DDE04E4600272FE51A000C
:1041A0002E00203AD640202B05D04022D31A9D4025
:1041B0002F000743BB465F467B1E9F413743D4E732
:1041C000002A00D1D1E6012443460D00E3461C40FD
:1041D000B6E663461F1ABC4592414D1B5242AD1ACA
:1041E0002B0200D55EE66A07FF08444601233A43E6
:1041F000E808F9E6471C17E53B00EBE580221204CE
:1042000015431F2B6CDC20222F00D21A0600904091
:104210009740DE40421E9041DD4037430743491935
:1042200067446745924152424E465518ECE5C046F8
:10423000FE070000FFFF7FFFFF070000002B00D1FB
:10424000FCE6C7086B071F436346E8080B4300D131
:104250001FE580231B03184207D0CA081A4204D165
:1042600063461000DF0849070F437B0FFF00FF087C
:104270005B071F430DE562460D00D708D2E5C7086E
:104280006B071F43E808002A00D102E580231B03C7
:104290001842EAD0CA081A42E7D163460124DF086F
:1042A0004346490710000F431C40DEE76044604569
:1042B000924169185242891806000B0200D5F2E6B5
:1042C0004A07F60801233243C8088DE66346DF0833
:1042D0004B0744461F43C808DBE44446130035E758
:1042E0001A002E00203AD640202B05D04022D31AA7
:1042F0009D402F000743BB465F467B1E9F413743CF
:104300008EE7202300271B1AF5E40023002A00D1A2
:1043100092E567460D00FF0884E53A001A4300D194
:1043200023E61D00BB460BE617003300FF0879E5C6
:10433000DB0852071A430809022355E663460124A5
:10434000DA0843464F071743C8081C40A1E41E0083
:10435000471C69E467460D004E46013764E40F4B85
:10436000FF081D406A076D0201233A432D0B71E4DB
:10437000130046E73300FF0854E567460D001E00B2
:10438000013751E46A07FF083A4300092CE6C008E8
:104390006A0702430023E80826E6C046FFFF7FFFC6
:1043A0000B00020070B5164D0C0382B049000020CE
:1043B00000920193240B490DDE0FA94204DD114840
:1043C000814203DD104BF01802B070BD8020400325
:1043D00020430E4C641A1F2C08DD0D4B5B1AD8408D
:1043E00003005842002EEFD11800EDE7094B009A68
:1043F0009C46030061448B40E2401343F1E7C04612
:10440000FE0300001D040000FFFFFF7F33040000D7
:1044100013040000EDFBFFFF70B5002816D0C31792
:10442000C5185D40C40F2800FDF73CFE104B1B1A59
:104430005B055B0D0A2814DC02002E001532964045
:104440000B22121AD5402D032D0B03E0002400236C
:10445000002500261B052B43E407234330001900E9
:1044600070BD0B3885402D0300262D0BF2E7C046AA
:104470001E04000010B5041E10D0FDF713FE0E4BF5
:104480001B1A5B055B0D0A280FDC0B222100121A98
:10449000D14015300A038440120B01E000230022B2
:1044A0001B0513432000190010BD22000B38824069
:1044B00012030024120BF3E71E04000070B5420241
:1044C0004300C40FFE201B0E591C550A08420CD095
:1044D000E02189008C466D07120B63441B051343D2
:1044E000E40723432800190070BD002B14D1002DD0
:1044F0001BD02800FDF7D6FD0A281CDC0B232A0060
:104500001B1ADA40030015339D400E4B12031B1A91
:104510005B05120B5B0DE1E7002D09D0130B802228
:1045200012031A436D07084BD8E700230022D5E792
:104530000022054BD2E703002A000B3B9A400025DE
:10454000E3E7C04689030000FF070000844610002F
:1045500062468C461900634600E0C0461FB500F075
:10456000F5F8002801D40021C8421FBD10B500F0A5
:1045700037F84042013010BD10B500F0E7F80028D0
:1045800001DB002010BD012010BDC04610B500F0B9
:10459000DDF8002801DD002010BD012010BDC0465F
:1045A00010B500F063F8002801DC002010BD0120E8
:1045B00010BDC04610B500F059F8002801DA0020FF
:1045C00010BD012010BDC04610B5002903D1FDF774
:1045D00069FD203002E00800FDF764FD10BDC04613
:1045E000F0B55746DE464E464546E0B50D000400A0
:1045F000E80F83460903D80F090B82461A488C46F8
:104600001F0369005E00490D3F0B760D81421AD0F1
:10461000864211D00120B1420FD1BC450DD1A2423A
:104620000BD1D3451ED0002907D1614611430A00A2
:10463000531E9A41100000E00120F0BCBB46B24678
:10464000A946A046F0BD01208E42F6D1614639430D
:104650000F0017432743F0D15B465246981A431E7A
:104660009841EAE70020E8E7FF070000F0B5574669
:104670004E464546DE46E0B50D000E034900490DA5
:104680008A46DF0FE90FBC4683B02F4F04008046F7
:104690000191580019039146360B090B400DBA459C
:1046A0001DD0B8420DD05746002F2AD134430028E0
:1046B00024D10A4336D0002C41D16346580001383A
:1046C00015E0114338D15346002B01D12643F4D0D5
:1046D000019B634507D1019B5800013807E0264341
:1046E0002AD1504521D00120019B5F42384303B0BD
:1046F000F0BCBB46B246A946A046F0BD002CDCD0BB
:10470000E6E70028EFD0019B6345ECD18245EADC67
:10471000E1DB8E42E7D8DED1C845E4D80020C845A9
:10472000E5D2D8E7002CE2D0DDE7114304D1019BAC
:104730006345D8D10020DAE702204042D7E7019B49
:104740006345E6D0CFE7C046FF070000F0B5574607
:104750004E464546DE46E0B50D000E034900490DC4
:104760008A46DF0FE90FBC4683B02E4F0400804617
:104770000191580019039146360B090B400DBA45BB
:104780001ED0B8420DD05746002F27D13443002801
:1047900033D10A4334D0002C40D16346580001384D
:1047A00015E0114312D15346002B01D12643F4D01A
:1047B000019B63451DD00120019B5F42384306E009
:1047C000264303D15045F6D111431CD0022003B03B
:1047D000F0BCBB46B246A946A046F0BD0028EAD0D0
:1047E000019B6345E7D18245E5DC02DB8E42E2D8DE
:1047F0000ED0019B58000138E9E7002CCDD0D7E757
:10480000002CE4D0D7E7019B00206345DFD0D2E73E
:10481000C845D0D80020C845D9D2EAE7019B6345F6
:10482000E4D0C8E7FF0700000020044B10B51B6868
:10483000834201D01B68984710BDC04694280020D1
:10484000054B10B51B68002B04D05A69002A01D013
:104850005B69984710BDC04694280020F7B5040056
:1048600000933F2851D100252A4805700325654350
:1048700029482E5C8E4207D145196E78964203D1A5
:10488000AD78009B9D423FD003256543009B415579
:1048900040194270837018206043204C1126001983
:1048A0002B27002407231D1B063BAB4035001A4273
:1048B00000D03D0005550134082CF3D1030004005D
:1048C000020011262B270F33083410320193019B6D
:1048D0001D1B0123AB403500194200D03D0025705F
:1048E00001349442F3D1040011262B2718341730D9
:1048F0000123811A8B40009D31001D4200D03900F8
:1049000011700132A242F3D1F7BD0028AED10125CA
:104910000048AAE783280020781700209818002074
:10492000F8B505000E001700002420003B003200FF
:1049300029000134FFF792FF402CF6D1F8BD0000AA
:1049400000B5372827D8032804D8002300E0042323
:10495000180000BD04383328F7D8FDF741FB4E405E
:10496000464640F61A404E404040F6F64E62F6F695
:1049700066F65450405846F64A4A4A4A4A4A4A4A13
:104980004A6AF6F6F6F6F6F6F6F6F6F6F6F6F6F6FF
:10499000F6520623DCE7284BC01882B20023332AE4
:1049A000D6D83328D1D8FDF71BFB281A36381AD0B1
:1049B0001CD02830D0D0D0D0283ED0D026D0D02A7D
:1049C0001A343A1ED0D0D0D2D042D0D0D0D0D0D00D
:1049D000D0D0D0D0D0D0D0D0D0D0D0D022220123AF
:1049E000B6E70523B4E70723B2E70823B0E70923B6
:1049F000AEE70A23ACE70C23AAE70D23A8E70E23B2
:104A0000A6E70F23A4E71023A2E71123A0E71223B0
:104A10009EE713239CE714239AE7152398E71623B0
:104A200096E7172394E7182392E7192390E70323C7
:104A30008EE702238CE7C046FCFDFFFF10B5074C54
:104A40002268FF2A08DC064B06491B68D318DBB234
:104A50005B0001325852226010BDC046741700201E
:104A6000701700206E15002010B50400FA200B4BC3
:104A70001B68C01AC343DB171840401A111E00DC24
:104A80000121FDF793F9002800DC0120002C00DC57
:104A90000124A04200DD200010BDC0467417002094
:104AA00070B50500081E00DC012001220021FFF77F
:104AB000DBFF00240600681E0E280CD8FDF79AFACA
:104AC000080F11131515181815151B1B1D1F210094
:104AD0005020FFF7B3FF0134A642ECD170BD512046
:104AE000F7E75220F5E74F20F3E75020FF30F0E7DB
:104AF000A8204000EDE74A20EBE74D20E9E74E20F3
:104B0000F4E7A520F5E7000010B54A20FFF796FF6F
:104B10000148FFF793FF10BD4D02000010B51A28A1
:104B200024D00DD8053883B20A2B15D80A2813D8FB
:104B3000FDF760FA2712121C12121E1221252E00F8
:104B4000154B984226D008D8144B984219D00333FD
:104B500098420BD0272816D010BD114B984214D084
:104B6000104B98420FD0104B9842F5D10F4803E0FC
:104B70009420800000E00E48FFF760FFECE70D484E
:104B8000FAE7D420F5E70C48F6E70C48FFF756FFA4
:104B90000B48F1E70B48EFE70A02000005020000AE
:104BA00021020000230200001A0200004F0300004F
:104BB00051020000520200004A0200004D020000B3
:104BC0004F0200004D03000010B54D20FFF736FFE7
:104BD0002C20FFF733FF4C20FFF730FF5020FFF76A
:104BE0002DFF10BD812310B59B0098421BD004D827
:104BF000042816D0122818D010BD83239B00984299
:104C00000BD00D4B9842F7D14A20FFF717FF8A20AF
:104C10008000FFF713FF522000E04A20FFF70EFF4D
:104C2000EAE74F20FAE74D20F8E74D20FFF706FFAF
:104C30008A208000F2E7C046120200000021074BE4
:104C4000074A196001231360064A1370064A11705F
:104C5000064A1370064A13707047C0466815002054
:104C600064150020631500206215002061150020E6
:104C700060150020030000B50B20272B11D017D89A
:104C800000200F2B10D8042B0BD9581F0A2809D845
:104C9000FDF7B0F92F08083108080608332B2D005E
:104CA000012000BD0020FCE71A2BFAD10530F8E7FF
:104CB000134A06209342F4D00DD8123A043093429E
:104CC000EFD0104A04309342EBD00F4A9B185A425F
:104CD0005341D800E5E70D4A0D209342E1D00C4A3C
:104CE00000209342DDD10C30DBE70320D9E704201C
:104CF000D7E70720D5E70920D3E70220D1E7C04650
:104D00001A0200000A020000FBFDFFFF2102000062
:104D100023020000084B1B78002B08D1074A1368B8
:104D20003F2B05DC591C1160054A5B009852704707
:104D30000122044B1A70FAE74415002040150020A8
:104D4000BE140020BC140020034B01201B78002B54
:104D500001D1024B187870474615002045150020F8
:104D60000F4970B500220D0004000E4803789342ED
:104D700006D1102B0CD05A1C5B000270EC5270BD97
:104D800002318E1E3688A642F9D00132D2B2EEE749
:104D90001E2228000449FCF751FEEC83EFE7C046D1
:104DA00008140020071400200A140020002270B507
:104DB0000C490D4D0B78D4B2A34201D800200DE070
:104DC000541C6600AE5B864209D10120013BDBB278
:104DD0000B7006495B005B5A5200535270BD2200B3
:104DE000E9E7C0460714002006140020081400203C
:104DF0009521084A0300821892B2012049018A4293
:104E000007D3054A00209B181F229BB29A424041BB
:104E1000C0B2704700C0FFFF40ADFFFF0200E03AA4
:104E2000012310B5072A04D9292802D0FFF7E0FF93
:104E300003000120184010BD084A094B10781B7868
:104E40001843084B1B681B78002803D15A42534172
:104E5000D8B27047184101231840FAE70514002022
:104E6000041400200014002037B58AB201AB0400FE
:104E700019800020120A052A0DD81D780F2D0AD896
:104E80000130042C07D8062363439B181B015B19D0
:104E900083400149585A3EBDE0200100034B187978
:104EA000013843425841C0B27047C046640C0020EC
:104EB0000200393A030001200C2A0CD9703A8242D0
:104EC00009D92C2B07D01800293B173842425041F2
:104ED0005A425341184370472C2814D10C4B0029D7
:104EE00008D001221A700B4B1A7000220A4B1A705C
:104EF000012070471A78002AFAD01970054B1970F2
:104F0000054B1970F4E7173843425841C0B2F0E737
:104F1000CA130020C9130020C8130020F82210B5BE
:104F2000441EFF3C030052010020944208D20A3B79
:104F3000FF3B1800421E90415A4253414000184323
:104F4000884710BD054B1B7803431A1E01D0DB06B2
:104F5000DA0F034B1A70034B1870704704140020CB
:104F600007130020051400200123834010B5034AD5
:104F700010789843FFF7E6FF10BDC04605140020E7
:104F800073B582B201AB1880120A052A1CD81B78AF
:104F90000F2B19D80320012612019B18DA08504361
:104FA0000A4A35008018072213409D400022EDB2C6
:104FB0000B00D340845C33405B4263402B405C4039
:104FC00084540132032AF3D173BDC046DA120020A3
:104FD00037B583B201AA10801B0A0020052B16D812
:104FE00011780F2913D807241B01CB1803210200C5
:104FF00001251C40DB085943054BC9188B5CE34075
:105000002B40934001321843C0B2032AF6D13EBD73
:10501000DA12002070B50B4B1C7801231D0085406F
:1050200028001D008D402900934001432000CDB28F
:10503000984321408D4201D11C43E0B2FFF782FF2B
:1050400070BDC046051400200721054B054A1B789A
:1050500012789A4200D1704701330B40F9E7C046FD
:105060001E1300201D13002070B50B4C23781A006E
:10507000824310002270050007221540104209D11A
:10508000984207D0054B5B785B0703D5C008FFF754
:105090006BFF257070BDC046181300201A13002046
:1050A00070B5134A134B144D10781B782C781843A5
:1050B000002C18D0114B9B78012B03D1104B1B787F
:1050C0007F2B11D806210F4B002259181E78002E75
:1050D00001D00132D2B201338B42F7D1002A01D084
:1050E00000232B70204370BD1E21074BECE7C04608
:1050F000061400201C130020161300205C0C002056
:105100001A1300208A12002092120020024A1378FB
:10511000834313707047C04606140020030010B587
:10512000E7280AD8DF280AD8312800D173E00FD841
:10513000292866D02A2800D174E0180010BDE03874
:105140000728FAD8FCF74CFF18F927303DF9474CEF
:10515000392808D0822806D03528EED1374A12786F
:105160009206EAD506E0354A1178890761D152786E
:105170001207E2D52923E0E7304801210278140024
:105180000C400A4245D140780842D6D02300D206CE
:10519000D3D4E323D1E7294A12785107CDD5002390
:1051A000D206CAD4E333C8E72449E2230A78500779
:1051B000C3D4487801210400023B0C400842E5D0EA
:1051C000BBE71E4A51788907B7D512780023D2066B
:1051D000B3D4E733B1E7194A12781107F6D4ACE734
:1051E0001649E6230A781007A7D44878022104005C
:1051F000023B0C400842A0D12300D2069DD4E723F5
:105200009BE70E4A1178890615D45278120700D40C
:1052100093E7392391E7094A1278520600D48CE7C4
:105220002A238AE7054A1278520600D485E73123FB
:1052300083E7E02381E735237FE7C0461A13002088
:1052400030B5254C21784B070DD514220240043A85
:1052500053425A4118230340083B5D426B419A4236
:1052600001D00C2358400B070DD514220240143AEC
:1052700053425A4118230340183B5D426B419A4206
:1052800001D00C2358406478E3070DD51122024069
:10529000013A53425A4118230340083B5D426B4197
:1052A0009A4201D009235840A4070DD5112202408B
:1052B000113A53425A4118230340183B5C42634160
:1052C0009A4201D009235840C90603D5030701D5E6
:1052D0001823984330BDC0461A13002070B5FFF75D
:1052E0001DFFA4230400DB0198424CD2A023DB0164
:1052F000984200D39BE0DF281CD8CC2859D8A72897
:105300000AD8A42800D979E0012869D0031F9BB2EC
:10531000A02B65D9002463E00300A83B9BB21A2BA5
:10532000F8D85834504BE4B26400E35A8824E401BE
:105330001C4355E08023DB01984219D28026B60138
:10534000B04200D383E0E7284AD9F822431EFF3B4E
:105350009BB252019342DDD2000AC0B2FFF770FF48
:105360000500E0B2FFF7DAFE2D02284384B237E0F1
:10537000C0B2FFF7D3FEF0231B0123403B4C184380
:105380000443A4B22CE0A523DB0198421DD2384B84
:1053900098423CD8374B98420DD8374B984231D879
:1053A0000322C4B2A3081440023AA2405B01334C6A
:1053B00013431C43E5E70321012201408A40C30651
:1053C0005B0F5B012E4C1343F3E72E4B984209D839
:1053D0001F202D4B20409C4223D82C4C000204431C
:1053E000201C70BD2A4BC3189BB21F2B00D991E71C
:1053F000F82304025B011C40264B99E78023243CE0
:10540000DB01D6E71F230340234C1B0290E7032157
:10541000012201408A40C3065B0F5B011F4C13430E
:10542000C7E7FFF70DFF80240002A401A8E71F20B3
:105430002040FFF705FFE3051B0F1B0202B2C00669
:1054400002D5FF2112010A40154C1343B1E7C004F5
:10545000C00EFFF7F5FE0500E0B2FFF75FFE2D027C
:1054600005432E43B4B2BBE72C1E010000A0FFFF92
:105470005F5200003F5200001F520000008DFFFFEE
:10548000008CFFFFBF5200009F520000F4A00000FC
:1054900040ADFFFFF0A00000F1A00000008AFFFF78
:1054A0000090FFFFF0B50424104A114B12781B78CE
:1054B00085B001AF1A433880009203AE009B0122F1
:1054C0002341134205D1013CF8D20025280005B044
:1054D000F0BD3B88E5B2338031682800FFF7C4FC9B
:1054E000FFF7FCFE80B20128EDD0EFE705140020A5
:1054F0000414002013B54379008801AA1080019894
:10550000002B0DD000290BD0FFF7CCFF04000100C9
:105510000198FFF735FD20000199FFF7A5FC16BDA6
:10552000FFF756FD0400F6E71FB501AC2080019897
:10553000FFF7B8FF228803AB1A800399FFF794FCAA
:10554000FFF7CCFE04B010BD10B500240379A342D0
:105550001ED00088FFF7E8FFC2B20004030F062B3D
:1055600018D00F21062B0DD80E330B40012B0FD86E
:105570000124F02A0CD007D80024E7239342644189
:10558000E4B205E00633F0E7F43A53425A41D4B2AC
:10559000200010BDE72393426441F13A53425A413F
:1055A0001443EDE703000020104A10B51278824240
:1055B00018D10F490C78E0B2002C14D19022D205FA
:1055C0001268D2060ED40B4A013414700A4A0C70C9
:1055D00010700A22094802703632427083700CF053
:1055E00009F8200010BD1000FCE7C0466A0C00203E
:1055F000552900205429002012290020D2280020FB
:1056000070B51F4B9B78012B20D11E4B1B787F2B35
:105610001CD9FFF745FD1C4C1C4D60702022290051
:105620002000FCF715FB002828D0202221002800AC
:10563000FCF7A6F9164B1B68002B1FD09B68002BAC
:105640001CD0062222702000984717E0FFF728FDA3
:10565000104C114D2070082229002000FCF7F8FAA8
:1056600000280BD0082221002800FCF789F9084BFC
:105670001B68002B02D05B68002BE4D170BDC046D4
:105680005C0C00201A13002090120020B21200209F
:10569000AC23002088120020D212002010B5002870
:1056A00003D0FFF733FDFFF7ABFF10BD10B50028A7
:1056B00005D0034B1A7810431870FFF7A1FF10BDF7
:1056C0000614002010B5084B08491A780223087800
:1056D00002431A4206D103430B70FFF791FF0122E8
:1056E000034B1A7010BDC046281400200614002079
:1056F0002914002010B5002805D0034B1A78104358
:105700001870FFF77DFF10BD1C13002010B5002896
:1057100005D0034A137883431370FFF771FF10BD60
:105720001C130020F0B52C4E040033780D0001331B
:10573000DBB291B0142B00D10023284A12789A4290
:1057400021D04022002168466F46FCF72DFA082D33
:105750001BD12A002100F81CFCF712F90B23327828
:105760001F49204892013980801839004022BB70BF
:10577000FCF706F933780133DBB233703378132B3F
:1057800001D90023337011B0F0BD2078023804280D
:1057900020D8FCF72FFC180A111F03002A00210053
:1057A000F81CFCF7EDF80C23D9E72A002100F81CBF
:1057B000FCF7E6F80F23D2E72A002100F81CFCF7DB
:1057C000DFF80E23CBE72A002100F81CFCF7D8F8FD
:1057D0000D23C4E70023C2E7A51E0020A623002056
:1057E0000A400000A61E0020084B10B51B780400DC
:1057F000012B02D80821FFF795FF054B1B68002BF2
:1058000002D020005B68984710BDC046640C0020A1
:1058100094280020084B10B51B780400012B02D8F7
:105820002021FFF77FFF054B1B68002B02D02000D3
:105830009B68984710BDC046640C00209428002047
:10584000084B10B51B780400012B02D80621FFF786
:1058500069FF054B1B68002B02D02000DB689847CE
:1058600010BDC046640C002094280020084B10B5E1
:105870001B780400012B02D80321FFF753FF054BCF
:105880001B68002B02D020001B69984710BDC04642
:10589000640C0020942800200B4B70B51B78002B63
:1058A00010D10A4D2C68002C06DD09480949620018
:1058B000FCF766F8084B1C600023084A2B60137045
:1058C000074A137070BDC0464415002040150020E3
:1058D0003C140020BE140020381400203514002091
:1058E000BC14002037B56B460400DD1D2A000121E1
:1058F000006808F01FFD23682878013323603EBD4F
:105900000122264B10B5D96B90241143D963244949
:10591000E4054A608021586C4902014359643C21E6
:10592000204BD963986A3431884310390143996216
:1059300000215964196B114319638021586D0902C4
:10594000014359650821986A01439962996D2000C5
:1059500011439965196811431960042109F0B0F8E1
:10596000A36A114A1340A362A023A26ADB00134377
:105970003022A362236993432361202322691343C6
:1059800042222361094B1A60094BDB78002B04D1BA
:1059900011210848084AFCF707F910BD0010024021
:1059A0000000024000400140FFF0FFFF780002408D
:1059B000901800209818002002060000002270B500
:1059C0002F4B304C1A70E36B3C2B01D0FFF798FF44
:1059D00004232D4DAA6A1A42FCD12C492C4B48793C
:1059E0002C4A00280ED12C480078022806D02B48DB
:1059F0000078002802D00978002903D128490978C5
:105A0000002905D10121197080235B02936070BDCC
:105A100024490120097889072CD090601A78002A3F
:105A200004D0002202301A7008F0ECFF0122C020DE
:105A30000021A36DC0009343A3651B4B19541B4861
:105A400019541B4B1B491C4899601C4998611960EB
:105A50001B491C48596059611B4918611C334B6232
:105A60001A4BCB621A4B8B620423AB62A36D1A43B1
:105A7000A265CCE7187080235B029360D6E7C0462E
:105A8000832800200040014000000240CB28002075
:105A900088180020000C0048640C00208728002093
:105AA0008E28002090180020981800200106000081
:105AB00038180020F73E00C0172100C0871C0020C6
:105AC00044400140991E0020FC000240768000AA5C
:105AD0002C0202400022F0B5564B050087B00800AA
:105AE0001A70632917DD632001220221FEF7BCFF33
:105AF000514B04001B78002B11D00B20002D00D03F
:105B00000F20002685B228000136FFF707F8B442BF
:105B1000F9D107B0F0BD0029E6DC0120E4E7474FEA
:105B20003A680192464A16680392019AB21A0492A0
:105B3000444A059212780292002D3AD0002A10D0E1
:105B40008619642EE5DC1D003F480135FEF776FF1F
:105B5000AC42F9D1039B1E603A4A3C4B12781A7052
:105B6000D7E7019BC518B54208DA029E36480136D0
:105B7000FEF764FFB442F9D13D60EDE70135642DD5
:105B8000C7DC2920FEF75AFF049B4F20591E029ABA
:105B90000BF0A8FF049B029AE11A2B4802310BF08C
:105BA000A1FF039B059A1D600123013E3E60137017
:105BB000D2E7029B002B0DD1019B1E1A33006433E8
:105BC000A7DB942001358000FEF738FFAC42F8D106
:105BD0003E60C1E7019A331A029393420ADD942092
:105BE00001358000FEF72AFFAC42F8D1039B029AF0
:105BF0001A60B1E7013E361A3300643300DA88E7F1
:105C00002920FEF71BFF049B2A00591E50200BF091
:105C100069FF9420049B2A00E11A023180000BF0F6
:105C200061FF019B039A01331360059B3E601D7069
:105C300092E7C0466015002062150020681500201C
:105C400064150020631500204F020000611500203C
:105C500010B583280ED108F07DFCC00709D553206C
:105C600008F0B0FCFFF7CCFC532008F0E1FCFFF794
:105C7000C7FC10BD84280AD108F06CFC4007F8D599
:105C8000472008F09FFCFFF7BBFC4720EDE7031F10
:105C9000DBB2A02BE9D903002033DBB2072B07D8F6
:105CA0000723034001209840C0B2FFF72FFADEE738
:105CB00003005B33DBB2022B03D8002008F04EFC5C
:105CC000D7E703005833DBB21A2B03D8002008F0C3
:105CD0005FFCCEE703003333DBB2122BC9D808F0E8
:105CE00097FB08F083FDC4E710B500280FD0822889
:105CF0000ED108F02FFC800709D5392008F062FC8E
:105D0000FFF77EFC392008F093FCFFF779FC10BD0B
:105D1000FFF79EFFFBE7000070B500242600104D42
:105D20002B78002B05D00F4A6300D05CFFF7DCFF17
:105D30002E700D4B0135E31801341E70042CEFD189
:105D40000A4C2378002B0AD00220094B1B7803420F
:105D500003D1FFF7DBF9FFF753FC0023237070BD7D
:105D60002E1400209C2001002A1400202914002059
:105D700028140020184B70B51A78002A23D000246C
:105D80001C70164D2B78A3421ED80123144E154CBF
:105D900032781A4205D022781A4202D1E020FFF769
:105DA00057FF022332781A4205D022781A4202D1D4
:105DB000E420FFF74DFF00230B4A337013700B4AAA
:105DC00023702B70137070BD094B6200985C013416
:105DD000FFF78AFFE4B2D4E7EE130020D4130020CB
:105DE000D3130020D2130020D1130020D0130020A1
:105DF000D61300200A4910B54A785307DB0F8342B7
:105E00000CD00123034004209B0082431A434A70B4
:105E1000098808F0FAF80220FFF726F910BDC046FD
:105E20001A1300208023064A1B06D16C0B43D3644F
:105E30008023044A9B0351690B4353617047C0465A
:105E4000001402400004014010B5034B70461A696B
:105E50005A6108F0E7FD10BD0004014010B5FFF7DE
:105E6000F3FF10BD802310B5DB05DA6970461A62B6
:105E700008F0D8FD10BD000010B5034B7046DA697C
:105E80001A6208F0CFFD10BD0004004010B5034BAE
:105E90007046DA691A6208F0C5FD10BD00080040BE
:105EA00010B5034B70461A6E5A6608F0BBFD10BD64
:105EB000000002402B4B70B51A6975465A612A4B97
:105EC0001978002912D110231A420FD0274C2278BA
:105ED000002A0BD0264A10789022D205126800289A
:105EE00008D1110019401A4200D12170280008F091
:105EF00099FD70BD16001E401A420DD02378012B6B
:105F0000F4D1013340221B482370FBF74DFE802063
:105F100040010BF06FFBE9E72378022BE6D1154B2C
:105F20001A78154B1B78002B07D07F2313403B2B8F
:105F300003D10BF0B9FA2670D8E70A2A04D10BF086
:105F4000B3FA00232370D1E70C4A13780133DBB294
:105F50001370022B02D900231370F3E701230848C2
:105F60002370D6E7000401406A0C00205529002068
:105F70005429002014290020132900201229002070
:105F8000D2280020F8B50025C0246C430B4B002715
:105F9000E4180DE07300F2B2E35AF9B2E8B2013648
:105FA00008F0AEF9102EF5D101372034062F01D0BC
:105FB0000026EFE70135052DE6D1F8BDE020010010
:105FC0008023074ADB00D16B0B43D3630222054BCE
:105FD00019680A431A60012219680A431A60704757
:105FE00000100240002802408023124ADB01D16BDE
:105FF00010B50B43D36308F085FB7F220E490F4B8E
:106000000A700F49013A0A700E494F3AC7200A60D8
:1060100099782E3A0A43C0219A700B4A800013588F
:1060200009061B021B0A0B43135080231B06136037
:1060300010BDC046001002408038024000380240C7
:1060400082380240A038024000E100E080220D4B7F
:106050001206DA67BFF34F8FBFF36F8F01210A4A31
:1060600093788B4393708022084BD201196B0A43BB
:106070001A631A6B06490A401A63DA6B0A40DA633C
:106080007047C04604E100E00038024000100240C2
:10609000FFBFFFFFF0B51023002603258BB0954806
:1060A00004A90493069607960896099605950BF0A1
:1060B00013FB8023904A9B00516C02A80B4353644E
:1060C00002960BF0EDFA029B8C4C013300D0F7E006
:1060D00002228B4B99680A439A60012299680A430D
:1060E0009A60E369874A1340E3611823E269134326
:1060F000E361226C844B1A409023DB001343072298
:106100002364236A93431D43804B2562804A1B68A6
:10611000934200D9C9E08022236BD2051B021B0ADF
:10612000134380222363A36FD2001B0B1B03134373
:10613000A367A36F774A13400122A367A3691343A0
:10614000A361E3681342FCD08023E16F724ADB0451
:1061500011400B43E3670423A1691943A1616F490F
:10616000C86F1842FCD1276DE06F1040A022D20406
:106170000243E267A2691343A3610423CA6F1A4270
:10618000FCD10F20BFB27843256DADB2401BFCF7A8
:106190007FFA6349FCF7AEF8061CFEF78FF9009012
:1061A00001910021301CFBF769FF00225D4B0028A4
:1061B00000D180E000980199FCF7BAFA00900191B3
:1061C000E81BFCF765FA011C5748FCF793F8FEF74B
:1061D00075F90022534BFCF7ABFAFBF7A1FFA66F52
:1061E00080B2360B36033043A06700980199FEF762
:1061F000D7F8A56F474B00041D400543A567E36929
:10620000404A13401822E361E3699343E361236C3E
:106210003D4A134007222364236A93432362236B7E
:106220001B021B0A2363414B63618022E36AD20590
:106230001B021B0A1343E362A369002BFCDB072349
:10624000226A9A43043B134301222362A369134346
:10625000A361E3681342FCD0A3690423A2691A4234
:10626000FCD12022E3699343E3611823E2691343DD
:10627000E361E369234A13400122E361E3691343C5
:10628000E361E3681342FCD00F22236C9343236441
:10629000226C1D4B1A40E0239B001343236404230C
:1062A000A2691343A3610BB0F0BD8022236B1206D9
:1062B0001B021B0A34E700980199FDF739FC7DE7C2
:1062C00003A803960BF0ECF90122A169039B0A4392
:1062D000A261A16F1A05090B0903120D0A43A267F7
:1062E000A26F0C491B0C5BB21B040A401343A3674B
:1062F0009BE7C0460008004800100240002401400F
:1063000000140240FFDFFFFF3FF8FFFFA01E002048
:1063100005A24A04FFFF00FFFFFFFFF8042401402D
:10632000000060410000E03F0000604AFEFF000006
:10633000144B10B51A680123920606D5124B134A66
:106340009B781370124A137000230024114A210015
:106350001370114B14221C70104B11481C70114B00
:106360001C80114B1C70114B1C70FBF71DFC142280
:1063700021000F48FBF718FC01220E4B1C800E4B2E
:106380001A7010BD00080048640C0020AA230020E9
:10639000A9230020C6280020C5280020C4280020EA
:1063A000B02800209A280020A8230020A72300203E
:1063B0009C280020C8280020CA28002010B586B0DC
:1063C0000400019172B60BF00DFB6A46042302949F
:1063D000E443138202A801AB059303940BF0ACFADB
:1063E0000BF0F4FA62B6012006B010BD0200F820EE
:1063F000E02370B51D4C0D002168400201405B0296
:106400005B1A1E68F02321685B0201405B1A1B685F
:10641000002B13D1164BF318591E8B41F820266818
:10642000216840020E335B03014006409E1B5B1A4D
:1064300010495B189E4209D9802014E0AB20002E41
:1064400011D10B495B1859424B41E7E731680131E3
:106450000AD1F82320685B021104184029438019EF
:10646000FFF7ACFF012070BD0436E3E700140240E3
:1064700012111111FC1F000010B50BF05AFB002186
:106480000248034AFBF790FB10BDC046B023002032
:10649000C204000070B50C00150000210600FBF7D7
:1064A00083FB90236219DB009A4200D91D1B002D4B
:1064B00005D003492A0030006118FBF761FA70BD6E
:1064C000F02300209023F0B587B000928A18059041
:1064D0000191DB009A4201D95B1A0093009B002BCB
:1064E0003DD000273A00019B0599DB19895C404AA1
:1064F0004033D05C884225D0D1549021C9008B42D2
:1065000020D25908039101218B43D35A03981900D3
:106510000493FFF76BFF802814D1F820E022354C5C
:106520004002236852020340D31A19682368F024FA
:1065300003406402E31A1B68002912D026001400ED
:10654000002B0FD00137009BBFB23A009F42CAD345
:106550002948019B009A05991818FBF711FA07B012
:10656000F0BD1600254BF022E5186B1E9D4152022E
:1065700094466B0325006344029328000BF0CAFA8B
:1065800080239B00ED18029B9D42F6D11C49200000
:10659000FFF714FF04990398FFF728FF0128D1D1D2
:1065A0000025134A6B009B181A88002A18D1154B36
:1065B00001359D42F5D1114BF5186B1E9D41F0231D
:1065C0006D035B02ED1830000BF0A4FA80239B00F2
:1065D000F618B542F7D100212000FFF7EFFEB1E732
:1065E0001988280089B2FFF701FF0128DFD0A9E749
:1065F000B023002000140240F02300200040FEFFE2
:10660000EEEEEEEE410200000122034B1A70002272
:10661000024B1A807047C04686280020842800203C
:10662000F8B5F827724D734A2B687F02724E3B40D3
:10663000136013680021714A3000FBF7B5FAE022BD
:10664000F0212B6852023B40D31A1C682B68490288
:106650003B40CB1A1B68002C31D0002B00D0ADE0A2
:10666000F8202B682A6840020340024090206449C9
:10667000C000C91A634B9B1A994245D8624B9C4291
:1066800059D0013400D0A2E0E024F02764027F0258
:1066900020000BF03FFA80239B00E418BC42F7D1A6
:1066A000F822DF212B685202134049023000C91A38
:1066B0004022FBF765F90122544B1A70F8BD2A6895
:1066C00053483A402968801A524A3940521A904237
:1066D0000CD8002BC4D001334DD1F024600201341A
:1066E000E4B20BF017FA002CF8D1D9E79027116823
:1066F000FF00090CB942ECD211688C46674602CA09
:10670000090C49007752E2E71A68120C8242B5D2AE
:106710001F6804CB120C5200B752ADE720000BF0FB
:10672000F9F980239B00E418BC42F7D10021200036
:10673000FFF744FEB4E700246300F3181A88002A28
:1067400011D1354B01349C42F6D1E02000214002AA
:10675000FFF734FEF02460020134E4B20BF0DAF902
:10676000002CF8D19CE71988200089B2FFF73EFE83
:106770000128E6D094E76300F3181A88002A15D19F
:10678000254B01349C42F6D1F0200021E024F02773
:106790004002FFF713FE64027F0220000BF0BAF9FB
:1067A00080239B00E418BC42F7D179E719882000C8
:1067B00089B2FFF71BFE0128E2D071E7124884423C
:1067C00008D0013403D114000F008342A6D00BF08F
:1067D000B0F965E7F0240133F9D160020134E4B285
:1067E0000BF098F9002CF8D1E020210040029FE73F
:1067F000001402409C1E0020B0230020C2040000B0
:10680000FFFF010004E00100EEEEEEEE9A1E002014
:10681000FFDF010004C0010041020000802370B5C9
:10682000274ADB01116C86B00B4313640126002359
:106830000225042469462348029304930593009695
:10684000019503960AF048FF69461E4800950AF034
:1068500043FF69461B4800940AF03EFF082369463F
:10686000184800930AF038FF4022174B19689143EB
:10687000196019682143196019680E431E60196870
:106880000D4338211D601868884328390143802052
:10689000196019688143196019680C480140196032
:1068A00019680B480140196019680A4801401960CD
:1068B00059680C435C6019680A431A6006B070BDE1
:1068C000001002400008004800380040FF7FFFFF32
:1068D000FFF7FFFFFFFDFFFF354B70B51B78002B67
:1068E0002AD1344B1B78002B26D1FA239026102175
:1068F000314ADB00F6051478002C19D134682500E4
:106900000D400C4214D1012313703C222B4B1D70FF
:106910002B4B1A802B4B323A1A7098703632103843
:106920005A7004280CD8FBF765FB080B0F203100C8
:10693000013B9BB2002BDED170BD234A9278DA7006
:1069400018000AF057FEF7E700222D21DA70063210
:106950005A714B329A71063ADA71153A1A72053A3F
:1069600019715A729972DA72EAE706210022597196
:106970004B3199710639D9711539DA7019722D3286
:1069800005391A719A7259720532ECE70621002214
:1069900059714B3199710639D9711539DA701972FB
:1069A0002D3205391A719A7259720632DBE7C046E8
:1069B0006A0C0020CB2800205529002054290020F3
:1069C000620C0020D2280020640C00207346F0B531
:1069D00089B00393B34BB449DA691A620B78002B80
:1069E00012D0B24A13780133DBB2092B01D81370ED
:1069F0000AE0002313709023DB05186810230400BD
:106A00001C4018421AD10C70A94B1B78022B09D0DC
:106A1000A84B1D78002D13D05B79002B10D10920D5
:106A2000FEF7C0FDA449087800285ED0A34A138869
:106A300001339BB2312B2AD813802BE00523D6E7F4
:106A40000B78002BEED1002DECD19D4B9D4C1A788C
:106A500023789A42E6D09C4B1A78002AE2D1902201
:106A6000D2051268D206DDD401221A70974B207825
:106A70001D70974B8001C0180AF0BCFD23780133CC
:106A8000DBB223702378132BCCD92570CAE70023FF
:106A900013800B708F4A13780133DBB2022B00D9BD
:106AA000DBE113708C4A13780133DBB2042B00D97D
:106AB000E2E11370894C8A4A2388158801339BB21E
:106AC0002380AB420CD3002323807A4B1B78002B0E
:106AD00006D11120FEF766FD002801D10A3D258070
:106AE000039807F09FFF09B0F0BD7E4A7E491378F6
:106AF00009780133DBB2002900D192E0032B01D8E1
:106B00001370C7E7794B1070DB6F04221C00784DBF
:106B100014401342BED177482F6D037876495E004A
:106B20007752AE6901333243DBB2AA61092B01D837
:106B30000370AFE70470714814220500FAF720FFD4
:106B40002E0028002200230021004F002C88BF5B6C
:106B5000A74200D219005700F75BA74200D91A00DC
:106B60000133DBB202350A2BEFD10024230091421E
:106B70001DD108330288013BA418DBB2A4B2023055
:106B8000002BF7D15E4B5F4D9C4248D85E4B9C4238
:106B90001AD964205D4AE3089B1858435C49FBF707
:106BA00005F95C4BC0B29C422CD900232FE09942DE
:106BB00004D09A4202D005886419A4B20133DBB232
:106BC00002300A2BF3D1DDE72B780133DBB2032B44
:106BD00012D82B700020504B1870504B1870344B4B
:106BE0009A78824202D09870FFF70EFD00224C4B3B
:106BF0001A803D4B1A704DE7002301222B70494B40
:106C00001A70E7E72B780133DBB2092B01D82B7020
:106C1000E1E7002301222B70424B1A70DBE764206E
:106C2000C3E7132B00D86BE7304B1170DB6F0422E6
:106C30001C002F4D144013420DD12E482F6D0378A8
:106C40002D495E007752AE6901333243DBB2AA614F
:106C5000092B04D80370324A13880133ECE6274D20
:106C6000047014222800FAF78BFE2F4B10491B7872
:106C700001938B780293019B022B59D1264A6233F0
:106C80001370264A1370029A9A4205D001228B7023
:106C9000264B1A70FFF7B8FC0022224B1A70194BD2
:106CA0001A70D8E7001000406A0C0020D12800209C
:106CB000640C0020CB280020CA280020C82800200F
:106CC000A51E0020A62300205529002054290020BD
:106CD000A61E00209828002093280020722800205B
:106CE000620C0020C5280020C62800200424014092
:106CF00000240140C4280020B02800209C28002047
:106D0000D74F0000A72300204F3A0000B7F8FFFF3D
:106D1000B20200008F400000AA230020A923002017
:106D20009A280020A8230020802800208A280020FC
:106D300028002E0023002200250001006F00348867
:106D40007F5AA74200D215005F00CF5BA74200D94F
:106D500013000132D2B202360A2AEFD100242200F7
:106D60009D4247D108230288013BA418DBB2A4B29C
:106D70000230002BF7D1C14BC14DC24EC24F9C42D5
:106D800000D922E2C14B9C4200D824E26420C04AD0
:106D9000E3089B185843BF49FBF708F8019BC0B2B2
:106DA000012B00D024E2031C002800D10123D8B21B
:106DB0003B78B94A83424AD2B84B1188994208D9E4
:106DC000002133781180622B02D80133DBB233709B
:106DD0003B700022B24B2A701A703378029A9342A9
:106DE00000D138E7AF4A93700122AF4B1A70FFF71A
:106DF0000BFC30E7AA4204D09A4202D00188641802
:106E0000A4B20132D2B202300A2AF3D1B3E72B780E
:106E10000133DBB22B70092B04D9002301222B7024
:106E20009F4B1A70019B002BC2D13B789A4A834238
:106E300010D99A4B11889942CFD901993378118092
:106E4000002B02D0013BDBB233703B70C5E700235F
:106E50001380BEE7019B1380BFE700231370934AA2
:106E6000934913688B4200D11CE6002B00D119E630
:106E700090481160036015E600208F4B10701A785F
:106E8000884C824211D018702378012B0BD0022B32
:106E900000D19BE0834208D16078022803D0032808
:106EA00001D0012801D1FFF717FD844E3378002B64
:106EB00015D0834D2B78022B00D189E0032B00D114
:106EC0008BE0012B04D11220FFF706FD02232B706B
:106ED0002B78032B03D901232B7000233370794ABD
:106EE00013780133DBB2FF2B00D100231370764AF5
:106EF00013780133DBB2FF2B00D1002373491370E9
:106F00000878002806D1724A138801339BB2312BCE
:106F100068D8138096216F4A4900138801339BB2C9
:106F20008B4268D213806C4B6C4E01931B78002B04
:106F300016D096223388520001339BB2338093429D
:106F40000FD3674B1B78002B08D19023DB051B6800
:106F5000DB0603D4634B1B78002B52D191235B00DB
:106F600033802378022B00D184E04F4B1A78002A1B
:106F700004D0002210201A70FFF7AEFC00225A4BFA
:106F80001A705A4B1A680023920608D59023802263
:106F9000DB051B68920113405A425341013396218D
:106FA000534A49001370534A138801339BB28B42F2
:106FB00000D3AFE0138096214F4A49001388013374
:106FC0009BB28B4200D3EBE0138073E508206AE7A5
:106FD0001320FFF781FC032379E71420FFF77CFCE3
:106FE000042374E70123108022780B70002A91D1CA
:106FF0002D4A13708EE70023138001223F4B1A7035
:1070000091E701223E4B1A7072B63E4BDF2719689A
:10701000F8235B0219407F022000791A0532FAF743
:1070200017FE00281FD0384B0622210018000293BB
:1070300004ADFAF7A5FC0AF0D5FC344B2800059303
:1070400004970AF0A7FC0AF0C1FC0AF0CBFC40232D
:10705000029A2B812D4B28000792059304970AF082
:107060006BFC0AF0B3FC62B60023254A1370019A48
:10707000137075E7264B1A7B5B7B82E7D74F0000C6
:10708000A7230020AA230020A92300204F3A0000B4
:10709000B7F8FFFFB20200009A280020C3090000E1
:1070A000A8230020640C00208A280020AC230020A4
:1070B000A02401009428002092280020912800207C
:1070C000600C0020902800208F2800208E280020AF
:1070D0008C28002088280020862800208428002072
:1070E000552900208328002081280020000800481E
:1070F000802800207E280020762800208728002075
:107100008228002000140240B0230020FF41FEFF2F
:1071100000380240002325781380022D00D14AE771
:10712000374A1178994244D1364B1B78002B08D14D
:10713000354B1B78002B04D1344B1B78002B00D12E
:1071400039E7002D00D036E76478012C0CD12D4BA7
:107150001A78002A00D12EE7002205201A70FFF7C6
:10716000BBFB2B4B1C7026E7022C0DD1264B1A784B
:10717000002A00D11FE7002206201A70FFF7ACFB9F
:107180000122234B1A7016E7032C00D013E71F4B84
:107190001A78002A00D10EE7002207201A70EDE7C6
:1071A00000211C4B11801A788A4200D182E41970A8
:1071B00080E4002DC8D0012D00D0FCE6042013701F
:1071C000FFF78AFB124B1D70F5E6019B6420012B33
:1071D00012D16320ECE5019B012B00D1E6E52B7871
:1071E00000200133DBB22B70042B00D915E619E621
:1071F000094B9C4200D80AE600232B7012E6C046D9
:107200007C2800207B2800207A2800207928002074
:1072100078280020742800208F400000902070B54E
:107220001024164B16491A78164BC0050D78002D00
:1072300004D10568254201D1002A03D0013B9BB24D
:10724000002BF3D18022104B52029A600AF0BEFB51
:107250000C210E4B1A688A431A601A680C490A40BE
:107260001A60012219680A431A60BFF34F8F094B55
:10727000094ADA60BFF34F8FC046FDE7822800203D
:1072800055290020A08C0000000C0048001402408A
:107290000FFEFFFF00ED00E00400FA05902030B57E
:1072A00010240F4B0F491A780F4BC0050D78002D95
:1072B00004D10568254201D1002A03D0013B9BB2CD
:1072C000002BF3D18022094B52029A60BFF34F8FFB
:1072D000074B084ADA60BFF34F8FC046FDE7C04650
:1072E0008228002055290020A08C0000000C0048B6
:1072F00000ED00E00400FA0510230D4AC320116CD4
:1073000080000B4313642F220A4B9A63FA22D200A7
:10731000DA630122DA601A60074B084A19581140F3
:10732000802212040A431A508022D2011A60704748
:10733000001002400010004000E100E0FFFF00FFED
:10734000012210B511000D4807F0BAFB80239020F0
:107350000A4C5B02A36001220821C00507F0B0FBC4
:10736000802390221B03D20593600221012220007A
:1073700007F0A6FB80239B02A36010BD000C004811
:1073800070B5802401222D4D640286B011002800C2
:10739000AC6007F095FB9023AC60DB0508241E0071
:1073A00018009C602100012207F08AFBB4600226CD
:1073B00028003100AE60012207F082FB802190207E
:1073C000AE6020228901C00507F07AFB002220214F
:1073D0001B4807F075FB802120221A48490107F05D
:1073E0006FFB802120221748890107F069FB90205C
:1073F000002524196946C00500940195029503965D
:10740000049505950AF068F9C120C0210E4B800053
:107410005A6B5D631A68090622431A609A6922430F
:107420009A61DA691443094ADC6113581B021B0A8A
:107430000B4313508023136006B070BD000C00484E
:1074400000080048000400480004014000E100E09A
:1074500080210A4B89011A681B680B40D20403D4AF
:107460000120002B06D0704780229B0412069B1837
:10747000980FF8E7024B1878F5E7C046000400487B
:10748000A41E002070B5324C062200212000FAF71D
:107490008BFBF822DF212F4B52021B68490213405D
:1074A000C91A06222000FAF76BFA23786678A578C5
:1074B000E07821796279FF2B1DD12B003340034006
:1074C0000B401340FF2B31D102232370013B3222AA
:1074D0006370E3700023A27023716371FFF7B8FF3C
:1074E0001D4B1870012828D0022828D0002801D16F
:1074F0000223237070BD002B16D1002E18D12B0053
:1075000003430B431343DFD0642D01D96423A370DD
:10751000012801D90123E370012901D90023237136
:10752000012ADBD90023D8E7022B01D902232370DB
:10753000032EE9D903236370E6E72070DAE700231E
:1075400023706378013B022BD4D901236370D1E708
:10755000640C002000140240A41E002070B5060038
:107560000C000025A54200DB70BD3000FDF766FA77
:107570000135F7E770B50600751EEDB20C0010007E
:107580000E2D30D81D4A5257D2181D4B5957091885
:107590002000FDF769FA04000E2E1ED00F2E24D015
:1075A000022E06D0032E0CD0164B6D002100E85A97
:1075B00004E04A20FDF742FA1348611CFFF7CEFFB2
:1075C00011E04A20FDF73AFA4D20FDF737FA4F2037
:1075D000FDF734FA0D48611CF0E74A20FDF72EFA5A
:1075E0000B48FDF72BFA200070BD4D20FDF726FA61
:1075F0004F20FDF723FA0748F3E7C046A420010017
:10760000B3200100C220010051020000520200001C
:107610004D0300004A030000F8B506000C000120ED
:10762000111E00DC01002E4B2E4AE3401F000740D4
:107630003B001770062E03D1002F28D1012212E043
:1076400000231C2EFAD1A01E0B2807D8FAF7D2FC73
:107650000909211F1F06061F1F06061F00230222FD
:1076600001E0012303222000FFF784FF0500062E1E
:1076700011D11C20FF30FDF7E1F9002F23D08A2023
:107680008000FDF7DBF95020FDF7D8F91BE000235F
:10769000E8E70123E3E71C2E1ED183204000FDF71D
:1076A000CDF92920FDF7CAF9A01E0B280BD8FAF74F
:1076B000A1FC1010060B0B0A0A0B0B0A0A0E29007C
:1076C0005020FFF74BFFF8BDA8204000DCE74A2020
:1076D000DAE75220691CF4E71C20FF30D4E7C046EB
:1076E0000CC000006C15002070B501230400081EBA
:1076F00000DC1800234A13701C2C1AD1022204212A
:10770000FDF7B2F904004A20FDF798F94A20FDF789
:1077100095F921001C48FFF721FF83204000FDF769
:107720008DF92920FDF78AF921005220FFF716FF75
:1077300070BD0421062C00D121000122FDF794F92F
:1077400005004A20FDF77AF94A20FDF777F90F483E
:10775000FDF774F90E48FDF771F9012D03D00A48C1
:10776000691EFFF7FBFE1C20FF30FDF767F9062CB2
:10777000DED18A208000FDF761F95020FDF75EF927
:10778000D6E7C0466C150020510200004D020000F3
:107790004F020000F8B50500081E00DC0120174F5D
:1077A000BD420ED12B2606210222FDF75DF9040011
:1077B0004A20012C08D1FDF741F93000FDF73EF9D0
:1077C000F8BD05210E4EEFE7FDF738F94A20FDF729
:1077D00035F921000B48FFF7C1FE3000FDF72EF907
:1077E0002920FDF72BF952202100FFF7B7FE4A2090
:1077F000FDF724F9BD42E3D14F20DFE73702000057
:107800002B0200005102000070B503000E00141E90
:1078100000DC0124254A2B25934200D0244D701E04
:107820000E283BD8FAF7E6FB080F11083A3A3A3A25
:107830003A3A08080D352B0001211800FFF7AAFF7E
:1078400070BD2100F9E7611CF7E706210122200045
:10785000FDF70AF904004A20FDF7F0F84D20FDF786
:10786000EDF84F20FDF7EAF81248611CFFF776FEAD
:107870002800FDF7E3F82920FDF7E0F8E0E74D20C8
:10788000FDF7DCF84F20FDF7D9F80B48FDF7D6F8E7
:10789000EEE74A20FDF7D2F80848F7E70023022276
:1078A00021003000FFF766FEE2E7C0463702000025
:1078B0002B020000520200004A0300004D030000AA
:1078C00010B50400081E00DC012001220021FDF794
:1078D000CBF8034B0100E018FFF740FE10BDC04697
:1078E00051020000F8B504000800632914DD63208C
:1078F00003210122FDF7B8F8384B01001B78002B5B
:1079000010D02000FFF7DCFF354B1B78002B07D091
:107910003448FDF793F8F8BD0029E9DC0120E7E7DA
:107920003148F6E7002C00D04142304E33685A18F7
:1079300011001400643110DA64246442E11A9C429C
:10794000E9D0274D287800290BDB00280ED1FFF75E
:10795000B7FF2548FDF772F81EE0642AEEDD6424C7
:10796000ECE7191B00281DD0012018E0002A15DDC6
:10797000002B04DA0222512059420AF0B3F84A20BF
:10798000FDF75CF80122210019480AF0ABF816480F
:10799000FDF754F800232B703460BCE70020FFF79C
:1079A0008FFFF9E7002A01DB0120D0E7012B0FDD73
:1079B00001225220591E0AF095F801274A20FDF7AE
:1079C0003DF800220B48391B0AF08CF82F70E3E7D2
:1079D000012BF2D001225120D11AECE758150020DA
:1079E000591500204A0200004D0200005C150020DD
:1079F000510200005202000010B5002800DC0120F6
:107A00000022074B1A7001321100FDF72DF801001A
:107A10000448FFF7A3FD1C20FF30FDF70FF810BD51
:107A20006C1500204F02000010B5002800DC01207A
:107A30000022094B02211A700132FDF715F80100EE
:107A400094208000FFF78AFD83204000FCF7F6FFBA
:107A50002A20FCF7F3FF10BD6C15002000220E4B0E
:107A600010B51A70904200DC012001220221FCF7BF
:107A7000FBFF04000948FCF7E1FF012C06D0084891
:107A8000611EFFF76BFD0548FCF7D8FF1C20FF3097
:107A9000FCF7D4FF10BDC0466C1500204D0200005D
:107AA0005102000070B50400081E00DC0120002116
:107AB0008C4202D10C4B197801310122FCF7D4FF22
:107AC0000500002C09D1084B1B78002B02D04D205B
:107AD000FCF7B4FF4F20FCF7B1FF1A202900FF305C
:107AE000FFF73CFD70BDC0466C150020F8B50400E2
:107AF0000D000F2811D804281CD905380A2819D8D8
:107B0000FAF78CFA8000180018002A0018001800F4
:107B10006D001800F300D40071007B4B98421BD01D
:107B200036D87A4B984200D16CE011D81A2813D07D
:107B3000272834D0280001220021FCF795FF0025DA
:107B4000060020000135FCF7E9FFAE42F9D13EE026
:107B500082239B009842EDD16D4B1E78002E44D0BD
:107B6000280003220021FCF77FFF00240500942059
:107B70008000FCF763FF6748FCF760FF013466484C
:107B8000FCF75CFFA542F2D10122644B1A7029E098
:107B9000634B984200D16BE0624B9842CAD15F4B75
:107BA0001B78002B60D1604B1B78002B5CD05F4AA8
:107BB0005F4B14681B682920E41AFCF73FFF502034
:107BC0000122611E09F08EFF5A48FCF737FF01229F
:107BD000524B1A7000224E4B1A70574BD6E70020BA
:107BE000FDF778FFF8BD0120FAE7012231002800F7
:107BF000FCF73AFF070020000136FCF78FFFB74281
:107C0000F9D1C1E7454B01221F78002F1FD1464E05
:107C10003378002B1BD002212800FCF725FF01221E
:107C20000221FCF721FF04002920FCF707FF942024
:107C30008000FCF703FFD42021008000FFF78EFCBA
:107C400037700122354B1A700022314B9EE7280015
:107C50000021FCF709FF0025060020000135FCF794
:107C60005DFFAE42F9D1ECE72000FCF757FFAEE72D
:107C70002A4D2B78002B10D12B4B1E78002E0CD1C7
:107C80002A4A2B4B14681B682920E41AFCF7D6FEFD
:107C900032004F20611E09F025FF2148FCF73EFF0E
:107CA000012200211A4B2A70197096E71B4B1C7891
:107CB000002C0CD11C4B1B78002B08D02920FCF782
:107CC000BDFE94208000FCF7B9FE1B4B1C70280001
:107CD00001220221FCF7C8FE0024050017480134E8
:107CE000FCF7ACFEA542F9D1ABE728000122002148
:107CF000FCF7BAFE0024050011480134FCF79EFE93
:107D0000A542F9D19DE7C0461A0200000502000015
:107D1000611500204F0300004F0200006215002093
:107D200021020000230200006315002064150020DA
:107D3000681500204A020000601500205202000071
:107D40005102000000230121094A1360094A1370FF
:107D5000094A1370094A1360094A1360094A1170ED
:107D6000094A1170094A1370094A13707047C046D6
:107D70005C150020591500205815002068150020BA
:107D80006415002063150020621500206115002095
:107D9000601500200023064A1360536093609381AE
:107DA000044A1370044A1370044A13707047C046A3
:107DB00048150020471500204615002045150020D5
:107DC0000023044A1360044A1370044A1370044ADF
:107DD000137070474015002035140020BC1400209B
:107DE00034140020114B70B51B78002B19D1104BA7
:107DF0001D78002D15D10F4C2378002B03D0502077
:107E0000FCF71CFE25700C4B1B68002B0ADD0B4B8E
:107E10001B78002B06D00A4B1B78002B02D1FDF7F4
:107E20003BFD70BDFFF7CCFFFBE7C04644150020CB
:107E30003314002034140020401500203514002095
:107E4000BC14002010B5FFF7CDFFFFF7A3FFFFF72D
:107E5000B7FF10BD70B504000D00002A02D1002547
:107E6000280070BD90470028F9D06D79002DF6D01C
:107E7000064B1B78002B03D1FCF766FF002801D0CE
:107E8000FFF7E0FF2000FCF76BFFE9E74715002054
:107E900010B50400012801D1FFF7A4FF044B1C70AA
:107EA000FFF750FFFFF776FFFFF78AFF10BDC046D0
:107EB00033140020F8B5174D2C78002C17D1164E2E
:107EC0003368002B13D00127FFF77AFF2F70134B75
:107ED0001A7833689C420BDB00242C70A24202D13A
:107EE0000120FFF7D5FF0E4B1C600E4B1C70F8BD38
:107EF0000D496300C85A002A09D10A4B1B78002B90
:107F000001D00A4B1F70FCF799FD0134DFE700F048
:107F10000FF8FAE74415002038140020331400202D
:107F200040150020351400203C140020341400209B
:107F3000AF4BF7B51B780400002B10D0AD4D2E7859
:107F4000002E0ED1E3B2292B06D0AB4B1B78002BB1
:107F500002D00122A94B1A702000FCF7DBFE0120A1
:107F6000FEBD032EFBD8B31E012B00D9C1E12000BA
:107F7000FCF7E6FC0300E0B2A14F292839D1FCF759
:107F80005DFD032E27D19F4B1B78002B1AD19E4BF2
:107F90001B78002B13D19D4B1B68002B0FDDFA21A2
:107FA0009B4A1268891A01D4023900D500219942EE
:107FB00000DD1900002902D05220FFF7CFFA4A2035
:107FC000FCF73CFD012300222B70924B3A701A7093
:107FD000FFF7B8FE34E0904B1B78002B07D18F4B96
:107FE0001B78002BEED18E4B1B78002BEAD0502053
:107FF000E6E73A78002A35D00024864A3C701470AF
:10800000884A1460062B1BD1032E22D17D4C7E4D55
:108010002378002B0ED17D4B19682B78002B09D1CA
:10802000012910DD01225220013909F05BFD4A20AF
:10803000FCF704FD7C48FCF701FD01232B70237045
:10804000FFF7A8FE2BE00129F1D001225120511A9F
:10805000EBE77548FCF7F2FC0122704B1A70734B8A
:108060001C70EDE7022B1CD16A4A1278002A1FD03F
:1080700068480278012A12D86A4D2968632900DD10
:1080800063210A234B430021272C01D021001D39F5
:108090005B18632B00DD632301322B60027000202C
:1080A0005EE70A2BE4D0062B02D1053B3B70F6E7D6
:1080B0000021584A11701C2C22D8122C15D8062CDD
:1080C0006FD0072C2BD00E2B00D0BDE0032E00D09C
:1080D00083E0192CB4D10C3B2B70FFF733FE5448CE
:1080E000FCF7ACFCFCF7AAFDAAE72000133809282E
:1080F000E9D8F9F775FF08E8E856E8E8E8E8142A4F
:108100004C4A9442DFD1032E06D13F4B1B78002B03
:1081100002D14748FCF792FC1A20FF3023E0464B7F
:10812000032E0FD10121384A19701278002A02D18A
:108130003F48FCF783FC1C20FF30FCF77FFC012349
:108140002B7045E700221A70F5E73B4B032E0ED14A
:1081500001212D4A19701278002A02D13448FCF707
:108160006DFC83204000FCF769FC2920E5E78320B3
:10817000002240001A70FCF761FC2920FCF75EFC2D
:10818000264B1B78002BDAD1254B1B78002BD6D041
:108190002A4A2B4B11681B685020C91AFFF7DEF9D9
:1081A000CDE7032E13D10121174B1A78224B1970FA
:1081B000002A02D11E48FCF741FC1C20FF30FCF7CE
:1081C0003DFC8A208000FCF739FC0023B8E7002240
:1081D0001C20194BFF301A70F5E71A4B9C4200D057
:1081E0002EE703232B70FFF7ADFDFCF78DFC27E78F
:1081F00032140020331400203514002034140020E1
:108200004515002058150020591500205C15002048
:10821000741700204615002060150020621500200C
:1082200063150020481500204A0300006115002056
:108230004F020000130200006C150020641500209E
:108240006815002019020000042B1AD8002B00D159
:10825000F6E6A74B1968002900DC01212000032E57
:1082600044D11A2C31D8042C00D8E9E60123A340CC
:10827000A04A134234D1A04A134200D1E0E60120C3
:108280002FE0052B00D0DBE6032E2DD19B4D9C4E1D
:108290002B78002B11D13378002B0ED0994B4D2029
:1082A0001C68FCF7CBFB002C04DA0222512061424F
:1082B00009F018FC4A20FCF7C1FB9348FCF7BEFB11
:1082C0000023337001332B70BAE682239B009C425B
:1082D00006D08E4B9C4203D08D4B9C42CFD0AFE654
:1082E0000020FFF7FFFAABE601218A48FFF7FEFB0B
:1082F000A6E6894B1E780093052E08D82A23F34062
:10830000DB0704D523001E3B092B00D8FCE2E3B2B7
:10831000292B1CD1002E00D1ECE2FFF73BFDFFF72B
:108320004FFD009B1B78002B00D0B8E67B4B1B68F1
:10833000002B00DCB3E62B78002B00D1AFE6784BA6
:108340001B78002B00D1D1E2FDF7A6FAA7E62000AA
:10835000FCF7F6FA03000200072E00D9EBE130002B
:10836000F9F75CFE0800ED00CE0108022F0268025A
:10837000A702BC02581E182800D9BBE2F9F74EFE2E
:108380004D004D004D004D005400970224013D006A
:1083900045001900BA0257005E006200B400750083
:1083A0007500750075007500750075007500750025
:1083B00075000123009A13700023272C01D023009D
:1083C0001D3B4B4A13602000FCF7BAFA0028A8D0E6
:1083D000544A0123C2401A42A3D08340524A134256
:1083E00004D1082805D1A31F012B02D801224C4B30
:1083F0001A702000FCF78EFC93E70223009A13709A
:108400003B4B01221C811A73DDE70423009A137091
:10841000374B01225C815A73D5E72000FCF72AFC18
:108420000121FCF73DFBCEE701210E20F9E70121F8
:108430000620FFF759F900232B70C4E72000FCF752
:10844000D1FBF8E7394BE61873425E4102362E70D5
:10845000FFF778FC032E02D1FCF756FBB3E7344854
:10846000FCF7ECFAFCF7EAFBADE7113B1800082B30
:1084700038D80026F9F7BEFD330509121C262B302B
:108480000D000120FFF7B8FA9DE70120FFF7CCFAB5
:1084900099E70120FFF7B0FA2E7094E7254B2648A4
:1084A0001E70FCF7CBFA1C20FF30FCF7C7FAF3E78D
:1084B000204B21481E70FCF7C1FA1C20FF30FCF74E
:1084C000BDFA80E701211C20FFF70EF97BE70121AF
:1084D0000020FFF7E7FA76E701210800F9E7FCF74B
:1084E00073FB70E71E20E9E7FFF7E4FC6BE7C0468B
:1084F00048150020002100042040000058150020ED
:10850000591500205C1500204D0300001A020000E0
:10851000050200000A020000471500204015002057
:1085200035140020FE37FE030032BE03E7FDFFFFD7
:108530004F0200006C1500204D0200000B22B04BD2
:1085400019680E1E00DC0126501E182800D9F2E022
:10855000F9F764FD2E002E002E002E003700AD012D
:108560003A0026002A00F1001900B900BE00C2003E
:108570003E009D00860070007400B000AC00B400A6
:108580007E0083007800092900DD1CE70A224A43A7
:108590000021272C01D021001D3952181A6012E742
:1085A000022200990A702CE7042200990A7030E731
:1085B0002000FCF75FFB3100FCF772FAFFF7EAFBE3
:1085C00001E701210E20F7E70723009A1370FAE66E
:1085D000FFF7E0FB8B4B1B68002B00DCF3E68A4FB8
:1085E0003B680193FFF766FC3B68019A9F1A002FD6
:1085F00000DCE8E6FA20C01AC343DB173900184054
:10860000F9F7D4FB390001906320F9F7CFFB00287C
:1086100000DC0120019B834200DD01900127BE4266
:1086200000D1D0E6019BBB4200DCCCE6FFF742FC68
:108630000137F4E73000FFF7DFF9BFE73000FFF75D
:10864000F3F9BBE73000FFF7D7F900232B70B5E74C
:1086500031000020FFF726FAB0E731000120F9E7EA
:10866000022E00DA0226684B013E1A68FA239B1A92
:108670000122032B00DD9A103700964200DD17001F
:1086800000260136FCF7A0FAB742FAD196E730008F
:1086900001220021FCF7E8F9002607001E20013620
:1086A000FF30FCF7CBF9B742F8D187E73000FFF78E
:1086B000D5F983E73000FFF7D1F9C6E731001C2078
:1086C000FFF712F87AE731000620FFF70DF8BCE754
:1086D0002000FCF787FAB8E74C4BE61873425E417E
:1086E00002362E70FFF72EFB032E02D1FCF70CFA98
:1086F00064E74748FCF7A2F9FCF7A0FA5EE70B2213
:108700003F4E3768002F00DC0127501E092812D881
:10871000F9F770FC1722171752CD1105112633896E
:108720009C4208D139002000FEF7DEFF3389062B7A
:1087300000D043E789E7FFF72DFBFFF741FBFFF789
:10874000FDFB338920000193FCF794FA3A00010005
:108750000198FEF761FFE9E701220B213089F8E774
:108760000323009A13700023272C01D023001D3B04
:10877000736028E6581E0A28DDD8F9F745FC0B007F
:108780008B000B000B001C009800DCFFDCFFDCFF03
:10879000DCFF6C002000FCF76DFA194E0100336815
:1087A0003789002B00DC012372685A43632A00DDFD
:1087B00063223800CDE7124E01220E213089C8E72E
:1087C0000B220F4B1E68002E00DC0126501E0928CC
:1087D000B1D8F9F705FC0D1F0D0D686CB0B005257B
:1087E0005B899C42A7D131002000FEF7D3FFE5E66C
:1087F00020005F89FCF73EFA3200010038000CE0EF
:10880000481500203814002074170020E7FDFFFFF2
:108810004F02000001220B215889FEF7F5FFCDE63B
:10882000052200990A700022272C01D022001D3A4F
:108830005A60C8E5581E0A2800D97CE7F9F7E4FB1E
:108840001A002A001A001A00320037007BFF7BFF53
:108850007BFF7BFF0B00314A5168092900DDB2E53F
:108860000A234B430021272C01D021001D395B181E
:108870005360A8E52000FCF7FDF9284E010033689D
:108880007789002B00DC012372685A43632AB5DD27
:108890006322B3E7214A5168092900DD93E50A23E1
:1088A0004B43E5E71D4B01220E215889B5E706230E
:1088B0008BE6062B00D03EE7184E337B002B03D00F
:1088C00001220F21308944E7737B002B03D0012262
:1088D0000F217089A1E701210F206DE6072B00D041
:1088E00029E78B204000FCF7A9F867E6FFF768FA54
:1088F000FFF7D5FB0A4B1B68002B01DCFFF72FFBB2
:10890000FFF75EFAFFF72BFB701E0428F2D8F9F789
:108910007BFB15FEF6FEA2FF57FFA2FF48150020C5
:108920004015002070B500250F4C2088002804D089
:10893000C0B2FDF7D9F90023238001350234042D9C
:10894000F3D1D120FDF784F9D220FDF781F900227F
:10895000064B1A70064B1A80064B1878FFF798FAE8
:10896000FDF7DAF970BDC046F4130020F2130020C1
:10897000F0130020FC1300200122124B10B51A70D6
:1089800000233C21104A1370104A1180104A1370C2
:10899000104A1370104A1370104A13705371104A22
:1089A0001370104A138072B6FEF7EAFC62B605F047
:1089B000EDFE9622D200801803220B4B18600B4B61
:1089C0001A7010BD6A0C0020D1280020620C002013
:1089D000552900201229002054290020CB280020EE
:1089E0008728002088280020CC130020CB130020EB
:1089F00070470423020901D113000200910802D03C
:108A00000A000233DBB252089818C0B27047000067
:108A100010B500240D4B1C7005F034FE200005F04D
:108A20009DFD200005F0B4FD094B1C70FCF7E8FD2E
:108A3000062221000748F9F7B7F8074B1C70074BCF
:108A40001C70074B1C7005F0D1FE10BD06140020F1
:108A50001C1300200113002000130020FF1200202F
:108A6000FE12002010B50400832811D105F072FD1C
:108A7000C0070CD4532005F0A5FDFCF7C1FD642010
:108A800005F0C0FF532005F0D3FDFCF7B9FD10BD84
:108A900084280DD105F05EFD4007F8D4472005F08D
:108AA00091FDFCF7ADFD642005F0ACFF4720EAE73F
:108AB000031FDBB2A02B23D8284B9A78012A13D1AD
:108AC000274B197800237F290FD9264BC1085B1843
:108AD0009978072303409A400A420DD0200005F000
:108AE000A7FDFCF78DFD07E000231F4AD15CA142E2
:108AF000F4D00133062BF9D1200005F063FDC4E763
:108B000003002033DBB2072B08D8072101230140E3
:108B10008B40164A11780B431370B6E703005B33A2
:108B2000DBB2022B04D8243CA0B205F017FDAEE75F
:108B300003005833DBB21A2B05D80D4A5B00985A54
:108B400005F026FDA3E703003333DBB2122B9ED8DA
:108B500005F008FC05F04AFE99E7C0465C0C0020D1
:108B60001A130020901200208A1200200614002000
:108B70002C1E010010B5002812D0822811D105F05A
:108B8000E9FC80070CD4392005F01CFDFCF738FD0A
:108B9000502005F037FF392005F04AFDFCF730FD85
:108BA00010BDFFF75FFFFBE770B5C2B20500010A19
:108BB000C30425D50F230B40013BDBB2072B58D84C
:108BC0003149CB5C502A4CD0512A4CD0522A4CD03F
:108BD00003244F2A24D1002B22D100212B4A0B0041
:108BE000105D88421CD02A4D11552B5D8B4206D159
:108BF000284B6200985CFFF7BDFF01232B5570BD29
:108C0000012302200B40014200D003430420014213
:108C100000D0034308200142D4D00343502A2FD16F
:108C20001E001D4A1478A6439C43002E02D030003B
:108C3000FCF73CFD002C02D02000FCF72FFDEDB22C
:108C40002800FFF797FF2800FDF74EF8002C02D010
:108C50002000FCF72BFD002ED1D03000FCF71EFDCC
:108C6000CDE70024B7E70124B5E70224B3E70024E9
:108C7000B3E7502AFBD00023512AA7D10124ACE747
:108C8000512AA3D1CCE7C046942001002A14002029
:108C90002E1400209C2001000614002070B5040052
:108CA0000D00E6B20949FCF739F93000FFF762FF21
:108CB0005020002D00D1012005F0A4FE3000FDF76A
:108CC00013F820000249FCF729F970BDF5560000A1
:108CD0000D570000002170B5034C25782170FFF777
:108CE000DDFF257070BDC0460614002010B5502071
:108CF000FFF7F0FF10BD10B54F20FFF7EBFF10BDE1
:108D000010B55220FFF7E6FF4A20FFF7E3FF10BD42
:108D100010B55120FFF7DEFF4A20FFF7DBFF10BD43
:108D20000A2010B5FF30FFF7D5FF10BD10B54E205B
:108D3000FFF7D0FF10BD10B54B20FFF7CBFF10BDE4
:108D400070B50D000400FFF715FF281E00D10120AB
:108D500005F058FE2000FCF7C7FF70BD002110B5DC
:108D6000392800D15031FFF7EBFF10BD73B54B79B7
:108D700005000C00002B3AD04A78052A34D809782F
:108D80000F2931D8374B12019B185B5CFF2B2BD07E
:108D90000026354A915D99421CD105F0F7FC031C71
:108DA00080B2324A7600002800D10123B3522A2D26
:108DB0001FD16379002B2AD005222D4B1B7813403D
:108DC000934224D12A20FBF7CBFF4C20FFF7C6FFAC
:108DD000012076BD0136242EDCD12A2D09D1EBE706
:108DE000244A13700020F4E72A2D10D1E4E72A2842
:108DF0000DD02C2D0BD16379002B08D11E4A117890
:108E0000002904D013701D4A13701D4A13706B465D
:108E10009E1D022221003000F8F7B2FD3388002B9E
:108E2000E0D16379002BDBD0164B174A1B78127800
:108E30001343D7D00124DB06D4D52800FBF790FFDD
:108E40000C4A1378002BC3D11470104A137005F02C
:108E50009DFC80B20E4A031C002800D1231C138005
:108E6000B6E7C046741F0100501F010080130020A8
:108E7000061400207F130020CA130020C91300200D
:108E8000C813002005140020041400207E130020C5
:108E90007C130020F0B5C24BC24A85B01A60C24BA9
:108EA000070003931B780091002B02D00022BF4BD8
:108EB0001A60009BBE4D5B7901933B00E03B9BB287
:108EC0000293072B3AD8BB4B029A9B5C002B06D02F
:108ED000B94901980A7800282DD013430B702B78DC
:108EE000002B00D1CDE03800FBF782FF041E00D03C
:108EF000C7E0FF2F00D9C4E0009B5A793B001E3B1E
:108F00009BB2102B7ED8AD49CC5C002A7CD13800B6
:108F1000002C00D020000022A94EAA4933789A42A2
:108F200000D1AEE002318D1E2D88854200D100E1D6
:108F30000132D2B2F3E79A430A70D0E7392FCED18B
:108F4000019AA14BA14E002A2ED001241C70FBF7E0
:108F500073FF2B7844403470002B01D0FCF70AFFDC
:108F60003378002B1CD02B78002B01D0FCF702FFAC
:108F7000914B01211A78112313405C1EA3419448A0
:108F800029700370934B11401970D20603D5022249
:108F9000C9B20A431A7000228F4B1A70884B1A709C
:108FA0003920FBF7DDFEAAE0019934781A781970B0
:108FB000002C04D0FCF7DEFE019B33708FE7002A03
:108FC0008DD07A4A854B14601E78854A1470002E25
:108FD0000CD101221A70FEF7B5FEFEF7DBFEFEF79C
:108FE000EFFE039B1E70FCF797FE78E71C70FEF700
:108FF000D1FEFEF7E5FE7B4B1C607B4B1C607B4B80
:109000001C70F0E7002A7CD06D4D2B780B2B01D91A
:109010003800C6E7002C0BD0E0B2FFF7ABFD2B7891
:109020000B2BF5D85A1C2A70664A5B009C52EFE75E
:10903000674BE02F1ED00221E42F1CD01B78002BA1
:1090400008D16B4C2378002B04D1E020FFF70AFDF8
:1090500001232370604AF8B2137801331370FFF7CD
:1090600089FD2B780B2BD3D85A1C2A70554A5B00EC
:109070009F52CDE7012101221A70564A13780B4303
:109080001370002238000099FEF7E4FE002836D164
:109090003800FBF7ADFE002813D1FBF7CDFE00280A
:1090A0000FD03F4C23685B6A002B00D1AAE0380048
:1090B0009847002800D1A5E023689B6A002B00D0C8
:1090C000B1E038004B4A0099FEF7C4FE002816D1E3
:1090D000009B334D5C792B685A88BA4200D0DCE0A3
:1090E000454E464D002C00D1AAE005F04FFB80B262
:1090F000031C002800D10123338000232B700020A3
:1091000030E2E02F05D00323E42F03D03800140011
:1091100001E702232E4A5B4214702E4ADCB211781A
:1091200038000B401370FBF741FE314A137823409F
:10913000A6E7334900228C46D1B299420ED2511C87
:109140004D00019161464D5B854227D1013B1D4990
:10915000DBB233705B005B5A52005352C0B2FCF773
:10916000C3FD002C8DD11C4A1378002B89D0013B04
:10917000DBB21370002B84D101251D4C23782B42C8
:1091800000D17EE7134B1B782B4200D079E7E0201B
:10919000FCF75EFD2378AB43237072E7019ACBE7BF
:1091A000001400201C1F010033140020781300203D
:1091B000EE130020131F010028140020021F0100DD
:1091C000D4130020D6130020751300207413002040
:1091D000D0130020D2130020D1130020321400201D
:1091E00073130020741700207017002072130020E2
:1091F000D31300206D8D0000701300206E1300202B
:10920000D4130020009B5B79002B00D159E79F4BC2
:109210001B78002B04D1FBF797FD002800D1F7E65F
:10922000FEF710FEF4E6009A3800517998470028BE
:1092300000D146E7009B5B79002B00D141E7E7E6D0
:109240002A78002A0BD0924C2088002802D0C0B285
:10925000FCF74AFD00232380002333804EE7328849
:10926000002AF9D08B4C2278042A02D1FFF75AFB4E
:10927000F2E7DB68002B0CD1874B1B78002BEBD07F
:10928000864B22781A70FCF747FD0420FEF700FE9B
:10929000E2E798470028EFD1DEE77E4B01931B7889
:1092A000042B0BD1029A072A2ED8002C06D03A00A4
:1092B0009A43E12A00D1ABE6FFF734FB764B009AE4
:1092C00003931B785279002B00D1F5E02968897C43
:1092D000002900D1F0E0292F00D009E1002A00D1B7
:1092E000EEE0019B1B78002B00D0B3E06C4B2222F8
:1092F0001B781900914300D0ACE09A0700D4A5E098
:109300006848FFF7E7FC83E6002C47D00F2F0ED804
:109310000A2FD1D938002222614B0B381B78134019
:109320000428C9D8F8F75CFE12C819242F00282F8A
:1093300030D02C2FC0D105F029FA80B25A4A031C34
:10934000002800D101232C2013802AE6CF20574B80
:109350001880FFF787FB0B2023E6CE20002B00D0E0
:109360000C30524B5880C0B2FFF704FC0D2018E6B9
:10937000CD20002B00D00C304C4B9880C0B2FFF7B2
:10938000F9FB0E200DE6D020484BD880FFF76AFB92
:109390000F2006E6D220FFF765FB39E60F2F0AD82B
:1093A0000A2F8BD938000B38042887D8F8F718FE15
:1093B0001686212C3700282F44D02C2F00D07DE793
:1093C0003B4E394A33780392002B33D0D120FCF73F
:1093D0003FFC34700023039A13806FE7334C2088DE
:1093E000002800D16AE7C0B2FCF77EFC002323808E
:1093F00064E72E4C6088002800D15FE7C0B2FCF71C
:1094000073FC0023638059E7284CA088002800D112
:1094100054E7C0B2FCF768FC0023A3804EE7234C5E
:10942000E088002800D149E7C0B2FCF75DFC0023CA
:10943000E38043E7039B1B88002BCBD0D120FFF7B1
:109440008DFCC7E7D220FCF703FC37E73520002B63
:1094500000D056E72222124B1B78934348D1019B40
:109460001C78A31E012B43D9012C00D08BE0074BA5
:10947000187800283CD1FEF70BFD05F087F90D4B5D
:10948000002800D12000186032E0C04647150020B7
:109490006C1300203314002032140020FC13002031
:1094A0002814002035020000F0130020F4130020DF
:1094B000F213002078130020292F19D1002A5FD140
:1094C0008C4A1178002913D000261670B3420FD0B1
:1094D000894B1C68B44247D005F058F9001BC728D7
:1094E00042D9864B1E60FEF7ADFC0120FEF7D0FC92
:1094F000009B5A79002A00D1E8E0039B1B78002BDF
:109500000CD0019B1B78012B08D12B681C6B002C05
:1095100004D07B4B19782588002D52D10B2F65D0B4
:109520000D2F00D1CAE00E2F00D1CBE00F2F00D1BC
:10953000CAE0002A61D1E52F0ED1724C2378002BAE
:109540000AD002206E4B1B78034203D1FBF7DEFDED
:10955000FCF756F8002323703800FBF727FC0123A3
:109560005840C0B205B0F0BD05F010F9634B0028BB
:1095700000D10130186000212920FFF78FFBB7E7E9
:10958000002BB5D066E75D4C2568002D07D1002380
:109590002360FEF757FC0120FEF77AFC0FE005F090
:1095A000F5F8594B401B9842F1D80124514B1C70DF
:1095B00005F0ECF8504B002800D12000186029205D
:1095C000EFE4AF4210D1E378A0780B40002807D138
:1095D000002B09D1FEF736FC636898472800E0E4C9
:1095E000184201D08343F3E7083494E70024474B43
:1095F0001B78002B04D10120B4E701246442F6E774
:10960000E52F00D104E5029B072BF4D93C4B1D78D4
:109610003F4B2A001B78009322239A4317D0631CE8
:1096200022D0009B002B26D1019B1E78012E1ED13B
:109630003800FBF795FB374D2B5D002B00D05EE526
:10964000354B6200985CFFF795FA2E5557E53E00C2
:109650001D4202D08026B6003E433000FBF770F971
:10966000002814D1292F12D0009B002B03D1FBF727
:109670006BFB002801D0FEF7E5FBAD06BBD538003B
:10968000FBF7CCFB0028B6D1FCF71CF8B3E73000A1
:10969000FEF74EFC0028F0D13800FBF761FB631C9D
:1096A00000D12CE5009B002B00D028E5019B1B7806
:1096B000012B00D023E5194A135520E50124002A87
:1096C00095D107E00224FAE70324F8E70B2F00D036
:1096D00026E714000026114B0E4D1E552B5DB3429C
:1096E00000D139E70C4B6200985CFCF7FDFA2E556F
:1096F00032E7C0467313002068130020781300205F
:109700002814002029140020B70B00003214002078
:10971000471500202E1400209C2001002A14002050
:109720000123834010B5034A10781843C0B2FBF7F9
:1097300009FC10BD05140020F0B50379070089B0BD
:10974000002B00D1E6E10121FBF7D4FE0022B84B4B
:1097500005001A80B74B1A707B7993420BD005F045
:1097600015F8B54B1860B54B1B78013B012B02D89F
:109770000122B34B1A70B34B1A78002A0ED02C2D4D
:1097800000D1A5E1B04A954200D100E2AF4A95422E
:1097900000D1FCE1E02D18D000221A70AC4A9542AD
:1097A00000D118E245D8A84A954200D1EFE12CD863
:1097B000E72D00D1BBE10BD8652D00D1C0E1E32D31
:1097C00000D1ABE12C2D00D182E1390028008EE1DF
:1097D000A423DB019D4200D1E2E19E4B9D42F4D1E6
:1097E0007B79002B00D0B0E09B4B3A889A4200D0A6
:1097F000ABE09A4B1A79012A00D1A6E001221A7136
:1098000000225A71964B0332DCE1904B9D4200D10D
:10981000BDE1944BEB189BB2032BD6D8924BE818C2
:109820007B79022800D993E1F8F7F8FB9A01A201AD
:10983000AB018E4AA81882B20E2AC6D80E28C4D808
:10984000F8F7E2FB0F002B0040005B006E00B80051
:10985000C400E0003A01C3FFC3FFC3FFC3FFD5014B
:10986000EA017A79824B002A12D001241C70FCF79D
:10987000EDFB7A4B1A78A2420BD000201C70FDF74A
:109880002BF8FCF7C1FE7B4B1C7004F07FFF00E05F
:109890001A70794B00221A8057E07A79774B002AA8
:1098A000F6D001221A70FCF7D1FB6C4B1A78002A13
:1098B00002D15A78012AECD00124002220001A702B
:1098C0005C70DCE77A796E4B002AE1D001221A70D5
:1098D000FCF7BCFB614B1A78002A02D15A78022AA5
:1098E000D7D0002202201A705870FCF7F5FFFCF761
:1098F0008BFE01225F4B1A70C7E77A79614B002A11
:10990000C6D001221A70FCF7A1FB544B1A78002A2A
:1099100002D15A78032ABCD0002203201A70E3E750
:109920007B79002B11D04D4B1A78022A0DD00222E0
:1099300008201A70FCF7D0FFFCF756FBFCF764FE1A
:1099400000224C4B1A7004F021FF7C79002C00D1CE
:1099500011E24D4BEB189BB27F2B01D900F039FE81
:10996000EDB20F2D00D9C7E00121912007AA04F024
:10997000E1FC04AB1C7B002C00D0BDE0002D00D02E
:1099800060E10126079407A8FBF7ACFF002800D18F
:10999000B2E0012800D0A6E107A8FBF7A3FF04006E
:1099A0000138032800D962E1F8F738FB5C0168014F
:1099B0006E0174017B793549354A002B04D00123AF
:1099C0000B7000231370C0E70B70FBE77A79002A55
:1099D000BBD1224B18795979012805D10129B4D17D
:1099E0005A71FCF711FEB0E70029F9D10122E320FA
:1099F0005A71FCF72DF9E720FCF72AF96520FCF7EE
:109A000027F9EEE77B79002B9FD0224C23787F2B20
:109A100042D9FEF7FDFF7F222378134000222370F6
:109A20000E4BDA70FCF7F0FD0D4B03221A708CE739
:109A3000882800208728002010130020CB13002046
:109A40000C1300200B1300202252000023520000B0
:109A5000037C00000152000002030000640C00209F
:109A60000A130020B787FFFFB687FFFF0082FFFFC2
:109A70007C280020782800207E2800207B280020D9
:109A80007A280020792800200089FFFFC9130020D0
:109A9000C81300201A130020DB090BD1FEF7B8FF12
:109AA000802322785B42134301222370C14BDA707A
:109AB000FCF7AAFDC04BB8E77A79002A00D044E74A
:109AC0001A78002A00D040E701211970BB4BADE79E
:109AD0007979002909D11B78002B06D0B74A137871
:109AE0000133DBB2032B17D8137039002C20FFF79A
:109AF000D1F9002800D028E7B14B1B785B0709D0CB
:109B00007B79002B06D0AF4B5B785B0702D5022038
:109B1000FBF7AAFA09B0F0BD1170E6E7A54B5B7937
:109B2000002B01D000237B713900E320DFE7A14B3C
:109B30005B79002B01D000237B713900E720D6E749
:109B40009C4B5B79002B00D1FFE600237B71FCE688
:109B5000002B00D0F9E69C4BDB78C72BAAD8F4E6A3
:109B6000002B00D0F1E6984BDB78002BA2D0ECE67E
:109B7000002B00D0E9E6944B1B79FF2B00D0E4E6E4
:109B800098E7002B00D0E0E68F4B1B79EDE77B795F
:109B9000002B02D001228D4B48E700228B4B45E77A
:109BA0007B79002B00D0D0E6894B3A889A4200D0CE
:109BB000CBE6804B1A79002A00D1C6E600221A7142
:109BC000844B01321A70E220FCF742F8E320FCF7E4
:109BD0003FF8E6200DE77A797F4B002A05D0012275
:109BE0001A7000237B717D4B54E61A70FBE77B797A
:109BF000002B00D1A9E67A4B1C681E68FDF728FCF3
:109C0000E1046C4CB60424780300F20FC90F0094F1
:109C1000744807F03BFC98E67979002900D094E677
:109C2000644B01201C796B4A002C06D118715C71C1
:109C300003231370FFF774FDC5E719711070FBF76C
:109C400093F9C0E7922C00D156E72000012107AA22
:109C500004F070FB04AB1B7B0134002BF2D1013DFF
:109C6000EDB28BE607A8FBF73DFEFFF777F8300073
:109C700004F0C8FE002C00D085E63DE707A8FBF7FE
:109C800031FEFEF777FFF2E707A8FBF72BFEFCF7A4
:109C90002BF8ECE707A8FBF725FE002504000422BB
:109CA000514B1B5D134215D10120002D0FD0FA221C
:109CB000002392002800E917F8F764F900234B4AC3
:109CC00080185941FA2200239200F8F709FA04F0AB
:109CD00099FECCE70A2307A85D43FBF703FE303C5F
:109CE00065190400DBE70722414B1B5C0393C308A3
:109CF0001040404ADBB2D25C024111003140049175
:109D00003D49C95C014131400D003C49CC5C0441F6
:109D10003440324205D0E120FEF7A4FE300004F0CA
:109D200071FE002D05D0E620FEF79CFE300004F009
:109D300069FE03980021FFF703F8300004F062FE8B
:109D4000002D05D0E620FBF783FF300004F05AFE1B
:109D5000049B002B05D0E120FBF77AFF300004F0D4
:109D600051FE002C00D10EE62C20FEF7F7FF30004C
:109D700004F048FE07E6224BE818062801D900F057
:109D80001BFCF8F737F90E12040B3F43470026235C
:109D9000E1221100200007F037FEADE62723E5227F
:109DA000F7E72623E122E021F4E72723E522E42157
:109DB000F0E7C046640C00200913002008130020BF
:109DC000181300201A1300209018002007130020F9
:109DD000010300000A1300207428002076280020C8
:109DE00000040048B01D01006D1B0100E7030000E6
:109DF000821E0100721E0100621E0100621E01002F
:109E0000E883FFFF2623E122E221C3E72723E5229F
:109E1000E621BFE728230122E521BBE701232278C1
:109E2000134323700420218804F0EFF8FEF7F0FDBF
:109E300062E60823627813432CE002232278EFE7DE
:109E400004232278ECE708232278E9E701236278EB
:109E5000F1E702236278EEE710232278E0E720237F
:109E60002278DDE740232278DAE7FEF7D1FD802370
:109E700022785B42D4E70C2322789A43D0E703236D
:109E800062789A43D7E7012223789343C9E70822EF
:109E9000637893436370C5E702222378F5E70422D1
:109EA0002378F2E708222378EFE701226378F0E7CE
:109EB00002226378EDE710222378E6E72022237858
:109EC000E3E740222378E0E7FEF7A2FD7F22237834
:109ED0001340A6E70C222378D7E703226378D8E75C
:109EE0000122042023785907C90F8A439100834334
:109EF0000B430821D2008B4392E7012108006378CD
:109F0000DA07D20F904302228B430343410093436D
:109F10000B43BFE7012223785906C90F8A439201F8
:109F20004021E8E7FEF774FD01222378D9094A4071
:109F30007F21D2010B4073E701210E2004F056F877
:109F400070E70021F9E701222378D906C90F8A4377
:109F500012011021CFE7012108002378DA07D20F80
:109F600090430200C7E7012263781907C90F8A43AB
:109F70000821D2008B435EE755221B7893431900DA
:109F8000481E8141AB4A35201170002B00D10C389E
:109F900004F018FBFBF734FBAEE5012004F096F863
:109FA000AAE5002B33D004F0D3F8A5E5002B33D07D
:109FB00004F0EAF8A0E5002B33D004F005F99BE5A6
:109FC000002B33D004F024F996E5002B33D004F0B5
:109FD00041F991E52222984B1B781340974AA81823
:109FE0000E2835D8F7F7FCFF080ED9DD11E216E789
:109FF0001BEC20F1252A2F0004F078F8012004F052
:10A0000027F879E504F086F8F8E7002BCBD004F0C8
:10A0100091F871E5002BCBD004F0AAF86CE5002B89
:10A02000CBD004F0BFF867E5002BCBD004F0DEF80E
:10A0300062E5002BCBD004F0FDF85DE5002B04D0E9
:10A0400004F02AF958E5002BFAD004F013F953E58F
:10A050007B4B9D4215D07B4B9D421DD07A4BEB181C
:10A060009BB21F2B1DD8002C2AD11F2301342B405B
:10A070009C40E4B22100032003F0B8FF734B1C7036
:10A080003AE50120002C09D0FFF74AFB0322022108
:10A090000120FAF7BFFF2FE50220F3E7FAF764FF8C
:10A0A000F4E7002C2BD06A4B9D421CD0694B9D429B
:10A0B00010D0694B01209D4212D0684B9D421AD0AE
:10A0C000674B9D4211D0033B9D4218D1FEF7A0FC87
:10A0D000FDF7A4F8634B587801234007C00F5840A0
:10A0E000FBF788FE08E50020FAE7FCF7C5F9002039
:10A0F0005D4903F08AFFFEF78BFCFDF7CFF83B8844
:10A1000006AD2B800698002C5AD0FBF7CBF9040043
:10A1100001000698FAF734FF2A8807AB1A8020005E
:10A120000799FAF7A1FEFBF7D9F80022BB797D79F0
:10A130001B0903934D4B041C05931B7804925B078A
:10A140002BD00495954228D023041B0E19000F3202
:10A150009143402910D0C1B20A0000202032D2B26F
:10A160000490072A19D91F229343202B04D10129D7
:10A1700013D9039B834210D000223A4B04925B78A0
:10A180005B070AD50220FAF76FFF0722059B1B78B1
:10A1900013405A425341DBB204932304180F0B2897
:10A1A00000D989E0F7F73AFF10001000660066005A
:10A1B000DF00F30088008800FE006B017E017E0155
:10A1C000FAF706FF0400A7E726052304360F1B0E47
:10A1D0000F2B00D93601E4B2002D13D0002E0DD084
:10A1E00023002033DBB2072B02D9214A002C00D1F7
:10A1F000114A137833431370FBF702FA2000FEF77D
:10A20000B9FC59E02000FBF76FFD002E54D023006D
:10A210002033DBB2072B01D9002C03D13000FAF731
:10A2200075FF03E0124A1378B3431370FBF7E8F9A4
:10A2300042E0C0461513002006140020C087FFFF2F
:10A24000777C0000787C000020ADFFFF0414002024
:10A250005B7C00005C7C00005A7C0000017C0000FC
:10A26000037C00001A130020FFFF000018130020D9
:10A270001C1300200F22230426051B0E360F9343C8
:10A28000202B00D03601E4B2002C07D0012C52D094
:10A29000039B002D5BD0002B2CD0AFE7B34B5B783A
:10A2A0005B0722D4002D05D0002E05D0B04A1378CC
:10A2B0003343BAE7002EB1D1049B002B00D19CE0C0
:10A2C000059B1878012302001A40184200D094E040
:10A2D0007A71C008FFF724FA3800FFF72DFA059BC2
:10A2E0001878C008FAF740FE87E0039B002D11D0D4
:10A2F000002B03D13000FBF7D9F9DDE7039B012BDD
:10A30000DAD19C4A13781900334331408E42D3D0BE
:10A310001370D1E7002BCFD13000FBF7BFF9954A7E
:10A320001378334201D0B3431370934A1378334206
:10A33000C2D0B343ECE7039B002D02D0052BBBD862
:10A34000D8E7042BB8D83000FBF7A8F9B4E7002B06
:10A35000F9D05020392C00D0012004F053FB20000C
:10A36000FBF7C2FCA8E72005800F09D00128A3D184
:10A370000020854201D0A005800D04F009F99BE77B
:10A38000002D01D0A005800D04F0E8F894E7E0B2BC
:10A39000002D04D003F0E6FF04F028FA8CE704F067
:10A3A00037F8F9E723049B019B0F32D1002D22D10E
:10A3B000102023065B0F9B002107DBB2090F994099
:10A3C0000200C9B22240204203D00F229A40D24359
:10A3D000D2B224056948A40F022C14D0032C16D045
:10A3E000012C04D003780A431A40027003E003787A
:10A3F0000B431343037004F0A1F800213800FBF76E
:10A4000079F8FFF787FB03780A435A40EDE70A43E0
:10A41000EBE7A3059B0FDAB2002D21D0DB07EAD5CD
:10A420002206520F92002007D2B2000F9040C1B214
:10A43000102003002340204203D00F239340DB432E
:10A44000DBB22405A40F022C11D0032C14D04C4AEB
:10A45000012C08D010780B431840FAF773FDCAE7B7
:10A46000012AC8D9DCE7107808431843F5E7444AC5
:10A470000B4310785840F0E719430800EDE7E6B2C7
:10A480002405240F002D06D02000FFF749F93000E5
:10A49000FBF70CF9AFE73000FBF700F92000FAF703
:10A4A00063FDA8E7E6B23000F038042843D8F7F798
:10A4B000A1FD0326141B2200039B002D0AD0042BB0
:10A4C00099D80120E404E40EA0402D4B1B7858409D
:10A4D000C0B2C2E7052B8ED8F3E7E004C00E002D12
:10A4E000DDD1FFF71DF986E7281EB6D00120E40470
:10A4F000E40EA040ECE71D4B5B785A0704D4E0045F
:10A50000C00E002DCBD0ECE7002D09D0E004C00E2A
:10A510005B07E6D50323C2001343059A1370E0E7F7
:10A520000120FAF7A1FD039B012B00D863E702206D
:10A53000FAF79AFD5FE7039B002D08D0002B03D0AC
:10A540003000FEF717FB56E7E004C00EC9E7002B0A
:10A5500009D05020392E00D0012004F053FA3000E9
:10A56000FBF7C2FB47E7E004C00E98E71A13002090
:10A5700006140020161300201713002004140020D6
:10A5800005140020314A324B954200D1F4E42222D6
:10A590001B7813402F4AA8180A2800D958E5F7F766
:10A5A00033FDFCFC00FD34FD05FD39FD0AFD3EFDDB
:10A5B0000FFD43FD14FD48FD244B9D4200D009E5ED
:10A5C000254B35201B78002B00D10C3804F030F8D7
:10A5D000E0E4224BE818062801D8FFF7D2FB00225E
:10A5E0001F4B1A701F4BEB189BB2222BCAD80420AA
:10A5F00003F0B6FC1C4C1D4B2080E818212801D923
:10A60000FFF70CFCF7F700FD3FFCA7FC48FC19FC2A
:10A610001CFC4BFC1FFC4EFC57FC28FC9FFC2BFC3D
:10A620005AFC2EFC5DFC86FC31FC60FC8EFC37FC89
:10A6300066FC6CFC22FC51FC25FC54FC3BFC69FCD8
:10A6400079FC98FC9DFC15FC43FCAFFC167C0000DB
:10A6500006140020E087FFFF15130020E883FFFFAA
:10A66000141300200090FFFF1A130020FF8FFFFF3C
:10A67000F8B51A4883790F2B2BD84379002B28D0B3
:10A68000174B05881A78174B46881C7807239C4679
:10A69000154FA2421DD0D300DB191979002919D01A
:10A6A0001988A94216D15979002913D15988891BD3
:10A6B00089B2C7290ED80F241021827922400A437B
:10A6C00082719A79224011439971FFF735F8FAF7B0
:10A6D000BBFCF8BD634601321A40DAE76013002084
:10A6E0001E1300201D13002020130020F0B50400CD
:10A6F00087B00622010002A8F7F742F9774E657984
:10A70000337922790193002B13D1002A0FD0002D29
:10A7100000D1DEE02000FAF717FF002800D1D8E0D2
:10A72000082221003000F7F72BF9FFF7A1FF0125E0
:10A7300043E073796788009373880099FB1A9BB292
:10A74000002900D19FE0C72B67D8002AEFD0B3794A
:10A75000328821880F2B52D891420DD1002D49D13A
:10A760000F221340013213433000B371FEF7E4FFB0
:10A77000B379A371002520E0002D3BD126786778BE
:10A780002A003900300007F089F92A00390030002A
:10A7900007F084F9051EEDD10298FAF7C5FEC3B2A1
:10A7A00000040F21020F032A0AD8012A11D9000E32
:10A7B000014213D0A2790F2A10D8280007B0F0BDAB
:10A7C00006320A40012A0ED92000FEF7B5FF009D8F
:10A7D000F3E7000E014201D0002BEED02033DBB2B4
:10A7E000072BEAD9F0E7EF2BE7D90F33DBB2022BC7
:10A7F000E3D9E9E70123B2791343B371BAE7914290
:10A800002AD1002D28D1A3712000FEF795FF082240
:10A8100021003000F7F7B4F889E7B3790F2B08D897
:10A820003000FEF789FF082200213000F7F7BCF95D
:10A83000A0E7002A00D17AE73188228891420BD123
:10A84000002D09D12000A371FEF776FF0822290010
:10A850003000F7F7A9F96AE72000FAF775FE00283B
:10A8600037D0002D35D0B3791F2B00D858E7328868
:10A8700004A80280019A478002710022837142710C
:10A88000FEF75AFF4CE7C72BCDD8002A00D14EE780
:10A89000002D1ED0328823889A4210D1B379DA076E
:10A8A000B5D40F2BB3D90F21A3718B43F02BABD0B1
:10A8B000A3791A09013212010B401343A3E72000C8
:10A8C000FAF742FE002800D02AE70123B2791343A9
:10A8D000B3712000FEF730FF29E7C0466013002067
:10A8E000F0B50D0A8BB0EDB202AA02905160002DB6
:10A8F00002D000212F4B1970002302A9CB81029BAB
:10A9000004AC04931679002E09D001212000267191
:10A910006571FAF7EFFD01212000FAF7EBFD657193
:10A9200006AD2100082228002671F7F729F8280033
:10A93000FFF7DCFE041E1DD11F4B204F00931B7838
:10A940000822290008A801933E78F7F719F82B7917
:10A95000002B0FD00723751C1D40019B9D4212D078
:10A960001748F6000822801908A9F7F709F83D7082
:10A97000FAF76AFB0725104C104B20781B788342AE
:10A980000CD10BB0F0BDFEF743F8009B082221006C
:10A990000C483C701C70F7F707F9EBE7084BC00058
:10A9A000C018FFF7A3FE0028EBD0237801332B401B
:10A9B0002370E0E71C1300201E1300201D1300204D
:10A9C00020130020601300201FB50124FBF754FD65
:10A9D00000201A4903F019FB0021022003F006FBB6
:10A9E000174B210003201C7003F000FBA42104205E
:10A9F000490103F00AFB03F06FFC21000F2003F074
:10AA000013FB102200216846F7F7CEF822006846B3
:10AA1000252103F0B1FA0421132003F005FB1022D5
:10AA200000216846F7F7C0F804222621684603F0A3
:10AA3000A3FA03F061FD03F041FC1FBDE3FE00003B
:10AA400004140020F7B503F0A1FE094E84B2338848
:10AA5000A3420BD06D4600272F8003F097FEAF80F6
:10AA6000688000980199FFF73BFF3480F7BDC0462E
:10AA7000B01200200020704700207047FEE703005E
:10AA8000DA680800511C10B5D96019698A4204D2ED
:10AA90001C68002C02D05968A04710BD9B689854D0
:10AAA000FBE7000010B5024B1B68984710BDC0467D
:10AAB000C40E0020F7B51E00C36804000093089B75
:10AAC000150001919B070DD0002D0DD1089B9B0710
:10AAD00015D4F7BD20212000FFF7D1FF0137B74281
:10AAE000F8D3F1E71700FAE7019B013D2000595D1B
:10AAF000FFF7C5FFE8E720212000FFF7C0FFE3686C
:10AB0000009A9B1AB342F6D3E3E70000F0B58FB08A
:10AB10001D00169C04900392002921D123051BD40B
:10AB2000302304AA1372203B9C4301310A00A3077F
:10AB300045D401231598234000283ED0002B3ED059
:10AB4000039B002B02D10C331C4202D0159B013B0E
:10AB500015930A0030232AE0102DE7D1AC43E5E736
:10AB60006123A20600D541230E000027DBB20A3B79
:10AB7000059329003000F7F715F9059BCAB2D318E1
:10AB80008446DBB2092901D83032D3B2082004AAA6
:10AB90001218791CD355B542C8D82029C6D00F0049
:10ABA0006646E6E7082604A8801983540132159802
:10ABB000904204D9202AF5D101E0002BC9D13023DD
:10ABC00004E0082604A880198354013214989042A6
:10ABD00001D9202AF5D1082D03D1914201D21023A9
:10ABE0009C432C4B1C423AD0230522D4002A20D06F
:10ABF000149B934202D0159B93421AD1914202D2E8
:10AC0000013A002A15D0244BEB40DB071FD59142B7
:10AC10003DD2013A102D12D1A3062CD4202A10D1F6
:10AC20002022159B0498009406A9FFF743FF0FB05C
:10AC3000F0BD102DF0D0022D09D1202AF0D06223D2
:10AC400000E07823082004A909188B540132202A37
:10AC5000E6D00820302304A909188B540132202A99
:10AC6000DED0039B002B0AD02D23082004A909184D
:10AC70008B540132D5E75823202AE3D1D0E763076C
:10AC800001D52B23F1E72307CBD52023EDE7102DAA
:10AC9000D3D1C1E710200000040001007FB52A4A8B
:10ACA000030CDBB2D45C050AEDB223002100019055
:10ACB000002D2DD0062001AB1E78FF217043F7F741
:10ACC00075F85522524242437600B2180326564385
:10ACD000FF21F6B232008E1B4B1B6A4375431212E2
:10ACE0002D128A1A491B6343624361431B121212DD
:10ACF0000912DBB2D2B2C9B2062820D8F7F77AF926
:10AD0000040613161A1F040022000C002100140070
:10AD1000FF22200011401040090213401B04084389
:10AD2000184304B070BD1A000B00EFE711001A00C1
:10AD30002300EAE722001C0013000A00E6E71100E6
:10AD400022001C00F0E7C04632280100010030B5A7
:10AD5000C0B2012916D9F723FF225B01994202D81C
:10AD60004A090832D2B20124A01840100500454318
:10AD7000ADB2C3B2A94206D2013BDAB29442F3D9D2
:10AD8000013CE0B230BDFF28FCD00133DCB2F5E776
:10AD9000054A064B11884B4305495B189BB2180ABC
:10ADA000C018C0B213807047C20E00200508000012
:10ADB0001936000010B50400FFF7EAFF60430012E7
:10ADC000C0B210BD0F21430615D40B000200034092
:10ADD00092060B49920F52005218517812784B4349
:10ADE0001B119B1840B2DBB2002801DA5B42DBB2D8
:10ADF000803BD8B27047C343DAB20B400133E7E778
:10AE00002A28010010B50B00041E02D1C80FC00192
:10AE100010BDC11742184A4012B2D118002B0BDBEB
:10AE20009B1A5801F6F7C2FF2023181AC0B2002C53
:10AE3000EEDA4042C0B2EBE74801D11AF6F7B6FFAE
:10AE40006023F2E71FB5040C01905008FFF7BAFF2A
:10AE50000200803AE4B2D3B2120603D580235B42EB
:10AE60001B1ADBB201AA1288FF2110005B0001341B
:10AE7000DBB26343120A1B12084012020B401B0490
:10AE80001043184304B010BD1FB5030A01903031C0
:10AE9000D8B20E4B4900C95CE5234B431B121C334F
:10AEA0009A1AD317D2185A40D200821A01AC131C36
:10AEB000120400D500231BB2013058430012A378BE
:10AEC000607020881B04184304B010BD741F01007B
:10AED000030C84B001903031D8B2114B4900C95CE9
:10AEE000E5234B431B121C339A1AD317D2185A402E
:10AEF000D200821A131C120400D500231AB2431C7C
:10AF0000534301AA1288FF2110001B12120A0840A5
:10AF100012020B401B041043184304B07047C04694
:10AF2000741F01007FB5040A0190E4B21000E51A15
:10AF3000FFF768FF8300C01AEDB22D18EDB201349F
:10AF40006C4301AE2412B378747030881B0418432C
:10AF500004B070BD7FB5040C051CE4B21000E61A05
:10AF6000FFF750FF8300C01AFF23F6B2361818000F
:10AF7000F6B20134744328402D0A1D4024122D02DC
:10AF80001C40034B284324041840204304B070BDE8
:10AF9000FFFF00FF7FB5040A0190100008AA157892
:10AFA000E4B25D1BFFF72EFF6519EDB22D1AEDB26D
:10AFB00001346C4301AE2412B378747030881B04E2
:10AFC000184304B070BD00007FB5051C040C1000D0
:10AFD00008AA1678E4B29E1BFFF714FFFF23A619F8
:10AFE000F6B2361A1800F6B20134744328402D0A1E
:10AFF0001D4024122D021C40034B284324041840FA
:10B00000204304B070BDC046FFFF00FF84B001A91B
:10B0100001908B780A7008881B04184304B07047AD
:10B020001FB5074B30314900CB5C01AC01909B1A36
:10B030002370A37820881B04184304B010BDC046B9
:10B04000741F01001FB5074B303149005B185B7856
:10B0500001AC01909B1A2370A37820881B0418432D
:10B0600004B010BD741F0100F0B5303115000E4A58
:10B070004B00D3185F7885B03E00203E019001ACB4
:10B08000C0B273B2360602D52023DB1B5BB2490087
:10B09000525C521BD2188018A378207020881B04A1
:10B0A000184305B0F0BDC046741F010084B004AA67
:10B0B0000190107803225A43521001A980188B780E
:10B0C000087008881B04184304B070471FB51C00A3
:10B0D00001904BB2080601D549424BB23820C01A44
:10B0E00080B292B252434043801880B2FFF72EFEE6
:10B0F0000323434301AAE4181470937810881B04B7
:10B10000184304B010BD30B585B0019010001D008B
:10B11000FFF778FE01AC4019A378207020881B044B
:10B12000184305B030BD30B585B00190100008AAB5
:10B13000147801AD1C1BFFF765FEE4B2241AAB784E
:10B140002C7028881B04184305B030BD7FB50D4D09
:10B1500030335B00EE185B5D7678703B59437F239C
:10B16000203E72435118CA171A405218D21101AC2E
:10B1700001901218A378227020881B04184304B091
:10B1800070BDC046741F01007FB50D4D30335B00AC
:10B19000EE185B5D7678703B59433F23203E724347
:10B1A0005118CA171A405218921101AC0190121886
:10B1B000A378227020881B04184304B070BDC046D9
:10B1C000741F01007FB5134D30335B00EE187678A5
:10B1D0000190203E72435E5D01AC3500703DC0B20F
:10B1E0006BB22D0602D570239B1B5BB23825EB1A80
:10B1F000594303238A187F215343DA170A40D21890
:10B20000D2118018A378207020881B04184304B042
:10B2100070BDC046741F01000C4B3031490084B032
:10B2200001905818C95C03234078091A4B43DBB2DC
:10B23000991AC9B2202801D9D218D1B201AA93789B
:10B24000117010881B04184304B07047741F01006C
:10B2500030B585B00190C4B25008FFF7B3FD0200CD
:10B26000803A01ADD3B2120603D580235B421B1A8C
:10B27000DBB20D225B00DBB253431B12E4182C70CF
:10B28000AB7828881B04184305B030BD7FB50E008D
:10B29000041C01901000FFF795FD30360E4B760030
:10B2A000F35C01ADC018C0B20200803AE4B2D3B280
:10B2B000120603D580235B421B1ADBB20D225B0012
:10B2C000DBB253431B12E4182C70AB7828881B04A4
:10B2D000184304B070BDC046741F010030B50C4B5C
:10B2E00030314900CD5C85B0AB1A019001ACC0B2E1
:10B2F000D9B21B0601D5521BD1B219234B431B12E5
:10B30000C0182070A37820881B04184305B030BDF6
:10B31000741F01001FB501900520434306AA12883F
:10B3200001A9D3181A1C9BB2FF2B00D9FF22D343CB
:10B330008A78DBB29B181C1CFF2B00D9FF240A88DB
:10B34000FF231000120A1840120223401B0410436E
:10B35000184304B010BD30B585B0019008A800882E
:10B360001B18C81709184140D0171218424009B2DB
:10B370009BB292B20901FF2900DDFF2112B2120136
:10B38000FF2A00DDFF220C1C15B209B201A8A94258
:10B3900000DD141C1B191A1C9BB2FF2B00D9FF22C5
:10B3A000D3438278DBB29B18191CFF2B00D9FF21F5
:10B3B0000288FF231000120A184012020B401B04DF
:10B3C0001043184305B030BD7FB5050C160008AA20
:10B3D00001901288E8B201ACFF25482B06D8D31A99
:10B3E0001A1C9BB2AB4200D92A1C95B2083189B213
:10B3F000102905D9330008339BB2102B00D9FF2543
:10B400000321ED430C4BF2170A405B78921992101E
:10B41000EDB2D21840192270011CFF2800D9FF217B
:10B420002288FF231000120A184012020B401B044E
:10B430001043184304B070BD9018002084B004AAD3
:10B4400012880190D21A131C92B2FF2A00D9FF234E
:10B45000DBB2D94301AA9078C9B24018011CFF2879
:10B4600000D9FF2110781B1813701288FF231000D9
:10B47000120A184012020B401B041043184304B078
:10B4800070471FB506AA128801A9D31A1A1C9BB2CD
:10B490000190FF2B00D9FF22D3438A78DBB29B189F
:10B4A0001C1CFF2B00D9FF240A88FF231000120A5E
:10B4B0001840120223401B041043184304B010BD6F
:10B4C0001FB53C23FF334B43154A01901168040C10
:10B4D000C918144B89B21879E4B2C0080130484346
:10B4E0000012C0B2FFF76EFC0200803AD3B212061F
:10B4F00003D580235B421B1ADBB201AA1288FF210D
:10B5000010005B000134DBB26343120A1B120840D7
:10B5100012020B401B041043184304B010BDC04678
:10B52000383100209018002010B5F9F797F910BDB8
:10B5300010B5F9F7F5F910BD0D23584382B0C0B22C
:10B5400001AA1070C018031CC0B2402800D94023C3
:10B550001078DBB21B02184302B07047B523434397
:10B5600098B2002B07DA803B1BB2D817C0B2C018C4
:10B57000001240B27047803080B2F9E710B50D4B31
:10B5800014201B78DA0712D400189A070FD4283039
:10B590005B070CD4084B48381B78002B07D0483089
:10B5A0001D2B04D81E215843F6F700FC80B2C0B210
:10B5B00010BDC046FE1200200013002010B501246B
:10B5C000104B02211B78234215D104220B4210D1CB
:10B5D000134214D10C4B187800280ED027280ED80F
:10B5E000C0002631F6F7E2FB02002000002A01D05D
:10B5F00092B2D0B210BD0A00FBE72200F9E70822A0
:10B60000F7E7C046FE120020FF120020014B5878D9
:10B610007047C0465C0C002010B5084B08499A8B57
:10B620000C68084B90B2944204D980241A686402D2
:10B6300012191A601B680860C01810BD98310020EC
:10B64000382D0020342D00200023F0B5394C743003
:10B6500085B06360C178827809020A43090A032928
:10B660001FD00DD801295ED01800022901D132481F
:10B670005B3360602360002800D0200005B0F0BD7F
:10B6800042790579120218002A43212944D022293F
:10B69000EFD1022AEDD8294B9100C858284B9B5C6A
:10B6A000E7E7D2B21800032AE3D81000F6F7A2FCAD
:10B6B0003E02050812232348DBE716232248D8E779
:10B6C000224B1E78002E24D1012231001A706846C8
:10B6D0000F32F6F769FA6D4631001D4B4A10AA5C2D
:10B6E0001C481709C75D4E009E19B7700027BC465D
:10B6F000F7700F374E1C3A40825C76009E19B2708C
:10B7000062460231F2702029E8D142321A703F3A83
:10B710005A700F480378ACE7022AAAD80E4B920061
:10B72000D0580923A5E712230C48A2E704230C48AC
:10B730009FE7C0462C2D0020A02701001028010003
:10B740000D2801008827010070270100E62C002049
:10B75000E72C00205F2701001C280100FB270100C7
:10B760009C270100030072B60169426900209142E2
:10B770000BD1DA68824208D01A6F74331B7801301B
:10B780009840138918404342584162B67047000000
:10B790000368002B07D091001960511E8A41024BAB
:10B7A00019780A431A707047903100200368181EF8
:10B7B00002D018688008C0B2704700000368002BF0
:10B7C00001D10020704772B603681A68998862B682
:10B7D000002AF6D00020044B9B8B5B1A9BB293424D
:10B7E0004041C0B2EEE7C046983100204B1E072B07
:10B7F0000BD889000B58002B07D091001960511EFF
:10B800008A41024B19780A431A7070479031002020
:10B8100003000020082906D88900CB58181E02D042
:10B8200018688008C0B27047082901D90020704705
:10B83000890040180368002BF8D072B603681A68B4
:10B84000998862B6002AF1D00020044B9B8B5B1ACA
:10B850009BB293424041C0B2E9E7C0469831002014
:10B860000A4BC2B29A730122002805D1597C1142B9
:10B8700001D0987DC0B27047197D00201142FAD0E6
:10B880009A7DD87D00028018F5E7C0460038024056
:10B89000036881689A6852189A60426813605A6017
:10B8A000002301220360024B52429A617047C04656
:10B8B00098310020036910B51960C268013AC2606E
:10B8C000C2699B1882690361934201D3436A036191
:10B8D00000238362036B002B00D0984710BD00004B
:10B8E000F0B501268E40002745891C00354345816F
:10B8F0008D1CAD004019406814258069826003608A
:10B900004760C7607F2001404D431548401905003E
:10B91000B8352D78BD420AD0124DAE7BA973F6B270
:10B92000BB4205D1B94201D10F4B1970AE73F0BDC6
:10B93000002AFCD0BC239C46844463461A60020063
:10B94000C430C03214600760002903D10322064BC3
:10B950001A70EBE701238B40044ADBB21370E5E772
:10B96000A02E002000380240902C00208238024097
:10B970000300006F10B50278042A13D11A00743244
:10B98000117801228A40448922420BD11A695C69EC
:10B99000A24202D1DC68002C04D1DB690432043BF2
:10B9A000FFF79EFF10BD10B5406BFFF7E1FF10BD24
:10B9B0008022074B07491B6852048868D21A064B3D
:10B9C00003438B608B681B021B0A9A42FAD37047B1
:10B9D000882C002010E000E0FFFFFF000C4B10B5AA
:10B9E00018680C49F6F758F90B4C0C4B2060596855
:10B9F0000B4A0A435A609A68120E12069A60042291
:10BA000019680A431A60012219680A431A6010BDB6
:10BA10006C2E0020A0860100882C002010E000E0A1
:10BA2000FFFFFF00F0B5304B87B007001878FFF735
:10BA300083FDC4B2250002AB18802C4B30351A7937
:10BA40002B4B52081B6801329BB253431B12DBB2D3
:10BA50000093284B86B26D00360AED18E3B29E4281
:10BA600006D83F230020B3424041C0B207B0F0BD2A
:10BA7000214A1D4B125D5B78134231D06A781F4812
:10BA8000203A13B20193194B29785B7870399C46A0
:10BA90006246437880781B021343000409B2019A7E
:10BAA0001843009BB84703AB02041870120E000243
:10BAB0005A70000E98701B8804AA13809070049826
:10BAC000FFF7ECF80204030205A9120E1B0E087022
:10BAD0004A708B70D2B2C1B2DBB22000FFF724FDF6
:10BAE00002350134BAE7C046E00E0020901800206D
:10BAF00038310020741F01005420010091180020EB
:10BB0000F0B5354B8BB005901878FFF715FDC4B232
:10BB1000270083B21B0A06AA0393304B10801A79C0
:10BB20002F4B52081B6801329BB253431B12DBB2EE
:10BB3000049330372B4B7F00FF18039AE3B29A42ED
:10BB400006D83F23002093424041C0B20BB0F0BD65
:10BB5000254A214B125D5B7813423AD03D787E78BE
:10BB6000703D203EADB2B6B2280033006843734347
:10BB7000C01880B2FFF7EAF832B2049E29B203007F
:10BB8000164D1A4800966E78457880782D02354318
:10BB900000042843059DA84707AB02041870120E45
:10BBA00000025A70000E98701B8808AA13809070CB
:10BBB0000898FFF773F80204030209A9120E1B0E7E
:10BBC00008704A708B70D2B2C1B2DBB22000FFF7AE
:10BBD000ABFC02370134B0E7E00E002090180020E3
:10BBE00038310020741F01005420010091180020FA
:10BBF000F0B52B4B89B007001878FFF79DFC294B57
:10BC0000294A1B7915689B080133ADB25D432D129B
:10BC1000EDB286B2C4B228004030C0B2FFF7D2F80D
:10BC2000803843B228000293FFF7CCF8803843B243
:10BC3000360A0393E3B29E4206D83F230020B34264
:10BC40004041C0B209B0F0BD1849154A095D5278AB
:10BC50000A4222D01649134A009550784A781202B7
:10BC600002438878029900041043039AB8470204FB
:10BC700005AB120E18705A701B88000206AA000E3F
:10BC8000138090700698FFF709F802040302C1B20E
:10BC9000120E20001B0EFFF747FC0134CAE7C04616
:10BCA000E00E0020901800203831002054200100C0
:10BCB00091180020F7B5104B104A5B78825C0400A5
:10BCC000134217D00E4B03205D789F78DE78FFF784
:10BCD00071F86B4640012D1A1D705F709E700098C0
:10BCE000FEF7DCFF02040302C1B2120E20001B0E9D
:10BCF000FFF71AFCF7BDC046E00E002054200100FB
:10BD00009018002037B5104B104A5B78825C040015
:10BD1000134217D0FFF73CF805008020FFF74AF8E0
:10BD20000B4B7F30DA786B469A701D705870009814
:10BD3000FEF7B4FF02040302C1B2120E20001B0E74
:10BD4000FFF7F2FB37BDC046E00E00205420010093
:10BD500090180020F0B54E4B8FB0079018780991DD
:10BD6000FFF7EAFB83B21B0A06934A4BC7B21B7864
:10BD70000AAA08933B0010803033474A5B009B18A7
:10BD8000069A0493FBB29A4206D83F2300209342BE
:10BD90004041C0B20FB0F0BD404A3D4BD25D5B7830
:10BDA00013422FD0002403223D490BA8F5F7E8FDEC
:10BDB000079B079A0293374BD3180393039B089A68
:10BDC000013303936B461B7A9A421FD8354B0BAA5B
:10BDD000DB7801335C432412947012880CAB1A8018
:10BDE0009C700C98FEF75AFF020403020DA9120E74
:10BDF0001B0E08704A708B70D2B2C1B2DBB2380031
:10BE0000FFF792FB049B01370233B9E7049B1D78CF
:10BE1000039B1B78ED1AABB20593049B05985E78E3
:10BE2000039B40431B7AF61AB6B233007343C01823
:10BE300080B2FEF78BFF1B4A030012790132111CFE
:10BE4000FF2A00D9FF210298124A0C304000121834
:10BE5000507892780131120289B202434A4369460E
:10BE60000BAD1212AC7090B21424095F32B2099C6F
:10BE700000900B98A04703041B0E6B70029B0402FA
:10BE8000240E0133AC702870E4B2029396E7C046EA
:10BE9000E00E002006310020741F01005420010034
:10BEA0009118002090180020F7B51A4B1A4A5B78B9
:10BEB000825C050013422BD0184B194A5F789E789C
:10BEC000DC781B791068DB08013380B2584300121C
:10BED000C0B2FEF777FF0200803AD3B2120603D554
:10BEE00080235B421B1ADBB26A465B00DBB2013483
:10BEF0005C4324121770567094700098FEF7CEFEC3
:10BF000002040302C1B2120E28001B0EFFF70CFB45
:10BF1000F7BDC046E00E002054200100901800201C
:10BF200038310020F0B51E4A1E4B825C5B7805005C
:10BF300085B0134231D01C4BDA785F789E7801923D
:10BF40001A4A1B791068DB08013380B2584300128B
:10BF5000C0B2FEF737FF0300803BDCB21B0603D5FF
:10BF600080246442241AE4B21F20FEF723FF6400F9
:10BF7000E3B2019C02AA01345C43801924121770B9
:10BF8000507094700298FEF789FE02040302C1B259
:10BF9000120E28001B0EFFF7C7FA05B0F0BDC04611
:10BFA00054200100E00E00209018002038310020BD
:10BFB000F0B51E4A1E4B825C5B78050085B01342CB
:10BFC00031D01C4BDA785F789E7801921A4A1B793F
:10BFD0001068DB08013380B258430012C0B2FEF78C
:10BFE000F1FE0300803BDCB21B0603D580246442D3
:10BFF000241AE4B21F20FEF7DDFE6400E3B2019CC8
:10C0000002AA01345C43C019241210705670947057
:10C010000298FEF743FE02040302C1B2120E28008A
:10C020001B0EFFF781FA05B0F0BDC0465420010099
:10C03000E00E00209018002038310020F0B5234F8A
:10C0400087B006003878FFF777FA214B85B21A7966
:10C05000204B92081B6802329BB253431B12DBB287
:10C060002D0A0193C4B2E1B28D4206D83F230020CD
:10C07000AB424041C0B207B0F0BD174B7A781B5DB0
:10C080001A4220D0154A124B587853781B020343AA
:10C090009078019A00041843B047020403AB120ED3
:10C0A00018705A701B88000204AA000E138090704A
:10C0B0000498FEF7F3FD02040302C1B2120E200041
:10C0C0001B0EFFF731FA0134CDE7C046E00E002029
:10C0D00090180020383100205420010091180020D1
:10C0E000F0B507000D0014008BB02978002911D19C
:10C0F0003B68002B0BD13A69002A08D0B9680029A7
:10C1000005D0FB68934200D3531E0022CA54F8683E
:10C110000BB0F0BD0020013525290AD03800FEF70C
:10C12000AEFCE2E72D2B1CD0302B22D12F3B15008B
:10C1300018432B786A1C2B2B15D0F3D8202B14D046
:10C14000232B14D0002104912A2B1FD108CC049357
:10C150008B4204DA02231843049B5B4204931500CC
:10C1600014E00223E3E70423E1E70823DFE71023D9
:10C17000DDE71E000021303E04910A31092EE1D88E
:10C180002A786E1C1300303B092B0FD900222B7824
:10C1900005922E2B29D18022120110436A786B1C44
:10C1A00011003039092916D80A260CE0049B350005
:10C1B0004B43303BD3180493E2E7059B7343303B7A
:10C1C000D31805932B001A785D1C1100303909290A
:10C1D000F3D91D0009E02A2AFBD108CC02350593CA
:10C1E000DB43059ADB171A4005922B786A1C6C2BEF
:10C1F0001FD017D8682B24D06A2B2BD02978013573
:10C2000078298BD8632928D8622973D0632900D173
:10C2100098E0252982D0582900D07FE720231843B1
:10C22000103B4AE0742B01D07A2BE7D180239B008E
:10C230000BE06B786C2BF9D1C023DB00184302357F
:10C24000DCE76B78682B03D0802315001843D5E713
:10C25000C023F3E78023DB00F7E70B000126643BF4
:10C26000DBB29E4032007F4B1A401E4213D173292D
:10C2700000D18FE0702900D050E77B4B02CC034304
:10C28000002900D0E4E0009305220A233800774912
:10C29000FEF710FC29E7642901D0692906D1802323
:10C2A000DB01184310239843063B06E008236F295F
:10C2B00003D0F7D9DB187829F4D1020501D5012282
:10C2C00090438022D200024041041DD5002A00D0B4
:10C2D0000BE7216882050FD502900498CE170190D4
:10C2E0000598CA0F8919714000903800FEF70EFCBE
:10C2F0000434FAE60223E0E7420601D549B2EBE74F
:10C300000206E9D509B2E7E7002A00D0EDE60C21E4
:10C3100006008E43810506D5049902960191059980
:10C3200000912168E1E72168420607D5C9B2049A65
:10C3300002960192059A00920022D6E70006F6D5F1
:10C3400089B2F4E7022302001A400126059218423E
:10C350000DD1059E03E020213800FEF790FB049BE1
:10C360000136B342F7D80226002B00D05E1C02CC67
:10C370003800C9B2FEF783FB059B002B00D1B4E661
:10C38000049BB34200D8B0E620213800FEF777FBCB
:10C390000136F5E7230004CB06920793002A08D163
:10C3A0000090062238003249049BFEF783FB079C6D
:10C3B0009BE6059B002B00D12E4B069A1400D31848
:10C3C0002278002A01D09C4214D1069B0200E41A74
:10C3D00080231B011A400892184203D0059B9C42FF
:10C3E00000D91C00022302001A400992184212D1FF
:10C3F000260006E00134E3E720213800FEF73FFB8A
:10C400000136049BB342F7D8049A0023A24200D31A
:10C41000131B01341C19069E03E038000136FEF799
:10C420002EFB3178002907D0089B002BF5D0069B06
:10C43000059A9B189E42F0D1099B002BB7D0049B14
:10C44000A342B4D920213800FEF719FB0134F6E7E6
:10C4500002930A230193059B380000931023FEF7F3
:10C4600055FB42E62108120001200000D61D010004
:10C47000CF1D0100FFFFFF7FF8B507000020104C23
:10C480000D00A67BA073F6B2FFF7EAF9002811D0E1
:10C4900080B2031CA84200D92B1C002209499BB280
:10C4A0009A4209D36C22237D93432375237D6B3AF3
:10C4B00093432375A673F8BD0878B8540132EFE7AB
:10C4C000003802402038024010B50A4B9A7B98731E
:10C4D000D2B2002806D010219873587C01435974B9
:10C4E0009A7310BD072404490C7098736021587C1E
:10C4F000F4E7C04600380240902C00207F23F0B5BE
:10C500001840002901D1002A0FD104261E4B9C7B24
:10C5100098735D7CE4B2354202D05D7CB5435D74B6
:10C5200001265D7C354201D09C73F0BD002A03D109
:10C530005A7C32435A74F7E79D7B9873EDB200281A
:10C5400007D15E7CB6070DD59D730122597C0A4345
:10C55000F0E75F7C3742F7D11F7C9D73FEB2002F5E
:10C56000F3D001E040269D73084D80004019151C52
:10C57000B24200D9351C0022ADB28E5C0132067089
:10C580009542FAD8E1E7C046003802402038024020
:10C59000F7B5274B7F250193142305406B4300918A
:10C5A0000199CB1818002C30007800280BD0214CB2
:10C5B0000120A67BA573677CF6B2390001408C464A
:10C5C000074201D0A673F7BD07000099AF40196379
:10C5D000614699631849FFB25A630F70002A0FD160
:10C5E000002D0BD1019BDA8C144B002A04D10432AC
:10C5F0001A700A236374E5E70622F9E76074E1E73D
:10C6000000990029DFD01F8D974200D9170028001C
:10C610000099BAB2FFF772FF0123002DEAD1074A51
:10C620001370034B1B8D9F42E3D30223E2E7C04606
:10C63000A02E00200038024080380240902C0020BC
:10C6400070B5040008000125854011001A002389F7
:10C650002B432381831C9B00E418636800245B69DF
:10C6600099601A605C60DC60FFF792FF70BD436BFD
:10C6700010B5186F0278042A11D11A00743211789B
:10C6800001228A400489224209D15A691C699442D4
:10C6900002D1DB68002B02D108CAFFF7D1FF10BD21
:10C6A00010B50F24054A11784B1C2340044C247804
:10C6B0009C4202D0034C1370605410BD2D300020FA
:10C6C0002C3000201C300020054B02381B784142E2
:10C6D0004841023B59424B41024A18401070704792
:10C6E000640C00208128002010B57430C3790A49F9
:10C6F00084791B020A782343022B0AD1012A01D034
:10C70000062A05D1054B4A78D8785A70FFF7DCFF26
:10C7100010BD024BF8E7C046E42C00205C0C002062
:10C7200070B504007F237434217805000B40212B61
:10C7300000D08DE04BB2002B49DA6378022B2ED06B
:10C74000032B20D0012B42D12379022B01D90020C9
:10C7500070BDA1780829FAD8514AD25C022AF6D8CD
:10C76000902353434F4A9B58002BF0D04E4C5E68A9
:10C7700018682200B0474D4BAB66A36C0022EB66F5
:10C780002A670120E4E76279237912021A431ED155
:10C790004749484B8978836619700123EFE723796D
:10C7A000022BD4D8A1780829D1D83D4AD25C022ADC
:10C7B000CDD8902353433B4A9B58002BC7D05A698E
:10C7C000186890473C4B1870AB660123D6E7637836
:10C7D0000A2B1ED00B2B0CD0092B39D1627923796F
:10C7E00012021A4302239A4332D1344AAA66344AC7
:10C7F000C5E7637922791B02134307D1A2782C4B3A
:10C80000511E8A41D8789A70FFF75EFF0023AB660D
:10C81000B4E7274BE678D8781E70FFF755FF2379E9
:10C82000022B00D993E7A178082900D98FE71C4A89
:10C83000D25C022A00D98AE790235343194A9B58B5
:10C84000002B00D183E732001C691868A047DDE7A0
:10C85000602300269943812913D16378062B10D1D8
:10C860006379227968681B02A1781343E2784468EF
:10C870002800A047B04200D169E74368AB6603686F
:10C880007CE7D82464000F4B9B59002B03D19036D2
:10C89000A642F8D15BE7280098470028F7D070E758
:10C8A0005C270100740F0020942C00209A2C00209B
:10C8B0005C0C0020E12C0020E02C0020E42C002067
:10C8C000E9C600006C0F0020006810B5002806D0F3
:10C8D000034B9B8B826483800630F5F751F810BDC3
:10C8E000983100200168130010B5002905D08A6C2A
:10C8F000981D9A640631F5F743F810BD0B7810B512
:10C90000082B0AD89B001858002806D0034B9B8B95
:10C91000826483800630F5F733F810BD983100202B
:10C92000030010B51000082909D88900C95800294A
:10C9300005D08A6C063182640630F5F721F810BD07
:10C9400010B50A4C23699A6891420CD85A688160E4
:10C950000360426010609A685860521A9A6001231E
:10C960005B42A36110BD1B68891AECE79831002077
:10C9700010B572B6FEF750FE094C2368002B02D0AA
:10C980002000FEF785FF80210023064A20000902CF
:10C990002361E2606361FFF7D3FF62B610BDC0465A
:10C9A000F42F002071C90000002382680375036919
:10C9B0001B6899689142FBD25A680360426010601C
:10C9C000586070470300006810B5834206D00268C3
:10C9D0001A60536000238361FFF7E6FF10BDF8B5CE
:10C9E0000B0009339B00C3185C6805000E00002C87
:10C9F00054D072B62300002288331A706769226906
:10CA0000BA4202D1E368002B27D1B31C9B00EB187C
:10CA10005B685B691B68002B1FD023008C33186890
:10CA200000280BD0BA4204D10022E36811009342DF
:10CA300001D1390004C9836800689847E368E26956
:10CA40000133E36063699B18A2696361934201D378
:10CA5000636A63612000FFF7B5FF6269236993424F
:10CA600016D1E368002B13D0B31C9B00EB185B6856
:10CA70001A68022A11D15A69116800290DD01A8A40
:10CA80000B00013A1340114207D12A00743200E032
:10CA900008CA31002800FFF7D3FD62B6F8BD0B00CD
:10CAA00011339B0010B51C58002C26D072B60231F1
:10CAB0008900401843689B695B68002B19D02300EC
:10CAC00074331B78226F02339B00D3185B689B6919
:10CAD0005A6823691A60E2680132E260E2699B18D1
:10CAE000A2692361934201D3636A23612000FFF7A7
:10CAF00069FF2000FEF73CFF62B610BD10B572B6AC
:10CB0000087D052807D8F5F775FA0C060603120EFE
:10CB100000228B691A6001235B4208008B61FFF7DA
:10CB200043FF62B610BD8A699368013393604A6817
:10CB30000B6813605A60EEE70300006810B5002828
:10CB400004D000221A608161FFF72EFF10BD70B57E
:10CB5000022504006D422068844200D170BD036844
:10CB600023605C608561FFF71FFFF4E7036A10B57F
:10CB7000C360436A4361036100238362C362FFF7BA
:10CB8000E6FF10BD10B50B4B9A7B9873D2B200280C
:10CB900006D020219873187D014319759A7310BD32
:10CBA000072405490C7060219873587C014359741F
:10CBB000F4E7C04600380240902C0020F0B5060093
:10CBC00064363378040085B0002B01D00023337025
:10CBD000230027007433B84A7C3700931178013260
:10CBE000197001339F42F9D163689B68002B17D1FC
:10CBF000009B60211A7815000D400A4231D00020B8
:10CC0000FFF762FC0020FFF7BDFF63681B68002B85
:10CC100002D00621200098470623337005B0F0BDEE
:10CC2000200098470028E3D023007A331A785B78F5
:10CC3000E16E1B021343994201D91900E366009B80
:10CC40001B787F2B00D87BE1002900D16EE10923FE
:10CC5000337072B60021E36EA26E2000FFF7F0FC85
:10CC60006CE123007F2075331B7802401B021343C5
:10CC7000924A934200D141E124D88022520093424B
:10CC800054D00DD8012B4BD0022B00D1C4E0002B87
:10CC9000B5D122007C32A2660222E2662367C3E796
:10CCA00081225200934200D1E4E0FF32FF329342EE
:10CCB000A5D1230076331B78012BA0D13A8801330C
:10CCC00013433CE08022120193425DD020D8A02281
:10CCD000D200934238D07A4A9B18012B00D98EE7B4
:10CCE000230078331A785B7821001B02134322005B
:10CCF0006068763277314768127820000978B84743
:10CD0000002800D17BE74368A3660368E36619E067
:10CD10009022120193423CD06A4A934200D06EE7BF
:10CD2000694BA3660223E3660023B7E7230076334B
:10CD30001B78012B00D062E702223B8893433B80A3
:10CD4000A566E56625676FE7009A12889A4213D1B7
:10CD5000230076331A785D491A720395039B8B4240
:10CD60000ED95B4B1A7063681B68002B02D001213F
:10CD700020009847032323700023A366E3668DE712
:10CD8000039B01330393E9E723007F33A366012369
:10CD9000BCE72378042B2DD172B64E4AA368250038
:10CDA0001340A36023002C33103501932F68002F0C
:10CDB0000FD07869002804D002210C304942FFF7D7
:10CDC000BBFEB869002804D002210C304942FFF7AD
:10CDD000B3FE0023019A08C59542E7D162B622004E
:10CDE00003217F321370636821701B68002B01D010
:10CDF00020009847230076331B78002BBCD02200FC
:10CE00007F3213700423237063681B68002BB3D038
:10CE1000022120009847AFE723000F221421783326
:10CE200018782D4B0240514340B25B18002811DAAC
:10CE30002C331B78002B00D1E1E6254B9A735B7CE9
:10CE4000002A03D19B0603D5244B6AE7DB06FBD4FB
:10CE5000234B66E7B8331B78002B00D1CFE61C4B81
:10CE600020219A73002A03D15B7C0B42F0D0EBE7C0
:10CE70001B7DFAE7230076331B78002B00D0BEE63B
:10CE8000230078331B780F2218001040134200D182
:10CE900072E75AB20E4B002A24DA9A7B9873987381
:10CEA0003020597CD2B2814359744021587C0143CF
:10CEB00059749A7360E7C046C02E00200203000038
:10CEC00000FAFFFF020C0000D92601000E27000027
:10CED0000038024001000100A02E0020D7260100EA
:10CEE000D52601009A7B98739873187DD2B2884337
:10CEF00018758020197D01431975DAE72300763310
:10CF00001B78002B00D07AE6230078331B780F22A1
:10CF100018001040134200D12EE75BB2002B02DA5A
:10CF2000FFF7D2FA28E7FFF72DFE25E71423337029
:10CF300072B60B000A002000FEF7D2FC62B66DE666
:10CF4000002906D01523337072B60021E36EA26E5D
:10CF5000F1E70B23337072B60B000A007DE6C04682
:10CF600070B5050064350400287800283AD00638EA
:10CF7000C3B20F2B2ED80F282CD8F5F73BF8332B44
:10CF80002B08212C2B2B2B2B2B2B2B2B3333230040
:10CF90007A331A785B78E06E1B02134398420FD203
:10CFA000E368198AF4F7FEFE002909D172B60B0076
:10CFB0000A002000FFF744FB62B60A232B7009E049
:10CFC00014232B7072B6002320001A001900FEF7FC
:10CFD00087FC62B670BD236F002B01D020009847FC
:10CFE0000023EBE70020FFF76FFA0020FFF7CAFDF0
:10CFF00063681B68002B02D0062120009847062397
:10D00000DCE770B5050064352B780400142B24D0C0
:10D0100017D8062B06D002D8002B03D070BD093BD1
:10D02000022BFBD80020FFF74FFA0020FFF7AAFDE4
:10D0300063681B68002B02D0062120009847062356
:10D0400015E0152BEAD10A3B2B7072B600231A00AB
:10D050001900FFF7F5FA62B6E0E7C3689B695B6801
:10D06000002BDBD1036F002B00D0984700232B70DF
:10D07000D4E713B56B46DC1D00230100012220001C
:10D080002370F9F707FA207816BD37B52A20FFF785
:10D09000F0FF05002B20FFF7ECFF04002C20FFF72A
:10D0A000E8FF0023262D04D1102C02D1073843427B
:10D0B000434118003EBD10B52D20FFF7DAFF10BD2B
:10D0C000036810B50400002B08D09A6C981D00214D
:10D0D000F4F76AFD002223681A609A8010BD70B5CB
:10D0E0000500040024352368002B08D09A6C981D95
:10D0F0000021F4F759FD002223681A609A80043455
:10D10000AC42F0D170BD0000F0B58E0086195069B8
:10D1100085B00C001500F260002803D01422002115
:10D12000F4F742FDA869002803D014220021F4F787
:10D130003BFD002C12D140215E4B5F4A180011804C
:10D140001A001985B632190014700122B8302A313C
:10D150002C3302700C701A7005B0F0BD7F21214095
:10D160000629F9D8F468236800930323009A134032
:10D170005A1E022A00D99AE01B02013BFF3B4F4A8C
:10D180000193937BDBB202939173A3699C46181EB3
:10D190002AD014234B434748658AC0180300B43390
:10D1A0001D8006000323009FB6361F4037700127FD
:10D1B000B8300770E8B29173D074019B507D5E4225
:10D1C0005E41B6013043802603235075107D304305
:10D1D00010753800984080B2854204D90133102B75
:10D1E000F7D1002318009BB26669002E28D01423C3
:10D1F0004B433048009FC018050003232A351F40C9
:10D20000248A2F70012704852C300770E0B29173B7
:10D210001074019B957C5842584180010543402081
:10D2200003239574557C284350743800984080B28D
:10D23000844204D90133102BF7D1002318009BB28C
:10D240000A2B2DD86446033B1A4D9BB2002C12D0FA
:10D250006C689173E708FFB29777D77F6404240F57
:10D260002743D777D47F5F013C43E4B2D4771024BF
:10D27000177D3C431475002E12D06C689173E10841
:10D28000C9B21177517F6404240F21435177517F34
:10D290005B010B43DBB253770823517C0B43537480
:10D2A000044B596840185860029B937354E7C0239D
:10D2B0009B0064E7A02E0020542F0020003802407D
:10D2C000080070B5052962D8F4F794FE376103377A
:10D2D000376272B60026364C2300220000257433D4
:10D2E000206F19783832FFF70FFF01362000FFF763
:10D2F0003DFC25729034032EEED12E4C2E4B2F4A3E
:10D300001978206FFFF700FF636A200063612361D3
:10D31000E560A562E562FFF71AFC20002572FEF7C2
:10D3200027FB62B6264B1B78AB4202D00520FFF7E5
:10D33000B7F90220FFF7B4F929E0FFF7B1F972B6A7
:10D34000002501261A4C20002672FFF700FC200061
:10D35000FFF70CFC23008C331B68002B02D0DA682B
:10D360001868904701359034032DECD10123114CFE
:10D3700020002372FFF7EBFB0023626A2000E360CA
:10D3800062612261A362E362FFF7E1FB62B670BDF6
:10D3900072B6074B0022190098310A709421490097
:10D3A0001A725A54034B1A7262B60520C2E7C0467D
:10D3B000E80E00209C10002010110020D410002046
:10D3C000B4300020F0B5C04B95B01A78BF4C0123A3
:10D3D0000190824208D12378BD4A9B0712789B0FA7
:10D3E0009B1A5A1E9341DBB2BA4DAB7063796A78CF
:10D3F0009A4205D00022110010006B70FEF798F8D9
:10D40000019B2D2B31D8581E2C2835D8F4F706FE59
:10D410003D006900C800FE002F01330135013701CE
:10D420003B013D01410143014501470149014B01D8
:10D430004D014F0151015301570159019001F9016B
:10D44000380270027202740276023803D6033D0479
:10D4500049044C044E045004520454045604580425
:10D460005A045C049604FA043405019BFF2B01D195
:10D4700000F005FD002066E0AB78002BFAD000221A
:10D4800011001000FEF754F8F4E72878FEF754F87E
:10D4900012AB18800322611C87B2C6B213A8F4F73E
:10D4A0006FFA1398FDF7FAFB03020404C2B21B0ED5
:10D4B0003F0A0092240E0293F3B29F4204D8002048
:10D4C0003F23BB4240413DE0834B6A789B5D1A425B
:10D4D00005D022003000029B0099FEF725F80136A6
:10D4E000EAE72878FEF728F883B2784F12AA1B0AD9
:10D4F00010800093BA78FB787E7813AD2E706A7036
:10D50000AB70C4B21398FDF7C9FB02040302C1B2A9
:10D51000120E1B0E0591039204933B79F6182E70A0
:10D520001398FDF7BBFB0126030405021B0EC7B2CF
:10D5300002932D0E009AE3B29A421DD800203F2399
:10D5400093424041C0B2634B1A7801321A700028EE
:10D5500001D000F0A6FC0221604A11709B78002BDC
:10D5600001D000F09EFC019B002B01D000F099FC43
:10D570000333137000F095FC574B564A1B5D5278ED
:10D580001A4207D0334207D02B003900029A2000FC
:10D59000FDF7CAFF0134CDE7049B039A0599F6E72E
:10D5A0002878FDF7C9FF12AB1880237985B20133C3
:10D5B0009B08A778E6782D0A0093C4B2E3B29D4297
:10D5C00004D800203F23AB424041BBE7424A414BD5
:10D5D000125D5B78134217D041496300CB5C009920
:10D5E0001B094B43394913AA497857705B181370CC
:10D5F00096701398FDF752FB02040302C1B2120E9B
:10D6000020001B0EFDF790FF0134D7E72878FDF7C7
:10D6100093FF12AB1880237985B201339B08A7785A
:10D62000E6782D0A0093C4B2E3B29D42C9D92A4AD2
:10D63000284B125D5B78134217D02A496300CB5CFC
:10D64000009913AA4B4321495B11497857705B1825
:10D65000137096701398FDF721FB02040302C1B208
:10D66000120E20001B0EFDF75FFF0134DCE71E48A1
:10D67000FEF7E4FC67E71D48FAE71D48F8E71D4898
:10D68000FEF7D0F95FE71C48FAE71C48FEF738FAC6
:10D6900059E71B48FAE71B48EAE71B48E8E71B483D
:10D6A000E6E71B48E4E71B48F0E71B48E8E71B48B0
:10D6B000E6E71B48EAE71B48FEF79AFA43E71A48F1
:10D6C000FAE71A48F8E7C046E40E00209018002058
:10D6D000E30E0020E00E002054200100E50E0020A3
:10D6E000D51F0100D41F010045AE000089AE000027
:10D6F000D1AE000025AF000055AF000095AF00008F
:10D70000C9AF00000DB0000021B0000045B000001E
:10D7100069B00000ADB00000CDB0000007B100005E
:10D7200027B100004DB1000089B10000C5B1000073
:10D730002878FDF701FF12AB188087B2061C0A217A
:10D740002079F4F7A9FABE4B02301D68C0B2ADB221
:10D7500045432D123F0AEDB2F6B2F1B28F4200D826
:10D76000ADE6B84AB84B925D5B78134224D0B74A15
:10D770007300D35C6278202B20D9A378E0781B0259
:10D78000134300042A001843FDF746FD02040DABC5
:10D79000120E18705A701B88000213AA000E138014
:10D7A00090701398FDF77AFA02040102C3B2120EC8
:10D7B000090E3000FDF7B8FE0136CEE7A378E07819
:10D7C0001B02134300042A001843FDF725FD020441
:10D7D0000EAB120E18705A701B88000213AA000EAE
:10D7E000138090701398FDF759FA0204030210A9F0
:10D7F000120E1B0E4A708B700870D2B2C1B2DBB22F
:10D80000D7E72E78002E18D122791032131CFF2A68
:10D8100000D9FF238A4A013310689BB280B2584373
:10D8200000120A2180B2F4F7BDFA89B2002904D1AE
:10D830004020FDF7BFFA864B18803000FDF77CFED4
:10D8400013AB1880AB7884B2C6B2240A002B10D177
:10D850007F4D288886420ED8A0420CD2C0B2FEF777
:10D8600029FA41232B8006E03000FEF723FA013627
:10D87000F6B2B442F8D800203F23A342404161E60B
:10D880002E78002E17D122791032131CFF2A00D9CE
:10D89000FF2301339AB26A4B1B689BB253436D4A14
:10D8A0001B1253436C4A9BB2934204D84020FDF7AD
:10D8B00081FA6A4B18803000FDF73EFE13AB1880EA
:10D8C000AB7884B2C6B2240A002B0ED1634D2888EF
:10D8D0008642D0D8A042CED2C0B2FEF713FAC0E73B
:10D8E0003000FEF70FFA0136F6B2B442F8D8C2E7BC
:10D8F0005B48BDE65B48BBE65B48B9E65B4A504B1C
:10D9000012681B6800209A4200D91CE6AB7883425B
:10D9100051D12878FDF710FE0327C6B2774383B2B2
:10D920001B0A0093524B10AA10800293FF18009A12
:10D93000F3B29A4272D813003F2A38D9551E0322F7
:10D940005A434C49033A0298F4F778F8FDF720FA65
:10D95000800771D4FDF71CFA06008020FDF72AFA33
:10D96000E27813AB7F309A701E7058701398FDF7F1
:10D9700095F901040202090EC0B2120E0326754386
:10D980003B4BE8545B1959709A702279374D10322D
:10D99000131CFF2A00D9FF2311219BB2594336489B
:10D9A0000912F4F703FA264B1B68C0182860002000
:10D9B0003F23009AC4E5002211001000FDF7B8FDD6
:10D9C0002E4B2B4E0093FDF7E3F90223184221D191
:10D9D000FDF7DEF907008020FDF7ECF9E27813ABE4
:10D9E0007F309A701F7058701398FDF757F9020432
:10D9F000030211A9120E1B0E08704A708B70C0B280
:10DA0000D2B2DBB2B370009B307072700336B34297
:10DA1000D9D17EE7002002000300F3E7094B6A78C2
:10DA20009B5D1A4205D03000BB787A783978FDF7D3
:10DA30007BFD033701367AE70020010002009DE7F5
:10DA40003831002054200100E00E0020D51F0100D5
:10DA5000B80E0020CDCCFFFF33330000BA0E0020FB
:10DA600051B200008DB20000DDB20000002E002097
:10DA7000402D0020432D0020B80B0000002E002078
:10DA80000323E478FF2063439F10FBB22100079338
:10DA9000F4F78CF9C3B20693AB78C54A0592002B14
:10DAA0000CD0002211001000FDF742FD6022002181
:10DAB0000598F4F779F80022BE4B1A700025BE4A8B
:10DAC000137801331370059B0093BC4B009EEB1839
:10DAD000039300230293B74B029A1B7813433AD166
:10DAE000F2F7ACFBB64B984235DC009B1C70039BF5
:10DAF0001B780493FF2B0ED03078079B834237D2DC
:10DB0000C01BE11B7843F4F751F9C1B20B002200AE
:10DB10000498FDF709FD029B10360133DBB2029336
:10DB2000039B10330393029B062BD4D1009B01353A
:10DB300001330093102DC8D19F4B06991A788A4261
:10DB400001D100221A709B4A13780133DBB21C2BDF
:10DB500016D813708EE43378002BC8D09C42C6D9F7
:10DB6000954A069912788A42C1D1013B3370BEE7CB
:10DB700039006043F4F71AF90023C2B21900C7E76D
:10DB8000002313700522059F601E503710217B1B58
:10DB9000052A03D15E5DB44200D158551E78A642D5
:10DBA00001D318701C740139C9B201330029EFD1B7
:10DBB000013AD2B21035002AE8D15BE42878FDF7AB
:10DBC000BBFC83B21B0A11AE308000932379013372
:10DBD000191CFF2B00D9FF217A4889B2F4F7E6F827
:10DBE000347885B2009BE1B2994200D3DFE6764AF1
:10DBF000764B125D5B78134236D07548754F0278CC
:10DC0000013A52B2130631D52B00734A1779907836
:10DC10000137D1783A1CFF2F00D9FF22013292B28E
:10DC200053431B121A1C9BB2FF2B00D9FF22D24375
:10DC30004123D2B25A43684B12125B78D21812AB0E
:10DC40001A70997058701298FDF728F802040302B0
:10DC500013A9120E1B0E08704A708B70D2B2C1B29B
:10DC6000DBB22000FDF760FC0134BBE7BB5C8B42FC
:10DC700009D113000C335B00C3185E789B781B023C
:10DC800033439D42C1D8013ABCE75449504B1B78FD
:10DC9000013B181C002B00DA0020C0B2FEF75AF836
:10DCA00051E44E490020F9E74D49EFE74C49F9E7C7
:10DCB0004C49EBE74B49F5E74B49E7E74A49F1E7C0
:10DCC0004A49E3E74949EDE72E78002E17D122793A
:10DCD0000532131CFF2A00D9FF2301339AB2444BAB
:10DCE0001B689BB25343434A1B125343424A9BB2A5
:10DCF000934204D84020FDF75DF8404B1880300077
:10DD0000FDF71AFC13AB1880AB7884B2C6B2240AB4
:10DD1000002B10D1394D2888864200D9ABE5A042AE
:10DD200000D3A8E5C0B2FEF7BFF89AE53000FEF7D1
:10DD3000BBF80136F6B2B442F8D89CE52E78002E36
:10DD400017D122790532131CFF2A00D9FF23013392
:10DD50009AB2274B1B689BB25343264A1B1253436C
:10DD6000254A9BB2934204D84020FDF723F8244B68
:10DD700018803000FDF7E0FB13AB1880AB7884B25D
:10DD8000C6B2240A002B10D11D4D2888864200D926
:10DD900071E5A04200D36EE5C0B2FEF7C3F860E5BE
:10DDA0003000FEF7BFF80136F6B2B442F8D862E5AB
:10DDB000062E0020052E0020042E0020741F0100D6
:10DDC00054555505FFFF000054200100E00E0020CF
:10DDD00006310020173100209018002015B30000F4
:10DDE00057B30000C9B300003DB4000083B4000085
:10DDF00038310020CDCCFFFF33330000BC0E0020B3
:10DE0000BE0E00202E78002E17D122790532131C69
:10DE1000FF2A00D9FF2301339AB2284B1B689BB21B
:10DE20005343274A1B125343264A9BB2934204D8BA
:10DE30004020FCF7BFFF244B18803000FDF77CFB2F
:10DE400013AB1880AB7884B2C6B2240A002B10D171
:10DE50001D4D2888864200D90DE5A04200D30AE571
:10DE6000C0B2FEF7A5F8FCE43000FEF7A1F80136D9
:10DE7000F6B2B442F8D8FEE41448FFF7F9FB0F4BB2
:10DE80001B681B059B0F022B10D0032B12D0002206
:10DE9000012B08D011001420FDF74AFB02220C4B85
:10DEA0001A7015B0F0BD14211000F5E714220021FE
:10DEB0000800F1E714221100FAE7C04638310020CB
:10DEC000CDCCFFFF33330000C00E0020C1B40000F2
:10DED000E50E0020064B10B5D96808751868026871
:10DEE00053601A6001220275D860F2F755F910BD2F
:10DEF0009831002070B50E4B0500DE6886B04B1CD3
:10DF000013D00C4B68460393002304960593FEF749
:10DF100017FD2800FFF7DEFF009B002B02D06846AC
:10DF2000FDF7B6FCB06906B070BDFFF7D3FFF9E7A7
:10DF300098310020FDCA00007FB5074B0A0001930D
:10DF40000023029303930493044B010001A805935B
:10DF5000FEF7C6F807B000BDA5AA0000FFFFFF7FCF
:10DF600013B56B469C1D0023010002222000238074
:10DF7000F8F790FA208816BDF8B51400D31D6A464C
:10DF8000DB08DB00D31A00AF9D460500220068467F
:10DF90000E00F8F77FFA220069462800F3F758FED2
:10DFA000002804D0220031002800F8F78BFABD4683
:10DFB000F8BD0000F0B585B0102200216846F3F7E7
:10DFC000F3FD0A269224084F2500102C00D91025B5
:10DFD00039002A006846013EFFF7CEFF7F19641B17
:10DFE000002EF1D105B0F0BDEE03000037B50D00F5
:10DFF0000400FFF73EF8A84206D06B460122D81D68
:10E0000021000570F8F75EFA37BD37B50D00040042
:10E01000FFF7A6FFA84206D06B460222981D2100FA
:10E020000580F8F74FFA37BD002337B504000D001F
:10E030000422010001A80193F8F72CFA019B9D42EC
:10E0400005D00422210001A80195F8F73BFA37BD5D
:10E05000024B1A78104318707047C04634310020C4
:10E06000020008000C4910B50B789B0712D0012361
:10E07000002A04D02C339A4201D8123313400324CF
:10E080000A789B002240134300220B70034B1A7046
:10E09000FFF7DEFF10BDC04690180020E50E0020FF
:10E0A00070B5084C0500180023789B0709D06570EF
:10E0B000A170131CC82A01D9034B1B78E370FFF72A
:10E0C000C7FF70BD90180020B8240100012310B5CF
:10E0D000044A11784B4013700022034B1A70FFF76B
:10E0E000B7FF10BD90180020E50E0020074B03225B
:10E0F000197808001040114201D1054A107003221E
:10E1000019789143023A0A431A7070479018002018
:10E11000E50E0020054B1A78920702D00021044A30
:10E12000117003211A788A431A70704790180020E2
:10E13000E50E0020054B10B51878800801302D2819
:10E1400000D901200121FFF78BFF10BD901800209E
:10E15000064B10B5187880080138C0B2002800D1ED
:10E160002D300121FFF77CFF10BDC0469018002024
:10E1700010B5044B5878DA78997808300123FFF706
:10E180008FFF10BD9018002010B5054B5878DA7835
:10E190000838997880B20123FFF782FF10BDC0468E
:10E1A0009018002010B507488378C2781033191CE6
:10E1B000FF2B00D9FF2101234078C9B2FFF770FF80
:10E1C00010BDC0469018002010B507488378C2786B
:10E1D000103B191C002B00DA002101234078C9B242
:10E1E000FFF75EFF10BDC0469018002010B507482D
:10E1F000C37810331A1CFF2B00D9FF22817801232A
:10E200004078D2B2FFF74CFF10BDC04690180020F6
:10E2100010B50748C378103B1A1C002B00DA002207
:10E22000817801234078D2B2FFF73AFF10BDC04693
:10E230009018002010B5064A13791033191CFF2BD3
:10E2400000D9FF2101201171FFF702FF10BDC04668
:10E250009018002010B5064A1379103B191C002BAA
:10E2600000DA002101201171FFF7F2FE10BDC04657
:10E270009018002010B5064A06495379FF3B5842D2
:10E280004341CB5C01205371FFF7E2FE10BDC04655
:10E29000901800202828010010B5064A0649537935
:10E2A000FF3B58424341CB5C01205371FFF7D0FE46
:10E2B00010BDC0469018002028280100082210B583
:10E2C00017210348FFF758FE0022024B1A7010BDB9
:10E2D0009018002034310020352310B5064C03225D
:10E2E0000649601C2370F3F74BFB81235B42A3803C
:10E2F000FFF7E4FF10BDC04690180020681B010026
:10E3000070B51D00042813D8052911D80F2A0FD87D
:10E31000C02343434C015200A418E4182000290AEA
:10E320002E30FFF763FE2000E9B22F30FFF75EFECC
:10E3300070BD0000F8B504000E00170005002B1B8F
:10E340009BB2B34200D3F8BD1B190020912B03D818
:10E35000034BE818FEF78DFE3B1B58550135EEE7E1
:10E36000EE0300000300CD3810B5122810D8F3F7E3
:10E3700041FE0A10141A32323232323232321E2345
:10E38000282E3C424600FDF7F9F81F4B4042D8705A
:10E3900010BDFDF7F3F81C4BF9E7FDF7EFF81A4B4A
:10E3A00040429870F4E7FDF7E9F8174BF9E7FDF7FD
:10E3B00005F9154B1871EBE7FDF700F9124B4042D8
:10E3C000F8E7FDF7FBF8104B40425871E0E7FDF726
:10E3D000F5F80D4BF9E70122D13B9A400A491300A9
:10E3E0000A0049780B435370D2E70123074A11789A
:10E3F0000B431370CCE7054A02231178F8E7034A70
:10E4000004231178F4E7C04601130020FE12002017
:10E41000032200B5344B9A56CD2814D1002A01DAD4
:10E420000022DA70D9789A780A4351B2002A01D1D1
:10E430002E4A11701A795B7913435AB2002B01D11D
:10E440002B4B1A7000BDCE2802D1002AE8DCE9E788
:10E4500002229A56CF2804D1002AE3DA00229A70C9
:10E46000E0E7D02802D1002AF8DCDBE704229A5644
:10E47000D92804D1002AD5DD00221A71D2E7DA2882
:10E4800002D1002ACEDAF7E705229A56DB2804D11A
:10E49000002AC7DA00225A71C4E7DC2802D1002A18
:10E4A000F8DCBFE7D1380E28BCD8F3F799FD08088F
:10E4B000080808080808BBBBBBBB0E1418000121E4
:10E4C00081405A788A435A70ACE7012009490A789A
:10E4D00082430A70A6E7074902200A78F8E705494F
:10E4E00004200A78F4E7C04601130020001300203E
:10E4F000FF120020FE12002010B5FF212A20FFF796
:10E5000075FDFF212B20FFF771FDFF212C20FFF768
:10E510006DFD00212D20FFF769FDF7F733FDFFF7B3
:10E5200049FD26212A20FFF761FD10212B20FFF74E
:10E530005DFD07212C20FFF759FD10BD044B10B5E0
:10E540001B68181E03D01B68181E00D0984710BD0A
:10E55000AC23002010B5FFF7F1FF10BD0A4B07B543
:10E560001A8882420FD01880084B1B68002B0AD0F3
:10E570001B69002B07D0694603224871000A887185
:10E580000A7101A8984707BD3E2D0020AC2300204A
:10E590000A4B07B51A8882420FD01880084B1B68B7
:10E5A000002B0AD01B69002B07D069460422487152
:10E5B000000A88710A7101A8984707BD3C2D002008
:10E5C000AC23002070B5164B9B78012B17D0154952
:10E5D000012300220D005B428C78A0421ED05E1CFD
:10E5E00002D1002C00D113000132D4B2013152B259
:10E5F000062CF1D15A1C11D0EB1898700EE00A4A83
:10E6000012787F2AE3D9C108EF2807D8074A5218A1
:10E61000072101408B4091780B43937070BDC04639
:10E620005C0C0020881200201A1300209012002099
:10E6300010B5104B9A78012A0CD0062300210E4AFF
:10E640009478844200D19170013BDBB20132002BFF
:10E65000F6D10EE0094B1B787F2BEED9C108EF28CD
:10E6600007D8074B5B18072101408A4099789143EE
:10E67000997010BD5C0C0020881200201A13002035
:10E680009012002010B5084B9B78012B09D1074B45
:10E690001B787F2B05D91E2205480021F3F784FA49
:10E6A00010BD06220348F8E75C0C00201A13002076
:10E6B000921200208A12002070477047FEE7000087
:10E6C000F0B5082000240E494A680E6815008B68D2
:10E6D000AB4210D8D51E0026AB4203D303339B1A9E
:10E6E0009B089E00CB689219934207D801381031DD
:10E6F0000028E9D1F0BD80CE80C5E9E710C2F3E77C
:10E70000DC260100012218200A4BD97B1143D97362
:10E710009978814399700821987801439970D97844
:10E720001143D9700221D8780143D97059780A432E
:10E730005A707047003802400C4B10B51868D96801
:10E74000026853601A600122D860002302758A684B
:10E750000B750B691B689C689442FBD85A680B6068
:10E760004A6011605960F1F717FD10BD9831002023
:10E77000054B10B51A68DB6892689B689A4201D90C
:10E78000FFF7DAFF10BDC0469831002070B5EFF3F7
:10E79000108301259D4302D0EFF3058372B6FCF789
:10E7A0003BFF0F4E0F4A3368C41A0F480168A1425D
:10E7B00008D91168293B29392934FF3BFF39FF3437
:10E7C0003360116016680460002D04D0EFF30583F8
:10E7D000DB0502D062B6A01970BDFFF7C9FFF9E7EB
:10E7E000F02F0020E82F0020EC2F002010B5FFF7BD
:10E7F000CDFF83B20B488278C1780A4301D00A4A20
:10E800001380027941790A4301D0084A1380084BEA
:10E810001B68002B05D0DB68002B02D0022202709F
:10E82000984710BD01130020403100203E310020E8
:10E83000AC230020F0B587B001900491029272B62B
:10E840009023019A544D5343EB181A6F1278042AFF
:10E8500002D062B607B0F0BD002288331B78039265
:10E86000934201D16423039362B69023019A5343E8
:10E87000ED1872B690270024019A049B5743009329
:10E88000454BDB190593059B9B6A002B0AD1424E31
:10E89000F619F368002B2ED033691A1DB262F269A3
:10E8A0009B18F3623C4BDB19986ADE6A029B361AAE
:10E8B0001B1B9E4200D91E00402E47D940220099C2
:10E8C000F3F75EF8009B403440330093324BDB1982
:10E8D0009B6A4033304AD219D16A9362994204D874
:10E8E000D16928000439FCF7E5FF62B6029BA34218
:10E8F00018D972B6C7E7337A002B0FD1274B039A8A
:10E90000DB68002A0AD06A681D605A6064211360BF
:10E9100004206B60FFF7EEFA0028BADA62B6029BB9
:10E92000A34220D872B6902201991B4B4A439B18F0
:10E930009A6A002A00D18CE71B69043AD11A9A42DC
:10E9400000D186E72800FCF7B5FF82E73200009986
:10E95000F3F716F8009BA4199B1900930E4BDB19D3
:10E960009B6A9B19B6E772B69023019A0A4E5343ED
:10E97000F61833006242544188331A782800144351
:10E980001C70FEF7E4F82800FEF7F0F8002333725D
:10E99000FFF7EEFE62B66CE7E80E0020983100202B
:10E9A00010B5010008220120FFF744FF10BD10B58B
:10E9B000010020220020FFF73DFF10BD10B501002F
:10E9C00006220020FFF736FF10BD10B5010003221C
:10E9D0000020FFF72FFF10BD0A0010B5202903D13A
:10E9E00001000220FFF726FF10BD000010B572B62F
:10E9F000034BDB6898610F20FFF76CFA10BDC0462F
:10EA00009831002010B5010072B60820FFF772FAA5
:10EA100062B610BDEFF30983203383F3098862B631
:10EA2000704700000F3011D072B6EFF30983203B1E
:10EA300083F3098880225204DA61064A1168D26899
:10EA400089689268914202D9034A9A617047034AE1
:10EA5000FBE7C04698310020C7010000CA01000052
:10EA6000FEE7000070B5764672B6134D134AAB8BC5
:10EA700001339BB2AB832B69934204D162B6300061
:10EA8000FFF7D0FF70BD9A68013A9A602C69A368BD
:10EA9000002BF3D1226861680A605160236062B67E
:10EAA0002000E3682169984772B661690029EDD0BA
:10EAB0002000FDF745FFE9E798310020A83100204C
:10EAC000F7B50323150001271D40002352090C0050
:10EAD00049083C4027D03E009E408469B44384618D
:10EAE000C469B4435E00B446C4614469032601941A
:10EAF0006446A6403400B446019EA64334006646F0
:10EB0000144344610469B4432C43046107240F2671
:10EB10001C40A400A640F443072B08D8866A344062
:10EB20008462002907D09200AD000133CFE7C66AA6
:10EB30003440C462F5E7F7BD0A4B8000C35870B596
:10EB40005A1C0DD072B60F221C00134094430E3A8B
:10EB500015009D4020002900FFF7B2FFA56062B6B6
:10EB600070BDC0463C2A0100F0B58DB00C220021DA
:10EB700009A8F3F719F8A94B0124019300230F25E5
:10EB80000093019B1B685A1C2BD072B601261F00F4
:10EB90002B409E40AF433100012238003604FFF77E
:10EBA0008FFFBE6062B6E34306279C469C4809A9D6
:10EBB00002680B88561C00D114E11600AE4336687B
:10EBC0002A40D6400122164200D00BE12343013FE8
:10EBD000FFB20B8004300231002FE9D10098FFF71B
:10EBE000ABFF009B64000133DBB20093019BA4B236
:10EBF00004330193009B102BC3D18A4D0C222800B3
:10EC000009A9F3F725F8041E04D00C22280009A94D
:10EC1000F2F7B6FE0022844E844B35781A70954286
:10EC200000D17AE1FFF7B2FD814A13681060C11A82
:10EC300098425BD07F2900D97F210022CBB2079375
:10EC40007C4B32701A70794B06921B7805920193B7
:10EC5000794B04920093734B02930020774B0393FC
:10EC600013189C466646039B9B5D5F0820D08F422D
:10EC700000DDBAE0012667463340039EF35500D01D
:10EC8000BEE001278740029E009B36881B883E40DD
:10EC9000B4461E00BE43370066463743019E7B40A4
:10ECA00033435E1EB341DBB20193009B05951F8089
:10ECB00001301028D4D1009B103202330093029B04
:10ECC00002330293602AC8D1069B002B02D0594B15
:10ECD0005F3A1A70059B002B02D0544B019A1A70B0
:10ECE000049B002B02D001224F4B1A70002C09D13B
:10ECF000504B1B78002B51D0002D03D1FFF746FD60
:10ED00004B4B1860002301211C008C46494A02939A
:10ED10001370444A0092484A009909880391039865
:10ED20001188484000210590444801906046884081
:10ED3000070080B2049001985E18805D4508069532
:10ED40003D00059F3D425DD00698002811D1049CEE
:10ED500003982040441EA0410A242043019CA05552
:10ED6000C007C40F002856D01088049D0294454067
:10ED7000158001311029D9D1009910330231009149
:10ED80000232602BC8D1029B002B02D00122274BFC
:10ED90001A70002C02D00122234B1A70284C2378C1
:10EDA000002B59D0274E3578002D55D1264B274AB8
:10EDB0001B78127813434FD0DB064DD5244B1F88A8
:10EDC000002F49D0FFF7E2FC224BC01B80B29842D3
:10EDD00042D9012325703370F9F71AFEFBF7F4FDD1
:10EDE000F8F75CFA62461340F1E6079E0495BF1BF4
:10EDF00001267F0033403B436746039EF35557E7A8
:10EE0000069355E74508B4D0C507B2D465462840F7
:10EE1000019DA855ADE76446ABE7C0463C2A01001A
:10EE2000742901000C300020842C0020852C002047
:10EE3000802C00207C2C0020B63000201C2C0020D0
:10EE40007F1300207E1300200514002004140020EE
:10EE50007C130020B70B0000FFF798FC314C2268B0
:10EE6000002A19D0304B31491D78002D02D00D6891
:10EE7000A84211D0086001212D4D19702B682D4931
:10EE800058000133DBB22B602B4B013A1B68405A10
:10EE90002260002B00D09847284D2B68002B37D0DC
:10EEA000274A1788002F1AD0264C2278002A16D11C
:10EEB0001E8AFFF76BFCC01B80B286420FD801236D
:10EEC00023702B689B68002B24D09847002821D002
:10EED0002B68D8881C4B1880C0B2F9F74BFE1B4B2F
:10EEE0001B78042B14D11A4B1E88002E10D0194CFD
:10EEF0002378002B0CD12B681D8AFFF747FC801B61
:10EF000080B2854204D80123D1202370F9F7AAFDED
:10EF10000DB0F0BD2B689888DCE7002C00D1E7E647
:10EF2000ECE6C0467417002072130020182C002055
:10EF3000701700206E1500201830002000140020EB
:10EF4000701300206E1300206C1300203314002077
:10EF5000F0130020F21300200023F0B599B00793BE
:10EF600072B6E94D03332A69E84C134380222B61C2
:10EF700023685202134323600123216880200B433E
:10EF80008021102623604903800323680B4202D0AE
:10EF900023680342F9D02368134202D023689B03FD
:10EFA000F3D52368334202D023689B06EDD523684E
:10EFB000DB0702D523689B07E7D5236EDB0702D565
:10EFC000236E9B07E1D5236EDB0502D5236E9B05DF
:10EFD000DBD56368CE4ACF4E134063606368CE4A88
:10EFE0001340636063680193A368A7680293A368F2
:10EFF000E2680393120AC94BD2B25343C84A934200
:10F000000CD9C84A5B081360FCF7E8FC80236268EF
:10F010001B01324013436360FCF7CAFC0722032143
:10F02000636893430B4363606368BF493340636025
:10F0300063680B4063606068C0081040022800D11C
:10F04000FFE2032800D136E3013843425841B74B71
:10F0500040421840C018B64B186063681B051B0F70
:10F060000B2B00D829E3060063685B055B0F0233B6
:10F07000DE40E022AB4BD2011E60616833001142DA
:10F0800006D0320063689B049B0F0133DA40130003
:10F09000A84AA24913602368A74A13402360F2F7E5
:10F0A000FBFDE768A54B00021F40A54B0743E76047
:10F0B0009E4200D80BE303232A6913432B61236884
:10F0C000A04A012513401022236023689343236044
:10F0D000236E9D4A13402366236EAB432366FCF7E1
:10F0E0007DFC8023E26B5B021343E3638023E26BCE
:10F0F0009B021343E3638023E26BDB021343E3636E
:10F100008023E26B1B031343E3638023E26BDB0189
:10F110001343E36362B68D4B8D4A00265A61042285
:10F120008C4C31001A828C4834321D705E60DE6077
:10F130002570F2F739FD894B894A666015701A000F
:10F14000B832157040221A85B4331A80854BA660F8
:10F15000E360F7F763FBF6F79DFF834B1B78B34241
:10F1600001D1F7F75DFAF6F7CBFBF8F709F9F8F7F5
:10F1700089F9F7F7DDF8F8F7BFF87C4B1B78022B1D
:10F1800000D0B7E2F6F71CFF0022794B1A70012479
:10F1900000223C21774B78481C70784B1A70784BD2
:10F1A0001980C02377491B040D6A05402B43C025F5
:10F1B0000B620B6A2D061B021B0A2B430B62724B60
:10F1C000724D1A70724B1C70724B1A70724B5D60EC
:10F1D000724D1D60724B734D1D60734D5D60734BBE
:10F1E000734D9A621D630D6A284008629A601B6025
:10F1F0005B60DA626F499A831961596101219D8BC5
:10F200004942280099611100186259628031D9631E
:10F21000996569496948D960190048310C80684D81
:10F22000684905600800684D0830C56708008830E7
:10F2300002600800654D943005600800A03004604D
:10F2400008000225AC3005800800A830DA655A6550
:10F250001A6503605B640B00BC331C600B005C48E8
:10F26000B833B4311A600A60FDF79EFB62B6594BA1
:10F270002000DC70FDF728FA574B584A1A603A4BC9
:10F280001B78002B01D1F7F7CBF91022002154484D
:10F29000F2F78AFC0022902101268C461100514B86
:10F2A0001A70514B1A70514B67461800DC6F574368
:10F2B00001944E4C9D6FE719019C5C30D864043476
:10F2C000181DC06F1B605B601E72FD6027006F43DE
:10F2D0005861C7191861586245489F61DC611D6219
:10F2E0009962D96218635B6372B618007430007853
:10F2F0001C6F09308000241818008830636001708A
:10F3000062B60132903375E00020024000100240E6
:10F31000FFFFFF8FFFF0FFFFFFFFFFF040420F00F6
:10F32000FF6BDC026C2E0020FF8FFFFF00093D0009
:10F33000682E0020A01E0020FFFFFFFEFF00FFFF41
:10F340003FE45904FFFFEFFFFFFEFFFF702E002098
:10F3500000080040303000205C300020A02E00204B
:10F36000CC2E0020342901009A1E0020640C0020BD
:10F37000782800206A0C0020FFFF00FFD128002021
:10F38000620C002000ED00E0812800203F19010000
:10F390008E2800201329002010E000E00700010063
:10F3A000E02F002000320020004000209831002093
:10F3B00058290100A8310020CC3100201C2A00204F
:10F3C000EC290020782900207DAA0000B901000066
:10F3D000102A00205C0C0020C40E002075AA00003A
:10F3E0001C3000202D3000202C300020E80E0020A2
:10F3F0006FC60000032A00D056E7C64BC64AD86F36
:10F400009D6F043004006C431A651A1DD26F1B6097
:10F4100014195A611A615A62C04A5B601E72D9603F
:10F420009C61D8611D629962D9621A635B6372B68E
:10F430001A0074321278186F11329200135084330C
:10F44000197062B6B64DAB78B343AB7072B6B54CBB
:10F450002378012B07D08022B34B1206DA67BFF363
:10F460004F8FBFF36F8F002301222600636022704D
:10F470000193F768002F0FD07869002804D002218B
:10F480000C304942FDF758FBB869002804D002212E
:10F490000C304942FDF750FB0027019BF760013318
:10F4A00001930436082BE4D1FFF762F962B63220EB
:10F4B000FFF7A8FA72B69D4B202239009C48636082
:10F4C000F2F772FB2378012B3DD1FFF71BF9994A24
:10F4D0000F970F9B934200D80FE17F26964B9749D9
:10F4E0001B680868334003430B609549954B1B78B4
:10F4F000087895490E7833430B7094490B78034391
:10F500000B7000230F930F9B934200D8F9E02F2339
:10F510008F4AC020116800060B4313601F238D4AD9
:10F5200011780B4313701E238B4A11780B43C721AC
:10F5300013708A4A890053581B021B0A0343535015
:10F5400080231B0613600223237062B6AA78013B56
:10F5500013433220AB70FFF755FA72B6FCF75CF834
:10F5600000257F4B18607F4B1D607F4B1D6062B68E
:10F570007E4C256072B62368AB4202D02000FCF7B7
:10F5800087F980217A4B200009022561E3606561DB
:10F59000FDF7D6F962B6FDF78EFDFDF776FD002882
:10F5A00001D1FEF7A9FF002420000134E4B2FFF7E7
:10F5B000C3FA102CF8D10F2501276E4C6E4E20682F
:10F5C000431C09D072B6030039002B409940202219
:10F5D000A843FFF775FA62B60434A642EFD1674D2F
:10F5E0000C2200212800F2F7DFFA0C2200216448E7
:10F5F000F2F7DAFA0020FEF7B3FC624B984200D132
:10F6000082E0FBF7E1F90220FDF733FD5E4B187055
:10F610000420FEF7A5FC5D4C2080FFF7A5FA0A2028
:10F62000FFF7F0F9FFF7A0FA2B8801252B4200D154
:10F63000B6E0F6F721FF00205549FEF7E6FCF7F7A4
:10F64000EDFD7800400BF4F715FFFB2300229B052E
:10F65000F3F7A6FF029B06001809C0B20F00F4F7EB
:10F6600009FF02000B0030003900F3F761F8019B3D
:10F670000F001903090F060001314648F2F70CFB91
:10F68000F4F7F8FE02000B0030003900F3F788FFB2
:10F69000032206000120039B0F0013409B18984093
:10F6A000F4F7BAFE02000B0030003900F3F75AFC01
:10F6B000F2F736FDCFE43748CDE4636806001B055A
:10F6C00000D4D6E463685B055B0F0133D0E4324BB2
:10F6D0009E4204D903232A699A43013BEDE42F4B50
:10F6E00003219E4203D92A6901238A43E5E42B6959
:10F6F0008B43E3E4F6F7AAFC49E50F9B01330F9334
:10F70000E7E60F9B0133FDE6FDF7BFFC002800D0C4
:10F7100079E776E79C100020F8100020A7B90000D8
:10F72000003802403030002004E100E0642901008C
:10F730003C3000200E270000B0380240B4380240B0
:10F740009238024090380240943802409638024085
:10F75000A0380240803802408238024000E100E0D8
:10F76000F02F0020EC2F0020E82F0020F42F0020A5
:10F7700071C90000742901008C290100B6300020F5
:10F780000C300020E3FE0000CE3000201A130020D1
:10F79000FFFF0000006CDC023FAEEB023F787D0112
:10F7A0000320FDF766FC8A4B8A4E187033781843A5
:10F7B000031E01D003112B400027874A1370F6F770
:10F7C0009FF8864B1022FF2185481F70F2F7ECF955
:10F7D000844B1022FF2184481F70F2F7E5F9834D16
:10F7E000082217212800F6F755FE814B1F702B7851
:10F7F000032B01D8FEF770FDFEF7C8FF7D4B7E4A54
:10F8000018607E4B7E491B689B06DB0F1370CA781D
:10F810002378D809904206D0501E82417F20D20121
:10F820000340134323700B79002B07D03078F9F78E
:10F83000E0F8012802D00120F9F772FF0024714B93
:10F840001C60714B1C70714B1C80714B1C70714B98
:10F850001C80714B1C80714B1C70714B1C805C8038
:10F860009C80DC806F4B1C706F4B1C706F4B1C704E
:10F870006F4B1C706F4B1C706F4B1C706F4B1C7070
:10F880006F4B1C706F4B1C606F4B1C70F8F75AFA73
:10F89000F8F780FAF8F794FA6C4B6D4A1C606D4BE0
:10F8A0001C706D4B1C606D4B1C606D4B1C706D4B68
:10F8B0001C706D4B1A6001226C4B1A70F8F742FAFB
:10F8C000F8F768FAF8F77CFA694B20001C70F8F733
:10F8D000DFFA684B684A1C70684B21001C70684B4B
:10F8E00011201C70674B14701C7054705C70947005
:10F8F0009C70D470DC70FEF7B3FB6A222300A978F9
:10F900006878FEF7CDFB1C2320002B71FEF7A0FBCF
:10F910005D4B5E4A1A6000245D4B5E4A19785E4D6D
:10F920001378994200D1CDE00F24E85C01332340E5
:10F930000E3C0528F5D8F2F753FB40F4333A030D9B
:10F94000137001220320554B1A70554BD870FCF7E9
:10F95000BBFEE0E700241370504B1C70514B1C7031
:10F96000514B1C70FEF78EFE062221004F48F2F725
:10F970001BF94F4B20001C704E4B1C704E4B1C70E3
:10F98000FEF7ECFD2000FEF703FEFEF7D7FD4B4B24
:10F990001C704B4B1878431E98410130404BD5E703
:10F9A0001370474B1B78002BF8D10120F6E713703A
:10F9B00001223B4B1000DA70C9E70125384C2800C2
:10F9C0001370E570FCF780FE2800A570BFE7C04605
:10F9D0000414002005140020071300200631002025
:10F9E0001F310020DD300020F6300020901800206C
:10F9F0003431002010130020F831002000080048A6
:10FA0000640C002000140020FC1300207013002060
:10FA10006E1300206C130020F0130020F21300205E
:10FA2000F41300207413002075130020EE1300203F
:10FA3000D4130020D1130020D0130020D3130020B2
:10FA4000D2130020781300207313002038140020F4
:10FA5000A98B0000441500207417002070170020A7
:10FA6000721300206C150020183000203214002082
:10FA700033140020281400202A140020071400202A
:10FA8000291400202E140020AC230020C80E0020D2
:10FA90002D3000202C3000201C300020B4300020FD
:10FAA0005C0C0020061400201C1300200113002011
:10FAB00000130020FF120020FE120020DC30002086
:10FAC000AF300020002C00D01170FFF74DF800235C
:10FAD000CA4ACB4CD05AE15A0A2B00D1AAE00233D1
:10FAE0008842F7D0C74B0592029300230193019BF4
:10FAF000C34A5B00D35A0493059B049A1B88934224
:10FB000000D187E06A46127900260A92049A5A4088
:10FB1000019B09921A01BC4BD3180B930123039349
:10FB2000039B099A13426BD0039A049B13400693DC
:10FB30000123B3400893029B089A1B881A4210D1F4
:10FB40000A9B10AC63702670FEF720FE0123237120
:10FB5000069B60805A1E9341637110981199FAF7C1
:10FB6000BFFE0024069BA34205D10B9B9B5DFF2B90
:10FB700001D007930134A54F3B781B19082B1DDDDD
:10FB80000823611C1D1B2A00C919A148F1F7F8FEC2
:10FB9000210009312A00C9199E48F1F7F1FE6100E0
:10FBA00019316A00C9199C48F1F7EAFE21001131A8
:10FBB0002A009A48C919F1F7E3FE3D70002C16D0CF
:10FBC00007989249904B303040000A78C55C1B186A
:10FBD0005B788C186372079B0020637413000C33EE
:10FBE0005B00CB1801326570587098700A70069BE4
:10FBF000002B05D1029B089A1B889343029A13801D
:10FC0000039B01365B009BB20393102E88D1059BAA
:10FC1000049A1A80019B01330193059B02330593DB
:10FC2000029B02330293019B062B00D05FE7FEF795
:10FC3000ADFD04E0884200D054E7FAF703FF784CAA
:10FC400000272668FEF7A2FD831B05000193FEF73F
:10FC50009DFD2060010038006C4B1B789C461C0009
:10FC6000704BF618761BC3B29C4511D8002F01D0FB
:10FC7000664B1C706C4D6D4F2C783E78032C00D970
:10FC8000BBE12000F2F7CAF91F0039002A05370549
:10FC900003005E4A0C335B00D218937855781B0240
:10FCA0002B439E4204D20127013CE4B20130DAE743
:10FCB000019D5B199DB20295FF252B405370029B5D
:10FCC0001D0A9570F2E70022594B5A481A705A4B98
:10FCD000293219604D49F1F753FE584B1B78002B20
:10FCE00007D1574B03221B781C001440134200D04D
:10FCF0009C0801233C702B707FE13000FDF762FB14
:10FD0000002E00D179E14A4B18780138C0B2FBF7D8
:10FD100013FC4C4A0DAB12781880002A21D14A4BB3
:10FD20001B78002B00D1E3E00024002320001A0000
:10FD300019000134FBF7F8FB402CF6D1434C237833
:10FD4000182B00D9CEE00023C8211A000120FBF7B0
:10FD5000EBFB2378312B00D8DCE000223B4B1A7000
:10FD6000D8E01A7805925B780693394B1B781C1CF7
:10FD7000042B00D90424FEF709FD06230134E4B264
:10FD80001B1B80B218416B46002701901B79029320
:10FD90005B00DBB204930393FAB2130005993D3381
:10FDA000DBB2994200D98DE00699994200D889E0EA
:10FDB0002848294B00782949013800241B78097804
:10FDC000042854D8F2F716F9030F4C875200552037
:10FDD00042430298039C8218D0B2120647D5FF24F2
:10FDE000241A640007E055205043AA2400063ED49C
:10FDF000013CFF3C5443E4B239E0C046D03000201F
:10FE0000B6300020C2300020741F0100DD30002019
:10FE1000DE300020E6300020F6300020EE300020FA
:10FE200030310020FFFF0000E50E00203C310020B3
:10FE3000E00E00200631002038310020DC300020A8
:10FE40009018002092310020A82300209028002044
:10FE5000991000209331002091310020981000204B
:10FE60000298C318552042439B18DBB2FF240EAA08
:10FE70001370517094700E98FAF710FF10AB187051
:10FE80000400050400022D0E000E5D709870174BE3
:10FE9000C0B21E78C8217043F1F788FFC3B2E8B240
:10FEA000C82170430893F1F781FFC5B2E0B2C821C1
:10FEB0007043F1F77BFFC1B238002A00089B3D3048
:10FEC000FBF732FB039B0137563BDBB20393032F57
:10FED00000D061E723E7019A049C1206C7D5019A76
:10FEE000D4437EE700231A0019002FE79A10002060
:10FEF000C34B1878002800D1FAE1C24B1B78022BC3
:10FF000000D9F1E1C04AD05CC04AD15CC04AD25CA1
:10FF1000F4F706FDBF4B1B78002B30D1B84B1B7894
:10FF2000002B2CD1BC4B1D78BC4B1C78042C00D171
:10FF3000A2E3002D00D045E3002C00D1B9E3012C51
:10FF400000D1B9E3023C012C00D8B5E3B44A0EABB2
:10FF500052781A70FF225A70373A9A700E98FAF750
:10FF60009DFE0204030210A9120E1B0E08704A70B7
:10FF70008B70D2B2C1B2DBB23A20FBF7D5FAA94BF3
:10FF80001B78002B39D1A84B1B78002B35D1A14B06
:10FF90001B78002B31D19A4B1C78002C2DD1A04B13
:10FFA000A24E5B780193A24B35881F5D002D00D1D6
:10FFB00090E3FEF7EBFB401B80B2C72800D984E337
:10FFC000019A0EAB1A70FF225A70373A101A9870C5
:10FFD0000E98FAF763FE0204030210A9120E1B0E1C
:10FFE0004A708B700870DBB2D2B2C1B238000134F3
:10FFF000FBF79AFA0236242CD5D18E4C062221002A
:020000021000EC
:1000000010A8F1F7BDFC6378022703930323E3569E
:10001000E757029305230426E356A65701930023CE
:10002000A370E37023716371029B3B4336D0824B14
:100030001D88FEF7ABFB814A401B137880B2002B72
:1000400001D100F039FF142828DDFF2B01D0013346
:100050001370002F07D0FBF791FAFF23002F00DD6C
:10006000FE3B4343A370029B002B08D0FBF786FAAC
:10007000029AFF23002A00DDFE3B4343E370022087
:10008000205600280AD003256557002D06D0FBF71F
:1000900065FAA0702800FBF761FAE070019B33431A
:1000A00037D0674B1D88FEF771FB664A401B1378FB
:1000B00080B2002B01D100F0F9FE502829DDFF2B82
:1000C00001D0013313705B4D002E07D0FBF776FA99
:1000D000FF23002E00DDFE3B43432B71019B002BD1
:1000E00008D0FBF76BFA019AFF23002A00DDFE3BE4
:1000F00043436B710420285600280AD00526AE57CA
:10010000002E06D0FBF72AFA28713000FBF726FAFA
:1001100068714849039A4B7893421AD102228A5651
:10012000002A01D0974214D103200856002802D09B
:10013000029B98420DD10523CB56002B02D0019D86
:100140009D4206D1097949B2002902D102431343E5
:1001500001D0FEF74BFB062210A92000F1F710FC9E
:10016000FEF7ECF9384B1A78824202D01870FEF78D
:100170000DFB364B1B78002B3DD00025344B0195F1
:100180000293029B1C68002C2AD0019B002B00D0FC
:10019000C2E2012672B6F3B2039320686369F1B23A
:1001A0009847431E9841054362B62A48FBF7DAFA9E
:1001B000002812D0A3692068F1B2984700280CD01B
:1001C00072B6254F63683A002068F1B2984762B66C
:1001D00000202249BA6CFEF72DFB0136092ED9D139
:1001E000019B01330193029B90330293019B032BEC
:1001F000C7D1164B1D7072B6194F3B6F1B7831E09B
:100200000B13002008130020372A0100342A0100B4
:10021000312A0100A82300203214002033140020CA
:100220009018002007130020782800208013002059
:10023000501F010001130020403100200013002056
:100240003E310020FF12002042310020903100207A
:10025000740F0020E80E0020443100204A310020B5
:100260009C100020042B01D100F017FC62B6FEF7B1
:100270008DFABE4C05002378012B04D00022BC4B24
:100280001A70BC4B1A802022BB4BBC4E1B6813401B
:100290009A06D20F0192002B16D03778002F13D177
:1002A000B74B1A78022A0FD0022208201A70F6F7EC
:1002B00013FBF5F799FEF6F7A7F9B24B1F70FEF79F
:1002C00065FA0122B04B1A706B4620781B793370A7
:1002D0000023042801D900F09DFCF1F79FFE4304A0
:1002E00079049D04A5045005C822110010000FE6F2
:1002F000A44E3378002B56D0A14D2B78022B52D030
:10030000002B1DD16A781800511E022902D80E3226
:10031000D0B205339D4A9E4CD278012A1BD1227857
:10032000092A14D803255D439A494A199378695CD0
:100330005278FBF7F9F82378132B00D90DE5E9E59E
:10034000012B01D00300E5E712200323E2E700239D
:100350001A001900EDE7022A0ED12278182A07D8D0
:1003600003255D438B494A199378695C5278EEE422
:1003700000231A001900EAE403275F438549CA19DC
:100380009378795C5278FBF7CFF82378EF2B00D87D
:10039000C0E50023237033702B78002B00D0B9E523
:1003A00001227D4BDBE47D4B1878002859D07C4B33
:1003B0001B78012B23D17B497B4B0A78012A06D974
:1003C00000201A780870032A17D9033A1A700025FA
:1003D0001C78764B1A5D764B585D00231900FBF7AD
:1003E000A3F82300783C0833DAB2E4B21B0600D449
:1003F000140001350A2DECD18CE57F22E6E7022BB3
:100400000BD100246A4BFF22185D00230134190030
:10041000FBF78AF80A2CF5D17CE5594B9E786D2EB6
:100420001DD80A213000F1F7C1FC0027FF24C5B216
:10043000142E06D900243223B3426441FF276442BC
:10044000E4B20026F3B29D4200D863E5584B3A006F
:10045000985D21000023FBF767F80136F2E70A25D3
:10046000E8E7544E544D33782A781900484C11432C
:1004700048D02178182935D8002B2BD0C82211005C
:100480001000F4F74DFA2378312B06D9002323709E
:100490003378002B30D0013B3370484B1B78002B56
:1004A00000D137E5364A1378012B54D0022B57D0B0
:1004B000002B00D02EE55378022B42D0032B45D0E1
:1004C000012B00D026E5C7331A0019000F20FBF7D7
:1004D0002BF81FE5002AE0D0C82211001C20FBF7F2
:1004E00023F8D0E7002B02D002000100C9E7002A60
:1004F000C9D01A001900F1E72B78002BCDD0013BB1
:100500002B70CAE721701E4C2578022D17D1FEF7FB
:1005100021F8054213D02A4B1B78002B0FD0C8239B
:100520001A0019001C20FAF7FFFF6379002BB4D0E2
:10053000C82336201A001900FAF7F6FFADE70023AA
:10054000EEE7C82310201A001900C0E7C8231120C5
:100550001A001900BBE7C82312201A001900B6E7D9
:10056000C82313201A001900B1E7C046CB1300209E
:10057000872800208828002000080048F831002043
:10058000640C0020782800200C130020CB280020C9
:1005900090280020162A01008A280020C913002074
:1005A000802800208F280020C81300208C290100FB
:1005B0000C2A0100091300200A1300200713002051
:1005C00081280020042C57D0022C78D0032C7AD01C
:1005D000012C04D0002C55D00026FF2450E0C64B3F
:1005E0001D78002D01D000F06DFC2C00FF26C34BC0
:1005F0001B680193002B01D09B8A0193842738004C
:10060000FF217043F1F7D2FBC3B23800FF216043F2
:100610000293F1F7CBFBC3B23800FF216843039389
:10062000F1F7C4FB029B039AC1B20198FAF77CFF71
:10063000B34B1A78131C642A00D964230320DBB25D
:10064000584364216330F1F7B1FB3D27C3B20193F6
:100650003800019B3D38C0B222002900B4468342D5
:1006600002D8002211009446380063460137FAF799
:100670005BFF402FECD169E4FF242600002DB6D0AB
:100680000025B4E79F4B1C68002CA5D0FEF77EF830
:100690009A4B9D4A1B68001B90429DD8002B9BD013
:1006A0009E69002E98D0350C340AEDB2E4B2F6B251
:1006B0009DE72600FF259AE72E000024FAE7802612
:1006C0000024350093E78026F7E700210B000A009D
:1006D00031808BE42B002A00290087E48B4B8C4A65
:1006E0001E708C4B1B789B079B0F1370F5F766F9F8
:1006F0000323FFF700FB884B1B78002B01D0FDF78D
:10070000DDFD864B1C68FEF741F8001B0F2800D862
:1007100073E40023FFF7EFFA72B6002163692068E3
:100720009847431E9841054362B602988C38FBF700
:1007300019F8002800D153E50021A36920689847E3
:10074000002800D14CE572B6754E00213200636876
:100750002068984762B66B4672491879B26CFEF70A
:1007600069F83DE5002363700C33A37016E06078F0
:100770000138032833D80025F1F73CFC020B1D2972
:10078000FEF704F8030EA370030CE37040BAA080D8
:1007900004E0FCF790FC658025716071624B1B687A
:1007A000002B00D127E55B69002B00D123E5202138
:1007B000200098471FE5002322001900A578E818BB
:1007C00002320528EAD8517091700133F7E765804D
:1007D000A580E3E76378022B04D0052B0FD0FF231D
:1007E0002370DBE712230CAA9B1859881A88090486
:1007F000114309BA2D20C9B2FDF7F8FBCEE700205E
:10080000FDF764FCCAE7617800200429BED8A2780D
:10081000052ABBD8E3780F2BB8D8C0254D43520129
:10082000AD185B00ED1828002E30FCF722FC060204
:1008300028002F30FCF71DFCB6B2304380B2A5E78C
:10084000A388E2785BBAA17860789BB2FDF758FD87
:10085000A4E7F5F797FBA1E76278032A6ED1082B8E
:100860002ED0092B67D0A0780138032896D8F1F74D
:10087000C1FB020E1B22C9220CABDB7C5A43254B69
:10088000120A997858780023FDF70AFC86E7E37886
:10089000002B02D1FDF73EFC80E7FDF727FC00218D
:1008A000E078FDF7DDFB79E71A4BE27800201A715A
:1008B000FDF7CEFB72E7174B2179DA78E078E2E7B3
:1008C000A0780138032800D968E7124BF1F792FBB2
:1008D000020A122EFF20DB78C8215843F1F766FA8E
:1008E000E0705BE71A7800239107994200D09308E3
:1008F000E37053E71B79FBE7471500200014002045
:10090000AA23002078130020B70B0000E40E00207B
:10091000E30E0020901800203431002038310020F0
:10092000443100204A310020AC2300205A78E27084
:100930009B78237132E7FDF7C1FC2FE7022A00D034
:100940004DE7082B1FD0092B00D127E7A0780138ED
:10095000032800D922E7F1F74DFB02060E10C44B25
:10096000E2781A701AE7E378C24A1370591E8B4175
:10097000C14A137012E7C14BF2E7C14BE2781A701B
:10098000C04B2279EDE7A0780138032800D905E7AC
:10099000F1F730FB02050C0EB54B1B78A8E7B64B00
:1009A0001A7800239A42A3D0B24BF6E7B34BF4E790
:1009B000B34B1B78E370B34B1B78BAE7102363701B
:1009C000ECE6002363709233CFE60CABD97C1123A5
:1009D0000CAA9B1858781A780002104340BA80B2CB
:1009E00011AAFDF7A7FCD9E6112327000CAA9B1832
:1009F0005D781A782D021543E6786DBAADB2761996
:100A0000B54200D1CAE6912D04D89F4B3979E81838
:100A1000FDF7ECFA01350137F2E7FDF7CBFABDE659
:100A20000523CCE71123F02726000CAA9B185D783C
:100A30001A782D021543E3786DBAADB25B190193B4
:100A4000BF00019BAB4200D1A8E60020BD4203D20B
:100A500028002E30FCF70DFB307101350136F0E730
:100A60001123F02726000CAA9B185D781A782D0216
:100A70001543E3786DBAADB25B190193BF00019BDA
:100A8000AB4200D18AE6BD4204D2280031792E3033
:100A9000FDF7ACFA01350136F1E762B672B6002512
:100AA00010AB0193794B9C6A002C08D1DA68002ABC
:100AB00034D05A69141D12689C62A218DA62FB6A6B
:100AC00002932023029A5B1B161B9E4200D91E0034
:100AD000210032000198F0F753FF019B6B489B19EE
:100AE0000193029BA4198462AD19A34211D8C36873
:100AF000C269013BC36043699B18826943619342A9
:100B000001D3436A436100238362036B002B00D04F
:100B1000984762B61F2D02D872B6C3E762B66A4222
:100B20006A415B4B1A70202D01D0FFF7A0FB10AC7F
:100B30002378581E122800D951E6F1F765FA13FE02
:100B400018FE4BFE64FE81FE8AFE8DFE8DFE8DFE3C
:100B500050FE50FE3FFF42FF46FF55FF6EFF71FF04
:100B600073FF91FF4B4B1B78022B24D04A4B1D681F
:100B7000FDF70CFE494B401B98421CD9484B1B7893
:100B8000002B18D19023DB051B68DB0613D4454BE3
:100B90001D78002D0FD101262670FDF7F7FD424B81
:100BA00096301860414B1D705E71414B1D70414B7A
:100BB0001D80414B1E70F6F74BFC404E040033780D
:100BC0003F4D834200D00EE100232B70FEF7A3FEC1
:100BD0003C4A1578002D0CD01370374A23701370DF
:100BE000344A1380314A5371FDF7D0FD2A4B186007
:100BF000E1E72D4B1E68FDF7C9FD801B9528DAD96A
:100C000001222D4B1D702B4B1D802F4B1A70F6F7B8
:100C100097FB02232370CEE72A4A11780029CAD015
:100C20001370F7F7A9FEC6E7274F1F4E3B78002B3E
:100C300010D1264A13700122254B1A701C4B1A70D2
:100C4000FDF7A4FDFDF7A2FDC8239B00C01830608E
:100C50000423DFE73568FDF799FD9623401BDB0091
:100C60009842A8D31B4A1378012B35D80133D7E714
:100C70009A1000209331002092310020991000201A
:100C80009131002098100020EE0300009C100020FD
:100C900020110020640C002010130020DF930400BA
:100CA0005529002082280020CC130020CB280020CA
:100CB000782800208828002087280020A41E0020F3
:100CC000FC3100200C1300206A0C0020FD310020B4
:100CD00092280020FF3100207C4B1A78002A4CD14A
:100CE00001251D7080237A4ADB00D16B3D700B43D8
:100CF000D3630222774B19680A431A601A682A43A1
:100D00001A60F5F78BFDF5F7C5F9F4F7F9FDF6F77D
:100D100037FBF6F7F1FA704B1B78022B2AD1F5F767
:100D20004FF93D7000253C226C4B1D706C4B1A80B6
:100D30006C4A6D4B116A1940C0231B040B43C02140
:100D40001362136A09061B021B0A0B431362674BEB
:100D50001D705D71664B1D70F5F7EAFA654B1D70ED
:100D6000654B1D70FDF712FD9623DB00C018306047
:100D700003234FE7F5F76AF9D3E7F6F78FFA5F4BEE
:100D80001B78002B0FD15949534A49781278914268
:100D900009D15B4A237013705A4A13704B4A13707F
:100DA000594B1D6007E7594E3768FDF7EFFCC82324
:100DB000C01B9B00984212D3524A1378022B09D8C9
:100DC000013313700122524B1A70C8239B00ED1897
:100DD0003560F0E600234A4923700B70DDE70122FD
:100DE0004B4B1A70E7E62B784A4F0193002B06D144
:100DF00001332B70FDF7CAFC3880FEF78CFD3F886D
:100E0000FDF7C4FCC01B80B2632801D8FEF783FD48
:100E100000223470304E2A707378012C0DD0022CD1
:100E200006D0944201D0FEF776FD1D00022405E0B5
:100E3000591E01251400022900D81D003278A24253
:100E400016D1002C01D0FEF766FDAB4201D1FEF7B2
:100E500062FDF5F7FBF8002375703370022D23D087
:100E6000032D21D00120012D1BD0F5F7CDFB0BE088
:100E7000022C10D108203470F5F72EFDF5F7B4F8E8
:100E8000F5F7C2FB00230193234B019A1A70FDF77B
:100E90007DFCFEF740FD012CDBD1F5F7D7F80020F3
:100EA0003470F5F719FDE0E72800FAE70A2801DDBC
:100EB000FFF707F9FFF72DF90A2801DDFFF7C7F85B
:100EC000FFF7ECF80026FF24FFF7F4FBFE310020CB
:100ED0000010024000280240640C0020D1280020AD
:100EE000620C002000ED00E0FFFF00FFCB28002097
:100EF000872800208E280020132900206A0C00205B
:100F0000FF310020FD31002010130020CC13002001
:100F100092280020FA31002078280020F0B5BC4F3C
:100F200089B07B7BDBB202933B7BDBB203937346DE
:100F30000493B84B1B68DAB201927F221340B64A81
:100F4000136001237A781A4202D17A7813437B70B6
:100F5000BB7BDBB20593019B5B0754D50023AF4AF3
:100F60000793079B934200D8AFE0A022AC4E00212C
:100F700030005200F0F718FE00254023A94AAA4C81
:100F800073601570A94A3100E26001222C310A70A9
:100F900031003385B436B83133803E3B0A7023705C
:100FA000E567A560E368002B12D072B6E668706949
:100FB000002804D002210C304942FBF7BDFDB06986
:100FC000002804D002210C304942FBF7B5FD62B67F
:100FD00000210135E1600434082DE3D10124944B54
:100FE00091481970914B934AC3608D4B14701A004D
:100FF000B832147040221A85B4331A8043681B68D3
:101000008B4200D098470821019B0B4210D08A4A9E
:101010001388002B5FD0029B8B4003990B438749B9
:101020000888984255D00B801388013B9BB21380EF
:10103000019BDB0737D50A227F4B1A80804B023A8F
:101040001A60804B1A78002A2DD00022764C1A7034
:101050002378052B27D022008032137005232370BC
:1010600063681B68002B02D00421200098470025EC
:10107000A560E368002B12D072B6E668706900289C
:1010800004D002210C304942FBF756FDB06900281C
:1010900004D002210C304942FBF74EFD62B6013507
:1010A0000434082DE5D1684B1A78002A2ED1674BFD
:1010B000674968481A78002A00D01FE1059BBB7376
:1010C0000498FDF7AFFC09B0F0BD079B013307930F
:1010D00047E70A23ABE703227B781340012BA7D114
:1010E0005D4A1160574A11780029A1D14E4813700A
:1010F000017805299CD1030080331B780370436875
:101100001B68002B00D193E7984791E701251B78D6
:101110004F4AD05C514B8540EDB21D70B87300282A
:1011200000D0A1E004217A7C3E4ED3B20A4204D022
:101130007B7C8B437B743070B5E7DA0601D5802267
:101140007A743278D0B2062AADD8F0F749FF041C81
:10115000AC355DAC5D00DB07A5D50020FAF780FB60
:10116000010008289FD13E48FBF786F92C4BDB8C09
:10117000002B06D0402300212B487B74FBF71EFD7B
:1011800091E74823F7E7264B5A6B1C8D986BA242D8
:101190000AD9196B00199863121B091900205A63A8
:1011A0001963FBF7F5F97EE700218018986359630E
:1011B0001D48FBF7D5FE76E7DB0700D473E7002078
:1011C000FAF74EFB0500274C83B219002068019303
:1011D000FBF752F923685B192360114C2200C432DB
:1011E0001368B4345B1913602388019A934208D9B9
:1011F00000210D48FBF705FF48237B74443B337007
:1012000051E740237B744EE700213170D0E7C046A0
:1012100000380240B0380240B43802400E270000C7
:10122000A02E0020902C0020303000203429010016
:1012300094300020CC2E0020B60E00208E2C0020F2
:10124000A03802408C2C0020903802409238024096
:10125000D525010096380240A43802409438024057
:10126000C02E00205C2F002004227B7C134202D081
:101270007B7C93437B74142343435A4EF3185C6B7B
:10128000002C18D01A8D196B94420DD99D6B8918BA
:10129000AD18A41A19639D635C63A24200D92200B1
:1012A00092B2FBF72BF9FEE69A6B091912199A63B1
:1012B000002219635A6314214B4B4C4C1D7041435F
:1012C000851CAB00E3185A6876185369B16B5960F6
:1012D0000121814023898B4323819368002B02D015
:1012E00001002000984772B6AD00641963680021C0
:1012F00058690C30FBF720FC62B6D4E601251A7859
:1013000001268C5CA540EDB20570BC733A7D32427B
:1013100000D1CFE6802320009843FAF7A1FA1422E7
:10132000624383B29C462F4B9B181A00C03212684E
:1013300082421FD3BC332E491B68A20052181918D1
:101340008B424AD114226243264B9B181900BC31B0
:101350000A68C03312180A608A6812188A601A680C
:10136000121A1A606C223B7D93433B753B7D6B3AAE
:1013700093433B75142363431A4AD3181900B431BD
:101380000988614504D8C0331B688B4200D38EE6C0
:101390001420184B60431D70A61C144DB300EB18AD
:1013A00059681218C4328B6912685A600122A2402F
:1013B0006B8993436B81CB68002B02D021002800FE
:1013C000984772B6B600AD196B689B6918005968EA
:1013D0000C30FBF7B1FB62B669E616781E7001337C
:1013E000AEE7C046A02E00208438024030300020F6
:1013F0002038024086380240162303600120404214
:1014000070470020704718007047002070470000A8
:10141000030010B572B6094A106854684118A14219
:1014200005D962B60C2201201A60404205E08842CC
:10143000F7D8116062B60028F4D010BDE02F00206C
:1014400010B51400582200212000F0F7ADFB8023D6
:101450009B010020636010BD0120704772B6024BF3
:10146000024ADA65FEE7C04698310020DC1D010023
:1014700072B6024B024ADA65FEE7C0469831002098
:10148000E11D010001207047704700000FB407B54F
:10149000044805A90191FCF74FFD03B008BC04B056
:1014A0001847C046B01D0100F7B5464B464C1A78A8
:1014B0000193002A05D023780A2B01D0BB23237087
:1014C000F7BDA378112B68D1E378404D404F2B70C6
:1014D0003E78002B07D0022E54D03E4B1B78002BB9
:1014E0004ED0F5F72DFF23796B70B3424FD0012218
:1014F000394B1A702B78002B01D000232B706379A5
:10150000AB707A789A4208D0002E06D10122324B75
:101510001A702B78002B00D02E70304AA3791178E6
:10152000EB70994206D0137001222D4B022E00D190
:1015300000221A70B422E379217A2B71637A920126
:101540001B020B43934207D0264A1378002B03D18A
:1015500001331370244A1370A37ABB2BB0D1019AC4
:10156000BA3B1370214B224A1A800023174A13708A
:101570005371194A13701A4A13701A4A13709FE76D
:101580002B70B0E7194B2A70194A1A80ABE7022E6C
:10159000B5D1164B164A1A80B1E7092BDCD10B4B9B
:1015A000E2781978002908D0002A06D1084909787C
:1015B000022900D001325A71CEE7012ACCD1002293
:1015C0001A70F8E71329002014290020CB280020E6
:1015D000640C00208728002092280020B40E0020F0
:1015E0007828002091280020600C0020620C002048
:1015F000DC050000F0B572B68022274B92059042C0
:1016000026D30022F8261100244F76051F259C685A
:10161000240C2C40022C05D8455C4C1CDD60045D7C
:101620000231DC609C68344202D0DC68BC54013278
:101630003F29EBD93F2A09D8F82149059868084283
:10164000FCD0D868154988540132F3E762B6F0BD82
:101650000022F82610001F251400104F7605996807
:10166000090C2940022902D8DC600230DC6099684C
:10167000314202D0D968B95401323F28EFD93F2A0C
:10168000E4D8F821490598680842FCD0D868034995
:1016900088540132F3E7C046003800401429002086
:1016A00080220A4B5200196930B5094C114209D009
:1016B0001969084D294019612168016019690A43B7
:1016C0001A6130BD23680360FBE7C046002002407A
:1016D00074E8FF1FFFFEFFFFF0B587B00B680391B2
:1016E0001F220121019304005B0801980293002B43
:1016F00000D0A0E09040F0F7D5FC039B5B69049319
:10170000072800DDACE01F220121A56A0198029B99
:10171000002B00D096E09040F0F7C4FC0F2380002F
:1017200083401F2201219D430198029B002B00D082
:101730008FE09040F0F7B6FC049B800083402B4381
:10174000A3621F220121039BA5699E680198029B49
:10175000002B00D0B4E09040F0F7A4FC01210B0076
:1017600083401F229D430198029B002B00D0AEE0D6
:101770009040F0F797FC86401F2201212E43039BE7
:10178000A6616569DE680198029B002B00D0A5E088
:101790009040F0F787FC0323400083401F22012183
:1017A0009D430198029B002B00D09EE09040F0F7F3
:1017B00079FC400086401F2201212E43039B666175
:1017C000E5691E690198029B002B00D094E09040CF
:1017D000F0F768FC01210B0083401F229D43019814
:1017E000029B002B00D08EE09040F0F75BFC86401F
:1017F0001F2201212E43039BE6615D682669019843
:10180000029B002B00D085E09040F0F74BFC0323B7
:101810004000834001229E431F230299002900D0EB
:101820007FE001989840F0F73DFC4000854035434B
:10183000256107B0F0BD1D0040000D402843013A6E
:101840005B0854E71E0040000E403043013A5B083D
:101850005EE71E0040000E403043013A5B0865E73A
:10186000019B1F221D0A5E0A28003300E76A002B35
:1018700014D19040F0F716FC0F2380008340012222
:101880009F431F23002E14D128009840F0F70AFC34
:10189000049B800083403B43E36252E74100059193
:1018A0001800012108400599013A014308005B082E
:1018B000DDE731006D0011400D43013B7608E1E7A3
:1018C0001F0040000F403843013A5B0840E71F000B
:1018D00040000F403843013A5B0846E71F004000D4
:1018E0000F403843013A5B084FE71F0040000F40AC
:1018F0003843013A5B0856E71F0040000F40384369
:10190000013A5B0860E71F0040000F403843013A8E
:101910005B0866E71F0040000F403843013A5B0850
:101920006FE701990298490010400843029901901D
:101930004908013B029170E7154AF0B553699B06CF
:1019400014D5FF25F026038954680333990801391B
:10195000E401E40949062143516051680468090E15
:101960000906214351609B08002B00D1F0BD41685E
:10197000013B9BB22142F9D1C1680F1D0968C760C4
:10198000976891601168A94331431160ECE7C04644
:10199000002002400B4B5A69920611D506C80A4234
:1019A0000ED15A68084802405A605A68120E120650
:1019B0000A435A60FF22196891430E3A0A431A609B
:1019C0007047C04600200240FFFFFFFE044B5A69EB
:1019D000920603D59A6A00229A625B697047C046F4
:1019E00000200240054B5A69920606D49A6A044ABE
:1019F0009A629A6A034A9A625B69704700200240C1
:101A00003322110088776655F7B50C000193150055
:101A1000204B00280CD01970FCF7B8FE1E4B188024
:101A20000723012023409840C0B2F3F73FFEF7BDE3
:101A30001E788E4229D1184B1F88FCF7A7FEC01BC9
:101A400080B2C72821D82C002034E4B2AE420FD097
:101A500033000126072730003B409840C0B2F3F71F
:101A60001DFEBC4204D82F40BE40F0B2F3F71EFE6C
:101A70000198F7F773F9072CD9D8072301201D40E7
:101A8000A840C0B2F3F70AFED1E7072301201C40AB
:101A9000A040F6E714130020862C0020F7B50E4C6A
:101AA0000E4B24781B7801940D4C019DAB4201D163
:101AB0000020FEBDDE00A5196F788F4205D1365D8E
:101AC000864202D16D79954203D1072501332B401F
:101AD000EBE70120EDE7C0461D1300201E13002098
:101AE0002013002010B50C1E11DD094B1968FA23D4
:101AF0005B1AD943C9170B40991ACB43DB1719401E
:101B0000A14200DD2100002901D0F5F727FD10BD1D
:101B1000741700201FB5040072B6FFF763FF00942E
:101B2000E44368460194FFF735FFFFF74FFF62B6C5
:101B30001FBD70B5E024F02564026D022000FFF7A0
:101B4000E9FF80239B00E418AC42F7D1E02000219C
:101B50004002F4F733FCF02460020134E4B2FFF7F2
:081B6000D9FF002CF8D170BD83
:101B680000FFC80000202020202020202020282836
:101B78002828282020202020202020202020202045
:101B88002020202020881010101010101010101085
:101B980010101010100404040404040404040410B5
:101BA8001010101010104141414141410101010143
:101BB800010101010101010101010101010101010D
:101BC8001010101010104242424242420202020219
:101BD80002020202020202020202020202020202DD
:101BE800101010102000000000000000000000008D
:101BF80000000000000000000000000000000000DD
:101C080000000000000000000000000000000000CC
:101C180000000000000000000000000000000000BC
:101C280000000000000000000000000000000000AC
:101C3800000000000000000000000000000000009C
:101C4800000000000000000000000000000000008C
:101C5800000000000000000000000000000000007C
:101C68000000000000000000C6170000CC160000AD
:101C7800CC160000CC160000CC160000CC160000D4
:101C8800CC160000CC160000CC160000CC160000C4
:101C9800CC16000028170000E0160000CC16000043
:101CA800CC160000CC160000CC160000E016000090
:101CB800CC160000CC160000CC160000CC16000094
:101CC80042160000081700005A170000CC16000042
:101CD800CC1600003C170000CC16000008170000C6
:101CE800CC160000CC160000D41700008A2400008F
:101CF800B6230000A02300001C240000A02300003D
:101D080050240000A02300001C240000B62300007B
:101D1800B6230000502400001C2400008C2300007F
:101D28008C2300008C2300005A240000B6230000F6
:101D3800B6230000A0230000F6240000A023000022
:101D480050240000A0230000F6240000B623000061
:101D5800B623000050240000F62400008C23000065
:101D68008C2300008C230000F0310000A430000018
:101D78001C300000463000001C3000008831000094
:101D88001C30000046300000A4300000A4300000E1
:101D980088310000463000003E3000003E30000030
:101DA8003E300000AA310000325034473A25642002
:101DB800424C453A256420504F533A2564204D4FF4
:101DC80044453A25640A00296C6C756E2800296C14
:101DD800696E280065786974006B696C6C00633003
:101DE800000000002A0000DDED8C00002C0000DD62
:101DF800F78C00002D0000FF018D00002E0022FF4F
:101E0800118D0000380000FF218D0000090011DD50
:101E18002D8D0000050011DD378D00000000000049
:101E280000000000E200E900EA00B500B600B700D3
:101E3800CD008301CC008A01920194012102230282
:101E480024022502260227022A02B300B4006F00EA
:101E580070009F01CB019F02A0020000000000005B
:101E680000000000000000000000000000007E0FDD
:101E780000D4FFFFFFC7000000780000000000004A
:101E880000002A2B280000000000000000000000CD
:101E9800000000000029000000002C1E3420212230
:101EA80024342627252E362D3738271E1F20212299
:101EB800232425263333362E37381F040506070812
:101EC800090A0B0C0D0E0F10111213141516171802
:101ED800191A1B1C1D2F3130232D35040506070840
:101EE800090A0B0C0D0E0F101112131415161718E2
:101EF800191A1B1C1D2F3130354C3A3B3C3D3E3FD7
:101F0800404142430000000000444501020408101B
:101F1800204080000400167EE600E7009D4E000089
:101F280000000000C8000100000000000080FF0061
:101F3800000000006D8D0000B14E0000D94E000079
:101F480000000000EC1D01001D2E2C1F1120212275
:101F580016232425302F17180F121E13152D102B9A
:101F6800142A0D0E2829343537383B3C00FFFFFF73
:101F7800FFFFFFFFFFFFFFFFFFFFFFFFFF01020360
:101F88000405060708090A0B0C0DFFFF0E0F1011B8
:101F980012131415161718191A1BFFFF1C1D1E1FE4
:101FA8002021222324252627FF28FFFF29FF2A2B6B
:101FB8002C2D2E2F30313233FF34FFFF353637FFCB
:101FC800FF38FFFFFF393A3B3CFFFFFF000A100ACA
:101FD800200A300A400A500A600A700A800A900AE9
:101FE800A00AB00AC00ADC0A041418142814381409
:101FF800481458146814781488149814A814B81439
:10200800C814DE14041E1C1E2C1E3C1E4C1E5C1E16
:102018006C1E7C1E8C1E9C1EAC1EBC1ED81E082866
:102028002328332843285328632873288328932890
:10203800A328B428E0280032143228326E32B03295
:10204800C032D028E028E141E141E141010101012C
:102058000101010101010101010101010101010168
:102068000101010101010101010101010101010158
:102078000101010101010101010101010101010148
:1020880001010101010101010100000010200040CF
:10209800000000805000510052004F000101010172
:1020A8000101010101010101010000000204000019
:1020B80000000000000000000203500200000000C1
:1020C8004F024F034F03500350034F034F034A027D
:1020D8004A024D0200000000290000000000000034
:1020E80000000000000000000000000000000000E8
:1020F800000000000000000000001E001F0020007B
:1021080021002200230024002500260027002D009E
:102118002E002A00000000002B0014001A000800FE
:10212800150017001C0018000C00120013002F00E7
:1021380030003100000000003900040016000700DC
:1021480009000A000B000D000E000F0033003400D8
:102158000000280000000000E10000001D001B0036
:10216800060019000500110010003600370038007D
:102178000000E50000000000E000E300E2000000CD
:1021880000002C00000000000000167E24526500AC
:10219800E40000000000000029000000000000002A
:1021A8000000000000000000000000000000000027
:1021B800000000000000000000001E001F002000BA
:1021C80021002200230024002500260027002D00DE
:1021D8002E002A00000000002B0014001A0008003E
:1021E800150017001C0018000C00120013002F0027
:1021F800300031000000000039000400160007001C
:1022080009000A000B000D000E000F003300340017
:102218000000280000000000E10000001D001B0075
:1022280006001900050011001000360037003800BC
:102238000000E50000000000E000E200E30000000C
:1022480000002C00000000000000167E24526500EB
:10225800E40000000000000035000000000000005D
:102268000000000000000000000000000000000066
:10227800000000000000000000003A003B003C00A5
:102288003D003E003F004000410042004300440042
:1022980045002A00000000002B00017E027E037E1C
:1022A800007E4600470048000C00120013002A7800
:1022B80029782178000000003900005201520700F7
:1022C800090049004A004B000E000F0024782378CB
:1022D8000000280000000000E10000004378000032
:1022E800487847784C004D004E004A7849785200AB
:1022F8000000057E00000000E000067EE20000000D
:1023080000004278000000000000500051004F001B
:102318000000000000000000350000000000000080
:1023280000000000000000000000000000000000A5
:1023380000000000000000000000BE00BD00C10059
:10234800C20022002300AC00AE00AB00A800AA0027
:10235800A9002A00000000002B00017E027E037EF7
:10236800007E4600470048000C00120013002A783F
:102378002978217800000000390000520152070036
:10238800090049004A004B000E004B0024782378CE
:102398000000280000000000E1000000000000002C
:1023A800487847784C004D004E004A7849785200EA
:1023B8000000057E00000000E000E200E3000000ED
:1023C80000004278000000000000500051004F005B
:1023D80000000000000000000100000000000000F4
:1023E80000000000000000000000000000000000E5
:1023F800000000000000000000003A003B003C0024
:102408003D003E003F0040004100420043004400C0
:1024180045000100000000000100017E027E037EED
:10242800007E010001000100010001000100AA0076
:10243800A9000100000000000100010001000100E6
:10244800010001000100010001000100010001007C
:102458000000010000000000010000000100010070
:10246800010001000100010001000100010001005C
:102478000000010000000000010001000100000050
:102488000000010000000000000001000100010040
:10249800010000000000000029480000E957000082
:1024A80015580000415800006D58000041480000D0
:1024B800C805010902A10185020901A10005091940
:1024C80001290815002501950875018102050109F2
:1024D8003009311581257F9502750881060938155F
:1024E80081257F950175088106050C0A380215813A
:1024F800257F950175088106C0C005010980A101E5
:10250800850319012AB700150126B7009501751032
:102518008100C0050C0901A101850419012AA00246
:10252800150126A002950175108100C00501090654
:10253800A1018506050719E029E715002501950879
:10254800750181020507190029EF1500250195F08D
:102558007501810205081901290595057501910282
:10256800950175039101C00660FF0961A101096227
:10257800150026FF009520750881020963150026BD
:10258800FF00952075089102C005010906A1010503
:102598000719E029E71500250195087501810295BD
:1025A80001750881010507190029FF150026FF009C
:1025B80095067508810005081901290515002501EA
:1025C800950575019102950175039101C0000001FF
:1025D80000020001000300010002000100040001E4
:1025E80000020001000300010002000100050001D3
:1025F80000020001000300010002000100040001C4
:1026080000020001000300010002000100060001B1
:1026180000020001000300010002000100040001A3
:102628000002000100030001000200010005000192
:102638000002000100030001000200010004000183
:102648000002000100030001000200010007000170
:102658000002000100030001000200010004000163
:102668000002000100030001000200010005000152
:102678000002000100030001000200010004000143
:102688000002000100030001000200010006000131
:102698000002000100030001000200010004000123
:1026A8000002000100030001000200010005000112
:1026B8000002000100030001000200010004000103
:1026C80000020001000300010002000100000001F7
:1026D80000000000683001000032002000320020B5
:1026E80000320020683001000000000000000000F7
:1026F8000000000068300100000000000000000039
:102708000000000068300100000000000000000028
:102718000000000068300100000000000000000018
:102728000000000068300100000000000000000008
:1027380000000000683001000000000000000000F8
:1027480000000000683001000000000000000000E8
:10275800000000000102003031323334353637389A
:1027680039414243444546001603430049004400AA
:102778004F004F00200051004B0036003100000090
:102788001203520044004D00430054004D005A000B
:10279800540000000403090409025B00030100A0BF
:1027A800FA090400000103010100092111010001D7
:1027B80022440007058103080001090401000203FF
:1027C80000000009211101000122220007058203EF
:1027D800200001070503032000010904020001038A
:1027E80000000009211101000122B6000705840339
:1027F8002000011201000200000040B0363530050B
:1028080000010203014422B6912501006F25010051
:10281800B9240100B2270100CB270100EB270100F2
:10282800FF00003131295A1B750A0001010101011D
:102838000101010102020202020202020203030371
:102848000303030303040404040404040505050541
:102858000506060606060707070707080808080901
:102868000909090A0A0A0B0B0B0C0C0C0D0D0D0EAD
:102878000E0E0F0F0F101011111112121313141442
:10288800151516161717181819191A1A1B1B1C1DB7
:102898001D1E1E1F20202122222324242526262710
:1028A8002829292A2B2C2D2D2E2F30313232333442
:1028B80035363738393A3B3C3D3E3F404142434448
:1028C80045464748494A4C4D4E4F5051535455562A
:1028D80058595A5B5D5E5F616264656668696B6CD6
:1028E8006D6F7072737577787A7B7D7E8082838551
:1028F80087888A8C8E8F91939596989A9C9EA0A291
:10290800A3A5A7A9ABADAFB1B3B5B7BABCBEC0C29A
:10291800C4C6C9CBCDCFD1D4D6D8DBDDDFE2E4E75E
:10292800E9EBEEF0F3F5F8FAFDFF00000000000017
:10293800BDCB000061CF000003D000004000400084
:10294800602900206029002001000000562900208D
:10295800E61D010078290020382A0020C1D2000095
:1029680049B6000021C7000000000000000400482C
:10297800030400480404004805040048060400480D
:10298800070400480004080C1014181C2024282CE4
:102998003034383C4044484C5054585C6064686C4F
:1029A8007074787C8084888C9094989CA0A4A8AC3F
:1029B800B0B4B8BCC0C4C8CCD0D4D8DCE0E4E8EC2F
:1029C800F0F4F8FFFFF8F4F0ECE8E4E0DCD8D4D059
:1029D800CCC8C4C0BCB8B4B0ACA8A4A09C9894900F
:1029E8008C8884807C7874706C6864605C585450FF
:1029F8004C4844403C3834302C2824201C181410EF
:102A08000C0804000102030405060708090AFF0070
:102A180000FF8000FFFF0000FF0000FFFF0000FF35
:102A28008000FFFFFFFF0000000000C800C800C8CA
:102A3800000000000F0C00480E0C00480F0800486A
:102A48000E0800480D080048030C0048020C004816
:102A58000C0800480B0800480A0800480E00004807
:102A68000908004808080048070800480608004800
:102A78000F0400485245454E54206D616C6C6F63DD
:102A88002073756363656564656400002E2E2F2EC0
:102A98002E2F2E2E2F2E2E2F2E2E2F2E2E2F6E65D2
:102AA800776C69622F6C6962632F7374646C6962F6
:102AB8002F72616E642E63002C2066756E637469D4
:102AC8006F6E3A2000000000617373657274696F5D
:102AD8006E2022257322206661696C65643A20663F
:102AE800696C6520222573222C206C696E6520256F
:102AF80064257325730A0000232D302B2000000065
:102B0800686C4C00656667454647000030313233D3
:102B180034353637383941424344454600000000D1
:102B2800303132333435363738396162636465663B
:042B38000000000099
:082B3C0020F6FE7F01000000FD
:102B4400040C00200000000044110020AC110020FF
:102B5400141200200000000000000000000000002B
:102B64000000000000000000000000000000000061
:102B74000000000000000000000000000000000051
:102B84000000000000000000000000000000000041
:102B940000000000030000004411002000000100B8
:102BA40001003C00020132010000010000000000AD
:102BB4000000000000000000000000000000000011
:102BC4000000000000000000000000000000000001
:102BD40000000000000000000000000000000000F1
:102BE40000000000000000000000000000000000E1
:102BF40000000000200000000000000000000000B1
:102C040000000000000000000000000000000000C0
:102C140000000000000000000000000000000000B0
:102C240000000000000000000000000000000000A0
:102C34000000000000000000000000000000000090
:102C44000800000000000000000006000000000072
:102C54000000000000000000000000000000000070
:102C64000000000000000000000000000000000060
:102C74000000000000000000000000000000000050
:102C84000000000000000000000000002000000020
:102C9400000000000000040000000000000000002C
:102CA4000000000000000000000000000000000020
:102CB4000000000000000000000000000000000010
:102CC4000000000000000000000000000000000000
:102CD40000000000000000000300000000000000ED
:102CE40000000300000000000000000000000000DD
:102CF40000000000000000000000000000000000D0
:102D040000000000000000000000000000000000BF
:102D140000000000000000000000000000000000AF
:102D2400000000000300000000000000000002009A
:102D3400000000000000000000000000000000008F
:102D4400000000000000000000000000000000007F
:102D5400000000000000000000000000000000006F
:102D6400000000000000000000000000000000005F
:102D7400060000006C0C0020B80C002000000000CD
:102D840000000000E80D00209C0D0020500D0020E4
:102D940000000000040D00200000000000000000FE
:102DA400340E0020E5C80000C9C80000C1D00000EE
:102DB40091B70000ADB70000BDB70000380E002089
:102DC400E5C80000C9C80000C1D0000091B70000E8
:102DD400ADB70000BDB700003C0E002021C90000C3
:102DE400FDC80000DFD00000EDB7000011B80000FE
:102DF40029B80000FF0014004100410041004100D7
:102E04004100390579AA00000DB60000A1E90000CF
:102E1400AFE90000BDE90000CBE90000D9E90000FA
:102E240000FF00FFFF03000000000000000000009E
:102E3400000000000000000000000000000000008E
:102E4400000000000000000000000000000000007E
:102E5400000000000000000000000000000000006E
:102E64000300000000000000DFC9000000000000B3
:102E7400200000000000000000000000020000002C
:102E8400000000000000000000000000000000003E
:102E940000000000000000003030002004000000AA
:102EA4000400000020000000F82A002000000000B8
:102EB40000000000980E0020000000000000000048
:102EC40000000000000000000000000000000000FE
:102ED40000000000000000000000000000000000EE
:102EE40000000000000000000000000000000000DE
:102EF4000300000000000000DFC900000000000023
:102F040008000000000000000000000002000000B3
:102F140000000000000000000000000000000000AD
:102F2400000000000000000030300020010000001C
:102F34000400000008000000C82A0020000000006F
:102F4400000000007C0E00200000000000000000D3
:102F5400000000000000000000000000000000006D
:102F6400000000000000000000000000000000005D
:102F7400000000000000000000000000000000004D
:102F84000300000000000000DFC900000000000092
:102F9400200000000000000000000000020000000B
:102FA400000000000000000000000000000000001D
:102FB400000000000000000030300020020000008B
:102FC4000400000020000000382A00200000000057
:102FD40000000000600E0020FF02C8000000000096
:102FE40000000000000000000000000000000000DD
:102FF40000000000000000000000000000000000CD
:1030040000000000000000000000000000000000BC
:1030140000000000030000000000000000000000A9
:103024009FCA000000002000000000000000000013
:10303400020000000000000000000000000000008A
:1030440000000000000000000000000030300020FC
:10305400030000000400000020000000882B002072
:043064000000000068
:040000030000019167
:00000001FF
