:10000000000400209101000045E6000091E6000098
:100010009301000093010000930100009301000090
:100020009301000093010000930100009301000080
:1000300093010000930100009301000095E6000089
:100040009301000093010000930100001162000081
:10005000930100003562000049620000A1620000C7
:1000600093010000930100008D62000093010000E5
:100070009301000093010000B96D0000516200007F
:1000800065620000796200009301000093010000A6
:100090009301000093010000930100009301000010
:1000A0009301000093010000930100009301000000
:1000B000930100009301000093010000210B010057
:1000C00072B6244880F30888234880F30988022008
:1000D00080F31488BFF36F8F08F0C6FA0EF004F9AE
:1000E0001E481F491B4A914202DA08600431FAE7B0
:1000F0001C49194A914202DA08600431FAE71A49A8
:100100001A4A1B4B9A4204DA086810600431043220
:10011000F8E700201749184A914202DA08600431D2
:10012000FAE70EF0E5F80EF0E0F8144C144DAC428E
:1001300003DA216888470434F9E70EF017FD114C03
:10014000114DAC4203DA216888470434F9E70F49BE
:100150000847000000040020000C002055555555AC
:100160000000002000040020DC260100000C00201C
:10017000241100204011002000310020C0000000A8
:10018000C0000000C0000000C0000000EDE2000060
:1001900096E700F000F8FEE7F0B544464D465646B7
:1001A0005F46F0B46B46CB60C3689D46F0BCA0468A
:1001B000A946B246BB46F0BD62B6281CA047002047
:1001C0000EF02CFAFEE70EF0CFF8024A024B136055
:1001D000FEE7C04604ED00E000000080114B70B562
:1001E0001C680500236B002B03D000221D615A619F
:1001F00070BD182000F094F8031E20630CD00A4A4A
:1002000000210260094A4260094A82600B22828111
:10021000012018615961E8E700224621054B064894
:1002200000F050F8000C00200E33CDAB34126DE618
:10023000ECDE0500142601002C260100184B70B5D9
:100240001D682C6B002C0ED020696169154A164B75
:1002500001F098FE0122002312184B41580040087B
:100260002261636170BD182000F05AF8041E2863F3
:100270000FD00E4B012203600D4B43600D4B83608A
:100280000B23838100230261436107480A4A064B1E
:10029000E6E700225221094B094800F013F8C04656
:1002A000000C00202D7F954C2DF451580E33CDAB12
:1002B00034126DE6ECDE05002E7F954C142601000D
:1002C0002C26010070B514001A000A4B06001B68AA
:1002D00084B0D868002C0AD0074B084D01930091D8
:1002E00033002900029400F03BF800F011F8044BB1
:1002F0001C00F2E7000C00205826010068260100CF
:1003000064260100130010B50022FFF7DBFFC04692
:10031000062010B500F0C8F8012010F0A1FEC0467C
:1003200010B5034B0100186800F02EFF10BDC04649
:10033000000C002010B5034B0100186800F0ACFF62
:1003400010BDC046000C00200CB400B583B004AB57
:1003500004CB019300F082F903B008BC02B0184747
:100360000EB400B582B003AB0100054804CB0068B1
:10037000019300F073F902B008BC03B01847C046FF
:10038000000C0020C36B10B50400002B01D000202E
:1003900010BD802100F0F8FEE063002806D00200C6
:1003A0000023803208C09042FCD1F0E70120404297
:1003B000EEE7C04670B505000C0016001F2907D8EF
:1003C000C06B002809D0A40004192068266070BD05
:1003D0001623036001204042F9E78021280000F045
:1003E000D3FE010003000022E86380310028F1D031
:1003F00004C38B42FCD1E6E770B505000C001F2951
:100400001ED8C36B002B0ED08A009B181A68002AD6
:1004100009D0012A05D0511C0ED0002120001960FE
:100420009047002070BD280001F004FB220001006D
:10043000280001F0EBFAF5E7162303600120F1E74D
:100440001623036001204042ECE7C04670B505006A
:100450000C001F2924D8C36B002B14D0A2009B18BA
:100460001A68002A09D0511C0BD0012A07D000219C
:10047000200019609047002070BD0120FCE7032098
:10048000FAE70220F8E7802100F07EFE031EE86311
:1004900006D000210200803002C28242FCD1DDE79A
:1004A00001204042E8E7C046144B70B504001D68C7
:1004B0001F281DD8EB6B002B0DD082009B181A68EB
:1004C000002A08D0012A04D0511C0DD00021196047
:1004D0009047002070BD280001F0ACFA2200010016
:1004E000280001F093FAF5E7162301202B60F1E7CD
:1004F000162301202B604042ECE7C046000C002090
:10050000114B70B504000E001D681F2807D8E86B5A
:10051000002809D0A40004192068266070BD1623A5
:100520002B6001204042F9E78021280000F02CFEDA
:10053000010003000022E86380310028F1D004C3E9
:100540009942FCD1E6E7C046000C00200C4B10B5E8
:100550001C68E36B002B01D0002010BD802120001F
:1005600000F012FEE063002806D002000023803273
:1005700008C09042FCD1EFE701204042EDE7C046C1
:10058000000C0020174B70B504001D681F2825D8EB
:10059000EB6B002B14D0A2009B181A68002A09D01C
:1005A000511C0BD0012A07D0002120001960904770
:1005B000002070BD0120FCE70320FAE70220F8E7E5
:1005C0008021280000F0E0FD031EE86306D0002132
:1005D0000200803002C29042FCD1DCE701204042A0
:1005E000E7E7C046000C0020936810B5013B93601C
:1005F000002B04DA9469A34207DB0A2905D01368AB
:10060000581C10600800197010BD00F0A1FEFBE737
:10061000F8B506000F00002B0DD01400D51802E02D
:100620000134AC4207D03A0030002178FFF7DCFFFC
:10063000431CF5D1F8BD0020FCE7C04610B51400FE
:1006400092680023002A05D0220000F08BF90022D6
:100650000300A26000221800626010BDF0B54E4693
:100660004546DE465746E0B58146884614001E00E2
:100670009FB0002803D0036A002B00D11FE143463E
:100680009B891B0700D48FE043461B69002B00D1D8
:100690008AE0002306AD6B6120336B761033AB76B6
:1006A0005346A346874F059603935B461B78002B62
:1006B00000D19BE05C4603E063780134002B7DD0E1
:1006C000252BF9D15B46E31A9A465C457BD123780A
:1006D000002B00D18AE0012300225B42069207939F
:1006E000002200230892099300234332AB54AB65E8
:1006F00001339B46013406E05A46C01B82401C0071
:1007000029680A432A6005223800217800F0F0F8B1
:10071000631C1E000028EFD12A68D10602D54321B0
:1007200020306854110702D543212B2068542178CA
:100730002A2967D1059B191D1B680591002B00DA3A
:1007400098E0EB6061782E2900D172E05E4C0322C4
:10075000200000F0CDF8002806D04023001B834085
:100760002A68013613432B603178731C06225748E0
:100770009B46297600F0BCF8002800D180E0544B5D
:10078000002B67D005AA0092290042464846514BEB
:1007900000E000BF0390039B013327D0039A6B69ED
:1007A000944663446B6180E74146484600F062FC32
:1007B000002800D16DE7012040421CE05B46E31AAF
:1007C0009A465C4512D03B0000264746A0464C4660
:1007D000994602E00136B24543D95B463A00200013
:1007E000995DFFF701FF0130F4D1B84643469B897C
:1007F0005B06E0D468691FB0F0BCBB46B246A946B0
:10080000A046F0BD08003038260009289BD8EA68C9
:10081000140000E00133A2001219197852001418D4
:10082000080030380928F5D91E00EC602E2900D0C8
:100830008CE771782A292DD1059BB01C1A1D1B68E5
:1008400005926B60002B02DA01235B426B60B1788A
:1008500006007BE70722059B073393430833059384
:100860009CE74B466A69A146524444466A61B846D1
:100870001F002CE75B42EB6002231A432A6061E70A
:1008800005AA0092290042464846124B00F0BCFEE1
:10089000039080E708000023303801366B60092898
:1008A00000D953E71A0093009B1871785B001A185F
:1008B0000800303801360928F5D96A6046E700F0AB
:1008C000D7FADCE698260100A0260100A426010044
:1008D000000000001106000010B504001300034AD8
:1008E00010680A002100FFF7B9FE10BD000C0020BF
:1008F00070B5CCB283070DD0531E002A0FD003254C
:1009000004E00130284206D0013B08D30278A2421D
:10091000F7D170BD1300032B03D8002B14D1002096
:10092000F7E7FF220A401502AD182A040B4EAD1856
:1009300003E0043B0430032BEFD9026808496A4006
:10094000511891433142F4D0C31802E0013098426B
:10095000E5D00278A242F9D1DBE7C04680808080F2
:10096000FFFEFEFEF0B54E46DE4657464546E0B574
:10097000936883B00C0091460090002B5FD00C234D
:10098000CA5E130763D50B69002B60D04B461F6806
:10099000930723D5A36A00269A46B34B00259846B1
:1009A000216A002D16D02B00454500D9AE4B3200F0
:1009B0000098D047002859DD4B464A469B683618B8
:1009C0001B1A2D1A9360002B39D0A36A216A9A460C
:1009D000002DE8D13E687D680837E2E7D30762D58D
:1009E0000023B84600209A4600261F00002E45D05E
:1009F00000284CD03B00B3469E4200D99B4620685D
:100A00002269A5686369904203D9ED18AB4500DD02
:100A1000FEE05B4500DDEEE0A56A5246216A0098E3
:100A2000A847051E22DD01207F1B19D04B464A46F0
:100A30009B68AA445B1B761B9360002BD6D10020D9
:100A400003B0F0BCBB46B246A946A046F0BD2100AB
:100A5000009800F00FFB00280DD10C23E25E95E713
:100A60002100009800F0C2FA0028DFD00C22A35E1B
:100A700040221343A38101204042E1E7082243467C
:100A800094465E68E044002EF8D01B689A46320017
:100A90000A215046FFF72CFF002800D1DBE0534627
:100AA0000130C71AA6E7002380219A4689008B46A9
:100AB000564655462068A36884469846002D5CD06B
:100AC00059460A425DD09A46AB4200D990E0902345
:100AD000DB001A4232D02169431A60690193430056
:100AE0001B18D80FC3185810019B824601335B199D
:100AF000834201D99A461800520500D497E00100BC
:100B0000009800F041FB8046031E00D1A6E0019A48
:100B1000216900F035FFA389544A13408022134312
:100B2000A38143462361019B1A00424494462260FC
:100B30005246A846AA46D31A6261A36052463100C3
:100B4000604600F07BFF4246A8460025A368206867
:100B50009B1A5044A36020604B4642469B68464423
:100B60009B1A4A46936000D169E70C23E25E206835
:100B7000A36884469846002DA2D13E687D68083758
:100B80009AE7226982421BD362699046AA4217D82B
:100B9000802328001B069D4200D33548414601F0C2
:100BA00005F94346A26A43439046216A3200009801
:100BB000C047002800DC59E780464346ED1ACBE7E2
:100BC0009846AB4200D9A8464246310000F036FFB5
:100BD0004246A36820689B1A4044A3602060002B13
:100BE000EBD12100009800F001FA0028E5D03DE7A4
:100BF000A846AA46A2E75A46514600F01FFF5A46A9
:100C0000A3685D469B1AA36023685B4423600AE7E0
:100C100051462A0000F012FF236821005B1900985A
:100C2000236000F0E3F9002800D1FCE61EE7020093
:100C3000009800F009FC8046002800D071E7009D74
:100C40002169280000F028FB8022A3899343743A8D
:100C50001BB22A600CE7731C1F00CCE6009A0C3311
:100C600013600C22A35E03E700FCFF7F7FFBFFFF06
:100C7000FFFFFF7F0020704710B5034A0349044877
:100C800000F0C0FB10BDC046500C0020ED0F00006E
:100C9000040C002041680B4B10B50400994201D0B0
:100CA00000F0A4F9A168084B994202D0200000F09E
:100CB0009DF9E168054B994202D0200000F096F9B9
:100CC00010BDC04644110020AC11002014120020B9
:100CD00000207047F8B5CE464746344C344B354A71
:100CE0002000002580B51A600423082200215C3012
:100CF00025606560A560656625616561A561E36045
:100D000000F052FF2C4B2000994663622B4B2C4F76
:100D10009846A362CC23E5502A4B2B4E6367802371
:100D200008220021C430E550E7622663A566E56627
:100D30002567A567E567246200F036FF2200882357
:100D40006832E2504A460433E250424620000433FF
:100D5000E2500433E7500433E6503833E5500433AF
:100D6000E5500433E550194A5C33E550583BE250F6
:100D70000433E5502D300433E550082204330021BC
:100D8000FF30E55000F010FF2200F023D032E25097
:100D90004A460433E25042460433E2500433E750FB
:100DA0000433E650C0BCB946B046F8BD441100203B
:100DB00040110020790C0000ED1A0000191B000002
:100DC000591B000009000100891B000012000200ED
:100DD000F8B5244B07001B68002B3BD0224E7368EC
:100DE000B468013B03D51BE06834013B18D30C22E7
:100DF000A55E002DF8D120001C4B08220021E360E5
:100E000065662560A560656025616561A5615C30EA
:100E100000F0CAFE6563A563A564E5642000F8BD23
:100E20003568002D01D02E00D9E7D62138004900C1
:100E300000F0AAF9041E10D00423D022056025007A
:100E400043600C300021A060520000F0ADFE346021
:100E50002E00C4E7FFF73EFFC0E70C2330603B6085
:100E6000DCE7C04640110020500C00200100FFFFCD
:100E7000036A10B5002B00D010BD044B0362044B75
:100E80001B68002BF8D1FFF725FFF5E7950C000054
:100E9000401100207047C0467047C04610B5002082
:100EA000024A034900F0AEFA10BDC046500C0020C3
:100EB000750C000010B50020024A034900F0A2FAA8
:100EC00010BDC046500C0020D10C0000F0B5C64645
:100ED00000B50C228B5E07000C001A073CD44A6850
:100EE000002A5CDDE66A002E32D000223D68216ACD
:100EF0003A60DA0457D4002201233800B0470200D8
:100F0000431C65D00C21635EE66A216A5B0706D547
:100F10006368D21A636B002B01D0236CD21A0023B2
:100F20003800B047431C40D000236360236923602E
:100F3000A389DB044AD4616B3D60002908D02300FB
:100F40004433994202D0380000F0A6F900236363CD
:100F5000002080BCB846F0BD0E69002EF8D00D68A8
:100F60000022AD1B0E609B0700D14A69A260002DD4
:100F700004DCEDE736182D1A002DE9DDA36A3200F6
:100F8000984638002B00216AC0470028F2DC402236
:100F9000A38913431BB20120A3814042D9E70A6C05
:100FA000002A9FDCD4E7626DB0E739680C22A35EAB
:100FB0001D2916D80C4ACA40D20712D500226260F9
:100FC00022692260DB04B6D50029B4D16065B2E79E
:100FD0003B68002B96D01D2B01D0162BD7D13D603E
:100FE000B6E740221343D6E7010040200B6970B5F5
:100FF00005000C00002B08D0002802D0036A002B4B
:101000000AD00C22A35E002B01D1002070BD21006C
:101010002800FFF75BFFF9E7FFF72AFFF1E7C0467B
:1010200070B5041E18D00F4B1D680369002B08D043
:10103000002D02D02B6A002B0AD00C22A35E002BBD
:1010400001D1002070BD21002800FFF73FFFF9E724
:101050002800FFF70DFFF0E7034A0449044800F0B9
:10106000D1F9EFE7000C0020500C0020ED0F00003C
:10107000040C0020314B70B5050018680C000028E6
:1010800002D0026A002A4FD00C22A35E1A071DD597
:101090002269002A24D0D90708D50021A1606169FE
:1010A00000204942A161002A08D070BD00219807A4
:1010B00000D461690020A160002AF6D11A06F4D597
:1010C00040221343A38101204042EEE7DA062ED5E9
:1010D0005A0714D4226908210B43A381002ADAD1CC
:1010E000A02180208900800019408142D3D02100B6
:1010F000280000F0BDFB0C22A35E2269CBE7616BE8
:1011000000290AD022004432914204D0280000F085
:10111000C3F80C22A35E00226263242293430022C0
:10112000626022692260D6E7FFF7A2FEACE70922DF
:101130002A6040221343A381C5E7C046000C00206B
:1011400070B5104E050033680C00002B15D021003F
:1011500028000FF05FFF431C0CD00323C41C9C43EA
:10116000A04205D0211A28000FF054FF013001D011
:10117000200070BD01246442FAE700210FF04AFF0D
:101180003060E4E77C120020F8B50323CE464746E2
:10119000CD1C9D430835060080B50C2D1ED20C25B4
:1011A000A9421DD8300000F05FFB3A4F7A68002A50
:1011B0001AD0140004E063682200002B14D01C0035
:1011C00023685B1BF7D40B2B27D961192560944248
:1011D0005BD051600B6063684B600DE0002DDFDA7F
:1011E0000C230020336014E029003000FFF7A8FF33
:1011F0000400431C19D00560300000F037FB2000CC
:1012000007220B30231D9043C21A984201D01B1AAB
:10121000A350C0BCB946B046F8BD6368944202D042
:101220005360E9E743467B60E6E77B689846002B1E
:1012300024D0444663689846002BFAD123680021E5
:1012400099463000A1440FF0E5FE814516D1236890
:101250003000ED1A2900FFF773FF01300ED023682C
:101260007A685B1923605368002B02D1DAE71A0011
:101270005B689C42FBD100235360BDE70C23300028
:10128000336000F0F3FA0020C3E779600B60636815
:101290004B60B1E77C12002070B50500002915D025
:1012A0000C1F2368002B23DB280000F0DDFA274AFF
:1012B0001368002B05D0A3420BD921686018834224
:1012C0002CD028006360146000F0D0FA70BDA342F7
:1012D00010D81A005B68002BF9D1106811188C42E5
:1012E00018D02CD363605460280000F0BFFAEDE7FB
:1012F000E418D9E711685018A04214D01FD821680B
:1013000060188342EED118685B6841182160636001
:101310005460E9E723681B181360E5E718685B6809
:1013200041182160CDE720680918501811608342E8
:10133000DAD118685B68411811605360D4E70C2358
:1013400028002B6000F092FAC0E7C046801200200F
:10135000F8B505000E001400002802D0036A002B27
:1013600041D0A369A360A3891B071BD52369002B68
:1013700018D0FF22F7B2616916402268D31A994249
:101380001FDD0133A1680139A160511C2160177074
:1013900062699A421ED0A389DB0701D50A2E19D0B3
:1013A0003000F8BD21002800FFF764FE002817D1A7
:1013B000FF222369F7B2616916402268D31A994265
:1013C000DFDC21002800FFF711FE002808D10123EF
:1013D0002268D7E721002800FFF708FE0028DFD0A9
:1013E00001267642DCE7FFF743FDBAE7030010B5BC
:1013F0000A00034908681900FFF7AAFF10BDC0469C
:10140000000C0020F8B54746CE46884680B5814698
:10141000170000267D68BC68013D0DD4A389012B0F
:1014200007D90E22A35E013303D021004846C047EE
:1014300006436834013DF1D23F68002FEAD1300005
:10144000C0BCB946B046F8BDF0B5C64607000E00B0
:10145000140000B500292DD0002A27D000F09AFBF7
:101460008046844203D835004308A34210D32100AC
:101470003800FFF789FE051E0AD0220044450BD82C
:101480003100280000F07CFA31003800FFF704FF3B
:10149000280080BCB846F0BD31004246280000F06C
:1014A0006FFA31003800FFF7F7FEF1E7FFF7F4FEBF
:1014B0000025EDE71100FFF767FE0500E8E7C046ED
:1014C000F8B557464E464546DE46E0B51F000A9B36
:1014D000924698460A698B6806000C009A4200DA28
:1014E0001A0053461A604323E35C002B02D0514696
:1014F00001320A602268910661D5534652460620A1
:101500001B680233136022681100104208D10020CA
:10151000814619308346E168A344994247DC1100B3
:101520004323E35C5A1E934189060AD53020E11813
:101530004331087045215A1C615CA21843320233C2
:1015400011702200390030004332C04701301DD0F5
:10155000534606251B68E1689C462368A2682069FB
:101560002B40042B31D0824239DD00239946121AD8
:10157000914400251A3402E001354D452FDA01234C
:10158000220039003000C0470130F5D1012040422F
:10159000F0BCBB46B246A946A046F8BD01239C4616
:1015A0005346E5681B68E144ED1A4D4524DD0123EF
:1015B0005A4639003000C0470130EFD1E6E7062136
:1015C00011420ED05A1E9341BBE76346C91ACB4362
:1015D000DB170B4099468242C9DC0029C9DC002098
:1015E000D6E7002053468146193083461B68E168E0
:1015F000A3449942DBDC92E743232168E35C5A1E53
:101600009341890692D49CE7F0B54E469946432310
:101610009C4657464546DE468C446346E0B587B057
:1016200002930C00097E90460700109A002914D0FE
:101630000B00583BDBB2202B48D888489B00C3588E
:101640009F46136821681D1D606915601B680E06A2
:1016500002D4490600D5DCE018600023029D236116
:101660004B46210000933800434605AAFFF728FFA8
:1016700001301ED02A00414638002369C847013096
:1016800017D02368E068059E9B071BD5B04219DD83
:1016900019239A460025A24404E0E0680135831B23
:1016A000AB420FDD0123524641463800C8470130A6
:1016B000F3D10120404207B0F0BCBB46B246A94678
:1016C000A046F0BDB042F6DA3000F4E72500422330
:1016D00001204235E154432300222061E254BFE758
:1016E00013682168181D10600D0602D44D0600D540
:1016F00094E01A6816006368002A00DA92E0584AFB
:1017000093460A2203924BE01368206840CB0506FB
:1017100001D440067FD41360514B9B466F2900D102
:1017200091E00A23039337E013682500191D116027
:101730001A68422301204235E254CCE71368191D90
:1017400011601D68002128006268FFF7D1F80028A9
:1017500000D181E0401B6060BDE7202321680B437E
:1017600023604521782060543E498B46116840C96A
:10177000180603D4580601D53604360C1160DA0772
:1017800002D5202213432360002E03D12022236898
:10179000934323601023039343230022E25463689E
:1017A000A360002B18DB042122688A432260002EEC
:1017B00012D1029D002B49D1039B082B1ED0029B06
:1017C0005B1B23614CE745235821E15424492368DE
:1017D0008B46CBE72368C4E7039B9A46029D300003
:1017E000514600F0DFFA5B465B5C013D2B70330035
:1017F00006005345F3D2039B082BE0D12368DB0797
:10180000DDD5626823699A42D9DC3023013D2B7013
:10181000D5E7188021E73604360C7CE700269E5F6A
:10182000320068E743222D20A054A360002B02DB86
:101830000423994321600A239A46094B76429B462A
:101840000A230393CAE708230393A5E75B46250011
:101850001B7842352B70AFE760683CE74418010005
:10186000AC260100C02601007047C0467047C04644
:10187000F0B50C23CD5E06000C0097B0AA0707D583
:1018800023004733236023610123636117B0F0BD58
:101890000E23C95E00292BDB6A460FF0D3FB00281C
:1018A00024DB8027FF0039003000019DFFF76CFC2E
:1018B000002833D08022A38920601343A381F02322
:1018C0001B021D408023206167619B019D42DDD189
:1018D00030000E23E15E0FF0C1FB0028D6D00322BA
:1018E000A389934301221343A381CFE70C23E55E31
:1018F0000F4B2D06ED171D408023DB009C466544F1
:1019000029003000FFF740FC002807D08022A3897F
:1019100020601343A38120616561B7E70C22A35EB9
:101920009A05B3D40322934302221343A381A7E76A
:1019300040FCFFFF70B50C001E000E23C95E1500B1
:1019400096B0002914DB6A460FF07CFB00280FDB01
:10195000F02301991B021940084B9C4661444B42FD
:1019600059418023DB00002031602B6016B070BD30
:10197000A38900211B06F4D54023F4E700E0FFFF14
:10198000F0B505000F2A31D903273E000D430C00A6
:1019900003002E402F4234D11500103D2D09AC46D6
:1019A0002F013F1865685D60A5689D60E568DD6092
:1019B000256810341D601D001033BD42F2D165460C
:1019C0000F230C2401352D014919134045191442E8
:1019D0001AD0043B9B0801339B008C59AC51043650
:1019E0009E42FAD10323AD1989191A40561E002AC6
:1019F00006D00023CC5C1A00EC5401339642F9D196
:101A0000F0BD0500561EF4E71A00EFE7002370B59D
:101A1000074D0400080011002B600FF02BFB431C46
:101A200000D070BD2B68002BFBD02360F9E7C046C7
:101A30008412002010B50FF027FB10BDF0B58842CE
:101A40000AD98B18984207D2531E002A03D0CA5CC9
:101A5000C254013BFBD2F0BD05000F2A0AD8561E26
:101A6000002AF8D00023CC5C1A00EC5401339642D3
:101A7000F9D1F0E703273E000D430C0003002E4090
:101A80002F422DD11500103D2D09AC462F013F18D6
:101A900025681D6065685D60A5689D60E568103417
:101AA000DD601D001033BD42F2D165460F230C24CA
:101AB00001352D01491913404519144213D0043B37
:101AC0009B0801339B008C59AC5104369E42FAD1DD
:101AD00003231A40AD198919561E002AC2D1BAE74C
:101AE0000500561EBEE71A00B9E7C04670B50C00E7
:101AF0000E25495F0FF082FA002803DB636D1B1887
:101B0000636570BDA389024A1340A381F9E7C0460B
:101B1000FFEFFFFF00207047F8B50C001F000C23FB
:101B2000C95E05001600CB050AD40A4B32001940E5
:101B30002800A1810E23E15E3B000FF066FAF8BD9C
:101B40000E23E15E002202230FF05DFA0C23E15E1A
:101B5000EBE7C046FFEFFFFF70B50C000E25495FB5
:101B60000FF051FA431C07D08023A2895B01134375
:101B70001BB26065A38170BDA389024A13401BB2EA
:101B8000F8E7C046FFEFFFFF10B50E23C95E0FF068
:101B90003EFA10BD0B1F1B68181F002B00DB70479F
:101BA0000B58C018FBE7C046F0B50500830749D0C5
:101BB000541E002A45D003000326CAB202E00135B4
:101BC000013C3ED301332A703342F8D1032C30D983
:101BD000FF220A401502AD182A04AD180F2C34D983
:101BE0002700103F3F093E01B4461E001A00103680
:101BF0006644156055609560D56010329642F8D104
:101C000001373F01DB190F270C22274022403C00FF
:101C1000002A0ED03E1FB608B400A4461A001C1DB0
:101C2000644420C2A242FCD103240136B6009B19B1
:101C30003C40002C05D0C9B21C19197001339C42DC
:101C4000FBD1F0BD03001400C0E72700E2E7C04667
:101C500030B5032A1AD90B0003439B0711D0551E38
:101C6000002303E05A1C9D4213D01300C25CCC5CDD
:101C7000A242F7D0101B0DE0043A04300431032ACD
:101C800004D904680B689C42F6D0E8E7551E002A88
:101C9000E6D1002030BDC046002243088B4274D3F9
:101CA00003098B425FD3030A8B4244D3030B8B425D
:101CB00028D3030C8B420DD3FF22090212BA030C66
:101CC0008B4202D31212090265D0030B8B4219D347
:101CD00000E0090AC30B8B4201D3CB03C01A524167
:101CE000830B8B4201D38B03C01A5241430B8B42AF
:101CF00001D34B03C01A5241030B8B4201D30B0398
:101D0000C01A5241C30A8B4201D3CB02C01A5241BE
:101D1000830A8B4201D38B02C01A5241430A8B4281
:101D200001D34B02C01A5241030A8B4201D30B026A
:101D3000C01A5241CDD2C3098B4201D3CB01C01A84
:101D4000524183098B4201D38B01C01A524143098E
:101D50008B4201D34B01C01A524103098B4201D37C
:101D60000B01C01A5241C3088B4201D3CB00C01AE9
:101D7000524183088B4201D38B00C01A5241430861
:101D80008B4201D34B00C01A5241411A00D2014686
:101D9000524110467047FFE701B5002000F0F0F80F
:101DA00002BDC0460029F7D076E7704703460B43D3
:101DB0007FD4002243088B4274D303098B425FD344
:101DC000030A8B4244D3030B8B4228D3030C8B4270
:101DD0000DD3FF22090212BA030C8B4202D3121256
:101DE000090265D0030B8B4219D300E0090AC30B2B
:101DF0008B4201D3CB03C01A5241830B8B4201D3D8
:101E00008B03C01A5241430B8B4201D34B03C01AC0
:101E10005241030B8B4201D30B03C01A5241C30A38
:101E20008B4201D3CB02C01A5241830A8B4201D3A9
:101E30008B02C01A5241430A8B4201D34B02C01A93
:101E40005241030A8B4201D30B02C01A5241CDD238
:101E5000C3098B4201D3CB01C01A524183098B4283
:101E600001D38B01C01A524143098B4201D34B016C
:101E7000C01A524103098B4201D30B01C01A5241CF
:101E8000C3088B4201D3CB00C01A524183088B4256
:101E900001D38B00C01A524143088B4201D34B003F
:101EA000C01A5241411A00D20146524110467047B1
:101EB0005DE0CA0F00D04942031000D340425340B6
:101EC00000229C4603098B422DD3030A8B4212D376
:101ED000FC22890112BA030A8B420CD389019211A8
:101EE0008B4208D3890192118B4204D389013AD0E5
:101EF000921100E08909C3098B4201D3CB01C01ABA
:101F0000524183098B4201D38B01C01A52414309CC
:101F10008B4201D34B01C01A524103098B4201D3BA
:101F20000B01C01A5241C3088B4201D3CB00C01A27
:101F3000524183088B4201D38B00C01A5241D9D23F
:101F400043088B4201D34B00C01A5241411A00D2C0
:101F50000146634652415B10104601D34042002BBC
:101F600000D54942704763465B1000D3404201B53B
:101F7000002000F005F802BD0029F8D016E77047F0
:101F80007047C046F0B5CE469946030C9C461304F4
:101F900047461B0C1D000E0061460404240C80B54E
:101FA0000700100C4B436543414360432C0CC018A1
:101FB00024188C46A34203D980235B029846C4446C
:101FC000494679435643230C2D042D0C891963444B
:101FD00024046019C918C0BCB946B046F0BDC0465B
:101FE00002B4714649084900095649008E4402BCB2
:101FF0007047C04602B4714649084900095C49006F
:102000008E4402BC7047C04603B471464908400084
:102010004900095E49008E4403BC704703B4714611
:10202000490840004900095A49008E4403BC7047E2
:10203000844608006146FFE71FB500F0E1FA00287A
:1020400001D40021C8421FBD10B500F069FA40421A
:10205000013010BD10B500F0D3FA002801DB0020DC
:1020600010BD012010BDC04610B500F0C9FA00280F
:1020700001DD002010BD012010BDC04610B500F0EC
:1020800077FA002801DC002010BD012010BDC046F9
:1020900010B500F06DFA002801DA002010BD012013
:1020A00010BDC0461C2101231B04984201D3000C23
:1020B00010391B0A984201D3000A08391B099842BB
:1020C00001D30009043902A2105C40187047C046D1
:1020D00004030202010101010000000000000000F1
:1020E000002B11D1002A0FD1002900D1002802D0E5
:1020F0000021C943080007B4024802A14018029019
:1021000003BDC0467DFEFFFF03B4684601B50298DB
:1021100000F024F8019B9E4602B00CBC7047C046FC
:1021200070B500220C4B04000D0002F043FA0028A9
:1021300004D12000290002F033F970BD064B0022C3
:102140002000290001F0F4FC02F02AF980231B068C
:102150009C466044F1E7C0460000E041F0B55746B8
:102160004E464546DE46E0B504000D0092469946CF
:1021700083B08B4230D82DD04946504602F024FA25
:1021800029000600200002F01FFA331A9846203B6F
:1021900034D49B4653465A46934042461F0053460A
:1021A00093401E00AF423BD8AF4200D179E05B467E
:1021B000A41BBD41002B00DA76E000220023009230
:1021C000019301235A4693400193012342469340D1
:1021D000009329E08242CFD900220023009201938C
:1021E0000C9B002B01D01C605D600098019903B02E
:1021F000F0BCBB46B246A946A046F0BD42469B464F
:1022000020239B1A5246DA40414613004A468A4030
:10221000170042461F43534693401E00AF42C3D9A6
:1022200000220023009201934346002BD8D0FB07E5
:1022300072081A4346467B080EE0AB4201D1A24227
:102240000CD8A41A9D41012024196D410021013EA2
:1022500024184D41002E06D0AB42EED9013E241980
:102260006D41002EF8D1009801995B460019694133
:10227000002B24DB2B005A464646D3402A001C0084
:10228000F2405B461500002B2ADB26009E403300FF
:1022900026004746BE403200801A994100900191C5
:1022A0009EE7A342BCD882E74246202300219B1A26
:1022B0000022009101920122DA40019285E7424614
:1022C00020239B1A2A0046469A402300F3404646A4
:1022D00013432A001C00F2405B461500002BD4DAA1
:1022E000202342462F009B1B97402600DE403B00E8
:1022F0003343CDE7F0B546464F46D6464502C0B516
:10230000C30F470098460E1C6D0A3F0E5BD0FF2F8F
:1023100021D08023ED00DB041D43002399469A461B
:102320007F3F74027300640A1B0EF60F002B20D04F
:10233000FF2B43D080220020E400D20414437F3BD3
:102340004246FF1A4B4672400F2B00D99DE071495F
:102350009B00CB589F46002D5AD108239946063B37
:1023600074029A467300FF27640A1B0EF60F002BB7
:10237000DED1002C3BD1012342464946724019432D
:102380000E2918D86448890041588F465346022BBD
:1023900000D1B8E0032B6ED042462C00012B40D177
:1023A00000200024C0052043D2071043E0BCBA46F9
:1023B000B146A846F0BDFF200024F3E7002C20D151
:1023C0000223FF3FD8E7002D05D104239946033BA4
:1023D00000279A46A5E72800FFF764FE7627431FEB
:1023E0009D4000237F4299469A463F1A99E7200074
:1023F000FFF758FE431F9C4076235B421B1A0020C8
:102400009EE703234A461A4391460320FC3397E78D
:102410000C239946093BFF279A4682E703282CD0D4
:10242000320038007F30002847DD630704D00F23D7
:102430002340042B00D00434230103D53800374B4C
:1024400080301C40FE28B6DCA401640AC0B2A9E7B3
:1024500080240022FF20E403A4E78023DB031D4245
:1024600001D01C420BD08024E4032C43640242467A
:10247000FF20640A96E746462C008023DB031C43BA
:1024800064023200FF20640A8CE76D01600185421E
:102490002DD21B230024013F0126290064006D007A
:1024A000002901DB854201D32D1A3443013B002B67
:1024B000F3D16B1E9D412C43B3E701231B1A1B2B49
:1024C00000DD6DE721009E37D940BC400B00611E46
:1024D0008C412343590704D00F211940042900D00F
:1024E0000433590113D49B0100205C0A5AE71A23D4
:1024F00001242D1AD0E7981E434258414042320031
:102500000024C0B24EE74246FF2000244AE70120E3
:10251000002447E7C818010008190100FFFFFFF772
:1025200070B542004E024C0045026D0A120EC30FF8
:10253000760A240EC90FFF2A10D0FF2C0CD00120E0
:10254000A2420AD1B54208D18B420FD0002A04D151
:102550002800431E984100E0012070BD0120FF2C9F
:10256000FBD13543F9D14B401800F6E70020F4E7E2
:1025700030B5420044024D02C30F4800640A120EF7
:102580006D0A000EC90FFF2A18D0FF280AD0002AB2
:102590001ED100280AD1002D29D0002C2DD14800B1
:1025A000013830BD002D25D1002A01D1002CF6D0F4
:1025B0008B4219D001205B421843F2E7002C19D15D
:1025C000FF28F7D1002D15D100208B42F2D1E8E78A
:1025D0000028EFD08B42EDD18242EBDC04DBAC4231
:1025E000E8D80020AC42DCD258000138D9E7002CF2
:1025F000D7D0DFE702204042D3E78B42DAD1EEE7C3
:1026000030B5420044024D02C30F4800640A120E66
:102610006D0A000EC90FFF2A17D0FF280AD0002A22
:102620001BD100280AD1002D1DD0002C2DD148002F
:10263000013811E0002D0ED1002A01D1002CF6D076
:102640008B420CD15800013806E0002C03D1FF2842
:1026500005D1002D15D0022030BD002806D1012063
:102660005B421843F8E7002CF6D0F8E78B42F6D12E
:102670008242F4DCE6DBAC42F1D80020AC42EBD283
:10268000E0E700208B42EAD1E6E78B42E7D1F2E7B0
:1026900070B5002812D0C317C5185D40C40F2800BC
:1026A000FFF700FD9E231B1A962B0FDC082838D05D
:1026B000083885406D026D0AD8B202E0002400207F
:1026C0000025C0052843E407204370BD992B14DC86
:1026D000421F95402A001549114055071CD00F256F
:1026E0002A40042A18D00431CA08490115D59F236D
:1026F0005202181A550AC0B2E3E7020029001B3241
:1027000091404A1E91410522121AD5402A000A43DF
:10271000064911405507E2D1CA085202550AD8B2FB
:10272000CFE76D026D0A8E30CBE7C046FFFFFFFB9F
:10273000F0B54F464646D646C0B50D0382B000926E
:1027400001934E00C300CC0F690A450F9C46009AC6
:10275000019B0D435F001903D80F009B490A5B0FD3
:102760001943009B760D7F0DDA00F31B844258D08D
:10277000002B13DD002F00D088E00800104300D1AB
:1027800059E1581E012B00D1C2E2B14FBB4200D12A
:1027900041E1382800DD6AE2030064E1002B00D14A
:1027A000B1E0BB1B002E00D0E1E164462C4300D118
:1027B00076E25C1E012B00D1E8E2A54EB34200D1C7
:1027C000B7E2382C00DC6BE3541EA2429241524225
:1027D0008D1AA0461E0004002A0268D443461F1D1D
:1027E00047459B415B42ED182B0200D49DE3984A7C
:1027F0000136964200D1EBE0964A73052A405B0D04
:102800005107FF0852020F43120B1B051343E40745
:1028100023433800190002B0E0BCBA46B146A846CE
:10282000F0BD002B00DCD7E0002F00D09AE00800BC
:10283000104300D1FFE0581E012B00D148E2844F25
:10284000BB4200D1E7E0382800DCB8E28022120465
:10285000154200D149E31E000023150098467C4B29
:1028600001369E4200D1B3E07A4B01211D40434620
:102870005A081940EF070A4317436D087B07B3D086
:102880000F233B40042BAFD0B846A7E770488642E1
:1028900000D1C0E0382B00DCE2E001235B4263445E
:1028A0009C45804140422D1A98462B0296D5012323
:1028B0005B429846684D2800FFF7F4FB0300083B95
:1028C00020214046CA1AD040020040469D40984010
:1028D0002A438046B34200DA72E1981B4346013036
:1028E000091A45468B40C5405E1EB34117008F4014
:1028F0002B431F43C2403B00150000261343BDD1AC
:102900000027002281E7554F731C3B4200D01BE19A
:1029100063460F002B431743002E00D0C4E1002B69
:1029200000D145E2002F00D107E163469B1A98468B
:10293000C445B6416B1A76429B1B8026360433424F
:1029400000D1CBE26346D31A9A4292411F00491B41
:1029500052428A1A9C46174300D0EDE2040000233D
:10296000002252E73A48864255D0382B00DD48E134
:102970008020000401431F2B00DDE3E12027F81A2B
:10298000824608005746B840814610004F46D8405E
:10299000074338005746BA40D940571EBA416D1810
:1029A000104360448046E045804140422D182B0290
:1029B00000D554E743465B0700D1B9E20F234246F6
:1029C0001340042B00D009E733004246D20834E01C
:1029D00033000022002718E7002B00D18FE0BB1B3B
:1029E000002E00D033E16046284300D140E2581E5B
:1029F000012B00D10AE2164EB34200D185E23828FD
:102A000000DC87E280252D04294200D19CE21E00D3
:102A10000023984623E763466E07D8080643ED086F
:102A200037002F4311D0802212032A4312033700AC
:102A3000074B120BE9E66246D2086E071643044ABA
:102A4000ED089342ECD03700D6E0014B0022DCE6E3
:102A5000FF070000FFFF7FFFFFFF7F00FE07000072
:102A60008020000401431F2B00DDB1E02027F81A6D
:102A7000824608005746B840814610004F46D8406D
:102A8000074338005746BA40D940571EBA416D1A1D
:102A9000104363461B1A9C458041984640422D1ABC
:102AA0002B0287D56D026D0A002D00D003E740464A
:102AB000FFF7F8FA030018331F2B00DC00E742464B
:102AC000083882409E4200DD91E09B1B581C1F2865
:102AD00000DCF8E117001F3BDF40202805D0402331
:102AE0001B1A9A40531E9A411743002F3CD00026D0
:102AF0007B0700D0C4E63500B846330065E7CB4815
:102B0000731C034200D085E063462B43002E00D0A7
:102B100092E10F001743002B00D1D8E1002F0CD019
:102B20006244624580416D1840422D182B0200D549
:102B3000F2E1170094462F4316D063466F07D8087A
:102B400007430023ED0857E063469B1A9846C445A7
:102B5000BF416B1A7F42DB1B1F0200D5AEE0474628
:102B60001D001F43A0D10024002300224DE6B04CDD
:102B7000A74200D1DDE0382B00DD85E0802424046D
:102B800025431F2B00DDECE02026F41AA1462C0083
:102B90004E46B4406646DE403443A04666464C4648
:102BA000A640DD40741EA6414446491B3443131B16
:102BB0009A4292415242984604003E008D1A6FE7B5
:102BC000F61A03009B4D15405B0700D0F6E6FBE6C6
:102BD00018000F002038C740202B03D04020C31A14
:102BE00099400A43531E9A411000384351E79149D6
:102BF000F31A0A405707D5082A035B05120B5B0D31
:102C000003E680231B041D4200D1BBE01D0000230E
:102C1000984624E68648834200D1DAE6624462455B
:102C20008041691840420918C8075208104380467D
:102C30004D08520705D00F221E000240042A00D082
:102C4000CCE542466F07D20817430D09D4E7784810
:102C5000874200D1D5E0382B00DCB2E080252D047E
:102C6000294200D14CE100233E009846F7E50122BD
:102C7000524262449445804140422D1A90461E00C3
:102C80002A0200D513E6A9E5531E9A429241524208
:102C90008D1A984604003E002B0200D507E69DE5FC
:102CA00004000D00D208C8E6002B00D0E3E0002F9E
:102CB0003FD1802200245E4B1203A6E56346D31A5F
:102CC0009A4292414D1B524298460400AD1AEBE6DF
:102CD00062441600664580416A1840421218130289
:102CE00000D49DE0534973080A40D107194357089F
:102CF0005B0700D1FEE00F230B40042B00D1F9E06D
:102D00000B1D98468845AD416D420223ED195CE6E6
:102D100063469B1A9C4580416D1A40422D1A984685
:102D20002B020DD443466F07DB081F43ED08012338
:102D300062E74E07D20804001643CD0870E604008F
:102D40000126AFE618000F002038C740202B03D023
:102D50004020C31A99400A43531E9A411000384339
:102D60001FE61C002E00203CE640202B05D040240E
:102D7000E31A9D4063462B439C466446631E9C4178
:102D8000344314E701236344984627E56346D31A86
:102D90009A4292414D1B5242AD1A98462B02CED414
:102DA00043466F07DB081F4304000123ED0823E7B8
:102DB000002F00D1D7E604000D009446BDE60300C5
:102DC000D9E58020000405431F2B6BDC2020C01AAE
:102DD000804628004646B0406646DE400643B1467F
:102DE00060464646B040DD40461EB0414E46491959
:102DF0003043804690449045924152423E005518DF
:102E0000D5E54E07D2081643CD0809E663469E185D
:102E100096429241691852428A18130200D561E71E
:102E20005707F60801233743D508E5E6FE070000FB
:102E3000FF070000FFFF7FFF002BE2D06346DE08A4
:102E40006B071E430B00ED08134300D1E8E5802318
:102E50001B031D4206D0C808184203D10500D6083E
:102E600049070E43730FF600F6085B071E43D7E5CC
:102E70000D00D208E1E56346DE086B071E43ED084E
:102E8000002F00D1CCE580231B031D42EAD0CF08E0
:102E90001F42E7D1D608490704003D000E43E1E791
:102EA00023006EE618002E002038C640202B05D0E7
:102EB0004020C31A9D4063462B439C466046431EF8
:102EC0009841304395E720210023091A0EE500239D
:102ED000002F00D1BAE50D00904676E547461F4326
:102EE00000D140E61D00C44627E601226244904618
:102EF0001E0073E4C9087F0702230F4315097BE610
:102F0000531C98460D003E0068E4D6084B071E434C
:102F1000CD0885E5030057E7114BD2082B405F072A
:102F200017435A02120B01236FE43300B8464CE5F5
:102F30004346DA08330080E532420AD0084B0400E9
:102F40001A40674601235BE4013290460D001E00E3
:102F500044E4DB0857071F4304000023D5084BE671
:102F6000FFFF7FFFF0B5DE46454657464E46E0B5CB
:102F700087B0009201930B031B0B9B46CA0F4B00BB
:102F8000040080465B0D029200D1BFE08F4A93425D
:102F900038D05946420FC9000A4380210904114321
:102FA000C20090468A4A894692469A4400230024E9
:102FB0000393009E019F3B031B0B7A0030009B464E
:102FC000520DFD0F002A00D17FE0804B9A426ED057
:102FD0005946730FC9000B438021090419438B46DE
:102FE0007B49F3008C46514662448A1A924600217E
:102FF000029E6E40F6B20F2C00D9F9E0754AA4008B
:10300000125997465A460243914600D0B6E09A4676
:103010000223904608240393CBE72E0000210023CF
:10302000002288461B051343F60733434046190028
:1030300007B0F0BCBB46B246A946A046F0BDCB46A1
:103040004346029D0399022900D1FAE1032900D1E8
:10305000A1E00129E1D0604A524490464446002C48
:1030600000DC00E25A0704D00F221A40042A00D0E4
:103070007FE22E00DA085B46DB0106D55946574B46
:10308000802419408B46E4005444554B9C4209DC93
:103090005B465B07134398465B4664055A02120B76
:1030A000630DBFE7002100228846484BBAE75B4624
:1030B000009A13434B4A9446E244002B59D1022212
:1030C000144300220221934692E75B46009A134381
:1030D00049D05B46002B00D1A4E15846FEF7E2FF41
:1030E000030002000B3B1D27009EFB1A11005846EF
:1030F000DE4008398840330003439B46009B8B40E9
:10310000394952448A460021924471E75B460343A1
:10311000994621D05B46002B00D171E15846FEF75D
:10312000C1FF0B235B429C460200844466461D237C
:103130009B1B260011005846DE40083988403300AA
:103140000343994623008B409846284B00249B1A42
:103150009A46002303932CE7002398469A460133AE
:103160000424039325E701221443002201219346FE
:103170003EE7032303211C43330039E79A46032328
:10318000D9460C24039314E7002380229846002696
:103190000E4B120346E78022594612030A431203DC
:1031A00098462E00094B120B3CE780224946120339
:1031B000114202D059461142F0D080224B461203F0
:1031C0001A431203029E014B120B2BE7FF0700006C
:1031D00001FCFFFF44190100FF030000FFFFFFFE99
:1031E000FE07000001F8FFFFF30300000DFCFFFFE6
:1031F000CB4500D2FAE000D1F5E0012252429446DC
:103200000022444648469046E2445A461F0E1202A7
:103210001B020293130C994617433B041B0C4946AF
:103220000093FEF7BFFD009A0B044243210C0500FA
:1032300019438A4207D9C919013D8F4203D88A42EE
:1032400001D9851EC919881A4946FEF7ABFD009AB7
:10325000240442430904240C03000C43A24204D971
:10326000E419013BA74200D8F7E00299A01A2D0407
:103270000C0C09041D43090C2A0C2B04AB460D0051
:103280001B0C5D43059163435143049462435B18F7
:103290002C0CE318994203D9802149028C466244E0
:1032A000190C2D041B042D0C8A185D19904200D2B4
:1032B00087E000D182E043465D1BA8459B41801A10
:1032C0005B42C01AB14B534498461C00874200D160
:1032D0000CE14946FEF766FD0200009B03905A434D
:1032E0000B04290C19438A420AD90300C919013B6E
:1032F00003938F4204D88A4202D9831E0393C919CB
:10330000881A4946FEF74EFD0A00120494462A0424
:1033100065460099120C414303002A43914207D9A4
:10332000D2190138974203D8914201D9981ED21977
:10333000039B521A1B0403430598190C05008C4685
:103340001904090C4D43894661460095654648437A
:1033500004994D43AC464D464D432918009D2D0C14
:10336000A9464944884203D9802040028146CC4482
:10337000009D080C2D0409042D0C60444D19824257
:103380000FD30BD001221343814A92456CDB1A1DE7
:103390009A429B415B42D2089B446CE6002D00D1CF
:1033A00093E0591EBA188C46BA4200D285E0824298
:1033B00000D2C7E000D1D5E00B00E3E7A84500D379
:1033C00079E75B46591E029B9C46E0441C009845E9
:1033D0009B415B42DB19C018874238D2824278D8C1
:1033E00075D08B4667E7434500D906E74A46D407C0
:1033F00050084246520814434246D207904604E71A
:10340000FEF750FE15239C4684440200634620329A
:103410001C2B00DC8AE623000838834099460023F1
:10342000984692E6FEF73EFE030002001533203276
:103430001C2B00DC57E600990838814000238B469E
:103440005EE600212E0000228846524BEAE58742C4
:10345000C7D14445C2D98B462DE7A24200D804E724
:10346000831EE41901E72E0001224146521A382A30
:1034700000DDD3E51F2A3FDC47481C005044594675
:1034800083408140D440581E834121430B43594619
:10349000D1400A00590709D00F211940042905D04D
:1034A000191D99429B415B42D2180B00110268D54D
:1034B0000021012300228846B4E50B00824200D09F
:1034C00060E7029A954200D05CE73500C6E54545C5
:1034D00087D902235B429C46029BE3449C46E0441E
:1034E00098459B415B42DB19C018E4E6002B36DDB2
:1034F000012300229B44BEE51F2140464942091A90
:103500005846C8400100202A04D05846234A524455
:10351000904003435A1E934107200B4301000022B1
:103520001940184209D00F21194004291FD0181D35
:1035300098428941030049424907DB080B439846FA
:1035400000236FE50299023B49008C4602998C45A5
:1035500089414942C919521861460291AEE70123D7
:103560005B4281E70299A942ECD36346A9E70021B7
:10357000E3E71A1D9A429B415B422E00D2089B440E
:1035800079E551075202120BD7E7C046FF0300004E
:1035900002FCFFFFFF0700001E0400003E040000C5
:1035A000F0B557464E464546DE46E0B51F000B03D4
:1035B0001B0B16009846CA0F4B000400924685B0BC
:1035C0005B0D00D1C2E1CC4A934200D128E14146D3
:1035D000420FC9000A43802109041143C2009146E9
:1035E000C64A884693469B440023002501933C032A
:1035F0007A00FB0F3000240B520D009300D185E1BF
:10360000BD4B9A4200D160E1BC4B9C46624493445E
:103610000A2D00DD14E1730FE4001C4380231B041A
:103620002343F0005246009900264A409246022D5C
:1036300011DD0122AA40A6211400C9000C400A4253
:1036400000D0FDE0902189000A4200D0D4E1882119
:10365000114200D0EFE049464A460904140C090C17
:10366000020C0F0015000004000C65434743019550
:10367000B9462F000D0006005543AC464D46664343
:103680002D0CB4446544AE4205D93E0080277F022C
:10369000BC46664401964F463F043F0C2E0C2D0459
:1036A000ED1902951D0C1B041B0C00951D001F003D
:1036B00065434F43AC46009D69436C433D0CA946AE
:1036C000614449448C4503D980256D02AC4664446D
:1036D0003F040D0C3F0C0904C919AC46751803953D
:1036E00045462E04360C2F0C350045437843804662
:1036F00038006444AC462D0CA94650437243424402
:103700004A44904503D980256D02A8464044150CD3
:10371000A84665462D042D0CAC4635005D431204C9
:103720006244AC467B43009D404498462B006E4368
:1037300065467B4346442D0CAD191F000093A845F8
:1037400004D980235B02984647440097039B019E5F
:1037500098462B044644984663468E4289411B0492
:103760001B0C4344B61849421B195F1896429241FC
:10377000BC465242804691468C458941A3429B41BA
:10378000E044C14449425B42914592410B4380452C
:1037900089412D0C494252420A435B199B18009AF9
:1037A000029994464A4663445B02D20D1A439046FE
:1037B00072020A43511E8A41F60D16434A465202CE
:1037C0001643B146DB0154D44D4A5A44002A00DC6A
:1037D00018E133005B0715D00F215B463140042907
:1037E00010D04946081D48458941814649428844D0
:1037F0004146C90106D54146424A114080228846C9
:10380000D2009A18404B9A4200DD2BE141464B46CC
:103810004C07DB081C4352054B021B0B520D1AE0F0
:1038200042460243914600D0E0E09B460223904688
:1038300008250193DBE6009A984692468146019658
:10384000019B022B00D10DE1032B35D0012B1BD1A5
:1038500000220023002412051A435346DB071A43B3
:103860002000110005B0F0BCBB46B246A946A046F8
:10387000F0BD01227308324013434246D20713437E
:10388000994643465B08984680225B46D2005A44DC
:103890000133002A00DCB6E049464907A8D00F21D1
:1038A0004846014004299CD1A2E70F2D00D1FDE03C
:1038B000009BA0469A46B146802342461B03134311
:1038C0001B034C460C4A1B0BC5E70B4933008C46C7
:1038D0002343E344002B77D1022129430A29AFDC9B
:1038E0005046009C60408246002D00D10EE10D0044
:1038F000002002269DE6C046FF07000001FCFFFFF6
:10390000FF030000FFFFFFFEFE070000230033431C
:103910004BD0002C00D1BBE02000FEF7C3FB03001E
:1039200002000B3B1D20C31A3000D84011000300D9
:10393000300008398C408840234359468A1A784918
:103940008B4693440A2D00DC6CE679E7434603433B
:10395000994623D04346002B00D187E04046FEF72E
:10396000A1FB0B235B429C460200844411004046AD
:10397000083988401D23804660461B1A2000D84025
:10398000030040460343984623008B409946644B0E
:1039900000259B1A9B460023019328E600239846A6
:1039A0009B4601330425019321E6012215430A2D8C
:1039B00000DD45E7524600994A409246022D00DC60
:1039C00046E70020012634E603231D430A2D00DDCF
:1039D0006BE75346009A882153400122AA409A4639
:1039E00003262300114200D135E624E79B4603233A
:1039F00081460C250193FAE500239A468023494A23
:103A00001B0328E75B460121891A382900DD1FE7DF
:103A10001F295ADD1F204042821A4046D0402029EB
:103A200008D0414A9446424663449A4013004A46AD
:103A30001A4391464A460721531E9A410C000243FD
:103A400000231440114209D008311140042960D0EC
:103A5000111D9142A4410A0064426407D208144334
:103A60000022F8E6002300242E4AF4E6FEF71AFBB3
:103A700015239C4684440200634620321C2B00DC44
:103A800074E70023994623000838834098467EE770
:103A9000FEF708FB03000200153320321C2B00DC6C
:103AA00040E7330008388340002046E78023424641
:103AB0001B031A4200D1FFE61C4200D0FCE6009A2C
:103AC000234392463400174AC5E6184A40469446B6
:103AD0004A4663449840CA4010434A469A40531E9F
:103AE0009A4143460243CB40510709D00F21114070
:103AF000042905D0111D9142924152429B180A009F
:103B0000190208D5012200230024A4E60023002482
:103B1000A1E60024A2E75C075B021B0B9EE7C04600
:103B20000DFCFFFFFF0700003E0400001E04000024
:103B3000F0B54E464546DE465746E0B583B00090A8
:103B400001910D034E000199760DCC0F690A009D7D
:103B50006D0F0D43009900920193C8001903019B5A
:103B6000CB4A5B005B0D9946019B8346DB0F984671
:103B70004B0A0099490F1943009BDB009C469A466B
:103B8000914500D173E0012347465F404B46B8465C
:103B9000F31ABC4216D0002B00DC9AE24F46002FED
:103BA00000D082E067460F4300D13AE15F1E012B4F
:103BB00000D1A4E2934200D12EE1382F00DD43E290
:103BC0003B003EE1002B00DCD7E24F46002F00D047
:103BD000F8E067460F4300D123E15F1E012B00D1BF
:103BE00057E2934200D117E1382F00DC04E3802232
:103BF0001204154200D1AAE31E0015000027A44BB1
:103C000001369E4200D103E10122A24B3A401D4001
:103C100079081143EA070A436D08530709D00F23B7
:103C20001340042B05D017003A1DBA42BF417F4212
:103C3000ED192B0200D477E3954901368E4200D16D
:103C4000E6E0944973050D405B0D6907D2086D02EB
:103C50000A432D0B1B052B43E407234310001900D7
:103C600003B0F0BCBB46B246A946A046F0BD8A4BA5
:103C7000F21863460B434CD0444550D0002A6CD018
:103C8000002E00D17DE1634644464F07DA08174312
:103C9000C8083A00024300D1CDE080252D0305433A
:103CA0002D033A007A4B2D0BD4E7964200D1B3E0B6
:103CB000382B00DCC2E0471EB842804140422D1A3A
:103CC0002B02B1D50127754D7F422800FEF7EAF996
:103CD0000838202339001A1A8540D14087402943EB
:103CE000B04200DA45E1801B01301B1A3D009F40C5
:103CF000C5407A1E97410A009A402F433A43C1407B
:103D000013000D0000260B4300D086E7002200259B
:103D1000A0E7474601235F40B8464445AED1002A9C
:103D200000D1EFE0002E00D088E14B462A0002438C
:103D300000D1A0E25A1E012B00D1B7E2544EB3428B
:103D400000D17BE1382A00DC12E380252D042942D2
:103D500000D112E31E00002751E7514A731C1342A1
:103D600000D0F4E062462B000A430343002E00D04B
:103D700074E1002B00D123E2002A00D1E0E0634689
:103D8000C71AB842924180266B1A52429B1A3604D7
:103D9000334200D1C1E26346181A844592414D1B5B
:103DA0005242AD1A0124020043462A431C40002A15
:103DB00000D1DBE0354200D1E9E2364B02001D4084
:103DC000012342E7964227D0382B00DD11E1802203
:103DD000120411431F2B00DDA1E120220F00D21A93
:103DE000914697406246DA401743B84662464F46CE
:103DF000BA40D940571EBA4147466D1817433F187D
:103E00008742804140422D182B0200D5F7E634E06E
:103E10003300002500221DE7C0086F070743E808AC
:103E200037E7C7086A071743194AE808934200D1E1
:103E30002FE73A00D8E0164B00250BE7802212044A
:103E400011431F2B00DDB7E020220F00D21A91464C
:103E500097406246DA401743B84662464F46BA403A
:103E6000D940571EBA4147466D1A1743C71BB8427F
:103E7000804140422D1A2B0216D47B0700D179E2F3
:103E80000F233B40042B00D0CEE63300FF08C9E7E8
:103E9000FF070000FFFF7FFF01F8FFFFFFFF7F002C
:103EA000FE070000444601266D026D0A002D00D079
:103EB0000BE73800FEF7F6F8030018301F2800DC87
:103EC00007E73900083B9940864200DD87E0831B05
:103ED000581C1F2800DC14E20A001F3BDA4020288F
:103EE00005D040231B1A99404B1E99410A43002AD2
:103EF0003CD00026530700D091E617003500330070
:103F0000FF088FE7CA4A731C13427AD12B00034380
:103F1000002E00D092E162460A43002B00D1F4E16A
:103F2000002A0DD06346C718874280416D18404271
:103F30002D182B0200D512E23A00BB462A4315D0B9
:103F40005B466A07DF083A430023E8084CE0634613
:103F5000C71AB84292416B1A52429B1A1A0200D5F4
:103F600087E03A001D001A43A0D100240023002559
:103F700070E6B04D361A0D407B0700D080E7330065
:103F800084E74B462A0002437ED05A1E012B00D103
:103F90001FE1A94CA34200D198E1382A00DC9CE142
:103FA0006246571EBC45924152428D1A44461E003D
:103FB0002A0200D586E637E61A000F00203AD740DD
:103FC000B846202B05D04022D31A994063460B43B4
:103FD0009A4657467B1E9F4143461F4346E7954AF4
:103FE000331A11404A07C80805035B052D0B5B0D0A
:103FF00030E680231B041D4200D1FBE01D0000279A
:10400000FDE58D4A934200D103E762468218824261
:104010008041691840420818C707520817434508ED
:10402000520700D4AEE10F221E003A40042A00D00D
:10403000FAE5FF086A073A430009D5E763464F07E8
:10404000DA081743C80824E6471EB84280414042B8
:104050002D1A1E002A0200D534E6E5E5002B00D01B
:104060000DE1002A00D069E180250024724B2D0368
:10407000F0E563461F1ABC459241012443464D1B9F
:104080005242AD1A1C4011E7624644460D00D70863
:10409000C8E66346C618864280416918404209183E
:1040A0000B0200D40CE1634B70081940CB070343AB
:1040B0004A08400700D43BE10F201840042800D1F3
:1040C00036E11F1D9F42AD416D420223AD18FF082E
:1040D000A8E6002B00D140E64B469B1B002E00D1EA
:1040E00050E7382B2EDD63465F1EBC45924152429D
:1040F0008D1A44464E462B0200D5E3E594E563460F
:10410000C71AB84280416D1A40422D1A2B0200D5C1
:10411000C9E66A07FF0801233A43E80864E71A0082
:104120000F00203AD740B846202B05D04022D31AA2
:10413000994063460B439A4657467B1E9F41434630
:104140001F435CE680223C00120415431F2B26DC33
:1041500020222F00D21A060090409740DE40421ED7
:104160009041DD4037430743491B6346DF1BBC4595
:10417000924152424E468D1A7DE6002B00D1C1E697
:104180004B469B1B002E00D1D0E5382B36DD802519
:104190002D04294200D1DDE04E4600272FE51A000C
:1041A0002E00203AD640202B05D04022D31A9D4025
:1041B0002F000743BB465F467B1E9F413743D4E732
:1041C000002A00D1D1E6012443460D00E3461C40FD
:1041D000B6E663461F1ABC4592414D1B5242AD1ACA
:1041E0002B0200D55EE66A07FF08444601233A43E6
:1041F000E808F9E6471C17E53B00EBE580221204CE
:1042000015431F2B6CDC20222F00D21A0600904091
:104210009740DE40421E9041DD4037430743491935
:1042200067446745924152424E465518ECE5C046F8
:10423000FE070000FFFF7FFFFF070000002B00D1FB
:10424000FCE6C7086B071F436346E8080B4300D131
:104250001FE580231B03184207D0CA081A4204D165
:1042600063461000DF0849070F437B0FFF00FF087C
:104270005B071F430DE562460D00D708D2E5C7086E
:104280006B071F43E808002A00D102E580231B03C7
:104290001842EAD0CA081A42E7D163460124DF086F
:1042A0004346490710000F431C40DEE76044604569
:1042B000924169185242891806000B0200D5F2E6B5
:1042C0004A07F60801233243C8088DE66346DF0833
:1042D0004B0744461F43C808DBE44446130035E758
:1042E0001A002E00203AD640202B05D04022D31AA7
:1042F0009D402F000743BB465F467B1E9F413743CF
:104300008EE7202300271B1AF5E40023002A00D1A2
:1043100092E567460D00FF0884E53A001A4300D194
:1043200023E61D00BB460BE617003300FF0879E5C6
:10433000DB0852071A430809022355E663460124A5
:10434000DA0843464F071743C8081C40A1E41E0083
:10435000471C69E467460D004E46013764E40F4B85
:10436000FF081D406A076D0201233A432D0B71E4DB
:10437000130046E73300FF0854E567460D001E00B2
:10438000013751E46A07FF083A4300092CE6C008E8
:104390006A0702430023E80826E6C046FFFF7FFFC6
:1043A0000B00020070B5164D0C0382B049000020CE
:1043B00000920193240B490DDE0FA94204DD114840
:1043C000814203DD104BF01802B070BD8020400325
:1043D00020430E4C641A1F2C08DD0D4B5B1AD8408D
:1043E00003005842002EEFD11800EDE7094B009A68
:1043F0009C46030061448B40E2401343F1E7C04612
:10440000FE0300001D040000FFFFFF7F33040000D7
:1044100013040000EDFBFFFF70B5002816D0C31792
:10442000C5185D40C40F2800FDF73CFE104B1B1A59
:104430005B055B0D0A2814DC02002E001532964045
:104440000B22121AD5402D032D0B03E0002400236C
:10445000002500261B052B43E407234330001900E9
:1044600070BD0B3885402D0300262D0BF2E7C046AA
:104470001E04000010B5041E10D0FDF713FE0E4BF5
:104480001B1A5B055B0D0A280FDC0B222100121A98
:10449000D14015300A038440120B01E000230022B2
:1044A0001B0513432000190010BD22000B38824069
:1044B00012030024120BF3E71E04000070B5420241
:1044C0004300C40FFE201B0E591C550A08420CD095
:1044D000E02189008C466D07120B63441B051343D2
:1044E000E40723432800190070BD002B14D1002DD0
:1044F0001BD02800FDF7D6FD0A281CDC0B232A0060
:104500001B1ADA40030015339D400E4B12031B1A91
:104510005B05120B5B0DE1E7002D09D0130B802228
:1045200012031A436D07084BD8E700230022D5E792
:104530000022054BD2E703002A000B3B9A400025DE
:10454000E3E7C04689030000FF070000844610002F
:1045500062468C461900634600E0C0461FB500F075
:10456000F5F8002801D40021C8421FBD10B500F0A5
:1045700037F84042013010BD10B500F0E7F80028D0
:1045800001DB002010BD012010BDC04610B500F0B9
:10459000DDF8002801DD002010BD012010BDC0465F
:1045A00010B500F063F8002801DC002010BD0120E8
:1045B00010BDC04610B500F059F8002801DA0020FF
:1045C00010BD012010BDC04610B5002903D1FDF774
:1045D00069FD203002E00800FDF764FD10BDC04613
:1045E000F0B55746DE464E464546E0B50D000400A0
:1045F000E80F83460903D80F090B82461A488C46F8
:104600001F0369005E00490D3F0B760D81421AD0F1
:10461000864211D00120B1420FD1BC450DD1A2423A
:104620000BD1D3451ED0002907D1614611430A00A2
:10463000531E9A41100000E00120F0BCBB46B24678
:10464000A946A046F0BD01208E42F6D1614639430D
:104650000F0017432743F0D15B465246981A431E7A
:104660009841EAE70020E8E7FF070000F0B5574669
:104670004E464546DE46E0B50D000E034900490DA5
:104680008A46DF0FE90FBC4683B02F4F04008046F7
:104690000191580019039146360B090B400DBA459C
:1046A0001DD0B8420DD05746002F2AD134430028E0
:1046B00024D10A4336D0002C41D16346580001383A
:1046C00015E0114338D15346002B01D12643F4D0D5
:1046D000019B634507D1019B5800013807E0264341
:1046E0002AD1504521D00120019B5F42384303B0BD
:1046F000F0BCBB46B246A946A046F0BD002CDCD0BB
:10470000E6E70028EFD0019B6345ECD18245EADC67
:10471000E1DB8E42E7D8DED1C845E4D80020C845A9
:10472000E5D2D8E7002CE2D0DDE7114304D1019BAC
:104730006345D8D10020DAE702204042D7E7019B49
:104740006345E6D0CFE7C046FF070000F0B5574607
:104750004E464546DE46E0B50D000E034900490DC4
:104760008A46DF0FE90FBC4683B02E4F0400804617
:104770000191580019039146360B090B400DBA45BB
:104780001ED0B8420DD05746002F27D13443002801
:1047900033D10A4334D0002C40D16346580001384D
:1047A00015E0114312D15346002B01D12643F4D01A
:1047B000019B63451DD00120019B5F42384306E009
:1047C000264303D15045F6D111431CD0022003B03B
:1047D000F0BCBB46B246A946A046F0BD0028EAD0D0
:1047E000019B6345E7D18245E5DC02DB8E42E2D8DE
:1047F0000ED0019B58000138E9E7002CCDD0D7E757
:10480000002CE4D0D7E7019B00206345DFD0D2E73E
:10481000C845D0D80020C845D9D2EAE7019B6345F6
:10482000E4D0C8E7FF0700000020044B10B51B6868
:10483000834201D01B68984710BDC046AC270020BA
:10484000054B10B51B68002B04D05A69002A01D013
:104850005B69984710BDC046AC270020F7B504003F
:1048600000933F2851D100252A4805700325654350
:1048700029482E5C8E4207D145196E78964203D1A5
:10488000AD78009B9D423FD003256543009B415579
:1048900040194270837018206043204C1126001983
:1048A0002B27002407231D1B063BAB4035001A4273
:1048B00000D03D0005550134082CF3D1030004005D
:1048C000020011262B270F33083410320193019B6D
:1048D0001D1B0123AB403500194200D03D0025705F
:1048E00001349442F3D1040011262B2718341730D9
:1048F0000123811A8B40009D31001D4200D03900F8
:1049000011700132A242F3D1F7BD0028AED10125CA
:104910000048AAE79B27002090160020B01700202F
:10492000F8B505000E001700002420003B003200FF
:1049300029000134FFF792FF402CF6D1F8BD0000AA
:1049400000B5372827D8032804D8002300E0042323
:10495000180000BD04383328F7D8FDF741FB4E405E
:10496000464640F61A404E404040F6F64E62F6F695
:1049700066F65450405846F64A4A4A4A4A4A4A4A13
:104980004A6AF6F6F6F6F6F6F6F6F6F6F6F6F6F6FF
:10499000F6520623DCE7284BC01882B20023332AE4
:1049A000D6D83328D1D8FDF71BFB281A36381AD0B1
:1049B0001CD02830D0D0D0D0283ED0D026D0D02A7D
:1049C0001A343A1ED0D0D0D2D042D0D0D0D0D0D00D
:1049D000D0D0D0D0D0D0D0D0D0D0D0D022220123AF
:1049E000B6E70523B4E70723B2E70823B0E70923B6
:1049F000AEE70A23ACE70C23AAE70D23A8E70E23B2
:104A0000A6E70F23A4E71023A2E71123A0E71223B0
:104A10009EE713239CE714239AE7152398E71623B0
:104A200096E7172394E7182392E7192390E70323C7
:104A30008EE702238CE7C046FCFDFFFF0A4930B534
:104A40000A68FF2A0EDC094B094D1B68094CD31874
:104A50002B4003D5084D013B2B4301335B00013252
:104A600018530A6030BDC0468C16002088160020FE
:104A7000FF0000808614002000FFFFFF70B50600D5
:104A80000C000025A54200DB70BD3000FFF7D6FF0B
:104A90000135F7E770B506000C1E00DC0124002587
:104AA000701E0E280CD8FDF7A5FA080F1113151566
:104AB000181815151B1B1D1F21005020FFF7BEFFE6
:104AC0000135AC42ECD170BD5120F7E75220F5E73B
:104AD0004F20F3E75020FF30F0E7A8204000EDE73B
:104AE0004A20EBE74D20E9E74E20F4E7A520F5E763
:104AF000013810B50C000E281DD8FDF77BFA320BDB
:104B000026242222373722220808351D1300184890
:104B1000210004E04A20FFF791FF1648611CFFF7CF
:104B2000ADFF08E04D20FFF789FF4F20FFF786FF1C
:104B30001148FFF783FF10BD4A20FFF77FFF0F48A2
:104B4000F7E70F48E4E70F48E2E74A20FFF776FF70
:104B50004D20FFF773FF4F20FFF770FF0A48611CDD
:104B6000DDE794208000D3E70848D1E7D420F9E7B7
:104B70004A020000510200004A0300004D030000F9
:104B80004F0300004F020000520200004D020000DF
:104B9000F7B50D00141E019000DC0124204E012702
:104BA000EE4032001F4B3A40210028001A70FFF7F8
:104BB0009FFF019B062B0DD11C20FF30FFF73EFF0E
:104BC0003E4220D08A208000FFF738FF5020FFF7B8
:104BD00035FF18E0019B1C2B1ED183204000FFF7FE
:104BE0002DFF2920FFF72AFFA81E0B280BD8FDF761
:104BF00001FA1010060B0B0A0A0B0B0A0A0E210011
:104C00005020FFF73BFFF7BDA8204000DFE74A2018
:104C1000DDE75220611CF4E71C20FF30D7E7C046D7
:104C20000CC000008414002070B5012306000D00A4
:104C30000C1E00DC1C001C4A4A2013701C2E14D1D0
:104C4000FFF7FCFE4A20FFF7F9FE21001748FFF7A7
:104C500015FF83204000FFF7F1FE2920FFF7EEFE4D
:104C600021005220FFF70AFF70BDFFF7E7FE4A2040
:104C7000FFF7E4FE0E48FFF7E1FE0E48FFF7DEFE09
:104C8000012D03DD0948611EFFF7F8FE1C20FF30EF
:104C9000FFF7D4FE062EE7D18A208000FFF7CEFE74
:104CA0005020FFF7CBFEDFE7841400205102000004
:104CB0004D0200004F020000F8B504000D1E00DC9C
:104CC0000125144F2B26BC4200D0134E4A20012947
:104CD00005DCFFF7B3FE3000FFF7B0FEF8BDFFF7CD
:104CE000ADFE4A20FFF7AAFE29000C48FFF7C6FEDA
:104CF0003000FFF7A3FE2920FFF7A0FE5220290075
:104D0000FFF7BCFE4A20FFF799FEBC42E6D14F20D8
:104D1000E2E7C046370200002B020000510200000B
:104D200070B503000E00141E00DC0124214A2B255F
:104D3000934200D0204D701E0E2835D8FDF75AF949
:104D4000080F110834343434343408080D2F25008A
:104D500001211800FFF7B0FF70BD2100F9E7611CC9
:104D6000F7E74A20FFF76AFE4D20FFF767FE4F2066
:104D7000FFF764FE1148611CFFF780FE2800FFF773
:104D80005DFE2920FFF75AFEE6E74D20FFF756FEAD
:104D90004F20FFF753FE0A48FFF750FEEEE74A2088
:104DA000FFF74CFE0748F7E721003000FFF7A0FEB1
:104DB000E4E7C046370200002B0200005202000068
:104DC0004A0300004D03000010B54A20FFF736FEED
:104DD0000148FFF733FE10BD4D02000010B51A2840
:104DE00024D00DD8053883B20A2B15D80A2813D839
:104DF000FDF700F92712121C12121E1221252E0097
:104E0000154B984226D008D8144B984219D003333A
:104E100098420BD0272816D010BD114B984214D0C1
:104E2000104B98420FD0104B9842F5D10F4803E039
:104E30009420800000E00E48FFF700FEECE70D48EC
:104E4000FAE7D420F5E70C48F6E70C48FFF7F6FD43
:104E50000B48F1E70B48EFE70A02000005020000EB
:104E600021020000230200001A0200004F0300008C
:104E700051020000520200004A0200004D020000F0
:104E80004F0200004D0300000022074B10B5010047
:104E90001A70904200DC01210448FFF7EFFD1C204E
:104EA000FF30FFF7CBFD10BD841400204F0200003F
:104EB0000022094B10B501001A70904200DC01215C
:104EC00094208000FFF7DAFD83204000FFF7B6FD55
:104ED0002A20FFF7B3FD10BD8414002000220A4BE6
:104EE00010B5040009481A70FFF7A8FD012C06DD73
:104EF0000748611EFFF7C2FD0448FFF79FFD1C2015
:104F0000FF30FFF79BFD10BD841400204D02000010
:104F10005102000010B50C1E00DC0124002809D14C
:104F2000074B1B78002B02D04D30FFF787FD4F2039
:104F3000FFF784FD1A202100FF30FFF79FFD10BD11
:104F40008414002010B54D20FFF778FD2C20FFF7CA
:104F500075FD4C20FFF772FD5020FFF76FFD10BD6F
:104F6000812310B59B0098421BD004D8042816D08A
:104F7000122818D010BD83239B0098420BD00D4BF4
:104F80009842F7D14A20FFF759FD8A208000FFF7A9
:104F900055FD522000E04A20FFF750FDEAE74F2080
:104FA000FAE74D20F8E74D20FFF748FD8A20800002
:104FB000F2E7C046120200000021064B064A1960C3
:104FC00001231360054A1370054A1170054A1370D6
:104FD0007047C046801400207C1400207A14002002
:104FE0007914002078140020030000B50B20272B33
:104FF00011D017D800200F2B10D8042B0BD9581F15
:105000000A2809D8FCF7F6FF2F0808310808060817
:10501000332B2D00012000BD0020FCE71A2BFAD114
:105020000530F8E7134A06209342F4D00DD8123A1F
:1050300004309342EFD0104A04309342EBD00F4A31
:105040009B185A425341D800E5E70D4A0D20934280
:10505000E1D00C4A00209342DDD10C30DBE7032085
:10506000D9E70420D7E70720D5E70920D3E70220B6
:10507000D1E7C0461A0200000A020000FBFDFFFF54
:105080002102000023020000034B01201B78002BAB
:1050900001D1024B187870475D1400205C14002089
:1050A0000F4970B500220D0004000E4803789342AA
:1050B00006D1102B0CD05A1C5B000270EC5270BD54
:1050C00002318E1E3688A642F9D00132D2B2EEE706
:1050D0001E2228000449FCF7B1FCEC83EFE7C04630
:1050E000041400200314002006140020002270B5D0
:1050F0000C490D4D0B78D4B2A34201D800200DE02D
:10510000541C6600AE5B864209D10120013BDBB234
:105110000B7006495B005B5A5200535270BD22006F
:10512000E9E7C04603140020021400200414002004
:105130009521084A0300821892B2012049018A424F
:1051400007D3054A00209B181F229BB29A42404178
:10515000C0B2704700C0FFFF40ADFFFF0200E03A61
:10516000012310B5072A04D9292802D0FFF7E0FF50
:1051700003000120184010BD084A094B10781B7825
:105180001843084B1B681B78002803D15A4253412F
:10519000D8B27047184101231840FAE701140020E3
:1051A00000140020FC13002037B58AB201AB0400C4
:1051B00019800020120A052A0DD81D780F2D0AD853
:1051C0000130042C07D8062363439B181B015B198D
:1051D00083400149585A3EBDB81C0100034B187961
:1051E000013843425841C0B27047C046640C0020A9
:1051F0000200393A030001200C2A0CD9703A82428D
:1052000009D92C2B07D01800293B173842425041AE
:105210005A425341184370472C2814D10C4B002993
:1052200008D001221A700B4B1A7000220A4B1A7018
:10523000012070471A78002AFAD01970054B1970AE
:10524000054B1970F4E7173843425841C0B2F0E7F4
:10525000C6130020C5130020C4130020F82210B587
:10526000441EFF3C030052010020944208D20A3B36
:10527000FF3B1800421E90415A42534140001843E0
:10528000884710BD054B1B7803431A1E01D0DB066F
:10529000DA0F034B1A70034B18707047001400208C
:1052A00007130020011400200123834010B5034A96
:1052B00010789843FFF7E6FF10BDC04601140020A8
:1052C00073B582B201AB1880120A052A1CD81B786C
:1052D0000F2B19D80320012612019B18DA0850431E
:1052E0000A4A35008018072213409D400022EDB283
:1052F0000B00D340845C33405B4263402B405C40F6
:1053000084540132032AF3D173BDC046DA1200205F
:1053100037B583B201AA10801B0A0020052B16D8CE
:1053200011780F2913D807241B01CB180321020081
:1053300001251C40DB085943054BC9188B5CE34031
:105340002B40934001321843C0B2032AF6D13EBD30
:10535000DA12002070B50B4B1C7801231D0085402C
:1053600028001D008D402900934001432000CDB24C
:10537000984321408D4201D11C43E0B2FFF782FFE8
:1053800070BDC046011400200721054B054A1B785B
:1053900012789A4200D1704701330B40F9E7C046BA
:1053A0001E1300201D13002070B50B4C23781A002B
:1053B000824310002270050007221540104209D1D7
:1053C000984207D0054B5B785B0703D5C008FFF711
:1053D0006BFF257070BDC046181300201A13002003
:1053E00070B5134A134B144D10781B782C78184362
:1053F000002C18D0114B9B78012B03D1104B1B783C
:105400007F2B11D806210F4B002259181E78002E31
:1054100001D00132D2B201338B42F7D1002A01D040
:1054200000232B70204370BD1E21074BECE7C046C4
:10543000021400201C130020161300205C0C002016
:105440001A1300208A12002092120020024A1378B8
:10545000834313707047C04602140020030010B548
:10546000E7280AD8DF280AD8312800D173E00FD8FE
:10547000292866D02A2800D174E0180010BDE03831
:105480000728FAD8FCF7ACFD18F927303DF9474C4E
:10549000392808D0822806D03528EED1374A12782C
:1054A0009206EAD506E0354A1178890761D152782B
:1054B0001207E2D52923E0E73048012102781400E1
:1054C0000C400A4245D140780842D6D02300D2068B
:1054D000D3D4E323D1E7294A12785107CDD500234D
:1054E000D206CAD4E333C8E72449E2230A78500736
:1054F000C3D4487801210400023B0C400842E5D0A7
:10550000BBE71E4A51788907B7D512780023D20627
:10551000B3D4E733B1E7194A12781107F6D4ACE7F0
:105520001649E6230A781007A7D448780221040018
:10553000023B0C400842A0D12300D2069DD4E723B1
:105540009BE70E4A1178890615D45278120700D4C9
:1055500093E7392391E7094A1278520600D48CE781
:105560002A238AE7054A1278520600D485E73123B8
:1055700083E7E02381E735237FE7C0461A13002045
:1055800030B5254C21784B070DD514220240043A42
:1055900053425A4118230340083B5D426B419A42F3
:1055A00001D00C2358400B070DD514220240143AA9
:1055B00053425A4118230340183B5D426B419A42C3
:1055C00001D00C2358406478E3070DD51122024026
:1055D000013A53425A4118230340083B5D426B4154
:1055E0009A4201D009235840A4070DD51122024048
:1055F000113A53425A4118230340183B5C4263411D
:105600009A4201D009235840C90603D5030701D5A2
:105610001823984330BDC0461A13002070B5FFF719
:105620001DFFA4230400DB0198424CD2A023DB0120
:10563000984200D39BE0DF281CD8CC2859D8A72853
:105640000AD8A42800D979E0012869D0031F9BB2A9
:10565000A02B65D9002463E00300A83B9BB21A2B62
:10566000F8D85834504BE4B26400E35A8824E4017B
:105670001C4355E08023DB01984219D28026B601F5
:10568000B04200D383E0E7284AD9F822431EFF3B0B
:105690009BB252019342DDD2000AC0B2FFF770FF05
:1056A0000500E0B2FFF7DAFE2D02284384B237E0AE
:1056B000C0B2FFF7D3FEF0231B0123403B4C18433D
:1056C0000443A4B22CE0A523DB0198421DD2384B41
:1056D00098423CD8374B98420DD8374B984231D836
:1056E0000322C4B2A3081440023AA2405B01334C27
:1056F00013431C43E5E70321012201408A40C3060E
:105700005B0F5B012E4C1343F3E72E4B984209D8F5
:105710001F202D4B20409C4223D82C4C00020443D8
:10572000201C70BD2A4BC3189BB21F2B00D991E7D8
:10573000F82304025B011C40264B99E78023243C9C
:10574000DB01D6E71F230340234C1B0290E7032114
:10575000012201408A40C3065B0F5B011F4C1343CB
:10576000C7E7FFF70DFF80240002A401A8E71F2070
:105770002040FFF705FFE3051B0F1B0202B2C00626
:1057800002D5FF2112010A40154C1343B1E7C004B2
:10579000C00EFFF7F5FE0500E0B2FFF75FFE2D0239
:1057A00005432E43B4B2BBE7401A010000A0FFFF3F
:1057B0005F5200003F5200001F520000008DFFFFAB
:1057C000008CFFFFBF5200009F520000F4A00000B9
:1057D00040ADFFFFF0A00000F1A00000008AFFFF35
:1057E0000090FFFFF0B50424104A114B12781B788B
:1057F00085B001AF1A433880009203AE009B0122AE
:105800002341134205D1013CF8D20025280005B000
:10581000F0BD3B88E5B2338031682800FFF7C4FC57
:10582000FFF7FCFE80B20128EDD0EFE70114002065
:105830000014002013B54379008801AA1080019854
:10584000002B0DD000290BD0FFF7CCFF0400010086
:105850000198FFF735FD20000199FFF7A5FC16BD63
:10586000FFF756FD0400F6E71FB501AC2080019854
:10587000FFF7B8FF228803AB1A800399FFF794FC67
:10588000FFF7CCFE04B010BD10B500240379A3428D
:105890001ED00088FFF7E8FFC2B20004030F062BFA
:1058A00018D00F21062B0DD80E330B40012B0FD82B
:1058B0000124F02A0CD007D80024E7239342644146
:1058C000E4B205E00633F0E7F43A53425A41D4B269
:1058D000200010BDE72393426441F13A53425A41FC
:1058E0001443EDE7002070470020704703000020BC
:1058F000104A10B51278824218D10F490C78E0B2E4
:10590000002C14D19022D2051268D2060ED40B4A74
:10591000013414700A4A0C7010700A22094802708F
:105920003632427083700BF067FC200010BD10000F
:10593000FCE7C0466A0C00206D2800206C2800207F
:105940002A280020EA27002070B51F4B9B78012BE6
:1059500020D11E4B1B787F2B1CD9FFF741FD1C4C1F
:105960001C4D6070202229002000FCF771F90028EE
:1059700028D0202221002800FCF702F8164B1B68D3
:10598000002B1FD09B68002B1CD006222270200009
:10599000984717E0FFF724FD104C114D20700822A6
:1059A00029002000FCF754F900280BD00822210020
:1059B0002800FBF7E5FF084B1B68002B02D05B6853
:1059C000002BE4D170BDC0465C0C00201A130020EF
:1059D00090120020B2120020C42200208812002061
:1059E000D212002010B5002803D0FFF72FFDFFF7DB
:1059F000ABFF10BD10B5002805D0034B1A7810433B
:105A00001870FFF7A1FF10BD0214002010B5084B5D
:105A100008491A780223087802431A4206D1034340
:105A20000B70FFF791FF0122034B1A7010BDC046A7
:105A300024140020021400202514002010B5002892
:105A400005D0034B1A7810431870FFF77DFF10BD87
:105A50001C13002010B5002805D0034A1378834397
:105A60001370FFF771FF10BD1C130020F0B52C4E12
:105A7000040033780D000133DBB291B0142B00D158
:105A80000023284A12789A4221D0402200216846F9
:105A90006F46FCF789F8082D1BD12A002100F81C5D
:105AA000FBF76EFF0B2332781F49204892013980A3
:105AB000801839004022BB70FBF762FF3378013356
:105AC000DBB233703378132B01D90023337011B05C
:105AD000F0BD20780238042820D8FCF78BFA180A89
:105AE000111F03002A002100F81CFBF749FF0C23BB
:105AF000D9E72A002100F81CFBF742FF0F23D2E769
:105B00002A002100F81CFBF73BFF0E23CBE72A00FD
:105B10002100F81CFBF734FF0D23C4E70023C2E784
:105B2000BD1D0020BE2200200A400000BE1D002036
:105B3000084B10B51B780400012B02D80821FFF791
:105B400095FF054B1B68002B02D020005B6898472F
:105B500010BDC046640C0020AC270020084B10B5D7
:105B60001B780400012B02D82021FFF77FFF054B93
:105B70001B68002B02D020009B68984710BDC046D0
:105B8000640C0020AC270020084B10B51B780400E3
:105B9000012B02D80621FFF769FF054B1B68002B7C
:105BA00002D02000DB68984710BDC046640C00207E
:105BB000AC270020084B10B51B780400012B02D83D
:105BC0000321FFF753FF054B1B68002B02D0200079
:105BD0001B69984710BDC046640C0020AC2700200C
:105BE00037B56B460400DD1D2A000121006808F06E
:105BF000B9F923682878013323603EBD0122264B82
:105C000010B5D96B90241143D9632449E4054A6047
:105C10008021586C4902014359643C21204BD963CF
:105C2000986A3431884310390143996200215964DC
:105C3000196B114319638021586D0902014359659D
:105C40000821986A01439962996D20001143996572
:105C5000196811431960042108F04AFDA36A114A2A
:105C60001340A362A023A26ADB0013433022A36285
:105C70002369934323612023226913434222236132
:105C8000094B1A60094BDB78002B04D1112108481D
:105C9000084AFBF789FF10BD0010024000000240D7
:105CA00000400140FFF0FFFF78000240A8170020ED
:105CB000B017002002060000002270B52F4B304CB8
:105CC0001A70E36B3C2B01D0FFF798FF04232D4D96
:105CD000AA6A1A42FCD12C492C4B48792C4A00283C
:105CE0000ED12C480078022806D02B4800780028D6
:105CF00002D00978002903D128490978002905D163
:105D00000121197080235B02936070BD244901203A
:105D1000097889072CD090601A78002A04D00022D4
:105D200002301A7008F086FC0122C0200021A36D09
:105D3000C0009343A3651B4B19541B4819541B4BBC
:105D40001B491C4899601C49986119601B491C48F3
:105D5000596059611B4918611C334B621A4BCB6265
:105D60001A4B8B620423AB62A36D1A43A265CCE786
:105D7000187080235B029360D6E7C0469B27002003
:105D80000040014000000240E3270020A01700204F
:105D9000000C0048640C00209F270020A62700204C
:105DA000A8170020B017002001060000501700209F
:105DB000F73E00C0172100C09F1B00204440014057
:105DC000B11D0020FC000240768000AA2C02024097
:105DD000F8B5632910DD63213A4B1B78002B11D0F5
:105DE000394BC018FEF74AFE384B1B78002B07D002
:105DF0003748FEF723FEF8BD0029EDDC0121EBE773
:105E00003448F6E7002800D04942334D2A68531839
:105E100019001C00643111DA64246442A11A94420E
:105E2000E9D02A4E307800290CDB002812D1264810
:105E3000FEF724FE2748FEF701FE1FE0642BEDDD90
:105E40006424EBE7111B00281ED0002900DC01218F
:105E5000224816E0002B13DD002A03DA51205142BC
:105E6000FEF70CFE4A20FEF7E9FD21001648FEF77A
:105E700005FE1848FEF7E2FD002333702C60BAE7F8
:105E80001148FEF7FBFDF9E7002B04DB002900DCDD
:105E900001211248CCE7012A0DDD5220511EFEF7E8
:105EA000EDFD01274A20FEF7C9FD0C48391BFEF71E
:105EB000E5FD3770E2E7012AF3D001215120891A6C
:105EC000EDE7C0467014002051020000711400205C
:105ED0004A0200004D02000074140020520200002B
:105EE000F0B587B00C000290632913DD63244D4B9D
:105EF0001E78002E12D0029B0B25002B00D00F2500
:105F00000026ADB228000136FEF768FFB442F9D191
:105F100007B0F0BD0029EADC0124E8E7424B434F1B
:105F200003933D681B68029A0193EB1A0493404B5C
:105F300005931B78002A37D0002B0ED06519642DED
:105F4000E6DC3C480136FEF779FDB442F9D13D600C
:105F5000374A394B12781A70DAE7019AA618AE421E
:105F600009DA1D0033480135FEF768FDAC42F9D16E
:105F7000039B1E60ECE70136642EC9DC2920FEF786
:105F80005DFD049B4F20591EFEF778FD049B2948B8
:105F9000E11A0231FEF772FD039B013D1D600123F2
:105FA000059A3E601370D3E7002B0FD1019B1D1B98
:105FB0002B006433ACDB029E942001368000FEF798
:105FC0003DFDB442F8D1039B1D60C1E7019B2E1B30
:105FD0009E4209DD029D942001358000FEF72EFDD2
:105FE000AC42F8D13E60B3E7013D2D1B2B0064337A
:105FF00000DA8DE72920FEF721FD049B5020591E71
:10600000FEF73CFD9420049B8000E11A0231FEF76C
:1060100035FD019B029A01333B60039B1D60059B8C
:106020001A7095E779140020801400207C14002059
:106030007A1400204F0200007814002010B5832845
:106040000ED108F09FF8C00709D5532008F0D2F808
:10605000FFF77AFC532008F003F9FFF775FC10BD39
:1060600084280AD108F08EF84007F8D5472008F0B8
:10607000C1F8FFF769FC4720EDE7031FDBB2A02B57
:10608000E9D903002033DBB2072B07D807230340ED
:1060900001209840C0B2FFF7D9F9DEE703005B3377
:1060A000DBB2022B03D8002008F070F8D7E703001A
:1060B0005833DBB21A2B03D8002008F081F8CEE762
:1060C00003003333DBB2122BC9D807F0B9FF08F055
:1060D000A5F9C4E710B500280FD082280ED108F02A
:1060E00051F8800709D5392008F084F8FFF72CFC17
:1060F000392008F0B5F8FFF727FC10BDFFF79EFF29
:10610000FBE7000070B500242600104D2B78002B13
:1061100005D00F4A6300D05CFFF7DCFF2E700D4BFB
:106120000135E31801341E70042CEFD10A4C23789A
:10613000002B0AD00220094B1B78034203D1FFF742
:1061400085F9FFF701FC0023237070BD2A1400209D
:10615000B01C010026140020251400202414002067
:10616000184B70B51A78002A23D000241C70164DE5
:106170002B78A3421ED80123144E154C32781A42B4
:1061800005D022781A4202D1E020FFF757FF022300
:1061900032781A4205D022781A4202D1E420FFF761
:1061A0004DFF00230B4A337013700B4A23702B7082
:1061B000137070BD094B6200985C0134FFF78AFFD1
:1061C000E4B2D4E7EA130020D0130020CF1300205C
:1061D000CE130020CD130020CC130020D2130020BA
:1061E0000A4910B54A785307DB0F83420CD00123CC
:1061F000034004209B0082431A434A70098807F039
:106200001CFD0220FFF7D0F810BDC0461A13002075
:106210008023064A1B06D16C0B43D3648023044AB7
:106220009B0351690B4353617047C0460014024001
:106230000004014010B5034B70461A695A6108F01A
:1062400009FA10BD0004014010B5FFF7F3FF10BDBF
:10625000802310B5DB05DA6970461A6208F0FAF996
:1062600010BD000010B5034B7046DA691A6208F0E1
:10627000F1F910BD0004004010B5034B7046DA6917
:106280001A6208F0E7F910BD0008004010B5034B92
:1062900070461A6E5A6608F0DDF910BD0000024023
:1062A0002B4B70B51A6975465A612A4B197800292B
:1062B00012D110231A420FD0274C2278002A0BD07B
:1062C000264A10789022D2051268002808D11100C1
:1062D00019401A4200D12170280008F0BBF970BDA6
:1062E00016001E401A420DD02378012BF4D1013341
:1062F00040221B482370FBF757FC802040010AF026
:106300007BFFE9E72378022BE6D1154B1A78154B72
:106310001B78002B07D07F2313403B2B03D10AF0BF
:10632000C5FE2670D8E70A2A04D10AF0BFFE002372
:106330002370D1E70C4A13780133DBB21370022BC0
:1063400002D900231370F3E7012308482370D6E72E
:10635000000401406A0C00206D2800206C280020F9
:106360002C2800202B2800202A280020EA270020A3
:10637000F8B50025C0246C430B4B0027E4180DE052
:106380007300F2B2E35AF9B2E8B2013607F0D0FD79
:10639000102EF5D101372034062F01D00026EFE76B
:1063A0000135052DE6D1F8BDB81C01008023074A50
:1063B000DB00D16B0B43D3630222054B19680A4300
:1063C0001A60012219680A431A60704700100240DF
:1063D000002802408023124ADB01D16B10B50B4329
:1063E000D36307F0A7FF7F220E490F4B0A700F49B6
:1063F000013A0A700E494F3AC7200A6099782E3A3E
:106400000A43C0219A700B4A8000135809061B02E8
:106410001B0A0B43135080231B06136010BDC0469C
:1064200000100240803802400038024082380240AA
:10643000A038024000E100E080220D4B1206DA672E
:10644000BFF34F8FBFF36F8F01210A4A93788B43BD
:1064500093708022084BD201196B0A431A631A6B9E
:1064600006490A401A63DA6B0A40DA637047C0468D
:1064700004E100E00038024000100240FFBFFFFFCF
:10648000F0B51023002603258BB0954804A904938A
:10649000069607960896099605950AF01FFF802331
:1064A000904A9B00516C02A80B43536402960AF079
:1064B000F9FE029B8C4C013300D0F7E002228B4B9B
:1064C00099680A439A60012299680A439A60E369CD
:1064D000874A1340E3611823E2691343E361226CA6
:1064E000844B1A409023DB00134307222364236A62
:1064F00093431D43804B2562804A1B68934200D919
:10650000C9E08022236BD2051B021B0A13438022A1
:106510002363A36FD2001B0B1B031343A367A36F5B
:10652000774A13400122A367A3691343A361E36879
:106530001342FCD08023E16F724ADB0411400B430D
:10654000E3670423A1691943A1616F49C86F184229
:10655000FCD1276DE06F1040A022D2040243E26715
:10656000A2691343A3610423CA6F1A42FCD10F200E
:10657000BFB27843256DADB2401BFCF789F8634983
:10658000FBF7B8FE061CFDF799FF00900191002172
:10659000301CFBF773FD00225D4B002800D180E02A
:1065A00000980199FCF7C4F800900191E81BFCF7F2
:1065B0006FF8011C5748FBF79DFEFDF77FFF002297
:1065C000534BFCF7B5F8FBF7ABFDA66F80B2360B6B
:1065D00036033043A06700980199FDF7E1FEA56FEF
:1065E000474B00041D400543A567E369404A13403B
:1065F0001822E361E3699343E361236C3D4A13404E
:1066000007222364236A93432362236B1B021B0A22
:106610002363414B63618022E36AD2051B021B0A9C
:106620001343E362A369002BFCDB0723226A9A432E
:10663000043B134301222362A3691343A361E3686C
:106640001342FCD0A3690423A2691A42FCD1202280
:10665000E3699343E3611823E2691343E361E36968
:10666000234A13400122E361E3691343E361E368D2
:106670001342FCD00F22236C93432364226C1D4BE6
:106680001A40E0239B00134323640423A2691343AD
:10669000A3610BB0F0BD8022236B12061B021B0A04
:1066A00034E700980199FDF743FA7DE703A80396C4
:1066B0000AF0F8FD0122A169039B0A43A261A16FC0
:1066C0001A05090B0903120D0A43A267A26F0C49B0
:1066D0001B0C5BB21B040A401343A3679BE7C04635
:1066E000000800480010024000240140001402404D
:1066F000FFDFFFFF3FF8FFFFB81D002005A24A049F
:10670000FFFF00FFFFFFFFF804240140000060418D
:106710000000E03F0000604AFEFF0000144B10B58F
:106720001A680123920606D5124B134A9B78137000
:10673000124A137000230024114A21001370114BD8
:1067400014221C70104B11481C70114B1C80114BF3
:106750001C70114B1C70FBF727FA142221000F4804
:10676000FBF722FA01220E4B1C800E4B1A7010BD53
:1067700000080048640C0020C2220020C122002032
:10678000DE270020DD270020DC270020C82700208E
:10679000B2270020C0220020BF220020B427002002
:1067A000E0270020E227002010B586B00400019108
:1067B00072B60AF019FF6A4604230294E443138276
:1067C00002A801AB059303940AF0B8FE0AF000FF9B
:1067D00062B6012006B010BD0200F820E02370B5BB
:1067E0001D4C0D002168400201405B025B1A1E68CF
:1067F000F02321685B0201405B1A1B68002B13D158
:10680000164BF318591E8B41F82026682168400268
:106810000E335B03014006409E1B5B1A10495B1858
:106820009E4209D9802014E0AB20002E11D10B49E3
:106830005B1859424B41E7E7316801310AD1F8232F
:1068400020685B021104184029438019FFF7ACFF50
:10685000012070BD0436E3E700140240121111114B
:10686000FC1F000010B50AF04EFF00210248034A49
:10687000FBF79AF910BDC046C8220020C2040000F0
:1068800070B50C00150000210600FBF78DF9902370
:106890006219DB009A4200D91D1B002D05D0034967
:1068A0002A0030006118FBF76BF870BD0823002048
:1068B0009023F0B587B000928A1805900191DB0013
:1068C0009A4201D95B1A0093009B002B3DD0002710
:1068D0003A00019B0599DB19895C404A4033D05C42
:1068E000884225D0D1549021C9008B4220D259082A
:1068F000039101218B43D35A039819000493FFF7A6
:106900006BFF802814D1F820E022354C4002236828
:1069100052020340D31A19682368F024034064022A
:10692000E31A1B68002912D026001400002B0FD098
:106930000137009BBFB23A009F42CAD32948019B4E
:10694000009A05991818FBF71BF807B0F0BD160060
:10695000254BF022E5186B1E9D41520294466B03B5
:1069600025006344029328000AF0BEFE80239B00AA
:10697000ED18029B9D42F6D11C492000FFF714FF41
:1069800004990398FFF728FF0128D1D10025134A65
:106990006B009B181A88002A18D1154B01359D42AF
:1069A000F5D1114BF5186B1E9D41F0236D035B0271
:1069B000ED1830000AF098FE80239B00F618B542CF
:1069C000F7D100212000FFF7EFFEB1E7198828007A
:1069D00089B2FFF701FF0128DFD0A9E7C822002014
:1069E00000140240082300200040FEFFEEEEEEEE11
:1069F000410200000122034B1A700022024B1A8050
:106A00007047C0469E2700209C270020F8B5F82735
:106A1000724D734A2B687F02724E3B4013601368BD
:106A20000021714A3000FBF7BFF8E022F0212B680B
:106A300052023B40D31A1C682B6849023B40CB1AD8
:106A40001B68002C31D0002B00D0ADE0F8202B6863
:106A50002A6840020340024090206449C000C91ADD
:106A6000634B9B1A994245D8624B9C4259D00134E2
:106A700000D0A2E0E024F02764027F0220000AF0A8
:106A800033FE80239B00E418BC42F7D1F822DF21BB
:106A90002B685202134049023000C91A4022FAF70B
:106AA0006FFF0122544B1A70F8BD2A6853483A40D0
:106AB0002968801A524A3940521A90420CD8002B49
:106AC000C4D001334DD1F02460020134E4B20AF0A5
:106AD0000BFE002CF8D1D9E790271168FF00090CB4
:106AE000B942ECD211688C46674602CA090C4900CB
:106AF0007752E2E71A68120C8242B5D21F6804CBC3
:106B0000120C5200B752ADE720000AF0EDFD8023D1
:106B10009B00E418BC42F7D100212000FFF744FE9F
:106B2000B4E700246300F3181A88002A11D1354B0A
:106B300001349C42F6D1E02000214002FFF734FEF0
:106B4000F02460020134E4B20AF0CEFD002CF8D14A
:106B50009CE71988200089B2FFF73EFE0128E6D0A5
:106B600094E76300F3181A88002A15D1254B0134E5
:106B70009C42F6D1F0200021E024F0274002FFF7EC
:106B800013FE64027F0220000AF0AEFD80239B000A
:106B9000E418BC42F7D179E71988200089B2FFF7E1
:106BA0001BFE0128E2D071E71248844208D001346C
:106BB00003D114000F008342A6D00AF0A4FD65E7BC
:106BC000F0240133F9D160020134E4B20AF08CFD03
:106BD000002CF8D1E020210040029FE70014024081
:106BE000B41D0020C8220020C2040000FFFF0100E5
:106BF00004E00100EEEEEEEEB21D0020FFDF01002A
:106C000004C0010041020000802370B5274ADB0167
:106C1000116C86B00B431364012600230225042463
:106C200069462348029304930593009601950396C1
:106C30000AF054FB69461E4800950AF04FFB69466E
:106C40001B4800940AF04AFB082369461848009341
:106C50000AF044FB4022174B1968914319601968E8
:106C60002143196019680E431E6019680D433821CD
:106C70001D6018688843283901438020196019680D
:106C80008143196019680C480140196019680B4864
:106C90000140196019680A480140196059680C439D
:106CA0005C6019680A431A6006B070BD00100240AB
:106CB0000008004800380040FF7FFFFFFFF7FFFF9C
:106CC000FFFDFFFF354B70B51B78002B2AD1344BED
:106CD0001B78002B26D1FA2390261021314ADB00A5
:106CE000F6051478002C19D1346825000D400C42AB
:106CF00014D1012313703C222B4B1D702B4B1A8097
:106D00002B4B323A1A709870363210385A70042869
:106D10000CD8FBF76FF9080B0F203100013B9BB239
:106D2000002BDED170BD234A9278DA7018000AF089
:106D300063FAF7E700222D21DA7006325A714B32DE
:106D40009A71063ADA71153A1A72053A19715A723D
:106D50009972DA72EAE70621002259714B31997172
:106D60000639D9711539DA7019722D3205391A714F
:106D70009A7259720532ECE70621002259714B31A3
:106D800099710639D9711539DA7019722D320539B0
:106D90001A719A7259720632DBE7C0466A0C0020FB
:106DA000E32700206D2800206C280020620C0020C2
:106DB000EA270020640C00207346F0B589B00393E5
:106DC000B34BB449DA691A620B78002B12D0B24A7D
:106DD00013780133DBB2092B01D813700AE00023CA
:106DE00013709023DB051868102304001C40184220
:106DF0001AD10C70A94B1B78022B09D0A84B1D7817
:106E0000002D13D05B79002B10D10920FEF76EFD09
:106E1000A449087800285ED0A34A138801339BB2A6
:106E2000312B2AD813802BE00523D6E70B78002BD3
:106E3000EED1002DECD19D4B9D4C1A7823789A42CF
:106E4000E6D09C4B1A78002AE2D19022D205126833
:106E5000D206DDD401221A70974B20781D70974B13
:106E60008001C0180AF0C8F923780133DBB223701F
:106E70002378132BCCD92570CAE7002313800B701D
:106E80008F4A13780133DBB2022B00D9DBE1137098
:106E90008C4A13780133DBB2042B00D9E2E1137082
:106EA000894C8A4A2388158801339BB22380AB42E0
:106EB0000CD3002323807A4B1B78002B06D11120A2
:106EC000FEF714FD002801D10A3D2580039807F044
:106ED000C1FB09B0F0BD7E4A7E49137809780133C1
:106EE000DBB2002900D192E0032B01D81370C7E771
:106EF000794B1070DB6F04221C00784D1440134254
:106F0000BED177482F6D037876495E007752AE691F
:106F100001333243DBB2AA61092B01D80370AFE71A
:106F20000470714814220500FAF72AFD2E0028008B
:106F30002200230021004F002C88BF5BA74200D213
:106F400019005700F75BA74200D91A000133DBB2E2
:106F500002350A2BEFD10024230091421DD10833C2
:106F60000288013BA418DBB2A4B20230002BF7D197
:106F70005E4B5F4D9C4248D85E4B9C421AD96420C0
:106F80005D4AE3089B1858435C49FAF70FFF5C4BD6
:106F9000C0B29C422CD900232FE0994204D09A42DF
:106FA00002D005886419A4B20133DBB202300A2B87
:106FB000F3D1DDE72B780133DBB2032B12D82B7032
:106FC0000020504B1870504B1870344B9A78824206
:106FD00002D09870FFF70EFD00224C4B1A803D4BFB
:106FE0001A704DE7002301222B70494B1A70E7E716
:106FF0002B780133DBB2092B01D82B70E1E700239A
:1070000001222B70424B1A70DBE76420C3E7132B7D
:1070100000D86BE7304B1170DB6F04221C002F4D42
:10702000144013420DD12E482F6D03782D495E0078
:107030007752AE6901333243DBB2AA61092B04D81F
:107040000370324A13880133ECE6274D0470142292
:107050002800FAF795FC2F4B10491B7801938B7889
:107060000293019B022B59D1264A62331370264AA0
:107070001370029A9A4205D001228B70264B1A7027
:10708000FFF7B8FC0022224B1A70194B1A70D8E790
:10709000001000406A0C0020E9270020640C00204A
:1070A000E3270020E2270020E0270020BD1D00206C
:1070B000BE2200206D2800206C280020BE1D00206C
:1070C000B0270020AB2700208A270020620C002078
:1070D000DD270020DE270020042401400024014099
:1070E000DC270020C8270020B4270020D74F00004D
:1070F000BF2200204F3A0000B7F8FFFFB2020000A5
:107100008F400000C2220020C1220020B2270020B0
:10711000C022002098270020A227002028002E004F
:1071200023002200250001006F0034887F5AA74207
:1071300000D215005F00CF5BA74200D913000132D7
:10714000D2B202360A2AEFD1002422009D4247D152
:1071500008230288013BA418DBB2A4B20230002B42
:10716000F7D1C14BC14DC24EC24F9C4200D922E261
:10717000C14B9C4200D824E26420C04AE3089B181B
:107180005843BF49FAF712FE019BC0B2012B00D051
:1071900024E2031C002800D10123D8B23B78B94A6D
:1071A00083424AD2B84B1188994208D900213378DA
:1071B0001180622B02D80133DBB233703B700022A6
:1071C000B24B2A701A703378029A934200D138E792
:1071D000AF4A93700122AF4B1A70FFF70BFC30E7F8
:1071E000AA4204D09A4202D001886418A4B20132A3
:1071F000D2B202300A2AF3D1B3E72B780133DBB2E3
:107200002B70092B04D9002301222B709F4B1A707D
:10721000019B002BC2D13B789A4A834210D99A4BEA
:1072200011889942CFD9019933781180002B02D06F
:10723000013BDBB233703B70C5E700231380BEE730
:10724000019B1380BFE700231370934A934913688F
:107250008B4200D11CE6002B00D119E6904811604A
:10726000036015E600208F4B10701A78884C82421C
:1072700011D018702378012B0BD0022B00D19BE08A
:10728000834208D16078022803D0032801D0012866
:1072900001D1FFF717FD844E3378002B15D0834DB5
:1072A0002B78022B00D189E0032B00D18BE0012B3E
:1072B00004D11220FFF706FD02232B702B78032B3D
:1072C00003D901232B7000233370794A13780133DB
:1072D000DBB2FF2B00D100231370764A1378013301
:1072E000DBB2FF2B00D1002373491370087800280C
:1072F00006D1724A138801339BB2312B68D81380B0
:1073000096216F4A4900138801339BB28B4268D2A1
:1073100013806C4B6C4E01931B78002B16D0962279
:107320003388520001339BB2338093420FD3674BB3
:107330001B78002B08D19023DB051B68DB0603D4E8
:10734000634B1B78002B52D191235B003380237851
:10735000022B00D184E04F4B1A78002A04D000227F
:1073600010201A70FFF7AEFC00225A4B1A705A4BCD
:107370001A680023920608D590238022DB051B683B
:10738000920113405A42534101339621534A490016
:107390001370534A138801339BB28B4200D3AFE082
:1073A000138096214F4A4900138801339BB28B42C8
:1073B00000D3EBE0138073E508206AE71320FFF7A2
:1073C00081FC032379E71420FFF77CFC042374E796
:1073D0000123108022780B70002A91D12D4A13705E
:1073E0008EE70023138001223F4B1A7091E70122A0
:1073F0003E4B1A7072B63E4BDF271968F8235B02CA
:1074000019407F022000791A0532FAF721FC002882
:107410001FD0384B062221001800029304ADFAF762
:10742000AFFA0AF0E1F8344B2800059304970AF00C
:10743000B3F80AF0CDF80AF0D7F84023029A2B816E
:107440002D4B28000792059304970AF077F80AF06D
:10745000BFF862B60023254A1370019A137075E7CE
:10746000264B1A7B5B7B82E7D74F0000BF220020B0
:10747000C2220020C12200204F3A0000B7F8FFFFCF
:10748000B2020000B2270020C3090000C022002081
:10749000640C0020A2270020C422002078200100D4
:1074A000AC270020AA270020A9270020600C00207C
:1074B000A8270020A7270020A6270020A427002017
:1074C000A02700209E2700209C2700206D28002058
:1074D0009B270020992700200008004898270020BB
:1074E000962700208E2700209F2700209A27002023
:1074F00000140240C8220020FF41FEFF0038024075
:10750000002325781380022D00D14AE7374A1178ED
:10751000994244D1364B1B78002B08D1354B1B7850
:10752000002B04D1344B1B78002B00D139E7002D00
:1075300000D036E76478012C0CD12D4B1A78002A44
:1075400000D12EE7002205201A70FFF7BBFB2B4B62
:107550001C7026E7022C0DD1264B1A78002A00D188
:107560001FE7002206201A70FFF7ACFB0122234B15
:107570001A7016E7032C00D013E71F4B1A78002A65
:1075800000D10EE7002207201A70EDE700211C4B06
:1075900011801A788A4200D182E4197080E4002DAB
:1075A000C8D0012D00D0FCE604201370FFF78AFB41
:1075B000124B1D70F5E6019B6420012B12D1632054
:1075C000ECE5019B012B00D1E6E52B78002001338F
:1075D000DBB22B70042B00D915E619E6094B9C424F
:1075E00000D80AE600232B7012E6C046942700203C
:1075F0009327002092270020912700209027002029
:107600008C2700208F400000902070B51024164B6E
:1076100016491A78164BC0050D78002D04D105685F
:10762000254201D1002A03D0013B9BB2002BF3D1AC
:107630008022104B52029A6009F0CAFF0C210E4BB7
:107640001A688A431A601A680C490A401A600122B3
:1076500019680A431A60BFF34F8F094B094ADA6071
:10766000BFF34F8FC046FDE79A2700206D2800200A
:10767000A08C0000000C0048001402400FFEFFFF29
:1076800000ED00E00400FA05902030B510240F4B07
:107690000F491A780F4BC0050D78002D04D10568ED
:1076A000254201D1002A03D0013B9BB2002BF3D12C
:1076B0008022094B52029A60BFF34F8F074B084A52
:1076C000DA60BFF34F8FC046FDE7C0469A2700201F
:1076D0006D280020A08C0000000C004800ED00E0A8
:1076E0000400FA0510230D4AC320116C80000B43DF
:1076F00013642F220A4B9A63FA22D200DA63012222
:10770000DA601A60074B084A1958114080221204A7
:107710000A431A508022D2011A60704700100240BA
:107720000010004000E100E0FFFF00FF012210B563
:1077300011000D4806F0DCFF802390200A4C5B020C
:10774000A36001220821C00506F0D2FF8023902209
:107750001B03D205936002210122200006F0C8FF1E
:1077600080239B02A36010BD000C004870B58024EC
:1077700001222D4D640286B011002800AC6006F095
:10778000B7FF9023AC60DB0508241E0018009C6046
:107790002100012206F0ACFFB4600226280031006F
:1077A000AE60012206F0A4FF80219020AE6020226E
:1077B0008901C00506F09CFF002220211B4806F02D
:1077C00097FF802120221A48490106F091FF80216D
:1077D00020221748890106F08BFF902000252419EC
:1077E0006946C00500940195029503960495059598
:1077F00009F074FDC120C0210E4B80005A6B5D63FF
:107800001A68090622431A609A6922439A61DA6962
:107810001443094ADC6113581B021B0A0B43135023
:107820008023136006B070BD000C004800080048BB
:10783000000400480004014000E100E080210A4B00
:1078400089011A681B680B40D20403D40120002B65
:1078500006D0704780229B0412069B18980FF8E709
:10786000024B1878F5E7C04600040048BC1D002014
:1078700070B5324C062200212000FAF795F9F82263
:10788000DF212F4B52021B6849021340C91A0622FE
:107890002000FAF775F823786678A578E0782179E2
:1078A0006279FF2B1DD12B00334003400B40134066
:1078B000FF2B31D102232370013B32226370E3702E
:1078C0000023A27023716371FFF7B8FF1D4B18707E
:1078D000012828D0022828D0002801D102232370B3
:1078E00070BD002B16D1002E18D12B0003430B4383
:1078F0001343DFD0642D01D96423A370012801D97B
:107900000123E370012901D900232371012ADBD966
:107910000023D8E7022B01D902232370032EE9D9D3
:1079200003236370E6E72070DAE7002323706378AF
:10793000013B022BD4D901236370D1E7640C0020F2
:1079400000140240BC1D002000230121084A1360DE
:10795000084A1370084A1370084A1360084A1360F3
:10796000084A1170084A1170084A13707047C046DF
:107970007414002071140020701400208014002062
:107980007C1400207A140020791400207814002040
:107990000023064A1360536093609381044A137076
:1079A000044A1370044A13707047C04660140020E4
:1079B0005E1400205D1400205C1400200022024BA5
:1079C0001A60024B1A70704758140020551400209A
:1079D000B04BF7B51B780400002B01D100F07DFD02
:1079E000AD4D2E78731E022B01D900F076FDB31E2B
:1079F000012B00D94FE22000FCF7A2FF0300E0B208
:107A0000A64F292817D1FDF719F8032E0AD0A44B49
:107A10001B78002B06D1A34B1B78002B02D05020E3
:107A2000FDF70CF8012300222B709F4B3A701A705F
:107A3000FFF78AFF25E03A78002A34D000249A4ADA
:107A40003C701470994A1460062B1AD1032E21D170
:107A5000974C984D2378002B0DD1974B19682B78B4
:107A6000002B08D101290FDD52200139FDF706F85E
:107A70004A20FCF7E3FF9148FCF7E0FF01232B705D
:107A80002370FFF785FF2BE00129F1D0012351205E
:107A9000591AEBE78948FCF7D1FF0122804B1A7095
:107AA000874B1C70EDE7022B1CD17F4A1278002A0D
:107AB0001FD07D480278012A12D87C4D296863299D
:107AC00000DD63210A234B430021272C01D0210034
:107AD0001D395B18632B00DD632301322B600270BC
:107AE0000020FEBD0A2BE4D0062B02D1053B3B70E3
:107AF000F6E700216C4A11701C2C22D8122C15D8E4
:107B0000062C6FD0072C2BD00E2B00D091E0032E2B
:107B100000D083E0192CB4D10C3B2B70FFF714FF7D
:107B20006848FCF78BFFFDF747FAAAE720001338F7
:107B30000928E9D8FAF754FA08E8E856E8E8E8E846
:107B4000142A614A9442DFD1032E06D1594B1B7887
:107B5000002B02D15B48FCF771FF1A20FF3023E0B5
:107B60005A4B032E0FD10121524A19701278002A64
:107B700002D15448FCF762FF1C20FF30FCF75EFF87
:107B800001232B7054E700221A70F5E74F4B032EA8
:107B90000ED10121474A19701278002A02D14948B2
:107BA000FCF74CFF83204000FCF748FF2920E5E765
:107BB0008320002240001A70FCF740FF2920FCF7C8
:107BC0003DFF374B1B78002BDAD1364B1B78002B4F
:107BD000D6D03F4A3F4B11681B685020C91AFCF7AA
:107BE0004DFFCDE7032E13D10121324B1A78374BCD
:107BF0001970002A02D13348FCF720FF1C20FF3007
:107C0000FCF71CFF8A208000FCF718FF0023B8E770
:107C100000221C202D4BFF301A70F5E72E4B9C42A2
:107C200000D02EE703232B70FFF78EFEFDF7CCF874
:107C300027E7042B1AD8002B00D122E71B4B1F6823
:107C4000002F00DC0127032E57D11A2C16D8042C44
:107C500000D816E70123A340204A134248D1204A06
:107C6000134200D10DE73900012043E0052B00D07D
:107C700007E7032E00D1F0E01A48D1E082239B00F1
:107C80009C4235D0184B9C4232D0184B9C42EAD0D3
:107C9000F7E6C0463F1400203E1400205C1400208C
:107CA000791400207A1400205D1400206014002054
:107CB0007014002071140020741400204A03000086
:107CC000781400204F0200001302000084140020EA
:107CD0007C14002080140020190200000021000400
:107CE000204000000A0200001A0200000502000005
:107CF00039000020FEF76CF8C3E6272C42D018D8D4
:107D00000F2C0CD8042C0CD9601F0A2809D8FAF7BC
:107D100071F96008082008085108080856001A2C54
:107D200017D0002520000135FDF758F8AF42F9D1F2
:107D300067E0B94B9C4276D021D8B84B9C4248D0E2
:107D4000013B9C42EDD904339C4202D0B44B9C428F
:107D5000E7D1B44B1D78002D34D00024942080004E
:107D6000FCF76CFEB048FCF769FE0134AF48FCF745
:107D700065FEA742F2D10122AD4B1A7081E6AD4BF0
:107D80009C42CED1AA4B1B78002B48D1AA4B1B7822
:107D9000002B44D0A94AAA4B14681B682920E41A76
:107DA000FCF74CFE5020611EFCF768FEA548FCF76E
:107DB00045FE26E039000020FEF792F861E6390022
:107DC0000120F9E720000135FDF708F8AF42F9D1AD
:107DD000D1E7974B1E78002E19D1974B35000093B1
:107DE0001B78002B14D02920FCF728FE942080005B
:107DF000FCF724FED42039008000FCF73FFE009BF6
:107E00001E7001228A4B1A700022864BB5E70025AE
:107E100020000135FCF7E2FFAF42F9D1F1E7200085
:107E2000FCF7DCFFEDE7824D2B78002B0FD1824B66
:107E30001B78002B0BD1814A814B14681B682920C9
:107E4000E41AFCF7FBFD4F20611EFCF717FE724899
:107E5000FCF7C4FF01232B70D6E77B4D7B4E2B78BC
:107E6000002B10D13378002B0DD0794B4D201C689E
:107E7000FCF7E4FD002C03DA51206142FCF7FEFD23
:107E80004A20FCF7DBFD7348FCF7D8FD0023337074
:107E900001332B70F5E5704B1E780093052E08D842
:107EA0002A23F340DB0704D523001E3B092B00D80F
:107EB00016E3E3B2292B29D1002E00D107E3FFF707
:107EC00067FDFFF77BFD009B1B78002B17D1634FED
:107ED0003E68002E13DD624B00931B78002B00D10F
:107EE000F2E2604B1C78002C09D15F485F497200B8
:107EF000F9F746FD5E4B3C601E60009B1C702B78C2
:107F0000002B00D0ECE5FFF759FDE9E52000FCF778
:107F100017FD03000200072E00D9F5E13000FAF743
:107F20007DF808000801D801210248027702B60254
:107F3000CB02581E182800D9C9E2FAF76FF857008B
:107F40005700570057005E00A6023F0147004F0050
:107F50001900C80261006800A100F600B400B40076
:107F6000B400B400B400B400B400B400B400B40071
:107F70000123009A13700023272C01D023001D3BFE
:107F80003C4A13602000FCF7DBFC00289BD03A4AF7
:107F90000123C2401A4296D08340384A134204D18A
:107FA000082805D1A31F012B02D801222C4B1A70DF
:107FB0002C4B1B78002B86D1284A1368072B82DCB8
:107FC000591C1160294A5B009C527CE70223009AED
:107FD0001370284B01221C811A73D3E70423009AE3
:107FE0001370244B01225C815A73CBE72000FCF70D
:107FF000FBFF0121FCF74EFDC4E701210E20F9E74C
:1080000001210620FCF710FE00232B70BAE72000A8
:10801000FCF7A6FFF8E7C0462102000005020000B9
:108020001A020000781400204F0300004F020000E5
:1080300079140020230200007A1400207C14002010
:10804000801400204A0200007014002071140020E7
:10805000741400204D0300005E140020581400200A
:108060005514002054140020401400202E14002029
:108070005014002060140020FE17FE030012BE03FF
:10808000B14BE61873425E4102362E70FFF75CFC7E
:10809000032E02D1FCF798FE74E7AC48FCF7CEFC47
:1080A000FCF78AFF6EE7113B1800082B3BD800262F
:1080B000F9F7A0FF360509121C262B300D00012010
:1080C000FCF7E2FE5EE70120FCF7F2FE5AE7012032
:1080D000FCF7DAFE2E7055E79D4B9E481E70FCF7AC
:1080E000ADFC1C20FF30FCF7A9FCF3E7984B994846
:1080F0001E70FCF7A3FC1C20FF30FCF79FFC41E73F
:1081000001211C20FCF790FD3CE701210020FCF739
:1081100001FF37E71A200121FF30FCF7AFFC31E700
:10812000FCF710FF2EE71E20E6E700F0E7F929E74D
:108130000B22894B19680F1E00DC0127501E1828DE
:1081400000D9E1E0F9F76AFF2E002E002E002E0084
:108150003700A1013A0026002A00E0001900A8001B
:10816000AD00B1003E0092007A00640068009F00FC
:108170009B00A300720077006C00092900DD01E775
:108180000A224A430021272C01D021001D39521810
:108190001A60F7E6022200990A701BE70422009990
:1081A0000A701FE72000FCF71FFF3900FCF772FC84
:1081B000FFF7EEFBE6E601210E20F7E70723009A22
:1081C0001370DFE6FFF7E4FB644B1B68002B00DC59
:1081D000D8E6634E3368019300F090F93168019B53
:1081E000C91A002900DCCDE66320F9F7DFFD019014
:1081F000002801DC012301930126B74200D1C1E62A
:10820000019BB34200D1BDE600F078F90136F4E7F6
:108210003800FCF739FECBE73800FCF749FEC7E72A
:108220003800FCF731FE00232B70C1E73900002035
:10823000FCF770FEBCE739000120F9E73B00022F94
:1082400000DA0223464A013B1168FA22521A012140
:10825000032A00DD91101F008B4200DD0F00002675
:108260000136FCF76FFEB742FAD1A1E700261E20C7
:108270000136FF30FCF7E2FBBE42F8D198E7380048
:10828000FCF72CFE94E73800FCF728FECBE739001A
:108290001C20FCF7C9FC8BE739000620FCF7C4FC66
:1082A000C1E72000FCF75CFEBDE7274BE6187342F0
:1082B0005E4102362E70FFF747FB032E02D1FCF71A
:1082C00083FD75E72148FCF7B9FBFCF775FE6FE706
:1082D0000B22214E3768002F00DC0127501E092891
:1082E00012D8F9F787FE1722171761D21105112648
:1082F00033899C4208D139002000FCF795FC338972
:10830000062B00D054E78EE7FFF742FBFFF756FB42
:10831000FFF766FB338920000193FCF765FE3A0006
:1083200001000198FCF734FCE9E701220B213089B8
:10833000F8E70323009A13700023272C01D02300B1
:108340001D3B73601EE6C046E7FDFFFF4F020000C5
:10835000841400204D0200006014002050140020FE
:108360008C160020581E0A28CED8F9F74DFE0B00B7
:1083700081000B000B001C008E00CDFFCDFFCDFF58
:10838000CDFF62002000FCF72FFE5A4E010033683B
:108390003789002B00DC012372685A43632A00DD11
:1083A00063223800BEE7534E01220E213089B9E71F
:1083B0000B22504B1E68002E00DC0126501E09289F
:1083C000A2D8F9F70DFE0D150D0D5E62A1A1051BDA
:1083D0005B899C4298D131002000FCF76DFCE7E6F8
:1083E00020005F89FCF700FE32000100380002E047
:1083F00001220B215889FCF793FCD9E6052200994C
:108400000A700022272C01D022001D3A5A60B9E5DB
:10841000581E0A2800D977E7F9F7F6FD1A002A0056
:108420001A001A003200370076FF76FF76FF76FFDB
:108430000B00304A5168092900DDA3E50A234B43AC
:108440000021272C01D021001D395B18536099E5CC
:108450002000FCF7C9FD274E010033687789002B07
:1084600000DC012372685A43632ABFDD6322BDE743
:10847000204A5168092900DD84E50A234B43E5E7DA
:108480001C4B01220E215889B5E7062397E6062BDF
:1084900000D039E7174E337B002B03D001220F2188
:1084A00030893FE7737B002B03D001220F217089B5
:1084B000A1E701210F2079E6072B00D024E78B20CC
:1084C0004000FCF7BBFA73E6FFF778FA17E50A4BB2
:1084D0001B68002B01DDFFF771FA0120FFF701FB9C
:1084E000701E0428F3D8F9F78FFD23FEF3FEA4FFD6
:1084F00063FFA4FF601400205814002070B50D4DD8
:108500002C78002C0ED10C4E3368002B0AD001239E
:108510002B7033689C4206DB0023084A2B701360E3
:10852000074A137070BD074A6300D05AFFF750FA2C
:108530000134EEE754140020501400205814002099
:10854000551400204014002010B5FFF721FAFFF762
:1085500035FA10BD70B50025114C2088002804D0D4
:10856000C0B2FDF7B7FD0023238001350234042D8E
:10857000F3D1D120FDF762FDD220FDF75FFD00228F
:10858000084B1A70084B1A80084A094B12781A7067
:10859000FFF7DAF9FFF7D8FFFDF7B4FD70BDC0466D
:1085A000F0130020EE130020EC130020F81300203D
:1085B0003E14002070B504000D00002A02D10025F1
:1085C000280070BD90470028F9D06D79002DF6D0B5
:1085D000064B1B78002B03D1FCF756FD002801D079
:1085E000FFF7B2FF2000FCF75BFDE9E75E14002017
:1085F0000122124B10B51A7000233C21104A13704F
:10860000104A1180104A1370104A1370104A1370E8
:10861000104A13705371104A1370104A138072B6C7
:10862000FFF7A4F862B605F0C9FE9622D2008018C2
:1086300003220B4B18600B4B1A7010BD6A0C002004
:10864000E9270020620C00206D2800202A28002045
:108650006C280020E32700209F270020A02700206F
:10866000C8130020C713002070470423020901D15A
:1086700013000200910802D00A000233DBB2520854
:108680009818C0B27047000010B500240D4B1C7044
:1086900005F010FE200005F079FD200005F090FDAA
:1086A000094B1C70FDF750F9062221000748F9F725
:1086B0007BFA074B1C70074B1C70074B1C7005F0B6
:1086C000ADFE10BD021400201C1300200113002079
:1086D00000130020FF120020FE12002010B504003D
:1086E000832811D105F04EFDC0070CD4532005F0AE
:1086F00081FDFDF729F9642005F09CFF532005F06A
:10870000AFFDFDF721F910BD84280DD105F03AFD2C
:108710004007F8D4472005F06DFDFDF715F96420FA
:1087200005F088FF4720EAE7031FDBB2A02B23D820
:10873000284B9A78012A13D1274B197800237F29D7
:108740000FD9264BC1085B189978072303409A403C
:108750000A420DD0200005F083FDFDF7F5F807E093
:1087600000231F4AD15CA142F4D00133062BF9D17A
:10877000200005F03FFDC4E703002033DBB2072BE8
:1087800008D80721012301408B40164A11780B437A
:108790001370B6E703005B33DBB2022B04D8243C32
:1087A000A0B205F0F3FCAEE703005833DBB21A2B9E
:1087B00005D80D4A5B00985A05F002FDA3E70300B7
:1087C0003333DBB2122B9ED805F0E4FB05F026FE16
:1087D00099E7C0465C0C00201A130020901200207C
:1087E0008A12002002140020401A010010B500284F
:1087F00012D0822811D105F0C5FC80070CD4392095
:1088000005F0F8FCFDF7A0F8502005F013FF392023
:1088100005F026FDFDF798F810BDFFF75FFFFBE7B9
:1088200070B5C2B20500010AC30425D50F230B4061
:10883000013BDBB2072B58D83149CB5C502A4CD0D6
:10884000512A4CD0522A4CD003244F2A24D1002B39
:1088500022D100212B4A0B00105D88421CD02A4DEA
:1088600011552B5D8B4206D1284B6200985CFFF7B7
:10887000BDFF01232B5570BD012302200B40014297
:1088800000D003430420014200D0034308200142EA
:10889000D4D00343502A2FD11E001D4A1478A6437A
:1088A0009C43002E02D03000FDF7A4F8002C02D02B
:1088B0002000FDF797F8EDB22800FFF797FF28009A
:1088C000FDF708FC002C02D02000FDF793F8002EE5
:1088D000D1D03000FDF786F8CDE70024B7E70124BA
:1088E000B5E70224B3E70024B3E7502AFBD0002306
:1088F000512AA7D10124ACE7512AA3D1CCE7C04625
:10890000A81C0100261400202A140020B01C01001D
:1089100002140020F8B5040000230B4D0B49E6B209
:108920002F782B70FCF79AFC3000FFF75FFF0120D7
:1089300005F080FE3000FDF7CDFB20000449FCF778
:108940008DFC2F70F8BDC046021400203D5A000077
:10895000555A000010B55020FFF7DCFF10BD10B5D0
:108960004F20FFF7D7FF10BD10B55220FFF7D2FF01
:108970004A20FFF7CFFF10BD10B55120FFF7CAFF07
:108980004A20FFF7C7FF10BD0A2010B5FF30FFF7E0
:10899000C1FF10BD10B54E20FFF7BCFF10BD10B5D4
:1089A0004B20FFF7B7FF10BD70B50D000400FFF7B7
:1089B0001DFF281E00D1012005F03CFE2000FDF720
:1089C00089FB70BD002110B5392800D15031FFF767
:1089D000EBFF10BD73B54B7905000C00002B3AD0AE
:1089E0004A78052A34D809780F2931D8374B120133
:1089F0009B185B5CFF2B2BD00026354A915D99427A
:108A00001CD105F0DBFC031C80B2324A7600002842
:108A100000D10123B3522A2D1FD16379002B2AD014
:108A200005222D4B1B781340934224D12A20FCF7BA
:108A300037FB4C20FFF7C6FF012076BD0136242E00
:108A4000DCD12A2D09D1EBE7244A13700020F4E78A
:108A50002A2D10D1E4E72A280DD02C2D0BD16379D3
:108A6000002B08D11E4A1178002904D013701D4A2A
:108A700013701D4A13706B469E1D022221003000A8
:108A8000F8F77EFF3388002BE0D16379002BDBD031
:108A9000164B174A1B7812781343D7D00124DB06F4
:108AA000D4D52800FCF7FCFA0C4A1378002BC3D16C
:108AB0001470104A137005F081FC80B20E4A031C3A
:108AC000002800D1231C1380B6E7C046881B010094
:108AD000641B01007C130020021400207B13002083
:108AE000C6130020C5130020C41300200114002069
:108AF000001400207A13002078130020F0B5BE4B3C
:108B0000BE4A87B01A60BE4B070003931B780191E1
:108B1000002B02D00022BB4B1A60019BBA4D5B793F
:108B200002933B00E03B9BB20493072B3AD8B74B30
:108B3000049A9B5C002B06D0B54902980A7800285D
:108B40002DD013430B702B78002B00D1C7E03800D9
:108B5000FCF7EEFA041E00D0C1E0FF2F00D9BEE002
:108B6000019B5A793B001E3B9BB2102B78D8A94938
:108B7000CC5C002A76D13800002C00D020000022E6
:108B8000A54BA6491B789A4200D1A8E002318D1E60
:108B90002D88854200D1FAE00132D2B2F3E79A4340
:108BA0000A70D0E7392FCED1029A9D4B9D4E002AF4
:108BB0002ED001241C70FCF7DFFA2B78444034706F
:108BC000002B01D0FDF7CCFA3378002B1CD02B788A
:108BD000002B01D0FDF7C4FA8D4B01211A78112327
:108BE00013405C1EA3419048297003708F4B1140C5
:108BF0001970D20603D50222C9B20A431A700022A4
:108C00008B4B1A70844B1A703920FCF749FAA4E098
:108C1000029934781A781970002C04D0FDF7A0FA64
:108C2000029B33708FE7002A8DD0824B754A1E78E5
:108C30001460002E0AD101221A70FEF785FEFFF79C
:108C400083FC039B1E70FDF75DFA7CE71C70FFF749
:108C50007BFC794B1C60794B1C60794B1C70F2E7F4
:108C6000002A7CD06C4D2B780B2B01D93800CCE737
:108C7000002C0BD0E0B2FFF7B9FD2B780B2BF5D809
:108C80005A1C2A70654A5B009C52EFE7664BE02F46
:108C90001ED00221E42F1CD01B78002B08D1694C78
:108CA0002378002B04D1E020FFF718FD0123237067
:108CB0005F4AF8B2137801331370FFF797FD2B78F2
:108CC0000B2BD3D85A1C2A70544A5B009F52CDE715
:108CD000012101221A70554A13780B4313700022A8
:108CE00038000199FFF766FC002836D13800FCF700
:108CF0001FFA002813D1FCF73FFA00280FD03E4C92
:108D000023685B6A002B00D1A6E038009847002852
:108D100000D1A1E023689B6A002B00D0ADE03800B1
:108D2000494A0199FFF746FC002816D1019B324EB3
:108D30005D7933685A88BA4200D0DDE0434E444C36
:108D4000002D00D1A6E005F039FB80B2031C0028FD
:108D500000D10123338000232370002019E2E02F8B
:108D600005D00323E42F03D03800140007E70223C3
:108D70002D4A5B4214702D4ADCB2117838000B404A
:108D80001370FCF7B3F92F4A13782340A6E70022AB
:108D9000304ED1B28B420DD9511C4D00755B8542CE
:108DA00028D11D49013BDBB20B701C495B005B5AAB
:108DB00052005352C0B2FDF78DF9002C8FD11C4ADE
:108DC0001378002B8BD0013BDBB21370002B86D1C4
:108DD00001251C4C23782B4200D180E7134B1B78D4
:108DE0002B4200D07BE7E020FDF728F92378AB4346
:108DF000237074E70A00CCE7FC130020301B01004D
:108E00003E14002074130020EA130020271B0100E9
:108E100024140020161B0100D0130020D2130020C0
:108E2000701300206F130020CC130020CE130020FD
:108E3000CD1300203F1400208C160020881600203F
:108E40006E130020CF130020D58900006C13002082
:108E50006A130020D0130020019B5B79002B00D106
:108E60005DE7934B1B78002B04D1FCF70DF900282C
:108E700000D1FBE6FFF768FBF8E6019A380051796C
:108E80009847002800D14AE7019B5B79002B00D16D
:108E900045E7EBE62278002A0BD0864D288800288B
:108EA00002D0C0B2FDF716F900232B8000233380D7
:108EB00052E73288002AF9D07F4A1278042A02D178
:108EC000FFF748FBF2E7DB68002B11D17B4B1B78E7
:108ED000002BEBD0039A7A4B12781A70FDF712F937
:108EE0000423039A1370FEF72FFDFFF72DFBDDE738
:108EF00098470028EAD1D9E76F4B02931B78042BDF
:108F00000BD1049A072A2DD8002D06D03A009A4397
:108F1000E12A00D1AAE6FFF71DFB684B019A1B78F6
:108F20005279002B00D1D7E03168897C002900D12B
:108F3000D2E0292F00D0F2E0002A00D1EFE0029B1E
:108F40001B78002B00D0CDE05E4B22221B7819004D
:108F5000914300D0C6E09A0700D4A5E05A48FFF735
:108F6000D9FC83E6002D47D00F2F0ED80A2FD2D977
:108F700038002222534B0B381B7813400428CAD8E0
:108F8000F9F72EF812C919242F00282F30D02C2FD2
:108F9000C1D105F013FA80B24C4A031C002800D15D
:108FA00001232C20138030E6CF20494B1880FFF797
:108FB00095FB0B2029E6CE20002B00D00C30444B33
:108FC0005880C0B2FFF712FC0D201EE6CD20002B0A
:108FD00000D00C303E4B9880C0B2FFF707FC0E204B
:108FE00013E6D0203A4BD880FFF778FB0F200CE631
:108FF000D220FFF773FB39E60F2F0AD80A2F8CD93E
:1090000038000B38042888D8F8F7EAFF1687212C97
:109010003700282F44D02C2F00D07EE72D4C2B4A30
:1090200023780592002B33D0D120FDF707F8257067
:109030000023059A138070E7254C2088002800D172
:109040006BE7C0B2FDF746F80023238065E7204CAC
:109050006088002800D160E7C0B2FDF73BF800232C
:1090600063805AE71A4CA088002800D155E7C0B2A7
:10907000FDF730F80023A3804FE7154CE088002867
:1090800000D14AE7C0B2FDF725F80023E38044E7AA
:10909000059B1B88002BCBD0D120FFF793FCC7E7A3
:1090A000D220FCF7CBFF38E7002B1BD0352056E74A
:1090B0005E140020681300203E1400203F1400209E
:1090C000F81300202414002035020000EC130020C7
:1090D000F0130020EE130020292F20D1002A1ED0EB
:1090E000002B1CD02222874B1B78934317D1029B65
:1090F0001C78A31E012B12D9012C4CD1824B1B785A
:10910000002B0CD1029A1370FEF71EFCFFF71CFA1D
:1091100005F054F97D4B002800D120001860019B18
:109120005A79002A00D1D9E0794B1B78002B0CD05A
:10913000029B1B78012B08D133681C6B002C04D0D8
:10914000704B19782588002D43D10B2F56D00D2F49
:1091500000D1BBE00E2F00D1BCE00F2F00D1BBE04F
:10916000002A52D1E52F0ED16A4C2378002B0AD069
:109170000220644B1B78034203D1FCF767F9FCF72C
:10918000E3FB002323703800FBF7B0FF01235840B6
:10919000C0B207B0F0BD5D4C2568002D0CD1002396
:1091A0002360FFF7D1F90123039A1370FEF7CCFB7C
:1091B000FFF7CAF9292028E505F000F9564B401BB6
:1091C0009842ECD805F0FAF8002800D10130206070
:1091D000A5E7AF4210D1E378A0780B40002807D173
:1091E000002B09D1FFF7B0F96368984728000CE518
:1091F000184201D08343F3E70834A3E70024444B2B
:109200001B78002B04D10120C3E701246442F6E758
:10921000E52F00D12AE5049B072BF4D9394B1D78A3
:10922000394B2A001B78019322239A4317D0631CE1
:1092300022D0019B002B26D1029B1E78012E1ED12D
:109240003800FBF72DFF354D2B5D002B00D084E55A
:10925000334B6200985CFFF7C9FA2E557DE53E005E
:109260001D4202D08026B6003E433000FBF768FB6B
:10927000002814D1292F12D0019B002B03D1FBF71A
:1092800003FF002801D0FFF75FF9AD06BBD538001A
:10929000FBF764FF0028B6D1FCF7B8FBB3E730005A
:1092A000FEF796FB0028F0D13800FBF7F9FE631CAF
:1092B00000D152E5019B002B00D04EE5029B1B78AC
:1092C000012B00D049E5174A135546E50124002A31
:1092D00095D107E00224FAE70324F8E70B2F00D02A
:1092E00035E7140000260F4B0C4D1E552B5DB34285
:1092F00000D148E70A4B6200985CFCF7EBFE2E5564
:1093000041E7C046241400205E140020741300209E
:109310003F14002025140020B70B00002A14002061
:10932000B01C0100261400200123834010B5034A1D
:1093300010781843C0B2FBF7A5FF10BD0114002040
:10934000F0B50379070089B0002B00D1E6E10121D7
:10935000FCF770FA0022B84B05001A80B74B1A7060
:109360007B7993420BD005F029F8B54B1860B54BCB
:109370001B78013B012B02D80122B34B1A70B34B6F
:109380001A78002A0ED02C2D00D1A5E1B04A9542C2
:1093900000D100E2AF4A954200D1FCE1E02D18D0A7
:1093A00000221A70AC4A954200D118E245D8A84A6A
:1093B000954200D1EFE12CD8E72D00D1BBE10BD8CD
:1093C000652D00D1C0E1E32D00D1ABE12C2D00D102
:1093D00082E1390028008EE1A423DB019D4200D107
:1093E000E2E19E4B9D42F4D17B79002B00D0B0E0AE
:1093F0009B4B3A889A4200D0ABE09A4B1A79012AEB
:1094000000D1A6E001221A7100225A71964B033254
:10941000DCE1904B9D4200D1BDE1944BEB189BB237
:10942000032BD6D8924BE8187B79022800D993E118
:10943000F8F7F4FD9A01A201AB018E4AA81882B296
:109440000E2AC6D80E28C4D8F8F7DEFD0F002B0070
:1094500040005B006E00B800C400E0003A01C3FFAA
:10946000C3FFC3FFC3FFD501EA017A79824B002A0B
:1094700012D001241C70FCF7DFFF7A4B1A78A2424D
:109480000BD000201C70FDF71DFCFDF7B3FA7B4BE1
:109490001C7004F093FF00E01A70794B00221A80D0
:1094A00057E07A79774B002AF6D001221A70FCF740
:1094B000C3FF6C4B1A78002A02D15A78012AECD0EB
:1094C0000124002220001A705C70DCE77A796E4B70
:1094D000002AE1D001221A70FCF7AEFF614B1A7826
:1094E000002A02D15A78022AD7D0002202201A700C
:1094F0005870FDF7E7FBFDF77DFA01225F4B1A700C
:10950000C7E77A79614B002AC6D001221A70FCF7AE
:1095100093FF544B1A78002A02D15A78032ABCD000
:10952000002203201A70E3E77B79002B11D04D4B0A
:109530001A78022A0DD0022208201A70FDF7C2FB09
:10954000FCF748FFFDF756FA00224C4B1A7004F066
:1095500035FF7C79002C00D111E24D4BEB189BB20A
:109560007F2B01D900F039FEEDB20F2D00D9C7E0F5
:109570000121912007AA04F0F5FC04AB1C7B002C10
:1095800000D0BDE0002D00D060E10126079407A8BF
:10959000FCF726FB002800D1B2E0012800D0A6E1AC
:1095A00007A8FCF71DFB04000138032800D962E17D
:1095B000F8F734FD5C0168016E0174017B7935496F
:1095C000354A002B04D001230B7000231370C0E731
:1095D0000B70FBE77A79002ABBD1224B18795979B5
:1095E000012805D10129B4D15A71FDF703FAB0E77A
:1095F0000029F9D10122E3205A71FCF71FFDE72071
:10960000FCF71CFD6520FCF719FDEEE77B79002BCC
:109610009FD0224C23787F2B42D9FFF735F87F2249
:1096200023781340002223700E4BDA70FDF7E2F925
:109630000D4B03221A708CE7A02700209F270020E3
:1096400010130020C71300200C1300200B13002060
:109650002252000023520000037C0000015200004F
:1096600002030000640C00200A130020B787FFFFEC
:10967000B687FFFF0082FFFF94270020902700207D
:109680009627002093270020922700209127002072
:109690000089FFFFC5130020C41300201A13002007
:1096A000DB090BD1FEF7F0FF802322785B421343E6
:1096B00001222370C14BDA70FDF79CF9C04BB8E76B
:1096C0007A79002A00D044E71A78002A00D040E7CF
:1096D00001211970BB4BADE77979002909D11B78BD
:1096E000002B06D0B74A13780133DBB2032B17D80F
:1096F000137039002C20FFF701FA002800D028E76A
:10970000B14B1B785B0709D07B79002B06D0AF4BA0
:109710005B785B0702D50220FBF746FE09B0F0BD7F
:109720001170E6E7A54B5B79002B01D000237B711C
:109730003900E320DFE7A14B5B79002B01D0002348
:109740007B713900E720D6E79C4B5B79002B00D179
:10975000FFE600237B71FCE6002B00D0F9E69C4B72
:10976000DB78C72BAAD8F4E6002B00D0F1E6984BA3
:10977000DB78002BA2D0ECE6002B00D0E9E6944B7E
:109780001B79FF2B00D0E4E698E7002B00D0E0E641
:109790008F4B1B79EDE77B79002B02D001228D4B9B
:1097A00048E700228B4B45E77B79002B00D0D0E6C1
:1097B000894B3A889A4200D0CBE6804B1A79002A2E
:1097C00000D1C6E600221A71844B01321A70E220E1
:1097D000FCF734FCE320FCF731FCE6200DE77A7956
:1097E0007F4B002A05D001221A7000237B717D4B2C
:1097F00054E61A70FBE77B79002B00D1A9E67A4B7F
:109800001C681E68FEF71AF8E1046C4CB604247854
:109810000300F20FC90F0094744807F039FC98E672
:109820007979002900D094E6644B01201C796B4AB9
:10983000002C06D118715C7103231370FFF774FDBF
:10984000C5E719711070FBF72FFDC0E7922C00D10E
:1098500056E72000012107AA04F084FB04AB1B7B20
:109860000134002BF2D1013DEDB28BE607A8FCF7E5
:10987000B7F9FFF7A7F8300004F0DCFE002C00D0A9
:1098800085E63DE707A8FCF7ABF9FEF7AFFFF2E787
:1098900007A8FCF7A5F9FCF71DFCECE707A8FCF707
:1098A0009FF9002504000422514B1B5D134215D182
:1098B0000120002D0FD0FA22002392002800E91782
:1098C000F8F760FB00234B4A80185941FA22002325
:1098D0009200F8F705FC04F0ADFECCE70A2307A8D8
:1098E0005D43FCF77DF9303C65190400DBE7072296
:1098F000414B1B5C0393C3081040404ADBB2D25C6F
:1099000002411100314004913D49C95C014131409F
:109910000D003C49CC5C04413440324205D0E1208A
:10992000FEF7DCFE300004F085FE002D05D0E620B9
:10993000FEF7D4FE300004F07DFE03980021FFF70F
:1099400033F8300004F076FE002D05D0E620FCF759
:1099500075FB300004F06EFE049B002B05D0E12067
:10996000FCF76CFB300004F065FE002C00D10EE625
:109970002C20FFF727F8300004F05CFE07E6224BAE
:10998000E818062801D900F01BFCF8F733FB0E128B
:10999000040B3F4347002623E1221100200007F07B
:1099A00035FEADE62723E522F7E72623E122E02175
:1099B000F4E72723E522E421F0E7C046640C002009
:1099C0000913002008130020181300201A13002088
:1099D000A817002007130020010300000A1300202D
:1099E0008C2700208E2700200004004884190100E5
:1099F00041170100E7030000961A0100861A0100D2
:109A0000761A0100761A0100E883FFFF2623E1227F
:109A1000E221C3E72723E522E621BFE7282301222D
:109A2000E521BBE70123227813432370042021881A
:109A300004F003F9FEF728FE62E608236278134378
:109A40002CE002232278EFE704232278ECE70823B6
:109A50002278E9E701236278F1E702236278EEE7F2
:109A600010232278E0E720232278DDE740232278C4
:109A7000DAE7FEF709FE802322785B42D4E70C2365
:109A800022789A43D0E7032362789A43D7E70122EA
:109A900023789343C9E70822637893436370C5E74B
:109AA00002222378F5E704222378F2E708222378BC
:109AB000EFE701226378F0E702226378EDE71022F6
:109AC0002378E6E720222378E3E740222378E0E7C3
:109AD000FEF7DAFD7F2223781340A6E70C222378D5
:109AE000D7E703226378D8E70122042023785907B7
:109AF000C90F8A43910083430B430821D2008B4353
:109B000092E7012108006378DA07D20F904302221E
:109B10008B430343410093430B43BFE70122237868
:109B20005906C90F8A4392014021E8E7FEF7ACFDD0
:109B300001222378D9094A407F21D2010B4073E7E3
:109B400001210E2004F06AF870E70021F9E70122F4
:109B50002378D906C90F8A4312011021CFE70121CA
:109B600008002378DA07D20F90430200C7E70122EA
:109B700063781907C90F8A430821D2008B435EE737
:109B800055221B7893431900481E8141AB4A35206A
:109B90001170002B00D10C3804F02CFBFBF7D4FE25
:109BA000AEE5012004F0AAF8AAE5002B33D004F0BA
:109BB000E7F8A5E5002B33D004F0FEF8A0E5002B74
:109BC00033D004F019F99BE5002B33D004F038F9B9
:109BD00096E5002B33D004F055F991E52222984BFD
:109BE0001B781340974AA8180E2835D8F8F7F8F9CB
:109BF000080ED9DD11E216E71BEC20F1252A2F0013
:109C000004F08CF8012004F03BF879E504F09AF8B0
:109C1000F8E7002BCBD004F0A5F871E5002BCBD0F2
:109C200004F0BEF86CE5002BCBD004F0D3F867E568
:109C3000002BCBD004F0F2F862E5002BCBD004F07F
:109C400011F95DE5002B04D004F03EF958E5002B36
:109C5000FAD004F027F953E57B4B9D4215D07B4B9E
:109C60009D421DD07A4BEB189BB21F2B1DD8002CA8
:109C70002AD11F2301342B409C40E4B22100032051
:109C800003F0CCFF734B1C703AE50120002C09D087
:109C9000FFF74AFB032202210120FBF75BFB2FE5C4
:109CA0000220F3E7FBF700FBF4E7002C2BD06A4B14
:109CB0009D421CD0694B9D4210D0694B01209D42B2
:109CC00012D0684B9D421AD0674B9D4211D0033B86
:109CD0009D4218D1FEF7D8FCFDF796FC634B5878EF
:109CE00001234007C00F5840FCF77AFA08E500202E
:109CF000FAE7FCF7B7FD00205D4903F09EFFFEF791
:109D0000C3FCFDF7C1FC3B8806AD2B800698002CF8
:109D10005AD0FBF767FD040001000698FBF7D0FA64
:109D20002A8807AB1A8020000799FBF73DFAFBF75A
:109D300075FC0022BB797D791B0903934D4B041CF4
:109D400005931B7804925B072BD00495954228D08D
:109D500023041B0E19000F329143402910D0C1B2C9
:109D60000A0000202032D2B20490072A19D91F22FB
:109D70009343202B04D1012913D9039B834210D094
:109D800000223A4B04925B785B070AD50220FBF76E
:109D90000BFB0722059B1B7813405A425341DBB251
:109DA00004932304180F0B2800D989E0F8F736F93B
:109DB0001000100066006600DF00F30088008800D5
:109DC000FE006B017E017E01FBF7A2FA0400A7E70B
:109DD00026052304360F1B0E0F2B00D93601E4B2E3
:109DE000002D13D0002E0DD023002033DBB2072B23
:109DF00002D9214A002C00D1114A13783343137041
:109E0000FBF7A2FD2000FEF7F1FC59E02000FCF773
:109E100061F9002E54D023002033DBB2072B01D987
:109E2000002C03D13000FBF711FB03E0124A13783A
:109E3000B3431370FBF788FD42E0C04615130020C2
:109E400002140020C087FFFF777C0000787C0000B0
:109E500020ADFFFF001400205B7C00005C7C000054
:109E60005A7C0000017C0000037C00001A130020D3
:109E7000FFFF0000181300201C1300200F222304F2
:109E800026051B0E360F9343202B00D03601E4B27B
:109E9000002C07D0012C52D0039B002D5BD0002B4F
:109EA0002CD0AFE7B34B5B785B0722D4002D05D0F5
:109EB000002E05D0B04A13783343BAE7002EB1D153
:109EC000049B002B00D19CE0059B18780123020025
:109ED0001A40184200D094E07A71C008FFF724FAC3
:109EE0003800FFF72DFA059B1878C008FBF7DCF95E
:109EF00087E0039B002D11D0002B03D13000FBF72E
:109F000079FDDDE7039B012BDAD19C4A1378190018
:109F1000334331408E42D3D01370D1E7002BCFD1E1
:109F20003000FBF75FFD954A1378334201D0B3430D
:109F30001370934A13783342C2D0B343ECE7039BC8
:109F4000002D02D0052BBBD8D8E7042BB8D83000A1
:109F5000FBF748FDB4E7002BF9D05020392C00D096
:109F6000012004F067FB2000FCF7B4F8A8E7200507
:109F7000800F09D00128A3D10020854201D0A0057F
:109F8000800D04F01DF99BE7002D01D0A005800D88
:109F900004F0FCF894E7E0B2002D04D003F0FAFFDF
:109FA00004F03CFA8CE704F04BF8F9E723049B013A
:109FB0009B0F32D1002D22D1102023065B0F9B0076
:109FC0002107DBB2090F99400200C9B222402042AA
:109FD00003D00F229A40D243D2B224056948A40F7D
:109FE000022C14D0032C16D0012C04D003780A4381
:109FF0001A40027003E003780B431343037004F02C
:10A00000B5F800213800FBF715FCFFF787FB037854
:10A010000A435A40EDE70A43EBE7A3059B0FDAB288
:10A02000002D21D0DB07EAD52206520F920020072F
:10A03000D2B2000F9040C1B2102003002340204252
:10A0400003D00F239340DB43DBB22405A40F022C83
:10A0500011D0032C14D04C4A012C08D010780B439B
:10A060001840FBF70FF9CAE7012AC8D9DCE71078D6
:10A0700008431843F5E7444A0B4310785840F0E78B
:10A0800019430800EDE7E6B22405240F002D06D0A1
:10A090002000FFF749F93000FBF7ACFCAFE73000D8
:10A0A000FBF7A0FC2000FBF7FFF8A8E7E6B23000C2
:10A0B000F038042843D8F7F79DFF0326141B22002D
:10A0C000039B002D0AD0042B99D80120E404E40E50
:10A0D000A0402D4B1B785840C0B2C2E7052B8ED84C
:10A0E000F3E7E004C00E002DDDD1FFF71DF986E790
:10A0F000281EB6D00120E404E40EA040ECE71D4B7E
:10A100005B785A0704D4E004C00E002DCBD0ECE7F6
:10A11000002D09D0E004C00E5B07E6D50323C20082
:10A120001343059A1370E0E70120FBF73DF9039B09
:10A13000012B00D863E70220FBF736F95FE7039BAA
:10A14000002D08D0002B03D03000FEF74FFB56E760
:10A15000E004C00EC9E7002B09D05020392E00D0F2
:10A16000012004F067FA3000FBF7B4FF47E7E00492
:10A17000C00E98E71A1300200214002016130020C6
:10A18000171300200014002001140020314A324B24
:10A19000954200D1F4E422221B7813402F4AA818DC
:10A1A0000A2800D958E5F7F72FFFFCFC00FD34FD25
:10A1B00005FD39FD0AFD3EFD0FFD43FD14FD48FD83
:10A1C000244B9D4200D009E5254B35201B78002B00
:10A1D00000D10C3804F044F8E0E4224BE8180628DB
:10A1E00001D8FFF7D2FB00221F4B1A701F4BEB1850
:10A1F0009BB2222BCAD8042003F0CAFC1C4C1D4B76
:10A200002080E818212801D9FFF70CFCF7F7FCFEA5
:10A210003FFCA7FC48FC19FC1CFC4BFC1FFC4EFC43
:10A2200057FC28FC9FFC2BFC5AFC2EFC5DFC86FC9A
:10A2300031FC60FC8EFC37FC66FC6CFC22FC51FCA3
:10A2400025FC54FC3BFC69FC79FC98FC9DFC15FC4E
:10A2500043FCAFFC167C000002140020E087FFFFE7
:10A2600015130020E883FFFF141300200090FFFF68
:10A270001A130020FF8FFFFFF8B51A4883790F2BC0
:10A280002BD84379002B28D0174B05881A78174B09
:10A2900046881C7807239C46154FA2421DD0D30048
:10A2A000DB191979002919D01988A94216D15979D1
:10A2B000002913D15988891B89B2C7290ED80F24C8
:10A2C0001021827922400A4382719A7922401143F7
:10A2D0009971FFF735F8FBF757F8F8BD634601327F
:10A2E0001A40DAE7601300201E1300201D1300201F
:10A2F00020130020F0B5040087B00622010002A858
:10A30000F7F73EFB774E6579337922790193002B7D
:10A3100013D1002A0FD0002D00D1DEE02000FBF782
:10A32000B3FA002800D1D8E0082221003000F7F766
:10A3300027FBFFF7A1FF012543E0737967880093AE
:10A3400073880099FB1A9BB2002900D19FE0C72BAC
:10A3500067D8002AEFD0B379328821880F2B52D8E2
:10A3600091420DD1002D49D10F22134001321343E8
:10A370003000B371FEF7E4FFB379A371002520E04C
:10A38000002D3BD1267867782A003900300007F08D
:10A3900087F92A003900300007F082F9051EEDD157
:10A3A0000298FBF761FAC3B200040F21020F032ADF
:10A3B0000AD8012A11D9000E014213D0A2790F2A1E
:10A3C00010D8280007B0F0BD06320A40012A0ED985
:10A3D0002000FEF7B5FF009DF3E7000E014201D01B
:10A3E000002BEED02033DBB2072BEAD9F0E7EF2BBE
:10A3F000E7D90F33DBB2022BE3D9E9E70123B279C6
:10A400001343B371BAE791422AD1002D28D1A37129
:10A410002000FEF795FF082221003000F7F7B0FA80
:10A4200089E7B3790F2B08D83000FEF789FF08229F
:10A4300000213000F7F7B8FBA0E7002A00D17AE747
:10A440003188228891420BD1002D09D12000A371BF
:10A45000FEF776FF082229003000F7F7A5FB6AE730
:10A460002000FBF711FA002837D0002D35D0B37942
:10A470001F2B00D858E7328804A80280019A478031
:10A480000271002283714271FEF75AFF4CE7C72B1D
:10A49000CDD8002A00D14EE7002D1ED03288238867
:10A4A0009A4210D1B379DA07B5D40F2BB3D90F2163
:10A4B000A3718B43F02BABD0A3791A09013212019F
:10A4C0000B401343A3E72000FBF7DEF9002800D080
:10A4D0002AE70123B2791343B3712000FEF730FF5E
:10A4E00029E7C04660130020F0B50D0A8BB0EDB22D
:10A4F00002AA02905160002D02D000212F4B19704A
:10A50000002302A9CB81029B04AC04931679002E90
:10A5100009D00121200026716571FBF78BF901211B
:10A520002000FBF787F9657106AD2100082228009D
:10A530002671F7F725FA2800FFF7DCFE041E1DD16F
:10A540001F4B204F00931B780822290008A8019375
:10A550003E78F7F715FA2B79002B0FD00723751CDF
:10A560001D40019B9D4212D01748F6000822801919
:10A5700008A9F7F705FA3D70FAF706FF0725104C12
:10A58000104B20781B7883420CD10BB0F0BDFEF746
:10A590007BF8009B082221000C483C701C70F7F7E8
:10A5A00003FBEBE7084BC000C018FFF7A3FE002831
:10A5B000EBD0237801332B402370E0E71C130020FD
:10A5C0001E1300201D130020201300206013002004
:10A5D0001FB50124FCF746F900201A4903F02DFBB2
:10A5E0000021022003F01AFB174B210003201C70EE
:10A5F00003F014FBA4210420490103F01EFB03F027
:10A6000083FC21000F2003F027FB10220021684665
:10A61000F7F7CAFA22006846252103F0C5FA04219B
:10A62000132003F019FB102200216846F7F7BCFA4B
:10A6300004222621684603F0B7FA03F075FD03F003
:10A6400055FC1FBDE3FE000000140020F7B503F029
:10A65000B5FE094E84B23388A3420BD06D46002765
:10A660002F8003F0ABFEAF80688000980199FFF760
:10A670003BFF3480F7BDC046B01200200A4B80007B
:10A68000C35870B55A1C0DD072B60F221C0013406F
:10A6900094430E3A15009D402000290004F028F84C
:10A6A000A56062B670BDC046001A0100FEE7030057
:10A6B000DA680800511C10B5D96019698A4204D2C1
:10A6C0001C68002C02D05968A04710BD9B689854A4
:10A6D000FBE7000010B5024B1B68984710BDC04651
:10A6E000C40E0020F7B51E00C36804000093089B49
:10A6F000150001919B070DD0002D0DD1089B9B07E4
:10A7000015D4F7BD20212000FFF7D1FF0137B74254
:10A71000F8D3F1E71700FAE7019B013D2000595DEE
:10A72000FFF7C5FFE8E720212000FFF7C0FFE3683F
:10A73000009A9B1AB342F6D3E3E70000F0B58FB05E
:10A740001D00169C04900392002921D123051BD4DF
:10A75000302304AA1372203B9C4301310A00A30753
:10A7600045D401231598234000283ED0002B3ED02D
:10A77000039B002B02D10C331C4202D0159B013BE2
:10A7800015930A0030232AE0102DE7D1AC43E5E70A
:10A790006123A20600D541230E000027DBB20A3B4D
:10A7A000059329003000F7F7FDFA059BCAB2D318CC
:10A7B0008446DBB2092901D83032D3B2082004AA7A
:10A7C0001218791CD355B542C8D82029C6D00F001D
:10A7D0006646E6E7082604A88019835401321598D6
:10A7E000904204D9202AF5D101E0002BC9D13023B1
:10A7F00004E0082604A8801983540132149890427A
:10A8000001D9202AF5D1082D03D1914201D210237C
:10A810009C432C4B1C423AD0230522D4002A20D042
:10A82000149B934202D0159B93421AD1914202D2BB
:10A83000013A002A15D0244BEB40DB071FD591428B
:10A840003DD2013A102D12D1A3062CD4202A10D1CA
:10A850002022159B0498009406A9FFF743FF0FB030
:10A86000F0BD102DF0D0022D09D1202AF0D06223A6
:10A8700000E07823082004A909188B540132202A0B
:10A88000E6D00820302304A909188B540132202A6D
:10A89000DED0039B002B0AD02D23082004A9091821
:10A8A0008B540132D5E75823202AE3D1D0E7630740
:10A8B00001D52B23F1E72307CBD52023EDE7102D7E
:10A8C000D3D1C1E710200000040001007FB52A4A5F
:10A8D000030CDBB2D45C050AEDB223002100019029
:10A8E000002D2DD0062001AB1E78FF217043F7F715
:10A8F0005DFA5522524242437600B218032656436F
:10A90000FF21F6B232008E1B4B1B6A4375431212B5
:10A910002D128A1A491B6343624361431B121212B0
:10A920000912DBB2D2B2C9B2062820D8F7F762FB0F
:10A93000040613161A1F040022000C002100140044
:10A94000FF22200011401040090213401B0408435D
:10A95000184304B070BD1A000B00EFE711001A0095
:10A960002300EAE722001C0013000A00E6E71100BA
:10A9700022001C00F0E7C0460A240100010030B5A7
:10A98000C0B2012916D9F723FF225B01994202D8F0
:10A990004A090832D2B20124A018401005004543EC
:10A9A000ADB2C3B2A94206D2013BDAB29442F3D9A6
:10A9B000013CE0B230BDFF28FCD00133DCB2F5E74A
:10A9C000054A064B11884B4305495B189BB2180A90
:10A9D000C018C0B213807047C20E002005080000E6
:10A9E0001936000010B50400FFF7EAFF60430012BB
:10A9F000C0B210BD0F21430615D40B000200034066
:10AA000092060B49920F52005218517812784B431C
:10AA10001B119B1840B2DBB2002801DA5B42DBB2AB
:10AA2000803BD8B27047C343DAB20B400133E7E74B
:10AA30000224010010B50B00041E02D1C80FC00192
:10AA400010BDC11742184A4012B2D118002B0BDBBF
:10AA50009B1A5801F7F7AAF92023181AC0B2002C44
:10AA6000EEDA4042C0B2EBE74801D11AF7F79EF99F
:10AA70006023F2E71FB5040C01905008FFF7BAFFFE
:10AA80000200803AE4B2D3B2120603D580235B42BF
:10AA90001B1ADBB201AA1288FF2110005B000134EF
:10AAA000DBB26343120A1B12084012020B401B0464
:10AAB0001043184304B010BD1FB5030A0190303194
:10AAC000D8B20E4B4900C95CE5234B431B121C3323
:10AAD0009A1AD317D2185A40D200821A01AC131C0A
:10AAE000120400D500231BB2013058430012A37892
:10AAF000607020881B04184304B010BD881B01003F
:10AB0000030C84B001903031D8B2114B4900C95CBC
:10AB1000E5234B431B121C339A1AD317D2185A4001
:10AB2000D200821A131C120400D500231AB2431C4F
:10AB3000534301AA1288FF2110001B12120A084079
:10AB400012020B401B041043184304B07047C04668
:10AB5000881B01007FB5040A0190E4B21000E51AD9
:10AB6000FFF768FF8300C01AEDB22D18EDB2013473
:10AB70006C4301AE2412B378747030881B04184300
:10AB800004B070BD7FB5040C051CE4B21000E61AD9
:10AB9000FFF750FF8300C01AFF23F6B236181800E3
:10ABA000F6B20134744328402D0A1D4024122D02B0
:10ABB0001C40034B284324041840204304B070BDBC
:10ABC000FFFF00FF7FB5040A0190100008AA157866
:10ABD000E4B25D1BFFF72EFF6519EDB22D1AEDB241
:10ABE00001346C4301AE2412B378747030881B04B6
:10ABF000184304B070BD00007FB5051C040C1000A4
:10AC000008AA1678E4B29E1BFFF714FFFF23A619CB
:10AC1000F6B2361A1800F6B20134744328402D0AF1
:10AC20001D4024122D021C40034B284324041840CD
:10AC3000204304B070BDC046FFFF00FF84B001A9EF
:10AC400001908B780A7008881B04184304B0704781
:10AC50001FB5074B30314900CB5C01AC01909B1A0A
:10AC60002370A37820881B04184304B010BDC0468D
:10AC7000881B01001FB5074B303149005B185B781A
:10AC800001AC01909B1A2370A37820881B04184301
:10AC900004B010BD881B0100F0B5303115000E4A1C
:10ACA0004B00D3185F7885B03E00203E019001AC88
:10ACB000C0B273B2360602D52023DB1B5BB249005B
:10ACC000525C521BD2188018A378207020881B0475
:10ACD000184305B0F0BDC046881B010084B004AA2B
:10ACE0000190107803225A43521001A980188B78E2
:10ACF000087008881B04184304B070471FB51C0077
:10AD000001904BB2080601D549424BB23820C01A17
:10AD100080B292B252434043801880B2FFF72EFEB9
:10AD20000323434301AAE4181470937810881B048A
:10AD3000184304B010BD30B585B0019010001D005F
:10AD4000FFF778FE01AC4019A378207020881B041F
:10AD5000184305B030BD30B585B00190100008AA89
:10AD6000147801AD1C1BFFF765FEE4B2241AAB7822
:10AD70002C7028881B04184305B030BD7FB50D4DDD
:10AD800030335B00EE185B5D7678703B59437F2370
:10AD9000203E72435118CA171A405218D21101AC02
:10ADA00001901218A378227020881B04184304B065
:10ADB00070BDC046881B01007FB50D4D30335B0070
:10ADC000EE185B5D7678703B59433F23203E72431B
:10ADD0005118CA171A405218921101AC019012185A
:10ADE000A378227020881B04184304B070BDC046AD
:10ADF000881B01007FB5134D30335B00EE18767869
:10AE00000190203E72435E5D01AC3500703DC0B2E2
:10AE10006BB22D0602D570239B1B5BB23825EB1A53
:10AE2000594303238A187F215343DA170A40D21863
:10AE3000D2118018A378207020881B04184304B016
:10AE400070BDC046881B01000C4B3031490084B0F6
:10AE500001905818C95C03234078091A4B43DBB2B0
:10AE6000991AC9B2202801D9D218D1B201AA93786F
:10AE7000117010881B04184304B07047881B010030
:10AE800030B585B00190C4B25008FFF7B3FD0200A1
:10AE9000803A01ADD3B2120603D580235B421B1A60
:10AEA000DBB20D225B00DBB253431B12E4182C70A3
:10AEB000AB7828881B04184305B030BD7FB50E0061
:10AEC000041C01901000FFF795FD30360E4B760004
:10AED000F35C01ADC018C0B20200803AE4B2D3B254
:10AEE000120603D580235B421B1ADBB20D225B00E6
:10AEF000DBB253431B12E4182C70AB7828881B0478
:10AF0000184304B070BDC046881B010030B50C4B1F
:10AF100030314900CD5C85B0AB1A019001ACC0B2B4
:10AF2000D9B21B0601D5521BD1B219234B431B12B8
:10AF3000C0182070A37820881B04184305B030BDCA
:10AF4000881B01001FB501900520434306AA128803
:10AF500001A9D3181A1C9BB2FF2B00D9FF22D3439F
:10AF60008A78DBB29B181C1CFF2B00D9FF240A88AF
:10AF7000FF231000120A1840120223401B04104342
:10AF8000184304B010BD30B585B0019008A8008802
:10AF90001B18C81709184140D0171218424009B2AF
:10AFA0009BB292B20901FF2900DDFF2112B212010A
:10AFB000FF2A00DDFF220C1C15B209B201A8A9422C
:10AFC00000DD141C1B191A1C9BB2FF2B00D9FF2299
:10AFD000D3438278DBB29B18191CFF2B00D9FF21C9
:10AFE0000288FF231000120A184012020B401B04B3
:10AFF0001043184305B030BD7FB5050C160008AAF4
:10B0000001901288E8B201ACFF25482B06D8D31A6C
:10B010001A1C9BB2AB4200D92A1C95B2083189B2E6
:10B02000102905D9330008339BB2102B00D9FF2516
:10B030000321ED430C4BF2170A405B7892199210F2
:10B04000EDB2D21840192270011CFF2800D9FF214F
:10B050002288FF231000120A184012020B401B0422
:10B060001043184304B070BDA817002084B004AA90
:10B0700012880190D21A131C92B2FF2A00D9FF2322
:10B08000DBB2D94301AA9078C9B24018011CFF284D
:10B0900000D9FF2110781B1813701288FF231000AD
:10B0A000120A184012020B401B041043184304B04C
:10B0B00070471FB506AA128801A9D31A1A1C9BB2A1
:10B0C0000190FF2B00D9FF22D3438A78DBB29B1873
:10B0D0001C1CFF2B00D9FF240A88FF231000120A32
:10B0E0001840120223401B041043184304B010BD43
:10B0F0001FB53C23FF334B43154A01901168040CE4
:10B10000C918144B89B21879E4B2C0080130484319
:10B110000012C0B2FFF76EFC0200803AD3B21206F2
:10B1200003D580235B421B1ADBB201AA1288FF21E0
:10B1300010005B000134DBB26343120A1B120840AB
:10B1400012020B401B041043184304B010BDC0464C
:10B1500038300020A817002010B5F9F77FFB10BD8C
:10B1600010B5F9F7DDFB10BD0D23584382B0C0B216
:10B1700001AA1070C018031CC0B2402800D9402397
:10B180001078DBB21B02184302B07047B52343436B
:10B1900098B2002B07DA803B1BB2D817C0B2C01898
:10B1A000001240B27047803080B2F9E710B50D4B05
:10B1B00014201B78DA0712D400189A070FD428300D
:10B1C0005B070CD4084B48381B78002B07D048305D
:10B1D0001D2B04D81E215843F6F7E8FD80B2C0B2FB
:10B1E00010BDC046FE1200200013002010B501243F
:10B1F000104B02211B78234215D104220B4210D19F
:10B20000134214D10C4B187800280ED027280ED8E2
:10B21000C0002631F6F7CAFD02002000002A01D046
:10B2200092B2D0B210BD0A00FBE72200F9E7082273
:10B23000F7E7C046FE120020FF120020014B5878AD
:10B240007047C0465C0C002010B5084B08499A8B2B
:10B250000C68084B90B2944204D980241A686402A6
:10B2600012191A601B680860C01810BD98300020C1
:10B27000502C00204C2C00200023F0B5394C7430A9
:10B2800085B06360C178827809020A43090A0329FC
:10B290001FD00DD801295ED01800022901D13248F3
:10B2A0005B3360602360002800D0200005B0F0BD53
:10B2B00042790579120218002A43212944D0222913
:10B2C000EFD1022AEDD8294B9100C858284B9B5C3E
:10B2D000E7E7D2B21800032AE3D81000F6F78AFE97
:10B2E0003E02050812232348DBE716232248D8E74D
:10B2F000224B1E78002E24D1012231001A7068469C
:10B300000F32F6F751FC6D4631001D4B4A10AA5C16
:10B310001C481709C75D4E009E19B7700027BC4630
:10B32000F7700F374E1C3A40825C76009E19B2705F
:10B3300062460231F2702029E8D142321A703F3A57
:10B340005A700F480378ACE7022AAAD80E4B920035
:10B35000D0580923A5E712230C48A2E704230C4880
:10B360009FE7C046442C002078230100E823010019
:10B37000E52301006023010048230100FE2B00208B
:10B38000FF2B002037230100F4230100D323010009
:10B3900074230100030072B60169426900209142E2
:10B3A0000BD1DA68824208D01A6F74331B780130EF
:10B3B0009840138918404342584162B670470000D4
:10B3C0000368002B07D091001960511E8A41024B7F
:10B3D00019780A431A707047903000200368181ECD
:10B3E00002D018688008C0B2704700000368002BC4
:10B3F00001D10020704772B603681A68998862B656
:10B40000002AF6D00020044B9B8B5B1A9BB2934220
:10B410004041C0B2EEE7C046983000204B1E072BDB
:10B420000BD889000B58002B07D091001960511ED2
:10B430008A41024B19780A431A70704790300020F5
:10B4400003000020082906D88900CB58181E02D016
:10B4500018688008C0B27047082901D900207047D9
:10B46000890040180368002BF8D072B603681A6888
:10B47000998862B6002AF1D00020044B9B8B5B1A9E
:10B480009BB293424041C0B2E9E7C04698300020E9
:10B490000A4BC2B29A730122002805D1597C11428D
:10B4A00001D0987DC0B27047197D00201142FAD0BA
:10B4B0009A7DD87D00028018F5E7C046003802402A
:10B4C000036881689A6852189A60426813605A60EB
:10B4D000002301220360024B52429A617047C0462A
:10B4E00098300020036910B51960C268013AC26043
:10B4F000C2699B1882690361934201D3436A036165
:10B5000000238362036B002B00D0984710BD00001E
:10B51000F0B501268E40002745891C003543458142
:10B520008D1CAD004019406814258069826003605D
:10B530004760C7607F2001404D4315484019050012
:10B54000B8352D78BD420AD0124DAE7BA973F6B244
:10B55000BB4205D1B94201D10F4B1970AE73F0BD9A
:10B56000002AFCD0BC239C46844463461A60020037
:10B57000C430C03214600760002903D10322064B97
:10B580001A70EBE701238B40044ADBB21370E5E746
:10B59000A02D002000380240A82B00208238024055
:10B5A0000300006F10B50278042A13D11A00743218
:10B5B000117801228A40448922420BD11A695C69C0
:10B5C000A24202D1DC68002C04D1DB690432043BC6
:10B5D000FFF79EFF10BD10B5406BFFF7E1FF10BDF8
:10B5E0008022074B07491B6852048868D21A064B11
:10B5F00003438B608B681B021B0A9A42FAD3704785
:10B60000A02B002010E000E0FFFFFF000C4B10B566
:10B6100018680C49F6F740FB0B4C0C4B206059683E
:10B620000B4A0A435A609A68120E12069A60042264
:10B6300019680A431A60012219680A431A6010BD8A
:10B64000842D0020A0860100A02B002010E000E047
:10B65000FFFFFF00F0B5304B87B007001878FFF709
:10B6600083FDC4B2250002AB18802C4B30351A790B
:10B670002B4B52081B6801329BB253431B12DBB2A7
:10B680000093284B86B26D00360AED18E3B29E4255
:10B6900006D83F230020B3424041C0B207B0F0BDFE
:10B6A000214A1D4B125D5B78134231D06A781F48E6
:10B6B000203A13B20193194B29785B7870399C4674
:10B6C0006246437880781B021343000409B2019A52
:10B6D0001843009BB84703AB02041870120E000217
:10B6E0005A70000E98701B8804AA138090700498FA
:10B6F000FFF7ECF80204030205A9120E1B0E0870F6
:10B700004A708B70D2B2C1B2DBB22000FFF724FDC9
:10B7100002350134BAE7C046E00E0020A817002029
:10B7200038300020881B0100681C0100A917002088
:10B73000F0B5354B8BB005901878FFF715FDC4B206
:10B74000270083B21B0A06AA0393304B10801A7994
:10B750002F4B52081B6801329BB253431B12DBB2C2
:10B76000049330372B4B7F00FF18039AE3B29A42C1
:10B7700006D83F23002093424041C0B20BB0F0BD39
:10B78000254A214B125D5B7813423AD03D787E7892
:10B79000703D203EADB2B6B228003300684373431B
:10B7A000C01880B2FFF7EAF832B2049E29B2030053
:10B7B000164D1A4800966E78457880782D023543EC
:10B7C00000042843059DA84707AB02041870120E19
:10B7D00000025A70000E98701B8808AA138090709F
:10B7E0000898FFF773F80204030209A9120E1B0E52
:10B7F00008704A708B70D2B2C1B2DBB22000FFF782
:10B80000ABFC02370134B0E7E00E0020A81700209F
:10B8100038300020881B0100681C0100A917002097
:10B82000F0B52B4B89B007001878FFF79DFC294B2A
:10B83000294A1B7915689B080133ADB25D432D126F
:10B84000EDB286B2C4B228004030C0B2FFF7D2F8E1
:10B85000803843B228000293FFF7CCF8803843B217
:10B86000360A0393E3B29E4206D83F230020B34238
:10B870004041C0B209B0F0BD1849154A095D52787F
:10B880000A4222D01649134A009550784A7812028B
:10B8900002438878029900041043039AB8470204CF
:10B8A00005AB120E18705A701B88000206AA000E13
:10B8B000138090700698FFF709F802040302C1B2E2
:10B8C000120E20001B0EFFF747FC0134CAE7C046EA
:10B8D000E00E0020A817002038300020681C01006E
:10B8E000A9170020F7B5104B104A5B78825C040062
:10B8F000134217D00E4B03205D789F78DE78FFF758
:10B9000071F86B4640012D1A1D705F709E70009893
:10B91000FEF7DCFF02040302C1B2120E20001B0E70
:10B92000FFF71AFCF7BDC046E00E0020681C0100BE
:10B93000A817002037B5104B104A5B78825C0400D2
:10B94000134217D0FFF73CF805008020FFF74AF8B4
:10B950000B4B7F30DA786B469A701D7058700098E8
:10B96000FEF7B4FF02040302C1B2120E20001B0E48
:10B97000FFF7F2FB37BDC046E00E0020681C010057
:10B98000A8170020F0B54E4B8FB00790187809919A
:10B99000FFF7EAFB83B21B0A06934A4BC7B21B7838
:10B9A0000AAA08933B0010803033474A5B009B187B
:10B9B000069A0493FBB29A4206D83F230020934292
:10B9C0004041C0B20FB0F0BD404A3D4BD25D5B7804
:10B9D00013422FD0002403223D490BA8F5F7D0FFD6
:10B9E000079B079A0293374BD3180393039B089A3C
:10B9F000013303936B461B7A9A421FD8354B0BAA2F
:10BA0000DB7801335C432412947012880CAB1A80EB
:10BA10009C700C98FEF75AFF020403020DA9120E47
:10BA20001B0E08704A708B70D2B2C1B2DBB2380004
:10BA3000FFF792FB049B01370233B9E7049B1D78A3
:10BA4000039B1B78ED1AABB20593049B05985E78B7
:10BA5000039B40431B7AF61AB6B233007343C018F7
:10BA600080B2FEF78BFF1B4A030012790132111CD2
:10BA7000FF2A00D9FF210298124A0C304000121808
:10BA8000507892780131120289B202434A436946E2
:10BA90000BAD1212AC7090B21424095F32B2099C43
:10BAA00000900B98A04703041B0E6B70029B0402CE
:10BAB000240E0133AC702870E4B2029396E7C046BE
:10BAC000E00E002006300020881B0100681C0100E9
:10BAD000A9170020A8170020F7B51A4B1A4A5B785F
:10BAE000825C050013422BD0184B194A5F789E7870
:10BAF000DC781B791068DB08013380B258430012F0
:10BB0000C0B2FEF777FF0200803AD3B2120603D527
:10BB100080235B421B1ADBB26A465B00DBB2013456
:10BB20005C4324121770567094700098FEF7CEFE96
:10BB300002040302C1B2120E28001B0EFFF70CFB19
:10BB4000F7BDC046E00E0020681C0100A8170020C9
:10BB500038300020F0B51E4A1E4B825C5B78050031
:10BB600085B0134231D01C4BDA785F789E78019211
:10BB70001A4A1B791068DB08013380B2584300125F
:10BB8000C0B2FEF737FF0300803BDCB21B0603D5D3
:10BB900080246442241AE4B21F20FEF723FF6400CD
:10BBA000E3B2019C02AA01345C438019241217708D
:10BBB000507094700298FEF789FE02040302C1B22D
:10BBC000120E28001B0EFFF7C7FA05B0F0BDC046E5
:10BBD000681C0100E00E0020A8170020383000206B
:10BBE000F0B51E4A1E4B825C5B78050085B013429F
:10BBF00031D01C4BDA785F789E7801921A4A1B7913
:10BC00001068DB08013380B258430012C0B2FEF75F
:10BC1000F1FE0300803BDCB21B0603D580246442A6
:10BC2000241AE4B21F20FEF7DDFE6400E3B2019C9B
:10BC300002AA01345C43C01924121070567094702B
:10BC40000298FEF743FE02040302C1B2120E28005E
:10BC50001B0EFFF781FA05B0F0BDC046681C01005D
:10BC6000E00E0020A817002038300020F0B5234F48
:10BC700087B006003878FFF777FA214B85B21A793A
:10BC8000204B92081B6802329BB253431B12DBB25B
:10BC90002D0A0193C4B2E1B28D4206D83F230020A1
:10BCA000AB424041C0B207B0F0BD174B7A781B5D84
:10BCB0001A4220D0154A124B587853781B0203437E
:10BCC0009078019A00041843B047020403AB120EA7
:10BCD00018705A701B88000204AA000E138090701E
:10BCE0000498FEF7F3FD02040302C1B2120E200015
:10BCF0001B0EFFF731FA0134CDE7C046E00E0020FD
:10BD0000A817002038300020681C0100A917002067
:10BD1000F0B507000D0014008BB02978002911D16F
:10BD20003B68002B0BD13A69002A08D0B96800297A
:10BD300005D0FB68934200D3531E0022CA54F86812
:10BD40000BB0F0BD0020013525290AD03800FEF7E0
:10BD5000AEFCE2E72D2B1CD0302B22D12F3B15005F
:10BD600018432B786A1C2B2B15D0F3D8202B14D01A
:10BD7000232B14D0002104912A2B1FD108CC04932B
:10BD80008B4204DA02231843049B5B4204931500A0
:10BD900014E00223E3E70423E1E70823DFE71023AD
:10BDA000DDE71E000021303E04910A31092EE1D862
:10BDB0002A786E1C1300303B092B0FD900222B78F8
:10BDC00005922E2B29D18022120110436A786B1C18
:10BDD00011003039092916D80A260CE0049B3500D9
:10BDE0004B43303BD3180493E2E7059B7343303B4E
:10BDF000D31805932B001A785D1C110030390929DE
:10BE0000F3D91D0009E02A2AFBD108CC023505939D
:10BE1000DB43059ADB171A4005922B786A1C6C2BC2
:10BE20001FD017D8682B24D06A2B2BD02978013546
:10BE300078298BD8632928D8622973D0632900D147
:10BE400098E0252982D0582900D07FE72023184385
:10BE5000103B4AE0742B01D07A2BE7D180239B0062
:10BE60000BE06B786C2BF9D1C023DB001843023553
:10BE7000DCE76B78682B03D0802315001843D5E7E7
:10BE8000C023F3E78023DB00F7E70B000126643BC8
:10BE9000DBB29E4032007F4B1A401E4213D1732901
:10BEA00000D18FE0702900D050E77B4B02CC0343D8
:10BEB000002900D0E4E0009305220A2338007749E6
:10BEC000FEF710FC29E7642901D0692906D18023F7
:10BED000DB01184310239843063B06E008236F2933
:10BEE00003D0F7D9DB187829F4D1020501D5012256
:10BEF00090438022D200024041041DD5002A00D088
:10BF00000BE7216882050FD502900498CE170190A7
:10BF10000598CA0F8919714000903800FEF70EFC91
:10BF20000434FAE60223E0E7420601D549B2EBE722
:10BF30000206E9D509B2E7E7002A00D0EDE60C21B8
:10BF400006008E43810506D5049902960191059954
:10BF500000912168E1E72168420607D5C9B2049A39
:10BF600002960192059A00920022D6E70006F6D5C5
:10BF700089B2F4E7022302001A4001260592184212
:10BF80000DD1059E03E020213800FEF790FB049BB5
:10BF90000136B342F7D80226002B00D05E1C02CC3B
:10BFA0003800C9B2FEF783FB059B002B00D1B4E635
:10BFB000049BB34200D8B0E620213800FEF777FB9F
:10BFC0000136F5E7230004CB06920793002A08D137
:10BFD0000090062238003249049BFEF783FB079C41
:10BFE0009BE6059B002B00D12E4B069A1400D3181C
:10BFF0002278002A01D09C4214D1069B0200E41A48
:10C0000080231B011A400892184203D0059B9C42D2
:10C0100000D91C00022302001A400992184212D1D2
:10C02000260006E00134E3E720213800FEF73FFB5D
:10C030000136049BB342F7D8049A0023A24200D3EE
:10C04000131B01341C19069E03E038000136FEF76D
:10C050002EFB3178002907D0089B002BF5D0069BDA
:10C06000059A9B189E42F0D1099B002BB7D0049BE8
:10C07000A342B4D920213800FEF719FB0134F6E7BA
:10C0800002930A230193059B380000931023FEF7C7
:10C0900055FB42E62108120001200000AA19010008
:10C0A000A3190100FFFFFF7FF8B507000020104C27
:10C0B0000D00A67BA073F6B2FFF7EAF9002811D0B5
:10C0C00080B2031CA84200D92B1C002209499BB254
:10C0D0009A4209D36C22237D93432375237D6B3AC7
:10C0E00093432375A673F8BD0878B8540132EFE77F
:10C0F000003802402038024010B50A4B9A7B9873F2
:10C10000D2B2002806D010219873587C014359748C
:10C110009A7310BD072404490C7098736021587CF1
:10C12000F4E7C04600380240A82B00207F23F0B57A
:10C130001840002901D1002A0FD104261E4B9C7BF8
:10C1400098735D7CE4B2354202D05D7CB5435D748A
:10C1500001265D7C354201D09C73F0BD002A03D1DD
:10C160005A7C32435A74F7E79D7B9873EDB20028EE
:10C1700007D15E7CB6070DD59D730122597C0A4319
:10C18000F0E75F7C3742F7D11F7C9D73FEB2002F32
:10C19000F3D001E040269D73084D80004019151C26
:10C1A000B24200D9351C0022ADB28E5C013206705D
:10C1B0009542FAD8E1E7C0460038024020380240F4
:10C1C000F7B5274B7F250193142305406B4300915E
:10C1D0000199CB1818002C30007800280BD0214C86
:10C1E0000120A67BA573677CF6B2390001408C461E
:10C1F000074201D0A673F7BD07000099AF4019634D
:10C20000614699631849FFB25A630F70002A0FD133
:10C21000002D0BD1019BDA8C144B002A04D104327F
:10C220001A700A236374E5E70622F9E76074E1E710
:10C2300000990029DFD01F8D974200D917002800F0
:10C240000099BAB2FFF772FF0123002DEAD1074A25
:10C250001370034B1B8D9F42E3D30223E2E7C046DA
:10C26000A02D00200038024080380240A82B00207A
:10C2700070B5040008000125854011001A002389CB
:10C280002B432381831C9B00E418636800245B69B3
:10C2900099601A605C60DC60FFF792FF70BD436BD1
:10C2A00010B5186F0278042A11D11A00743211786F
:10C2B00001228A400489224209D15A691C699442A8
:10C2C00002D1DB68002B02D108CAFFF7D1FF10BDF5
:10C2D00010B50F24054A11784B1C2340044C2478D8
:10C2E0009C4202D0034C1370605410BD2D2F0020CF
:10C2F0002C2F00201C2F0020054B02381B784142B8
:10C300004841023B59424B41024A18401070704765
:10C31000640C00209927002010B57430C3790A49B5
:10C3200084791B020A782343022B0AD1012A01D007
:10C33000062A05D1054B4A78D8785A70FFF7DCFFFA
:10C3400010BD024BF8E7C046FC2B00205C0C00201F
:10C3500070B504007F237434217805000B40212B35
:10C3600000D08DE04BB2002B49DA6378022B2ED03F
:10C37000032B20D0012B42D12379022B01D900209D
:10C3800070BDA1780829FAD8514AD25C022AF6D8A1
:10C39000902353434F4A9B58002BF0D04E4C5E687D
:10C3A00018682200B0474D4BAB66A36C0022EB66C9
:10C3B0002A670120E4E76279237912021A431ED129
:10C3C0004749484B8978836619700123EFE7237941
:10C3D000022BD4D8A1780829D1D83D4AD25C022AB0
:10C3E000CDD8902353433B4A9B58002BC7D05A6962
:10C3F000186890473C4B1870AB660123D6E763780A
:10C400000A2B1ED00B2B0CD0092B39D16279237942
:10C4100012021A4302239A4332D1344AAA66344A9A
:10C42000C5E7637922791B02134307D1A2782C4B0D
:10C43000511E8A41D8789A70FFF75EFF0023AB66E1
:10C44000B4E7274BE678D8781E70FFF755FF2379BD
:10C45000022B00D993E7A178082900D98FE71C4A5D
:10C46000D25C022A00D98AE790235343194A9B5889
:10C47000002B00D183E732001C691868A047DDE774
:10C48000602300269943812913D16378062B10D1AC
:10C490006379227968681B02A1781343E2784468C3
:10C4A0002800A047B04200D169E74368AB66036843
:10C4B0007CE7D82464000F4B9B59002B03D19036A6
:10C4C000A642F8D15BE7280098470028F7D070E72C
:10C4D00034230100740F0020AC2B0020B22B00206D
:10C4E0005C0C0020F92B0020F82B0020FC2B0020F6
:10C4F00019C300006C0F0020006810B5002806D09A
:10C50000034B9B8B826483800630F5F739FA10BDAC
:10C51000983000200168130010B5002905D08A6CFE
:10C52000981D9A640631F5F72BFA10BD0B7810B5FB
:10C53000082B0AD89B001858002806D0034B9B8B69
:10C54000826483800630F5F71BFA10BD9830002016
:10C55000030010B51000082909D88900C95800291E
:10C5600005D08A6C063182640630F5F709FA10BDF1
:10C5700010B50A4C23699A6891420CD85A688160B8
:10C580000360426010609A685860521A9A600123F2
:10C590005B42A36110BD1B68891AECE7983000204C
:10C5A00010B572B6FEF750FE094C2368002B02D07E
:10C5B0002000FEF785FF80210023064A20000902A3
:10C5C0002361E2606361FFF7D3FF62B610BDC0462E
:10C5D000F42E0020A1C500000023826803750369C2
:10C5E0001B6899689142FBD25A68036042601060F0
:10C5F000586070470300006810B5834206D0026897
:10C600001A60536000238361FFF7E6FF10BDF8B5A1
:10C610000B0009339B00C3185C6805000E00002C5A
:10C6200054D072B62300002288331A7067692269D9
:10C63000BA4202D1E368002B27D1B31C9B00EB1850
:10C640005B685B691B68002B1FD023008C33186864
:10C6500000280BD0BA4204D10022E36811009342B3
:10C6600001D1390004C9836800689847E368E2692A
:10C670000133E36063699B18A2696361934201D34C
:10C68000636A63612000FFF7B5FF62692369934223
:10C6900016D1E368002B13D0B31C9B00EB185B682A
:10C6A0001A68022A11D15A69116800290DD01A8A14
:10C6B0000B00013A1340114207D12A00743200E006
:10C6C00008CA31002800FFF7D3FD62B6F8BD0B00A1
:10C6D00011339B0010B51C58002C26D072B60231C5
:10C6E0008900401843689B695B68002B19D02300C0
:10C6F00074331B78226F02339B00D3185B689B69ED
:10C700005A6823691A60E2680132E260E2699B18A4
:10C71000A2692361934201D3636A23612000FFF77A
:10C7200069FF2000FEF73CFF62B610BD10B572B67F
:10C73000087D052807D8F5F75DFC0C060603120EE8
:10C7400000228B691A6001235B4208008B61FFF7AE
:10C7500043FF62B610BD8A699368013393604A68EB
:10C760000B6813605A60EEE70300006810B50028FC
:10C7700004D000221A608161FFF72EFF10BD70B552
:10C78000022504006D422068844200D170BD036818
:10C7900023605C608561FFF71FFFF4E7036A10B553
:10C7A000C360436A4361036100238362C362FFF78E
:10C7B000E6FF10BD10B50B4B9A7B9873D2B20028E0
:10C7C00006D020219873187D014319759A7310BD06
:10C7D000072405490C7060219873587C01435974F3
:10C7E000F4E7C04600380240A82B0020F0B5060050
:10C7F00064363378040085B0002B01D000233370F9
:10C80000230027007433B84A7C3700931178013233
:10C81000197001339F42F9D163689B68002B17D1CF
:10C82000009B60211A7815000D400A4231D000208B
:10C83000FFF762FC0020FFF7BDFF63681B68002B59
:10C8400002D00621200098470623337005B0F0BDC2
:10C85000200098470028E3D023007A331A785B78C9
:10C86000E16E1B021343994201D91900E366009B54
:10C870001B787F2B00D87BE1002900D16EE10923D2
:10C88000337072B60021E36EA26E2000FFF7F0FC59
:10C890006CE123007F2075331B7802401B02134399
:10C8A000924A934200D141E124D88022520093421F
:10C8B00054D00DD8012B4BD0022B00D1C4E0002B5B
:10C8C000B5D122007C32A2660222E2662367C3E76A
:10C8D00081225200934200D1E4E0FF32FF329342C2
:10C8E000A5D1230076331B78012BA0D13A880133E0
:10C8F00013433CE08022120193425DD020D8A02255
:10C90000D200934238D07A4A9B18012B00D98EE787
:10C91000230078331A785B7821001B02134322002E
:10C920006068763277314768127820000978B84716
:10C93000002800D17BE74368A3660368E36619E03B
:10C940009022120193423CD06A4A934200D06EE793
:10C95000694BA3660223E3660023B7E7230076331F
:10C960001B78012B00D062E702223B8893433B8077
:10C97000A566E56625676FE7009A12889A4213D18B
:10C98000230076331A785D491A720395039B8B4214
:10C990000ED95B4B1A7063681B68002B02D0012113
:10C9A00020009847032323700023A366E3668DE7E6
:10C9B000039B01330393E9E723007F33A36601233D
:10C9C000BCE72378042B2DD172B64E4AA36825000C
:10C9D0001340A36023002C33103501932F68002FE0
:10C9E0000FD07869002804D002210C304942FFF7AB
:10C9F000BBFEB869002804D002210C304942FFF781
:10CA0000B3FE0023019A08C59542E7D162B6220021
:10CA100003217F321370636821701B68002B01D0E3
:10CA200020009847230076331B78002BBCD02200CF
:10CA30007F3213700423237063681B68002BB3D00C
:10CA4000022120009847AFE723000F2214217833FA
:10CA500018782D4B0240514340B25B18002811DA80
:10CA60002C331B78002B00D1E1E6254B9A735B7CBD
:10CA7000002A03D19B0603D5244B6AE7DB06FBD4CF
:10CA8000234B66E7B8331B78002B00D1CFE61C4B55
:10CA900020219A73002A03D15B7C0B42F0D0EBE794
:10CAA0001B7DFAE7230076331B78002B00D0BEE60F
:10CAB000230078331B780F2218001040134200D156
:10CAC00072E75AB20E4B002A24DA9A7B9873987355
:10CAD0003020597CD2B2814359744021587C0143A3
:10CAE00059749A7360E7C046C02D0020020300000D
:10CAF00000FAFFFF020C0000B12201000E27000027
:10CB00000038024001000100A02D0020AF220100EA
:10CB1000AD2201009A7B98739873187DD2B2884336
:10CB200018758020197D01431975DAE723007633E3
:10CB30001B78002B00D07AE6230078331B780F2275
:10CB400018001040134200D12EE75BB2002B02DA2E
:10CB5000FFF7D2FA28E7FFF72DFE25E714233370FD
:10CB600072B60B000A002000FEF7D2FC62B66DE63A
:10CB7000002906D01523337072B60021E36EA26E31
:10CB8000F1E70B23337072B60B000A007DE6C04656
:10CB900070B5050064350400287800283AD00638BE
:10CBA000C3B20F2B2ED80F282CD8F5F723FA332B2E
:10CBB0002B08212C2B2B2B2B2B2B2B2B3333230014
:10CBC0007A331A785B78E06E1B02134398420FD2D7
:10CBD000E368198AF5F7E6F8002909D172B60B0067
:10CBE0000A002000FFF744FB62B60A232B7009E01D
:10CBF00014232B7072B6002320001A001900FEF7D0
:10CC000087FC62B670BD236F002B01D020009847CF
:10CC10000023EBE70020FFF76FFA0020FFF7CAFDC3
:10CC200063681B68002B02D006212000984706236A
:10CC3000DCE770B5050064352B780400142B24D094
:10CC400017D8062B06D002D8002B03D070BD093BA5
:10CC5000022BFBD80020FFF74FFA0020FFF7AAFDB8
:10CC600063681B68002B02D006212000984706232A
:10CC700015E0152BEAD10A3B2B7072B600231A007F
:10CC80001900FFF7F5FA62B6E0E7C3689B695B68D5
:10CC9000002BDBD1036F002B00D0984700232B70B3
:10CCA000D4E713B56B46DC1D0023010001222000F0
:10CCB0002370F9F7E5FD207816BD37B52A20FFF778
:10CCC000F0FF05002B20FFF7ECFF04002C20FFF7FE
:10CCD000E8FF0023262D04D1092C02D1303843422D
:10CCE000434118003EBD10B52D20FFF7DAFF10BDFF
:10CCF000036810B50400002B08D09A6C981D002121
:10CD0000F4F752FF002223681A609A8010BD70B5B4
:10CD10000500040024352368002B08D09A6C981D68
:10CD20000021F4F741FF002223681A609A8004343E
:10CD3000AC42F0D170BD0000F0B58E00861950698C
:10CD400085B00C001500F260002803D014220021E9
:10CD5000F4F72AFFA869002803D014220021F4F771
:10CD600023FF002C12D140215E4B5F4A1800118036
:10CD70001A001985B632190014700122B8302A3110
:10CD80002C3302700C701A7005B0F0BD7F21214069
:10CD90000629F9D8F468236800930323009A134006
:10CDA0005A1E022A00D99AE01B02013BFF3B4F4A60
:10CDB0000193937BDBB202939173A3699C46181E87
:10CDC0002AD014234B434748658AC0180300B43364
:10CDD0001D8006000323009FB6361F4037700127D1
:10CDE000B8300770E8B29173D074019B507D5E42F9
:10CDF0005E41B6013043802603235075107D3043D9
:10CE000010753800984080B2854204D90133102B48
:10CE1000F7D1002318009BB26669002E28D0142396
:10CE20004B433048009FC018050003232A351F409C
:10CE3000248A2F70012704852C300770E0B291738B
:10CE40001074019B957C5842584180010543402055
:10CE500003239574557C284350743800984080B261
:10CE6000844204D90133102BF7D1002318009BB260
:10CE70000A2B2DD86446033B1A4D9BB2002C12D0CE
:10CE80006C689173E708FFB29777D77F6404240F2B
:10CE90002743D777D47F5F013C43E4B2D477102493
:10CEA000177D3C431475002E12D06C689173E10815
:10CEB000C9B21177517F6404240F21435177517F08
:10CEC0005B010B43DBB253770823517C0B43537454
:10CED000044B596840185860029B937354E7C02371
:10CEE0009B0064E7A02D0020542E00200038024053
:10CEF000080070B5052962D8F5F77CF8376103376B
:10CF0000376272B60026364C2300220000257433A7
:10CF1000206F19783832FFF70FFF01362000FFF736
:10CF20003DFC25729034032EEED12E4C2E4B2F4A11
:10CF30001978206FFFF700FF636A200063612361A7
:10CF4000E560A562E562FFF71AFC20002572FEF796
:10CF500027FB62B6264B1B78AB4202D00520FFF7B9
:10CF6000B7F90220FFF7B4F929E0FFF7B1F972B67B
:10CF7000002501261A4C20002672FFF700FC200035
:10CF8000FFF70CFC23008C331B68002B02D0DA68FF
:10CF90001868904701359034032DECD10123114CD2
:10CFA00020002372FFF7EBFB0023626A2000E3609E
:10CFB00062612261A362E362FFF7E1FB62B670BDCA
:10CFC00072B6074B0022190098310A70942149006B
:10CFD0001A725A54034B1A7262B60520C2E7C04651
:10CFE000E80E00209C10002010110020D41000201A
:10CFF000B42F0020F0B5C04B95B01A78BF4C012378
:10D000000190824208D12378BD4A9B0712789B0F7A
:10D010009B1A5A1E9341DBB2BA4DAB7063796A78A2
:10D020009A4205D00022110010006B70FEF798F8AC
:10D03000019B2D2B31D8581E2C2835D8F4F7EEFF44
:10D040003D006900C800FE002F01330135013701A2
:10D050003B013D01410143014501470149014B01AC
:10D060004D014F0151015301570159019001F9013F
:10D07000380270027202740276023803D6033D044D
:10D0800049044C044E0450045204540456045804F9
:10D090005A045C049604FA043405019BFF2B01D169
:10D0A00000F005FD002066E0AB78002BFAD00022EE
:10D0B00011001000FEF754F8F4E72878FEF754F852
:10D0C00012AB18800322611C87B2C6B213A8F4F712
:10D0D00057FC1398FDF7FAFB03020404C2B21B0EBF
:10D0E0003F0A0092240E0293F3B29F4204D800201C
:10D0F0003F23BB4240413DE0834B6A789B5D1A422F
:10D1000005D022003000029B0099FEF725F8013679
:10D11000EAE72878FEF728F883B2784F12AA1B0AAC
:10D1200010800093BA78FB787E7813AD2E706A7009
:10D13000AB70C4B21398FDF7C9FB02040302C1B27D
:10D14000120E1B0E0591039204933B79F6182E7074
:10D150001398FDF7BBFB0126030405021B0EC7B2A3
:10D1600002932D0E009AE3B29A421DD800203F236D
:10D1700093424041C0B2634B1A7801321A700028C2
:10D1800001D000F0A6FC0221604A11709B78002BB0
:10D1900001D000F09EFC019B002B01D000F099FC17
:10D1A0000333137000F095FC574B564A1B5D5278C1
:10D1B0001A4207D0334207D02B003900029A2000D0
:10D1C000FDF7CAFF0134CDE7049B039A0599F6E702
:10D1D0002878FDF7C9FF12AB1880237985B2013397
:10D1E0009B08A778E6782D0A0093C4B2E3B29D426B
:10D1F00004D800203F23AB424041BBE7424A414BA9
:10D20000125D5B78134217D041496300CB5C0099F3
:10D210001B094B43394913AA497857705B1813709F
:10D2200096701398FDF752FB02040302C1B2120E6E
:10D2300020001B0EFDF790FF0134D7E72878FDF79B
:10D2400093FF12AB1880237985B201339B08A7782E
:10D25000E6782D0A0093C4B2E3B29D42C9D92A4AA6
:10D26000284B125D5B78134217D02A496300CB5CD0
:10D27000009913AA4B4321495B11497857705B18F9
:10D28000137096701398FDF721FB02040302C1B2DC
:10D29000120E20001B0EFDF75FFF0134DCE71E4875
:10D2A000FEF7E4FC67E71D48FAE71D48F8E71D486C
:10D2B000FEF7D0F95FE71C48FAE71C48FEF738FA9A
:10D2C00059E71B48FAE71B48EAE71B48E8E71B4811
:10D2D000E6E71B48E4E71B48F0E71B48E8E71B4884
:10D2E000E6E71B48EAE71B48FEF79AFA43E71A48C5
:10D2F000FAE71A48F8E7C046E40E0020A817002015
:10D30000E30E0020E00E0020681C0100E50E002066
:10D31000E91B0100E81B010075AA0000B9AA000082
:10D3200001AB000055AB000085AB0000C5AB0000B1
:10D33000F9AB00003DAC000051AC000075AC000042
:10D3400099AC0000DDAC0000FDAC000037AD000082
:10D3500057AD00007DAD0000B9AD0000F5AD000097
:10D360002878FDF701FF12AB188087B2061C0A214E
:10D370002079F4F791FCBE4B02301D68C0B2ADB20B
:10D3800045432D123F0AEDB2F6B2F1B28F4200D8FA
:10D39000ADE6B84AB84B925D5B78134224D0B74AE9
:10D3A0007300D35C6278202B20D9A378E0781B022D
:10D3B000134300042A001843FDF746FD02040DAB99
:10D3C000120E18705A701B88000213AA000E1380E8
:10D3D00090701398FDF77AFA02040102C3B2120E9C
:10D3E000090E3000FDF7B8FE0136CEE7A378E078ED
:10D3F0001B02134300042A001843FDF725FD020415
:10D400000EAB120E18705A701B88000213AA000E81
:10D41000138090701398FDF759FA0204030210A9C3
:10D42000120E1B0E4A708B700870D2B2C1B2DBB202
:10D43000D7E72E78002E18D122791032131CFF2A3C
:10D4400000D9FF238A4A013310689BB280B2584347
:10D4500000120A2180B2F4F7A5FC89B2002904D198
:10D460004020FDF7BFFA864B18803000FDF77CFEA8
:10D4700013AB1880AB7884B2C6B2240A002B10D14B
:10D480007F4D288886420ED8A0420CD2C0B2FEF74B
:10D4900029FA41232B8006E03000FEF723FA0136FB
:10D4A000F6B2B442F8D800203F23A342404161E6DF
:10D4B0002E78002E17D122791032131CFF2A00D9A2
:10D4C000FF2301339AB26A4B1B689BB253436D4AE8
:10D4D0001B1253436C4A9BB2934204D84020FDF781
:10D4E00081FA6A4B18803000FDF73EFE13AB1880BE
:10D4F000AB7884B2C6B2240A002B0ED1634D2888C3
:10D500008642D0D8A042CED2C0B2FEF713FAC0E70E
:10D510003000FEF70FFA0136F6B2B442F8D8C2E78F
:10D520005B48BDE65B48BBE65B48B9E65B4A504BEF
:10D5300012681B6800209A4200D91CE6AB7883422F
:10D5400051D12878FDF710FE0327C6B2774383B286
:10D550001B0A0093524B10AA10800293FF18009AE6
:10D56000F3B29A4272D813003F2A38D9551E0322CB
:10D570005A434C49033A0298F4F760FAFDF720FA4F
:10D58000800771D4FDF71CFA06008020FDF72AFA07
:10D59000E27813AB7F309A701E7058701398FDF7C5
:10D5A00095F901040202090EC0B2120E032675435A
:10D5B0003B4BE8545B1959709A702279374D103201
:10D5C000131CFF2A00D9FF2311219BB2594336486F
:10D5D0000912F4F7EBFB264B1B68C01828600020EB
:10D5E0003F23009AC4E5002211001000FDF7B8FDAA
:10D5F0002E4B2B4E0093FDF7E3F90223184221D165
:10D60000FDF7DEF907008020FDF7ECF9E27813ABB7
:10D610007F309A701F7058701398FDF757F9020405
:10D62000030211A9120E1B0E08704A708B70C0B253
:10D63000D2B2DBB2B370009B307072700336B3426B
:10D64000D9D17EE7002002000300F3E7094B6A7896
:10D650009B5D1A4205D03000BB787A783978FDF7A7
:10D660007BFD033701367AE70020010002009DE7C9
:10D6700038300020681C0100E00E0020E91B01008A
:10D68000B80E0020CDCCFFFF33330000BA0E0020CF
:10D6900081AE0000BDAE00000DAF0000182D0020CF
:10D6A000582C00205B2C0020B80B0000182D002007
:10D6B0000323E478FF2063439F10FBB2210007930C
:10D6C000F4F774FBC3B20693AB78C54A0592002BFE
:10D6D0000CD0002211001000FDF742FD6022002155
:10D6E0000598F4F761FA0022BE4B1A700025BE4A75
:10D6F000137801331370059B0093BC4B009EEB180D
:10D70000039300230293B74B029A1B7813433AD139
:10D71000F2F794FDB64B984235DC009B1C70039BDE
:10D720001B780493FF2B0ED03078079B834237D2AF
:10D73000C01BE11B7843F4F739FBC1B20B00220098
:10D740000498FDF709FD029B10360133DBB202930A
:10D75000039B10330393029B062BD4D1009B01350E
:10D7600001330093102DC8D19F4B06991A788A4235
:10D7700001D100221A709B4A13780133DBB21C2BB3
:10D7800016D813708EE43378002BC8D09C42C6D9CB
:10D79000954A069912788A42C1D1013B3370BEE79F
:10D7A00039006043F4F702FB0023C2B21900C7E757
:10D7B000002313700522059F601E503710217B1B2C
:10D7C000052A03D15E5DB44200D158551E78A642A9
:10D7D00001D318701C740139C9B201330029EFD18B
:10D7E000013AD2B21035002AE8D15BE42878FDF77F
:10D7F000BBFC83B21B0A11AE308000932379013346
:10D80000191CFF2B00D9FF217A4889B2F4F7CEFA10
:10D81000347885B2009BE1B2994200D3DFE6764AC4
:10D82000764B125D5B78134236D07548754F02789F
:10D83000013A52B2130631D52B00734A177990780A
:10D840000137D1783A1CFF2F00D9FF22013292B262
:10D8500053431B121A1C9BB2FF2B00D9FF22D24349
:10D860004123D2B25A43684B12125B78D21812ABE2
:10D870001A70997058701298FDF728F80204030284
:10D8800013A9120E1B0E08704A708B70D2B2C1B26F
:10D89000DBB22000FDF760FC0134BBE7BB5C8B42D0
:10D8A00009D113000C335B00C3185E789B781B0210
:10D8B00033439D42C1D8013ABCE75449504B1B78D1
:10D8C000013B181C002B00DA0020C0B2FEF75AF80A
:10D8D00051E44E490020F9E74D49EFE74C49F9E79B
:10D8E0004C49EBE74B49F5E74B49E7E74A49F1E794
:10D8F0004A49E3E74949EDE72E78002E17D122790E
:10D900000532131CFF2A00D9FF2301339AB2444B7E
:10D910001B689BB25343434A1B125343424A9BB278
:10D92000934204D84020FDF75DF8404B188030004A
:10D93000FDF71AFC13AB1880AB7884B2C6B2240A88
:10D94000002B10D1394D2888864200D9ABE5A04282
:10D9500000D3A8E5C0B2FEF7BFF89AE53000FEF7A5
:10D96000BBF80136F6B2B442F8D89CE52E78002E0A
:10D9700017D122790532131CFF2A00D9FF23013366
:10D980009AB2274B1B689BB25343264A1B12534340
:10D99000254A9BB2934204D84020FDF723F8244B3C
:10D9A00018803000FDF7E0FB13AB1880AB7884B231
:10D9B000C6B2240A002B10D11D4D2888864200D9FA
:10D9C00071E5A04200D36EE5C0B2FEF7C3F860E592
:10D9D0003000FEF7BFF80136F6B2B442F8D862E57F
:10D9E0001E2D00201D2D00201C2D0020881B010055
:10D9F00054555505FFFF0000681C0100E00E002093
:10DA00000630002017300020A817002045AF000086
:10DA100087AF0000F9AF00006DB00000B3B00000A8
:10DA200038300020CDCCFFFF33330000BC0E002087
:10DA3000BE0E00202E78002E17D122790532131C3D
:10DA4000FF2A00D9FF2301339AB2284B1B689BB2EF
:10DA50005343274A1B125343264A9BB2934204D88E
:10DA60004020FCF7BFFF244B18803000FDF77CFB03
:10DA700013AB1880AB7884B2C6B2240A002B10D145
:10DA80001D4D2888864200D90DE5A04200D30AE545
:10DA9000C0B2FEF7A5F8FCE43000FEF7A1F80136AD
:10DAA000F6B2B442F8D8FEE41448FFF7F9FB0F4B86
:10DAB0001B681B059B0F022B10D0032B12D00022DA
:10DAC000012B08D011001420FDF74AFB02220C4B59
:10DAD0001A7015B0F0BD14211000F5E714220021D2
:10DAE0000800F1E714221100FAE7C04638300020A0
:10DAF000CDCCFFFF33330000C00E0020F1B000009A
:10DB0000E50E0020064B10B5D96808751868026844
:10DB100053601A6001220275D860F2F73DFB10BD18
:10DB20009830002070B50E4B0500DE6886B04B1CA7
:10DB300013D00C4B68460393002304960593FEF71D
:10DB400017FD2800FFF7DEFF009B002B02D0684680
:10DB5000FDF7B6FCB06906B070BDFFF7D3FFF9E77B
:10DB6000983000202DC700007FB5074B0A000193B5
:10DB70000023029303930493044B010001A805932F
:10DB8000FEF7C6F807B000BDD5A60000FFFFFF7F77
:10DB900013B56B469C1D0023010002222000238048
:10DBA000F8F76EFE208816BDF8B51400D31D6A463E
:10DBB000DB08DB00D31A00AF9D4605002200684653
:10DBC0000E00F8F75DFE220069462800F4F740F8E1
:10DBD000002804D0220031002800F8F769FEBD4675
:10DBE000F8BD0000F0B585B0102200216846F3F7BB
:10DBF000DBFF0A269224084F2500102C00D910259F
:10DC000039002A006846013EFFF7CEFF7F19641BEA
:10DC1000002EF1D105B0F0BDEE03000037B50D00C8
:10DC20000400FFF73EF8A84206D06B460122D81D3B
:10DC300021000570F8F73CFE37BD37B50D00040034
:10DC4000FFF7A6FFA84206D06B460222981D2100CE
:10DC50000580F8F72DFE37BD002337B504000D0011
:10DC60000422010001A80193F8F70AFE019B9D42DE
:10DC700005D00422210001A80195F8F719FE37BD4F
:10DC8000024B1A78104318707047C0463430002099
:10DC9000020008000C4910B50B789B0712D0012335
:10DCA000002A04D02C339A4201D8123313400324A3
:10DCB0000A789B002240134300220B70034B1A701A
:10DCC000FFF7DEFF10BDC046A8170020E50E0020BC
:10DCD00070B5084C0500180023789B0709D06570C3
:10DCE000A170131CC82A01D9034B1B78E370FFF7FE
:10DCF000C7FF70BDA817002090200100012310B5B8
:10DD0000044A11784B4013700022034B1A70FFF73E
:10DD1000B7FF10BDA8170020E50E0020074B032217
:10DD2000197808001040114201D1054A10700322F1
:10DD300019789143023A0A431A707047A8170020D5
:10DD4000E50E0020054B1A78920702D00021044A04
:10DD5000117003211A788A431A707047A81700209F
:10DD6000E50E0020054B10B51878800801302D28ED
:10DD700000D901200121FFF78BFF10BDA81700205B
:10DD8000064B10B5187880080138C0B2002800D1C1
:10DD90002D300121FFF77CFF10BDC046A8170020E1
:10DDA00010B5044B5878DA78997808300123FFF7DA
:10DDB0008FFF10BDA817002010B5054B5878DA78F2
:10DDC0000838997880B20123FFF782FF10BDC04662
:10DDD000A817002010B507488378C2781033191CA3
:10DDE000FF2B00D9FF2101234078C9B2FFF770FF54
:10DDF00010BDC046A817002010B507488378C27828
:10DE0000103B191C002B00DA002101234078C9B215
:10DE1000FFF75EFF10BDC046A817002010B50748E9
:10DE2000C37810331A1CFF2B00D9FF2281780123FD
:10DE30004078D2B2FFF74CFF10BDC046A8170020B3
:10DE400010B50748C378103B1A1C002B00DA0022DB
:10DE5000817801234078D2B2FFF73AFF10BDC04667
:10DE6000A817002010B5064A13791033191CFF2B90
:10DE700000D9FF2101201171FFF702FF10BDC0463C
:10DE8000A817002010B5064A1379103B191C002B67
:10DE900000DA002101201171FFF7F2FE10BDC0462B
:10DEA000A817002010B5064A06495379FF3B58428F
:10DEB0004341CB5C01205371FFF7E2FE10BDC04629
:10DEC000A81700200024010010B5064A064953791E
:10DED000FF3B58424341CB5C01205371FFF7D0FE1A
:10DEE00010BDC046A817002000240100082210B56C
:10DEF00017210348FFF758FE0022024B1A7010BD8D
:10DF0000A817002034300020352310B5064C03221A
:10DF10000649601C2370F3F733FD81235B42A38025
:10DF2000FFF7E4FF10BDC046A81700203C17010012
:10DF300070B51D00042813D8052911D80F2A0FD851
:10DF4000C02343434C015200A418E4182000290ABE
:10DF50002E30FFF763FE2000E9B22F30FFF75EFEA0
:10DF600070BD0000F8B504000E00170005002B1B63
:10DF70009BB2B34200D3F8BD1B190020912B03D8EC
:10DF8000034BE818FEF78DFE3B1B58550135EEE7B5
:10DF9000EE0300000300CD3810B5122810D8F4F7B6
:10DFA00029F80A10141A32323232323232321E2337
:10DFB000282E3C424600FDF7F9F81F4B4042D8702E
:10DFC00010BDFDF7F3F81C4BF9E7FDF7EFF81A4B1E
:10DFD00040429870F4E7FDF7E9F8174BF9E7FDF7D1
:10DFE00005F9154B1871EBE7FDF700F9124B4042AC
:10DFF000F8E7FDF7FBF8104B40425871E0E7FDF7FA
:10E00000F5F80D4BF9E70122D13B9A400A4913007C
:10E010000A0049780B435370D2E70123074A11786D
:10E020000B431370CCE7054A02231178F8E7034A43
:10E0300004231178F4E7C04601130020FE120020EB
:10E04000032200B5344B9A56CD2814D1002A01DAA8
:10E050000022DA70D9789A780A4351B2002A01D1A5
:10E060002E4A11701A795B7913435AB2002B01D1F1
:10E070002B4B1A7000BDCE2802D1002AE8DCE9E75C
:10E0800002229A56CF2804D1002AE3DA00229A709D
:10E09000E0E7D02802D1002AF8DCDBE704229A5618
:10E0A000D92804D1002AD5DD00221A71D2E7DA2856
:10E0B00002D1002ACEDAF7E705229A56DB2804D1EE
:10E0C000002AC7DA00225A71C4E7DC2802D1002AEC
:10E0D000F8DCBFE7D1380E28BCD8F3F781FF080879
:10E0E000080808080808BBBBBBBB0E1418000121B8
:10E0F00081405A788A435A70ACE7012009490A786E
:10E1000082430A70A6E7074902200A78F8E7054922
:10E1100004200A78F4E7C046011300200013002011
:10E12000FF120020FE12002010B5FF212A20FFF769
:10E1300075FDFF212B20FFF771FDFF212C20FFF73C
:10E140006DFD00212D20FFF769FDF8F711F9FFF7AC
:10E1500049FD26212A20FFF761FD09212B20FFF729
:10E160005DFD30212C20FFF759FD10BD044B10B58B
:10E170001B68181E03D01B68181E00D0984710BDDE
:10E18000C422002010B5FFF7F1FF10BD0A4B07B500
:10E190001A8882420FD01880084B1B68002B0AD0C7
:10E1A0001B69002B07D0694603224871000A887159
:10E1B0000A7101A8984707BD562C0020C4220020F0
:10E1C0000A4B07B51A8882420FD01880084B1B688B
:10E1D000002B0AD01B69002B07D069460422487126
:10E1E000000A88710A7101A8984707BD542C0020C5
:10E1F000C422002070B5164B9B78012B17D015490F
:10E20000012300220D005B428C78A0421ED05E1CD0
:10E2100002D1002C00D113000132D4B2013152B22C
:10E22000062CF1D15A1C11D0EB1898700EE00A4A56
:10E2300012787F2AE3D9C108EF2807D8074A521875
:10E24000072101408B4091780B43937070BDC0460D
:10E250005C0C0020881200201A130020901200206D
:10E2600010B5104B9A78012A0CD0062300210E4AD3
:10E270009478844200D19170013BDBB20132002BD3
:10E28000F6D10EE0094B1B787F2BEED9C108EF28A1
:10E2900007D8074B5B18072101408A4099789143C2
:10E2A000997010BD5C0C0020881200201A13002009
:10E2B0009012002010B5084B9B78012B09D1074B19
:10E2C0001B787F2B05D91E2205480021F3F76CFC33
:10E2D00010BD06220348F8E75C0C00201A1300204A
:10E2E000921200208A12002070477047FEE700005B
:10E2F000F0B5082000240E494A680E6815008B68A6
:10E30000AB4210D8D51E0026AB4203D303339B1A71
:10E310009B089E00CB689219934207D801381031B0
:10E320000028E9D1F0BD80CE80C5E9E710C2F3E74F
:10E33000B4220100012218200A4BD97B1143D97362
:10E340009978814399700821987801439970D97818
:10E350001143D9700221D8780143D97059780A4302
:10E360005A707047003802400C4B10B51868D968D5
:10E37000026853601A600122D860002302758A681F
:10E380000B750B691B689C689442FBD85A680B603C
:10E390004A6011605960F1F7FFFE10BD983000200F
:10E3A000054B10B51A68DB6892689B689A4201D9E0
:10E3B000FFF7DAFF10BDC0469830002070B5EFF3CC
:10E3C000108301259D4302D0EFF3058372B6FCF75D
:10E3D0003BFF0F4E0F4A3368C41A0F480168A14231
:10E3E00008D91168293B29392934FF3BFF39FF340B
:10E3F0003360116016680460002D04D0EFF30583CC
:10E40000DB0502D062B6A01970BDFFF7C9FFF9E7BE
:10E41000F02E0020E82E0020EC2E002010B5FFF793
:10E42000CDFF83B20B488278C1780A4301D00A4AF3
:10E430001380027941790A4301D0084A1380084BBE
:10E440001B68002B05D0DB68002B02D00222027073
:10E45000984710BD01130020403000203E300020BE
:10E46000C4220020F0B587B001900491029272B6E8
:10E470009023019A544D5343EB181A6F1278042AD3
:10E4800002D062B607B0F0BD002288331B78039239
:10E49000934201D16423039362B69023019A5343BC
:10E4A000ED1872B690270024019A049B57430093FD
:10E4B000454BDB190593059B9B6A002B0AD1424E05
:10E4C000F619F368002B2ED033691A1DB262F26977
:10E4D0009B18F3623C4BDB19986ADE6A029B361A82
:10E4E0001B1B9E4200D91E00402E47D94022009996
:10E4F000F3F746FA009B403440330093324BDB196C
:10E500009B6A4033304AD219D16A9362994204D847
:10E51000D16928000439FCF7E5FF62B6029BA342EB
:10E5200018D972B6C7E7337A002B0FD1274B039A5D
:10E53000DB68002A0AD06A681D605A606421136093
:10E5400004206B60FFF7EEFA0028BADA62B6029B8D
:10E55000A34220D872B6902201991B4B4A439B18C4
:10E560009A6A002A00D18CE71B69043AD11A9A42B0
:10E5700000D186E72800FCF7B5FF82E7320000995A
:10E58000F3F7FEF9009BA4199B1900930E4BDB19BE
:10E590009B6A9B19B6E772B69023019A0A4E5343C1
:10E5A000F61833006242544188331A782800144325
:10E5B0001C70FEF7E4F82800FEF7F0F80023337231
:10E5C000FFF7EEFE62B66CE7E80E00209830002000
:10E5D00010B5010008220120FFF744FF10BD10B55F
:10E5E000010020220020FFF73DFF10BD10B5010003
:10E5F00006220020FFF736FF10BD10B501000322F0
:10E600000020FFF72FFF10BD0A0010B5202903D10D
:10E6100001000220FFF726FF10BD000010B572B602
:10E62000034BDB6898610F20FFF76CFA10BDC04602
:10E630009830002010B5010072B60820FFF772FA7A
:10E6400062B610BDEFF30983203383F3098862B605
:10E65000704700000F3011D072B6EFF30983203BF2
:10E6600083F3098880225204DA61064A1168D2686D
:10E6700089689268914202D9034A9A617047034AB5
:10E68000FBE7C04698300020C7010000CA01000027
:10E69000FEE7000070B5764672B6134D134AAB8B99
:10E6A00001339BB2AB832B69934204D162B6300035
:10E6B000FFF7D0FF70BD9A68013A9A602C69A36891
:10E6C000002BF3D1226861680A605160236062B652
:10E6D0002000E3682169984772B661690029EDD08E
:10E6E0002000FDF745FFE9E798300020A830002022
:10E6F000F7B50323150001271D40002352090C0024
:10E7000049083C4027D03E009E408469B443846160
:10E71000C469B4435E00B446C461446903260194ED
:10E720006446A6403400B446019EA64334006646C3
:10E73000144344610469B4432C43046107240F2645
:10E740001C40A400A640F443072B08D8866A344036
:10E750008462002907D09200AD000133CFE7C66A7A
:10E760003440C462F5E7F7BDF0B58DB00C2200214E
:10E7700009A8F3F719FAA94B0124019300230F25E7
:10E780000093019B1B685A1C2BD072B601261F00F8
:10E790002B409E40AF433100012238003604FFF782
:10E7A000A7FFBE6062B6E34306279C469C4809A9C2
:10E7B00002680B88561C00D114E11600AE4336687F
:10E7C0002A40D6400122164200D00BE12343013FEC
:10E7D000FFB20B8004300231002FE9D10098FBF723
:10E7E0004DFF009B64000133DBB20093019BA4B298
:10E7F00004330193009B102BC3D18A4D0C222800B7
:10E8000009A9F3F725FA041E04D00C22280009A94F
:10E81000F3F7B6F80022844E844B35781A7095428F
:10E8200000D180E1FFF7CAFD814A13681060C11A68
:10E8300098425BD07F2900D97F210022CBB2079379
:10E840007C4B32701A70794B06921B7805920193BB
:10E85000794B04920093734B02930020774B039300
:10E8600013189C466646039B9B5D5F0820D08F4231
:10E8700000DDBAE0012667463340039EF35500D021
:10E88000BEE001278740029E009B36881B883E40E1
:10E89000B4461E00BE43370066463743019E7B40A8
:10E8A00033435E1EB341DBB20193009B05951F808D
:10E8B00001301028D4D1009B103202330093029B08
:10E8C00002330293602AC8D1069B002B02D0594B19
:10E8D0005F3A1A70059B002B02D0544B019A1A70B4
:10E8E000049B002B02D001224F4B1A70002C09D13F
:10E8F000504B1B78002B51D0002D03D1FFF75EFD4C
:10E900004B4B1860002301211C008C46494A02939E
:10E910001370444A0092484A009909880391039869
:10E920001188484000210590444801906046884085
:10E93000070080B2049001985E18805D4508069536
:10E940003D00059F3D425DD00698002811D1049CF2
:10E9500003982040441EA0410A242043019CA05556
:10E96000C007C40F002856D01088049D029445406B
:10E97000158001311029D9D100991033023100914D
:10E980000232602BC8D1029B002B02D00122274B00
:10E990001A70002C02D00122234B1A70284C2378C5
:10E9A000002B59D0274E3578002D55D1264B274ABC
:10E9B0001B78127813434FD0DB064DD5244B1F88AC
:10E9C000002F49D0FFF7FAFC224BC01B80B29842BF
:10E9D00042D9012325703370F9F756FEFBF7F8FD95
:10E9E000F8F752FE62461340F1E6079E0495BF1BFE
:10E9F00001267F0033403B436746039EF35557E7AC
:10EA0000069355E74508B4D0C507B2D465462840FB
:10EA1000019DA855ADE76446ABE7C046001A01006A
:10EA20004C2501000C2F00209C2B00209D2B00204A
:10EA3000982B0020942B0020B62F0020342B002090
:10EA40007B1300207A130020011400200014002002
:10EA500078130020B70B0000FFF7B0FC344C22689D
:10EA6000002A1FD0334B34491D78002D02D00D6889
:10EA7000A84217D008600121304D19702B68304929
:10EA80005800405A2F4901330B4003D52E49013B12
:10EA90000B4301332B602D4B013A1B682260002B86
:10EAA00000D098472A4D2B68002B37D0294A178869
:10EAB000002F1AD0284C2278002A16D11E8AFFF780
:10EAC0007DFCC01B80B286420FD8012323702B68C7
:10EAD0009B68002B24D09847002821D02B68D88829
:10EAE0001E4B1880C0B2F9F781FE1D4B1B78042B1A
:10EAF00014D11C4B1E88002E10D01B4C2378002BE9
:10EB00000CD12B681D8AFFF759FC801B80B285420F
:10EB100004D80123D1202370F9F7E0FD0DB0F0BD3A
:10EB20002B689888DCE7002C00D1E1E6E6E6C046D9
:10EB30008C1600206E130020302B00208816002039
:10EB400086140020FF00008000FFFFFF182F002028
:10EB5000FC1300206C1300206A13002068130020AF
:10EB60003E140020EC130020EE1300200023F0B52B
:10EB700099B0079372B6E94D03332A69E84C134301
:10EB800080222B61236852021343236001232168F2
:10EB900080200B43802110262360490380032368D3
:10EBA0000B4202D023680342F9D02368134202D0FB
:10EBB00023689B03F3D52368334202D023689B0666
:10EBC000EDD52368DB0702D523689B07E7D5236EC5
:10EBD000DB0702D5236E9B07E1D5236EDB0502D54B
:10EBE000236E9B05DBD56368CE4ACF4E134063602E
:10EBF0006368CE4A1340636063680193A368A768A3
:10EC00000293A368E2680393120AC94BD2B253433A
:10EC1000C84A93420CD9C84A5B081360FCF7F6FC5B
:10EC2000802362681B01324013436360FCF7D8FC09
:10EC300007220321636893430B4363606368BF4902
:10EC40003340636063680B4063606068C0081040D5
:10EC5000022800D1FFE2032800D136E30138434205
:10EC60005841B74B40421840C018B64B1860636813
:10EC70001B051B0F0B2B00D829E3060063685B05FF
:10EC80005B0F0233DE40E022AB4BD2011E606168B5
:10EC90003300114206D0320063689B049B0F01339E
:10ECA000DA401300A84AA24913602368A74A134018
:10ECB0002360F2F7F1FFE768A54B00021F40A54B68
:10ECC0000743E7609E4200D80BE303232A691343FE
:10ECD0002B612368A04A012513401022236023687A
:10ECE00093432360236E9D4A13402366236EAB43F8
:10ECF0002366FCF78BFC8023E26B5B021343E36328
:10ED00008023E26B9B021343E3638023E26BDB020D
:10ED10001343E3638023E26B1B031343E36380230A
:10ED2000E26BDB011343E36362B68D4B8D4A002631
:10ED30005A6104228C4C31001A828C4834321D7086
:10ED40005E60DE602570F2F72FFF894B894A6660AE
:10ED500015701A00B832157040221A85B4331A8023
:10ED6000854BA660E360F7F74FFFF7F789FB834B0E
:10ED70001B78B34201D1F7F749FEF6F73FFFF8F7EA
:10ED8000F5FCF8F775FDF7F7C9FCF8F7ABFC7C4B21
:10ED90001B78022B00D0B7E2F7F708FB0022794B73
:10EDA0001A70012400223C21774B78481C70784B64
:10EDB0001A70784B1980C02377491B040D6A0540EF
:10EDC0002B43C0250B620B6A2D061B021B0A2B432B
:10EDD0000B62724B724D1A70724B1C70724B1A7030
:10EDE000724B5D60724D1D60724B734D1D60734DB3
:10EDF0005D60734B734D9A621D630D6A2840086213
:10EE00009A601B605B60DA626F499A83196159618D
:10EE100001219D8B494228009961110018625962B5
:10EE20008031D963996569496948D96019004831C9
:10EE30000C80684D684905600800684D0830C5675A
:10EE40000800883002600800654D943005600800B5
:10EE5000A030046008000225AC3005800800A8300E
:10EE6000DA655A651A6503605B640B00BC331C608D
:10EE70000B005C48B833B4311A600A60FDF7ACFB94
:10EE800062B6594B2000DC70FDF736FA574B584AF2
:10EE90001A603A4B1B78002B01D1F7F7B7FD10220F
:10EEA00000215448F2F780FE0022902101268C4672
:10EEB0001100514B1A70514B1A70514B6746180094
:10EEC000DC6F574301944E4C9D6FE719019C5C30F9
:10EED000D8640434181DC06F1B605B601E72FD6037
:10EEE00027006F435861C7191861586245489F61F0
:10EEF000DC611D629962D96218635B6372B61800A7
:10EF0000743000781C6F0930800024181800883095
:10EF10006360017062B60132903375E000200240F8
:10EF200000100240FFFFFF8FFFF0FFFFFFFFFFF029
:10EF300040420F00FF6BDC02842D0020FF8FFFFF9B
:10EF400000093D00802D0020B81D0020FFFFFFFEBE
:10EF5000FF00FFFF3FE45904FFFFEFFFFFFEFFFF4D
:10EF6000882D002000080040302F00205C2F00205A
:10EF7000A02D0020CC2D00200C250100B21D00206A
:10EF8000640C0020902700206A0C0020FFFF00FF87
:10EF9000E9270020620C002000ED00E09927002006
:10EFA0003F190100A62700202B28002010E000E0D8
:10EFB00007000100E02E002000310020004000206A
:10EFC0009830002030250100A8300020CC300020EF
:10EFD000342900200429002090280020ADA600003C
:10EFE000B9010000282900205C0C0020C40E00207C
:10EFF000E55800001C2F00202D2F00202C2F002072
:10F00000E80E00209FC20000032A00D056E7C64B3E
:10F01000C64AD86F9D6F043004006C431A651A1DF0
:10F02000D26F1B6014195A611A615A62C04A5B6040
:10F030001E72D9609C61D8611D629962D9621A639F
:10F040005B6372B61A0074321278186F1132920034
:10F0500013508433197062B6B64DAB78B343AB70BE
:10F0600072B6B54C2378012B07D08022B34B120621
:10F07000DA67BFF34F8FBFF36F8F002301222600A3
:10F08000636022700193F768002F0FD07869002821
:10F0900004D002210C304942FDF766FBB869002814
:10F0A00004D002210C304942FDF75EFB0027019B92
:10F0B000F760013301930436082BE4D1FFF770F9B0
:10F0C00062B63220FFF7B6FA72B69D4B20223900A5
:10F0D0009C486360F2F768FD2378012B3DD1FFF770
:10F0E00029F9994A0F970F9B934200D80FE17F2689
:10F0F000964B97491B680868334003430B6095495A
:10F10000954B1B78087895490E7833430B709449DA
:10F110000B7803430B7000230F930F9B934200D88F
:10F12000F9E02F238F4AC020116800060B431360BB
:10F130001F238D4A11780B4313701E238B4A1178BD
:10F140000B43C72113708A4A890053581B021B0ABC
:10F150000343535080231B0613600223237062B6BF
:10F16000AA78013B13433220AB70FFF763FA72B603
:10F17000FCF76AF800257F4B18607F4B1D607F4BC2
:10F180001D6062B67E4C256072B62368AB4202D029
:10F190002000FCF795F980217A4B200009022561B7
:10F1A000E3606561FDF7E4F962B6FDF79CFDFDF7EC
:10F1B00084FD002801D1FEF7B7FF002420000134B0
:10F1C000E4B2FBF75BFA102CF8D10F2501276E4C47
:10F1D0006E4E2068431C09D072B6030039002B40E4
:10F1E00099402022A843FFF783FA62B60434A6426E
:10F1F000EFD1674D0C2200212800F2F7D5FC0C223C
:10F2000000216448F2F7D0FC0020FEF7C1FC624BFD
:10F21000984200D182E0FBF7DBF90220FDF741FDC7
:10F220005E4B18700420FEF7B3FC5D4C2080FFF7A6
:10F230009BFA0A20FFF7FEF9FFF796FA2B880125C3
:10F240002B4200D1B6E0F7F70DFB00205549FEF741
:10F25000F4FCF8F7D9F97800400BF5F70BF9FB232C
:10F2600000229B05F4F79CF9029B06001809C0B226
:10F270000F00F5F7FFF802000B0030003900F3F73C
:10F2800057FA019B0F001903090F06000131464888
:10F29000F2F702FDF5F7EEF802000B00300039003E
:10F2A000F4F77EF9032206000120039B0F001340B0
:10F2B0009B189840F5F7B0F802000B0030003900B9
:10F2C000F3F750FEF2F72CFFCFE43748CDE4636844
:10F2D00006001B0500D4D6E463685B055B0F0133B1
:10F2E000D0E4324B9E4204D903232A699A43013B5E
:10F2F000EDE42F4B03219E4203D92A6901238A435F
:10F30000E5E42B698B43E3E4F7F796F849E50F9BB7
:10F3100001330F93E7E60F9B0133FDE6FDF7CDFCCC
:10F32000002800D079E776E79C100020F810002034
:10F33000D7B5000000380240302F002004E100E083
:10F340003C2501003C2F00200E270000B038024071
:10F35000B43802409238024090380240943802405B
:10F3600096380240A038024080380240823802407D
:10F3700000E100E0F02E0020EC2E0020E82E00201E
:10F38000F42E0020A1C500004C25010064250100D9
:10F39000B62F00200C2F0020E3FE0000CE2F00200F
:10F3A0001A130020FFFF0000006CDC023FAEEB02EE
:10F3B0003F787D010320FDF774FC884B884E187060
:10F3C00033781843031E01D003112B400027854AD0
:10F3D0001370F6F713FC844B1022FF2183481F7033
:10F3E000F2F7E2FB824B1022FF2182481F70F2F7F6
:10F3F000DBFB814D082217212800F7F741FA7F4BEC
:10F400001F702B78032B01D8FEF77EFDFEF7D6FF89
:10F410007B4B7C4A18607C4B7C491B689B06DB0F4E
:10F420001370CA782378D809904206D0501E8241C2
:10F430007F20D2010340134323700B79002B07D0A8
:10F440003078F9F712F9012802D00120F9F76CFFA2
:10F4500000246F4B1C606F4B1C706F4B1C806F4BFC
:10F460001C706F4B1C806F4B1C806F4B1C706F4B64
:10F470001C805C809C80DC806D4B1C706D4B1C7014
:10F480006D4B1C706D4B1C706D4B1C706D4B1C706C
:10F490006D4B1C706D4B1C706D4B1C60F8F754FA73
:10F4A000F8F776FAF8F78AFA6A4B6B4A1C606B4BEE
:10F4B0001C706B4B1C606B4B1C606B4B1C706B4B64
:10F4C0001C706B4B1A6001226A4B1A70F8F73CFAF9
:10F4D000F9F73AF8684B1C70F8F736FAF9F734F890
:10F4E000664B674A1C70674B21001C70664B1120ED
:10F4F0001C70664B14701C7054705C7094709C701F
:10F50000D470DC70FEF7C4FB6A222300A978687807
:10F51000FEF7DEFB1C2320002B71FEF7B1FB5C4BDA
:10F520005C4A1A6000245C4B5C4A19785C4D137885
:10F53000994200D1CAE00F24E85C013323400E3C1D
:10F540000528F5D8F2F74CFD40F4333A030D13705B
:10F5500001220320534B1A70534BD870FCF7CCFE9A
:10F56000E0E7002413704F4B1C70504B1C70504B45
:10F570001C70FEF79FFE062221004E48F2F714FB96
:10F580004D4B20001C704D4B1C704D4B1C70FEF7FA
:10F59000FDFD2000FEF714FEFEF7E8FD494B1C7050
:10F5A000494B1878431E984101303F4BD5E7137003
:10F5B000454B1B78002BF8D10120F6E71370012290
:10F5C000394B1000DA70C9E70125374C2800137059
:10F5D000E570FCF791FE2800A570BFE7001400203D
:10F5E0000114002007130020063000201F300020E7
:10F5F000DD2F0020F62F0020A81700203430002037
:10F6000010130020F830002000080048640C00208F
:10F61000FC130020F81300206C1300206A13002054
:10F6200068130020EC130020EE130020F0130020DC
:10F630006F13002070130020EA130020D013002065
:10F64000CD130020CC130020CF130020CE130020B8
:10F65000741300205014002021880000541400204E
:10F660008C160020881600206E13002084140020C1
:10F67000182F00203F1400203E14002024140020E6
:10F680002614002003140020251400202A14002032
:10F69000C4220020C80E00202D2F00202C2F002077
:10F6A0001C2F0020B42F00205C0C0020021400202E
:10F6B0001C1300200113002000130020FF12002063
:10F6C000FE120020DC2F0020AF2F0020002C00D0E5
:10F6D0001170FFF749F80023C94ACA4CD05AE15AC1
:10F6E0000A2B00D1A9E002338842F7D0C64B05921D
:10F6F000029300230193019BC24A5B00D35A0493F7
:10F70000059B049A1B88934200D186E06A461279D1
:10F7100000260A92049A5A40019B09921A01BB4B97
:10F72000D3180B9301230393099B039A13426AD0C6
:10F73000049B134006930123B3400893029B089A4D
:10F740001B881A4210D10A9B10AC63702670FEF71A
:10F7500035FE01232371069B60805A1E934163711D
:10F7600010981199FAF7C0FE0024069BA34205D118
:10F770000B9B9B5DFF2B01D007930134A44F3B787B
:10F780001B19082B1DDD0823611C1D1B2A00C9192C
:10F79000A048F2F7F5F8210009312A00C9199E485E
:10F7A000F2F7EEF8610019316A00C9199B48F2F7C7
:10F7B000E7F8210011312A009948C919F2F7E0F859
:10F7C0003D70002C16D007989149904B3030400086
:10F7D0000A78C55C1B185B788C186372079B002045
:10F7E000637413000C335B00CB18013265705870E2
:10F7F00098700A70069B002B05D1029B089A1B8803
:10F800009343029A1380039B01365B009BB20393E0
:10F81000102E89D1059B049A1A80019B0133019314
:10F82000059B02330593029B02330293019B062B37
:10F8300000D060E7FEF7C2FD04E0884200D055E743
:10F84000FAF704FF774C00272668FEF7B7FD831B05
:10F8500005000193FEF7B2FD2060010038006C4BFB
:10F860001B789C461C00704BF618761BC3B29C4557
:10F8700011D8002F01D0664B1C706C4D6C4F2C784A
:10F880003E78032C00D9BAE12000F2F7C7FB1F0035
:10F8900039002905360503005D4A0C335B00D21898
:10F8A000937855781B022B439E4204D20127013CDA
:10F8B000E4B20130DAE7019D5B199DB20295FF25A4
:10F8C0002B405370029B1D0A9570F2E70022594BA2
:10F8D00059481A70594B293219604D49F2F750F8BE
:10F8E000574B1B78002B07D1564B03221B781C006B
:10F8F0001440134200D09C0801233C702B707EE121
:10F900003000FDF777FB002E00D178E1494B1878E5
:10F910000138C0B2FBF728FC4B4A0DAB12781880B7
:10F92000002A21D1494B1B78002B00D1E2E00024B2
:10F93000002320001A0019000134FBF70DFC402CB5
:10F94000F6D1434C2378182B00D9CDE00023C821F1
:10F950001A000120FBF700FC2378312B00D8DBE0F4
:10F9600000223B4B1A70D7E01A7805925B78069319
:10F97000384B1B781C1C042B00D90424FEF71EFDF9
:10F9800006230134E4B21B1B80B218416B460027EA
:10F9900001901B7902935B00DBB204930393FAB2EC
:10F9A000130005993D33DBB2994200D98CE00699EA
:10F9B000994200D888E02848284B00782849013827
:10F9C00000241B780978042853D8F2F713FB030F9F
:10F9D0004B865100552042430298039C8218D0B2B6
:10F9E000120646D5FF24241A640007E05520504330
:10F9F000AA2400063DD4013CFF3C5443E4B238E065
:10FA0000D02F0020B62F0020C22F0020881B01001D
:10FA1000DD2F0020DE2F0020E62F0020F62F002013
:10FA2000EE2F002030300020FFFF0000E50E002008
:10FA30003C300020E00E002006300020383000204E
:10FA4000DC2F0020A817002092300020C0220020C8
:10FA5000A82700209910002093300020913000202A
:10FA6000981000200298C318552042439B18DBB21F
:10FA7000FF240EAA1370517094700E98FAF726FFA7
:10FA800010AB18700400050400022D0E000E5D700E
:10FA90009870174BC0B21E78C8217043F2F786F9F0
:10FAA000C3B2E8B2C82170430893F2F77FF9C5B238
:10FAB000E0B2C8217043F2F779F9C1B238002A00E8
:10FAC000089B3D30FBF748FB039B0137563BDBB2FD
:10FAD0000393032F00D062E724E7019A049C1206E7
:10FAE000C7D5019AD4437FE700231A00190030E7F5
:10FAF0009A100020C34B1878002800D1FAE1C24BBD
:10FB00001B78022B00D9F1E1C04AD05CC04AD15C1D
:10FB1000C04AD25CF4F704FFBF4B1B78002B30D1F6
:10FB2000B84B1B78002B2CD1BC4B1D78BC4B1C78E0
:10FB3000042C00D1A2E3002D00D045E3002C00D11D
:10FB4000B9E3012C00D1B9E3023C012C00D8B5E3A4
:10FB5000B44A0EAB52781A70FF225A70373A9A7034
:10FB60000E98FAF7B3FE0204030210A9120E1B0E40
:10FB700008704A708B70D2B2C1B2DBB23A20FBF788
:10FB8000EBFAA94B1B78002B39D1A84B1B78002B23
:10FB900035D1A14B1B78002B31D19A4B1C78002C0E
:10FBA0002DD1A04BA24E5B780193A24B35881F5DEF
:10FBB000002D00D190E3FEF701FC401B80B2C72866
:10FBC00000D984E3019A0EAB1A70FF225A70373ABB
:10FBD000101A98700E98FAF779FE0204030210A921
:10FBE000120E1B0E4A708B700870DBB2D2B2C1B21B
:10FBF00038000134FBF7B0FA0236242CD5D18E4CF4
:10FC00000622210010A8F1F7BBFE637802270393B8
:10FC10000323E356E757029305230426E356A6572A
:10FC200001930023A370E37023716371029B3B4334
:10FC300036D0824B1D88FEF7C1FB814A401B1378EA
:10FC400080B2002B01D100F039FF142828DDFF2BF2
:10FC500001D001331370002F07D0FBF7A7FAFF2361
:10FC6000002F00DDFE3B4343A370029B002B08D016
:10FC7000FBF79CFA029AFF23002A00DDFE3B434378
:10FC8000E3700220205600280AD003256557002D76
:10FC900006D0FBF77BFAA0702800FBF777FAE0703C
:10FCA000019B334337D0674B1D88FEF787FB664ABD
:10FCB000401B137880B2002B01D100F0F9FE5028D0
:10FCC00029DDFF2B01D0013313705B4D002E07D0CF
:10FCD000FBF78CFAFF23002E00DDFE3B43432B7124
:10FCE000019B002B08D0FBF781FA019AFF23002A21
:10FCF00000DDFE3B43436B710420285600280AD0E8
:10FD00000526AE57002E06D0FBF740FA28713000CA
:10FD1000FBF73CFA68714849039A4B7893421AD131
:10FD200002228A56002A01D0974214D10320085695
:10FD3000002802D0029B98420DD10523CB56002B00
:10FD400002D0019D9D4206D1097949B2002902D114
:10FD50000243134301D0FEF761FB062210A92000E5
:10FD6000F1F70EFEFEF702FA384B1A78824202D003
:10FD70001870FEF723FB364B1B78002B3DD0002577
:10FD8000344B01950293029B1C68002C2AD0019BE6
:10FD9000002B00D0C2E2012672B6F3B203932068B2
:10FDA0006369F1B29847431E9841054362B62A48F9
:10FDB000FBF7F0FA002812D0A3692068F1B2984747
:10FDC00000280CD072B6254F63683A002068F1B263
:10FDD000984762B600202249BA6CFEF743FB013611
:10FDE000092ED9D1019B01330193029B90330293D9
:10FDF000019B032BC7D1164B1D7072B6194F3B6F79
:10FE00001B7831E00B130020081300200F2601009F
:10FE10000C26010009260100C02200203F1400200A
:10FE20003E140020A8170020071300209027002070
:10FE30007C130020641B01000113002040300020CF
:10FE4000001300203E300020FF120020423000202E
:10FE500090300020740F0020E80E00204430002075
:10FE60004A3000209C100020042B01D100F017FC28
:10FE700062B6FEF7A3FABE4C05002378012B04D02E
:10FE80000022BC4B1A70BC4B1A802022BB4BBC4ECC
:10FE90001B6813409A06D20F0192002B16D03778B8
:10FEA000002F13D1B74B1A78022A0FD00222082054
:10FEB0001A70F6F707FFF6F78DFAF6F79BFDB24BCF
:10FEC0001F70FEF77BFA0122B04B1A706B46207848
:10FED0001B7933700023042801D900F09DFCF2F750
:10FEE0009DF8430479049D04A5045005C82211001F
:10FEF00010000FE6A44E3378002B56D0A14D2B787E
:10FF0000022B52D0002B1DD16A781800511E0229F5
:10FF100002D80E32D0B205339D4A9E4CD278012AC7
:10FF20001BD12278092A14D803255D439A494A191E
:10FF30009378695C5278FBF70FF92378132B00D97B
:10FF40000EE5E9E5012B01D00300E5E712200323CC
:10FF5000E2E700231A001900EDE7022A0ED1227809
:10FF6000182A07D803255D438B494A199378695CA1
:10FF70005278EFE400231A001900EBE403275F43F3
:10FF80008549CA199378795C5278FBF7E5F82378AC
:10FF9000EF2B00D8C0E50023237033702B78002BA3
:10FFA00000D0B9E501227D4BDCE47D4B18780028B8
:10FFB00059D07C4B1B78012B23D17B497B4B0A7892
:10FFC000012A06D900201A780870032A17D9033AA3
:10FFD0001A7000251C78764B1A5D764B585D00230D
:10FFE0001900FBF7B9F82300783C0833DAB2E4B221
:10FFF0001B0600D4140001350A2DECD18CE57F22BC
:020000021000EC
:10000000E6E7022B0BD100246A4BFF22185D002388
:1000100001341900FBF7A0F80A2CF5D17CE5594B07
:100020009E786D2E1DD80A213000F1F7BFFE002703
:10003000FF24C5B2142E06D900243223B3426441F2
:10004000FF276442E4B20026F3B29D4200D863E584
:10005000584B3A00985D21000023FBF77DF80136EC
:10006000F2E70A25E8E7544E544D33782A78190010
:10007000484C114348D02178182935D8002B2BD073
:10008000C82211001000F4F74BFC2378312B06D95D
:10009000002323703378002B30D0013B3370484B62
:1000A0001B78002B00D137E5364A1378012B54D04A
:1000B000022B57D0002B00D02EE55378022B42D0D4
:1000C000032B45D0012B00D026E5C7331A001900B9
:1000D0000F20FBF741F81FE5002AE0D0C8221100ED
:1000E0001C20FBF739F8D0E7002B02D002000100FA
:1000F000C9E7002AC9D01A001900F1E72B78002BB4
:10010000CDD0013B2B70CAE721701E4C2578022D03
:1001100017D1FEF737F8054213D02A4B1B78002B76
:100120000FD0C8231A0019001C20FBF715F86379BB
:10013000002BB4D0C82336201A001900FBF70CF8A6
:10014000ADE70023EEE7C82310201A001900C0E72E
:10015000C82311201A001900BBE7C82312201A0077
:100160001900B6E7C82313201A001900B1E7C046EA
:10017000C71300209F270020A02700200008004868
:10018000F8300020640C0020902700200C13002081
:10019000E3270020A8270020EE250100A227002049
:1001A000C513002098270020A7270020C413002093
:1001B00064250100E4250100091300200A13002032
:1001C0000713002099270020042C57D0022C78D048
:1001D000032C7AD0012C04D0002C55D00026FF240B
:1001E00050E0C64B1D78002D01D000F06DFC2C00B6
:1001F000FF26C34B1B680193002B01D09B8A019300
:1002000084273800FF217043F1F7D0FDC3B23800D6
:10021000FF2160430293F1F7C9FDC3B23800FF210B
:1002200068430393F1F7C2FD029B039AC1B20198A0
:10023000FAF792FFB34B1A78131C642A00D964238F
:100240000320DBB2584364216330F1F7AFFD3D2753
:10025000C3B201933800019B3D38C0B2220029008F
:10026000B446834202D80022110094463800634607
:100270000137FAF771FF402FECD169E4FF24260023
:10028000002DB6D00025B4E79F4B1C68002CA5D0EC
:10029000FEF794F89A4B9D4A1B68001B90429DD82C
:1002A000002B9BD09E69002E98D0350C340AEDB2FD
:1002B000E4B2F6B29DE72600FF259AE72E0000245F
:1002C000FAE780260024350093E78026F7E700212F
:1002D0000B000A0031808BE42B002A00290087E400
:1002E0008B4B8C4A1E708C4B1B789B079B0F13709B
:1002F000F5F7E2FC0323FFF701FB884B1B78002B8B
:1003000001D0FDF7F3FD864B1C68FEF757F8001B84
:100310000F2800D873E40023FFF7F0FA72B600212B
:10032000636920689847431E9841054362B6029866
:100330008C38FBF72FF8002800D153E50021A36982
:1003400020689847002800D14CE572B6754E002110
:10035000320063682068984762B66B467249187924
:10036000B26CFEF77FF83DE5002363700C33A37099
:1003700016E060780138032833D80025F1F73AFEFB
:10038000020B1D29FEF71AF8030EA370030CE3708D
:1003900040BAA08004E0FCF7A6FC6580257160717E
:1003A000624B1B68002B00D127E55B69002B00D155
:1003B00023E52021200098471FE500232200190093
:1003C000A578E81802320528EAD8517091700133F7
:1003D000F7E76580A580E3E76378022B04D0052B5F
:1003E0000FD0FF232370DBE712230CAA9B18598838
:1003F0001A880904114309BA2D20C9B2FDF70EFC71
:10040000CEE70020FDF77AFCCAE7617800200429D6
:10041000BED8A278052ABBD8E3780F2BB8D8C02560
:100420004D435201AD185B00ED1828002E30FCF74B
:1004300038FC060228002F30FCF733FCB6B23043FC
:1004400080B2A5E7A388E2785BBAA17860789BB216
:10045000FDF76EFDA4E7F5F78BFFA1E76278032AAD
:100460006ED1082B2ED0092B67D0A0780138032835
:1004700096D8F1F7BFFD020E1B22C9220CABDB7C24
:100480005A43254B120A997858780023FDF720FC2F
:1004900086E7E378002B02D1FDF754FC80E7FDF7F7
:1004A0003DFC0021E078FDF7F3FB79E71A4BE27899
:1004B00000201A71FDF7E4FB72E7174B2179DA7817
:1004C000E078E2E7A0780138032800D968E7124B0A
:1004D000F1F790FD020A122EFF20DB78C821584365
:1004E000F1F764FCE0705BE71A780023910799420A
:1004F00000D09308E37053E71B79FBE75E140020FC
:10050000FC130020C222002074130020B70B00004F
:10051000E40E0020E30E0020A81700203430002055
:1005200038300020443000204A300020C42200200F
:100530005A78E2709B78237132E7FDF7D7FC2FE7FA
:10054000022A00D04DE7082B1FD0092B00D127E746
:10055000A0780138032800D922E7F1F74BFD020605
:100560000E10C44BE2781A701AE7E378C24A13708F
:10057000591E8B41C14A137012E7C14BF2E7C14BC0
:10058000E2781A70C04B2279EDE7A0780138032891
:1005900000D905E7F1F72EFD02050C0EB54B1B78CF
:1005A000A8E7B64B1A7800239A42A3D0B24BF6E7DD
:1005B000B34BF4E7B34B1B78E370B34B1B78BAE74C
:1005C00010236370ECE6002363709233CFE60CAB2C
:1005D000D97C11230CAA9B1858781A780002104372
:1005E00040BA80B211AAFDF7BDFCD9E6112327005D
:1005F0000CAA9B185D781A782D021543E6786DBA1F
:10060000ADB27619B54200D1CAE6912D04D89F4B00
:100610003979E818FDF702FB01350137F2E7FDF7FC
:10062000E1FABDE60523CCE71123F02726000CAA4A
:100630009B185D781A782D021543E3786DBAADB238
:100640005B190193BF00019BAB4200D1A8E60020DB
:10065000BD4203D228002E30FCF723FB3071013558
:100660000136F0E71123F02726000CAA9B185D78CD
:100670001A782D021543E3786DBAADB25B19019378
:10068000BF00019BAB4200D18AE6BD4204D22800E4
:1006900031792E30FDF7C2FA01350136F1E762B645
:1006A00072B6002510AB0193794B9C6A002C08D1DF
:1006B000DA68002A34D05A69141D12689C62A218A4
:1006C000DA62FB6A02932023029A5B1B161B9E428E
:1006D00000D91E00210032000198F1F751F9019B69
:1006E0006B489B190193029BA4198462AD19A34224
:1006F00011D8C368C269013BC36043699B18826912
:100700004361934201D3436A436100238362036BD5
:10071000002B00D0984762B61F2D02D872B6C3E7EF
:1007200062B66A426A415B4B1A70202D01D0FFF716
:10073000A0FB10AC2378581E122800D951E6F1F71F
:1007400063FC13FE18FE4BFE64FE81FE8AFE8DFEE6
:100750008DFE8DFE50FE50FE3FFF42FF46FF55FFCF
:100760006EFF71FF73FF91FF4B4B1B78022B24D060
:100770004A4B1D68FDF722FE494B401B98421CD98D
:10078000484B1B78002B18D19023DB051B68DB0638
:1007900013D4454B1D78002D0FD101262670FDF78F
:1007A0000DFE424B96301860414B1D705E71414BFF
:1007B0001D70414B1D80414B1E70F7F73FF8404EB6
:1007C000040033783F4D834200D00EE100232B70AC
:1007D000FEF7A8FE3C4A1578002D0CD01370374A5E
:1007E00023701370344A1380314A5371FDF7E6FDCC
:1007F0002A4B1860E1E72D4B1E68FDF7DFFD801BDB
:100800009528DAD901222D4B1D702B4B1D802F4BC3
:100810001A70F6F78BFF02232370CEE72A4A11786D
:100820000029CAD01370F7F7E3FEC6E7274F1F4E23
:100830003B78002B10D1264A13700122254B1A70E9
:100840001C4B1A70FDF7BAFDFDF7B8FDC8239B00DD
:10085000C01830600423DFE73568FDF7AFFD96234D
:10086000401BDB009842A8D31B4A1378012B35D8D4
:100870000133D7E79A1000209330002092300020F7
:10088000991000209130002098100020EE03000005
:100890009C10002020110020640C00201013002068
:1008A000DF9304006D2800209A270020C813002041
:1008B000E327002090270020A02700209F2700206A
:1008C000BC1D0020FC3000200C1300206A0C00200E
:1008D000FD300020AA270020FF3000207C4B1A7832
:1008E000002A4CD101251D7080237A4ADB00D16B90
:1008F0003D700B43D3630222774B19680A431A6099
:100900001A682A431A60F6F77FF9F5F7B9FDF5F78B
:1009100075F9F6F72BFFF6F7E5FE704B1B78022B07
:100920002AD1F5F743FD3D7000253C226C4B1D702C
:100930006C4B1A806C4A6D4B116A1940C0231B0422
:100940000B43C0211362136A09061B021B0A0B43E7
:100950001362674B1D705D71664B1D70F5F7DEFE0F
:10096000654B1D70654B1D70FDF728FD9623DB0060
:10097000C018306003234FE7F5F75EFDD3E7F6F7C5
:1009800083FE5F4B1B78002B0FD15949534A49789E
:100990001278914209D15B4A237013705A4A13703E
:1009A0004B4A1370594B1D6007E7594E3768FDF7E6
:1009B00005FDC823C01B9B00984212D3524A1378EE
:1009C000022B09D8013313700122524B1A70C8232D
:1009D0009B00ED183560F0E600234A4923700B7048
:1009E000DDE701224B4B1A70E7E62B784A4F019363
:1009F000002B06D101332B70FDF7E0FC3880FEF7A9
:100A000091FD3F88FDF7DAFCC01B80B2632801D856
:100A1000FEF788FD00223470304E2A707378012C66
:100A20000DD0022C06D0944201D0FEF77BFD1D00B4
:100A3000022405E0591E01251400022900D81D00DA
:100A40003278A24216D1002C01D0FEF76BFDAB42EA
:100A500001D1FEF767FDF5F7EFFC002375703370E9
:100A6000022D23D0032D21D00120012D1BD0F5F71D
:100A7000C1FF0BE0022C10D108203470F6F722F9E8
:100A8000F5F7A8FCF5F7B6FF00230193234B019A75
:100A90001A70FDF793FCFEF745FD012CDBD1F5F74D
:100AA000CBFC00203470F6F70DF9E0E72800FAE7F8
:100AB0000A2801DDFFF707F9FFF72DF90A2801DD04
:100AC000FFF7C7F8FFF7ECF80026FF24FFF7F4FB69
:100AD000FE3000200010024000280240640C00207C
:100AE000E9270020620C002000ED00E0FFFF00FF7E
:100AF000E32700209F270020A62700202B28002086
:100B00006A0C0020FF300020FD3000201013002070
:100B1000C8130020AA270020FA30002090270020C8
:100B2000F0B5BC4F89B07B7BDBB202933B7BDBB281
:100B3000039373460493B84B1B68DAB201927F2289
:100B40001340B64A136001237A781A4202D17A78A8
:100B500013437B70BB7BDBB20593019B5B0754D5D2
:100B60000023AF4A0793079B934200D8AFE0A0222F
:100B7000AC4E002130005200F1F716F8002540235A
:100B8000A94AAA4C73601570A94A3100E26001229B
:100B90002C310A7031003385B436B83133803E3B96
:100BA0000A702370E567A560E368002B12D072B667
:100BB000E6687069002804D002210C304942FBF736
:100BC000D3FDB069002804D002210C304942FBF764
:100BD000CBFD62B600210135E1600434082DE3D17C
:100BE0000124944B91481970914B934AC3608D4BEB
:100BF00014701A00B832147040221A85B4331A8067
:100C000043681B688B4200D098470821019B0B4228
:100C100010D08A4A1388002B5FD0029B8B40039927
:100C20000B4387490888984255D00B801388013BB5
:100C30009BB21380019BDB0737D50A227F4B1A80BA
:100C4000804B023A1A60804B1A78002A2DD000227D
:100C5000764C1A702378052B27D02200803213702F
:100C60000523237063681B68002B02D00421200039
:100C700098470025A560E368002B12D072B6E6689D
:100C80007069002804D002210C304942FBF76CFD4A
:100C9000B069002804D002210C304942FBF764FD02
:100CA00062B601350434082DE5D1684B1A78002A64
:100CB0002ED1674B674968481A78002A00D01FE197
:100CC000059BBB730498FDF7C5FC09B0F0BD079BFD
:100CD0000133079347E70A23ABE703227B781340EE
:100CE000012BA7D15D4A1160574A11780029A1D183
:100CF0004E481370017805299CD1030080331B787E
:100D0000037043681B68002B00D193E7984791E775
:100D100001251B784F4AD05C514B8540EDB21D70C8
:100D2000B873002800D0A1E004217A7C3E4ED3B2F3
:100D30000A4204D07B7C8B437B743070B5E7DA06C3
:100D400001D580227A743278D0B2062AADD8F1F774
:100D500047F9041CAC355DAC5D00DB07A5D5002070
:100D6000FAF796FB010008289FD13E48FBF79CF953
:100D70002C4BDB8C002B06D0402300212B487B74AE
:100D8000FBF734FD91E74823F7E7264B5A6B1C8DA0
:100D9000986BA2420AD9196B00199863121B0919A2
:100DA00000205A631963FBF70BFA7EE700218018D5
:100DB000986359631D48FBF7EBFE76E7DB0700D429
:100DC00073E70020FAF764FB0500274C83B2190093
:100DD00020680193FBF768F923685B192360114CC5
:100DE0002200C4321368B4345B1913602388019A5B
:100DF000934208D900210D48FBF71BFF48237B7461
:100E0000443B337051E740237B744EE7002131703F
:100E1000D0E7C04600380240B0380240B438024043
:100E20000E270000A02D0020A82B0020302F00202E
:100E30000C250100942F0020CC2D0020B60E0020A0
:100E4000A62B0020A0380240A42B0020903802409E
:100E500092380240AD21010096380240A438024089
:100E600094380240C02D00205C2E002004227B7CA0
:100E7000134202D07B7C93437B74142343435A4E2A
:100E8000F3185C6B002C18D01A8D196B94420DD995
:100E90009D6B8918AD18A41A19639D635C63A24207
:100EA00000D9220092B2FBF741F9FEE69A6B0919CC
:100EB00012199A63002219635A6314214B4B4C4C4C
:100EC0001D704143851CAB00E3185A6876185369BE
:100ED000B16B59600121814023898B432381936841
:100EE000002B02D001002000984772B6AD006419B3
:100EF0006368002158690C30FBF736FC62B6D4E613
:100F000001251A7801268C5CA540EDB20570BC73F2
:100F10003A7D324200D1CFE6802320009843FAF791
:100F2000B7FA1422624383B29C462F4B9B181A00D7
:100F3000C032126882421FD3BC332E491B68A20004
:100F4000521819188B424AD114226243264B9B181F
:100F50001900BC310A68C03312180A608A68121876
:100F60008A601A68121A1A606C223B7D93433B75A3
:100F70003B7D6B3A93433B75142363431A4AD31862
:100F80001900B4310988614504D8C0331B688B420D
:100F900000D38EE61420184B60431D70A61C144D20
:100FA000B300EB1859681218C4328B6912685A6082
:100FB0000122A2406B8993436B81CB68002B02D046
:100FC00021002800984772B6B600AD196B689B697E
:100FD000180059680C30FBF7C7FB62B669E6167853
:100FE0001E700133AEE7C046A02D002084380240B9
:100FF000302F00202038024086380240162303603C
:1010000001204042704700207047180070470020C0
:1010100070470000030010B572B6094A10685468A2
:101020004118A14205D962B60C2201201A60404243
:1010300005E08842F7D8116062B60028F4D010BDF0
:10104000E02E002010B51400582200212000F0F7F7
:10105000ABFD80239B010020636010BD0120704721
:1010600072B6024B024ADA65FEE7C04698300020AD
:10107000B019010072B6024B024ADA65FEE7C046BB
:1010800098300020B519010001207047704700001A
:101090000FB407B5044805A90191FCF765FD03B03D
:1010A00008BC04B01847C04684190100F7B5464B88
:1010B000464C1A780193002A05D023780A2B01D0D8
:1010C000BB232370F7BDA378112B68D1E378404D83
:1010D000404F2B703E78002B07D0022E54D03E4B51
:1010E0001B78002B4ED0F6F721FB23796B70B342AF
:1010F0004FD00122394B1A702B78002B01D00023DE
:101100002B706379AB707A789A4208D0002E06D1A2
:101110000122324B1A702B78002B00D02E70304AEF
:10112000A3791178EB70994206D0137001222D4BF0
:10113000022E00D100221A70B422E379217A2B7199
:10114000637A92011B020B43934207D0264A13781D
:10115000002B03D101331370244A1370A37ABB2BE5
:10116000B0D1019ABA3B1370214B224A1A80002356
:10117000174A13705371194A13701A4A13701A4A96
:1011800013709FE72B70B0E7194B2A70194A1A8029
:10119000ABE7022EB5D1164B164A1A80B1E7092BE0
:1011A000DCD10B4BE2781978002908D0002A06D14F
:1011B00008490978022900D001325A71CEE7012A84
:1011C000CCD100221A70F8E72B2800202C28002010
:1011D000E3270020640C00209F270020AA2700207E
:1011E000B40E002090270020A9270020600C0020CA
:1011F000620C0020DC050000F0B572B68022274B9F
:101200009205904226D30022F8261100244F76053D
:101210001F259C68240C2C40022C05D8455C4C1CD6
:10122000DD60045D0231DC609C68344202D0DC6821
:10123000BC5401323F29EBD93F2A09D8F82149058E
:1012400098680842FCD0D868154988540132F3E701
:1012500062B6F0BD0022F82610001F251400104FC2
:1012600076059968090C2940022902D8DC60023011
:10127000DC609968314202D0D968B95401323F2804
:10128000EFD93F2AE4D8F821490598680842FCD0F4
:10129000D868034988540132F3E7C046003800405B
:1012A0002C28002080220A4B5200196930B5094CC5
:1012B000114209D01969084D29401961216801605E
:1012C00019690A431A6130BD23680360FBE7C04611
:1012D0000020024074E8FF1FFFFEFFFFF0B587B05B
:1012E0000B6803911F220121019304005B08019800
:1012F0000293002B00D0A0E09040F0F7D3FE039BB8
:101300005B690493072800DDACE01F220121A56A78
:101310000198029B002B00D096E09040F0F7C2FEAF
:101320000F23800083401F2201219D430198029BCF
:10133000002B00D08FE09040F0F7B4FE049B8000BB
:1013400083402B43A3621F220121039BA5699E6852
:101350000198029B002B00D0B4E09040F0F7A2FE71
:1013600001210B0083401F229D430198029B002B0B
:1013700000D0AEE09040F0F795FE86401F2201219C
:101380002E43039BA6616569DE680198029B002BD2
:1013900000D0A5E09040F0F785FE03234000834095
:1013A0001F2201219D430198029B002B00D09EE04B
:1013B0009040F0F777FE400086401F2201212E4327
:1013C000039B6661E5691E690198029B002B00D0B2
:1013D00094E09040F0F766FE01210B0083401F224D
:1013E0009D430198029B002B00D08EE09040F0F7C7
:1013F00059FE86401F2201212E43039BE6615D6852
:1014000026690198029B002B00D085E09040F0F700
:1014100049FE03234000834001229E431F2302997B
:10142000002900D07FE001989840F0F73BFE400093
:1014300085403543256107B0F0BD1D0040000D40DB
:101440002843013A5B0854E71E0040000E40304339
:10145000013A5B085EE71E0040000E403043013A4F
:101460005B0865E7019B1F221D0A5E0A2800330006
:10147000E76A002B14D19040F0F714FE0F23800090
:10148000834001229F431F23002E14D1280098403F
:10149000F0F708FE049B800083403B43E36252E781
:1014A000410005911800012108400599013A0143C6
:1014B00008005B08DDE731006D0011400D43013B82
:1014C0007608E1E71F0040000F403843013A5B080F
:1014D00040E71F0040000F403843013A5B0846E7F1
:1014E0001F0040000F403843013A5B084FE71F00E0
:1014F00040000F403843013A5B0856E71F004000A8
:101500000F403843013A5B0860E71F0040000F407E
:101510003843013A5B0866E71F0040000F4038433C
:10152000013A5B086FE701990298490010400843AF
:10153000029901904908013B029170E7154AF0B504
:1015400053699B0614D5FF25F0260389546803339D
:1015500099080139E401E4094906214351605168C1
:101560000468090E0906214351609B08002B00D135
:10157000F0BD4168013B9BB22142F9D1C1680F1D0A
:101580000968C760976891601168A9433143116089
:10159000ECE7C046002002400B4B5A69920611D579
:1015A00006C80A420ED15A68084802405A605A6872
:1015B000120E12060A435A60FF22196891430E3A2E
:1015C0000A431A607047C04600200240FFFFFFFE3A
:1015D000044B5A69920603D59A6A00229A625B69A3
:1015E0007047C04600200240054B5A69920606D457
:1015F0009A6A044A9A629A6A034A9A625B697047D5
:10160000002002403322110088776655F7B50C00A0
:1016100001931500204B00280CD01970FCF7CEFE6A
:101620001E4B18800723012023409840C0B2F4F7D6
:10163000E1F9F7BD1E788E4229D1184B1F88FCF7BF
:10164000BDFEC01B80B2C72821D82C002034E4B2D4
:10165000AE420FD033000126072730003B409840B0
:10166000C0B2F4F7BFF9BC4204D82F40BE40F0B27C
:10167000F4F7C0F90198F7F7A5F9072CD9D8072393
:1016800001201D40A840C0B2F4F7ACF9D1E7072310
:1016900001201C40A040F6E7141300209E2B0020E0
:1016A000F7B50E4C0E4B24781B7801940D4C019D20
:1016B000AB4201D10020FEBDDE00A5196F788F423C
:1016C00005D1365D864202D16D79954203D1072559
:1016D00001332B40EBE70120EDE7C0461D1300204E
:1016E0001E130020201300201FB5040072B6FFF760
:1016F0007BFF0094E44368460194FFF74DFFFFF73A
:1017000067FF62B61FBD70B5E024F02564026D026C
:101710002000FFF7E9FF80239B00E418AC42F7D1DB
:10172000E02000214002F5F73FF8F0246002013488
:0C173000E4B2FFF7D9FF002CF8D170BD27
:10173C0000FFC80000202020202020202020282866
:10174C002828282020202020202020202020202075
:10175C0020202020208810101010101010101010B5
:10176C0010101010100404040404040404040410E5
:10177C001010101010104141414141410101010173
:10178C00010101010101010101010101010101013D
:10179C001010101010104242424242420202020249
:1017AC00020202020202020202020202020202020D
:1017BC0010101010200000000000000000000000BD
:1017CC00000000000000000000000000000000000D
:1017DC0000000000000000000000000000000000FD
:1017EC0000000000000000000000000000000000ED
:1017FC0000000000000000000000000000000000DD
:10180C0000000000000000000000000000000000CC
:10181C0000000000000000000000000000000000BC
:10182C0000000000000000000000000000000000AC
:10183C000000000000000000C6170000CC160000DD
:10184C00CC160000CC160000CC160000CC16000004
:10185C00CC160000CC160000CC160000CC160000F4
:10186C00CC16000028170000E0160000CC16000073
:10187C00CC160000CC160000CC160000E0160000C0
:10188C00CC160000CC160000CC160000CC160000C4
:10189C0042160000081700005A170000CC16000072
:1018AC00CC1600003C170000CC16000008170000F6
:1018BC00CC160000CC160000D41700008A240000BF
:1018CC00B6230000A02300001C240000A02300006D
:1018DC0050240000A02300001C240000B6230000AC
:1018EC00B6230000502400001C2400008C230000B0
:1018FC008C2300008C2300005A240000B623000027
:10190C00B6230000A0230000F6240000A023000052
:10191C0050240000A0230000F6240000B623000091
:10192C00B623000050240000F62400008C23000095
:10193C008C2300008C230000F0310000A430000048
:10194C001C300000463000001C30000088310000C4
:10195C001C30000046300000A4300000A430000011
:10196C0088310000463000003E3000003E30000060
:10197C003E300000AA310000325034473A25642032
:10198C00424C453A256420504F533A2564204D4F24
:10199C0044453A25640A00296C6C756E2800296C44
:1019AC00696E280065786974006B696C6C00633033
:1019BC00000000002A0000DD558900002C0000DD2D
:1019CC005F8900002D0000FF698900002E0022FFB6
:1019DC0079890000380000FF89890000090011DDB9
:1019EC0095890000050011DD9F89000000000000B2
:1019FC00000000000F0C00480E0C00480F080048B7
:101A0C000E0800480D080048030C0048020C004862
:101A1C000C0800480B0800480A0800480E00004853
:101A2C00090800480808004807080048060800484C
:101A3C000F040048E200E900EA00B500B600B70068
:101A4C00CD008301CC008A01920194012102230272
:101A5C0024022502260227022A02B300B4006F00DA
:101A6C0070009F01CB019F02A0020000000000004B
:101A7C0000000000000000000000000000007E0FCD
:101A8C0000D4FFFFFFC7000000780000000000003A
:101A9C0000002A2B280000000000000000000000BD
:101AAC00000000000029000000002C1E3420212220
:101ABC0024342627252E362D3738271E1F20212289
:101ACC00232425263333362E37381F040506070802
:101ADC00090A0B0C0D0E0F101112131415161718F2
:101AEC00191A1B1C1D2F3130232D35040506070830
:101AFC00090A0B0C0D0E0F101112131415161718D2
:101B0C00191A1B1C1D2F3130354C3A3B3C3D3E3FC6
:101B1C00404142430000000000444501020408100B
:101B2C00204080000400167EE600E700DD51000036
:101B3C0000000000C8000100000000000080FF0051
:101B4C0000000000D5890000F1510000195200007E
:101B5C0000000000C01901001D2E2C1F1120212295
:101B6C0016232425302F17180F121E13152D102B8A
:101B7C00142A0D0E2829343537383B3C00FFFFFF63
:101B8C00FFFFFFFFFFFFFFFFFFFFFFFFFF01020350
:101B9C000405060708090A0B0C0DFFFF0E0F1011A8
:101BAC0012131415161718191A1BFFFF1C1D1E1FD4
:101BBC002021222324252627FF28FFFF29FF2A2B5B
:101BCC002C2D2E2F30313233FF34FFFF353637FFBB
:101BDC00FF38FFFFFF393A3B3CFFFFFF000A100ABA
:101BEC00200A300A400A500A600A700A800A900AD9
:101BFC00A00AB00AC00ADC0A0414181428143814F9
:101C0C00481458146814781488149814A814B81428
:101C1C00C814DE14041E1C1E2C1E3C1E4C1E5C1E06
:101C2C006C1E7C1E8C1E9C1EAC1EBC1ED81E082856
:101C3C002328332843285328632873288328932880
:101C4C00A328B428E0280032143228326E32B03285
:101C5C00C032D028E028E141E141E141010101011C
:101C6C000101010101010101010101010101010158
:101C7C000101010101010101010101010101010148
:101C8C000101010101010101010101010101010138
:101C9C0001010101010101010100000010200040BF
:101CAC00000000805000510052004F00290000003D
:101CBC000000000000000000000000000000000018
:101CCC0000000000000000000000000000001E00EA
:101CDC001F002000210022002300240025002600E4
:101CEC0027002D002E002A00000000002B001400FD
:101CFC001A000800150017001C0018000C00120038
:101D0C0013002F00300031000000000039000400E7
:101D1C001600070009000A000B000D000E000F0052
:101D2C00330034000000280000000000E100000037
:101D3C001D001B00060019000500110010003600E4
:101D4C00370038000000E50000000000E000E30070
:101D5C00E200000000002C00000000000000167ED5
:101D6C0024526500E400000000000000290000007F
:101D7C000000000000000000000000000000000057
:101D8C0000000000000000000000000000001E0029
:101D9C001F00200021002200230024002500260023
:101DAC0027002D002E002A00000000002B0014003C
:101DBC001A000800150017001C0018000C00120077
:101DCC0013002F0030003100000000003900040027
:101DDC001600070009000A000B000D000E000F0092
:101DEC00330034000000280000000000E100000077
:101DFC001D001B0006001900050011001000360024
:101E0C00370038000000E50000000000E000E200B0
:101E1C00E300000000002C00000000000000167E13
:101E2C0024526500E40000000000000035000000B2
:101E3C000000000000000000000000000000000096
:101E4C0000000000000000000000000000003A004C
:101E5C003B003C003D003E003F0040004100420082
:101E6C004300440045002A00000000002B00017EC6
:101E7C00027E037E007E4600470048000C001200E4
:101E8C0013002A78297821780000000039000052CC
:101E9C0001520700090049004A004B000E000F00D8
:101EAC00247823780000280000000000E1000000E6
:101EBC0043780000487847784C004D004E004A7833
:101ECC00497852000000057E00000000E000067E0C
:101EDC00E20000000000427800000000000050000A
:101EEC0051004F0000000000000000003500000011
:101EFC0000000000000000000000000000000000D6
:101F0C000000000000000000000000000000BE0007
:101F1C00BD00C100C20022002300AC00AE00AB002B
:101F2C00A800AA00A9002A00000000002B00017ED6
:101F3C00027E037E007E4600470048000C00120023
:101F4C0013002A782978217800000000390000520B
:101F5C0001520700090049004A004B000E004B00DB
:101F6C00247823780000280000000000E100000025
:101F7C0000000000487847784C004D004E004A782D
:101F8C00497852000000057E00000000E000E200ED
:101F9C00E300000000004278000000000000500048
:101FAC0051004F0000000000000000000100000084
:101FBC000000000000000000000000000000000015
:101FCC0000000000000000000000000000003A00CB
:101FDC003B003C003D003E003F0040004100420001
:101FEC004300440045000100000000000100017E98
:101FFC00027E037E007E0100010001000100010051
:10200C000100AA00A900010000000000010001006D
:10201C0001000100010001000100010001000100AC
:10202C0001000100000001000000000001000000A0
:10203C00010001000100010001000100010001008C
:10204C00010001000000010000000000010001007F
:10205C000100000000000100000000000000010071
:10206C0001000100010000000000000029480000F0
:10207C00315B00005D5B0000895B0000B55B00001C
:10208C0041480000C805010902A10185020901A10E
:10209C00000509190129081500250195087501810C
:1020AC00020501093009311581257F9502750881DA
:1020BC000609381581257F950175088106050C0ADE
:1020CC0038021581257F950175088106C0C0050170
:1020DC000980A101850319012AB700150126B70053
:1020EC00950175108100C0050C0901A10185041929
:1020FC00012AA002150126A002950175108100C0CD
:10210C0005010906A1018506050719E029E7150057
:10211C0025019508750181020507190029EF1500A5
:10212C00250195F075018102050819012905950510
:10213C0075019102950175039101C00660FF09615B
:10214C00A1010962150026FF00952075088102097E
:10215C0063150026FF00952075089102C005010942
:10216C0006A101050719E029E71500250195087559
:10217C000181029501750881010507190029FF15D8
:10218C000026FF0095067508810005081901290530
:10219C0015002501950575019102950175039101B5
:1021AC00C000000100020001000300010002000158
:1021BC000004000100020001000300010002000104
:1021CC0000050001000200010003000100020001F3
:1021DC0000040001000200010003000100020001E4
:1021EC0000060001000200010003000100020001D2
:1021FC0000040001000200010003000100020001C4
:10220C0000050001000200010003000100020001B2
:10221C0000040001000200010003000100020001A3
:10222C000007000100020001000300010002000190
:10223C000004000100020001000300010002000183
:10224C000005000100020001000300010002000172
:10225C000004000100020001000300010002000163
:10226C000006000100020001000300010002000151
:10227C000004000100020001000300010002000143
:10228C000005000100020001000300010002000132
:10229C000004000100020001000300010002000123
:1022AC000000000100000000002C010000310020A3
:1022BC000031002000310020002C01000000000043
:1022CC000000000000000000002C010000000000D5
:1022DC000000000000000000002C010000000000C5
:1022EC000000000000000000002C010000000000B5
:1022FC000000000000000000002C010000000000A5
:10230C000000000000000000002C01000000000094
:10231C000000000000000000002C01000000000084
:10232C0000000000000000000102003031323334A4
:10233C00353637383941424344454600160343008D
:10234C00490044004F004F00200051004B00360064
:10235C00310000001203520044004D0043005400B1
:10236C004D005A00540000000403090409025B00EC
:10237C00030100A0FA090400000103010100092176
:10238C001101000122440007058103080001090422
:10239C0001000203000000092111010001222200AA
:1023AC00070582032000010705030320000109042F
:1023BC000200010300000009211101000122B600F6
:1023CC00070584032000011201000200000040B048
:1023DC003635300500010203014422B669210100A3
:1023EC0047210100912001008A230100A323010051
:1023FC00C3230100FF00003131295A1B750A00016B
:10240C0001010101010101010202020202020202A8
:10241C00020303030303030303040404040404047A
:10242C00050505050506060606060707070707083E
:10243C00080808090909090A0A0A0B0B0B0C0C0CF1
:10244C000D0D0D0E0E0E0F0F0F101011111112128B
:10245C0013131414151516161717181819191A1A08
:10246C001B1B1C1D1D1E1E1F202021222223242469
:10247C00252626272829292A2B2C2D2D2E2F3031A5
:10248C003232333435363738393A3B3C3D3E3F40B7
:10249C004142434445464748494A4C4D4E4F5051A2
:1024AC005354555658595A5B5D5E5F61626465665C
:1024BC0068696B6C6D6F7072737577787A7B7D7EE3
:1024CC008082838587888A8C8E8F91939596989A33
:1024DC009C9EA0A2A3A5A7A9ABADAFB1B3B5B7BA4B
:1024EC00BCBEC0C2C4C6C9CBCDCFD1D4D6D8DBDD1F
:1024FC00DFE2E4E7E9EBEEF0F3F5F8FAFDFF0000BC
:10250C0000000000EDC7000091CB000033CC0000B0
:10251C0040004000782800207828002001000000AE
:10252C006E280020BA1901009028002050290020A4
:10253C00F1CE000079B2000051C300000000000091
:10254C000004004803040048040400480504004843
:10255C0006040048070400480004080C1014181C5A
:10256C002024282C3034383C4044484C5054585C7F
:10257C006064686C7074787C8084888C9094989C6F
:10258C00A0A4A8ACB0B4B8BCC0C4C8CCD0D4D8DC5F
:10259C00E0E4E8ECF0F4F8FFFFF8F4F0ECE8E4E049
:1025AC00DCD8D4D0CCC8C4C0BCB8B4B0ACA8A4A03F
:1025BC009C9894908C8884807C7874706C6864602F
:1025CC005C5854504C4844403C3834302C2824201F
:1025DC001C1814100C08040001020304050607085B
:1025EC00090AFF0000FF8000FFFF0000FF0000FF52
:1025FC00FF0000FF8000FFFFFFFF0000000000C88D
:10260C0000C800C8000000005245454E54206D61C2
:10261C006C6C6F632073756363656564656400003F
:10262C002E2E2F2E2E2F2E2E2F2E2E2F2E2E2F2EB9
:10263C002E2F6E65776C69622F6C6962632F7374D1
:10264C00646C69622F72616E642E63002C20667557
:10265C006E6374696F6E3A200000000061737365DD
:10266C007274696F6E2022257322206661696C6515
:10267C00643A2066696C6520222573222C206C69D3
:10268C006E65202564257325730A0000232D302BDD
:10269C0020000000686C4C006566674546470000EA
:1026AC00303132333435363738394142434445467C
:1026BC00000000003031323334353637383961623E
:0826CC00636465660000000074
:0826D40088FAFE7F01000000FE
:1026DC00040C00200000000044110020AC1100206C
:1026EC001412002000000000000000000000000098
:1026FC0000000000000000000000000000000000CE
:10270C0000000000000000000000000000000000BD
:10271C0000000000000000000000000000000000AD
:10272C000000000003000000441100200000010024
:10273C0001003C0002013201000001000000000019
:10274C00000000000000000000000000000000007D
:10275C00000000000000000000000000000000006D
:10276C00000000000000000000000000000000005D
:10277C00000000000000000000000000000000004D
:10278C00000000002000000000000000000000001D
:10279C00000000000000000000000000000000002D
:1027AC00000000000000000000000000000000001D
:1027BC00000000000000000000000000000000000D
:1027CC0000000000000000000000000000000000FD
:1027DC0008000000000000000000060000000000DF
:1027EC0000000000000000000000000000000000DD
:1027FC0000000000000000000000000000000000CD
:10280C0000000000000000000000000000000000BC
:10281C00000000000000000000000000200000008C
:10282C000000000000000400000000000000000098
:10283C00000000000000000000000000000000008C
:10284C00000000000000000000000000000000007C
:10285C00000000000000000000000000000000006C
:10286C000000000000000000030000000000000059
:10287C000000030000000000000000000000000049
:10288C00000000000000000000000000000000003C
:10289C00000000000000000000000000000000002C
:1028AC00000000000000000000000000000000001C
:1028BC000000000003000000000000000000020007
:1028CC0000000000000000000000000000000000FC
:1028DC0000000000000000000000000000000000EC
:1028EC0000000000000000000000000000000000DC
:1028FC0000000000000000000000000000000000CC
:10290C00060000006C0C0020B80C00200000000039
:10291C0000000000E80D00209C0D0020500D002050
:10292C0000000000040D002000000000000000006A
:10293C00340E002015C50000F9C40000F1CC0000D5
:10294C00C1B30000DDB30000EDB30000380E002071
:10295C0015C50000F9C40000F1CC0000C1B30000A3
:10296C00DDB30000EDB300003C0E002051C50000AB
:10297C002DC500000FCD00001DB4000041B40000B7
:10298C0059B40000FF001400410041004100410017
:10299C0041003905E95800003DB20000D1E50000C6
:1029AC00DFE50000EDE50000FBE5000009E60000B6
:1029BC0000FF00FFFF03000000000000000000000B
:1029CC0000000000000000000000000000000000FB
:1029DC0000000000000000000000000000000000EB
:1029EC0000000000000000000000000000000000DB
:1029FC0003000000000000000FC6000000000000F3
:102A0C002000000000000000000000000200000098
:102A1C0000000000000000000000000000000000AA
:102A2C000000000000000000302F00200400000017
:102A3C000400000020000000102A0020000000000C
:102A4C0000000000980E00200000000000000000B4
:102A5C00000000000000000000000000000000006A
:102A6C00000000000000000000000000000000005A
:102A7C00000000000000000000000000000000004A
:102A8C0003000000000000000FC600000000000062
:102A9C000800000000000000000000000200000020
:102AAC00000000000000000000000000000000001A
:102ABC000000000000000000302F0020010000008A
:102ACC000400000008000000E029002000000000C5
:102ADC00000000007C0E0020000000000000000040
:102AEC0000000000000000000000000000000000DA
:102AFC0000000000000000000000000000000000CA
:102B0C0000000000000000000000000000000000B9
:102B1C0003000000000000000FC6000000000000D1
:102B2C002000000000000000000000000200000077
:102B3C000000000000000000000000000000000089
:102B4C000000000000000000302F002002000000F8
:102B5C0004000000200000005029002000000000AC
:102B6C0000000000600E0020FF02C8000000000002
:102B7C000000000000000000000000000000000049
:102B8C000000000000000000000000000000000039
:102B9C000000000000000000000000000000000029
:102BAC000000000003000000000000000000000016
:102BBC00CFC6000000002000000000000000000054
:102BCC0002000000000000000000000000000000F7
:102BDC00000000000000000000000000302F00206A
:102BEC00030000000400000020000000A02A0020C8
:042BFC0000000000D5
:040000030000019167
:00000001FF
