:10000000000400209101000065ED0000B1ED00004A
:100010009301000093010000930100009301000090
:100020009301000093010000930100009301000080
:1000300093010000930100009301000085F300008C
:100040009301000093010000930100004D6E000039
:1000500093010000716E0000856E0000DD6E0000EF
:100060009301000093010000C96E0000930100009D
:100070009301000093010000AD6F00008D6E000041
:10008000A16E0000B56E0000930100009301000016
:100090009301000093010000930100009301000010
:1000A0009301000093010000930100009301000000
:1000B0009301000093010000930100005DFB00002C
:1000C00072B6244880F30888234880F30988022008
:1000D00080F31488BFF36F8F07F036FE0EF052FDE9
:1000E0001E481F491B4A914202DA08600431FAE7B0
:1000F0001C49194A914202DA08600431FAE71A49A8
:100100001A4A1B4B9A4204DA086810600431043220
:10011000F8E700201749184A914202DA08600431D2
:10012000FAE70EF047FD0EF043FD144C144DAC42BF
:1001300003DA216888470434F9E709F0C1FF114C5C
:10014000114DAC4203DA216888470434F9E70F49BE
:100150000847000000040020000C002055555555AC
:1001600000000020000400206C1D0100000C002095
:100170002411002040110020F8300020C0000000B1
:10018000C0000000C0000000C0000000B3EB000091
:1001900096E700F000F8FEE7F0B544464D465646B7
:1001A0005F46F0B46B46CB60C3689D46F0BCA0468A
:1001B000A946B246BB46F0BD62B6281CA047002047
:1001C0000EF0C4FDFEE70EF043FD024A024B136041
:1001D000FEE7C04604ED00E000000080114B70B562
:1001E0001C680500236B002B03D000221D615A619F
:1001F00070BD182000F094F8031E20630CD00A4A4A
:1002000000210260094A4260094A82600B22828111
:10021000012018615961E8E700224621054B064894
:1002200000F050F8000C00200E33CDAB34126DE618
:10023000ECDE0500A41C0100BC1C0100184B70B5CD
:100240001D682C6B002C0ED020696169154A164B75
:1002500001F098FE0122002312184B41580040087B
:100260002261636170BD182000F05AF8041E2863F3
:100270000FD00E4B012203600D4B43600D4B83608A
:100280000B23838100230261436107480A4A064B1E
:10029000E6E700225221094B094800F013F8C04656
:1002A000000C00202D7F954C2DF451580E33CDAB12
:1002B00034126DE6ECDE05002E7F954CA41C010087
:1002C000BC1C010070B514001A000A4B06001B6824
:1002D00084B0D868002C0AD0074B084D01930091D8
:1002E00033002900029400F03BF800F011F8044BB1
:1002F0001C00F2E7000C0020E81C0100F81C0100C3
:10030000F41C0100130010B50022FFF7DBFFC0460C
:10031000062010B500F0C8F801200EF0B7FDC04669
:1003200010B5034B0100186800F02EFF10BDC04649
:10033000000C002010B5034B0100186800F0ACFF62
:1003400010BDC046000C00200CB400B583B004AB57
:1003500004CB019300F082F903B008BC02B0184747
:100360000EB400B582B003AB0100054804CB0068B1
:10037000019300F073F902B008BC03B01847C046FF
:10038000000C0020C36B10B50400002B01D000202E
:1003900010BD802100F0F8FEE063002806D00200C6
:1003A0000023803208C09042FCD1F0E70120404297
:1003B000EEE7C04670B505000C0016001F2907D8EF
:1003C000C06B002809D0A40004192068266070BD05
:1003D0001623036001204042F9E78021280000F045
:1003E000D3FE010003000022E86380310028F1D031
:1003F00004C38B42FCD1E6E770B505000C001F2951
:100400001ED8C36B002B0ED08A009B181A68002AD6
:1004100009D0012A05D0511C0ED0002120001960FE
:100420009047002070BD280001F004FB220001006D
:10043000280001F0EBFAF5E7162303600120F1E74D
:100440001623036001204042ECE7C04670B505006A
:100450000C001F2924D8C36B002B14D0A2009B18BA
:100460001A68002A09D0511C0BD0012A07D000219C
:10047000200019609047002070BD0120FCE7032098
:10048000FAE70220F8E7802100F07EFE031EE86311
:1004900006D000210200803002C28242FCD1DDE79A
:1004A00001204042E8E7C046144B70B504001D68C7
:1004B0001F281DD8EB6B002B0DD082009B181A68EB
:1004C000002A08D0012A04D0511C0DD00021196047
:1004D0009047002070BD280001F0ACFA2200010016
:1004E000280001F093FAF5E7162301202B60F1E7CD
:1004F000162301202B604042ECE7C046000C002090
:10050000114B70B504000E001D681F2807D8E86B5A
:10051000002809D0A40004192068266070BD1623A5
:100520002B6001204042F9E78021280000F02CFEDA
:10053000010003000022E86380310028F1D004C3E9
:100540009942FCD1E6E7C046000C00200C4B10B5E8
:100550001C68E36B002B01D0002010BD802120001F
:1005600000F012FEE063002806D002000023803273
:1005700008C09042FCD1EFE701204042EDE7C046C1
:10058000000C0020174B70B504001D681F2825D8EB
:10059000EB6B002B14D0A2009B181A68002A09D01C
:1005A000511C0BD0012A07D0002120001960904770
:1005B000002070BD0120FCE70320FAE70220F8E7E5
:1005C0008021280000F0E0FD031EE86306D0002132
:1005D0000200803002C29042FCD1DCE701204042A0
:1005E000E7E7C046000C0020936810B5013B93601C
:1005F000002B04DA9469A34207DB0A2905D01368AB
:10060000581C10600800197010BD00F0A1FEFBE737
:10061000F8B506000F00002B0DD01400D51802E02D
:100620000134AC4207D03A0030002178FFF7DCFFFC
:10063000431CF5D1F8BD0020FCE7C04610B51400FE
:1006400092680023002A05D0220000F08BF90022D6
:100650000300A26000221800626010BDF0B54E4693
:100660004546DE465746E0B58146884614001E00E2
:100670009FB0002803D0036A002B00D11FE143463E
:100680009B891B0700D48FE043461B69002B00D1D8
:100690008AE0002306AD6B6120336B761033AB76B6
:1006A0005346A346874F059603935B461B78002B62
:1006B00000D19BE05C4603E063780134002B7DD0E1
:1006C000252BF9D15B46E31A9A465C457BD123780A
:1006D000002B00D18AE0012300225B42069207939F
:1006E000002200230892099300234332AB54AB65E8
:1006F00001339B46013406E05A46C01B82401C0071
:1007000029680A432A6005223800217800F0F0F8B1
:10071000631C1E000028EFD12A68D10602D54321B0
:1007200020306854110702D543212B2068542178CA
:100730002A2967D1059B191D1B680591002B00DA3A
:1007400098E0EB6061782E2900D172E05E4C0322C4
:10075000200000F0CDF8002806D04023001B834085
:100760002A68013613432B603178731C06225748E0
:100770009B46297600F0BCF8002800D180E0544B5D
:10078000002B67D005AA0092290042464846514BEB
:1007900000E000BF0390039B013327D0039A6B69ED
:1007A000944663446B6180E74146484600F062FC32
:1007B000002800D16DE7012040421CE05B46E31AAF
:1007C0009A465C4512D03B0000264746A0464C4660
:1007D000994602E00136B24543D95B463A00200013
:1007E000995DFFF701FF0130F4D1B84643469B897C
:1007F0005B06E0D468691FB0F0BCBB46B246A946B0
:10080000A046F0BD08003038260009289BD8EA68C9
:10081000140000E00133A2001219197852001418D4
:10082000080030380928F5D91E00EC602E2900D0C8
:100830008CE771782A292DD1059BB01C1A1D1B68E5
:1008400005926B60002B02DA01235B426B60B1788A
:1008500006007BE70722059B073393430833059384
:100860009CE74B466A69A146524444466A61B846D1
:100870001F002CE75B42EB6002231A432A6061E70A
:1008800005AA0092290042464846124B00F0BCFEE1
:10089000039080E708000023303801366B60092898
:1008A00000D953E71A0093009B1871785B001A185F
:1008B0000800303801360928F5D96A6046E700F0AB
:1008C000D7FADCE6281D0100301D0100341D0100AF
:1008D000000000001106000010B504001300034AD8
:1008E00010680A002100FFF7B9FE10BD000C0020BF
:1008F00070B5CCB283070DD0531E002A0FD003254C
:1009000004E00130284206D0013B08D30278A2421D
:10091000F7D170BD1300032B03D8002B14D1002096
:10092000F7E7FF220A401502AD182A040B4EAD1856
:1009300003E0043B0430032BEFD9026808496A4006
:10094000511891433142F4D0C31802E0013098426B
:10095000E5D00278A242F9D1DBE7C04680808080F2
:10096000FFFEFEFEF0B54E46DE4657464546E0B574
:10097000936883B00C0091460090002B5FD00C234D
:10098000CA5E130763D50B69002B60D04B461F6806
:10099000930723D5A36A00269A46B34B00259846B1
:1009A000216A002D16D02B00454500D9AE4B3200F0
:1009B0000098D047002859DD4B464A469B683618B8
:1009C0001B1A2D1A9360002B39D0A36A216A9A460C
:1009D000002DE8D13E687D680837E2E7D30762D58D
:1009E0000023B84600209A4600261F00002E45D05E
:1009F00000284CD03B00B3469E4200D99B4620685D
:100A00002269A5686369904203D9ED18AB4500DD02
:100A1000FEE05B4500DDEEE0A56A5246216A0098E3
:100A2000A847051E22DD01207F1B19D04B464A46F0
:100A30009B68AA445B1B761B9360002BD6D10020D9
:100A400003B0F0BCBB46B246A946A046F0BD2100AB
:100A5000009800F00FFB00280DD10C23E25E95E713
:100A60002100009800F0C2FA0028DFD00C22A35E1B
:100A700040221343A38101204042E1E7082243467C
:100A800094465E68E044002EF8D01B689A46320017
:100A90000A215046FFF72CFF002800D1DBE0534627
:100AA0000130C71AA6E7002380219A4689008B46A9
:100AB000564655462068A36884469846002D5CD06B
:100AC00059460A425DD09A46AB4200D990E0902345
:100AD000DB001A4232D02169431A60690193430056
:100AE0001B18D80FC3185810019B824601335B199D
:100AF000834201D99A461800520500D497E00100BC
:100B0000009800F041FB8046031E00D1A6E0019A48
:100B1000216900F035FFA389544A13408022134312
:100B2000A38143462361019B1A00424494462260FC
:100B30005246A846AA46D31A6261A36052463100C3
:100B4000604600F07BFF4246A8460025A368206867
:100B50009B1A5044A36020604B4642469B68464423
:100B60009B1A4A46936000D169E70C23E25E206835
:100B7000A36884469846002DA2D13E687D68083758
:100B80009AE7226982421BD362699046AA4217D82B
:100B9000802328001B069D4200D33548414601F0C2
:100BA00005F94346A26A43439046216A3200009801
:100BB000C047002800DC59E780464346ED1ACBE7E2
:100BC0009846AB4200D9A8464246310000F036FFB5
:100BD0004246A36820689B1A4044A3602060002B13
:100BE000EBD12100009800F001FA0028E5D03DE7A4
:100BF000A846AA46A2E75A46514600F01FFF5A46A9
:100C0000A3685D469B1AA36023685B4423600AE7E0
:100C100051462A0000F012FF236821005B1900985A
:100C2000236000F0E3F9002800D1FCE61EE7020093
:100C3000009800F009FC8046002800D071E7009D74
:100C40002169280000F028FB8022A3899343743A8D
:100C50001BB22A600CE7731C1F00CCE6009A0C3311
:100C600013600C22A35E03E700FCFF7F7FFBFFFF06
:100C7000FFFFFF7F0020704710B5034A0349044877
:100C800000F0C0FB10BDC046500C0020ED0F00006E
:100C9000040C002041680B4B10B50400994201D0B0
:100CA00000F0A4F9A168084B994202D0200000F09E
:100CB0009DF9E168054B994202D0200000F096F9B9
:100CC00010BDC04644110020AC11002014120020B9
:100CD00000207047F8B5CE464746344C344B354A71
:100CE0002000002580B51A600423082200215C3012
:100CF00025606560A560656625616561A561E36045
:100D000000F052FF2C4B2000994663622B4B2C4F76
:100D10009846A362CC23E5502A4B2B4E6367802371
:100D200008220021C430E550E7622663A566E56627
:100D30002567A567E567246200F036FF2200882357
:100D40006832E2504A460433E250424620000433FF
:100D5000E2500433E7500433E6503833E5500433AF
:100D6000E5500433E550194A5C33E550583BE250F6
:100D70000433E5502D300433E550082204330021BC
:100D8000FF30E55000F010FF2200F023D032E25097
:100D90004A460433E25042460433E2500433E750FB
:100DA0000433E650C0BCB946B046F8BD441100203B
:100DB00040110020790C0000ED1A0000191B000002
:100DC000591B000009000100891B000012000200ED
:100DD000F8B5244B07001B68002B3BD0224E7368EC
:100DE000B468013B03D51BE06834013B18D30C22E7
:100DF000A55E002DF8D120001C4B08220021E360E5
:100E000065662560A560656025616561A5615C30EA
:100E100000F0CAFE6563A563A564E5642000F8BD23
:100E20003568002D01D02E00D9E7D62138004900C1
:100E300000F0AAF9041E10D00423D022056025007A
:100E400043600C300021A060520000F0ADFE346021
:100E50002E00C4E7FFF73EFFC0E70C2330603B6085
:100E6000DCE7C04640110020500C00200100FFFFCD
:100E7000036A10B5002B00D010BD044B0362044B75
:100E80001B68002BF8D1FFF725FFF5E7950C000054
:100E9000401100207047C0467047C04610B5002082
:100EA000024A034900F0AEFA10BDC046500C0020C3
:100EB000750C000010B50020024A034900F0A2FAA8
:100EC00010BDC046500C0020D10C0000F0B5C64645
:100ED00000B50C228B5E07000C001A073CD44A6850
:100EE000002A5CDDE66A002E32D000223D68216ACD
:100EF0003A60DA0457D4002201233800B0470200D8
:100F0000431C65D00C21635EE66A216A5B0706D547
:100F10006368D21A636B002B01D0236CD21A0023B2
:100F20003800B047431C40D000236360236923602E
:100F3000A389DB044AD4616B3D60002908D02300FB
:100F40004433994202D0380000F0A6F900236363CD
:100F5000002080BCB846F0BD0E69002EF8D00D68A8
:100F60000022AD1B0E609B0700D14A69A260002DD4
:100F700004DCEDE736182D1A002DE9DDA36A3200F6
:100F8000984638002B00216AC0470028F2DC402236
:100F9000A38913431BB20120A3814042D9E70A6C05
:100FA000002A9FDCD4E7626DB0E739680C22A35EAB
:100FB0001D2916D80C4ACA40D20712D500226260F9
:100FC00022692260DB04B6D50029B4D16065B2E79E
:100FD0003B68002B96D01D2B01D0162BD7D13D603E
:100FE000B6E740221343D6E7010040200B6970B5F5
:100FF00005000C00002B08D0002802D0036A002B4B
:101000000AD00C22A35E002B01D1002070BD21006C
:101010002800FFF75BFFF9E7FFF72AFFF1E7C0467B
:1010200070B5041E18D00F4B1D680369002B08D043
:10103000002D02D02B6A002B0AD00C22A35E002BBD
:1010400001D1002070BD21002800FFF73FFFF9E724
:101050002800FFF70DFFF0E7034A0449044800F0B9
:10106000D1F9EFE7000C0020500C0020ED0F00003C
:10107000040C0020314B70B5050018680C000028E6
:1010800002D0026A002A4FD00C22A35E1A071DD597
:101090002269002A24D0D90708D50021A1606169FE
:1010A00000204942A161002A08D070BD00219807A4
:1010B00000D461690020A160002AF6D11A06F4D597
:1010C00040221343A38101204042EEE7DA062ED5E9
:1010D0005A0714D4226908210B43A381002ADAD1CC
:1010E000A02180208900800019408142D3D02100B6
:1010F000280000F0BDFB0C22A35E2269CBE7616BE8
:1011000000290AD022004432914204D0280000F085
:10111000C3F80C22A35E00226263242293430022C0
:10112000626022692260D6E7FFF7A2FEACE70922DF
:101130002A6040221343A381C5E7C046000C00206B
:1011400070B5104E050033680C00002B15D021003F
:1011500028000DF075FE431C0CD00323C41C9C43D7
:10116000A04205D0211A28000DF06AFE013001D0FE
:10117000200070BD01246442FAE700210DF060FEFA
:101180003060E4E77C120020F8B50323CE464746E2
:10119000CD1C9D430835060080B50C2D1ED20C25B4
:1011A000A9421DD8300000F05FFB3A4F7A68002A50
:1011B0001AD0140004E063682200002B14D01C0035
:1011C00023685B1BF7D40B2B27D961192560944248
:1011D0005BD051600B6063684B600DE0002DDFDA7F
:1011E0000C230020336014E029003000FFF7A8FF33
:1011F0000400431C19D00560300000F037FB2000CC
:1012000007220B30231D9043C21A984201D01B1AAB
:10121000A350C0BCB946B046F8BD6368944202D042
:101220005360E9E743467B60E6E77B689846002B1E
:1012300024D0444663689846002BFAD123680021E5
:1012400099463000A1440DF0FBFD814516D123687D
:101250003000ED1A2900FFF773FF01300ED023682C
:101260007A685B1923605368002B02D1DAE71A0011
:101270005B689C42FBD100235360BDE70C23300028
:10128000336000F0F3FA0020C3E779600B60636815
:101290004B60B1E77C12002070B50500002915D025
:1012A0000C1F2368002B23DB280000F0DDFA274AFF
:1012B0001368002B05D0A3420BD921686018834224
:1012C0002CD028006360146000F0D0FA70BDA342F7
:1012D00010D81A005B68002BF9D1106811188C42E5
:1012E00018D02CD363605460280000F0BFFAEDE7FB
:1012F000E418D9E711685018A04214D01FD821680B
:1013000060188342EED118685B6841182160636001
:101310005460E9E723681B181360E5E718685B6809
:1013200041182160CDE720680918501811608342E8
:10133000DAD118685B68411811605360D4E70C2358
:1013400028002B6000F092FAC0E7C046801200200F
:10135000F8B505000E001400002802D0036A002B27
:1013600041D0A369A360A3891B071BD52369002B68
:1013700018D0FF22F7B2616916402268D31A994249
:101380001FDD0133A1680139A160511C2160177074
:1013900062699A421ED0A389DB0701D50A2E19D0B3
:1013A0003000F8BD21002800FFF764FE002817D1A7
:1013B000FF222369F7B2616916402268D31A994265
:1013C000DFDC21002800FFF711FE002808D10123EF
:1013D0002268D7E721002800FFF708FE0028DFD0A9
:1013E00001267642DCE7FFF743FDBAE7030010B5BC
:1013F0000A00034908681900FFF7AAFF10BDC0469C
:10140000000C0020F8B54746CE46884680B5814698
:10141000170000267D68BC68013D0DD4A389012B0F
:1014200007D90E22A35E013303D021004846C047EE
:1014300006436834013DF1D23F68002FEAD1300005
:10144000C0BCB946B046F8BDF0B5C64607000E00B0
:10145000140000B500292DD0002A27D000F09AFBF7
:101460008046844203D835004308A34210D32100AC
:101470003800FFF789FE051E0AD0220044450BD82C
:101480003100280000F07CFA31003800FFF704FF3B
:10149000280080BCB846F0BD31004246280000F06C
:1014A0006FFA31003800FFF7F7FEF1E7FFF7F4FEBF
:1014B0000025EDE71100FFF767FE0500E8E7C046ED
:1014C000F8B557464E464546DE46E0B51F000A9B36
:1014D000924698460A698B6806000C009A4200DA28
:1014E0001A0053461A604323E35C002B02D0514696
:1014F00001320A602268910661D5534652460620A1
:101500001B680233136022681100104208D10020CA
:10151000814619308346E168A344994247DC1100B3
:101520004323E35C5A1E934189060AD53020E11813
:101530004331087045215A1C615CA21843320233C2
:1015400011702200390030004332C04701301DD0F5
:10155000534606251B68E1689C462368A2682069FB
:101560002B40042B31D0824239DD00239946121AD8
:10157000914400251A3402E001354D452FDA01234C
:10158000220039003000C0470130F5D1012040422F
:10159000F0BCBB46B246A946A046F8BD01239C4616
:1015A0005346E5681B68E144ED1A4D4524DD0123EF
:1015B0005A4639003000C0470130EFD1E6E7062136
:1015C00011420ED05A1E9341BBE76346C91ACB4362
:1015D000DB170B4099468242C9DC0029C9DC002098
:1015E000D6E7002053468146193083461B68E168E0
:1015F000A3449942DBDC92E743232168E35C5A1E53
:101600009341890692D49CE7F0B54E469946432310
:101610009C4657464546DE468C446346E0B587B057
:1016200002930C00097E90460700109A002914D0FE
:101630000B00583BDBB2202B48D888489B00C3588E
:101640009F46136821681D1D606915601B680E06A2
:1016500002D4490600D5DCE018600023029D236116
:101660004B46210000933800434605AAFFF728FFA8
:1016700001301ED02A00414638002369C847013096
:1016800017D02368E068059E9B071BD5B04219DD83
:1016900019239A460025A24404E0E0680135831B23
:1016A000AB420FDD0123524641463800C8470130A6
:1016B000F3D10120404207B0F0BCBB46B246A94678
:1016C000A046F0BDB042F6DA3000F4E72500422330
:1016D00001204235E154432300222061E254BFE758
:1016E00013682168181D10600D0602D44D0600D540
:1016F00094E01A6816006368002A00DA92E0584AFB
:1017000093460A2203924BE01368206840CB0506FB
:1017100001D440067FD41360514B9B466F2900D102
:1017200091E00A23039337E013682500191D116027
:101730001A68422301204235E254CCE71368191D90
:1017400011601D68002128006268FFF7D1F80028A9
:1017500000D181E0401B6060BDE7202321680B437E
:1017600023604521782060543E498B46116840C96A
:10177000180603D4580601D53604360C1160DA0772
:1017800002D5202213432360002E03D12022236898
:10179000934323601023039343230022E25463689E
:1017A000A360002B18DB042122688A432260002EEC
:1017B00012D1029D002B49D1039B082B1ED0029B06
:1017C0005B1B23614CE745235821E15424492368DE
:1017D0008B46CBE72368C4E7039B9A46029D300003
:1017E000514600F0DFFA5B465B5C013D2B70330035
:1017F00006005345F3D2039B082BE0D12368DB0797
:10180000DDD5626823699A42D9DC3023013D2B7013
:10181000D5E7188021E73604360C7CE700269E5F6A
:10182000320068E743222D20A054A360002B02DB86
:101830000423994321600A239A46094B76429B462A
:101840000A230393CAE708230393A5E75B46250011
:101850001B7842352B70AFE760683CE7B40E01009F
:101860003C1D0100501D01007047C0467047C04636
:10187000F0B50C23CD5E06000C0097B0AA0707D583
:1018800023004733236023610123636117B0F0BD58
:101890000E23C95E00292BDB6A460DF0E9FA002809
:1018A00024DB8027FF0039003000019DFFF76CFC2E
:1018B000002833D08022A38920601343A381F02322
:1018C0001B021D408023206167619B019D42DDD189
:1018D00030000E23E15E0DF0D7FA0028D6D00322A7
:1018E000A389934301221343A381CFE70C23E55E31
:1018F0000F4B2D06ED171D408023DB009C466544F1
:1019000029003000FFF740FC002807D08022A3897F
:1019100020601343A38120616561B7E70C22A35EB9
:101920009A05B3D40322934302221343A381A7E76A
:1019300040FCFFFF70B50C001E000E23C95E1500B1
:1019400096B0002914DB6A460DF092FA00280FDBEE
:10195000F02301991B021940084B9C4661444B42FD
:1019600059418023DB00002031602B6016B070BD30
:10197000A38900211B06F4D54023F4E700E0FFFF14
:10198000F0B505000F2A31D903273E000D430C00A6
:1019900003002E402F4234D11500103D2D09AC46D6
:1019A0002F013F1865685D60A5689D60E568DD6092
:1019B000256810341D601D001033BD42F2D165460C
:1019C0000F230C2401352D014919134045191442E8
:1019D0001AD0043B9B0801339B008C59AC51043650
:1019E0009E42FAD10323AD1989191A40561E002AC6
:1019F00006D00023CC5C1A00EC5401339642F9D196
:101A0000F0BD0500561EF4E71A00EFE7002370B59D
:101A1000074D0400080011002B600DF041FA431C33
:101A200000D070BD2B68002BFBD02360F9E7C046C7
:101A30008412002010B50DF03DFA10BDF0B58842BB
:101A40000AD98B18984207D2531E002A03D0CA5CC9
:101A5000C254013BFBD2F0BD05000F2A0AD8561E26
:101A6000002AF8D00023CC5C1A00EC5401339642D3
:101A7000F9D1F0E703273E000D430C0003002E4090
:101A80002F422DD11500103D2D09AC462F013F18D6
:101A900025681D6065685D60A5689D60E568103417
:101AA000DD601D001033BD42F2D165460F230C24CA
:101AB00001352D01491913404519144213D0043B37
:101AC0009B0801339B008C59AC5104369E42FAD1DD
:101AD00003231A40AD198919561E002AC2D1BAE74C
:101AE0000500561EBEE71A00B9E7C04670B50C00E7
:101AF0000E25495F0DF099F9002803DB636D1B1873
:101B0000636570BDA389024A1340A381F9E7C0460B
:101B1000FFEFFFFF00207047F8B50C001F000C23FB
:101B2000C95E05001600CB050AD40A4B32001940E5
:101B30002800A1810E23E15E3B000DF07DF9F8BD88
:101B40000E23E15E002202230DF074F90C23E15E06
:101B5000EBE7C046FFEFFFFF70B50C000E25495FB5
:101B60000DF068F9431C07D08023A2895B01134361
:101B70001BB26065A38170BDA389024A13401BB2EA
:101B8000F8E7C046FFEFFFFF10B50E23C95E0DF06A
:101B900055F910BD0B1F1B68181F002B00DB704789
:101BA0000B58C018FBE7C046F0B50500830749D0C5
:101BB000541E002A45D003000326CAB202E00135B4
:101BC000013C3ED301332A703342F8D1032C30D983
:101BD000FF220A401502AD182A04AD180F2C34D983
:101BE0002700103F3F093E01B4461E001A00103680
:101BF0006644156055609560D56010329642F8D104
:101C000001373F01DB190F270C22274022403C00FF
:101C1000002A0ED03E1FB608B400A4461A001C1DB0
:101C2000644420C2A242FCD103240136B6009B19B1
:101C30003C40002C05D0C9B21C19197001339C42DC
:101C4000FBD1F0BD03001400C0E72700E2E7C04667
:101C500030B5032A1AD90B0003439B0711D0551E38
:101C6000002303E05A1C9D4213D01300C25CCC5CDD
:101C7000A242F7D0101B0DE0043A04300431032ACD
:101C800004D904680B689C42F6D0E8E7551E002A88
:101C9000E6D1002030BDC046002243088B4274D3F9
:101CA00003098B425FD3030A8B4244D3030B8B425D
:101CB00028D3030C8B420DD3FF22090212BA030C66
:101CC0008B4202D31212090265D0030B8B4219D347
:101CD00000E0090AC30B8B4201D3CB03C01A524167
:101CE000830B8B4201D38B03C01A5241430B8B42AF
:101CF00001D34B03C01A5241030B8B4201D30B0398
:101D0000C01A5241C30A8B4201D3CB02C01A5241BE
:101D1000830A8B4201D38B02C01A5241430A8B4281
:101D200001D34B02C01A5241030A8B4201D30B026A
:101D3000C01A5241CDD2C3098B4201D3CB01C01A84
:101D4000524183098B4201D38B01C01A524143098E
:101D50008B4201D34B01C01A524103098B4201D37C
:101D60000B01C01A5241C3088B4201D3CB00C01AE9
:101D7000524183088B4201D38B00C01A5241430861
:101D80008B4201D34B00C01A5241411A00D2014686
:101D9000524110467047FFE701B5002000F0F0F80F
:101DA00002BDC0460029F7D076E7704703460B43D3
:101DB0007FD4002243088B4274D303098B425FD344
:101DC000030A8B4244D3030B8B4228D3030C8B4270
:101DD0000DD3FF22090212BA030C8B4202D3121256
:101DE000090265D0030B8B4219D300E0090AC30B2B
:101DF0008B4201D3CB03C01A5241830B8B4201D3D8
:101E00008B03C01A5241430B8B4201D34B03C01AC0
:101E10005241030B8B4201D30B03C01A5241C30A38
:101E20008B4201D3CB02C01A5241830A8B4201D3A9
:101E30008B02C01A5241430A8B4201D34B02C01A93
:101E40005241030A8B4201D30B02C01A5241CDD238
:101E5000C3098B4201D3CB01C01A524183098B4283
:101E600001D38B01C01A524143098B4201D34B016C
:101E7000C01A524103098B4201D30B01C01A5241CF
:101E8000C3088B4201D3CB00C01A524183088B4256
:101E900001D38B00C01A524143088B4201D34B003F
:101EA000C01A5241411A00D20146524110467047B1
:101EB0005DE0CA0F00D04942031000D340425340B6
:101EC00000229C4603098B422DD3030A8B4212D376
:101ED000FC22890112BA030A8B420CD389019211A8
:101EE0008B4208D3890192118B4204D389013AD0E5
:101EF000921100E08909C3098B4201D3CB01C01ABA
:101F0000524183098B4201D38B01C01A52414309CC
:101F10008B4201D34B01C01A524103098B4201D3BA
:101F20000B01C01A5241C3088B4201D3CB00C01A27
:101F3000524183088B4201D38B00C01A5241D9D23F
:101F400043088B4201D34B00C01A5241411A00D2C0
:101F50000146634652415B10104601D34042002BBC
:101F600000D54942704763465B1000D3404201B53B
:101F7000002000F005F802BD0029F8D016E77047F0
:101F80007047C046F0B5CE469946030C9C461304F4
:101F900047461B0C1D000E0061460404240C80B54E
:101FA0000700100C4B436543414360432C0CC018A1
:101FB00024188C46A34203D980235B029846C4446C
:101FC000494679435643230C2D042D0C891963444B
:101FD00024046019C918C0BCB946B046F0BDC0465B
:101FE00002B4714649084900095649008E4402BCB2
:101FF0007047C04602B4714649084900095C49006F
:102000008E4402BC7047C04603B471464908400084
:102010004900095E49008E4403BC704703B4714611
:10202000490840004900095A49008E4403BC7047E2
:10203000844608006146FFE71FB500F0E1FA00287A
:1020400001D40021C8421FBD10B500F069FA40421A
:10205000013010BD10B500F0D3FA002801DB0020DC
:1020600010BD012010BDC04610B500F0C9FA00280F
:1020700001DD002010BD012010BDC04610B500F0EC
:1020800077FA002801DC002010BD012010BDC046F9
:1020900010B500F06DFA002801DA002010BD012013
:1020A00010BDC0461C2101231B04984201D3000C23
:1020B00010391B0A984201D3000A08391B099842BB
:1020C00001D30009043902A2105C40187047C046D1
:1020D00004030202010101010000000000000000F1
:1020E000002B11D1002A0FD1002900D1002802D0E5
:1020F0000021C943080007B4024802A14018029019
:1021000003BDC0467DFEFFFF03B4684601B50298DB
:1021100000F024F8019B9E4602B00CBC7047C046FC
:1021200070B500220C4B04000D0002F043FA0028A9
:1021300004D12000290002F033F970BD064B0022C3
:102140002000290001F0F4FC02F02AF980231B068C
:102150009C466044F1E7C0460000E041F0B55746B8
:102160004E464546DE46E0B504000D0092469946CF
:1021700083B08B4230D82DD04946504602F024FA25
:1021800029000600200002F01FFA331A9846203B6F
:1021900034D49B4653465A46934042461F0053460A
:1021A00093401E00AF423BD8AF4200D179E05B467E
:1021B000A41BBD41002B00DA76E000220023009230
:1021C000019301235A4693400193012342469340D1
:1021D000009329E08242CFD900220023009201938C
:1021E0000C9B002B01D01C605D600098019903B02E
:1021F000F0BCBB46B246A946A046F0BD42469B464F
:1022000020239B1A5246DA40414613004A468A4030
:10221000170042461F43534693401E00AF42C3D9A6
:1022200000220023009201934346002BD8D0FB07E5
:1022300072081A4346467B080EE0AB4201D1A24227
:102240000CD8A41A9D41012024196D410021013EA2
:1022500024184D41002E06D0AB42EED9013E241980
:102260006D41002EF8D1009801995B460019694133
:10227000002B24DB2B005A464646D3402A001C0084
:10228000F2405B461500002B2ADB26009E403300FF
:1022900026004746BE403200801A994100900191C5
:1022A0009EE7A342BCD882E74246202300219B1A26
:1022B0000022009101920122DA40019285E7424614
:1022C00020239B1A2A0046469A402300F3404646A4
:1022D00013432A001C00F2405B461500002BD4DAA1
:1022E000202342462F009B1B97402600DE403B00E8
:1022F0003343CDE7F0B546464F46D6464502C0B516
:10230000C30F470098460E1C6D0A3F0E5BD0FF2F8F
:1023100021D08023ED00DB041D43002399469A461B
:102320007F3F74027300640A1B0EF60F002B20D04F
:10233000FF2B43D080220020E400D20414437F3BD3
:102340004246FF1A4B4672400F2B00D99DE071495F
:102350009B00CB589F46002D5AD108239946063B37
:1023600074029A467300FF27640A1B0EF60F002BB7
:10237000DED1002C3BD1012342464946724019432D
:102380000E2918D86448890041588F465346022BBD
:1023900000D1B8E0032B6ED042462C00012B40D177
:1023A00000200024C0052043D2071043E0BCBA46F9
:1023B000B146A846F0BDFF200024F3E7002C20D151
:1023C0000223FF3FD8E7002D05D104239946033BA4
:1023D00000279A46A5E72800FFF764FE7627431FEB
:1023E0009D4000237F4299469A463F1A99E7200074
:1023F000FFF758FE431F9C4076235B421B1A0020C8
:102400009EE703234A461A4391460320FC3397E78D
:102410000C239946093BFF279A4682E703282CD0D4
:10242000320038007F30002847DD630704D00F23D7
:102430002340042B00D00434230103D53800374B4C
:1024400080301C40FE28B6DCA401640AC0B2A9E7B3
:1024500080240022FF20E403A4E78023DB031D4245
:1024600001D01C420BD08024E4032C43640242467A
:10247000FF20640A96E746462C008023DB031C43BA
:1024800064023200FF20640A8CE76D01600185421E
:102490002DD21B230024013F0126290064006D007A
:1024A000002901DB854201D32D1A3443013B002B67
:1024B000F3D16B1E9D412C43B3E701231B1A1B2B49
:1024C00000DD6DE721009E37D940BC400B00611E46
:1024D0008C412343590704D00F211940042900D00F
:1024E0000433590113D49B0100205C0A5AE71A23D4
:1024F00001242D1AD0E7981E434258414042320031
:102500000024C0B24EE74246FF2000244AE70120E3
:10251000002447E7380F0100780F0100FFFFFFF7A5
:1025200070B542004E024C0045026D0A120EC30FF8
:10253000760A240EC90FFF2A10D0FF2C0CD00120E0
:10254000A2420AD1B54208D18B420FD0002A04D151
:102550002800431E984100E0012070BD0120FF2C9F
:10256000FBD13543F9D14B401800F6E70020F4E7E2
:1025700030B5420044024D02C30F4800640A120EF7
:102580006D0A000EC90FFF2A18D0FF280AD0002AB2
:102590001ED100280AD1002D29D0002C2DD14800B1
:1025A000013830BD002D25D1002A01D1002CF6D0F4
:1025B0008B4219D001205B421843F2E7002C19D15D
:1025C000FF28F7D1002D15D100208B42F2D1E8E78A
:1025D0000028EFD08B42EDD18242EBDC04DBAC4231
:1025E000E8D80020AC42DCD258000138D9E7002CF2
:1025F000D7D0DFE702204042D3E78B42DAD1EEE7C3
:1026000030B5420044024D02C30F4800640A120E66
:102610006D0A000EC90FFF2A17D0FF280AD0002A22
:102620001BD100280AD1002D1DD0002C2DD148002F
:10263000013811E0002D0ED1002A01D1002CF6D076
:102640008B420CD15800013806E0002C03D1FF2842
:1026500005D1002D15D0022030BD002806D1012063
:102660005B421843F8E7002CF6D0F8E78B42F6D12E
:102670008242F4DCE6DBAC42F1D80020AC42EBD283
:10268000E0E700208B42EAD1E6E78B42E7D1F2E7B0
:1026900070B5002812D0C317C5185D40C40F2800BC
:1026A000FFF700FD9E231B1A962B0FDC082838D05D
:1026B000083885406D026D0AD8B202E0002400207F
:1026C0000025C0052843E407204370BD992B14DC86
:1026D000421F95402A001549114055071CD00F256F
:1026E0002A40042A18D00431CA08490115D59F236D
:1026F0005202181A550AC0B2E3E7020029001B3241
:1027000091404A1E91410522121AD5402A000A43DF
:10271000064911405507E2D1CA085202550AD8B2FB
:10272000CFE76D026D0A8E30CBE7C046FFFFFFFB9F
:10273000F0B54F464646D646C0B50D0382B000926E
:1027400001934E00C300CC0F690A450F9C46009AC6
:10275000019B0D435F001903D80F009B490A5B0FD3
:102760001943009B760D7F0DDA00F31B844258D08D
:10277000002B13DD002F00D088E00800104300D1AB
:1027800059E1581E012B00D1C2E2B14FBB4200D12A
:1027900041E1382800DD6AE2030064E1002B00D14A
:1027A000B1E0BB1B002E00D0E1E164462C4300D118
:1027B00076E25C1E012B00D1E8E2A54EB34200D1C7
:1027C000B7E2382C00DC6BE3541EA2429241524225
:1027D0008D1AA0461E0004002A0268D443461F1D1D
:1027E00047459B415B42ED182B0200D49DE3984A7C
:1027F0000136964200D1EBE0964A73052A405B0D04
:102800005107FF0852020F43120B1B051343E40745
:1028100023433800190002B0E0BCBA46B146A846CE
:10282000F0BD002B00DCD7E0002F00D09AE00800BC
:10283000104300D1FFE0581E012B00D148E2844F25
:10284000BB4200D1E7E0382800DCB8E28022120465
:10285000154200D149E31E000023150098467C4B29
:1028600001369E4200D1B3E07A4B01211D40434620
:102870005A081940EF070A4317436D087B07B3D086
:102880000F233B40042BAFD0B846A7E770488642E1
:1028900000D1C0E0382B00DCE2E001235B4263445E
:1028A0009C45804140422D1A98462B0296D5012323
:1028B0005B429846684D2800FFF7F4FB0300083B95
:1028C00020214046CA1AD040020040469D40984010
:1028D0002A438046B34200DA72E1981B4346013036
:1028E000091A45468B40C5405E1EB34117008F4014
:1028F0002B431F43C2403B00150000261343BDD1AC
:102900000027002281E7554F731C3B4200D01BE19A
:1029100063460F002B431743002E00D0C4E1002B69
:1029200000D145E2002F00D107E163469B1A98468B
:10293000C445B6416B1A76429B1B8026360433424F
:1029400000D1CBE26346D31A9A4292411F00491B41
:1029500052428A1A9C46174300D0EDE2040000233D
:10296000002252E73A48864255D0382B00DD48E134
:102970008020000401431F2B00DDE3E12027F81A2B
:10298000824608005746B840814610004F46D8405E
:10299000074338005746BA40D940571EBA416D1810
:1029A000104360448046E045804140422D182B0290
:1029B00000D554E743465B0700D1B9E20F234246F6
:1029C0001340042B00D009E733004246D20834E01C
:1029D00033000022002718E7002B00D18FE0BB1B3B
:1029E000002E00D033E16046284300D140E2581E5B
:1029F000012B00D10AE2164EB34200D185E23828FD
:102A000000DC87E280252D04294200D19CE21E00D3
:102A10000023984623E763466E07D8080643ED086F
:102A200037002F4311D0802212032A4312033700AC
:102A3000074B120BE9E66246D2086E071643044ABA
:102A4000ED089342ECD03700D6E0014B0022DCE6E3
:102A5000FF070000FFFF7FFFFFFF7F00FE07000072
:102A60008020000401431F2B00DDB1E02027F81A6D
:102A7000824608005746B840814610004F46D8406D
:102A8000074338005746BA40D940571EBA416D1A1D
:102A9000104363461B1A9C458041984640422D1ABC
:102AA0002B0287D56D026D0A002D00D003E740464A
:102AB000FFF7F8FA030018331F2B00DC00E742464B
:102AC000083882409E4200DD91E09B1B581C1F2865
:102AD00000DCF8E117001F3BDF40202805D0402331
:102AE0001B1A9A40531E9A411743002F3CD00026D0
:102AF0007B0700D0C4E63500B846330065E7CB4815
:102B0000731C034200D085E063462B43002E00D0A7
:102B100092E10F001743002B00D1D8E1002F0CD019
:102B20006244624580416D1840422D182B0200D549
:102B3000F2E1170094462F4316D063466F07D8087A
:102B400007430023ED0857E063469B1A9846C445A7
:102B5000BF416B1A7F42DB1B1F0200D5AEE0474628
:102B60001D001F43A0D10024002300224DE6B04CDD
:102B7000A74200D1DDE0382B00DD85E0802424046D
:102B800025431F2B00DDECE02026F41AA1462C0083
:102B90004E46B4406646DE403443A04666464C4648
:102BA000A640DD40741EA6414446491B3443131B16
:102BB0009A4292415242984604003E008D1A6FE7B5
:102BC000F61A03009B4D15405B0700D0F6E6FBE6C6
:102BD00018000F002038C740202B03D04020C31A14
:102BE00099400A43531E9A411000384351E79149D6
:102BF000F31A0A405707D5082A035B05120B5B0D31
:102C000003E680231B041D4200D1BBE01D0000230E
:102C1000984624E68648834200D1DAE6624462455B
:102C20008041691840420918C8075208104380467D
:102C30004D08520705D00F221E000240042A00D082
:102C4000CCE542466F07D20817430D09D4E7784810
:102C5000874200D1D5E0382B00DCB2E080252D047E
:102C6000294200D14CE100233E009846F7E50122BD
:102C7000524262449445804140422D1A90461E00C3
:102C80002A0200D513E6A9E5531E9A429241524208
:102C90008D1A984604003E002B0200D507E69DE5FC
:102CA00004000D00D208C8E6002B00D0E3E0002F9E
:102CB0003FD1802200245E4B1203A6E56346D31A5F
:102CC0009A4292414D1B524298460400AD1AEBE6DF
:102CD00062441600664580416A1840421218130289
:102CE00000D49DE0534973080A40D107194357089F
:102CF0005B0700D1FEE00F230B40042B00D1F9E06D
:102D00000B1D98468845AD416D420223ED195CE6E6
:102D100063469B1A9C4580416D1A40422D1A984685
:102D20002B020DD443466F07DB081F43ED08012338
:102D300062E74E07D20804001643CD0870E604008F
:102D40000126AFE618000F002038C740202B03D023
:102D50004020C31A99400A43531E9A411000384339
:102D60001FE61C002E00203CE640202B05D040240E
:102D7000E31A9D4063462B439C466446631E9C4178
:102D8000344314E701236344984627E56346D31A86
:102D90009A4292414D1B5242AD1A98462B02CED414
:102DA00043466F07DB081F4304000123ED0823E7B8
:102DB000002F00D1D7E604000D009446BDE60300C5
:102DC000D9E58020000405431F2B6BDC2020C01AAE
:102DD000804628004646B0406646DE400643B1467F
:102DE00060464646B040DD40461EB0414E46491959
:102DF0003043804690449045924152423E005518DF
:102E0000D5E54E07D2081643CD0809E663469E185D
:102E100096429241691852428A18130200D561E71E
:102E20005707F60801233743D508E5E6FE070000FB
:102E3000FF070000FFFF7FFF002BE2D06346DE08A4
:102E40006B071E430B00ED08134300D1E8E5802318
:102E50001B031D4206D0C808184203D10500D6083E
:102E600049070E43730FF600F6085B071E43D7E5CC
:102E70000D00D208E1E56346DE086B071E43ED084E
:102E8000002F00D1CCE580231B031D42EAD0CF08E0
:102E90001F42E7D1D608490704003D000E43E1E791
:102EA00023006EE618002E002038C640202B05D0E7
:102EB0004020C31A9D4063462B439C466046431EF8
:102EC0009841304395E720210023091A0EE500239D
:102ED000002F00D1BAE50D00904676E547461F4326
:102EE00000D140E61D00C44627E601226244904618
:102EF0001E0073E4C9087F0702230F4315097BE610
:102F0000531C98460D003E0068E4D6084B071E434C
:102F1000CD0885E5030057E7114BD2082B405F072A
:102F200017435A02120B01236FE43300B8464CE5F5
:102F30004346DA08330080E532420AD0084B0400E9
:102F40001A40674601235BE4013290460D001E00E3
:102F500044E4DB0857071F4304000023D5084BE671
:102F6000FFFF7FFFF0B5DE46454657464E46E0B5CB
:102F700087B0009201930B031B0B9B46CA0F4B00BB
:102F8000040080465B0D029200D1BFE08F4A93425D
:102F900038D05946420FC9000A4380210904114321
:102FA000C20090468A4A894692469A4400230024E9
:102FB0000393009E019F3B031B0B7A0030009B464E
:102FC000520DFD0F002A00D17FE0804B9A426ED057
:102FD0005946730FC9000B438021090419438B46DE
:102FE0007B49F3008C46514662448A1A924600217E
:102FF000029E6E40F6B20F2C00D9F9E0754AA4008B
:10300000125997465A460243914600D0B6E09A4676
:103010000223904608240393CBE72E0000210023CF
:10302000002288461B051343F60733434046190028
:1030300007B0F0BCBB46B246A946A046F0BDCB46A1
:103040004346029D0399022900D1FAE1032900D1E8
:10305000A1E00129E1D0604A524490464446002C48
:1030600000DC00E25A0704D00F221A40042A00D0E4
:103070007FE22E00DA085B46DB0106D55946574B46
:10308000802419408B46E4005444554B9C4209DC93
:103090005B465B07134398465B4664055A02120B76
:1030A000630DBFE7002100228846484BBAE75B4624
:1030B000009A13434B4A9446E244002B59D1022212
:1030C000144300220221934692E75B46009A134381
:1030D00049D05B46002B00D1A4E15846FEF7E2FF41
:1030E000030002000B3B1D27009EFB1A11005846EF
:1030F000DE4008398840330003439B46009B8B40E9
:10310000394952448A460021924471E75B460343A1
:10311000994621D05B46002B00D171E15846FEF75D
:10312000C1FF0B235B429C460200844466461D237C
:103130009B1B260011005846DE40083988403300AA
:103140000343994623008B409846284B00249B1A42
:103150009A46002303932CE7002398469A460133AE
:103160000424039325E701221443002201219346FE
:103170003EE7032303211C43330039E79A46032328
:10318000D9460C24039314E7002380229846002696
:103190000E4B120346E78022594612030A431203DC
:1031A00098462E00094B120B3CE780224946120339
:1031B000114202D059461142F0D080224B461203F0
:1031C0001A431203029E014B120B2BE7FF0700006C
:1031D00001FCFFFFB40F0100FF030000FFFFFFFE33
:1031E000FE07000001F8FFFFF30300000DFCFFFFE6
:1031F000CB4500D2FAE000D1F5E0012252429446DC
:103200000022444648469046E2445A461F0E1202A7
:103210001B020293130C994617433B041B0C4946AF
:103220000093FEF7BFFD009A0B044243210C0500FA
:1032300019438A4207D9C919013D8F4203D88A42EE
:1032400001D9851EC919881A4946FEF7ABFD009AB7
:10325000240442430904240C03000C43A24204D971
:10326000E419013BA74200D8F7E00299A01A2D0407
:103270000C0C09041D43090C2A0C2B04AB460D0051
:103280001B0C5D43059163435143049462435B18F7
:103290002C0CE318994203D9802149028C466244E0
:1032A000190C2D041B042D0C8A185D19904200D2B4
:1032B00087E000D182E043465D1BA8459B41801A10
:1032C0005B42C01AB14B534498461C00874200D160
:1032D0000CE14946FEF766FD0200009B03905A434D
:1032E0000B04290C19438A420AD90300C919013B6E
:1032F00003938F4204D88A4202D9831E0393C919CB
:10330000881A4946FEF74EFD0A00120494462A0424
:1033100065460099120C414303002A43914207D9A4
:10332000D2190138974203D8914201D9981ED21977
:10333000039B521A1B0403430598190C05008C4685
:103340001904090C4D43894661460095654648437A
:1033500004994D43AC464D464D432918009D2D0C14
:10336000A9464944884203D9802040028146CC4482
:10337000009D080C2D0409042D0C60444D19824257
:103380000FD30BD001221343814A92456CDB1A1DE7
:103390009A429B415B42D2089B446CE6002D00D1CF
:1033A00093E0591EBA188C46BA4200D285E0824298
:1033B00000D2C7E000D1D5E00B00E3E7A84500D379
:1033C00079E75B46591E029B9C46E0441C009845E9
:1033D0009B415B42DB19C018874238D2824278D8C1
:1033E00075D08B4667E7434500D906E74A46D407C0
:1033F00050084246520814434246D207904604E71A
:10340000FEF750FE15239C4684440200634620329A
:103410001C2B00DC8AE623000838834099460023F1
:10342000984692E6FEF73EFE030002001533203276
:103430001C2B00DC57E600990838814000238B469E
:103440005EE600212E0000228846524BEAE58742C4
:10345000C7D14445C2D98B462DE7A24200D804E724
:10346000831EE41901E72E0001224146521A382A30
:1034700000DDD3E51F2A3FDC47481C005044594675
:1034800083408140D440581E834121430B43594619
:10349000D1400A00590709D00F211940042905D04D
:1034A000191D99429B415B42D2180B00110268D54D
:1034B0000021012300228846B4E50B00824200D09F
:1034C00060E7029A954200D05CE73500C6E54545C5
:1034D00087D902235B429C46029BE3449C46E0441E
:1034E00098459B415B42DB19C018E4E6002B36DDB2
:1034F000012300229B44BEE51F2140464942091A90
:103500005846C8400100202A04D05846234A524455
:10351000904003435A1E934107200B4301000022B1
:103520001940184209D00F21194004291FD0181D35
:1035300098428941030049424907DB080B439846FA
:1035400000236FE50299023B49008C4602998C45A5
:1035500089414942C919521861460291AEE70123D7
:103560005B4281E70299A942ECD36346A9E70021B7
:10357000E3E71A1D9A429B415B422E00D2089B440E
:1035800079E551075202120BD7E7C046FF0300004E
:1035900002FCFFFFFF0700001E0400003E040000C5
:1035A000F0B557464E464546DE46E0B51F000B03D4
:1035B0001B0B16009846CA0F4B000400924685B0BC
:1035C0005B0D00D1C2E1CC4A934200D128E14146D3
:1035D000420FC9000A43802109041143C2009146E9
:1035E000C64A884693469B440023002501933C032A
:1035F0007A00FB0F3000240B520D009300D185E1BF
:10360000BD4B9A4200D160E1BC4B9C46624493445E
:103610000A2D00DD14E1730FE4001C4380231B041A
:103620002343F0005246009900264A409246022D5C
:1036300011DD0122AA40A6211400C9000C400A4253
:1036400000D0FDE0902189000A4200D0D4E1882119
:10365000114200D0EFE049464A460904140C090C17
:10366000020C0F0015000004000C65434743019550
:10367000B9462F000D0006005543AC464D46664343
:103680002D0CB4446544AE4205D93E0080277F022C
:10369000BC46664401964F463F043F0C2E0C2D0459
:1036A000ED1902951D0C1B041B0C00951D001F003D
:1036B00065434F43AC46009D69436C433D0CA946AE
:1036C000614449448C4503D980256D02AC4664446D
:1036D0003F040D0C3F0C0904C919AC46751803953D
:1036E00045462E04360C2F0C350045437843804662
:1036F00038006444AC462D0CA94650437243424402
:103700004A44904503D980256D02A8464044150CD3
:10371000A84665462D042D0CAC4635005D431204C9
:103720006244AC467B43009D404498462B006E4368
:1037300065467B4346442D0CAD191F000093A845F8
:1037400004D980235B02984647440097039B019E5F
:1037500098462B044644984663468E4289411B0492
:103760001B0C4344B61849421B195F1896429241FC
:10377000BC465242804691468C458941A3429B41BA
:10378000E044C14449425B42914592410B4380452C
:1037900089412D0C494252420A435B199B18009AF9
:1037A000029994464A4663445B02D20D1A439046FE
:1037B00072020A43511E8A41F60D16434A465202CE
:1037C0001643B146DB0154D44D4A5A44002A00DC6A
:1037D00018E133005B0715D00F215B463140042907
:1037E00010D04946081D48458941814649428844D0
:1037F0004146C90106D54146424A114080228846C9
:10380000D2009A18404B9A4200DD2BE141464B46CC
:103810004C07DB081C4352054B021B0B520D1AE0F0
:1038200042460243914600D0E0E09B460223904688
:1038300008250193DBE6009A984692468146019658
:10384000019B022B00D10DE1032B35D0012B1BD1A5
:1038500000220023002412051A435346DB071A43B3
:103860002000110005B0F0BCBB46B246A946A046F8
:10387000F0BD01227308324013434246D20713437E
:10388000994643465B08984680225B46D2005A44DC
:103890000133002A00DCB6E049464907A8D00F21D1
:1038A0004846014004299CD1A2E70F2D00D1FDE03C
:1038B000009BA0469A46B146802342461B03134311
:1038C0001B034C460C4A1B0BC5E70B4933008C46C7
:1038D0002343E344002B77D1022129430A29AFDC9B
:1038E0005046009C60408246002D00D10EE10D0044
:1038F000002002269DE6C046FF07000001FCFFFFF6
:10390000FF030000FFFFFFFEFE070000230033431C
:103910004BD0002C00D1BBE02000FEF7C3FB03001E
:1039200002000B3B1D20C31A3000D84011000300D9
:10393000300008398C408840234359468A1A784918
:103940008B4693440A2D00DC6CE679E7434603433B
:10395000994623D04346002B00D187E04046FEF72E
:10396000A1FB0B235B429C460200844411004046AD
:10397000083988401D23804660461B1A2000D84025
:10398000030040460343984623008B409946644B0E
:1039900000259B1A9B460023019328E600239846A6
:1039A0009B4601330425019321E6012215430A2D8C
:1039B00000DD45E7524600994A409246022D00DC60
:1039C00046E70020012634E603231D430A2D00DDCF
:1039D0006BE75346009A882153400122AA409A4639
:1039E00003262300114200D135E624E79B4603233A
:1039F00081460C250193FAE500239A468023494A23
:103A00001B0328E75B460121891A382900DD1FE7DF
:103A10001F295ADD1F204042821A4046D0402029EB
:103A200008D0414A9446424663449A4013004A46AD
:103A30001A4391464A460721531E9A410C000243FD
:103A400000231440114209D008311140042960D0EC
:103A5000111D9142A4410A0064426407D208144334
:103A60000022F8E6002300242E4AF4E6FEF71AFBB3
:103A700015239C4684440200634620321C2B00DC44
:103A800074E70023994623000838834098467EE770
:103A9000FEF708FB03000200153320321C2B00DC6C
:103AA00040E7330008388340002046E78023424641
:103AB0001B031A4200D1FFE61C4200D0FCE6009A2C
:103AC000234392463400174AC5E6184A40469446B6
:103AD0004A4663449840CA4010434A469A40531E9F
:103AE0009A4143460243CB40510709D00F21114070
:103AF000042905D0111D9142924152429B180A009F
:103B0000190208D5012200230024A4E60023002482
:103B1000A1E60024A2E75C075B021B0B9EE7C04600
:103B20000DFCFFFFFF0700003E0400001E04000024
:103B3000F0B54E464546DE465746E0B583B00090A8
:103B400001910D034E000199760DCC0F690A009D7D
:103B50006D0F0D43009900920193C8001903019B5A
:103B6000CB4A5B005B0D9946019B8346DB0F984671
:103B70004B0A0099490F1943009BDB009C469A466B
:103B8000914500D173E0012347465F404B46B8465C
:103B9000F31ABC4216D0002B00DC9AE24F46002FED
:103BA00000D082E067460F4300D13AE15F1E012B4F
:103BB00000D1A4E2934200D12EE1382F00DD43E290
:103BC0003B003EE1002B00DCD7E24F46002F00D047
:103BD000F8E067460F4300D123E15F1E012B00D1BF
:103BE00057E2934200D117E1382F00DC04E3802232
:103BF0001204154200D1AAE31E0015000027A44BB1
:103C000001369E4200D103E10122A24B3A401D4001
:103C100079081143EA070A436D08530709D00F23B7
:103C20001340042B05D017003A1DBA42BF417F4212
:103C3000ED192B0200D477E3954901368E4200D16D
:103C4000E6E0944973050D405B0D6907D2086D02EB
:103C50000A432D0B1B052B43E407234310001900D7
:103C600003B0F0BCBB46B246A946A046F0BD8A4BA5
:103C7000F21863460B434CD0444550D0002A6CD018
:103C8000002E00D17DE1634644464F07DA08174312
:103C9000C8083A00024300D1CDE080252D0305433A
:103CA0002D033A007A4B2D0BD4E7964200D1B3E0B6
:103CB000382B00DCC2E0471EB842804140422D1A3A
:103CC0002B02B1D50127754D7F422800FEF7EAF996
:103CD0000838202339001A1A8540D14087402943EB
:103CE000B04200DA45E1801B01301B1A3D009F40C5
:103CF000C5407A1E97410A009A402F433A43C1407B
:103D000013000D0000260B4300D086E7002200259B
:103D1000A0E7474601235F40B8464445AED1002A9C
:103D200000D1EFE0002E00D088E14B462A0002438C
:103D300000D1A0E25A1E012B00D1B7E2544EB3428B
:103D400000D17BE1382A00DC12E380252D042942D2
:103D500000D112E31E00002751E7514A731C1342A1
:103D600000D0F4E062462B000A430343002E00D04B
:103D700074E1002B00D123E2002A00D1E0E0634689
:103D8000C71AB842924180266B1A52429B1A3604D7
:103D9000334200D1C1E26346181A844592414D1B5B
:103DA0005242AD1A0124020043462A431C40002A15
:103DB00000D1DBE0354200D1E9E2364B02001D4084
:103DC000012342E7964227D0382B00DD11E1802203
:103DD000120411431F2B00DDA1E120220F00D21A93
:103DE000914697406246DA401743B84662464F46CE
:103DF000BA40D940571EBA4147466D1817433F187D
:103E00008742804140422D182B0200D5F7E634E06E
:103E10003300002500221DE7C0086F070743E808AC
:103E200037E7C7086A071743194AE808934200D1E1
:103E30002FE73A00D8E0164B00250BE7802212044A
:103E400011431F2B00DDB7E020220F00D21A91464C
:103E500097406246DA401743B84662464F46BA403A
:103E6000D940571EBA4147466D1A1743C71BB8427F
:103E7000804140422D1A2B0216D47B0700D179E2F3
:103E80000F233B40042B00D0CEE63300FF08C9E7E8
:103E9000FF070000FFFF7FFF01F8FFFFFFFF7F002C
:103EA000FE070000444601266D026D0A002D00D079
:103EB0000BE73800FEF7F6F8030018301F2800DC87
:103EC00007E73900083B9940864200DD87E0831B05
:103ED000581C1F2800DC14E20A001F3BDA4020288F
:103EE00005D040231B1A99404B1E99410A43002AD2
:103EF0003CD00026530700D091E617003500330070
:103F0000FF088FE7CA4A731C13427AD12B00034380
:103F1000002E00D092E162460A43002B00D1F4E16A
:103F2000002A0DD06346C718874280416D18404271
:103F30002D182B0200D512E23A00BB462A4315D0B9
:103F40005B466A07DF083A430023E8084CE0634613
:103F5000C71AB84292416B1A52429B1A1A0200D5F4
:103F600087E03A001D001A43A0D100240023002559
:103F700070E6B04D361A0D407B0700D080E7330065
:103F800084E74B462A0002437ED05A1E012B00D103
:103F90001FE1A94CA34200D198E1382A00DC9CE142
:103FA0006246571EBC45924152428D1A44461E003D
:103FB0002A0200D586E637E61A000F00203AD740DD
:103FC000B846202B05D04022D31A994063460B43B4
:103FD0009A4657467B1E9F4143461F4346E7954AF4
:103FE000331A11404A07C80805035B052D0B5B0D0A
:103FF00030E680231B041D4200D1FBE01D0000279A
:10400000FDE58D4A934200D103E762468218824261
:104010008041691840420818C707520817434508ED
:10402000520700D4AEE10F221E003A40042A00D00D
:10403000FAE5FF086A073A430009D5E763464F07E8
:10404000DA081743C80824E6471EB84280414042B8
:104050002D1A1E002A0200D534E6E5E5002B00D01B
:104060000DE1002A00D069E180250024724B2D0368
:10407000F0E563461F1ABC459241012443464D1B9F
:104080005242AD1A1C4011E7624644460D00D70863
:10409000C8E66346C618864280416918404209183E
:1040A0000B0200D40CE1634B70081940CB070343AB
:1040B0004A08400700D43BE10F201840042800D1F3
:1040C00036E11F1D9F42AD416D420223AD18FF082E
:1040D000A8E6002B00D140E64B469B1B002E00D1EA
:1040E00050E7382B2EDD63465F1EBC45924152429D
:1040F0008D1A44464E462B0200D5E3E594E563460F
:10410000C71AB84280416D1A40422D1A2B0200D5C1
:10411000C9E66A07FF0801233A43E80864E71A0082
:104120000F00203AD740B846202B05D04022D31AA2
:10413000994063460B439A4657467B1E9F41434630
:104140001F435CE680223C00120415431F2B26DC33
:1041500020222F00D21A060090409740DE40421ED7
:104160009041DD4037430743491B6346DF1BBC4595
:10417000924152424E468D1A7DE6002B00D1C1E697
:104180004B469B1B002E00D1D0E5382B36DD802519
:104190002D04294200D1DDE04E4600272FE51A000C
:1041A0002E00203AD640202B05D04022D31A9D4025
:1041B0002F000743BB465F467B1E9F413743D4E732
:1041C000002A00D1D1E6012443460D00E3461C40FD
:1041D000B6E663461F1ABC4592414D1B5242AD1ACA
:1041E0002B0200D55EE66A07FF08444601233A43E6
:1041F000E808F9E6471C17E53B00EBE580221204CE
:1042000015431F2B6CDC20222F00D21A0600904091
:104210009740DE40421E9041DD4037430743491935
:1042200067446745924152424E465518ECE5C046F8
:10423000FE070000FFFF7FFFFF070000002B00D1FB
:10424000FCE6C7086B071F436346E8080B4300D131
:104250001FE580231B03184207D0CA081A4204D165
:1042600063461000DF0849070F437B0FFF00FF087C
:104270005B071F430DE562460D00D708D2E5C7086E
:104280006B071F43E808002A00D102E580231B03C7
:104290001842EAD0CA081A42E7D163460124DF086F
:1042A0004346490710000F431C40DEE76044604569
:1042B000924169185242891806000B0200D5F2E6B5
:1042C0004A07F60801233243C8088DE66346DF0833
:1042D0004B0744461F43C808DBE44446130035E758
:1042E0001A002E00203AD640202B05D04022D31AA7
:1042F0009D402F000743BB465F467B1E9F413743CF
:104300008EE7202300271B1AF5E40023002A00D1A2
:1043100092E567460D00FF0884E53A001A4300D194
:1043200023E61D00BB460BE617003300FF0879E5C6
:10433000DB0852071A430809022355E663460124A5
:10434000DA0843464F071743C8081C40A1E41E0083
:10435000471C69E467460D004E46013764E40F4B85
:10436000FF081D406A076D0201233A432D0B71E4DB
:10437000130046E73300FF0854E567460D001E00B2
:10438000013751E46A07FF083A4300092CE6C008E8
:104390006A0702430023E80826E6C046FFFF7FFFC6
:1043A0000B00020070B5164D0C0382B049000020CE
:1043B00000920193240B490DDE0FA94204DD114840
:1043C000814203DD104BF01802B070BD8020400325
:1043D00020430E4C641A1F2C08DD0D4B5B1AD8408D
:1043E00003005842002EEFD11800EDE7094B009A68
:1043F0009C46030061448B40E2401343F1E7C04612
:10440000FE0300001D040000FFFFFF7F33040000D7
:1044100013040000EDFBFFFF70B5002816D0C31792
:10442000C5185D40C40F2800FDF73CFE104B1B1A59
:104430005B055B0D0A2814DC02002E001532964045
:104440000B22121AD5402D032D0B03E0002400236C
:10445000002500261B052B43E407234330001900E9
:1044600070BD0B3885402D0300262D0BF2E7C046AA
:104470001E04000010B5041E10D0FDF713FE0E4BF5
:104480001B1A5B055B0D0A280FDC0B222100121A98
:10449000D14015300A038440120B01E000230022B2
:1044A0001B0513432000190010BD22000B38824069
:1044B00012030024120BF3E71E04000070B5420241
:1044C0004300C40FFE201B0E591C550A08420CD095
:1044D000E02189008C466D07120B63441B051343D2
:1044E000E40723432800190070BD002B14D1002DD0
:1044F0001BD02800FDF7D6FD0A281CDC0B232A0060
:104500001B1ADA40030015339D400E4B12031B1A91
:104510005B05120B5B0DE1E7002D09D0130B802228
:1045200012031A436D07084BD8E700230022D5E792
:104530000022054BD2E703002A000B3B9A400025DE
:10454000E3E7C04689030000FF070000844610002F
:1045500062468C461900634600E0C0461FB500F075
:10456000F5F8002801D40021C8421FBD10B500F0A5
:1045700037F84042013010BD10B500F0E7F80028D0
:1045800001DB002010BD012010BDC04610B500F0B9
:10459000DDF8002801DD002010BD012010BDC0465F
:1045A00010B500F063F8002801DC002010BD0120E8
:1045B00010BDC04610B500F059F8002801DA0020FF
:1045C00010BD012010BDC04610B5002903D1FDF774
:1045D00069FD203002E00800FDF764FD10BDC04613
:1045E000F0B55746DE464E464546E0B50D000400A0
:1045F000E80F83460903D80F090B82461A488C46F8
:104600001F0369005E00490D3F0B760D81421AD0F1
:10461000864211D00120B1420FD1BC450DD1A2423A
:104620000BD1D3451ED0002907D1614611430A00A2
:10463000531E9A41100000E00120F0BCBB46B24678
:10464000A946A046F0BD01208E42F6D1614639430D
:104650000F0017432743F0D15B465246981A431E7A
:104660009841EAE70020E8E7FF070000F0B5574669
:104670004E464546DE46E0B50D000E034900490DA5
:104680008A46DF0FE90FBC4683B02F4F04008046F7
:104690000191580019039146360B090B400DBA459C
:1046A0001DD0B8420DD05746002F2AD134430028E0
:1046B00024D10A4336D0002C41D16346580001383A
:1046C00015E0114338D15346002B01D12643F4D0D5
:1046D000019B634507D1019B5800013807E0264341
:1046E0002AD1504521D00120019B5F42384303B0BD
:1046F000F0BCBB46B246A946A046F0BD002CDCD0BB
:10470000E6E70028EFD0019B6345ECD18245EADC67
:10471000E1DB8E42E7D8DED1C845E4D80020C845A9
:10472000E5D2D8E7002CE2D0DDE7114304D1019BAC
:104730006345D8D10020DAE702204042D7E7019B49
:104740006345E6D0CFE7C046FF070000F0B5574607
:104750004E464546DE46E0B50D000E034900490DC4
:104760008A46DF0FE90FBC4683B02E4F0400804617
:104770000191580019039146360B090B400DBA45BB
:104780001ED0B8420DD05746002F27D13443002801
:1047900033D10A4334D0002C40D16346580001384D
:1047A00015E0114312D15346002B01D12643F4D01A
:1047B000019B63451DD00120019B5F42384306E009
:1047C000264303D15045F6D111431CD0022003B03B
:1047D000F0BCBB46B246A946A046F0BD0028EAD0D0
:1047E000019B6345E7D18245E5DC02DB8E42E2D8DE
:1047F0000ED0019B58000138E9E7002CCDD0D7E757
:10480000002CE4D0D7E7019B00206345DFD0D2E73E
:10481000C845D0D80020C845D9D2EAE7019B6345F6
:10482000E4D0C8E7FF0700000020044B10B51B6868
:10483000834201D01B68984710BDC046E42D00207C
:10484000054B10B51B68002B04D05A69002A01D013
:104850005B69984710BDC046E42D00208023074ABD
:10486000DB00D16B0B43D3630222054B19680A436B
:104870001A60012219680A431A607047001002404A
:104880000028024080220D4B1206DA67BFF34F8FDB
:10489000BFF36F8F01210A4A93788B439370802274
:1048A000084BD201196B0A431A631A6B06490A4076
:1048B0001A63DA6B0A40DA637047C04604E100E02D
:1048C0000038024000100240FFBFFFFF144B10B53C
:1048D0001A680123920606D5124B134A9B7813706F
:1048E000124A137000230024114A21001370114B47
:1048F00014221C70104B11481C70114B1C80114B62
:104900001C70114B1C70FDF74FF9142221000F4849
:10491000FDF74AF901220E4B1C800E4B1A7010BD98
:10492000000800480C110020FA280020F928002077
:10493000162E0020152E0020142E0020002E002000
:10494000EA2D0020F8280020F7280020EC2D002078
:10495000182E00201A2E00200122034B1A7000226C
:10496000024B1A807047C046D62D0020D42D00205F
:10497000F7B5040000933F2851D100252A4805705F
:104980000325654329482E5C8E4207D145196E7870
:10499000964203D1AD78009B9D423FD003256543ED
:1049A000009B415540194270837018206043204C91
:1049B000112600192B27002407231D1B063BAB40A3
:1049C00035001A4200D03D0005550134082CF3D1C2
:1049D00003000400020011262B270F330834103285
:1049E0000193019B1D1B0123AB403500194200D0F0
:1049F0003D00257001349442F3D1040011262B2789
:104A0000183417300123811A8B40009D31001D425C
:104A100000D0390011700132A242F3D1F7BD002855
:104A2000AED101250048AAE7D32D0020C81C0020E4
:104A3000E81D0020F8B505000E0017000024200036
:104A40003B00320029000134FFF792FF402CF6D1E1
:104A5000F8BD000080210A4B89011A681B680B40D1
:104A6000D20403D40120002B06D0704780229B047F
:104A700012069B18980FF8E7024B1878F5E7C04626
:104A800000040048F423002000B5372827D8032865
:104A900004D8002300E00423180000BD04383328A4
:104AA000F7D8FDF79DFA4E40464640F61A404E4074
:104AB0004040F6F64E62F6F666F65450405846F61A
:104AC0004A4A4A4A4A4A4A4A4A6AF6F6F6F6F6F61E
:104AD000F6F6F6F6F6F6F6F6F6520623DCE7284B7F
:104AE000C01882B20023332AD6D83328D1D8FDF794
:104AF00077FA281A36381AD01CD02830D0D0D0D027
:104B0000283ED0D026D0D02A1A343A1ED0D0D0D2C7
:104B1000D042D0D0D0D0D0D0D0D0D0D0D0D0D0D023
:104B2000D0D0D0D022220123B6E70523B4E7072353
:104B3000B2E70823B0E70923AEE70A23ACE70C236A
:104B4000AAE70D23A8E70E23A6E70F23A4E7102367
:104B5000A2E71123A0E712239EE713239CE7142367
:104B60009AE7152398E7162396E7172394E7182367
:104B700092E7192390E703238EE702238CE7C046D0
:104B8000FCFDFFFF0A4930B50A68FF2A0EDC094B1D
:104B9000094D1B68094CD3182B4003D5084D013B28
:104BA0002B4301335B00013218530A6030BDC0460D
:104BB000C41C0020C01C0020FF000080C01A002080
:104BC00000FFFFFF70B506000C000025A54200DBCA
:104BD00070BD3000FFF7D6FF0135F7E770B506006E
:104BE0000C1E00DC01240025701E0E280CD8FDF7D9
:104BF00001FA080F11131515181815151B1B1D1F89
:104C000021005020FFF7BEFF0135AC42ECD170BD52
:104C10005120F7E75220F5E74F20F3E75020FF300F
:104C2000F0E7A8204000EDE74A20EBE74D20E9E758
:104C30004E20F4E7A520F5E70139CBB210B504000A
:104C40000E2B07D8111E00DC0121094A5B00985A7F
:104C5000FFF7B8FF1C20062C06D0073C631E9C41C2
:104C60001423604298431C30FF30FFF78BFF10BDC8
:104C70003015010070B50D000C1E00DC01241C284D
:104C80000ED12E30FFF77EFF4A20FFF77BFF0F4843
:104C90002100FFF797FF83204000FFF773FF70BDEF
:104CA0004A20FFF76FFF4A20FFF76CFF0848FFF725
:104CB00069FF012D03DD0548611EFFF783FF1C20FE
:104CC000FF30FFF75FFF2A20E7E7C04651020000F0
:104CD0004D0200000B000B3B70B504000B4D012B87
:104CE00006D82B20AC4200D00948FFF74BFF70BD1F
:104CF0000139CBB20E2BF4D8111E00DC0121054A7C
:104D00005B00985AFFF75EFFEBE7C04637020000F2
:104D10002B0200003015010010B504001A282CD811
:104D2000042829D9254BC340DB0704D52448FFF7C5
:104D300029FF272C12D80F2C28D8042C1CD9601F2F
:104D40000A2819D8FDF756F92F18182418183518FD
:104D5000242F38001B4ADA40D207E7D41A4B9C4272
:104D600016D019D8194B9C4221D005D8184B9C421B
:104D700019D003339C420BD010BD164BC3189BB205
:104D8000152BE7D92728D4D1134802E01A2CF3D1E8
:104D90001248FFF7F7FEEFE7114B9C4205D0114B8D
:104DA0009C42F1D0E8E71048F3E70548F1E70F48E7
:104DB000EFE794208000ECE70D48EAE7206100046B
:104DC0004D020000090020001A0200000A02000043
:104DD00005020000FBFDFFFF4A0200005102000037
:104DE0002102000023020000520200004D030000D7
:104DF0004F02000010B51A2824D00DD8053883B210
:104E00000A2B15D80A2813D8FDF7F4F82912121C1A
:104E100012121E1221252700154B984225D008D8C2
:104E2000144B98421BD0033398420BD0272818D03C
:104E300010BD114B984216D0104B984211D0104B18
:104E40009842F5D10F4803E09420800000E00E481E
:104E5000FFF798FEECE70D48FAE70D48F8E7D42095
:104E6000F3E70C48F4E70C48F2E70C48F0E7C046DB
:104E70000A020000050200002102000023020000D7
:104E80001A0200004F03000051020000520200000D
:104E90004F0200004A0200004D0200004D030000D6
:104EA00010B50448FFF76EFE1C20FF30FFF76AFEC6
:104EB00010BDC0464D020000812310B59B009842F2
:104EC0001BD004D8042816D0122818D010BD832374
:104ED0009B0098420BD00D4B9842F7D14A20FFF728
:104EE00051FE8A208000FFF74DFE522000E04A204C
:104EF000FFF748FEEAE74F20FAE74D20F8E74D209C
:104F0000FFF740FE8A208000F2E7C0461202000050
:104F10000023064A1360536093609381044A137020
:104F2000044A1370044A13707047C046B01A002038
:104F3000AE1A0020AD1A0020AC1A0020030000B504
:104F40000B20272B11D017D800200F2B10D8042BA3
:104F50000BD9581F0A2809D8FDF74CF82F0808313B
:104F600008080608332B2D00012000BD0020FCE7B7
:104F70001A2BFAD10530F8E7134A06209342F4D0F1
:104F80000DD8123A04309342EFD0104A04309342C5
:104F9000EBD00F4A9B185A425341D800E5E70D4A1F
:104FA0000D209342E1D00C4A00209342DDD10C3019
:104FB000DBE70320D9E70420D7E70720D5E709205E
:104FC000D3E70220D1E7C0461A0200000A0200001F
:104FD000FBFDFFFF210200002302000010B5FFF7D8
:104FE00097FF0022014B1A6010BDC046A81A00208E
:104FF000034B01201B78002B01D1024B187870471E
:10500000AD1A0020AC1A00200F4970B500220D0027
:1050100004000E480378934206D1102B0CD05A1C82
:105020005B000270EC5270BD02318E1E3688A642C3
:10503000F9D00132D2B2EEE71E2228000449FCF773
:10504000FDFCEC83EFE7C046561A0020541A0020FE
:10505000581A00209521084A0300821892B20120B4
:1050600049018A4207D3054A00209B181F229BB2A0
:105070009A424041C0B2704700C0FFFF40ADFFFF01
:105080000200E03A012310B5072A04D9292802D0EA
:10509000FFF7E0FF03000120184010BD084A094B4C
:1050A00010781B781843084B1B681B78002803D125
:1050B0005A425341D8B27047184101231840FAE7C9
:1050C000511A0020501A00204C1A002070B504001C
:1050D0000D00002A02D10025280070BD904700284D
:1050E000F9D06D79002DF6D0064B1B78002B03D13B
:1050F000FFF77EFF002801D0FFF770FF2000FFF7C9
:1051000083FFE9E7AE1A002037B58AB201AB04008D
:1051100019800020120A052A0DD81D780F2D0AD8F3
:105120000130042C07D8062363439B181B015B192D
:1051300083400149585A3EBD4E150100034B187972
:10514000013843425841C0B27047C0460C1100209C
:105150000200393A030001200C2A0CD9703A82422D
:1051600009D92C2B07D01800293B1738424250414F
:105170005A425341184370472C2814D10C4B002934
:1051800008D001221A700B4B1A7000220A4B1A70B9
:10519000012070471A78002AFAD01970054B19704F
:1051A000054B1970F4E7173843425841C0B2F0E795
:1051B000161A0020151A0020141A0020F82210B523
:1051C000441EFF3C030052010020944208D20A3BD7
:1051D000FF3B1800421E90415A4253414000184381
:1051E000884710BD0423020901D113000200910871
:1051F00002D00A000233DBB252089818C0B27047DE
:10520000054B1B7803431A1E01D0DB06DA0F034B54
:105210001A70034B18707047501A0020571900205D
:10522000511A00200123834010B5034A1078184317
:10523000C0B2FFF7E5FF10BD511A002001238340E3
:1052400010B5034A10789843FFF7DAFF10BDC04647
:10525000511A002073B582B201AB1880120A052AD8
:105260001CD81B780F2B19D80320012612019B187C
:10527000DA0850430A4A35008018072213409D403F
:105280000022EDB20B00D340845C33405B426340AC
:105290002B405C4084540132032AF3D173BDC046D5
:1052A0002A19002037B583B201AA10801B0A0020FA
:1052B000052B16D811780F2913D807241B01CB18FA
:1052C0000321020001251C40DB085943054BC91886
:1052D0008B5CE3402B40934001321843C0B2032A59
:1052E000F6D13EBD2A19002070B50B4B1C78012366
:1052F0001D00854028001D008D402900934001437A
:105300002000CDB2984321408D4201D11C43E0B230
:10531000FFF776FF70BDC046511A00200721054BEC
:10532000054A1B7812789A4200D1704701330B402E
:10533000F9E7C0466E1900206D19002070B50B4CBE
:1053400023781A00824310002270050007221540BE
:10535000104209D1984207D0054B5B785B0703D513
:10536000C008FFF76BFF257070BDC04668190020AC
:105370006A19002070B5134A134B144D10781B782E
:105380002C781843002C18D0114B9B78012B03D19B
:10539000104B1B787F2B11D806210F4B0022591878
:1053A0001E78002E01D00132D2B201338B42F7D1E8
:1053B000002A01D000232B70204370BD1E21074B13
:1053C000ECE7C046521A00206C1900206619002034
:1053D000041100206A1900204A15002052150020EF
:1053E000024A1378834313707047C046521A002054
:1053F000030010B5E7280AD8DF280AD8312800D1E1
:1054000073E00FD8292866D02A2800D174E018004C
:1054100010BDE0380728FAD8FCF7E2FD18F927306C
:105420003DF9474C392808D0822806D03528EED1DE
:10543000374A12789206EAD506E0354A117889078C
:1054400061D152781207E2D52923E0E730480121E3
:10545000027814000C400A4245D140780842D6D068
:105460002300D206D3D4E323D1E7294A1278510787
:10547000CDD50023D206CAD4E333C8E72449E223BA
:105480000A785007C3D4487801210400023B0C403D
:105490000842E5D0BBE71E4A51788907B7D5127894
:1054A0000023D206B3D4E733B1E7194A12781107C3
:1054B000F6D4ACE71649E6230A781007A7D4487853
:1054C00002210400023B0C400842A0D12300D20676
:1054D0009DD4E7239BE70E4A1178890615D45278AC
:1054E000120700D493E7392391E7094A127852064C
:1054F00000D48CE72A238AE7054A1278520600D4A2
:1055000085E7312383E7E02381E735237FE7C04642
:105510006A19002030B5254C21784B070DD514228F
:105520000240043A53425A4118230340083B5D426B
:105530006B419A4201D00C2358400B070DD5142221
:105540000240143A53425A4118230340183B5D422B
:105550006B419A4201D00C2358406478E3070DD583
:1055600011220240013A53425A4118230340083B9A
:105570005D426B419A4201D009235840A4070DD5E2
:1055800011220240113A53425A4118230340183B5A
:105590005C4263419A4201D009235840C90603D5B1
:1055A000030701D51823984330BDC0466A1900206F
:1055B00070B5FFF71DFFA4230400DB0198424CD215
:1055C000A023DB01984200D39BE0DF281CD8CC2825
:1055D00059D8A7280AD8A42800D979E0012869D089
:1055E000031F9BB2A02B65D9002463E00300A83BF6
:1055F0009BB21A2BF8D85834504BE4B26400E35AEB
:105600008824E4011C4355E08023DB01984219D231
:105610008026B601B04200D383E0E7284AD9F822B9
:10562000431EFF3B9BB252019342DDD2000AC0B23F
:10563000FFF770FF0500E0B2FFF7DAFE2D02284306
:1056400084B237E0C0B2FFF7D3FEF0231B01234042
:105650003B4C18430443A4B22CE0A523DB01984241
:105660001DD2384B98423CD8374B98420DD8374B17
:10567000984231D80322C4B2A3081440023AA2408F
:105680005B01334C13431C43E5E703210122014036
:105690008A40C3065B0F5B012E4C1343F3E72E4B8E
:1056A000984209D81F202D4B20409C4223D82C4CD7
:1056B00000020443201C70BD2A4BC3189BB21F2B51
:1056C00000D991E7F82304025B011C40264B99E7BF
:1056D0008023243CDB01D6E71F230340234C1B021D
:1056E00090E70321012201408A40C3065B0F5B0162
:1056F0001F4C1343C7E7FFF70DFF80240002A401EE
:10570000A8E71F202040FFF705FFE3051B0F1B0242
:1057100002B2C00602D5FF2112010A40154C134304
:10572000B1E7C004C00EFFF7F5FE0500E0B2FFF7D9
:105730005FFE2D0205432E43B4B2BBE7B812010051
:1057400000A0FFFF5F5200003F5200001F52000008
:10575000008DFFFF008CFFFFBF5200009F52000032
:10576000F4A0000040ADFFFFF0A00000F1A0000099
:10577000008AFFFF0090FFFFF0B50424104A114B90
:1057800012781B7885B001AF1A433880009203AEBF
:10579000009B01222341134205D1013CF8D2002590
:1057A000280005B0F0BD3B88E5B2338031682800A1
:1057B000FFF7AAFCFFF7FCFE80B20128EDD0EFE76F
:1057C000511A0020501A002013B54379008801AA0D
:1057D00010800198002B0DD000290BD0FFF7CCFFD3
:1057E000040001000198FFF735FD20000199FFF743
:1057F0008BFC16BDFFF756FD0400F6E71FB501ACA4
:1058000020800198FFF7B8FF228803AB1A80039924
:10581000FFF77AFCFFF7CCFE04B010BD10B50024F2
:105820000379A3421ED00088FFF7E8FFC2B200044C
:10583000030F062B18D00F21062B0DD80E330B406B
:10584000012B0FD80124F02A0CD007D80024E7231D
:1058500093426441E4B205E00633F0E7F43A534280
:105860005A41D4B2200010BDE72393426441F13A7B
:1058700053425A411443EDE700207047002070471F
:1058800010B5024B1B68984710BDC046A40E0020FF
:10589000354B70B51B78002B2AD1344B1B78002B6D
:1058A00026D1FA2390261021314ADB00F605147820
:1058B000002C19D1346825000D400C4214D101236D
:1058C00013703C222B4B1D702B4B1A802B4B323A02
:1058D0001A709870363210385A7004280CD8FCF7B9
:1058E00089FB080B0F203100013B9BB2002BDED15E
:1058F00070BD234A9278DA70180009F017FEF7E7B6
:1059000000222D21DA7006325A714B329A71063A12
:10591000DA71153A1A72053A19715A729972DA7275
:10592000EAE70621002259714B3199710639D97184
:105930001539DA7019722D3205391A719A72597245
:105940000532ECE70621002259714B319971063975
:10595000D9711539DA7019722D3205391A719A72A6
:1059600059720632DBE7C046121100201B2E0020C0
:10597000A52E0020A42E00200A110020222E002097
:105980000C11002003000020104A10B5127882424A
:1059900018D10F490C78E0B2002C14D19022D20516
:1059A0001268D2060ED40B4A013414700A4A0C70E5
:1059B00010700A220948027036324270837009F072
:1059C000B5FD200010BD1000FCE7C04612110020FC
:1059D000A52E0020A42E0020622E0020222E0020C2
:1059E00070B51F4B9B78012B20D11E4B1B787F2B52
:1059F0001CD9FFF7BFFC1C4C1C4D607020222900F5
:105A00002000FCF725F9002828D0202221002800BA
:105A1000FBF7B6FF164B1B68002B1FD09B68002BB3
:105A20001CD0062222702000984717E0FFF7A2FC46
:105A3000104C114D2070082229002000FCF708F9B5
:105A400000280BD0082221002800FBF799FF084B03
:105A50001B68002B02D05B68002BE4D170BDC046F0
:105A6000041100206A19002050150020021900209E
:105A7000FC280020481500202219002010B500281D
:105A800003D0FFF7ADFCFFF7ABFF10BD10B500284A
:105A900005D0034B1A7810431870FFF7A1FF10BD13
:105AA000521A002010B5094C2378002B0CD1084B5A
:105AB0001A7802231A4207D1064A11780B43137051
:105AC000FFF78EFF0123237010BDC046761A002019
:105AD000531A0020521A002010B5002805D0034B9D
:105AE0001A7810431870FFF77BFF10BD6C19002067
:105AF00010B5002805D0034A137883431370FFF7CD
:105B00006FFF10BD6C19002070B5324C06220021C9
:105B10002000FCF749F8F822DF212F4B52021B68C6
:105B200049021340C91A06222000FBF729FF2378F7
:105B30006678A578E07821796279FF2B1DD12B005A
:105B4000334003400B401340FF2B31D1022323701D
:105B5000013B32226370E3700023A27023716371F2
:105B6000FEF778FF1D4B1870012828D0022828D096
:105B7000002801D10223237070BD002B16D1002E06
:105B800018D12B0003430B431343DFD0642D01D9FD
:105B90006423A370012801D90123E370012901D9ED
:105BA00000232371012ADBD90023D8E7022B01D976
:105BB00002232370032EE9D903236370E6E72070E4
:105BC000DAE7002323706378013B022BD4D9012349
:105BD0006370D1E70C11002000140240F423002070
:105BE000F0B52C4E040033780D000133DBB291B0D8
:105BF000142B00D10023284A12789A4221D0402247
:105C0000002168466F46FBF7CFFF082D1BD12A0005
:105C10002100F81CFBF7B4FE0B2332781F49204803
:105C200092013980801839004022BB70FBF7A8FE32
:105C300033780133DBB233703378132B01D900236F
:105C4000337011B0F0BD20780238042820D8FCF75A
:105C5000D1F9180A111F03002A002100F81CFBF7D4
:105C60008FFE0C23D9E72A002100F81CFBF788FEE1
:105C70000F23D2E72A002100F81CFBF781FE0E2338
:105C8000CBE72A002100F81CFBF77AFE0D23C4E7BE
:105C90000023C2E7F5230020F62800200A40000078
:105CA000F6230020084B10B51B780400012B02D806
:105CB0000821FFF795FF054B1B68002B02D0200041
:105CC0005B68984710BDC0460C110020E42D0020F1
:105CD000084B10B51B780400012B02D82021FFF7D8
:105CE0007FFF054B1B68002B02D020009B68984764
:105CF00010BDC0460C110020E42D0020084B10B54B
:105D00001B780400012B02D80621FFF769FF054B21
:105D10001B68002B02D02000DB68984710BDC046EE
:105D20000C110020E42D0020084B10B51B78040056
:105D3000012B02D80321FFF753FF054B1B68002BF3
:105D400002D020001B69984710BDC0460C110020EE
:105D5000E42D002070B50C00150000210600FBF7B3
:105D600023FF90236219DB009A4200D91D1B002DEE
:105D700005D003492A0030006118FBF701FE70BD11
:105D80004029002013B56B469C1D00230100022210
:105D900020002380FFF7DEFF208816BD902070B51D
:105DA0001024164B16491A78164BC0050D78002D95
:105DB00004D10568254201D1002A03D0013B9BB2E2
:105DC000002BF3D18022104B52029A600AF04CFB58
:105DD0000C210E4B1A688A431A601A680C490A4053
:105DE0001A60012219680A431A60BFF34F8F094BEA
:105DF000094ADA60BFF34F8FC046FDE7D22D00207D
:105E0000A52E0020A08C0000000C004800140240C9
:105E10000FFEFFFF00ED00E00400FA0537B56B460A
:105E20000400DD1D2A000121006808F041FC236800
:105E30002878013323603EBD8023124ADB01D16BF9
:105E400010B50B43D36308F0D7FE7F220E490F4BEA
:105E50000A700F49013A0A700E494F3AC7200A608A
:105E600099782E3A0A43C0219A700B4A8000135841
:105E700009061B021B0A0B43135080231B061360E9
:105E800010BDC04600100240803802400038024079
:105E900082380240A038024000E100E0802370B563
:105EA000274ADB01116C86B00B43136401260023E3
:105EB000022504246946234802930493059300961F
:105EC000019503960AF056F969461E4800950AF0B6
:105ED00051F969461B4800940AF04CF908236946B9
:105EE000184800930AF046F94022174B196891436D
:105EF000196019682143196019680E431E601968FA
:105F00000D4338211D6018688843283901438020DB
:105F1000196019688143196019680C4801401960BB
:105F200019680B480140196019680A480140196056
:105F300059680C435C6019680A431A6006B070BD6A
:105F4000001002400008004800380040FF7FFFFFBB
:105F5000FFF7FFFFFFFDFFFFF0B51023002603252D
:105F60008BB0954804A9049306960796089609965F
:105F700005950AF0FFF88023904A9B00516C02A817
:105F80000B435364029609F027FB029B8C4C0133B0
:105F900000D0F7E002228B4B99680A439A600122F5
:105FA00099680A439A60E369874A1340E3611823BA
:105FB000E2691343E361226C844B1A409023DB00B7
:105FC000134307222364236A93431D43804B2562B6
:105FD000804A1B68934200D9C9E08022236BD20516
:105FE0001B021B0A134380222363A36FD2001B0BE7
:105FF0001B031343A367A36F774A13400122A367D0
:10600000A3691343A361E3681342FCD08023E16FCB
:10601000724ADB0411400B43E3670423A16919436F
:10602000A1616F49C86F1842FCD1276DE06F104025
:10603000A022D2040243E267A2691343A3610423AE
:10604000CA6F1A42FCD10F20BFB27843256DADB2A2
:10605000401BFCF71DFB6349FCF74CF9061CFEF7DF
:106060002DFA009001910021301CFCF707F8002266
:106070005D4B002800D180E000980199FCF758FBA7
:1060800000900191E81BFCF703FB011C5748FCF74B
:1060900031F9FEF713FA0022534BFCF749FBFCF7EA
:1060A0003FF8A66F80B2360B36033043A0670098E6
:1060B0000199FEF775F9A56F474B00041D40054394
:1060C000A567E369404A13401822E361E3699343FB
:1060D000E361236C3D4A134007222364236A934300
:1060E0002362236B1B021B0A2363414B63618022E3
:1060F000E36AD2051B021B0A1343E362A369002B68
:10610000FCDB0723226A9A43043B134301222362E8
:10611000A3691343A361E3681342FCD0A36904237A
:10612000A2691A42FCD12022E3699343E361182358
:10613000E2691343E361E369234A13400122E36107
:10614000E3691343E361E3681342FCD00F22236C3D
:1061500093432364226C1D4B1A40E0239B0013439E
:1061600023640423A2691343A3610BB0F0BD802212
:10617000236B12061B021B0A34E700980199FDF7F6
:10618000D7FC7DE703A8039609F026FA0122A1694E
:10619000039B0A43A261A16F1A05090B0903120DA3
:1061A0000A43A267A26F0C491B0C5BB21B040A4096
:1061B0001343A3679BE7C046000800480010024055
:1061C0000024014000140240FFDFFFFF3FF8FFFF03
:1061D000F023002005A24A04FFFF00FFFFFFFFF8A5
:1061E00004240140000060410000E03F0000604ADC
:1061F000FEFF000010B50AF0B0FD00210248034A7E
:10620000FBF7D2FC10BDC04600290020C2040000EC
:106210000122264B10B5D96B90241143D963244930
:10622000E4054A608021586C4902014359643C21CD
:10623000204BD963986A34318843103901439962FD
:1062400000215964196B114319638021586D0902AB
:10625000014359650821986A01439962996D2000AC
:1062600011439965196811431960042108F0A1FDD3
:10627000A36A114A1340A362A023A26ADB0013435E
:106280003022A362236993432361202322691343AD
:1062900042222361094B1A60094BDB78002B04D1A1
:1062A00011210848084AFBF77FFC10BD001002408E
:1062B0000000024000400140FFF0FFFF7800024074
:1062C000E01D0020E81D002002060000002270B53D
:1062D0002F4B304C1A70E36B3C2B01D0FFF798FF2B
:1062E00004232D4DAA6A1A42FCD12C492C4B487923
:1062F0002C4A00280ED12C480078022806D02B48C2
:106300000078002802D00978002903D128490978AB
:10631000002905D10121197080235B02936070BDB3
:1063200024490120097889072CD090601A78002A26
:1063300004D0002202301A7009F01CF80122C0209B
:106340000021A36DC0009343A3651B4B19541B4848
:1063500019541B4B1B491C4899601C4998611960D2
:106360001B491C48596059611B4918611C334B6219
:106370001A4BCB621A4B8B620423AB62A36D1A4398
:10638000A265CCE7187080235B029360D6E7C04615
:10639000D32D002000400140000002401B2E0020B1
:1063A000D81D0020000C00480C110020D72D002023
:1063B000DE2D0020E01D0020E81D00200106000069
:1063C000881D0020F73E00C0172100C0D721002003
:1063D00044400140E9230020FC000240768000AAEE
:1063E0002C02024070B5802401222D4D640286B03B
:1063F00011002800AC6008F0DCFC9023AC60DB05E9
:1064000008241E0018009C602100012208F0D1FC25
:10641000B460022628003100AE60012208F0C9FCF9
:1064200080219020AE6020228901C00508F0C1FCC7
:10643000002220211B4808F0BCFC802120221A48A1
:10644000490108F0B6FC802120221748890108F094
:10645000B0FC9020002524196946C00500940195E0
:10646000029503960495059509F084FEC120C0218C
:106470000E4B80005A6B5D631A68090622431A604E
:106480009A6922439A61DA691443094ADC61135814
:106490001B021B0A0B4313508023136006B070BD10
:1064A000000C0048000800480004004800040140B7
:1064B00000E100E010230D4AC320116C80000B4363
:1064C00013642F220A4B9A63FA22D200DA63012264
:1064D000DA601A60074B084A1958114080221204EA
:1064E0000A431A508022D2011A60704700100240FD
:1064F0000010004000E100E0FFFF00FFA54BF7B5F2
:106500001B780400002B00D037E20120FEBD087884
:1065100000280BD00A70A0490A70A0490A60062B17
:1065200000D043E29E48FEF72DFB3FE2022B1CD138
:10653000994A1278002A1FD097480278012A00D978
:1065400036E2964D2968632900DD63210A234B4317
:106550000021272C01D021001D395B18632B00DDA1
:10656000632301322B60027022E20A2BE4D0062B57
:1065700002D1053B0B701BE20021874A11701C2CD5
:1065800005D8122C17D8062C36D0072C1ED0042B79
:106590004BD8002B00D109E2804B1D68002D00DC98
:1065A000012500272000032E48D1FEF7B5FB013757
:1065B000AF42F7D1FAE1200013380928E7D8FBF7FA
:1065C0000FFD31E6E625E6E6E6E6050E032E02D1EE
:1065D0007448FEF7D7FAFEF763FC012314E0032E9C
:1065E00002D17048FEF7CEFA6F48FEF7CBFA83204F
:1065F0004000FEF7C7FAF0E7032E02D16948FEF724
:10660000C1FAFEF74DFC00232B70CFE1032E02D11F
:106610006448FEF7B7FA6548FEF7B4FA4C20FEF777
:10662000B1FAF0E71A20FF30E3E7052B00D0BDE117
:106630002000032E05D1FEF76FFBB7E1FEF7DAFB72
:10664000B5E7FEF7D7FBB1E1594E3778052F08D8EB
:106650002A23FB40DB0704D523001E3B092B00D86F
:10666000A9E2E3B2292B21D1002F00D19BE2FEF752
:106670004FFC00224F4B1A603378002B0FD14D4E48
:106680003468002C0BDD4C4B1F78002F07D14B4892
:106690004B496200FBF774F94A4B37601C602B785A
:1066A000002B00D084E1434A136081E12000FEF713
:1066B000EBF903000200072F00D959E13800FBF77E
:1066C000ADFC0800E20036019101C2011F02570231
:1066D0006C02581E182800D965E2FBF79FFC4700A2
:1066E0004700470047004E0047020B0139004000B9
:1066F00019006402510057007700B300860086003D
:106700008600860086008600860086008600860059
:10671000012333700023272C01D023001D3B1F4A87
:1067200013602000FEF7B0F90028A5D0264BC34027
:10673000DB07A1D5204B1B78002B9DD11D4A136888
:10674000072B99DC591C11601D4A5B009C5293E792
:1067500002233370114B01221C811A73E1E70423D9
:1067600033700E4B01225C815A73DAE72000FEF78A
:10677000E5FB0121FEF732FAD3E701210E20F9E70C
:1067800001210620FEF776FA002323E02000FEF721
:1067900093FBF9E7A61A0020AD1A0020B01A0020DA
:1067A0004A0300004A0200004D0200004F020000B0
:1067B000AE1A0020A81A0020A41A0020941A002063
:1067C000841A0020801A0020FE17FE03A94B9C4269
:1067D00002D002232B70A4E703234A202B70FEF77C
:1067E000D1F9A548FEF7CEF99BE7113B1800082B1D
:1067F00026D8FBF7FFFB2023050E11141D1A0700F6
:106800002A20EFE79D48FEF7BDF94C20FEF7BAF9C4
:10681000BAE7FEF745FBB7E7FEF742FB81E796488C
:10682000FEF7B0F983204000DCE75020FEF7AAF91C
:106830001A20FF30D6E74D20FEF7A4F94C20D1E70F
:106840001E20F6E78E4B01931B78002B00D068E7E3
:106850008C4F3A68002A00D163E7012201990A703F
:106860000093009A3B689A4203DB0023019A13705D
:1068700057E7009B844A5B00D05AFFF73FFE009B1E
:106880000133EDE70B22814B19680F1E00DC012755
:10689000501E0D286CD8FBF7C1FB21002100210000
:1068A00021002A0069012D001B001E006B000E0054
:1068B000300037003B00092900DD32E70A224A4355
:1068C0000021272C01D021001D3952181A6028E719
:1068D000022232703FE70422327043E72000FEF7C5
:1068E0002DFB3900FEF77AF9FEF712FB19E70121BB
:1068F0000E20F7E70723337013E739000620FEF771
:10690000B9F900232B70EFE72000FEF7D5FAF8E77E
:10691000584B9C4201D00223F4E703234A202B70FA
:10692000FEF730F95448FEF72DF9DDE70B22574FFB
:106930003B680093002B01DC01230093501E0928C3
:1069400016D8FBF76BFB37004200370037007B009F
:10695000130115000A00150046003B899C4207D12F
:1069600020000099FEF786F93B89062BBCD1C8E7C9
:10697000FEF7CEFA0022464B1A60464D2E78731E63
:10698000022B00D9C1E5B31E012B00D95CE6200023
:10699000FEF77AF80300E0B200223F49292800D030
:1069A000B5E501232B703D4B0A701A70FEF7B0FA63
:1069B0000020ABE53B8920000193FEF7BFFA009A67
:1069C00001000198FEF738F9CEE701220B21388942
:1069D000F8E7032333700023272C01D023001D3B4D
:1069E0007B609EE6581E0A28C2D8FBF70DFB0B0001
:1069F0001D000B000B002600BF00C1FFC1FFC1FF3F
:106A0000C1FF9A00214F20003B890093FEF796FAC0
:106A10003B680100002B00DC01237A685A43632A9B
:106A200000DD63220098CDE7184A5168092900DD8E
:106A300077E60A234B43536073E6144F01220E217D
:106A40003889BFE70B22114B1F680097002F01DC2C
:106A500001210091501E09288AD8FBF7D5FA3B0086
:106A600045003B003B008300870089FF89FF210030
:106A70004800C046190200004D0200004F0200000D
:106A8000A41A0020801A0020941A0020B01A0020B6
:106A9000A81A0020A51A0020AC1A0020AD1A002068
:106AA0005B8901939C4200D062E74A20FEF76AF8B6
:106AB0004A20FEF767F8012F04DD009943480139A9
:106AC000FEF780F8424B019A2B20934200D12AE72F
:106AD000404828E720005F89FEF730FA01003800BF
:106AE000009AFEF7F7F8FFE6394A5B89ECE70522E2
:106AF00032700022272C01D022001D3A5A6010E685
:106B0000581E0A2800D933E7FBF77EFA19008EFFDA
:106B1000190019002B00300032FF32FF32FF32FF24
:106B20000B002D4A5168092900DDFAE50A234B4381
:106B30000021272C01D021001D395B187BE7264F4F
:106B400020007B890093FEF7F9F93B680100002BD8
:106B500000DC01237A685A43632A00DD632200982F
:106B6000BFE71D4B01220E215889BAE70623C2E672
:106B7000062B00D0FCE6184F3B7B002B03D00122F4
:106B80000F2138891EE77B7B002B03D001220F21C8
:106B90007889A6E701210F20A4E6072B00D0E7E6BD
:106BA0008B204000BFE60D4B1A68002A00DCACE4E5
:106BB00000221A60A9E4781E0428F4D8FBF724FA0E
:106BC00062FEB6FEB1FF42FFB1FFC04651020000B7
:106BD000370200002B020000B01A0020A81A002083
:106BE0000122124B10B51A7000233C21104A137079
:106BF000104A1180104A1370104A1370104A137013
:106C0000104A13705371104A1370104A138072B6F1
:106C1000FFF7E8FB62B608F045F89622D20080182C
:106C200003220B4B18600B4B1A7010BD1211002081
:106C3000212E00200A110020A52E0020622E002007
:106C4000A42E00201B2E0020D72D0020D82D0020A0
:106C5000181A0020171A002010B583280ED107F04B
:106C6000C7FEC00709D5532007F0FAFEFEF7B8FEAD
:106C7000532007F02BFFFEF7B3FE10BD84280AD186
:106C800007F0B6FE4007F8D5472007F0E9FEFEF70B
:106C9000A7FE4720EDE7031FDBB2A02BE9D90300D5
:106CA0002033DBB2072B07D807230340012098408D
:106CB000C0B2FEF795FBDEE703005B33DBB2022BCD
:106CC00003D8002007F098FED7E703005833DBB263
:106CD0001A2B03D8002007F0A9FECEE703003333B8
:106CE000DBB2122BC9D807F0C5FD08F00BF8C4E7DA
:106CF00010B500280FD082280ED107F079FE80074A
:106D000009D5392007F0ACFEFEF76AFE392007F0FE
:106D1000DDFEFEF765FE10BDFFF79EFFFBE70000FE
:106D200070B5002426000E4D2B78002B05D00D4A9F
:106D30006300D05CFFF7DCFF2E700B4B0135E318CE
:106D400001341E70042CEFD1084C2378002B05D0A1
:106D50000220FEF745FBFEF743FE267070BDC046DD
:106D60007B1A002028150100771A0020761A0020CF
:106D700070B50025104C2088002804D0C0B2FFF761
:106D8000B7FF0023238001350234042DF3D1D12035
:106D9000FFF762FFD220FFF75FFF0022074B1A7058
:106DA000074B1A80074A084B12781A70FEF716F93B
:106DB000FFF7B6FF70BDC046401A00203E1A002003
:106DC0003C1A0020481A0020A51A0020184B70B564
:106DD0001A78002A23D000241C70164D2B78A34269
:106DE0001ED80123144E154C32781A4205D0227851
:106DF0001A4202D1E020FFF72FFF022332781A4215
:106E000005D022781A4202D1E420FFF725FF0023A3
:106E10000B4A337013700B4A23702B70137070BDC4
:106E2000094B6200985C0134FFF762FFE4B2D4E7DB
:106E30003A1A0020201A00201F1A00201E1A0020D3
:106E40001D1A00201C1A0020221A00208023064A46
:106E50001B06D16C0B43D3648023044A9B03516906
:106E60000B4353617047C0460014024000040140C8
:106E700010B5034B70461A695A6107F07BFF10BDCD
:106E80000004014010B5FFF7F3FF10BD802310B5DB
:106E9000DB05DA6970461A6207F06CFF10BD00006E
:106EA00010B5034B7046DA691A6207F063FF10BD34
:106EB0000004004010B5034B7046DA691A6207F00F
:106EC00059FF10BD0008004010B5034B70461A6E04
:106ED0005A6607F04FFF10BD000002402B4B70B503
:106EE0001A6975465A612A4B1978002912D1102364
:106EF0001A420FD0274C2278002A0BD0264A10784D
:106F00009022D2051268002808D1110019401A42B7
:106F100000D12170280007F02DFF70BD16001E4023
:106F20001A420DD02378012BF4D1013340221B48A3
:106F30002370FAF739FE8020400108F0F7FAE9E7FC
:106F40002378022BE6D1154B1A78154B1B78002BB2
:106F500007D07F2313403B2B03D108F041FA267062
:106F6000D8E70A2A04D108F03BFA00232370D1E7BE
:106F70000C4A13780133DBB21370022B02D90023C1
:106F80001370F3E7012308482370D6E7000401409B
:106F900012110020A52E0020A42E0020642E002017
:106FA000632E0020622E0020222E00207346F0B5B2
:106FB00089B00393B34BB449DA691A620B78002B9A
:106FC00012D0B24A13780133DBB2092B01D8137007
:106FD0000AE0002313709023DB05186810230400D7
:106FE0001C4018421AD10C70A94B1B78022B09D0F7
:106FF000A84B1D78002D13D05B79002B10D10920F0
:10700000FEF7C0FCA449087800285ED0A34A138884
:1070100001339BB2312B2AD813802BE00523D6E70E
:107020000B78002BEED1002DECD19D4B9D4C1A78A6
:1070300023789A42E6D09C4B1A78002AE2D190221B
:10704000D2051268D206DDD401221A70974B20783F
:107050001D70974B8001C01808F068FA237801333F
:10706000DBB223702378132BCCD92570CAE7002319
:1070700013800B708F4A13780133DBB2022B00D9D7
:10708000DBE113708C4A13780133DBB2042B00D997
:10709000E2E11370894C8A4A2388158801339BB238
:1070A0002380AB420CD3002323807A4B1B78002B28
:1070B00006D11120FEF766FC002801D10A3D25808B
:1070C000039807F057FE09B0F0BD7E4A7E49137859
:1070D00009780133DBB2002900D192E0032B01D8FB
:1070E0001370C7E7794B1070DB6F04221C00784DDA
:1070F00014401342BED177482F6D037876495E0065
:107100007752AE6901333243DBB2AA61092B01D851
:107110000370AFE70470714814220500FAF730FCE1
:107120002E0028002200230021004F002C88BF5B86
:10713000A74200D219005700F75BA74200D91A00F6
:107140000133DBB202350A2BEFD100242300914238
:107150001DD108330288013BA418DBB2A4B202306F
:10716000002BF7D15E4B5F4D9C4248D85E4B9C4252
:107170001AD964205D4AE3089B1858435C49FAF722
:1071800015FE5C4BC0B29C422CD900232FE09942E3
:1071900004D09A4202D005886419A4B20133DBB24C
:1071A00002300A2BF3D1DDE72B780133DBB2032B5E
:1071B00012D82B700020504B1870504B1870344B65
:1071C0009A78824202D09870FDF7C6FB00224C4BA1
:1071D0001A803D4B1A704DE7002301222B70494B5A
:1071E0001A70E7E72B780133DBB2092B01D82B703B
:1071F000E1E7002301222B70424B1A70DBE7642089
:10720000C3E7132B00D86BE7304B1170DB6F042200
:107210001C002F4D144013420DD12E482F6D0378C2
:107220002D495E007752AE6901333243DBB2AA6169
:10723000092B04D80370324A13880133ECE6274D3A
:10724000047014222800FAF79BFB2F4B10491B787F
:1072500001938B780293019B022B59D1264A62330A
:107260001370264A1370029A9A4205D001228B703D
:10727000264B1A70FDF770FB0022224B1A70194B37
:107280001A70D8E70010004012110020212E0020B3
:107290000C1100201B2E00201A2E0020182E00207A
:1072A000F5230020F6280020A52E0020A42E002083
:1072B000F6230020E82D0020E32D0020C22D002021
:1072C0000A110020152E0020162E00200424014053
:1072D00000240140142E0020002E0020EC2D002060
:1072E000D74F0000F72800204F3A0000B7F8FFFF03
:1072F000B20200008F400000FA280020F928002088
:10730000EA2D0020F8280020D02D0020DA2D0020C2
:1073100028002E0023002200250001006F00348881
:107320007F5AA74200D215005F00CF5BA74200D969
:1073300013000132D2B202360A2AEFD10024220011
:107340009D4247D108230288013BA418DBB2A4B2B6
:107350000230002BF7D1C14BC14DC24EC24F9C42EF
:1073600000D922E2C14B9C4200D824E26420C04AEA
:10737000E3089B185843BF49FAF718FD019BC0B2B8
:10738000012B00D024E2031C002800D10123D8B235
:107390003B78B94A83424AD2B84B1188994208D9FE
:1073A000002133781180622B02D80133DBB23370B5
:1073B0003B700022B24B2A701A703378029A9342C3
:1073C00000D138E7AF4A93700122AF4B1A70FDF736
:1073D000C3FA30E7AA4204D09A4202D00188641866
:1073E000A4B20132D2B202300A2AF3D1B3E72B7829
:1073F0000133DBB22B70092B04D9002301222B703F
:107400009F4B1A70019B002BC2D13B789A4A834252
:1074100010D99A4B11889942CFD9019933781180AC
:10742000002B02D0013BDBB233703B70C5E7002379
:107430001380BEE7019B1380BFE700231370934ABC
:10744000934913688B4200D11CE6002B00D119E64A
:1074500090481160036015E600208F4B10701A7879
:10746000884C824211D018702378012B0BD0022B4C
:1074700000D19BE0834208D16078022803D0032822
:1074800001D0012801D1FEF703FA844E3378002B96
:1074900015D0834D2B78022B00D189E0032B00D12E
:1074A0008BE0012B04D11220FEF7F2F902232B709E
:1074B0002B78032B03D901232B7000233370794AD7
:1074C00013780133DBB2FF2B00D100231370764A0F
:1074D00013780133DBB2FF2B00D100237349137003
:1074E0000878002806D1724A138801339BB2312BE9
:1074F00068D8138096216F4A4900138801339BB2E4
:107500008B4268D213806C4B6C4E01931B78002B1E
:1075100016D096223388520001339BB233809342B7
:107520000FD3674B1B78002B08D19023DB051B681A
:10753000DB0603D4634B1B78002B52D191235B00F5
:1075400033802378022B00D184E04F4B1A78002A35
:1075500004D0002210201A70FEF79AF900225A4B2C
:107560001A705A4B1A680023920608D5902380227D
:10757000DB051B68920113405A42534101339621A7
:10758000534A49001370534A138801339BB28B420C
:1075900000D3AFE0138096214F4A4900138801338E
:1075A0009BB28B4200D3EBE0138073E508206AE7BF
:1075B0001320FEF76DF9032379E71420FEF768F92D
:1075C000042374E70123108022780B70002A91D1E4
:1075D0002D4A13708EE70023138001223F4B1A704F
:1075E00091E701223E4B1A7072B63E4BDF271968B5
:1075F000F8235B0219407F022000791A0532FAF75E
:1076000027FB00281FD0384B0622210018000293C8
:1076100004ADFAF7B5F908F033FF344B28000593B1
:10762000049708F005FF08F01FFF08F029FF40232A
:10763000029A2B812D4B280007920593049708F09E
:10764000C9FE08F011FF62B60023254A1370019AA3
:10765000137075E7264B1A7B5B7B82E7D74F0000E0
:10766000F7280020FA280020F92800204F3A0000CF
:10767000B7F8FFFFB2020000EA2D0020C3090000A6
:10768000F82800200C110020DA2D0020FC28002012
:1076900010190100E42D0020E22D0020E12D002032
:1076A00008110020E02D0020DF2D0020DE2D00201D
:1076B000DC2D0020D82D0020D62D0020D42D002038
:1076C000A52E0020D32D0020D12D00200008004839
:1076D000D02D0020CE2D0020C62D0020D72D00203B
:1076E000D22D00200014024000290020FF41FEFF9F
:1076F00000380240002325781380022D00D14AE78C
:10770000374A1178994244D1364B1B78002B08D167
:10771000354B1B78002B04D1344B1B78002B00D148
:1077200039E7002D00D036E76478012C0CD12D4BC1
:107730001A78002A00D12EE7002205201A70FEF7E1
:10774000A7F82B4B1C7026E7022C0DD1264B1A787C
:10775000002A00D11FE7002206201A70FEF798F8D1
:107760000122234B1A7016E7032C00D013E71F4B9E
:107770001A78002A00D10EE7002207201A70EDE7E0
:1077800000211C4B11801A788A4200D182E41970C2
:1077900080E4002DC8D0012D00D0FCE60420137039
:1077A000FEF776F8124B1D70F5E6019B6420012B65
:1077B00012D16320ECE5019B012B00D1E6E52B788B
:1077C00000200133DBB22B70042B00D915E619E63B
:1077D000094B9C4200D80AE600232B7012E6C046F3
:1077E000CC2D0020CB2D0020CA2D0020C92D00203B
:1077F000C82D0020C42D00208F400000F8B50025C2
:10780000C0246C430B4B0027E4180DE07300F2B268
:10781000E35AF9B2E8B2013606F030FF102EF5D186
:1078200001372034062F01D00026EFE70135052D62
:10783000E6D1F8BD4E15010010B586B004000191E7
:1078400072B608F01DFE6A4604230294E4431382D4
:1078500002A801AB0593039408F0BCFD08F004FEF8
:1078600062B6012006B010BD0200F820E02370B51A
:107870001D4C0D002168400201405B025B1A1E682E
:10788000F02321685B0201405B1A1B68002B13D1B7
:10789000164BF318591E8B41F820266821684002C8
:1078A0000E335B03014006409E1B5B1A10495B18B8
:1078B0009E4209D9802014E0AB20002E11D10B4943
:1078C0005B1859424B41E7E7316801310AD1F8238F
:1078D00020685B021104184029438019FFF7ACFFB0
:1078E000012070BD0436E3E70014024012111111AB
:1078F000FC1F00009023F0B587B000928A18059015
:107900000191DB009A4201D95B1A0093009B002B86
:107910003DD000273A00019B0599DB19895C404A5C
:107920004033D05C884225D0D1549021C9008B428D
:1079300020D25908039101218B43D35A039819008F
:107940000493FFF791FF802814D1F820E022354CF2
:107950004002236852020340D31A19682368F024B6
:1079600003406402E31A1B68002912D026001400A9
:10797000002B0FD00137009BBFB23A009F42CAD301
:107980002948019B009A05991818F9F7F9FF07B0E3
:10799000F0BD1600254BF022E5186B1E9D415202EA
:1079A00094466B03250063440293280009F0C6F94E
:1079B00080239B00ED18029B9D42F6D11C492000BC
:1079C000FFF73AFF04990398FFF74EFF0128D1D142
:1079D0000025134A6B009B181A88002A18D1154BF2
:1079E00001359D42F5D1114BF5186B1E9D41F023D9
:1079F0006D035B02ED18300009F0A0F980239B00B5
:107A0000F618B542F7D100212000FFF715FFB1E7C6
:107A10001988280089B2FFF727FF0128DFD0A9E7DE
:107A20000029002000140240402900200040FEFFF1
:107A3000EEEEEEEE4102000037B50D000400FEF759
:107A4000A1F9A84206D06B460222981D21000580AC
:107A5000FFF750FF37BD00000A4910B54A785307B9
:107A6000DB0F83420CD00123034004209B008243A0
:107A70001A434A700988FFF7DFFF0220FDF75EFC1A
:107A800010BDC0466A190020002337B504000D0060
:107A90000422010001A80193FEF75CF9019B9D42BD
:107AA00005D00422210001A80195FFF723FF37BD6F
:107AB000F8B5F827724D734A2B687F02724E3B402F
:107AC000136013680021714A3000FAF76DF8E02264
:107AD000F0212B6852023B40D31A1C682B684902E4
:107AE0003B40CB1A1B68002C31D0002B00D0ADE0FE
:107AF000F8202B682A684002034002409020644925
:107B0000C000C91A634B9B1A994245D8624B9C42EC
:107B100059D0013400D0A2E0E024F02764027F02B3
:107B2000200009F00BF980239B00E418BC42F7D138
:107B3000F822DF212B685202134049023000C91A93
:107B40004022F9F71DFF0122544B1A70F8BD2A6834
:107B500053483A402968801A524A3940521A904292
:107B60000CD8002BC4D001334DD1F0246002013475
:107B7000E4B209F0E3F8002CF8D1D9E790271168B6
:107B8000FF00090CB942ECD211688C46674602CA64
:107B9000090C49007752E2E71A68120C8242B5D20A
:107BA0001F6804CB120C5200B752ADE7200009F059
:107BB000C5F880239B00E418BC42F7D100212000C7
:107BC000FFF73AFEB4E700246300F3181A88002A8E
:107BD00011D1354B01349C42F6D1E0200021400206
:107BE000FFF72AFEF02460020134E4B209F0A6F89F
:107BF000002CF8D19CE71988200089B2FFF734FEE9
:107C00000128E6D094E76300F3181A88002A15D1FA
:107C1000254B01349C42F6D1F0200021E024F027CE
:107C20004002FFF709FE64027F02200009F086F897
:107C300080239B00E418BC42F7D179E71988200023
:107C400089B2FFF711FE0128E2D071E712488442A1
:107C500008D0013403D114000F008342A6D009F0EC
:107C60007CF865E7F0240133F9D160020134E4B215
:107C700009F064F8002CF8D1E020210040029FE7D1
:107C800000140240EC23002000290020C204000060
:107C9000FFFF010004E00100EEEEEEEEEA2300201B
:107CA000FFDF010004C0010041020000902030B558
:107CB00010240F4B0F491A780F4BC0050D78002D7B
:107CC00004D10568254201D1002A03D0013B9BB2B3
:107CD000002BF3D18022094B52029A60BFF34F8FE1
:107CE000074B084ADA60BFF34F8FC046FDE7C04636
:107CF000D22D0020A52E0020A08C0000000C0048F2
:107D000000ED00E00400FA05012210B511000D4855
:107D100007F04FF8802390200A4C5B02A3600122F9
:107D20000821C00507F045F8802390221B03D205E7
:107D3000936002210122200007F03BF880239B0280
:107D4000A36010BD000C00487047000010B500246F
:107D50000D4B1C7006F0E4FE200006F04DFE2000E6
:107D600006F064FE094B1C70FDF73AFE0622210066
:107D70000748F9F719FF074B1C70074B1C70074B9E
:107D80001C7006F0BFFF10BD521A00206C190020B5
:107D900051190020501900204F1900204E190020C1
:107DA00010B50400832811D106F022FEC0070CD4C0
:107DB000532006F055FEFDF713FE642007F0DAFAB3
:107DC000532006F083FEFDF70BFE10BD84280DD175
:107DD00006F00EFE4007F8D4472006F041FEFDF7FE
:107DE000FFFD642007F0C6FA4720EAE7031FDBB275
:107DF000A02B23D8284B9A78012A13D1274B197826
:107E000000237F290FD9264BC1085B1899780723D7
:107E100003409A400A420DD0200006F057FEFDF7BD
:107E2000DFFD07E000231F4AD15CA142F4D00133FB
:107E3000062BF9D1200006F013FEC4E7030020331F
:107E4000DBB2072B08D80721012301408B40164ADB
:107E500011780B431370B6E703005B33DBB2022BE0
:107E600004D8243CA0B206F0C7FDAEE703005833A7
:107E7000DBB21A2B05D80D4A5B00985A06F0D6FDE6
:107E8000A3E703003333DBB2122B9ED806F09CFC31
:107E900006F038FF99E7C046041100206A19002057
:107EA000501500204A150020521A0020B812010077
:107EB00010B5002812D0822811D106F099FD800754
:107EC0000CD4392006F0CCFDFDF78AFD502007F0D8
:107ED00051FA392006F0FAFDFDF782FD10BDFFF7DB
:107EE0005FFFFBE770B5C2B20500010AC30425D5E8
:107EF0000F230B40013BDBB2072B58D83149CB5C39
:107F0000502A4CD0512A4CD0522A4CD003244F2A0C
:107F100024D1002B22D100212B4A0B00105D884276
:107F20001CD02A4D11552B5D8B4206D1284B620087
:107F3000985CFFF7BDFF01232B5570BD0123022084
:107F40000B40014200D003430420014200D0034310
:107F500008200142D4D00343502A2FD11E001D4ACD
:107F60001478A6439C43002E02D03000FDF78EFD0E
:107F7000002C02D02000FDF781FDEDB22800FFF7B4
:107F800097FF2800FEF7B4FE002C02D02000FDF77A
:107F90007DFD002ED1D03000FDF770FDCDE700242F
:107FA000B7E70124B5E70224B3E70024B3E7502A7A
:107FB000FBD00023512AA7D10124ACE7512AA3D139
:107FC000CCE7C04620150100771A00207B1A00205C
:107FD00028150100521A0020F8B5040000230B4DAB
:107FE0000B49E6B22F782B70FDF7E8F83000FFF769
:107FF0005FFF012007F0BEF93000FEF779FE200098
:108000000449FDF7DBF82F70F8BDC046521A002076
:10801000D95A0000F15A000010B55020FFF7DCFFDC
:1080200010BD10B54F20FFF7D7FF10BD10B552207F
:10803000FFF7D2FF4A20FFF7CFFF10BD10B5512048
:10804000FFF7CAFF4A20FFF7C7FF10BD0A2010B58F
:10805000FF30FFF7C1FF10BD10B54E20FFF7BCFF8A
:1080600010BD10B54B20FFF7B7FF10BD70B50D0068
:108070000400FFF71DFF281E00D1012007F07AF948
:108080002000FEF735FE70BD002110B5392800D163
:108090005031FFF7EBFF10BD73B54B7905000C00B5
:1080A000002B3AD04A78052A34D809780F2931D8DC
:1080B000374B12019B185B5CFF2B2BD00026354AF7
:1080C000915D99421CD106F0EDFD031C80B2324A4D
:1080D0007600002800D10123B3522A2D1FD16379E5
:1080E000002B2AD005222D4B1B781340934224D11C
:1080F0002A20FCF789FF4C20FFF7C6FF012076BD40
:108100000136242EDCD12A2D09D1EBE7244A137045
:108110000020F4E72A2D10D1E4E72A280DD02C2DD9
:108120000BD16379002B08D11E4A1178002904D0A5
:1081300013701D4A13701D4A13706B469E1D022258
:1081400021003000F9F71CFC3388002BE0D1637963
:10815000002BDBD0164B174A1B7812781343D7D06D
:108160000124DB06D4D52800FCF74EFF0C4A137817
:10817000002BC3D11470104A137006F093FD80B227
:108180000E4A031C002800D1231C1380B6E7C0460A
:1081900000140100DC130100CC190020521A002049
:1081A000CB190020161A0020151A0020141A0020DE
:1081B000511A0020501A0020CA190020C8190020A6
:1081C000F0B5C44BC44A85B01A60C44B0700039392
:1081D0001B780091002B02D00022C14B1A60009B3B
:1081E000C04D5B7901933B00E03B9BB20293072BB0
:1081F0003AD8BD4B029A9B5C002B06D0BB49019834
:108200000A7800282DD013430B702B78002B00D157
:10821000C3E03800FCF71EFF041E00D0BDE0FF2FB6
:1082200000D9BAE0009B5A793B001E3B9BB2102B51
:1082300074D8AF49CC5C002A72D13800002C00D031
:1082400020000022AB4BAC491B789A4200D1A4E03D
:1082500002318D1E2D88854200D1F1E00132D2B26B
:10826000F3E79A430A70D0E7392FCED1019AA34B96
:10827000A34E002A2CD001241C70FCF70FFF2B7892
:1082800044403470002B01D0FEF7A0FD3378002B62
:108290001AD02B78002B01D0FEF798FD0123112274
:1082A0002B70924B1B7813401A00511E8A41D2B298
:1082B000002B00D0032393490A70934A13700022C5
:1082C000924B1A708B4B1A703920FCF79DFEA1E07F
:1082D000019934781A781970002C04D0FEF776FDD5
:1082E000019B337091E7002A8FD0894B7C4A1E781E
:1082F0001460002E08D101221A70FCF76FFE039B58
:108300001E70FEF70DFD80E71C70FCF767FE814BC9
:108310001C60814B1C60814B1C70F2E7002A7BD0F3
:10832000744D2B780B2B01D93800CEE7002C0BD0E5
:10833000E0B2FFF7BDFD2B780B2BF5D85A1C2A7045
:108340006D4A5B009C52EFE76E4BE02F1ED002217E
:10835000E42F1CD01B78002B08D1714C2378002B04
:1083600004D1E020FFF71CFD01232370674AF8B217
:10837000137801331370FFF79BFD2B780B2BD3D8A9
:108380005A1C2A705C4A5B009F52CDE701210122F2
:108390001A705D4A13780B4313700022380000995D
:1083A000FCF794FE002835D13800FCF753FE002876
:1083B00011D1FCF773FE00280DD0464C23685B6A90
:1083C000002B76D038009847002872D023689B6A2B
:1083D000002B00D0B0E03800524A0099FCF776FE3E
:1083E0000190002816D13B4E009B32685B79518882
:1083F000B94200D0DDE04C4D4C4C002B00D1A8E040
:1084000006F050FC80B2031C002800D101232B8011
:1084100000232370002020E2E02F05D00323E42F67
:1084200003D0380014000CE702233749354A5B4279
:1084300014700A781A400A70394A11780B40ABE779
:1084400000223B4ED1B299420DD2511C4D00755BBA
:1084500085422CD12749013BDBB20B7026495B00DA
:108460005B5A52005352C0B2FEF742FC002C94D12A
:10847000264A1378002B90D0013BDBB21370002BFF
:108480008BD10125264C23782B4286D01D4B1B789F
:10849000002B00D081E71C4B1B78002B00D07CE721
:1084A000E020FEF7D9FB2378AB43237075E70A0081
:1084B000C8E7009B5B79002B8DD01E4B1B78002BEF
:1084C00004D1FCF795FD002800D12DE7FCF786FDCF
:1084D0002AE7C0464C1A0020A8130100A51A002064
:1084E000C41900203A1A00209F130100531A0020DB
:1084F0008E130100201A0020221A0020C01900202B
:10850000BF1900201C1A00201E1A00201D1A00206E
:10851000A61A0020C41C0020C01C0020BE19002088
:108520001F1A002099800000BC190020BA190020F1
:10853000201A0020AE1A0020009A3800517998477E
:10854000002800D147E7009B5B79002B00D142E770
:10855000EAE62378002B0BD0834E3088002802D027
:10856000C0B2FEF7C5FB0023338000232B8050E709
:108570002B88002BF9D07D4B1B78042B02D1FEF702
:10858000F7FBF2E7D368002B0FD1794B1B78002B58
:10859000EBD0039A774B12781A70FEF7C1FB0423D5
:1085A000039A1370FCF71AFDDFE798470028ECD117
:1085B000DBE76E4C2278042A0BD1029907292CD8CC
:1085C000002B06D03B009343E12B00D1ACE6FEF735
:1085D000CFFB674B009A1B785279002B00D1D5E076
:1085E0003168897C002900D1D0E0292F00D0ECE04F
:1085F000002A00D1E9E02378002B00D0CCE05E4BCC
:1086000022221B781900914300D0C5E09A0700D4BC
:10861000A6E05A48FFF7E0FC86E6002B47D00F2F74
:108620000ED80A2FD3D938002222534B0B381B788F
:1086300013400428CBD8F9F7D3FC12CA19242F0011
:10864000282F30D02C2FC2D106F02CFB80B24C4A00
:10865000031C002800D101232C20138035E6CF20F5
:10866000484B1880FFF79CFB0B202EE6CE20002BFA
:1086700000D00C30434B5880C0B2FFF719FC0D20DE
:1086800023E6CD20002B00D00C303E4B9880C0B2AA
:10869000FFF70EFC0E2018E6D0203A4BD880FFF7EB
:1086A0007FFB0F2011E6D220FFF77AFB3CE60F2F6D
:1086B0000AD80A2F8DD938000B38042889D8F9F741
:1086C0008FFC1788222D3800282F45D02C2F00D062
:1086D0007FE72D4D2A4A2B780392002B34D0D120EE
:1086E000FEF7BAFA019B2B700023039A138070E700
:1086F000244D2888002800D16BE7C0B2FEF7F8FAB5
:1087000000232B8065E71F4D6888002800D160E7B3
:10871000C0B2FEF7EDFA00236B805AE7194DA88826
:10872000002800D155E7C0B2FEF7E2FA0023AB8083
:108730004FE7144DE888002800D14AE7C0B2FEF7A1
:10874000D7FA0023EB8044E7039B1B88002BCBD098
:10875000D120FFF799FCC7E7D220FEF77DFA38E772
:10876000002B19D0352055E7B8190020A51A002094
:10877000A61A0020481A0020531A002035020000D3
:108780003C1A0020401A00203E1A0020292F1CD13C
:10879000002A1AD0002B18D022228C4B1B7893432E
:1087A00013D12578AB1E012B0FD9012D57D1884B42
:1087B0001B78002B09D12370FCF710FC06F072FA2D
:1087C000844B002800D128001860009B5D79002DA3
:1087D00000D1E8E0804B1B78002B0BD02378012BD5
:1087E00008D133681C6B002C04D0784B197826888C
:1087F000002E51D10B2F66D00D2F00D1CBE00E2FC4
:1088000000D1CCE00F2F00D1CBE0002D62D1E52FBD
:1088100009D1724C2378002B05D00220FCF7E0FD33
:10882000FDF7DEF8257000226D496E4C0B78D0B252
:1088300083420ED9501C4500655BBD4241D1013BCE
:10884000DBB20B7068495B005B5A52005352012344
:1088500001930120019B5840C0B205B0F0BD5D4DB1
:108860002B680393002B09D100232B60FCF7B6FB88
:1088700001232370FCF7B2FB292026E506F012FA4B
:10888000039BC01A594B9842EED806F00BFA002809
:1088900000D10130286098E7B74210D1E378A27880
:1088A0000B40002A07D1002B09D1FCF797FB636826
:1088B0009847300009E51A4201D09343F3E70834A2
:1088C00095E70200B3E70024434B1B78002B04D14B
:1088D0000120C2E701246442F6E7E52F00D123E539
:1088E000029B072BF4D9394B1D78394B2A001B7892
:1088F000009322239A4317D0631C22D0009B002BA5
:1089000026D13B4B1E78012E1ED13800FCF77CFB94
:10891000384D2B5D002B00D07CE5374B6200985C16
:10892000FFF7C6FA2E5575E53E001D4202D080269F
:10893000B6003E433000FCF7A7F8002814D1292FD9
:1089400012D0009B002B03D1FCF752FB002801D072
:10895000FCF744FBAD06BBD53800FCF791FB0028C3
:10896000B6D1FDF79FF8B3E73000FDF7C7FD00284B
:10897000F0D13800FCF748FB631C00D14AE5009BAE
:10898000002B00D046E51A4B1B78012B00D041E5A7
:108990001A4A13553EE50124002D95D107E0022423
:1089A000FAE70324F8E70B2F00D025E72C00002678
:1089B000124B104D1E552B5DB34200D133E70E4BC9
:1089C0006200985CFEF794F92E552CE7531A0020AC
:1089D000AE1A0020C4190020A61A0020761A002022
:1089E000541A0020541A0020561A0020B70B000019
:1089F000A51A00207B1A002028150100771A0020F4
:108A00000A4B8000C35870B55A1C0DD072B60F22A5
:108A10001C00134094430E3A15009D40200029008D
:108A200006F0C7F9A56062B670BDC04678120100B5
:108A30000300DA680800511C10B5D96019698A4230
:108A400004D21C68002C02D05968A04710BD9B6856
:108A50009854FBE7F7B51E00C36804000093089B19
:108A6000150001919B070DD0002D0DD1089B9B0790
:108A700015D4F7BD20212000FFF7DAFF0137B742F8
:108A8000F8D3F1E71700FAE7019B013D2000595D9B
:108A9000FFF7CEFFE8E720212000FFF7C9FFE368DA
:108AA000009A9B1AB342F6D3E3E70000F0B58FB00B
:108AB0001D00169C04900392002921D123051BD48C
:108AC000302304AA1372203B9C4301310A00A30700
:108AD00045D401231598234000283ED0002B3ED0DA
:108AE000039B002B02D10C331C4202D0159B013B8F
:108AF00015930A0030232AE0102DE7D1AC43E5E7B7
:108B00006123A20600D541230E000027DBB20A3BF9
:108B1000059329003000F9F745F9059BCAB2D3182F
:108B20008446DBB2092901D83032D3B2082004AA26
:108B30001218791CD355B542C8D82029C6D00F00C9
:108B40006646E6E7082604A8801983540132159882
:108B5000904204D9202AF5D101E0002BC9D130235D
:108B600004E0082604A88019835401321498904226
:108B700001D9202AF5D1082D03D1914201D2102329
:108B80009C432C4B1C423AD0230522D4002A20D0EF
:108B9000149B934202D0159B93421AD1914202D268
:108BA000013A002A15D0244BEB40DB071FD5914238
:108BB0003DD2013A102D12D1A3062CD4202A10D177
:108BC0002022159B0498009406A9FFF743FF0FB0DD
:108BD000F0BD102DF0D0022D09D1202AF0D0622353
:108BE00000E07823082004A909188B540132202AB8
:108BF000E6D00820302304A909188B540132202A1A
:108C0000DED0039B002B0AD02D23082004A90918CD
:108C10008B540132D5E75823202AE3D1D0E76307EC
:108C200001D52B23F1E72307CBD52023EDE7102D2A
:108C3000D3D1C1E710200000040001007FB5074B2D
:108C40000A0001930023029303930493044B010051
:108C500001A8059306F06CF907B000BD815800002B
:108C6000FFFFFF7F13B56B46DC1D002301000122CF
:108C700020002370FDF76EF8207816BDF8B51400BB
:108C8000D31D6A46DB08DB00D31A00AF9D46050002
:108C9000220068460E00FDF75DF8220069462800B4
:108CA000F8F7D6FF002804D0220031002800FEF794
:108CB00021FEBD46F8BD37B50D000400FFF7D2FF19
:108CC000A84206D06B460122D81D21000570FEF790
:108CD00011FE37BDF0B50379070089B0002B00D134
:108CE000E6E10121FCF770FD0022B84B05001A8077
:108CF000B74B1A707B7993420BD005F0D3FFB54B7D
:108D00001860B54B1B78013B012B02D80122B34BF5
:108D10001A70B34B1A78002A0ED02C2D00D1A5E181
:108D2000B04A954200D100E2AF4A954200D1FCE141
:108D3000E02D18D000221A70AC4A954200D118E2FA
:108D400045D8A84A954200D1EFE12CD8E72D00D1B3
:108D5000BBE10BD8652D00D1C0E1E32D00D1ABE123
:108D60002C2D00D182E1390028008EE1A423DB0103
:108D70009D4200D1E2E19E4B9D42F4D17B79002BD4
:108D800000D0B0E09B4B3A889A4200D0ABE09A4BBF
:108D90001A79012A00D1A6E001221A7100225A7123
:108DA000964B0332DCE1904B9D4200D1BDE1944BE8
:108DB000EB189BB2032BD6D8924BE8187B7902288C
:108DC00000D993E1F9F72AF99A01A201AB018E4A81
:108DD000A81882B20E2AC6D80E28C4D8F9F714F9FA
:108DE0000F002B0040005B006E00B800C400E000E4
:108DF0003A01C3FFC3FFC3FFC3FFD501EA017A797C
:108E0000824B002A12D001241C70FBF73BFD7A4BE9
:108E10001A78A2420BD000201C70FCF739FDFBF73A
:108E20009BFD7B4B1C7005F03DFF00E01A70794BF9
:108E300000221A8057E07A79774B002AF6D0012277
:108E40001A70FBF71FFD6C4B1A78002A02D15A7872
:108E5000012AECD00124002220001A705C70DCE7AB
:108E60007A796E4B002AE1D001221A70FBF70AFDD5
:108E7000614B1A78002A02D15A78022AD7D00022F0
:108E800002201A705870FCF703FDFBF765FD012204
:108E90005F4B1A70C7E77A79614B002AC6D001226E
:108EA0001A70FBF7EFFC544B1A78002A02D15A785B
:108EB000032ABCD0002203201A70E3E77B79002B41
:108EC00011D04D4B1A78022A0DD0022208201A70B8
:108ED000FCF7DEFCFCF7B0FFFBF73EFD00224C4B3D
:108EE0001A7005F0DFFE7C79002C00D111E24D4BA9
:108EF000EB189BB27F2B01D900F039FEEDB20F2D9C
:108F000000D9C7E00121912007AA05F0D1FB04ABED
:108F10001C7B002C00D0BDE0002D00D060E10126BC
:108F2000079407A8FCF77AFF002800D1B2E00128D7
:108F300000D0A6E107A8FCF771FF04000138032860
:108F400000D962E1F9F76AF85C0168016E01740109
:108F50007B793549354A002B04D001230B7000235F
:108F60001370C0E70B70FBE77A79002ABBD1224B64
:108F700018795979012805D10129B4D15A71FBF723
:108F8000EBFCB0E70029F9D10122E3205A71FDF78B
:108F900063FEE720FDF760FE6520FDF75DFEEEE76E
:108FA0007B79002B9FD0224C23787F2B42D9FEF770
:108FB000CDFE7F2223781340002223700E4BDA70FF
:108FC000FBF7CAFC0D4B03221A708CE7D82D00204A
:108FD000D72D002060190020171A00205C190020EE
:108FE0005B1900202252000023520000037C000085
:108FF00001520000020300000C1100205A19002049
:10900000B787FFFFB687FFFF0082FFFFCC2D002050
:10901000C82D0020CE2D0020CB2D0020CA2D0020F1
:10902000C92D00200089FFFF151A0020141A002006
:109030006A190020DB090BD1FEF788FE8023227815
:109040005B42134301222370C14BDA70FBF784FCAF
:10905000C04BB8E77A79002A00D044E71A78002A92
:1090600000D040E701211970BB4BADE779790029A9
:1090700009D11B78002B06D0B74A13780133DBB235
:10908000032B17D8137039002C20FFF799F800280C
:1090900000D028E7B14B1B785B0709D07B79002B08
:1090A00006D0AF4B5B785B0702D50220FCF746F990
:1090B00009B0F0BD1170E6E7A54B5B79002B01D03C
:1090C00000237B713900E320DFE7A14B5B79002BA4
:1090D00001D000237B713900E720D6E79C4B5B79F8
:1090E000002B00D1FFE600237B71FCE6002B00D0B3
:1090F000F9E69C4BDB78C72BAAD8F4E6002B00D00E
:10910000F1E6984BDB78002BA2D0ECE6002B00D0E8
:10911000E9E6944B1B79FF2B00D0E4E698E7002B9F
:1091200000D0E0E68F4B1B79EDE77B79002B02D076
:1091300001228D4B48E700228B4B45E77B79002BC2
:1091400000D0D0E6894B3A889A4200D0CBE6804BDB
:109150001A79002A00D1C6E600221A71844B013226
:109160001A70E220FDF778FDE320FDF775FDE6209B
:109170000DE77A797F4B002A05D001221A7000236F
:109180007B717D4B54E61A70FBE77B79002B00D195
:10919000A9E67A4B1C681E68FBF75CFCE1046C4C8A
:1091A000B60424780300F20FC90F0094744807F046
:1091B000EFFD98E67979002900D094E6644B012010
:1091C0001C796B4A002C06D118715C710323137053
:1091D000FCF728F8C5E719711070FCF72FF8C0E705
:1091E000922C00D156E72000012107AA05F060FA71
:1091F00004AB1B7B0134002BF2D1013DEDB28BE6B9
:1092000007A8FCF70BFEFEF73FFF300006F0B2F8B0
:10921000002C00D085E63DE707A8FCF7FFFDFEF730
:1092200047FEF2E707A8FCF7F9FDFDF761FDECE763
:1092300007A8FCF7F3FD002504000422514B1B5D39
:10924000134215D10120002D0FD0FA2200239200E5
:109250002800E917F8F796FE00234B4A8018594179
:10926000FA2200239200F8F73BFF06F083F8CCE7E0
:109270000A2307A85D43FCF7D1FD303C65190400C3
:10928000DBE70722414B1B5C0393C3081040404AB5
:10929000DBB2D25C02411100314004913D49C95C0E
:1092A000014131400D003C49CC5C04413440324224
:1092B00005D0E120FEF774FD300006F05BF8002DCC
:1092C00005D0E620FEF76CFD300006F053F8039859
:1092D0000021FEF7CBFE300006F04CF8002D05D043
:1092E000E620FDF7B9FC300006F044F8049B002BA3
:1092F00005D0E120FDF7B0FC300006F03BF8002C73
:1093000000D10EE62C20FEF7BFFE300006F032F84A
:1093100007E6224BE818062801D900F01BFCF8F7F5
:1093200069FE0E12040B3F4347002623E122110081
:10933000200007F093F9ADE62723E522F7E726237F
:10934000E122E021F4E72723E522E421F0E7C0460B
:109350000C1100205919002058190020681900200C
:109360006A190020E01D00205719002001030000A9
:109370005A190020C42D0020C62D002000040048EA
:10938000F40F0100B10D0100E70300000E1301000E
:10939000FE120100EE120100EE120100E883FFFF51
:1093A0002623E122E221C3E72723E522E621BFE7C6
:1093B00028230122E521BBE70123227813432370F0
:1093C00004202188FEF738FBFEF7C0FC62E6082384
:1093D000627813432CE002232278EFE704232278FB
:1093E000ECE708232278E9E701236278F1E702231A
:1093F0006278EEE710232278E0E720232278DDE789
:1094000040232278DAE7FEF7A1FC802322785B4232
:10941000D4E70C2322789A43D0E7032362789A4357
:10942000D7E7012223789343C9E70822637893435F
:109430006370C5E702222378F5E704222378F2E778
:1094400008222378EFE701226378F0E702226378AD
:10945000EDE710222378E6E720222378E3E7402295
:109460002378E0E7FEF772FC7F2223781340A6E71B
:109470000C222378D7E703226378D8E7012204205F
:1094800023785907C90F8A43910083430B4308216E
:10949000D2008B4392E7012108006378DA07D20FEC
:1094A000904302228B430343410093430B43BFE7A6
:1094B000012223785906C90F8A4392014021E8E727
:1094C000FEF744FC01222378D9094A407F21D201CA
:1094D0000B4073E701210E20FFF7EDFB70E7002141
:1094E000F9E701222378D906C90F8A431201102116
:1094F000CFE7012108002378DA07D20F904302005A
:10950000C7E7012263781907C90F8A430821D200EF
:109510008B435EE755221B7893431900481E814117
:10952000AB4A35201170002B00D10C3805F098FAA9
:10953000FCF756FAAEE5012004F050FFAAE5002B37
:1095400033D004F0ADFFA5E5002B33D004F0DAFFF3
:10955000A0E5002B33D004F0F5FF9BE5002B33D0C2
:1095600005F014F896E5002B33D005F031F891E5BD
:109570002222984B1B781340974AA8180E2835D8FA
:10958000F8F72EFD080ED9DD11E216E71BEC20F1ED
:10959000252A2F0004F032FF012003F01BFE79E59D
:1095A00004F040FFF8E7002BCBD004F06BFF71E52F
:1095B000002BCBD004F09AFF6CE5002BCBD004F04D
:1095C000AFFF67E5002BCBD004F0CEFF62E5002BA8
:1095D000CBD004F0EDFF5DE5002B04D005F01AF8C8
:1095E00058E5002BFAD005F003F853E57B4B9D427C
:1095F00015D07B4B9D421DD07A4BEB189BB21F2B95
:109600001DD8002C2AD11F2301342B409C40E4B2EA
:1096100021000320FFF74FFB734B1C703AE501203C
:10962000002C09D0FBF7FEFD032202210120FBF7ED
:109630005BFE2FE50220F3E7FBF700FEF4E7002CCA
:109640002BD06A4B9D421CD0694B9D4210D0694B78
:1096500001209D4212D0684B9D421AD0674B9D421B
:1096600011D0033B9D4218D1FEF770FBFCF796FB2F
:10967000634B587801234007C00F5840FEF7ECF9C0
:1096800008E50020FAE7FCF7B5FD00205D49FEF78C
:10969000D3F9FEF75BFBFEF709FB3B8806AD2B8099
:1096A0000698002C5AD0FCF767F8040001000698D1
:1096B000FBF7D0FD2A8807AB1A8020000799FBF73B
:1096C00023FDFBF775FF0022BB797D791B0903930E
:1096D0004D4B041C05931B7804925B072BD004951B
:1096E000954228D023041B0E19000F3291434029C4
:1096F00010D0C1B20A0000202032D2B20490072A52
:1097000019D91F229343202B04D1012913D9039B7C
:10971000834210D000223A4B04925B785B070AD553
:109720000220FBF70BFE0722059B1B7813405A42D1
:109730005341DBB204932304180F0B2800D989E0AE
:10974000F8F76CFC1000100066006600DF00F30004
:1097500088008800FE006B017E017E01FBF7A2FD00
:109760000400A7E726052304360F1B0E0F2B00D994
:109770003601E4B2002D13D0002E0DD0230020338B
:10978000DBB2072B02D9214A002C00D1114A1378F1
:1097900033431370FCF724F92000FEF789FB59E0EE
:1097A0002000FDF7A5FA002E54D023002033DBB2B1
:1097B000072B01D9002C03D13000FBF711FE03E089
:1097C000124A1378B3431370FCF70AF942E0C0461B
:1097D00065190020521A0020C087FFFF777C000027
:1097E000787C000020ADFFFF501A00205B7C000059
:1097F0005C7C00005A7C0000017C0000037C0000BF
:109800006A190020FFFF0000681900206C19002071
:109810000F22230426051B0E360F9343202B00D066
:109820003601E4B2002C07D0012C52D0039B002D4E
:109830005BD0002B2CD0AFE7B34B5B785B0722D417
:10984000002D05D0002E05D0B04A13783343BAE777
:10985000002EB1D1049B002B00D19CE0059B187811
:10986000012302001A40184200D094E07A71C00827
:10987000FBF7D8FC3800FFF72DFA059B1878C008D5
:10988000FBF7DCFC87E0039B002D11D0002B03D1FC
:109890003000FCF7FBF8DDE7039B012BDAD19C4A93
:1098A00013781900334331408E42D3D01370D1E77F
:1098B000002BCFD13000FCF7E1F8954A1378334202
:1098C00001D0B3431370934A13783342C2D0B343E9
:1098D000ECE7039B002D02D0052BBBD8D8E7042B67
:1098E000B8D83000FCF7CAF8B4E7002BF9D0502004
:1098F000392C00D0012005F03DFD2000FDF7F8F9DE
:10990000A8E72005800F09D00128A3D100208542B7
:1099100001D0A005800D05F089F89BE7002D01D04E
:10992000A005800D05F068F894E7E0B2002D04D0A2
:1099300004F04AFF05F0E6F98CE704F09BFFF9E735
:1099400023049B019B0F32D1002D22D1102023062E
:109950005B0F9B002107DBB2090F99400200C9B2DF
:109960002240204203D00F229A40D243D2B2240593
:109970006948A40F022C14D0032C16D0012C04D05B
:1099800003780A431A40027003E003780B43134341
:10999000037005F021F800213800FBF715FFFFF7F1
:1099A00087FB03780A435A40EDE70A43EBE7A30538
:1099B0009B0FDAB2002D21D0DB07EAD52206520F29
:1099C00092002007D2B2000F9040C1B210200300D5
:1099D0002340204203D00F239340DB43DBB2240516
:1099E000A40F022C11D0032C14D04C4A012C08D007
:1099F00010780B431840FBF703FCCAE7012AC8D9CB
:109A0000DCE7107808431843F5E7444A0B43107825
:109A10005840F0E719430800EDE7E6B22405240FAB
:109A2000002D06D02000FBF7FDFB3000FCF72EF8E0
:109A3000AFE73000FCF722F82000FBF7FFFBA8E7B8
:109A4000E6B23000F038042843D8F8F7D3FA0326FA
:109A5000141B2200039B002D0AD0042B99D801204F
:109A6000E404E40EA0402D4B1B785840C0B2C2E77E
:109A7000052B8ED8F3E7E004C00E002DDDD1FBF7F7
:109A8000D1FB86E7281EB6D00120E404E40EA040F6
:109A9000ECE71D4B5B785A0704D4E004C00E002DA0
:109AA000CBD0ECE7002D09D0E004C00E5B07E6D573
:109AB0000323C2001343059A1370E0E70120FBF76C
:109AC0003DFC039B012B00D863E70220FBF736FC2B
:109AD0005FE7039B002D08D0002B03D03000FEF77A
:109AE000E7F956E7E004C00EC9E7002B09D0502083
:109AF000392E00D0012005F03DFC3000FDF7F8F8CC
:109B000047E7E004C00E98E76A190020521A0020C7
:109B10006619002067190020501A0020511A0020F1
:109B2000314A324B954200D1F4E422221B78134093
:109B30002F4AA8180A2800D958E5F8F765FAFCFC5E
:109B400000FD34FD05FD39FD0AFD3EFD0FFD43FD21
:109B500014FD48FD244B9D4200D009E5254B3520DE
:109B60001B78002B00D10C3804F0B0FFE0E4224B4E
:109B7000E818062801D8FFF7D2FB00221F4B1A7005
:109B80001F4BEB189BB2222BCAD80420FCF7FAF823
:109B90001C4C1D4B2080E818212801D9FFF70CFC34
:109BA000F8F732FA3FFCA7FC48FC19FC1CFC4BFC04
:109BB0001FFC4EFC57FC28FC9FFC2BFC5AFC2EFC87
:109BC0005DFC86FC31FC60FC8EFC37FC66FC6CFCAA
:109BD00022FC51FC25FC54FC3BFC69FC79FC98FC04
:109BE0009DFC15FC43FCAFFC167C0000521A0020C3
:109BF000E087FFFF65190020E883FFFF641900205C
:109C00000090FFFF6A190020FF8FFFFFF8B51A4888
:109C100083790F2B2BD84379002B28D0174B05883D
:109C20001A78174B46881C7807239C46154FA2428A
:109C30001DD0D300DB191979002919D01988A94240
:109C400016D15979002913D15988891B89B2C7299E
:109C50000ED80F241021827922400A4382719A790A
:109C6000224011439971FFF735F8FBF757FBF8BD18
:109C7000634601321A40DAE7B01900206E1900205D
:109C80006D19002070190020F0B5040087B006227D
:109C9000010002A8F7F774FE774E657933792279CF
:109CA0000193002B13D1002A0FD0002D00D1DEE04C
:109CB0002000FBF7B3FD002800D1D8E008222100E6
:109CC0003000F7F75DFEFFF7A1FF012543E0737950
:109CD0006788009373880099FB1A9BB2002900D112
:109CE0009FE0C72B67D8002AEFD0B379328821884C
:109CF0000F2B52D891420DD1002D49D10F22134084
:109D0000013213433000B371FEF7E4FFB379A3715E
:109D1000002520E0002D3BD1267867782A00390005
:109D2000300006F0E7FE2A003900300006F0E2FEBF
:109D3000051EEDD10298FBF761FDC3B200040F21AF
:109D4000020F032A0AD8012A11D9000E014213D0AA
:109D5000A2790F2A10D8280007B0F0BD06320A40B9
:109D6000012A0ED92000FEF7B5FF009DF3E7000E93
:109D7000014201D0002BEED02033DBB2072BEAD911
:109D8000F0E7EF2BE7D90F33DBB2022BE3D9E9E79A
:109D90000123B2791343B371BAE791422AD1002D5E
:109DA00028D1A3712000FEF795FF08222100300082
:109DB000F7F7E6FD89E7B3790F2B08D83000FEF7F7
:109DC00089FF082200213000F7F7EEFEA0E7002A05
:109DD00000D17AE73188228891420BD1002D09D138
:109DE0002000A371FEF776FF082229003000F7F764
:109DF000DBFE6AE72000FBF711FD002837D0002DBD
:109E000035D0B3791F2B00D858E7328804A80280D8
:109E1000019A47800271002283714271FEF75AFF56
:109E20004CE7C72BCDD8002A00D14EE7002D1ED01D
:109E3000328823889A4210D1B379DA07B5D40F2B30
:109E4000B3D90F21A3718B43F02BABD0A3791A099F
:109E5000013212010B401343A3E72000FBF7DEFCA5
:109E6000002800D02AE70123B2791343B371200000
:109E7000FEF730FF29E7C046B0190020F0B50D0A03
:109E80008BB0EDB202AA02905160002D02D00021E9
:109E90002F4B1970002302A9CB81029B04AC0493C1
:109EA0001679002E09D00121200026716571FBF77B
:109EB0008BFC01212000FBF787FC657106AD2100BA
:109EC000082228002671F7F75BFD2800FFF7DCFE6B
:109ED000041E1DD11F4B204F00931B780822290020
:109EE00008A801933E78F7F74BFD2B79002B0FD094
:109EF0000723751C1D40019B9D4212D01748F60098
:109F00000822801908A9F7F73BFD3D70FBF706FA18
:109F10000725104C104B20781B7883420CD10BB0D6
:109F2000F0BDFDF713FF009B082221000C483C7098
:109F30001C70F7F739FEEBE7084BC000C018FFF7BD
:109F4000A3FE0028EBD0237801332B402370E0E7F9
:109F50006C1900206E1900206D1900207019002066
:109F6000B0190020F7B504F09DFE094E84B2338885
:109F7000A3420BD06D4600272F8004F093FEAF80E4
:109F8000688000980199FFF779FF3480F7BDC046DB
:109F9000001900201FB50124FCF72CF900201A49F4
:109FA000FDF74AFD00210220FEF785FE174B210038
:109FB00003201C70FEF77FFEA42104204901FDF759
:109FC0003BFD04F047FB21000F20FDF75DFD102253
:109FD00000216846F7F7E8FD220068462521FEF7D4
:109FE0004DFE04211320FDF74FFD1022002168468D
:109FF000F7F7DAFD042226216846FEF73FFE04F05B
:10A00000C3FC04F019FB1FBDE3FE0000501A002042
:10A010007FB52A4A030CDBB2D45C050AEDB22300FB
:10A0200021000190002D2DD0062001AB1E78FF21CC
:10A030007043F7F7BBFE5522524242437600B218F6
:10A0400003265643FF21F6B232008E1B4B1B6A4398
:10A05000754312122D128A1A491B634362436143EE
:10A060001B1212120912DBB2D2B2C9B2062820D8D2
:10A07000F7F7C0FF040613161A1F040022000C0095
:10A0800021001400FF22200011401040090213405B
:10A090001B040843184304B070BD1A000B00EFE71F
:10A0A00011001A002300EAE722001C0013000A0036
:10A0B000E6E7110022001C00F0E7C0467010010026
:10A0C0000023F0B599B0079372B6E94D03332A69BE
:10A0D000E84C134380222B61236852021343236010
:10A0E0000123216880200B4380211026236049032F
:10A0F000800323680B4202D023680342F9D023680F
:10A10000134202D023689B03F3D52368334202D065
:10A1100023689B06EDD52368DB0702D523689B07E0
:10A12000E7D5236EDB0702D5236E9B07E1D5236EAF
:10A13000DB0502D5236E9B05DBD56368CE4ACF4E87
:10A14000134063606368CE4A1340636063680193A1
:10A15000A368A7680293A368E2680393120AC94B35
:10A16000D2B25343C84A93420CD9C84A5B08136021
:10A1700004F0BAFE802362681B013240134363601F
:10A1800004F09CFE07220321636893430B43636042
:10A190006368BF493340636063680B406360606815
:10A1A000C0081040022800D1FFE2032800D136E3A6
:10A1B000013843425841B74B40421840C018B64B93
:10A1C000186063681B051B0F0B2B00D829E30600E2
:10A1D00063685B055B0F0233DE40E022AB4BD201CC
:10A1E0001E6061683300114206D0320063689B0430
:10A1F0009B0F0133DA401300A84AA2491360236879
:10A20000A74A13402360F7F747FDE768A54B000214
:10A210001F40A54B0743E7609E4200D80BE3032392
:10A220002A6913432B612368A04A01251340102299
:10A230002360236893432360236E9D4A1340236663
:10A24000236EAB43236604F04FFE8023E26B5B0278
:10A250001343E3638023E26B9B021343E363802396
:10A26000E26BDB021343E3638023E26B1B031343C4
:10A27000E3638023E26BDB011343E36362B68D4B40
:10A280008D4A00265A6104228C4C31001A828C4877
:10A2900034321D705E60DE602570F7F785FC894BF7
:10A2A000894A666015701A00B832157040221A8506
:10A2B000B4331A80854BA660E360FBF7EFFDFBF734
:10A2C0004BFE834B1B78B34201D1FDF7F1FBFBF74B
:10A2D0009FFFFCF787F8FBF717FCFAF7F7FAFCF794
:10A2E000E9F87C4B1B78022B00D0B7E2FAF7B6FAFC
:10A2F0000022794B1A70012400223C21774B7848C8
:10A300001C70784B1A70784B1980C02377491B0456
:10A310000D6A05402B43C0250B620B6A2D061B02FC
:10A320001B0A2B430B62724B724D1A70724B1C70DE
:10A33000724B1A70724B5D60724D1D60724B734DA3
:10A340001D60734D5D60734B734D9A621D630D6AA2
:10A35000284008629A601B605B60DA626F499A83EA
:10A360001961596101219D8B4942280099611100B1
:10A37000186259628031D963996569496948D96021
:10A38000190048310C80684D684905600800684D27
:10A390000830C5670800883002600800654D9430B9
:10A3A00005600800A030046008000225AC3005807C
:10A3B0000800A830DA655A651A6503605B640B0013
:10A3C000BC331C600B005C48B833B4311A600A60BF
:10A3D00005F01EF962B6594B2000DC7006F0AEFBAA
:10A3E000574B584A1A603A4B1B78002B01D1FDF7A6
:10A3F0005FFB102200215448F7F7D6FB0022902182
:10A4000001268C461100514B1A70514B1A70514B5A
:10A4100067461800DC6F574301944E4C9D6FE71957
:10A42000019C5C30D8640434181DC06F1B605B60F5
:10A430001E72FD6027006F435861C719186158628A
:10A4400045489F61DC611D629962D96218635B6354
:10A4500072B61800743000781C6F09308000241820
:10A46000180088306360017062B60132903375E085
:10A470000020024000100240FFFFFF8FFFF0FFFFAF
:10A48000FFFFFFF040420F00FF6BDC02741500205D
:10A49000FF8FFFFF00093D0070150020F023002012
:10A4A000FFFFFFFEFF00FFFF3FE45904FFFFEFFF48
:10A4B000FFFEFFFF78150020000800403017002045
:10A4C0005C170020A0150020CC15002070110100A1
:10A4D000EA2300200C110020C82D002012110020BA
:10A4E000FFFF00FF212E00200A11002000ED00E0F8
:10A4F000D12D00203F190100DE2D0020632E002009
:10A5000010E000E007000100E0160020F830002015
:10A51000004000209818002094110100A818002085
:10A52000CC1800204C1300201C130020A81200207F
:10A53000A5CA0000B901000040130020041100204A
:10A54000A40E0020795800001C1700202D170020B1
:10A550002C170020C80E002097CD0000032A00D041
:10A5600056E7C64BC64AD86F9D6F043004006C4353
:10A570001A651A1DD26F1B6014195A611A615A624A
:10A58000C04A5B601E72D9609C61D8611D6299628D
:10A59000D9621A635B6372B61A0074321278186F4C
:10A5A0001132920013508433197062B6B64DAB78F5
:10A5B000B343AB7072B6B54C2378012B07D0802221
:10A5C000B34B1206DA67BFF34F8FBFF36F8F0023D1
:10A5D00001222600636022700193F768002F0FD0DC
:10A5E0007869002804D002210C30494205F0D8F8DF
:10A5F000B869002804D002210C30494205F0D0F897
:10A600000027019BF760013301930436082BE4D146
:10A6100004F03AFB62B6322004F0ACFE72B69D4BF9
:10A62000202239009C486360F7F7BEFA2378012B9B
:10A630003DD104F0E1FA994A0F970F9B934200D85D
:10A640000FE17F26964B97491B6808683340034308
:10A650000B609549954B1B78087895490E783343E4
:10A660000B7094490B7803430B7000230F930F9BDF
:10A67000934200D8F9E02F238F4AC02011680006CA
:10A680000B4313601F238D4A11780B4313701E2355
:10A690008B4A11780B43C72113708A4A890053589B
:10A6A0001B021B0A0343535080231B061360022323
:10A6B000237062B6AA78013B13433220AB7004F0DA
:10A6C00059FE72B604F046FA00257F4B18607F4BA6
:10A6D0001D607F4B1D6062B67E4C256072B623689C
:10A6E000AB4202D0200004F0A1FA80217A4B200076
:10A6F00009022561E360656104F0E6FD62B604F0DD
:10A7000065F904F02BF9002801D104F03DF900248B
:10A7100020000134E4B2FEF773F9102CF8D10F25B4
:10A7200001276E4C6E4E2068431C09D072B60300A0
:10A7300039002B4099402022A84304F03AFB62B62E
:10A740000434A642EFD1674D0C2200212800F7F710
:10A750002BFA0C2200216448F7F726FA0020FBF7B9
:10A7600011FB624B984200D182E0FFF713FC0220FC
:10A77000FEF778FA5E4B18700420FBF703FB5D4C84
:10A78000208005F0B5FF0A2004F0F4FD05F0B0FFCD
:10A790002B8801252B4200D1B6E0FBF72BFD0020D2
:10A7A0005549FDF749F9FBF7F9FA7800400BF9F73D
:10A7B00061FEFB2300229B05F8F7F2FE029B0600D8
:10A7C0001809C0B20F00F9F755FE02000B00300067
:10A7D0003900F7F7ADFF019B0F001903090F0600C1
:10A7E00001314648F7F758FAF9F744FE02000B002A
:10A7F00030003900F8F7D4FE032206000120039B45
:10A800000F0013409B189840F9F706FE02000B005A
:10A8100030003900F8F7A6FBF7F782FCCFE43748A1
:10A82000CDE4636806001B0500D4D6E463685B05CD
:10A830005B0F0133D0E4324B9E4204D903232A69D3
:10A840009A43013BEDE42F4B03219E4203D92A6931
:10A8500001238A43E5E42B698B43E3E4FAF712F81A
:10A8600049E50F9B01330F93E7E60F9B0133FDE6AC
:10A8700004F074F8002800D079E776E77C10002017
:10A88000D810002097CB000000380240301700207D
:10A8900004E100E0A01101003C1700200E27000099
:10A8A000B0380240B438024092380240903802403A
:10A8B0009438024096380240A03802408038024066
:10A8C0008238024000E100E0F0160020EC16002083
:10A8D000E8160020F4160020F9F20000B011010083
:10A8E000C8110100B61700200C170020E3FE00007D
:10A8F000CE1700206A190020FFFF0000006CDC0268
:10A900003FAEEB023F787D010320FEF7ABF9844BAD
:10A91000844E187033781843031E01D003112B4066
:10A920000027814A1370FBF773FC804B1022FF2134
:10A930007F481F70F7F738F97E4B1022FF217E48C1
:10A940001F70F7F731F97D4D082217212800FBF71A
:10A9500001FA7B4B1F702B78032B01D803F07AFE92
:10A9600004F0A0F9774B784A1860784B78491B6857
:10A970009B06DB0F1370CA782378D809904206D063
:10A98000501E82417F20D2010340134323700B7974
:10A99000002B07D03078FAF725FC012802D00120DF
:10A9A000FAF740FC00246B4B1C606B4B1C706B4B2C
:10A9B0001C806B4B1C706B4B1C806B4B1C806B4B5F
:10A9C0001C706B4B1C805C809C80DC80694B1C7015
:10A9D000694B1C70694B1C70694B1C70694B1C7077
:10A9E000694B1C70694B1C70694B1C70694B1C6077
:10A9F000694B1C70FAF78CFA684B694A1C60694B0A
:10AA00001C60694B1C70694B1C60694B1C60694B76
:10AA10001C70694B1A600122684B1A70FAF7DEFA53
:10AA2000FAF7DCFA664B674A1C70674B21001C7012
:10AA3000664B11201C70664B14701C7054705C7057
:10AA400094709C70D470DC7003F0FCFC6A222300CC
:10AA5000A978687803F034FD1C2320002B7102F0E4
:10AA6000B9FB5C4B5C4A1A6000245C4B5C4A197869
:10AA70005C4D1378994200D1CAE00F24E85C0133A1
:10AA800023400E3C0528F5D8F7F7AAFA40F4333AEC
:10AA9000030D137001220320534B1A70534BD870CF
:10AAA00006F04CF8E0E7002413704F4B1C70504B3D
:10AAB0001C70504B1C7004F033F8062221004E48E5
:10AAC000F7F772F84D4B20001C704D4B1C704D4B2E
:10AAD0001C7003F091FF200003F0A8FF03F07CFF3F
:10AAE000494B1C70494B1878431E984101303F4B2D
:10AAF000D5E71370454B1B78002BF8D10120F6E702
:10AB000013700122394B1000DA70C9E70125374C68
:10AB100028001370E57006F011F82800A570BFE753
:10AB2000501A0020511A0020571900200618002042
:10AB30001F180020DD170020F6170020E01D002060
:10AB40003418002060190020F81800200008004880
:10AB50000C1100204C1A0020481A0020BC190020BB
:10AB6000BA190020B81900203C1A00203E1A002013
:10AB7000401A0020BF190020C01900203A1A0020F6
:10AB8000201A00201D1A00201C1A00201F1A002065
:10AB90001E1A0020C4190020A51A0020A81A00209F
:10ABA000E57E0000801A0020A41A0020C41C0020AA
:10ABB000C01C0020BE19002018170020A61A002073
:10ABC000531A0020771A0020541A0020761A002009
:10ABD0007B1A0020FC280020A80E00202D17002042
:10ABE0002C1700201C170020B4170020041100208F
:10ABF000521A00206C190020511900205019002011
:10AC00004F1900204E190020DC170020AF1700203C
:10AC1000002C00D0117005F06BFD0023C94ACA4C0E
:10AC2000D05AE15A0A2B00D1A9E002338842F7D06A
:10AC3000C64B0592029300230193019BC24A5B001D
:10AC4000D35A0493059B049A1B88934200D186E053
:10AC50006A46127900260A92049A5A40019B099288
:10AC60001A01BB4BD3180B9301230393039B099A3F
:10AC700013426AD0049A134006930123B340089309
:10AC8000029B089A1B881A4210D10A9B10AC637071
:10AC9000267004F007F801232371069B60805A1E7A
:10ACA0009341637110981199FFF7E8F80024069B0F
:10ACB000A34205D10B9B9B5DFF2B01D00793013471
:10ACC000A44F3B781B19082B1DDD0823611C1D1B9D
:10ACD0002A00C919A048F6F753FE210009312A00BD
:10ACE000C9199E48F6F74CFE610019316A00C9196E
:10ACF0009B48F6F745FE210011312A009948C919F1
:10AD0000F6F73EFE3D70002C16D007989149904B07
:10AD1000303040000A78C55C1B185B788C18637271
:10AD2000079B0020637413000C335B00CB180132C7
:10AD30006570587098700A70069B002B05D1029BB5
:10AD4000089A1B889343029A1380039B01365B0089
:10AD50009BB20393102E89D1059B049A1A80019B04
:10AD600001330193059B02330593029B0233029347
:10AD7000019B062B00D060E703F094FF04E08842BB
:10AD800000D055E7FFF7EEF8774C0027266803F070
:10AD900089FF831B0500019303F084FF20600100FD
:10ADA00038006C4B1B789C461C00704BF618761BC9
:10ADB000C3B29C4511D8002F01D0664B1C706C4D5E
:10ADC0006C4F2C783E78032C00D9BAE12000F7F7BD
:10ADD00025F91F0039003F054C0503005D4A0C337F
:10ADE0005B00D218937855781B022B439E4204D205
:10ADF0000127013CE4B20130DAE7019D5B199DB205
:10AE00000295FF252B405370029B1D0A9570F2E7B7
:10AE10000022594B59481A70594B293219604D4933
:10AE2000F6F7AEFD574B1B78002B07D1564B03228C
:10AE30001B781C001440134200D09C0801233C7076
:10AE40002B707EE1300002F041FD002E00D178E150
:10AE5000494B18780138C0B202F0E2FA4B4A0DAB08
:10AE600012781880002A21D1494B1B78002B00D181
:10AE7000E2E00024002320001A001900013402F04F
:10AE8000B1F9402CF6D1434C2378182B00D9CDE0F2
:10AE90000023C8211A00012002F0A4F92378312BE5
:10AEA00000D8DBE000223B4B1A70D7E01A780592FD
:10AEB0005B780693384B1B781C1C042B00D90424A8
:10AEC00003F0F0FE06230134E4B21B1B80B21841EC
:10AED0006B46002701901B7902935B00DBB2049361
:10AEE0000393FAB2130005993D33DBB2994200D9BE
:10AEF0008CE00699994200D888E02848284B0078D1
:10AF00002849013800241B780978042853D8F7F71A
:10AF100071F8030F4B865100552042430298039C61
:10AF20008218D0B2120646D5FF24241A640007E026
:10AF300055205043AA2400063DD4013CFF3C544315
:10AF4000E4B238E0D0170020B6170020C217002066
:10AF500000140100DD170020DE170020E617002096
:10AF6000F6170020EE17002030180020FFFF000029
:10AF7000C50E00203C180020C00E0020061800203E
:10AF800038180020DC170020E01D00209218002057
:10AF9000F8280020E02D00207910002093180020D0
:10AFA00091180020781000200298C31855204243C1
:10AFB0009B18DBB2FF240EAA1370517094700E9888
:10AFC000FFF726F810AB18700400050400022D0EE0
:10AFD000000E5D709870174BC0B21E78C821704388
:10AFE000F6F7E4FEC3B2E8B2C82170430893F6F75F
:10AFF000DDFEC5B2E0B2C8217043F6F7D7FEC1B29C
:10B0000038002A00089B3D3002F0ECF8039B013722
:10B01000563BDBB20393032F00D062E724E7019A8B
:10B02000049C1206C7D5019AD4437FE700231A0077
:10B03000190030E77A100020C24B1878002800D1A0
:10B0400008E2C14B1B78022B00D9FFE1BF4AD05C5C
:10B05000BF4AD15CBF4AD25CF9F7ECFCBE4B1B780F
:10B06000002B30D1B74B1B78002B2CD1BB4B1D785C
:10B07000BB4B1C78042C00D1B8E3002D00D05BE35F
:10B08000002C00D1CFE3012C00D1CFE3023C012CF6
:10B0900000D8CBE3B34A0EAB52781A70FF225A7035
:10B0A000373A9A700E98FEF7B3FF0204030210A914
:10B0B000120E1B0E08704A708B70D2B2C1B2DBB296
:10B0C0003A2002F08FF8A84B1B78002B39D1A74B00
:10B0D0001B78002B35D1A04B1B78002B31D1994B1D
:10B0E0001C78002C2DD19F4BA14E5B780193A14B76
:10B0F00035881F5D002D00D1A6E303F0D3FD401B72
:10B1000080B2C72800D99AE3019A0EAB1A70FF22C9
:10B110005A70373A101A98700E98FEF779FF0204A9
:10B12000030210A9120E1B0E4A708B700870DBB25E
:10B13000D2B2C1B23800013402F054F80236242CE5
:10B14000D5D18D4C0622210010A8F6F719FC6378A2
:10B15000042604930223E356052702930323E356B0
:10B16000A65701930023E757019AA370E370237158
:10B170006371029B134340D0804B1D8803F092FD06
:10B180007F4A401B137880B2002B01D100F052FFA0
:10B19000142832DDFF2B01D001331370029B002BEA
:10B1A00008D003F0C9FA029AFF23002A00DDFE3B13
:10B1B0004343A370019B002B08D003F0BDFA019A12
:10B1C000FF23002A00DDFE3B4343E37002202056AC
:10B1D000002812D00323E3560393002B0DD003F075
:10B1E0009BFA002800D10130634DA870039803F04A
:10B1F00093FA002800D149E3E8703B0033433CD088
:10B20000604B1D8803F04EFD5F4A401B137880B2EF
:10B21000002B01D100F008FF50282EDDFF2B01D0BC
:10B2200001331370544D002E07D003F0A5FAFF230D
:10B23000002E00DDFE3B43432B71002F07D003F0AF
:10B240009BFAFF23002F00DDFE3B43436B7104207C
:10B250002856002811D00526AE57002E0DD003F039
:10B260005BFA002800D10130434D2871300003F013
:10B2700053FA002800D10CE368713F49049A4B78D7
:10B2800093421AD102228A56002A02D0029B9A4285
:10B2900013D103200856002802D0019B98420CD1FC
:10B2A0000523CB56002B01D09F4206D1097949B224
:10B2B000002902D10243134301D003F023FD0622EB
:10B2C00010A92000F6F75CFB03F086FB2F4B1A78E1
:10B2D000824202D0187003F0E5FC2D4B1B78002B46
:10B2E0006ED000252B4B01950293029B1C68002C0D
:10B2F0005BD0019B002B00D0CEE2012672B6F3B2E8
:10B30000039320686369F1B29847431E984105434F
:10B3100062B6214803F037FC002843D0A3692068B7
:10B32000F1B2984700283DD072B61C4F63683A00CE
:10B330002068F1B2984762B600201949BA6C05F04E
:10B34000B1F82FE05B19002058190020731201009A
:10B35000701201006D120100F8280020A61A0020CA
:10B36000A51A0020E01D002057190020C82D00203C
:10B37000CC190020DC1301005119002040180020D6
:10B38000501900203E1800204F19002042180020BC
:10B3900090180020540F0020C80E002044180020F0
:10B3A0004A1800200136092EA8D1019B01330193D0
:10B3B000029B90330293019B032B96D1C14B1D70CE
:10B3C00072B6C14F3B6F1B78042B01D100F023FCF8
:10B3D00062B603F067FCBD4C05002378012B04D056
:10B3E0000022BB4B1A70BB4B1A802022BA4BBB4EBB
:10B3F0001B6813409A06D20F0192002B16D03778A3
:10B40000002F13D1B64B1A78022A0FD0022208203F
:10B410001A70FAF73DFAFAF70FFDF9F79DFAB14BFA
:10B420001F7003F03FFC0122AF4B1A706B4620786F
:10B430001B7933700023042801D900F0A9FCF6F72A
:10B44000EDFD4F048504A904B1045C05C822110078
:10B45000100001E6A34E3378002B56D0A04D2B7878
:10B46000022B52D0002B1DD16A781800511E0229E0
:10B4700002D80E32D0B205339C4A9D4CD278012AB4
:10B480001BD12278092A14D803255D4399494A190A
:10B490009378695C527801F0A5FE2378132B00D9CC
:10B4A00000E5DBE5012B01D00300E5E712200323D3
:10B4B000E2E700231A001900EDE7022A0ED12278F4
:10B4C000182A07D803255D438A494A199378695C8D
:10B4D0005278E1E400231A001900DDE403275F43FA
:10B4E0008449CA199378795C527801F07BFE2378FD
:10B4F000EF2B00D8B2E50023237033702B78002B9C
:10B5000000D0ABE501227C4BCEE47C4B18780028C0
:10B5100059D07B4B1B78012B23D17A497A4B0A787F
:10B52000012A06D900201A780870032A17D9033A8D
:10B530001A7000251C78754B1A5D754B585D0023F9
:10B54000190001F04FFE2300783C0833DAB2E4B270
:10B550001B0600D4140001350A2DECD17EE57F22B4
:10B56000E6E7022B0BD10024694BFF22185D002374
:10B570000134190001F036FE0A2CF5D16EE5584B66
:10B580009E786D2E1DD80A213000F6F70FFC00279B
:10B59000FF24C5B2142E06D900243223B3426441DD
:10B5A000FF276442E4B20026F3B29D4200D855E57D
:10B5B000574B3A00985D2100002301F013FE01363D
:10B5C000F2E70A25E8E7534E534D33782A781900FD
:10B5D000474C11434CD0217818292DD8002B23D06B
:10B5E000C82211001000F9F725FA4C4B1B78002BEC
:10B5F00000D133E53A4A1378012B00D192E0022BB7
:10B6000000D194E0002B00D028E55378022B4ED0D7
:10B61000032B51D0012B00D020E5C7331A001900AD
:10B620000F2001F0DFFD19E5002ADED0C82211004D
:10B630001C2001F0D7FD05E0002B0ED00200010018
:10B64000F9F7F8F92378312BCFD900232370337819
:10B65000002B07D0013B3370C7E7002AF2D01A0055
:10B660001900E5E72B78002BBFD0013B2B70BCE71E
:10B6700021701B4C2578022D17D103F0B9F9054232
:10B6800013D0274B1B78002B0FD0C8231A001900AA
:10B690001C2001F0A7FD6379002BA6D0C82336201B
:10B6A0001A00190001F09EFD9FE70023EEE7C82372
:10B6B00010201A001900B4E7C82311201A0019003D
:10B6C000AFE7C046901800207C100020171A002019
:10B6D000D72D0020D82D002000080048F8180020A1
:10B6E0000C110020C82D00205C1900201B2E00200A
:10B6F000E02D002052120100DA2D0020151A002042
:10B70000D02D0020DF2D0020141A0020C8110100C8
:10B7100048120100591900205A1900205719002019
:10B72000D12D0020C82312201A00190079E7C82360
:10B7300013201A00190074E7042C57D0022C78D07B
:10B74000032C7AD0012C04D0002C55D00026FF24E5
:10B7500050E0C34B1D78002D01D000F071FC2C008F
:10B76000FF26C04B1B680193002B01D09B8A0193DD
:10B7700084273800FF217043F6F718FBC3B2380066
:10B78000FF2160430293F6F711FBC3B23800FF219B
:10B7900068430393F6F70AFB029B039AC1B2019830
:10B7A00001F020FDB04B1A78131C642A00D96423E1
:10B7B0000320DBB2584364216330F6F7F7FA3D27E4
:10B7C000C3B201933800019B3D38C0B2220029006A
:10B7D000B446834202D800221100944638006346E2
:10B7E000013701F0FFFC402FECD153E4FF24260089
:10B7F000002DB6D00025B4E79C4B1C68002CA5D0CA
:10B8000003F050FA974B9A4A1B68001B90429DD850
:10B81000002B9BD09E69002E98D0350C340AEDB2D7
:10B82000E4B2F6B29DE72600FF259AE72E00002439
:10B83000FAE780260024350093E78026F7E7002109
:10B840000B000A00318075E42B002A00290071E406
:10B85000884B894A1E70894B1B789B079B0F13707E
:10B86000FAF734FD0323FFF7EBFA854B1B78002B27
:10B8700001D002F0E1FE834B1C6803F013FA001BB9
:10B880000F2800D85DE40023FFF7DAFA0123EB70FC
:10B89000B3E401236B71F0E472B6002163692068A0
:10B8A0009847431E9841054362B602988C3803F0CE
:10B8B0006AF9002800D178E50021A369206898473B
:10B8C000002800D171E572B66F4E00213200636826
:10B8D0002068984762B66B466C491879B26C04F0E0
:10B8E000E1FD62E5002363700C33A37010E0607823
:10B8F0000138032830D80023F6F77CFB02171A26FC
:10B9000003F0D0F9030EA370030CE37040BAA080DB
:10B910005F4B1B68002B00D152E55B69002B00D107
:10B920004EE52021200098474AE503F04FF8E9E76B
:10B93000002322001900A578E81802320528E7D86C
:10B94000517091700133F7E76380A380E0E763787B
:10B95000022B04D0052B0FD0FF232370D8E712232E
:10B960000CAA9B1859881A880904114309BA2D207A
:10B97000C9B2FDF7A0F9CBE7002002F02FFDC7E721
:10B98000617800200429C1D8A278052ABED8E378BE
:10B990000F2BBBD8C0254D435201AD185B00ED18ED
:10B9A00028002E30FDF75EF9060228002F30FDF743
:10B9B00059F9B6B2304380B2A8E7A388E2785BBAFF
:10B9C000A17860789BB202F059FEA1E7FBF716FF61
:10B9D0009EE76278032A6FD1082B2ED0092B68D0FE
:10B9E000A0780138032893D8F6F704FB020E1B2237
:10B9F000C9220CABDB7C5A43204B120A9978587849
:10BA0000002302F05DFD83E7E378002B02D102F012
:10BA100009FD7DE702F0F2FC0021E07802F012FD62
:10BA200076E7164BE27800201A7101F0D3FB6FE73E
:10BA3000124B2179DA78E078E2E7A0780138032820
:10BA400000D965E70D4BF6F7D5FA02252D2FFF201B
:10BA5000DB78C8215843F6F7A9F9E07058E7C046EB
:10BA6000AE1A00204C1A0020FA280020C419002029
:10BA7000B70B0000C40E0020C30E0020E01D002004
:10BA80003418002038180020441800204A180020DC
:10BA9000FC2800201A7800239107994200D09308CF
:10BAA000E37035E71B79FBE75A78E2709B782371E6
:10BAB0002EE702F0C1FD2BE7022A00D04CE7082B4D
:10BAC0001FD0092B00D123E7A0780138032800D923
:10BAD0001EE7F6F78FFA02060E10C44BE2781A70D2
:10BAE00016E7E378C24A1370591E8B41C14A13709E
:10BAF0000EE7C14BF2E7C14BE2781A70C04B2279D6
:10BB0000EDE7A0780138032800D901E7F6F772FACB
:10BB100002050C0EB54B1B78C2E7B64B1A78002312
:10BB20009A42BDD0B24BF6E7B34BF4E7B34B1B7868
:10BB3000E370B34B1B78BAE710236370E8E6002389
:10BB400063709233D1E60CABD97C11230CAA9B18FD
:10BB500058781A780002104340BA80B211AA02F055
:10BB6000A7FDD5E6112327000CAA9B185D781A784B
:10BB70002D021543E6786DBAADB27619AE4200D10A
:10BB8000C6E6912D04D89F4B3979E818FDF793F854
:10BB900001350137F2E702F0A3FDB9E60523CCE752
:10BBA0001123F02726000CAA9B185D781A782D0225
:10BBB0001543E3786DBAADB25B190193BF00019BE9
:10BBC000AB4200D1A4E60020BD4203D228002E30B3
:10BBD000FDF748F8307101350136F0E71123F02701
:10BBE00026000CAA9B185D781A782D021543E3787D
:10BBF0006DBAADB25B190193BF00019BAB4200D19E
:10BC000086E6BD4204D2280031792E30FDF753F884
:10BC100001350136F1E762B672B6002510AB01932B
:10BC2000794B9C6A002C08D1DA68002A34D05A6912
:10BC3000141D12689C62A218DA62FB6A0293202328
:10BC4000029A5B1B161B9E4200D91E002100320087
:10BC50000198F5F795FE019B6B489B190193029B98
:10BC6000A4198462AD19A34211D8C368C269013B0B
:10BC7000C36043699B1882694361934201D3436A5D
:10BC8000436100238362036B002B00D0984762B6A8
:10BC90001F2D02D872B6C3E762B66A426A415B4B97
:10BCA0001A70202D01D0FFF794FB10AC2378581E9A
:10BCB000122800D950E6F6F7A7F915FE1AFE4AFE3B
:10BCC00063FE80FE89FE8CFE8CFE8CFE4FFE4FFED6
:10BCD0003FFF42FF46FF55FF6EFF71FF73FF91FF6D
:10BCE0004B4B1B78022B24D04A4B1D6802F0DAFF25
:10BCF000494B401B98421CD9484B1B78002B18D14C
:10BD00009023DB051B68DB0613D4454B1D78002D03
:10BD10000FD10126267002F0C5FF424B9630186005
:10BD2000414B1D705E71414B1D70414B1D80414B5D
:10BD30001E70F8F78FFE404E040033783F4D83426B
:10BD400000D00EE100232B70FEF78EFE3C4A1578E2
:10BD5000002D0CD01370374A23701370344A1380AF
:10BD6000314A537102F09EFF2A4B1860E1E72D4BD8
:10BD70001E6802F097FF801B9528DAD901222D4B0F
:10BD80001D702B4B1D802F4B1A70FBF7BDFF02233C
:10BD90002370CEE72A4A11780029CAD01370FAF727
:10BDA0001FFFC6E7274F1F4E3B78002B10D1264AB6
:10BDB00013700122254B1A701C4B1A7002F072FF8F
:10BDC00002F070FFC8239B00C01830600423DFE737
:10BDD000356802F067FF9623401BDB009842A8D32A
:10BDE0001B4A1378012B35D80133D7E77A1000208E
:10BDF000931800209218002079100020911800203C
:10BE000078100020EE0300007C10002000110020BC
:10BE10000C11002060190020DF930400A52E0020E3
:10BE2000D22D0020181A00201B2E0020C82D002023
:10BE3000D82D0020D72D0020F4230020FC1800204E
:10BE40005C19002012110020FD180020E22D0020B6
:10BE5000FF1800207C4B1A78002A4CD101251D7058
:10BE600080237A4ADB00D16B3D700B43D3630222FF
:10BE7000774B19680A431A601A682A431A60FAF75E
:10BE80000DF8FAF769F8FAF7C3F9FAF7ABFAFAF727
:10BE900011FB704B1B78022B2AD1F8F7DFFC3D70A9
:10BEA00000253C226C4B1D706C4B1A806C4A6D4B0C
:10BEB000116A1940C0231B040B43C0211362136A8B
:10BEC00009061B021B0A0B431362674B1D705D7151
:10BED000664B1D70F8F7FAFC654B1D70654B1D70C5
:10BEE00002F0E0FE9623DB00C018306003234FE72A
:10BEF000F8F7C8FCD3E7FBF7D9FE5F4B1B78002BA4
:10BF00000FD15949534A49781278914209D15B4A75
:10BF1000237013705A4A13704B4A1370594B1D60AB
:10BF200007E7594E376802F0BDFEC823C01B9B00CF
:10BF3000984212D3524A1378022B09D80133137056
:10BF40000122524B1A70C8239B00ED183560F0E6B1
:10BF500000234A4923700B70DDE701224B4B1A7016
:10BF6000E7E62B784A4F0193002B06D101332B7063
:10BF700002F098FE3880FEF777FD3F8802F092FECF
:10BF8000C01B80B2632801D8FEF76EFD002234701A
:10BF9000304E2A707378012C0DD0022C06D09442BA
:10BFA00001D0FEF761FD1D00022405E0591E0125A8
:10BFB0001400022900D81D003278A24216D1002CAC
:10BFC00001D0FEF751FDAB4201D1FEF74DFDF8F770
:10BFD00059FC002375703370022D23D0032D21D01E
:10BFE0000120012D1BD0F8F7B7FC0BE0022C10D17B
:10BFF00008203470F9F74CFCF9F71EFFF8F7ACFC99
:10C0000000230193234B019A1A7002F04BFEFEF7B6
:10C010002BFD012CDBD1F8F735FC00203470F9F74B
:10C0200037FCE0E72800FAE70A2801DDFFF7F8F817
:10C03000FFF723F90A2801DDFFF7AEF8FFF7DDF877
:10C040000026FF24FFF7F0FBFE180020001002403E
:10C05000002802400C110020212E00200A1100208F
:10C0600000ED00E0FFFF00FF1B2E0020D72D002079
:10C07000DE2D0020632E002012110020FF1800206A
:10C08000FD18002060190020181A0020E22D002061
:10C09000FA180020C82D0020010030B5C0B20129D7
:10C0A00016D9F723FF225B01994202D84A090832C8
:10C0B000D2B20124A018401005004543ADB2C3B26E
:10C0C000A94206D2013BDAB29442F3D9013CE0B274
:10C0D00030BDFF28FCD00133DCB2F5E7054A064B42
:10C0E00011884B4305495B189BB2180AC018C0B2AF
:10C0F0001380704720110020050800001936000049
:10C1000010B50400FFF7EAFF60430012C0B210BD93
:10C110000F21430615D40B000200034092060B4981
:10C12000920F52005218517812784B431B119B18F2
:10C1300040B2DBB2002801DA5B42DBB2803BD8B20E
:10C140007047C343DAB20B400133E7E79A1C0100A2
:10C1500010B50B00041E02D1C80FC00110BDC117DD
:10C1600042184A4012B2D118002B0BDB9B1A58011F
:10C17000F5F71CFE2023181AC0B2002CEEDA40425C
:10C18000C0B2EBE74801D11AF5F710FE6023F2E7E1
:10C190001FB5040C01905008FFF7BAFF0200803A67
:10C1A000E4B2D3B2120603D580235B421B1ADBB282
:10C1B00001AA1288FF2110005B000134DBB2634347
:10C1C000120A1B12084012020B401B0410431843B2
:10C1D00004B010BD1FB5030A01903031D8B20E4B28
:10C1E0004900C95CE5234B431B121C339A1AD31731
:10C1F000D2185A40D200821A01AC131C120400D586
:10C2000000231BB2013058430012A37860702088CD
:10C210001B04184304B010BD00140100030C84B0CB
:10C2200001903031D8B2114B4900C95CE5234B4332
:10C230001B121C339A1AD317D2185A40D200821AF2
:10C24000131C120400D500231AB2431C534301AA45
:10C250001288FF2110001B12120A084012020B4024
:10C260001B041043184304B07047C046001401007B
:10C270007FB5040A0190E4B21000E51AFFF768FFE9
:10C280008300C01AEDB22D18EDB201346C4301AE3B
:10C290002412B378747030881B04184304B070BD46
:10C2A0007FB5040C051CE4B21000E61AFFF750FF3E
:10C2B0008300C01AFF23F6B236181800F6B2013414
:10C2C000744328402D0A1D4024122D021C40034BAC
:10C2D000284324041840204304B070BDFFFF00FF32
:10C2E0007FB5040A0190100008AA1578E4B25D1B1E
:10C2F000FFF72EFF6519EDB22D1AEDB201346C4334
:10C3000001AE2412B378747030881B04184304B053
:10C3100070BD00007FB5051C040C100008AA16783B
:10C32000E4B29E1BFFF714FFFF23A619F6B2361ADC
:10C330001800F6B20134744328402D0A1D4024121F
:10C340002D021C40034B284324041840204304B012
:10C3500070BDC046FFFF00FF84B001A901908B783B
:10C360000A7008881B04184304B070471FB5074BB8
:10C3700030314900CB5C01AC01909B1A2370A3784B
:10C3800020881B04184304B010BDC04600140100EF
:10C390001FB5074B303149005B185B7801AC019049
:10C3A0009B1A2370A37820881B04184304B010BD87
:10C3B00000140100F0B5303115000E4A4B00D318BF
:10C3C0005F7885B03E00203E019001ACC0B273B2F0
:10C3D000360602D52023DB1B5BB24900525C521BA0
:10C3E000D2188018A378207020881B04184305B049
:10C3F000F0BDC0460014010084B004AA019010787A
:10C4000003225A43521001A980188B7808700888BB
:10C410001B04184304B070471FB51C0001904BB2B9
:10C42000080601D549424BB23820C01A80B292B2F8
:10C4300052434043801880B2FFF72EFE032343434C
:10C4400001AAE4181470937810881B04184304B0F0
:10C4500010BD30B585B0019010001D00FFF778FECB
:10C4600001AC4019A378207020881B04184305B044
:10C4700030BD30B585B00190100008AA147801AD28
:10C480001C1BFFF765FEE4B2241AAB782C702888D9
:10C490001B04184305B030BD7FB50D4D30335B0034
:10C4A000EE185B5D7678703B59437F23203E7243E4
:10C4B0005118CA171A405218D21101AC0190121823
:10C4C000A378227020881B04184304B070BDC046B6
:10C4D000001401007FB50D4D30335B00EE185B5D3D
:10C4E0007678703B59433F23203E72435118CA1758
:10C4F0001A405218921101AC01901218A3782270C0
:10C5000020881B04184304B070BDC046001401000D
:10C510007FB5134D30335B00EE1876780190203EE6
:10C5200072435E5D01AC3500703DC0B26BB22D064A
:10C5300002D570239B1B5BB23825EB1A59430323AA
:10C540008A187F215343DA170A40D218D211801873
:10C55000A378207020881B04184304B070BDC04627
:10C56000001401000C4B3031490084B00190581880
:10C57000C95C03234078091A4B43DBB2991AC9B24C
:10C58000202801D9D218D1B201AA9378117010884D
:10C590001B04184304B070470014010030B585B087
:10C5A0000190C4B25008FFF7B3FD0200803A01AD1C
:10C5B000D3B2120603D580235B421B1ADBB20D22D5
:10C5C0005B00DBB253431B12E4182C70AB78288855
:10C5D0001B04184305B030BD7FB50E00041C01904C
:10C5E0001000FFF795FD30360E4B7600F35C01AD81
:10C5F000C018C0B20200803AE4B2D3B2120603D52A
:10C6000080235B421B1ADBB20D225B00DBB253437B
:10C610001B12E4182C70AB7828881B04184304B054
:10C6200070BDC0460014010030B50C4B30314900DC
:10C63000CD5C85B0AB1A019001ACC0B2D9B21B067B
:10C6400001D5521BD1B219234B431B12C0182070C5
:10C65000A37820881B04184305B030BD00140100E6
:10C660001FB501900520434306AA128801A9D318DB
:10C670001A1C9BB2FF2B00D9FF22D3438A78DBB26E
:10C680009B181C1CFF2B00D9FF240A88FF231000D5
:10C69000120A1840120223401B041043184304B02E
:10C6A00010BD30B585B0019008A800881B18C817C8
:10C6B00009184140D0171218424009B29BB292B2F9
:10C6C0000901FF2900DDFF2112B21201FF2A00DD5E
:10C6D000FF220C1C15B209B201A8A94200DD141CEE
:10C6E0001B191A1C9BB2FF2B00D9FF22D34382785F
:10C6F000DBB29B18191CFF2B00D9FF210288FF23F6
:10C700001000120A184012020B401B041043184379
:10C7100005B030BD7FB5050C160008AA019012883F
:10C72000E8B201ACFF25482B06D8D31A1A1C9BB2DD
:10C73000AB4200D92A1C95B2083189B2102905D91B
:10C74000330008339BB2102B00D9FF250321ED43A2
:10C750000C4BF2170A405B7892199210EDB2D21886
:10C7600040192270011CFF2800D9FF212288FF23D5
:10C770001000120A184012020B401B041043184309
:10C7800004B070BDE01D002084B004AA128801909E
:10C79000D21A131C92B2FF2A00D9FF23DBB2D9436D
:10C7A00001AA9078C9B24018011CFF2800D9FF21C6
:10C7B00010781B1813701288FF231000120A1840FB
:10C7C00012020B401B041043184304B070471FB5FE
:10C7D00006AA128801A9D31A1A1C9BB20190FF2B3A
:10C7E00000D9FF22D3438A78DBB29B181C1CFF2B95
:10C7F00000D9FF240A88FF231000120A18401202F1
:10C8000023401B041043184304B010BD1FB53C2344
:10C81000FF334B43154A01901168040CC918144B9F
:10C8200089B21879E4B2C008013048430012C0B29E
:10C83000FFF76EFC0200803AD3B2120603D58023C4
:10C840005B421B1ADBB201AA1288FF2110005B00B9
:10C850000134DBB26343120A1B12084012020B4080
:10C860001B041043184304B010BDC0463818002004
:10C87000E01D002010B5F8F7DDF810BD014B587829
:10C880007047C046041100200023F0B5394C7430C5
:10C8900085B06360C178827809020A43090A0329D6
:10C8A0001FD00DD801295ED01800022901D13248CD
:10C8B0005B3360602360002800D0200005B0F0BD2D
:10C8C00042790579120218002A43212944D02229ED
:10C8D000EFD1022AEDD8294B9100C858284B9B5C18
:10C8E000E7E7D2B21800032AE3D81000F5F782FB7D
:10C8F0003E02050812232348DBE716232248D8E727
:10C90000224B1E78002E24D1012231001A70684675
:10C910000F32F5F749F96D4631001D4B4A10AA5CFC
:10C920001C481709C75D4E009E19B7700027BC460A
:10C93000F7700F374E1C3A40825C76009E19B27039
:10C9400062460231F2702029E8D142321A703F3A31
:10C950005A700F480378ACE7022AAAD80E4B92000F
:10C96000D0580923A5E712230C48A2E704230C485A
:10C970009FE7C046BC2F0020101C0100801C010056
:10C980007D1C0100F81B0100E01B0100762F002038
:10C99000772F0020CF1B01008C1C01006B1C0100B5
:10C9A0000C1C01000368002B07D091001960511E78
:10C9B0008A41024B19780A431A7070479018002078
:10C9C0000368181E02D018688008C0B270470000C3
:10C9D0000368002B01D10020704772B603681A6803
:10C9E000998862B6002AF6D00020044B9B8B5B1A14
:10C9F0009BB293424041C0B2EEE7C0469818002077
:10CA00004B1E072B0BD889000B58002B07D0910029
:10CA10001960511E8A41024B19780A431A707047F7
:10CA20009018002003000020082906D88900CB5860
:10CA3000181E02D018688008C0B27047082901D9B2
:10CA400000207047890040180368002BF8D072B6A8
:10CA500003681A68998862B6002AF1D00020044B56
:10CA60009B8B5B1A9BB293424041C0B2E9E7C04640
:10CA7000981800200A4BC2B29A730122002805D1EF
:10CA8000597C114201D0987DC0B27047197D0020B9
:10CA90001142FAD09A7DD87D00028018F5E7C04691
:10CAA00000380240FEE7036910B51960C268013A18
:10CAB000C260C2699B1882690361934201D3436AD1
:10CAC000036100238362036B002B00D0984710BDE5
:10CAD000F0B501268E40002745891C00354345816D
:10CAE0008D1CAD0040194068142580698260036088
:10CAF0004760C7607F2001404D431548401905003D
:10CB0000B8352D78BD420AD0124DAE7BA973F6B26E
:10CB1000BB4205D1B94201D10F4B1970AE73F0BDC4
:10CB2000002AFCD0BC239C46844463461A60020061
:10CB3000C430C03214600760002903D10322064BC1
:10CB40001A70EBE701238B40044ADBB21370E5E770
:10CB5000A015002000380240202F0020823802401B
:10CB60000300006F10B50278042A13D11A00743242
:10CB7000117801228A40448922420BD11A695C69EA
:10CB8000A24202D1DC68002C04D1DB690432043BF0
:10CB9000FFF79EFF10BD10B5406BFFF7E1FF10BD22
:10CBA000F8B507000020104C0D00A67BA073F6B26C
:10CBB000FFF760FF002811D080B2031CA84200D903
:10CBC0002B1C002209499BB29A4209D36C22237D77
:10CBD00093432375237D6B3A93432375A673F8BD66
:10CBE0000878B8540132EFE700380240203802409C
:10CBF00010B50A4B9A7B9873D2B2002806D0102148
:10CC00009873587C014359749A7310BD07240449E2
:10CC10000C7098736021587CF4E7C04600380240DD
:10CC2000202F00207F23F0B51840002901D1002AD1
:10CC30000FD104261E4B9C7B98735D7CE4B2354279
:10CC400002D05D7CB5435D7401265D7C354201D028
:10CC50009C73F0BD002A03D15A7C32435A74F7E723
:10CC60009D7B9873EDB2002807D15E7CB6070DD589
:10CC70009D730122597C0A43F0E75F7C3742F7D16C
:10CC80001F7C9D73FEB2002FF3D001E040269D7300
:10CC9000084D80004019151CB24200D9351C0022F5
:10CCA000ADB28E5C013206709542FAD8E1E7C0461B
:10CCB0000038024020380240F7B5274B7F2501930A
:10CCC000142305406B4300910199CB1818002C30B8
:10CCD000007800280BD0214C0120A67BA573677C2F
:10CCE000F6B2390001408C46074201D0A673F7BD69
:10CCF00007000099AF401963614699631849FFB274
:10CD00005A630F70002A0FD1002D0BD1019BDA8CD2
:10CD1000144B002A04D104321A700A236374E5E725
:10CD20000622F9E76074E1E700990029DFD01F8D42
:10CD3000974200D9170028000099BAB2FFF772FF96
:10CD40000123002DEAD1074A1370034B1B8D9F422C
:10CD5000E3D30223E2E7C046A015002000380240DA
:10CD600080380240202F002070B504000800012503
:10CD7000854011001A0023892B432381831C9B00CB
:10CD8000E418636800245B6999601A605C60DC6089
:10CD9000FFF792FF70BD436B10B5186F0278042A3D
:10CDA00011D11A007432117801228A40048922427A
:10CDB00009D15A691C69944202D1DB68002B02D167
:10CDC00008CAFFF7D1FF10BD10B50F24054A11782E
:10CDD0004B1C2340044C24789C4202D0034C13701B
:10CDE000605410BD2D1700202C1700201C170020A8
:10CDF000036810B50400002B08D09A6C981D002120
:10CE0000F4F7D2FE002223681A609A8010BD70B534
:10CE10000500040024352368002B08D09A6C981D67
:10CE20000021F4F7C1FE002223681A609A800434BE
:10CE3000AC42F0D170BD0000F0B58E00861950698B
:10CE400085B00C001500F260002803D014220021E8
:10CE5000F4F7AAFEA869002803D014220021F4F7F1
:10CE6000A3FE002C12D140215E4B5F4A18001180B6
:10CE70001A001985B632190014700122B8302A310F
:10CE80002C3302700C701A7005B0F0BD7F21214068
:10CE90000629F9D8F468236800930323009A134005
:10CEA0005A1E022A00D99AE01B02013BFF3B4F4A5F
:10CEB0000193937BDBB202939173A3699C46181E86
:10CEC0002AD014234B434748658AC0180300B43363
:10CED0001D8006000323009FB6361F4037700127D0
:10CEE000B8300770E8B29173D074019B507D5E42F8
:10CEF0005E41B6013043802603235075107D3043D8
:10CF000010753800984080B2854204D90133102B47
:10CF1000F7D1002318009BB26669002E28D0142395
:10CF20004B433048009FC018050003232A351F409B
:10CF3000248A2F70012704852C300770E0B291738A
:10CF40001074019B957C5842584180010543402054
:10CF500003239574557C284350743800984080B260
:10CF6000844204D90133102BF7D1002318009BB25F
:10CF70000A2B2DD86446033B1A4D9BB2002C12D0CD
:10CF80006C689173E708FFB29777D77F6404240F2A
:10CF90002743D777D47F5F013C43E4B2D477102492
:10CFA000177D3C431475002E12D06C689173E10814
:10CFB000C9B21177517F6404240F21435177517F07
:10CFC0005B010B43DBB253770823517C0B43537453
:10CFD000044B596840185860029B937354E7C02370
:10CFE0009B0064E7A0150020541600200038024082
:10CFF00010B50B4B9A7B9873D2B2002806D0202133
:10D000009873187D014319759A7310BD072405495B
:10D010000C7060219873587C01435974F4E7C04642
:10D0200000380240202F002070B505006435040050
:10D03000287800283AD00638C3B20F2B2ED80F28F4
:10D040002CD8F4F7D7FF332B2B08212C2B2B2B2B91
:10D050002B2B2B2B333323007A331A785B78E06E3B
:10D060001B02134398420FD2E368198AF4F79AFE21
:10D07000002909D172B60B000A002000FFF774FEE8
:10D0800062B60A232B7009E014232B7072B60023BA
:10D0900020001A001900FFF71BFD62B670BD236F58
:10D0A000002B01D0200098470023EBE70020FFF77A
:10D0B0009FFD0020FFF79CFF63681B68002B02D0D8
:10D0C0000621200098470623DCE770B5050064358B
:10D0D0002B780400142B24D017D8062B06D002D8A6
:10D0E000002B03D070BD093B022BFBD80020FFF7BB
:10D0F0007FFD0020FFF77CFF63681B68002B02D0D8
:10D10000062120009847062315E0152BEAD10A3B9B
:10D110002B7072B600231A001900FFF725FE62B6C5
:10D12000E0E7C3689B695B68002BDBD1036F002BD2
:10D1300000D0984700232B70D4E70000006810B59A
:10D14000002806D0034B9B8B826483800630F4F763
:10D1500017FC10BD981800200168130010B50029B5
:10D1600005D08A6C981D9A640631F4F709FC10BD4D
:10D170000B7810B5082B0AD89B001858002806D049
:10D18000034B9B8B826483800630F4F7F9FB10BD60
:10D1900098180020030010B51000082909D889004C
:10D1A000C958002905D08A6C063182640630F4F72C
:10D1B000E7FB10BD064B10B5D96808751868026802
:10D1C00053601A6001220275D860F2F7E5FF10BDC6
:10D1D00098180020024B1A78104318707047C04608
:10D1E0003418002010B5F7F7C3FB10BDF7B5104B8E
:10D1F000104A5B78825C0400134217D00E4B032068
:10D200005D789F78DE78FEF77BFF6B4640012D1A34
:10D210001D705F709E700098FCF7FAFE0204030216
:10D22000C1B2120E20001B0EFFF7DCFFF7BDC04697
:10D23000C00E0020E0140100E01D002037B5104BA7
:10D24000104A5B78825C0400134217D0FEF746FF59
:10D2500005008020FEF754FF0B4B7F30DA786B46D9
:10D260009A701D7058700098FCF7D2FE02040302F9
:10D27000C1B2120E20001B0EFFF7B4FF37BDC0462F
:10D28000C00E0020E0140100E01D0020F7B51A4B8D
:10D290001A4A5B78825C050013422BD0184B194A5E
:10D2A0005F789E78DC781B791068DB08013380B2E8
:10D2B00058430012C0B2FEF72BFF0200803AD3B2EF
:10D2C000120603D580235B421B1ADBB26A465B0061
:10D2D000DBB201345C4324121770567094700098CE
:10D2E000FCF796FE02040302C1B2120E28001B0EC8
:10D2F000FFF778FFF7BDC046C00E0020E014010024
:10D30000E01D002038180020F0B51E4A1E4B825C3C
:10D310005B78050085B0134231D01C4BDA785F781A
:10D320009E7801921A4A1B791068DB08013380B29B
:10D3300058430012C0B2FEF7EBFE0300803BDCB2A4
:10D340001B0603D580246442241AE4B21F20FEF792
:10D35000D7FE6400E3B2019C02AA01345C43801949
:10D3600024121770507094700298FCF751FE02045A
:10D370000302C1B2120E28001B0EFFF733FF05B0E7
:10D38000F0BDC046E0140100C00E0020E01D0020EA
:10D3900038180020F0B51E4A1E4B825C5B780500F1
:10D3A00085B0134231D01C4BDA785F789E780192B9
:10D3B0001A4A1B791068DB08013380B25843001207
:10D3C000C0B2FEF7A5FE0300803BDCB21B0603D50E
:10D3D00080246442241AE4B21F20FEF791FE640008
:10D3E000E3B2019C02AA01345C43C01924121070FC
:10D3F000567094700298FCF70BFE02040302C1B24F
:10D40000120E28001B0EFFF7EDFE05B0F0BDC04662
:10D41000E0140100C00E0020E01D0020381800209C
:10D420000D23584382B0C0B201AA1070C018031C6B
:10D43000C0B2402800D940231078DBB21B02184349
:10D4400002B07047F0B5304B87B007001878FFF78F
:10D45000E7FFC4B2250002AB18802C4B30351A7997
:10D460002B4B52081B6801329BB253431B12DBB299
:10D470000093284B86B26D00360AED18E3B29E4247
:10D4800006D83F230020B3424041C0B207B0F0BDF0
:10D49000214A1D4B125D5B78134231D06A781F48D8
:10D4A000203A13B20193194B29785B7870399C4666
:10D4B0006246437880781B021343000409B2019A44
:10D4C0001843009BB84703AB02041870120E000209
:10D4D0005A70000E98701B8804AA138090700498EC
:10D4E000FCF796FD0204030205A9120E1B0E08703C
:10D4F0004A708B70D2B2C1B2DBB22000FFF772FE6D
:10D5000002350134BAE7C046C00E0020E01D0020FD
:10D510003818002000140100E0140100E11D002073
:10D52000F0B5354B8BB005901878FFF779FFC4B292
:10D53000270083B21B0A06AA0393304B10801A7986
:10D540002F4B52081B6801329BB253431B12DBB2B4
:10D55000049330372B4B7F00FF18039AE3B29A42B3
:10D5600006D83F23002093424041C0B20BB0F0BD2B
:10D57000254A214B125D5B7813423AD03D787E7884
:10D58000703D203EADB2B6B228003300684373430D
:10D59000C01880B2FEF780FD32B2049E29B20300AB
:10D5A000164D1A4800966E78457880782D023543DE
:10D5B00000042843059DA84707AB02041870120E0B
:10D5C00000025A70000E98701B8808AA1380907091
:10D5D0000898FCF71DFD0204030209A9120E1B0E98
:10D5E00008704A708B70D2B2C1B2DBB22000FFF774
:10D5F000F9FD02370134B0E7C00E0020E01D002025
:10D600003818002000140100E0140100E11D002082
:10D61000F0B52B4B89B007001878FFF701FF294BB5
:10D62000294A1B7915689B080133ADB25D432D1261
:10D63000EDB286B2C4B228004030C0B2FEF768FD39
:10D64000803843B228000293FEF762FD803843B26F
:10D65000360A0393E3B29E4206D83F230020B3422A
:10D660004041C0B209B0F0BD1849154A095D527871
:10D670000A4222D01649134A009550784A7812027D
:10D6800002438878029900041043039AB8470204C1
:10D6900005AB120E18705A701B88000206AA000E05
:10D6A000138090700698FCF7B3FC02040302C1B229
:10D6B000120E20001B0EFFF795FD0134CAE7C0468D
:10D6C000C00E0020E01D002038180020E0140100EA
:10D6D000E11D0020F0B54E4B8FB0079018780991EE
:10D6E000FFF79EFE83B21B0A06934A4BC7B21B7814
:10D6F0000AAA08933B0010803033474A5B009B180E
:10D70000069A0493FBB29A4206D83F230020934224
:10D710004041C0B20FB0F0BD404A3D4BD25D5B7896
:10D7200013422FD0002403223D490BA8F4F728F917
:10D73000079B079A0293374BD3180393039B089ACE
:10D74000013303936B461B7A9A421FD8354B0BAAC1
:10D75000DB7801335C432412947012880CAB1A807E
:10D760009C700C98FCF754FC020403020DA9120EE5
:10D770001B0E08704A708B70D2B2C1B2DBB2380097
:10D78000FFF730FD049B01370233B9E7049B1D7896
:10D79000039B1B78ED1AABB20593049B05985E784A
:10D7A000039B40431B7AF61AB6B233007343C0188A
:10D7B00080B2FEF771FC1B4A030012790132111C82
:10D7C000FF2A00D9FF210298124A0C30400012189B
:10D7D000507892780131120289B202434A43694675
:10D7E0000BAD1212AC7090B21424095F32B2099CD6
:10D7F00000900B98A04703041B0E6B70029B040261
:10D80000240E0133AC702870E4B2029396E7C04650
:10D81000C00E00200618002000140100E0140100D2
:10D82000E11D0020E01D0020F0B5234F87B0060069
:10D830003878FFF7F5FD214B85B21A79204B920815
:10D840001B6802329BB253431B12DBB22D0A0193B9
:10D85000C4B2E1B28D4206D83F230020AB42404122
:10D86000C0B207B0F0BD174B7A781B5D1A4220D0CA
:10D87000154A124B587853781B0203439078019A4B
:10D8800000041843B047020403AB120E18705A701C
:10D890001B88000204AA000E138090700498FCF705
:10D8A000B7FB02040302C1B2120E20001B0EFFF7E9
:10D8B00099FC0134CDE7C046C00E0020E01D0020D9
:10D8C00038180020E0140100E11D0020F0B5C04B25
:10D8D00095B01A78BF4C01230190824208D1237879
:10D8E000BD4A9B0712789B0F9B1A5A1E9341DBB2CD
:10D8F000BA4DAB7063796A789A4205D00022110064
:10D9000010006B70FEF7B6FF019B2D2B31D8581E0F
:10D910002C2835D8F4F782FB3D006900C800FE00D2
:10D920002F013301350137013B013D014101430125
:10D930004501470149014B014D014F01510153017F
:10D94000570159019001F901380270027202740204
:10D9500076023803D6033D0449044C044E045004B7
:10D9600052045404560458045A045C049604FA04FD
:10D970003405019BFF2B01D100F005FD002066E07E
:10D98000AB78002BFAD0002211001000FEF772FFD6
:10D99000F4E72878FFF744FD12AB18800322611CDE
:10D9A00087B2C6B213A8F3F7EBFF1398FCF730FB6E
:10D9B00003020404C2B21B0E3F0A0092240E02931B
:10D9C000F3B29F4204D800203F23BB4240413DE0D8
:10D9D000834B6A789B5D1A4205D022003000029B7F
:10D9E0000099FFF7FFFB0136EAE72878FFF718FDFB
:10D9F00083B2784F12AA1B0A10800093BA78FB7882
:10DA00007E7813AD2E706A70AB70C4B21398FCF7B9
:10DA1000FFFA02040302C1B2120E1B0E059103921B
:10DA200004933B79F6182E701398FCF7F1FA01264F
:10DA3000030405021B0EC7B202932D0E009AE3B237
:10DA40009A421DD800203F2393424041C0B2634B0D
:10DA50001A7801321A70002801D000F0A6FC0221C9
:10DA6000604A11709B78002B01D000F09EFC019B56
:10DA7000002B01D000F099FC0333137000F095FCEB
:10DA8000574B564A1B5D52781A4207D0334207D093
:10DA90002B003900029A2000FFF7A4FB0134CDE7E8
:10DAA000049B039A0599F6E72878FFF7B9FC12ABB7
:10DAB0001880237985B201339B08A778E6782D0A70
:10DAC0000093C4B2E3B29D4204D800203F23AB428E
:10DAD0004041BBE7424A414B125D5B78134217D08D
:10DAE00041496300CB5C00991B094B43394913AA98
:10DAF000497857705B18137096701398FCF788FA82
:10DB000002040302C1B2120E20001B0EFFF76AFBD3
:10DB10000134D7E72878FFF783FC12AB188023790C
:10DB200085B201339B08A778E6782D0A0093C4B22A
:10DB3000E3B29D42C9D92A4A284B125D5B78134251
:10DB400017D02A496300CB5C009913AA4B432149A3
:10DB50005B11497857705B18137096701398FCF737
:10DB600057FA02040302C1B2120E20001B0EFFF787
:10DB700039FB0134DCE71E48FFF756FE67E71D4816
:10DB8000FAE71D48F8E71D48FFF75CFC5FE71C4813
:10DB9000FAE71C48FFF7C4FC59E71B48FAE71B48A3
:10DBA000EAE71B48E8E71B48E6E71B48E4E71B48B1
:10DBB000F0E71B48E8E71B48E6E71B48EAE71B4895
:10DBC000FFF726FD43E71A48FAE71A48F8E7C04688
:10DBD000C40E0020E01D0020C30E0020C00E002057
:10DBE000E0140100C50E0020611401006014010062
:10DBF00091C10000D5C100001DC2000071C200002B
:10DC0000A1C20000E1C2000015C3000059C300001A
:10DC10006DC3000091C30000B5C30000F9C300004C
:10DC200019C4000053C4000073C4000099C400006C
:10DC3000D5C4000011C500002878FFF7F1FB12AB36
:10DC4000188087B2061C0A212079F4F725F8BE4B0C
:10DC500002301D68C0B2ADB245432D123F0AEDB28D
:10DC6000F6B2F1B28F4200D8ADE6B84AB84B925D39
:10DC70005B78134224D0B74A7300D35C6278202BC0
:10DC800020D9A378E0781B02134300042A0018432C
:10DC9000FEF768FC02040DAB120E18705A701B8858
:10DCA000000213AA000E138090701398FCF7B0F9CD
:10DCB00002040102C3B2120E090E3000FFF792FAFD
:10DCC0000136CEE7A378E0781B02134300042A0054
:10DCD0001843FEF747FC02040EAB120E18705A7080
:10DCE0001B88000213AA000E138090701398FCF793
:10DCF0008FF90204030210A9120E1B0E4A708B70DA
:10DD00000870D2B2C1B2DBB2D7E72E78002E18D19C
:10DD100022791032131CFF2A00D9FF238A4A0133CB
:10DD200010689BB280B2584300120A2180B2F4F707
:10DD300039F889B2002904D14020FEF7E1F9864B79
:10DD400018803000FFF76CFB13AB1880AB7884B2FF
:10DD5000C6B2240A002B10D17F4D288886420ED8E7
:10DD6000A0420CD2C0B2FFF741FA41232B8006E05B
:10DD70003000FFF73BFA0136F6B2B442F8D8002083
:10DD80003F23A342404161E62E78002E17D122792D
:10DD90001032131CFF2A00D9FF2301339AB26A4BB9
:10DDA0001B689BB253436D4A1B1253436C4A9BB290
:10DDB000934204D84020FEF7A3F96A4B1880300044
:10DDC000FFF72EFB13AB1880AB7884B2C6B2240ADF
:10DDD000002B0ED1634D28888642D0D8A042CED2E7
:10DDE000C0B2FFF72BFAC0E73000FFF727FA013681
:10DDF000F6B2B442F8D8C2E75B48BDE65B48BBE682
:10DE00005B48B9E65B4A504B12681B6800209A4297
:10DE100000D91CE6AB78834251D12878FFF700FB8C
:10DE20000327C6B2774383B21B0A0093524B10AA52
:10DE300010800293FF18009AF3B29A4272D813002E
:10DE40003F2A38D9551E03225A434C49033A0298B7
:10DE5000F3F7F4FDFEF742F9800771D4FEF73EF9BF
:10DE600006008020FEF74CF9E27813AB7F309A7001
:10DE70001E7058701398FCF7CBF801040202090ECB
:10DE8000C0B2120E032675433B4BE8545B19597020
:10DE90009A702279374D1032131CFF2A00D9FF23C4
:10DEA00011219BB2594336480912F3F77FFF264BE5
:10DEB0001B68C018286000203F23009AC4E5002298
:10DEC00011001000FEF7D6FC2E4B2B4E0093FEF7F0
:10DED00005F90223184221D1FEF700F9070080203E
:10DEE000FEF70EF9E27813AB7F309A701F7058700E
:10DEF0001398FCF78DF80204030211A9120E1B0EF1
:10DF000008704A708B70C0B2D2B2DBB2B370009BA3
:10DF1000307072700336B342D9D17EE70020020020
:10DF20000300F3E7094B6A789B5D1A4205D0300085
:10DF3000BB787A783978FFF755F9033701367AE7F5
:10DF40000020010002009DE738180020E0140100C5
:10DF5000C00E00206114010016110020CDCCFFFF7F
:10DF600033330000181100209DC50000D9C5000002
:10DF700029C6000090300020D02F0020D32F002091
:10DF8000B80B0000903000200323E478FF206343A7
:10DF90009F10FBB221000793F3F708FFC3B206936B
:10DFA000AB78C54A0592002B0CD00022110010005E
:10DFB000FEF760FC602200210598F3F7F5FD0022D2
:10DFC000BE4B1A700025BE4A137801331370059BAF
:10DFD0000093BC4B009EEB18039300230293B74BB6
:10DFE000029A1B7813433AD1F2F728F9B64B9842BC
:10DFF00035DC009B1C70039B1B780493FF2B0ED019
:10E000003078079B834237D2C01BE11B7843F3F77C
:10E01000CDFEC1B20B0022000498FFF7E3F8029B8B
:10E0200010360133DBB20293039B10330393029B40
:10E03000062BD4D1009B013501330093102DC8D19C
:10E040009F4B06991A788A4201D100221A709B4A86
:10E0500013780133DBB21C2B16D813708EE433789F
:10E06000002BC8D09C42C6D9954A069912788A429C
:10E07000C1D1013B3370BEE739006043F3F796FE30
:10E080000023C2B21900C7E7002313700522059FC1
:10E09000601E503710217B1B052A03D15E5DB44200
:10E0A00000D158551E78A64201D318701C7401394E
:10E0B000C9B201330029EFD1013AD2B21035002A9A
:10E0C000E8D15BE42878FFF7ABF983B21B0A11AE05
:10E0D0003080009323790133191CFF2B00D9FF21D5
:10E0E0007A4889B2F3F762FE347885B2009BE1B2D8
:10E0F000994200D3DFE6764A764B125D5B78134295
:10E1000036D07548754F0278013A52B2130631D5B0
:10E110002B00734A177990780137D1783A1CFF2F7A
:10E1200000D9FF22013292B253431B121A1C9BB238
:10E13000FF2B00D9FF22D2434123D2B25A43684B6E
:10E1400012125B78D21812AB1A709970587012982C
:10E15000FBF75EFF0204030213A9120E1B0E0870E8
:10E160004A708B70D2B2C1B2DBB22000FFF73AF82E
:10E170000134BBE7BB5C8B4209D113000C335B005D
:10E18000C3185E789B781B0233439D42C1D8013A85
:10E19000BCE75449504B1B78013B181C002B00DA9C
:10E1A0000020C0B2FFF796FA51E44E490020F9E78B
:10E1B0004D49EFE74C49F9E74C49EBE74B49F5E7A7
:10E1C0004B49E7E74A49F1E74A49E3E74949EDE7BF
:10E1D0002E78002E17D122790532131CFF2A00D980
:10E1E000FF2301339AB2444B1B689BB25343434A0B
:10E1F0001B125343424A9BB2934204D84020FDF77E
:10E200007FFF404B18803000FFF70AF913AB1880EE
:10E21000AB7884B2C6B2240A002B10D1394D2888BD
:10E22000864200D9ABE5A04200D3A8E5C0B2FFF713
:10E230002DF89AE53000FFF729F80136F6B2B4421E
:10E24000F8D89CE52E78002E17D122790532131CC0
:10E25000FF2A00D9FF2301339AB2274B1B689BB2D8
:10E260005343264A1B125343254A9BB2934204D878
:10E270004020FDF745FF244B18803000FFF7D0F811
:10E2800013AB1880AB7884B2C6B2240A002B10D12D
:10E290001D4D2888864200D971E5A04200D36EE565
:10E2A000C0B2FFF731F860E53000FFF72DF8013616
:10E2B000F6B2B442F8D862E59630002095300020DE
:10E2C000943000200014010054555505FFFF000054
:10E2D000E0140100C00E00200618002017180020CE
:10E2E000E01D002061C60000A3C6000015C70000A5
:10E2F00089C70000CFC7000038180020CDCCFFFF31
:10E30000333300001A1100201C1100202E78002E3B
:10E3100017D122790532131CFF2A00D9FF230133BC
:10E320009AB2284B1B689BB25343274A1B12534394
:10E33000264A9BB2934204D84020FDF7E1FE244BCD
:10E3400018803000FFF76CF813AB1880AB7884B2FC
:10E35000C6B2240A002B10D11D4D2888864200D950
:10E360000DE5A04200D30AE5C0B2FFF713F8FCE4C4
:10E370003000FFF70FF80136F6B2B442F8D8FEE4E9
:10E380001448FFF7F9FB0F4B1B681B059B0F022B73
:10E3900010D0032B12D00022012B08D01100142022
:10E3A000FEF768FA02220C4B1A7015B0F0BD14216A
:10E3B0001000F5E7142200210800F1E714221100F3
:10E3C000FAE7C04638180020CDCCFFFF33330000F9
:10E3D0001E1100200DC80000C50E0020012310B53D
:10E3E000044A11784B4013700022034B1A70FEF759
:10E3F000F1FE10BDE01D0020C50E0020074B0322DA
:10E40000197808001040114201D1054A107003220A
:10E4100019789143023A0A431A707047E01D0020B0
:10E42000C50E0020054B1A78920702D00021044A3D
:10E43000117003211A788A431A707047E01D00207A
:10E44000C50E0020020008000C4910B50B789B0790
:10E4500012D00123002A04D02C339A4201D812335F
:10E46000134003240A789B002240134300220B70C0
:10E47000034B1A70FEF7AEFE10BDC046E01D002033
:10E48000C50E0020054B10B51878800801302D28E6
:10E4900000D901200121FFF7D5FF10BDE01D0020AC
:10E4A000064B10B5187880080138C0B2002800D19A
:10E4B0002D300121FFF7C6FF10BDC046E01D002032
:10E4C00070B5084C0500180023789B0709D06570CB
:10E4D000A170131CC82A01D9034B1B78E370FEF707
:10E4E00079FE70BDE01D00202819010010B5044B15
:10E4F0005878DA78997808300123FFF7E1FF10BDEA
:10E50000E01D002010B5054B5878DA780838997866
:10E5100080B20123FFF7D4FF10BDC046E01D0020EC
:10E5200010B507488378C2781033191CFF2B00D927
:10E53000FF2101234078C9B2FFF7C2FF10BDC046DA
:10E54000E01D002010B507488378C278103B191CE5
:10E55000002B00DA002101234078C9B2FFF7B0FF99
:10E5600010BDC046E01D002010B50748C378103329
:10E570001A1CFF2B00D9FF22817801234078D2B2E8
:10E58000FFF79EFF10BDC046E01D002010B50748F4
:10E59000C378103B1A1C002B00DA0022817801237B
:10E5A0004078D2B2FFF78CFF10BDC046E01D0020BE
:10E5B00010B5064A13791033191CFF2B00D9FF211F
:10E5C00001201171FEF706FE10BDC046E01D0020BF
:10E5D00010B5064A1379103B191C002B00DA0021F4
:10E5E00001201171FEF7F6FD10BDC046E01D0020B0
:10E5F00010B5064A06495379FF3B58424341CB5C6C
:10E6000001205371FEF7E6FD10BDC046E01D00205D
:10E61000981C010010B5064A06495379FF3B584241
:10E620004341CB5C01205371FEF7D4FD10BDC046C1
:10E63000E01D0020981C0100082210B51721034896
:10E64000FAF71CFB0022024B1A7010BDE01D0020DF
:10E6500034180020352310B5064C03220649601CEF
:10E660002370F3F78DF981235B42A380FFF7E4FF6A
:10E6700010BDC046E01D0020AC0D010070B51D00AE
:10E68000042813D8052911D80F2A0FD8C0234343D3
:10E690004C015200A418E4182000290A2E30FAF781
:10E6A0000AFB2000E9B22F30FAF705FB70BD00002D
:10E6B000F8B504000E00170005002B1B9BB2B342F7
:10E6C00000D3F8BD1B190020912B03D8034BE81889
:10E6D000FAF7C8FA3B1B58550135EEE7EE03000088
:10E6E000F0B585B0102200216846F3F75DFA0A26DE
:10E6F0009224084F2500102C00D9102539002A003B
:10E700006846013EFAF7BAFA7F19641B002EF1D170
:10E7100005B0F0BDEE030000B523434398B2002BD3
:10E7200007DA803B1BB2D817C0B2C018001240B243
:10E730007047803080B2F9E710B50D4B14201B787C
:10E74000DA0712D400189A070FD428305B070CD4CC
:10E75000084B48381B78002B07D048301D2B04D8B5
:10E760001E215843F3F722FB80B2C0B210BDC04651
:10E770004E1900205019002010B50124104B022121
:10E780001B78234215D104220B4210D1134214D11D
:10E790000C4B187800280ED027280ED8C000263140
:10E7A000F3F704FB02002000002A01D092B2D0B29D
:10E7B00010BD0A00FBE72200F9E70822F7E7C04690
:10E7C0004E1900204F1900200300CD3810B5122833
:10E7D00010D8F3F70FFC0A10141A323232323232E8
:10E7E00032321E23282E3C424600FFF7A5FF1F4B66
:10E7F0004042D87010BDFFF79FFF1C4BF9E7FFF7B1
:10E800009BFF1A4B40429870F4E7FFF795FF174BB8
:10E81000F9E7FFF7B1FF154B1871EBE7FFF7ACFF16
:10E82000124B4042F8E7FFF7A7FF104B40425871E8
:10E83000E0E7FFF7A1FF0D4BF9E70122D13B9A403A
:10E840000A4913000A0049780B435370D2E70123A9
:10E85000074A11780B431370CCE7054A022311785D
:10E86000F8E7034A04231178F4E7C0465119002061
:10E870004E190020032200B5344B9A56CD2814D1EE
:10E88000002A01DA0022DA70D9789A780A4351B264
:10E89000002A01D12E4A11701A795B7913435AB2BA
:10E8A000002B01D12B4B1A7000BDCE2802D1002ABB
:10E8B000E8DCE9E702229A56CF2804D1002AE3DAFD
:10E8C00000229A70E0E7D02802D1002AF8DCDBE7CA
:10E8D00004229A56D92804D1002AD5DD00221A71C3
:10E8E000D2E7DA2802D1002ACEDAF7E705229A56D3
:10E8F000DB2804D1002AC7DA00225A71C4E7DC28D9
:10E9000002D1002AF8DCBFE7D1380E28BCD8F3F7D3
:10E9100067FB0808080808080808BBBBBBBB0E1447
:10E920001800012181405A788A435A70ACE70120CF
:10E9300009490A7882430A70A6E7074902200A7843
:10E94000F8E7054904200A78F4E7C0465119002089
:10E95000501900204F1900204E19002037B52A20E9
:10E96000FAF780F905002B20FAF77CF904002C2037
:10E97000FAF778F90023262D04D1092C02D1273883
:10E980004342434118003EBD10B5FF212A20FAF74B
:10E9900092F9FF212B20FAF78EF9FF212C20FAF7AC
:10E9A0008AF900212D20FAF786F9F8F727FFFFF7FB
:10E9B00097FE26212A20FAF77EF909212B20FAF763
:10E9C0007AF927212C20FAF776F910BD10B52D2001
:10E9D000FAF748F910BD0000044B10B51B68181E6B
:10E9E00003D01B68181E00D0984710BDFC280020DB
:10E9F00010B5FFF7F1FF10BD0A4B07B51A88824228
:10EA00000FD01880084B1B68002B0AD01B69002B05
:10EA100007D0694603224871000A88710A7101A86B
:10EA2000984707BDCE2F0020FC2800200A4B07B5D1
:10EA30001A8882420FD01880084B1B68002B0AD01E
:10EA40001B69002B07D0694604224871000A8871AF
:10EA50000A7101A8984707BDCC2F0020FC28002090
:10EA600070B5164B9B78012B17D015490123002256
:10EA70000D005B428C78A0421ED05E1C02D1002C9F
:10EA800000D113000132D4B2013152B2062CF1D1BF
:10EA90005A1C11D0EB1898700EE00A4A12787F2A9F
:10EAA000E3D9C108EF2807D8074A521807210140C7
:10EAB0008B4091780B43937070BDC04604110020C9
:10EAC000481500206A1900205015002010B5104B81
:10EAD0009A78012A0CD0062300210E4A94788442A9
:10EAE00000D19170013BDBB20132002BF6D10EE078
:10EAF000094B1B787F2BEED9C108EF2807D8074BAD
:10EB00005B18072101408A4099789143997010BDA4
:10EB100004110020481500206A190020501500201B
:10EB200010B5084B9B78012B09D1074B1B787F2B25
:10EB300005D91E2205480021F3F736F810BD06223C
:10EB40000348F8E7041100206A190020521500203C
:10EB50004A15002010B5084B08499A8B0C68084BE1
:10EB600090B2944204D980241A68640212191A607F
:10EB70001B680860C01810BD98180020C82F00201E
:10EB8000C42F00207047030072B60169426900205B
:10EB900091420BD1DA68824208D01A6F74331B7825
:10EBA00001309840138918404342584162B670477B
:10EBB0007047FEE7F0B5082000240E494A680E6849
:10EBC00015008B68AB4210D8D51E0026AB4203D38C
:10EBD00003339B1A9B089E00CB689219934207D877
:10EBE000013810310028E9D1F0BD80CE80C5E9E7B9
:10EBF00010C2F3E74C1B0100012218200A4BD97BFD
:10EC00001143D97399788143997008219878014309
:10EC10009970D9781143D9700221D8780143D970FD
:10EC200059780A435A707047003802400368816877
:10EC30009A6852189A60426813605A600023012251
:10EC40000360024B52429A617047C04698180020F8
:10EC50000C4B10B51868D968026853601A6001221D
:10EC6000D860002302758A680B750B691B689C6865
:10EC70009442FBD85A680B604A6011605960F1F702
:10EC80008BFA10BD98180020054B10B51A68DB6888
:10EC900092689B689A4201D9FFF7DAFF10BDC0461F
:10ECA0009818002070B5EFF3108301259D4302D022
:10ECB000EFF3058372B6FFF74DFF0F4E0F4A33682F
:10ECC000C41A0F480168A14208D91168293B2939A3
:10ECD0002934FF3BFF39FF3433601160166804604C
:10ECE000002D04D0EFF30583DB0502D062B6A01936
:10ECF00070BDFFF7C9FFF9E7F0160020E816002005
:10ED0000EC16002010B5FFF7CDFF83B20B488278D8
:10ED1000C1780A4301D00A4A1380027941790A4333
:10ED200001D0084A1380084B1B68002B05D0DB6814
:10ED3000002B02D002220270984710BD511900200A
:10ED4000401800203E180020FC28002010B572B6A4
:10ED5000034BDB6898610F20FEF72CFA10BDC0460C
:10ED600098180020EFF30983203383F3098862B6F3
:10ED7000704700000F3011D072B6EFF30983203BCB
:10ED800083F3098880225204DA61064A1168D26846
:10ED900089689268914202D9034A9A617047034A8E
:10EDA000FBE7C04698180020C7010000CA01000018
:10EDB000FEE7F7B50323150001271D400023520984
:10EDC0000C0049083C4027D03E009E408469B44373
:10EDD0008461C469B4435E00B446C46144690326D7
:10EDE00001946446A6403400B446019EA643340014
:10EDF0006646144344610469B4432C430461072408
:10EE00000F261C40A400A640F443072B08D8866AAE
:10EE100034408462002907D09200AD000133CFE76F
:10EE2000C66A3440C462F5E7F7BD162303600120CB
:10EE3000404270470020704718007047002070471C
:10EE4000030010B572B6094A106854684118A1420F
:10EE500005D962B60C2201201A60404205E08842C2
:10EE6000F7D8116062B60028F4D010BDE01600207B
:10EE700010B51400582200212000F2F795FE8023DF
:10EE80009B010020636010BD0120704772B6024BE9
:10EE9000024ADA65FEE7C046981800201610010005
:10EEA00072B6024B024ADA65FEE7C04698180020A7
:10EEB0001B10010001207047704700008022074BA3
:10EEC00007491B6852048868D21A064B03438B60BB
:10EED0008B681B021B0A9A42FAD37047182F002036
:10EEE00010E000E0FFFFFF000C4B10B518680C4964
:10EEF000F2F7D2FE0B4C0C4B206059680B4A0A43C8
:10EF00005A609A68120E12069A60042219680A431F
:10EF10001A60012219680A431A6010BD7415002096
:10EF2000A0860100182F002010E000E0FFFFFF0086
:10EF3000F0B507000D0014008BB02978002911D11D
:10EF40003B68002B0BD13A69002A08D0B968002928
:10EF500005D0FB68934200D3531E0022CA54F868C0
:10EF60000BB0F0BD0020013525290AD03800F9F793
:10EF70005FFDE2E72D2B1CD0302B22D12F3B15005B
:10EF800018432B786A1C2B2B15D0F3D8202B14D0C8
:10EF9000232B14D0002104912A2B1FD108CC0493D9
:10EFA0008B4204DA02231843049B5B42049315004E
:10EFB00014E00223E3E70423E1E70823DFE710235B
:10EFC000DDE71E000021303E04910A31092EE1D810
:10EFD0002A786E1C1300303B092B0FD900222B78A6
:10EFE00005922E2B29D18022120110436A786B1CC6
:10EFF00011003039092916D80A260CE0049B350087
:10F000004B43303BD3180493E2E7059B7343303BFB
:10F01000D31805932B001A785D1C1100303909298B
:10F02000F3D91D0009E02A2AFBD108CC023505934B
:10F03000DB43059ADB171A4005922B786A1C6C2B70
:10F040001FD017D8682B24D06A2B2BD029780135F4
:10F0500078298BD8632928D8622973D0632900D1F5
:10F0600098E0252982D0582900D07FE72023184333
:10F07000103B4AE0742B01D07A2BE7D180239B0010
:10F080000BE06B786C2BF9D1C023DB001843023501
:10F09000DCE76B78682B03D0802315001843D5E795
:10F0A000C023F3E78023DB00F7E70B000126643B76
:10F0B000DBB29E4032007F4B1A401E4213D17329AF
:10F0C00000D18FE0702900D050E77B4B02CC034386
:10F0D000002900D0E4E0009305220A233800774994
:10F0E000F9F7B8FC29E7642901D0692906D1802302
:10F0F000DB01184310239843063B06E008236F29E1
:10F1000003D0F7D9DB187829F4D1020501D5012203
:10F1100090438022D200024041041DD5002A00D035
:10F120000BE7216882050FD502900498CE17019055
:10F130000598CA0F8919714000903800F9F7B6FC9C
:10F140000434FAE60223E0E7420601D549B2EBE7D0
:10F150000206E9D509B2E7E7002A00D0EDE60C2166
:10F1600006008E43810506D5049902960191059902
:10F1700000912168E1E72168420607D5C9B2049AE7
:10F1800002960192059A00920022D6E70006F6D573
:10F1900089B2F4E7022302001A40012605921842C0
:10F1A0000DD1059E03E020213800F9F741FC049BB6
:10F1B0000136B342F7D80226002B00D05E1C02CCE9
:10F1C0003800C9B2F9F734FC059B002B00D1B4E636
:10F1D000049BB34200D8B0E620213800F9F728FCA0
:10F1E0000136F5E7230004CB06920793002A08D1E5
:10F1F0000090062238003249049BF9F72BFC079C4B
:10F200009BE6059B002B00D12E4B069A1400D318C9
:10F210002278002A01D09C4214D1069B0200E41AF5
:10F2200080231B011A400892184203D0059B9C4280
:10F2300000D91C00022302001A400992184212D180
:10F24000260006E00134E3E720213800F9F7F0FB5F
:10F250000136049BB342F7D8049A0023A24200D39C
:10F26000131B01341C19069E03E038000136F9F720
:10F27000DFFB3178002907D0089B002BF5D0069BD7
:10F28000059A9B189E42F0D1099B002BB7D0049B96
:10F29000A342B4D920213800F9F7CAFB0134F6E7BC
:10F2A00002930A230193059B380000931023F9F77A
:10F2B000FDFB42E62108120001200000271001009A
:10F2C00020100100FFFFFF7F10B50A4C23699A68E8
:10F2D00091420CD85A6881600360426010609A685D
:10F2E0005860521A9A6001235B42A36110BD1B68EB
:10F2F000891AECE79818002010B572B6FFF72AFCBF
:10F30000094C2368002B02D02000FFF78FFC8021DE
:10F310000023064A200009022361E2606361FFF7CF
:10F32000D3FF62B610BDC046F4160020F9F200000B
:10F3300070B50E4B0500DE6886B04B1C13D00C4B2D
:10F3400068460393002304960593FFF7BDFF28004A
:10F35000FDF730FF009B002B02D06846FFF766FCEC
:10F36000B06906B070BDFDF725FFF9E798180020D9
:10F370002DF6000010B5010072B60820FFF7D8FF87
:10F3800062B610BD70B5764672B6134D134AAB8B9C
:10F3900001339BB2AB832B69934204D162B6300038
:10F3A000FFF7E8FC70BD9A68013A9A602C69A3687F
:10F3B000002BF3D1226861680A605160236062B655
:10F3C0002000E3682169984772B661690029EDD091
:10F3D0002000FFF779FFE9E798180020A81800201F
:10F3E000F7B5464B464C1A780193002A05D023788E
:10F3F0000A2B01D0BB232370F7BDA378112B68D152
:10F40000E378404D404F2B703E78002B07D0022E02
:10F4100054D03E4B1B78002B4ED0F8F775FC237967
:10F420006B70B3424FD00122394B1A702B78002BEE
:10F4300001D000232B706379AB707A789A4208D0A0
:10F44000002E06D10122324B1A702B78002B00D0EF
:10F450002E70304AA3791178EB70994206D0137060
:10F4600001222D4B022E00D100221A70B422E37922
:10F47000217A2B71637A92011B020B43934207D0CE
:10F48000264A1378002B03D101331370244A1370DA
:10F49000A37ABB2BB0D1019ABA3B1370214B224AFD
:10F4A0001A800023174A13705371194A13701A4AAD
:10F4B00013701A4A13709FE72B70B0E7194B2A702C
:10F4C000194A1A80ABE7022EB5D1164B164A1A809C
:10F4D000B1E7092BDCD10B4BE2781978002908D071
:10F4E000002A06D108490978022900D001325A7150
:10F4F000CEE7012ACCD100221A70F8E7632E002053
:10F50000642E00201B2E00200C110020D72D00207F
:10F51000E22D002013110020C82D0020E12D002035
:10F52000081100200A110020DC050000F0B572B6B9
:10F530008022274B9205904226D30022F826110004
:10F54000244F76051F259C68240C2C40022C05D8DE
:10F55000455C4C1CDD60045D0231DC609C6834421B
:10F5600002D0DC68BC5401323F29EBD93F2A09D8CC
:10F57000F821490598680842FCD0D8681549885494
:10F580000132F3E762B6F0BD0022F82610001F2515
:10F590001400104F76059968090C2940022902D8F9
:10F5A000DC600230DC609968314202D0D968B9541D
:10F5B00001323F28EFD93F2AE4D8F821490598685D
:10F5C0000842FCD0D868034988540132F3E7C046AA
:10F5D00000380040642E002080220A4B5200196936
:10F5E00030B5094C114209D01969084D29401961FB
:10F5F0002168016019690A431A6130BD23680360FC
:10F60000FBE7C0460020024074E8FF1FFFFEFFFF3B
:10F6100000238268037503691B6899689142FBD2D5
:10F620005A680360426010605860704710B572B647
:10F63000087D052807D8F2F7DDFC0C060603120E3C
:10F6400000228B691A6001235B4208008B61FFF77F
:10F65000DFFF62B610BD8A699368013393604A6820
:10F660000B6813605A60EEE70300006810B5834230
:10F6700006D002681A60536000238361FFF7C8FF59
:10F6800010BDF8B50B0009339B00C3185C6805007A
:10F690000E00002C54D072B62300002288331A705A
:10F6A00067692269BA4202D1E368002B27D1B31CF3
:10F6B0009B00EB185B685B691B68002B1FD0230065
:10F6C0008C33186800280BD0BA4204D10022E368BA
:10F6D0001100934201D1390004C98368006898473A
:10F6E000E368E2690133E36063699B18A2696361BF
:10F6F000934201D3636A63612000FFF7B5FF62693B
:10F700002369934216D1E368002B13D0B31C9B00EE
:10F71000EB185B681A68022A11D15A69116800292E
:10F720000DD01A8A0B00013A1340114207D12A006A
:10F73000743200E008CA31002800FDF715FB62B6FC
:10F74000F8BD0B0011339B0010B51C58002C26D0BF
:10F7500072B602318900401843689B695B68002BD0
:10F7600019D0230074331B78226F02339B00D31807
:10F770005B689B695A6823691A60E2680132E2603B
:10F78000E2699B18A2692361934201D3636A2361F2
:10F790002000FFF769FF2000FDF7E2F962B610BD17
:10F7A0000300006810B5002804D000221A608161AF
:10F7B000FFF72EFF10BD0000F0B506006436337869
:10F7C000040085B0002B01D00023337023002700F4
:10F7D0007433B84A7C3700931178013219700133C1
:10F7E0009F42F9D163689B68002B17D1009B602171
:10F7F0001A7815000D400A4231D00020FDF7F8F9C3
:10F800000020FDF7F5FB63681B68002B02D0062182
:10F81000200098470623337005B0F0BD20009847BC
:10F820000028E3D023007A331A785B78E16E1B025C
:10F830001343994201D91900E366009B1B787F2B83
:10F8400000D87BE1002900D16EE10923337072B644
:10F850000021E36EA26E2000FDF786FA6CE1230022
:10F860007F2075331B7802401B021343924A934258
:10F8700000D141E124D880225200934254D00DD8C7
:10F88000012B4BD0022B00D1C4E0002BB5D12200BC
:10F890007C32A2660222E2662367C3E7812252001D
:10F8A000934200D1E4E0FF32FF329342A5D123001E
:10F8B00076331B78012BA0D13A88013313433CE007
:10F8C0008022120193425DD020D8A022D200934220
:10F8D00038D07A4A9B18012B00D98EE72300783361
:10F8E0001A785B7821001B0213432200606876328D
:10F8F00077314768127820000978B847002800D18E
:10F900007BE74368A3660368E36619E0902212016F
:10F9100093423CD06A4A934200D06EE7694BA3669B
:10F920000223E3660023B7E7230076331B78012B1D
:10F9300000D062E702223B8893433B80A566E566E0
:10F9400025676FE7009A12889A4213D12300763315
:10F950001A785D491A720395039B8B420ED95B4B53
:10F960001A7063681B68002B02D0012120009847A1
:10F97000032323700023A366E3668DE7039B013313
:10F980000393E9E723007F33A3660123BCE72378D1
:10F99000042B2DD172B64E4AA36825001340A360F4
:10F9A00023002C33103501932F68002F0FD0786976
:10F9B000002804D002210C304942FFF7F1FEB8695B
:10F9C000002804D002210C304942FFF7E9FE002351
:10F9D000019A08C59542E7D162B6220003217F3221
:10F9E0001370636821701B68002B01D020009847BA
:10F9F000230076331B78002BBCD022007F3213709B
:10FA00000423237063681B68002BB3D002212000FD
:10FA10009847AFE723000F221421783318782D4B35
:10FA20000240514340B25B18002811DA2C331B7896
:10FA3000002B00D1E1E6254B9A735B7C002A03D1B1
:10FA40009B0603D5244B6AE7DB06FBD4234B66E712
:10FA5000B8331B78002B00D1CFE61C4B20219A73C2
:10FA6000002A03D15B7C0B42F0D0EBE71B7DFAE769
:10FA7000230076331B78002B00D0BEE623007833BA
:10FA80001B780F2218001040134200D172E75AB2BF
:10FA90000E4B002A24DA9A7B987398733020597C95
:10FAA000D2B2814359744021587C014359749A73EE
:10FAB00060E7C046C01500200203000000FAFFFF07
:10FAC000020C0000491B01000E2700000038024014
:10FAD00001000100A0150020471B0100451B01008B
:10FAE0009A7B98739873187DD2B2884318758020DA
:10FAF000197D01431975DAE7230076331B78002B53
:10FB000000D07AE6230078331B780F2218001040CB
:10FB1000134200D12EE75BB2002B02DAFDF768F842
:10FB200028E7FDF765FA25E71423337072B60B005A
:10FB30000A002000FCF7CCFF62B66DE6002906D073
:10FB40001523337072B60021E36EA26EF1E70B232A
:10FB5000337072B60B000A007DE6C046F0B5BC4FAC
:10FB600089B07B7BDBB202933B7BDBB203937346B2
:10FB70000493B84B1B68DAB201927F221340B64A55
:10FB8000136001237A781A4202D17A7813437B708A
:10FB9000BB7BDBB20593019B5B0754D50023AF4AC7
:10FBA0000793079B934200D8AFE0A022AC4E002100
:10FBB00030005200F1F7F8FF00254023A94AAA4C73
:10FBC00073601570A94A3100E26001222C310A707D
:10FBD00031003385B436B83133803E3B0A70237030
:10FBE000E567A560E368002B12D072B6E66870691D
:10FBF000002804D002210C304942FFF7D1FDB06942
:10FC0000002804D002210C304942FFF7C9FD62B63A
:10FC100000210135E1600434082DE3D10124944B27
:10FC200091481970914B934AC3608D4B14701A0020
:10FC3000B832147040221A85B4331A8043681B68A6
:10FC40008B4200D098470821019B0B4210D08A4A72
:10FC50001388002B5FD0029B8B4003990B4387498D
:10FC60000888984255D00B801388013B9BB21380C3
:10FC7000019BDB0737D50A227F4B1A80804B023A63
:10FC80001A60804B1A78002A2DD00022764C1A7008
:10FC90002378052B27D02200803213700523237090
:10FCA00063681B68002B02D00421200098470025C0
:10FCB000A560E368002B12D072B6E6687069002870
:10FCC00004D002210C304942FFF76AFDB0690028D8
:10FCD00004D002210C304942FFF762FD62B60135C3
:10FCE0000434082DE5D1684B1A78002A2ED1674BD1
:10FCF000674968481A78002A00D01FE1059BBB734A
:10FD00000498FFF737F809B0F0BD079B013307935C
:10FD100047E70A23ABE703227B781340012BA7D1E7
:10FD20005D4A1160574A11780029A1D14E481370DD
:10FD3000017805299CD1030080331B780370436848
:10FD40001B68002B00D193E7984791E701251B78AA
:10FD50004F4AD05C514B8540EDB21D70B8730028FE
:10FD600000D0A1E004217A7C3E4ED3B20A4204D0F6
:10FD70007B7C8B437B743070B5E7DA0601D580223B
:10FD80007A743278D0B2062AADD8F2F729F9041C79
:10FD9000AC355DAC5D00DB07A5D50020FCF76AFE45
:10FDA000010008289FD13E48FCF7FAFE2C4BDB8C63
:10FDB000002B06D0402300212B487B74FFF7FCFC6E
:10FDC00091E74823F7E7264B5A6B1C8D986BA242AC
:10FDD0000AD9196B00199863121B091900205A637C
:10FDE0001963FCF769FF7EE7002180189863596367
:10FDF0001D48FDF719F976E7DB0700D473E700200B
:10FE0000FCF738FE0500274C83B2190020680193E7
:10FE1000FCF7C6FE23685B192360114C2200C43234
:10FE20001368B4345B1913602388019A934208D98C
:10FE300000210D48FDF749F948237B74443B33709A
:10FE400051E740237B744EE700213170D0E7C04674
:10FE500000380240B0380240B43802400E2700009B
:10FE6000A0150020202F0020301700207011010065
:10FE700094170020CC150020141100201E2F002004
:10FE8000A03802401C2F00209038024092380240D7
:10FE9000451A010096380240A438024094380240C6
:10FEA000C01500205C16002004227B7C134202D087
:10FEB0007B7C93437B74142343435A4EF3185C6B4F
:10FEC000002C18D01A8D196B94420DD99D6B89188E
:10FED000AD18A41A19639D635C63A24200D9220085
:10FEE00092B2FCF79FFEFEE69A6B091912199A630B
:10FEF000002219635A6314214B4B4C4C1D70414333
:10FF0000851CAB00E3185A6876185369B16B5960C9
:10FF10000121814023898B4323819368002B02D0E8
:10FF200001002000984772B6AD0064196368002193
:10FF300058690C30FFF734FC62B6D4E601251A7814
:10FF400001268C5CA540EDB20570BC733A7D32424F
:10FF500000D1CFE6802320009843FCF78BFD1422CC
:10FF6000624383B29C462F4B9B181A00C032126822
:10FF700082421FD3BC332E491B68A20052181918A5
:10FF80008B424AD114226243264B9B181900BC3184
:10FF90000A68C03312180A608A6812188A601A68E0
:10FFA000121A1A606C223B7D93433B753B7D6B3A82
:10FFB00093433B75142363431A4AD3181900B43191
:10FFC0000988614504D8C0331B688B4200D38EE694
:10FFD0001420184B60431D70A61C144DB300EB1881
:10FFE00059681218C4328B6912685A600122A24003
:10FFF0006B8993436B81CB68002B02D021002800D2
:020000021000EC
:10000000984772B6B600AD196B689B6918005968BD
:100010000C30FFF7C5FB62B669E616781E70013337
:10002000AEE7C046A01500208438024030170020FB
:10003000203802408638024070B5022504006D4227
:100040002068844200D170BD036823605C608561D4
:10005000FFF7DEFAF4E7036A10B5C360436A436151
:10006000036100238362C362FFF7E6FF10BD000057
:10007000080070B5052962D8F1F7BCFF3761033776
:10008000376272B60026364C2300220000257433F6
:10009000206F19783832FCF7CFFE01362000FFF7C9
:1000A000DAFF25729034032EEED12E4C2E4B2F4AC0
:1000B0001978206FFCF7C0FE636A2000636123613A
:1000C000E560A562E562FFF7B7FF20002572FCF747
:1000D00047FD62B6264B1B78AB4202D00520FCF7E9
:1000E00073FE0220FCF770FE29E0FCF76DFE72B68D
:1000F000002501261A4C20002672FFF79DFF2000E4
:10010000FFF7A9FF23008C331B68002B02D0DA68AD
:100110001868904701359034032DECD10123114C20
:1001200020002372FFF788FF0023626A2000E3604B
:1001300062612261A362E362FFF77EFF62B670BD77
:1001400072B6074B0022190098310A7094214900B9
:100150001A725A54034B1A7262B60520C2E7C0469F
:10016000C80E00207C100020F0100020B4100020E9
:10017000B4170020F0B587B00B6803911F2201214E
:10018000019304005B0801980293002B00D0A0E0CB
:100190009040F1F787FF039B5B690493072800DD1C
:1001A000ACE01F220121A56A0198029B002B00D020
:1001B00096E09040F1F776FF0F23800083401F22E6
:1001C00001219D430198029B002B00D08FE09040BD
:1001D000F1F768FF049B800083402B43A3621F223A
:1001E0000121039BA5699E680198029B002B00D00A
:1001F000B4E09040F1F756FF01210B0083401F222D
:100200009D430198029B002B00D0AEE09040F1F797
:1002100049FF86401F2201212E43039BA661656989
:10022000DE680198029B002B00D0A5E09040F1F71A
:1002300039FF0323400083401F2201219D43019881
:10024000029B002B00D09EE09040F1F72BFF400076
:1002500086401F2201212E43039B6661E5691E69CA
:100260000198029B002B00D094E09040F1F71AFF18
:1002700001210B0083401F229D430198029B002B0C
:1002800000D08EE09040F1F70DFF86401F22012143
:100290002E43039BE6615D6826690198029B002B53
:1002A00000D085E09040F1F7FDFE0323400083403D
:1002B00001229E431F230299002900D07FE001986C
:1002C0009840F1F7EFFE400085403543256107B0C7
:1002D000F0BD1D0040000D402843013A5B0854E783
:1002E0001E0040000E403043013A5B085EE71E00EE
:1002F00040000E403043013A5B0865E7019B1F2236
:100300001D0A5E0A28003300E76A002B14D19040D2
:10031000F1F7C8FE0F238000834001229F431F2373
:10032000002E14D128009840F1F7BCFE049B8000F9
:1003300083403B43E36252E74100059118000121ED
:1003400008400599013A014308005B08DDE73100E8
:100350006D0011400D43013B7608E1E71F004000AE
:100360000F403843013A5B0840E71F0040000F4050
:100370003843013A5B0846E71F0040000F4038430E
:10038000013A5B084FE71F0040000F403843013A35
:100390005B0856E71F0040000F403843013A5B08F6
:1003A00060E71F0040000F403843013A5B0866E7F2
:1003B0001F0040000F403843013A5B086FE7019986
:1003C0000298490010400843029901904908013BF6
:1003D000029170E7154AF0B553699B0614D5FF25C5
:1003E000F02603895468033399080139E401E409CC
:1003F00049062143516051680468090E09062143EA
:1004000051609B08002B00D1F0BD4168013B9BB2BD
:100410002142F9D1C1680F1D0968C76097689160D2
:100420001168A94331431160ECE7C0460020024047
:100430000B4B5A69920611D506C80A420ED15A686A
:10044000084802405A605A68120E12060A435A605F
:10045000FF22196891430E3A0A431A607047C0465A
:1004600000200240FFFFFFFE044B5A69920603D5AD
:100470009A6A00229A625B697047C0460020024077
:10048000054B5A69920606D49A6A044A9A629A6A95
:10049000034A9A625B6970470020024033221100D0
:1004A00088776655F0B587B001900491029272B6D4
:1004B0009023019A544D5343EB181A6F1278042A73
:1004C00002D062B607B0F0BD002288331B780392D9
:1004D000934201D16423039362B69023019A53435C
:1004E000ED1872B690270024019A049B574300939D
:1004F000454BDB190593059B9B6A002B0AD1424EA5
:10050000F619F368002B2ED033691A1DB262F26916
:100510009B18F3623C4BDB19986ADE6A029B361A21
:100520001B1B9E4200D91E00402E47D94022009935
:10053000F1F726FA009B403440330093324BDB192D
:100540009B6A4033304AD219D16A9362994204D8E7
:10055000D16928000439FCF7A6FA62B6029BA342CF
:1005600018D972B6C7E7337A002B0FD1274B039AFD
:10057000DB68002A0AD06A681D605A606421136033
:1005800004206B60FEF7D4FE0028BADA62B6029B44
:10059000A34220D872B6902201991B4B4A439B1864
:1005A0009A6A002A00D18CE71B69043AD11A9A4250
:1005B00000D186E72800FCF776FA82E7320000993E
:1005C000F1F7DEF9009BA4199B1900930E4BDB1980
:1005D0009B6A9B19B6E772B69023019A0A4E534361
:1005E000F61833006242544188331A7828001443C5
:1005F0001C70FFF721FD2800FFF72DFD002333724B
:10060000FEF742FB62B66CE7C80E00209818002087
:1006100010B5010008220120FFF744FF10BD10B5FE
:10062000010020220020FFF73DFF10BD10B50100A2
:1006300006220020FFF736FF10BD10B5010003228F
:100640000020FFF72FFF10BD0A0010B5202903D1AD
:1006500001000220FFF726FF10BD0000F7B50C00D7
:1006600001931500204B00280CD01970FEF71AFBDF
:100670001E4B18800723012023409840C0B2F5F795
:1006800005FAF7BD1E788E4229D1184B1F88FEF758
:1006900009FBC01B80B2C72821D82C002034E4B24B
:1006A000AE420FD033000126072730003B40984070
:1006B000C0B2F5F7E3F9BC4204D82F40BE40F0B217
:1006C000F5F7E4F90198F7F7DFFC072CD9D80723F1
:1006D00001201D40A840C0B2F5F7D0F9D1E70723AB
:1006E00001201C40A040F6E764190020162F0020CE
:1006F000F0B58DB00C22002109A8F1F755FAA94BED
:100700000124019300230F250093019B1B685A1CB1
:100710002BD072B601261F002B409E40AF43310004
:10072000012238003604FEF744FBBE6062B6E343A4
:1007300006279C469C4809A902680B88561C00D1D4
:1007400014E11600AE4336682A40D6400122164214
:1007500000D00BE12343013FFFB20B800430023194
:10076000002FE9D10098F8F74BF9009B64000133A2
:10077000DBB20093019BA4B204330193009B102BC6
:10078000C3D18A4D0C22280009A9F1F761FA041E91
:1007900004D00C22280009A9F1F7F2F80022844EB7
:1007A000844B35781A70954200D181E1FEF77AFAD0
:1007B000814A13681060C11A98425BD07F2900D922
:1007C0007F210022CBB207937C4B32701A70794B99
:1007D00005921B7804920193794B06920093734B18
:1007E00002930020774B039313189C466646039BA5
:1007F0009B5D5F0820D08F4200DDBAE0012667468E
:100800003340039EF35500D0BEE001278740029E8F
:10081000009B36881B883E40B4461E00BE4337000E
:1008200066463743019E7B4033435E1EB341DBB2D5
:100830000193009B04951F8001301028D4D1009BA8
:10084000103202330093029B02330293602AC8D114
:10085000059B002B02D0594B5F3A1A70049B002B6A
:1008600002D0544B019A1A70069B002B02D0012231
:100870004F4B1A70002C09D1504B1B78002B51D0D4
:10088000002D03D1FEF70EFA4B4B18600023012117
:100890001C008C46494A02931370444A0092484A0D
:1008A0000099098803910398118848400021059018
:1008B0004448019060468840070080B20490019847
:1008C0005E18805D450806953D00059F3D425DD060
:1008D0000698002811D1049C03982040441EA04192
:1008E0000A242043019CA055C007C40F002856D0FD
:1008F0001088049D02944540158001311029D9D1FA
:1009000000991033023100910232602BC8D1029B52
:10091000002B02D00122274B1A70002C02D001229A
:10092000234B1A70284C2378002B59D0274E35784A
:10093000002D55D1264B274A1B78127813434FD0F0
:10094000DB064DD5244B1F88002F49D0FEF7AAF9AE
:10095000224BC01B80B2984242D9012325703370CC
:10096000F7F7F4F9F9F716FBF7F7A0F96246134029
:10097000F1E6079E0695BF1B01267F0033403B43EF
:100980006746039EF35557E7059355E74508B4D0EE
:10099000C507B2D465462840019DA855ADE7644619
:1009A000ABE7C04678120100B01101000C1700201F
:1009B000142F0020152F0020102F00200C2F0020B6
:1009C000B6170020AC2E0020CB190020CA19002039
:1009D000511A0020501A0020C8190020B70B00003F
:1009E000FEF760F934490A68002A20D0334B344CB2
:1009F0001D7880B2002D02D02568854217D0206076
:100A00000120304C187023682F485D00285A2F4D64
:100A100001332B4003D52E4D013B2B430133236083
:100A20002C4B013A1B680A60002B00D098472A4DD6
:100A30002B68002B37D0294A1788002F1AD0284C52
:100A40002278002A16D11E8AFEF72CF9C01B80B22C
:100A500086420FD8012323702B689B68002B24D07B
:100A60009847002821D02B68D8881E4B1880C0B228
:100A7000F7F71EFA1C4B1B78042B14D11B4B1E8856
:100A8000002E10D01A4C2378002B0CD12B681D8A15
:100A9000FEF708F9801B80B2854204D80123D120DB
:100AA0002370F7F77DF90DB0F0BD2B689888DCE76F
:100AB000002C00D1E0E6E5E6C41C0020BE190020B1
:100AC000A82E0020C01C0020C01A0020FF000080BB
:100AD00000FFFFFF181700204C1A0020BC1900204F
:100AE000BA190020B8190020A51A00203C1A0020CD
:100AF0003E1A0020F7B50E4C0E4B24781B7801945B
:100B00000D4C019DAB4201D10020FEBDDE00A519B8
:100B10006F788F4205D1365D864202D16D7995425C
:100B200003D1072501332B40EBE70120EDE7C04659
:100B30006D1900206E19002070190020054B023835
:100B40001B7841424841023B59424B41024A1840FE
:100B5000107070470C110020D12D002010B574309A
:100B6000C3790A4984791B020A782343022B0AD1EC
:100B7000012A01D0062A05D1054B4A78D8785A7047
:100B8000FFF7DCFF10BD024BF8E7C046742F0020D2
:100B90000411002070B504007F237434217805000F
:100BA0000B40212B00D08DE04BB2002B49DA63784B
:100BB000022B2ED0032B20D0012B42D12379022BE4
:100BC00001D9002070BDA1780829FAD8514AD25C19
:100BD000022AF6D8902353434F4A9B58002BF0D05B
:100BE0004E4C5E6818682200B0474D4BAB66A36C54
:100BF0000022EB662A670120E4E76279237912027A
:100C00001A431ED14749484B8978836619700123DE
:100C1000EFE72379022BD4D8A1780829D1D83D4A0F
:100C2000D25C022ACDD8902353433B4A9B58002BD9
:100C3000C7D05A69186890473C4B1870AB660123BF
:100C4000D6E763780A2B1ED00B2B0CD0092B39D199
:100C50006279237912021A4302239A4332D1344A29
:100C6000AA66344AC5E7637922791B02134307D188
:100C7000A2782C4B511E8A41D8789A70FFF75EFFFC
:100C80000023AB66B4E7274BE678D8781E70FFF7F1
:100C900055FF2379022B00D993E7A178082900D9C1
:100CA0008FE71C4AD25C022A00D98AE7902353437B
:100CB000194A9B58002B00D183E732001C69186841
:100CC000A047DDE7602300269943812913D163788B
:100CD000062B10D16379227968681B02A17813432F
:100CE000E27844682800A047B04200D169E7436831
:100CF000AB6603687CE7D82464000F4B9B59002B3C
:100D000003D19036A642F8D15BE728009847002827
:100D1000F7D070E7CC1B0100540F0020242F0020D7
:100D20002A2F002004110020712F0020702F002096
:100D3000742F00205D0B01004C0F00201FB5040034
:100D400072B6FFF79DFB0094E44368460194FFF7F9
:100D50006FFBFFF789FB62B61FBD70B5E024F0257D
:100D600064026D022000FFF7E9FF80239B00E41876
:100D7000AC42F7D1E02000214002F6F75DFDF024FF
:100D800060020134E4B2FFF7D9FF002CF8D170BD46
:100D90000FB407B5044805A90191F7F74FFF03B059
:0C0DA00008BC04B01847C046F40F010066
:100DAC0000FFC80000202020202020202020282800
:100DBC00282828202020202020202020202020200F
:100DCC00202020202088101010101010101010104F
:100DDC00101010101004040404040404040404107F
:100DEC00101010101010414141414141010101010D
:100DFC0001010101010101010101010101010101D7
:100E0C0010101010101042424242424202020202E2
:100E1C0002020202020202020202020202020202A6
:100E2C001010101020000000000000000000000056
:100E3C0000000000000000000000000000000000A6
:100E4C000000000000000000000000000000000096
:100E5C000000000000000000000000000000000086
:100E6C000000000000000000000000000000000076
:100E7C000000000000000000000000000000000066
:100E8C000000000000000000000000000000000056
:100E9C000000000000000000000000000000000046
:100EAC000000000000000000C6170000CC16000077
:100EBC00CC160000CC160000CC160000CC1600009E
:100ECC00CC160000CC160000CC160000CC1600008E
:100EDC00CC16000028170000E0160000CC1600000D
:100EEC00CC160000CC160000CC160000E01600005A
:100EFC00CC160000CC160000CC160000CC1600005E
:100F0C0042160000081700005A170000CC1600000B
:100F1C00CC1600003C170000CC160000081700008F
:100F2C00CC160000CC160000D41700008A24000058
:100F3C00B6230000A02300001C240000A023000006
:100F4C0050240000A02300001C240000B623000045
:100F5C00B6230000502400001C2400008C23000049
:100F6C008C2300008C2300005A240000B6230000C0
:100F7C00B6230000A0230000F6240000A0230000EC
:100F8C0050240000A0230000F6240000B62300002B
:100F9C00B623000050240000F62400008C2300002F
:100FAC008C2300008C230000F0310000A4300000E2
:100FBC001C300000463000001C300000883100005E
:100FCC001C30000046300000A4300000A4300000AB
:100FDC0088310000463000003E3000003E300000FA
:100FEC003E300000AA310000325034473A256420CC
:100FFC00424C453A256420504F533A2564204D4FBE
:10100C0044453A25640A0063300065786974006BC6
:10101C00696C6C00296C6C756E2800296C696E28E3
:10102C00000000002A0000DD198000002C0000DD0B
:10103C00238000002D0000FF2D8000002E0022FFD9
:10104C003D800000380000FF4D800000090011DDDC
:10105C0059800000050011DD6380000000000000D5
:10106C000000000000010101010101010101020267
:10107C00020202020202020303030303030303043A
:10108C000404040404040505050505060606060605
:10109C00070707070708080808090909090A0A0ABF
:1010AC000B0B0B0C0C0C0D0D0D0E0E0E0F0F0F1061
:1010BC0010111111121213131414151516161717EB
:1010CC00181819191A1A1B1B1C1D1D1E1E1F202057
:1010DC00212222232424252626272829292A2B2CA1
:1010EC002D2D2E2F30313232333435363738393AC4
:1010FC003B3C3D3E3F404142434445464748494ABC
:10110C004C4D4E4F50515354555658595A5B5D5E89
:10111C005F616264656668696B6C6D6F7072737524
:10112C0077787A7B7D7E8082838587888A8C8E8F88
:10113C0091939596989A9C9EA0A2A3A5A7A9ABADB6
:10114C00AFB1B3B5B7BABCBEC0C2C4C6C9CBCDCFA4
:10115C00D1D4D6D8DBDDDFE2E4E7E9EBEEF0F3F552
:10116C00F8FAFDFF00000000B9F7000029D00000DC
:10117C00CBD00000400040009012002090120020C4
:10118C00010000008812002013100100A81200209A
:10119C00681300207100010089C80000950B010044
:1011AC000000000000040048030400480404004848
:1011BC000504004806040048070400480004080C15
:1011CC001014181C2024282C3034383C4044484C33
:1011DC005054585C6064686C7074787C8084888C23
:1011EC009094989CA0A4A8ACB0B4B8BCC0C4C8CC13
:1011FC00D0D4D8DCE0E4E8ECF0F4F8FFFFF8F4F03D
:10120C00ECE8E4E0DCD8D4D0CCC8C4C0BCB8B4B0F2
:10121C00ACA8A4A09C9894908C8884807C787470E2
:10122C006C6864605C5854504C4844403C383430D2
:10123C002C2824201C1814100C0804000102030490
:10124C0005060708090AFF0000FF8000FFFF0000E9
:10125C00FF0000FFFF0000FF8000FFFFFFFF00000A
:10126C00000000C800C800C8000000000F0C0048B7
:10127C000E0C00480F0800480E0800480D080048E6
:10128C00030C0048020C00480C0800480B080048EE
:10129C000A0800480E0000480908004808080048E1
:1012AC0007080048060800480F040048E200E9005F
:1012BC00EA00B500B600B700CD008301CC008A016E
:1012CC009201940121022302240225022602270204
:1012DC002A02B300B4006F0070009F01CB019F0283
:1012EC00A002000000000000000000000000000050
:1012FC000000000000007E0F00D4FFFFFFC70000BD
:10130C00007800000000000000002A2B28000000DC
:10131C000000000000000000000000000029000098
:10132C0000002C1E3420212224342627252E362D75
:10133C003738271E1F202122232425263333362E0F
:10134C0037381F0405060708090A0B0C0D0E0F1081
:10135C001112131415161718191A1B1C1D2F3130C6
:10136C00232D350405060708090A0B0C0D0E0F106A
:10137C001112131415161718191A1B1C1D2F3130A6
:10138C00354C3A3B3C3D3E3F40414243000000005F
:10139C000044450102040810204080000400167E21
:1013AC00E600E7003D51000000000000C80001000D
:1013BC00000000000080FF00000000009980000089
:1013CC005151000079510000000000003010010064
:1013DC001D2E2C1F1120212216232425302F1718E7
:1013EC000F121E13152D102B142A0D0E282934350F
:1013FC0037383B3C00FFFFFFFFFFFFFFFFFFFFFF06
:10140C00FFFFFFFFFF0102030405060708090A0B93
:10141C000C0DFFFF0E0F10111213141516171819BF
:10142C001A1BFFFF1C1D1E1F2021222324252627EB
:10143C00FF28FFFF29FF2A2B2C2D2E2F3031323382
:10144C00FF34FFFF353637FFFF38FFFFFF393A3BDC
:10145C003CFFFFFF000A100A200A300A400A500A1B
:10146C00600A700A800A900AA00AB00AC00ADC0A54
:10147C0004141814281438144814581468147814C4
:10148C0088149814A814B814C814DE14041E1C1E56
:10149C002C1E3C1E4C1E5C1E6C1E7C1E8C1E9C1E30
:1014AC00AC1EBC1ED81E08282328332843285328DA
:1014BC006328732883289328A328B428E0280032B3
:1014CC00143228326E32B032C032D028E028E141DA
:1014DC00E141E141010101010101010101010101B0
:1014EC0001010101010101010101010101010101E0
:1014FC0001010101010101010101010101010101D0
:10150C0001010101010101010101010101010101BF
:10151C00010000001020004000000080500051002D
:10152C0052004F005002510252024F024F034F0320
:10153C00500350034F034F034A024A024D024D031E
:10154C004A03290000000000000000000000000019
:10155C00000000000000000000000000000000007F
:10156C00000000001E001F002000210022002300AC
:10157C0024002500260027002D002E002A00000044
:10158C0000002B0014001A000800150017001C00A6
:10159C0018000C00120013002F0030003100000066
:1015AC000000390004001600070009000A000B00B7
:1015BC000D000E000F003300340000002800000066
:1015CC000000E10000001D001B00060019000500D2
:1015DC00110010003600370038000000E500000054
:1015EC000000E000E300E200000000002C0000001E
:1015FC0000000000167E24526500E400000000008C
:10160C0000002900000000000000000000000000A5
:10161C0000000000000000000000000000000000BE
:10162C00000000001E001F002000210022002300EB
:10163C0024002500260027002D002E002A00000083
:10164C0000002B0014001A000800150017001C00E5
:10165C0018000C00120013002F00300031000000A5
:10166C000000390004001600070009000A000B00F6
:10167C000D000E000F0033003400000028000000A5
:10168C000000E10000001D001B0006001900050011
:10169C00110010003600370038000000E500000093
:1016AC000000E000E200E300000000002C0000005D
:1016BC0000000000167E24526500E40000000000CB
:1016CC0000003500000000000000000000000000D9
:1016DC0000000000000000000000000000000000FE
:1016EC00000000003A003B003C003D003E003F0083
:1016FC004000410042004300440045002A00000025
:10170C0000002B00017E027E037E007E4600470017
:10171C0048000C00120013002A7829782178000068
:10172C0000003900005201520700090049004A002C
:10173C004B000E000F0024782378000028000000D6
:10174C000000E100000043780000487847784C0026
:10175C004D004E004A78497852000000057E00008A
:10176C000000E000067EE20000000000427800006D
:10177C0000000000500051004F000000000000006D
:10178C000000350000000000000000000000000018
:10179C00000000000000000000000000000000003D
:1017AC0000000000BE00BD00C100C20022002300EA
:1017BC00AC00AE00AB00A800AA00A9002A000000F3
:1017CC0000002B00017E027E037E007E4600470057
:1017DC0048000C00120013002A78297821780000A8
:1017EC0000003900005201520700090049004A006C
:1017FC004B000E004B0024782378000028000000DA
:10180C000000E100000000000000487847784C0020
:10181C004D004E004A78497852000000057E0000C9
:10182C000000E000E200E30000000000427800004D
:10183C0000000000500051004F00000000000000AC
:10184C00000001000000000000000000000000008B
:10185C00000000000000000000000000000000007C
:10186C00000000003A003B003C003D003E003F0001
:10187C0040004100420043004400450001000000CC
:10188C0000000100017E027E037E007E010001004B
:10189C000100010001000100AA00A90001000000E4
:1018AC000000010001000100010001000100010025
:1018BC000100010001000100010000000100000016
:1018CC000000010000000100010001000100010006
:1018DC0001000100010001000100000001000000F6
:1018EC0000000100010001000000000001000000E8
:1018FC0000000000010001000100010000000000D8
:10190C000000000029480000A55C0000D15C00002C
:10191C00FD5C0000295D000041480000C80501097C
:10192C0002A10185020901A1000509190129081567
:10193C000025019508750181020501093009311551
:10194C0081257F95027508810609381581257F95BB
:10195C000175088106050C0A38021581257F950151
:10196C0075088106C0C005010980A1018503190114
:10197C002AB700150126B700950175108100C00526
:10198C000C0901A101850419012AA002150126A048
:10199C0002950175108100C005010906A10185069B
:1019AC00050719E029E71500250195087501810245
:1019BC000507190029EF1500250195F07501810225
:1019CC000508190129059505750191029501750305
:1019DC009101C00660FF0961A1010962150026FF93
:1019EC00009520750881020963150026FF009520DB
:1019FC0075089102C005010906A101050719E02926
:101A0C00E71500250195087501810295017508817E
:101A1C00010507190029FF150026FF00950675081A
:101A2C008100050819012905150025019505750189
:101A3C009102950175039101C000000100020001A3
:101A4C00000300010002000100040001000200017B
:101A5C00000300010002000100050001000200016A
:101A6C00000300010002000100040001000200015B
:101A7C000003000100020001000600010002000149
:101A8C00000300010002000100040001000200013B
:101A9C00000300010002000100050001000200012A
:101AAC00000300010002000100040001000200011B
:101ABC000003000100020001000700010002000108
:101ACC0000030001000200010004000100020001FB
:101ADC0000030001000200010005000100020001EA
:101AEC0000030001000200010004000100020001DB
:101AFC0000030001000200010006000100020001C9
:101B0C0000030001000200010004000100020001BA
:101B1C0000030001000200010005000100020001A9
:101B2C00000300010002000100040001000200019A
:101B3C000003000100020001000000010000000091
:101B4C0090220100F8300020F8300020F8300020FE
:101B5C0090220100000000000000000000000000C6
:101B6C0090220100000000000000000000000000B6
:101B7C0090220100000000000000000000000000A6
:101B8C009022010000000000000000000000000096
:101B9C009022010000000000000000000000000086
:101BAC009022010000000000000000000000000076
:101BBC009022010000000000000000000000000066
:101BCC000102003031323334353637383941424333
:101BDC004445460016034300490044004F004F00A3
:101BEC00200051004B00360031000000120352005F
:101BFC0044004D00430054004D005A0054000000B6
:101C0C000403090409025B00030100A0FA090400A3
:101C1C000001030101000921110100012244000708
:101C2C0005810308000109040100020300000009FA
:101C3C002111010001222200070582032000010767
:101C4C000503032000010904020001030000000940
:101C5C00211101000122B6000705840320000112A6
:101C6C0001000200000040B03635300500010203CF
:101C7C00014422B6011A0100DF19010029190100E3
:101C8C00221C01003B1C01005B1C0100FF00003109
:101C9C0031295A1B750A00005245454E54206D617E
:101CAC006C6C6F63207375636365656465640000B9
:101CBC002E2E2F2E2E2F2E2E2F2E2E2F2E2E2F2E33
:101CCC002E2F6E65776C69622F6C6962632F73744B
:101CDC00646C69622F72616E642E63002C206675D1
:101CEC006E6374696F6E3A20000000006173736557
:101CFC007274696F6E2022257322206661696C658F
:101D0C00643A2066696C6520222573222C206C694C
:101D1C006E65202564257325730A0000232D302B56
:101D2C0020000000686C4C00656667454647000063
:101D3C0030313233343536373839414243444546F5
:101D4C0000000000303132333435363738396162B7
:081D5C006364656600000000ED
:081D6400F803FF7F01000000FD
:101D6C00040C00200000000044110020AC110020E5
:101D7C001412002000000000000000000000000011
:101D8C000000000000000000000000000000000047
:101D9C000000000000000000000000000000000037
:101DAC000000000000000000000000000000000027
:101DBC00000000000300000044110020000000009F
:101DCC000000000000000000000000000000000007
:101DDC0000000000000000000000000000000000F7
:101DEC0000000000000000000000000000000000E7
:101DFC0000000000000000000000000000000000D7
:101E0C0000000000200000000000000000000000A6
:101E1C0000000000000000000000000000000000B6
:101E2C0000000000000000000000000000000000A6
:101E3C000000000000000000000000000000000096
:101E4C000000000000000000000000000000000086
:101E5C000800000000000000000006000000000068
:101E6C000000000000000000000000000000000066
:101E7C000000000000000000000000000000000056
:101E8C000000000000000000000000000000000046
:101E9C000000000000000000000000002000000016
:101EAC000000000000000400000000000000000022
:101EBC000000000000000000000000000000000016
:101ECC000000000000000000000000000000000006
:101EDC0000000000000000000000000000000000F6
:101EEC0000000000000000000300000000000000E3
:101EFC0000000300000000000000000000000000D3
:101F0C0000000000000000000000000000000000C5
:101F1C0000000000000000000000000000000000B5
:101F2C0000000000000000000000000000000000A5
:101F3C000000000003000000000000000000020090
:101F4C000000000000000000000000000000000085
:101F5C000000000000000000000000000000000075
:101F6C000000000000000000000000000000000065
:101F7C000000000000000000000000000000000055
:101F8C00060000005C0C0020A80C002000000000E3
:101F9C0000000000D80D00208C0D0020400D00200A
:101FAC0000000000F40C0020000000000000000005
:101FBC00240E002059D100003DD10000F1CD0000CD
:101FCC00A5C90000C1C90000D1C90000280E00201D
:101FDC0059D100003DD10000F1CD0000A5C9000091
:101FEC00C1C90000D1C900002C0E002095D1000001
:101FFC0071D100000FCE000001CA000025CA0000FC
:10200C003DCA00007D5800007DC80000110601008B
:10201C001F0601002D0601003B06010049060100C8
:10202C0000FF00FFFF0300000000000000000000A4
:10203C000000000000000000000000000000000094
:10204C000000000000000000000000000000000084
:10205C000000000000000000000000000000000074
:10206C00030000000000000083F6000000000000E8
:10207C002000000000000000000000000200000032
:10208C000000000000000000000000000000000044
:10209C0000000000000000003017002004000000C9
:1020AC0004000000200000002814002000000000A4
:1020BC0000000000880E002000000000000000005E
:1020CC000000000000000000000000000000000004
:1020DC0000000000000000000000000000000000F4
:1020EC0000000000000000000000000000000000E4
:1020FC00030000000000000083F600000000000058
:10210C0008000000000000000000000002000000B9
:10211C0000000000000000000000000000000000B3
:10212C00000000000000000030170020010000003B
:10213C000400000008000000F8130020000000005C
:10214C00000000006C0E00200000000000000000E9
:10215C000000000000000000000000000000000073
:10216C000000000000000000000000000000000063
:10217C000000000000000000000000000000000053
:10218C00030000000000000083F6000000000000C7
:10219C002000000000000000000000000200000011
:1021AC000000000000000000000000000000000023
:1021BC0000000000000000003017002002000000AA
:1021CC000400000020000000681300200000000044
:1021DC0000000000500E0020FF02C80000000000AC
:1021EC0000000000000000000000000000000000E3
:1021FC0000000000000000000000000000000000D3
:10220C0000000000000000000000000000000000C2
:10221C0000000000030000000000000000000000AF
:10222C0043F7000000002000000000000000000048
:10223C000200000000000000000000000000000090
:10224C00000000000000000000000000301700201B
:10225C00030000000400000020000000B81400205F
:10226C00000000000000010001003C0002013201EE
:10227C00000001FF140041004100410041004100F9
:04228C003905000010
:040000030000019167
:00000001FF
