:1000000000040020910100008DE30000D9E300000E
:100010009301000093010000930100009301000090
:100020009301000093010000930100009301000080
:1000300093010000930100009301000069F00000AB
:10004000930100009301000093010000C9710000BA
:1000500093010000ED710000017200005972000070
:10006000930100009301000045720000930100001D
:100070009301000093010000297300000972000041
:100080001D72000031720000930100009301000016
:100090009301000093010000930100009301000010
:1000A0009301000093010000930100009301000000
:1000B00093010000930100009301000041F800004B
:1000C00072B6244880F30888234880F30988022008
:1000D00080F31488BFF36F8F08F003F80EF066F812
:1000E0001E481F491B4A914202DA08600431FAE7B0
:1000F0001C49194A914202DA08600431FAE71A49A8
:100100001A4A1B4B9A4204DA086810600431043220
:10011000F8E700201749184A914202DA08600431D2
:10012000FAE70EF05BF80EF057F8144C144DAC42A1
:1001300003DA216888470434F9E70AF0E1FF114C3B
:10014000114DAC4203DA216888470434F9E70F49BE
:100150000847000000040020000C002055555555AC
:100160000000002000040020901A0100000C002074
:100170002411002040110020E8300020C0000000C1
:10018000C0000000C0000000C0000000DBE1000073
:1001900096E700F000F8FEE7F0B544464D465646B7
:1001A0005F46F0B46B46CB60C3689D46F0BCA0468A
:1001B000A946B246BB46F0BD62B6281CA047002047
:1001C0000EF0D8F8FEE70EF057F8024A024B136023
:1001D000FEE7C04604ED00E000000080114B70B562
:1001E0001C680500236B002B03D000221D615A619F
:1001F00070BD182000F094F8031E20630CD00A4A4A
:1002000000210260094A4260094A82600B22828111
:10021000012018615961E8E700224621054B064894
:1002200000F050F8000C00200E33CDAB34126DE618
:10023000ECDE0500C8190100E0190100184B70B58B
:100240001D682C6B002C0ED020696169154A164B75
:1002500001F098FE0122002312184B41580040087B
:100260002261636170BD182000F05AF8041E2863F3
:100270000FD00E4B012203600D4B43600D4B83608A
:100280000B23838100230261436107480A4A064B1E
:10029000E6E700225221094B094800F013F8C04656
:1002A000000C00202D7F954C2DF451580E33CDAB12
:1002B00034126DE6ECDE05002E7F954CC819010066
:1002C000E019010070B514001A000A4B06001B6803
:1002D00084B0D868002C0AD0074B084D01930091D8
:1002E00033002900029400F03BF800F011F8044BB1
:1002F0001C00F2E7000C00200C1A01001C1A01007F
:10030000181A0100130010B50022FFF7DBFFC046EA
:10031000062010B500F0C8F801200EF0CBF8C0465A
:1003200010B5034B0100186800F02EFF10BDC04649
:10033000000C002010B5034B0100186800F0ACFF62
:1003400010BDC046000C00200CB400B583B004AB57
:1003500004CB019300F082F903B008BC02B0184747
:100360000EB400B582B003AB0100054804CB0068B1
:10037000019300F073F902B008BC03B01847C046FF
:10038000000C0020C36B10B50400002B01D000202E
:1003900010BD802100F0F8FEE063002806D00200C6
:1003A0000023803208C09042FCD1F0E70120404297
:1003B000EEE7C04670B505000C0016001F2907D8EF
:1003C000C06B002809D0A40004192068266070BD05
:1003D0001623036001204042F9E78021280000F045
:1003E000D3FE010003000022E86380310028F1D031
:1003F00004C38B42FCD1E6E770B505000C001F2951
:100400001ED8C36B002B0ED08A009B181A68002AD6
:1004100009D0012A05D0511C0ED0002120001960FE
:100420009047002070BD280001F004FB220001006D
:10043000280001F0EBFAF5E7162303600120F1E74D
:100440001623036001204042ECE7C04670B505006A
:100450000C001F2924D8C36B002B14D0A2009B18BA
:100460001A68002A09D0511C0BD0012A07D000219C
:10047000200019609047002070BD0120FCE7032098
:10048000FAE70220F8E7802100F07EFE031EE86311
:1004900006D000210200803002C28242FCD1DDE79A
:1004A00001204042E8E7C046144B70B504001D68C7
:1004B0001F281DD8EB6B002B0DD082009B181A68EB
:1004C000002A08D0012A04D0511C0DD00021196047
:1004D0009047002070BD280001F0ACFA2200010016
:1004E000280001F093FAF5E7162301202B60F1E7CD
:1004F000162301202B604042ECE7C046000C002090
:10050000114B70B504000E001D681F2807D8E86B5A
:10051000002809D0A40004192068266070BD1623A5
:100520002B6001204042F9E78021280000F02CFEDA
:10053000010003000022E86380310028F1D004C3E9
:100540009942FCD1E6E7C046000C00200C4B10B5E8
:100550001C68E36B002B01D0002010BD802120001F
:1005600000F012FEE063002806D002000023803273
:1005700008C09042FCD1EFE701204042EDE7C046C1
:10058000000C0020174B70B504001D681F2825D8EB
:10059000EB6B002B14D0A2009B181A68002A09D01C
:1005A000511C0BD0012A07D0002120001960904770
:1005B000002070BD0120FCE70320FAE70220F8E7E5
:1005C0008021280000F0E0FD031EE86306D0002132
:1005D0000200803002C29042FCD1DCE701204042A0
:1005E000E7E7C046000C0020936810B5013B93601C
:1005F000002B04DA9469A34207DB0A2905D01368AB
:10060000581C10600800197010BD00F0A1FEFBE737
:10061000F8B506000F00002B0DD01400D51802E02D
:100620000134AC4207D03A0030002178FFF7DCFFFC
:10063000431CF5D1F8BD0020FCE7C04610B51400FE
:1006400092680023002A05D0220000F08BF90022D6
:100650000300A26000221800626010BDF0B54E4693
:100660004546DE465746E0B58146884614001E00E2
:100670009FB0002803D0036A002B00D11FE143463E
:100680009B891B0700D48FE043461B69002B00D1D8
:100690008AE0002306AD6B6120336B761033AB76B6
:1006A0005346A346874F059603935B461B78002B62
:1006B00000D19BE05C4603E063780134002B7DD0E1
:1006C000252BF9D15B46E31A9A465C457BD123780A
:1006D000002B00D18AE0012300225B42069207939F
:1006E000002200230892099300234332AB54AB65E8
:1006F00001339B46013406E05A46C01B82401C0071
:1007000029680A432A6005223800217800F0F0F8B1
:10071000631C1E000028EFD12A68D10602D54321B0
:1007200020306854110702D543212B2068542178CA
:100730002A2967D1059B191D1B680591002B00DA3A
:1007400098E0EB6061782E2900D172E05E4C0322C4
:10075000200000F0CDF8002806D04023001B834085
:100760002A68013613432B603178731C06225748E0
:100770009B46297600F0BCF8002800D180E0544B5D
:10078000002B67D005AA0092290042464846514BEB
:1007900000E000BF0390039B013327D0039A6B69ED
:1007A000944663446B6180E74146484600F062FC32
:1007B000002800D16DE7012040421CE05B46E31AAF
:1007C0009A465C4512D03B0000264746A0464C4660
:1007D000994602E00136B24543D95B463A00200013
:1007E000995DFFF701FF0130F4D1B84643469B897C
:1007F0005B06E0D468691FB0F0BCBB46B246A946B0
:10080000A046F0BD08003038260009289BD8EA68C9
:10081000140000E00133A2001219197852001418D4
:10082000080030380928F5D91E00EC602E2900D0C8
:100830008CE771782A292DD1059BB01C1A1D1B68E5
:1008400005926B60002B02DA01235B426B60B1788A
:1008500006007BE70722059B073393430833059384
:100860009CE74B466A69A146524444466A61B846D1
:100870001F002CE75B42EB6002231A432A6061E70A
:1008800005AA0092290042464846124B00F0BCFEE1
:10089000039080E708000023303801366B60092898
:1008A00000D953E71A0093009B1871785B001A185F
:1008B0000800303801360928F5D96A6046E700F0AB
:1008C000D7FADCE64C1A0100541A0100581A01004C
:1008D000000000001106000010B504001300034AD8
:1008E00010680A002100FFF7B9FE10BD000C0020BF
:1008F00070B5CCB283070DD0531E002A0FD003254C
:1009000004E00130284206D0013B08D30278A2421D
:10091000F7D170BD1300032B03D8002B14D1002096
:10092000F7E7FF220A401502AD182A040B4EAD1856
:1009300003E0043B0430032BEFD9026808496A4006
:10094000511891433142F4D0C31802E0013098426B
:10095000E5D00278A242F9D1DBE7C04680808080F2
:10096000FFFEFEFEF0B54E46DE4657464546E0B574
:10097000936883B00C0091460090002B5FD00C234D
:10098000CA5E130763D50B69002B60D04B461F6806
:10099000930723D5A36A00269A46B34B00259846B1
:1009A000216A002D16D02B00454500D9AE4B3200F0
:1009B0000098D047002859DD4B464A469B683618B8
:1009C0001B1A2D1A9360002B39D0A36A216A9A460C
:1009D000002DE8D13E687D680837E2E7D30762D58D
:1009E0000023B84600209A4600261F00002E45D05E
:1009F00000284CD03B00B3469E4200D99B4620685D
:100A00002269A5686369904203D9ED18AB4500DD02
:100A1000FEE05B4500DDEEE0A56A5246216A0098E3
:100A2000A847051E22DD01207F1B19D04B464A46F0
:100A30009B68AA445B1B761B9360002BD6D10020D9
:100A400003B0F0BCBB46B246A946A046F0BD2100AB
:100A5000009800F00FFB00280DD10C23E25E95E713
:100A60002100009800F0C2FA0028DFD00C22A35E1B
:100A700040221343A38101204042E1E7082243467C
:100A800094465E68E044002EF8D01B689A46320017
:100A90000A215046FFF72CFF002800D1DBE0534627
:100AA0000130C71AA6E7002380219A4689008B46A9
:100AB000564655462068A36884469846002D5CD06B
:100AC00059460A425DD09A46AB4200D990E0902345
:100AD000DB001A4232D02169431A60690193430056
:100AE0001B18D80FC3185810019B824601335B199D
:100AF000834201D99A461800520500D497E00100BC
:100B0000009800F041FB8046031E00D1A6E0019A48
:100B1000216900F035FFA389544A13408022134312
:100B2000A38143462361019B1A00424494462260FC
:100B30005246A846AA46D31A6261A36052463100C3
:100B4000604600F07BFF4246A8460025A368206867
:100B50009B1A5044A36020604B4642469B68464423
:100B60009B1A4A46936000D169E70C23E25E206835
:100B7000A36884469846002DA2D13E687D68083758
:100B80009AE7226982421BD362699046AA4217D82B
:100B9000802328001B069D4200D33548414601F0C2
:100BA00005F94346A26A43439046216A3200009801
:100BB000C047002800DC59E780464346ED1ACBE7E2
:100BC0009846AB4200D9A8464246310000F036FFB5
:100BD0004246A36820689B1A4044A3602060002B13
:100BE000EBD12100009800F001FA0028E5D03DE7A4
:100BF000A846AA46A2E75A46514600F01FFF5A46A9
:100C0000A3685D469B1AA36023685B4423600AE7E0
:100C100051462A0000F012FF236821005B1900985A
:100C2000236000F0E3F9002800D1FCE61EE7020093
:100C3000009800F009FC8046002800D071E7009D74
:100C40002169280000F028FB8022A3899343743A8D
:100C50001BB22A600CE7731C1F00CCE6009A0C3311
:100C600013600C22A35E03E700FCFF7F7FFBFFFF06
:100C7000FFFFFF7F0020704710B5034A0349044877
:100C800000F0C0FB10BDC046500C0020ED0F00006E
:100C9000040C002041680B4B10B50400994201D0B0
:100CA00000F0A4F9A168084B994202D0200000F09E
:100CB0009DF9E168054B994202D0200000F096F9B9
:100CC00010BDC04644110020AC11002014120020B9
:100CD00000207047F8B5CE464746344C344B354A71
:100CE0002000002580B51A600423082200215C3012
:100CF00025606560A560656625616561A561E36045
:100D000000F052FF2C4B2000994663622B4B2C4F76
:100D10009846A362CC23E5502A4B2B4E6367802371
:100D200008220021C430E550E7622663A566E56627
:100D30002567A567E567246200F036FF2200882357
:100D40006832E2504A460433E250424620000433FF
:100D5000E2500433E7500433E6503833E5500433AF
:100D6000E5500433E550194A5C33E550583BE250F6
:100D70000433E5502D300433E550082204330021BC
:100D8000FF30E55000F010FF2200F023D032E25097
:100D90004A460433E25042460433E2500433E750FB
:100DA0000433E650C0BCB946B046F8BD441100203B
:100DB00040110020790C0000ED1A0000191B000002
:100DC000591B000009000100891B000012000200ED
:100DD000F8B5244B07001B68002B3BD0224E7368EC
:100DE000B468013B03D51BE06834013B18D30C22E7
:100DF000A55E002DF8D120001C4B08220021E360E5
:100E000065662560A560656025616561A5615C30EA
:100E100000F0CAFE6563A563A564E5642000F8BD23
:100E20003568002D01D02E00D9E7D62138004900C1
:100E300000F0AAF9041E10D00423D022056025007A
:100E400043600C300021A060520000F0ADFE346021
:100E50002E00C4E7FFF73EFFC0E70C2330603B6085
:100E6000DCE7C04640110020500C00200100FFFFCD
:100E7000036A10B5002B00D010BD044B0362044B75
:100E80001B68002BF8D1FFF725FFF5E7950C000054
:100E9000401100207047C0467047C04610B5002082
:100EA000024A034900F0AEFA10BDC046500C0020C3
:100EB000750C000010B50020024A034900F0A2FAA8
:100EC00010BDC046500C0020D10C0000F0B5C64645
:100ED00000B50C228B5E07000C001A073CD44A6850
:100EE000002A5CDDE66A002E32D000223D68216ACD
:100EF0003A60DA0457D4002201233800B0470200D8
:100F0000431C65D00C21635EE66A216A5B0706D547
:100F10006368D21A636B002B01D0236CD21A0023B2
:100F20003800B047431C40D000236360236923602E
:100F3000A389DB044AD4616B3D60002908D02300FB
:100F40004433994202D0380000F0A6F900236363CD
:100F5000002080BCB846F0BD0E69002EF8D00D68A8
:100F60000022AD1B0E609B0700D14A69A260002DD4
:100F700004DCEDE736182D1A002DE9DDA36A3200F6
:100F8000984638002B00216AC0470028F2DC402236
:100F9000A38913431BB20120A3814042D9E70A6C05
:100FA000002A9FDCD4E7626DB0E739680C22A35EAB
:100FB0001D2916D80C4ACA40D20712D500226260F9
:100FC00022692260DB04B6D50029B4D16065B2E79E
:100FD0003B68002B96D01D2B01D0162BD7D13D603E
:100FE000B6E740221343D6E7010040200B6970B5F5
:100FF00005000C00002B08D0002802D0036A002B4B
:101000000AD00C22A35E002B01D1002070BD21006C
:101010002800FFF75BFFF9E7FFF72AFFF1E7C0467B
:1010200070B5041E18D00F4B1D680369002B08D043
:10103000002D02D02B6A002B0AD00C22A35E002BBD
:1010400001D1002070BD21002800FFF73FFFF9E724
:101050002800FFF70DFFF0E7034A0449044800F0B9
:10106000D1F9EFE7000C0020500C0020ED0F00003C
:10107000040C0020314B70B5050018680C000028E6
:1010800002D0026A002A4FD00C22A35E1A071DD597
:101090002269002A24D0D90708D50021A1606169FE
:1010A00000204942A161002A08D070BD00219807A4
:1010B00000D461690020A160002AF6D11A06F4D597
:1010C00040221343A38101204042EEE7DA062ED5E9
:1010D0005A0714D4226908210B43A381002ADAD1CC
:1010E000A02180208900800019408142D3D02100B6
:1010F000280000F0BDFB0C22A35E2269CBE7616BE8
:1011000000290AD022004432914204D0280000F085
:10111000C3F80C22A35E00226263242293430022C0
:10112000626022692260D6E7FFF7A2FEACE70922DF
:101130002A6040221343A381C5E7C046000C00206B
:1011400070B5104E050033680C00002B15D021003F
:1011500028000DF089F9431C0CD00323C41C9C43C8
:10116000A04205D0211A28000DF07EF9013001D0EF
:10117000200070BD01246442FAE700210DF074F9EB
:101180003060E4E77C120020F8B50323CE464746E2
:10119000CD1C9D430835060080B50C2D1ED20C25B4
:1011A000A9421DD8300000F05FFB3A4F7A68002A50
:1011B0001AD0140004E063682200002B14D01C0035
:1011C00023685B1BF7D40B2B27D961192560944248
:1011D0005BD051600B6063684B600DE0002DDFDA7F
:1011E0000C230020336014E029003000FFF7A8FF33
:1011F0000400431C19D00560300000F037FB2000CC
:1012000007220B30231D9043C21A984201D01B1AAB
:10121000A350C0BCB946B046F8BD6368944202D042
:101220005360E9E743467B60E6E77B689846002B1E
:1012300024D0444663689846002BFAD123680021E5
:1012400099463000A1440DF00FF9814516D123686D
:101250003000ED1A2900FFF773FF01300ED023682C
:101260007A685B1923605368002B02D1DAE71A0011
:101270005B689C42FBD100235360BDE70C23300028
:10128000336000F0F3FA0020C3E779600B60636815
:101290004B60B1E77C12002070B50500002915D025
:1012A0000C1F2368002B23DB280000F0DDFA274AFF
:1012B0001368002B05D0A3420BD921686018834224
:1012C0002CD028006360146000F0D0FA70BDA342F7
:1012D00010D81A005B68002BF9D1106811188C42E5
:1012E00018D02CD363605460280000F0BFFAEDE7FB
:1012F000E418D9E711685018A04214D01FD821680B
:1013000060188342EED118685B6841182160636001
:101310005460E9E723681B181360E5E718685B6809
:1013200041182160CDE720680918501811608342E8
:10133000DAD118685B68411811605360D4E70C2358
:1013400028002B6000F092FAC0E7C046801200200F
:10135000F8B505000E001400002802D0036A002B27
:1013600041D0A369A360A3891B071BD52369002B68
:1013700018D0FF22F7B2616916402268D31A994249
:101380001FDD0133A1680139A160511C2160177074
:1013900062699A421ED0A389DB0701D50A2E19D0B3
:1013A0003000F8BD21002800FFF764FE002817D1A7
:1013B000FF222369F7B2616916402268D31A994265
:1013C000DFDC21002800FFF711FE002808D10123EF
:1013D0002268D7E721002800FFF708FE0028DFD0A9
:1013E00001267642DCE7FFF743FDBAE7030010B5BC
:1013F0000A00034908681900FFF7AAFF10BDC0469C
:10140000000C0020F8B54746CE46884680B5814698
:10141000170000267D68BC68013D0DD4A389012B0F
:1014200007D90E22A35E013303D021004846C047EE
:1014300006436834013DF1D23F68002FEAD1300005
:10144000C0BCB946B046F8BDF0B5C64607000E00B0
:10145000140000B500292DD0002A27D000F09AFBF7
:101460008046844203D835004308A34210D32100AC
:101470003800FFF789FE051E0AD0220044450BD82C
:101480003100280000F07CFA31003800FFF704FF3B
:10149000280080BCB846F0BD31004246280000F06C
:1014A0006FFA31003800FFF7F7FEF1E7FFF7F4FEBF
:1014B0000025EDE71100FFF767FE0500E8E7C046ED
:1014C000F8B557464E464546DE46E0B51F000A9B36
:1014D000924698460A698B6806000C009A4200DA28
:1014E0001A0053461A604323E35C002B02D0514696
:1014F00001320A602268910661D5534652460620A1
:101500001B680233136022681100104208D10020CA
:10151000814619308346E168A344994247DC1100B3
:101520004323E35C5A1E934189060AD53020E11813
:101530004331087045215A1C615CA21843320233C2
:1015400011702200390030004332C04701301DD0F5
:10155000534606251B68E1689C462368A2682069FB
:101560002B40042B31D0824239DD00239946121AD8
:10157000914400251A3402E001354D452FDA01234C
:10158000220039003000C0470130F5D1012040422F
:10159000F0BCBB46B246A946A046F8BD01239C4616
:1015A0005346E5681B68E144ED1A4D4524DD0123EF
:1015B0005A4639003000C0470130EFD1E6E7062136
:1015C00011420ED05A1E9341BBE76346C91ACB4362
:1015D000DB170B4099468242C9DC0029C9DC002098
:1015E000D6E7002053468146193083461B68E168E0
:1015F000A3449942DBDC92E743232168E35C5A1E53
:101600009341890692D49CE7F0B54E469946432310
:101610009C4657464546DE468C446346E0B587B057
:1016200002930C00097E90460700109A002914D0FE
:101630000B00583BDBB2202B48D888489B00C3588E
:101640009F46136821681D1D606915601B680E06A2
:1016500002D4490600D5DCE018600023029D236116
:101660004B46210000933800434605AAFFF728FFA8
:1016700001301ED02A00414638002369C847013096
:1016800017D02368E068059E9B071BD5B04219DD83
:1016900019239A460025A24404E0E0680135831B23
:1016A000AB420FDD0123524641463800C8470130A6
:1016B000F3D10120404207B0F0BCBB46B246A94678
:1016C000A046F0BDB042F6DA3000F4E72500422330
:1016D00001204235E154432300222061E254BFE758
:1016E00013682168181D10600D0602D44D0600D540
:1016F00094E01A6816006368002A00DA92E0584AFB
:1017000093460A2203924BE01368206840CB0506FB
:1017100001D440067FD41360514B9B466F2900D102
:1017200091E00A23039337E013682500191D116027
:101730001A68422301204235E254CCE71368191D90
:1017400011601D68002128006268FFF7D1F80028A9
:1017500000D181E0401B6060BDE7202321680B437E
:1017600023604521782060543E498B46116840C96A
:10177000180603D4580601D53604360C1160DA0772
:1017800002D5202213432360002E03D12022236898
:10179000934323601023039343230022E25463689E
:1017A000A360002B18DB042122688A432260002EEC
:1017B00012D1029D002B49D1039B082B1ED0029B06
:1017C0005B1B23614CE745235821E15424492368DE
:1017D0008B46CBE72368C4E7039B9A46029D300003
:1017E000514600F0DFFA5B465B5C013D2B70330035
:1017F00006005345F3D2039B082BE0D12368DB0797
:10180000DDD5626823699A42D9DC3023013D2B7013
:10181000D5E7188021E73604360C7CE700269E5F6A
:10182000320068E743222D20A054A360002B02DB86
:101830000423994321600A239A46094B76429B462A
:101840000A230393CAE708230393A5E75B46250011
:101850001B7842352B70AFE760683CE7D80B01007E
:10186000601A0100741A01007047C0467047C046F4
:10187000F0B50C23CD5E06000C0097B0AA0707D583
:1018800023004733236023610123636117B0F0BD58
:101890000E23C95E00292BDB6A460CF0FDFD0028F3
:1018A00024DB8027FF0039003000019DFFF76CFC2E
:1018B000002833D08022A38920601343A381F02322
:1018C0001B021D408023206167619B019D42DDD189
:1018D00030000E23E15E0CF0EBFD0028D6D0032291
:1018E000A389934301221343A381CFE70C23E55E31
:1018F0000F4B2D06ED171D408023DB009C466544F1
:1019000029003000FFF740FC002807D08022A3897F
:1019100020601343A38120616561B7E70C22A35EB9
:101920009A05B3D40322934302221343A381A7E76A
:1019300040FCFFFF70B50C001E000E23C95E1500B1
:1019400096B0002914DB6A460CF0A6FD00280FDBD8
:10195000F02301991B021940084B9C4661444B42FD
:1019600059418023DB00002031602B6016B070BD30
:10197000A38900211B06F4D54023F4E700E0FFFF14
:10198000F0B505000F2A31D903273E000D430C00A6
:1019900003002E402F4234D11500103D2D09AC46D6
:1019A0002F013F1865685D60A5689D60E568DD6092
:1019B000256810341D601D001033BD42F2D165460C
:1019C0000F230C2401352D014919134045191442E8
:1019D0001AD0043B9B0801339B008C59AC51043650
:1019E0009E42FAD10323AD1989191A40561E002AC6
:1019F00006D00023CC5C1A00EC5401339642F9D196
:101A0000F0BD0500561EF4E71A00EFE7002370B59D
:101A1000074D0400080011002B600CF055FD431C1D
:101A200000D070BD2B68002BFBD02360F9E7C046C7
:101A30008412002010B50CF051FD10BDF0B58842A5
:101A40000AD98B18984207D2531E002A03D0CA5CC9
:101A5000C254013BFBD2F0BD05000F2A0AD8561E26
:101A6000002AF8D00023CC5C1A00EC5401339642D3
:101A7000F9D1F0E703273E000D430C0003002E4090
:101A80002F422DD11500103D2D09AC462F013F18D6
:101A900025681D6065685D60A5689D60E568103417
:101AA000DD601D001033BD42F2D165460F230C24CA
:101AB00001352D01491913404519144213D0043B37
:101AC0009B0801339B008C59AC5104369E42FAD1DD
:101AD00003231A40AD198919561E002AC2D1BAE74C
:101AE0000500561EBEE71A00B9E7C04670B50C00E7
:101AF0000E25495F0CF0ADFC002803DB636D1B185D
:101B0000636570BDA389024A1340A381F9E7C0460B
:101B1000FFEFFFFF00207047F8B50C001F000C23FB
:101B2000C95E05001600CB050AD40A4B32001940E5
:101B30002800A1810E23E15E3B000CF091FCF8BD72
:101B40000E23E15E002202230CF088FC0C23E15EF0
:101B5000EBE7C046FFEFFFFF70B50C000E25495FB5
:101B60000CF07CFC431C07D08023A2895B0113434B
:101B70001BB26065A38170BDA389024A13401BB2EA
:101B8000F8E7C046FFEFFFFF10B50E23C95E0CF06B
:101B900069FC10BD0B1F1B68181F002B00DB704772
:101BA0000B58C018FBE7C046F0B50500830749D0C5
:101BB000541E002A45D003000326CAB202E00135B4
:101BC000013C3ED301332A703342F8D1032C30D983
:101BD000FF220A401502AD182A04AD180F2C34D983
:101BE0002700103F3F093E01B4461E001A00103680
:101BF0006644156055609560D56010329642F8D104
:101C000001373F01DB190F270C22274022403C00FF
:101C1000002A0ED03E1FB608B400A4461A001C1DB0
:101C2000644420C2A242FCD103240136B6009B19B1
:101C30003C40002C05D0C9B21C19197001339C42DC
:101C4000FBD1F0BD03001400C0E72700E2E7C04667
:101C500030B5032A1AD90B0003439B0711D0551E38
:101C6000002303E05A1C9D4213D01300C25CCC5CDD
:101C7000A242F7D0101B0DE0043A04300431032ACD
:101C800004D904680B689C42F6D0E8E7551E002A88
:101C9000E6D1002030BDC046002243088B4274D3F9
:101CA00003098B425FD3030A8B4244D3030B8B425D
:101CB00028D3030C8B420DD3FF22090212BA030C66
:101CC0008B4202D31212090265D0030B8B4219D347
:101CD00000E0090AC30B8B4201D3CB03C01A524167
:101CE000830B8B4201D38B03C01A5241430B8B42AF
:101CF00001D34B03C01A5241030B8B4201D30B0398
:101D0000C01A5241C30A8B4201D3CB02C01A5241BE
:101D1000830A8B4201D38B02C01A5241430A8B4281
:101D200001D34B02C01A5241030A8B4201D30B026A
:101D3000C01A5241CDD2C3098B4201D3CB01C01A84
:101D4000524183098B4201D38B01C01A524143098E
:101D50008B4201D34B01C01A524103098B4201D37C
:101D60000B01C01A5241C3088B4201D3CB00C01AE9
:101D7000524183088B4201D38B00C01A5241430861
:101D80008B4201D34B00C01A5241411A00D2014686
:101D9000524110467047FFE701B5002000F0F0F80F
:101DA00002BDC0460029F7D076E7704703460B43D3
:101DB0007FD4002243088B4274D303098B425FD344
:101DC000030A8B4244D3030B8B4228D3030C8B4270
:101DD0000DD3FF22090212BA030C8B4202D3121256
:101DE000090265D0030B8B4219D300E0090AC30B2B
:101DF0008B4201D3CB03C01A5241830B8B4201D3D8
:101E00008B03C01A5241430B8B4201D34B03C01AC0
:101E10005241030B8B4201D30B03C01A5241C30A38
:101E20008B4201D3CB02C01A5241830A8B4201D3A9
:101E30008B02C01A5241430A8B4201D34B02C01A93
:101E40005241030A8B4201D30B02C01A5241CDD238
:101E5000C3098B4201D3CB01C01A524183098B4283
:101E600001D38B01C01A524143098B4201D34B016C
:101E7000C01A524103098B4201D30B01C01A5241CF
:101E8000C3088B4201D3CB00C01A524183088B4256
:101E900001D38B00C01A524143088B4201D34B003F
:101EA000C01A5241411A00D20146524110467047B1
:101EB0005DE0CA0F00D04942031000D340425340B6
:101EC00000229C4603098B422DD3030A8B4212D376
:101ED000FC22890112BA030A8B420CD389019211A8
:101EE0008B4208D3890192118B4204D389013AD0E5
:101EF000921100E08909C3098B4201D3CB01C01ABA
:101F0000524183098B4201D38B01C01A52414309CC
:101F10008B4201D34B01C01A524103098B4201D3BA
:101F20000B01C01A5241C3088B4201D3CB00C01A27
:101F3000524183088B4201D38B00C01A5241D9D23F
:101F400043088B4201D34B00C01A5241411A00D2C0
:101F50000146634652415B10104601D34042002BBC
:101F600000D54942704763465B1000D3404201B53B
:101F7000002000F005F802BD0029F8D016E77047F0
:101F80007047C046F0B5CE469946030C9C461304F4
:101F900047461B0C1D000E0061460404240C80B54E
:101FA0000700100C4B436543414360432C0CC018A1
:101FB00024188C46A34203D980235B029846C4446C
:101FC000494679435643230C2D042D0C891963444B
:101FD00024046019C918C0BCB946B046F0BDC0465B
:101FE00002B4714649084900095649008E4402BCB2
:101FF0007047C04602B4714649084900095C49006F
:102000008E4402BC7047C04603B471464908400084
:102010004900095E49008E4403BC704703B4714611
:10202000490840004900095A49008E4403BC7047E2
:10203000844608006146FFE71FB500F0E1FA00287A
:1020400001D40021C8421FBD10B500F069FA40421A
:10205000013010BD10B500F0D3FA002801DB0020DC
:1020600010BD012010BDC04610B500F0C9FA00280F
:1020700001DD002010BD012010BDC04610B500F0EC
:1020800077FA002801DC002010BD012010BDC046F9
:1020900010B500F06DFA002801DA002010BD012013
:1020A00010BDC0461C2101231B04984201D3000C23
:1020B00010391B0A984201D3000A08391B099842BB
:1020C00001D30009043902A2105C40187047C046D1
:1020D00004030202010101010000000000000000F1
:1020E000002B11D1002A0FD1002900D1002802D0E5
:1020F0000021C943080007B4024802A14018029019
:1021000003BDC0467DFEFFFF03B4684601B50298DB
:1021100000F024F8019B9E4602B00CBC7047C046FC
:1021200070B500220C4B04000D0002F043FA0028A9
:1021300004D12000290002F033F970BD064B0022C3
:102140002000290001F0F4FC02F02AF980231B068C
:102150009C466044F1E7C0460000E041F0B55746B8
:102160004E464546DE46E0B504000D0092469946CF
:1021700083B08B4230D82DD04946504602F024FA25
:1021800029000600200002F01FFA331A9846203B6F
:1021900034D49B4653465A46934042461F0053460A
:1021A00093401E00AF423BD8AF4200D179E05B467E
:1021B000A41BBD41002B00DA76E000220023009230
:1021C000019301235A4693400193012342469340D1
:1021D000009329E08242CFD900220023009201938C
:1021E0000C9B002B01D01C605D600098019903B02E
:1021F000F0BCBB46B246A946A046F0BD42469B464F
:1022000020239B1A5246DA40414613004A468A4030
:10221000170042461F43534693401E00AF42C3D9A6
:1022200000220023009201934346002BD8D0FB07E5
:1022300072081A4346467B080EE0AB4201D1A24227
:102240000CD8A41A9D41012024196D410021013EA2
:1022500024184D41002E06D0AB42EED9013E241980
:102260006D41002EF8D1009801995B460019694133
:10227000002B24DB2B005A464646D3402A001C0084
:10228000F2405B461500002B2ADB26009E403300FF
:1022900026004746BE403200801A994100900191C5
:1022A0009EE7A342BCD882E74246202300219B1A26
:1022B0000022009101920122DA40019285E7424614
:1022C00020239B1A2A0046469A402300F3404646A4
:1022D00013432A001C00F2405B461500002BD4DAA1
:1022E000202342462F009B1B97402600DE403B00E8
:1022F0003343CDE7F0B546464F46D6464502C0B516
:10230000C30F470098460E1C6D0A3F0E5BD0FF2F8F
:1023100021D08023ED00DB041D43002399469A461B
:102320007F3F74027300640A1B0EF60F002B20D04F
:10233000FF2B43D080220020E400D20414437F3BD3
:102340004246FF1A4B4672400F2B00D99DE071495F
:102350009B00CB589F46002D5AD108239946063B37
:1023600074029A467300FF27640A1B0EF60F002BB7
:10237000DED1002C3BD1012342464946724019432D
:102380000E2918D86448890041588F465346022BBD
:1023900000D1B8E0032B6ED042462C00012B40D177
:1023A00000200024C0052043D2071043E0BCBA46F9
:1023B000B146A846F0BDFF200024F3E7002C20D151
:1023C0000223FF3FD8E7002D05D104239946033BA4
:1023D00000279A46A5E72800FFF764FE7627431FEB
:1023E0009D4000237F4299469A463F1A99E7200074
:1023F000FFF758FE431F9C4076235B421B1A0020C8
:102400009EE703234A461A4391460320FC3397E78D
:102410000C239946093BFF279A4682E703282CD0D4
:10242000320038007F30002847DD630704D00F23D7
:102430002340042B00D00434230103D53800374B4C
:1024400080301C40FE28B6DCA401640AC0B2A9E7B3
:1024500080240022FF20E403A4E78023DB031D4245
:1024600001D01C420BD08024E4032C43640242467A
:10247000FF20640A96E746462C008023DB031C43BA
:1024800064023200FF20640A8CE76D01600185421E
:102490002DD21B230024013F0126290064006D007A
:1024A000002901DB854201D32D1A3443013B002B67
:1024B000F3D16B1E9D412C43B3E701231B1A1B2B49
:1024C00000DD6DE721009E37D940BC400B00611E46
:1024D0008C412343590704D00F211940042900D00F
:1024E0000433590113D49B0100205C0A5AE71A23D4
:1024F00001242D1AD0E7981E434258414042320031
:102500000024C0B24EE74246FF2000244AE70120E3
:10251000002447E75C0C01009C0C0100FFFFFFF763
:1025200070B542004E024C0045026D0A120EC30FF8
:10253000760A240EC90FFF2A10D0FF2C0CD00120E0
:10254000A2420AD1B54208D18B420FD0002A04D151
:102550002800431E984100E0012070BD0120FF2C9F
:10256000FBD13543F9D14B401800F6E70020F4E7E2
:1025700030B5420044024D02C30F4800640A120EF7
:102580006D0A000EC90FFF2A18D0FF280AD0002AB2
:102590001ED100280AD1002D29D0002C2DD14800B1
:1025A000013830BD002D25D1002A01D1002CF6D0F4
:1025B0008B4219D001205B421843F2E7002C19D15D
:1025C000FF28F7D1002D15D100208B42F2D1E8E78A
:1025D0000028EFD08B42EDD18242EBDC04DBAC4231
:1025E000E8D80020AC42DCD258000138D9E7002CF2
:1025F000D7D0DFE702204042D3E78B42DAD1EEE7C3
:1026000030B5420044024D02C30F4800640A120E66
:102610006D0A000EC90FFF2A17D0FF280AD0002A22
:102620001BD100280AD1002D1DD0002C2DD148002F
:10263000013811E0002D0ED1002A01D1002CF6D076
:102640008B420CD15800013806E0002C03D1FF2842
:1026500005D1002D15D0022030BD002806D1012063
:102660005B421843F8E7002CF6D0F8E78B42F6D12E
:102670008242F4DCE6DBAC42F1D80020AC42EBD283
:10268000E0E700208B42EAD1E6E78B42E7D1F2E7B0
:1026900070B5002812D0C317C5185D40C40F2800BC
:1026A000FFF700FD9E231B1A962B0FDC082838D05D
:1026B000083885406D026D0AD8B202E0002400207F
:1026C0000025C0052843E407204370BD992B14DC86
:1026D000421F95402A001549114055071CD00F256F
:1026E0002A40042A18D00431CA08490115D59F236D
:1026F0005202181A550AC0B2E3E7020029001B3241
:1027000091404A1E91410522121AD5402A000A43DF
:10271000064911405507E2D1CA085202550AD8B2FB
:10272000CFE76D026D0A8E30CBE7C046FFFFFFFB9F
:10273000F0B54F464646D646C0B50D0382B000926E
:1027400001934E00C300CC0F690A450F9C46009AC6
:10275000019B0D435F001903D80F009B490A5B0FD3
:102760001943009B760D7F0DDA00F31B844258D08D
:10277000002B13DD002F00D088E00800104300D1AB
:1027800059E1581E012B00D1C2E2B14FBB4200D12A
:1027900041E1382800DD6AE2030064E1002B00D14A
:1027A000B1E0BB1B002E00D0E1E164462C4300D118
:1027B00076E25C1E012B00D1E8E2A54EB34200D1C7
:1027C000B7E2382C00DC6BE3541EA2429241524225
:1027D0008D1AA0461E0004002A0268D443461F1D1D
:1027E00047459B415B42ED182B0200D49DE3984A7C
:1027F0000136964200D1EBE0964A73052A405B0D04
:102800005107FF0852020F43120B1B051343E40745
:1028100023433800190002B0E0BCBA46B146A846CE
:10282000F0BD002B00DCD7E0002F00D09AE00800BC
:10283000104300D1FFE0581E012B00D148E2844F25
:10284000BB4200D1E7E0382800DCB8E28022120465
:10285000154200D149E31E000023150098467C4B29
:1028600001369E4200D1B3E07A4B01211D40434620
:102870005A081940EF070A4317436D087B07B3D086
:102880000F233B40042BAFD0B846A7E770488642E1
:1028900000D1C0E0382B00DCE2E001235B4263445E
:1028A0009C45804140422D1A98462B0296D5012323
:1028B0005B429846684D2800FFF7F4FB0300083B95
:1028C00020214046CA1AD040020040469D40984010
:1028D0002A438046B34200DA72E1981B4346013036
:1028E000091A45468B40C5405E1EB34117008F4014
:1028F0002B431F43C2403B00150000261343BDD1AC
:102900000027002281E7554F731C3B4200D01BE19A
:1029100063460F002B431743002E00D0C4E1002B69
:1029200000D145E2002F00D107E163469B1A98468B
:10293000C445B6416B1A76429B1B8026360433424F
:1029400000D1CBE26346D31A9A4292411F00491B41
:1029500052428A1A9C46174300D0EDE2040000233D
:10296000002252E73A48864255D0382B00DD48E134
:102970008020000401431F2B00DDE3E12027F81A2B
:10298000824608005746B840814610004F46D8405E
:10299000074338005746BA40D940571EBA416D1810
:1029A000104360448046E045804140422D182B0290
:1029B00000D554E743465B0700D1B9E20F234246F6
:1029C0001340042B00D009E733004246D20834E01C
:1029D00033000022002718E7002B00D18FE0BB1B3B
:1029E000002E00D033E16046284300D140E2581E5B
:1029F000012B00D10AE2164EB34200D185E23828FD
:102A000000DC87E280252D04294200D19CE21E00D3
:102A10000023984623E763466E07D8080643ED086F
:102A200037002F4311D0802212032A4312033700AC
:102A3000074B120BE9E66246D2086E071643044ABA
:102A4000ED089342ECD03700D6E0014B0022DCE6E3
:102A5000FF070000FFFF7FFFFFFF7F00FE07000072
:102A60008020000401431F2B00DDB1E02027F81A6D
:102A7000824608005746B840814610004F46D8406D
:102A8000074338005746BA40D940571EBA416D1A1D
:102A9000104363461B1A9C458041984640422D1ABC
:102AA0002B0287D56D026D0A002D00D003E740464A
:102AB000FFF7F8FA030018331F2B00DC00E742464B
:102AC000083882409E4200DD91E09B1B581C1F2865
:102AD00000DCF8E117001F3BDF40202805D0402331
:102AE0001B1A9A40531E9A411743002F3CD00026D0
:102AF0007B0700D0C4E63500B846330065E7CB4815
:102B0000731C034200D085E063462B43002E00D0A7
:102B100092E10F001743002B00D1D8E1002F0CD019
:102B20006244624580416D1840422D182B0200D549
:102B3000F2E1170094462F4316D063466F07D8087A
:102B400007430023ED0857E063469B1A9846C445A7
:102B5000BF416B1A7F42DB1B1F0200D5AEE0474628
:102B60001D001F43A0D10024002300224DE6B04CDD
:102B7000A74200D1DDE0382B00DD85E0802424046D
:102B800025431F2B00DDECE02026F41AA1462C0083
:102B90004E46B4406646DE403443A04666464C4648
:102BA000A640DD40741EA6414446491B3443131B16
:102BB0009A4292415242984604003E008D1A6FE7B5
:102BC000F61A03009B4D15405B0700D0F6E6FBE6C6
:102BD00018000F002038C740202B03D04020C31A14
:102BE00099400A43531E9A411000384351E79149D6
:102BF000F31A0A405707D5082A035B05120B5B0D31
:102C000003E680231B041D4200D1BBE01D0000230E
:102C1000984624E68648834200D1DAE6624462455B
:102C20008041691840420918C8075208104380467D
:102C30004D08520705D00F221E000240042A00D082
:102C4000CCE542466F07D20817430D09D4E7784810
:102C5000874200D1D5E0382B00DCB2E080252D047E
:102C6000294200D14CE100233E009846F7E50122BD
:102C7000524262449445804140422D1A90461E00C3
:102C80002A0200D513E6A9E5531E9A429241524208
:102C90008D1A984604003E002B0200D507E69DE5FC
:102CA00004000D00D208C8E6002B00D0E3E0002F9E
:102CB0003FD1802200245E4B1203A6E56346D31A5F
:102CC0009A4292414D1B524298460400AD1AEBE6DF
:102CD00062441600664580416A1840421218130289
:102CE00000D49DE0534973080A40D107194357089F
:102CF0005B0700D1FEE00F230B40042B00D1F9E06D
:102D00000B1D98468845AD416D420223ED195CE6E6
:102D100063469B1A9C4580416D1A40422D1A984685
:102D20002B020DD443466F07DB081F43ED08012338
:102D300062E74E07D20804001643CD0870E604008F
:102D40000126AFE618000F002038C740202B03D023
:102D50004020C31A99400A43531E9A411000384339
:102D60001FE61C002E00203CE640202B05D040240E
:102D7000E31A9D4063462B439C466446631E9C4178
:102D8000344314E701236344984627E56346D31A86
:102D90009A4292414D1B5242AD1A98462B02CED414
:102DA00043466F07DB081F4304000123ED0823E7B8
:102DB000002F00D1D7E604000D009446BDE60300C5
:102DC000D9E58020000405431F2B6BDC2020C01AAE
:102DD000804628004646B0406646DE400643B1467F
:102DE00060464646B040DD40461EB0414E46491959
:102DF0003043804690449045924152423E005518DF
:102E0000D5E54E07D2081643CD0809E663469E185D
:102E100096429241691852428A18130200D561E71E
:102E20005707F60801233743D508E5E6FE070000FB
:102E3000FF070000FFFF7FFF002BE2D06346DE08A4
:102E40006B071E430B00ED08134300D1E8E5802318
:102E50001B031D4206D0C808184203D10500D6083E
:102E600049070E43730FF600F6085B071E43D7E5CC
:102E70000D00D208E1E56346DE086B071E43ED084E
:102E8000002F00D1CCE580231B031D42EAD0CF08E0
:102E90001F42E7D1D608490704003D000E43E1E791
:102EA00023006EE618002E002038C640202B05D0E7
:102EB0004020C31A9D4063462B439C466046431EF8
:102EC0009841304395E720210023091A0EE500239D
:102ED000002F00D1BAE50D00904676E547461F4326
:102EE00000D140E61D00C44627E601226244904618
:102EF0001E0073E4C9087F0702230F4315097BE610
:102F0000531C98460D003E0068E4D6084B071E434C
:102F1000CD0885E5030057E7114BD2082B405F072A
:102F200017435A02120B01236FE43300B8464CE5F5
:102F30004346DA08330080E532420AD0084B0400E9
:102F40001A40674601235BE4013290460D001E00E3
:102F500044E4DB0857071F4304000023D5084BE671
:102F6000FFFF7FFFF0B5DE46454657464E46E0B5CB
:102F700087B0009201930B031B0B9B46CA0F4B00BB
:102F8000040080465B0D029200D1BFE08F4A93425D
:102F900038D05946420FC9000A4380210904114321
:102FA000C20090468A4A894692469A4400230024E9
:102FB0000393009E019F3B031B0B7A0030009B464E
:102FC000520DFD0F002A00D17FE0804B9A426ED057
:102FD0005946730FC9000B438021090419438B46DE
:102FE0007B49F3008C46514662448A1A924600217E
:102FF000029E6E40F6B20F2C00D9F9E0754AA4008B
:10300000125997465A460243914600D0B6E09A4676
:103010000223904608240393CBE72E0000210023CF
:10302000002288461B051343F60733434046190028
:1030300007B0F0BCBB46B246A946A046F0BDCB46A1
:103040004346029D0399022900D1FAE1032900D1E8
:10305000A1E00129E1D0604A524490464446002C48
:1030600000DC00E25A0704D00F221A40042A00D0E4
:103070007FE22E00DA085B46DB0106D55946574B46
:10308000802419408B46E4005444554B9C4209DC93
:103090005B465B07134398465B4664055A02120B76
:1030A000630DBFE7002100228846484BBAE75B4624
:1030B000009A13434B4A9446E244002B59D1022212
:1030C000144300220221934692E75B46009A134381
:1030D00049D05B46002B00D1A4E15846FEF7E2FF41
:1030E000030002000B3B1D27009EFB1A11005846EF
:1030F000DE4008398840330003439B46009B8B40E9
:10310000394952448A460021924471E75B460343A1
:10311000994621D05B46002B00D171E15846FEF75D
:10312000C1FF0B235B429C460200844466461D237C
:103130009B1B260011005846DE40083988403300AA
:103140000343994623008B409846284B00249B1A42
:103150009A46002303932CE7002398469A460133AE
:103160000424039325E701221443002201219346FE
:103170003EE7032303211C43330039E79A46032328
:10318000D9460C24039314E7002380229846002696
:103190000E4B120346E78022594612030A431203DC
:1031A00098462E00094B120B3CE780224946120339
:1031B000114202D059461142F0D080224B461203F0
:1031C0001A431203029E014B120B2BE7FF0700006C
:1031D00001FCFFFFD80C0100FF030000FFFFFFFE12
:1031E000FE07000001F8FFFFF30300000DFCFFFFE6
:1031F000CB4500D2FAE000D1F5E0012252429446DC
:103200000022444648469046E2445A461F0E1202A7
:103210001B020293130C994617433B041B0C4946AF
:103220000093FEF7BFFD009A0B044243210C0500FA
:1032300019438A4207D9C919013D8F4203D88A42EE
:1032400001D9851EC919881A4946FEF7ABFD009AB7
:10325000240442430904240C03000C43A24204D971
:10326000E419013BA74200D8F7E00299A01A2D0407
:103270000C0C09041D43090C2A0C2B04AB460D0051
:103280001B0C5D43059163435143049462435B18F7
:103290002C0CE318994203D9802149028C466244E0
:1032A000190C2D041B042D0C8A185D19904200D2B4
:1032B00087E000D182E043465D1BA8459B41801A10
:1032C0005B42C01AB14B534498461C00874200D160
:1032D0000CE14946FEF766FD0200009B03905A434D
:1032E0000B04290C19438A420AD90300C919013B6E
:1032F00003938F4204D88A4202D9831E0393C919CB
:10330000881A4946FEF74EFD0A00120494462A0424
:1033100065460099120C414303002A43914207D9A4
:10332000D2190138974203D8914201D9981ED21977
:10333000039B521A1B0403430598190C05008C4685
:103340001904090C4D43894661460095654648437A
:1033500004994D43AC464D464D432918009D2D0C14
:10336000A9464944884203D9802040028146CC4482
:10337000009D080C2D0409042D0C60444D19824257
:103380000FD30BD001221343814A92456CDB1A1DE7
:103390009A429B415B42D2089B446CE6002D00D1CF
:1033A00093E0591EBA188C46BA4200D285E0824298
:1033B00000D2C7E000D1D5E00B00E3E7A84500D379
:1033C00079E75B46591E029B9C46E0441C009845E9
:1033D0009B415B42DB19C018874238D2824278D8C1
:1033E00075D08B4667E7434500D906E74A46D407C0
:1033F00050084246520814434246D207904604E71A
:10340000FEF750FE15239C4684440200634620329A
:103410001C2B00DC8AE623000838834099460023F1
:10342000984692E6FEF73EFE030002001533203276
:103430001C2B00DC57E600990838814000238B469E
:103440005EE600212E0000228846524BEAE58742C4
:10345000C7D14445C2D98B462DE7A24200D804E724
:10346000831EE41901E72E0001224146521A382A30
:1034700000DDD3E51F2A3FDC47481C005044594675
:1034800083408140D440581E834121430B43594619
:10349000D1400A00590709D00F211940042905D04D
:1034A000191D99429B415B42D2180B00110268D54D
:1034B0000021012300228846B4E50B00824200D09F
:1034C00060E7029A954200D05CE73500C6E54545C5
:1034D00087D902235B429C46029BE3449C46E0441E
:1034E00098459B415B42DB19C018E4E6002B36DDB2
:1034F000012300229B44BEE51F2140464942091A90
:103500005846C8400100202A04D05846234A524455
:10351000904003435A1E934107200B4301000022B1
:103520001940184209D00F21194004291FD0181D35
:1035300098428941030049424907DB080B439846FA
:1035400000236FE50299023B49008C4602998C45A5
:1035500089414942C919521861460291AEE70123D7
:103560005B4281E70299A942ECD36346A9E70021B7
:10357000E3E71A1D9A429B415B422E00D2089B440E
:1035800079E551075202120BD7E7C046FF0300004E
:1035900002FCFFFFFF0700001E0400003E040000C5
:1035A000F0B557464E464546DE46E0B51F000B03D4
:1035B0001B0B16009846CA0F4B000400924685B0BC
:1035C0005B0D00D1C2E1CC4A934200D128E14146D3
:1035D000420FC9000A43802109041143C2009146E9
:1035E000C64A884693469B440023002501933C032A
:1035F0007A00FB0F3000240B520D009300D185E1BF
:10360000BD4B9A4200D160E1BC4B9C46624493445E
:103610000A2D00DD14E1730FE4001C4380231B041A
:103620002343F0005246009900264A409246022D5C
:1036300011DD0122AA40A6211400C9000C400A4253
:1036400000D0FDE0902189000A4200D0D4E1882119
:10365000114200D0EFE049464A460904140C090C17
:10366000020C0F0015000004000C65434743019550
:10367000B9462F000D0006005543AC464D46664343
:103680002D0CB4446544AE4205D93E0080277F022C
:10369000BC46664401964F463F043F0C2E0C2D0459
:1036A000ED1902951D0C1B041B0C00951D001F003D
:1036B00065434F43AC46009D69436C433D0CA946AE
:1036C000614449448C4503D980256D02AC4664446D
:1036D0003F040D0C3F0C0904C919AC46751803953D
:1036E00045462E04360C2F0C350045437843804662
:1036F00038006444AC462D0CA94650437243424402
:103700004A44904503D980256D02A8464044150CD3
:10371000A84665462D042D0CAC4635005D431204C9
:103720006244AC467B43009D404498462B006E4368
:1037300065467B4346442D0CAD191F000093A845F8
:1037400004D980235B02984647440097039B019E5F
:1037500098462B044644984663468E4289411B0492
:103760001B0C4344B61849421B195F1896429241FC
:10377000BC465242804691468C458941A3429B41BA
:10378000E044C14449425B42914592410B4380452C
:1037900089412D0C494252420A435B199B18009AF9
:1037A000029994464A4663445B02D20D1A439046FE
:1037B00072020A43511E8A41F60D16434A465202CE
:1037C0001643B146DB0154D44D4A5A44002A00DC6A
:1037D00018E133005B0715D00F215B463140042907
:1037E00010D04946081D48458941814649428844D0
:1037F0004146C90106D54146424A114080228846C9
:10380000D2009A18404B9A4200DD2BE141464B46CC
:103810004C07DB081C4352054B021B0B520D1AE0F0
:1038200042460243914600D0E0E09B460223904688
:1038300008250193DBE6009A984692468146019658
:10384000019B022B00D10DE1032B35D0012B1BD1A5
:1038500000220023002412051A435346DB071A43B3
:103860002000110005B0F0BCBB46B246A946A046F8
:10387000F0BD01227308324013434246D20713437E
:10388000994643465B08984680225B46D2005A44DC
:103890000133002A00DCB6E049464907A8D00F21D1
:1038A0004846014004299CD1A2E70F2D00D1FDE03C
:1038B000009BA0469A46B146802342461B03134311
:1038C0001B034C460C4A1B0BC5E70B4933008C46C7
:1038D0002343E344002B77D1022129430A29AFDC9B
:1038E0005046009C60408246002D00D10EE10D0044
:1038F000002002269DE6C046FF07000001FCFFFFF6
:10390000FF030000FFFFFFFEFE070000230033431C
:103910004BD0002C00D1BBE02000FEF7C3FB03001E
:1039200002000B3B1D20C31A3000D84011000300D9
:10393000300008398C408840234359468A1A784918
:103940008B4693440A2D00DC6CE679E7434603433B
:10395000994623D04346002B00D187E04046FEF72E
:10396000A1FB0B235B429C460200844411004046AD
:10397000083988401D23804660461B1A2000D84025
:10398000030040460343984623008B409946644B0E
:1039900000259B1A9B460023019328E600239846A6
:1039A0009B4601330425019321E6012215430A2D8C
:1039B00000DD45E7524600994A409246022D00DC60
:1039C00046E70020012634E603231D430A2D00DDCF
:1039D0006BE75346009A882153400122AA409A4639
:1039E00003262300114200D135E624E79B4603233A
:1039F00081460C250193FAE500239A468023494A23
:103A00001B0328E75B460121891A382900DD1FE7DF
:103A10001F295ADD1F204042821A4046D0402029EB
:103A200008D0414A9446424663449A4013004A46AD
:103A30001A4391464A460721531E9A410C000243FD
:103A400000231440114209D008311140042960D0EC
:103A5000111D9142A4410A0064426407D208144334
:103A60000022F8E6002300242E4AF4E6FEF71AFBB3
:103A700015239C4684440200634620321C2B00DC44
:103A800074E70023994623000838834098467EE770
:103A9000FEF708FB03000200153320321C2B00DC6C
:103AA00040E7330008388340002046E78023424641
:103AB0001B031A4200D1FFE61C4200D0FCE6009A2C
:103AC000234392463400174AC5E6184A40469446B6
:103AD0004A4663449840CA4010434A469A40531E9F
:103AE0009A4143460243CB40510709D00F21114070
:103AF000042905D0111D9142924152429B180A009F
:103B0000190208D5012200230024A4E60023002482
:103B1000A1E60024A2E75C075B021B0B9EE7C04600
:103B20000DFCFFFFFF0700003E0400001E04000024
:103B3000F0B54E464546DE465746E0B583B00090A8
:103B400001910D034E000199760DCC0F690A009D7D
:103B50006D0F0D43009900920193C8001903019B5A
:103B6000CB4A5B005B0D9946019B8346DB0F984671
:103B70004B0A0099490F1943009BDB009C469A466B
:103B8000914500D173E0012347465F404B46B8465C
:103B9000F31ABC4216D0002B00DC9AE24F46002FED
:103BA00000D082E067460F4300D13AE15F1E012B4F
:103BB00000D1A4E2934200D12EE1382F00DD43E290
:103BC0003B003EE1002B00DCD7E24F46002F00D047
:103BD000F8E067460F4300D123E15F1E012B00D1BF
:103BE00057E2934200D117E1382F00DC04E3802232
:103BF0001204154200D1AAE31E0015000027A44BB1
:103C000001369E4200D103E10122A24B3A401D4001
:103C100079081143EA070A436D08530709D00F23B7
:103C20001340042B05D017003A1DBA42BF417F4212
:103C3000ED192B0200D477E3954901368E4200D16D
:103C4000E6E0944973050D405B0D6907D2086D02EB
:103C50000A432D0B1B052B43E407234310001900D7
:103C600003B0F0BCBB46B246A946A046F0BD8A4BA5
:103C7000F21863460B434CD0444550D0002A6CD018
:103C8000002E00D17DE1634644464F07DA08174312
:103C9000C8083A00024300D1CDE080252D0305433A
:103CA0002D033A007A4B2D0BD4E7964200D1B3E0B6
:103CB000382B00DCC2E0471EB842804140422D1A3A
:103CC0002B02B1D50127754D7F422800FEF7EAF996
:103CD0000838202339001A1A8540D14087402943EB
:103CE000B04200DA45E1801B01301B1A3D009F40C5
:103CF000C5407A1E97410A009A402F433A43C1407B
:103D000013000D0000260B4300D086E7002200259B
:103D1000A0E7474601235F40B8464445AED1002A9C
:103D200000D1EFE0002E00D088E14B462A0002438C
:103D300000D1A0E25A1E012B00D1B7E2544EB3428B
:103D400000D17BE1382A00DC12E380252D042942D2
:103D500000D112E31E00002751E7514A731C1342A1
:103D600000D0F4E062462B000A430343002E00D04B
:103D700074E1002B00D123E2002A00D1E0E0634689
:103D8000C71AB842924180266B1A52429B1A3604D7
:103D9000334200D1C1E26346181A844592414D1B5B
:103DA0005242AD1A0124020043462A431C40002A15
:103DB00000D1DBE0354200D1E9E2364B02001D4084
:103DC000012342E7964227D0382B00DD11E1802203
:103DD000120411431F2B00DDA1E120220F00D21A93
:103DE000914697406246DA401743B84662464F46CE
:103DF000BA40D940571EBA4147466D1817433F187D
:103E00008742804140422D182B0200D5F7E634E06E
:103E10003300002500221DE7C0086F070743E808AC
:103E200037E7C7086A071743194AE808934200D1E1
:103E30002FE73A00D8E0164B00250BE7802212044A
:103E400011431F2B00DDB7E020220F00D21A91464C
:103E500097406246DA401743B84662464F46BA403A
:103E6000D940571EBA4147466D1A1743C71BB8427F
:103E7000804140422D1A2B0216D47B0700D179E2F3
:103E80000F233B40042B00D0CEE63300FF08C9E7E8
:103E9000FF070000FFFF7FFF01F8FFFFFFFF7F002C
:103EA000FE070000444601266D026D0A002D00D079
:103EB0000BE73800FEF7F6F8030018301F2800DC87
:103EC00007E73900083B9940864200DD87E0831B05
:103ED000581C1F2800DC14E20A001F3BDA4020288F
:103EE00005D040231B1A99404B1E99410A43002AD2
:103EF0003CD00026530700D091E617003500330070
:103F0000FF088FE7CA4A731C13427AD12B00034380
:103F1000002E00D092E162460A43002B00D1F4E16A
:103F2000002A0DD06346C718874280416D18404271
:103F30002D182B0200D512E23A00BB462A4315D0B9
:103F40005B466A07DF083A430023E8084CE0634613
:103F5000C71AB84292416B1A52429B1A1A0200D5F4
:103F600087E03A001D001A43A0D100240023002559
:103F700070E6B04D361A0D407B0700D080E7330065
:103F800084E74B462A0002437ED05A1E012B00D103
:103F90001FE1A94CA34200D198E1382A00DC9CE142
:103FA0006246571EBC45924152428D1A44461E003D
:103FB0002A0200D586E637E61A000F00203AD740DD
:103FC000B846202B05D04022D31A994063460B43B4
:103FD0009A4657467B1E9F4143461F4346E7954AF4
:103FE000331A11404A07C80805035B052D0B5B0D0A
:103FF00030E680231B041D4200D1FBE01D0000279A
:10400000FDE58D4A934200D103E762468218824261
:104010008041691840420818C707520817434508ED
:10402000520700D4AEE10F221E003A40042A00D00D
:10403000FAE5FF086A073A430009D5E763464F07E8
:10404000DA081743C80824E6471EB84280414042B8
:104050002D1A1E002A0200D534E6E5E5002B00D01B
:104060000DE1002A00D069E180250024724B2D0368
:10407000F0E563461F1ABC459241012443464D1B9F
:104080005242AD1A1C4011E7624644460D00D70863
:10409000C8E66346C618864280416918404209183E
:1040A0000B0200D40CE1634B70081940CB070343AB
:1040B0004A08400700D43BE10F201840042800D1F3
:1040C00036E11F1D9F42AD416D420223AD18FF082E
:1040D000A8E6002B00D140E64B469B1B002E00D1EA
:1040E00050E7382B2EDD63465F1EBC45924152429D
:1040F0008D1A44464E462B0200D5E3E594E563460F
:10410000C71AB84280416D1A40422D1A2B0200D5C1
:10411000C9E66A07FF0801233A43E80864E71A0082
:104120000F00203AD740B846202B05D04022D31AA2
:10413000994063460B439A4657467B1E9F41434630
:104140001F435CE680223C00120415431F2B26DC33
:1041500020222F00D21A060090409740DE40421ED7
:104160009041DD4037430743491B6346DF1BBC4595
:10417000924152424E468D1A7DE6002B00D1C1E697
:104180004B469B1B002E00D1D0E5382B36DD802519
:104190002D04294200D1DDE04E4600272FE51A000C
:1041A0002E00203AD640202B05D04022D31A9D4025
:1041B0002F000743BB465F467B1E9F413743D4E732
:1041C000002A00D1D1E6012443460D00E3461C40FD
:1041D000B6E663461F1ABC4592414D1B5242AD1ACA
:1041E0002B0200D55EE66A07FF08444601233A43E6
:1041F000E808F9E6471C17E53B00EBE580221204CE
:1042000015431F2B6CDC20222F00D21A0600904091
:104210009740DE40421E9041DD4037430743491935
:1042200067446745924152424E465518ECE5C046F8
:10423000FE070000FFFF7FFFFF070000002B00D1FB
:10424000FCE6C7086B071F436346E8080B4300D131
:104250001FE580231B03184207D0CA081A4204D165
:1042600063461000DF0849070F437B0FFF00FF087C
:104270005B071F430DE562460D00D708D2E5C7086E
:104280006B071F43E808002A00D102E580231B03C7
:104290001842EAD0CA081A42E7D163460124DF086F
:1042A0004346490710000F431C40DEE76044604569
:1042B000924169185242891806000B0200D5F2E6B5
:1042C0004A07F60801233243C8088DE66346DF0833
:1042D0004B0744461F43C808DBE44446130035E758
:1042E0001A002E00203AD640202B05D04022D31AA7
:1042F0009D402F000743BB465F467B1E9F413743CF
:104300008EE7202300271B1AF5E40023002A00D1A2
:1043100092E567460D00FF0884E53A001A4300D194
:1043200023E61D00BB460BE617003300FF0879E5C6
:10433000DB0852071A430809022355E663460124A5
:10434000DA0843464F071743C8081C40A1E41E0083
:10435000471C69E467460D004E46013764E40F4B85
:10436000FF081D406A076D0201233A432D0B71E4DB
:10437000130046E73300FF0854E567460D001E00B2
:10438000013751E46A07FF083A4300092CE6C008E8
:104390006A0702430023E80826E6C046FFFF7FFFC6
:1043A0000B00020070B5164D0C0382B049000020CE
:1043B00000920193240B490DDE0FA94204DD114840
:1043C000814203DD104BF01802B070BD8020400325
:1043D00020430E4C641A1F2C08DD0D4B5B1AD8408D
:1043E00003005842002EEFD11800EDE7094B009A68
:1043F0009C46030061448B40E2401343F1E7C04612
:10440000FE0300001D040000FFFFFF7F33040000D7
:1044100013040000EDFBFFFF70B5002816D0C31792
:10442000C5185D40C40F2800FDF73CFE104B1B1A59
:104430005B055B0D0A2814DC02002E001532964045
:104440000B22121AD5402D032D0B03E0002400236C
:10445000002500261B052B43E407234330001900E9
:1044600070BD0B3885402D0300262D0BF2E7C046AA
:104470001E04000010B5041E10D0FDF713FE0E4BF5
:104480001B1A5B055B0D0A280FDC0B222100121A98
:10449000D14015300A038440120B01E000230022B2
:1044A0001B0513432000190010BD22000B38824069
:1044B00012030024120BF3E71E04000070B5420241
:1044C0004300C40FFE201B0E591C550A08420CD095
:1044D000E02189008C466D07120B63441B051343D2
:1044E000E40723432800190070BD002B14D1002DD0
:1044F0001BD02800FDF7D6FD0A281CDC0B232A0060
:104500001B1ADA40030015339D400E4B12031B1A91
:104510005B05120B5B0DE1E7002D09D0130B802228
:1045200012031A436D07084BD8E700230022D5E792
:104530000022054BD2E703002A000B3B9A400025DE
:10454000E3E7C04689030000FF070000844610002F
:1045500062468C461900634600E0C0461FB500F075
:10456000F5F8002801D40021C8421FBD10B500F0A5
:1045700037F84042013010BD10B500F0E7F80028D0
:1045800001DB002010BD012010BDC04610B500F0B9
:10459000DDF8002801DD002010BD012010BDC0465F
:1045A00010B500F063F8002801DC002010BD0120E8
:1045B00010BDC04610B500F059F8002801DA0020FF
:1045C00010BD012010BDC04610B5002903D1FDF774
:1045D00069FD203002E00800FDF764FD10BDC04613
:1045E000F0B55746DE464E464546E0B50D000400A0
:1045F000E80F83460903D80F090B82461A488C46F8
:104600001F0369005E00490D3F0B760D81421AD0F1
:10461000864211D00120B1420FD1BC450DD1A2423A
:104620000BD1D3451ED0002907D1614611430A00A2
:10463000531E9A41100000E00120F0BCBB46B24678
:10464000A946A046F0BD01208E42F6D1614639430D
:104650000F0017432743F0D15B465246981A431E7A
:104660009841EAE70020E8E7FF070000F0B5574669
:104670004E464546DE46E0B50D000E034900490DA5
:104680008A46DF0FE90FBC4683B02F4F04008046F7
:104690000191580019039146360B090B400DBA459C
:1046A0001DD0B8420DD05746002F2AD134430028E0
:1046B00024D10A4336D0002C41D16346580001383A
:1046C00015E0114338D15346002B01D12643F4D0D5
:1046D000019B634507D1019B5800013807E0264341
:1046E0002AD1504521D00120019B5F42384303B0BD
:1046F000F0BCBB46B246A946A046F0BD002CDCD0BB
:10470000E6E70028EFD0019B6345ECD18245EADC67
:10471000E1DB8E42E7D8DED1C845E4D80020C845A9
:10472000E5D2D8E7002CE2D0DDE7114304D1019BAC
:104730006345D8D10020DAE702204042D7E7019B49
:104740006345E6D0CFE7C046FF070000F0B5574607
:104750004E464546DE46E0B50D000E034900490DC4
:104760008A46DF0FE90FBC4683B02E4F0400804617
:104770000191580019039146360B090B400DBA45BB
:104780001ED0B8420DD05746002F27D13443002801
:1047900033D10A4334D0002C40D16346580001384D
:1047A00015E0114312D15346002B01D12643F4D01A
:1047B000019B63451DD00120019B5F42384306E009
:1047C000264303D15045F6D111431CD0022003B03B
:1047D000F0BCBB46B246A946A046F0BD0028EAD0D0
:1047E000019B6345E7D18245E5DC02DB8E42E2D8DE
:1047F0000ED0019B58000138E9E7002CCDD0D7E757
:10480000002CE4D0D7E7019B00206345DFD0D2E73E
:10481000C845D0D80020C845D9D2EAE7019B6345F6
:10482000E4D0C8E7FF0700000020044B10B51B6868
:10483000834201D01B68984710BDC046FC2E002063
:10484000054B10B51B68002B04D05A69002A01D013
:104850005B69984710BDC046FC2E00208023074AA4
:10486000DB00D16B0B43D3630222054B19680A436B
:104870001A60012219680A431A607047001002404A
:104880000028024080220D4B1206DA67BFF34F8FDB
:10489000BFF36F8F01210A4A93788B439370802274
:1048A000084BD201196B0A431A631A6B06490A4076
:1048B0001A63DA6B0A40DA637047C04604E100E02D
:1048C0000038024000100240FFBFFFFF144B10B53C
:1048D0001A680123920606D5124B134A9B7813706F
:1048E000124A137000230024114A21001370114B47
:1048F00014221C70104B11481C70114B1C80114B62
:104900001C70114B1C70FDF74FF9142221000F4849
:10491000FDF74AF901220E4B1C800E4B1A7010BD98
:104920000008004818110020122A0020112A002037
:104930002E2F00202D2F00202C2F0020182F00209C
:10494000022F0020102A00200F2A0020042F002010
:10495000302F0020322F00200122034B1A7000223A
:10496000024B1A807047C046EE2E0020EC2E00202D
:10497000F7B5040000933F2851D100252A4805705F
:104980000325654329482E5C8E4207D145196E7870
:10499000964203D1AD78009B9D423FD003256543ED
:1049A000009B415540194270837018206043204C91
:1049B000112600192B27002407231D1B063BAB40A3
:1049C00035001A4200D03D0005550134082CF3D1C2
:1049D00003000400020011262B270F330834103285
:1049E0000193019B1D1B0123AB403500194200D0F0
:1049F0003D00257001349442F3D1040011262B2789
:104A0000183417300123811A8B40009D31001D425C
:104A100000D0390011700132A242F3D1F7BD002855
:104A2000AED101250048AAE7EB2E0020E41D0020AE
:104A3000001F0020F8B505000E001700002420001C
:104A40003B00320029000134FFF792FF402CF6D1E1
:104A5000F8BD000080210A4B89011A681B680B40D1
:104A6000D20403D40120002B06D0704780229B047F
:104A700012069B18980FF8E7024B1878F5E7C04626
:104A8000000400480C25002000B5372827D803284B
:104A900004D8002300E00423180000BD04383328A4
:104AA000F7D8FDF79DFA4E40464640F61A404E4074
:104AB0004040F6F64E62F6F666F65450405846F61A
:104AC0004A4A4A4A4A4A4A4A4A6AF6F6F6F6F6F61E
:104AD000F6F6F6F6F6F6F6F6F6520623DCE7284B7F
:104AE000C01882B20023332AD6D83328D1D8FDF794
:104AF00077FA281A36381AD01CD02830D0D0D0D027
:104B0000283ED0D026D0D02A1A343A1ED0D0D0D2C7
:104B1000D042D0D0D0D0D0D0D0D0D0D0D0D0D0D023
:104B2000D0D0D0D022220123B6E70523B4E7072353
:104B3000B2E70823B0E70923AEE70A23ACE70C236A
:104B4000AAE70D23A8E70E23A6E70F23A4E7102367
:104B5000A2E71123A0E712239EE713239CE7142367
:104B60009AE7152398E7162396E7172394E7182367
:104B700092E7192390E703238EE702238CE7C046D0
:104B8000FCFDFFFF0A4930B50A68FF2A0EDC094B1D
:104B9000094D1B68094CD3182B4003D5084D013B28
:104BA0002B4301335B00013218530A6030BDC0460D
:104BB000E01D0020DC1D0020FF000080DC1B002029
:104BC00000FFFFFF70B506000C000025A54200DBCA
:104BD00070BD3000FFF7D6FF0135F7E770B506006E
:104BE0000C1E00DC01240025701E0E280CD8FDF7D9
:104BF00001FA080F11131515181815151B1B1D1F89
:104C000021005020FFF7BEFF0135AC42ECD170BD52
:104C10005120F7E75220F5E74F20F3E75020FF300F
:104C2000F0E7A8204000EDE74A20EBE74D20E9E758
:104C30004E20F4E7A520F5E70139CBB210B504000A
:104C40000E2B07D8111E00DC0121094A5B00985A7F
:104C5000FFF7B8FF1C20062C06D0073C631E9C41C2
:104C60001423604298431C30FF30FFF78BFF10BDC8
:104C70005C12010070B50D000C1E00DC01241C2824
:104C80000ED12E30FFF77EFF4A20FFF77BFF0F4843
:104C90002100FFF797FF83204000FFF773FF70BDEF
:104CA0004A20FFF76FFF4A20FFF76CFF0848FFF725
:104CB00069FF012D03DD0548611EFFF783FF1C20FE
:104CC000FF30FFF75FFF2A20E7E7C04651020000F0
:104CD0004D0200000B000B3B70B504000B4D012B87
:104CE00006D82B20AC4200D00948FFF74BFF70BD1F
:104CF0000139CBB20E2BF4D8111E00DC0121054A7C
:104D00005B00985AFFF75EFFEBE7C04637020000F2
:104D10002B0200005C12010010B50448FFF732FFBF
:104D20001C20FF30FFF72EFF10BDC0464D020000D3
:104D3000812310B59B0098421BD004D8042816D0BC
:104D4000122818D010BD83239B0098420BD00D4B26
:104D50009842F7D14A20FFF715FF8A208000FFF71D
:104D600011FF522000E04A20FFF70CFFEAE74F2036
:104D7000FAE74D20F8E74D20FFF704FF8A20800076
:104D8000F2E7C046120200000022044B1A605A608B
:104D90009A609A81024B1A707047C046CC1B002063
:104DA000C81B0020030000B50B20272B11D017D8FB
:104DB00000200F2B10D8042B0BD9581F0A2809D814
:104DC000FDF718F92F08083108080608332B2D00C5
:104DD000012000BD0020FCE71A2BFAD10530F8E7CE
:104DE000134A06209342F4D00DD8123A043093426D
:104DF000EFD0104A04309342EBD00F4A9B185A422E
:104E00005341D800E5E70D4A0D209342E1D00C4A0A
:104E100000209342DDD10C30DBE70320D9E70420EA
:104E2000D7E70720D5E70920D3E70220D1E7C0461E
:104E30001A0200000A020000FBFDFFFF2102000031
:104E40002302000010B5FFF79FFF0022014B1A60FC
:104E500010BDC046C41B00200F4970B500220D00D4
:104E600004000E480378934206D1102B0CD05A1C34
:104E70005B000270EC5270BD02318E1E3688A64275
:104E8000F9D00132D2B2EEE71E2228000449FCF725
:104E9000D5FDEC83EFE7C046701B00206F1B0020A0
:104EA000721B00209521084A0300821892B201204B
:104EB00049018A4207D3054A00209B181F229BB252
:104EC0009A424041C0B2704700C0FFFF40ADFFFFB3
:104ED0000200E03A012310B5072A04D9292802D09C
:104EE000FFF7E0FF03000120184010BD70B504007B
:104EF0000D00002A02D10025280070BD904700282F
:104F0000F9D06D79002DF6D02000FFF7A5FFF3E76B
:104F100037B58AB201AB040019800020120A052AB5
:104F20000DD81D780F2D0AD80130042C07D8062380
:104F300063439B181B015B1983400149585A3EBDCE
:104F40007A120100034B1879013843425841C0B22C
:104F50007047C046181100200200393A03000120B2
:104F60000C2A0CD9703A824209D92C2B07D0180090
:104F7000293B1738424250415A4253411843704727
:104F80002C2814D10C4B002908D001221A700B4B8D
:104F90001A7000220A4B1A70012070471A78002AF2
:104FA000FAD01970054B1970054B1970F4E71738D2
:104FB00043425841C0B2F0E7581B0020571B002065
:104FC000561B0020F82210B5441EFF3C030052017E
:104FD0000020944208D20A3BFF3B1800421E904139
:104FE0005A42534140001843884710BD0423020928
:104FF00001D113000200910802D00A000233DBB293
:1050000052089818C0B27047054B1B7803431A1E0C
:1050100001D0DB06DA0F034B1A70034B1870704790
:105020000C1B0020771A00200D1B00200123834059
:1050300010B5034A10781843C0B2FFF7E5FF10BD62
:105040000D1B00200123834010B5034A10789843BC
:10505000FFF7DAFF10BDC0460D1B002073B582B20A
:1050600001AB1880120A052A1CD81B780F2B19D8FF
:105070000320012612019B18DA0850430A4A350022
:105080008018072213409D400022EDB20B00D34050
:10509000845C33405B4263402B405C40845401326B
:1050A000032AF3D173BDC0464A1A002037B583B234
:1050B00001AA10801B0A0020052B16D811780F2991
:1050C00013D807241B01CB180321020001251C4023
:1050D000DB085943054BC9188B5CE3402B409340D8
:1050E00001321843C0B2032AF6D13EBD4A1A00204D
:1050F00070B50B4B1C7801231D00854028001D0056
:105100008D402900934001432000CDB298432140B7
:105110008D4201D11C43E0B2FFF776FF70BDC0465F
:105120000D1B00200721054B054A1B7812789A4277
:1051300000D1704701330B40F9E7C0468E1A0020BA
:105140008D1A002070B50B4C23781A008243100092
:105150002270050007221540104209D1984207D05D
:10516000054B5B785B0703D5C008FFF76BFF257025
:1051700070BDC046881A00208A1A002070B5134AF4
:10518000134B144D10781B782C781843002C18D032
:10519000114B9B78012B03D1104B1B787F2B11D81F
:1051A00006210F4B002259181E78002E01D0013223
:1051B000D2B201338B42F7D1002A01D000232B70E9
:1051C000204370BD1E21074BECE7C0466D1B00203D
:1051D0008C1A0020861A0020101100208A1A002044
:1051E0004A15002052150020024A13788343137099
:1051F0007047C0466D1B0020030010B5E7280AD891
:10520000DF280AD8312800D173E00FD8292866D0CA
:105210002A2800D174E0180010BDE0380728FAD819
:10522000FCF7DEFE18F927303DF9474C392808D045
:10523000822806D03528EED1374A12789206EAD570
:1052400006E0354A1178890761D152781207E2D514
:105250002923E0E730480121027814000C400A427B
:1052600045D140780842D6D02300D206D3D4E323D8
:10527000D1E7294A12785107CDD50023D206CAD4E6
:10528000E333C8E72449E2230A785007C3D44878B7
:1052900001210400023B0C400842E5D0BBE71E4A56
:1052A00051788907B7D512780023D206B3D4E733F3
:1052B000B1E7194A12781107F6D4ACE71649E6238C
:1052C0000A781007A7D4487802210400023B0C405A
:1052D0000842A0D12300D2069DD4E7239BE70E4AC3
:1052E0001178890615D45278120700D493E7392330
:1052F00091E7094A1278520600D48CE72A238AE7FC
:10530000054A1278520600D485E7312383E7E0236B
:1053100081E735237FE7C0468A1A002030B5254C47
:1053200021784B070DD514220240043A53425A41CA
:1053300018230340083B5D426B419A4201D00C2385
:1053400058400B070DD514220240143A53425A41DB
:1053500018230340183B5D426B419A4201D00C2355
:1053600058406478E3070DD511220240013A5342B8
:105370005A4118230340083B5D426B419A4201D0D9
:1053800009235840A4070DD511220240113A534277
:105390005A4118230340183B5C4263419A4201D0B2
:1053A00009235840C90603D5030701D5182398439C
:1053B00030BDC0468A1A002070B5FFF71DFFA42338
:1053C0000400DB0198424CD2A023DB01984200D3B9
:1053D0009BE0DF281CD8CC2859D8A7280AD8A428B5
:1053E00000D979E0012869D0031F9BB2A02B65D9B1
:1053F000002463E00300A83B9BB21A2BF8D8583472
:10540000504BE4B26400E35A8824E4011C4355E0A5
:105410008023DB01984219D28026B601B04200D326
:1054200083E0E7284AD9F822431EFF3B9BB2520192
:105430009342DDD2000AC0B2FFF770FF0500E0B270
:10544000FFF7DAFE2D02284384B237E0C0B2FFF73F
:10545000D3FEF0231B0123403B4C18430443A4B26A
:105460002CE0A523DB0198421DD2384B98423CD852
:10547000374B98420DD8374B984231D80322C4B2EB
:10548000A3081440023AA2405B01334C13431C436F
:10549000E5E70321012201408A40C3065B0F5B015F
:1054A0002E4C1343F3E72E4B984209D81F202D4B67
:1054B00020409C4223D82C4C00020443201C70BD89
:1054C0002A4BC3189BB21F2B00D991E7F823040283
:1054D0005B011C40264B99E78023243CDB01D6E787
:1054E0001F230340234C1B0290E7032101220140AC
:1054F0008A40C3065B0F5B011F4C1343C7E7FFF7EE
:105500000DFF80240002A401A8E71F202040FFF720
:1055100005FFE3051B0F1B0202B2C00602D5FF21E7
:1055200012010A40154C1343B1E7C004C00EFFF747
:10553000F5FE0500E0B2FFF75FFE2D0205432E43A6
:10554000B4B2BBE7E40F010000A0FFFF5F52000010
:105550003F5200001F520000008DFFFF008CFFFF34
:10556000BF5200009F520000F4A0000040ADFFFFBA
:10557000F0A00000F1A00000008AFFFF0090FFFFF4
:10558000F0B50424104A114B12781B7885B001AF96
:105590001A433880009203AE009B0122234113423C
:1055A00005D1013CF8D20025280005B0F0BD3B88AC
:1055B000E5B2338031682800FFF7AAFCFFF7FCFE54
:1055C00080B20128EDD0EFE70D1B00200C1B00205E
:1055D00013B54379008801AA10800198002B0DD0E3
:1055E00000290BD0FFF7CCFF040001000198FFF762
:1055F00035FD20000199FFF78BFC16BDFFF756FD26
:105600000400F6E71FB501AC20800198FFF7B8FF52
:10561000228803AB1A800399FFF77AFCFFF7CCFED0
:1056200004B010BD10B500240379A3421ED0008839
:10563000FFF7E8FFC2B20004030F062B18D00F21BA
:10564000062B0DD80E330B40012B0FD80124F02A66
:105650000CD007D80024E72393426441E4B205E06C
:105660000633F0E7F43A53425A41D4B2200010BD59
:10567000E72393426441F13A53425A411443EDE720
:10568000002070470020704710B5024B1B689847F8
:1056900010BDC046B00E002010B50B00041E02D194
:1056A000C80FC00110BDC11742184A4012B2D1182C
:1056B000002B0BDB9B1A5801FCF778FB2023181AF0
:1056C000C0B2002CEEDA4042C0B2EBE74801D11A7A
:1056D000FCF76CFB6023F2E71FB5030A0190303141
:1056E000D8B20E4B4900C95CE5234B431B121C3357
:1056F0009A1AD317D2185A40D200821A01AC131C3E
:10570000120400D500231BB2013058430012A378C5
:10571000607020881B04184304B010BD2C110100D8
:10572000030C84B001903031D8B2114B4900C95CF0
:10573000E5234B431B121C339A1AD317D2185A4035
:10574000D200821A131C120400D500231AB2431C83
:10575000534301AA1288FF2110001B12120A0840AD
:1057600012020B401B041043184304B07047C0469C
:105770002C1101007FB5040A0190E4B21000E51A73
:10578000FFF78AFF8300C01AEDB22D18EDB2013485
:105790006C4301AE2412B378747030881B04184334
:1057A00004B070BD7FB5040C051CE4B21000E61A0D
:1057B000FFF772FF8300C01AFF23F6B236181800F5
:1057C000F6B20134744328402D0A1D4024122D02E4
:1057D0001C40034B284324041840204304B070BDF0
:1057E000FFFF00FF7FB5040A0190100008AA15789A
:1057F000E4B25D1BFFF750FF6519EDB22D1AEDB253
:1058000001346C4301AE2412B378747030881B04E9
:10581000184304B070BD00007FB5051C040C1000D7
:1058200008AA1678E4B29E1BFFF736FFFF23A619DD
:10583000F6B2361A1800F6B20134744328402D0A25
:105840001D4024122D021C40034B28432404184001
:10585000204304B070BDC046FFFF00FF84B001A923
:1058600001908B780A7008881B04184304B07047B5
:105870001FB5074B30314900CB5C01AC01909B1A3E
:105880002370A37820881B04184304B010BDC046C1
:105890002C1101001FB5074B303149005B185B78B4
:1058A00001AC01909B1A2370A37820881B04184335
:1058B00004B010BD2C110100F0B5303115000E4AB6
:1058C0004B00D3185F7885B03E00203E019001ACBC
:1058D000C0B273B2360602D52023DB1B5BB249008F
:1058E000525C521BD2188018A378207020881B04A9
:1058F000184305B0F0BDC0462C11010084B004AAC5
:105900000190107803225A43521001A980188B7815
:10591000087008881B04184304B0704730B585B080
:10592000019010001D00FFF7B7FE01AC4019A378ED
:10593000207020881B04184305B030BD30B585B0F9
:105940000190100008AA147801AD1C1BFFF7A4FEFB
:10595000E4B2241AAB782C7028881B04184305B0D5
:1059600030BD00007FB50D4D30335B00EE185B5D40
:105970007678703B59437F23203E72435118CA17F3
:105980001A405218D21101AC01901218A37822705B
:1059900020881B04184304B070BDC0462C110100C0
:1059A0007FB50D4D30335B00EE185B5D7678703B54
:1059B00059433F23203E72435118CA171A405218C8
:1059C000921101AC01901218A378227020881B0458
:1059D000184304B070BDC0462C1101007FB5134DB3
:1059E00030335B00EE1876780190203E72435E5DA6
:1059F00001AC3500703DC0B26BB22D0602D57023EC
:105A00009B1B5BB23825EB1A594303238A187F216D
:105A10005343DA170A40D218D2118018A3782070A5
:105A200020881B04184304B070BDC0462C1101002F
:105A30000C4B3031490084B001905818C95C0323E5
:105A40004078091A4B43DBB2991AC9B2202801D910
:105A5000D218D1B201AA9378117010881B04184390
:105A600004B070472C11010030B50C4B30314900A7
:105A7000CD5C85B0AB1A019001ACC0B2D9B21B06A7
:105A800001D5521BD1B219234B431B12C0182070F1
:105A9000A37820881B04184305B030BD2C110100E9
:105AA0001FB501900520434306AA128801A9D31807
:105AB0001A1C9BB2FF2B00D9FF22D3438A78DBB29A
:105AC0009B181C1CFF2B00D9FF240A88FF23100001
:105AD000120A1840120223401B041043184304B05A
:105AE00010BD30B585B0019008A800881B18C817F4
:105AF00009184140D0171218424009B29BB292B225
:105B00000901FF2900DDFF2112B21201FF2A00DD89
:105B1000FF220C1C15B209B201A8A94200DD141C19
:105B20001B191A1C9BB2FF2B00D9FF22D34382788A
:105B3000DBB29B18191CFF2B00D9FF210288FF2321
:105B40001000120A184012020B401B0410431843A5
:105B500005B030BD7FB5050C160008AA019012886B
:105B6000E8B201ACFF25482B06D8D31A1A1C9BB209
:105B7000AB4200D92A1C95B2083189B2102905D947
:105B8000330008339BB2102B00D9FF250321ED43CE
:105B90000C4BF2170A405B7892199210EDB2D218B2
:105BA00040192270011CFF2800D9FF212288FF2301
:105BB0001000120A184012020B401B041043184335
:105BC00004B070BDF81E002084B004AA12880190B1
:105BD000D21A131C92B2FF2A00D9FF23DBB2D94399
:105BE00001AA9078C9B24018011CFF2800D9FF21F2
:105BF00010781B1813701288FF231000120A184027
:105C000012020B401B041043184304B070471FB529
:105C100006AA128801A9D31A1A1C9BB20190FF2B65
:105C200000D9FF22D3438A78DBB29B181C1CFF2BC0
:105C300000D9FF240A88FF231000120A184012021C
:105C400023401B041043184304B010BD10B5FEF7E9
:105C5000F1FE10BD354B70B51B78002B2AD1344BAB
:105C60001B78002B26D1FA2390261021314ADB0025
:105C7000F6051478002C19D1346825000D400C422B
:105C800014D1012313703C222B4B1D702B4B1A8017
:105C90002B4B323A1A709870363210385A700428EA
:105CA0000CD8FCF7A7F9080B0F203100013B9BB281
:105CB000002BDED170BD234A9278DA70180009F00B
:105CC000A7FAF7E700222D21DA7006325A714B321B
:105CD0009A71063ADA71153A1A72053A19715A72BE
:105CE0009972DA72EAE70621002259714B319971F3
:105CF0000639D9711539DA7019722D3205391A71D0
:105D00009A7259720532ECE70621002259714B3123
:105D100099710639D9711539DA7019722D32053930
:105D20001A719A7259720632DBE7C0461E110020C2
:105D3000332F0020BD2F0020BC2F00201611002083
:105D40003A2F00201811002003000020104A10B53F
:105D50001278824218D10F490C78E0B2002C14D18D
:105D60009022D2051268D2060ED40B4A0134147068
:105D70000A4A0C7010700A220948027036324270CA
:105D8000837009F045FA200010BD1000FCE7C04602
:105D90001E110020BD2F0020BC2F00207A2F0020D4
:105DA0003A2F002070B51F4B9B78012B20D11E4B42
:105DB0001B787F2B1CD9FFF7E1F91C4C1C4D607040
:105DC000202229002000FBF743FF002828D02022B2
:105DD00021002800FBF7D4FD164B1B68002B1FD0B9
:105DE0009B68002B1CD0062222702000984717E0E9
:105DF000FFF7C4F9104C114D207008222900200033
:105E0000FBF726FF00280BD0082221002800FBF713
:105E1000B7FD084B1B68002B02D05B68002BE4D158
:105E200070BDC046101100208A1A002050150020B5
:105E3000221A0020142A002048150020421A0020AF
:105E400010B5002803D0FFF7CFF9FFF7ABFF10BD67
:105E500010B5002805D0034B1A7810431870FFF7CF
:105E6000A1FF10BD6D1B002010B5094C2378002B3D
:105E70000CD1084B1A7802231A4207D1064A11782E
:105E80000B431370FFF78EFF0123237010BDC04634
:105E9000901B00206E1B00206D1B002010B50028F9
:105EA00005D0034B1A7810431870FFF77BFF10BD25
:105EB0008C1A002010B5002805D0034A13788343BC
:105EC0001370FFF76FFF10BD8C1A002070B5324CB5
:105ED000062200212000FBF767FEF822DF212F4B6E
:105EE00052021B6849021340C91A06222000FBF720
:105EF00047FD23786678A578E07821796279FF2BD1
:105F00001DD12B00334003400B401340FF2B31D1F8
:105F100002232370013B32226370E3700023A270DE
:105F200023716371FEF796FD1D4B1870012828D070
:105F3000022828D0002801D10223237070BD002B35
:105F400016D1002E18D12B0003430B431343DFD08F
:105F5000642D01D96423A370012801D90123E370C2
:105F6000012901D900232371012ADBD90023D8E7B5
:105F7000022B01D902232370032EE9D90323637076
:105F8000E6E72070DAE7002323706378013B022BF9
:105F9000D4D901236370D1E7181100200014024006
:105FA0000C250020F0B52C4E040033780D00013391
:105FB000DBB291B0142B00D10023284A12789A4208
:105FC00021D04022002168466F46FBF7EDFD082DE9
:105FD0001BD12A002100F81CFBF7D2FC0B233278DE
:105FE0001F49204892013980801839004022BB7037
:105FF000FBF7C6FC33780133DBB233703378132BF5
:1060000001D90023337011B0F0BD20780238042884
:1060100020D8FBF7EFFF180A111F03002A00210008
:10602000F81CFBF7ADFC0C23D9E72A002100F81C73
:10603000FBF7A6FC0F23D2E72A002100F81CFBF790
:106040009FFC0E23CBE72A002100F81CFBF798FCED
:106050000D23C4E70023C2E70D2500200E2A0020EF
:106060000A4000000E250020084B10B51B780400E4
:10607000012B02D80821FFF795FF054B1B68002B69
:1060800002D020005B68984710BDC0461811002060
:10609000FC2E0020084B10B51B780400012B02D801
:1060A0002021FFF77FFF054B1B68002B02D020004B
:1060B0009B68984710BDC04618110020FC2E002098
:1060C000084B10B51B780400012B02D80621FFF7FE
:1060D00069FF054B1B68002B02D02000DB68984746
:1060E00010BDC04618110020FC2E0020084B10B532
:1060F0001B780400012B02D80321FFF753FF054B47
:106100001B68002B02D020001B69984710BDC046B9
:1061100018110020FC2E002070B50C001500002185
:106120000600FBF741FD90236219DB009A4200D97B
:106130001D1B002D05D003492A0030006118FBF714
:106140001FFC70BD582A002013B56B469C1D002310
:106150000100022220002380FFF7DEFF208816BD09
:10616000902070B51024164B16491A78164BC005AE
:106170000D78002D04D10568254201D1002A03D0F5
:10618000013B9BB2002BF3D18022104B52029A604C
:1061900009F0DCFF0C210E4B1A688A431A601A685A
:1061A0000C490A401A60012219680A431A60BFF3B9
:1061B0004F8F094B094ADA60BFF34F8FC046FDE7A6
:1061C000EA2E0020BD2F0020A08C0000000C00480B
:1061D000001402400FFEFFFF00ED00E00400FA058E
:1061E00037B56B460400DD1D2A000121006807F069
:1061F00073FD23682878013323603EBD8023124A53
:10620000DB01D16B10B50B43D36308F009F87F2293
:106210000E490F4B0A700F49013A0A700E494F3A66
:10622000C7200A6099782E3A0A43C0219A700B4A17
:106230008000135809061B021B0A0B4313508023CE
:106240001B06136010BDC04600100240803802409B
:106250000038024082380240A038024000E100E0ED
:10626000802370B5274ADB01116C86B00B431364A1
:10627000012600230225042469462348029304933F
:10628000059300960195039609F0E6FD69461E48C0
:10629000009509F0E1FD69461B48009409F0DCFD1A
:1062A000082369461848009309F0D6FD4022174B91
:1062B00019689143196019682143196019680E43E0
:1062C0001E6019680D4338211D60186888432839FD
:1062D00001438020196019688143196019680C48CE
:1062E0000140196019680B480140196019680A4893
:1062F0000140196059680C435C6019680A431A60D0
:1063000006B070BD00100240000800480038004090
:10631000FF7FFFFFFFF7FFFFFFFDFFFFF0B510233B
:10632000002603258BB0954804A90493069607968A
:1063300008960996059509F08FFD8023904A9B00E9
:10634000516C02A80B435364029608F0B7FF029BFE
:106350008C4C013300D0F7E002228B4B99680A4342
:106360009A60012299680A439A60E369874A134058
:10637000E3611823E2691343E361226C844B1A4002
:106380009023DB00134307222364236A93431D43B6
:10639000804B2562804A1B68934200D9C9E0802265
:1063A000236BD2051B021B0A134380222363A36FB6
:1063B000D2001B0B1B031343A367A36F774A134041
:1063C0000122A367A3691343A361E3681342FCD0CE
:1063D0008023E16F724ADB0411400B43E36704231F
:1063E000A1691943A1616F49C86F1842FCD1276D9B
:1063F000E06F1040A022D2040243E267A269134377
:10640000A3610423CA6F1A42FCD10F20BFB27843A4
:10641000256DADB2401BFCF73BF96349FBF76AFF02
:10642000061CFEF74BF8009001910021301CFBF791
:1064300025FE00225D4B002800D180E000980199E4
:10644000FCF776F900900191E81BFCF721F9011C9B
:106450005748FBF74FFFFEF731F80022534BFCF78C
:1064600067F9FBF75DFEA66F80B2360B360330434B
:10647000A06700980199FDF793FFA56F474B0004B3
:106480001D400543A567E369404A13401822E361B4
:10649000E3699343E361236C3D4A1340072223647D
:1064A000236A93432362236B1B021B0A2363414B22
:1064B00063618022E36AD2051B021B0A1343E36275
:1064C000A369002BFCDB0723226A9A43043B134396
:1064D00001222362A3691343A361E3681342FCD042
:1064E000A3690423A2691A42FCD12022E3699343E1
:1064F000E3611823E2691343E361E369234A13402C
:106500000122E361E3691343E361E3681342FCD0D2
:106510000F22236C93432364226C1D4B1A40E0230B
:106520009B00134323640423A2691343A3610BB0AC
:10653000F0BD8022236B12061B021B0A34E7009871
:106540000199FDF7F5FA7DE703A8039608F0B6FE7A
:106550000122A169039B0A43A261A16F1A05090BDD
:106560000903120D0A43A267A26F0C491B0C5BB210
:106570001B040A401343A3679BE7C046000800487A
:10658000001002400024014000140240FFDFFFFF22
:106590003FF8FFFF0825002005A24A04FFFF00FF87
:1065A000FFFFFFF804240140000060410000E03FCD
:1065B0000000604AFEFF000010B50AF060FA0021FA
:1065C0000248034AFBF7F0FA10BDC046182A002023
:1065D000C20400000122264B10B5D96B9024114350
:1065E000D9632449E4054A608021586C490201437B
:1065F00059643C21204BD963986A3431884310395F
:106600000143996200215964196B11431963802178
:10661000586D0902014359650821986A014399623E
:10662000996D20001143996519681143196004217F
:1066300007F0D3FEA36A114A1340A362A023A26A03
:10664000DB0013433022A362236993432361202399
:106650002269134342222361094B1A60094BDB78FC
:10666000002B04D111210848084AFBF79DFA10BD00
:10667000001002400000024000400140FFF0FFFF18
:1066800078000240F81E0020001F002002060000D3
:10669000002270B52F4B304C1A70E36B3C2B01D0AD
:1066A000FFF798FF04232D4DAA6A1A42FCD12C490A
:1066B0002C4B48792C4A00280ED12C48007802280F
:1066C00006D02B480078002802D00978002903D191
:1066D00028490978002905D10121197080235B021E
:1066E000936070BD24490120097889072CD09060FF
:1066F0001A78002A04D0002202301A7008F0ACFC8C
:106700000122C0200021A36DC0009343A3651B4B51
:1067100019541B4819541B4B1B491C4899601C49B0
:10672000986119601B491C48596059611B491861DF
:106730001C334B621A4BCB621A4B8B620423AB6245
:10674000A36D1A43A265CCE7187080235B029360A7
:10675000D6E7C046EB2E002000400140000002407A
:10676000332F0020F41E0020000C004818110020D8
:10677000EF2E0020F62E0020F81E0020001F002023
:1067800001060000A41E0020F73E00C0172100C033
:10679000EF2200204440014001250020FC0002407F
:1067A000768000AA2C02024070B5802401222D4D73
:1067B000640286B011002800AC6007F00EFE902342
:1067C000AC60DB0508241E0018009C60210001223B
:1067D00007F003FEB460022628003100AE600122FB
:1067E00007F0FBFD80219020AE6020228901C005CA
:1067F00007F0F3FD002220211B4807F0EEFD802169
:1068000020221A48490107F0E8FD8021202217487C
:10681000890107F0E2FD9020002524196946C00592
:1068200000940195029503960495059509F014FBD3
:10683000C120C0210E4B80005A6B5D631A680906A7
:1068400022431A609A6922439A61DA691443094A19
:10685000DC6113581B021B0A0B4313508023136087
:1068600006B070BD000C0048000800480004004855
:106870000004014000E100E010230D4AC320116C28
:1068800080000B4313642F220A4B9A63FA22D20032
:10689000DA630122DA601A60074B084A195811407E
:1068A000802212040A431A508022D2011A607047D3
:1068B000001002400010004000E100E0FFFF00FF78
:1068C000884BF7B51B780400002B00D15BE3864DA5
:1068D0002E78731E022B00D955E3B31E012B00D96D
:1068E000BBE02000FEF7D0F8E2B20300292A02D173
:1068F00001232B7042E07D4A11680A280ED1092934
:1069000008DC4B430021272C01D021001D395B18E6
:10691000136001E06329F4DD0020FEBD1C2C05D8C6
:10692000122C1ED8062C34D0072C25D0013B042B6A
:10693000F2D80D1E00DC01250027032E62D1272C82
:1069400053D03AD80F2C32D8042C44D9601F0A28CF
:1069500041D8FBF74FFB4C40402E404052402E4C5C
:106960005500200013380928E0D8FBF739FB1DDF5C
:10697000DF16DFDFDFDF050AFEF7CEF9FEF704FAE8
:10698000CAE75B48FEF7FEF883204000FEF7FAF8FE
:10699000F4E7FEF7C1F90023ABE75648FEF7F2F83B
:1069A0004C20FEF7EFF8F6E71A20FF30EEE71A2C3E
:1069B00011D15148FEF7E6F80DE0504B9C42F8D05B
:1069C0000DD84F4B9C4216D005D84E4B9C420ED052
:1069D00003339C42EDD00137AF42AED1CEE74A4BF4
:1069E0009C4206D0494B9C42F5D14948E2E74948D0
:1069F000E0E73F48DEE74848DCE794208000D9E73D
:106A00003C48D7E71A2C24D00DD8601F83B20A2B3C
:106A1000E1D80A28DFD8FBF7E3FA1EDEDE1CDEDE53
:106A2000F0DECCEAF300364B9C42E4D008D8354B7C
:106A30009C4210D003339C420BD0272CD5D0CAE700
:106A4000314B9C42D5D0314B9C42CED02B4B9C42FB
:106A5000C1D13248AEE7D420D0E7314E3778052F88
:106A600008D82A23FB40DB0704D523001E3B092B53
:106A700000D88AE2E3B2292B20D1002F00D17CE29A
:106A8000FEF782F90022274B1A603378002B0FD1D2
:106A9000244E3468002C0BDD234B1F78002F07D1C8
:106AA000224823496200FAF76BFF224B37601C60D3
:106AB0002B78002B00D02FE71A4A29E72000FDF79A
:106AC000E3FF03000200072F00D95FE13800FBF766
:106AD000A5FA3300F00041017B01C0010102390237
:106AE0004E02C046C21B0020C11B0020CC1B002050
:106AF0004D0200004F020000510200001A02000087
:106B00000A0200000502000021020000230200002A
:106B10004A020000520200004D0300004F03000033
:106B2000C81B0020C41B0020C01B0020B01B00207D
:106B3000A01B00209C1B0020581E182800D91CE216
:106B4000FBF76CFA4B004B004B004B005200FE0170
:106B5000EE003D00440019001B0255005B005F0081
:106B600098006B006B006B006B006B006B006B00A0
:106B70006B006B006B00012333700023272C01D0C6
:106B800023001D3BA84A13602000FDF77DFF00286D
:106B900000D17AE7A54BC340DB0700D475E7A44BCF
:106BA0001B78002B00D070E7A24A1368072B00DD8A
:106BB0006BE7591C1160A04A5B009C5265E70223F9
:106BC0003370994B01221C811A73DDE70423337063
:106BD000954B01225C815A73D6E72000FEF7E2F85C
:106BE0000121FDF7FBFFCFE701210E20F9E701218D
:106BF0000620FEF73FF8002307E02000FEF798F894
:106C0000F9E78E4B9C4202D002232B70BCE7032392
:106C10008B482B70FDF7B6FFB6E7113B1800082B29
:106C200026D8FBF7E7F92023050E11141D1A0700DB
:106C30002A20EFE78348FDF7A5FF4C20FDF7A2FFD0
:106C4000D9E7FEF769F8D6E7FEF766F89CE77C48D7
:106C5000FDF798FF83204000DCE75020FDF792FF0E
:106C60001A20FF30D6E74D20FDF78CFF4C20D1E7EE
:106C70001E20F6E76E4B01931B78002B84D1724FD8
:106C80003A68002A80D0012201990A700093009A84
:106C90003B689A4203DB0023019A137074E7009B60
:106CA0006A4A5B00D05AFFF70BFE009B0133EDE709
:106CB0000B225D4B19680F1E00DC0127501E0D28AA
:106CC00064D8FBF7ABF921002100210021002A0044
:106CD0003D012D001B001E0063000E003000370038
:106CE0003B00092900DD4FE70A224A430021272CF7
:106CF00001D021001D3952181A6045E70222327076
:106D000060E70422327064E72000FEF74BF8390098
:106D1000FDF764FFFEF738F836E701210E20F7E7AC
:106D20000723337030E739000620FDF7A3FF002367
:106D30002B70EFE72000FDF7FBFFF8E73F4B9C428D
:106D400001D00223F4E703233D482B70FDF71AFF1F
:106D5000E0E70B22344F3B680093002B01DC01235A
:106D60000093501E092811D8FBF744F91621161676
:106D70005AEA100510253B899C4207D12000009952
:106D8000FDF778FF3B89062BC4D1D0E7FDF7FCFF68
:106D90000022284B1A609AE53B8920000193FEF7F8
:106DA00001F8009A01000198FDF746FFEAE7012289
:106DB0000B213889F8E7032333700023272C01D0F7
:106DC00023001D3B7B60DFE6581E0A28DED8FBF758
:106DD0001BF90B001D000B000B002600B700DDFFA8
:106DE000DDFFDDFFDDFF92000F4F20003B890093A8
:106DF000FDF7D8FF3B680100002B00DC01237A6817
:106E00005A43632A00DD63220098CDE7064A5168A1
:106E1000092900DDB8E60A234B435360B4E6024F6C
:106E200001220E213889BFE7CC1B0020FE17FE038C
:106E3000C01B0020C41B0020A01B00201902000062
:106E40004D0200004F0200009C1B0020B01B0020E0
:106E50000B22534B1F680097002F01DC012100918A
:106E6000501E092892D8FBF7BBF81F291F1F676B1C
:106E70009191052C5B8901939C4200D086E74A20C2
:106E8000FDF780FE4A20FDF77DFE012F04DD00990D
:106E900044480139FDF796FE434B019A2B2093425B
:106EA00000D153E7414851E720005F89FDF77AFFA1
:106EB00001003800009AFDF70DFF2BE73A4A5B8985
:106EC000ECE7052232700022272C01D022001D3A67
:106ED0005A6059E6581E0A2800D957E7FBF794F87C
:106EE000190096FF190019002B00300056FF56FFBD
:106EF00056FF56FF0B002A4A5168092900DD43E678
:106F00000A234B430021272C01D021001D395B1897
:106F100083E7234F20007B890093FDF743FF3B6805
:106F20000100002B00DC01237A685A43632A00DD4C
:106F300063220098BFE71A4B01220E215889BAE755
:106F40000623EEE6062B00D020E7154F3B7B002BF7
:106F500003D001220F21388926E77B7B002B03D049
:106F600001220F217889A6E701210F20D0E6072B07
:106F700000D00BE78B204000E8E60D4B1A68002A92
:106F800001DD00221A600120C7E4781E0428F4D82D
:106F9000FBF73AF88EFEDFFEB1FF5EFFB1FFC046A1
:106FA000CC1B002051020000370200002B02000021
:106FB000C41B00200122124B10B51A7000233C2183
:106FC000104A1370104A1180104A1370104A13703F
:106FD000104A1370104A13705371104A1370104AFC
:106FE000138072B6FFF7E0FB62B607F06FF99622E6
:106FF000D200801803220B4B18600B4B1A7010BD87
:107000001E110020392F002016110020BD2F002056
:107010007A2F0020BC2F0020332F0020EF2E0020DD
:10702000F02E00205C1B0020591B002010B5832887
:107030000ED106F0F1FFC00709D5532007F024F860
:10704000FEF7B0FE532007F055F8FEF7ABFE10BD7B
:1070500084280AD106F0E0FF4007F8D5472007F062
:1070600013F8FEF79FFE4720EDE7031FDBB2A02BCE
:10707000E9D903002033DBB2072B07D807230340ED
:1070800001209840C0B2FEF7AFF8DEE703005B33A3
:10709000DBB2022B03D8002006F0C2FFD7E70300C3
:1070A0005833DBB21A2B03D8002006F0D3FFCEE70B
:1070B00003003333DBB2122BC9D806F0EFFE07F022
:1070C00035F9C4E710B500280FD082280ED106F09C
:1070D000A3FF800709D5392006F0D6FFFEF762FE30
:1070E000392007F007F8FEF75DFE10BDFFF79EFFA1
:1070F000FBE7000070B5002426000E4D2B78002B16
:1071000005D00D4A6300D05CFFF7DCFF2E700B4BFF
:107110000135E31801341E70042CEFD1084C23789C
:10712000002B05D00220FEF75FF8FEF73BFE26702D
:1071300070BDC046951B002054120100911B002019
:10714000901B002070B50025104C2088002804D02A
:10715000C0B2FFF7B7FF0023238001350234042DAE
:10716000F3D1D120FFF762FFD220FFF75FFF0022AB
:10717000074B1A70074B1A80074A084B12781A708F
:10718000FDF760FEFFF7B6FF70BDC046641B002030
:10719000621B0020601B00206C1B0020C11B002014
:1071A000352310B5064C03220649601C2370FAF7FC
:1071B000E7FB81235B42A38006F066FD10BDC0465D
:1071C000F81E0020D00A01008023064A1B06D16C5D
:1071D0000B43D3648023044A9B0351690B435361DF
:1071E0007047C046001402400004014010B5034B34
:1071F00070461A695A6107F0D1F810BD00040140C9
:1072000010B5FFF7F3FF10BD802310B5DB05DA6979
:1072100070461A6207F0C2F810BD000010B5034BAB
:107220007046DA691A6207F0B9F810BD0004004030
:1072300010B5034B7046DA691A6207F0AFF810BD5B
:107240000008004010B5034B70461A6E5A6607F0EE
:10725000A5F810BD000002402B4B70B51A697546A9
:107260005A612A4B1978002912D110231A420FD0E3
:10727000274C2278002A0BD0264A10789022D2057B
:107280001268002808D1110019401A4200D121705B
:10729000280007F083F870BD16001E401A420DD07A
:1072A0002378012BF4D1013340221B482370FAF7D5
:1072B0007BFC8020400107F0ABFFE9E72378022B3D
:1072C000E6D1154B1A78154B1B78002B07D07F237E
:1072D00013403B2B03D107F0F5FE2670D8E70A2AAE
:1072E00004D107F0EFFE00232370D1E70C4A137896
:1072F0000133DBB21370022B02D900231370F3E7C2
:10730000012308482370D6E7000401401E11002025
:10731000BD2F0020BC2F00207C2F00207B2F0020C1
:107320007A2F00203A2F00207346F0B589B00393DE
:10733000B34BB449DA691A620B78002B12D0B24A07
:1073400013780133DBB2092B01D813700AE0002354
:1073500013709023DB051868102304001C401842AA
:107360001AD10C70A94B1B78022B09D0A84B1D78A1
:10737000002D13D05B79002B10D10920FEF7E4FC1F
:10738000A449087800285ED0A34A138801339BB231
:10739000312B2AD813802BE00523D6E70B78002B5E
:1073A000EED1002DECD19D4B9D4C1A7823789A425A
:1073B000E6D09C4B1A78002AE2D19022D2051268BE
:1073C000D206DDD401221A70974B20781D70974B9E
:1073D0008001C01807F01CFF23780133DBB2237053
:1073E0002378132BCCD92570CAE7002313800B70A8
:1073F0008F4A13780133DBB2022B00D9DBE1137023
:107400008C4A13780133DBB2042B00D9E2E113700C
:10741000894C8A4A2388158801339BB22380AB426A
:107420000CD3002323807A4B1B78002B06D111202C
:10743000FEF78AFC002801D10A3D2580039806F05A
:10744000ADFF09B0F0BD7E4A7E491378097801335B
:10745000DBB2002900D192E0032B01D81370C7E7FB
:10746000794B1070DB6F04221C00784D14401342DE
:10747000BED177482F6D037876495E007752AE69AA
:1074800001333243DBB2AA61092B01D80370AFE7A5
:107490000470714814220500FAF772FA2E002800D1
:1074A0002200230021004F002C88BF5BA74200D29E
:1074B00019005700F75BA74200D91A000133DBB26D
:1074C00002350A2BEFD10024230091421DD108334D
:1074D0000288013BA418DBB2A4B20230002BF7D122
:1074E0005E4B5F4D9C4248D85E4B9C421AD964204B
:1074F0005D4AE3089B1858435C49FAF757FC5C4B1C
:10750000C0B29C422CD900232FE0994204D09A4269
:1075100002D005886419A4B20133DBB202300A2B11
:10752000F3D1DDE72B780133DBB2032B12D82B70BC
:107530000020504B1870504B1870344B9A78824290
:1075400002D09870FDF708FA00224C4B1A803D4B90
:107550001A704DE7002301222B70494B1A70E7E7A0
:107560002B780133DBB2092B01D82B70E1E7002324
:1075700001222B70424B1A70DBE76420C3E7132B08
:1075800000D86BE7304B1170DB6F04221C002F4DCD
:10759000144013420DD12E482F6D03782D495E0003
:1075A0007752AE6901333243DBB2AA61092B04D8AA
:1075B0000370324A13880133ECE6274D047014221D
:1075C0002800FAF7DDF92F4B10491B7801938B78CF
:1075D0000293019B022B59D1264A62331370264A2B
:1075E0001370029A9A4205D001228B70264B1A70B2
:1075F000FDF7B2F90022224B1A70194B1A70D8E726
:10760000001000401E110020392F0020181100200A
:10761000332F0020322F0020302F00200D25002096
:107620000E2A0020BD2F0020BC2F00200E25002098
:10763000002F0020FB2E0020DA2E00201611002043
:107640002D2F00202E2F0020042401400024014073
:107650002C2F0020182F0020042F0020D74F0000CF
:107660000F2A00204F3A0000B7F8FFFFB2020000D7
:107670008F400000122A0020112A0020022F002033
:10768000102A0020E82E0020F22E002028002E00D4
:1076900023002200250001006F0034887F5AA74292
:1076A00000D215005F00CF5BA74200D91300013262
:1076B000D2B202360A2AEFD1002422009D4247D1DD
:1076C00008230288013BA418DBB2A4B20230002BCD
:1076D000F7D1C14BC14DC24EC24F9C4200D922E2EC
:1076E000C14B9C4200D824E26420C04AE3089B18A6
:1076F0005843BF49FAF75AFB019BC0B2012B00D097
:1077000024E2031C002800D10123D8B23B78B94AF7
:1077100083424AD2B84B1188994208D90021337864
:107720001180622B02D80133DBB233703B70002230
:10773000B24B2A701A703378029A934200D138E71C
:10774000AF4A93700122AF4B1A70FDF705F930E78D
:10775000AA4204D09A4202D001886418A4B201322D
:10776000D2B202300A2AF3D1B3E72B780133DBB26D
:107770002B70092B04D9002301222B709F4B1A7008
:10778000019B002BC2D13B789A4A834210D99A4B75
:1077900011889942CFD9019933781180002B02D0FA
:1077A000013BDBB233703B70C5E700231380BEE7BB
:1077B000019B1380BFE700231370934A934913681A
:1077C0008B4200D11CE6002B00D119E690481160D5
:1077D000036015E600208F4B10701A78884C8242A7
:1077E00011D018702378012B0BD0022B00D19BE015
:1077F000834208D16078022803D0032801D00128F1
:1078000001D1FEF727FA844E3378002B15D0834D33
:107810002B78022B00D189E0032B00D18BE0012BC8
:1078200004D11220FEF716FA02232B702B78032BBB
:1078300003D901232B7000233370794A1378013365
:10784000DBB2FF2B00D100231370764A137801338B
:10785000DBB2FF2B00D10023734913700878002896
:1078600006D1724A138801339BB2312B68D813803A
:1078700096216F4A4900138801339BB28B4268D22C
:1078800013806C4B6C4E01931B78002B16D0962204
:107890003388520001339BB2338093420FD3674B3E
:1078A0001B78002B08D19023DB051B68DB0603D473
:1078B000634B1B78002B52D191235B0033802378DC
:1078C000022B00D184E04F4B1A78002A04D000220A
:1078D00010201A70FEF7BEF900225A4B1A705A4B4C
:1078E0001A680023920608D590238022DB051B68C6
:1078F000920113405A42534101339621534A4900A1
:107900001370534A138801339BB28B4200D3AFE00C
:10791000138096214F4A4900138801339BB28B4252
:1079200000D3EBE0138073E508206AE71320FEF72D
:1079300091F9032379E71420FEF78CF9042374E707
:107940000123108022780B70002A91D12D4A1370E8
:107950008EE70023138001223F4B1A7091E701222A
:107960003E4B1A7072B63E4BDF271968F8235B0254
:1079700019407F022000791A0532FAF769F90028C8
:107980001FD0384B062221001800029304ADF9F7EE
:10799000F7FF08F0E7FB344B28000593049708F045
:1079A000B9FB08F0D3FB08F0DDFB4023029A2B81E2
:1079B0002D4B280007920593049708F07DFB08F0F3
:1079C000C5FB62B60023254A1370019A137075E750
:1079D000264B1A7B5B7B82E7D74F00000F2A0020E3
:1079E000122A0020112A00204F3A0000B7F8FFFFAA
:1079F000B2020000022F0020C3090000102A00205C
:107A000018110020F22E0020142A00203C1601003C
:107A1000FC2E0020FA2E0020F92E00201411002048
:107A2000F82E0020F72E0020F62E0020F42E002045
:107A3000F02E0020EE2E0020EC2E0020BD2F002086
:107A4000EB2E0020E92E002000080048E82E002040
:107A5000E62E0020DE2E0020EF2E0020EA2E002051
:107A600000140240182A0020FF41FEFF00380240A7
:107A7000002325781380022D00D14AE7374A117878
:107A8000994244D1364B1B78002B08D1354B1B78DB
:107A9000002B04D1344B1B78002B00D139E7002D8B
:107AA00000D036E76478012C0CD12D4B1A78002ACF
:107AB00000D12EE7002205201A70FEF7CBF82B4BE1
:107AC0001C7026E7022C0DD1264B1A78002A00D113
:107AD0001FE7002206201A70FEF7BCF80122234B94
:107AE0001A7016E7032C00D013E71F4B1A78002AF0
:107AF00000D10EE7002207201A70EDE700211C4B91
:107B000011801A788A4200D182E4197080E4002D35
:107B1000C8D0012D00D0FCE604201370FEF79AF8BF
:107B2000124B1D70F5E6019B6420012B12D16320DE
:107B3000ECE5019B012B00D1E6E52B780020013319
:107B4000DBB22B70042B00D915E619E6094B9C42D9
:107B500000D80AE600232B7012E6C046E42E00206F
:107B6000E32E0020E22E0020E12E0020E02E002057
:107B7000DC2E00208F400000F8B50025C0246C43A7
:107B80000B4B0027E4180DE07300F2B2E35AF9B290
:107B9000E8B2013606F086F8102EF5D10137203410
:107BA000062F01D00026EFE70135052DE6D1F8BDFF
:107BB0007A12010010B586B00400019172B608F087
:107BC000D1FA6A4604230294E443138202A801AB6B
:107BD0000593039408F070FA08F0B8FA62B6012031
:107BE00006B010BD0200F820E02370B51D4C0D005A
:107BF0002168400201405B025B1A1E68F023216885
:107C00005B0201405B1A1B68002B13D1164BF31863
:107C1000591E8B41F8202668216840020E335B0311
:107C2000014006409E1B5B1A10495B189E4209D911
:107C3000802014E0AB20002E11D10B495B18594273
:107C40004B41E7E7316801310AD1F82320685B0234
:107C50001104184029438019FFF7ACFF012070BDC3
:107C60000436E3E70014024012111111FC1F00005A
:107C70009023F0B587B000928A1805900191DB003F
:107C80009A4201D95B1A0093009B002B3DD000273C
:107C90003A00019B0599DB19895C404A4033D05C6E
:107CA000884225D0D1549021C9008B4220D2590856
:107CB000039101218B43D35A039819000493FFF7D2
:107CC00091FF802814D1F820E022354C400223682F
:107CD00052020340D31A19682368F0240340640257
:107CE000E31A1B68002912D026001400002B0FD0C5
:107CF0000137009BBFB23A009F42CAD32948019B7B
:107D0000009A05991818F9F73BFE07B0F0BD160068
:107D1000254BF022E5186B1E9D41520294466B03E1
:107D2000250063440293280008F09AFE80239B00FC
:107D3000ED18029B9D42F6D11C492000FFF73AFF47
:107D400004990398FFF74EFF0128D1D10025134A6B
:107D50006B009B181A88002A18D1154B01359D42DB
:107D6000F5D1114BF5186B1E9D41F0236D035B029D
:107D7000ED18300008F074FE80239B00F618B54221
:107D8000F7D100212000FFF715FFB1E7198828007F
:107D900089B2FFF727FF0128DFD0A9E7182A0020C2
:107DA00000140240582A00200040FEFFEEEEEEEEE6
:107DB0004102000037B50D000400FEF7C5F9A842E6
:107DC00006D06B460222981D21000580FFF750FF68
:107DD00037BD00000A4910B54A785307DB0F8342CC
:107DE0000CD00123034004209B0082431A434A70B5
:107DF0000988FFF7DFFF0220FDF7A4F910BDC04698
:107E00008A1A0020002337B504000D000422010067
:107E100001A80193FEF780F9019B9D4205D0042241
:107E2000210001A80195FFF723FF37BDF8B5F8271A
:107E3000724D734A2B687F02724E3B401360136889
:107E40000021714A3000F9F7AFFEE022F0212B68E3
:107E500052023B40D31A1C682B6849023B40CB1AA4
:107E60001B68002C31D0002B00D0ADE0F8202B682F
:107E70002A6840020340024090206449C000C91AA9
:107E8000634B9B1A994245D8624B9C4259D00134AE
:107E900000D0A2E0E024F02764027F02200008F076
:107EA000DFFD80239B00E418BC42F7D1F822DF21DC
:107EB0002B685202134049023000C91A4022F9F7D8
:107EC0005FFD0122544B1A70F8BD2A6853483A40AE
:107ED0002968801A524A3940521A90420CD8002B15
:107EE000C4D001334DD1F02460020134E4B208F073
:107EF000B7FD002CF8D1D9E790271168FF00090CD5
:107F0000B942ECD211688C46674602CA090C490096
:107F10007752E2E71A68120C8242B5D21F6804CB8E
:107F2000120C5200B752ADE7200008F099FD8023F3
:107F30009B00E418BC42F7D100212000FFF73AFE75
:107F4000B4E700246300F3181A88002A11D1354BD6
:107F500001349C42F6D1E02000214002FFF72AFEC6
:107F6000F02460020134E4B208F07AFD002CF8D16C
:107F70009CE71988200089B2FFF734FE0128E6D07B
:107F800094E76300F3181A88002A15D1254B0134B1
:107F90009C42F6D1F0200021E024F0274002FFF7B8
:107FA00009FE64027F02200008F05AFD80239B0036
:107FB000E418BC42F7D179E71988200089B2FFF7AD
:107FC00011FE0128E2D071E71248844208D0013442
:107FD00003D114000F008342A6D008F050FD65E7DE
:107FE000F0240133F9D160020134E4B208F038FD25
:107FF000002CF8D1E020210040029FE7001402404D
:1080000004250020182A0020C2040000FFFF010000
:1080100004E00100EEEEEEEE02250020FFDF01009D
:1080200004C0010041020000902030B510240F4B25
:108030000F491A780F4BC0050D78002D04D1056843
:10804000254201D1002A03D0013B9BB2002BF3D182
:108050008022094B52029A60BFF34F8F074B084AA8
:10806000DA60BFF34F8FC046FDE7C046EA2E00201E
:10807000BD2F0020A08C0000000C004800ED00E0A7
:108080000400FA05012210B511000D4806F0A5F90B
:10809000802390200A4C5B02A36001220821C005C6
:1080A00006F09BF9802390221B03D20593600221E6
:1080B0000122200006F091F980239B02A36010BDED
:1080C000000C004870B5002406000D00A04206D048
:1080D00006F0FCF8801B80B2A8426441E4B22000A4
:1080E00070BD704710B500240D4B1C7006F02CF8C5
:1080F000200005F095FF200005F0ACFF094B1C7037
:10810000FDF750FE062221000748F9F74DFD074B09
:108110001C70074B1C70074B1C7006F007F910BD54
:108120006D1B00208C1A0020711A0020701A00208C
:108130006F1A00206E1A002010B50400832811D198
:1081400005F06AFFC0070CD4532005F09DFFFDF732
:1081500029FE642006F080FF532005F0CBFFFDF7D9
:1081600021FE10BD84280DD105F056FF4007F8D43C
:10817000472005F089FFFDF715FE642006F06CFF2F
:108180004720EAE7031FDBB2A02B23D8284B9A78BD
:10819000012A13D1274B197800237F290FD9264BA9
:1081A000C1085B189978072303409A400A420DD012
:1081B000200005F09FFFFDF7F5FD07E000231F4AB3
:1081C000D15CA142F4D00133062BF9D1200005F097
:1081D0005BFFC4E703002033DBB2072B08D807217D
:1081E000012301408B40164A11780B431370B6E708
:1081F00003005B33DBB2022B04D8243CA0B205F0B1
:108200000FFFAEE703005833DBB21A2B05D80D4A37
:108210005B00985A05F01EFFA3E703003333DBB27F
:10822000122B9ED805F0E4FD06F080F899E7C046D1
:10823000101100208A1A0020501500204A15002035
:108240006D1B0020E40F010010B5002812D0822819
:1082500011D105F0E1FE80070CD4392005F014FFA0
:10826000FDF7A0FD502006F0F7FE392005F042FF93
:10827000FDF798FD10BDFFF75FFFFBE770B5C2B2D9
:108280000500010AC30425D50F230B40013BDBB2D7
:10829000072B58D83149CB5C502A4CD0512A4CD0AE
:1082A000522A4CD003244F2A24D1002B22D1002162
:1082B0002B4A0B00105D88421CD02A4D11552B5DB6
:1082C0008B4206D1284B6200985CFFF7BDFF01236B
:1082D0002B5570BD012302200B40014200D0034307
:1082E0000420014200D0034308200142D4D00343BC
:1082F000502A2FD11E001D4A1478A6439C43002EFD
:1083000002D03000FDF7A4FD002C02D02000FDF7C4
:1083100097FDEDB22800FFF797FF2800FEF7D2FE89
:10832000002C02D02000FDF793FD002ED1D03000AC
:10833000FDF786FDCDE70024B7E70124B5E7022469
:10834000B3E70024B3E7502AFBD00023512AA7D17A
:108350000124ACE7512AA3D1CCE7C0464C1201005E
:10836000911B0020951B0020541201006D1B002062
:10837000F8B5040000230B4D0B49E6B22F782B70A3
:10838000FCF720FE3000FFF75FFF012006F064FEDF
:108390003000FEF797FE20000449FCF713FE2F7013
:1083A000F8BDC0466D1B00209D5E0000B55E00005C
:1083B00010B55020FFF7DCFF10BD10B54F20FFF7C0
:1083C000D7FF10BD10B55220FFF7D2FF4A20FFF7AC
:1083D000CFFF10BD10B55120FFF7CAFF4A20FFF7AD
:1083E000C7FF10BD0A2010B5FF30FFF7C1FF10BD59
:1083F00010B54E20FFF7BCFF10BD10B54B20FFF7A6
:10840000B7FF10BD70B50D000400FFF71DFF281E5B
:1084100000D1012006F020FE2000FEF753FE70BDC3
:10842000002110B5392800D15031FFF7EBFF10BD06
:1084300073B54B7905000C00002B3AD04A78052A19
:1084400034D809780F2931D8374B12019B185B5C5F
:10845000FF2B2BD00026354A915D99421CD105F0A7
:1084600035FF031C80B2324A7600002800D1012378
:10847000B3522A2D1FD16379002B2AD005222D4B10
:108480001B781340934224D12A20FCF7E5FC4C20B2
:10849000FFF7C6FF012076BD0136242EDCD12A2D40
:1084A00009D1EBE7244A13700020F4E72A2D10D1FC
:1084B000E4E72A280DD02C2D0BD16379002B08D1AD
:1084C0001E4A1178002904D013701D4A13701D4AEA
:1084D00013706B469E1D022221003000F9F750FAFE
:1084E0003388002BE0D16379002BDBD0164B174A81
:1084F0001B7812781343D7D00124DB06D4D528008B
:10850000FCF7AAFC0C4A1378002BC3D11470104A54
:10851000137005F0DBFE80B20E4A031C002800D168
:10852000231C1380B6E7C0462C110100081101007E
:108530000E1B00206D1B00200B1B0020581B002071
:10854000571B0020561B00200D1B00200C1B002079
:108550000A1B0020081B0020F0B5A74BA74A85B0D6
:108560001A60A74B04001B780091002B02D0002258
:10857000A44B1A60009B5D792300E03B9BB2029301
:10858000072B30D8A04B029A9B5C002B05D09F494B
:108590000A78002D24D013430B709D4B1B78002BC1
:1085A00000D1A8E0009BE7B25A793B001E3B9BB28A
:1085B000984E102B00D952E39749CD5C002A6FD01A
:1085C000002D00D14EE32800FFF73EFE33780B2B41
:1085D00004D85A1C3270914A5B009D52200010E072
:1085E0009A430A70D9E7392CD7D18D4E002D0BD084
:1085F00005F06CFE80B2031C002800D10123392055
:108600003380FCF729FCACE030880028C5D0C821B5
:10861000FFF758FD3580002820D07D4B1A78002ABE
:1086200069D01D707B4E3378AB420FD87D4F7E4DA5
:108630003B78002B05D02B78002B02D1E020FEF7F1
:10864000F5FC00233B7033702B70A6E7734B6A0078
:10865000985C0135FEF736FDEDB2E3E7012269498A
:10866000724B086064491D7809685540CE6A002E37
:1086700004D02800B047FEF73DFD8EE7002D05D061
:108680001A70FCF7DFFB5E4B1E70F4E71D70FCF701
:10869000D9FB674B1D60674B1D60674B1D70EAE798
:1086A000002D00D02F00F8B2FEF70CFD002D0FD1E9
:1086B0005C4A1378002B0BD0013BDBB21370002B0C
:1086C00006D1594B1B78002B02D1E020FEF7AEFCFF
:1086D000002233785948D1B28B420CD9511C4D003D
:1086E000455BBD423FD1013B4C49DBB233705B007F
:1086F0005B5A52005352002220000099FCF7F6FB0F
:1087000000282ED12000FCF7CDFB00280BD14C4BCC
:108710004C4A1B781278384D13432A681178002B85
:1087200023D1002924D02000474A0099FCF7DEFB22
:108730000190002815D1304F009B3A685B79518831
:10874000A14200D08AE0414D414C002B26D005F0DB
:10875000BDFD80B2031C002800D101232B80002323
:1087600023700020BFE10A00B5E70B41DB07DAD533
:10877000536A002B0DD020009847002809D02B68A1
:108780009B6A002BCFD0009A20005179984700288F
:10879000C9D0009B5B79002BC5D01FE72378002B45
:1087A0000BD02C4E3088002802D0C0B2FEF78AFCD5
:1087B0000023338000232B80D2E72B88002BF9D0B5
:1087C0000F4E3378042B02D1FEF7BCFCF2E7D368DE
:1087D000002B0DD1154B1B78002BEBD01E4B3278A4
:1087E0001A70FEF787FC04233370FCF72BFBE1E7DC
:1087F00098470028EED1DDE7041B0020D4100100CB
:10880000C11B0020001B0020CB1001006E1B0020AC
:10881000FA1A0020E01A0020BA100100E21A002023
:10882000FC1A0020DF1A0020DE1A0020C21B0020E4
:10883000E01D0020DC1D0020FB1A0020E01A0020B3
:108840000D1B00200C1B002031840000DC1A0020CE
:10885000DA1A0020D81A00206C1B0020AA4D2A78B2
:10886000042A0BD1029907292CD8002B06D023000B
:108870009343E12B00D1B1E6FEF764FCA34B009AD1
:108880001B785279002B00D1C3E03968897C00291C
:1088900000D1BEE0292C00D0DAE0002A00D1D7E0D8
:1088A0002B78002B00D0BAE0994B22221B781900BC
:1088B000914300D0B3E09A0700D4A6E09548FFF7B3
:1088C00057FD8BE6002B47D00F2C0ED80A2CD3D99E
:1088D000200022228E4B0B381B7813400428CBD863
:1088E000F9F77EFB12CA19242F00282C30D02C2C2B
:1088F000C2D105F0EBFC80B2874A031C002800D1EE
:1089000001232C2013807CE6CF20844B1880FFF7B6
:1089100013FC0B2075E6CE20002B00D00C307F4BD3
:108920005880C0B2FFF790FC0D206AE6CD20002BE6
:1089300000D00C30794B9880C0B2FFF785FC0E2038
:108940005FE6D020754BD880FFF7F6FB0F2058E686
:10895000D220FFF7F1FB41E60F2C0AD80A2C8DD963
:1089600020000B38042889D8F9F73AFB1788222D04
:108970003800282C45D02C2C00D07FE7684E664A62
:1089800033780392002B34D0D120FEF74FFB019BAC
:1089900033700023039A138070E7604E30880028FC
:1089A00000D16BE7C0B2FEF78DFB0023338065E793
:1089B0005A4E7088002800D160E7C0B2FEF782FBF3
:1089C000002373805AE7554EB088002800D155E740
:1089D000C0B2FEF777FB0023B3804FE74F4EF0881D
:1089E000002800D14AE7C0B2FEF76CFB0023F380F9
:1089F00044E7039B1B88002BCBD0D120FFF710FD51
:108A0000C7E7D220FEF712FB38E7002B07D035204E
:108A100055E7292C1CD1002A1AD0002B18D022226D
:108A20003B4B1B78934313D12E78B31E012B0FD9E8
:108A3000012E5AD13B4B1B78002B09D12B70FCF730
:108A400001FA05F043FC384B002800D130001860D3
:108A5000009B5E79002E00D11EE12C4B1B78002B71
:108A60000CD02B78012B09D13B681D6B002D05D054
:108A7000274B19782F88002F00D06DE00B2C00D1E8
:108A800081E00D2C00D1E2E00E2C00D1E3E00F2CB0
:108A900000D1E2E0002E00D07CE0E52C09D1234D8E
:108AA0002B78002B05D00220FCF79EFBFDF77AF90E
:108AB0002E7000221E491F4D0B78D0B298420ED264
:108AC000501C4600AE5BA6425BD1013BDBB20B7093
:108AD00019495B005B5A5200535201230193012054
:108AE000019B5840C0B205B0F0BD0F4E33680393F0
:108AF000002B23D100233360FCF7A4F901232B7052
:108B0000FCF7A0F929207CE5C11B0020C21B002036
:108B10006E1B002035020000601B0020641B00203B
:108B2000621B0020C81B0020001B0020901B00209F
:108B30006F1B00206E1B0020701B002005F0C6FB81
:108B4000039BC01A5E4B9842D4D805F0BFFB0028A7
:108B500000D1013030607BE7BC4210D1EB78AA78BD
:108B60000B40002A07D1002B09D1FCF76BF96B6889
:108B70009847380045E51A4201D09343F3E708359A
:108B800078E7020099E700254E4B1B78002B04D1B3
:108B90000120A8E701256D42F6E7E52C00D11DE58F
:108BA000029B072BF4D9484B1E78484B32001B78A8
:108BB000009322239A4317D06B1C22D0009B002BDA
:108BC00022D1434B1F78012F20D12000FCF744F91C
:108BD000404C635D002B00D0C3E53F4B6A00985CBE
:108BE000FFF732FB6755BCE527001E4202D0802705
:108BF000BF0027433800FBF747FF002810D1292C7E
:108C00000ED0009B002B01D0FCF71CF9B606BFD597
:108C10002000FCF75DF90028BAD1FDF725F9B7E788
:108C20003800FDF74DFE0028F0D12000FCF714F9C4
:108C30006B1C00D195E5009B002B00D091E5244BE7
:108C40001B78012B00D08CE5244A535589E501257A
:108C5000002E99D124E00225FAE70325F8E7151E36
:108C600000D120E51E4A1378591C1170002B06D143
:108C70001C4B1B78002B02D1E020FFF75DFAE0B21D
:108C8000FFF7E2FA33780B2B00D9A7E45A1C3270B5
:108C9000154A5B009F52A1E40B2C00D0F1E6350091
:108CA00000270E4B0B4E5F55735DBB4200D100E7B2
:108CB000094B6A00985CFEF705FA7755F9E6C0465D
:108CC000B70B0000C21B00206E1B0020C81B002039
:108CD000C11B0020951B002054120100911B002095
:108CE000DF1A0020DE1A0020E21A00200A4B800062
:108CF000C35870B55A1C0DD072B60F221C00134019
:108D000094430E3A15009D402000290005F065FBB4
:108D1000A56062B670BDC046A40F01000300DA680A
:108D20000800511C10B5D96019698A4204D21C6828
:108D3000002C02D05968A04710BD9B689854FBE7EF
:108D4000F7B51E00C36804000093089B150001914D
:108D50009B070DD0002D0DD1089B9B0715D4F7BDA7
:108D600020212000FFF7DAFF0137B742F8D3F1E7FF
:108D70001700FAE7019B013D2000595DFFF7CEFF88
:108D8000E8E720212000FFF7C9FFE368009A9B1A5B
:108D9000B342F6D3E3E70000F0B58FB01D00169C98
:108DA00004900392002921D123051BD4302304AA67
:108DB0001372203B9C4301310A00A30745D40123D1
:108DC0001598234000283ED0002B3ED0039B002B5B
:108DD00002D10C331C4202D0159B013B15930A00B3
:108DE00030232AE0102DE7D1AC43E5E76123A2064A
:108DF00000D541230E000027DBB20A3B0593290072
:108E00003000F8F7CFFF059BCAB2D3188446DBB217
:108E1000092901D83032D3B2082004AA1218791CCB
:108E2000D355B542C8D82029C6D00F006646E6E71C
:108E3000082604A88019835401321598904204D959
:108E4000202AF5D101E0002BC9D1302304E0082607
:108E500004A88019835401321498904201D9202A21
:108E6000F5D1082D03D1914201D210239C432C4B04
:108E70001C423AD0230522D4002A20D0149B9342CE
:108E800002D0159B93421AD1914202D2013A002A94
:108E900015D0244BEB40DB071FD591423DD2013A60
:108EA000102D12D1A3062CD4202A10D12022159BDC
:108EB0000498009406A9FFF743FF0FB0F0BD102DF2
:108EC000F0D0022D09D1202AF0D0622300E07823CF
:108ED000082004A909188B540132202AE6D0082062
:108EE000302304A909188B540132202ADED0039BB9
:108EF000002B0AD02D23082004A909188B54013215
:108F0000D5E75823202AE3D1D0E7630701D52B23E7
:108F1000F1E72307CBD52023EDE7102DD3D1C1E70F
:108F200010200000040001007FB5074B0A000193E8
:108F30000023029303930493044B010001A80593BB
:108F400005F068FE07B000BD89560000FFFFFF7FF7
:108F500013B56B46DC1D00230100012220002370A5
:108F6000FDF7DAF8207816BDF8B51400D31D6A466F
:108F7000DB08DB00D31A00AF9D46050022006846DF
:108F80000E00FDF7C9F8220069462800F8F760FED8
:108F9000002804D0220031002800FEF769FEBD46FB
:108FA000F8BD37B50D000400FFF7D2FFA84206D088
:108FB0006B460122D81D21000570FEF759FE37BD12
:108FC0001FB50124FDF7F8FA00201A49FEF7F2FE5A
:108FD00000210220FFF7E5FF174B210003201C7042
:108FE000FFF7DFFFA42104204901FEF7E3FEFEF7AF
:108FF000D7F821000F20FEF705FF10220021684658
:10900000F8F7D2FD220068462521FFF7ADFF0421C5
:109010001320FEF7F7FE102200216846F8F7C4FD82
:10902000042226216846FFF79FFF04F0C1FF04F0E9
:109030002BFE1FBDE3FE00000C1B00207FB52A4A5B
:10904000030CDBB2D45C050AEDB2230021000190D1
:10905000002D2DD0062001AB1E78FF217043F8F7BC
:10906000A5FE5522524242437600B21803265643CB
:10907000FF21F6B232008E1B4B1B6A43754312125E
:109080002D128A1A491B6343624361431B12121259
:109090000912DBB2D2B2C9B2062820D8F8F7AAFF6B
:1090A000040613161A1F040022000C0021001400ED
:1090B000FF22200011401040090213401B04084306
:1090C000184304B070BD1A000B00EFE711001A003E
:1090D0002300EAE722001C0013000A00E6E7110063
:1090E00022001C00F0E7C0469C0D0100010030B5D5
:1090F000C0B2012916D9F723FF225B01994202D899
:109100004A090832D2B20124A01840100500454394
:10911000ADB2C3B2A94206D2013BDAB29442F3D94E
:10912000013CE0B230BDFF28FCD00133DCB2F5E7F2
:109130001FB51C0001904BB2080601D549424BB245
:109140003820C01A80B292B252434043801880B295
:10915000FFF7CCFF0323434301AAE418147093786C
:1091600010881B04184304B010BD0000054A064BCC
:1091700011884B4305495B189BB2180AC018C0B24E
:1091800013807047AE0E002005080000193600005D
:1091900010B50400FFF7EAFF60430012C0B210BD33
:1091A0000F21430615D40B000200034092060B4921
:1091B000920F52005218517812784B431B119B1892
:1091C00040B2DBB2002801DA5B42DBB2803BD8B2AE
:1091D0007047C343DAB20B400133E7E7940D010057
:1091E0001FB5040C01905008FFF7DAFF0200803A27
:1091F000E4B2D3B2120603D580235B421B1ADBB262
:1092000001AA1288FF2110005B000134DBB2634326
:10921000120A1B12084012020B401B041043184391
:1092200004B010BD30B585B00190C4B25008FFF74E
:10923000B7FF0200803A01ADD3B2120603D58023F6
:109240005B421B1ADBB20D225B00DBB253431B12E5
:10925000E4182C70AB7828881B04184305B030BD87
:109260007FB50E00041C01901000FFF799FF303607
:109270000E4B7600F35C01ADC018C0B20200803A1C
:10928000E4B2D3B2120603D580235B421B1ADBB2D1
:109290000D225B00DBB253431B12E4182C70AB7839
:1092A00028881B04184304B070BDC0462C1101006F
:1092B0001FB53C23FF334B43154A01901168040C42
:1092C000C918144B89B21879E4B2C0080130484378
:1092D0000012C0B2FFF764FF0200803AD3B2120658
:1092E00003D580235B421B1ADBB201AA1288FF213F
:1092F00010005B000134DBB26343120A1B1208400A
:1093000012020B401B041043184304B010BDC046AA
:1093100058190020F81E0020024B1A7810431870CC
:109320007047C04654190020F0B50379070089B092
:10933000002B00D1E6E10121FCF74AF90022B84BED
:1093400005001A80B74B1A707B7993420BD004F05A
:10935000BDFFB54B1860B54B1B78013B012B02D804
:109360000122B34B1A70B34B1A78002A0ED02C2D61
:1093700000D1A5E1B04A954200D100E2AF4A954242
:1093800000D1FCE1E02D18D000221A70AC4A9542C1
:1093900000D118E245D8A84A954200D1EFE12CD877
:1093A000E72D00D1BBE10BD8652D00D1C0E1E32D45
:1093B00000D1ABE12C2D00D182E1390028008EE1F3
:1093C000A423DB019D4200D1E2E19E4B9D42F4D1FA
:1093D0007B79002B00D0B0E09B4B3A889A4200D0BA
:1093E000ABE09A4B1A79012A00D1A6E001221A714A
:1093F00000225A71964B0332DCE1904B9D4200D122
:10940000BDE1944BEB189BB2032BD6D8924BE818D6
:109410007B79022800D993E1F8F700FE9A01A201B6
:10942000AB018E4AA81882B20E2AC6D80E28C4D81C
:10943000F8F7EAFD0F002B0040005B006E00B8005B
:10944000C400E0003A01C3FFC3FFC3FFC3FFD5015F
:10945000EA017A79824B002A12D001241C70FBF7B2
:1094600011FA7A4B1A78A2420BD000201C70FCF73C
:10947000F1FBFBF771FA7B4B1C7004F027FF00E057
:109480001A70794B00221A8057E07A79774B002ABC
:10949000F6D001221A70FBF7F5F96C4B1A78002A06
:1094A00002D15A78012AECD00124002220001A703F
:1094B0005C70DCE77A796E4B002AE1D001221A70E9
:1094C000FBF7E0F9614B1A78002A02D15A78022A98
:1094D000D7D0002202201A705870FCF7BBFBFBF7B4
:1094E0003BFA01225F4B1A70C7E77A79614B002A79
:1094F000C6D001221A70FBF7C5F9544B1A78002A1E
:1095000002D15A78032ABCD0002203201A70E3E764
:109510007B79002B11D04D4B1A78022A0DD00222F4
:1095200008201A70FCF796FBFCF768FEFBF714FAAC
:1095300000224C4B1A7004F0C9FE7C79002C00D13B
:1095400011E24D4BEB189BB27F2B01D900F039FE95
:10955000EDB20F2D00D9C7E00121912007AA04F038
:10956000BBFB04AB1C7B002C00D0BDE0002D00D069
:1095700060E10126079407A8FCF732FE002800D11D
:10958000B2E0012800D0A6E107A8FCF729FE0400FC
:109590000138032800D962E1F8F740FD5C01680159
:1095A0006E0174017B793549354A002B04D00123C3
:1095B0000B7000231370C0E70B70FBE77A79002A69
:1095C000BBD1224B18795979012805D10129B4D191
:1095D0005A71FBF7C1F9B0E70029F9D10122E32064
:1095E0005A71FDF723FDE720FDF720FD6520FDF70B
:1095F0001DFDEEE77B79002B9FD0224C23787F2B3B
:1096000042D9FEF76FFD7F2223781340002223709A
:109610000E4BDA70FBF7A0F90D4B03221A708CE7A2
:10962000F02E0020EF2E0020801A0020591B002071
:109630007C1A00207B1A00202252000023520000D6
:10964000037C0000015200000203000018110020FA
:109650007A1A0020B787FFFFB687FFFF0082FFFF5F
:10966000E42E0020E02E0020E62E0020E32E002035
:10967000E22E0020E12E00200089FFFF571B002072
:10968000561B00208A1A0020DB090BD1FEF72AFDA9
:10969000802322785B42134301222370C14BDA708E
:1096A000FBF75AF9C04BB8E77A79002A00D044E7B3
:1096B0001A78002A00D040E701211970BB4BADE7B2
:1096C0007979002909D11B78002B06D0B74A137885
:1096D0000133DBB2032B17D8137039002C20FEF7AF
:1096E0003BFF002800D028E7B14B1B785B0709D06F
:1096F0007B79002B06D0AF4B5B785B0702D502204D
:10970000FBF720FD09B0F0BD1170E6E7A54B5B79D2
:10971000002B01D000237B713900E320DFE7A14B50
:109720005B79002B01D000237B713900E720D6E75D
:109730009C4B5B79002B00D1FFE600237B71FCE69C
:10974000002B00D0F9E69C4BDB78C72BAAD8F4E6B7
:10975000002B00D0F1E6984BDB78002BA2D0ECE692
:10976000002B00D0E9E6944B1B79FF2B00D0E4E6F8
:1097700098E7002B00D0E0E68F4B1B79EDE77B7973
:10978000002B02D001228D4B48E700228B4B45E78E
:109790007B79002B00D0D0E6894B3A889A4200D0E2
:1097A000CBE6804B1A79002A00D1C6E600221A7156
:1097B000844B01321A70E220FDF738FCE320FDF7FC
:1097C00035FCE6200DE77A797F4B002A05D001228F
:1097D0001A7000237B717D4B54E61A70FBE77B798E
:1097E000002B00D1A9E67A4B1C681E68FBF732F902
:1097F000E1046C4CB60424780300F20FC90F009406
:10980000744807F057F998E67979002900D094E672
:10981000644B01201C796B4A002C06D118715C71D5
:1098200003231370FBF702FCC5E719711070FBF7F7
:1098300009FCC0E7922C00D156E72000012107AABD
:1098400004F04AFA04AB1B7B0134002BF2D1013D3A
:10985000EDB28BE607A8FCF7C3FCFEF7E1FD300094
:1098600005F0FAFB002C00D085E63DE707A8FCF7E1
:10987000B7FCFEF7E9FCF2E707A8FCF7B1FCFDF73F
:1098800021FCECE707A8FCF7ABFC00250400042250
:10989000514B1B5D134215D10120002D0FD0FA2230
:1098A000002392002800E917F8F76CFB00234B4ACD
:1098B00080185941FA2200239200F8F711FC05F0B4
:1098C000CBFBCCE70A2307A85D43FCF789FC303CBF
:1098D00065190400DBE70722414B1B5C0393C308B7
:1098E0001040404ADBB2D25C024111003140049189
:1098F0003D49C95C014131400D003C49CC5C04410B
:109900003440324205D0E120FEF716FC300005F06D
:10991000A3FB002D05D0E620FEF70EFC300005F07D
:109920009BFB03980021FEF76DFD300005F094FBD2
:10993000002D05D0E620FDF779FB300005F08CFB0B
:10994000049B002B05D0E120FDF770FB300005F0F3
:1099500083FB002C00D10EE62C20FEF761FD3000C9
:1099600005F07AFB07E6224BE818062801D900F03B
:109970001BFCF8F73FFB0E12040B3F434700262366
:10998000E1221100200006F0DBFCADE62723E522F2
:10999000F7E72623E122E021F4E72723E522E4216B
:1099A000F0E7C04618110020791A0020781A00202C
:1099B000881A00208A1A0020F81E0020771A00203A
:1099C000010300007A1A0020DC2E0020DE2E002089
:1099D00000040048180D0100D50A0100E70300004B
:1099E0003A1001002A1001001A1001001A1001009B
:1099F000E883FFFF2623E122E221C3E72723E522B4
:109A0000E621BFE728230122E521BBE701232278D5
:109A10001343237004202188FEF7CCF9FEF762FB84
:109A200062E60823627813432CE002232278EFE7F2
:109A300004232278ECE708232278E9E701236278FF
:109A4000F1E702236278EEE710232278E0E7202393
:109A50002278DDE740232278DAE7FEF743FB802314
:109A600022785B42D4E70C2322789A43D0E7032381
:109A700062789A43D7E7012223789343C9E7082203
:109A8000637893436370C5E702222378F5E70422E5
:109A90002378F2E708222378EFE701226378F0E7E2
:109AA00002226378EDE710222378E6E7202223786C
:109AB000E3E740222378E0E7FEF714FB7F222378D8
:109AC0001340A6E70C222378D7E703226378D8E770
:109AD0000122042023785907C90F8A439100834348
:109AE0000B430821D2008B4392E7012108006378E1
:109AF000DA07D20F904302228B4303434100934382
:109B00000B43BFE7012223785906C90F8A4392010C
:109B10004021E8E7FEF7E6FA01222378D9094A4016
:109B20007F21D2010B4073E701210E20FFF739FAA4
:109B300070E70021F9E701222378D906C90F8A438B
:109B400012011021CFE7012108002378DA07D20F94
:109B500090430200C7E7012263781907C90F8A43BF
:109B60000821D2008B435EE755221B7893431900EE
:109B7000481E8141AB4A35201170002B00D10C38B2
:109B800004F082FAFCF70EF9AEE5012003F04EFF77
:109B9000AAE5002B33D003F0ABFFA5E5002B33D0B3
:109BA00003F0D8FFA0E5002B33D003F0F3FF9BE5D3
:109BB000002B33D004F012F896E5002B33D004F0DC
:109BC0002FF891E52222984B1B781340974AA8184A
:109BD0000E2835D8F8F704FA080ED9DD11E216E799
:109BE0001BEC20F1252A2F0003F030FF0120FFF7A6
:109BF00093FB79E503F03EFFF8E7002BCBD003F0B1
:109C000069FF71E5002BCBD003F098FF6CE5002BCA
:109C1000CBD003F0ADFF67E5002BCBD003F0CCFF3A
:109C200062E5002BCBD003F0EBFF5DE5002B04D009
:109C300004F018F858E5002BFAD004F001F853E5C9
:109C40007B4B9D4215D07B4B9D421DD07A4BEB1830
:109C50009BB21F2B1DD8002C2AD11F2301342B406F
:109C60009C40E4B221000320FFF79BF9734B1C706A
:109C70003AE50120002C09D0FBF7D8F90322022194
:109C80000120FBF735FA2FE50220F3E7FBF7DAF9BD
:109C9000F4E7002C2BD06A4B9D421CD0694B9D42AF
:109CA00010D0694B01209D4212D0684B9D421AD0C2
:109CB000674B9D4211D0033B9D4218D1FEF712FA2B
:109CC000FCF74EFA634B587801234007C00F584009
:109CD000FEF780F808E50020FAE7FCF76DFC0020AD
:109CE0005D49FEF767F8FEF7FDF9FEF79DF93B8841
:109CF00006AD2B800698002C5AD0FBF741FC0400DF
:109D000001000698FBF7AAF92A8807AB1A80200001
:109D10000799FBF7FDF8FBF74FFB0022BB797D7934
:109D20001B0903934D4B041C05931B7804925B079E
:109D30002BD00495954228D023041B0E19000F3216
:109D40009143402910D0C1B20A0000202032D2B283
:109D50000490072A19D91F229343202B04D10129EB
:109D600013D9039B834210D000223A4B04925B78B4
:109D70005B070AD50220FBF7E5F90722059B1B7854
:109D800013405A425341DBB204932304180F0B28AB
:109D900000D989E0F8F742F910001000660066006B
:109DA000DF00F30088008800FE006B017E017E0169
:109DB000FBF77CF90400A7E726052304360F1B0EEA
:109DC0000F2B00D93601E4B2002D13D0002E0DD098
:109DD00023002033DBB2072B02D9214A002C00D10B
:109DE000114A137833431370FBF7DCFF2000FEF7B2
:109DF0002BFA59E02000FDF765F9002E54D023001E
:109E00002033DBB2072B01D9002C03D13000FBF744
:109E1000EBF903E0124A1378B3431370FBF7C2FF68
:109E200042E0C046851A00206D1B0020C087FFFF5E
:109E3000777C0000787C000020ADFFFF0C1B002029
:109E40005B7C00005C7C00005A7C0000017C000010
:109E5000037C00008A1A0020FFFF0000881A0020FF
:109E60008C1A00200F22230426051B0E360F934365
:109E7000202B00D03601E4B2002C07D0012C52D0A8
:109E8000039B002D5BD0002B2CD0AFE7B34B5B784E
:109E90005B0722D4002D05D0002E05D0B04A1378E0
:109EA0003343BAE7002EB1D1049B002B00D19CE0D4
:109EB000059B1878012302001A40184200D094E054
:109EC0007A71C008FBF7B2F83800FFF72DFA059B4E
:109ED0001878C008FBF7B6F887E0039B002D11D077
:109EE000002B03D13000FBF7B3FFDDE7039B012B11
:109EF000DAD19C4A13781900334331408E42D3D0D3
:109F00001370D1E7002BCFD13000FBF799FF954AB2
:109F10001378334201D0B3431370934A137833421A
:109F2000C2D0B343ECE7039B002D02D0052BBBD876
:109F3000D8E7042BB8D83000FBF782FFB4E7002B3A
:109F4000F9D05020392C00D0012005F085F82000F0
:109F5000FDF7B8F8A8E72005800F09D00128A3D1A4
:109F60000020854201D0A005800D04F073F89BE726
:109F7000002D01D0A005800D04F052F894E7E0B266
:109F8000002D04D003F034FF04F0D0F98CE703F087
:109F900085FFF9E723049B019B0F32D1002D22D1CD
:109FA000102023065B0F9B002107DBB2090F9940AD
:109FB0000200C9B22240204203D00F229A40D2436D
:109FC000D2B224056948A40F022C14D0032C16D059
:109FD000012C04D003780A431A40027003E003788E
:109FE0000B431343037004F00BF800213800FBF718
:109FF000EFFAFFF787FB03780A435A40EDE70A437D
:10A00000EBE7A3059B0FDAB2002D21D0DB07EAD5E1
:10A010002206520F92002007D2B2000F9040C1B228
:10A02000102003002340204203D00F239340DB4342
:10A03000DBB22405A40F022C11D0032C14D04C4AFF
:10A04000012C08D010780B431840FAF7DDFFCAE75F
:10A05000012AC8D9DCE7107808431843F5E7444AD9
:10A060000B4310785840F0E719430800EDE7E6B2DB
:10A070002405240F002D06D02000FAF7D7FF30006A
:10A08000FBF7E6FEAFE73000FBF7DAFE2000FAF759
:10A09000D9FFA8E7E6B23000F038042843D8F7F734
:10A0A000A9FF0326141B2200039B002D0AD0042BBA
:10A0B00099D80120E404E40EA0402D4B1B785840B1
:10A0C000C0B2C2E7052B8ED8F3E7E004C00E002D26
:10A0D000DDD1FAF7ABFF86E7281EB6D00120E404F5
:10A0E000E40EA040ECE71D4B5B785A0704D4E00473
:10A0F000C00E002DCBD0ECE7002D09D0E004C00E3F
:10A100005B07E6D50323C2001343059A1370E0E70B
:10A110000120FBF717F8039B012B00D863E702200F
:10A12000FBF710F85FE7039B002D08D0002B03D04E
:10A130003000FEF789F856E7E004C00EC9E7002BAF
:10A1400009D05020392E00D0012004F085FF3000C6
:10A15000FCF7B8FF47E7E004C00E98E78A1A002032
:10A160006D1B0020861A0020871A00200C1B00207F
:10A170000D1B0020314A324B954200D1F4E42222DB
:10A180001B7813402F4AA8180A2800D958E5F7F77A
:10A190003BFFFCFC00FD34FD05FD39FD0AFD3EFDE5
:10A1A0000FFD43FD14FD48FD244B9D4200D009E501
:10A1B000254B35201B78002B00D10C3803F09AFF7B
:10A1C000E0E4224BE818062801D8FFF7D2FB002272
:10A1D0001F4B1A701F4BEB189BB2222BCAD80420BE
:10A1E000FBF7B2FF1C4C1D4B2080E818212801D939
:10A1F000FFF70CFCF7F708FF3FFCA7FC48FC19FC35
:10A200001CFC4BFC1FFC4EFC57FC28FC9FFC2BFC51
:10A210005AFC2EFC5DFC86FC31FC60FC8EFC37FC9D
:10A2200066FC6CFC22FC51FC25FC54FC3BFC69FCEC
:10A2300079FC98FC9DFC15FC43FCAFFC167C0000EF
:10A240006D1B0020E087FFFF851A0020E883FFFFD9
:10A25000841A00200090FFFF8A1A0020FF8FFFFF62
:10A26000F8B51A4883790F2B2BD84379002B28D0C7
:10A27000174B05881A78174B46881C7807239C468D
:10A28000154FA2421DD0D300DB191979002919D02E
:10A290001988A94216D15979002913D15988891BE7
:10A2A00089B2C7290ED80F241021827922400A438F
:10A2B00082719A79224011439971FFF735F8FAF7C4
:10A2C00031FFF8BD634601321A40DAE7D01A0020A8
:10A2D0008E1A00208D1A0020901A0020F0B504007C
:10A2E00087B00622010002A8F7F74AFB774E65798E
:10A2F000337922790193002B13D1002A0FD0002D3E
:10A3000000D1DEE02000FBF78DF9002800D1D8E075
:10A31000082221003000F7F733FBFFF7A1FF0125EA
:10A3200043E073796788009373880099FB1A9BB2A6
:10A33000002900D19FE0C72B67D8002AEFD0B3795E
:10A34000328821880F2B52D891420DD1002D49D14E
:10A350000F221340013213433000B371FEF7E4FFC4
:10A36000B379A371002520E0002D3BD126786778D2
:10A370002A003900300006F04FFA2A003900300078
:10A3800006F04AFA051EEDD10298FBF73BF9C3B27D
:10A3900000040F21020F032A0AD8012A11D9000E46
:10A3A000014213D0A2790F2A10D8280007B0F0BDBF
:10A3B00006320A40012A0ED92000FEF7B5FF009DA3
:10A3C000F3E7000E014201D0002BEED02033DBB2C8
:10A3D000072BEAD9F0E7EF2BE7D90F33DBB2022BDB
:10A3E000E3D9E9E70123B2791343B371BAE79142A4
:10A3F0002AD1002D28D1A3712000FEF795FF082255
:10A4000021003000F7F7BCFA89E7B3790F2B08D8A1
:10A410003000FEF789FF082200213000F7F7C4FB67
:10A42000A0E7002A00D17AE73188228891420BD137
:10A43000002D09D12000A371FEF776FF0822290024
:10A440003000F7F7B1FB6AE72000FBF7EBF80028D4
:10A4500037D0002D35D0B3791F2B00D858E732887C
:10A4600004A80280019A4780027100228371427120
:10A47000FEF75AFF4CE7C72BCDD8002A00D14EE794
:10A48000002D1ED0328823889A4210D1B379DA0782
:10A49000B5D40F2BB3D90F21A3718B43F02BABD0C5
:10A4A000A3791A09013212010B401343A3E72000DC
:10A4B000FBF7B8F8002800D02AE70123B27913434C
:10A4C000B3712000FEF730FF29E7C046D01A002004
:10A4D000F0B50D0A8BB0EDB202AA02905160002DCA
:10A4E00002D000212F4B1970002302A9CB81029BBF
:10A4F00004AC04931679002E09D0012120002671A6
:10A500006571FBF765F801212000FBF761F86571C3
:10A5100006AD2100082228002671F7F731FA28003D
:10A52000FFF7DCFE041E1DD11F4B204F00931B784C
:10A530000822290008A801933E78F7F721FA2B7921
:10A54000002B0FD00723751C1D40019B9D4212D08C
:10A550001748F6000822801908A9F7F711FA3D708C
:10A56000FAF7E0FD0725104C104B20781B7883424A
:10A570000CD10BB0F0BDFDF7B5FD009B082221000A
:10A580000C483C701C70F7F70FFBEBE7084BC00062
:10A59000C018FFF7A3FE0028EBD0237801332B402F
:10A5A0002370E0E78C1A00208E1A00208D1A0020FC
:10A5B000901A0020D01A0020F7B503F087FE094E4C
:10A5C00084B23388A3420BD06D4600272F8003F05E
:10A5D0007DFEAF80688000980199FFF779FF348095
:10A5E000F7BDC046201A002010B5FAF7C1F910BD1A
:10A5F000F0B5C04B95B01A78BF4C01230190824250
:10A6000008D12378BD4A9B0712789B0F9B1A5A1ECC
:10A610009341DBB2BA4DAB7063796A789A4205D048
:10A620000022110010006B70FBF710FB019B2D2B1B
:10A6300031D8581E2C2835D8F7F7F0FC3D006900BA
:10A64000C800FE002F013301350137013B013D01F8
:10A65000410143014501470149014B014D014F01B2
:10A6600051015301570159019001F901380270025B
:10A670007202740276023803D6033D0449044C0486
:10A680004E04500452045404560458045A045C0402
:10A690009604FA043405019BFF2B01D100F005FD5F
:10A6A000002066E0AB78002BFAD0002211001000E9
:10A6B000FBF7CCFAF4E7287803F0A6F912AB188080
:10A6C0000322611C87B2C6B213A8F7F759F9139891
:10A6D000FEF7B4FC03020404C2B21B0E3F0A009250
:10A6E000240E0293F3B29F4204D800203F23BB42C2
:10A6F00040413DE0834B6A789B5D1A4205D02200C1
:10A700003000029B0099FFF76FFF0136EAE72878D7
:10A7100003F07AF983B2784F12AA1B0A10800093D3
:10A72000BA78FB787E7813AD2E706A70AB70C4B2C5
:10A730001398FEF783FC02040302C1B2120E1B0E33
:10A740000591039204933B79F6182E701398FEF747
:10A7500075FC0126030405021B0EC7B202932D0EE1
:10A76000009AE3B29A421DD800203F239342404111
:10A77000C0B2634B1A7801321A70002801D000F081
:10A78000A6FC0221604A11709B78002B01D000F0DA
:10A790009EFC019B002B01D000F099FC0333137049
:10A7A00000F095FC574B564A1B5D52781A4207D071
:10A7B000334207D02B003900029A2000FFF714FF24
:10A7C0000134CDE7049B039A0599F6E7287803F056
:10A7D0001BF912AB1880237985B201339B08A77847
:10A7E000E6782D0A0093C4B2E3B29D4204D800205B
:10A7F0003F23AB424041BBE7424A414B125D5B788D
:10A80000134217D041496300CB5C00991B094B43AD
:10A81000394913AA497857705B18137096701398CA
:10A82000FEF70CFC02040302C1B2120E20001B0E44
:10A83000FFF7DAFE0134D7E7287803F0E5F812AB2A
:10A840001880237985B201339B08A778E6782D0A12
:10A850000093C4B2E3B29D42C9D92A4A284B125D83
:10A860005B78134217D02A496300CB5C009913AA86
:10A870004B4321495B11497857705B1813709670F0
:10A880001398FEF7DBFB02040302C1B2120E200094
:10A890001B0EFFF7A9FE0134DCE71E4804F068F93F
:10A8A00067E71D48FAE71D48F8E71D4803F054FE26
:10A8B0005FE71C48FAE71C4803F0BCFE59E71B4859
:10A8C000FAE71B48EAE71B48E8E71B48E6E71B48AE
:10A8D000E4E71B48F0E71B48E8E71B48E6E71B48AE
:10A8E000EAE71B4803F01EFF43E71A48FAE71A4855
:10A8F000F8E7C046D00E0020F81E0020CF0E002042
:10A90000CC0E00200C120100D10E00208D11010090
:10A910008C110100E1910000D95600002157000080
:10A9200075570000A5570000E557000019580000B2
:10A930005D5800007158000095580000B95800009B
:10A94000FD580000319100001D5900003D590000E4
:10A9500065590000A1590000DD590000287803F076
:10A9600053F812AB188087B2061C0A212079F7F73A
:10A9700093F9BE4B02301D68C0B2ADB245432D12F3
:10A980003F0AEDB2F6B2F1B28F4200D8ADE6B84A56
:10A99000B84B925D5B78134224D0B74A7300D35C06
:10A9A0006278202B20D9A378E0781B02134300049F
:10A9B0002A001843FBF73CF802040DAB120E187086
:10A9C0005A701B88000213AA000E1380907013980F
:10A9D000FEF734FB02040102C3B2120E090E30006E
:10A9E000FFF702FE0136CEE7A378E0781B0213439F
:10A9F00000042A001843FBF71BF802040EAB120EEA
:10AA000018705A701B88000213AA000E13809070F1
:10AA10001398FEF713FB0204030210A9120E1B0E7B
:10AA20004A708B700870D2B2C1B2DBB2D7E72E7811
:10AA3000002E18D122791032131CFF2A00D9FF23CF
:10AA40008A4A013310689BB280B2584300120A212F
:10AA500080B2F7F7A7F989B2002904D14020FEF7A8
:10AA600097FB864B1880300002F0CEFF13AB1880A6
:10AA7000AB7884B2C6B2240A002B10D17F4D28884F
:10AA800086420ED8A0420CD2C0B203F0ADFE4123E4
:10AA90002B8006E0300003F0A7FE0136F6B2B44288
:10AAA000F8D800203F23A342404161E62E78002ED3
:10AAB00017D122791032131CFF2A00D9FF2301334A
:10AAC0009AB26A4B1B689BB253436D4A1B125343A5
:10AAD0006C4A9BB2934204D84020FEF759FB6A4B64
:10AAE0001880300002F090FF13AB1880AB7884B26E
:10AAF000C6B2240A002B0ED1634D28888642D0D8D6
:10AB0000A042CED2C0B203F097FEC0E7300003F0FF
:10AB100093FE0136F6B2B442F8D8C2E75B48BDE610
:10AB20005B48BBE65B48B9E65B4A504B12681B6862
:10AB300000209A4200D91CE6AB78834251D1287894
:10AB400002F062FF0327C6B2774383B21B0A009369
:10AB5000524B10AA10800293FF18009AF3B29A4247
:10AB600072D813003F2A38D9551E03225A434C4944
:10AB7000033A0298F6F762FFFEF7F8FA800771D4FD
:10AB8000FEF7F4FA06008020FEF702FBE27813AB32
:10AB90007F309A701E7058701398FEF74FFA0104B8
:10ABA0000202090EC0B2120E032675433B4BE85455
:10ABB0005B1959709A702279374D1032131CFF2A95
:10ABC00000D9FF2311219BB2594336480912F7F7E8
:10ABD000EDF8264B1B68C018286000203F23009A20
:10ABE000C4E5002211001000FBF730F82E4B2B4E6D
:10ABF0000093FEF7BBFA0223184221D1FEF7B6FA02
:10AC000007008020FEF7C4FAE27813AB7F309A7019
:10AC10001F7058701398FEF711FA0204030211A96D
:10AC2000120E1B0E08704A708B70C0B2D2B2DBB22B
:10AC3000B370009B307072700336B342D9D17EE797
:10AC4000002002000300F3E7094B6A789B5D1A427B
:10AC500005D03000BB787A783978FFF7C5FC033728
:10AC600001367AE70020010002009DE75819002014
:10AC70000C120100CC0E00208D110100A40E00204A
:10AC8000CDCCFFFF33330000A60E0020259200003C
:10AC900061920000695A00003016002070150020F3
:10ACA00073150020B80B0000301600200323E47851
:10ACB000FF2063439F10FBB221000793F7F776F85C
:10ACC000C3B20693AB78C54A0592002B0CD0002284
:10ACD00011001000FAF7BAFF602200210598F6F77C
:10ACE00063FF0022BE4B1A700025BE4A1378013361
:10ACF0001370059B0093BC4B009EEB18039300233D
:10AD00000293B74B029A1B7813433AD1F5F796FAA0
:10AD1000B64B984235DC009B1C70039B1B78049358
:10AD2000FF2B0ED03078079B834237D2C01BE11B2C
:10AD30007843F7F73BF8C1B20B0022000498FFF705
:10AD400053FC029B10360133DBB20293039B10339A
:10AD50000393029B062BD4D1009B01350133009352
:10AD6000102DC8D19F4B06991A788A4201D1002232
:10AD70001A709B4A13780133DBB21C2B16D8137060
:10AD80008EE43378002BC8D09C42C6D9954A0699E8
:10AD900012788A42C1D1013B3370BEE7390060436B
:10ADA000F7F704F80023C2B21900C7E700231370B5
:10ADB0000522059F601E503710217B1B052A03D1F9
:10ADC0005E5DB44200D158551E78A64201D318707A
:10ADD0001C740139C9B201330029EFD1013AD2B252
:10ADE0001035002AE8D15BE4287802F00DFE83B22A
:10ADF0001B0A11AE3080009323790133191CFF2BFD
:10AE000000D9FF217A4889B2F6F7D0FF347885B2AD
:10AE1000009BE1B2994200D3DFE6764A764B125DA1
:10AE20005B78134236D07548754F0278013A52B2BA
:10AE3000130631D52B00734A177990780137D178F2
:10AE40003A1CFF2F00D9FF22013292B253431B124A
:10AE50001A1C9BB2FF2B00D9FF22D2434123D2B24E
:10AE60005A43684B12125B78D21812AB1A70997061
:10AE700058701298FEF7E2F80204030213A9120EAA
:10AE80001B0E08704A708B70D2B2C1B2DBB22000C8
:10AE9000FFF7AAFB0134BBE7BB5C8B4209D113006F
:10AEA0000C335B00C3185E789B781B0233439D42D2
:10AEB000C1D8013ABCE75449504B1B78013B181CE0
:10AEC000002B00DA0020C0B203F0DEFC51E44E4952
:10AED0000020F9E74D49EFE74C49F9E74C49EBE72A
:10AEE0004B49F5E74B49E7E74A49F1E74A49E3E7C8
:10AEF0004949EDE72E78002E17D122790532131C2F
:10AF0000FF2A00D9FF2301339AB2444B1B689BB23E
:10AF10005343434A1B125343424A9BB2934204D8C1
:10AF20004020FEF735F9404B1880300002F06CFDF0
:10AF300013AB1880AB7884B2C6B2240A002B10D1B0
:10AF4000394D2888864200D9ABE5A04200D3A8E558
:10AF5000C0B203F043FD9AE5300003F03FFD013637
:10AF6000F6B2B442F8D89CE52E78002E17D122799B
:10AF70000532131CFF2A00D9FF2301339AB2274B55
:10AF80001B689BB25343264A1B125343254A9BB26C
:10AF9000934204D84020FEF7FBF8244B1880300081
:10AFA00002F032FD13AB1880AB7884B2C6B2240A2B
:10AFB000002B10D11D4D2888864200D971E5A04292
:10AFC00000D36EE5C0B203F047FD60E5300003F04A
:10AFD00043FD0136F6B2B442F8D862E536160020D9
:10AFE00035160020341600202C110100545555054B
:10AFF000FFFF00000C120100CC0E002026190020DB
:10B0000037190020F81E0020A15A0000E35A000062
:10B01000555B0000C95B00000F5C00005819002060
:10B02000CDCCFFFF33330000A80E0020AA0E002075
:10B030002E78002E17D122790532131CFF2A00D951
:10B04000FF2301339AB2284B1B689BB25343274A14
:10B050001B125343264A9BB2934204D84020FEF76A
:10B0600097F8244B1880300002F0CEFC13AB188008
:10B07000AB7884B2C6B2240A002B10D11D4D2888AB
:10B08000864200D90DE5A04200D30AE5C0B203F024
:10B0900029FDFCE4300003F025FD0136F6B2B44290
:10B0A000F8D8FEE41448FFF7F9FB0F4B1B681B05AB
:10B0B0009B0F022B10D0032B12D00022012B08D0A3
:10B0C00011001420FAF7C2FD02220C4B1A7015B0C1
:10B0D000F0BD14211000F5E7142200210800F1E76B
:10B0E00014221100FAE7C04658190020CDCCFFFF0A
:10B0F00033330000AC0E0020B1920000D10E0020CE
:10B100000023F0B599B0079372B6E94D03332A696D
:10B11000E84C134380222B612368520213432360BF
:10B120000123216880200B438021102623604903DE
:10B13000800323680B4202D023680342F9D02368BE
:10B14000134202D023689B03F3D52368334202D015
:10B1500023689B06EDD52368DB0702D523689B0790
:10B16000E7D5236EDB0702D5236E9B07E1D5236E5F
:10B17000DB0502D5236E9B05DBD56368CE4ACF4E37
:10B18000134063606368CE4A134063606368019351
:10B19000A368A7680293A368E2680393120AC94BE5
:10B1A000D2B25343C84A93420CD9C84A5B081360D1
:10B1B00003F0AEF9802362681B01324013436360E1
:10B1C00003F090F907220321636893430B43636004
:10B1D0006368BF493340636063680B4063606068C5
:10B1E000C0081040022800D1FFE2032800D136E356
:10B1F000013843425841B74B40421840C018B64B43
:10B20000186063681B051B0F0B2B00D829E3060091
:10B2100063685B055B0F0233DE40E022AB4BD2017B
:10B220001E6061683300114206D0320063689B04DF
:10B230009B0F0133DA401300A84AA2491360236828
:10B24000A74A13402360F6F727FDE768A54B0002E5
:10B250001F40A54B0743E7609E4200D80BE3032342
:10B260002A6913432B612368A04A01251340102249
:10B270002360236893432360236E9D4A1340236613
:10B28000236EAB43236603F043F98023E26B5B023A
:10B290001343E3638023E26B9B021343E363802346
:10B2A000E26BDB021343E3638023E26B1B03134374
:10B2B000E3638023E26BDB011343E36362B68D4BF0
:10B2C0008D4A00265A6104228C4C31001A828C4827
:10B2D00034321D705E60DE602570F6F765FC894BC8
:10B2E000894A666015701A00B832157040221A85B6
:10B2F000B4331A80854BA660E360FAF7B1FFFBF721
:10B300000DF8834B1B78B34201D1FCF78FFDFBF79F
:10B3100061F9FBF749FAFAF7D9FDF9F7D7FAFBF724
:10B32000ABFA7C4B1B78022B00D0B7E2F9F796FA08
:10B330000022794B1A70012400223C21774B784877
:10B340001C70784B1A70784B1980C02377491B0406
:10B350000D6A05402B43C0250B620B6A2D061B02AC
:10B360001B0A2B430B62724B724D1A70724B1C708E
:10B37000724B1A70724B5D60724D1D60724B734D53
:10B380001D60734D5D60734B734D9A621D630D6A52
:10B39000284008629A601B605B60DA626F499A839A
:10B3A0001961596101219D8B494228009961110061
:10B3B000186259628031D963996569496948D960D1
:10B3C000190048310C80684D684905600800684DD7
:10B3D0000830C5670800883002600800654D943069
:10B3E00005600800A030046008000225AC3005802C
:10B3F0000800A830DA655A651A6503605B640B00C3
:10B40000BC331C600B005C48B833B4311A600A606E
:10B4100003F070FF62B6594B2000DC7005F020FA93
:10B42000574B584A1A603A4B1B78002B01D1FCF756
:10B43000FDFC102200215448F6F7B6FB00229021B3
:10B4400001268C461100514B1A70514B1A70514B0A
:10B4500067461800DC6F574301944E4C9D6FE71907
:10B46000019C5C30D8640434181DC06F1B605B60A5
:10B470001E72FD6027006F435861C719186158623A
:10B4800045489F61DC611D629962D96218635B6304
:10B4900072B61800743000781C6F093080002418D0
:10B4A000180088306360017062B60132903375E035
:10B4B0000020024000100240FFFFFF8FFFF0FFFF5F
:10B4C000FFFFFFF040420F00FF6BDC029C160020E4
:10B4D000FF8FFFFF00093D0098160020082500207F
:10B4E000FFFFFFFEFF00FFFF3FE45904FFFFEFFFF8
:10B4F000FFFEFFFFA01600200008004050180020AB
:10B500007C180020C0160020EC1600209C0E0100C4
:10B510000225002018110020E02E00201E1100201E
:10B52000FFFF00FF392F00201611002000ED00E082
:10B53000E92E00203F190100F62E00207B2F00206D
:10B5400010E000E00700010000180020E8300020B3
:10B5500000400020B8190020C00E0100C8190020CA
:10B56000EC1900204C1300201C130020A81200200E
:10B57000DDD20000B90100004013002010110020AE
:10B58000B00E0020815600003C1800204D1800200D
:10B590004C180020D40E0020CFD50000032A00D084
:10B5A00056E7C64BC64AD86F9D6F043004006C4303
:10B5B0001A651A1DD26F1B6014195A611A615A62FA
:10B5C000C04A5B601E72D9609C61D8611D6299623D
:10B5D000D9621A635B6372B61A0074321278186FFC
:10B5E0001132920013508433197062B6B64DAB78A5
:10B5F000B343AB7072B6B54C2378012B07D08022D1
:10B60000B34B1206DA67BFF34F8FBFF36F8F002380
:10B6100001222600636022700193F768002F0FD08B
:10B620007869002804D002210C30494203F02AFF37
:10B63000B869002804D002210C30494203F022FFEF
:10B640000027019BF760013301930436082BE4D1F6
:10B6500002F02EFE62B6322003F0FEFC72B69D4B65
:10B66000202239009C486360F6F79EFA2378012B6C
:10B670003DD102F0D5FD994A0F970F9B934200D818
:10B680000FE17F26964B97491B68086833400343B8
:10B690000B609549954B1B78087895490E78334394
:10B6A0000B7094490B7803430B7000230F930F9B8F
:10B6B000934200D8F9E02F238F4AC020116800067A
:10B6C0000B4313601F238D4A11780B4313701E2305
:10B6D0008B4A11780B43C72113708A4A890053584B
:10B6E0001B021B0A0343535080231B0613600223D3
:10B6F000237062B6AA78013B13433220AB7003F08B
:10B70000ABFC72B602F03AFD00257F4B18607F4B10
:10B710001D607F4B1D6062B67E4C256072B623684B
:10B72000AB4202D0200002F095FD80217A4B200030
:10B7300009022561E360656103F038FC62B602F03E
:10B7400059FC02F01FFC002801D102F031FC00245A
:10B7500020000134E4B2FDF7C9FA102CF8D10F250E
:10B7600001276E4C6E4E2068431C09D072B6030050
:10B7700039002B4099402022A84302F02EFE62B6E9
:10B780000434A642EFD1674D0C2200212800F6F7C1
:10B790000BFA0C2200216448F6F706FA0020FAF7AB
:10B7A000D3FC624B984200D182E0FDF709FC0220F5
:10B7B000FDF7CEFB5E4B18700420FAF7C5FC5D4C1C
:10B7C000208004F007FE0A2003F046FC04F002FE8D
:10B7D0002B8801252B4200D1B6E0FAF7EDFE0020C0
:10B7E0005549FCF7E7FAFAF7BBFC7800400BF8F78D
:10B7F00041FEFB2300229B05F7F7D2FE029B0600C9
:10B800001809C0B20F00F8F735FE02000B00300037
:10B810003900F6F78DFF019B0F001903090F060091
:10B8200001314648F6F738FAF8F724FE02000B001B
:10B8300030003900F7F7B4FE032206000120039B15
:10B840000F0013409B189840F8F7E6FD02000B002C
:10B8500030003900F7F786FBF6F762FCCFE4374893
:10B86000CDE4636806001B0500D4D6E463685B057D
:10B870005B0F0133D0E4324B9E4204D903232A6983
:10B880009A43013BEDE42F4B03219E4203D92A69E1
:10B8900001238A43E5E42B698B43E3E4F8F7F2FFE5
:10B8A00049E50F9B01330F93E7E60F9B0133FDE65C
:10B8B00002F068FB002800D079E776E788100020C6
:10B8C000E4100020CFD300000038024050180020C0
:10B8D00004E100E0CC0E01005C1800200E270000FF
:10B8E000B0380240B43802409238024090380240EA
:10B8F0009438024096380240A03802408038024016
:10B900008238024000E100E0101800200C180020EE
:10B910000818002014180020DDEF0000DC0E0100E4
:10B92000F40E0100D61800202C180020E3FE0000C1
:10B93000EE1800208A1A0020FFFF0000006CDC02D5
:10B940003FAEEB023F787D010320FDF701FBDC4BAE
:10B95000DC4E187033781843031E01D003112B40BE
:10B960000027D94A1370FAF735FED84B1022FF2171
:10B97000D7481F70F6F718F9D64B1022FF21D6488A
:10B980001F70F6F711F9D54D082217212800FAF794
:10B99000C3FBD34B1F702B78032B01D8FBF700FCA4
:10B9A00002F094FCCF4BD04A1860D04BD0491B68B2
:10B9B0009B06DB0F1370CA782378D809904206D013
:10B9C000501E82417F20D2010340134323700B7924
:10B9D000002B07D03078F9F709FB012802D00120AD
:10B9E000F9F724FB0024C34B1C60C34B1C70C34BF2
:10B9F0001C80C34B1C70C34B1C80C34B1C80C34BAF
:10BA00001C70C34B1C805C809C80DC80C14B1C8004
:10BA1000C14B1C70C14B1C70C14B1C70C14B1C70C6
:10BA2000C14B1C60C14B1C70F9F7AEF9C04BC14A49
:10BA30001C60C14B1C60C14B1C70C14B1C60C14BD6
:10BA40001C60C14B1C70C14B1A600122C04B1A70A4
:10BA5000F9F7F8F9F9F7F6F9BE4BBF4A1C70BF4B7E
:10BA600021001C70BE4B11201C70BE4B14701C704A
:10BA700054705C7094709C70D470DC7002F00AF8A2
:10BA80006A222300A978687802F042F81C2320007B
:10BA90002B71FDF741FCB44BB44A1A600024B44B3F
:10BAA000B44A1978B44D1378994252D00F24E85C07
:10BAB000013323400E3C0528F6D8F6F791FA40F5FD
:10BAC000333A030D137001220320AC4B1A70AC4BB8
:10BAD000D87004F0C5FEE1E700241370A74B1C707A
:10BAE000A84B1C70A84B1C7002F02EFB06222100F4
:10BAF000A648F6F759F8A64B20001C70A54B1C7001
:10BB0000A54B1C7002F08CFA200002F0A3FA02F0A0
:10BB100077FAA24B1C70A24B1878431E9841013053
:10BB2000974BD5E713709E4B1B78002BF8D1012063
:10BB3000F6E713700122924B1000DA70C9E7012575
:10BB40008F4C28001370E57004F08AFE2800A57061
:10BB5000BFE7002C00D0117004F03CFC0023914A98
:10BB6000914CD05AE15A0A2B00D129E10233884284
:10BB7000F7D08E4B0592029300230193019B8A4AD2
:10BB80005B00D35A0493059B049A1B88934200D10F
:10BB900086E06A46127900260A92049A5A40019B6E
:10BBA00009921A01824BD3180B9301230393039B31
:10BBB000099A13426AD0049A134006930123B340B2
:10BBC0000893029B089A1B881A4210D10A9B10AC5A
:10BBD0006370267002F07AFB01232371069B60805C
:10BBE0005A1E9341637110981199FEF771FC00245D
:10BBF000069BA34205D10B9B9B5DFF2B01D00793B6
:10BC00000134344F3B781B19082B1DDD0823611CC0
:10BC10001D1B2A00C9196748F5F7B2FE210009313A
:10BC20002A00C9196448F5F7ABFE610019316A00B2
:10BC3000C9192948F5F7A4FE210011312A005F48EF
:10BC4000C919F5F79DFE3D70002C16D007982149C3
:10BC5000574B303040000A78C55C1B185B788C1855
:10BC60006372079B0020637413000C335B00CB18D6
:10BC700001326570587098700A70069B002B05D1D0
:10BC8000029B089A1B889343029A1380039B0136F8
:10BC90005B009BB20393102E89D1059B049A1A80F6
:10BCA000019B01330193059B02330593029B0233F1
:10BCB0000293019B062B00D060E702F007FB84E0B3
:10BCC0000C1B00200D1B0020771A002026190020D5
:10BCD0003F190020FD18002016190020F81E002032
:10BCE00054190020801A0020181A0020000800486B
:10BCF00018110020041B00206C1B0020DC1A0020FF
:10BD0000DA1A0020D81A0020601B0020621B0020D5
:10BD1000641B0020FC1A0020FA1A0020E01A002000
:10BD2000DF1A0020DE1A0020001B0020C11B0020AB
:10BD3000C41B00207D8200009C1B0020C01B002033
:10BD4000E01D0020DC1D0020FB1A00203818002018
:10BD5000C21B00206E1B0020911B00206F1B0020C7
:10BD6000901B0020951B0020142A0020B40E0020F8
:10BD70004D1800204C1800203C180020D41800203A
:10BD8000101100206D1B00208C1A0020711A002059
:10BD9000701A00206F1A00206E1A0020FC18002074
:10BDA000CF180020F0180020D6180020E21800203C
:10BDB0002C110100FE180020061900200E19002089
:10BDC000884200D0D5E6FEF7F7FB904C00272668A6
:10BDD00002F07CFA831B0500019302F077FA2060E1
:10BDE000010038008A4B1B789C461C00894BF618D2
:10BDF000761BC3B29C4511D8002F01D0844B1C7018
:10BE0000854D864F2C783E78032C00D9A7E1200081
:10BE1000F6F704F91F0039002C05390503007C4AA8
:10BE20000C335B00D218937855781B022B439E424B
:10BE300004D20127013CE4B20130DAE7019D5B192D
:10BE40009DB20295FF252B405370029B1D0A9570F1
:10BE5000F2E70022724B73481A70734B2932196053
:10BE60006B49F5F78DFD714B1B78002B07D1704B9B
:10BE700003221B781C001440134200D09C080123AD
:10BE80003C702B706BE13000FEF7B2FB002E00D14E
:10BE900065E1634B18780138C0B201F0B5FD654A21
:10BEA0000DAB12781880002A21D1634B1B78002B30
:10BEB00000D1CFE00024002320001A001900013433
:10BEC000FEF792FB402CF6D15C4C2378182B00D95E
:10BED00098E00023C8211A000120FEF785FB237893
:10BEE000312B00D8C8E00022544B1A70C4E01A78F5
:10BEF00005925B780693524B1B781C1C042B00D9CF
:10BF0000042402F0E3F906230134E4B21B1B80B2DF
:10BF100018416B46002701901B7902935B00DBB24E
:10BF200004930393FAB2130005993D33DBB29942AF
:10BF300059D80699994256D94248434B007843490B
:10BF4000013800241B780978042821D8F6F752F824
:10BF5000030F19531F00552042430298039C821877
:10BF6000D0B2120614D5FF24241A640007E055202D
:10BF70005043AA2400060BD4013CFF3C5443E4B2D6
:10BF800006E00298C318552042439B18DBB2FF24F9
:10BF90000EAA1370517094700E98FDF74FF810AB05
:10BFA00018700400050400022D0E000E5D709870DC
:10BFB000274BC0B21E78C8217043F5F7F7FEC3B215
:10BFC000E8B2C82170430893F5F7F0FEC5B2E0B2BD
:10BFD000C8217043F5F7EAFEC1B238002A00089B79
:10BFE0003D30FEF701FB039B0137563BDBB2039369
:10BFF000032F97D159E7019A049C1206C8D5019ADC
:10C00000D443B2E700231A00190065E75019002055
:10C01000FD180020FFFF0000D10E00205C19002059
:10C02000CC0E00202619002058190020FC180020F2
:10C03000F81E0020B2190020102A0020F82E00203F
:10C0400085100020B3190020B119002084100020B1
:10C0500086100020C24B1878002800D108E2C14B9E
:10C060001B78022B00D9FFE1BF4AD05CBF4AD15CEC
:10C07000BF4AD25CF8F7DEFCBE4B1B78002B30D1F8
:10C08000B74B1B78002B2CD1BB4B1D78BB4B1C78BE
:10C09000042C00D1B9E3002D00D05BE3002C00D1CB
:10C0A000D0E3012C00D1D0E3023C012C00D8CCE33A
:10C0B000B34A0EAB52781A70FF225A70373A9A7010
:10C0C0000E98FCF7BBFF0204030210A9120E1B0E10
:10C0D00008704A708B70D2B2C1B2DBB23A20FEF760
:10C0E00083FAA84B1B78002B39D1A74B1B78002B68
:10C0F00035D1A04B1B78002B31D1994B1C78002CEB
:10C100002DD19F4BA14E5B780193A14B35881F5DCC
:10C11000002D00D1A6E302F0D9F8401B80B2C72859
:10C1200000D99AE3019A0EAB1A70FF225A70373A7F
:10C13000101A98700E98FCF781FF0204030210A9F0
:10C14000120E1B0E4A708B700870DBB2D2B2C1B2F5
:10C1500038000134FEF748FA0236242CD5D18D4C34
:10C160000622210010A8F5F70BFC6378042604933F
:10C170000223E356052702930323E356A6570193B0
:10C180000023E757019AA370E37023716371029B48
:10C19000134340D0804B1D8802F098F87F4A401B23
:10C1A000137880B2002B01D100F052FF142832DD49
:10C1B000FF2B01D001331370029B002B08D001F03C
:10C1C000CFFD029AFF23002A00DDFE3B4343A3700C
:10C1D000019B002B08D001F0C3FD019AFF23002A28
:10C1E00000DDFE3B4343E37002202056002812D0BE
:10C1F0000323E3560393002B0DD001F0A1FD00288B
:10C2000000D10130634DA870039801F099FD00281A
:10C2100000D149E3E8703B0033433CD0604B1D88BC
:10C2200002F054F85F4A401B137880B2002B01D112
:10C2300000F008FF50282EDDFF2B01D001331370D2
:10C24000544D002E07D001F0ABFDFF23002E00DD82
:10C25000FE3B43432B71002F07D001F0A1FDFF23CC
:10C26000002F00DDFE3B43436B710420285600285D
:10C2700011D00526AE57002E0DD001F061FD00282B
:10C2800000D10130434D2871300001F059FD0028E4
:10C2900000D10CE368713F49049A4B7893421AD15C
:10C2A00002228A56002A02D0029B9A4213D103200E
:10C2B0000856002802D0019B98420CD10523CB568A
:10C2C000002B01D09F4206D1097949B2002902D141
:10C2D0000243134301D002F029F8062210A92000DE
:10C2E000F5F74EFB01F08CFE2F4B1A78824202D0FC
:10C2F000187001F0EBFF2D4B1B78002B6ED0002542
:10C300002B4B01950293029B1C68002C5BD0019B78
:10C31000002B00D0CEE2012672B6F3B20393206860
:10C320006369F1B29847431E9841054362B62148BC
:10C3300001F03DFF002843D0A3692068F1B298477F
:10C3400000283DD072B61C4F63683A002068F1B2F5
:10C35000984762B600201949BA6C03F015FF2FE028
:10C360007B1A0020781A00209F0F01009C0F01000B
:10C37000990F0100102A0020C21B0020C11B0020C1
:10C38000F81E0020771A0020E02E00200E1B00204F
:10C3900008110100711A002060190020701A002095
:10C3A0005E1900206F1A002062190020B0190020C9
:10C3B000600F0020D40E0020641900206A190020AC
:10C3C0000136092EA8D1019B01330193029B9033C2
:10C3D0000293019B032B96D1C14B1D7072B6C14FC6
:10C3E0003B6F1B78042B01D100F023FC62B601F0F7
:10C3F0006DFFBD4C05002378012B04D00022BB4B00
:10C400001A70BB4B1A802022BA4BBB4E1B681340DC
:10C410009A06D20F0192002B16D03778002F13D135
:10C42000B64B1A78022A0FD0022208201A70F9F7A8
:10C4300011FCF9F7E3FEF8F78FFAB14B1F7001F02A
:10C4400045FF0122AF4B1A706B4620781B79337081
:10C450000023042801D900F0A9FCF5F7DFFD4F0403
:10C460008504A904B1045C05C8221100100001E68E
:10C47000A34E3378002B56D0A04D2B78022B52D0F0
:10C48000002B1DD16A781800511E022902D80E32E5
:10C49000D0B205339C4A9D4CD278012A1BD1227818
:10C4A000092A14D803255D4399494A199378695C90
:10C4B0005278FEF799F82378132B00D913E5DBE5C2
:10C4C000012B01D00300E5E712200323E2E700235C
:10C4D0001A001900EDE7022A0ED12278182A07D88F
:10C4E00003255D438A494A199378695C5278F4E4DC
:10C4F00000231A001900F0E403275F438449CA1996
:10C500009378795C5278FEF76FF82378EF2B00D898
:10C51000B2E50023237033702B78002B00D0ABE5FD
:10C5200001227C4BE1E47C4B1878002859D07B4BEE
:10C530001B78012B23D17A497A4B0A78012A06D934
:10C5400000201A780870032A17D9033A1A700025B8
:10C550001C78754B1A5D754B585D00231900FEF76A
:10C5600043F82300783C0833DAB2E4B21B0600D467
:10C57000140001350A2DECD17EE57F22E6E7022B7F
:10C580000BD10024694BFF22185D002301341900F0
:10C59000FEF72AF80A2CF5D16EE5584B9E786D2EE1
:10C5A0001DD80A213000F5F701FC0027FF24C5B291
:10C5B000142E06D900243223B3426441FF2764427B
:10C5C000E4B20026F3B29D4200D855E5574B3A003D
:10C5D000985D21000023FEF707F80136F2E70A25EF
:10C5E000E8E7534E534D33782A781900474C1143EE
:10C5F0004CD0217818292DD8002B23D0C822110027
:10C600001000F8F717FA4C4B1B78002B00D133E5DC
:10C610003A4A1378012B00D192E0022B00D194E02A
:10C62000002B00D028E55378022B4ED0032B51D09D
:10C63000012B00D020E5C7331A0019000F20FDF7A9
:10C64000D3FF19E5002ADED0C82211001C20FDF717
:10C65000CBFF05E0002B0ED002000100F8F7EAF94D
:10C660002378312BCFD9002323703378002B07D0C8
:10C67000013B3370C7E7002AF2D01A001900E5E742
:10C680002B78002BBFD0013B2B70BCE721701B4CDB
:10C690002578022D17D101F0BFFC054213D0274B9E
:10C6A0001B78002B0FD0C8231A0019001C20FDF79F
:10C6B0009BFF6379002BA6D0C82336201A001900EF
:10C6C000FDF792FF9FE70023EEE7C82310201A0032
:10C6D0001900B4E7C82311201A001900AFE7C046BB
:10C6E000B019002088100020591B0020EF2E0020D8
:10C6F000F02E002000080048181A00201811002011
:10C70000E02E00207C1A0020332F0020F82E00207D
:10C710007E0F0100F22E0020571B0020E82E002083
:10C72000F72E0020561B0020F40E0100740F0100AC
:10C73000791A00207A1A0020771A0020E92E0020AA
:10C74000C82312201A00190079E7C82313201A0001
:10C75000190074E7042C58D0022C79D0032C7AD01D
:10C76000012C05D0002C56D00026FF24350007E010
:10C77000C64B1D78002D01D000F070FC2C00FF2668
:10C78000C34B1B680193002B01D09B8A0193842724
:10C790003800FF217043F5F709FBC3B23800FF21D1
:10C7A00060430293F5F702FBC3B23800FF216843F0
:10C7B0000393F5F7FBFA029B039AC1B20198FDF7C8
:10C7C00013FFB44B1A78131C642A00D96423032086
:10C7D000DBB2584364216330F5F7E8FA3D27C3B272
:10C7E00001933800019B3D38C0B222002900B446B5
:10C7F000834202D800221100944638006346013774
:10C80000FDF7F2FE402FECD152E4FF242600002D6C
:10C81000B6D00025B4E7A04B1C68002CA4D001F0D2
:10C8200055FD9B4B9D4A1B68001B90429CD8002BDA
:10C830009AD09E69002E97D0350C340AEDB2E4B23E
:10C84000F6B29DE72600FF259AE72E002C00FAE7B6
:10C85000802600248AE7FF26FBE700210B000A0060
:10C86000318075E42B002A00290071E48C4B8D4A3D
:10C870001E708D4B1B789B079B0F1370F9F708FFF9
:10C880000323FFF7FEFA894B1B78002B01D001F040
:10C89000FBF9874B1C6801F019FD001B0F2800D81D
:10C8A0005DE40023FFF7EDFA0123EB70B3E401230D
:10C8B0006B71F0E472B60021636920689847431EEB
:10C8C0009841054362B602988C3801F070FC00284C
:10C8D00000D178E50021A36920689847002800D19D
:10C8E00071E572B6734E0021320063682068984784
:10C8F00062B66B4670491879B26C03F045FC62E58C
:10C90000002363700C33A37010E0607801380328B3
:10C9100030D80023F5F76EFB02171A2601F0D6FC7B
:10C92000030EA370030CE37040BAA080634B1B6836
:10C93000002B00D152E55B69002B00D14EE5202190
:10C94000200098474AE501F055FBE9E70023220063
:10C950001900A578E81802320528E7D851709170BF
:10C960000133F7E76380A380E0E76378022B04D00C
:10C97000052B0FD0FF232370D8E712230CAA9B1896
:10C9800059881A880904114309BA2D20C9B2FCF745
:10C9900008FBCBE7002001F049F8C7E761780020E9
:10C9A0000429C1D8A278052ABED8E3780F2BBBD8BA
:10C9B000C0254D435201AD185B00ED1828002E3004
:10C9C000FCF7C6FA060228002F30FCF7C1FAB6B20F
:10C9D000304380B2A8E7A388E2785BBAA178607898
:10C9E0009BB201F05FF9A1E7FBF7C6F89EE762781A
:10C9F000032A6FD1082B2ED0092B68D0A0780138DC
:10CA0000032893D8F5F7F6FA020E1B22C9220CABC5
:10CA1000DB7C5A43244B120A99785878002301F0A2
:10CA200077F883E7E378002B02D101F023F87DE764
:10CA300001F00CF80021E07801F02CF876E71A4BB1
:10CA4000E27800201A71FCF767FC6FE7164B21793A
:10CA5000DA78E078E2E7A0780138032800D965E7C2
:10CA6000114BF5F7C7FA020A2D2FFF20DB78C821FA
:10CA70005843F5F79BF9E07058E71A7800239107BF
:10CA8000994200D09308E37050E7C046C81B0020CD
:10CA9000041B0020122A0020001B0020B70B0000FE
:10CAA000D00E0020CF0E0020F81E002054190020C8
:10CAB00058190020641900206A190020142A002047
:10CAC0001B79E0E75A78E2709B7823712EE701F03A
:10CAD000DBF82BE7022A00D04CE7082B1FD0092BEC
:10CAE00000D123E7A0780138032800D91EE7F5F725
:10CAF00081FA02060E10C44BE2781A7016E7E3784A
:10CB0000C24A1370591E8B41C14A13700EE7C14BC4
:10CB1000F2E7C14BE2781A70C04B2279EDE7A078BA
:10CB20000138032800D901E7F5F764FA02050C0E75
:10CB3000B54B1B78A7E7B64B1A7800239A42A2D0D0
:10CB4000B24BF6E7B34BF4E7B34B1B78E370B34B50
:10CB50001B78BAE710236370E8E600236370923312
:10CB6000D1E60CABD97C11230CAA9B1858781A7803
:10CB70000002104340BA80B211AA01F0ADF8D5E628
:10CB8000112327000CAA9B185D781A782D021543F3
:10CB9000E6786DBAADB27619AE4200D1C6E6912DF7
:10CBA00004D89F4B3979E818FCF7FBF901350137B8
:10CBB000F2E701F0A9F8B9E60523CCE71123F02745
:10CBC00026000CAA9B185D781A782D021543E3788D
:10CBD0006DBAADB25B190193BF00019BAB4200D1AE
:10CBE000A4E60020BD4203D228002E30FCF7B0F9A5
:10CBF000307101350136F0E71123F02726000CAA29
:10CC00009B185D781A782D021543E3786DBAADB2A2
:10CC10005B190193BF00019BAB4200D186E6BD4288
:10CC200004D2280031792E30FCF7BBF901350136EA
:10CC3000F1E762B672B6002510AB0193794B9C6A9E
:10CC4000002C08D1DA68002A34D05A69141D126801
:10CC50009C62A218DA62FB6A02932023029A5B1B91
:10CC6000161B9E4200D91E00210032000198F4F7E5
:10CC700087FE019B6B489B190193029BA419846258
:10CC8000AD19A34211D8C368C269013BC3604369AF
:10CC90009B1882694361934201D3436A4361002335
:10CCA0008362036B002B00D0984762B61F2D02D819
:10CCB00072B6C3E762B66A426A415B4B1A70202DB6
:10CCC00001D0FFF794FB10AC2378581E122800D92E
:10CCD00050E6F5F799F915FE1AFE4AFE63FE80FE4E
:10CCE00089FE8CFE8CFE8CFE4FFE4FFE3FFF42FF06
:10CCF00046FF55FF6EFF71FF73FF91FF4B4B1B7893
:10CD0000022B24D04A4B1D6801F0E0FA494B401B2E
:10CD100098421CD9484B1B78002B18D19023DB0577
:10CD20001B68DB0613D4454B1D78002D0FD101265F
:10CD3000267001F0CBFA424B96301860414B1D70C3
:10CD40005E71414B1D70414B1D80414B1E70F7F7CA
:10CD500081FE404E040033783F4D834200D00EE107
:10CD600000232B70FEF79AFE3C4A1578002D0CD05C
:10CD70001370374A23701370344A1380314A537149
:10CD800001F0A4FA2A4B1860E1E72D4B1E6801F070
:10CD90009DFA801B9528DAD901222D4B1D702B4B53
:10CDA0001D802F4B1A70FBF76DF902232370CEE71D
:10CDB0002A4A11780029CAD01370FAF7FBF8C6E79F
:10CDC000274F1F4E3B78002B10D1264A13700122AB
:10CDD000254B1A701C4B1A7001F078FA01F076FAA4
:10CDE000C8239B00C01830600423DFE7356801F0DA
:10CDF0006DFA9623401BDB009842A8D31B4A137898
:10CE0000012B35D80133D7E786100020B319002055
:10CE1000B219002085100020B119002084100020D4
:10CE2000EE030000881000200C11002018110020D3
:10CE3000801A0020DF930400BD2F0020EA2E00207E
:10CE40005C1B0020332F0020E02E0020F02E00205D
:10CE5000EF2E00200C2500201C1A00207C1A002038
:10CE60001E1100201D1A0020FA2E00201F1A00207B
:10CE70007C4B1A78002A4CD101251D7080237A4AF8
:10CE8000DB00D16B3D700B43D3630222774B1968F3
:10CE90000A431A601A682A431A60F9F7E1F9F9F7A8
:10CEA0003DFAF9F797FBF9F77FFCF9F7E5FC704BD2
:10CEB0001B78022B2AD1F7F7D1FC3D7000253C22CC
:10CEC0006C4B1D706C4B1A806C4A6D4B116A19408B
:10CED000C0231B040B43C0211362136A09061B0203
:10CEE0001B0A0B431362674B1D705D71664B1D700F
:10CEF000F7F7ECFC654B1D70654B1D7001F0E6F912
:10CF00009623DB00C018306003234FE7F7F7BAFC25
:10CF1000D3E7FBF789F85F4B1B78002B0FD15949FA
:10CF2000534A49781278914209D15B4A23701370B1
:10CF30005A4A13704B4A1370594B1D6007E7594EFC
:10CF4000376801F0C3F9C823C01B9B00984212D375
:10CF5000524A1378022B09D8013313700122524B25
:10CF60001A70C8239B00ED183560F0E600234A498B
:10CF700023700B70DDE701224B4B1A70E7E62B782C
:10CF80004A4F0193002B06D101332B7001F09EF91B
:10CF90003880FEF783FD3F8801F098F9C01B80B20E
:10CFA000632801D8FEF77AFD00223470304E2A70D3
:10CFB0007378012C0DD0022C06D0944201D0FEF7DC
:10CFC0006DFD1D00022405E0591E012514000229F3
:10CFD00000D81D003278A24216D1002C01D0FEF7F5
:10CFE0005DFDAB4201D1FEF759FDF7F74BFC002385
:10CFF00075703370022D23D0032D21D00120012D17
:10D000001BD0F7F7A9FC0BE0022C10D108203470DC
:10D01000F8F720FEF9F7F2F8F7F79EFC00230193EA
:10D02000234B019A1A7001F051F9FEF737FD012CDC
:10D03000DBD1F7F727FC00203470F8F70BFEE0E7B0
:10D040002800FAE70A2801DDFFF7F8F8FFF723F9CF
:10D050000A2801DDFFF7AEF8FFF7DDF80026FF2410
:10D06000FFF7F1FB1E1A00200010024000280240CA
:10D0700018110020392F00201611002000ED00E0CB
:10D08000FFFF00FF332F0020EF2E0020F62E0020A0
:10D090007B2F00201E1100201F1A00201D1A0020C7
:10D0A000801A00205C1B0020FA2E00201A1A002093
:10D0B000E02E0020014B58787047C0461011002028
:10D0C0000023F0B5394C743085B06360C178827844
:10D0D00009020A43090A03291FD00DD801295ED08D
:10D0E0001800022901D132485B33606023600028B8
:10D0F00000D0200005B0F0BD427905791202180079
:10D100002A43212944D02229EFD1022AEDD8294BE4
:10D110009100C858284B9B5CE7E7D2B21800032A5D
:10D12000E3D81000F4F766FF3E02050812232348F7
:10D13000DBE716232248D8E7224B1E78002E24D1A5
:10D14000012231001A7068460F32F4F72DFD6D464A
:10D1500031001D4B4A10AA5C1C481709C75D4E00E0
:10D160009E19B7700027BC46F7700F374E1C3A4027
:10D17000825C76009E19B27062460231F2702029FC
:10D18000E8D142321A703F3A5A700F480378ACE740
:10D19000022AAAD80E4B9200D0580923A5E71223E1
:10D1A0000C48A2E704230C489FE7C046D430002077
:10D1B0003C190100AC190100A91901002419010052
:10D1C0000C1901008E3000208F300020FB18010068
:10D1D000B819010097190100381901000368002BE4
:10D1E00007D091001960511E8A41024B19780A43F9
:10D1F0001A707047B01900200368181E02D0186812
:10D200008008C0B2704700000368002B01D10020E5
:10D21000704772B603681A68998862B6002AF6D019
:10D220000020044B9B8B5B1A9BB293424041C0B2DF
:10D23000EEE7C046B81900204B1E072B0BD889001B
:10D240000B58002B07D091001960511E8A41024BE8
:10D2500019780A431A707047B019002003000020A3
:10D26000082906D88900CB58181E02D018688008F3
:10D27000C0B27047082901D90020704789004018C2
:10D280000368002BF8D072B603681A68998862B6F2
:10D29000002AF1D00020044B9B8B5B1A9BB2934277
:10D2A0004041C0B2E9E7C046B81900200A4BC2B2FB
:10D2B0009A730122002805D1597C114201D0987D32
:10D2C000C0B27047197D00201142FAD09A7DD87DF6
:10D2D00000028018F5E7C04600380240FEE7036907
:10D2E00010B51960C268013AC260C2699B188269B0
:10D2F0000361934201D3436A036100238362036B9A
:10D30000002B00D0984710BDF0B501268E400027B5
:10D3100045891C00354345818D1CAD00401940688E
:10D3200014258069826003604760C7607F200140E8
:10D330004D43154840190500B8352D78BD420AD037
:10D34000124DAE7BA973F6B2BB4205D1B94201D1F1
:10D350000F4B1970AE73F0BD002AFCD0BC239C4665
:10D36000844463461A600200C430C032146007600F
:10D37000002903D10322064B1A70EBE701238B40EF
:10D38000044ADBB21370E5E7C01600200038024003
:10D3900038300020823802400300006F10B5027858
:10D3A000042A13D11A007432117801228A40448968
:10D3B00022420BD11A695C69A24202D1DC68002CBE
:10D3C00004D1DB690432043BFFF79EFF10BD10B5AA
:10D3D000406BFFF7E1FF10BDF8B507000020104CCF
:10D3E0000D00A67BA073F6B2FFF760FF002811D0F6
:10D3F00080B2031CA84200D92B1C002209499BB211
:10D400009A4209D36C22237D93432375237D6B3A83
:10D4100093432375A673F8BD0878B8540132EFE73B
:10D42000003802402038024010B50A4B9A7B9873AE
:10D43000D2B2002806D010219873587C0143597449
:10D440009A7310BD072404490C7098736021587CAE
:10D45000F4E7C04600380240383000207F23F0B5A2
:10D460001840002901D1002A0FD104261E4B9C7BB5
:10D4700098735D7CE4B2354202D05D7CB5435D7447
:10D4800001265D7C354201D09C73F0BD002A03D19A
:10D490005A7C32435A74F7E79D7B9873EDB20028AB
:10D4A00007D15E7CB6070DD59D730122597C0A43D6
:10D4B000F0E75F7C3742F7D11F7C9D73FEB2002FEF
:10D4C000F3D001E040269D73084D80004019151CE3
:10D4D000B24200D9351C0022ADB28E5C013206701A
:10D4E0009542FAD8E1E7C0460038024020380240B1
:10D4F000F7B5274B7F250193142305406B4300911B
:10D500000199CB1818002C30007800280BD0214C42
:10D510000120A67BA573677CF6B2390001408C46DA
:10D52000074201D0A673F7BD07000099AF40196309
:10D53000614699631849FFB25A630F70002A0FD1F0
:10D54000002D0BD1019BDA8C144B002A04D104323C
:10D550001A700A236374E5E70622F9E76074E1E7CD
:10D5600000990029DFD01F8D974200D917002800AD
:10D570000099BAB2FFF772FF0123002DEAD1074AE2
:10D580001370034B1B8D9F42E3D30223E2E7C04697
:10D59000C016002000380240803802403830002099
:10D5A00070B5040008000125854011001A00238988
:10D5B0002B432381831C9B00E418636800245B6970
:10D5C00099601A605C60DC60FFF792FF70BD436B8E
:10D5D00010B5186F0278042A11D11A00743211782C
:10D5E00001228A400489224209D15A691C69944265
:10D5F00002D1DB68002B02D108CAFFF7D1FF10BDB2
:10D6000010B50F24054A11784B1C2340044C247894
:10D610009C4202D0034C1370605410BD4D18002082
:10D620004C1800203C18002010B50B4B9A7B9873C7
:10D63000D2B2002806D020219873187D01431975B5
:10D640009A7310BD072405490C7060219873587CAB
:10D6500001435974F4E7C0460038024038300020D6
:10D6600070B5050064350400287800283AD00638E3
:10D67000C3B20F2B2ED80F282CD8F4F7BBFC332BBA
:10D680002B08212C2B2B2B2B2B2B2B2B3333230039
:10D690007A331A785B78E06E1B02134398420FD2FC
:10D6A000E368198AF4F77EFB002909D172B60B00F2
:10D6B0000A002000FFF774FF62B60A232B7009E00E
:10D6C00014232B7072B6002320001A001900FFF7F4
:10D6D0001BFE62B670BD236F002B01D0200098475F
:10D6E0000023EBE70020FFF79FFE0020FFF79CFFE1
:10D6F00063681B68002B02D0062120009847062390
:10D70000DCE770B5050064352B780400142B24D0B9
:10D7100017D8062B06D002D8002B03D070BD093BCA
:10D72000022BFBD80020FFF77FFE0020FFF77CFFD5
:10D7300063681B68002B02D006212000984706234F
:10D7400015E0152BEAD10A3B2B7072B600231A00A4
:10D750001900FFF725FF62B6E0E7C3689B695B68C5
:10D76000002BDBD1036F002B00D0984700232B70D8
:10D77000D4E7036810B50400002B08D09A6C981DFC
:10D780000021F4F711FA002223681A609A8010BD74
:10D7900070B50500040024352368002B08D09A6C6E
:10D7A000981D0021F4F700FA002223681A609A807D
:10D7B0000434AC42F0D170BDF0B58E0086195069CA
:10D7C00085B00C001500F260002803D0142200215F
:10D7D000F4F7EAF9A869002803D014220021F4F72D
:10D7E000E3F9002C12D140215E4B5F4A18001180F2
:10D7F0001A001985B632190014700122B8302A3186
:10D800002C3302700C701A7005B0F0BD7F212140DE
:10D810000629F9D8F468236800930323009A13407B
:10D820005A1E022A00D99AE01B02013BFF3B4F4AD5
:10D830000193937BDBB202939173A3699C46181EFC
:10D840002AD014234B434748658AC0180300B433D9
:10D850001D8006000323009FB6361F403770012746
:10D86000B8300770E8B29173D074019B507D5E426E
:10D870005E41B6013043802603235075107D30434E
:10D8800010753800984080B2854204D90133102BBE
:10D89000F7D1002318009BB26669002E28D014230C
:10D8A0004B433048009FC018050003232A351F4012
:10D8B000248A2F70012704852C300770E0B2917301
:10D8C0001074019B957C58425841800105434020CB
:10D8D00003239574557C284350743800984080B2D7
:10D8E000844204D90133102BF7D1002318009BB2D6
:10D8F0000A2B2DD86446033B1A4D9BB2002C12D044
:10D900006C689173E708FFB29777D77F6404240FA0
:10D910002743D777D47F5F013C43E4B2D477102408
:10D92000177D3C431475002E12D06C689173E1088A
:10D93000C9B21177517F6404240F21435177517F7D
:10D940005B010B43DBB253770823517C0B435374C9
:10D95000044B596840185860029B937354E7C023E6
:10D960009B0064E7C01600207417002000380240B6
:10D97000006810B5002806D0034B9B8B826483801F
:10D980000630F3F7FDFF10BDB81900200168130041
:10D9900010B5002905D08A6C981D9A640631F3F7FA
:10D9A000EFFF10BD0B7810B5082B0AD89B00185854
:10D9B000002806D0034B9B8B826483800630F3F7EC
:10D9C000DFFF10BDB8190020030010B510000829B2
:10D9D00009D88900C958002905D08A6C06318264AB
:10D9E0000630F3F7CDFF10BD064B10B5D9680875AA
:10D9F0001868026853601A6001220275D860F2F755
:10DA0000CBFB10BDB81900200D23584382B0C0B223
:10DA100001AA1070C018031CC0B2402800D94023CE
:10DA20001078DBB21B02184302B07047012310B517
:10DA3000044A11784B4013700022034B1A70FBF715
:10DA40006BFC10BDF81E0020D10E0020074B0322F6
:10DA5000197808001040114201D1054A10700322C4
:10DA600019789143023A0A431A707047F81E002051
:10DA7000D10E0020054B1A78920702D00021044AEB
:10DA8000117003211A788A431A707047F81E00201B
:10DA9000D10E0020020008000C4910B50B789B073E
:10DAA00012D00123002A04D02C339A4201D8123319
:10DAB000134003240A789B002240134300220B707A
:10DAC000034B1A70FBF728FC10BDC046F81E00205F
:10DAD000D10E0020054B10B51878800801302D2894
:10DAE00000D901200121FFF7D5FF10BDF81E00204D
:10DAF000064B10B5187880080138C0B2002800D154
:10DB00002D300121FFF7C6FF10BDC046F81E0020D2
:10DB100070B5084C0500180023789B0709D0657084
:10DB2000A170131CC82A01D9034B1B78E370FBF7C3
:10DB3000F3FB70BDF81E00205416010010B5044B15
:10DB40005878DA78997808300123FFF7E1FF10BDA3
:10DB5000F81E002010B5054B5878DA780838997807
:10DB600080B20123FFF7D4FF10BDC046F81E00208D
:10DB700010B507488378C2781033191CFF2B00D9E1
:10DB8000FF2101234078C9B2FFF7C2FF10BDC04694
:10DB9000F81E002010B507488378C278103B191C86
:10DBA000002B00DA002101234078C9B2FFF7B0FF53
:10DBB00010BDC046F81E002010B50748C3781033CA
:10DBC0001A1CFF2B00D9FF22817801234078D2B2A2
:10DBD000FFF79EFF10BDC046F81E002010B5074895
:10DBE000C378103B1A1C002B00DA00228178012335
:10DBF0004078D2B2FFF78CFF10BDC046F81E00205F
:10DC000010B5064A13791033191CFF2B00D9FF21D8
:10DC100001201171FBF780FB10BDC046F81E0020EB
:10DC200010B5064A1379103B191C002B00DA0021AD
:10DC300001201171FBF770FB10BDC046F81E0020DB
:10DC400010B5064A06495379FF3B58424341CB5C25
:10DC500001205371FBF760FB10BDC046F81E002089
:10DC6000C419010010B5064A06495379FF3B5842D2
:10DC70004341CB5C01205371FBF74EFB10BDC04606
:10DC8000F81E0020C4190100082210B5172103480E
:10DC9000FBF76AF90022024B1A7010BDF81E002033
:10DCA0005419002070B51D00042813D8052911D877
:10DCB0000F2A0FD8C02343434C015200A418E41884
:10DCC0002000290A2E30FBF76CF92000E9B22F3032
:10DCD000FBF767F970BD0000F8B504000E001700EF
:10DCE00005002B1B9BB2B34200D3F8BD1B190020CB
:10DCF000912B03D8034BE818FBF72AF93B1B585527
:10DD00000135EEE7EE030000F0B585B010220021EA
:10DD10006846F3F749FF0A269224084F2500102C85
:10DD200000D9102539002A006846013EFBF71CF98E
:10DD30007F19641B002EF1D105B0F0BDEE03000089
:10DD4000B523434398B2002B07DA803B1BB2D817A8
:10DD5000C0B2C018001240B27047803080B2F9E7FC
:10DD600010B50D4B14201B78DA0712D400189A074F
:10DD70000FD428305B070CD4084B48381B78002B95
:10DD800007D048301D2B04D81E215843F4F70EF855
:10DD900080B2C0B210BDC0466E1A0020701A0020BA
:10DDA00010B50124104B02211B78234215D1042207
:10DDB0000B4210D1134214D10C4B187800280ED00E
:10DDC00027280ED8C0002631F3F7F0FF020020000C
:10DDD000002A01D092B2D0B210BD0A00FBE72200A7
:10DDE000F9E70822F7E7C0466E1A00206F1A0020F4
:10DDF0000300CD3810B5122810D8F4F7FBF80A103C
:10DE0000141A32323232323232321E23282E3C423F
:10DE10004600FFF7A5FF1F4B4042D87010BDFFF72B
:10DE20009FFF1C4BF9E7FFF79BFF1A4B404298708E
:10DE3000F4E7FFF795FF174BF9E7FFF7B1FF154B35
:10DE40001871EBE7FFF7ACFF124B4042F8E7FFF722
:10DE5000A7FF104B40425871E0E7FFF7A1FF0D4BC1
:10DE6000F9E70122D13B9A400A4913000A00497898
:10DE70000B435370D2E70123074A11780B43137009
:10DE8000CCE7054A02231178F8E7034A0423117806
:10DE9000F4E7C046711A00206E1A0020032200B574
:10DEA000344B9A56CD2814D1002A01DA0022DA70B8
:10DEB000D9789A780A4351B2002A01D12E4A1170BA
:10DEC0001A795B7913435AB2002B01D12B4B1A708C
:10DED00000BDCE2802D1002AE8DCE9E702229A56EA
:10DEE000CF2804D1002AE3DA00229A70E0E7D02894
:10DEF00002D1002AF8DCDBE704229A56D92804D1A3
:10DF0000002AD5DD00221A71D2E7DA2802D1002AD0
:10DF1000CEDAF7E705229A56DB2804D1002AC7DAC1
:10DF200000225A71C4E7DC2802D1002AF8DCBFE7DE
:10DF3000D1380E28BCD8F4F753F8080808080808A8
:10DF40000808BBBBBBBB0E141800012181405A78E6
:10DF50008A435A70ACE7012009490A7882430A7063
:10DF6000A6E7074902200A78F8E7054904200A785D
:10DF7000F4E7C046711A0020701A00206F1A0020C2
:10DF80006E1A002037B52A20FAF7E2FF05002B2091
:10DF9000FAF7DEFF04002C20FAF7DAFF0023262D23
:10DFA00004D1092C02D127384342434118003EBD19
:10DFB00010B5FF212A20FAF7F4FFFF212B20FAF7F2
:10DFC000F0FFFF212C20FAF7ECFF00212D20FAF7BB
:10DFD000E8FFF9F7D1FDFFF797FE26212A20FAF78F
:10DFE000E0FF09212B20FAF7DCFF27212C20FAF78C
:10DFF000D8FF10BD10B52D20FAF7AAFF10BD000004
:10E00000044B10B51B68181E03D01B68181E00D0E7
:10E01000984710BD142A002010B5FFF7F1FF10BD7E
:10E020000A4B07B51A8882420FD01880084B1B682C
:10E03000002B0AD01B69002B07D0694603224871C8
:10E04000000A88710A7101A8984707BDE6300020D0
:10E05000142A00200A4B07B51A8882420FD0188074
:10E06000084B1B68002B0AD01B69002B07D06946A0
:10E0700004224871000A88710A7101A8984707BDF7
:10E08000E4300020142A002070B5164B9B78012B39
:10E0900017D01549012300220D005B428C78A04265
:10E0A0001ED05E1C02D1002C00D113000132D4B26C
:10E0B000013152B2062CF1D15A1C11D0EB189870D4
:10E0C0000EE00A4A12787F2AE3D9C108EF2807D860
:10E0D000074A5218072101408B4091780B439370F7
:10E0E00070BDC04610110020481500208A1A00207B
:10E0F0005015002010B5104B9A78012A0CD0062339
:10E1000000210E4A9478844200D19170013BDBB229
:10E110000132002BF6D10EE0094B1B787F2BEED994
:10E12000C108EF2807D8074B5B18072101408A4038
:10E1300099789143997010BD101100204815002066
:10E140008A1A00205015002010B5084B9B78012B2F
:10E1500009D1074B1B787F2B05D91E2205480021CA
:10E16000F3F722FD10BD06220348F8E71011002046
:10E170008A1A0020521500204A15002010B5084BBD
:10E1800008499A8B0C68084B90B2944204D98024B9
:10E190001A68640212191A601B680860C01810BD62
:10E1A000B8190020E0300020DC3000207047030068
:10E1B00072B601694269002091420BD1DA6882424D
:10E1C00008D01A6F74331B780130984013891840B7
:10E1D0004342584162B670477047FEE7F0B50820E9
:10E1E00000240E494A680E6815008B68AB4210D8AF
:10E1F000D51E0026AB4203D303339B1A9B089E0017
:10E20000CB689219934207D8013810310028E9D120
:10E21000F0BD80CE80C5E9E710C2F3E778180100B1
:10E22000012218200A4BD97B1143D9739978814375
:10E2300099700821987801439970D9781143D97061
:10E240000221D8780143D97059780A435A7070472F
:10E2500000380240036881689A6852189A604268E0
:10E2600013605A60002301220360024B52429A61FC
:10E270007047C046B81900200C4B10B51868D96813
:10E28000026853601A600122D860002302758A6810
:10E290000B750B691B689C689442FBD85A680B602D
:10E2A0004A6011605960F1F777FF10BDB81900207E
:10E2B000054B10B51A68DB6892689B689A4201D9D1
:10E2C000FFF7DAFF10BDC046B819002070B5EFF3B4
:10E2D000108301259D4302D0EFF3058372B6FFF74B
:10E2E0004DFF0F4E0F4A3368C41A0F480168A14210
:10E2F00008D91168293B29392934FF3BFF39FF34FC
:10E300003360116016680460002D04D0EFF30583BC
:10E31000DB0502D062B6A01970BDFFF7C9FFF9E7AF
:10E3200010180020081800200C18002010B5FFF766
:10E33000CDFF83B20B488278C1780A4301D00A4AE4
:10E340001380027941790A4301D0084A1380084BAF
:10E350001B68002B05D0DB68002B02D00222027064
:10E36000984710BD711A0020601900205E19002026
:10E37000142A002010B572B6034BDB6898610F2099
:10E38000FFF732FB10BDC046B8190020EFF3098338
:10E39000203383F3098862B6704700000F3011D034
:10E3A00072B6EFF30983203B83F30988802252047D
:10E3B000DA61064A1168D26889689268914202D986
:10E3C000034A9A617047034AFBE7C046B819002028
:10E3D000C7010000CA010000FEE7F7B503231500DE
:10E3E00001271D40002352090C0049083C4027D05A
:10E3F0003E009E408469B4438461C469B4435E00B6
:10E40000B446C4614469032601946446A6403400BE
:10E41000B446019EA6433400664614434461046931
:10E42000B4432C43046107240F261C40A400A640DB
:10E43000F443072B08D8866A34408462002907D049
:10E440009200AD000133CFE7C66A3440C462F5E7FD
:10E45000F7BD16230360012040427047002070473B
:10E460001800704700207047030010B572B6094AC3
:10E47000106854684118A14205D962B60C220120E7
:10E480001A60404205E08842F7D8116062B6002861
:10E49000F4D010BD0018002010B51400582200213F
:10E4A0002000F3F781FB80239B010020636010BDF7
:10E4B0000120704772B6024B024ADA65FEE7C04699
:10E4C000B81900203A0D010072B6024B024ADA6513
:10E4D000FEE7C046B81900203F0D0100012070473B
:10E4E000704700008022074B07491B685204886868
:10E4F000D21A064B03438B608B681B021B0A9A429D
:10E50000FAD370473030002010E000E0FFFFFF003A
:10E510000C4B10B518680C49F3F7BEFB0B4C0C4BB9
:10E52000206059680B4A0A435A609A68120E120614
:10E530009A60042219680A431A60012219680A4382
:10E540001A6010BD9C160020A0860100303000200B
:10E5500010E000E0FFFFFF00F0B5304B87B0070090
:10E560001878FFF751FAC4B2250002AB18802C4B83
:10E5700030351A792B4B52081B6801329BB253433A
:10E580001B12DBB20093284B86B26D00360AED18E1
:10E59000E3B29E4206D83F230020B3424041C0B2BE
:10E5A00007B0F0BD214A1D4B125D5B78134231D09C
:10E5B0006A781F48203A13B20193194B29785B7887
:10E5C00070399C466246437880781B0213430004EE
:10E5D00009B2019A1843009BB84703AB02041870B4
:10E5E000120E00025A70000E98701B8804AA138045
:10E5F00090700498FAF722FD0204030205A9120E96
:10E600001B0E08704A708B70D2B2C1B2DBB2200010
:10E61000FBF7EAFF02350134BAE7C046CC0E002012
:10E62000F81E0020581900202C1101000C120100C6
:10E63000F91E0020F0B5354B8BB005901878FFF728
:10E64000E3F9C4B2270083B21B0A06AA0393304B36
:10E6500010801A792F4B52081B6801329BB253432A
:10E660001B12DBB2049330372B4B7F00FF18039A49
:10E67000E3B29A4206D83F23002093424041C0B201
:10E680000BB0F0BD254A214B125D5B7813423AD0A6
:10E690003D787E78703D203EADB2B6B228003300A2
:10E6A00068437343C01880B2FAF720FD32B2049E6B
:10E6B00029B20300164D1A4800966E784578807886
:10E6C0002D02354300042843059DA84707AB0204EB
:10E6D0001870120E00025A70000E98701B8808AA5B
:10E6E000138090700898FAF7A9FC0204030209A9A4
:10E6F000120E1B0E08704A708B70D2B2C1B2DBB220
:10E700002000FBF771FF02370134B0E7CC0E002088
:10E71000F81E0020581900202C1101000C120100D5
:10E72000F91E0020F0B52B4B89B007001878FFF7D1
:10E730006BF9294B294A1B7915689B080133ADB247
:10E740005D432D12EDB286B2C4B228004030C0B293
:10E75000FAF726FD803843B228000293FAF720FD2D
:10E76000803843B2360A0393E3B29E4206D83F2371
:10E770000020B3424041C0B209B0F0BD1849154A6B
:10E78000095D52780A4222D01649134A0095507802
:10E790004A78120202438878029900041043039ACF
:10E7A000B847020405AB120E18705A701B8800029D
:10E7B00006AA000E138090700698FAF73FFC020438
:10E7C0000302C1B2120E20001B0EFBF70DFF013435
:10E7D000CAE7C046CC0E0020F81E002058190020C1
:10E7E0000C120100F91E0020F7B5104B104A5B789F
:10E7F000825C0400134217D00E4B03205D789F7893
:10E80000DE78FAF7C5FC6B4640012D1A1D705F706B
:10E810009E700098FAF712FC02040302C1B2120EB5
:10E8200020001B0EFBF7E0FEF7BDC046CC0E00201B
:10E830000C120100F81E002037B5104B104A5B780F
:10E84000825C0400134217D0FAF790FC0500802088
:10E85000FAF79EFC0B4B7F30DA786B469A701D708E
:10E8600058700098FAF7EAFB02040302C1B2120ED4
:10E8700020001B0EFBF7B8FE37BDC046CC0E0020B3
:10E880000C120100F81E0020F0B54E4B8FB007901F
:10E8900018780991FFF7B8F883B21B0A06934A4B20
:10E8A000C7B21B780AAA08933B0010803033474A4E
:10E8B0005B009B18069A0493FBB29A4206D83F234A
:10E8C000002093424041C0B20FB0F0BD404A3D4BE2
:10E8D000D25D5B7813422FD0002403223D490BA860
:10E8E000F3F74EF8079B079A0293374BD31803931D
:10E8F000039B089A013303936B461B7A9A421FD8F5
:10E90000354B0BAADB7801335C43241294701288D8
:10E910000CAB1A809C700C98FAF790FB020403026F
:10E920000DA9120E1B0E08704A708B70D2B2C1B2C4
:10E93000DBB23800FBF758FE049B01370233B9E71E
:10E94000049B1D78039B1B78ED1AABB20593049BC7
:10E9500005985E78039B40431B7AF61AB6B23300E3
:10E960007343C01880B2FAF7C1FB1B4A0300127947
:10E970000132111CFF2A00D9FF210298124A0C30E3
:10E9800040001218507892780131120289B2024385
:10E990004A4369460BAD1212AC7090B21424095F61
:10E9A00032B2099C00900B98A04703041B0E6B70B9
:10E9B000029B0402240E0133AC702870E4B202936F
:10E9C00096E7C046CC0E0020261900202C1101002D
:10E9D0000C120100F91E0020F81E0020F7B51A4B9A
:10E9E0001A4A5B78825C050013422BD0184B194AF7
:10E9F0005F789E78DC781B791068DB08013380B281
:10EA000058430012C0B2FAF7CBFB0200803AD3B2EF
:10EA1000120603D580235B421B1ADBB26A465B00F9
:10EA2000DBB201345C432412177056709470009866
:10EA3000FAF704FB02040302C1B2120E28001B0EF7
:10EA4000FBF7D2FDF7BDC046CC0E00200C12010032
:10EA5000F81E002058190020F0B51E4A1E4B825C9B
:10EA60005B78050085B0134231D01C4BDA785F78B3
:10EA70009E7801921A4A1B791068DB08013380B234
:10EA800058430012C0B2FAF78BFB0300803BDCB2A4
:10EA90001B0603D580246442241AE4B21F20FAF72F
:10EAA00077FB6400E3B2019C02AA01345C43801945
:10EAB00024121770507094700298FAF7BFFA02048B
:10EAC0000302C1B2120E28001B0EFBF78DFD05B02C
:10EAD000F0BDC0460C120100CC0E0020F81E002034
:10EAE00058190020F0B51E4A1E4B825C5B78050069
:10EAF00085B0134231D01C4BDA785F789E78019252
:10EB00001A4A1B791068DB08013380B2584300129F
:10EB1000C0B2FAF745FB0300803BDCB21B0603D50D
:10EB200080246442241AE4B21F20FAF731FB640007
:10EB3000E3B2019C02AA01345C43C0192412107094
:10EB4000567094700298FAF779FA02040302C1B27F
:10EB5000120E28001B0EFBF747FD05B0F0BDC046A6
:10EB60000C120100CC0E0020F81E002058190020C5
:10EB7000F0B5234F87B006003878FEF745FF214BEC
:10EB800085B21A79204B92081B6802329BB253431C
:10EB90001B12DBB22D0A0193C4B2E1B28D4206D83A
:10EBA0003F230020AB424041C0B207B0F0BD174B3D
:10EBB0007A781B5D1A4220D0154A124B5878537848
:10EBC0001B0203439078019A00041843B0470204E3
:10EBD00003AB120E18705A701B88000204AA000EB4
:10EBE000138090700498FAF729FA02040302C1B264
:10EBF000120E20001B0EFBF7F7FC0134CDE7C046D8
:10EC0000CC0E0020F81E0020581900200C12010024
:10EC1000F91E0020F0B507000D0014008BB0297814
:10EC2000002911D13B68002B0BD13A69002A08D08A
:10EC3000B968002905D0FB68934200D3531E002217
:10EC4000CA54F8680BB0F0BD0020013525290AD060
:10EC50003800FAF763F8E2E72D2B1CD0302B22D1D5
:10EC60002F3B150018432B786A1C2B2B15D0F3D89B
:10EC7000202B14D0232B14D0002104912A2B1FD138
:10EC800008CC04938B4204DA02231843049B5B42B2
:10EC90000493150014E00223E3E70423E1E70823CB
:10ECA000DFE71023DDE71E000021303E04910A312A
:10ECB000092EE1D82A786E1C1300303B092B0FD99E
:10ECC00000222B7805922E2B29D18022120110438D
:10ECD0006A786B1C11003039092916D80A260CE015
:10ECE000049B35004B43303BD3180493E2E7059B6C
:10ECF0007343303BD31805932B001A785D1C110029
:10ED000030390929F3D91D0009E02A2AFBD108CCA2
:10ED100002350593DB43059ADB171A4005922B78E1
:10ED20006A1C6C2B1FD017D8682B24D06A2B2BD0D1
:10ED30002978013578298BD8632928D8622973D09E
:10ED4000632900D198E0252982D0582900D07FE797
:10ED500020231843103B4AE0742B01D07A2BE7D1D3
:10ED600080239B000BE06B786C2BF9D1C023DB0078
:10ED700018430235DCE76B78682B03D0802315003D
:10ED80001843D5E7C023F3E78023DB00F7E70B0048
:10ED90000126643BDBB29E4032007F4B1A401E428C
:10EDA00013D1732900D18FE0702900D050E77B4B3D
:10EDB00002CC0343002900D0E4E0009305220A239B
:10EDC00038007749F9F7BCFF29E7642901D06929A0
:10EDD00006D18023DB01184310239843063B06E04D
:10EDE00008236F2903D0F7D9DB187829F4D102055D
:10EDF00001D5012290438022D200024041041DD55A
:10EE0000002A00D00BE7216882050FD502900498F4
:10EE1000CE1701900598CA0F8919714000903800EB
:10EE2000F9F7BAFF0434FAE60223E0E7420601D517
:10EE300049B2EBE70206E9D509B2E7E7002A00D0BC
:10EE4000EDE60C2106008E43810506D50499029655
:10EE50000191059900912168E1E72168420607D5F3
:10EE6000C9B2049A02960192059A00920022D6E74E
:10EE70000006F6D589B2F4E7022302001A40012603
:10EE8000059218420DD1059E03E020213800F9F7C4
:10EE900045FF049B0136B342F7D80226002B00D071
:10EEA0005E1C02CC3800C9B2F9F738FF059B002B75
:10EEB00000D1B4E6049BB34200D8B0E6202138006C
:10EEC000F9F72CFF0136F5E7230004CB06920793F0
:10EED000002A08D10090062238003249049BF9F735
:10EEE0002FFF079C9BE6059B002B00D12E4B069A1B
:10EEF0001400D3182278002A01D09C4214D1069B1A
:10EF00000200E41A80231B011A400892184203D021
:10EF1000059B9C4200D91C00022302001A40099262
:10EF2000184212D1260006E00134E3E72021380020
:10EF3000F9F7F4FE0136049BB342F7D8049A002394
:10EF4000A24200D3131B01341C19069E03E03800B3
:10EF50000136F9F7E3FE3178002907D0089B002B32
:10EF6000F5D0069B059A9B189E42F0D1099B002B79
:10EF7000B7D0049BA342B4D920213800F9F7CEFEC4
:10EF80000134F6E702930A230193059B38000093AE
:10EF90001023F9F701FF42E62108120001200000CA
:10EFA0004B0D0100440D0100FFFFFF7F10B50A4C1F
:10EFB00023699A6891420CD85A6881600360426064
:10EFC00010609A685860521A9A6001235B42A361EC
:10EFD00010BD1B68891AECE7B819002010B572B68D
:10EFE000FFF7CCF8094C2368002B02D02000FFF774
:10EFF00031F980210023064A200009022361E260E2
:10F000006361FFF7D3FF62B610BDC046141800203D
:10F01000DDEF000070B50E4B0500DE6886B04B1CBE
:10F0200013D00C4B68460393002304960593FFF717
:10F03000BDFF2800FEF7D8FC009B002B02D06846DD
:10F04000FFF708F9B06906B070BDFEF7CDFCF9E72F
:10F05000B819002011F3000010B5010072B60820A5
:10F06000FFF7D8FF62B610BD70B5764672B6134D85
:10F07000134AAB8B01339BB2AB832B69934204D110
:10F0800062B63000FFF78AF970BD9A68013A9A605B
:10F090002C69A368002BF3D1226861680A60516073
:10F0A000236062B62000E3682169984772B66169FF
:10F0B0000029EDD02000FFF779FFE9E7B81900201B
:10F0C000C8190020F7B5464B464C1A780193002A20
:10F0D00005D023780A2B01D0BB232370F7BDA3787A
:10F0E000112B68D1E378404D404F2B703E78002BB8
:10F0F00007D0022E54D03E4B1B78002B4ED0F8F791
:10F10000C1FF23796B70B3424FD00122394B1A7083
:10F110002B78002B01D000232B706379AB707A78A9
:10F120009A4208D0002E06D10122324B1A702B7859
:10F13000002B00D02E70304AA3791178EB709942E1
:10F1400006D0137001222D4B022E00D100221A701E
:10F15000B422E379217A2B71637A92011B020B436B
:10F16000934207D0264A1378002B03D10133137042
:10F17000244A1370A37ABB2BB0D1019ABA3B137007
:10F18000214B224A1A800023174A13705371194ADF
:10F1900013701A4A13701A4A13709FE72B70B0E766
:10F1A000194B2A70194A1A80ABE7022EB5D1164BBB
:10F1B000164A1A80B1E7092BDCD10B4BE27819789B
:10F1C000002908D0002A06D108490978022900D070
:10F1D00001325A71CEE7012ACCD100221A70F8E729
:10F1E0007B2F00207C2F0020332F002018110020BF
:10F1F000EF2E0020FA2E00201F110020E02E00200C
:10F20000F92E00201411002016110020DC0500004A
:10F21000F0B572B68022274B9205904226D3002289
:10F22000F8261100244F76051F259C68240C2C40DD
:10F23000022C05D8455C4C1CDD60045D0231DC60AD
:10F240009C68344202D0DC68BC5401323F29EBD9BF
:10F250003F2A09D8F821490598680842FCD0D868A7
:10F26000154988540132F3E762B6F0BD0022F82652
:10F2700010001F251400104F76059968090C2940CD
:10F28000022902D8DC600230DC609968314202D089
:10F29000D968B95401323F28EFD93F2AE4D8F82180
:10F2A000490598680842FCD0D8680349885401325F
:10F2B000F3E7C046003800407C2F002080220A4B34
:10F2C0005200196930B5094C114209D01969084D2D
:10F2D000294019612168016019690A431A6130BD2A
:10F2E00023680360FBE7C0460020024074E8FF1F6C
:10F2F000FFFEFFFF00238268037503691B6899689E
:10F300009142FBD25A6803604260106058607047B7
:10F3100010B572B6087D052807D8F2F76BFE0C060B
:10F320000603120E00228B691A6001235B4208005B
:10F330008B61FFF7DFFF62B610BD8A699368013306
:10F3400093604A680B6813605A60EEE70300006838
:10F3500010B5834206D002681A60536000238361AF
:10F36000FFF7C8FF10BDF8B50B0009339B00C318A9
:10F370005C6805000E00002C54D072B623000022F9
:10F3800088331A7067692269BA4202D1E368002B98
:10F3900027D1B31C9B00EB185B685B691B68002BD3
:10F3A0001FD023008C33186800280BD0BA4204D138
:10F3B0000022E3681100934201D1390004C9836837
:10F3C00000689847E368E2690133E36063699B186A
:10F3D000A2696361934201D3636A63612000FFF70E
:10F3E000B5FF62692369934216D1E368002B13D0FD
:10F3F000B31C9B00EB185B681A68022A11D15A698A
:10F40000116800290DD01A8A0B00013A13401142ED
:10F4100007D12A00743200E008CA31002800FEF744
:10F42000BFF862B6F8BD0B0011339B0010B51C5835
:10F43000002C26D072B602318900401843689B69BF
:10F440005B68002B19D0230074331B78226F0233C2
:10F450009B00D3185B689B695A6823691A60E2684D
:10F460000132E260E2699B18A2692361934201D3F1
:10F47000636A23612000FFF769FF2000FDF78CFF1E
:10F4800062B610BD0300006810B5002804D0002249
:10F490001A608161FFF72EFF10BD0000F0B5060075
:10F4A00064363378040085B0002B01D0002333701C
:10F4B000230027007433B84A7C3700931178013257
:10F4C000197001339F42F9D163689B68002B17D1F3
:10F4D000009B60211A7815000D400A4231D00020AF
:10F4E000FDF7A2FF0020FEF79FF863681B68002B62
:10F4F00002D00621200098470623337005B0F0BDE6
:10F50000200098470028E3D023007A331A785B78EC
:10F51000E16E1B021343994201D91900E366009B77
:10F520001B787F2B00D87BE1002900D16EE10923F5
:10F53000337072B60021E36EA26E2000FEF730F841
:10F540006CE123007F2075331B7802401B021343BC
:10F55000924A934200D141E124D880225200934242
:10F5600054D00DD8012B4BD0022B00D1C4E0002B7E
:10F57000B5D122007C32A2660222E2662367C3E78D
:10F5800081225200934200D1E4E0FF32FF329342E5
:10F59000A5D1230076331B78012BA0D13A88013303
:10F5A00013433CE08022120193425DD020D8A02278
:10F5B000D200934238D07A4A9B18012B00D98EE7AB
:10F5C000230078331A785B7821001B021343220052
:10F5D0006068763277314768127820000978B8473A
:10F5E000002800D17BE74368A3660368E36619E05F
:10F5F0009022120193423CD06A4A934200D06EE7B7
:10F60000694BA3660223E3660023B7E72300763342
:10F610001B78012B00D062E702223B8893433B809A
:10F62000A566E56625676FE7009A12889A4213D1AE
:10F63000230076331A785D491A720395039B8B4237
:10F640000ED95B4B1A7063681B68002B02D0012136
:10F6500020009847032323700023A366E3668DE709
:10F66000039B01330393E9E723007F33A366012360
:10F67000BCE72378042B2DD172B64E4AA36825002F
:10F680001340A36023002C33103501932F68002F03
:10F690000FD07869002804D002210C304942FFF7CE
:10F6A000F1FEB869002804D002210C304942FFF76E
:10F6B000E9FE0023019A08C59542E7D162B622000F
:10F6C00003217F321370636821701B68002B01D007
:10F6D00020009847230076331B78002BBCD02200F3
:10F6E0007F3213700423237063681B68002BB3D030
:10F6F000022120009847AFE723000F22142178331E
:10F7000018782D4B0240514340B25B18002811DAA3
:10F710002C331B78002B00D1E1E6254B9A735B7CE0
:10F72000002A03D19B0603D5244B6AE7DB06FBD4F2
:10F73000234B66E7B8331B78002B00D1CFE61C4B78
:10F7400020219A73002A03D15B7C0B42F0D0EBE7B7
:10F750001B7DFAE7230076331B78002B00D0BEE632
:10F76000230078331B780F2218001040134200D179
:10F7700072E75AB20E4B002A24DA9A7B9873987378
:10F780003020597CD2B2814359744021587C0143C6
:10F7900059749A7360E7C046E01600200203000027
:10F7A00000FAFFFF020C0000751801000E27000090
:10F7B0000038024001000100C0160020731801004B
:10F7C000711801009A7B98739873187DD2B28843A0
:10F7D00018758020197D01431975DAE72300763307
:10F7E0001B78002B00D07AE6230078331B780F2299
:10F7F00018001040134200D12EE75BB2002B02DA52
:10F80000FDF712FE28E7FDF70FFF25E714233370FD
:10F8100072B60B000A002000FDF776FD62B66DE6B9
:10F82000002906D01523337072B60021E36EA26E54
:10F83000F1E70B23337072B60B000A007DE6C04679
:10F84000F0B5BC4F89B07B7BDBB202933B7BDBB274
:10F85000039373460493B84B1B68DAB201927F227C
:10F860001340B64A136001237A781A4202D17A789B
:10F8700013437B70BB7BDBB20593019B5B0754D5C5
:10F880000023AF4A0793079B934200D8AFE0A02222
:10F89000AC4E002130005200F2F786F900254023DB
:10F8A000A94AAA4C73601570A94A3100E26001228E
:10F8B0002C310A7031003385B436B83133803E3B89
:10F8C0000A702370E567A560E368002B12D072B65A
:10F8D000E6687069002804D002210C304942FFF725
:10F8E000D1FDB069002804D002210C304942FFF755
:10F8F000C9FD62B600210135E1600434082DE3D171
:10F900000124944B91481970914B934AC3608D4BDD
:10F9100014701A00B832147040221A85B4331A8059
:10F9200043681B688B4200D098470821019B0B421B
:10F9300010D08A4A1388002B5FD0029B8B4003991A
:10F940000B4387490888984255D00B801388013BA8
:10F950009BB21380019BDB0737D50A227F4B1A80AD
:10F96000804B023A1A60804B1A78002A2DD0002270
:10F97000764C1A702378052B27D022008032137022
:10F980000523237063681B68002B02D0042120002C
:10F9900098470025A560E368002B12D072B6E66890
:10F9A0007069002804D002210C304942FFF76AFD3B
:10F9B000B069002804D002210C304942FFF762FDF3
:10F9C00062B601350434082DE5D1684B1A78002A57
:10F9D0002ED1674B674968481A78002A00D01FE18A
:10F9E000059BBB730498FEF7D9FC09B0F0BD079BDB
:10F9F0000133079347E70A23ABE703227B781340E1
:10FA0000012BA7D15D4A1160574A11780029A1D175
:10FA10004E481370017805299CD1030080331B7870
:10FA2000037043681B68002B00D193E7984791E768
:10FA300001251B784F4AD05C514B8540EDB21D70BB
:10FA4000B873002800D0A1E004217A7C3E4ED3B2E6
:10FA50000A4204D07B7C8B437B743070B5E7DA06B6
:10FA600001D580227A743278D0B2062AADD8F2F766
:10FA7000B7FA041CAC355DAC5D00DB07A5D50020F2
:10FA8000FDF714FC010008289FD13E48FDF7A4FCB7
:10FA90002C4BDB8C002B06D0402300212B487B74A1
:10FAA000FFF7FCFC91E74823F7E7264B5A6B1C8DC8
:10FAB000986BA2420AD9196B00199863121B091995
:10FAC00000205A631963FDF713FD7EE700218018BB
:10FAD000986359631D48FDF7C3FD76E7DB0700D443
:10FAE00073E70020FDF7E2FB0500274C83B2190005
:10FAF00020680193FDF770FC23685B192360114CAB
:10FB00002200C4321368B4345B1913602388019A4D
:10FB1000934208D900210D48FDF7F3FD48237B747B
:10FB2000443B337051E740237B744EE70021317032
:10FB3000D0E7C04600380240B0380240B438024036
:10FB40000E270000C016002038300020501800207A
:10FB50009C0E0100B4180020EC160020201100209B
:10FB600036300020A0380240343000209038024067
:10FB7000923802407117010096380240A4380240C2
:10FB800094380240E01600207C17002004227B7C81
:10FB9000134202D07B7C93437B74142343435A4E1D
:10FBA000F3185C6B002C18D01A8D196B94420DD988
:10FBB0009D6B8918AD18A41A19639D635C63A242FA
:10FBC00000D9220092B2FDF749FCFEE69A6B0919B2
:10FBD00012199A63002219635A6314214B4B4C4C3F
:10FBE0001D704143851CAB00E3185A6876185369B1
:10FBF000B16B59600121814023898B432381936834
:10FC0000002B02D001002000984772B6AD006419A5
:10FC10006368002158690C30FFF734FC62B6D4E603
:10FC200001251A7801268C5CA540EDB20570BC73E5
:10FC30003A7D324200D1CFE6802320009843FDF781
:10FC400035FB1422624383B29C462F4B9B181A004B
:10FC5000C032126882421FD3BC332E491B68A200F7
:10FC6000521819188B424AD114226243264B9B1812
:10FC70001900BC310A68C03312180A608A68121869
:10FC80008A601A68121A1A606C223B7D93433B7596
:10FC90003B7D6B3A93433B75142363431A4AD31855
:10FCA0001900B4310988614504D8C0331B688B4200
:10FCB00000D38EE61420184B60431D70A61C144D13
:10FCC000B300EB1859681218C4328B6912685A6075
:10FCD0000122A2406B8993436B81CB68002B02D039
:10FCE00021002800984772B6B600AD196B689B6971
:10FCF000180059680C30FFF7C5FB62B669E6167844
:10FD00001E700133AEE7C046C016002084380240A2
:10FD100050180020203802408638024070B5022575
:10FD200004006D422068844200D170BD03682360E6
:10FD30005C608561FFF7DEFAF4E7036A10B5C36023
:10FD4000436A4361036100238362C362FFF7E6FFF6
:10FD500010BD0000080070B5052962D8F2F74AF915
:10FD600037610337376272B60026364C2300220013
:10FD700000257433206F19783832FDF71DFD0136E8
:10FD80002000FFF7DAFF25729034032EEED12E4CBF
:10FD90002E4B2F4A1978206FFDF70EFD636A200065
:10FDA00063612361E560A562E562FFF7B7FF2000AC
:10FDB0002572FDF7F1FA62B6264B1B78AB4202D0F2
:10FDC0000520FDF71DFC0220FDF71AFC29E0FDF7D8
:10FDD00017FC72B6002501261A4C20002672FFF788
:10FDE0009DFF2000FFF7A9FF23008C331B68002B29
:10FDF00002D0DA681868904701359034032DECD1B1
:10FE00000123114C20002372FFF788FF0023626A50
:10FE10002000E36062612261A362E362FFF77EFF7C
:10FE200062B670BD72B6074B0022190098310A7095
:10FE3000942149001A725A54034B1A7262B6052073
:10FE4000C2E7C046D40E002088100020FC1000201D
:10FE5000C0100020D4180020F0B587B00B680391C3
:10FE60001F220121019304005B0801980293002BDB
:10FE700000D0A0E09040F2F715F9039B5B69049372
:10FE8000072800DDACE01F220121A56A0198029B32
:10FE9000002B00D096E09040F2F704F90F23800089
:10FEA00083401F2201219D430198029B002B00D01B
:10FEB0008FE09040F2F7F6F8049B800083402B43DC
:10FEC000A3621F220121039BA5699E680198029BE2
:10FED000002B00D0B4E09040F2F7E4F801210B00D1
:10FEE00083401F229D430198029B002B00D0AEE06F
:10FEF0009040F2F7D7F886401F2201212E43039B42
:10FF0000A6616569DE680198029B002B00D0A5E020
:10FF10009040F2F7C7F80323400083401F220121DD
:10FF20009D430198029B002B00D09EE09040F2F789
:10FF3000B9F8400086401F2201212E43039B6661D1
:10FF4000E5691E690198029B002B00D094E0904067
:10FF5000F2F7A8F801210B0083401F229D4301986E
:10FF6000029B002B00D08EE09040F2F79BF8864079
:10FF70001F2201212E43039BE6615D6826690198DB
:10FF8000029B002B00D085E09040F2F78BF8032312
:10FF90004000834001229E431F230299002900D084
:10FFA0007FE001989840F2F77DF8400085403543A6
:10FFB000256107B0F0BD1D0040000D402843013A07
:10FFC0005B0854E71E0040000E403043013A5B08D6
:10FFD0005EE71E0040000E403043013A5B0865E7D3
:10FFE000019B1F221D0A5E0A28003300E76A002BCE
:10FFF00014D19040F2F756F80F238000834001227D
:020000021000EC
:100000009F431F23002E14D128009840F2F74AF88E
:10001000049B800083403B43E36252E7410005912B
:100020001800012108400599013A014308005B08C6
:10003000DDE731006D0011400D43013B7608E1E73B
:100040001F0040000F403843013A5B0840E71F00A3
:1000500040000F403843013A5B0846E71F0040006C
:100060000F403843013A5B084FE71F0040000F4044
:100070003843013A5B0856E71F0040000F40384301
:10008000013A5B0860E71F0040000F403843013A27
:100090005B0866E71F0040000F403843013A5B08E9
:1000A0006FE70199029849001040084302990190B6
:1000B0004908013B029170E7154AF0B553699B0668
:1000C00014D5FF25F02603895468033399080139B4
:1000D000E401E40949062143516051680468090EAE
:1000E0000906214351609B08002B00D1F0BD4168F7
:1000F000013B9BB22142F9D1C1680F1D0968C7605D
:10010000976891601168A94331431160ECE7C046DC
:10011000002002400B4B5A69920611D506C80A42CC
:100120000ED15A68084802405A605A68120E1206E8
:100130000A435A60FF22196891430E3A0A431A6033
:100140007047C04600200240FFFFFFFE044B5A6983
:10015000920603D59A6A00229A625B697047C0468C
:1001600000200240054B5A69920606D49A6A044A56
:100170009A629A6A034A9A625B6970470020024059
:100180003322110088776655F0B587B0019004914D
:10019000029272B69023019A544D5343EB181A6F92
:1001A0001278042A02D062B607B0F0BD002288336C
:1001B0001B780392934201D16423039362B6902388
:1001C000019A5343ED1872B690270024019A049BBC
:1001D00057430093454BDB190593059B9B6A002B06
:1001E0000AD1424EF619F368002B2ED033691A1D3E
:1001F000B262F2699B18F3623C4BDB19986ADE6AC3
:10020000029B361A1B1B9E4200D91E00402E47D966
:1002100040220099F1F7B4FB009B40344033009337
:10022000324BDB199B6A4033304AD219D16A936250
:10023000994204D8D16928000439FDF750F862B614
:10024000029BA34218D972B6C7E7337A002B0FD1AD
:10025000274B039ADB68002A0AD06A681D605A603F
:100260006421136004206B60FEF7D4FE0028BADA24
:1002700062B6029BA34220D872B6902201991B4B12
:100280004A439B189A6A002A00D18CE71B69043AFA
:10029000D11A9A4200D186E72800FDF720F882E7BC
:1002A00032000099F1F76CFB009BA4199B19009395
:1002B0000E4BDB199B6A9B19B6E772B69023019A25
:1002C0000A4E5343F61833006242544188331A7879
:1002D000280014431C70FFF721FD2800FFF72DFDB7
:1002E00000233372FDF7E4FF62B66CE7D40E002002
:1002F000B819002010B5010008220120FFF744FFC3
:1003000010BD10B5010020220020FFF73DFF10BDF9
:1003100010B5010006220020FFF736FF10BD10B512
:10032000010003220020FFF72FFF10BD0A0010B5C7
:10033000202903D101000220FFF726FF10BD000095
:10034000F7B50C0001931500204B00280CD0197054
:10035000FDF7BCFF1E4B1880072301202340984067
:10036000C0B2F5F775FDF7BD1E788E4229D1184B46
:100370001F88FDF7ABFFC01B80B2C72821D82C0017
:100380002034E4B2AE420FD03300012607273000FC
:100390003B409840C0B2F5F753FDBC4204D82F4013
:1003A000BE40F0B2F5F754FD0198F8F739F8072C84
:1003B000D9D8072301201D40A840C0B2F5F740FD61
:1003C000D1E7072301201C40A040F6E7841A002053
:1003D0002E300020F0B58DB00C22002109A8F1F7D5
:1003E000E3FBA74B0124019300230F250093019BFE
:1003F0001B685A1C2BD072B601261F002B409E4052
:10040000AF433100012238003604FDF7E6FFBE603D
:1004100062B6E34306279C469A4809A902680B88FE
:10042000561C00D110E11600AE4336682A40D64073
:100430000122164200D007E12343013FFFB20B80A7
:1004400004300231002FE9D10098F8F74FFC009BEF
:1004500064000133DBB20093019BA4B20433019327
:10046000009B102BC3D1884D0C22280009A9F1F75D
:10047000EFFB041E04D00C22280009A9F1F780FA32
:100480000022824E824B35781A70954200D195E158
:10049000FDF71CFF7F4A13681060C11A98425BD0B9
:1004A0007F2900D97F210022CBB207937A4B32708B
:1004B0001A70774B04921B7806920193774B059242
:1004C0000093714B02930020754B039313189C46C5
:1004D0006646039B9B5D5F0820D08F4200DDB6E03F
:1004E000012667463340039EF35500D0BAE001274A
:1004F0008740029E009B36881B883E40B4461E0003
:10050000BE43370066463743019E7B4033435E1E41
:10051000B341DBB20193009B06951F800130102888
:10052000D4D1009B103202330093029B023302931A
:10053000602AC8D1049B002B02D0574B5F3A1A7037
:10054000069B002B02D0524B019A1A70059B002B80
:1005500002D001224D4B1A70002C09D14E4B1B7852
:10056000002B51D0002D03D1FDF7B0FE494B186090
:10057000002301211C008C46474A02931370424A13
:100580000092464A009909880391039811884840CF
:10059000002105904248019060468840070080B2E3
:1005A000049001985E18805D450806953D00059F02
:1005B0003D4259D00698002811D1049C0398204050
:1005C000441EA0410A242043019CA055C007C40F2B
:1005D000002852D01088049D0294454015800131B6
:1005E0001029D9D100991033023100910232602BC9
:1005F000C8D1029B002B02D00122254B1A70002C7F
:1006000002D00122214B1A70264C2378002B55D0A2
:10061000254E3578002D51D1244B254A1B78127870
:1006200013434BD0DB0649D5224B23491888F7F7F3
:1006300049FD002842D0012325703370F7F752FDA1
:10064000F8F7BEFCF7F7F0FC62461340F5E6079EAC
:100650000595BF1B01267F0033403B436746039E41
:10066000F3555BE7049359E74508B8D0C507B6D4FE
:1006700065462840019DA855B1E76446AFE7C046EE
:10068000A40F0100DC0E01002C1800202C300020EB
:100690002D3000202830002024300020D6180020E3
:1006A000C42F00200B1B00200A1B00200D1B002064
:1006B0000C1B0020081B0020B80B0000FDF706FEF5
:1006C00040490A68002A20D03F4B404C1D7880B238
:1006D000002D02D02568854217D0206001203C4CB7
:1006E000187023683B485D00285A3B4D01332B406E
:1006F00003D53A4D013B2B4301332360384B013A7C
:100700001B680A60002B00D09847364C2368002BEA
:100710004FD0354E3578002D16D1344A1088002838
:1007200012D0198AF7F7CEFC00280DD00123112131
:1007300033702F4B2F4A1B780B40591E8B4113707F
:100740002D4B1D702D4B1D702D4B1888002819D076
:100750002C4D2B78002B15D12368198AF7F7B2FCA2
:1007600000280FD001232B7023689B68002B22D018
:10077000984700281FD02368D888234B1880C0B220
:10078000F7F762FD214B1B78042B12D1204B188800
:1007900000280ED01F4D2B78002B0AD12368198A10
:1007A000F7F790FC002804D00123D1202B70F7F735
:1007B000C3FC0DB0F0BD23689888DEE7002C00D1A3
:1007C000CCE6D1E6E01D0020FB1A0020C02F00205F
:1007D000DC1D0020DC1B0020FF00008000FFFFFF6D
:1007E00038180020041B0020FA1A0020FC1A0020F0
:1007F0006E1B0020DE1A0020DF1A0020E01A002005
:10080000DC1A0020DA1A0020D81A0020C11B0020B0
:10081000601B0020621B0020F7B50E4C0E4B2478A5
:100820001B7801940D4C019DAB4201D10020FEBD0F
:10083000DE00A5196F788F4205D1365D864202D160
:100840006D79954203D1072501332B40EBE7012059
:10085000EDE7C0468D1A00208E1A0020901A002065
:10086000054B02381B7841424841023B59424B41FB
:10087000024A18401070704718110020E92E00201D
:1008800010B57430C3790A4984791B020A7823436E
:10089000022B0AD1012A01D0062A05D1054B4A783C
:1008A000D8785A70FFF7DCFF10BD024BF8E7C0465E
:1008B0008C3000201011002070B504007F237434A8
:1008C000217805000B40212B00D08DE04BB2002B8E
:1008D00049DA6378022B2ED0032B20D0012B42D192
:1008E0002379022B01D9002070BDA1780829FAD8FC
:1008F000514AD25C022AF6D8902353434F4A9B5860
:10090000002BF0D04E4C5E6818682200B0474D4B6B
:10091000AB66A36C0022EB662A670120E4E76279EC
:10092000237912021A431ED14749484B89788366BE
:1009300019700123EFE72379022BD4D8A178082975
:10094000D1D83D4AD25C022ACDD8902353433B4AAA
:100950009B58002BC7D05A69186890473C4B1870B9
:10096000AB660123D6E763780A2B1ED00B2B0CD085
:10097000092B39D16279237912021A4302239A434F
:1009800032D1344AAA66344AC5E7637922791B0218
:10099000134307D1A2782C4B511E8A41D8789A7004
:1009A000FFF75EFF0023AB66B4E7274BE678D87805
:1009B0001E70FFF755FF2379022B00D993E7A1782A
:1009C000082900D98FE71C4AD25C022A00D98AE79D
:1009D00090235343194A9B58002B00D183E73200E0
:1009E0001C691868A047DDE7602300269943812928
:1009F00013D16378062B10D16379227968681B02C2
:100A0000A1781343E27844682800A047B04200D19F
:100A100069E74368AB6603687CE7D82464000F4B42
:100A20009B59002B03D19036A642F8D15BE72800F2
:100A300098470028F7D070E7F8180100600F0020F1
:100A40003C3000204230002010110020893000206E
:100A5000883000208C30002081080100580F0020D1
:100A60001FB5040072B6FFF77DFB0094E4436846AF
:100A70000194FFF74FFBFFF769FB62B61FBD70B52E
:100A8000E024F02564026D022000FFF7E9FF8023D7
:100A90009B00E418AC42F7D1E02000214002F7F7B8
:100AA00089F8F02460020134E4B2FFF7D9FF002C8A
:100AB000F8D170BD0FB407B5044805A90191F8F746
:100AC00033FA03B008BC04B01847C046180D010043
:100AD00000FFC800002020202020202020202828DF
:100AE00028282820202020202020202020202020EE
:100AF000202020202088101010101010101010102E
:100B0000101010101004040404040404040404105D
:100B100010101010101041414141414101010101EB
:100B200001010101010101010101010101010101B5
:100B300010101010101042424242424202020202C1
:100B40000202020202020202020202020202020285
:100B50001010101020000000000000000000000035
:100B60000000000000000000000000000000000085
:100B70000000000000000000000000000000000075
:100B80000000000000000000000000000000000065
:100B90000000000000000000000000000000000055
:100BA0000000000000000000000000000000000045
:100BB0000000000000000000000000000000000035
:100BC0000000000000000000000000000000000025
:100BD0000000000000000000C6170000CC16000056
:100BE000CC160000CC160000CC160000CC1600007D
:100BF000CC160000CC160000CC160000CC1600006D
:100C0000CC16000028170000E0160000CC160000EB
:100C1000CC160000CC160000CC160000E016000038
:100C2000CC160000CC160000CC160000CC1600003C
:100C300042160000081700005A170000CC160000EA
:100C4000CC1600003C170000CC160000081700006E
:100C5000CC160000CC160000D41700008A24000037
:100C6000B6230000A02300001C240000A0230000E5
:100C700050240000A02300001C240000B623000024
:100C8000B6230000502400001C2400008C23000028
:100C90008C2300008C2300005A240000B62300009F
:100CA000B6230000A0230000F6240000A0230000CB
:100CB00050240000A0230000F6240000B62300000A
:100CC000B623000050240000F62400008C2300000E
:100CD0008C2300008C230000F0310000A4300000C1
:100CE0001C300000463000001C300000883100003D
:100CF0001C30000046300000A4300000A43000008A
:100D000088310000463000003E3000003E300000D8
:100D10003E300000AA310000325034473A256420AA
:100D2000424C453A256420504F533A2564204D4F9C
:100D300044453A25640A0063300065786974006BA5
:100D4000696C6C00296C6C756E2800296C696E28C2
:100D5000000000002A0000DDB18300002C0000DD4F
:100D6000BB8300002D0000FFC58300002E0022FF82
:100D7000D5830000380000FFE5830000090011DD85
:100D8000F1830000050011DDFB830000000000007E
:100D900000000000003131295A1B750A00010101D1
:100DA0000101010101010202020202020202020328
:100DB00003030303030303040404040404040505F8
:100DC00005050506060606060707070707080808BB
:100DD00008090909090A0A0A0B0B0B0C0C0C0D0D6A
:100DE0000D0E0E0E0F0F0F10101111111212131302
:100DF0001414151516161717181819191A1A1B1B7B
:100E00001C1D1D1E1E1F20202122222324242526D6
:100E100026272829292A2B2C2D2D2E2F303132320E
:100E2000333435363738393A3B3C3D3E3F4041421A
:100E3000434445464748494A4C4D4E4F5051535400
:100E4000555658595A5B5D5E5F61626465666869B4
:100E50006B6C6D6F7072737577787A7B7D7E808234
:100E6000838587888A8C8E8F91939596989A9C9E7D
:100E7000A0A2A3A5A7A9ABADAFB1B3B5B7BABCBE8D
:100E8000C0C2C4C6C9CBCDCFD1D4D6D8DBDDDFE25A
:100E9000E4E7E9EBEEF0F3F5F8FAFDFF00000000FF
:100EA0009DF4000061D6000003D700004000400020
:100EB00090120020901200200100000088120020F3
:100EC000370D0100A81200206813002055FD000016
:100ED000C1D00000B9080100000000000004004873
:100EE00003040048040400480504004806040048C0
:100EF000070400480004080C1014181C2024282C97
:100F00003034383C4044484C5054585C6064686C01
:100F10007074787C8084888C9094989CA0A4A8ACF1
:100F2000B0B4B8BCC0C4C8CCD0D4D8DCE0E4E8ECE1
:100F3000F0F4F8FFFFF8F4F0ECE8E4E0DCD8D4D00B
:100F4000CCC8C4C0BCB8B4B0ACA8A4A09C989490C1
:100F50008C8884807C7874706C6864605C585450B1
:100F60004C4844403C3834302C2824201C181410A1
:100F70000C0804000102030405060708090AFF0023
:100F800000FF8000FFFF0000FF0000FFFF0000FFE8
:100F90008000FFFFFFFF0000000000C800C800C87D
:100FA000000000000F0C00480E0C00480F0800481D
:100FB0000E0800480D080048030C0048020C0048C9
:100FC0000C0800480B0800480A0800480E000048BA
:100FD00009080048080800480708004806080048B3
:100FE0000F040048E200E900EA00B500B600B700CF
:100FF000CD008301CC008A019201940121022302D9
:1010000024022502260227022A02B300B4006F0040
:1010100070009F01CB019F02A002000000000000B1
:1010200000000000000000000000000000007E0F33
:1010300000D4FFFFFFC700000078000000000000A0
:1010400000002A2B28000000000000000000000023
:10105000000000000029000000002C1E3420212286
:1010600024342627252E362D3738271E1F202122EF
:10107000232425263333362E37381F040506070868
:10108000090A0B0C0D0E0F10111213141516171858
:10109000191A1B1C1D2F3130232D35040506070896
:1010A000090A0B0C0D0E0F10111213141516171838
:1010B000191A1B1C1D2F3130354C3A3B3C3D3E3F2D
:1010C0004041424300000000004445010204081072
:1010D000204080000400167EE600E700454F000037
:1010E00000000000C8000100000000000080FF00B8
:1010F0000000000031840000594F0000814F0000C3
:1011000000000000540D01001D2E2C1F1120212273
:1011100016232425302F17180F121E13152D102BF0
:10112000142A0D0E2829343537383B3C00FFFFFFC9
:10113000FFFFFFFFFFFFFFFFFFFFFFFFFF010203B6
:101140000405060708090A0B0C0DFFFF0E0F10110E
:1011500012131415161718191A1BFFFF1C1D1E1F3A
:101160002021222324252627FF28FFFF29FF2A2BC1
:101170002C2D2E2F30313233FF34FFFF353637FF21
:10118000FF38FFFFFF393A3B3CFFFFFF000A100A20
:10119000200A300A400A500A600A700A800A900A3F
:1011A000A00AB00AC00ADC0A04141814281438145F
:1011B000481458146814781488149814A814B8148F
:1011C000C814DE14041E1C1E2C1E3C1E4C1E5C1E6D
:1011D0006C1E7C1E8C1E9C1EAC1EBC1ED81E0828BD
:1011E00023283328432853286328732883289328E7
:1011F000A328B428E0280032143228326E32B032EC
:10120000C032D028E028E141E141E1410101010182
:1012100001010101010101010101010101010101BE
:1012200001010101010101010101010101010101AE
:10123000010101010101010101010101010101019E
:101240000101010101010101010000001020004025
:10125000000000805000510052004F005002510227
:1012600052024F024F034F03500350034F034F03EB
:101270004A024A024D024D034A03290000000000C1
:10128000000000000000000000000000000000005E
:101290000000000000000000000000001E001F0011
:1012A0002000210022002300240025002600270022
:1012B0002D002E002A00000000002B0014001A0050
:1012C0000800150017001C0018000C001200130085
:1012D0002F0030003100000000003900040016002B
:1012E000070009000A000B000D000E000F0033007C
:1012F00034000000280000000000E10000001D0094
:101300001B00060019000500110010003600370010
:1013100038000000E50000000000E000E300E2000B
:10132000000000002C00000000000000167E245287
:101330006500E4000000000000002900000000003B
:10134000000000000000000000000000000000009D
:101350000000000000000000000000001E001F0050
:101360002000210022002300240025002600270061
:101370002D002E002A00000000002B0014001A008F
:101380000800150017001C0018000C0012001300C4
:101390002F0030003100000000003900040016006A
:1013A000070009000A000B000D000E000F003300BB
:1013B00034000000280000000000E10000001D00D3
:1013C0001B00060019000500110010003600370050
:1013D00038000000E50000000000E000E200E3004B
:1013E000000000002C00000000000000167E2452C7
:1013F0006500E4000000000000003500000000006F
:1014000000000000000000000000000000000000DC
:101410000000000000000000000000003A003B0057
:101420003C003D003E003F004000410042004300C0
:10143000440045002A00000000002B00017E027ECF
:10144000037E007E4600470048000C001200130097
:101450002A782978217800000000390000520152D2
:101460000700090049004A004B000E000F002478D5
:1014700023780000280000000000E100000043780D
:101480000000487847784C004D004E004A78497873
:1014900052000000057E00000000E000067EE20031
:1014A00000000000427800000000000050005100E1
:1014B0004F000000000000000000350000000000A8
:1014C000000000000000000000000000000000001C
:1014D000000000000000000000000000BE00BD0091
:1014E000C100C20022002300AC00AE00AB00A80087
:1014F000AA00A9002A00000000002B00017E027E45
:10150000037E007E4600470048000C0012001300D6
:101510002A78297821780000000039000052015211
:101520000700090049004A004B000E004B002478D8
:1015300023780000280000000000E1000000000007
:101540000000487847784C004D004E004A784978B2
:1015500052000000057E00000000E000E200E30011
:101560000000000042780000000000005000510020
:101570004F0000000000000000000100000000001B
:10158000000000000000000000000000000000005B
:101590000000000000000000000000003A003B00D6
:1015A0003C003D003E003F0040004100420043003F
:1015B000440045000100000000000100017E027EA1
:1015C000037E007E01000100010001000100010016
:1015D000AA00A900010000000000010001000100B4
:1015E00001000100010001000100010001000100F3
:1015F00001000000010000000000010000000100E7
:1016000001000100010001000100010001000100D2
:1016100001000000010000000000010001000100C5
:1016200000000000010000000000000001000100B7
:101630000100010000000000000000002948000037
:101640006960000095600000C1600000ED6000006E
:1016500041480000C805010902A10185020901A154
:101660000005091901290815002501950875018152
:10167000020501093009311581257F950275088120
:101680000609381581257F950175088106050C0A24
:1016900038021581257F950175088106C0C00501B6
:1016A0000980A101850319012AB700150126B70099
:1016B000950175108100C0050C0901A1018504196F
:1016C000012AA002150126A002950175108100C013
:1016D00005010906A1018506050719E029E715009E
:1016E00025019508750181020507190029EF1500EC
:1016F000250195F075018102050819012905950557
:1017000075019102950175039101C00660FF0961A1
:10171000A1010962150026FF0095207508810209C4
:1017200063150026FF00952075089102C005010988
:1017300006A101050719E029E7150025019508759F
:101740000181029501750881010507190029FF151E
:101750000026FF0095067508810005081901290576
:1017600015002501950575019102950175039101FB
:10177000C00000010002000100030001000200019E
:10178000000400010002000100030001000200014A
:101790000005000100020001000300010002000139
:1017A000000400010002000100030001000200012A
:1017B0000006000100020001000300010002000118
:1017C000000400010002000100030001000200010A
:1017D00000050001000200010003000100020001F9
:1017E00000040001000200010003000100020001EA
:1017F00000070001000200010003000100020001D7
:1018000000040001000200010003000100020001C9
:1018100000050001000200010003000100020001B8
:1018200000040001000200010003000100020001A9
:101830000006000100020001000300010002000197
:101840000004000100020001000300010002000189
:101850000005000100020001000300010002000178
:101860000004000100020001000300010002000169
:101870000000000100000000B41F0100E83000205B
:10188000E8300020E8300020B41F01000000000014
:101890000000000000000000B41F01000000000074
:1018A0000000000000000000B41F01000000000064
:1018B0000000000000000000B41F01000000000054
:1018C0000000000000000000B41F01000000000044
:1018D0000000000000000000B41F01000000000034
:1018E0000000000000000000B41F01000000000024
:1018F00000000000000000000102003031323334EB
:1019000035363738394142434445460016034300D3
:10191000490044004F004F00200051004B003600AA
:10192000310000001203520044004D0043005400F7
:101930004D005A00540000000403090409025B0032
:10194000030100A0FA0904000001030101000921BC
:101950001101000122440007058103080001090468
:1019600001000203000000092111010001222200F0
:101970000705820320000107050303200001090475
:101980000200010300000009211101000122B6003C
:10199000070584032000011201000200000040B08E
:1019A0003635300500010203014422B62D1701002F
:1019B0000B170100551601004E19010067190100AF
:1019C00087190100FF0000005245454E54206D610B
:1019D0006C6C6F6320737563636565646564000098
:1019E0002E2E2F2E2E2F2E2E2F2E2E2F2E2E2F2E12
:1019F0002E2F6E65776C69622F6C6962632F73742A
:101A0000646C69622F72616E642E63002C206675AF
:101A10006E6374696F6E3A20000000006173736535
:101A20007274696F6E2022257322206661696C656D
:101A3000643A2066696C6520222573222C206C692B
:101A40006E65202564257325730A0000232D302B35
:101A500020000000686C4C00656667454647000042
:101A600030313233343536373839414243444546D4
:101A70000000000030313233343536373839616296
:081A80006364656600000000CC
:081A8800D406FF7F01000000FD
:101A9000040C00200000000044110020AC110020C4
:101AA00014120020000000000000000000000000F0
:101AB0000000000000000000000000000000000026
:101AC0000000000000000000000000000000000016
:101AD0000000000000000000000000000000000006
:101AE000000000000300000044110020000000007E
:101AF00000000000000000000000000000000000E6
:101B000000000000000000000000000000000000D5
:101B100000000000000000000000000000000000C5
:101B200000000000000000000000000000000000B5
:101B30000000000020000000000000000000000085
:101B40000000000000000000000000000000000095
:101B50000000000000000000000000000000000085
:101B60000000000000000000000000000000000075
:101B70000000000000000000000000000000000065
:101B80000800000000000000000006000000000047
:101B90000000000000000000000000000000000045
:101BA0000000000000000000000000000000000035
:101BB0000000000000000000000000000000000025
:101BC00000000000000000000000000020000000F5
:101BD0000000000000000400000000000000000001
:101BE00000000000000000000000000000000000F5
:101BF00000000000000000000000000000000000E5
:101C000000000000000000000000000000000000D4
:101C100000000000000000000300000000000000C1
:101C200000000300000000000000000000000000B1
:101C300000000000000000000000000000000000A4
:101C40000000000000000000000000000000000094
:101C50000000000000000000000000000000000084
:101C6000000000000300000000000000000002006F
:101C70000000000000000000000000000000000064
:101C80000000000000000000000000000000000054
:101C90000000000000000000000000000000000044
:101CA0000000000000000000000000000000000034
:101CB000060000005C0C0020A80C002000000000C2
:101CC00000000000D80D00208C0D0020400D0020E9
:101CD00000000000F40C00200000000000000000E4
:101CE000240E00208DD9000071D9000073D70000A8
:101CF000DDD10000F9D1000009D20000280E00203B
:101D00008DD9000071D9000073D70000DDD100002B
:101D1000F9D1000009D200002C0E0020C9D9000022
:101D2000A5D9000091D7000039D200005DD2000093
:101D300075D20000410041004100410041003905D9
:101D400085560000B5D00000F50201000303010034
:101D5000110301001F0301002D03010000FF00FF1C
:101D6000FF03000000000000000000000000000071
:101D70000000000000000000000000000000000063
:101D80000000000000000000000000000000000053
:101D90000000000000000000000000000300000040
:101DA0000000000067F300000000000020000000B9
:101DB0000000000000000000020000000000000021
:101DC0000000000000000000000000000000000013
:101DD0000000000050180020040000000400000073
:101DE0002000000028140020000000000000000077
:101DF000880E00200000000000000000000000002D
:101E000000000000000000000000000000000000D2
:101E100000000000000000000000000000000000C2
:101E200000000000000000000000000003000000AF
:101E30000000000067F30000000000000800000040
:101E40000000000000000000020000000000000090
:101E50000000000000000000000000000000000082
:101E600000000000501800200100000004000000E5
:101E700008000000F813002000000000000000002F
:101E80006C0E0020000000000000000000000000B8
:101E90000000000000000000000000000000000042
:101EA0000000000000000000000000000000000032
:101EB000000000000000000000000000030000001F
:101EC0000000000067F30000000000002000000098
:101ED0000000000000000000020000000000000000
:101EE00000000000000000000000000000000000F2
:101EF0000000000050180020020000000400000054
:101F00002000000068130020000000000000000016
:101F1000500E0020FF02C80000000000000000007A
:101F200000000000000000000000000000000000B1
:101F300000000000000000000000000000000000A1
:101F40000000000000000000000000000000000091
:101F500003000000000000000000000027F4000063
:101F6000000020000000000000000000020000004F
:101F70000000000000000000000000000000000061
:101F800000000000000000005018002003000000C6
:101F90000400000020000000B81400200000000031
:101FA0000000010001003C0002013201000001FFBD
:041FB0001400000019
:040000030000019167
:00000001FF
