:10000000000400209101000059E50000A5E5000072
:100010009301000093010000930100009301000090
:100020009301000093010000930100009301000080
:1000300093010000930100009301000035F20000DD
:10004000930100009301000093010000AD730000D4
:1000500093010000D1730000E57300003D740000BF
:100060009301000093010000297400009301000037
:1000700093010000930100000D750000ED73000076
:10008000017400001574000093010000930100004A
:100090009301000093010000930100009301000010
:1000A0009301000093010000930100009301000000
:1000B0009301000093010000930100000DFA00007D
:1000C00072B6244880F30888234880F30988022008
:1000D00080F31488BFF36F8F08F0E6F80EF04CF948
:1000E0001E481F491B4A914202DA08600431FAE7B0
:1000F0001C49194A914202DA08600431FAE71A49A8
:100100001A4A1B4B9A4204DA086810600431043220
:10011000F8E700201749184A914202DA08600431D2
:10012000FAE70EF041F90EF03DF9144C144DAC42D3
:1001300003DA216888470434F9E70BF0C3F8114C5F
:10014000114DAC4203DA216888470434F9E70F49BE
:100150000847000000040020000C002055555555AC
:1001600000000020000400201C1C0100000C0020E6
:10017000241100204011002000310020C0000000A8
:10018000C0000000C0000000C0000000A7E30000A5
:1001900096E700F000F8FEE7F0B544464D465646B7
:1001A0005F46F0B46B46CB60C3689D46F0BCA0468A
:1001B000A946B246BB46F0BD62B6281CA047002047
:1001C0000EF0BEF9FEE70EF03DF9024A024B136055
:1001D000FEE7C04604ED00E000000080114B70B562
:1001E0001C680500236B002B03D000221D615A619F
:1001F00070BD182000F094F8031E20630CD00A4A4A
:1002000000210260094A4260094A82600B22828111
:10021000012018615961E8E700224621054B064894
:1002200000F050F8000C00200E33CDAB34126DE618
:10023000ECDE0500541B01006C1B0100184B70B56F
:100240001D682C6B002C0ED020696169154A164B75
:1002500001F098FE0122002312184B41580040087B
:100260002261636170BD182000F05AF8041E2863F3
:100270000FD00E4B012203600D4B43600D4B83608A
:100280000B23838100230261436107480A4A064B1E
:10029000E6E700225221094B094800F013F8C04656
:1002A000000C00202D7F954C2DF451580E33CDAB12
:1002B00034126DE6ECDE05002E7F954C541B0100D8
:1002C0006C1B010070B514001A000A4B06001B6875
:1002D00084B0D868002C0AD0074B084D01930091D8
:1002E00033002900029400F03BF800F011F8044BB1
:1002F0001C00F2E7000C0020981B0100A81B010065
:10030000A41B0100130010B50022FFF7DBFFC0465D
:10031000062010B500F0C8F801200EF0B1F9C04673
:1003200010B5034B0100186800F02EFF10BDC04649
:10033000000C002010B5034B0100186800F0ACFF62
:1003400010BDC046000C00200CB400B583B004AB57
:1003500004CB019300F082F903B008BC02B0184747
:100360000EB400B582B003AB0100054804CB0068B1
:10037000019300F073F902B008BC03B01847C046FF
:10038000000C0020C36B10B50400002B01D000202E
:1003900010BD802100F0F8FEE063002806D00200C6
:1003A0000023803208C09042FCD1F0E70120404297
:1003B000EEE7C04670B505000C0016001F2907D8EF
:1003C000C06B002809D0A40004192068266070BD05
:1003D0001623036001204042F9E78021280000F045
:1003E000D3FE010003000022E86380310028F1D031
:1003F00004C38B42FCD1E6E770B505000C001F2951
:100400001ED8C36B002B0ED08A009B181A68002AD6
:1004100009D0012A05D0511C0ED0002120001960FE
:100420009047002070BD280001F004FB220001006D
:10043000280001F0EBFAF5E7162303600120F1E74D
:100440001623036001204042ECE7C04670B505006A
:100450000C001F2924D8C36B002B14D0A2009B18BA
:100460001A68002A09D0511C0BD0012A07D000219C
:10047000200019609047002070BD0120FCE7032098
:10048000FAE70220F8E7802100F07EFE031EE86311
:1004900006D000210200803002C28242FCD1DDE79A
:1004A00001204042E8E7C046144B70B504001D68C7
:1004B0001F281DD8EB6B002B0DD082009B181A68EB
:1004C000002A08D0012A04D0511C0DD00021196047
:1004D0009047002070BD280001F0ACFA2200010016
:1004E000280001F093FAF5E7162301202B60F1E7CD
:1004F000162301202B604042ECE7C046000C002090
:10050000114B70B504000E001D681F2807D8E86B5A
:10051000002809D0A40004192068266070BD1623A5
:100520002B6001204042F9E78021280000F02CFEDA
:10053000010003000022E86380310028F1D004C3E9
:100540009942FCD1E6E7C046000C00200C4B10B5E8
:100550001C68E36B002B01D0002010BD802120001F
:1005600000F012FEE063002806D002000023803273
:1005700008C09042FCD1EFE701204042EDE7C046C1
:10058000000C0020174B70B504001D681F2825D8EB
:10059000EB6B002B14D0A2009B181A68002A09D01C
:1005A000511C0BD0012A07D0002120001960904770
:1005B000002070BD0120FCE70320FAE70220F8E7E5
:1005C0008021280000F0E0FD031EE86306D0002132
:1005D0000200803002C29042FCD1DCE701204042A0
:1005E000E7E7C046000C0020936810B5013B93601C
:1005F000002B04DA9469A34207DB0A2905D01368AB
:10060000581C10600800197010BD00F0A1FEFBE737
:10061000F8B506000F00002B0DD01400D51802E02D
:100620000134AC4207D03A0030002178FFF7DCFFFC
:10063000431CF5D1F8BD0020FCE7C04610B51400FE
:1006400092680023002A05D0220000F08BF90022D6
:100650000300A26000221800626010BDF0B54E4693
:100660004546DE465746E0B58146884614001E00E2
:100670009FB0002803D0036A002B00D11FE143463E
:100680009B891B0700D48FE043461B69002B00D1D8
:100690008AE0002306AD6B6120336B761033AB76B6
:1006A0005346A346874F059603935B461B78002B62
:1006B00000D19BE05C4603E063780134002B7DD0E1
:1006C000252BF9D15B46E31A9A465C457BD123780A
:1006D000002B00D18AE0012300225B42069207939F
:1006E000002200230892099300234332AB54AB65E8
:1006F00001339B46013406E05A46C01B82401C0071
:1007000029680A432A6005223800217800F0F0F8B1
:10071000631C1E000028EFD12A68D10602D54321B0
:1007200020306854110702D543212B2068542178CA
:100730002A2967D1059B191D1B680591002B00DA3A
:1007400098E0EB6061782E2900D172E05E4C0322C4
:10075000200000F0CDF8002806D04023001B834085
:100760002A68013613432B603178731C06225748E0
:100770009B46297600F0BCF8002800D180E0544B5D
:10078000002B67D005AA0092290042464846514BEB
:1007900000E000BF0390039B013327D0039A6B69ED
:1007A000944663446B6180E74146484600F062FC32
:1007B000002800D16DE7012040421CE05B46E31AAF
:1007C0009A465C4512D03B0000264746A0464C4660
:1007D000994602E00136B24543D95B463A00200013
:1007E000995DFFF701FF0130F4D1B84643469B897C
:1007F0005B06E0D468691FB0F0BCBB46B246A946B0
:10080000A046F0BD08003038260009289BD8EA68C9
:10081000140000E00133A2001219197852001418D4
:10082000080030380928F5D91E00EC602E2900D0C8
:100830008CE771782A292DD1059BB01C1A1D1B68E5
:1008400005926B60002B02DA01235B426B60B1788A
:1008500006007BE70722059B073393430833059384
:100860009CE74B466A69A146524444466A61B846D1
:100870001F002CE75B42EB6002231A432A6061E70A
:1008800005AA0092290042464846124B00F0BCFEE1
:10089000039080E708000023303801366B60092898
:1008A00000D953E71A0093009B1871785B001A185F
:1008B0000800303801360928F5D96A6046E700F0AB
:1008C000D7FADCE6D81B0100E01B0100E41B0100A5
:1008D000000000001106000010B504001300034AD8
:1008E00010680A002100FFF7B9FE10BD000C0020BF
:1008F00070B5CCB283070DD0531E002A0FD003254C
:1009000004E00130284206D0013B08D30278A2421D
:10091000F7D170BD1300032B03D8002B14D1002096
:10092000F7E7FF220A401502AD182A040B4EAD1856
:1009300003E0043B0430032BEFD9026808496A4006
:10094000511891433142F4D0C31802E0013098426B
:10095000E5D00278A242F9D1DBE7C04680808080F2
:10096000FFFEFEFEF0B54E46DE4657464546E0B574
:10097000936883B00C0091460090002B5FD00C234D
:10098000CA5E130763D50B69002B60D04B461F6806
:10099000930723D5A36A00269A46B34B00259846B1
:1009A000216A002D16D02B00454500D9AE4B3200F0
:1009B0000098D047002859DD4B464A469B683618B8
:1009C0001B1A2D1A9360002B39D0A36A216A9A460C
:1009D000002DE8D13E687D680837E2E7D30762D58D
:1009E0000023B84600209A4600261F00002E45D05E
:1009F00000284CD03B00B3469E4200D99B4620685D
:100A00002269A5686369904203D9ED18AB4500DD02
:100A1000FEE05B4500DDEEE0A56A5246216A0098E3
:100A2000A847051E22DD01207F1B19D04B464A46F0
:100A30009B68AA445B1B761B9360002BD6D10020D9
:100A400003B0F0BCBB46B246A946A046F0BD2100AB
:100A5000009800F00FFB00280DD10C23E25E95E713
:100A60002100009800F0C2FA0028DFD00C22A35E1B
:100A700040221343A38101204042E1E7082243467C
:100A800094465E68E044002EF8D01B689A46320017
:100A90000A215046FFF72CFF002800D1DBE0534627
:100AA0000130C71AA6E7002380219A4689008B46A9
:100AB000564655462068A36884469846002D5CD06B
:100AC00059460A425DD09A46AB4200D990E0902345
:100AD000DB001A4232D02169431A60690193430056
:100AE0001B18D80FC3185810019B824601335B199D
:100AF000834201D99A461800520500D497E00100BC
:100B0000009800F041FB8046031E00D1A6E0019A48
:100B1000216900F035FFA389544A13408022134312
:100B2000A38143462361019B1A00424494462260FC
:100B30005246A846AA46D31A6261A36052463100C3
:100B4000604600F07BFF4246A8460025A368206867
:100B50009B1A5044A36020604B4642469B68464423
:100B60009B1A4A46936000D169E70C23E25E206835
:100B7000A36884469846002DA2D13E687D68083758
:100B80009AE7226982421BD362699046AA4217D82B
:100B9000802328001B069D4200D33548414601F0C2
:100BA00005F94346A26A43439046216A3200009801
:100BB000C047002800DC59E780464346ED1ACBE7E2
:100BC0009846AB4200D9A8464246310000F036FFB5
:100BD0004246A36820689B1A4044A3602060002B13
:100BE000EBD12100009800F001FA0028E5D03DE7A4
:100BF000A846AA46A2E75A46514600F01FFF5A46A9
:100C0000A3685D469B1AA36023685B4423600AE7E0
:100C100051462A0000F012FF236821005B1900985A
:100C2000236000F0E3F9002800D1FCE61EE7020093
:100C3000009800F009FC8046002800D071E7009D74
:100C40002169280000F028FB8022A3899343743A8D
:100C50001BB22A600CE7731C1F00CCE6009A0C3311
:100C600013600C22A35E03E700FCFF7F7FFBFFFF06
:100C7000FFFFFF7F0020704710B5034A0349044877
:100C800000F0C0FB10BDC046500C0020ED0F00006E
:100C9000040C002041680B4B10B50400994201D0B0
:100CA00000F0A4F9A168084B994202D0200000F09E
:100CB0009DF9E168054B994202D0200000F096F9B9
:100CC00010BDC04644110020AC11002014120020B9
:100CD00000207047F8B5CE464746344C344B354A71
:100CE0002000002580B51A600423082200215C3012
:100CF00025606560A560656625616561A561E36045
:100D000000F052FF2C4B2000994663622B4B2C4F76
:100D10009846A362CC23E5502A4B2B4E6367802371
:100D200008220021C430E550E7622663A566E56627
:100D30002567A567E567246200F036FF2200882357
:100D40006832E2504A460433E250424620000433FF
:100D5000E2500433E7500433E6503833E5500433AF
:100D6000E5500433E550194A5C33E550583BE250F6
:100D70000433E5502D300433E550082204330021BC
:100D8000FF30E55000F010FF2200F023D032E25097
:100D90004A460433E25042460433E2500433E750FB
:100DA0000433E650C0BCB946B046F8BD441100203B
:100DB00040110020790C0000ED1A0000191B000002
:100DC000591B000009000100891B000012000200ED
:100DD000F8B5244B07001B68002B3BD0224E7368EC
:100DE000B468013B03D51BE06834013B18D30C22E7
:100DF000A55E002DF8D120001C4B08220021E360E5
:100E000065662560A560656025616561A5615C30EA
:100E100000F0CAFE6563A563A564E5642000F8BD23
:100E20003568002D01D02E00D9E7D62138004900C1
:100E300000F0AAF9041E10D00423D022056025007A
:100E400043600C300021A060520000F0ADFE346021
:100E50002E00C4E7FFF73EFFC0E70C2330603B6085
:100E6000DCE7C04640110020500C00200100FFFFCD
:100E7000036A10B5002B00D010BD044B0362044B75
:100E80001B68002BF8D1FFF725FFF5E7950C000054
:100E9000401100207047C0467047C04610B5002082
:100EA000024A034900F0AEFA10BDC046500C0020C3
:100EB000750C000010B50020024A034900F0A2FAA8
:100EC00010BDC046500C0020D10C0000F0B5C64645
:100ED00000B50C228B5E07000C001A073CD44A6850
:100EE000002A5CDDE66A002E32D000223D68216ACD
:100EF0003A60DA0457D4002201233800B0470200D8
:100F0000431C65D00C21635EE66A216A5B0706D547
:100F10006368D21A636B002B01D0236CD21A0023B2
:100F20003800B047431C40D000236360236923602E
:100F3000A389DB044AD4616B3D60002908D02300FB
:100F40004433994202D0380000F0A6F900236363CD
:100F5000002080BCB846F0BD0E69002EF8D00D68A8
:100F60000022AD1B0E609B0700D14A69A260002DD4
:100F700004DCEDE736182D1A002DE9DDA36A3200F6
:100F8000984638002B00216AC0470028F2DC402236
:100F9000A38913431BB20120A3814042D9E70A6C05
:100FA000002A9FDCD4E7626DB0E739680C22A35EAB
:100FB0001D2916D80C4ACA40D20712D500226260F9
:100FC00022692260DB04B6D50029B4D16065B2E79E
:100FD0003B68002B96D01D2B01D0162BD7D13D603E
:100FE000B6E740221343D6E7010040200B6970B5F5
:100FF00005000C00002B08D0002802D0036A002B4B
:101000000AD00C22A35E002B01D1002070BD21006C
:101010002800FFF75BFFF9E7FFF72AFFF1E7C0467B
:1010200070B5041E18D00F4B1D680369002B08D043
:10103000002D02D02B6A002B0AD00C22A35E002BBD
:1010400001D1002070BD21002800FFF73FFFF9E724
:101050002800FFF70DFFF0E7034A0449044800F0B9
:10106000D1F9EFE7000C0020500C0020ED0F00003C
:10107000040C0020314B70B5050018680C000028E6
:1010800002D0026A002A4FD00C22A35E1A071DD597
:101090002269002A24D0D90708D50021A1606169FE
:1010A00000204942A161002A08D070BD00219807A4
:1010B00000D461690020A160002AF6D11A06F4D597
:1010C00040221343A38101204042EEE7DA062ED5E9
:1010D0005A0714D4226908210B43A381002ADAD1CC
:1010E000A02180208900800019408142D3D02100B6
:1010F000280000F0BDFB0C22A35E2269CBE7616BE8
:1011000000290AD022004432914204D0280000F085
:10111000C3F80C22A35E00226263242293430022C0
:10112000626022692260D6E7FFF7A2FEACE70922DF
:101130002A6040221343A381C5E7C046000C00206B
:1011400070B5104E050033680C00002B15D021003F
:1011500028000DF06FFA431C0CD00323C41C9C43E1
:10116000A04205D0211A28000DF064FA013001D008
:10117000200070BD01246442FAE700210DF05AFA04
:101180003060E4E77C120020F8B50323CE464746E2
:10119000CD1C9D430835060080B50C2D1ED20C25B4
:1011A000A9421DD8300000F05FFB3A4F7A68002A50
:1011B0001AD0140004E063682200002B14D01C0035
:1011C00023685B1BF7D40B2B27D961192560944248
:1011D0005BD051600B6063684B600DE0002DDFDA7F
:1011E0000C230020336014E029003000FFF7A8FF33
:1011F0000400431C19D00560300000F037FB2000CC
:1012000007220B30231D9043C21A984201D01B1AAB
:10121000A350C0BCB946B046F8BD6368944202D042
:101220005360E9E743467B60E6E77B689846002B1E
:1012300024D0444663689846002BFAD123680021E5
:1012400099463000A1440DF0F5F9814516D1236887
:101250003000ED1A2900FFF773FF01300ED023682C
:101260007A685B1923605368002B02D1DAE71A0011
:101270005B689C42FBD100235360BDE70C23300028
:10128000336000F0F3FA0020C3E779600B60636815
:101290004B60B1E77C12002070B50500002915D025
:1012A0000C1F2368002B23DB280000F0DDFA274AFF
:1012B0001368002B05D0A3420BD921686018834224
:1012C0002CD028006360146000F0D0FA70BDA342F7
:1012D00010D81A005B68002BF9D1106811188C42E5
:1012E00018D02CD363605460280000F0BFFAEDE7FB
:1012F000E418D9E711685018A04214D01FD821680B
:1013000060188342EED118685B6841182160636001
:101310005460E9E723681B181360E5E718685B6809
:1013200041182160CDE720680918501811608342E8
:10133000DAD118685B68411811605360D4E70C2358
:1013400028002B6000F092FAC0E7C046801200200F
:10135000F8B505000E001400002802D0036A002B27
:1013600041D0A369A360A3891B071BD52369002B68
:1013700018D0FF22F7B2616916402268D31A994249
:101380001FDD0133A1680139A160511C2160177074
:1013900062699A421ED0A389DB0701D50A2E19D0B3
:1013A0003000F8BD21002800FFF764FE002817D1A7
:1013B000FF222369F7B2616916402268D31A994265
:1013C000DFDC21002800FFF711FE002808D10123EF
:1013D0002268D7E721002800FFF708FE0028DFD0A9
:1013E00001267642DCE7FFF743FDBAE7030010B5BC
:1013F0000A00034908681900FFF7AAFF10BDC0469C
:10140000000C0020F8B54746CE46884680B5814698
:10141000170000267D68BC68013D0DD4A389012B0F
:1014200007D90E22A35E013303D021004846C047EE
:1014300006436834013DF1D23F68002FEAD1300005
:10144000C0BCB946B046F8BDF0B5C64607000E00B0
:10145000140000B500292DD0002A27D000F09AFBF7
:101460008046844203D835004308A34210D32100AC
:101470003800FFF789FE051E0AD0220044450BD82C
:101480003100280000F07CFA31003800FFF704FF3B
:10149000280080BCB846F0BD31004246280000F06C
:1014A0006FFA31003800FFF7F7FEF1E7FFF7F4FEBF
:1014B0000025EDE71100FFF767FE0500E8E7C046ED
:1014C000F8B557464E464546DE46E0B51F000A9B36
:1014D000924698460A698B6806000C009A4200DA28
:1014E0001A0053461A604323E35C002B02D0514696
:1014F00001320A602268910661D5534652460620A1
:101500001B680233136022681100104208D10020CA
:10151000814619308346E168A344994247DC1100B3
:101520004323E35C5A1E934189060AD53020E11813
:101530004331087045215A1C615CA21843320233C2
:1015400011702200390030004332C04701301DD0F5
:10155000534606251B68E1689C462368A2682069FB
:101560002B40042B31D0824239DD00239946121AD8
:10157000914400251A3402E001354D452FDA01234C
:10158000220039003000C0470130F5D1012040422F
:10159000F0BCBB46B246A946A046F8BD01239C4616
:1015A0005346E5681B68E144ED1A4D4524DD0123EF
:1015B0005A4639003000C0470130EFD1E6E7062136
:1015C00011420ED05A1E9341BBE76346C91ACB4362
:1015D000DB170B4099468242C9DC0029C9DC002098
:1015E000D6E7002053468146193083461B68E168E0
:1015F000A3449942DBDC92E743232168E35C5A1E53
:101600009341890692D49CE7F0B54E469946432310
:101610009C4657464546DE468C446346E0B587B057
:1016200002930C00097E90460700109A002914D0FE
:101630000B00583BDBB2202B48D888489B00C3588E
:101640009F46136821681D1D606915601B680E06A2
:1016500002D4490600D5DCE018600023029D236116
:101660004B46210000933800434605AAFFF728FFA8
:1016700001301ED02A00414638002369C847013096
:1016800017D02368E068059E9B071BD5B04219DD83
:1016900019239A460025A24404E0E0680135831B23
:1016A000AB420FDD0123524641463800C8470130A6
:1016B000F3D10120404207B0F0BCBB46B246A94678
:1016C000A046F0BDB042F6DA3000F4E72500422330
:1016D00001204235E154432300222061E254BFE758
:1016E00013682168181D10600D0602D44D0600D540
:1016F00094E01A6816006368002A00DA92E0584AFB
:1017000093460A2203924BE01368206840CB0506FB
:1017100001D440067FD41360514B9B466F2900D102
:1017200091E00A23039337E013682500191D116027
:101730001A68422301204235E254CCE71368191D90
:1017400011601D68002128006268FFF7D1F80028A9
:1017500000D181E0401B6060BDE7202321680B437E
:1017600023604521782060543E498B46116840C96A
:10177000180603D4580601D53604360C1160DA0772
:1017800002D5202213432360002E03D12022236898
:10179000934323601023039343230022E25463689E
:1017A000A360002B18DB042122688A432260002EEC
:1017B00012D1029D002B49D1039B082B1ED0029B06
:1017C0005B1B23614CE745235821E15424492368DE
:1017D0008B46CBE72368C4E7039B9A46029D300003
:1017E000514600F0DFFA5B465B5C013D2B70330035
:1017F00006005345F3D2039B082BE0D12368DB0797
:10180000DDD5626823699A42D9DC3023013D2B7013
:10181000D5E7188021E73604360C7CE700269E5F6A
:10182000320068E743222D20A054A360002B02DB86
:101830000423994321600A239A46094B76429B462A
:101840000A230393CAE708230393A5E75B46250011
:101850001B7842352B70AFE760683CE7640D0100F0
:10186000EC1B0100001C01007047C0467047C046D9
:10187000F0B50C23CD5E06000C0097B0AA0707D583
:1018800023004733236023610123636117B0F0BD58
:101890000E23C95E00292BDB6A460CF0E3FE00280C
:1018A00024DB8027FF0039003000019DFFF76CFC2E
:1018B000002833D08022A38920601343A381F02322
:1018C0001B021D408023206167619B019D42DDD189
:1018D00030000E23E15E0CF0D1FE0028D6D00322AA
:1018E000A389934301221343A381CFE70C23E55E31
:1018F0000F4B2D06ED171D408023DB009C466544F1
:1019000029003000FFF740FC002807D08022A3897F
:1019100020601343A38120616561B7E70C22A35EB9
:101920009A05B3D40322934302221343A381A7E76A
:1019300040FCFFFF70B50C001E000E23C95E1500B1
:1019400096B0002914DB6A460CF08CFE00280FDBF1
:10195000F02301991B021940084B9C4661444B42FD
:1019600059418023DB00002031602B6016B070BD30
:10197000A38900211B06F4D54023F4E700E0FFFF14
:10198000F0B505000F2A31D903273E000D430C00A6
:1019900003002E402F4234D11500103D2D09AC46D6
:1019A0002F013F1865685D60A5689D60E568DD6092
:1019B000256810341D601D001033BD42F2D165460C
:1019C0000F230C2401352D014919134045191442E8
:1019D0001AD0043B9B0801339B008C59AC51043650
:1019E0009E42FAD10323AD1989191A40561E002AC6
:1019F00006D00023CC5C1A00EC5401339642F9D196
:101A0000F0BD0500561EF4E71A00EFE7002370B59D
:101A1000074D0400080011002B600CF03BFE431C36
:101A200000D070BD2B68002BFBD02360F9E7C046C7
:101A30008412002010B50CF037FE10BDF0B58842BE
:101A40000AD98B18984207D2531E002A03D0CA5CC9
:101A5000C254013BFBD2F0BD05000F2A0AD8561E26
:101A6000002AF8D00023CC5C1A00EC5401339642D3
:101A7000F9D1F0E703273E000D430C0003002E4090
:101A80002F422DD11500103D2D09AC462F013F18D6
:101A900025681D6065685D60A5689D60E568103417
:101AA000DD601D001033BD42F2D165460F230C24CA
:101AB00001352D01491913404519144213D0043B37
:101AC0009B0801339B008C59AC5104369E42FAD1DD
:101AD00003231A40AD198919561E002AC2D1BAE74C
:101AE0000500561EBEE71A00B9E7C04670B50C00E7
:101AF0000E25495F0CF093FD002803DB636D1B1876
:101B0000636570BDA389024A1340A381F9E7C0460B
:101B1000FFEFFFFF00207047F8B50C001F000C23FB
:101B2000C95E05001600CB050AD40A4B32001940E5
:101B30002800A1810E23E15E3B000CF077FDF8BD8B
:101B40000E23E15E002202230CF06EFD0C23E15E09
:101B5000EBE7C046FFEFFFFF70B50C000E25495FB5
:101B60000CF062FD431C07D08023A2895B01134364
:101B70001BB26065A38170BDA389024A13401BB2EA
:101B8000F8E7C046FFEFFFFF10B50E23C95E0CF06B
:101B90004FFD10BD0B1F1B68181F002B00DB70478B
:101BA0000B58C018FBE7C046F0B50500830749D0C5
:101BB000541E002A45D003000326CAB202E00135B4
:101BC000013C3ED301332A703342F8D1032C30D983
:101BD000FF220A401502AD182A04AD180F2C34D983
:101BE0002700103F3F093E01B4461E001A00103680
:101BF0006644156055609560D56010329642F8D104
:101C000001373F01DB190F270C22274022403C00FF
:101C1000002A0ED03E1FB608B400A4461A001C1DB0
:101C2000644420C2A242FCD103240136B6009B19B1
:101C30003C40002C05D0C9B21C19197001339C42DC
:101C4000FBD1F0BD03001400C0E72700E2E7C04667
:101C500030B5032A1AD90B0003439B0711D0551E38
:101C6000002303E05A1C9D4213D01300C25CCC5CDD
:101C7000A242F7D0101B0DE0043A04300431032ACD
:101C800004D904680B689C42F6D0E8E7551E002A88
:101C9000E6D1002030BDC046002243088B4274D3F9
:101CA00003098B425FD3030A8B4244D3030B8B425D
:101CB00028D3030C8B420DD3FF22090212BA030C66
:101CC0008B4202D31212090265D0030B8B4219D347
:101CD00000E0090AC30B8B4201D3CB03C01A524167
:101CE000830B8B4201D38B03C01A5241430B8B42AF
:101CF00001D34B03C01A5241030B8B4201D30B0398
:101D0000C01A5241C30A8B4201D3CB02C01A5241BE
:101D1000830A8B4201D38B02C01A5241430A8B4281
:101D200001D34B02C01A5241030A8B4201D30B026A
:101D3000C01A5241CDD2C3098B4201D3CB01C01A84
:101D4000524183098B4201D38B01C01A524143098E
:101D50008B4201D34B01C01A524103098B4201D37C
:101D60000B01C01A5241C3088B4201D3CB00C01AE9
:101D7000524183088B4201D38B00C01A5241430861
:101D80008B4201D34B00C01A5241411A00D2014686
:101D9000524110467047FFE701B5002000F0F0F80F
:101DA00002BDC0460029F7D076E7704703460B43D3
:101DB0007FD4002243088B4274D303098B425FD344
:101DC000030A8B4244D3030B8B4228D3030C8B4270
:101DD0000DD3FF22090212BA030C8B4202D3121256
:101DE000090265D0030B8B4219D300E0090AC30B2B
:101DF0008B4201D3CB03C01A5241830B8B4201D3D8
:101E00008B03C01A5241430B8B4201D34B03C01AC0
:101E10005241030B8B4201D30B03C01A5241C30A38
:101E20008B4201D3CB02C01A5241830A8B4201D3A9
:101E30008B02C01A5241430A8B4201D34B02C01A93
:101E40005241030A8B4201D30B02C01A5241CDD238
:101E5000C3098B4201D3CB01C01A524183098B4283
:101E600001D38B01C01A524143098B4201D34B016C
:101E7000C01A524103098B4201D30B01C01A5241CF
:101E8000C3088B4201D3CB00C01A524183088B4256
:101E900001D38B00C01A524143088B4201D34B003F
:101EA000C01A5241411A00D20146524110467047B1
:101EB0005DE0CA0F00D04942031000D340425340B6
:101EC00000229C4603098B422DD3030A8B4212D376
:101ED000FC22890112BA030A8B420CD389019211A8
:101EE0008B4208D3890192118B4204D389013AD0E5
:101EF000921100E08909C3098B4201D3CB01C01ABA
:101F0000524183098B4201D38B01C01A52414309CC
:101F10008B4201D34B01C01A524103098B4201D3BA
:101F20000B01C01A5241C3088B4201D3CB00C01A27
:101F3000524183088B4201D38B00C01A5241D9D23F
:101F400043088B4201D34B00C01A5241411A00D2C0
:101F50000146634652415B10104601D34042002BBC
:101F600000D54942704763465B1000D3404201B53B
:101F7000002000F005F802BD0029F8D016E77047F0
:101F80007047C046F0B5CE469946030C9C461304F4
:101F900047461B0C1D000E0061460404240C80B54E
:101FA0000700100C4B436543414360432C0CC018A1
:101FB00024188C46A34203D980235B029846C4446C
:101FC000494679435643230C2D042D0C891963444B
:101FD00024046019C918C0BCB946B046F0BDC0465B
:101FE00002B4714649084900095649008E4402BCB2
:101FF0007047C04602B4714649084900095C49006F
:102000008E4402BC7047C04603B471464908400084
:102010004900095E49008E4403BC704703B4714611
:10202000490840004900095A49008E4403BC7047E2
:10203000844608006146FFE71FB500F0E1FA00287A
:1020400001D40021C8421FBD10B500F069FA40421A
:10205000013010BD10B500F0D3FA002801DB0020DC
:1020600010BD012010BDC04610B500F0C9FA00280F
:1020700001DD002010BD012010BDC04610B500F0EC
:1020800077FA002801DC002010BD012010BDC046F9
:1020900010B500F06DFA002801DA002010BD012013
:1020A00010BDC0461C2101231B04984201D3000C23
:1020B00010391B0A984201D3000A08391B099842BB
:1020C00001D30009043902A2105C40187047C046D1
:1020D00004030202010101010000000000000000F1
:1020E000002B11D1002A0FD1002900D1002802D0E5
:1020F0000021C943080007B4024802A14018029019
:1021000003BDC0467DFEFFFF03B4684601B50298DB
:1021100000F024F8019B9E4602B00CBC7047C046FC
:1021200070B500220C4B04000D0002F043FA0028A9
:1021300004D12000290002F033F970BD064B0022C3
:102140002000290001F0F4FC02F02AF980231B068C
:102150009C466044F1E7C0460000E041F0B55746B8
:102160004E464546DE46E0B504000D0092469946CF
:1021700083B08B4230D82DD04946504602F024FA25
:1021800029000600200002F01FFA331A9846203B6F
:1021900034D49B4653465A46934042461F0053460A
:1021A00093401E00AF423BD8AF4200D179E05B467E
:1021B000A41BBD41002B00DA76E000220023009230
:1021C000019301235A4693400193012342469340D1
:1021D000009329E08242CFD900220023009201938C
:1021E0000C9B002B01D01C605D600098019903B02E
:1021F000F0BCBB46B246A946A046F0BD42469B464F
:1022000020239B1A5246DA40414613004A468A4030
:10221000170042461F43534693401E00AF42C3D9A6
:1022200000220023009201934346002BD8D0FB07E5
:1022300072081A4346467B080EE0AB4201D1A24227
:102240000CD8A41A9D41012024196D410021013EA2
:1022500024184D41002E06D0AB42EED9013E241980
:102260006D41002EF8D1009801995B460019694133
:10227000002B24DB2B005A464646D3402A001C0084
:10228000F2405B461500002B2ADB26009E403300FF
:1022900026004746BE403200801A994100900191C5
:1022A0009EE7A342BCD882E74246202300219B1A26
:1022B0000022009101920122DA40019285E7424614
:1022C00020239B1A2A0046469A402300F3404646A4
:1022D00013432A001C00F2405B461500002BD4DAA1
:1022E000202342462F009B1B97402600DE403B00E8
:1022F0003343CDE7F0B546464F46D6464502C0B516
:10230000C30F470098460E1C6D0A3F0E5BD0FF2F8F
:1023100021D08023ED00DB041D43002399469A461B
:102320007F3F74027300640A1B0EF60F002B20D04F
:10233000FF2B43D080220020E400D20414437F3BD3
:102340004246FF1A4B4672400F2B00D99DE071495F
:102350009B00CB589F46002D5AD108239946063B37
:1023600074029A467300FF27640A1B0EF60F002BB7
:10237000DED1002C3BD1012342464946724019432D
:102380000E2918D86448890041588F465346022BBD
:1023900000D1B8E0032B6ED042462C00012B40D177
:1023A00000200024C0052043D2071043E0BCBA46F9
:1023B000B146A846F0BDFF200024F3E7002C20D151
:1023C0000223FF3FD8E7002D05D104239946033BA4
:1023D00000279A46A5E72800FFF764FE7627431FEB
:1023E0009D4000237F4299469A463F1A99E7200074
:1023F000FFF758FE431F9C4076235B421B1A0020C8
:102400009EE703234A461A4391460320FC3397E78D
:102410000C239946093BFF279A4682E703282CD0D4
:10242000320038007F30002847DD630704D00F23D7
:102430002340042B00D00434230103D53800374B4C
:1024400080301C40FE28B6DCA401640AC0B2A9E7B3
:1024500080240022FF20E403A4E78023DB031D4245
:1024600001D01C420BD08024E4032C43640242467A
:10247000FF20640A96E746462C008023DB031C43BA
:1024800064023200FF20640A8CE76D01600185421E
:102490002DD21B230024013F0126290064006D007A
:1024A000002901DB854201D32D1A3443013B002B67
:1024B000F3D16B1E9D412C43B3E701231B1A1B2B49
:1024C00000DD6DE721009E37D940BC400B00611E46
:1024D0008C412343590704D00F211940042900D00F
:1024E0000433590113D49B0100205C0A5AE71A23D4
:1024F00001242D1AD0E7981E434258414042320031
:102500000024C0B24EE74246FF2000244AE70120E3
:10251000002447E7E80D0100280E0100FFFFFFF748
:1025200070B542004E024C0045026D0A120EC30FF8
:10253000760A240EC90FFF2A10D0FF2C0CD00120E0
:10254000A2420AD1B54208D18B420FD0002A04D151
:102550002800431E984100E0012070BD0120FF2C9F
:10256000FBD13543F9D14B401800F6E70020F4E7E2
:1025700030B5420044024D02C30F4800640A120EF7
:102580006D0A000EC90FFF2A18D0FF280AD0002AB2
:102590001ED100280AD1002D29D0002C2DD14800B1
:1025A000013830BD002D25D1002A01D1002CF6D0F4
:1025B0008B4219D001205B421843F2E7002C19D15D
:1025C000FF28F7D1002D15D100208B42F2D1E8E78A
:1025D0000028EFD08B42EDD18242EBDC04DBAC4231
:1025E000E8D80020AC42DCD258000138D9E7002CF2
:1025F000D7D0DFE702204042D3E78B42DAD1EEE7C3
:1026000030B5420044024D02C30F4800640A120E66
:102610006D0A000EC90FFF2A17D0FF280AD0002A22
:102620001BD100280AD1002D1DD0002C2DD148002F
:10263000013811E0002D0ED1002A01D1002CF6D076
:102640008B420CD15800013806E0002C03D1FF2842
:1026500005D1002D15D0022030BD002806D1012063
:102660005B421843F8E7002CF6D0F8E78B42F6D12E
:102670008242F4DCE6DBAC42F1D80020AC42EBD283
:10268000E0E700208B42EAD1E6E78B42E7D1F2E7B0
:1026900070B5002812D0C317C5185D40C40F2800BC
:1026A000FFF700FD9E231B1A962B0FDC082838D05D
:1026B000083885406D026D0AD8B202E0002400207F
:1026C0000025C0052843E407204370BD992B14DC86
:1026D000421F95402A001549114055071CD00F256F
:1026E0002A40042A18D00431CA08490115D59F236D
:1026F0005202181A550AC0B2E3E7020029001B3241
:1027000091404A1E91410522121AD5402A000A43DF
:10271000064911405507E2D1CA085202550AD8B2FB
:10272000CFE76D026D0A8E30CBE7C046FFFFFFFB9F
:10273000F0B54F464646D646C0B50D0382B000926E
:1027400001934E00C300CC0F690A450F9C46009AC6
:10275000019B0D435F001903D80F009B490A5B0FD3
:102760001943009B760D7F0DDA00F31B844258D08D
:10277000002B13DD002F00D088E00800104300D1AB
:1027800059E1581E012B00D1C2E2B14FBB4200D12A
:1027900041E1382800DD6AE2030064E1002B00D14A
:1027A000B1E0BB1B002E00D0E1E164462C4300D118
:1027B00076E25C1E012B00D1E8E2A54EB34200D1C7
:1027C000B7E2382C00DC6BE3541EA2429241524225
:1027D0008D1AA0461E0004002A0268D443461F1D1D
:1027E00047459B415B42ED182B0200D49DE3984A7C
:1027F0000136964200D1EBE0964A73052A405B0D04
:102800005107FF0852020F43120B1B051343E40745
:1028100023433800190002B0E0BCBA46B146A846CE
:10282000F0BD002B00DCD7E0002F00D09AE00800BC
:10283000104300D1FFE0581E012B00D148E2844F25
:10284000BB4200D1E7E0382800DCB8E28022120465
:10285000154200D149E31E000023150098467C4B29
:1028600001369E4200D1B3E07A4B01211D40434620
:102870005A081940EF070A4317436D087B07B3D086
:102880000F233B40042BAFD0B846A7E770488642E1
:1028900000D1C0E0382B00DCE2E001235B4263445E
:1028A0009C45804140422D1A98462B0296D5012323
:1028B0005B429846684D2800FFF7F4FB0300083B95
:1028C00020214046CA1AD040020040469D40984010
:1028D0002A438046B34200DA72E1981B4346013036
:1028E000091A45468B40C5405E1EB34117008F4014
:1028F0002B431F43C2403B00150000261343BDD1AC
:102900000027002281E7554F731C3B4200D01BE19A
:1029100063460F002B431743002E00D0C4E1002B69
:1029200000D145E2002F00D107E163469B1A98468B
:10293000C445B6416B1A76429B1B8026360433424F
:1029400000D1CBE26346D31A9A4292411F00491B41
:1029500052428A1A9C46174300D0EDE2040000233D
:10296000002252E73A48864255D0382B00DD48E134
:102970008020000401431F2B00DDE3E12027F81A2B
:10298000824608005746B840814610004F46D8405E
:10299000074338005746BA40D940571EBA416D1810
:1029A000104360448046E045804140422D182B0290
:1029B00000D554E743465B0700D1B9E20F234246F6
:1029C0001340042B00D009E733004246D20834E01C
:1029D00033000022002718E7002B00D18FE0BB1B3B
:1029E000002E00D033E16046284300D140E2581E5B
:1029F000012B00D10AE2164EB34200D185E23828FD
:102A000000DC87E280252D04294200D19CE21E00D3
:102A10000023984623E763466E07D8080643ED086F
:102A200037002F4311D0802212032A4312033700AC
:102A3000074B120BE9E66246D2086E071643044ABA
:102A4000ED089342ECD03700D6E0014B0022DCE6E3
:102A5000FF070000FFFF7FFFFFFF7F00FE07000072
:102A60008020000401431F2B00DDB1E02027F81A6D
:102A7000824608005746B840814610004F46D8406D
:102A8000074338005746BA40D940571EBA416D1A1D
:102A9000104363461B1A9C458041984640422D1ABC
:102AA0002B0287D56D026D0A002D00D003E740464A
:102AB000FFF7F8FA030018331F2B00DC00E742464B
:102AC000083882409E4200DD91E09B1B581C1F2865
:102AD00000DCF8E117001F3BDF40202805D0402331
:102AE0001B1A9A40531E9A411743002F3CD00026D0
:102AF0007B0700D0C4E63500B846330065E7CB4815
:102B0000731C034200D085E063462B43002E00D0A7
:102B100092E10F001743002B00D1D8E1002F0CD019
:102B20006244624580416D1840422D182B0200D549
:102B3000F2E1170094462F4316D063466F07D8087A
:102B400007430023ED0857E063469B1A9846C445A7
:102B5000BF416B1A7F42DB1B1F0200D5AEE0474628
:102B60001D001F43A0D10024002300224DE6B04CDD
:102B7000A74200D1DDE0382B00DD85E0802424046D
:102B800025431F2B00DDECE02026F41AA1462C0083
:102B90004E46B4406646DE403443A04666464C4648
:102BA000A640DD40741EA6414446491B3443131B16
:102BB0009A4292415242984604003E008D1A6FE7B5
:102BC000F61A03009B4D15405B0700D0F6E6FBE6C6
:102BD00018000F002038C740202B03D04020C31A14
:102BE00099400A43531E9A411000384351E79149D6
:102BF000F31A0A405707D5082A035B05120B5B0D31
:102C000003E680231B041D4200D1BBE01D0000230E
:102C1000984624E68648834200D1DAE6624462455B
:102C20008041691840420918C8075208104380467D
:102C30004D08520705D00F221E000240042A00D082
:102C4000CCE542466F07D20817430D09D4E7784810
:102C5000874200D1D5E0382B00DCB2E080252D047E
:102C6000294200D14CE100233E009846F7E50122BD
:102C7000524262449445804140422D1A90461E00C3
:102C80002A0200D513E6A9E5531E9A429241524208
:102C90008D1A984604003E002B0200D507E69DE5FC
:102CA00004000D00D208C8E6002B00D0E3E0002F9E
:102CB0003FD1802200245E4B1203A6E56346D31A5F
:102CC0009A4292414D1B524298460400AD1AEBE6DF
:102CD00062441600664580416A1840421218130289
:102CE00000D49DE0534973080A40D107194357089F
:102CF0005B0700D1FEE00F230B40042B00D1F9E06D
:102D00000B1D98468845AD416D420223ED195CE6E6
:102D100063469B1A9C4580416D1A40422D1A984685
:102D20002B020DD443466F07DB081F43ED08012338
:102D300062E74E07D20804001643CD0870E604008F
:102D40000126AFE618000F002038C740202B03D023
:102D50004020C31A99400A43531E9A411000384339
:102D60001FE61C002E00203CE640202B05D040240E
:102D7000E31A9D4063462B439C466446631E9C4178
:102D8000344314E701236344984627E56346D31A86
:102D90009A4292414D1B5242AD1A98462B02CED414
:102DA00043466F07DB081F4304000123ED0823E7B8
:102DB000002F00D1D7E604000D009446BDE60300C5
:102DC000D9E58020000405431F2B6BDC2020C01AAE
:102DD000804628004646B0406646DE400643B1467F
:102DE00060464646B040DD40461EB0414E46491959
:102DF0003043804690449045924152423E005518DF
:102E0000D5E54E07D2081643CD0809E663469E185D
:102E100096429241691852428A18130200D561E71E
:102E20005707F60801233743D508E5E6FE070000FB
:102E3000FF070000FFFF7FFF002BE2D06346DE08A4
:102E40006B071E430B00ED08134300D1E8E5802318
:102E50001B031D4206D0C808184203D10500D6083E
:102E600049070E43730FF600F6085B071E43D7E5CC
:102E70000D00D208E1E56346DE086B071E43ED084E
:102E8000002F00D1CCE580231B031D42EAD0CF08E0
:102E90001F42E7D1D608490704003D000E43E1E791
:102EA00023006EE618002E002038C640202B05D0E7
:102EB0004020C31A9D4063462B439C466046431EF8
:102EC0009841304395E720210023091A0EE500239D
:102ED000002F00D1BAE50D00904676E547461F4326
:102EE00000D140E61D00C44627E601226244904618
:102EF0001E0073E4C9087F0702230F4315097BE610
:102F0000531C98460D003E0068E4D6084B071E434C
:102F1000CD0885E5030057E7114BD2082B405F072A
:102F200017435A02120B01236FE43300B8464CE5F5
:102F30004346DA08330080E532420AD0084B0400E9
:102F40001A40674601235BE4013290460D001E00E3
:102F500044E4DB0857071F4304000023D5084BE671
:102F6000FFFF7FFFF0B5DE46454657464E46E0B5CB
:102F700087B0009201930B031B0B9B46CA0F4B00BB
:102F8000040080465B0D029200D1BFE08F4A93425D
:102F900038D05946420FC9000A4380210904114321
:102FA000C20090468A4A894692469A4400230024E9
:102FB0000393009E019F3B031B0B7A0030009B464E
:102FC000520DFD0F002A00D17FE0804B9A426ED057
:102FD0005946730FC9000B438021090419438B46DE
:102FE0007B49F3008C46514662448A1A924600217E
:102FF000029E6E40F6B20F2C00D9F9E0754AA4008B
:10300000125997465A460243914600D0B6E09A4676
:103010000223904608240393CBE72E0000210023CF
:10302000002288461B051343F60733434046190028
:1030300007B0F0BCBB46B246A946A046F0BDCB46A1
:103040004346029D0399022900D1FAE1032900D1E8
:10305000A1E00129E1D0604A524490464446002C48
:1030600000DC00E25A0704D00F221A40042A00D0E4
:103070007FE22E00DA085B46DB0106D55946574B46
:10308000802419408B46E4005444554B9C4209DC93
:103090005B465B07134398465B4664055A02120B76
:1030A000630DBFE7002100228846484BBAE75B4624
:1030B000009A13434B4A9446E244002B59D1022212
:1030C000144300220221934692E75B46009A134381
:1030D00049D05B46002B00D1A4E15846FEF7E2FF41
:1030E000030002000B3B1D27009EFB1A11005846EF
:1030F000DE4008398840330003439B46009B8B40E9
:10310000394952448A460021924471E75B460343A1
:10311000994621D05B46002B00D171E15846FEF75D
:10312000C1FF0B235B429C460200844466461D237C
:103130009B1B260011005846DE40083988403300AA
:103140000343994623008B409846284B00249B1A42
:103150009A46002303932CE7002398469A460133AE
:103160000424039325E701221443002201219346FE
:103170003EE7032303211C43330039E79A46032328
:10318000D9460C24039314E7002380229846002696
:103190000E4B120346E78022594612030A431203DC
:1031A00098462E00094B120B3CE780224946120339
:1031B000114202D059461142F0D080224B461203F0
:1031C0001A431203029E014B120B2BE7FF0700006C
:1031D00001FCFFFF640E0100FF030000FFFFFFFE84
:1031E000FE07000001F8FFFFF30300000DFCFFFFE6
:1031F000CB4500D2FAE000D1F5E0012252429446DC
:103200000022444648469046E2445A461F0E1202A7
:103210001B020293130C994617433B041B0C4946AF
:103220000093FEF7BFFD009A0B044243210C0500FA
:1032300019438A4207D9C919013D8F4203D88A42EE
:1032400001D9851EC919881A4946FEF7ABFD009AB7
:10325000240442430904240C03000C43A24204D971
:10326000E419013BA74200D8F7E00299A01A2D0407
:103270000C0C09041D43090C2A0C2B04AB460D0051
:103280001B0C5D43059163435143049462435B18F7
:103290002C0CE318994203D9802149028C466244E0
:1032A000190C2D041B042D0C8A185D19904200D2B4
:1032B00087E000D182E043465D1BA8459B41801A10
:1032C0005B42C01AB14B534498461C00874200D160
:1032D0000CE14946FEF766FD0200009B03905A434D
:1032E0000B04290C19438A420AD90300C919013B6E
:1032F00003938F4204D88A4202D9831E0393C919CB
:10330000881A4946FEF74EFD0A00120494462A0424
:1033100065460099120C414303002A43914207D9A4
:10332000D2190138974203D8914201D9981ED21977
:10333000039B521A1B0403430598190C05008C4685
:103340001904090C4D43894661460095654648437A
:1033500004994D43AC464D464D432918009D2D0C14
:10336000A9464944884203D9802040028146CC4482
:10337000009D080C2D0409042D0C60444D19824257
:103380000FD30BD001221343814A92456CDB1A1DE7
:103390009A429B415B42D2089B446CE6002D00D1CF
:1033A00093E0591EBA188C46BA4200D285E0824298
:1033B00000D2C7E000D1D5E00B00E3E7A84500D379
:1033C00079E75B46591E029B9C46E0441C009845E9
:1033D0009B415B42DB19C018874238D2824278D8C1
:1033E00075D08B4667E7434500D906E74A46D407C0
:1033F00050084246520814434246D207904604E71A
:10340000FEF750FE15239C4684440200634620329A
:103410001C2B00DC8AE623000838834099460023F1
:10342000984692E6FEF73EFE030002001533203276
:103430001C2B00DC57E600990838814000238B469E
:103440005EE600212E0000228846524BEAE58742C4
:10345000C7D14445C2D98B462DE7A24200D804E724
:10346000831EE41901E72E0001224146521A382A30
:1034700000DDD3E51F2A3FDC47481C005044594675
:1034800083408140D440581E834121430B43594619
:10349000D1400A00590709D00F211940042905D04D
:1034A000191D99429B415B42D2180B00110268D54D
:1034B0000021012300228846B4E50B00824200D09F
:1034C00060E7029A954200D05CE73500C6E54545C5
:1034D00087D902235B429C46029BE3449C46E0441E
:1034E00098459B415B42DB19C018E4E6002B36DDB2
:1034F000012300229B44BEE51F2140464942091A90
:103500005846C8400100202A04D05846234A524455
:10351000904003435A1E934107200B4301000022B1
:103520001940184209D00F21194004291FD0181D35
:1035300098428941030049424907DB080B439846FA
:1035400000236FE50299023B49008C4602998C45A5
:1035500089414942C919521861460291AEE70123D7
:103560005B4281E70299A942ECD36346A9E70021B7
:10357000E3E71A1D9A429B415B422E00D2089B440E
:1035800079E551075202120BD7E7C046FF0300004E
:1035900002FCFFFFFF0700001E0400003E040000C5
:1035A000F0B557464E464546DE46E0B51F000B03D4
:1035B0001B0B16009846CA0F4B000400924685B0BC
:1035C0005B0D00D1C2E1CC4A934200D128E14146D3
:1035D000420FC9000A43802109041143C2009146E9
:1035E000C64A884693469B440023002501933C032A
:1035F0007A00FB0F3000240B520D009300D185E1BF
:10360000BD4B9A4200D160E1BC4B9C46624493445E
:103610000A2D00DD14E1730FE4001C4380231B041A
:103620002343F0005246009900264A409246022D5C
:1036300011DD0122AA40A6211400C9000C400A4253
:1036400000D0FDE0902189000A4200D0D4E1882119
:10365000114200D0EFE049464A460904140C090C17
:10366000020C0F0015000004000C65434743019550
:10367000B9462F000D0006005543AC464D46664343
:103680002D0CB4446544AE4205D93E0080277F022C
:10369000BC46664401964F463F043F0C2E0C2D0459
:1036A000ED1902951D0C1B041B0C00951D001F003D
:1036B00065434F43AC46009D69436C433D0CA946AE
:1036C000614449448C4503D980256D02AC4664446D
:1036D0003F040D0C3F0C0904C919AC46751803953D
:1036E00045462E04360C2F0C350045437843804662
:1036F00038006444AC462D0CA94650437243424402
:103700004A44904503D980256D02A8464044150CD3
:10371000A84665462D042D0CAC4635005D431204C9
:103720006244AC467B43009D404498462B006E4368
:1037300065467B4346442D0CAD191F000093A845F8
:1037400004D980235B02984647440097039B019E5F
:1037500098462B044644984663468E4289411B0492
:103760001B0C4344B61849421B195F1896429241FC
:10377000BC465242804691468C458941A3429B41BA
:10378000E044C14449425B42914592410B4380452C
:1037900089412D0C494252420A435B199B18009AF9
:1037A000029994464A4663445B02D20D1A439046FE
:1037B00072020A43511E8A41F60D16434A465202CE
:1037C0001643B146DB0154D44D4A5A44002A00DC6A
:1037D00018E133005B0715D00F215B463140042907
:1037E00010D04946081D48458941814649428844D0
:1037F0004146C90106D54146424A114080228846C9
:10380000D2009A18404B9A4200DD2BE141464B46CC
:103810004C07DB081C4352054B021B0B520D1AE0F0
:1038200042460243914600D0E0E09B460223904688
:1038300008250193DBE6009A984692468146019658
:10384000019B022B00D10DE1032B35D0012B1BD1A5
:1038500000220023002412051A435346DB071A43B3
:103860002000110005B0F0BCBB46B246A946A046F8
:10387000F0BD01227308324013434246D20713437E
:10388000994643465B08984680225B46D2005A44DC
:103890000133002A00DCB6E049464907A8D00F21D1
:1038A0004846014004299CD1A2E70F2D00D1FDE03C
:1038B000009BA0469A46B146802342461B03134311
:1038C0001B034C460C4A1B0BC5E70B4933008C46C7
:1038D0002343E344002B77D1022129430A29AFDC9B
:1038E0005046009C60408246002D00D10EE10D0044
:1038F000002002269DE6C046FF07000001FCFFFFF6
:10390000FF030000FFFFFFFEFE070000230033431C
:103910004BD0002C00D1BBE02000FEF7C3FB03001E
:1039200002000B3B1D20C31A3000D84011000300D9
:10393000300008398C408840234359468A1A784918
:103940008B4693440A2D00DC6CE679E7434603433B
:10395000994623D04346002B00D187E04046FEF72E
:10396000A1FB0B235B429C460200844411004046AD
:10397000083988401D23804660461B1A2000D84025
:10398000030040460343984623008B409946644B0E
:1039900000259B1A9B460023019328E600239846A6
:1039A0009B4601330425019321E6012215430A2D8C
:1039B00000DD45E7524600994A409246022D00DC60
:1039C00046E70020012634E603231D430A2D00DDCF
:1039D0006BE75346009A882153400122AA409A4639
:1039E00003262300114200D135E624E79B4603233A
:1039F00081460C250193FAE500239A468023494A23
:103A00001B0328E75B460121891A382900DD1FE7DF
:103A10001F295ADD1F204042821A4046D0402029EB
:103A200008D0414A9446424663449A4013004A46AD
:103A30001A4391464A460721531E9A410C000243FD
:103A400000231440114209D008311140042960D0EC
:103A5000111D9142A4410A0064426407D208144334
:103A60000022F8E6002300242E4AF4E6FEF71AFBB3
:103A700015239C4684440200634620321C2B00DC44
:103A800074E70023994623000838834098467EE770
:103A9000FEF708FB03000200153320321C2B00DC6C
:103AA00040E7330008388340002046E78023424641
:103AB0001B031A4200D1FFE61C4200D0FCE6009A2C
:103AC000234392463400174AC5E6184A40469446B6
:103AD0004A4663449840CA4010434A469A40531E9F
:103AE0009A4143460243CB40510709D00F21114070
:103AF000042905D0111D9142924152429B180A009F
:103B0000190208D5012200230024A4E60023002482
:103B1000A1E60024A2E75C075B021B0B9EE7C04600
:103B20000DFCFFFFFF0700003E0400001E04000024
:103B3000F0B54E464546DE465746E0B583B00090A8
:103B400001910D034E000199760DCC0F690A009D7D
:103B50006D0F0D43009900920193C8001903019B5A
:103B6000CB4A5B005B0D9946019B8346DB0F984671
:103B70004B0A0099490F1943009BDB009C469A466B
:103B8000914500D173E0012347465F404B46B8465C
:103B9000F31ABC4216D0002B00DC9AE24F46002FED
:103BA00000D082E067460F4300D13AE15F1E012B4F
:103BB00000D1A4E2934200D12EE1382F00DD43E290
:103BC0003B003EE1002B00DCD7E24F46002F00D047
:103BD000F8E067460F4300D123E15F1E012B00D1BF
:103BE00057E2934200D117E1382F00DC04E3802232
:103BF0001204154200D1AAE31E0015000027A44BB1
:103C000001369E4200D103E10122A24B3A401D4001
:103C100079081143EA070A436D08530709D00F23B7
:103C20001340042B05D017003A1DBA42BF417F4212
:103C3000ED192B0200D477E3954901368E4200D16D
:103C4000E6E0944973050D405B0D6907D2086D02EB
:103C50000A432D0B1B052B43E407234310001900D7
:103C600003B0F0BCBB46B246A946A046F0BD8A4BA5
:103C7000F21863460B434CD0444550D0002A6CD018
:103C8000002E00D17DE1634644464F07DA08174312
:103C9000C8083A00024300D1CDE080252D0305433A
:103CA0002D033A007A4B2D0BD4E7964200D1B3E0B6
:103CB000382B00DCC2E0471EB842804140422D1A3A
:103CC0002B02B1D50127754D7F422800FEF7EAF996
:103CD0000838202339001A1A8540D14087402943EB
:103CE000B04200DA45E1801B01301B1A3D009F40C5
:103CF000C5407A1E97410A009A402F433A43C1407B
:103D000013000D0000260B4300D086E7002200259B
:103D1000A0E7474601235F40B8464445AED1002A9C
:103D200000D1EFE0002E00D088E14B462A0002438C
:103D300000D1A0E25A1E012B00D1B7E2544EB3428B
:103D400000D17BE1382A00DC12E380252D042942D2
:103D500000D112E31E00002751E7514A731C1342A1
:103D600000D0F4E062462B000A430343002E00D04B
:103D700074E1002B00D123E2002A00D1E0E0634689
:103D8000C71AB842924180266B1A52429B1A3604D7
:103D9000334200D1C1E26346181A844592414D1B5B
:103DA0005242AD1A0124020043462A431C40002A15
:103DB00000D1DBE0354200D1E9E2364B02001D4084
:103DC000012342E7964227D0382B00DD11E1802203
:103DD000120411431F2B00DDA1E120220F00D21A93
:103DE000914697406246DA401743B84662464F46CE
:103DF000BA40D940571EBA4147466D1817433F187D
:103E00008742804140422D182B0200D5F7E634E06E
:103E10003300002500221DE7C0086F070743E808AC
:103E200037E7C7086A071743194AE808934200D1E1
:103E30002FE73A00D8E0164B00250BE7802212044A
:103E400011431F2B00DDB7E020220F00D21A91464C
:103E500097406246DA401743B84662464F46BA403A
:103E6000D940571EBA4147466D1A1743C71BB8427F
:103E7000804140422D1A2B0216D47B0700D179E2F3
:103E80000F233B40042B00D0CEE63300FF08C9E7E8
:103E9000FF070000FFFF7FFF01F8FFFFFFFF7F002C
:103EA000FE070000444601266D026D0A002D00D079
:103EB0000BE73800FEF7F6F8030018301F2800DC87
:103EC00007E73900083B9940864200DD87E0831B05
:103ED000581C1F2800DC14E20A001F3BDA4020288F
:103EE00005D040231B1A99404B1E99410A43002AD2
:103EF0003CD00026530700D091E617003500330070
:103F0000FF088FE7CA4A731C13427AD12B00034380
:103F1000002E00D092E162460A43002B00D1F4E16A
:103F2000002A0DD06346C718874280416D18404271
:103F30002D182B0200D512E23A00BB462A4315D0B9
:103F40005B466A07DF083A430023E8084CE0634613
:103F5000C71AB84292416B1A52429B1A1A0200D5F4
:103F600087E03A001D001A43A0D100240023002559
:103F700070E6B04D361A0D407B0700D080E7330065
:103F800084E74B462A0002437ED05A1E012B00D103
:103F90001FE1A94CA34200D198E1382A00DC9CE142
:103FA0006246571EBC45924152428D1A44461E003D
:103FB0002A0200D586E637E61A000F00203AD740DD
:103FC000B846202B05D04022D31A994063460B43B4
:103FD0009A4657467B1E9F4143461F4346E7954AF4
:103FE000331A11404A07C80805035B052D0B5B0D0A
:103FF00030E680231B041D4200D1FBE01D0000279A
:10400000FDE58D4A934200D103E762468218824261
:104010008041691840420818C707520817434508ED
:10402000520700D4AEE10F221E003A40042A00D00D
:10403000FAE5FF086A073A430009D5E763464F07E8
:10404000DA081743C80824E6471EB84280414042B8
:104050002D1A1E002A0200D534E6E5E5002B00D01B
:104060000DE1002A00D069E180250024724B2D0368
:10407000F0E563461F1ABC459241012443464D1B9F
:104080005242AD1A1C4011E7624644460D00D70863
:10409000C8E66346C618864280416918404209183E
:1040A0000B0200D40CE1634B70081940CB070343AB
:1040B0004A08400700D43BE10F201840042800D1F3
:1040C00036E11F1D9F42AD416D420223AD18FF082E
:1040D000A8E6002B00D140E64B469B1B002E00D1EA
:1040E00050E7382B2EDD63465F1EBC45924152429D
:1040F0008D1A44464E462B0200D5E3E594E563460F
:10410000C71AB84280416D1A40422D1A2B0200D5C1
:10411000C9E66A07FF0801233A43E80864E71A0082
:104120000F00203AD740B846202B05D04022D31AA2
:10413000994063460B439A4657467B1E9F41434630
:104140001F435CE680223C00120415431F2B26DC33
:1041500020222F00D21A060090409740DE40421ED7
:104160009041DD4037430743491B6346DF1BBC4595
:10417000924152424E468D1A7DE6002B00D1C1E697
:104180004B469B1B002E00D1D0E5382B36DD802519
:104190002D04294200D1DDE04E4600272FE51A000C
:1041A0002E00203AD640202B05D04022D31A9D4025
:1041B0002F000743BB465F467B1E9F413743D4E732
:1041C000002A00D1D1E6012443460D00E3461C40FD
:1041D000B6E663461F1ABC4592414D1B5242AD1ACA
:1041E0002B0200D55EE66A07FF08444601233A43E6
:1041F000E808F9E6471C17E53B00EBE580221204CE
:1042000015431F2B6CDC20222F00D21A0600904091
:104210009740DE40421E9041DD4037430743491935
:1042200067446745924152424E465518ECE5C046F8
:10423000FE070000FFFF7FFFFF070000002B00D1FB
:10424000FCE6C7086B071F436346E8080B4300D131
:104250001FE580231B03184207D0CA081A4204D165
:1042600063461000DF0849070F437B0FFF00FF087C
:104270005B071F430DE562460D00D708D2E5C7086E
:104280006B071F43E808002A00D102E580231B03C7
:104290001842EAD0CA081A42E7D163460124DF086F
:1042A0004346490710000F431C40DEE76044604569
:1042B000924169185242891806000B0200D5F2E6B5
:1042C0004A07F60801233243C8088DE66346DF0833
:1042D0004B0744461F43C808DBE44446130035E758
:1042E0001A002E00203AD640202B05D04022D31AA7
:1042F0009D402F000743BB465F467B1E9F413743CF
:104300008EE7202300271B1AF5E40023002A00D1A2
:1043100092E567460D00FF0884E53A001A4300D194
:1043200023E61D00BB460BE617003300FF0879E5C6
:10433000DB0852071A430809022355E663460124A5
:10434000DA0843464F071743C8081C40A1E41E0083
:10435000471C69E467460D004E46013764E40F4B85
:10436000FF081D406A076D0201233A432D0B71E4DB
:10437000130046E73300FF0854E567460D001E00B2
:10438000013751E46A07FF083A4300092CE6C008E8
:104390006A0702430023E80826E6C046FFFF7FFFC6
:1043A0000B00020070B5164D0C0382B049000020CE
:1043B00000920193240B490DDE0FA94204DD114840
:1043C000814203DD104BF01802B070BD8020400325
:1043D00020430E4C641A1F2C08DD0D4B5B1AD8408D
:1043E00003005842002EEFD11800EDE7094B009A68
:1043F0009C46030061448B40E2401343F1E7C04612
:10440000FE0300001D040000FFFFFF7F33040000D7
:1044100013040000EDFBFFFF70B5002816D0C31792
:10442000C5185D40C40F2800FDF73CFE104B1B1A59
:104430005B055B0D0A2814DC02002E001532964045
:104440000B22121AD5402D032D0B03E0002400236C
:10445000002500261B052B43E407234330001900E9
:1044600070BD0B3885402D0300262D0BF2E7C046AA
:104470001E04000010B5041E10D0FDF713FE0E4BF5
:104480001B1A5B055B0D0A280FDC0B222100121A98
:10449000D14015300A038440120B01E000230022B2
:1044A0001B0513432000190010BD22000B38824069
:1044B00012030024120BF3E71E04000070B5420241
:1044C0004300C40FFE201B0E591C550A08420CD095
:1044D000E02189008C466D07120B63441B051343D2
:1044E000E40723432800190070BD002B14D1002DD0
:1044F0001BD02800FDF7D6FD0A281CDC0B232A0060
:104500001B1ADA40030015339D400E4B12031B1A91
:104510005B05120B5B0DE1E7002D09D0130B802228
:1045200012031A436D07084BD8E700230022D5E792
:104530000022054BD2E703002A000B3B9A400025DE
:10454000E3E7C04689030000FF070000844610002F
:1045500062468C461900634600E0C0461FB500F075
:10456000F5F8002801D40021C8421FBD10B500F0A5
:1045700037F84042013010BD10B500F0E7F80028D0
:1045800001DB002010BD012010BDC04610B500F0B9
:10459000DDF8002801DD002010BD012010BDC0465F
:1045A00010B500F063F8002801DC002010BD0120E8
:1045B00010BDC04610B500F059F8002801DA0020FF
:1045C00010BD012010BDC04610B5002903D1FDF774
:1045D00069FD203002E00800FDF764FD10BDC04613
:1045E000F0B55746DE464E464546E0B50D000400A0
:1045F000E80F83460903D80F090B82461A488C46F8
:104600001F0369005E00490D3F0B760D81421AD0F1
:10461000864211D00120B1420FD1BC450DD1A2423A
:104620000BD1D3451ED0002907D1614611430A00A2
:10463000531E9A41100000E00120F0BCBB46B24678
:10464000A946A046F0BD01208E42F6D1614639430D
:104650000F0017432743F0D15B465246981A431E7A
:104660009841EAE70020E8E7FF070000F0B5574669
:104670004E464546DE46E0B50D000E034900490DA5
:104680008A46DF0FE90FBC4683B02F4F04008046F7
:104690000191580019039146360B090B400DBA459C
:1046A0001DD0B8420DD05746002F2AD134430028E0
:1046B00024D10A4336D0002C41D16346580001383A
:1046C00015E0114338D15346002B01D12643F4D0D5
:1046D000019B634507D1019B5800013807E0264341
:1046E0002AD1504521D00120019B5F42384303B0BD
:1046F000F0BCBB46B246A946A046F0BD002CDCD0BB
:10470000E6E70028EFD0019B6345ECD18245EADC67
:10471000E1DB8E42E7D8DED1C845E4D80020C845A9
:10472000E5D2D8E7002CE2D0DDE7114304D1019BAC
:104730006345D8D10020DAE702204042D7E7019B49
:104740006345E6D0CFE7C046FF070000F0B5574607
:104750004E464546DE46E0B50D000E034900490DC4
:104760008A46DF0FE90FBC4683B02E4F0400804617
:104770000191580019039146360B090B400DBA45BB
:104780001ED0B8420DD05746002F27D13443002801
:1047900033D10A4334D0002C40D16346580001384D
:1047A00015E0114312D15346002B01D12643F4D01A
:1047B000019B63451DD00120019B5F42384306E009
:1047C000264303D15045F6D111431CD0022003B03B
:1047D000F0BCBB46B246A946A046F0BD0028EAD0D0
:1047E000019B6345E7D18245E5DC02DB8E42E2D8DE
:1047F0000ED0019B58000138E9E7002CCDD0D7E757
:10480000002CE4D0D7E7019B00206345DFD0D2E73E
:10481000C845D0D80020C845D9D2EAE7019B6345F6
:10482000E4D0C8E7FF0700000020044B10B51B6868
:10483000834201D01B68984710BDC046142F00204A
:10484000054B10B51B68002B04D05A69002A01D013
:104850005B69984710BDC046142F00208023074A8B
:10486000DB00D16B0B43D3630222054B19680A436B
:104870001A60012219680A431A607047001002404A
:104880000028024080220D4B1206DA67BFF34F8FDB
:10489000BFF36F8F01210A4A93788B439370802274
:1048A000084BD201196B0A431A631A6B06490A4076
:1048B0001A63DA6B0A40DA637047C04604E100E02D
:1048C0000038024000100240FFBFFFFF144B10B53C
:1048D0001A680123920606D5124B134A9B7813706F
:1048E000124A137000230024114A21001370114B47
:1048F00014221C70104B11481C70114B1C80114B62
:104900001C70114B1C70FDF74FF9142221000F4849
:10491000FDF74AF901220E4B1C800E4B1A7010BD98
:1049200000080048181100202A2A0020292A002007
:10493000462F0020452F0020442F0020302F00203C
:104940001A2F0020282A0020272A00201C2F0020B0
:10495000482F00204A2F00200122034B1A7000220A
:10496000024B1A807047C046062F0020042F0020FB
:10497000F7B5040000933F2851D100252A4805705F
:104980000325654329482E5C8E4207D145196E7870
:10499000964203D1AD78009B9D423FD003256543ED
:1049A000009B415540194270837018206043204C91
:1049B000112600192B27002407231D1B063BAB40A3
:1049C00035001A4200D03D0005550134082CF3D1C2
:1049D00003000400020011262B270F330834103285
:1049E0000193019B1D1B0123AB403500194200D0F0
:1049F0003D00257001349442F3D1040011262B2789
:104A0000183417300123811A8B40009D31001D425C
:104A100000D0390011700132A242F3D1F7BD002855
:104A2000AED101250048AAE7032F0020FC1D00207D
:104A3000181F0020F8B505000E0017000024200004
:104A40003B00320029000134FFF792FF402CF6D1E1
:104A5000F8BD000080210A4B89011A681B680B40D1
:104A6000D20403D40120002B06D0704780229B047F
:104A700012069B18980FF8E7024B1878F5E7C04626
:104A8000000400482425002000B5372827D8032833
:104A900004D8002300E00423180000BD04383328A4
:104AA000F7D8FDF79DFA4E40464640F61A404E4074
:104AB0004040F6F64E62F6F666F65450405846F61A
:104AC0004A4A4A4A4A4A4A4A4A6AF6F6F6F6F6F61E
:104AD000F6F6F6F6F6F6F6F6F6520623DCE7284B7F
:104AE000C01882B20023332AD6D83328D1D8FDF794
:104AF00077FA281A36381AD01CD02830D0D0D0D027
:104B0000283ED0D026D0D02A1A343A1ED0D0D0D2C7
:104B1000D042D0D0D0D0D0D0D0D0D0D0D0D0D0D023
:104B2000D0D0D0D022220123B6E70523B4E7072353
:104B3000B2E70823B0E70923AEE70A23ACE70C236A
:104B4000AAE70D23A8E70E23A6E70F23A4E7102367
:104B5000A2E71123A0E712239EE713239CE7142367
:104B60009AE7152398E7162396E7172394E7182367
:104B700092E7192390E703238EE702238CE7C046D0
:104B8000FCFDFFFF0A4930B50A68FF2A0EDC094B1D
:104B9000094D1B68094CD3182B4003D5084D013B28
:104BA0002B4301335B00013218530A6030BDC0460D
:104BB000F81D0020F41D0020FF000080F41B0020E1
:104BC00000FFFFFF70B506000C000025A54200DBCA
:104BD00070BD3000FFF7D6FF0135F7E770B506006E
:104BE0000C1E00DC01240025701E0E280CD8FDF7D9
:104BF00001FA080F11131515181815151B1B1D1F89
:104C000021005020FFF7BEFF0135AC42ECD170BD52
:104C10005120F7E75220F5E74F20F3E75020FF300F
:104C2000F0E7A8204000EDE74A20EBE74D20E9E758
:104C30004E20F4E7A520F5E70139CBB210B504000A
:104C40000E2B07D8111E00DC0121094A5B00985A7F
:104C5000FFF7B8FF1C20062C06D0073C631E9C41C2
:104C60001423604298431C30FF30FFF78BFF10BDC8
:104C7000E813010070B50D000C1E00DC01241C2897
:104C80000ED12E30FFF77EFF4A20FFF77BFF0F4843
:104C90002100FFF797FF83204000FFF773FF70BDEF
:104CA0004A20FFF76FFF4A20FFF76CFF0848FFF725
:104CB00069FF012D03DD0548611EFFF783FF1C20FE
:104CC000FF30FFF75FFF2A20E7E7C04651020000F0
:104CD0004D0200000B000B3B70B504000B4D012B87
:104CE00006D82B20AC4200D00948FFF74BFF70BD1F
:104CF0000139CBB20E2BF4D8111E00DC0121054A7C
:104D00005B00985AFFF75EFFEBE7C04637020000F2
:104D10002B020000E813010010B527282AD014D870
:104D20000F280CD804281ED905380A281BD8FDF7EF
:104D300061F9231A1A081A1A291A08232C001A28AA
:104D400011D11348FFF71EFF0DE0124B9842F8D027
:104D50000AD8114B984213D005D8104B98420BD06B
:104D600003339842EDD010BD0D4B984206D00D4B49
:104D70009842F8D10C48E5E70C48E3E70C48E1E736
:104D80000C48DFE794208000DCE70B48DAE7C046F8
:104D9000510200001A0200000A0200000502000091
:104DA00021020000230200004A020000520200001B
:104DB0004D0200004D0300004F02000010B51A28FC
:104DC00024D00DD8053883B20A2B15D80A2813D859
:104DD000FDF710F92912121C12121E1221252700AC
:104DE000154B984225D008D8144B98421BD003335A
:104DF00098420BD0272818D010BD114B984216D0DE
:104E0000104B984211D0104B9842F5D10F4803E057
:104E10009420800000E00E48FFF7B4FEECE70D4858
:104E2000FAE70D48F8E7D420F3E70C48F4E70C481C
:104E3000F2E70C48F0E7C0460A0200000502000055
:104E400021020000230200001A0200004F030000AC
:104E500051020000520200004F0200004A0200000E
:104E60004D0200004D03000010B50448FFF78AFE14
:104E70001C20FF30FFF786FE10BDC0464D0200002B
:104E8000812310B59B0098421BD004D8042816D06B
:104E9000122818D010BD83239B0098420BD00D4BD5
:104EA0009842F7D14A20FFF76DFE8A208000FFF775
:104EB00069FE522000E04A20FFF764FEEAE74F2037
:104EC000FAE74D20F8E74D20FFF75CFE8A208000CE
:104ED000F2E7C046120200000023064A1360536046
:104EE00093609381044A1370044A1370044A137048
:104EF0007047C046E41B0020E21B0020E11B00209D
:104F0000E01B0020030000B50B20272B11D017D881
:104F100000200F2B10D8042B0BD9581F0A2809D8B2
:104F2000FDF768F82F08083108080608332B2D0014
:104F3000012000BD0020FCE71A2BFAD10530F8E76C
:104F4000134A06209342F4D00DD8123A043093420B
:104F5000EFD0104A04309342EBD00F4A9B185A42CC
:104F60005341D800E5E70D4A0D209342E1D00C4AA9
:104F700000209342DDD10C30DBE70320D9E7042089
:104F8000D7E70720D5E70920D3E70220D1E7C046BD
:104F90001A0200000A020000FBFDFFFF21020000D0
:104FA0002302000010B5FFF797FF0022014B1A60A3
:104FB00010BDC046DC1B00200F4970B500220D005B
:104FC00004000E480378934206D1102B0CD05A1CD3
:104FD0005B000270EC5270BD02318E1E3688A64214
:104FE000F9D00132D2B2EEE71E2228000449FCF7C4
:104FF00025FDEC83EFE7C0468A1B0020881B0020BC
:105000008C1B00209521084A0300821892B20120CF
:1050100049018A4207D3054A00209B181F229BB2F0
:105020009A424041C0B2704700C0FFFF40ADFFFF51
:105030000200E03A012310B5072A04D9292802D03A
:10504000FFF7E0FF03000120184010BD084A094B9C
:1050500010781B781843084B1B681B78002803D175
:105060005A425341D8B27047184101231840FAE719
:10507000851B0020841B0020801B002070B50400CD
:105080000D00002A02D10025280070BD904700289D
:10509000F9D06D79002DF6D02000FFF78DFFF3E7F2
:1050A00037B58AB201AB040019800020120A052A24
:1050B0000DD81D780F2D0AD80130042C07D80623EF
:1050C00063439B181B015B1983400149585A3EBD3D
:1050D00006140100034B1879013843425841C0B20D
:1050E0007047C046181100200200393A0300012021
:1050F0000C2A0CD9703A824209D92C2B07D01800FF
:10510000293B1738424250415A4253411843704795
:105110002C2814D10C4B002908D001221A700B4BFB
:105120001A7000220A4B1A70012070471A78002A60
:10513000FAD01970054B1970054B1970F4E7173840
:1051400043425841C0B2F0E7361B0020351B002017
:10515000341B0020F82210B5441EFF3C030052010E
:105160000020944208D20A3BFF3B1800421E9041A7
:105170005A42534140001843884710BD0423020996
:1051800001D113000200910802D00A000233DBB201
:1051900052089818C0B27047054B1B7803431A1E7B
:1051A00001D0DB06DA0F034B1A70034B18707047FF
:1051B000841B0020771A0020851B002001238340D8
:1051C00010B5034A10781843C0B2FFF7E5FF10BDD1
:1051D000851B00200123834010B5034A10789843B3
:1051E000FFF7DAFF10BDC046851B002073B582B201
:1051F00001AB1880120A052A1CD81B780F2B19D86E
:105200000320012612019B18DA0850430A4A350090
:105210008018072213409D400022EDB20B00D340BE
:10522000845C33405B4263402B405C4084540132D9
:10523000032AF3D173BDC0464A1A002037B583B2A2
:1052400001AA10801B0A0020052B16D811780F29FF
:1052500013D807241B01CB180321020001251C4091
:10526000DB085943054BC9188B5CE3402B40934046
:1052700001321843C0B2032AF6D13EBD4A1A0020BB
:1052800070B50B4B1C7801231D00854028001D00C4
:105290008D402900934001432000CDB29843214026
:1052A0008D4201D11C43E0B2FFF776FF70BDC046CE
:1052B000851B00200721054B054A1B7812789A426E
:1052C00000D1704701330B40F9E7C0468E1A002029
:1052D0008D1A002070B50B4C23781A008243100001
:1052E0002270050007221540104209D1984207D0CC
:1052F000054B5B785B0703D5C008FFF76BFF257094
:1053000070BDC046881A00208A1A002070B5134A62
:10531000134B144D10781B782C781843002C18D0A0
:10532000114B9B78012B03D1104B1B787F2B11D88D
:1053300006210F4B002259181E78002E01D0013291
:10534000D2B201338B42F7D1002A01D000232B7057
:10535000204370BD1E21074BECE7C046861B002092
:105360008C1A0020861A0020101100208A1A0020B2
:105370004A15002052150020024A13788343137007
:105380007047C046861B0020030010B5E7280AD8E6
:10539000DF280AD8312800D173E00FD8292866D039
:1053A0002A2800D174E0180010BDE0380728FAD888
:1053B000FCF716FE18F927303DF9474C392808D07C
:1053C000822806D03528EED1374A12789206EAD5DF
:1053D00006E0354A1178890761D152781207E2D583
:1053E0002923E0E730480121027814000C400A42EA
:1053F00045D140780842D6D02300D206D3D4E32347
:10540000D1E7294A12785107CDD50023D206CAD454
:10541000E333C8E72449E2230A785007C3D4487825
:1054200001210400023B0C400842E5D0BBE71E4AC4
:1054300051788907B7D512780023D206B3D4E73361
:10544000B1E7194A12781107F6D4ACE71649E623FA
:105450000A781007A7D4487802210400023B0C40C8
:105460000842A0D12300D2069DD4E7239BE70E4A31
:105470001178890615D45278120700D493E739239E
:1054800091E7094A1278520600D48CE72A238AE76A
:10549000054A1278520600D485E7312383E7E023DA
:1054A00081E735237FE7C0468A1A002030B5254CB6
:1054B00021784B070DD514220240043A53425A4139
:1054C00018230340083B5D426B419A4201D00C23F4
:1054D00058400B070DD514220240143A53425A414A
:1054E00018230340183B5D426B419A4201D00C23C4
:1054F00058406478E3070DD511220240013A534227
:105500005A4118230340083B5D426B419A4201D047
:1055100009235840A4070DD511220240113A5342E5
:105520005A4118230340183B5C4263419A4201D020
:1055300009235840C90603D5030701D5182398430A
:1055400030BDC0468A1A002070B5FFF71DFFA423A6
:105550000400DB0198424CD2A023DB01984200D327
:105560009BE0DF281CD8CC2859D8A7280AD8A42823
:1055700000D979E0012869D0031F9BB2A02B65D91F
:10558000002463E00300A83B9BB21A2BF8D85834E0
:10559000504BE4B26400E35A8824E4011C4355E014
:1055A0008023DB01984219D28026B601B04200D395
:1055B00083E0E7284AD9F822431EFF3B9BB2520101
:1055C0009342DDD2000AC0B2FFF770FF0500E0B2DF
:1055D000FFF7DAFE2D02284384B237E0C0B2FFF7AE
:1055E000D3FEF0231B0123403B4C18430443A4B2D9
:1055F0002CE0A523DB0198421DD2384B98423CD8C1
:10560000374B98420DD8374B984231D80322C4B259
:10561000A3081440023AA2405B01334C13431C43DD
:10562000E5E70321012201408A40C3065B0F5B01CD
:105630002E4C1343F3E72E4B984209D81F202D4BD5
:1056400020409C4223D82C4C00020443201C70BDF7
:105650002A4BC3189BB21F2B00D991E7F8230402F1
:105660005B011C40264B99E78023243CDB01D6E7F5
:105670001F230340234C1B0290E70321012201401A
:105680008A40C3065B0F5B011F4C1343C7E7FFF75C
:105690000DFF80240002A401A8E71F202040FFF78F
:1056A00005FFE3051B0F1B0202B2C00602D5FF2156
:1056B00012010A40154C1343B1E7C004C00EFFF7B6
:1056C000F5FE0500E0B2FFF75FFE2D0205432E4315
:1056D000B4B2BBE77011010000A0FFFF5F520000F1
:1056E0003F5200001F520000008DFFFF008CFFFFA3
:1056F000BF5200009F520000F4A0000040ADFFFF29
:10570000F0A00000F1A00000008AFFFF0090FFFF62
:10571000F0B50424104A114B12781B7885B001AF04
:105720001A433880009203AE009B012223411342AA
:1057300005D1013CF8D20025280005B0F0BD3B881A
:10574000E5B2338031682800FFF7AAFCFFF7FCFEC2
:1057500080B20128EDD0EFE7851B0020841B0020DC
:1057600013B54379008801AA10800198002B0DD051
:1057700000290BD0FFF7CCFF040001000198FFF7D0
:1057800035FD20000199FFF78BFC16BDFFF756FD94
:105790000400F6E71FB501AC20800198FFF7B8FFC1
:1057A000228803AB1A800399FFF77AFCFFF7CCFE3F
:1057B00004B010BD10B500240379A3421ED00088A8
:1057C000FFF7E8FFC2B20004030F062B18D00F2129
:1057D000062B0DD80E330B40012B0FD80124F02AD5
:1057E0000CD007D80024E72393426441E4B205E0DB
:1057F0000633F0E7F43A53425A41D4B2200010BDC8
:10580000E72393426441F13A53425A411443EDE78E
:10581000002070470020704710B5024B1B68984766
:1058200010BDC046B00E002010B50B00041E02D102
:10583000C80FC00110BDC11742184A4012B2D1189A
:10584000002B0BDB9B1A5801FCF7B0FA2023181A27
:10585000C0B2002CEEDA4042C0B2EBE74801D11AE8
:10586000FCF7A4FA6023F2E71FB5030A0190303178
:10587000D8B20E4B4900C95CE5234B431B121C33C5
:105880009A1AD317D2185A40D200821A01AC131CAC
:10589000120400D500231BB2013058430012A37834
:1058A000607020881B04184304B010BDB8120100BA
:1058B000030C84B001903031D8B2114B4900C95C5F
:1058C000E5234B431B121C339A1AD317D2185A40A4
:1058D000D200821A131C120400D500231AB2431CF2
:1058E000534301AA1288FF2110001B12120A08401C
:1058F00012020B401B041043184304B07047C0460B
:10590000B81201007FB5040A0190E4B21000E51A54
:10591000FFF78AFF8300C01AEDB22D18EDB20134F3
:105920006C4301AE2412B378747030881B041843A2
:1059300004B070BD7FB5040C051CE4B21000E61A7B
:10594000FFF772FF8300C01AFF23F6B23618180063
:10595000F6B20134744328402D0A1D4024122D0252
:105960001C40034B284324041840204304B070BD5E
:10597000FFFF00FF7FB5040A0190100008AA157808
:10598000E4B25D1BFFF750FF6519EDB22D1AEDB2C1
:1059900001346C4301AE2412B378747030881B0458
:1059A000184304B070BD00007FB5051C040C100046
:1059B00008AA1678E4B29E1BFFF736FFFF23A6194C
:1059C000F6B2361A1800F6B20134744328402D0A94
:1059D0001D4024122D021C40034B28432404184070
:1059E000204304B070BDC046FFFF00FF84B001A992
:1059F00001908B780A7008881B04184304B0704724
:105A00001FB5074B30314900CB5C01AC01909B1AAC
:105A10002370A37820881B04184304B010BDC0462F
:105A2000B81201001FB5074B303149005B185B7895
:105A300001AC01909B1A2370A37820881B041843A3
:105A400004B010BDB8120100F0B5303115000E4A97
:105A50004B00D3185F7885B03E00203E019001AC2A
:105A6000C0B273B2360602D52023DB1B5BB24900FD
:105A7000525C521BD2188018A378207020881B0417
:105A8000184305B0F0BDC046B812010084B004AAA6
:105A90000190107803225A43521001A980188B7884
:105AA000087008881B04184304B0704730B585B0EF
:105AB000019010001D00FFF7B7FE01AC4019A3785C
:105AC000207020881B04184305B030BD30B585B068
:105AD0000190100008AA147801AD1C1BFFF7A4FE6A
:105AE000E4B2241AAB782C7028881B04184305B044
:105AF00030BD00007FB50D4D30335B00EE185B5DAF
:105B00007678703B59437F23203E72435118CA1761
:105B10001A405218D21101AC01901218A3782270C9
:105B200020881B04184304B070BDC046B8120100A1
:105B30007FB50D4D30335B00EE185B5D7678703BC2
:105B400059433F23203E72435118CA171A40521836
:105B5000921101AC01901218A378227020881B04C6
:105B6000184304B070BDC046B81201007FB5134D94
:105B700030335B00EE1876780190203E72435E5D14
:105B800001AC3500703DC0B26BB22D0602D570235A
:105B90009B1B5BB23825EB1A594303238A187F21DC
:105BA0005343DA170A40D218D2118018A378207014
:105BB00020881B04184304B070BDC046B812010011
:105BC0000C4B3031490084B001905818C95C032354
:105BD0004078091A4B43DBB2991AC9B2202801D97F
:105BE000D218D1B201AA9378117010881B041843FF
:105BF00004B07047B812010030B50C4B3031490089
:105C0000CD5C85B0AB1A019001ACC0B2D9B21B0615
:105C100001D5521BD1B219234B431B12C01820705F
:105C2000A37820881B04184305B030BDB8120100CA
:105C30001FB501900520434306AA128801A9D31875
:105C40001A1C9BB2FF2B00D9FF22D3438A78DBB208
:105C50009B181C1CFF2B00D9FF240A88FF2310006F
:105C6000120A1840120223401B041043184304B0C8
:105C700010BD30B585B0019008A800881B18C81762
:105C800009184140D0171218424009B29BB292B293
:105C90000901FF2900DDFF2112B21201FF2A00DDF8
:105CA000FF220C1C15B209B201A8A94200DD141C88
:105CB0001B191A1C9BB2FF2B00D9FF22D3438278F9
:105CC000DBB29B18191CFF2B00D9FF210288FF2390
:105CD0001000120A184012020B401B041043184314
:105CE00005B030BD7FB5050C160008AA01901288DA
:105CF000E8B201ACFF25482B06D8D31A1A1C9BB278
:105D0000AB4200D92A1C95B2083189B2102905D9B5
:105D1000330008339BB2102B00D9FF250321ED433C
:105D20000C4BF2170A405B7892199210EDB2D21820
:105D300040192270011CFF2800D9FF212288FF236F
:105D40001000120A184012020B401B0410431843A3
:105D500004B070BD101F002084B004AA1288019006
:105D6000D21A131C92B2FF2A00D9FF23DBB2D94307
:105D700001AA9078C9B24018011CFF2800D9FF2160
:105D800010781B1813701288FF231000120A184095
:105D900012020B401B041043184304B070471FB598
:105DA00006AA128801A9D31A1A1C9BB20190FF2BD4
:105DB00000D9FF22D3438A78DBB29B181C1CFF2B2F
:105DC00000D9FF240A88FF231000120A184012028B
:105DD00023401B041043184304B010BD10B5FEF758
:105DE00029FE10BD354B70B51B78002B2AD1344BE2
:105DF0001B78002B26D1FA2390261021314ADB0094
:105E0000F6051478002C19D1346825000D400C4299
:105E100014D1012313703C222B4B1D702B4B1A8085
:105E20002B4B323A1A709870363210385A70042858
:105E30000CD8FCF7DFF8080B0F203100013B9BB2B8
:105E4000002BDED170BD234A9278DA70180009F079
:105E5000C5FAF7E700222D21DA7006325A714B326B
:105E60009A71063ADA71153A1A72053A19715A722C
:105E70009972DA72EAE70621002259714B31997161
:105E80000639D9711539DA7019722D3205391A713E
:105E90009A7259720532ECE70621002259714B3192
:105EA00099710639D9711539DA7019722D3205399F
:105EB0001A719A7259720632DBE7C0461E11002031
:105EC0004B2F0020D52F0020D42F002016110020AA
:105ED000522F00201811002003000020104A10B596
:105EE0001278824218D10F490C78E0B2002C14D1FC
:105EF0009022D2051268D2060ED40B4A01341470D7
:105F00000A4A0C7010700A22094802703632427038
:105F1000837009F063FA200010BD1000FCE7C04652
:105F20001E110020D52F0020D42F0020922F0020FA
:105F3000522F002070B51F4B9B78012B20D11E4B98
:105F40001B787F2B1CD9FFF7E1F91C4C1C4D6070AE
:105F5000202229002000FBF77BFE002828D02022E9
:105F600021002800FBF70CFD164B1B68002B1FD0EF
:105F70009B68002B1CD0062222702000984717E057
:105F8000FFF7C4F9104C114D2070082229002000A1
:105F9000FBF75EFE00280BD0082221002800FBF74B
:105FA000EFFC084B1B68002B02D05B68002BE4D190
:105FB00070BDC046101100208A1A00205015002024
:105FC000221A00202C2A002048150020421A002006
:105FD00010B5002803D0FFF7CFF9FFF7ABFF10BDD6
:105FE00010B5002805D0034B1A7810431870FFF73E
:105FF000A1FF10BD861B002010B5094C2378002B93
:106000000CD1084B1A7802231A4207D1064A11789C
:106010000B431370FFF78EFF0123237010BDC046A2
:10602000AA1B0020871B0020861B002010B500281B
:1060300005D0034B1A7810431870FFF77BFF10BD93
:106040008C1A002010B5002805D0034A137883432A
:106050001370FFF76FFF10BD8C1A002070B5324C23
:10606000062200212000FBF79FFDF822DF212F4BA5
:1060700052021B6849021340C91A06222000FBF78E
:106080007FFC23786678A578E07821796279FF2B08
:106090001DD12B00334003400B401340FF2B31D167
:1060A00002232370013B32226370E3700023A2704D
:1060B00023716371FEF7CEFC1D4B1870012828D0A8
:1060C000022828D0002801D10223237070BD002BA4
:1060D00016D1002E18D12B0003430B431343DFD0FE
:1060E000642D01D96423A370012801D90123E37031
:1060F000012901D900232371012ADBD90023D8E724
:10610000022B01D902232370032EE9D903236370E4
:10611000E6E72070DAE7002323706378013B022B67
:10612000D4D901236370D1E7181100200014024074
:1061300024250020F0B52C4E040033780D000133E7
:10614000DBB291B0142B00D10023284A12789A4276
:1061500021D04022002168466F46FBF725FD082D1F
:106160001BD12A002100F81CFBF70AFC0B23327814
:106170001F49204892013980801839004022BB70A5
:10618000FBF7FEFB33780133DBB233703378132B2C
:1061900001D90023337011B0F0BD207802380428F3
:1061A00020D8FBF727FF180A111F03002A0021003F
:1061B000F81CFBF7E5FB0C23D9E72A002100F81CAB
:1061C000FBF7DEFB0F23D2E72A002100F81CFBF7C8
:1061D000D7FB0E23CBE72A002100F81CFBF7D0FBEE
:1061E0000D23C4E70023C2E725250020262A00202E
:1061F0000A40000026250020084B10B51B7804003B
:10620000012B02D80821FFF795FF054B1B68002BD7
:1062100002D020005B68984710BDC04618110020CE
:10622000142F0020084B10B51B780400012B02D856
:106230002021FFF77FFF054B1B68002B02D02000B9
:106240009B68984710BDC04618110020142F0020ED
:10625000084B10B51B780400012B02D80621FFF76C
:1062600069FF054B1B68002B02D02000DB689847B4
:1062700010BDC04618110020142F0020084B10B587
:106280001B780400012B02D80321FFF753FF054BB5
:106290001B68002B02D020001B69984710BDC04628
:1062A00018110020142F002070B50C0015000021DB
:1062B0000600FBF779FC90236219DB009A4200D9B3
:1062C0001D1B002D05D003492A0030006118FBF783
:1062D00057FB70BD702A002013B56B469C1D002330
:1062E0000100022220002380FFF7DEFF208816BD78
:1062F000902070B51024164B16491A78164BC0051D
:106300000D78002D04D10568254201D1002A03D063
:10631000013B9BB2002BF3D18022104B52029A60BA
:1063200009F0FAFF0C210E4B1A688A431A601A68AA
:106330000C490A401A60012219680A431A60BFF327
:106340004F8F094B094ADA60BFF34F8FC046FDE714
:10635000022F0020D52F0020A08C0000000C004848
:10636000001402400FFEFFFF00ED00E00400FA05FC
:1063700037B56B460400DD1D2A000121006807F0D7
:1063800091FD23682878013323603EBD8023124AA3
:10639000DB01D16B10B50B43D36308F027F87F22E4
:1063A0000E490F4B0A700F49013A0A700E494F3AD5
:1063B000C7200A6099782E3A0A43C0219A700B4A86
:1063C0008000135809061B021B0A0B43135080233D
:1063D0001B06136010BDC04600100240803802400A
:1063E0000038024082380240A038024000E100E05C
:1063F000802370B5274ADB01116C86B00B43136410
:1064000001260023022504246946234802930493AD
:10641000059300960195039609F004FE69461E480F
:10642000009509F0FFFD69461B48009409F0FAFD4C
:10643000082369461848009309F0F4FD4022174BE1
:1064400019689143196019682143196019680E434E
:106450001E6019680D4338211D601868884328396B
:1064600001438020196019688143196019680C483C
:106470000140196019680B480140196019680A4801
:106480000140196059680C435C6019680A431A603E
:1064900006B070BD001002400008004800380040FF
:1064A000FF7FFFFFFFF7FFFFFFFDFFFFF0B51023AA
:1064B000002603258BB0954804A9049306960796F9
:1064C00008960996059509F0ADFD8023904A9B003A
:1064D000516C02A80B435364029608F0D5FF029B4F
:1064E0008C4C013300D0F7E002228B4B99680A43B1
:1064F0009A60012299680A439A60E369874A1340C7
:10650000E3611823E2691343E361226C844B1A4070
:106510009023DB00134307222364236A93431D4324
:10652000804B2562804A1B68934200D9C9E08022D3
:10653000236BD2051B021B0A134380222363A36F24
:10654000D2001B0B1B031343A367A36F774A1340AF
:106550000122A367A3691343A361E3681342FCD03C
:106560008023E16F724ADB0411400B43E36704238D
:10657000A1691943A1616F49C86F1842FCD1276D09
:10658000E06F1040A022D2040243E267A2691343E5
:10659000A3610423CA6F1A42FCD10F20BFB2784313
:1065A000256DADB2401BFCF773F86349FBF7A2FE03
:1065B000061CFDF783FF009001910021301CFBF7C2
:1065C0005DFD00225D4B002800D180E0009801991C
:1065D000FCF7AEF800900191E81BFCF759F8011C9C
:1065E0005748FBF787FEFDF769FF0022534BFCF786
:1065F0009FF8FBF795FDA66F80B2360B360330434C
:10660000A06700980199FDF7CBFEA56F474B0004EA
:106610001D400543A567E369404A13401822E36122
:10662000E3699343E361236C3D4A134007222364EB
:10663000236A93432362236B1B021B0A2363414B90
:1066400063618022E36AD2051B021B0A1343E362E3
:10665000A369002BFCDB0723226A9A43043B134304
:1066600001222362A3691343A361E3681342FCD0B0
:10667000A3690423A2691A42FCD12022E36993434F
:10668000E3611823E2691343E361E369234A13409A
:106690000122E361E3691343E361E3681342FCD041
:1066A0000F22236C93432364226C1D4B1A40E0237A
:1066B0009B00134323640423A2691343A3610BB01B
:1066C000F0BD8022236B12061B021B0A34E70098E0
:1066D0000199FDF72DFA7DE703A8039608F0D4FE93
:1066E0000122A169039B0A43A261A16F1A05090B4C
:1066F0000903120D0A43A267A26F0C491B0C5BB27F
:106700001B040A401343A3679BE7C04600080048E8
:10671000001002400024014000140240FFDFFFFF90
:106720003FF8FFFF2025002005A24A04FFFF00FFDD
:10673000FFFFFFF804240140000060410000E03F3B
:106740000000604AFEFF000010B50AF05EFA00216A
:106750000248034AFBF728FA10BDC046302A002041
:10676000C20400000122264B10B5D96B90241143BE
:10677000D9632449E4054A608021586C49020143E9
:1067800059643C21204BD963986A343188431039CD
:106790000143996200215964196B114319638021E7
:1067A000586D0902014359650821986A01439962AD
:1067B000996D2000114399651968114319600421EE
:1067C00007F0F1FEA36A114A1340A362A023A26A54
:1067D000DB0013433022A362236993432361202308
:1067E0002269134342222361094B1A60094BDB786B
:1067F000002B04D111210848084AFBF7D5F910BD38
:10680000001002400000024000400140FFF0FFFF86
:1068100078000240101F0020181F00200206000010
:10682000002270B52F4B304C1A70E36B3C2B01D01B
:10683000FFF798FF04232D4DAA6A1A42FCD12C4978
:106840002C4B48792C4A00280ED12C48007802287D
:1068500006D02B480078002802D00978002903D1FF
:1068600028490978002905D10121197080235B028C
:10687000936070BD24490120097889072CD090606D
:106880001A78002A04D0002202301A7008F0CAFCDC
:106890000122C0200021A36DC0009343A3651B4BC0
:1068A00019541B4819541B4B1B491C4899601C491F
:1068B000986119601B491C48596059611B4918614E
:1068C0001C334B621A4BCB621A4B8B620423AB62B4
:1068D000A36D1A43A265CCE7187080235B02936016
:1068E000D6E7C046032F00200040014000000240D0
:1068F0004B2F00200C1F0020000C00481811002016
:10690000072F00200E2F0020101F0020181F00202E
:1069100001060000BC1E0020F73E00C0172100C089
:10692000072300204440014019250020FC000240BC
:10693000768000AA2C02024070B5802401222D4DE1
:10694000640286B011002800AC6007F02CFE902392
:10695000AC60DB0508241E0018009C6021000122A9
:1069600007F021FEB460022628003100AE6001224B
:1069700007F019FE80219020AE6020228901C00519
:1069800007F011FE002220211B4807F00CFE802199
:1069900020221A48490107F006FE802120221748CC
:1069A000890107F000FE9020002524196946C005E2
:1069B00000940195029503960495059509F032FB24
:1069C000C120C0210E4B80005A6B5D631A68090616
:1069D00022431A609A6922439A61DA691443094A88
:1069E000DC6113581B021B0A0B43135080231360F6
:1069F00006B070BD000C00480008004800040048C4
:106A00000004014000E100E010230D4AC320116C96
:106A100080000B4313642F220A4B9A63FA22D200A0
:106A2000DA630122DA601A60074B084A19581140EC
:106A3000802212040A431A508022D2011A60704741
:106A4000001002400010004000E100E0FFFF00FFE6
:106A50009C4BF7B51B780400002B00D15BE39A4DEB
:106A60002E78731E022B00D955E3B31E012B00D9DB
:106A7000C3E02000FEF708F8944AE3B201931378CC
:106A800007000090002B3ED000231370904A137033
:106A90000192904A1360E3B20A2B05D18E48FEF7AB
:106AA00071F8FEF719FA2CE0FEF716FA022F0AD059
:106AB000E3B2292B4FD1012300222B70844B1A7093
:106AC000824B1A70EDE7019B1B78002B1FD0E3B2BD
:106AD000292BF0D07E480278012A12D87D4D2968F2
:106AE000632900DD63210A234B430021272C01D0B9
:106AF00021001D395B18632B00DD632301322B60FD
:106B000002700020FEBD724B0228D1D1DCE70223C7
:106B10000093E3B2292BCED000226D4B1A701C2CAF
:106B200005D8122C1FD8062C3ED0072C26D0009B4F
:106B3000042B52D8002BB4D0664B1D68002D00DC0E
:106B4000012500272000032E51D1FEF7E5F801377B
:106B5000AF42F7D1A5E70A2FBCD0062FDCD1012226
:106B60005A4B1A70CDE7200013380928DFD8FBF7FD
:106B700037FA31DEDE25DEDEDEDE050E032E02D143
:106B80004A20FDF7FFFFFEF76FF9012314E0032E03
:106B900002D14A20FDF7F6FF5048FDF7F3FF8320AE
:106BA0004000FDF7EFFFF0E7032E02D14A20FDF78A
:106BB000E9FFFEF759F900232B7072E7032E02D18B
:106BC0004A20FDF7DFFF4648FDF7DCFF4C20FDF7CC
:106BD000D9FFF0E71A20FF30E3E7009B052B00D038
:106BE0005FE72000032E05D1FEF796F859E7FEF780
:106BF000E5F8ACE7FEF7E2F853E73A4E3778052FB1
:106C000008D82A23FB40DB0704D523001E3B092BB1
:106C100000D882E2E3B2292B21D1002F00D174E207
:106C2000FEF75AF90022304B1A603378002B0FD14F
:106C30002D4E3468002C0BDD2C4B1F78002F07D114
:106C40002B482C496200FAF79BFE2B4B37601C60E7
:106C50002B78002B00D054E7234A136051E7200023
:106C6000FDF712FF03000200072F00D956E138009C
:106C7000FBF7D4F90800E40038017201B701F8010C
:106C800030024502581E182800D93EE2FBF7C6F92B
:106C900066006600660066006D0020020D01580067
:106CA0005F0036003D02700076007A00B600890071
:106CB000890089008900890089008900890089008C
:106CC0008900C046DA1B0020D91B0020E01B0020F1
:106CD000E11B0020E41B00204A0300004D020000DD
:106CE0004F020000E21B0020DC1B0020D81B00200C
:106CF000C81B0020B81B0020B41B002001233370E8
:106D00000023272C01D023001D3BAB4A1360200039
:106D1000FDF7BAFE002888D0A84BC340DB0784D516
:106D2000A74B1B78002B00D07FE7A64A1368072BE0
:106D300000DD7AE7591C1160A34A5B009C5274E79E
:106D4000022333709C4B01221C811A73DFE704235A
:106D50003370994B01225C815A73D8E72000FEF70B
:106D6000D1F80121FDF73AFFD1E701210E20F9E723
:106D700001210620FDF77EFF002307E02000FEF73B
:106D80007FF8F9E7914B9C4202D002232B70BEE7BB
:106D900003234A202B70FDF7F5FE8D48FDF7F2FE28
:106DA000B5E7113B1800082B26D8FBF723F9202361
:106DB000050E11141D1A07002A20EFE78548FDF77C
:106DC000E1FE4C20FDF7DEFED6E7FEF74DF8D3E7F7
:106DD000FEF74AF89BE77E48FDF7D4FE832040008B
:106DE000DCE75020FDF7CEFE1A20FF30D6E74D201D
:106DF000FDF7C8FE4C20D1E71E20F6E7704B01934B
:106E00001B78002B83D1744F3A68002A00D17EE7AB
:106E1000012201990A700093009A3B689A4203DBB1
:106E20000023019A137072E7009B6C4A5B00D05AF2
:106E3000FFF70EFE009B0133EDE70B225E4B196856
:106E40000F1E00DC0127501E0D2867D8FBF7E6F85F
:106E500021002100210021002A0040012D001B00FB
:106E60001E0066000E00300037003B00092900DDDF
:106E70004DE70A224A430021272C01D021001D3969
:106E800052181A6043E7022232705CE70422327023
:106E900060E72000FEF736F83900FDF79FFEFEF7A9
:106EA0001BF834E701210E20F7E7072333702EE7A4
:106EB00039000620FDF7DEFE00232B70EFE72000EF
:106EC000FDF7DEFFF8E7414B9C4201D00223F4E7D7
:106ED00003234A202B70FDF755FE3D48FDF752FE77
:106EE000DDE70B22344F3B680093002B01DC0123CC
:106EF0000093501E092811D8FBF77CF816211616AE
:106F00005AEA100510253B899C4207D120000099C0
:106F1000FDF7B0FE3B89062BC1D1CDE7FDF7DCFFC5
:106F20000022284B1A609AE53B8920000193FDF767
:106F3000E9FF009A01000198FDF77EFEEAE70122D1
:106F40000B213889F8E7032333700023272C01D065
:106F500023001D3B7B60DAE6581E0A28DED8FBF7CB
:106F600053F80B001D000B000B002600B700DDFFDF
:106F7000DDFFDDFFDDFF92000F4F20003B89009316
:106F8000FDF7C0FF3B680100002B00DC01237A689D
:106F90005A43632A00DD63220098CDE7064A516810
:106FA000092900DDB3E60A234B435360AFE6024FE5
:106FB00001220E213889BFE7E41B0020FE17FE03E3
:106FC000D81B0020DC1B0020B81B00201902000089
:106FD0004D0200004F020000B41B0020C81B00201F
:106FE0000B22534B1F680097002F01DC01210091F9
:106FF000501E092892D8FAF7F3FF1F291F1F676B4D
:107000009191052C5B8901939C4200D086E74A2030
:10701000FDF7B8FD4A20FDF7B5FD012F04DD00990D
:1070200044480139FDF7CEFD434B019A2B20934292
:1070300000D153E7414851E720005F89FDF762FF27
:1070400001003800009AFDF745FE28E73A4A5B89BF
:10705000ECE7052232700022272C01D022001D3AD5
:107060005A6054E6581E0A2800D957E7FAF7CCFFB1
:10707000190096FF190019002B00300056FF56FF2B
:1070800056FF56FF0B002A4A5168092900DD3EE6EB
:107090000A234B430021272C01D021001D395B1806
:1070A00083E7234F20007B890093FDF72BFF3B688C
:1070B0000100002B00DC01237A685A43632A00DDBB
:1070C00063220098BFE71A4B01220E215889BAE7C4
:1070D0000623EBE6062B00D020E7154F3B7B002B69
:1070E00003D001220F21388926E77B7B002B03D0B8
:1070F00001220F217889A6E701210F20CDE6072B79
:1071000000D00BE78B204000E8E60D4B1A68002A00
:1071100001DD00221A600120F4E4781E0428F4D86E
:10712000FAF772FF8BFEDFFEB1FF5EFFB1FFC046D4
:10713000E41B002051020000370200002B02000077
:10714000DC1B00200122124B10B51A7000233C21D9
:10715000104A1370104A1180104A1370104A1370AD
:10716000104A1370104A13705371104A1370104A6A
:10717000138072B6FFF7E0FB62B607F08DF9962236
:10718000D200801803220B4B18600B4B1A7010BDF5
:107190001E110020512F002016110020D52F002095
:1071A000922F0020D42F00204B2F0020072F0020EB
:1071B000082F0020381B0020371B002010B5832823
:1071C0000ED107F00FF8C00709D5532007F042F899
:1071D000FEF7B0FE532007F073F8FEF7ABFE10BDCC
:1071E00084280AD106F0FEFF4007F8D5472007F0B3
:1071F00031F8FEF79FFE4720EDE7031FDBB2A02B1F
:10720000E9D903002033DBB2072B07D8072303405B
:1072100001209840C0B2FEF7AFF8DEE703005B3311
:10722000DBB2022B03D8002006F0E0FFD7E7030013
:107230005833DBB21A2B03D8002006F0F1FFCEE75B
:1072400003003333DBB2122BC9D806F00DFF07F071
:1072500053F9C4E710B500280FD082280ED106F0EC
:10726000C1FF800709D5392006F0F4FFFEF762FE62
:10727000392007F025F8FEF75DFE10BDFFF79EFFF1
:10728000FBE7000070B5002426000E4D2B78002B84
:1072900005D00D4A6300D05CFFF7DCFF2E700B4B6E
:1072A0000135E31801341E70042CEFD1084C23780B
:1072B000002B05D00220FEF75FF8FEF73BFE26709C
:1072C00070BDC046AF1B0020E0130100AB1B0020C7
:1072D000AA1B002070B50025104C2088002804D07F
:1072E000C0B2FFF7B7FF0023238001350234042D1D
:1072F000F3D1D120FFF762FFD220FFF75FFF00221A
:10730000074B1A70074B1A80074A084B12781A70FD
:10731000FDF748FEFFF7B6FF70BDC046761B0020A4
:10732000741B0020721B00207E1B0020D91B002034
:1073300070B500240E4B1C700E4D2B78A3420FD855
:107340000D4E0E4C3378002B05D02378002B02D144
:10735000E020FFF733FF002333702B70237070BDE4
:10736000074B6200985C0134FFF774FFE4B2E3E777
:10737000701B00203E1B00203D1B00203C1B0020FA
:10738000401B0020352310B5064C03220649601C23
:107390002370FAF7F5FA81235B42A38006F05AFDC9
:1073A00010BDC046101F00205C0C01008023064A5F
:1073B0001B06D16C0B43D3648023044A9B035169A1
:1073C0000B4353617047C046001402400004014063
:1073D00010B5034B70461A695A6107F0C5F810BD25
:1073E0000004014010B5FFF7F3FF10BD802310B576
:1073F000DB05DA6970461A6207F0B6F810BD0000C6
:1074000010B5034B7046DA691A6207F0ADF810BD8B
:107410000004004010B5034B7046DA691A6207F0A9
:10742000A3F810BD0008004010B5034B70461A6E5B
:107430005A6607F099F810BD000002402B4B70B55A
:107440001A6975465A612A4B1978002912D11023FE
:107450001A420FD0274C2278002A0BD0264A1078E7
:107460009022D2051268002808D1110019401A4252
:1074700000D12170280007F077F870BD16001E407B
:107480001A420DD02378012BF4D1013340221B483E
:107490002370FAF789FB8020400107F09FFFE9E79E
:1074A0002378022BE6D1154B1A78154B1B78002B4D
:1074B00007D07F2313403B2B03D107F0E9FE267052
:1074C000D8E70A2A04D107F0E3FE00232370D1E7AE
:1074D0000C4A13780133DBB21370022B02D900235C
:1074E0001370F3E7012308482370D6E70004014036
:1074F0001E110020D52F0020D42F0020942F002013
:10750000932F0020922F0020522F00207346F0B5B9
:1075100089B00393B34BB449DA691A620B78002B34
:1075200012D0B24A13780133DBB2092B01D81370A1
:107530000AE0002313709023DB0518681023040071
:107540001C4018421AD10C70A94B1B78022B09D091
:10755000A84B1D78002D13D05B79002B10D109208A
:10756000FEF7BAFCA449087800285ED0A34A138825
:1075700001339BB2312B2AD813802BE00523D6E7A9
:107580000B78002BEED1002DECD19D4B9D4C1A7841
:1075900023789A42E6D09C4B1A78002AE2D19022B6
:1075A000D2051268D206DDD401221A70974B2078DA
:1075B0001D70974B8001C01807F010FF237801332E
:1075C000DBB223702378132BCCD92570CAE70023B4
:1075D00013800B708F4A13780133DBB2022B00D972
:1075E000DBE113708C4A13780133DBB2042B00D932
:1075F000E2E11370894C8A4A2388158801339BB2D3
:107600002380AB420CD3002323807A4B1B78002BC2
:1076100006D11120FEF760FC002801D10A3D25802B
:10762000039806F0A1FF09B0F0BD7E4A7E491378A9
:1076300009780133DBB2002900D192E0032B01D895
:107640001370C7E7794B1070DB6F04221C00784D74
:1076500014401342BED177482F6D037876495E00FF
:107660007752AE6901333243DBB2AA61092B01D8EC
:107670000370AFE70470714814220500FAF780F92F
:107680002E0028002200230021004F002C88BF5B21
:10769000A74200D219005700F75BA74200D91A0091
:1076A0000133DBB202350A2BEFD1002423009142D3
:1076B0001DD108330288013BA418DBB2A4B202300A
:1076C000002BF7D15E4B5F4D9C4248D85E4B9C42ED
:1076D0001AD964205D4AE3089B1858435C49FAF7BD
:1076E00065FB5C4BC0B29C422CD900232FE0994231
:1076F00004D09A4202D005886419A4B20133DBB2E7
:1077000002300A2BF3D1DDE72B780133DBB2032BF8
:1077100012D82B700020504B1870504B1870344BFF
:107720009A78824202D09870FDF716F900224C4BED
:107730001A803D4B1A704DE7002301222B70494BF4
:107740001A70E7E72B780133DBB2092B01D82B70D5
:10775000E1E7002301222B70424B1A70DBE7642023
:10776000C3E7132B00D86BE7304B1170DB6F04229B
:107770001C002F4D144013420DD12E482F6D03785D
:107780002D495E007752AE6901333243DBB2AA6104
:10779000092B04D80370324A13880133ECE6274DD5
:1077A000047014222800FAF7EBF82F4B10491B78CD
:1077B00001938B780293019B022B59D1264A6233A5
:1077C0001370264A1370029A9A4205D001228B70D8
:1077D000264B1A70FDF7C0F80022224B1A70194B85
:1077E0001A70D8E7001000401E110020512F002011
:1077F000181100204B2F00204A2F0020482F002076
:1078000025250020262A0020D52F0020D42F002057
:1078100026250020182F0020132F0020F22E0020F4
:1078200016110020452F0020462F0020042401407F
:1078300000240140442F0020302F00201C2F002066
:10784000D74F0000272A00204F3A0000B7F8FFFF6B
:10785000B20200008F4000002A2A0020292A0020BE
:107860001A2F0020282A0020002F00200A2F002095
:1078700028002E0023002200250001006F0034881C
:107880007F5AA74200D215005F00CF5BA74200D904
:1078900013000132D2B202360A2AEFD100242200AC
:1078A0009D4247D108230288013BA418DBB2A4B251
:1078B0000230002BF7D1C14BC14DC24EC24F9C428A
:1078C00000D922E2C14B9C4200D824E26420C04A85
:1078D000E3089B185843BF49FAF768FA019BC0B206
:1078E000012B00D024E2031C002800D10123D8B2D0
:1078F0003B78B94A83424AD2B84B1188994208D999
:10790000002133781180622B02D80133DBB233704F
:107910003B700022B24B2A701A703378029A93425D
:1079200000D138E7AF4A93700122AF4B1A70FDF7D0
:1079300013F830E7AA4204D09A4202D001886418B2
:10794000A4B20132D2B202300A2AF3D1B3E72B78C3
:107950000133DBB22B70092B04D9002301222B70D9
:107960009F4B1A70019B002BC2D13B789A4A8342ED
:1079700010D99A4B11889942CFD901993378118047
:10798000002B02D0013BDBB233703B70C5E7002314
:107990001380BEE7019B1380BFE700231370934A57
:1079A000934913688B4200D11CE6002B00D119E6E5
:1079B00090481160036015E600208F4B10701A7814
:1079C000884C824211D018702378012B0BD0022BE7
:1079D00000D19BE0834208D16078022803D00328BD
:1079E00001D0012801D1FEF7FDF9844E3378002B38
:1079F00015D0834D2B78022B00D189E0032B00D1C9
:107A00008BE0012B04D11220FEF7ECF902232B703E
:107A10002B78032B03D901232B7000233370794A71
:107A200013780133DBB2FF2B00D100231370764AA9
:107A300013780133DBB2FF2B00D10023734913709D
:107A40000878002806D1724A138801339BB2312B83
:107A500068D8138096216F4A4900138801339BB27E
:107A60008B4268D213806C4B6C4E01931B78002BB9
:107A700016D096223388520001339BB23380934252
:107A80000FD3674B1B78002B08D19023DB051B68B5
:107A9000DB0603D4634B1B78002B52D191235B0090
:107AA00033802378022B00D184E04F4B1A78002AD0
:107AB00004D0002210201A70FEF794F900225A4BCD
:107AC0001A705A4B1A680023920608D59023802218
:107AD000DB051B68920113405A4253410133962142
:107AE000534A49001370534A138801339BB28B42A7
:107AF00000D3AFE0138096214F4A49001388013329
:107B00009BB28B4200D3EBE0138073E508206AE759
:107B10001320FEF767F9032379E71420FEF762F9D3
:107B2000042374E70123108022780B70002A91D17E
:107B30002D4A13708EE70023138001223F4B1A70E9
:107B400091E701223E4B1A7072B63E4BDF2719684F
:107B5000F8235B0219407F022000791A0532FAF7F8
:107B600077F800281FD0384B062221001800029316
:107B700004ADF9F705FF08F0DBFB344B2800059353
:107B8000049708F0ADFB08F0C7FB08F0D1FB4023D9
:107B9000029A2B812D4B280007920593049708F039
:107BA00071FB08F0B9FB62B60023254A1370019AF5
:107BB000137075E7264B1A7B5B7B82E7D74F00007B
:107BC000272A00202A2A0020292A00204F3A0000D4
:107BD000B7F8FFFFB20200001A2F0020C30900000F
:107BE000282A0020181100200A2F00202C2A00200B
:107BF000C8170100142F0020122F0020112F002081
:107C000014110020102F00200F2F00200E2F002015
:107C10000C2F0020082F0020062F0020042F00200A
:107C2000D52F0020032F0020012F0020000800483E
:107C3000002F0020FE2E0020F62E0020072F00200F
:107C4000022F002000140240302A0020FF41FEFFD6
:107C500000380240002325781380022D00D14AE726
:107C6000374A1178994244D1364B1B78002B08D102
:107C7000354B1B78002B04D1344B1B78002B00D1E3
:107C800039E7002D00D036E76478012C0CD12D4B5C
:107C90001A78002A00D12EE7002205201A70FEF77C
:107CA000A1F82B4B1C7026E7022C0DD1264B1A781D
:107CB000002A00D11FE7002206201A70FEF792F872
:107CC0000122234B1A7016E7032C00D013E71F4B39
:107CD0001A78002A00D10EE7002207201A70EDE77B
:107CE00000211C4B11801A788A4200D182E419705D
:107CF00080E4002DC8D0012D00D0FCE604201370D4
:107D0000FEF770F8124B1D70F5E6019B6420012B05
:107D100012D16320ECE5019B012B00D1E6E52B7825
:107D200000200133DBB22B70042B00D915E619E6D5
:107D3000094B9C4200D80AE600232B7012E6C0468D
:107D4000FC2E0020FB2E0020FA2E0020F92E002011
:107D5000F82E0020F42E00208F400000F8B50025FA
:107D6000C0246C430B4B0027E4180DE07300F2B203
:107D7000E35AF9B2E8B2013606F07AF8102EF5D1DE
:107D800001372034062F01D00026EFE70135052DFD
:107D9000E6D1F8BD0614010010B586B004000191CB
:107DA00072B608F0C5FA6A4604230294E4431382CB
:107DB00002A801AB0593039408F064FA08F0ACFA4A
:107DC00062B6012006B010BD0200F820E02370B5B5
:107DD0001D4C0D002168400201405B025B1A1E68C9
:107DE000F02321685B0201405B1A1B68002B13D152
:107DF000164BF318591E8B41F82026682168400263
:107E00000E335B03014006409E1B5B1A10495B1852
:107E10009E4209D9802014E0AB20002E11D10B49DD
:107E20005B1859424B41E7E7316801310AD1F82329
:107E300020685B021104184029438019FFF7ACFF4A
:107E4000012070BD0436E3E7001402401211111145
:107E5000FC1F00009023F0B587B000928A180590AF
:107E60000191DB009A4201D95B1A0093009B002B21
:107E70003DD000273A00019B0599DB19895C404AF7
:107E80004033D05C884225D0D1549021C9008B4228
:107E900020D25908039101218B43D35A039819002A
:107EA0000493FFF791FF802814D1F820E022354C8D
:107EB0004002236852020340D31A19682368F02451
:107EC00003406402E31A1B68002912D02600140044
:107ED000002B0FD00137009BBFB23A009F42CAD39C
:107EE0002948019B009A05991818F9F749FD07B030
:107EF000F0BD1600254BF022E5186B1E9D41520285
:107F000094466B03250063440293280008F06EFE3C
:107F100080239B00ED18029B9D42F6D11C49200056
:107F2000FFF73AFF04990398FFF74EFF0128D1D1DC
:107F30000025134A6B009B181A88002A18D1154B8C
:107F400001359D42F5D1114BF5186B1E9D41F02373
:107F50006D035B02ED18300008F048FE80239B00A3
:107F6000F618B542F7D100212000FFF715FFB1E761
:107F70001988280089B2FFF727FF0128DFD0A9E779
:107F8000302A002000140240702A00200040FEFF2A
:107F9000EEEEEEEE4102000037B50D000400FEF7F4
:107FA0009BF9A84206D06B460222981D210005804D
:107FB000FFF750FF37BD00000A4910B54A78530754
:107FC000DB0F83420CD00123034004209B0082433B
:107FD0001A434A700988FFF7DFFF0220FDF77AF99C
:107FE00010BDC0468A1A0020002337B504000D00DA
:107FF0000422010001A80193FEF756F9019B9D425E
:1080000005D00422210001A80195FFF723FF37BD09
:10801000F8B5F827724D734A2B687F02724E3B40C9
:10802000136013680021714A3000F9F7BDFDE022AA
:10803000F0212B6852023B40D31A1C682B6849027E
:108040003B40CB1A1B68002C31D0002B00D0ADE098
:10805000F8202B682A6840020340024090206449BF
:10806000C000C91A634B9B1A994245D8624B9C4287
:1080700059D0013400D0A2E0E024F02764027F024E
:10808000200008F0B3FD80239B00E418BC42F7D128
:10809000F822DF212B685202134049023000C91A2E
:1080A0004022F9F76DFC0122544B1A70F8BD2A6882
:1080B00053483A402968801A524A3940521A90422D
:1080C0000CD8002BC4D001334DD1F0246002013410
:1080D000E4B208F08BFD002CF8D1D9E790271168A5
:1080E000FF00090CB942ECD211688C46674602CAFF
:1080F000090C49007752E2E71A68120C8242B5D2A5
:108100001F6804CB120C5200B752ADE7200008F0F4
:108110006DFD80239B00E418BC42F7D100212000B4
:10812000FFF73AFEB4E700246300F3181A88002A28
:1081300011D1354B01349C42F6D1E02000214002A0
:10814000FFF72AFEF02460020134E4B208F04EFD8D
:10815000002CF8D19CE71988200089B2FFF734FE83
:108160000128E6D094E76300F3181A88002A15D195
:10817000254B01349C42F6D1F0200021E024F02769
:108180004002FFF709FE64027F02200008F02EFD86
:1081900080239B00E418BC42F7D179E719882000BE
:1081A00089B2FFF711FE0128E2D071E7124884423C
:1081B00008D0013403D114000F008342A6D008F088
:1081C00024FD65E7F0240133F9D160020134E4B203
:1081D00008F00CFD002CF8D1E020210040029FE7C0
:1081E000001402401C250020302A0020C204000098
:1081F000FFFF010004E00100EEEEEEEE1A25002084
:10820000FFDF010004C0010041020000902030B5F2
:1082100010240F4B0F491A780F4BC0050D78002D15
:1082200004D10568254201D1002A03D0013B9BB24D
:10823000002BF3D18022094B52029A60BFF34F8F7B
:10824000074B084ADA60BFF34F8FC046FDE7C046D0
:10825000022F0020D52F0020A08C0000000C004829
:1082600000ED00E00400FA05012210B511000D48F0
:1082700006F099F9802390200A4C5B02A36001224A
:108280000821C00506F08FF9802390221B03D20538
:10829000936002210122200006F085F980239B02D1
:1082A000A36010BD000C00487047000010B500240A
:1082B0000D4B1C7006F02EF8200005F097FF2000F3
:1082C00005F0AEFF094B1C70FDF734FE06222100BD
:1082D0000748F9F769FC074B1C70074B1C70074BEC
:1082E0001C7006F009F910BD861B00208C1A0020B6
:1082F000711A0020701A00206F1A00206E1A0020D8
:1083000010B50400832811D105F06CFFC0070CD410
:10831000532005F09FFFFDF70DFE642006F082FF5D
:10832000532005F0CDFFFDF705FE10BD84280DD1CB
:1083300005F058FF4007F8D4472005F08BFFFDF704
:10834000F9FD642006F06EFF4720EAE7031FDBB269
:10835000A02B23D8284B9A78012A13D1274B1978C0
:1083600000237F290FD9264BC1085B189978072372
:1083700003409A400A420DD0200005F0A1FFFDF70E
:10838000D9FD07E000231F4AD15CA142F4D001339C
:10839000062BF9D1200005F05DFFC4E70300203370
:1083A000DBB2072B08D80721012301408B40164A76
:1083B00011780B431370B6E703005B33DBB2022B7B
:1083C00004D8243CA0B205F011FFAEE703005833F7
:1083D000DBB21A2B05D80D4A5B00985A05F020FF36
:1083E000A3E703003333DBB2122B9ED805F0E6FD82
:1083F00006F082F899E7C046101100208A1A002082
:10840000501500204A150020861B00207011010025
:1084100010B5002812D0822811D105F0E3FE8007A4
:108420000CD4392005F016FFFDF784FD502006F02E
:10843000F9FE392005F044FFFDF77CFD10BDFFF784
:108440005FFFFBE770B5C2B20500010AC30425D582
:108450000F230B40013BDBB2072B58D83149CB5CD3
:10846000502A4CD0512A4CD0522A4CD003244F2AA7
:1084700024D1002B22D100212B4A0B00105D884211
:108480001CD02A4D11552B5D8B4206D1284B620022
:10849000985CFFF7BDFF01232B5570BD012302201F
:1084A0000B40014200D003430420014200D00343AB
:1084B00008200142D4D00343502A2FD11E001D4A68
:1084C0001478A6439C43002E02D03000FDF788FDAF
:1084D000002C02D02000FDF77BFDEDB22800FFF755
:1084E00097FF2800FEF7B6FE002C02D02000FDF713
:1084F00077FD002ED1D03000FDF76AFDCDE70024D6
:10850000B7E70124B5E70224B3E70024B3E7502A14
:10851000FBD00023512AA7D10124ACE7512AA3D1D3
:10852000CCE7C046D8130100AB1B0020AF1B0020D6
:10853000E0130100861B0020F8B5040000230B4D5A
:108540000B49E6B22F782B70FCF704FE3000FFF7E2
:108550005FFF012006F066FE3000FEF77BFE200084
:108560000449FCF7F7FD2F70F8BDC046861B0020BC
:108570002D6000004560000010B55020FFF7DCFFC3
:1085800010BD10B54F20FFF7D7FF10BD10B552201A
:10859000FFF7D2FF4A20FFF7CFFF10BD10B55120E3
:1085A000FFF7CAFF4A20FFF7C7FF10BD0A2010B52A
:1085B000FF30FFF7C1FF10BD10B54E20FFF7BCFF25
:1085C00010BD10B54B20FFF7B7FF10BD70B50D0003
:1085D0000400FFF71DFF281E00D1012006F022FE37
:1085E0002000FEF737FE70BD002110B5392800D1FC
:1085F0005031FFF7EBFF10BD73B54B7905000C0050
:10860000002B3AD04A78052A34D809780F2931D876
:10861000374B12019B185B5CFF2B2BD00026354A91
:10862000915D99421CD105F037FF031C80B2324A9C
:108630007600002800D10123B3522A2D1FD163797F
:10864000002B2AD005222D4B1B781340934224D1B6
:108650002A20FCF7B1FC4C20FFF7C6FF012076BDB5
:108660000136242EDCD12A2D09D1EBE7244A1370E0
:108670000020F4E72A2D10D1E4E72A280DD02C2D74
:108680000BD16379002B08D11E4A1178002904D040
:1086900013701D4A13701D4A13706B469E1D0222F3
:1086A00021003000F9F76CF93388002BE0D16379B1
:1086B000002BDBD0164B174A1B7812781343D7D008
:1086C0000124DB06D4D52800FCF776FC0C4A13788D
:1086D000002BC3D11470104A137005F0DDFE80B278
:1086E0000E4A031C002800D1231C1380B6E7C046A5
:1086F000B812010094120100EC1A0020861B002021
:10870000EB1A0020361B0020351B0020341B0020F4
:10871000851B0020841B0020EA1A0020E81A002094
:10872000F0B5B64B85B00193019AB54BB54E1360C9
:10873000337807000091002B02D00022B24B1A6060
:10874000009B58793B00E03B9BB20393072B2AD850
:10875000AE4B039A9B5C002B05D0AD490A780028EC
:108760001ED013430B70AB4B1B78002B00D1B9E02C
:108770003800FCF747FC041E00D0B3E0009BFEB2BB
:108780005A7933001E3B9BB2A34D102B5BD8A349F3
:10879000CC5C002A59D1002C00D18AE0260088E068
:1087A0009A430A70DFE7392FDDD19D4B9D4D00289C
:1087B00021D001241C70FCF749FC4440E4B22C7029
:1087C000002C14D0934C2378002B01D0FEF7B0FD81
:1087D0000123112123708E4B934A1B780B40591EA5
:1087E0008B4113700022914B1A708B4B1A703920F9
:1087F000FCF7E2FBB2E02C781A781870002C08D055
:10880000844B1B78002B01D0FEF792FD00232B70C8
:10881000A9E7002AA7D0864B7B4A1D781460002D5B
:1088200007D101221A70FCF7BDFB3570FEF72AFD57
:1088300099E71C70FCF7B6FB7E4B1C607E4B1C60FE
:108840007E4B1C70F2E7002A2AD02B78172B49D8D0
:10885000002C0CD0E0B2FFF7DBFD2B78172B04D8EF
:108860005A1C2A70764A5B009C523800C0E76F4A57
:108870001378591C1170002B06D16B4B1B78002B01
:1088800002D1E020FFF73CFDF8B2FFF7C1FD2B78E5
:10889000172BEAD85A1C2A70694A5B009E52E4E7FB
:1088A000FB233B40E02B03D15F4B1978002957D1C4
:1088B000002400222B786348D1B28B4212D9511C7C
:1088C0004D00455BB5424DD15349013BDBB20B70C6
:1088D0005B495B005B5A5200F0B25352FEF7BAFCA0
:1088E000002C41D0002238000099FCF7C7FB00287B
:1088F00034D13800FCF786FB002811D1FCF7A6FB29
:1089000000280DD0019B1B685B6A002B43D0380008
:10891000984700283FD0019B1B689B6A002B34D1ED
:108920003800494A0099FCF7A9FB0290002815D1AC
:10893000019A009B12685B795188B94200D08DE0A2
:10894000424D434C002B2BD005F0A6FD80B2031CFA
:10895000002800D101232B80002323700020C1E1D7
:108960001A70A5E70A00A7E7304A1378002BB9D0A0
:10897000013BDBB21370002BB4D12B4B1B78002BC7
:10898000B0D1E020FEF71AFCACE7009A380051792C
:1089900098470028C4D0009B5B79002BC0D064E7C7
:1089A0002378002B0BD02B4E3088002802D0C0B289
:1089B000FEF750FC0023338000232B80CDE72B886B
:1089C000002BF9D00F4E3378042B02D1FEF782FC36
:1089D000F2E7D368002B0DD1154B1B78002BEBD0A1
:1089E0001D4B32781A70FEF74DFC04233370FCF7F0
:1089F000D9FAE1E798470028EED1DDE7801B002097
:108A000060120100D91B0020E41A00205712010057
:108A1000871B0020701B00203E1B00204612010017
:108A2000E01A0020DF1A00203C1B00203D1B002024
:108A3000DA1B0020F81D0020F41D0020DE1A0020A3
:108A4000401B00203E1B0020F9850000DC1A00209E
:108A5000DA1A0020D81A00207E1B0020A94C2278A8
:108A6000042A0BD1039907292DD8002B06D03B00EF
:108A70009343E12B00D1F8E6FEF72CFCA24B009AC1
:108A80001B785279002B00D1C1E001990968897CDB
:108A9000002900D1BBE0292F00D0D7E0002A00D167
:108AA000D4E02378002B00D0B7E0984B22221B782B
:108AB0001900914300D0B0E09A0700D4A3E0944895
:108AC000FFF73AFDD1E6002B47D00F2F0ED80A2F23
:108AD000D2D9380022228D4B0B381B781340042842
:108AE000CAD8F9F77DFA12C919242F00282F30D0DF
:108AF0002C2FC1D105F0D0FC80B2864A031C00287F
:108B000000D101232C20138072E6CF20824B1880E5
:108B1000FFF7F6FB0B206BE6CE20002B00D00C30CD
:108B20007D4B5880C0B2FFF773FC0D2060E6CD206E
:108B3000002B00D00C30784B9880C0B2FFF768FC57
:108B40000E2055E6D020744BD880FFF7D9FB0F20BC
:108B50004EE6D220FFF7D4FB87E60F2F0AD80A2F64
:108B60008CD938000B38042888D8F9F739FA1587DA
:108B7000202B3600282F42D02C2F00D07EE7674DC7
:108B8000644E2B78002B33D0D120FEF717FB029BCD
:108B90002B700023338071E75F4D2888002800D1B7
:108BA0006CE7C0B2FEF756FB00232B8066E75A4DF8
:108BB0006888002800D161E7C0B2FEF74BFB0023B4
:108BC0006B805BE7544DA888002800D156E7C0B2FF
:108BD000FEF740FB0023AB8050E74F4DE8880028AC
:108BE00000D14BE7C0B2FEF735FB0023EB8045E731
:108BF0003388002BCDD0D120FFF7F6FCC9E7D22077
:108C0000FEF7DCFA3AE7002B07D0352058E7292F8A
:108C10001CD1002A1AD0002B18D022223B4B1B78E3
:108C2000934313D12578AB1E012B0FD9012D5BD1B6
:108C30003B4B1B78002B09D12370FCF7B3F905F0EF
:108C40002BFC384B002800D128001860009B5D7970
:108C5000002D00D106E12C4B1B78002B0DD0237882
:108C6000012B0AD1019B1B681C6B002C05D0274BE4
:108C700019782688002E00D06BE00B2F00D17FE002
:108C80000D2F00D1E6E00E2F00D1E7E00F2F00D12D
:108C9000E6E0002D00D07AE0E52F09D1224C2378C0
:108CA000002B05D00220FCF767FBFDF743F9257088
:108CB00000221E491E4C0B78D0B283420ED9501CA4
:108CC0004500655BBD4259D1013BDBB20B701949D0
:108CD0005B005B5A52005352012302930120029B16
:108CE0005840C0B205B0F0BD0E4D2E68002E23D105
:108CF00000232B60FCF756F901232370FCF752F98F
:108D0000292075E5D91B0020DA1B0020871B0020D5
:108D100035020000721B0020761B0020741B00200F
:108D2000E21B0020E41A0020AA1B0020881B002060
:108D3000881B00208A1B002005F0AEFB534B801BD4
:108D40009842D5D805F0A8FB002800D10130286052
:108D50007CE7B74210D1E378A2780B40002A07D114
:108D6000002B09D1FCF71EF96368984730003FE5F6
:108D70001A4201D09343F3E708347AE702009BE7F5
:108D80000024434B1B78002B04D10120AAE70124C7
:108D90006442F6E7E52F00D167E5039B072BF4D982
:108DA0003C4B1D783C4B2A001B78009322239A43AE
:108DB00026D0631C15D0009B002B15D1374B1E7895
:108DC000012E13D13800FCF7F7F8354D2B5D002B41
:108DD00000D0C3E5334B6200985CFFF719FB2E55BA
:108DE000BCE5009B002B01D0FCF7DCF8AD06CCD530
:108DF0003800FCF71DF90028C7D1FDF7FDF8C4E7DE
:108E00003E001D4202D08026B6003E433000FBF7F4
:108E10003BFE002807D1292F05D0234B009A1B7851
:108E20001A431300DEE73000FDF712FE0028DDD103
:108E30003800FCF7C1F8631C00D18FE5009B002BC4
:108E400000D08BE5154B1B78012B00D086E5174A27
:108E5000135583E50124002D93D107E00224FAE79E
:108E60000324F8E70B2F00D00AE72C0000260F4B55
:108E70000B4D1E552B5DB34200D119E7094B620023
:108E8000985CFEF7E7F92E5512E7C046B70B0000D5
:108E9000DA1B0020871B0020E21B0020D91B0020CA
:108EA000AF1B0020E0130100E11B0020AB1B0020E2
:108EB0000A4B8000C35870B55A1C0DD072B60F22F1
:108EC0001C00134094430E3A15009D4020002900D9
:108ED00005F069FBA56062B670BDC04630110100A7
:108EE0000300DA680800511C10B5D96019698A427C
:108EF00004D21C68002C02D05968A04710BD9B68A2
:108F00009854FBE7F7B51E00C36804000093089B64
:108F1000150001919B070DD0002D0DD1089B9B07DB
:108F200015D4F7BD20212000FFF7DAFF0137B74243
:108F3000F8D3F1E71700FAE7019B013D2000595DE6
:108F4000FFF7CEFFE8E720212000FFF7C9FFE36825
:108F5000009A9B1AB342F6D3E3E70000F0B58FB056
:108F60001D00169C04900392002921D123051BD4D7
:108F7000302304AA1372203B9C4301310A00A3074B
:108F800045D401231598234000283ED0002B3ED025
:108F9000039B002B02D10C331C4202D0159B013BDA
:108FA00015930A0030232AE0102DE7D1AC43E5E702
:108FB0006123A20600D541230E000027DBB20A3B45
:108FC000059329003000F8F7EDFE059BCAB2D318CF
:108FD0008446DBB2092901D83032D3B2082004AA72
:108FE0001218791CD355B542C8D82029C6D00F0015
:108FF0006646E6E7082604A88019835401321598CE
:10900000904204D9202AF5D101E0002BC9D13023A8
:1090100004E0082604A88019835401321498904271
:1090200001D9202AF5D1082D03D1914201D2102374
:109030009C432C4B1C423AD0230522D4002A20D03A
:10904000149B934202D0159B93421AD1914202D2B3
:10905000013A002A15D0244BEB40DB071FD5914283
:109060003DD2013A102D12D1A3062CD4202A10D1C2
:109070002022159B0498009406A9FFF743FF0FB028
:10908000F0BD102DF0D0022D09D1202AF0D062239E
:1090900000E07823082004A909188B540132202A03
:1090A000E6D00820302304A909188B540132202A65
:1090B000DED0039B002B0AD02D23082004A9091819
:1090C0008B540132D5E75823202AE3D1D0E7630738
:1090D00001D52B23F1E72307CBD52023EDE7102D76
:1090E000D3D1C1E710200000040001007FB5074B79
:1090F0000A0001930023029303930493044B01009D
:1091000001A8059305F06CFE07B000BD19580000DA
:10911000FFFFFF7F13B56B46DC1D0023010001221A
:1091200020002370FDF7C0F8207816BDF8B51400B4
:10913000D31D6A46DB08DB00D31A00AF9D4605004D
:10914000220068460E00FDF7AFF8220069462800AD
:10915000F8F77EFD002804D0220031002800FEF739
:1091600079FEBD46F8BD37B50D000400FFF7D2FF0C
:10917000A84206D06B460122D81D21000570FEF7DB
:1091800069FE37BD1FB50124FDF7DEFA00201A493C
:10919000FEF702FF00210220FFF7E5FF174B210039
:1091A00003201C70FFF7DFFFA42104204901FEF714
:1091B000F3FEFEF7E7F821000F20FEF715FF10225F
:1091C00000216846F8F7F0FC220068462521FFF7E9
:1091D000ADFF04211320FEF707FF1022002168468F
:1091E000F8F7E2FC042226216846FFF79FFF04F00F
:1091F000C5FF04F02FFE1FBDE3FE0000841B00200E
:109200007FB52A4A030CDBB2D45C050AEDB2230019
:1092100021000190002D2DD0062001AB1E78FF21EA
:109220007043F8F7C3FD5522524242437600B2180C
:1092300003265643FF21F6B232008E1B4B1B6A43B6
:10924000754312122D128A1A491B6343624361430C
:109250001B1212120912DBB2D2B2C9B2062820D8F0
:10926000F8F7C8FE040613161A1F040022000C00AB
:1092700021001400FF222000114010400902134079
:109280001B040843184304B070BD1A000B00EFE73D
:1092900011001A002300EAE722001C0013000A0054
:1092A000E6E7110022001C00F0E7C046280F01008D
:1092B000010030B5C0B2012916D9F723FF225B01A6
:1092C000994202D84A090832D2B20124A0184010AB
:1092D00005004543ADB2C3B2A94206D2013BDAB2A2
:1092E0009442F3D9013CE0B230BDFF28FCD00133F9
:1092F000DCB2F5E71FB51C0001904BB2080601D5A2
:1093000049424BB23820C01A80B292B25243404315
:10931000801880B2FFF7CCFF0323434301AAE4186F
:109320001470937810881B04184304B010BD00001B
:10933000054A064B11884B4305495B189BB2180A36
:10934000C018C0B213807047AE0E002005080000A0
:109350001936000010B50400FFF7EAFF6043001261
:10936000C0B210BD0F21430615D40B00020003400C
:1093700092060B49920F52005218517812784B43C3
:109380001B119B1840B2DBB2002801DA5B42DBB252
:10939000803BD8B27047C343DAB20B400133E7E7F2
:1093A000200F01001FB5040C01905008FFF7DAFFF1
:1093B0000200803AE4B2D3B2120603D580235B42A6
:1093C0001B1ADBB201AA1288FF2110005B000134D6
:1093D000DBB26343120A1B12084012020B401B044B
:1093E0001043184304B010BD30B585B00190C4B22D
:1093F0005008FFF7B7FF0200803A01ADD3B2120662
:1094000003D580235B421B1ADBB20D225B00DBB26B
:1094100053431B12E4182C70AB7828881B041843A4
:1094200005B030BD7FB50E00041C01901000FFF7A1
:1094300099FF30360E4B7600F35C01ADC018C0B218
:109440000200803AE4B2D3B2120603D580235B4215
:109450001B1ADBB20D225B00DBB253431B12E41874
:109460002C70AB7828881B04184304B070BDC0462C
:10947000B81201001FB53C23FF334B43154A01903E
:109480001168040CC918144B89B21879E4B2C008E9
:10949000013048430012C0B2FFF764FF0200803A77
:1094A000D3B2120603D580235B421B1ADBB201AA9A
:1094B0001288FF2110005B000134DBB26343120A03
:1094C0001B12084012020B401B041043184304B047
:1094D00010BDC04658190020101F0020024B1A78FA
:1094E000104318707047C04654190020F0B5037936
:1094F000070089B0002B00D1E6E10121FCF730F92B
:109500000022B84B05001A80B74B1A707B79934242
:109510000BD004F0C1FFB54B1860B54B1B78013B75
:10952000012B02D80122B34B1A70B34B1A78002AD0
:109530000ED02C2D00D1A5E1B04A954200D100E219
:10954000AF4A954200D1FCE1E02D18D000221A70FC
:10955000AC4A954200D118E245D8A84A954200D1BC
:10956000EFE12CD8E72D00D1BBE10BD8652D00D160
:10957000C0E1E32D00D1ABE12C2D00D182E1390017
:1095800028008EE1A423DB019D4200D1E2E19E4B45
:109590009D42F4D17B79002B00D0B0E09B4B3A8800
:1095A0009A4200D0ABE09A4B1A79012A00D1A6E08A
:1095B00001221A7100225A71964B0332DCE1904B62
:1095C0009D4200D1BDE1944BEB189BB2032BD6D842
:1095D000924BE8187B79022800D993E1F8F71EFD39
:1095E0009A01A201AB018E4AA81882B20E2AC6D8EF
:1095F0000E28C4D8F8F708FD0F002B0040005B00D0
:109600006E00B800C400E0003A01C3FFC3FFC3FF0F
:10961000C3FFD501EA017A79824B002A12D00124D6
:109620001C70FBF72FF97A4B1A78A2420BD000205E
:109630001C70FCF7D7FBFBF78FF97B4B1C7004F019
:109640002BFF00E01A70794B00221A8057E07A79DC
:10965000774B002AF6D001221A70FBF713F96C4BF6
:109660001A78002A02D15A78012AECD0012400226B
:1096700020001A705C70DCE77A796E4B002AE1D02A
:1096800001221A70FBF7FEF8614B1A78002A02D10A
:109690005A78022AD7D0002202201A705870FCF79C
:1096A000A1FBFBF759F901225F4B1A70C7E77A79E2
:1096B000614B002AC6D001221A70FBF7E3F8544B25
:1096C0001A78002A02D15A78032ABCD0002203203B
:1096D0001A70E3E77B79002B11D04D4B1A78022AE0
:1096E0000DD0022208201A70FCF77CFBFCF74EFE1E
:1096F000FBF732F900224C4B1A7004F0CDFE7C7956
:10970000002C00D111E24D4BEB189BB27F2B01D9FD
:1097100000F039FEEDB20F2D00D9C7E001219120F4
:1097200007AA04F0BFFB04AB1C7B002C00D0BDE0FB
:10973000002D00D060E10126079407A8FCF718FE71
:10974000002800D1B2E0012800D0A6E107A8FCF76C
:109750000FFE04000138032800D962E1F8F75EFC2F
:109760005C0168016E0174017B793549354A002B33
:1097700004D001230B7000231370C0E70B70FBE7CC
:109780007A79002ABBD1224B18795979012805D161
:109790000129B4D15A71FBF7DFF8B0E70029F9D1FC
:1097A0000122E3205A71FDF709FDE720FDF706FDD0
:1097B0006520FDF703FDEEE77B79002B9FD0224C5F
:1097C00023787F2B42D9FEF771FD7F222378134047
:1097D000002223700E4BDA70FBF7BEF80D4B03220C
:1097E0001A708CE7082F0020072F0020801A002015
:1097F000371B00207C1A00207B1A00202252000018
:1098000023520000037C000001520000020300000C
:10981000181100207A1A0020B787FFFFB687FFFFD4
:109820000082FFFFFC2E0020F82E0020FE2E0020DC
:10983000FB2E0020FA2E0020F92E00200089FFFFC9
:10984000351B0020341B00208A1A0020DB090BD1B5
:10985000FEF72CFD802322785B4213430122237004
:10986000C14BDA70FBF778F8C04BB8E77A79002A79
:1098700000D044E71A78002A00D040E7012119708F
:10988000BB4BADE77979002909D11B78002B06D0B5
:10989000B74A13780133DBB2032B17D813703900A2
:1098A0002C20FEF73DFF002800D028E7B14B1B78A5
:1098B0005B0709D07B79002B06D0AF4B5B785B0749
:1098C00002D50220FBF706FD09B0F0BD1170E6E7F6
:1098D000A54B5B79002B01D000237B713900E3207D
:1098E000DFE7A14B5B79002B01D000237B713900AE
:1098F000E720D6E79C4B5B79002B00D1FFE60023E5
:109900007B71FCE6002B00D0F9E69C4BDB78C72B83
:10991000AAD8F4E6002B00D0F1E6984BDB78002BB8
:10992000A2D0ECE6002B00D0E9E6944B1B79FF2B8C
:1099300000D0E4E698E7002B00D0E0E68F4B1B79DF
:10994000EDE77B79002B02D001228D4B48E7002206
:109950008B4B45E77B79002B00D0D0E6894B3A88CA
:109960009A4200D0CBE6804B1A79002A00D1C6E695
:1099700000221A71844B01321A70E220FDF71EFC9E
:10998000E320FDF71BFCE6200DE77A797F4B002AE8
:1099900005D001221A7000237B717D4B54E61A70AA
:1099A000FBE77B79002B00D1A9E67A4B1C681E6887
:1099B000FBF750F8E1046C4CB60424780300F20F76
:1099C000C90F0094744807F03BF998E679790029AB
:1099D00000D094E6644B01201C796B4A002C06D120
:1099E00018715C7103231370FBF7E8FBC5E719716D
:1099F0001070FBF7EFFBC0E7922C00D156E7200078
:109A0000012107AA04F04EFA04AB1B7B0134002BA2
:109A1000F2D1013DEDB28BE607A8FCF7A9FCFEF7F9
:109A2000E3FD300005F0FEFB002C00D085E63DE7AD
:109A300007A8FCF79DFCFEF7EBFCF2E707A8FCF794
:109A400097FCFDF707FCECE707A8FCF791FC002565
:109A500004000422514B1B5D134215D10120002D3F
:109A60000FD0FA22002392002800E917F8F78AFAAB
:109A700000234B4A80185941FA2200239200F8F73C
:109A80002FFB05F0CFFBCCE70A2307A85D43FCF7CB
:109A90006FFC303C65190400DBE70722414B1B5C7F
:109AA0000393C3081040404ADBB2D25C024111006C
:109AB000314004913D49C95C014131400D003C49B0
:109AC000CC5C04413440324205D0E120FEF718FC62
:109AD000300005F0A7FB002D05D0E620FEF710FCB6
:109AE000300005F09FFB03980021FEF76FFD30006A
:109AF00005F098FB002D05D0E620FDF75FFB300058
:109B000005F090FB049B002B05D0E120FDF756FBF0
:109B1000300005F087FB002C00D10EE62C20FEF76C
:109B200063FD300005F07EFB07E6224BE8180628AF
:109B300001D900F01BFCF8F75DFA0E12040B3F434D
:109B400047002623E1221100200006F0DFFCADE6ED
:109B50002723E522F7E72623E122E021F4E7272364
:109B6000E522E421F0E7C04618110020791A002010
:109B7000781A0020881A00208A1A0020101F00205E
:109B8000771A0020010300007A1A0020F42E00202A
:109B9000F62E002000040048A40E0100610C010014
:109BA000E7030000C6110100B6110100A611010073
:109BB000A6110100E883FFFF2623E122E221C3E78B
:109BC0002723E522E621BFE728230122E521BBE781
:109BD000012322781343237004202188FEF7DCF947
:109BE000FEF764FB62E60823627813432CE002234D
:109BF0002278EFE704232278ECE708232278E9E7CC
:109C000001236278F1E702236278EEE710232278DD
:109C1000E0E720232278DDE740232278DAE7FEF729
:109C200045FB802322785B42D4E70C2322789A43B9
:109C3000D0E7032362789A43D7E70122237893433E
:109C4000C9E70822637893436370C5E7022223784B
:109C5000F5E704222378F2E708222378EFE70122D0
:109C60006378F0E702226378EDE710222378E6E7D5
:109C700020222378E3E740222378E0E7FEF716FB73
:109C80007F2223781340A6E70C222378D7E703220C
:109C90006378D8E70122042023785907C90F8A4343
:109CA000910083430B430821D2008B4392E70121AB
:109CB00008006378DA07D20F904302228B430343F4
:109CC000410093430B43BFE7012223785906C90F94
:109CD0008A4392014021E8E7FEF7E8FA012223785F
:109CE000D9094A407F21D2010B4073E701210E20A0
:109CF000FFF739FA70E70021F9E701222378D90646
:109D0000C90F8A4312011021CFE7012108002378EF
:109D1000DA07D20F90430200C7E7012263781907E0
:109D2000C90F8A430821D2008B435EE755221B7876
:109D300093431900481E8141AB4A35201170002B16
:109D400000D10C3804F086FAFCF7F4F8AEE50120F7
:109D500003F052FFAAE5002B33D003F0AFFFA5E5D7
:109D6000002B33D003F0DCFFA0E5002B33D003F051
:109D7000F7FF9BE5002B33D004F016F896E5002B97
:109D800033D004F033F891E52222984B1B7813402E
:109D9000974AA8180E2835D8F8F722F9080ED9DD09
:109DA00011E216E71BEC20F1252A2F0003F034FF07
:109DB0000120FFF793FB79E503F042FFF8E7002B62
:109DC000CBD003F06DFF71E5002BCBD003F09CFFEF
:109DD0006CE5002BCBD003F0B1FF67E5002BCBD0B7
:109DE00003F0D0FF62E5002BCBD003F0EFFF5DE581
:109DF000002B04D004F01CF858E5002BFAD004F036
:109E000005F853E57B4B9D4215D07B4B9D421DD001
:109E10007A4BEB189BB21F2B1DD8002C2AD11F2385
:109E200001342B409C40E4B221000320FFF79BF952
:109E3000734B1C703AE50120002C09D0FBF7BEF9EA
:109E4000032202210120FBF71BFA2FE50220F3E792
:109E5000FBF7C0F9F4E7002C2BD06A4B9D421CD0D5
:109E6000694B9D4210D0694B01209D4212D0684B36
:109E70009D421AD0674B9D4211D0033B9D4218D1A1
:109E8000FEF714FAFCF734FA634B587801234007C5
:109E9000C00F5840FEF790F808E50020FAE7FCF7FD
:109EA00053FC00205D49FEF777F8FEF7FFF9FEF757
:109EB000ADF93B8806AD2B800698002C5AD0FBF7F5
:109EC00027FC040001000698FBF790F92A8807ABED
:109ED0001A8020000799FBF7E3F8FBF735FB002217
:109EE000BB797D791B0903934D4B041C05931B78AB
:109EF00004925B072BD00495954228D023041B0EB7
:109F000019000F329143402910D0C1B20A0000203D
:109F10002032D2B20490072A19D91F229343202B52
:109F200004D1012913D9039B834210D000223A4B5C
:109F300004925B785B070AD50220FBF7CBF9072276
:109F4000059B1B7813405A425341DBB20493230410
:109F5000180F0B2800D989E0F8F760F810001000FE
:109F600066006600DF00F30088008800FE006B01D9
:109F70007E017E01FBF762F90400A7E726052304B2
:109F8000360F1B0E0F2B00D93601E4B2002D13D073
:109F9000002E0DD023002033DBB2072B02D9214A3B
:109FA000002C00D1114A137833431370FBF7C2FF22
:109FB0002000FEF72DFA59E02000FDF74BF9002EA6
:109FC00054D023002033DBB2072B01D9002C03D15E
:109FD0003000FBF7D1F903E0124A1378B343137052
:109FE000FBF7A8FF42E0C046851A0020861B002030
:109FF000C087FFFF777C0000787C000020ADFFFF6A
:10A00000841B00205B7C00005C7C00005A7C00000C
:10A01000017C0000037C00008A1A0020FFFF000082
:10A02000881A00208C1A00200F22230426051B0EFC
:10A03000360F9343202B00D03601E4B2002C07D01A
:10A04000012C52D0039B002D5BD0002B2CD0AFE70E
:10A05000B34B5B785B0722D4002D05D0002E05D0D2
:10A06000B04A13783343BAE7002EB1D1049B002BDA
:10A0700000D19CE0059B1878012302001A40184289
:10A0800000D094E07A71C008FBF798F83800FFF729
:10A090002DFA059B1878C008FBF79CF887E0039B16
:10A0A000002D11D0002B03D13000FBF799FFDDE725
:10A0B000039B012BDAD19C4A1378190033433140BA
:10A0C0008E42D3D01370D1E7002BCFD13000FBF7F5
:10A0D0007FFF954A1378334201D0B3431370934AFC
:10A0E00013783342C2D0B343ECE7039B002D02D078
:10A0F000052BBBD8D8E7042BB8D83000FBF768FF96
:10A10000B4E7002BF9D05020392C00D0012005F005
:10A1100089F82000FDF79EF8A8E72005800F09D0F8
:10A120000128A3D10020854201D0A005800D04F0B4
:10A1300077F89BE7002D01D0A005800D04F056F8BC
:10A1400094E7E0B2002D04D003F038FF04F0D4F916
:10A150008CE703F089FFF9E723049B019B0F32D1C1
:10A16000002D22D1102023065B0F9B002107DBB2BC
:10A17000090F99400200C9B22240204203D00F22A9
:10A180009A40D243D2B224056948A40F022C14D0BD
:10A19000032C16D0012C04D003780A431A40027015
:10A1A00003E003780B431343037004F00FF800211E
:10A1B0003800FBF7D5FAFFF787FB03780A435A40CC
:10A1C000EDE70A43EBE7A3059B0FDAB2002D21D0A0
:10A1D000DB07EAD52206520F92002007D2B2000F09
:10A1E0009040C1B2102003002340204203D00F232F
:10A1F0009340DB43DBB22405A40F022C11D0032CC7
:10A2000014D04C4A012C08D010780B431840FAF7B0
:10A21000C3FFCAE7012AC8D9DCE71078084318430E
:10A22000F5E7444A0B4310785840F0E7194308001B
:10A23000EDE7E6B22405240F002D06D02000FAF742
:10A24000BDFF3000FBF7CCFEAFE73000FBF7C0FEF0
:10A250002000FAF7BFFFA8E7E6B23000F038042884
:10A2600043D8F7F7C7FE0326141B2200039B002DDB
:10A270000AD0042B99D80120E404E40EA0402D4B11
:10A280001B785840C0B2C2E7052B8ED8F3E7E00434
:10A29000C00E002DDDD1FAF791FF86E7281EB6D05B
:10A2A0000120E404E40EA040ECE71D4B5B785A0764
:10A2B00004D4E004C00E002DCBD0ECE7002D09D073
:10A2C000E004C00E5B07E6D50323C2001343059AE2
:10A2D0001370E0E70120FAF7FDFF039B012B00D884
:10A2E00063E70220FAF7F6FF5FE7039B002D08D033
:10A2F000002B03D03000FEF78BF856E7E004C00EC9
:10A30000C9E7002B09D05020392E00D0012004F0DD
:10A3100089FF3000FCF79EFF47E7E004C00E98E796
:10A320008A1A0020861B0020861A0020871A002027
:10A33000841B0020851B0020314A324B954200D1FE
:10A34000F4E422221B7813402F4AA8180A2800D9C7
:10A3500058E5F7F759FEFCFC00FD34FD05FD39FD1D
:10A360000AFD3EFD0FFD43FD14FD48FD244B9D42BB
:10A3700000D009E5254B35201B78002B00D10C3887
:10A3800003F09EFFE0E4224BE818062801D8FFF70F
:10A39000D2FB00221F4B1A701F4BEB189BB2222BD3
:10A3A000CAD80420FBF798FF1C4C1D4B2080E818EE
:10A3B000212801D9FFF70CFCF7F726FE3FFCA7FC8C
:10A3C00048FC19FC1CFC4BFC1FFC4EFC57FC28FCF9
:10A3D0009FFC2BFC5AFC2EFC5DFC86FC31FC60FCD7
:10A3E0008EFC37FC66FC6CFC22FC51FC25FC54FC0A
:10A3F0003BFC69FC79FC98FC9DFC15FC43FCAFFC24
:10A40000167C0000861B0020E087FFFF851A0020D5
:10A41000E883FFFF841A00200090FFFF8A1A0020C3
:10A42000FF8FFFFFF8B51A4883790F2B2BD843799C
:10A43000002B28D0174B05881A78174B46881C78B4
:10A4400007239C46154FA2421DD0D300DB19197972
:10A45000002919D01988A94216D15979002913D198
:10A460005988891B89B2C7290ED80F2410218279F7
:10A4700022400A4382719A79224011439971FFF771
:10A4800035F8FAF717FFF8BD634601321A40DAE7EC
:10A49000D01A00208E1A00208D1A0020901A002059
:10A4A000F0B5040087B00622010002A8F7F768FAA9
:10A4B000774E6579337922790193002B13D1002AE5
:10A4C0000FD0002D00D1DEE02000FBF773F900284B
:10A4D00000D1D8E0082221003000F7F751FAFFF749
:10A4E000A1FF012543E07379678800937388009981
:10A4F000FB1A9BB2002900D19FE0C72B67D8002A26
:10A50000EFD0B379328821880F2B52D891420DD1E8
:10A51000002D49D10F221340013213433000B37193
:10A52000FEF7E4FFB379A371002520E0002D3BD1B5
:10A53000267867782A003900300006F033FA2A00BE
:10A540003900300006F02EFA051EEDD10298FBF717
:10A5500021F9C3B200040F21020F032A0AD8012AED
:10A5600011D9000E014213D0A2790F2A10D8280069
:10A5700007B0F0BD06320A40012A0ED92000FEF7CE
:10A58000B5FF009DF3E7000E014201D0002BEED095
:10A590002033DBB2072BEAD9F0E7EF2BE7D90F33F3
:10A5A000DBB2022BE3D9E9E70123B2791343B3719C
:10A5B000BAE791422AD1002D28D1A3712000FEF7DD
:10A5C00095FF082221003000F7F7DAF989E7B3791F
:10A5D0000F2B08D83000FEF789FF08220021300039
:10A5E000F7F7E2FAA0E7002A00D17AE7318822885B
:10A5F00091420BD1002D09D12000A371FEF776FF07
:10A60000082229003000F7F7CFFA6AE72000FBF7AD
:10A61000D1F8002837D0002D35D0B3791F2B00D8C2
:10A6200058E7328804A80280019A4780027100220C
:10A6300083714271FEF75AFF4CE7C72BCDD8002A31
:10A6400000D14EE7002D1ED0328823889A4210D1C7
:10A65000B379DA07B5D40F2BB3D90F21A3718B438C
:10A66000F02BABD0A3791A09013212010B4013432E
:10A67000A3E72000FBF79EF8002800D02AE701237B
:10A68000B2791343B3712000FEF730FF29E7C046CB
:10A69000D01A0020F0B50D0A8BB0EDB202AA0290DC
:10A6A0005160002D02D000212F4B1970002302A908
:10A6B000CB81029B04AC04931679002E09D00121B2
:10A6C000200026716571FBF74BF801212000FBF794
:10A6D00047F8657106AD2100082228002671F7F7BA
:10A6E0004FF92800FFF7DCFE041E1DD11F4B204F41
:10A6F00000931B780822290008A801933E78F7F7F9
:10A700003FF92B79002B0FD00723751C1D40019BAF
:10A710009D4212D01748F6000822801908A9F7F7C1
:10A720002FF93D70FAF7C6FD0725104C104B207825
:10A730001B7883420CD10BB0F0BDFDF7B7FD009B39
:10A74000082221000C483C701C70F7F72DFAEBE74B
:10A75000084BC000C018FFF7A3FE0028EBD02378F9
:10A7600001332B402370E0E78C1A00208E1A002062
:10A770008D1A0020901A0020D01A0020F7B503F09F
:10A780008BFE094E84B23388A3420BD06D4600275E
:10A790002F8003F081FEAF80688000980199FFF759
:10A7A00079FF3480F7BDC046201A002010B5FAF7B3
:10A7B000DFF810BDF0B5C04B95B01A78BF4C01233F
:10A7C0000190824208D12378BD4A9B0712789B0FE3
:10A7D0009B1A5A1E9341DBB2BA4DAB7063796A780B
:10A7E0009A4205D00022110010006B70FBF7F6FAB8
:10A7F000019B2D2B31D8581E2C2835D8F7F70EFC8D
:10A800003D006900C800FE002F013301350137010A
:10A810003B013D01410143014501470149014B0114
:10A820004D014F0151015301570159019001F901A7
:10A83000380270027202740276023803D6033D04B5
:10A8400049044C044E045004520454045604580461
:10A850005A045C049604FA043405019BFF2B01D1D1
:10A8600000F005FD002066E0AB78002BFAD0002256
:10A8700011001000FBF7B2FAF4E7287803F0AAF908
:10A8800012AB18800322611C87B2C6B213A8F7F777
:10A8900077F81398FEF7B4FC03020404C2B21B0E4F
:10A8A0003F0A0092240E0293F3B29F4204D8002084
:10A8B0003F23BB4240413DE0834B6A789B5D1A4297
:10A8C00005D022003000029B0099FFF76FFF013690
:10A8D000EAE7287803F07EF983B2784F12AA1B0AC0
:10A8E00010800093BA78FB787E7813AD2E706A7072
:10A8F000AB70C4B21398FEF783FC02040302C1B22A
:10A90000120E1B0E0591039204933B79F6182E70DC
:10A910001398FEF775FC0126030405021B0EC7B24F
:10A9200002932D0E009AE3B29A421DD800203F23D5
:10A9300093424041C0B2634B1A7801321A7000282A
:10A9400001D000F0A6FC0221604A11709B78002B18
:10A9500001D000F09EFC019B002B01D000F099FC7F
:10A960000333137000F095FC574B564A1B5D527829
:10A970001A4207D0334207D02B003900029A200038
:10A98000FFF714FF0134CDE7049B039A0599F6E71E
:10A99000287803F01FF912AB1880237985B20133B0
:10A9A0009B08A778E6782D0A0093C4B2E3B29D42D3
:10A9B00004D800203F23AB424041BBE7424A414B11
:10A9C000125D5B78134217D041496300CB5C00995C
:10A9D0001B094B43394913AA497857705B18137008
:10A9E00096701398FEF70CFC02040302C1B2120E1B
:10A9F00020001B0EFFF7DAFE0134D7E7287803F0BA
:10AA0000E9F812AB1880237985B201339B08A77847
:10AA1000E6782D0A0093C4B2E3B29D42C9D92A4A0E
:10AA2000284B125D5B78134217D02A496300CB5C38
:10AA3000009913AA4B4321495B11497857705B1861
:10AA4000137096701398FEF7DBFB02040302C1B289
:10AA5000120E20001B0EFFF7A9FE0134DCE71E4892
:10AA600004F06CF967E71D48FAE71D48F8E71D4850
:10AA700003F058FE5FE71C48FAE71C4803F0C0FEED
:10AA800059E71B48FAE71B48EAE71B48E8E71B4879
:10AA9000E6E71B48E4E71B48F0E71B48E8E71B48EC
:10AAA000E6E71B48EAE71B4803F022FF43E71A48A2
:10AAB000FAE71A48F8E7C046D00E0020101F002021
:10AAC000CF0E0020CC0E002098130100D10E0020E4
:10AAD0001913010018130100A59300006958000024
:10AAE000B1580000055900003559000075590000A3
:10AAF000A9590000ED590000015A0000255A000034
:10AB0000495A00008D5A0000F5920000AD5A00002D
:10AB1000CD5A0000F55A0000315B00006D5B00006B
:10AB2000287803F057F812AB188087B2061C0A2168
:10AB30002079F7F7B1F8BE4B02301D68C0B2ADB254
:10AB400045432D123F0AEDB2F6B2F1B28F4200D862
:10AB5000ADE6B84AB84B925D5B78134224D0B74A51
:10AB60007300D35C6278202B20D9A378E0781B0295
:10AB7000134300042A001843FBF722F802040DAB2C
:10AB8000120E18705A701B88000213AA000E138050
:10AB900090701398FEF734FB02040102C3B2120E48
:10ABA000090E3000FFF702FE0136CEE7A378E07809
:10ABB0001B02134300042A001843FBF701F80204A8
:10ABC0000EAB120E18705A701B88000213AA000EEA
:10ABD000138090701398FEF713FB0204030210A970
:10ABE000120E1B0E4A708B700870D2B2C1B2DBB26B
:10ABF000D7E72E78002E18D122791032131CFF2AA5
:10AC000000D9FF238A4A013310689BB280B25843AF
:10AC100000120A2180B2F7F7C5F889B2002904D1E1
:10AC20004020FEF797FB864B1880300002F0D2FFE1
:10AC300013AB1880AB7884B2C6B2240A002B10D1B3
:10AC40007F4D288886420ED8A0420CD2C0B203F0B5
:10AC5000B1FE41232B8006E0300003F0ABFE01364D
:10AC6000F6B2B442F8D800203F23A342404161E647
:10AC70002E78002E17D122791032131CFF2A00D90A
:10AC8000FF2301339AB26A4B1B689BB253436D4A50
:10AC90001B1253436C4A9BB2934204D84020FEF7E8
:10ACA00059FB6A4B1880300002F094FF13AB1880F8
:10ACB000AB7884B2C6B2240A002B0ED1634D28882B
:10ACC0008642D0D8A042CED2C0B203F09BFEC0E7ED
:10ACD000300003F097FE0136F6B2B442F8D8C2E76E
:10ACE0005B48BDE65B48BBE65B48B9E65B4A504B58
:10ACF00012681B6800209A4200D91CE6AB78834298
:10AD000051D1287802F066FF0327C6B2774383B299
:10AD10001B0A0093524B10AA10800293FF18009A4E
:10AD2000F3B29A4272D813003F2A38D9551E032233
:10AD30005A434C49033A0298F6F780FEFEF7F8FAB8
:10AD4000800771D4FEF7F4FA06008020FEF702FBBC
:10AD5000E27813AB7F309A701E7058701398FEF72C
:10AD60004FFA01040202090EC0B2120E0326754307
:10AD70003B4BE8545B1959709A702279374D103269
:10AD8000131CFF2A00D9FF2311219BB259433648D7
:10AD90000912F7F70BF8264B1B68C0182860002033
:10ADA0003F23009AC4E5002211001000FBF716F8BB
:10ADB0002E4B2B4E0093FEF7BBFA0223184221D1F3
:10ADC000FEF7B6FA07008020FEF7C4FAE27813AB6C
:10ADD0007F309A701F7058701398FEF711FA0204B2
:10ADE000030211A9120E1B0E08704A708B70C0B2BC
:10ADF000D2B2DBB2B370009B307072700336B342D4
:10AE0000D9D17EE7002002000300F3E7094B6A78FE
:10AE10009B5D1A4205D03000BB787A783978FFF70D
:10AE2000C5FC033701367AE70020010002009DE7E8
:10AE30005819002098130100CC0E002019130100AE
:10AE4000A40E0020CDCCFFFF33330000A60E00205F
:10AE5000E993000025940000F95B00003016002003
:10AE60007015002073150020B80B0000301600206C
:10AE70000323E478FF2063439F10FBB22100079374
:10AE8000F6F794FFC3B20693AB78C54A0592002B40
:10AE90000CD0002211001000FAF7A0FF6022002160
:10AEA0000598F6F781FE0022BE4B1A700025BE4AB7
:10AEB000137801331370059B0093BC4B009EEB1875
:10AEC000039300230293B74B029A1B7813433AD1A2
:10AED000F5F7B4F9B64B984235DC009B1C70039B28
:10AEE0001B780493FF2B0ED03078079B834237D218
:10AEF000C01BE11B7843F6F759FFC1B20B002200DB
:10AF00000498FFF753FC029B10360133DBB2029327
:10AF1000039B10330393029B062BD4D1009B013576
:10AF200001330093102DC8D19F4B06991A788A429D
:10AF300001D100221A709B4A13780133DBB21C2B1B
:10AF400016D813708EE43378002BC8D09C42C6D933
:10AF5000954A069912788A42C1D1013B3370BEE707
:10AF600039006043F6F722FF0023C2B21900C7E799
:10AF7000002313700522059F601E503710217B1B94
:10AF8000052A03D15E5DB44200D158551E78A64211
:10AF900001D318701C740139C9B201330029EFD1F3
:10AFA000013AD2B21035002AE8D15BE4287802F0E9
:10AFB00011FE83B21B0A11AE308000932379013356
:10AFC000191CFF2B00D9FF217A4889B2F6F7EEFE53
:10AFD000347885B2009BE1B2994200D3DFE6764A2D
:10AFE000764B125D5B78134236D07548754F027808
:10AFF000013A52B2130631D52B00734A1779907873
:10B000000137D1783A1CFF2F00D9FF22013292B2CA
:10B0100053431B121A1C9BB2FF2B00D9FF22D243B1
:10B020004123D2B25A43684B12125B78D21812AB4A
:10B030001A70997058701298FEF7E2F80204030231
:10B0400013A9120E1B0E08704A708B70D2B2C1B2D7
:10B05000DBB22000FFF7AAFB0134BBE7BB5C8B42ED
:10B0600009D113000C335B00C3185E789B781B0278
:10B0700033439D42C1D8013ABCE75449504B1B7839
:10B08000013B181C002B00DA0020C0B203F0E2FCE8
:10B0900051E44E490020F9E74D49EFE74C49F9E703
:10B0A0004C49EBE74B49F5E74B49E7E74A49F1E7FC
:10B0B0004A49E3E74949EDE72E78002E17D1227976
:10B0C0000532131CFF2A00D9FF2301339AB2444BE7
:10B0D0001B689BB25343434A1B125343424A9BB2E1
:10B0E000934204D84020FEF735F9404B18803000D9
:10B0F00002F070FD13AB1880AB7884B2C6B2240A9C
:10B10000002B10D1394D2888864200D9ABE5A042EA
:10B1100000D3A8E5C0B203F047FD9AE5300003F084
:10B1200043FD0136F6B2B442F8D89CE52E78002EE5
:10B1300017D122790532131CFF2A00D9FF230133CE
:10B140009AB2274B1B689BB25343264A1B125343A8
:10B15000254A9BB2934204D84020FEF7FBF8244BCB
:10B160001880300002F036FD13AB1880AB7884B243
:10B17000C6B2240A002B10D11D4D2888864200D962
:10B1800071E5A04200D36EE5C0B203F04BFD60E56F
:10B19000300003F047FD0136F6B2B442F8D862E55C
:10B1A000361600203516002034160020B812010093
:10B1B00054555505FFFF000098130100CC0E0020E8
:10B1C0002619002037190020101F0020315C0000D4
:10B1D000735C0000E55C0000595D00009F5D0000AD
:10B1E00058190020CDCCFFFF33330000A80E0020FB
:10B1F000AA0E00202E78002E17D122790532131CBA
:10B20000FF2A00D9FF2301339AB2284B1B689BB257
:10B210005343274A1B125343264A9BB2934204D8F6
:10B220004020FEF797F8244B1880300002F0D2FC43
:10B2300013AB1880AB7884B2C6B2240A002B10D1AD
:10B240001D4D2888864200D90DE5A04200D30AE5AD
:10B25000C0B203F02DFDFCE4300003F029FD0136FF
:10B26000F6B2B442F8D8FEE41448FFF7F9FB0F4BEE
:10B270001B681B059B0F022B10D0032B12D0002242
:10B28000012B08D011001420FAF7A8FD02220C4B64
:10B290001A7015B0F0BD14211000F5E7142200213A
:10B2A0000800F1E714221100FAE7C04658190020FF
:10B2B000CDCCFFFF33330000AC0E002075940000AE
:10B2C000D10E00200023F0B599B0079372B6E94D76
:10B2D00003332A69E84C134380222B61236852020E
:10B2E000134323600123216880200B438021102613
:10B2F00023604903800323680B4202D02368034282
:10B30000F9D02368134202D023689B03F3D5236846
:10B31000334202D023689B06EDD52368DB0702D5B4
:10B3200023689B07E7D5236EDB0702D5236E9B07B7
:10B33000E1D5236EDB0502D5236E9B05DBD5636863
:10B34000CE4ACF4E134063606368CE4A13406360B9
:10B3500063680193A368A7680293A368E2680393F4
:10B36000120AC94BD2B25343C84A93420CD9C84AB5
:10B370005B08136003F0B2F9802362681B0132405E
:10B380001343636003F094F9072203216368934336
:10B390000B4363606368BF493340636063680B407D
:10B3A00063606068C0081040022800D1FFE20328F3
:10B3B00000D136E3013843425841B74B4042184070
:10B3C000C018B64B186063681B051B0F0B2B00D809
:10B3D00029E3060063685B055B0F0233DE40E02271
:10B3E000AB4BD2011E6061683300114206D03200BF
:10B3F00063689B049B0F0133DA401300A84AA249FB
:10B4000013602368A74A13402360F6F745FCE768FA
:10B41000A54B00021F40A54B0743E7609E4200D8A2
:10B420000BE303232A6913432B612368A04A0125F8
:10B43000134010222360236893432360236E9D4AA8
:10B4400013402366236EAB43236603F047F9802342
:10B45000E26B5B021343E3638023E26B9B021343C3
:10B46000E3638023E26BDB021343E3638023E26B3D
:10B470001B031343E3638023E26BDB011343E363AA
:10B4800062B68D4B8D4A00265A6104228C4C3100E5
:10B490001A828C4834321D705E60DE602570F6F7CB
:10B4A00083FB894B894A666015701A00B8321570A3
:10B4B00040221A85B4331A80854BA660E360FAF700
:10B4C00097FFFAF7F3FF834B1B78B34201D1FCF7E8
:10B4D0009FFDFBF747F9FBF72FFAFAF7BFFDF9F7E6
:10B4E000F5F9FBF791FA7C4B1B78022B00D0B7E201
:10B4F000F9F7B4F90022794B1A70012400223C219B
:10B50000774B78481C70784B1A70784B1980C023A1
:10B5100077491B040D6A05402B43C0250B620B6A5B
:10B520002D061B021B0A2B430B62724B724D1A70C5
:10B53000724B1C70724B1A70724B5D60724D1D60C5
:10B54000724B734D1D60734D5D60734B734D9A620A
:10B550001D630D6A284008629A601B605B60DA62B6
:10B560006F499A831961596101219D8B49422800D5
:10B5700099611100186259628031D96399656949EE
:10B580006948D960190048310C80684D68490560E8
:10B590000800684D0830C567080088300260080060
:10B5A000654D943005600800A03004600800022555
:10B5B000AC3005800800A830DA655A651A6503606A
:10B5C0005B640B00BC331C600B005C48B833B431C7
:10B5D0001A600A6003F074FF62B6594B2000DC70F9
:10B5E00005F004FA574B584A1A603A4B1B78002B67
:10B5F00001D1FCF70DFD102200215448F6F7D4FAD2
:10B600000022902101268C461100514B1A70514B9B
:10B610001A70514B67461800DC6F574301944E4C2B
:10B620009D6FE719019C5C30D8640434181DC06F0D
:10B630001B605B601E72FD6027006F435861C71975
:10B640001861586245489F61DC611D629962D96248
:10B6500018635B6372B61800743000781C6F093091
:10B6600080002418180088306360017062B60132CF
:10B67000903375E00020024000100240FFFFFF8F72
:10B68000FFF0FFFFFFFFFFF040420F00FF6BDC0207
:10B690009C160020FF8FFFFF00093D009816002038
:10B6A00020250020FFFFFFFEFF00FFFF3FE45904BD
:10B6B000FFFFEFFFFFFEFFFFA01600200008004085
:10B6C000501800207C180020C0160020EC16002026
:10B6D000281001001A25002018110020F82E002043
:10B6E0001E110020FFFF00FF512F00201611002027
:10B6F00000ED00E0012F00203F1901000E2F002077
:10B70000932F002010E000E0070001000018002047
:10B710000031002000400020B81900204C1001002A
:10B72000C8190020EC1900204C1300201C13002025
:10B73000A8120020A9D40000B90100004013002085
:10B7400010110020B00E0020115800003C180020FD
:10B750004D1800204C180020D40E00209BD700006C
:10B76000032A00D056E7C64BC64AD86F9D6F0430F7
:10B7700004006C431A651A1DD26F1B6014195A61BC
:10B780001A615A62C04A5B601E72D9609C61D861BE
:10B790001D629962D9621A635B6372B61A007432D1
:10B7A0001278186F1132920013508433197062B6F8
:10B7B000B64DAB78B343AB7072B6B54C2378012B62
:10B7C00007D08022B34B1206DA67BFF34F8FBFF367
:10B7D0006F8F002301222600636022700193F768B7
:10B7E000002F0FD07869002804D002210C30494284
:10B7F00003F02EFFB869002804D002210C30494222
:10B8000003F026FF0027019BF76001330193043604
:10B81000082BE4D102F032FE62B6322003F002FDC2
:10B8200072B69D4B202239009C486360F6F7BCF944
:10B830002378012B3DD102F0D9FD994A0F970F9B38
:10B84000934200D80FE17F26964B97491B68086802
:10B85000334003430B609549954B1B780878954915
:10B860000E7833430B7094490B7803430B7000231D
:10B870000F930F9B934200D8F9E02F238F4AC020EB
:10B88000116800060B4313601F238D4A11780B4388
:10B8900013701E238B4A11780B43C72113708A4AF9
:10B8A000890053581B021B0A0343535080231B0675
:10B8B00013600223237062B6AA78013B134332203F
:10B8C000AB7003F0AFFC72B602F03EFD00257F4B7B
:10B8D00018607F4B1D607F4B1D6062B67E4C2560FB
:10B8E00072B62368AB4202D0200002F099FD80219D
:10B8F0007A4B200009022561E360656103F03CFC9E
:10B9000062B602F05DFC02F023FC002801D102F0D7
:10B9100035FC002420000134E4B2FDF7C9FA102CF4
:10B92000F8D10F2501276E4C6E4E2068431C09D0BC
:10B9300072B6030039002B4099402022A84302F040
:10B9400032FE62B60434A642EFD1674D0C220021CC
:10B950002800F6F729F90C2200216448F6F724F9AB
:10B960000020FAF7B9FC624B984200D182E0FDF763
:10B9700009FC0220FDF7CEFB5E4B18700420FAF79D
:10B98000ABFC5D4C208004F00BFE0A2003F04AFC67
:10B9900004F006FE2B8801252B4200D1B6E0FAF711
:10B9A000D3FE00205549FCF7F7FAFAF7A1FC78001E
:10B9B000400BF8F75FFDFB2300229B05F7F7F0FD36
:10B9C000029B06001809C0B20F00F8F753FD0200F1
:10B9D0000B0030003900F6F7ABFE019B0F00190396
:10B9E000090F060001314648F6F756F9F8F742FD0F
:10B9F00002000B0030003900F7F7D2FD03220600E9
:10BA00000120039B0F0013409B189840F8F704FD9A
:10BA100002000B0030003900F7F7A4FAF6F780FBBC
:10BA2000CFE43748CDE4636806001B0500D4D6E4B4
:10BA300063685B055B0F0133D0E4324B9E4204D94F
:10BA400003232A699A43013BEDE42F4B03219E42D5
:10BA500003D92A6901238A43E5E42B698B43E3E494
:10BA6000F8F710FF49E50F9B01330F93E7E60F9BB3
:10BA70000133FDE602F06CFB002800D079E776E7A1
:10BA800088100020E41000209BD500000038024000
:10BA90005018002004E100E0581001005C1800205C
:10BAA0000E270000B0380240B438024092380240FD
:10BAB000903802409438024096380240A038024044
:10BAC000803802408238024000E100E01018002077
:10BAD0000C1800200818002014180020A9F10000FC
:10BAE0006810010080100100D61800202C180020DA
:10BAF000E3FE0000EE1800208A1A0020FFFF00007D
:10BB0000006CDC023FAEEB023F787D010320FDF7C5
:10BB100001FBDD4BDD4E187033781843031E01D056
:10BB200003112B400027DA4A1370FAF71BFED94B9A
:10BB30001022FF21D8481F70F6F736F8D74B102295
:10BB4000FF21D7481F70F6F72FF8D64D082217218E
:10BB50002800FAF7A9FBD44B1F702B78032B01D8D0
:10BB6000FBF710FC02F098FCD04BD14A1860D14B87
:10BB7000D1491B689B06DB0F1370CA782378D8095C
:10BB8000904206D0501E82417F20D20103401343D1
:10BB900023700B79002B07D03078F9F7EFFA0128E2
:10BBA00002D00120F9F70AFB0024C44B1C60C44BEF
:10BBB0001C70C44B1C80C44B1C70C44B1C80C44BF9
:10BBC0001C80C44B1C70C44B1C805C809C80DC803F
:10BBD000C24B1C70C24B1C70C24B1C70C24B1C7001
:10BBE000C24B1C70C24B1C70C24B1C60C24B1C7001
:10BBF000F9F772F9C14BC24A1C60C24B1C60C24BC0
:10BC00001C70C24B1C60C24B1C60C24B1C70C24BF0
:10BC10001A600122C14B1A70F9F7C4F9F9F7C2F999
:10BC2000BF4BC04A1C70C04B21001C70BF4B112081
:10BC30001C70BF4B14701C7054705C7094709C70BE
:10BC4000D470DC7002F00CF86A222300A9786878BE
:10BC500002F044F81C2320002B71FDF73FFCB54B8C
:10BC6000B54A1A600024B54BB54A1978B54D13781A
:10BC7000994252D00F24E85C013323400E3C052842
:10BC8000F6D8F6F7ADF940F5333A030D13700122FB
:10BC90000320AD4B1A70AD4BD87004F0A7FEE1E75E
:10BCA00000241370A84B1C70A94B1C70A94B1C706E
:10BCB00002F030FB06222100A748F5F775FFA74BDD
:10BCC00020001C70A64B1C70A64B1C7002F08EFA54
:10BCD000200002F0A5FA02F079FAA34B1C70A34BE6
:10BCE0001878431E98410130984BD5E713709F4B4D
:10BCF0001B78002BF8D10120F6E713700122934B3B
:10BD00001000DA70C9E70125904C28001370E57027
:10BD100004F06CFE2800A570BFE7002C00D0117065
:10BD200004F03EFC0023924A924CD05AE15A0A2B6E
:10BD300000D12BE102338842F7D08F4B059202935A
:10BD400000230193019B8B4A5B00D35A0493059B0C
:10BD5000049A1B88934200D186E06A461279002635
:10BD60000A92049A5A40019B09921A01834BD318F4
:10BD70000B9301230393039B099A13426AD0049AFD
:10BD8000134006930123B3400893029B089A1B8833
:10BD90001A4210D10A9B10AC6370267002F07CFB33
:10BDA00001232371069B60805A1E93416371109892
:10BDB0001199FEF76FFC0024069BA34205D10B9B53
:10BDC0009B5DFF2B01D007930134344F3B781B1947
:10BDD000082B1DDD0823611C1D1B2A00C91968489A
:10BDE000F5F7CEFD210009312A00C9196548F5F79C
:10BDF000C7FD610019316A00C9192948F5F7C0FD6E
:10BE0000210011312A006048C919F5F7B9FD3D70CC
:10BE1000002C16D007982149584B303040000A7842
:10BE2000C55C1B185B788C186372079B00206374D9
:10BE300013000C335B00CB1801326570587098709A
:10BE40000A70069B002B05D1029B089A1B8893431E
:10BE5000029A1380039B01365B009BB20393102E62
:10BE600089D1059B049A1A80019B01330193059B9C
:10BE700002330593029B02330293019B062B00D0F1
:10BE800060E702F009FB86E0841B0020851B002090
:10BE9000771A0020261900203F190020FD180020E5
:10BEA00016190020101F002054190020801A0020AD
:10BEB000181A00200008004818110020801B0020DC
:10BEC0007E1B0020DC1A0020DA1A0020D81A00207D
:10BED000721B0020741B0020761B0020DF1A00203C
:10BEE000E01A0020701B00203E1B00203D1B00209C
:10BEF0003C1B0020E41A0020D91B0020DC1B002082
:10BF000045840000B41B0020D81B0020F81D002031
:10BF1000F41D0020DE1A002038180020DA1B002053
:10BF2000871B0020AB1B0020881B0020AA1B0020C1
:10BF3000AF1B00202C2A0020B40E00204D1800203A
:10BF40004C1800203C180020D418002010110020AC
:10BF5000861B00208C1A0020711A0020701A002005
:10BF60006F1A00206E1A0020FC180020CF18002045
:10BF7000F0180020D6180020E2180020B8120100A6
:10BF8000FE180020061900200E190020884200D05B
:10BF9000D3E6FEF7F3FB904C0027266802F07CFA0C
:10BFA000831B0500019302F077FA2060010038003E
:10BFB0008A4B1B789C461C00894BF618761BC3B233
:10BFC0009C4511D8002F01D0844B1C70854D864FA5
:10BFD0002C783E78032C00D9A7E12000F6F71EF854
:10BFE0001F0039002C05390503007C4A0C335B0027
:10BFF000D218937855781B022B439E4204D2012716
:10C00000013CE4B20130DAE7019D5B199DB2029573
:10C01000FF252B405370029B1D0A9570F2E700220A
:10C02000724B73481A70734B293219606B49F5F7DC
:10C03000A7FC714B1B78002B07D1704B03221B7898
:10C040001C001440134200D09C0801233C702B704C
:10C050006BE13000FEF7AEFB002E00D165E1634BD3
:10C0600018780138C0B201F0B5FD654A0DAB127801
:10C070001880002A21D1634B1B78002B00D1CFE020
:10C080000024002320001A0019000134FEF78EFB63
:10C09000402CF6D15C4C2378182B00D998E0002373
:10C0A000C8211A000120FEF781FB2378312B00D82C
:10C0B000C8E00022544B1A70C4E01A7805925B78ED
:10C0C0000693524B1B781C1C042B00D9042402F04D
:10C0D000E3F906230134E4B21B1B80B218416B461E
:10C0E000002701901B7902935B00DBB2049303935A
:10C0F000FAB2130005993D33DBB2994259D806993B
:10C10000994256D94248434B0078434901380024AC
:10C110001B780978042821D8F5F76CFF030F195311
:10C120001F00552042430298039C8218D0B2120689
:10C1300014D5FF24241A640007E055205043AA2494
:10C1400000060BD4013CFF3C5443E4B206E00298E5
:10C15000C318552042439B18DBB2FF240EAA13706C
:10C16000517094700E98FDF74BF810AB18700400E6
:10C17000050400022D0E000E5D709870274BC0B2B2
:10C180001E78C8217043F5F711FEC3B2E8B2C8218A
:10C1900070430893F5F70AFEC5B2E0B2C8217043B8
:10C1A000F5F704FEC1B238002A00089B3D30FEF7C7
:10C1B000FDFA039B0137563BDBB20393032F97D164
:10C1C00059E7019A049C1206C8D5019AD443B2E7F4
:10C1D00000231A00190065E750190020FD180020FF
:10C1E000FFFF0000D10E00205C190020CC0E0020C3
:10C1F0002619002058190020FC180020101F0020CC
:10C20000B2190020282A0020102F002085100020BD
:10C21000B3190020B11900208410002086100020DE
:10C22000C24B1878002800D108E2C14B1B78022BC2
:10C2300000D9FFE1BF4AD05CBF4AD15CBF4AD25CA3
:10C24000F8F7F8FBBE4B1B78002B30D1B74B1B78AF
:10C25000002B2CD1BB4B1D78BB4B1C78042C00D180
:10C26000B8E3002D00D05BE3002C00D1CFE3012C1C
:10C2700000D1CFE3023C012C00D8CBE3B34A0EAB94
:10C2800052781A70FF225A70373A9A700E98FCF75B
:10C29000B7FF0204030210A9120E1B0E08704A70A9
:10C2A0008B70D2B2C1B2DBB23A20FEF77FFAA84B54
:10C2B0001B78002B39D1A74B1B78002B35D1A04B15
:10C2C0001B78002B31D1994B1C78002C2DD19F4B22
:10C2D000A14E5B780193A14B35881F5D002D00D1E5
:10C2E000A6E302F0D9F8401B80B2C72800D99AE330
:10C2F000019A0EAB1A70FF225A70373A101A9870D2
:10C300000E98FCF77DFF0204030210A9120E1B0E0B
:10C310004A708B700870DBB2D2B2C1B238000134FF
:10C32000FEF744FA0236242CD5D18D4C062221008A
:10C3300010A8F5F725FB6378042604930223E3563F
:10C34000052702930323E356A65701930023E757DB
:10C35000019AA370E37023716371029B134340D071
:10C36000804B1D8802F098F87F4A401B137880B2FA
:10C37000002B01D100F052FF142832DDFF2B01D039
:10C3800001331370029B002B08D001F0CFFD029AFD
:10C39000FF23002A00DDFE3B4343A370019B002BDB
:10C3A00008D001F0C3FD019AFF23002A00DDFE3B07
:10C3B0004343E37002202056002812D00323E356A3
:10C3C0000393002B0DD001F0A1FD002800D1013016
:10C3D000634DA870039801F099FD002800D149E34E
:10C3E000E8703B0033433CD0604B1D8802F054F8AA
:10C3F0005F4A401B137880B2002B01D100F008FF88
:10C4000050282EDDFF2B01D001331370544D002E28
:10C4100007D001F0ABFDFF23002E00DDFE3B4343C0
:10C420002B71002F07D001F0A1FDFF23002F00DDAD
:10C43000FE3B43436B7104202856002811D005268B
:10C44000AE57002E0DD001F061FD002800D1013063
:10C45000434D2871300001F059FD002800D10CE354
:10C4600068713F49049A4B7893421AD102228A5646
:10C47000002A02D0029B9A4213D1032008560028BA
:10C4800002D0019B98420CD10523CB56002B01D042
:10C490009F4206D1097949B2002902D102431343D0
:10C4A00001D002F029F8062210A92000F5F768FA59
:10C4B00001F08CFE2F4B1A78824202D0187001F0E6
:10C4C000EBFF2D4B1B78002B6ED000252B4B0195DD
:10C4D0000293029B1C68002C5BD0019B002B00D0B8
:10C4E000CEE2012672B6F3B2039320686369F1B21B
:10C4F0009847431E9841054362B6214801F03DFF2D
:10C50000002843D0A3692068F1B2984700283DD0A5
:10C5100072B61C4F63683A002068F1B2984762B661
:10C5200000201949BA6C03F015FF2FE07B1A002098
:10C53000781A00202B11010028110100251101009B
:10C54000282A0020DA1B0020D91B0020101F002001
:10C55000771A0020F82E0020EC1A00209412010017
:10C56000711A002060190020701A00205E19002046
:10C570006F1A002062190020B0190020600F0020FF
:10C58000D40E0020641900206A1900200136092EFB
:10C59000A8D1019B01330193029B90330293019B2D
:10C5A000032B96D1C14B1D7072B6C14F3B6F1B78E8
:10C5B000042B01D100F023FC62B601F06DFFBD4CED
:10C5C00005002378012B04D00022BB4B1A70BB4B13
:10C5D0001A802022BA4BBB4E1B6813409A06D20F1A
:10C5E0000192002B16D03778002F13D1B64B1A7852
:10C5F000022A0FD0022208201A70F9F7F3FBF9F78C
:10C60000C5FEF8F7A9F9B14B1F7001F045FF0122F3
:10C61000AF4B1A706B4620781B79337000230428C7
:10C6200001D900F0A9FCF5F7F9FC4F048504A90431
:10C63000B1045C05C8221100100001E6A34E337856
:10C64000002B56D0A04D2B78022B52D0002B1DD1A1
:10C650006A781800511E022902D80E32D0B2053372
:10C660009C4A9D4CD278012A1BD12278092A14D8E1
:10C6700003255D4399494A199378695C5278FEF71E
:10C6800095F82378132B00D913E5DBE5012B01D0B6
:10C690000300E5E712200323E2E700231A00190054
:10C6A000EDE7022A0ED12278182A07D803255D4328
:10C6B0008A494A199378695C5278F4E400231A0095
:10C6C0001900F0E403275F438449CA199378795C21
:10C6D0005278FEF76BF82378EF2B00D8B2E50023F1
:10C6E000237033702B78002B00D0ABE501227C4BFC
:10C6F000E1E47C4B1878002859D07B4B1B78012B48
:10C7000023D17A497A4B0A78012A06D900201A786F
:10C710000870032A17D9033A1A7000251C78754B44
:10C720001A5D754B585D00231900FEF73FF8230092
:10C73000783C0833DAB2E4B21B0600D414000135A9
:10C740000A2DECD17EE57F22E6E7022B0BD10024F7
:10C75000694BFF22185D002301341900FEF726F80B
:10C760000A2CF5D16EE5584B9E786D2E1DD80A2106
:10C770003000F5F71BFB0027FF24C5B2142E06D9A5
:10C7800000243223B3426441FF276442E4B200260E
:10C79000F3B29D4200D855E5574B3A00985D210011
:10C7A0000023FEF703F80136F2E70A25E8E7534EC7
:10C7B000534D33782A781900474C11434CD02178D7
:10C7C00018292DD8002B23D0C82211001000F8F70B
:10C7D00031F94C4B1B78002B00D133E53A4A1378E2
:10C7E000012B00D192E0022B00D194E0002B00D06D
:10C7F00028E55378022B4ED0032B51D0012B00D0CB
:10C8000020E5C7331A0019000F20FDF7CFFF19E507
:10C81000002ADED0C82211001C20FDF7C7FF05E06A
:10C82000002B0ED002000100F8F704F92378312B19
:10C83000CFD9002323703378002B07D0013B33700E
:10C84000C7E7002AF2D01A001900E5E72B78002B81
:10C85000BFD0013B2B70BCE721701B4C2578022D0B
:10C8600017D101F0BFFC054213D0274B1B78002BDA
:10C870000FD0C8231A0019001C20FDF797FF637919
:10C88000002BA6D0C82336201A001900FDF78EFF12
:10C890009FE70023EEE7C82310201A001900B4E731
:10C8A000C82311201A001900AFE7C046B0190020B4
:10C8B00088100020371B0020072F0020082F0020A1
:10C8C00000080048181A002018110020F82E002037
:10C8D0007C1A00204B2F0020102F00200A1101008D
:10C8E0000A2F0020351B0020002F00200F2F0020D2
:10C8F000341B00208010010000110100791A002073
:10C900007A1A0020771A0020012F0020C823122055
:10C910001A00190079E7C82313201A00190074E7D8
:10C92000042C57D0022C78D0032C7AD0012C04D0C0
:10C93000002C55D00026FF2450E0C34B1D78002D5D
:10C9400001D000F071FC2C00FF26C04B1B68019346
:10C95000002B01D09B8A019384273800FF2170436C
:10C96000F5F724FAC3B23800FF2160430293F5F7CC
:10C970001DFAC3B23800FF2168430393F5F716FA96
:10C98000029B039AC1B20198FDF710FFB04B1A78D1
:10C99000131C642A00D964230320DBB258436421AA
:10C9A0006330F5F703FA3D27C3B201933800019BCA
:10C9B0003D38C0B222002900B446834202D800228A
:10C9C00011009446380063460137FDF7EFFE402F13
:10C9D000ECD153E4FF242600002DB6D00025B4E7A7
:10C9E0009C4B1C68002CA5D001F056FD974B9A4A31
:10C9F0001B68001B90429DD8002B9BD09E69002E87
:10CA000098D0350C340AEDB2E4B2F6B29DE72600B8
:10CA1000FF259AE72E000024FAE78026002435003F
:10CA200093E78026F7E700210B000A00318075E4C8
:10CA30002B002A00290071E4884B894A1E70894B1B
:10CA40001B789B079B0F1370F9F7EAFE0323FFF790
:10CA5000FEFA854B1B78002B01D001F0FBF9834BCC
:10CA60001C6801F019FD001B0F2800D85DE40023AD
:10CA7000FFF7EDFA0123EB70B3E401236B71F0E4EF
:10CA800072B60021636920689847431E98410543A8
:10CA900062B602988C3801F070FC002800D178E56D
:10CAA0000021A36920689847002800D171E572B67B
:10CAB0006F4E0021320063682068984762B66B466B
:10CAC0006C491879B26C03F045FC62E50023637091
:10CAD0000C33A37010E060780138032830D80023AD
:10CAE000F5F788FA02171A2601F0D6FC030EA37098
:10CAF000030CE37040BAA0805F4B1B68002B00D191
:10CB000052E55B69002B00D14EE5202120009847BB
:10CB10004AE501F055FBE9E7002322001900A5785A
:10CB2000E81802320528E7D8517091700133F7E711
:10CB30006380A380E0E76378022B04D0052B0FD03D
:10CB4000FF232370D8E712230CAA9B1859881A8850
:10CB50000904114309BA2D20C9B2FCF704FBCBE745
:10CB6000002001F049F8C7E7617800200429C1D806
:10CB7000A278052ABED8E3780F2BBBD8C0254D4339
:10CB80005201AD185B00ED1828002E30FCF7C2FAF8
:10CB9000060228002F30FCF7BDFAB6B2304380B24F
:10CBA000A8E7A388E2785BBAA17860789BB201F02D
:10CBB0005FF9A1E7FBF7D2F89EE76278032A6FD10D
:10CBC000082B2ED0092B68D0A0780138032893D8E1
:10CBD000F5F710FA020E1B22C9220CABDB7C5A437C
:10CBE000204B120A99785878002301F077F883E7F0
:10CBF000E378002B02D101F023F87DE701F00CF877
:10CC00000021E07801F02CF876E7164BE27800205E
:10CC10001A71FCF763FC6FE7124B2179DA78E07840
:10CC2000E2E7A0780138032800D965E70D4BF5F756
:10CC3000E1F902252D2FFF20DB78C8215843F5F7B5
:10CC4000B5F8E07058E7C046E21B0020801B0020CA
:10CC50002A2A0020E41A0020B70B0000D00E002082
:10CC6000CF0E0020101F002054190020581900205A
:10CC7000641900206A1900202C2A00201A78002349
:10CC80009107994200D09308E37035E71B79FBE7E1
:10CC90005A78E2709B7823712EE701F0DBF82BE7DE
:10CCA000022A00D04CE7082B1FD0092B00D123E724
:10CCB000A0780138032800D91EE7F5F79BF9020692
:10CCC0000E10C44BE2781A7016E7E378C24A13706C
:10CCD000591E8B41C14A13700EE7C14BF2E7C14B9D
:10CCE000E2781A70C04B2279EDE7A078013803286A
:10CCF00000D901E7F5F77EF902050C0EB54B1B785C
:10CD0000C2E7B64B1A7800239A42BDD0B24BF6E781
:10CD1000B34BF4E7B34B1B78E370B34B1B78BAE724
:10CD200010236370E8E6002363709233D1E60CAB06
:10CD3000D97C11230CAA9B1858781A78000210434A
:10CD400040BA80B211AA01F0ADF8D5E61123270050
:10CD50000CAA9B185D781A782D021543E6786DBAF7
:10CD6000ADB27619AE4200D1C6E6912D04D89F4BE4
:10CD70003979E818FCF7F7F901350137F2E701F0E6
:10CD8000A9F8B9E60523CCE71123F02726000CAA61
:10CD90009B185D781A782D021543E3786DBAADB211
:10CDA0005B190193BF00019BAB4200D1A4E60020B8
:10CDB000BD4203D228002E30FCF7ACF930710135AA
:10CDC0000136F0E71123F02726000CAA9B185D78A6
:10CDD0001A782D021543E3786DBAADB25B19019351
:10CDE000BF00019BAB4200D186E6BD4204D22800C1
:10CDF00031792E30FCF7B7F901350136F1E762B62B
:10CE000072B6002510AB0193794B9C6A002C08D1B7
:10CE1000DA68002A34D05A69141D12689C62A2187C
:10CE2000DA62FB6A02932023029A5B1B161B9E4266
:10CE300000D91E00210032000198F4F7A1FD019BEA
:10CE40006B489B190193029BA4198462AD19A342FC
:10CE500011D8C368C269013BC36043699B188269EA
:10CE60004361934201D3436A436100238362036BAE
:10CE7000002B00D0984762B61F2D02D872B6C3E7C8
:10CE800062B66A426A415B4B1A70202D01D0FFF7EF
:10CE900094FB10AC2378581E122800D950E6F5F701
:10CEA000B3F815FE1AFE4AFE63FE80FE89FE8CFE74
:10CEB0008CFE8CFE4FFE4FFE3FFF42FF46FF55FFAC
:10CEC0006EFF71FF73FF91FF4B4B1B78022B24D039
:10CED0004A4B1D6801F0E0FA494B401B98421CD9AF
:10CEE000484B1B78002B18D19023DB051B68DB0611
:10CEF00013D4454B1D78002D0FD10126267001F06B
:10CF0000CBFA424B96301860414B1D705E71414B1D
:10CF10001D70414B1D80414B1E70F7F79BFD404E2D
:10CF2000040033783F4D834200D00EE100232B7084
:10CF3000FEF798FE3C4A1578002D0CD01370374A46
:10CF400023701370344A1380314A537101F0A4FAEC
:10CF50002A4B1860E1E72D4B1E6801F09DFA801BFB
:10CF60009528DAD901222D4B1D702B4B1D802F4B9C
:10CF70001A70FBF779F902232370CEE72A4A117859
:10CF80000029CAD01370FAF7DDF8C6E7274F1F4E05
:10CF90003B78002B10D1264A13700122254B1A70C2
:10CFA0001C4B1A7001F078FA01F076FAC8239B0046
:10CFB000C01830600423DFE7356801F06DFA96236E
:10CFC000401BDB009842A8D31B4A1378012B35D8AD
:10CFD0000133D7E786100020B3190020B2190020D2
:10CFE00085100020B119002084100020EE030000FD
:10CFF000881000200C11002018110020801A002039
:10D00000DF930400D52F0020022F0020381B0020C2
:10D010004B2F0020F82E0020082F0020072F002083
:10D02000242500201C1A00207C1A00201E1100203C
:10D030001D1A0020122F00201F1A00207C4B1A7886
:10D04000002A4CD101251D7080237A4ADB00D16B68
:10D050003D700B43D3630222774B19680A431A6071
:10D060001A682A431A60F9F7C3F9F9F71FFAF9F7B2
:10D0700079FBF9F761FCF9F7C7FC704B1B78022BC1
:10D080002AD1F7F7EBFB3D7000253C226C4B1D705D
:10D090006C4B1A806C4A6D4B116A1940C0231B04FB
:10D0A0000B43C0211362136A09061B021B0A0B43C0
:10D0B0001362674B1D705D71664B1D70F7F706FCC0
:10D0C000654B1D70654B1D7001F0E6F99623DB0082
:10D0D000C018306003234FE7F7F7D4FBD3E7FBF723
:10D0E00095F85F4B1B78002B0FD15949534A49786B
:10D0F0001278914209D15B4A237013705A4A137017
:10D100004B4A1370594B1D6007E7594E376801F0C1
:10D11000C3F9C823C01B9B00984212D3524A13780C
:10D12000022B09D8013313700122524B1A70C82305
:10D130009B00ED183560F0E600234A4923700B7020
:10D14000DDE701224B4B1A70E7E62B784A4F01933B
:10D15000002B06D101332B7001F09EF93880FEF7C9
:10D1600081FD3F8801F098F9C01B80B2632801D887
:10D17000FEF778FD00223470304E2A707378012C4F
:10D180000DD0022C06D0944201D0FEF76BFD1D009D
:10D19000022405E0591E01251400022900D81D00B3
:10D1A0003278A24216D1002C01D0FEF75BFDAB42D3
:10D1B00001D1FEF757FDF7F765FB0023757033705B
:10D1C000022D23D0032D21D00120012D1BD0F7F7F4
:10D1D000C3FB0BE0022C10D108203470F8F702FEDC
:10D1E000F9F7D4F8F7F7B8FB00230193234B019A22
:10D1F0001A7001F051F9FEF735FD012CDBD1F7F77C
:10D2000041FB00203470F8F7EDFDE0E72800FAE775
:10D210000A2801DDFFF7F8F8FFF723F90A2801DDF6
:10D22000FFF7AEF8FFF7DDF80026FF24FFF7F0FB6D
:10D230001E1A002000100240002802401811002091
:10D24000512F00201611002000ED00E0FFFF00FF2D
:10D250004B2F0020072F00200E2F0020932F00209F
:10D260001E1100201F1A00201D1A0020801A002005
:10D27000381B0020122F00201A1A0020F82E002040
:10D28000014B58787047C046101100200023F0B5BC
:10D29000394C743085B06360C178827809020A43E2
:10D2A000090A03291FD00DD801295ED018000229D0
:10D2B00001D132485B3360602360002800D0200039
:10D2C00005B0F0BD42790579120218002A432129E0
:10D2D00044D02229EFD1022AEDD8294B9100C85819
:10D2E000284B9B5CE7E7D2B21800032AE3D8100072
:10D2F000F4F780FE3E02050812232348DBE71623DD
:10D300002248D8E7224B1E78002E24D1012231007A
:10D310001A7068460F32F4F747FC6D4631001D4B1A
:10D320004A10AA5C1C481709C75D4E009E19B770C9
:10D330000027BC46F7700F374E1C3A40825C7600DF
:10D340009E19B27062460231F2702029E8D1423251
:10D350001A703F3A5A700F480378ACE7022AAAD8ED
:10D360000E4B9200D0580923A5E712230C48A2E7E0
:10D3700004230C489FE7C046EC300020C81A010087
:10D38000381B0100351B0100B01A0100981A01007A
:10D39000A6300020A7300020871A0100441B01009E
:10D3A000231B0100C41A01000368002B07D0910061
:10D3B0001960511E8A41024B19780A431A7070474E
:10D3C000B01900200368181E02D018688008C0B287
:10D3D000704700000368002B01D10020704772B62F
:10D3E00003681A68998862B6002AF6D00020044BB8
:10D3F0009B8B5B1A9BB293424041C0B2EEE7C046A2
:10D40000B81900204B1E072B0BD889000B58002B96
:10D4100007D091001960511E8A41024B19780A43C6
:10D420001A707047B019002003000020082906D8A0
:10D430008900CB58181E02D018688008C0B2704707
:10D44000082901D900207047890040180368002B83
:10D45000F8D072B603681A68998862B6002AF1D0CB
:10D460000020044B9B8B5B1A9BB293424041C0B29D
:10D47000E9E7C046B81900200A4BC2B29A730122EC
:10D48000002805D1597C114201D0987DC0B2704767
:10D49000197D00201142FAD09A7DD87D00028018B3
:10D4A000F5E7C04600380240FEE7036910B5196091
:10D4B000C268013AC260C2699B18826903619342E3
:10D4C00001D3436A036100238362036B002B00D006
:10D4D000984710BDF0B501268E40002745891C00F5
:10D4E000354345818D1CAD00401940681425806985
:10D4F000826003604760C7607F2001404D4315484C
:10D5000040190500B8352D78BD420AD0124DAE7BCA
:10D51000A973F6B2BB4205D1B94201D10F4B1970C4
:10D52000AE73F0BD002AFCD0BC239C468444634605
:10D530001A600200C430C03214600760002903D1B1
:10D540000322064B1A70EBE701238B40044ADBB23F
:10D550001370E5E7C016002000380240503000206C
:10D56000823802400300006F10B50278042A13D1FC
:10D570001A007432117801228A40448922420BD168
:10D580001A695C69A24202D1DC68002C04D1DB6913
:10D590000432043BFFF79EFF10BD10B5406BFFF750
:10D5A000E1FF10BDF8B507000020104C0D00A67B70
:10D5B000A073F6B2FFF760FF002811D080B2031C01
:10D5C000A84200D92B1C002209499BB29A4209D3D8
:10D5D0006C22237D93432375237D6B3A93432375FC
:10D5E000A673F8BD0878B8540132EFE7003802405E
:10D5F0002038024010B50A4B9A7B9873D2B20028AB
:10D6000006D010219873587C014359749A7310BD49
:10D61000072404490C7098736021587CF4E7C046D5
:10D6200000380240503000207F23F0B51840002918
:10D6300001D1002A0FD104261E4B9C7B98735D7C80
:10D64000E4B2354202D05D7CB5435D7401265D7C59
:10D65000354201D09C73F0BD002A03D15A7C32437D
:10D660005A74F7E79D7B9873EDB2002807D15E7C72
:10D67000B6070DD59D730122597C0A43F0E75F7C04
:10D680003742F7D11F7C9D73FEB2002FF3D001E02B
:10D6900040269D73084D80004019151CB24200D9E8
:10D6A000351C0022ADB28E5C013206709542FAD86C
:10D6B000E1E7C0460038024020380240F7B5274B6A
:10D6C0007F250193142305406B4300910199CB18EA
:10D6D00018002C30007800280BD0214C0120A67BAC
:10D6E000A573677CF6B2390001408C46074201D031
:10D6F000A673F7BD07000099AF40196361469963AF
:10D700001849FFB25A630F70002A0FD1002D0BD1B8
:10D71000019BDA8C144B002A04D104321A700A23BC
:10D720006374E5E70622F9E76074E1E700990029F0
:10D73000DFD01F8D974200D9170028000099BAB298
:10D74000FFF772FF0123002DEAD1074A1370034B44
:10D750001B8D9F42E3D30223E2E7C046C0160020A0
:10D7600000380240803802405030002070B504007C
:10D7700008000125854011001A0023892B432381CD
:10D78000831C9B00E418636800245B6999601A603D
:10D790005C60DC60FFF792FF70BD436B10B5186FE3
:10D7A0000278042A11D11A007432117801228A40B9
:10D7B0000489224209D15A691C69944202D1DB686A
:10D7C000002B02D108CAFFF7D1FF10BD10B50F24FE
:10D7D000054A11784B1C2340044C24789C4202D00B
:10D7E000034C1370605410BD4D1800204C180020DD
:10D7F0003C18002010B50B4B9A7B9873D2B20028CE
:10D8000006D020219873187D014319759A7310BDB5
:10D81000072405490C7060219873587C01435974A2
:10D82000F4E7C046003802405030002070B50500D3
:10D8300064350400287800283AD00638C3B20F2B8C
:10D840002ED80F282CD8F4F7D5FB332B2B08212CFE
:10D850002B2B2B2B2B2B2B2B333323007A331A78A8
:10D860005B78E06E1B02134398420FD2E368198A7B
:10D87000F4F798FA002909D172B60B000A002000CB
:10D88000FFF774FF62B60A232B7009E014232B7094
:10D8900072B6002320001A001900FFF71BFE62B6C3
:10D8A00070BD236F002B01D0200098470023EBE7C9
:10D8B0000020FFF79FFE0020FFF79CFF63681B68B6
:10D8C000002B02D00621200098470623DCE770B524
:10D8D000050064352B780400142B24D017D8062BB0
:10D8E00006D002D8002B03D070BD093B022BFBD819
:10D8F0000020FFF77FFE0020FFF77CFF63681B68B6
:10D90000002B02D0062120009847062315E0152B96
:10D91000EAD10A3B2B7072B600231A001900FFF7F8
:10D9200025FF62B6E0E7C3689B695B68002BDBD12B
:10D93000036F002B00D0984700232B70D4E70368B7
:10D9400010B50400002B08D09A6C981D0021F4F744
:10D950002BF9002223681A609A8010BD70B505006B
:10D96000040024352368002B08D09A6C981D0021F0
:10D97000F4F71AF9002223681A609A800434AC4242
:10D98000F0D170BDF0B58E008619506985B00C00DD
:10D990001500F260002803D014220021F4F704F9E6
:10D9A000A869002803D014220021F4F7FDF8002C08
:10D9B00012D140215E4B5F4A180011801A00198570
:10D9C000B632190014700122B8302A312C3302709B
:10D9D0000C701A7005B0F0BD7F2121400629F9D8DE
:10D9E000F468236800930323009A13405A1E022A06
:10D9F00000D99AE01B02013BFF3B4F4A0193937B06
:10DA0000DBB202939173A3699C46181E2AD014239B
:10DA10004B434748658AC0180300B4331D80060095
:10DA20000323009FB6361F4037700127B8300770B8
:10DA3000E8B29173D074019B507D5E425E41B601A5
:10DA40003043802603235075107D30431075380015
:10DA5000984080B2854204D90133102BF7D10023BE
:10DA600018009BB26669002E28D014234B4330481F
:10DA7000009FC018050003232A351F40248A2F70F9
:10DA8000012704852C300770E0B291731074019B5C
:10DA9000957C5842584180010543402003239574EA
:10DAA000557C284350743800984080B2844204D991
:10DAB0000133102BF7D1002318009BB20A2B2DD86D
:10DAC0006446033B1A4D9BB2002C12D06C689173D4
:10DAD000E708FFB29777D77F6404240F2743D777EF
:10DAE000D47F5F013C43E4B2D4771024177D3C43DC
:10DAF0001475002E12D06C689173E108C9B21177C9
:10DB0000517F6404240F21435177517F5B010B4304
:10DB1000DBB253770823517C0B435374044B596891
:10DB200040185860029B937354E7C0239B0064E73E
:10DB3000C01600207417002000380240006810B59D
:10DB4000002806D0034B9B8B826483800630F3F75A
:10DB500017FF10BDB81900200168130010B5002987
:10DB600005D08A6C981D9A640631F3F709FF10BD41
:10DB70000B7810B5082B0AD89B001858002806D03F
:10DB8000034B9B8B826483800630F3F7F9FE10BD54
:10DB9000B8190020030010B51000082909D8890021
:10DBA000C958002905D08A6C063182640630F3F723
:10DBB000E7FE10BD064B10B5D968087518680268F5
:10DBC00053601A6001220275D860F2F7E5FA10BDC1
:10DBD000B81900200D23584382B0C0B201AA1070BA
:10DBE000C018031CC0B2402800D940231078DBB213
:10DBF0001B02184302B07047012310B5044A117884
:10DC00004B4013700022034B1A70FBF767FC10BDEA
:10DC1000101F0020D10E0020074B032219780800A6
:10DC20001040114201D1054A107003221978914326
:10DC3000023A0A431A707047101F0020D10E0020CC
:10DC4000054B1A78920702D00021044A1170032173
:10DC50001A788A431A707047101F0020D10E0020D6
:10DC6000020008000C4910B50B789B0712D0012365
:10DC7000002A04D02C339A4201D8123313400324D3
:10DC80000A789B002240134300220B70034B1A704A
:10DC9000FBF724FC10BDC046101F0020D10E002051
:10DCA000054B10B51878800801302D2800D90120C7
:10DCB0000121FFF7D5FF10BD101F0020064B10B546
:10DCC000187880080138C0B2002800D12D30012119
:10DCD000FFF7C6FF10BDC046101F002070B5084CEE
:10DCE0000500180023789B0709D06570A170131CEC
:10DCF000C82A01D9034B1B78E370FBF7EFFB70BD1B
:10DD0000101F0020E017010010B5044B5878DA7896
:10DD1000997808300123FFF7E1FF10BD101F0020A4
:10DD200010B5054B5878DA780838997880B2012315
:10DD3000FFF7D4FF10BDC046101F002010B50748E4
:10DD40008378C2781033191CFF2B00D9FF210123DF
:10DD50004078C9B2FFF7C2FF10BDC046101F0020B7
:10DD600010B507488378C278103B191C002B00DAE5
:10DD7000002101234078C9B2FFF7B0FF10BDC046B3
:10DD8000101F002010B50748C37810331A1CFF2B52
:10DD900000D9FF22817801234078D2B2FFF79EFF9D
:10DDA00010BDC046101F002010B50748C378103BB7
:10DDB0001A1C002B00DA0022817801234078D2B2AD
:10DDC000FFF78CFF10BDC046101F002010B5064A9B
:10DDD00013791033191CFF2B00D9FF210120117179
:10DDE000FBF77CFB10BDC046101F002010B5064A93
:10DDF0001379103B191C002B00DA0021012011714E
:10DE0000FBF76CFB10BDC046101F002010B5064A82
:10DE100006495379FF3B58424341CB5C0120537183
:10DE2000FBF75CFB10BDC046101F0020501B01001B
:10DE300010B5064A06495379FF3B58424341CB5C33
:10DE400001205371FBF74AFB10BDC046101F002094
:10DE5000501B0100082210B517210348FBF766F993
:10DE60000022024B1A7010BD101F00205419002010
:10DE700070B51D00042813D8052911D80F2A0FD812
:10DE8000C02343434C015200A418E4182000290A7F
:10DE90002E30FBF768F92000E9B22F30FBF763F969
:10DEA00070BD0000F8B504000E00170005002B1B24
:10DEB0009BB2B34200D3F8BD1B190020912B03D8AD
:10DEC000034BE818FBF726F93B1B58550135EEE7E5
:10DED000EE030000F0B585B0102200216846F3F78C
:10DEE00063FE0A269224084F2500102C00D9102525
:10DEF00039002A006846013EFBF718F97F19641BB8
:10DF0000002EF1D105B0F0BDEE030000B523434370
:10DF100098B2002B07DA803B1BB2D817C0B2C018EA
:10DF2000001240B27047803080B2F9E710B50D4B57
:10DF300014201B78DA0712D400189A070FD428305F
:10DF40005B070CD4084B48381B78002B07D04830AF
:10DF50001D2B04D81E215843F3F728FF80B2C0B20E
:10DF600010BDC0466E1A0020701A002010B50124A2
:10DF7000104B02211B78234215D104220B4210D1F1
:10DF8000134214D10C4B187800280ED027280ED835
:10DF9000C0002631F3F70AFF02002000002A01D05A
:10DFA00092B2D0B210BD0A00FBE72200F9E70822C6
:10DFB000F7E7C0466E1A00206F1A00200300CD3824
:10DFC00010B5122810D8F4F715F80A10141A3232C6
:10DFD0003232323232321E23282E3C424600FFF7C4
:10DFE000A5FF1F4B4042D87010BDFFF79FFF1C4B91
:10DFF000F9E7FFF79BFF1A4B40429870F4E7FFF7F1
:10E0000095FF174BF9E7FFF7B1FF154B1871EBE7D9
:10E01000FFF7ACFF124B4042F8E7FFF7A7FF104BAA
:10E0200040425871E0E7FFF7A1FF0D4BF9E70122ED
:10E03000D13B9A400A4913000A0049780B435370B8
:10E04000D2E70123074A11780B431370CCE7054A46
:10E0500002231178F8E7034A04231178F4E7C04655
:10E06000711A00206E1A0020032200B5344B9A5614
:10E07000CD2814D1002A01DA0022DA70D9789A78F2
:10E080000A4351B2002A01D12E4A11701A795B79E4
:10E0900013435AB2002B01D12B4B1A7000BDCE286E
:10E0A00002D1002AE8DCE9E702229A56CF2804D1FF
:10E0B000002AE3DA00229A70E0E7D02802D1002A91
:10E0C000F8DCDBE704229A56D92804D1002AD5DDF2
:10E0D00000221A71D2E7DA2802D1002ACEDAF7E755
:10E0E00005229A56DB2804D1002AC7DA00225A7189
:10E0F000C4E7DC2802D1002AF8DCBFE7D1380E28BB
:10E10000BCD8F3F76DFF0808080808080808BBBB6F
:10E11000BBBB0E141800012181405A788A435A7003
:10E12000ACE7012009490A7882430A70A6E707494B
:10E1300002200A78F8E7054904200A78F4E7C04687
:10E14000711A0020701A00206F1A00206E1A002029
:10E1500037B52A20FAF7DEFF05002B20FAF7DAFFA1
:10E1600004002C20FAF7D6FF0023262D04D1092C19
:10E1700002D127384342434118003EBD10B5FF216C
:10E180002A20FAF7F0FFFF212B20FAF7ECFFFF21FE
:10E190002C20FAF7E8FF00212D20FAF7E4FFF9F729
:10E1A000DDFDFFF797FE26212A20FAF7DCFF092183
:10E1B0002B20FAF7D8FF27212C20FAF7D4FF10BD27
:10E1C00010B52D20FAF7A6FF10BD0000044B10B5C6
:10E1D0001B68181E03D01B68181E00D0984710BD7E
:10E1E0002C2A002010B5FFF7F1FF10BD0A4B07B530
:10E1F0001A8882420FD01880084B1B68002B0AD067
:10E200001B69002B07D0694603224871000A8871F8
:10E210000A7101A8984707BDFE3000202C2A002073
:10E220000A4B07B51A8882420FD01880084B1B682A
:10E23000002B0AD01B69002B07D0694604224871C5
:10E24000000A88710A7101A8984707BDFC300020B8
:10E250002C2A002070B5164B9B78012B17D015493E
:10E26000012300220D005B428C78A0421ED05E1C70
:10E2700002D1002C00D113000132D4B2013152B2CC
:10E28000062CF1D15A1C11D0EB1898700EE00A4AF6
:10E2900012787F2AE3D9C108EF2807D8074A521815
:10E2A000072101408B4091780B43937070BDC046AD
:10E2B00010110020481500208A1A00205015002057
:10E2C00010B5104B9A78012A0CD0062300210E4A73
:10E2D0009478844200D19170013BDBB20132002B73
:10E2E000F6D10EE0094B1B787F2BEED9C108EF2841
:10E2F00007D8074B5B18072101408A409978914362
:10E30000997010BD10110020481500208A1A0020B5
:10E310005015002010B5084B9B78012B09D1074BF5
:10E320001B787F2B05D91E2205480021F3F73CFC02
:10E3300010BD06220348F8E7101100208A1A0020B9
:10E34000521500204A15002010B5084B08499A8B39
:10E350000C68084B90B2944204D980241A68640275
:10E3600012191A601B680860C01810BDB819002087
:10E37000F8300020F43000207047030072B60169C5
:10E380004269002091420BD1DA68824208D01A6FAC
:10E3900074331B7801309840138918404342584128
:10E3A00062B670477047FEE7F0B5082000240E49BA
:10E3B0004A680E6815008B68AB4210D8D51E00263F
:10E3C000AB4203D303339B1A9B089E00CB68921980
:10E3D000934207D8013810310028E9D1F0BD80CE32
:10E3E00080C5E9E710C2F3E7041A010001221820F2
:10E3F0000A4BD97B1143D9739978814399700821CD
:10E40000987801439970D9781143D9700221D8784E
:10E410000143D97059780A435A7070470038024056
:10E42000036881689A6852189A60426813605A605B
:10E43000002301220360024B52429A617047C0469A
:10E44000B81900200C4B10B51868D96802685360E1
:10E450001A600122D860002302758A680B750B6967
:10E460001B689C689442FBD85A680B604A60116034
:10E470005960F1F791FE10BDB8190020054B10B599
:10E480001A68DB6892689B689A4201D9FFF7DAFF45
:10E4900010BDC046B819002070B5EFF310830125F8
:10E4A0009D4302D0EFF3058372B6FFF74DFF0F4E89
:10E4B0000F4A3368C41A0F480168A14208D911688D
:10E4C000293B29392934FF3BFF39FF343360116080
:10E4D00016680460002D04D0EFF30583DB0502D03D
:10E4E00062B6A01970BDFFF7C9FFF9E71018002048
:10E4F000081800200C18002010B5FFF7CDFF83B2DC
:10E500000B488278C1780A4301D00A4A1380027905
:10E5100041790A4301D0084A1380084B1B68002B3D
:10E5200005D0DB68002B02D002220270984710BD94
:10E53000711A0020601900205E1900202C2A00208A
:10E5400010B572B6034BDB6898610F20FFF732FB02
:10E5500010BDC046B8190020EFF30983203383F3C0
:10E56000098862B6704700000F3011D072B6EFF321
:10E570000983203B83F3098880225204DA61064A2A
:10E580001168D26889689268914202D9034A9A61F7
:10E590007047034AFBE7C046B8190020C7010000D6
:10E5A000CA010000FEE7F7B50323150001271D404F
:10E5B000002352090C0049083C4027D03E009E40F1
:10E5C0008469B4438461C469B4435E00B446C461E1
:10E5D0004469032601946446A6403400B446019E73
:10E5E000A64334006646144344610469B4432C4393
:10E5F000046107240F261C40A400A640F443072B07
:10E6000008D8866A34408462002907D09200AD00A1
:10E610000133CFE7C66A3440C462F5E7F7BD16237D
:10E620000360012040427047002070471800704787
:10E6300000207047030010B572B6094A106854688C
:10E640004118A14205D962B60C2201201A6040424D
:10E6500005E08842F7D8116062B60028F4D010BDFA
:10E660000018002010B51400582200212000F3F7F4
:10E670009BFA80239B010020636010BD012070473E
:10E6800072B6024B024ADA65FEE7C046B8190020AE
:10E69000C60E010072B6024B024ADA65FEE7C046BA
:10E6A000B8190020CB0E0100012070477047000010
:10E6B0008022074B07491B6852048868D21A064B10
:10E6C00003438B608B681B021B0A9A42FAD3704784
:10E6D0004830002010E000E0FFFFFF000C4B10B5B9
:10E6E00018680C49F3F7D8FA0B4C0C4B20605968AA
:10E6F0000B4A0A435A609A68120E12069A60042264
:10E7000019680A431A60012219680A431A6010BD89
:10E710009C160020A08601004830002010E000E098
:10E72000FFFFFF00F0B5304B87B007001878FFF708
:10E7300051FAC4B2250002AB18802C4B30351A793F
:10E740002B4B52081B6801329BB253431B12DBB2A6
:10E750000093284B86B26D00360AED18E3B29E4254
:10E7600006D83F230020B3424041C0B207B0F0BDFD
:10E77000214A1D4B125D5B78134231D06A781F48E5
:10E78000203A13B20193194B29785B7870399C4673
:10E790006246437880781B021343000409B2019A51
:10E7A0001843009BB84703AB02041870120E000216
:10E7B0005A70000E98701B8804AA138090700498F9
:10E7C000FAF71EFD0204030205A9120E1B0E0870C3
:10E7D0004A708B70D2B2C1B2DBB22000FBF7E6FF09
:10E7E00002350134BAE7C046CC0E0020101F0020CD
:10E7F00058190020B812010098130100111F0020C1
:10E80000F0B5354B8BB005901878FFF7E3F9C4B23B
:10E81000270083B21B0A06AA0393304B10801A7993
:10E820002F4B52081B6801329BB253431B12DBB2C1
:10E83000049330372B4B7F00FF18039AE3B29A42C0
:10E8400006D83F23002093424041C0B20BB0F0BD38
:10E85000254A214B125D5B7813423AD03D787E7891
:10E86000703D203EADB2B6B228003300684373431A
:10E87000C01880B2FAF71CFD32B2049E29B2030020
:10E88000164D1A4800966E78457880782D023543EB
:10E8900000042843059DA84707AB02041870120E18
:10E8A00000025A70000E98701B8808AA138090709E
:10E8B0000898FAF7A5FC0204030209A9120E1B0E20
:10E8C00008704A708B70D2B2C1B2DBB22000FBF785
:10E8D0006DFF02370134B0E7CC0E0020101F00207E
:10E8E00058190020B812010098130100111F0020D0
:10E8F000F0B52B4B89B007001878FFF76BF9294B5F
:10E90000294A1B7915689B080133ADB25D432D126E
:10E91000EDB286B2C4B228004030C0B2FAF722FD90
:10E92000803843B228000293FAF71CFD803843B2C6
:10E93000360A0393E3B29E4206D83F230020B34237
:10E940004041C0B209B0F0BD1849154A095D52787E
:10E950000A4222D01649134A009550784A7812028A
:10E9600002438878029900041043039AB8470204CE
:10E9700005AB120E18705A701B88000206AA000E12
:10E98000138090700698FAF73BFC02040302C1B2B0
:10E99000120E20001B0EFBF709FF0134CAE7C04628
:10E9A000CC0E0020101F00205819002098130100E1
:10E9B000111F0020F7B5104B104A5B78825C0400F1
:10E9C000134217D00E4B03205D789F78DE78FAF75C
:10E9D000C1FC6B4640012D1A1D705F709E7000983F
:10E9E000FAF70EFC02040302C1B2120E20001B0E45
:10E9F000FBF7DCFEF7BDC046CC0E002098130100EB
:10EA0000101F002037B5104B104A5B78825C040061
:10EA1000134217D0FAF78CFC05008020FAF79AFC15
:10EA20000B4B7F30DA786B469A701D7058700098E7
:10EA3000FAF7E6FB02040302C1B2120E20001B0E1D
:10EA4000FBF7B4FE37BDC046CC0E00209813010082
:10EA5000101F0020F0B54E4B8FB007901878099129
:10EA6000FFF7B8F883B21B0A06934A4BC7B21B786C
:10EA70000AAA08933B0010803033474A5B009B187A
:10EA8000069A0493FBB29A4206D83F230020934291
:10EA90004041C0B20FB0F0BD404A3D4BD25D5B7803
:10EAA00013422FD0002403223D490BA8F2F768FF40
:10EAB000079B079A0293374BD3180393039B089A3B
:10EAC000013303936B461B7A9A421FD8354B0BAA2E
:10EAD000DB7801335C432412947012880CAB1A80EB
:10EAE0009C700C98FAF78CFB020403020DA9120E1D
:10EAF0001B0E08704A708B70D2B2C1B2DBB2380004
:10EB0000FBF754FE049B01370233B9E7049B1D78E1
:10EB1000039B1B78ED1AABB20593049B05985E78B6
:10EB2000039B40431B7AF61AB6B233007343C018F6
:10EB300080B2FAF7BDFB1B4A030012790132111CA7
:10EB4000FF2A00D9FF210298124A0C304000121807
:10EB5000507892780131120289B202434A436946E1
:10EB60000BAD1212AC7090B21424095F32B2099C42
:10EB700000900B98A04703041B0E6B70029B0402CD
:10EB8000240E0133AC702870E4B2029396E7C046BD
:10EB9000CC0E002026190020B812010098130100A5
:10EBA000111F0020101F0020F7B51A4B1A4A5B787E
:10EBB000825C050013422BD0184B194A5F789E786F
:10EBC000DC781B791068DB08013380B258430012EF
:10EBD000C0B2FAF7C7FB0200803AD3B2120603D5DF
:10EBE00080235B421B1ADBB26A465B00DBB2013456
:10EBF0005C4324121770567094700098FAF700FB6B
:10EC000002040302C1B2120E28001B0EFBF7CEFD58
:10EC1000F7BDC046CC0E002098130100101F002045
:10EC200058190020F0B51E4A1E4B825C5B78050027
:10EC300085B0134231D01C4BDA785F789E78019210
:10EC40001A4A1B791068DB08013380B2584300125E
:10EC5000C0B2FAF787FB0300803BDCB21B0603D58A
:10EC600080246442241AE4B21F20FAF773FB640084
:10EC7000E3B2019C02AA01345C438019241217708C
:10EC8000507094700298FAF7BBFA02040302C1B202
:10EC9000120E28001B0EFBF789FD05B0F0BDC04623
:10ECA00098130100CC0E0020101F002058190020DE
:10ECB000F0B51E4A1E4B825C5B78050085B013429E
:10ECC00031D01C4BDA785F789E7801921A4A1B7912
:10ECD0001068DB08013380B258430012C0B2FAF763
:10ECE00041FB0300803BDCB21B0603D58024644259
:10ECF000241AE4B21F20FAF72DFB6400E3B2019C52
:10ED000002AA01345C43C01924121070567094702A
:10ED10000298FAF775FA02040302C1B2120E280033
:10ED20001B0EFBF743FD05B0F0BDC0469813010074
:10ED3000CC0E0020101F002058190020F0B5234FE2
:10ED400087B006003878FEF745FF214B85B21A7967
:10ED5000204B92081B6802329BB253431B12DBB25A
:10ED60002D0A0193C4B2E1B28D4206D83F230020A0
:10ED7000AB424041C0B207B0F0BD174B7A781B5D83
:10ED80001A4220D0154A124B587853781B0203437D
:10ED90009078019A00041843B047020403AB120EA6
:10EDA00018705A701B88000204AA000E138090701D
:10EDB0000498FAF725FA02040302C1B2120E2000E9
:10EDC0001B0EFBF7F3FC0134CDE7C046CC0E002050
:10EDD000101F00205819002098130100111F002057
:10EDE000F0B507000D0014008BB02978002911D16F
:10EDF0003B68002B0BD13A69002A08D0B96800297A
:10EE000005D0FB68934200D3531E0022CA54F86811
:10EE10000BB0F0BD0020013525290AD03800FAF7E3
:10EE20005FF8E2E72D2B1CD0302B22D12F3B1500B1
:10EE300018432B786A1C2B2B15D0F3D8202B14D019
:10EE4000232B14D0002104912A2B1FD108CC04932A
:10EE50008B4204DA02231843049B5B42049315009F
:10EE600014E00223E3E70423E1E70823DFE71023AC
:10EE7000DDE71E000021303E04910A31092EE1D861
:10EE80002A786E1C1300303B092B0FD900222B78F7
:10EE900005922E2B29D18022120110436A786B1C17
:10EEA00011003039092916D80A260CE0049B3500D8
:10EEB0004B43303BD3180493E2E7059B7343303B4D
:10EEC000D31805932B001A785D1C110030390929DD
:10EED000F3D91D0009E02A2AFBD108CC023505939D
:10EEE000DB43059ADB171A4005922B786A1C6C2BC2
:10EEF0001FD017D8682B24D06A2B2BD02978013546
:10EF000078298BD8632928D8622973D0632900D146
:10EF100098E0252982D0582900D07FE72023184384
:10EF2000103B4AE0742B01D07A2BE7D180239B0061
:10EF30000BE06B786C2BF9D1C023DB001843023552
:10EF4000DCE76B78682B03D0802315001843D5E7E6
:10EF5000C023F3E78023DB00F7E70B000126643BC7
:10EF6000DBB29E4032007F4B1A401E4213D1732900
:10EF700000D18FE0702900D050E77B4B02CC0343D7
:10EF8000002900D0E4E0009305220A2338007749E5
:10EF9000F9F7B8FF29E7642901D0692906D1802350
:10EFA000DB01184310239843063B06E008236F2932
:10EFB00003D0F7D9DB187829F4D1020501D5012255
:10EFC00090438022D200024041041DD5002A00D087
:10EFD0000BE7216882050FD502900498CE170190A7
:10EFE0000598CA0F8919714000903800F9F7B6FFEB
:10EFF0000434FAE60223E0E7420601D549B2EBE722
:10F000000206E9D509B2E7E7002A00D0EDE60C21B7
:10F0100006008E43810506D5049902960191059953
:10F0200000912168E1E72168420607D5C9B2049A38
:10F0300002960192059A00920022D6E70006F6D5C4
:10F0400089B2F4E7022302001A4001260592184211
:10F050000DD1059E03E020213800F9F741FF049B04
:10F060000136B342F7D80226002B00D05E1C02CC3A
:10F070003800C9B2F9F734FF059B002B00D1B4E684
:10F08000049BB34200D8B0E620213800F9F728FFEE
:10F090000136F5E7230004CB06920793002A08D136
:10F0A0000090062238003249049BF9F72BFF079C99
:10F0B0009BE6059B002B00D12E4B069A1400D3181B
:10F0C0002278002A01D09C4214D1069B0200E41A47
:10F0D00080231B011A400892184203D0059B9C42D2
:10F0E00000D91C00022302001A400992184212D1D2
:10F0F000260006E00134E3E720213800F9F7F0FEAE
:10F100000136049BB342F7D8049A0023A24200D3ED
:10F11000131B01341C19069E03E038000136F9F771
:10F12000DFFE3178002907D0089B002BF5D0069B25
:10F13000059A9B189E42F0D1099B002BB7D0049BE7
:10F14000A342B4D920213800F9F7CAFE0134F6E70A
:10F1500002930A230193059B380000931023F9F7CB
:10F16000FDFE42E62108120001200000D70E01003A
:10F17000D00E0100FFFFFF7F10B50A4C23699A688B
:10F1800091420CD85A6881600360426010609A68AE
:10F190005860521A9A6001235B42A36110BD1B683C
:10F1A000891AECE7B819002010B572B6FFF7CCF851
:10F1B000094C2368002B02D02000FFF731F9802191
:10F1C0000023064A200009022361E2606361FFF721
:10F1D000D3FF62B610BDC04614180020A9F100008C
:10F1E00070B50E4B0500DE6886B04B1C13D00C4B7F
:10F1F00068460393002304960593FFF7BDFF28009C
:10F20000FEF7D8FC009B002B02D06846FFF708F9F8
:10F21000B06906B070BDFEF7CDFCF9E7B819002063
:10F22000DDF4000010B5010072B60820FFF7D8FF2A
:10F2300062B610BD70B5764672B6134D134AAB8BED
:10F2400001339BB2AB832B69934204D162B6300089
:10F25000FFF78AF970BD9A68013A9A602C69A36831
:10F26000002BF3D1226861680A605160236062B6A6
:10F270002000E3682169984772B661690029EDD0E2
:10F280002000FFF779FFE9E7B8190020C81900202E
:10F29000F7B5464B464C1A780193002A05D02378DF
:10F2A0000A2B01D0BB232370F7BDA378112B68D1A3
:10F2B000E378404D404F2B703E78002B07D0022E54
:10F2C00054D03E4B1B78002B4ED0F8F7CDFF23795E
:10F2D0006B70B3424FD00122394B1A702B78002B40
:10F2E00001D000232B706379AB707A789A4208D0F2
:10F2F000002E06D10122324B1A702B78002B00D041
:10F300002E70304AA3791178EB70994206D01370B1
:10F3100001222D4B022E00D100221A70B422E37973
:10F32000217A2B71637A92011B020B43934207D01F
:10F33000264A1378002B03D101331370244A13702B
:10F34000A37ABB2BB0D1019ABA3B1370214B224A4E
:10F350001A800023174A13705371194A13701A4AFE
:10F3600013701A4A13709FE72B70B0E7194B2A707D
:10F37000194A1A80ABE7022EB5D1164B164A1A80ED
:10F38000B1E7092BDCD10B4BE2781978002908D0C2
:10F39000002A06D108490978022900D001325A71A1
:10F3A000CEE7012ACCD100221A70F8E7932F002073
:10F3B000942F00204B2F002018110020072F002031
:10F3C000122F00201F110020F82E0020112F0020E6
:10F3D0001411002016110020DC050000F0B572B6F3
:10F3E0008022274B9205904226D30022F826110056
:10F3F000244F76051F259C68240C2C40022C05D830
:10F40000455C4C1CDD60045D0231DC609C6834426C
:10F4100002D0DC68BC5401323F29EBD93F2A09D81D
:10F42000F821490598680842FCD0D86815498854E5
:10F430000132F3E762B6F0BD0022F82610001F2566
:10F440001400104F76059968090C2940022902D84A
:10F45000DC600230DC609968314202D0D968B9546E
:10F4600001323F28EFD93F2AE4D8F82149059868AE
:10F470000842FCD0D868034988540132F3E7C046FB
:10F4800000380040942F002080220A4B5200196956
:10F4900030B5094C114209D01969084D294019614C
:10F4A0002168016019690A431A6130BD236803604D
:10F4B000FBE7C0460020024074E8FF1FFFFEFFFF8D
:10F4C00000238268037503691B6899689142FBD227
:10F4D0005A680360426010605860704710B572B699
:10F4E000087D052807D8F2F785FD0C060603120EE5
:10F4F00000228B691A6001235B4208008B61FFF7D1
:10F50000DFFF62B610BD8A699368013393604A6871
:10F510000B6813605A60EEE70300006810B5834281
:10F5200006D002681A60536000238361FFF7C8FFAA
:10F5300010BDF8B50B0009339B00C3185C680500CB
:10F540000E00002C54D072B62300002288331A70AB
:10F5500067692269BA4202D1E368002B27D1B31C44
:10F560009B00EB185B685B691B68002B1FD02300B6
:10F570008C33186800280BD0BA4204D10022E3680B
:10F580001100934201D1390004C98368006898478B
:10F59000E368E2690133E36063699B18A269636110
:10F5A000934201D3636A63612000FFF7B5FF62698C
:10F5B0002369934216D1E368002B13D0B31C9B0040
:10F5C000EB185B681A68022A11D15A691168002980
:10F5D0000DD01A8A0B00013A1340114207D12A00BC
:10F5E000743200E008CA31002800FEF7BFF862B6A6
:10F5F000F8BD0B0011339B0010B51C58002C26D011
:10F6000072B602318900401843689B695B68002B21
:10F6100019D0230074331B78226F02339B00D31858
:10F620005B689B695A6823691A60E2680132E2608C
:10F63000E2699B18A2692361934201D3636A236143
:10F640002000FFF769FF2000FDF78CFF62B610BDB8
:10F650000300006810B5002804D000221A60816100
:10F66000FFF72EFF10BD0000F0B5060064363378BA
:10F67000040085B0002B01D0002333702300270045
:10F680007433B84A7C370093117801321970013312
:10F690009F42F9D163689B68002B17D1009B6021C2
:10F6A0001A7815000D400A4231D00020FDF7A2FF64
:10F6B0000020FEF79FF863681B68002B02D006212C
:10F6C000200098470623337005B0F0BD200098470E
:10F6D0000028E3D023007A331A785B78E16E1B02AE
:10F6E0001343994201D91900E366009B1B787F2BD5
:10F6F00000D87BE1002900D16EE10923337072B696
:10F700000021E36EA26E2000FEF730F86CE12300CA
:10F710007F2075331B7802401B021343924A9342A9
:10F7200000D141E124D880225200934254D00DD818
:10F73000012B4BD0022B00D1C4E0002BB5D122000D
:10F740007C32A2660222E2662367C3E7812252006E
:10F75000934200D1E4E0FF32FF329342A5D123006F
:10F7600076331B78012BA0D13A88013313433CE058
:10F770008022120193425DD020D8A022D200934271
:10F7800038D07A4A9B18012B00D98EE723007833B2
:10F790001A785B7821001B021343220060687632DE
:10F7A00077314768127820000978B847002800D1DF
:10F7B0007BE74368A3660368E36619E090221201C1
:10F7C00093423CD06A4A934200D06EE7694BA366ED
:10F7D0000223E3660023B7E7230076331B78012B6F
:10F7E00000D062E702223B8893433B80A566E56632
:10F7F00025676FE7009A12889A4213D12300763367
:10F800001A785D491A720395039B8B420ED95B4BA4
:10F810001A7063681B68002B02D0012120009847F2
:10F82000032323700023A366E3668DE7039B013364
:10F830000393E9E723007F33A3660123BCE7237822
:10F84000042B2DD172B64E4AA36825001340A36045
:10F8500023002C33103501932F68002F0FD07869C7
:10F86000002804D002210C304942FFF7F1FEB869AC
:10F87000002804D002210C304942FFF7E9FE0023A2
:10F88000019A08C59542E7D162B6220003217F3272
:10F890001370636821701B68002B01D0200098470B
:10F8A000230076331B78002BBCD022007F321370EC
:10F8B0000423237063681B68002BB3D0022120004F
:10F8C0009847AFE723000F221421783318782D4B87
:10F8D0000240514340B25B18002811DA2C331B78E8
:10F8E000002B00D1E1E6254B9A735B7C002A03D103
:10F8F0009B0603D5244B6AE7DB06FBD4234B66E764
:10F90000B8331B78002B00D1CFE61C4B20219A7313
:10F91000002A03D15B7C0B42F0D0EBE71B7DFAE7BA
:10F92000230076331B78002B00D0BEE6230078330B
:10F930001B780F2218001040134200D172E75AB210
:10F940000E4B002A24DA9A7B987398733020597CE6
:10F95000D2B2814359744021587C014359749A733F
:10F9600060E7C046E01600200203000000FAFFFF37
:10F97000020C0000011A01000E27000000380240AE
:10F9800001000100C0160020FF190100FD1901004F
:10F990009A7B98739873187DD2B28843187580202B
:10F9A000197D01431975DAE7230076331B78002BA4
:10F9B00000D07AE6230078331B780F22180010401D
:10F9C000134200D12EE75BB2002B02DAFDF712FEE4
:10F9D00028E7FDF70FFF25E71423337072B60B00FD
:10F9E0000A002000FDF776FD62B66DE6002906D01C
:10F9F0001523337072B60021E36EA26EF1E70B237C
:10FA0000337072B60B000A007DE6C046F0B5BC4FFD
:10FA100089B07B7BDBB202933B7BDBB20393734603
:10FA20000493B84B1B68DAB201927F221340B64AA6
:10FA3000136001237A781A4202D17A7813437B70DB
:10FA4000BB7BDBB20593019B5B0754D50023AF4A18
:10FA50000793079B934200D8AFE0A022AC4E002151
:10FA600030005200F2F7A0F800254023A94AAA4C22
:10FA700073601570A94A3100E26001222C310A70CE
:10FA800031003385B436B83133803E3B0A70237081
:10FA9000E567A560E368002B12D072B6E66870696E
:10FAA000002804D002210C304942FFF7D1FDB06993
:10FAB000002804D002210C304942FFF7C9FD62B68C
:10FAC00000210135E1600434082DE3D10124944B79
:10FAD00091481970914B934AC3608D4B14701A0072
:10FAE000B832147040221A85B4331A8043681B68F8
:10FAF0008B4200D098470821019B0B4210D08A4AC4
:10FB00001388002B5FD0029B8B4003990B438749DE
:10FB10000888984255D00B801388013B9BB2138014
:10FB2000019BDB0737D50A227F4B1A80804B023AB4
:10FB30001A60804B1A78002A2DD00022764C1A7059
:10FB40002378052B27D022008032137005232370E1
:10FB500063681B68002B02D0042120009847002511
:10FB6000A560E368002B12D072B6E66870690028C1
:10FB700004D002210C304942FFF76AFDB069002829
:10FB800004D002210C304942FFF762FD62B6013514
:10FB90000434082DE5D1684B1A78002A2ED1674B22
:10FBA000674968481A78002A00D01FE1059BBB739B
:10FBB0000498FEF7D9FC09B0F0BD079B0133079309
:10FBC00047E70A23ABE703227B781340012BA7D139
:10FBD0005D4A1160574A11780029A1D14E4813702F
:10FBE000017805299CD1030080331B78037043689A
:10FBF0001B68002B00D193E7984791E701251B78FC
:10FC00004F4AD05C514B8540EDB21D70B87300284F
:10FC100000D0A1E004217A7C3E4ED3B20A4204D047
:10FC20007B7C8B437B743070B5E7DA0601D580228C
:10FC30007A743278D0B2062AADD8F2F7D1F9041C22
:10FC4000AC355DAC5D00DB07A5D50020FDF714FCED
:10FC5000010008289FD13E48FDF7A4FC2C4BDB8C0B
:10FC6000002B06D0402300212B487B74FFF7FCFCBF
:10FC700091E74823F7E7264B5A6B1C8D986BA242FD
:10FC80000AD9196B00199863121B091900205A63CD
:10FC90001963FDF713FD7EE700218018986359630F
:10FCA0001D48FDF7C3FD76E7DB0700D473E70020AE
:10FCB000FDF7E2FB0500274C83B219002068019391
:10FCC000FDF770FC23685B192360114C2200C432DD
:10FCD0001368B4345B1913602388019A934208D9DE
:10FCE00000210D48FDF7F3FD48237B74443B33703E
:10FCF00051E740237B744EE700213170D0E7C046C6
:10FD000000380240B0380240B43802400E270000EC
:10FD1000C01600205030002050180020281001008C
:10FD2000B4180020EC160020201100204E300020D6
:10FD3000A03802404C3000209038024092380240F7
:10FD4000FD18010096380240A43802409438024061
:10FD5000E01600207C17002004227B7C134202D096
:10FD60007B7C93437B74142343435A4EF3185C6BA0
:10FD7000002C18D01A8D196B94420DD99D6B8918DF
:10FD8000AD18A41A19639D635C63A24200D92200D6
:10FD900092B2FDF749FCFEE69A6B091912199A63B3
:10FDA000002219635A6314214B4B4C4C1D70414384
:10FDB000851CAB00E3185A6876185369B16B59601B
:10FDC0000121814023898B4323819368002B02D03A
:10FDD00001002000984772B6AD00641963680021E5
:10FDE00058690C30FFF734FC62B6D4E601251A7866
:10FDF00001268C5CA540EDB20570BC733A7D3242A1
:10FE000000D1CFE6802320009843FDF735FB142274
:10FE1000624383B29C462F4B9B181A00C032126873
:10FE200082421FD3BC332E491B68A20052181918F6
:10FE30008B424AD114226243264B9B181900BC31D5
:10FE40000A68C03312180A608A6812188A601A6831
:10FE5000121A1A606C223B7D93433B753B7D6B3AD3
:10FE600093433B75142363431A4AD3181900B431E2
:10FE70000988614504D8C0331B688B4200D38EE6E5
:10FE80001420184B60431D70A61C144DB300EB18D2
:10FE900059681218C4328B6912685A600122A24054
:10FEA0006B8993436B81CB68002B02D02100280023
:10FEB000984772B6B600AD196B689B69180059680F
:10FEC0000C30FFF7C5FB62B669E616781E70013389
:10FED000AEE7C046C016002084380240501800200B
:10FEE000203802408638024070B5022504006D4279
:10FEF0002068844200D170BD036823605C60856126
:10FF0000FFF7DEFAF4E7036A10B5C360436A4361A2
:10FF1000036100238362C362FFF7E6FF10BD0000A8
:10FF2000080070B5052962D8F2F764F83761033725
:10FF3000376272B60026364C230022000025743347
:10FF4000206F19783832FDF71DFD01362000FFF7CC
:10FF5000DAFF25729034032EEED12E4C2E4B2F4A11
:10FF60001978206FFDF70EFD636A2000636123613D
:10FF7000E560A562E562FFF7B7FF20002572FDF797
:10FF8000F1FA62B6264B1B78AB4202D00520FDF792
:10FF90001DFC0220FDF71AFC29E0FDF717FC72B6E4
:10FFA000002501261A4C20002672FFF79DFF200035
:10FFB000FFF7A9FF23008C331B68002B02D0DA68FF
:10FFC0001868904701359034032DECD10123114C72
:10FFD00020002372FFF788FF0023626A2000E3609D
:10FFE00062612261A362E362FFF77EFF62B670BDC9
:10FFF00072B6074B0022190098310A70942149000B
:020000021000EC
:100000001A725A54034B1A7262B60520C2E7C046F0
:10001000D40E002088100020FC100020C01000200A
:10002000D4180020F0B587B00B6803911F2201217E
:10003000019304005B0801980293002B00D0A0E01C
:100040009040F2F72FF8039B5B690493072800DDCB
:10005000ACE01F220121A56A0198029B002B00D071
:1000600096E09040F2F71EF80F23800083401F2295
:1000700001219D430198029B002B00D08FE090400E
:10008000F2F710F8049B800083402B43A3621F22E9
:100090000121039BA5699E680198029B002B00D05B
:1000A000B4E09040F1F7FEFF01210B0083401F22D6
:1000B0009D430198029B002B00D0AEE09040F1F7E9
:1000C000F1FF86401F2201212E43039BA661656933
:1000D000DE680198029B002B00D0A5E09040F1F76C
:1000E000E1FF0323400083401F2201219D4301982B
:1000F000029B002B00D09EE09040F1F7D3FF400020
:1001000086401F2201212E43039B6661E5691E691B
:100110000198029B002B00D094E09040F1F7C2FFC1
:1001200001210B0083401F229D430198029B002B5D
:1001300000D08EE09040F1F7B5FF86401F220121EC
:100140002E43039BE6615D6826690198029B002BA4
:1001500000D085E09040F1F7A5FF032340008340E5
:1001600001229E431F230299002900D07FE00198BD
:100170009840F1F797FF400085403543256107B06F
:10018000F0BD1D0040000D402843013A5B0854E7D4
:100190001E0040000E403043013A5B085EE71E003F
:1001A00040000E403043013A5B0865E7019B1F2287
:1001B0001D0A5E0A28003300E76A002B14D1904024
:1001C000F1F770FF0F238000834001229F431F231C
:1001D000002E14D128009840F1F764FF049B8000A2
:1001E00083403B43E36252E741000591180001213F
:1001F00008400599013A014308005B08DDE731003A
:100200006D0011400D43013B7608E1E71F004000FF
:100210000F403843013A5B0840E71F0040000F40A1
:100220003843013A5B0846E71F0040000F4038435F
:10023000013A5B084FE71F0040000F403843013A86
:100240005B0856E71F0040000F403843013A5B0847
:1002500060E71F0040000F403843013A5B0866E743
:100260001F0040000F403843013A5B086FE70199D7
:100270000298490010400843029901904908013B47
:10028000029170E7154AF0B553699B0614D5FF2516
:10029000F02603895468033399080139E401E4091D
:1002A00049062143516051680468090E090621433B
:1002B00051609B08002B00D1F0BD4168013B9BB20F
:1002C0002142F9D1C1680F1D0968C7609768916024
:1002D0001168A94331431160ECE7C0460020024099
:1002E0000B4B5A69920611D506C80A420ED15A68BC
:1002F000084802405A605A68120E12060A435A60B1
:10030000FF22196891430E3A0A431A607047C046AB
:1003100000200240FFFFFFFE044B5A69920603D5FE
:100320009A6A00229A625B697047C04600200240C8
:10033000054B5A69920606D49A6A044A9A629A6AE6
:10034000034A9A625B697047002002403322110021
:1003500088776655F0B587B001900491029272B625
:100360009023019A544D5343EB181A6F1278042AC4
:1003700002D062B607B0F0BD002288331B7803922A
:10038000934201D16423039362B69023019A5343AD
:10039000ED1872B690270024019A049B57430093EE
:1003A000454BDB190593059B9B6A002B0AD1424EF6
:1003B000F619F368002B2ED033691A1DB262F26968
:1003C0009B18F3623C4BDB19986ADE6A029B361A73
:1003D0001B1B9E4200D91E00402E47D94022009987
:1003E000F1F7CEFA009B403440330093324BDB19D7
:1003F0009B6A4033304AD219D16A9362994204D839
:10040000D16928000439FDF750F862B6029BA34277
:1004100018D972B6C7E7337A002B0FD1274B039A4E
:10042000DB68002A0AD06A681D605A606421136084
:1004300004206B60FEF7D4FE0028BADA62B6029B95
:10044000A34220D872B6902201991B4B4A439B18B5
:100450009A6A002A00D18CE71B69043AD11A9A42A1
:1004600000D186E72800FDF720F882E732000099E6
:10047000F1F786FA009BA4199B1900930E4BDB1928
:100480009B6A9B19B6E772B69023019A0A4E5343B2
:10049000F61833006242544188331A782800144316
:1004A0001C70FFF721FD2800FFF72DFD002333729C
:1004B000FDF7E4FF62B66CE7D40E0020B819002007
:1004C00010B5010008220120FFF744FF10BD10B550
:1004D000010020220020FFF73DFF10BD10B50100F4
:1004E00006220020FFF736FF10BD10B501000322E1
:1004F0000020FFF72FFF10BD0A0010B5202903D1FF
:1005000001000220FFF726FF10BD0000F7B50C0028
:1005100001931500204B00280CD01970FDF7BCFF8B
:100520001E4B18800723012023409840C0B2F5F7E6
:1005300057FDF7BD1E788E4229D1184B1F88FDF755
:10054000ABFFC01B80B2C72821D82C002034E4B2F6
:10055000AE420FD033000126072730003B409840C1
:10056000C0B2F5F735FDBC4204D82F40BE40F0B212
:10057000F5F736FD0198F8F737F8072CD9D8072397
:1005800001201D40A840C0B2F5F722FDD1E70723A6
:1005900001201C40A040F6E7841A002046300020CD
:1005A000F0B58DB00C22002109A8F1F7FDFAA94B96
:1005B0000124019300230F250093019B1B685A1C03
:1005C0002BD072B601261F002B409E40AF43310056
:1005D000012238003604FDF7E6FFBE6062B6E34351
:1005E00006279C469C4809A902680B88561C00D126
:1005F00014E11600AE4336682A40D6400122164266
:1006000000D00BE12343013FFFB20B8004300231E5
:10061000002FE9D10098F8F74BFC009B64000133F0
:10062000DBB20093019BA4B204330193009B102B17
:10063000C3D18A4D0C22280009A9F1F709FB041E39
:1006400004D00C22280009A9F1F79AF90022844E5F
:10065000844B35781A70954200D181E1FDF71CFF7B
:10066000814A13681060C11A98425BD07F2900D973
:100670007F210022CBB207937C4B32701A70794BEA
:1006800005921B7804920193794B06920093734B69
:1006900002930020774B039313189C466646039BF6
:1006A0009B5D5F0820D08F4200DDBAE001266746DF
:1006B0003340039EF35500D0BEE001278740029EE1
:1006C000009B36881B883E40B4461E00BE43370060
:1006D00066463743019E7B4033435E1EB341DBB227
:1006E0000193009B04951F8001301028D4D1009BFA
:1006F000103202330093029B02330293602AC8D166
:10070000059B002B02D0594B5F3A1A70049B002BBB
:1007100002D0544B019A1A70069B002B02D0012282
:100720004F4B1A70002C09D1504B1B78002B51D025
:10073000002D03D1FDF7B0FE4B4B186000230121C3
:100740001C008C46494A02931370444A0092484A5E
:100750000099098803910398118848400021059069
:100760004448019060468840070080B20490019898
:100770005E18805D450806953D00059F3D425DD0B1
:100780000698002811D1049C03982040441EA041E3
:100790000A242043019CA055C007C40F002856D04E
:1007A0001088049D02944540158001311029D9D14B
:1007B00000991033023100910232602BC8D1029BA4
:1007C000002B02D00122274B1A70002C02D00122EC
:1007D000234B1A70284C2378002B59D0274E35789C
:1007E000002D55D1264B274A1B78127813434FD042
:1007F000DB064DD5244B1F88002F49D0FDF74CFE5A
:10080000224BC01B80B2984242D90123257033701D
:10081000F7F74CFDF8F7B6FCF7F7F8FC6246134023
:10082000F1E6079E0695BF1B01267F0033403B4340
:100830006746039EF35557E7059355E74508B4D03F
:10084000C507B2D465462840019DA855ADE764466A
:10085000ABE7C04630110100681001002C180020E1
:100860004430002045300020403000203C30002043
:10087000D6180020DC2F0020EB1A0020EA1A0020F6
:10088000851B0020841B0020E81A0020B70B000005
:10089000FDF702FE34490A68002A20D0334B344C5D
:1008A0001D7880B2002D02D02568854217D02060C7
:1008B0000120304C187023682F485D00285A2F4DB6
:1008C00001332B4003D52E4D013B2B4301332360D5
:1008D0002C4B013A1B680A60002B00D098472A4D28
:1008E0002B68002B37D0294A1788002F1AD0284CA4
:1008F0002278002A16D11E8AFDF7CEFDC01B80B2D9
:1009000086420FD8012323702B689B68002B24D0CC
:100910009847002821D02B68D8881E4B1880C0B279
:10092000F7F776FD1C4B1B78042B14D11B4B1E884C
:10093000002E10D01A4C2378002B0CD12B681D8A66
:10094000FDF7AAFD801B80B2854204D80123D12087
:100950002370F7F7D5FC0DB0F0BD2B689888DCE765
:10096000002C00D1E0E6E5E6F81D0020DE1A0020AC
:10097000D82F0020F41D0020F41B0020FF00008071
:1009800000FFFFFF38180020801B0020DC1A002029
:10099000DA1A0020D81A0020D91B0020721B002070
:1009A000741B0020F7B50E4C0E4B24781B78019475
:1009B0000D4C019DAB4201D10020FEBDDE00A5190A
:1009C0006F788F4205D1365D864202D16D799542AE
:1009D00003D1072501332B40EBE70120EDE7C046AB
:1009E0008D1A00208E1A0020901A0020054B023824
:1009F0001B7841424841023B59424B41024A184050
:100A00001070704718110020012F002010B57430AD
:100A1000C3790A4984791B020A782343022B0AD13D
:100A2000012A01D0062A05D1054B4A78D8785A7098
:100A3000FFF7DCFF10BD024BF8E7C046A4300020F2
:100A40001011002070B504007F2374342178050054
:100A50000B40212B00D08DE04BB2002B49DA63789C
:100A6000022B2ED0032B20D0012B42D12379022B35
:100A700001D9002070BDA1780829FAD8514AD25C6A
:100A8000022AF6D8902353434F4A9B58002BF0D0AC
:100A90004E4C5E6818682200B0474D4BAB66A36CA5
:100AA0000022EB662A670120E4E7627923791202CB
:100AB0001A431ED14749484B897883661970012330
:100AC000EFE72379022BD4D8A1780829D1D83D4A61
:100AD000D25C022ACDD8902353433B4A9B58002B2B
:100AE000C7D05A69186890473C4B1870AB66012311
:100AF000D6E763780A2B1ED00B2B0CD0092B39D1EB
:100B00006279237912021A4302239A4332D1344A7A
:100B1000AA66344AC5E7637922791B02134307D1D9
:100B2000A2782C4B511E8A41D8789A70FFF75EFF4D
:100B30000023AB66B4E7274BE678D8781E70FFF742
:100B400055FF2379022B00D993E7A178082900D912
:100B50008FE71C4AD25C022A00D98AE790235343CC
:100B6000194A9B58002B00D183E732001C69186892
:100B7000A047DDE7602300269943812913D16378DC
:100B8000062B10D16379227968681B02A178134380
:100B9000E27844682800A047B04200D169E7436882
:100BA000AB6603687CE7D82464000F4B9B59002B8D
:100BB00003D19036A642F8D15BE728009847002879
:100BC000F7D070E7841A0100600F00205430002035
:100BD0005A30002010110020A1300020A030002049
:100BE000A43000200D0A0100580F00201FB504009A
:100BF00072B6FFF79DFB0094E44368460194FFF74B
:100C00006FFBFFF789FB62B61FBD70B5E024F025CE
:100C100064026D022000FFF7E9FF80239B00E418C7
:100C2000AC42F7D1E02000214002F7F7B5F8F024FC
:100C300060020134E4B2FFF7D9FF002CF8D170BD97
:100C40000FB407B5044805A90191F8F74FFA03B0AE
:0C0C500008BC04B01847C046A40E010008
:100C5C0000FFC80000202020202020202020282851
:100C6C002828282020202020202020202020202060
:100C7C0020202020208810101010101010101010A0
:100C8C0010101010100404040404040404040410D0
:100C9C00101010101010414141414141010101015E
:100CAC000101010101010101010101010101010128
:100CBC001010101010104242424242420202020234
:100CCC0002020202020202020202020202020202F8
:100CDC0010101010200000000000000000000000A8
:100CEC0000000000000000000000000000000000F8
:100CFC0000000000000000000000000000000000E8
:100D0C0000000000000000000000000000000000D7
:100D1C0000000000000000000000000000000000C7
:100D2C0000000000000000000000000000000000B7
:100D3C0000000000000000000000000000000000A7
:100D4C000000000000000000000000000000000097
:100D5C000000000000000000C6170000CC160000C8
:100D6C00CC160000CC160000CC160000CC160000EF
:100D7C00CC160000CC160000CC160000CC160000DF
:100D8C00CC16000028170000E0160000CC1600005E
:100D9C00CC160000CC160000CC160000E0160000AB
:100DAC00CC160000CC160000CC160000CC160000AF
:100DBC0042160000081700005A170000CC1600005D
:100DCC00CC1600003C170000CC16000008170000E1
:100DDC00CC160000CC160000D41700008A240000AA
:100DEC00B6230000A02300001C240000A023000058
:100DFC0050240000A02300001C240000B623000097
:100E0C00B6230000502400001C2400008C2300009A
:100E1C008C2300008C2300005A240000B623000011
:100E2C00B6230000A0230000F6240000A02300003D
:100E3C0050240000A0230000F6240000B62300007C
:100E4C00B623000050240000F62400008C23000080
:100E5C008C2300008C230000F0310000A430000033
:100E6C001C300000463000001C30000088310000AF
:100E7C001C30000046300000A4300000A4300000FC
:100E8C0088310000463000003E3000003E3000004B
:100E9C003E300000AA310000325034473A2564201D
:100EAC00424C453A256420504F533A2564204D4F0F
:100EBC0044453A25640A0063300065786974006B18
:100ECC00696C6C00296C6C756E2800296C696E2835
:100EDC00000000002A0000DD798500002C0000DDF8
:100EEC00838500002D0000FF8D8500002E0022FF61
:100EFC009D850000380000FFAD850000090011DD64
:100F0C00B9850000050011DDC3850000000000005C
:100F1C0000000000003131295A1B750A0001010143
:100F2C00010101010101020202020202020202039A
:100F3C00030303030303030404040404040405056A
:100F4C00050505060606060607070707070808082D
:100F5C0008090909090A0A0A0B0B0B0C0C0C0D0DDC
:100F6C000D0E0E0E0F0F0F10101111111212131374
:100F7C001414151516161717181819191A1A1B1BED
:100F8C001C1D1D1E1E1F2020212222232424252649
:100F9C0026272829292A2B2C2D2D2E2F3031323281
:100FAC00333435363738393A3B3C3D3E3F4041428D
:100FBC00434445464748494A4C4D4E4F5051535473
:100FCC00555658595A5B5D5E5F6162646566686927
:100FDC006B6C6D6F7072737577787A7B7D7E8082A7
:100FEC00838587888A8C8E8F91939596989A9C9EF0
:100FFC00A0A2A3A5A7A9ABADAFB1B3B5B7BABCBE00
:10100C00C0C2C4C6C9CBCDCFD1D4D6D8DBDDDFE2CC
:10101C00E4E7E9EBEEF0F3F5F8FAFDFF0000000071
:10102C0069F600002DD80000CFD800004000400029
:10103C009012002090120020010000008812002065
:10104C00C30E0100A81200206813002021FF00002D
:10105C008DD20000450A0100000000000004004889
:10106C000304004804040048050400480604004832
:10107C00070400480004080C1014181C2024282C09
:10108C003034383C4044484C5054585C6064686C74
:10109C007074787C8084888C9094989CA0A4A8AC64
:1010AC00B0B4B8BCC0C4C8CCD0D4D8DCE0E4E8EC54
:1010BC00F0F4F8FFFFF8F4F0ECE8E4E0DCD8D4D07E
:1010CC00CCC8C4C0BCB8B4B0ACA8A4A09C98949034
:1010DC008C8884807C7874706C6864605C58545024
:1010EC004C4844403C3834302C2824201C18141014
:1010FC000C0804000102030405060708090AFF0096
:10110C0000FF8000FFFF0000FF0000FFFF0000FF5A
:10111C008000FFFFFFFF0000000000C800C800C8EF
:10112C00000000000F0C00480E0C00480F0800488F
:10113C000E0800480D080048030C0048020C00483B
:10114C000C0800480B0800480A0800480E0000482C
:10115C000908004808080048070800480608004825
:10116C000F040048E200E900EA00B500B600B70041
:10117C00CD008301CC008A0192019401210223024B
:10118C0024022502260227022A02B300B4006F00B3
:10119C0070009F01CB019F02A00200000000000024
:1011AC0000000000000000000000000000007E0FA6
:1011BC0000D4FFFFFFC70000007800000000000013
:1011CC0000002A2B28000000000000000000000096
:1011DC00000000000029000000002C1E34202122F9
:1011EC0024342627252E362D3738271E1F20212262
:1011FC00232425263333362E37381F0405060708DB
:10120C00090A0B0C0D0E0F101112131415161718CA
:10121C00191A1B1C1D2F3130232D35040506070808
:10122C00090A0B0C0D0E0F101112131415161718AA
:10123C00191A1B1C1D2F3130354C3A3B3C3D3E3F9F
:10124C0040414243000000000044450102040810E4
:10125C00204080000400167EE600E700D550000018
:10126C0000000000C8000100000000000080FF002A
:10127C0000000000F9850000E95000001151000049
:10128C0000000000E00E01001D2E2C1F1120212259
:10129C0016232425302F17180F121E13152D102B63
:1012AC00142A0D0E2829343537383B3C00FFFFFF3C
:1012BC00FFFFFFFFFFFFFFFFFFFFFFFFFF01020329
:1012CC000405060708090A0B0C0DFFFF0E0F101181
:1012DC0012131415161718191A1BFFFF1C1D1E1FAD
:1012EC002021222324252627FF28FFFF29FF2A2B34
:1012FC002C2D2E2F30313233FF34FFFF353637FF94
:10130C00FF38FFFFFF393A3B3CFFFFFF000A100A92
:10131C00200A300A400A500A600A700A800A900AB1
:10132C00A00AB00AC00ADC0A0414181428143814D1
:10133C00481458146814781488149814A814B81401
:10134C00C814DE14041E1C1E2C1E3C1E4C1E5C1EDF
:10135C006C1E7C1E8C1E9C1EAC1EBC1ED81E08282F
:10136C002328332843285328632873288328932859
:10137C00A328B428E0280032143228326E32B0325E
:10138C00C032D028E028E141E141E14101010101F5
:10139C000101010101010101010101010101010131
:1013AC000101010101010101010101010101010121
:1013BC000101010101010101010101010101010111
:1013CC000101010101010101010000001020004098
:1013DC00000000805000510052004F00500251029A
:1013EC0052024F024F034F03500350034F034F035E
:1013FC004A024A024D024D034A0329000000000034
:10140C0000000000000000000000000000000000D0
:10141C000000000000000000000000001E001F0083
:10142C002000210022002300240025002600270094
:10143C002D002E002A00000000002B0014001A00C2
:10144C000800150017001C0018000C0012001300F7
:10145C002F0030003100000000003900040016009D
:10146C00070009000A000B000D000E000F003300EE
:10147C0034000000280000000000E10000001D0006
:10148C001B00060019000500110010003600370083
:10149C0038000000E50000000000E000E300E2007E
:1014AC00000000002C00000000000000167E2452FA
:1014BC006500E400000000000000290000000000AE
:1014CC000000000000000000000000000000000010
:1014DC000000000000000000000000001E001F00C3
:1014EC0020002100220023002400250026002700D4
:1014FC002D002E002A00000000002B0014001A0002
:10150C000800150017001C0018000C001200130036
:10151C002F003000310000000000390004001600DC
:10152C00070009000A000B000D000E000F0033002D
:10153C0034000000280000000000E10000001D0045
:10154C001B000600190005001100100036003700C2
:10155C0038000000E50000000000E000E200E300BD
:10156C00000000002C00000000000000167E245239
:10157C006500E400000000000000350000000000E1
:10158C00000000000000000000000000000000004F
:10159C000000000000000000000000003A003B00CA
:1015AC003C003D003E003F00400041004200430033
:1015BC00440045002A00000000002B00017E027E42
:1015CC00037E007E4600470048000C00120013000A
:1015DC002A78297821780000000039000052015245
:1015EC000700090049004A004B000E000F00247848
:1015FC0023780000280000000000E1000000437880
:10160C000000487847784C004D004E004A784978E5
:10161C0052000000057E00000000E000067EE200A3
:10162C000000000042780000000000005000510053
:10163C004F0000000000000000003500000000001A
:10164C00000000000000000000000000000000008E
:10165C00000000000000000000000000BE00BD0003
:10166C00C100C20022002300AC00AE00AB00A800F9
:10167C00AA00A9002A00000000002B00017E027EB7
:10168C00037E007E4600470048000C001200130049
:10169C002A78297821780000000039000052015284
:1016AC000700090049004A004B000E004B0024784B
:1016BC0023780000280000000000E100000000007A
:1016CC000000487847784C004D004E004A78497825
:1016DC0052000000057E00000000E000E200E30084
:1016EC000000000042780000000000005000510093
:1016FC004F0000000000000000000100000000008E
:10170C0000000000000000000000000000000000CD
:10171C000000000000000000000000003A003B0048
:10172C003C003D003E003F004000410042004300B1
:10173C00440045000100000000000100017E027E13
:10174C00037E007E01000100010001000100010088
:10175C00AA00A90001000000000001000100010026
:10176C000100010001000100010001000100010065
:10177C000100000001000000000001000000010059
:10178C000100010001000100010001000100010045
:10179C000100000001000000000001000100010038
:1017AC00000000000100000000000000010001002A
:1017BC0001000100000000000000000029480000AA
:1017CC00F961000025620000516200007D6200009A
:1017DC0041480000C805010902A10185020901A1C7
:1017EC0000050919012908150025019508750181C5
:1017FC00020501093009311581257F950275088193
:10180C000609381581257F950175088106050C0A96
:10181C0038021581257F950175088106C0C0050128
:10182C000980A101850319012AB700150126B7000B
:10183C00950175108100C0050C0901A101850419E1
:10184C00012AA002150126A002950175108100C085
:10185C0005010906A1018506050719E029E7150010
:10186C0025019508750181020507190029EF15005E
:10187C00250195F0750181020508190129059505C9
:10188C0075019102950175039101C00660FF096114
:10189C00A1010962150026FF009520750881020937
:1018AC0063150026FF00952075089102C0050109FB
:1018BC0006A101050719E029E71500250195087512
:1018CC000181029501750881010507190029FF1591
:1018DC000026FF00950675088100050819012905E9
:1018EC00150025019505750191029501750391016E
:1018FC00C000000100020001000300010002000111
:10190C0000040001000200010003000100020001BC
:10191C0000050001000200010003000100020001AB
:10192C00000400010002000100030001000200019C
:10193C00000600010002000100030001000200018A
:10194C00000400010002000100030001000200017C
:10195C00000500010002000100030001000200016B
:10196C00000400010002000100030001000200015C
:10197C000007000100020001000300010002000149
:10198C00000400010002000100030001000200013C
:10199C00000500010002000100030001000200012B
:1019AC00000400010002000100030001000200011C
:1019BC00000600010002000100030001000200010A
:1019CC0000040001000200010003000100020001FC
:1019DC0000050001000200010003000100020001EB
:1019EC0000040001000200010003000100020001DC
:1019FC000000000100000000402101000031002027
:101A0C0000310020003100204021010000000000C6
:101A1C000000000000000000402101000000000058
:101A2C000000000000000000402101000000000048
:101A3C000000000000000000402101000000000038
:101A4C000000000000000000402101000000000028
:101A5C000000000000000000402101000000000018
:101A6C000000000000000000402101000000000008
:101A7C00000000000000000001020030313233345D
:101A8C003536373839414243444546001603430046
:101A9C00490044004F004F00200051004B0036001D
:101AAC00310000001203520044004D00430054006A
:101ABC004D005A00540000000403090409025B00A5
:101ACC00030100A0FA09040000010301010009212F
:101ADC0011010001224400070581030800010904DB
:101AEC000100020300000009211101000122220063
:101AFC0007058203200001070503032000010904E8
:101B0C000200010300000009211101000122B600AE
:101B1C00070584032000011201000200000040B000
:101B2C003635300500010203014422B6B918010014
:101B3C0097180100E1170100DA1A0100F31A0100ED
:101B4C00131B0100FF0000005245454E54206D61EF
:101B5C006C6C6F632073756363656564656400000A
:101B6C002E2E2F2E2E2F2E2E2F2E2E2F2E2E2F2E84
:101B7C002E2F6E65776C69622F6C6962632F73749C
:101B8C00646C69622F72616E642E63002C20667522
:101B9C006E6374696F6E3A200000000061737365A8
:101BAC007274696F6E2022257322206661696C65E0
:101BBC00643A2066696C6520222573222C206C699E
:101BCC006E65202564257325730A0000232D302BA8
:101BDC0020000000686C4C006566674546470000B5
:101BEC003031323334353637383941424344454647
:101BFC000000000030313233343536373839616209
:081C0C0063646566000000003E
:081C14004805FF7F01000000FC
:101C1C00040C00200000000044110020AC11002036
:101C2C001412002000000000000000000000000062
:101C3C000000000000000000000000000000000098
:101C4C000000000000000000000000000000000088
:101C5C000000000000000000000000000000000078
:101C6C0000000000030000004411002000000000F0
:101C7C000000000000000000000000000000000058
:101C8C000000000000000000000000000000000048
:101C9C000000000000000000000000000000000038
:101CAC000000000000000000000000000000000028
:101CBC0000000000200000000000000000000000F8
:101CCC000000000000000000000000000000000008
:101CDC0000000000000000000000000000000000F8
:101CEC0000000000000000000000000000000000E8
:101CFC0000000000000000000000000000000000D8
:101D0C0008000000000000000000060000000000B9
:101D1C0000000000000000000000000000000000B7
:101D2C0000000000000000000000000000000000A7
:101D3C000000000000000000000000000000000097
:101D4C000000000000000000000000002000000067
:101D5C000000000000000400000000000000000073
:101D6C000000000000000000000000000000000067
:101D7C000000000000000000000000000000000057
:101D8C000000000000000000000000000000000047
:101D9C000000000000000000030000000000000034
:101DAC000000030000000000000000000000000024
:101DBC000000000000000000000000000000000017
:101DCC000000000000000000000000000000000007
:101DDC0000000000000000000000000000000000F7
:101DEC0000000000030000000000000000000200E2
:101DFC0000000000000000000000000000000000D7
:101E0C0000000000000000000000000000000000C6
:101E1C0000000000000000000000000000000000B6
:101E2C0000000000000000000000000000000000A6
:101E3C00060000005C0C0020A80C00200000000034
:101E4C0000000000D80D00208C0D0020400D00205B
:101E5C0000000000F40C0020000000000000000056
:101E6C00240E002059DB00003DDB00003FD90000B0
:101E7C00A9D30000C5D30000D5D30000280E002044
:101E8C0059DB00003DDB00003FD90000A9D3000066
:101E9C00C5D30000D5D300002C0E002095DB00002C
:101EAC0071DB00005DD9000005D4000029D40000CE
:101EBC0041D400004100410041004100410039057E
:101ECC001558000081D20000C1040100CF040100AC
:101EDC00DD040100EB040100F904010000FF00FF28
:101EEC00FF030000000000000000000000000000E4
:101EFC0000000000000000000000000000000000D6
:101F0C0000000000000000000000000000000000C5
:101F1C0000000000000000000000000003000000B2
:101F2C000000000033F5000000000000200000005D
:101F3C000000000000000000020000000000000093
:101F4C000000000000000000000000000000000085
:101F5C0000000000501800200400000004000000E5
:101F6C0020000000281400200000000000000000E9
:101F7C00880E00200000000000000000000000009F
:101F8C000000000000000000000000000000000045
:101F9C000000000000000000000000000000000035
:101FAC000000000000000000000000000300000022
:101FBC000000000033F500000000000008000000E5
:101FCC000000000000000000020000000000000003
:101FDC0000000000000000000000000000000000F5
:101FEC000000000050180020010000000400000058
:101FFC0008000000F81300200000000000000000A2
:10200C006C0E00200000000000000000000000002A
:10201C0000000000000000000000000000000000B4
:10202C0000000000000000000000000000000000A4
:10203C000000000000000000000000000300000091
:10204C000000000033F5000000000000200000003C
:10205C000000000000000000020000000000000072
:10206C000000000000000000000000000000000064
:10207C0000000000501800200200000004000000C6
:10208C002000000068130020000000000000000089
:10209C00500E0020FF02C8000000000000000000ED
:1020AC000000000000000000000000000000000024
:1020BC000000000000000000000000000000000014
:1020CC000000000000000000000000000000000004
:1020DC00030000000000000000000000F3F5000009
:1020EC0000002000000000000000000002000000C2
:1020FC0000000000000000000000000000000000D4
:10210C000000000000000000501800200300000038
:10211C000400000020000000B814002000000000A3
:10212C000000010001003C0002013201000001FF2F
:04213C00140000008B
:040000030000019167
:00000001FF
